Age,Experience,Income,ZIP Code,Family,CCAvg,Education,Mortgage,CreditCard,Securities Account,CD Account,Online,Personal Loan
32,6,114.67981719970705,94442,1,2.146489773046523,3,0,1,0,0,1,0
56,33,16.264928817749023,89848,3,1.3257742110748365,1,68,1,0,0,1,0
34,24,29.63033676147461,92503,2,0.1889695879203004,2,0,0,0,0,1,0
36,21,124.8892059326172,90222,2,0.320495396866144,1,0,0,0,0,0,0
33,10,29.03833770751953,94983,4,0.964335331112664,1,0,0,0,0,0,0
30,8,46.7548942565918,94363,4,1.3224360636991097,2,0,0,0,0,1,0
62,27,70.2076644897461,91881,1,1.8812915837241493,3,0,1,0,0,1,0
49,29,73.18832397460938,94465,3,1.4365295399103104,1,0,0,0,0,0,0
57,33,102.2278060913086,92962,2,3.100171112834189,2,0,0,0,0,1,1
55,28,14.880297660827637,94887,1,0.6304073035509303,2,0,1,0,0,1,0
30,2,18.41321182250977,93131,4,0.590528973380092,2,0,0,0,0,0,0
45,29,85.7491683959961,93703,1,0.4682694429724788,1,0,0,0,0,1,0
53,23,84.28652954101562,94926,1,2.4452593916459207,2,0,0,0,0,0,0
47,31,78.48329162597656,90366,2,1.0408928698482642,1,361,0,0,0,1,0
59,35,114.07039642333984,95194,1,2.217969319329891,1,0,0,1,0,0,0
59,34,37.31376647949219,94667,3,0.3539327743281583,3,0,0,0,0,1,0
60,24,72.53511047363281,90222,2,2.514357717290342,1,223,0,1,0,1,0
44,18,51.44215393066406,92614,2,3.10016539924762,2,128,1,0,0,0,0
43,10,116.64715576171876,92109,1,1.3067993298873786,1,0,0,0,0,0,0
34,12,45.24595642089844,91453,1,2.087590976414085,3,0,0,0,0,0,0
30,3,31.39108085632324,91998,1,0.8705930222133881,2,0,0,0,0,0,0
62,35,29.77255630493164,92568,2,0.2038986328695056,3,0,0,0,0,1,0
48,25,78.82132720947266,94191,4,1.5798987917486764,2,0,0,0,0,0,0
47,8,93.68988037109376,94196,2,0.3839403099463825,2,239,0,0,0,1,0
49,29,97.8543701171875,90182,3,1.4511884844144374,3,0,0,0,0,1,0
28,6,27.56204605102539,93849,1,0.7121829624298147,2,133,0,0,0,1,0
45,16,51.835243225097656,90613,2,2.033969584148742,2,0,0,1,0,1,0
54,37,88.18529510498047,95084,4,2.0636502765835427,1,0,1,0,0,1,0
40,13,37.630313873291016,95075,1,2.3862903089284235,2,0,0,0,0,1,0
61,35,66.06484985351562,92583,4,2.773161912513511,1,0,0,0,0,1,0
26,2,70.89532470703125,95383,1,0.7128870822370431,3,0,0,0,0,0,0
33,5,81.08128356933594,92239,1,2.1554554906791057,1,0,0,0,0,0,0
53,28,56.52110290527344,92210,1,0.1643952509889831,3,0,1,1,0,0,0
43,13,92.9037628173828,93045,4,1.7441558150938543,3,0,0,0,0,0,0
60,33,29.086559295654297,94084,4,0.5915092441351038,1,0,0,0,0,0,0
48,18,59.3011360168457,94343,3,0.8266129974703831,2,0,1,0,0,0,0
40,22,57.22289276123047,93935,3,1.7647145573699794,1,251,0,0,0,0,0
60,38,40.423973083496094,94049,3,0.4112755364572981,1,0,0,0,0,0,0
38,18,97.41078186035156,95278,3,0.7367613263281819,2,0,0,0,0,1,0
49,18,131.6016387939453,94900,1,3.938449353029076,1,0,0,0,0,0,0
53,22,29.38303565979004,95129,4,2.43182041906376,2,0,0,0,0,1,0
45,11,57.23057174682617,92890,3,1.3043738186102811,2,0,0,1,0,1,0
43,18,141.56126403808594,95921,2,7.897122528081003,1,0,1,0,0,1,0
56,28,183.84130859375,95337,1,5.045216689118847,3,130,1,0,0,1,1
54,29,99.37068939208984,90353,1,1.480842364302163,3,0,0,0,0,1,0
60,36,56.10763549804688,92036,3,1.9255258081729023,3,433,0,0,0,1,0
61,35,65.83253479003906,95030,3,0.6403350311005023,3,139,1,0,0,1,0
61,33,143.8266143798828,95337,1,2.8917380592676505,1,0,0,0,0,1,0
56,26,27.53557586669922,95167,2,0.1190744214816556,1,0,0,1,0,1,0
55,24,16.065082550048828,89827,3,0.4449539162777605,2,101,0,0,0,1,0
60,39,96.8006362915039,90222,4,0.211281198396069,1,0,0,0,0,1,0
61,32,28.236377716064453,91297,4,1.8988991109247264,3,0,1,0,0,1,0
60,35,151.28439331054688,91960,2,1.8933768007096203,3,0,1,0,0,1,0
60,28,48.22794723510742,91889,2,2.2951683817865964,3,265,0,0,0,1,0
53,20,139.844482421875,93062,1,1.9256318499469167,1,0,0,1,0,1,0
41,18,39.28306579589844,91368,2,1.1321442656127214,1,0,0,0,0,0,0
34,6,67.30533599853516,92983,2,2.186102267379132,3,121,0,0,0,0,0
34,17,132.17770385742188,94328,4,1.9427983391632344,2,125,0,0,0,0,0
27,4,49.22119140625,95779,3,0.197334898411279,2,0,0,0,0,0,0
55,29,84.74620056152344,94249,4,1.7392590828077978,2,0,0,0,0,1,0
54,15,81.7778091430664,92371,3,1.620669758858755,2,0,1,0,0,0,0
28,-1,38.7314682006836,92552,2,0.0795153191434333,3,0,0,0,0,1,0
38,9,110.89810943603516,93909,1,4.0968835646455934,3,0,0,1,0,0,1
54,31,164.4704132080078,90181,2,4.32838340399099,1,0,0,0,0,1,0
53,24,44.82366943359375,92583,1,0.172155477425988,3,164,1,0,0,1,0
25,3,46.50419998168945,90660,2,3.779285194857582,1,0,0,0,0,1,0
44,17,14.12544059753418,95533,3,0.1761241989366203,3,0,0,0,0,1,0
32,11,120.61351013183594,91700,4,3.40931764074438,1,0,0,1,0,0,0
61,33,99.64605712890624,94795,4,1.879521610271809,1,0,0,0,0,0,0
47,20,52.213375091552734,93504,2,0.2661780807131427,2,0,0,0,0,0,0
58,29,146.26263427734375,91124,2,0.3614484810007866,1,0,0,0,0,1,0
65,36,56.50179672241211,90392,4,1.4303546001329512,2,0,0,0,0,0,0
62,33,48.0088005065918,94514,3,2.02551270392028,2,0,1,0,0,0,0
61,35,14.734466552734377,93277,1,0.3067313301866464,3,0,0,0,0,1,0
43,19,207.24432373046875,94774,2,4.797072956955837,1,0,0,0,0,1,0
37,8,66.05110168457031,94045,1,3.715831993466251,2,0,0,0,0,1,0
36,5,17.94869613647461,94938,1,1.0716598230796055,1,0,1,0,0,1,0
38,14,58.637977600097656,95330,3,1.973377925111696,3,440,0,0,0,0,0
43,15,139.899658203125,90351,1,1.8189004597713396,1,0,0,0,0,1,0
60,31,165.49777221679688,89890,1,3.3163742066077138,2,0,1,0,0,0,0
51,24,10.886099815368652,91129,4,1.0458357058214602,2,106,1,0,0,1,0
30,3,65.54033660888672,90203,3,0.1758272445852654,2,101,0,0,0,1,0
30,7,56.96950149536133,91967,4,1.5783560956715004,1,0,0,0,0,0,0
44,15,25.273283004760746,94127,3,0.3408296062472501,2,100,1,1,0,1,0
40,17,27.31245803833008,90215,4,0.6966283538775421,1,0,0,0,0,1,0
56,30,44.415321350097656,92200,2,0.2502379953529112,2,100,0,0,0,0,0
63,37,130.76040649414062,91594,4,1.5599766521764518,1,0,0,0,0,0,0
40,17,124.2028350830078,91263,1,0.5455025632623964,1,0,0,0,0,1,0
48,23,39.40483856201172,91948,3,1.721230911519497,1,133,1,0,0,0,0
47,9,15.789308547973633,90915,3,1.241423290902844,2,0,0,0,0,1,0
62,39,80.7181167602539,95862,4,0.753821591889989,2,0,1,0,0,1,0
28,4,165.60769653320312,92307,2,2.408037916665217,1,0,0,0,0,1,0
52,35,58.10980987548828,92867,3,0.3180630468220187,2,198,0,0,0,1,0
42,16,62.33509826660156,94791,4,1.3966372434364756,1,0,0,0,0,1,0
24,3,126.90655517578124,94358,1,1.5474885205735287,1,155,0,0,0,1,0
33,10,62.66033935546875,90093,4,2.989270299521764,2,0,0,0,0,1,0
27,3,62.15081787109375,94337,1,0.959183101060557,1,0,0,0,0,1,0
55,29,37.681732177734375,94488,2,0.4511709590734579,2,0,0,0,0,0,0
62,31,25.290637969970703,91505,1,0.3839205233562544,2,0,0,0,0,0,0
44,16,37.22656631469727,95300,2,0.7160266942680065,3,0,0,0,0,1,0
40,8,61.87100982666016,91361,1,2.157163691738062,3,233,0,0,0,1,0
67,40,55.5994758605957,92639,2,0.2339264891179999,3,0,0,1,0,1,0
55,20,45.54863357543945,91032,3,1.623011684980237,1,0,1,0,0,1,0
62,32,114.42264556884766,90039,2,2.4551594250630173,1,0,1,0,0,0,0
42,16,45.34248352050781,94165,3,0.9073982354933776,2,0,1,0,0,1,0
62,28,18.985551834106445,94335,3,1.4237638809708275,1,0,0,1,0,1,0
64,39,40.60128402709961,95734,3,0.4831160971216618,1,0,0,0,0,0,0
28,8,23.39568901062012,91210,2,0.5563876679905402,2,0,0,0,0,1,0
54,14,133.09521484375,91824,3,4.2884229880294304,1,0,0,0,0,0,1
52,24,93.72315979003906,92197,1,1.3741221959793164,1,0,0,0,0,0,0
40,5,20.42390251159668,90946,4,0.1201405083125869,1,0,1,0,0,0,0
31,5,192.0904083251953,94277,1,3.5688530591544847,1,295,1,0,0,0,0
62,30,74.95115661621094,89895,3,0.67165978105499,3,0,0,0,0,1,0
54,32,56.38026809692383,93935,1,1.5469988992413433,1,351,1,0,0,0,0
61,37,118.23281860351562,94298,2,2.3652683309779103,1,0,1,0,1,1,1
52,26,55.18685150146485,90046,2,1.3571755316376706,3,224,0,0,0,0,0
40,12,38.86128234863281,89975,2,2.9287314476151494,2,0,0,0,0,0,0
39,15,31.130279541015625,94999,4,1.8051744637071965,2,86,0,0,0,1,0
57,36,129.003173828125,91304,2,1.4684796242238152,1,370,1,0,0,0,0
59,36,157.95558166503906,91958,1,0.7238775578270424,1,0,0,0,0,1,0
45,19,84.32449340820312,89728,2,0.4448863692245509,1,0,0,0,0,0,0
57,30,79.61770629882812,91644,1,0.7845404583654924,3,0,1,0,0,0,0
50,37,92.76628112792967,91231,2,2.678729053285724,1,521,0,0,0,0,0
54,28,51.727760314941406,93074,2,0.3170767488080139,3,0,0,0,0,0,0
32,8,28.79079818725586,95097,4,0.4128704075663252,2,0,0,1,0,1,0
54,22,48.96003723144531,91776,3,0.930219172707729,2,0,0,0,0,0,0
30,10,37.24323272705078,94834,2,0.4290020271155678,1,0,0,0,0,1,0
47,11,95.64694213867188,94255,2,2.1436417494926974,1,87,0,0,0,1,0
65,36,64.09365844726562,94049,2,1.150251122498775,1,156,1,0,0,1,0
62,35,90.06028747558594,93027,3,0.5579249170086689,3,0,1,0,1,1,0
57,32,33.24584197998047,92369,1,0.0973841043527079,3,0,1,0,0,1,0
52,24,102.01319122314452,90283,1,2.365006464079004,1,0,0,0,0,1,0
30,4,118.52429962158205,92814,2,2.181780286833365,1,0,0,0,0,1,0
37,13,83.63148498535156,95594,2,0.3024026981363572,2,0,0,0,0,1,0
44,26,63.70425033569336,91096,1,2.321709059458197,2,136,1,0,0,0,0
41,24,60.187721252441406,93021,4,2.9874079742027595,2,0,0,1,0,0,0
34,10,116.17276763916016,92334,4,2.7861340238963823,2,0,1,0,0,0,1
42,24,131.79595947265625,95902,2,4.054709078696177,1,0,0,0,0,0,0
50,19,111.6418914794922,91352,2,0.1750203529642978,1,0,1,0,0,0,0
42,11,68.83584594726562,94292,1,2.0134313508569357,1,0,0,1,0,1,0
47,23,48.24454879760742,94686,4,0.4837097348881389,1,0,0,0,0,0,0
54,30,24.738168716430664,91286,1,2.595846737167334,2,0,1,0,0,1,0
53,19,50.994171142578125,92723,3,1.5136300020483549,2,0,0,0,0,0,0
29,6,16.39490509033203,96380,1,0.7800296456682092,1,0,0,0,0,1,0
49,15,79.67770385742188,90472,3,2.0313826623044355,2,0,0,0,0,1,0
42,24,134.54043579101562,90291,3,9.007468622789842,1,0,1,0,1,1,0
28,11,147.71200561523438,94390,1,5.389985728291327,1,176,0,0,0,0,0
57,39,127.63654327392578,95690,1,1.0431079042410956,1,0,1,0,0,1,0
30,4,30.968595504760746,92860,4,1.0625254385649414,3,217,0,0,0,0,0
54,28,61.72060775756836,90332,4,1.3748823599927664,2,0,0,0,0,0,0
63,37,175.843505859375,94237,3,5.53197214332844,3,0,0,0,0,0,1
26,4,96.15817260742188,91509,4,2.8361001287920384,1,0,0,0,0,1,1
61,38,22.485519409179688,94924,2,2.1132420330035773,3,0,0,0,0,0,0
57,38,52.421512603759766,91159,2,1.1462942805597167,3,0,1,0,0,1,0
25,7,102.12541961669922,92819,3,1.6405551616247895,2,0,0,0,0,0,0
58,32,135.109375,91699,1,1.357254238199836,1,196,0,0,0,1,1
34,14,44.842769622802734,94030,2,1.9795702897940848,3,129,0,0,0,0,0
53,32,26.70122337341309,93634,3,2.1494550151484284,2,0,0,1,1,1,0
60,31,38.05428695678711,92267,4,1.018708035511276,1,0,0,1,0,0,0
34,8,172.3553924560547,93904,1,1.70642750859338,1,0,1,0,0,1,0
49,32,164.6121063232422,92307,1,0.3870628224309774,2,0,0,0,0,1,1
54,23,29.8648738861084,92694,4,1.0525745575348335,1,0,1,0,0,1,0
26,-1,74.79424285888672,94268,2,1.7839243101349684,3,0,0,0,0,1,0
27,1,39.45792388916016,90246,2,0.1120404626279461,1,0,0,0,0,0,0
62,36,63.36428451538086,93950,1,0.8724715891542183,3,0,1,0,0,0,0
41,22,169.96568298339844,95052,3,5.661495570699133,3,192,1,0,0,1,1
63,40,125.78678131103516,94500,3,0.6853167046915754,3,0,0,0,0,0,1
54,30,70.77771759033203,91262,4,1.495316763486032,3,0,0,0,0,0,0
28,5,133.44546508789062,95882,4,2.097433349911785,1,0,1,0,1,1,0
32,8,44.83474349975586,95650,3,0.6336568197091714,1,277,1,0,0,0,0
27,15,177.50401306152344,90659,1,4.56060526819112,3,0,0,0,0,0,1
47,22,64.39961242675781,91287,3,0.4819782197113866,3,0,0,0,0,0,0
32,5,82.0296401977539,95260,2,1.9570142030219024,1,0,0,0,0,0,0
59,27,98.21236419677734,91326,2,2.225305090645703,1,163,0,0,0,1,0
62,20,170.16033935546875,94396,2,2.281371339276798,1,0,0,0,0,1,0
46,30,35.812278747558594,95273,2,0.9202991989393436,1,0,0,0,0,1,0
39,14,136.8915252685547,93222,2,2.716716410204814,2,0,0,0,0,1,1
25,5,199.77378845214844,92157,1,3.654455554502895,3,456,0,0,0,0,1
64,36,103.18115234375,94348,4,2.727899834984434,2,288,0,0,0,0,1
45,16,105.59861755371094,94619,1,0.5554322585236748,1,0,1,0,0,0,0
37,17,48.620582580566406,94510,1,2.404830561386751,2,0,0,1,1,1,0
51,27,27.61475372314453,94420,3,1.434284208214967,2,111,0,0,0,1,0
62,35,55.490028381347656,94337,2,0.5776193768549194,3,100,1,0,0,0,0
44,21,93.54466247558594,90477,1,4.307194583289109,3,0,1,0,0,0,0
31,5,110.9093017578125,91094,1,1.6320843464012862,1,263,0,0,0,0,0
59,32,39.71797180175781,91928,2,1.860320456279916,3,0,0,0,0,0,0
40,18,94.10489654541016,93403,1,2.7655666514344093,1,0,0,0,0,1,0
28,15,112.0320053100586,94462,1,2.09718838017772,3,0,0,0,0,0,0
28,3,129.455322265625,94172,2,4.7816844858597705,3,266,1,1,1,1,1
40,12,58.092262268066406,94115,3,0.0887319100631964,2,225,0,0,0,1,0
60,37,79.36537170410156,92757,4,1.9679689025656475,3,0,0,0,0,0,0
56,35,66.03998565673828,91877,2,0.2889271053870468,1,0,0,0,0,1,0
30,4,64.75759887695312,91901,2,1.7040583841978256,2,0,0,0,0,0,0
59,17,71.38409423828125,92067,3,2.8153619224379858,1,0,0,0,0,0,0
62,37,141.04925537109375,91380,3,1.3939304470811529,3,0,0,0,0,0,0
62,33,122.5119857788086,93048,4,1.0769585641159347,1,0,0,0,0,1,0
56,34,85.33387756347656,89744,4,1.706922490642072,3,0,0,0,0,0,0
39,5,43.32980346679688,91356,2,2.9366514823380108,2,199,0,0,0,0,0
50,33,29.222702026367188,92277,1,1.059158390995852,1,93,0,0,0,1,0
39,17,77.30967712402344,92707,1,0.5949717274434416,1,0,1,0,0,0,0
41,21,23.60681915283203,93969,1,0.1509193143013052,1,0,0,0,0,1,0
39,19,201.6402587890625,94221,3,4.893963473578056,1,0,1,0,0,0,0
33,13,65.19432067871094,94232,1,5.7139637511688175,3,0,0,0,0,1,0
45,20,47.67812347412109,94329,3,0.1661547696683194,3,0,0,1,0,0,0
45,28,38.147254943847656,92959,3,0.1151599355918419,2,0,1,0,0,1,0
34,17,60.3941650390625,91297,2,1.7088300649537127,1,0,1,0,0,0,0
53,22,26.573469161987305,91467,2,0.196000922259698,1,0,1,0,0,1,0
30,7,103.69478607177734,94205,2,1.6080444369737492,1,0,1,0,0,1,1
42,15,127.58872985839844,92060,1,1.9582552988499933,3,0,1,0,0,0,0
59,33,39.987525939941406,93153,4,0.8344056922419023,1,0,0,0,0,1,0
48,11,65.29487609863281,91022,4,0.3992516207251906,1,0,0,0,0,0,0
53,22,143.87977600097656,90137,2,0.4519999622246785,1,162,1,0,0,0,0
65,32,83.39079284667969,94603,1,1.2802345592363116,3,242,0,0,0,0,0
40,16,145.4902801513672,96493,3,1.8757558423619571,1,0,0,1,0,1,0
31,22,49.902225494384766,95973,2,0.5227962553267073,1,0,0,1,0,0,0
46,28,43.864166259765625,92365,4,0.9086350655297288,1,120,0,0,0,0,0
57,33,45.011329650878906,92840,2,0.4275893741466106,1,0,0,0,0,1,0
34,10,33.966407775878906,94610,2,2.4659844623521763,3,0,0,0,0,0,0
60,32,37.66703796386719,91610,3,3.216226873015721,1,0,0,0,0,0,0
40,25,37.00569152832031,95663,4,0.2387081976782579,3,142,0,0,0,1,0
58,39,38.71500396728516,94697,1,0.7104573733382137,3,0,0,0,0,1,0
50,25,44.840553283691406,93923,1,0.8594817385189457,2,0,0,0,0,1,0
29,7,64.27681732177734,90278,1,2.116693927446626,1,0,0,1,0,1,0
26,5,46.02978897094727,94898,2,3.9126444389141897,2,0,1,0,0,1,0
39,22,48.57946014404297,95507,3,0.5685682798726455,2,112,1,1,1,1,0
55,26,30.92737579345703,92664,3,0.4700334103459238,2,154,0,1,0,0,0
63,36,43.62318420410156,89643,1,0.8870416599806172,3,0,1,0,0,1,0
65,39,82.46627044677734,92140,3,1.0096767660033483,1,0,1,0,0,1,0
59,34,48.00229263305664,95576,4,1.7622262335459102,3,0,0,0,0,1,0
30,2,70.79315185546875,91108,1,2.3468189083965783,2,0,1,0,0,1,0
36,12,69.27978515625,94049,3,3.465088529797544,1,0,0,0,0,1,0
55,19,41.58651351928711,90088,2,0.822799705410255,2,0,0,1,0,0,0
62,37,99.72344970703124,94258,2,2.802527482633216,1,142,0,0,0,1,0
57,35,74.17829132080078,90334,2,1.0394327939549064,1,0,0,1,0,0,0
57,34,55.97453689575195,92378,4,1.018445439034051,3,0,0,0,0,1,0
49,22,60.81260681152344,92119,4,0.0679714417856642,1,0,0,0,0,0,0
53,30,29.176231384277344,95288,1,1.5527813606865686,2,0,1,0,0,1,0
44,23,41.45346450805664,91943,4,1.156850126710632,3,112,0,0,0,0,0
55,24,38.734161376953125,90217,3,0.1592204642091541,1,0,1,0,0,0,0
55,19,69.31317138671875,90627,1,3.9793372152924418,1,0,0,0,0,1,0
41,15,95.69629669189452,90480,1,2.271498099316778,1,247,0,1,0,1,0
29,12,48.030006408691406,93017,4,1.77310807768972,1,236,0,0,0,0,0
30,2,56.03742980957031,93978,1,0.2695911931951806,2,0,0,0,0,0,0
39,20,61.938743591308594,95836,3,0.0548604102739835,1,0,1,0,0,0,0
30,4,161.80824279785156,93622,2,4.51047912685859,1,113,0,0,0,1,0
62,39,42.656005859375,95227,3,0.057016211077096,1,88,0,0,0,1,0
49,34,46.718631744384766,90616,4,0.6855682898019968,2,0,0,1,0,1,0
31,6,42.68490219116211,93834,1,0.5276830903269207,1,0,0,0,0,1,0
28,4,76.80079650878906,92634,1,0.7381607568794669,1,0,1,0,0,0,0
38,21,92.41280364990234,92538,2,4.604152443933628,1,0,0,1,0,1,0
39,3,72.21882629394531,91978,2,0.1152964864617805,1,0,0,0,0,0,0
65,39,50.07067108154297,96150,2,3.681418277640641,2,0,0,0,0,0,0
51,24,33.47863006591797,90116,1,1.4684981581080192,1,0,0,0,0,1,0
49,29,58.303001403808594,94107,4,2.286725090628893,1,0,0,0,0,0,0
59,31,80.1617660522461,91306,3,1.7653223101597884,1,0,1,0,0,0,0
54,32,39.6319465637207,90546,4,1.3465150512610935,3,0,0,0,0,1,0
33,6,81.81277465820312,91730,1,1.3335193514313752,3,411,0,0,0,1,0
59,35,48.44789505004883,90165,4,1.225820923606166,1,172,1,1,0,1,0
63,37,46.03318786621094,89759,4,1.5921341152495596,2,86,0,1,0,1,0
47,23,164.7787628173828,94532,2,3.1185720901953777,1,0,1,0,0,0,0
42,30,85.36260223388672,90215,1,1.8216555016756375,2,0,1,0,0,0,0
31,6,35.76445007324219,93701,4,2.1778954989814783,2,0,0,0,0,1,0
32,1,18.071577072143555,94332,4,0.3303010610000894,2,114,0,0,0,0,0
26,2,67.94960021972656,94333,4,0.7743867706940357,3,0,0,0,0,0,0
32,10,34.859764099121094,94910,2,1.423397349681327,3,0,1,0,0,1,0
64,37,73.50279998779297,90818,4,1.3282889244523577,2,0,0,0,0,0,0
29,13,82.8739013671875,93811,3,1.7822667931254976,2,0,1,0,0,1,0
66,40,54.92340469360352,94576,1,1.6586725923232166,3,0,1,0,0,1,0
62,37,28.399873733520508,96387,4,0.7807455940511953,3,0,0,0,0,0,0
29,2,63.35653305053711,89880,4,2.5734503464363034,1,0,1,0,1,1,0
43,28,34.12939453125,95657,1,0.14662546561323,3,0,0,0,0,0,0
57,34,53.90780258178711,94056,2,2.260984508081599,3,0,0,0,0,1,0
63,38,70.82026672363281,94383,4,0.1964660409002913,3,0,0,0,0,1,0
38,17,26.457416534423828,93907,1,1.7689745594140398,3,0,1,0,0,0,0
48,20,35.41884231567383,95415,3,0.2995026588684908,2,0,0,1,0,1,0
47,16,164.77047729492188,90070,1,4.22086060257303,1,386,1,0,0,0,0
55,24,26.002500534057617,92941,4,0.7770335742946118,3,149,0,0,0,1,0
58,24,116.79798126220705,94177,1,0.8253886665943694,3,0,1,0,0,0,0
47,25,66.77184295654297,94611,2,0.2464959459145904,3,0,0,0,0,1,0
40,18,72.59052276611328,90165,4,0.4358343776793024,1,0,0,0,0,0,0
49,27,60.2137336730957,94467,4,2.066198072929556,3,0,0,0,0,0,0
28,5,129.69700622558594,91257,4,3.752633803908426,2,0,0,0,0,0,1
38,15,129.74887084960938,91391,2,2.726314047577967,3,0,0,1,0,1,1
64,40,58.7872314453125,92889,1,0.7260987422411046,1,0,1,0,0,0,0
35,18,65.61018371582031,92751,1,2.779622929056236,1,0,1,0,0,1,0
42,15,87.94451141357422,93927,1,3.1499715054761763,3,0,0,0,0,1,0
61,28,96.36668395996094,91375,2,8.20775033164879,1,0,0,1,0,0,0
41,15,86.27930450439453,91670,1,1.590021076678447,2,0,0,0,0,1,0
27,1,25.392152786254883,92610,4,1.9350822985035927,3,0,0,0,0,0,0
28,1,113.92053985595705,94042,2,2.29169516238747,1,0,0,0,0,0,0
54,31,68.0076904296875,94332,3,0.4001838961289334,1,0,1,1,1,1,0
39,24,204.47488403320312,90626,2,7.45947417615273,1,0,0,0,0,1,0
59,29,74.02652740478516,92787,4,1.3858776991990451,3,0,0,0,0,0,0
61,33,45.36195755004883,93143,3,1.5351176428679418,3,151,0,0,0,1,0
46,10,45.95456314086914,95064,4,2.406134753558847,2,106,1,0,0,1,0
60,25,62.43318557739258,91682,3,0.749241895516692,1,0,1,0,0,0,0
43,25,102.02645874023438,94396,2,0.443202836506558,3,0,0,0,0,1,0
35,15,48.98541259765625,93770,3,0.7701468863383453,2,145,0,0,0,1,0
37,9,102.66854095458984,92912,2,0.617934096607204,1,0,1,0,0,0,0
42,16,142.46694946289062,94968,2,2.9412155313209816,1,0,0,0,0,1,0
57,22,40.87110137939453,91276,4,1.0689652965715222,2,102,0,0,0,0,0
46,22,146.0810546875,92569,1,2.389203026228999,1,0,1,0,0,1,0
44,20,75.18621063232422,91194,1,0.1589202666614534,3,0,0,0,0,0,0
28,1,45.31361389160156,94652,4,0.1764822009236084,3,0,0,0,0,1,0
28,3,73.91386413574219,94730,4,2.467416567092003,3,0,0,0,0,0,0
58,26,60.417022705078125,89929,4,1.7817473280894178,2,82,0,0,0,0,0
59,20,37.365867614746094,90598,2,0.5527250182507089,3,262,1,0,0,0,0
36,19,177.3065948486328,94664,1,7.128580729328854,3,0,0,1,0,0,1
57,32,50.40421295166016,94507,2,0.1977938560944805,2,0,1,0,0,0,0
51,25,35.241397857666016,92092,2,2.053474018587824,3,142,0,0,0,1,0
50,25,47.31388854980469,94168,1,0.3291981723568087,2,0,0,0,0,0,0
28,1,139.87796020507812,90108,4,2.161190516066211,3,0,0,0,0,0,0
44,17,66.44625854492188,94690,1,0.3181054200288938,1,142,0,0,0,0,1
53,33,169.7462615966797,90298,1,2.657627711493781,2,0,1,0,1,1,1
64,39,59.8570671081543,93701,1,0.7904542459657017,2,0,0,0,0,0,0
42,27,52.90455627441406,94744,2,1.771153352511199,2,0,1,0,0,1,0
50,22,16.312469482421875,92157,4,0.1464230719264146,3,0,0,0,0,0,0
48,24,159.57852172851562,95178,4,7.211485550386849,1,0,0,0,0,1,0
48,27,44.19868469238281,94137,4,0.3417041458642855,1,0,0,0,0,0,0
47,15,22.01450729370117,95737,4,0.4989907582268496,1,0,0,0,0,0,0
39,11,26.887191772460938,95435,4,0.5293677786661177,2,87,0,0,0,0,0
43,21,34.69243621826172,90361,2,1.594380886611102,3,0,0,0,0,0,0
61,37,36.22234725952149,94432,3,1.7450956759802143,2,0,0,0,0,1,0
57,22,117.0492172241211,95010,3,7.6364927539456655,1,0,1,0,0,1,0
32,0,33.53094482421875,92227,2,1.0545208743937888,3,0,0,0,0,1,0
30,17,64.365478515625,90168,4,1.7572881804635818,2,0,0,0,0,0,0
33,16,71.42945098876953,95971,4,1.7821092883535687,2,92,0,0,0,1,0
38,15,88.54488372802734,92735,2,2.738012421641869,1,0,1,0,0,0,0
62,37,51.10224533081055,92986,2,0.9628307518429866,2,0,1,0,0,1,0
29,29,66.41215515136719,94658,4,1.1779211239904628,1,97,0,0,0,1,0
57,31,60.93857955932617,90101,1,0.1106784634364537,2,0,0,0,0,0,0
57,23,31.880714416503903,91018,4,2.1722454824972446,3,0,0,0,0,1,0
27,4,119.65987396240234,94827,1,2.749273693602992,3,0,1,0,0,0,1
58,37,162.50534057617188,92307,1,0.4160053671183942,1,0,0,0,0,0,0
53,27,89.16242218017578,95419,4,2.0788765106982674,1,0,1,0,0,0,0
54,22,33.792877197265625,93101,4,2.6392698278022904,1,151,0,0,0,1,0
56,30,45.99705505371094,94313,1,0.1309021631814323,3,0,0,0,0,1,0
49,21,80.6022720336914,95365,2,0.1345528691017895,2,0,0,0,0,1,0
36,15,68.25953674316406,91927,2,3.0545513154531365,2,0,1,1,0,0,0
55,22,111.17350006103516,90417,2,3.70837799137228,1,0,1,0,0,1,0
27,1,27.09931945800781,94377,4,1.0004860988412356,2,0,0,0,0,1,0
44,30,123.27206420898438,94439,2,1.9338920489656468,1,0,0,0,0,1,0
51,29,25.489717483520508,94997,1,0.1372873134424824,1,0,1,0,0,0,0
32,5,29.981897354125977,90260,4,1.8585903231851295,2,0,0,0,0,1,0
32,15,102.04432678222656,92928,3,1.5352564721515076,1,232,0,0,0,1,0
38,11,55.29397964477539,94275,2,2.2763108952105133,2,0,1,0,0,0,0
35,13,37.82161712646485,92141,4,0.4480437309012593,1,0,0,0,0,0,0
62,28,74.808349609375,92431,2,2.670052866017131,3,0,0,0,0,1,1
29,10,46.368106842041016,94285,1,1.7154947282177802,3,0,1,0,0,0,0
62,39,17.17504119873047,91569,2,1.4160972473502094,2,0,1,0,0,0,0
34,19,117.7442398071289,94405,2,2.2181759754506456,1,0,1,0,0,0,0
38,25,20.797754287719727,91804,1,0.4334035655521847,1,0,0,0,0,1,0
30,7,180.8280334472656,95026,2,0.2231030246577533,1,0,0,0,0,1,0
35,4,90.13912200927734,91975,2,0.5052615797044029,1,0,0,0,0,1,0
48,22,24.43703842163086,91935,1,3.497969849163839,1,74,0,0,0,0,0
58,27,125.52183532714844,92304,1,0.1910735106067654,2,124,0,0,0,0,1
59,34,80.65746307373047,91914,3,1.8631839538785724,2,0,1,0,0,1,0
38,15,104.31412506103516,95001,1,2.394501968631698,1,0,0,1,0,1,0
58,36,29.88083267211914,92968,1,0.0244961733474731,3,0,1,0,0,1,0
63,39,81.89958190917969,94197,1,0.1892070015790095,2,0,0,0,0,1,0
44,28,54.71282196044922,90255,1,0.1764694625861539,3,0,0,0,0,0,0
59,40,20.074594497680664,94884,2,0.6824934315734585,1,0,0,0,0,1,0
36,15,131.8414306640625,95246,1,3.212656637849728,1,0,0,0,0,0,0
43,20,27.559579849243164,94853,1,0.7095549127270295,3,0,0,0,0,1,0
26,3,96.19696044921876,94904,3,1.7006348021258828,2,0,0,0,0,1,0
32,7,18.354572296142575,94007,1,0.5474584060321741,2,0,0,0,0,0,0
44,17,155.36343383789062,90316,2,1.0150053344002945,1,0,0,0,0,1,0
47,24,53.28513717651367,91895,4,0.1314252165101622,2,0,0,0,0,0,0
27,5,49.32674789428711,93384,4,1.6121261065834775,1,123,0,0,0,0,0
33,2,22.41701889038086,94314,3,0.2327556626749619,2,0,0,0,0,1,0
33,7,120.3431167602539,95721,1,0.7131300028371443,2,141,0,0,0,1,0
50,23,15.666658401489258,92744,1,0.3514056727870518,3,116,0,0,0,1,0
62,37,144.4493865966797,90378,2,7.290584112347279,1,0,1,0,0,1,0
61,35,176.48135375976562,90059,2,4.065177431108388,1,0,0,1,0,1,0
44,25,79.35114288330078,90479,2,6.341114177740396,1,0,0,0,0,1,0
46,32,50.116188049316406,91762,3,2.0285780010457284,1,0,1,1,1,1,0
51,22,57.9030876159668,89979,1,0.0150765505215333,2,0,0,0,0,1,1
58,31,33.190208435058594,92974,2,2.2846156704992326,3,0,0,0,0,0,0
55,29,98.72238159179688,92943,4,4.499955283776164,1,0,1,0,0,0,0
58,39,124.65184020996094,89855,2,7.359339470449367,1,0,0,0,0,1,0
25,-1,166.88731384277344,95644,1,1.5887894610317368,1,0,1,0,0,1,0
28,1,118.46319580078124,91530,1,3.3242435425094774,2,242,0,0,0,1,0
34,9,79.95126342773438,93177,3,3.2854088350440507,2,107,0,0,0,0,0
63,41,50.47101211547852,93739,4,1.7319388350177858,1,0,0,0,0,0,0
38,16,178.8341827392578,94769,2,4.739900304341782,1,0,0,0,0,1,0
42,19,52.88822555541992,91386,3,1.4915534607962404,2,0,1,0,0,1,0
45,16,50.714599609375,93364,4,0.9637684864532106,3,0,0,1,0,0,0
46,21,38.56976318359375,91332,4,0.291042868507962,2,0,0,0,0,0,0
59,41,18.555892944335938,94375,3,0.3095346387220368,1,0,0,0,0,0,0
44,28,114.4988784790039,90196,2,2.2719564398610843,2,259,0,0,0,1,1
33,9,96.02742767333984,92465,1,0.0186081438692715,1,0,1,0,0,0,0
35,10,40.988555908203125,95341,3,2.479814481188209,2,0,0,0,0,1,0
58,24,105.75152587890624,93057,4,1.9424585168139783,3,0,0,0,0,0,0
51,19,55.29188919067383,96164,4,2.045764556794241,2,0,1,0,0,0,0
59,29,83.27668762207031,94797,2,1.4405743387483705,3,0,0,1,0,1,0
51,28,134.0579833984375,91104,1,3.2536696529626883,2,0,0,1,0,0,1
34,5,44.03936004638672,94372,4,1.950706979817053,3,82,0,0,0,0,0
31,1,66.54545593261719,94841,3,2.03724851368058,1,145,0,0,0,1,0
45,30,87.36321258544922,94963,4,4.662008061364637,2,0,1,0,0,1,0
50,8,55.00334167480469,96345,1,0.986496204464039,3,0,0,0,0,0,0
41,17,111.02134704589844,91779,1,2.1462994066693795,1,230,1,0,0,0,0
62,36,33.63869094848633,90236,1,1.8548332275980663,2,0,0,0,0,1,0
47,19,21.070167541503903,92575,4,0.9708445890181092,3,0,0,0,0,0,0
54,20,116.91775512695312,94792,1,0.1495052416198915,1,0,0,0,0,1,0
50,31,41.0355110168457,91190,3,2.242782719906504,2,0,1,0,0,0,0
50,23,59.3034782409668,90320,1,1.9581946016281395,3,0,0,0,0,1,0
59,35,11.449125289916992,96639,3,1.453243558427579,1,0,0,1,0,0,0
38,10,25.695491790771484,90096,4,0.4244849579496855,3,115,0,0,0,0,0
29,2,18.252748489379883,92177,4,1.585618181059547,1,0,1,0,0,1,0
32,13,84.65701293945312,94149,1,0.4060759441135239,2,0,0,0,0,0,0
40,16,69.72418212890625,95829,4,3.3535502150120395,3,0,0,0,0,0,0
58,31,47.26274871826172,91188,4,0.1785980934793175,3,0,0,0,0,1,0
43,15,162.50013732910156,92398,4,6.653639663125758,2,0,0,0,0,0,1
64,40,17.456485748291016,90310,3,0.3098521504120765,2,0,0,0,0,0,0
56,30,43.14063262939453,90357,1,2.0467800629215493,2,0,0,0,0,0,0
56,37,73.62190246582031,95696,1,1.2640772585181357,3,217,0,0,0,1,0
28,1,51.59595489501953,94700,3,1.0256985862810166,1,227,0,0,0,1,0
48,27,19.502609252929688,95674,2,2.7381131768127216,1,0,0,0,0,1,0
53,28,76.41925048828125,92448,2,0.9972559180767784,3,0,0,0,0,1,0
47,22,112.96025848388672,91266,3,3.2737676833107745,1,186,0,0,0,1,1
57,22,61.56720733642578,90470,1,2.398848793068428,1,0,0,0,0,1,0
60,38,105.53709411621094,91392,1,2.0803904484909213,3,0,0,0,0,0,0
48,20,115.6378936767578,95543,2,1.67539854545521,1,0,0,0,0,1,0
33,14,110.13839721679688,91564,3,7.067230792464616,2,0,1,1,1,1,1
42,17,148.0342254638672,92625,1,1.7754005905276085,1,0,0,0,0,1,0
26,2,93.67283630371094,90931,3,2.19138498524561,1,112,0,0,0,0,0
54,30,138.66676330566406,91101,4,1.110435885050002,1,0,1,0,0,1,0
24,-1,101.51846313476562,95984,4,5.9051906357318265,1,195,0,0,0,1,0
54,29,21.495210647583008,92397,2,0.4034886676181835,3,102,0,0,0,1,0
57,37,56.51991271972656,95041,2,3.2805423523730206,3,0,0,0,0,1,0
43,13,46.47730255126953,91224,3,1.7714854096909904,1,0,0,0,0,1,0
42,20,75.44415283203125,95907,3,0.6320586523521701,1,0,0,0,0,1,0
36,11,26.223285675048828,94138,2,2.177785060808217,2,104,0,0,0,0,0
47,26,102.7546615600586,94129,2,0.7470616710821905,2,148,0,0,0,0,0
53,26,130.87802124023438,91846,1,3.6882526728335496,1,0,0,0,0,1,0
54,33,26.41813087463379,94686,3,0.2617676918672207,1,0,0,0,0,1,0
48,12,78.36709594726562,91886,2,0.1775718497713651,1,0,1,0,0,1,0
39,9,109.83413696289062,94405,4,1.8358575025885735,1,0,0,1,0,1,0
34,18,36.04528045654297,93655,4,1.6602771627237198,2,0,1,0,0,1,0
53,29,35.215171813964844,94794,3,0.3174213450478793,2,184,0,0,0,1,0
27,3,47.45809173583984,91987,2,1.0751140180068677,3,0,0,0,0,0,0
39,7,20.10485076904297,92346,2,0.832202316172963,2,0,0,0,0,0,0
43,17,25.39728355407715,91154,1,0.8242548539973394,3,0,1,1,0,0,0
48,34,99.8280029296875,91825,4,2.1154935595296003,1,0,0,0,0,0,0
54,28,100.20075988769533,90973,1,0.624057066126307,1,0,0,0,0,1,0
36,8,16.63665771484375,92072,2,0.8181915253437305,3,0,1,0,0,1,0
38,11,52.48456573486328,94454,3,1.6312336107568373,1,0,1,0,0,1,0
32,21,75.39418029785156,90203,4,2.090440717794458,2,0,0,0,0,0,0
34,15,21.39273452758789,92381,4,0.5738597546767643,2,0,0,0,0,0,0
37,3,51.73405456542969,95476,2,0.5092594533517851,1,249,0,0,0,0,0
31,10,117.29688262939452,91973,4,0.5420994473795369,1,156,0,0,0,0,0
50,19,142.5475616455078,92793,1,3.173827047828504,1,0,1,0,1,1,0
38,-1,36.3116455078125,94095,4,1.562155245321101,2,0,0,0,0,1,0
35,11,113.01200103759766,94824,3,1.845956533663001,1,0,1,1,1,0,0
43,29,105.18572235107422,90339,1,0.4092593168334607,3,0,0,0,0,0,1
51,27,23.07326316833496,91954,3,0.9284669822229056,2,277,1,0,0,0,0
34,12,83.67435455322266,91357,3,4.390140255402969,1,93,0,0,0,1,0
49,19,32.630455017089844,89950,4,0.8989731621582076,1,79,0,0,0,1,0
44,26,19.990131378173828,94171,2,3.226255092498173,2,0,1,1,0,1,0
59,23,26.74687767028809,91819,1,1.9871839944381144,1,251,0,1,1,1,0
49,5,92.42498016357422,91404,4,1.1978674800057276,3,0,0,0,0,0,0
30,6,69.36885833740234,90254,1,3.759925425294984,3,0,0,0,0,1,0
54,34,34.59172821044922,95415,1,0.77722589604031,2,0,0,0,0,0,0
59,34,53.75990676879883,92603,1,0.432323216472263,2,0,0,1,0,1,0
31,10,55.38565826416016,94503,4,3.0614868374416497,2,0,0,0,0,1,0
65,34,72.15382385253906,91982,3,4.1846277281615984,1,0,0,0,0,0,1
57,33,37.899261474609375,92626,4,1.7406147066991255,3,0,1,0,0,1,0
41,20,151.13345336914062,92480,4,3.0319709776253023,2,0,0,0,0,1,1
51,23,99.99126434326172,94633,2,1.2665103928312225,2,413,1,0,0,1,0
52,24,23.260576248168945,94428,1,0.7163879425338344,2,106,0,1,0,1,0
48,19,110.37325286865234,94007,1,0.6895208990177548,1,0,1,0,0,1,0
51,31,47.18364715576172,90032,3,0.5107840682749076,2,0,1,0,0,1,0
30,3,40.7122688293457,95757,3,0.7048388627156116,3,0,1,1,0,1,0
42,18,50.71324920654297,94233,4,0.6043054190647217,2,0,0,0,0,1,0
54,18,18.37154769897461,94497,3,0.2967753018968204,1,141,0,0,0,1,0
27,3,59.67094421386719,96197,4,3.318711688709429,3,247,1,0,0,1,0
58,34,153.8402557373047,92133,2,2.4680908095822582,1,0,1,0,0,1,0
30,4,23.89654922485352,92644,1,0.4813128312712774,3,100,0,1,0,0,0
42,21,57.725135803222656,90434,2,2.006673773632108,3,0,1,1,0,1,0
42,29,57.30149841308594,94457,3,1.9215079787616496,2,227,0,0,0,1,0
46,21,62.23472213745117,90162,1,0.6276751816025474,1,0,1,1,0,0,0
59,34,71.32432556152344,93098,2,1.9354680457043032,1,214,0,0,0,1,0
42,14,147.20230102539062,94747,3,5.06687046981151,1,383,0,0,0,0,1
64,40,48.670654296875,94321,4,0.8115978342997042,2,103,1,0,0,1,0
63,35,59.429805755615234,91896,1,2.473537944361684,1,227,0,0,0,0,0
49,21,105.88169860839844,90597,1,2.702449677212918,1,92,0,0,0,1,0
58,35,72.31494140625,91108,4,0.2389477450668012,2,107,0,0,0,0,0
36,16,31.846179962158203,90580,2,0.2962953620663909,2,214,0,0,0,1,0
55,29,15.37647819519043,92228,1,0.7879819217153277,2,0,1,0,0,1,0
49,24,79.11666870117188,94854,4,0.1946610197854772,3,0,0,0,0,0,0
31,3,67.62002563476562,93781,4,1.9245847193921972,3,115,0,0,0,0,0
53,32,33.56139373779297,92130,1,0.1992683524964402,2,0,0,0,0,0,0
43,12,126.1712875366211,91297,3,6.246674160126272,1,0,0,0,0,0,1
49,9,149.0355224609375,94635,2,3.0442111287870333,1,0,0,1,0,0,0
44,22,64.92110443115234,91829,1,0.3275226951193262,3,0,1,0,0,0,0
63,31,42.33072662353516,95033,4,0.4073979305291432,2,0,0,1,0,0,0
57,19,33.53203582763672,92891,3,1.1879258245882105,1,0,0,0,0,1,0
57,36,26.36551284790039,90278,2,0.2224280816334962,3,105,1,0,0,0,0
66,39,70.32235717773438,89940,3,0.1968469536598586,1,0,0,0,0,0,0
31,4,71.70298767089844,92953,1,2.1042683436609355,2,0,0,0,0,0,0
30,9,18.669286727905277,96114,4,0.6312530100479616,1,0,1,0,0,1,0
66,40,67.21232604980469,90220,2,2.804646940144686,1,0,1,0,0,0,0
55,31,69.74508666992188,92154,2,2.030735075401642,2,76,0,0,0,1,1
50,32,184.0076141357422,93001,2,0.5277690521911533,1,250,0,0,0,1,0
34,22,191.94847106933597,94146,2,1.5745176583136686,1,0,1,0,0,1,0
42,24,21.703508377075195,94384,2,0.817962170543229,2,74,1,0,0,1,0
38,11,161.68045043945312,93990,1,4.270876615834755,2,0,0,0,0,0,1
62,33,32.55973434448242,93246,2,0.0542212791708217,1,0,0,0,0,0,0
50,27,34.92479705810547,95837,1,0.5325379575070179,2,0,0,0,0,1,0
29,3,61.683406829833984,91915,4,1.5750934826163028,3,0,0,0,0,0,0
42,14,16.114147186279297,92204,4,0.7581641619225986,1,149,0,0,0,1,0
47,22,50.36405563354492,93926,3,2.218012331929081,3,0,0,0,0,1,0
29,-1,79.17142486572266,93814,2,2.6656201941630084,1,0,1,0,0,0,0
59,27,74.40029907226562,94315,1,1.5266592851763376,3,226,0,0,0,0,0
27,0,92.93278503417967,94562,1,0.5535336516286549,1,0,1,0,0,0,0
29,2,112.20738220214844,94807,1,1.3470959711329695,1,117,0,0,0,1,0
48,21,72.1307373046875,94209,4,1.5051140194634105,1,137,0,0,0,1,0
45,17,151.16079711914062,94226,2,2.834211223276453,1,0,1,0,0,0,0
38,16,71.72413635253906,94518,1,0.6227119450036347,1,0,0,0,0,1,0
56,24,100.72883605957033,94611,2,0.0178488451778119,2,0,0,0,0,0,0
32,7,34.0767936706543,94159,3,1.9049772507906917,2,0,0,0,0,0,0
54,30,127.12532043457033,91860,4,1.7593226181601676,1,0,0,0,0,1,0
51,26,181.5076446533203,90115,2,2.008916809760737,1,123,0,0,0,1,0
54,38,85.53584289550781,91699,3,3.29186960834954,1,0,0,0,0,1,0
30,5,16.290800094604492,90054,4,0.3424857303817712,2,0,0,0,0,1,0
57,36,61.30827331542969,93636,2,1.625964823383391,3,107,0,1,0,0,0
58,34,96.4489288330078,92082,2,2.359738906671573,1,464,0,1,0,1,0
48,23,98.05213165283205,91242,1,1.868669347856264,3,0,1,0,0,1,0
28,5,26.08876609802246,91668,2,0.0607672476860136,3,0,1,0,0,1,0
54,29,64.73161315917969,92411,4,1.5305038671911966,3,0,0,0,0,0,1
34,3,45.076148986816406,91618,3,2.0018459474025336,2,0,0,0,0,1,0
27,4,42.03740692138672,94458,3,0.1265237439155533,2,147,1,0,0,0,0
56,26,35.378173828125,95280,3,0.5481878897329757,3,0,0,0,0,1,0
28,6,114.55109405517578,90518,1,0.3174279665358144,1,0,1,0,0,0,0
37,14,55.54775619506836,91615,2,2.61326281711012,1,0,1,0,0,1,0
42,18,71.74241638183594,94772,3,0.7415409426540481,1,0,0,0,0,1,0
37,16,129.517578125,91783,2,1.403693907444881,1,0,1,0,0,1,0
34,9,64.31449127197266,91410,3,0.743990840804857,1,0,1,0,0,0,0
38,16,87.23796081542969,92164,2,1.3092944907106967,1,0,0,0,0,1,0
33,7,111.19235229492188,90841,1,3.083636642601056,3,0,0,0,0,1,0
36,20,174.85572814941406,92031,2,2.293591895157319,1,0,0,0,0,1,0
62,36,80.89059448242188,93028,1,1.6103134713265268,1,190,0,0,0,1,0
30,4,110.0873794555664,94418,2,2.6228679352123847,1,0,1,0,0,1,0
42,18,66.92752075195312,94132,2,2.446049198475803,1,204,0,0,0,1,0
36,10,23.59848976135254,94603,4,0.080208138822247,2,0,1,0,0,1,0
31,4,86.79413604736328,94848,2,2.5966014453319755,1,107,1,1,1,1,0
41,19,58.47666549682617,91877,1,1.259385417987733,3,174,0,0,0,1,0
54,28,59.33433151245117,92801,3,0.968678168081004,3,102,0,1,0,1,0
64,38,34.60274124145508,95494,2,2.1041042453367726,3,0,0,1,0,1,0
63,37,109.456787109375,91647,2,1.1638214341148578,3,408,0,0,0,1,0
46,32,115.84132385253906,92165,1,1.7143390433550711,1,0,1,0,0,1,0
44,21,132.588623046875,95332,1,2.6086059931218126,1,0,1,0,0,1,0
56,18,28.69199752807617,90142,3,0.2937892037545341,2,0,0,0,0,1,0
35,11,69.65010833740234,94367,4,0.2579037750931197,2,82,0,0,0,0,0
47,26,86.4839859008789,93444,2,3.424355198841683,3,0,0,0,0,1,0
34,10,140.4056854248047,92683,1,2.961043097597768,1,298,0,0,0,0,0
38,13,186.1861114501953,90337,2,4.302197807787328,1,0,0,0,0,1,0
37,9,68.304443359375,91942,2,0.3298851275811859,1,372,0,0,0,1,0
63,35,16.281692504882812,95918,1,0.0604613452387167,1,152,1,0,0,1,0
38,8,46.16025161743164,89822,1,2.226786350410179,1,0,1,0,0,1,0
28,5,130.57058715820312,92860,4,2.2325248628264163,1,179,0,0,0,0,1
52,25,46.63850784301758,93053,4,1.4567709256301864,1,0,1,0,0,1,0
41,15,83.3434829711914,91378,3,1.425115031103235,3,0,0,1,0,0,0
58,22,108.0490264892578,92714,2,3.825018889095423,2,0,1,0,0,1,0
35,13,145.70309448242188,96449,2,3.3136528359152537,3,0,0,0,0,0,1
56,23,74.62437438964844,90430,1,1.672669356071331,3,101,0,0,0,0,0
33,15,36.94239807128906,90419,1,0.6774836416198841,1,0,1,0,0,0,0
48,24,64.48002624511719,95027,1,0.8583128546924541,1,0,0,0,0,0,0
49,5,96.7051773071289,96096,2,1.7477634187938214,2,0,0,0,0,0,1
38,19,57.743919372558594,96415,4,2.8720687543981125,2,245,0,0,0,0,0
50,27,27.908519744873047,90368,4,0.1207360581507971,1,0,0,0,0,0,0
36,4,42.43405151367188,91344,2,2.4874803420856653,3,155,1,0,0,1,0
49,22,53.85919570922852,94946,2,1.5533053655702578,2,0,0,0,0,0,0
37,7,75.33436584472656,94885,4,1.3309626967708583,2,0,0,0,0,0,0
33,6,31.44168472290039,93329,4,0.1050112187825786,3,0,0,0,0,1,0
63,34,138.27415466308594,90889,3,1.5003141181287862,2,0,0,1,0,0,1
61,36,60.68761444091797,91204,3,0.707027442587816,1,0,1,0,0,1,0
44,25,132.19052124023438,95956,2,2.240830696864325,1,0,0,0,0,0,0
55,27,18.34070205688477,91708,3,0.1352477727621908,3,0,1,0,0,1,0
51,32,58.25404357910156,89895,1,2.7151781711658347,3,162,0,0,0,0,0
58,19,26.78995513916016,93325,3,0.9934986165421212,2,0,0,0,0,0,0
56,33,30.57028579711914,94288,3,0.6418821745099056,2,0,1,0,0,0,0
61,35,94.25487518310548,91615,2,3.8885091455025655,3,0,1,0,0,1,0
54,31,23.654720306396484,95908,3,0.8966932225157589,2,0,0,0,0,0,0
45,15,45.90096664428711,95356,1,1.028315646872544,1,0,0,0,0,1,0
63,36,84.5245590209961,90104,3,2.5936587938276645,2,0,1,0,0,0,0
31,9,87.4658203125,91389,4,1.8042961461819456,3,0,0,1,0,0,0
45,21,44.2502555847168,95121,4,1.2460944451407083,3,0,0,0,0,0,0
64,38,90.56602478027344,94781,2,1.5277772630593591,1,0,0,0,0,1,0
43,25,126.54803466796876,94667,4,4.681860162158966,2,165,0,0,0,0,1
30,7,30.66439437866211,95366,4,3.1000911226222225,2,242,0,0,0,1,0
54,24,134.14859008789062,92333,1,1.985784736137275,1,0,0,0,0,0,0
43,16,22.8873291015625,94483,2,0.5511854508030638,3,0,0,0,0,1,0
36,18,112.8275146484375,94574,2,2.8436950879759757,3,0,1,1,1,1,1
62,30,43.94874572753906,90206,1,1.7241162011068332,2,0,0,1,0,1,0
62,38,38.07071685791016,94086,3,1.1484233194256943,2,0,0,0,0,0,0
50,25,113.87936401367188,90183,2,2.8697885186195395,1,0,1,0,0,0,0
44,27,98.492919921875,91225,3,4.655185975322,1,0,1,0,0,0,0
52,25,151.4407196044922,95102,1,3.557395437579194,1,0,0,0,0,0,0
44,22,57.64585876464844,92066,4,2.356845043192039,2,143,0,0,0,1,0
62,39,27.495296478271484,95174,2,0.082636003421627,2,0,0,0,0,1,0
45,28,34.81541061401367,91714,2,2.015956625729057,3,0,0,0,0,0,0
61,36,61.495399475097656,94303,4,1.6796698033369653,1,71,1,0,0,0,0
25,5,38.41191864013672,93298,1,0.9877591757932792,3,102,0,0,0,0,0
26,0,32.56825256347656,91427,3,1.7910683356797672,2,146,0,0,0,1,0
52,31,33.84496307373047,93770,4,0.1858574609915011,1,100,0,0,0,1,0
48,18,28.137592315673828,92924,3,1.3844203414175336,2,147,0,0,0,1,0
65,39,54.25080871582031,92108,1,0.388821058993149,2,0,0,0,0,1,0
48,23,118.98688507080078,94584,4,3.592452712006488,2,0,0,0,0,0,1
41,35,206.86285400390625,92942,1,6.786423578415835,3,0,0,0,0,0,1
65,39,62.27091217041016,89801,1,2.770563749100311,1,0,0,0,0,1,0
29,7,58.57567596435547,96263,4,2.040923430793278,2,144,1,0,0,0,0
40,17,30.885889053344727,95790,2,1.5326051026008327,3,201,0,0,0,1,0
58,29,26.29215240478516,94031,3,1.158769377037593,2,0,0,0,0,0,0
30,2,84.33899688720703,90161,4,1.5498851020970636,2,0,0,0,0,1,0
61,33,107.50135803222656,92694,2,5.81588219377752,1,0,0,0,0,0,0
36,4,51.84037399291992,93053,2,1.415520898503683,3,0,0,0,0,1,0
49,19,113.33816528320312,90410,2,2.0485874521977845,3,0,0,0,0,0,0
32,4,63.02140808105469,94911,2,0.0085932317028201,1,0,0,0,0,0,0
29,5,150.32534790039062,90699,1,2.9109572238312347,2,0,0,0,0,0,0
47,17,155.79896545410156,94891,2,4.797608996313197,1,364,0,0,0,1,0
27,15,81.60999298095703,94121,1,1.0446235804026145,3,0,0,1,0,0,0
46,20,82.9398193359375,95468,1,2.445162318582219,2,0,1,0,0,1,0
52,23,116.88541412353516,92311,4,2.3862024547219134,3,0,0,0,0,0,1
33,18,83.84259796142578,95821,4,4.148306470805567,3,0,0,0,0,0,0
58,25,42.17387008666992,95461,4,1.663678678723815,3,250,0,0,0,1,0
64,35,9.71684741973877,93737,3,0.6413017901590123,1,101,0,0,0,1,0
26,1,16.071977615356445,90356,2,0.3586098916668437,3,107,1,0,0,1,0
64,39,75.00357818603516,91988,1,4.254291754545214,1,234,0,0,0,1,0
52,32,27.825653076171875,94971,3,0.3277513811644689,3,0,0,0,0,0,0
54,29,55.00592422485352,95043,1,2.387508588332657,2,0,0,0,0,1,0
42,23,129.23580932617188,94606,2,4.543040855713348,1,0,0,1,0,0,0
42,20,61.55794525146485,95658,4,2.1605973068012125,2,0,0,0,0,1,0
32,22,72.78897857666016,95141,1,3.1330313389840274,1,0,0,1,0,1,0
46,22,205.6735992431641,94950,2,7.400387002268309,1,0,0,0,0,0,0
39,20,93.07022857666016,96235,3,1.9181783720000507,1,100,0,0,0,1,0
38,10,42.914695739746094,91853,2,0.2269533825266496,3,0,0,1,0,0,0
59,31,49.2943115234375,90729,1,0.4196775699442206,1,108,0,0,0,0,0
29,6,56.30832290649414,94450,4,1.4472427653414357,1,0,0,0,0,1,0
53,15,116.96356201171876,90025,2,2.307802691640192,1,0,1,0,0,1,0
46,15,92.7351303100586,91450,1,1.0294526719852677,3,0,1,1,0,0,0
42,18,74.71533203125,95068,2,0.8473157864263738,2,0,0,0,0,0,0
44,17,29.912878036499023,94053,1,2.0890975523898643,3,0,0,0,0,0,0
54,23,20.8609561920166,90100,4,2.0039646531269035,3,0,1,1,0,1,0
58,28,85.51463317871094,91648,1,0.3070141480605559,1,0,0,0,0,1,0
33,12,60.77251052856445,91158,2,1.9930353910180727,1,0,0,0,0,0,0
32,7,45.7325325012207,94508,4,0.7139521988611907,3,0,0,0,0,1,0
49,6,21.819997787475582,92688,1,1.439445006193039,3,0,0,0,0,0,0
27,1,69.29495239257812,95480,2,4.808540787573856,2,0,1,0,0,0,0
35,3,80.56071472167969,90294,2,1.5027792121518988,1,0,0,0,0,0,0
39,16,46.6596794128418,94159,1,0.8691239328732335,3,0,1,1,0,0,0
37,2,67.805908203125,92624,4,0.2893288433094951,2,138,1,0,0,0,0
31,6,35.860050201416016,93392,3,1.7643997387653432,2,0,0,0,0,0,0
31,8,32.08059310913086,93685,1,0.5625135417428577,3,0,0,0,0,1,0
35,9,50.68706512451172,93038,3,1.5658307993111509,1,216,0,0,0,0,0
41,15,41.82946014404297,92237,3,0.2647754894677884,1,135,0,0,0,1,0
63,38,109.17742919921876,92178,1,1.4494773223237656,1,0,1,0,0,0,0
49,27,73.47034454345703,89934,2,2.74176166215332,3,0,0,0,0,0,0
49,27,121.45411682128906,95144,2,2.723018962046146,1,0,0,0,0,1,0
27,2,151.52784729003906,92105,4,1.6359937029567575,1,265,0,1,0,1,0
49,15,26.346664428710938,92962,3,0.3885439537324162,3,0,0,1,0,0,0
53,28,112.90238189697266,94625,4,3.1232916660338508,2,0,0,0,0,0,1
35,7,41.81837844848633,95404,4,1.0840569038661536,1,0,0,1,0,1,0
62,32,82.35906982421875,91903,3,1.892064631801352,1,171,0,0,0,1,0
34,16,114.04290771484376,91148,4,2.601247019518846,1,0,0,0,0,0,0
29,4,63.5672721862793,95258,2,0.1587898224389516,1,97,0,0,0,0,0
32,11,22.28533172607422,92377,4,0.5258975516246158,2,0,0,0,0,1,0
42,27,66.86161804199219,92157,4,2.5428334897026525,1,0,0,0,0,0,0
55,37,19.56606101989746,90322,1,0.4541929977854211,1,93,0,0,0,0,0
27,21,162.29774475097656,95856,1,5.203549804013692,3,127,0,0,0,0,1
55,22,31.24901008605957,91428,3,0.5190263326346517,1,161,0,1,0,1,0
51,30,134.57656860351562,95542,1,1.6157722486481227,1,0,0,0,0,1,0
58,26,18.58591079711914,90096,1,0.4179160265623747,2,105,1,0,0,0,0
61,38,83.64068603515625,89964,2,0.4887089913866667,1,248,0,0,0,0,0
50,22,22.14944648742676,94855,4,0.8208474108295456,1,142,0,0,0,1,0
35,10,95.32054138183594,91532,1,2.44558987428948,1,494,0,0,0,1,0
61,36,67.16659545898438,91780,1,2.2918942892404,1,115,1,0,1,1,0
62,30,39.40740203857422,95952,1,1.1459061620081683,1,0,1,0,0,1,0
65,41,67.93824768066406,92923,2,0.5364318510537688,1,0,1,0,0,1,0
58,31,75.34331512451172,94318,3,1.9097514120071588,2,0,0,0,0,0,0
51,21,192.9174346923828,92557,1,3.950563808620587,3,0,0,0,0,1,1
30,5,22.39698028564453,95401,4,1.0988625299350296,2,0,0,0,0,0,0
43,18,69.87162780761719,95885,1,2.6833057520705283,1,0,1,0,0,1,0
28,4,83.01806640625,94756,2,2.563428075389418,1,0,1,1,0,0,0
38,5,215.6255645751953,92280,1,7.406268306340639,1,0,0,0,0,0,0
48,25,20.15970993041992,92985,2,0.0328847462829238,1,95,1,0,0,0,0
54,35,75.98478698730469,90286,4,0.381600869500813,1,121,0,0,0,0,0
41,15,43.92375946044922,91868,4,0.487446509248066,2,0,0,0,0,1,0
40,20,82.91377258300781,94500,2,2.4803793895404547,1,148,0,0,0,1,0
54,28,29.17135238647461,94551,4,1.6546393025207222,2,0,0,0,0,1,0
60,33,64.05960083007812,94471,4,1.0868144940744384,1,0,1,0,0,1,0
31,10,54.7327880859375,95603,2,2.022907977603588,1,0,0,0,0,1,0
50,29,92.23171997070312,95105,3,0.3242661678038302,2,0,0,0,0,1,0
53,15,52.92164611816406,95263,1,1.9670957594684144,1,217,0,0,0,1,0
60,24,47.8511962890625,95846,1,2.609398436145596,3,235,1,1,1,1,0
61,15,116.91905212402344,91781,4,0.7041207455857861,3,0,0,0,0,0,0
41,17,136.034423828125,92213,2,3.6962657375470913,1,0,0,0,0,0,0
37,5,60.51176834106445,94953,4,1.5249839899219284,2,104,0,0,0,0,0
37,20,136.35336303710938,95014,2,1.0375851013594546,1,0,1,0,1,1,0
50,23,58.0413818359375,91718,4,1.7279972014548044,2,151,0,0,0,1,0
59,33,41.998008728027344,96090,1,0.0002120829517754,2,0,0,0,0,1,0
48,7,111.98320770263672,93396,4,0.6774029579512315,2,0,0,0,0,0,0
54,23,65.96080780029297,91967,3,0.7679954475653972,1,125,0,0,0,0,0
27,3,24.065895080566406,92295,4,0.4219560853677292,3,105,0,0,0,1,0
66,40,76.03205108642578,91421,3,1.5614391741854292,3,0,0,0,0,1,0
56,35,40.28326797485352,95126,3,0.3752824131630101,3,0,1,0,0,0,0
57,28,142.98464965820312,94669,1,6.853650328093089,1,0,1,0,0,1,0
49,25,50.30705261230469,93010,1,0.6450968649942599,1,144,0,0,0,0,0
53,20,105.77806091308594,94309,2,2.1001404317860675,1,0,0,0,0,0,0
28,22,52.17634201049805,94675,4,1.881207656701339,1,0,0,0,0,1,0
28,3,159.02064514160156,92947,4,2.2266185202389326,3,0,0,0,0,0,1
56,34,12.425947189331056,90286,3,0.5804987811732927,2,0,1,0,0,1,0
43,17,27.56015968322754,90568,2,1.0595343150492482,1,99,0,1,0,0,0
33,1,42.52783966064453,91107,4,2.4815573535065423,1,0,0,0,0,1,0
42,25,128.22695922851562,92139,1,2.726745340043281,2,0,1,0,0,1,0
56,24,22.21734046936035,94205,4,0.4867339568685943,3,0,0,0,0,1,0
27,-1,27.021556854248047,93825,4,0.4584706599299015,3,151,1,0,0,1,0
26,4,35.46194076538086,90243,3,0.8408704986949158,2,0,0,0,0,1,0
29,3,89.36763763427734,93063,2,0.169055776237405,2,0,1,1,0,1,0
39,6,34.33675765991211,96157,4,0.3787376224798839,3,0,1,0,0,1,0
42,16,164.13104248046875,89818,1,2.0755805027084486,2,276,1,0,0,0,1
48,26,55.44060897827149,91910,2,0.5982558740274164,2,124,0,0,0,0,0
45,30,48.86540222167969,94503,2,2.258985954074225,3,0,0,0,0,1,0
42,23,63.96853256225586,92870,1,0.2005148266461528,3,0,0,1,0,0,0
61,37,26.385578155517575,91831,4,0.273043324976226,1,139,0,0,0,1,0
58,25,181.29010009765625,91778,2,3.755463892703564,1,0,0,0,0,0,0
40,25,117.6789093017578,94596,2,2.0333582818596083,1,0,0,0,0,0,0
31,2,43.04045867919922,89842,4,0.991154033576002,1,0,1,0,0,1,0
48,24,72.2850341796875,91034,3,0.5694381303836265,3,282,0,0,0,0,0
66,38,26.348556518554688,95240,4,0.1082029277582562,3,0,0,0,0,0,0
53,36,76.52330017089844,92222,2,0.8630149178583129,2,0,0,0,0,0,0
46,25,24.58012580871582,93868,1,1.724324085969398,1,99,0,0,0,0,0
48,26,97.27506256103516,91803,4,2.114053352535693,3,0,0,0,0,1,0
26,17,51.324649810791016,93954,3,1.7321139082238282,1,125,0,0,0,0,0
59,36,79.48820495605469,92974,2,1.559118498368214,3,0,1,0,0,1,0
64,37,108.97427368164062,95018,1,6.792362437144567,1,0,0,0,0,0,0
29,8,59.27696228027344,92479,4,1.1825546949545822,1,0,0,0,0,1,0
30,4,86.36861419677734,91581,1,2.36204584823494,3,0,1,0,0,1,0
66,37,91.18291473388672,95247,1,1.3601217697908092,2,0,0,1,0,1,0
31,5,46.666934967041016,92028,2,0.3733580407059538,3,147,0,0,0,0,0
50,27,59.98252868652344,94587,3,1.390958281472753,2,150,0,0,0,1,0
41,25,123.63906860351562,92031,1,2.2766061743938764,1,0,1,0,0,0,0
55,35,20.738826751708984,92043,4,1.2055305516629848,1,0,0,0,0,1,0
37,12,122.6960678100586,94416,4,1.9629350330760893,1,0,0,0,0,1,0
30,2,57.15529251098633,92942,4,1.3516936483078694,1,199,0,0,0,0,0
60,43,36.3388557434082,91693,3,0.906864089910066,3,0,0,0,0,0,0
59,29,162.42459106445312,90273,2,7.820756647899036,1,0,1,0,0,0,0
62,36,48.51398849487305,93811,2,1.0101552516999486,3,100,1,0,0,1,0
33,11,80.10182189941406,92333,2,1.011023047124497,1,176,0,0,0,1,0
62,37,71.87403869628906,93924,3,1.354352811082091,1,0,1,0,0,1,0
41,14,33.131778717041016,94064,2,0.354003407935595,2,0,0,0,0,1,0
50,29,55.57860565185547,95347,1,1.873972447943216,2,0,1,0,0,1,0
62,37,56.64202880859375,94481,4,3.46223033382781,1,0,0,0,0,0,0
33,6,36.7578353881836,94987,4,2.1321747703921603,2,0,0,0,0,0,0
63,36,54.450462341308594,96000,2,1.329972060912198,2,0,1,0,0,0,0
41,12,16.37767791748047,93674,1,0.8248665021586795,2,168,0,0,0,1,0
47,29,46.3807258605957,94922,2,0.499845470301017,1,0,0,0,0,1,0
27,5,34.67582321166992,93425,2,1.3143480215065164,1,0,0,0,0,0,0
60,33,76.01344299316406,94737,2,2.579922849149276,1,430,0,0,0,1,0
59,28,175.24497985839844,94837,1,5.634250427296849,1,120,0,0,0,1,0
38,19,121.62654876708984,95208,1,4.8580857970874405,1,337,0,0,0,1,0
42,12,75.47901153564453,91468,3,1.305915703319834,3,0,1,0,0,1,0
39,14,76.48774719238281,94710,1,2.280483411358087,1,0,1,1,0,0,0
63,35,151.57618713378906,90002,4,0.5262177299019855,3,0,0,0,0,1,1
56,31,71.0743408203125,96060,3,1.7008798230568418,1,181,0,0,0,1,0
59,36,82.887939453125,94392,1,0.6965286543851518,1,181,0,0,0,0,0
38,20,146.7217254638672,95165,4,6.354369214720968,2,0,0,0,0,1,1
52,15,63.08882522583008,94612,4,2.775267105286976,1,0,1,0,0,0,0
54,36,57.2008056640625,92457,1,2.866766697477185,3,0,0,0,0,0,0
44,19,122.14802551269533,91943,2,3.0050384890845057,1,218,1,0,0,0,0
54,26,119.42195129394533,90196,3,2.43515235297938,3,0,0,0,0,0,0
51,27,43.957008361816406,92925,2,2.0414350963964063,1,114,0,0,0,0,0
59,34,32.591758728027344,95678,2,2.1081228093297835,3,207,0,0,0,0,0
47,25,97.96295928955078,94733,1,2.8373051060776167,1,0,1,0,0,1,0
45,11,20.06656646728516,94072,2,1.885523541403668,1,0,0,0,0,0,0
31,7,107.1428451538086,92597,1,1.8197360581921969,1,0,1,0,0,1,0
49,30,80.63851165771484,91531,2,0.3242665243600549,1,0,0,0,0,1,0
31,9,83.3292236328125,93964,2,2.489985925473314,2,0,0,0,0,0,0
63,33,26.869972229003903,93191,4,1.815360864534643,1,363,0,0,0,1,0
49,27,107.56270599365234,94159,2,0.0035815946315342,1,374,0,0,0,0,0
55,27,55.48101425170898,91963,4,1.2085630255046689,1,0,0,0,0,1,0
45,26,28.16862678527832,93817,2,0.3921282913516492,2,0,0,0,0,1,0
36,11,81.21529388427734,91158,4,1.6702548961452766,1,0,0,0,0,1,0
63,38,36.85454559326172,90547,3,1.9183924108864985,1,0,0,0,0,0,0
42,19,47.63418960571289,90400,1,0.2684857256246852,3,0,0,0,0,1,0
30,8,43.60118103027344,90200,1,0.2044606696788094,2,0,0,0,0,0,0
64,36,69.75090026855469,92582,2,2.195984971427802,2,0,1,0,0,1,0
43,28,57.57718276977539,94866,2,5.232366379204164,1,0,1,0,0,1,0
34,13,18.95555877685547,95004,4,0.9600827747796672,2,90,0,0,0,0,0
46,22,49.020416259765625,91685,4,2.8923899990552204,3,253,0,0,0,0,0
28,1,16.447406768798828,94271,4,1.0373698610934112,2,195,0,0,0,1,0
34,10,32.641258239746094,94489,4,1.8060952630431744,3,141,1,0,0,0,0
26,2,60.303184509277344,92718,2,2.802024249488241,3,0,1,0,0,1,0
61,36,59.9127197265625,94632,1,2.3268873190192703,2,0,0,0,0,0,0
37,8,36.73569488525391,90183,3,0.3990666019629282,1,0,0,0,0,0,0
34,8,59.15605926513672,95419,1,0.1025855423638656,1,0,0,0,0,1,0
41,19,63.60017013549805,92230,1,0.724479149341655,3,0,1,0,0,0,0
60,39,57.44392395019531,90508,3,2.1637537614648905,2,224,1,0,0,1,0
35,9,85.8389663696289,90409,1,0.962991368125552,2,0,0,0,0,1,0
47,18,14.72012424468994,92129,4,1.5112904133293856,2,120,0,0,0,0,0
33,7,16.882080078125,92199,3,1.1192831987269722,3,0,1,0,0,1,0
55,37,124.1834945678711,91978,2,2.228898009648089,1,0,0,0,0,1,0
31,5,23.40615463256836,93265,4,0.3360905995547258,2,0,0,0,0,0,0
60,29,130.90650939941406,95655,1,2.713074721991508,1,0,1,0,0,1,0
63,41,148.82054138183594,92504,2,0.5582851768903077,3,0,0,0,0,0,0
46,17,57.053672790527344,90373,1,0.2902733973813777,2,0,0,0,0,1,0
61,39,15.892730712890623,94412,3,0.5171133547611549,2,0,0,0,0,1,0
30,3,74.30821990966797,95416,4,2.25069693809529,2,0,0,0,0,0,0
29,8,103.82112884521484,91303,4,1.8903657059890648,2,0,1,0,0,1,0
38,15,54.03564834594727,94293,2,1.82978064910406,3,0,0,0,0,1,0
44,20,93.41061401367188,91226,3,1.6363424621996123,3,0,0,0,0,1,1
60,34,116.2467803955078,94505,1,1.6710543853392437,1,0,1,0,0,1,0
55,31,85.35891723632812,90590,2,2.964947242301975,3,0,0,0,0,1,0
40,7,54.06250381469727,96375,2,1.8114403240404635,3,150,0,0,0,0,0
27,4,39.31714630126953,95459,1,1.5644977709213173,2,0,0,0,0,1,0
61,31,49.20703506469727,89951,4,2.3622123915623643,2,0,1,0,0,0,0
36,10,27.821430206298828,94311,4,2.289153287710102,1,128,0,0,0,1,0
51,23,59.936317443847656,94306,2,0.7767124059371633,1,0,1,0,0,1,0
38,16,111.53919219970705,90223,1,5.509756045957826,1,110,0,0,0,1,0
28,6,58.64409255981445,90552,2,1.9272067965006112,3,200,0,0,0,1,0
52,22,23.42910385131836,94243,3,1.5873236231239618,2,0,0,0,0,0,0
38,19,43.488887786865234,90005,1,2.592690855641742,2,0,1,0,0,0,0
33,10,94.65052795410156,94764,3,5.924945564583831,1,0,0,0,0,1,0
28,4,123.44903564453124,95385,1,0.0794157048235437,3,0,0,0,0,0,1
38,15,67.75473022460938,93181,1,2.7693992069152853,1,0,0,0,0,1,0
32,7,56.28527069091797,94331,4,2.2657879100154346,2,0,0,0,0,0,0
36,3,89.4608154296875,92792,1,2.4108414860892617,1,0,0,0,0,0,0
55,27,85.92526245117188,94028,4,1.015503651098232,1,300,1,0,0,0,0
40,11,51.26482772827149,95454,1,2.425116298507719,1,0,0,0,0,0,0
41,11,36.14918518066406,91686,1,0.2631936660372326,2,0,0,0,0,1,0
46,29,36.60739517211914,95752,2,1.4563506957091406,3,0,0,0,0,1,0
30,5,137.62998962402344,93943,2,2.038649118891587,1,0,0,0,0,1,0
39,26,15.347098350524902,93054,4,1.0848285586595052,1,0,1,0,0,0,0
28,3,61.42073822021485,94946,1,2.186479101066407,1,0,1,0,0,0,0
54,30,73.594482421875,91108,1,0.0548890389710439,1,0,0,1,0,1,0
42,29,45.73470306396485,94442,1,0.6198976401829549,3,0,0,0,0,1,0
42,12,81.14027404785156,90043,2,2.04078823386375,1,0,0,0,0,1,0
41,20,127.44776153564452,91152,2,0.4730345674292894,3,0,1,0,0,1,0
45,17,88.5820541381836,91762,2,1.4092928389975663,3,0,1,0,0,0,0
45,15,37.446250915527344,93915,4,0.1255395315112468,3,0,0,0,0,1,0
42,12,21.786022186279297,94462,4,0.2900600847707204,2,0,1,0,0,1,0
61,37,65.73957824707031,91799,3,0.9738263539964922,1,95,0,0,0,1,0
29,8,27.74075126647949,94624,4,2.028621288406005,3,147,0,0,0,1,0
64,37,72.01428985595703,94060,1,1.552799355561896,1,0,0,0,0,1,0
56,19,54.15647506713867,91429,3,0.7640984661822208,3,0,1,0,0,1,0
44,16,114.31884765625,92739,2,6.268642073834025,1,0,1,0,0,1,0
30,3,59.435184478759766,90881,4,2.461148682867829,3,0,1,0,0,1,0
39,8,71.02883911132812,95299,3,3.966872827030207,3,0,0,0,0,0,0
50,24,35.33186340332031,92751,4,2.0516640270190853,2,0,0,0,0,1,0
34,7,23.123262405395508,92892,1,0.0621923003454173,3,0,0,0,0,1,0
45,17,48.140018463134766,92892,4,0.2132285402880971,1,136,0,0,0,1,0
37,12,150.8484649658203,94709,2,4.310052822240818,1,0,1,1,1,1,0
40,8,65.03213500976562,94406,4,1.3835330629341185,2,0,0,0,0,1,0
57,29,62.64791488647461,95809,3,1.30368891369051,2,0,0,0,0,0,0
60,23,54.49990463256836,90631,1,0.4593989121795843,3,0,0,0,0,0,0
61,34,66.80258178710938,91854,1,1.4833953045700077,3,0,0,0,0,0,0
53,36,21.690208435058597,94359,4,1.267166294933784,2,0,0,0,0,0,0
66,40,113.98148345947266,90670,1,4.014860600365125,1,0,0,1,1,0,1
32,5,91.24494934082033,95103,1,2.42274135556841,1,0,0,0,0,1,0
56,28,64.83079528808594,92106,4,1.4927723009763183,2,0,0,0,0,0,0
27,3,24.92315673828125,92183,3,0.93737742024712,3,126,0,0,0,1,0
42,14,69.88646697998047,94251,3,0.7197988365064185,2,0,0,0,0,0,0
60,37,59.42453384399414,92277,4,2.0934854417507185,3,0,0,0,0,0,0
39,15,36.97603225708008,96032,2,0.1092048930807126,2,0,0,0,0,1,0
67,42,88.95526123046875,95610,3,0.440801583242589,3,0,1,1,0,0,0
42,11,22.630691528320312,94845,3,1.2639942250394929,2,101,1,1,0,1,0
41,16,104.9906234741211,92217,3,3.3362335592015597,1,367,0,0,0,1,0
33,20,66.04014587402344,91416,2,4.531066863341495,1,0,0,0,0,0,0
48,23,48.72965240478516,94463,4,1.7374234316133168,2,0,0,0,0,1,0
26,1,137.02267456054688,94967,3,3.17854726233178,1,0,0,0,0,0,0
46,21,163.3387451171875,90257,2,5.798153779348242,2,0,0,0,0,1,1
46,25,100.06430053710938,92189,4,1.871121763338201,1,0,0,0,1,1,1
31,8,60.98594665527344,92090,4,0.4846565569540639,1,0,0,0,0,1,0
31,8,114.68273162841795,95602,4,0.4711732168809425,3,0,1,0,0,0,0
29,11,112.38794708251952,93882,1,0.8783332251036067,1,0,0,0,0,0,0
38,14,170.32626342773438,91761,2,7.437905319152216,1,0,0,0,0,0,0
60,36,103.07324981689452,93806,3,4.497977055598138,1,234,0,0,0,0,0
63,38,134.27650451660156,93778,1,1.5524643468625108,2,516,0,0,0,1,0
61,36,61.065765380859375,95902,3,4.8029169974405095,3,0,0,0,0,0,0
41,6,163.20236206054688,95206,1,0.3571141705076987,1,0,1,0,0,1,0
53,24,52.61492156982422,94669,2,1.4513299613957464,2,0,1,0,0,1,0
27,7,126.46867370605467,94631,3,0.249835207299116,2,194,0,0,0,0,0
42,16,46.57090759277344,92079,2,1.5840045341763314,1,113,0,0,0,0,0
59,40,57.28687286376953,94995,3,0.8733030490001463,1,98,1,1,0,0,0
48,32,54.16501235961914,94666,3,1.7602753736300465,2,0,1,0,0,0,0
50,25,57.71823501586914,96387,2,2.116358623030397,3,119,0,1,0,1,0
42,15,69.30838012695312,95035,2,3.198989365897481,3,0,0,0,0,0,0
35,9,124.4624252319336,90443,3,1.9625953063071195,1,399,0,0,0,1,0
44,28,43.59818649291992,91884,3,2.8714916492166385,2,0,0,1,0,0,0
30,20,146.53941345214844,94434,3,2.501326285208473,3,0,0,0,0,1,1
55,34,107.23902130126952,92842,3,3.420421615910474,3,0,1,0,0,0,1
49,23,190.63375854492188,92029,1,0.5692941758832646,1,0,0,0,0,1,0
25,0,26.95547103881836,92959,4,0.985829791516112,1,0,0,0,0,0,0
47,31,135.4466552734375,92270,1,4.676979757460972,2,0,0,0,1,1,1
40,24,56.93612289428711,94726,4,1.9977378425348171,3,0,1,0,0,1,0
58,33,66.56746673583984,90147,4,1.9257746418042232,1,0,1,0,0,1,0
59,36,56.43787384033203,91048,3,0.789371690312016,1,0,0,0,0,0,0
29,1,41.62083435058594,95552,3,2.096765584794196,1,0,0,0,0,0,0
59,36,65.83096313476562,95838,1,2.041844450653456,2,0,1,0,0,1,0
27,2,25.86680221557617,94377,1,2.000608446454304,3,0,0,0,0,1,0
61,37,173.29525756835938,92088,1,3.2209009179967767,1,382,0,0,0,0,0
34,7,114.57926940917967,94096,2,1.1973098648696496,1,0,0,0,0,0,0
51,23,92.75859832763672,89954,2,0.6910388751268834,1,0,1,0,0,0,0
39,17,76.34044647216797,94292,2,2.5449480780142566,3,157,0,0,0,1,0
47,28,130.28176879882812,92734,4,3.856694046587798,1,0,1,0,0,0,0
32,26,21.057132720947266,94803,2,1.3518503120837824,2,0,1,0,0,0,0
46,30,28.82188415527344,90371,1,0.8337982576681313,3,124,0,0,0,0,0
63,37,35.74485397338867,92979,4,2.7788403167724547,3,102,0,0,0,1,0
33,3,82.27289581298828,92454,4,0.2725868027596818,2,0,0,0,0,1,0
49,25,102.42899322509766,89756,1,1.4351136869570775,1,0,0,0,0,1,0
33,15,31.30524063110352,96105,4,0.8680883029619136,2,0,0,0,0,1,0
46,28,127.71945190429688,92096,3,1.5582901956826083,2,0,1,0,0,0,0
33,7,63.53166580200195,96063,4,1.455206765392577,2,0,0,0,0,1,0
38,10,87.71595001220703,89804,1,1.6014976358734874,2,0,0,0,0,0,0
28,6,51.36882781982422,92706,4,1.6783050868759075,2,232,0,0,0,1,0
63,37,16.59695816040039,90044,3,1.8319237730902596,1,107,0,0,0,0,0
30,2,26.26890182495117,93650,3,0.3971895720393668,3,0,1,0,0,1,0
33,1,85.70520782470703,96475,4,1.2024445001425723,1,0,1,0,0,0,0
55,24,40.68169784545898,95232,3,1.0527383345908492,1,88,0,0,0,1,0
52,23,43.79217529296875,94320,3,0.2718764041735683,1,0,0,0,0,0,0
42,19,39.13922882080078,93756,1,0.1139016535589897,1,0,0,0,0,1,0
30,2,103.58377838134766,90100,4,3.1520226315807065,2,0,1,0,0,0,1
42,22,183.8229522705078,90993,2,6.170029343630861,1,0,1,0,0,1,0
33,10,53.77225875854492,90682,2,0.4674402482871339,3,103,0,0,0,1,0
47,27,141.37171936035156,95679,2,0.7140096096623533,3,362,1,0,0,0,1
31,9,81.73812866210938,91128,2,0.515518997908571,1,0,0,0,0,1,0
29,4,126.878173828125,91854,1,1.3183260125180511,2,0,0,0,0,1,0
43,17,16.11492156982422,91797,3,0.7578824448512572,3,60,1,0,0,0,0
48,31,75.30204010009766,90419,1,2.9400344384063795,2,333,1,0,0,1,0
46,14,186.16818237304688,92621,1,2.676965137467929,1,0,0,0,0,0,0
36,18,121.12068176269533,92924,2,1.851589273318476,1,0,1,0,0,1,0
30,14,67.83767700195312,94601,4,1.5638466495918193,1,0,0,0,0,1,0
29,4,22.39090919494629,91456,1,0.4952838355491909,3,0,0,0,0,0,0
35,9,15.750775337219238,91356,4,1.6739843532648575,1,0,1,0,0,1,0
59,37,74.86161041259766,95326,1,0.5123579692758402,1,0,0,0,0,0,0
55,28,40.28184509277344,92716,2,2.0411833217715403,2,0,0,0,0,0,0
58,17,127.33148956298828,95644,3,4.8932471018138095,1,162,0,0,0,0,0
41,15,57.233543395996094,95438,4,1.664764785594303,1,0,0,1,0,1,0
28,1,69.53666687011719,92810,1,1.4750631746194074,3,0,0,0,0,1,0
50,25,38.0000228881836,94764,2,1.7588308963893922,2,0,0,0,0,1,0
34,3,37.71556091308594,91585,3,0.9915958816941796,1,0,0,0,0,1,0
34,8,35.000770568847656,92096,3,1.0588619996486628,3,0,0,0,0,0,0
52,30,45.07125473022461,92655,1,0.3560150004690635,3,101,0,0,0,0,0
52,17,60.32618713378906,95862,3,0.4366778211361533,1,0,0,0,0,1,0
26,4,70.10453796386719,95019,3,0.4697161542700019,2,0,0,0,0,0,0
31,6,26.22527503967285,90332,2,0.2574019295332654,2,0,0,0,0,1,0
57,33,31.753700256347656,95030,4,2.436246305346557,2,0,1,0,0,1,0
39,10,44.10735321044922,94517,3,1.0276113230961172,1,161,0,0,0,0,0
40,17,131.87965393066406,95353,1,4.066936995061379,1,397,0,1,0,1,0
55,32,60.09940719604492,93740,1,3.858626812218593,1,0,0,0,0,0,0
39,18,51.014286041259766,91005,3,2.101463435919316,2,0,1,0,0,0,0
40,14,44.499473571777344,95566,2,1.5674957640718556,1,0,0,0,0,0,0
37,8,97.06261444091795,93788,2,1.2449512891508434,2,0,0,0,0,0,0
57,34,81.34097290039062,95375,3,1.6114177725022691,1,0,0,0,0,0,0
45,24,46.262020111083984,93212,1,0.1537444248659458,3,0,0,0,0,1,0
41,18,66.36181640625,90744,1,3.518040831382188,3,122,0,0,0,1,1
27,2,31.31378173828125,90101,4,2.28559341804634,2,0,0,0,0,0,0
36,12,68.16348266601562,91424,3,0.7953186586911661,1,0,0,0,0,1,0
62,35,123.09664916992188,93249,1,4.334940086247615,2,123,0,0,0,0,1
45,24,155.39239501953125,95092,2,2.4226122272251063,1,0,1,0,1,1,0
57,39,36.683860778808594,96029,3,1.4081900728874293,1,82,1,1,1,0,0
27,17,101.69151306152344,94364,2,2.356195688931093,3,151,0,0,0,0,0
65,38,200.9574432373047,94561,2,7.976086684947873,1,0,1,0,0,1,0
36,7,43.880767822265625,95597,2,0.8857482120316054,3,0,1,0,0,1,0
30,7,9.367997169494627,93836,2,0.9714000291808954,2,87,1,0,0,1,0
38,7,25.39691734313965,91478,2,1.8212981623933973,2,0,0,0,0,0,0
41,11,40.64262390136719,95121,3,0.4460226601852161,1,0,0,0,0,1,0
45,17,56.52825546264648,91208,1,3.2513604369571496,3,0,0,0,0,1,0
61,38,146.1045379638672,91843,2,1.8666725454383435,3,0,0,0,0,0,1
50,25,59.79608154296875,92748,1,1.3823753695849452,3,0,1,1,0,1,0
62,35,115.69654846191406,91356,2,0.3462960169442794,1,0,0,0,0,0,0
59,35,84.37410736083984,94911,1,4.06869094423848,2,0,1,1,1,1,0
48,15,84.12258911132812,92882,1,2.4768066974547702,1,433,0,0,0,1,0
43,19,52.038570404052734,94963,1,2.1480363213085867,1,0,0,1,0,1,0
44,17,85.62345123291016,95621,1,1.4436588316846208,2,0,0,1,1,1,0
53,31,65.14529418945312,92327,2,1.9022202980479272,1,0,0,0,0,0,0
56,27,56.64137268066406,92175,2,1.8159636221808,2,0,1,0,0,1,0
37,7,12.00705909729004,91837,3,1.639585916913591,1,84,0,0,0,0,0
40,18,33.5393180847168,96186,1,0.2489290091121012,1,0,0,0,0,1,0
40,15,27.22104835510254,92026,3,0.5418810062910668,3,139,0,0,0,0,0
23,2,24.51164054870605,96394,4,1.2602739156445446,2,0,0,1,0,1,0
41,9,34.1357536315918,94769,3,0.1401379623379069,3,0,1,0,0,0,0
37,17,161.7012939453125,92448,2,6.743271143064834,1,360,1,0,0,1,0
58,40,128.27490234375,94226,1,1.2559114589380398,2,0,0,0,0,0,0
30,3,78.35196685791016,91312,3,2.259813480203712,3,236,0,0,0,1,0
59,30,54.03374862670898,94078,2,0.7331236275654224,3,0,1,0,0,0,0
33,8,29.56497383117676,93408,3,1.9535301575092003,1,0,0,0,0,1,0
40,16,40.67074203491211,91841,3,3.161010566517572,1,228,1,1,1,1,0
35,3,143.6679229736328,91450,3,0.4741737567111923,2,0,1,0,0,1,1
64,34,58.46616744995117,95972,4,0.0161141389042536,1,0,0,0,0,1,0
40,14,87.93035125732422,94883,4,1.0597490863910777,2,0,0,0,0,1,0
57,28,21.089988708496094,92458,1,0.1568013783822121,1,99,0,1,0,0,0
28,10,60.53311920166016,95275,4,2.625388950228684,1,0,1,0,0,1,0
39,13,54.90712356567383,92009,2,1.833490373381968,3,0,1,0,0,0,0
43,16,57.26210784912109,91913,1,0.1947648671929667,3,157,0,0,0,1,0
47,23,21.35380172729492,94705,3,1.0014343755390342,2,0,0,0,0,1,0
32,7,115.89110565185548,94664,4,3.8578435072618182,1,69,0,0,0,0,0
57,38,37.03257751464844,91350,1,0.3018831435369143,1,0,0,1,0,1,0
60,38,56.42095184326172,91800,2,1.948070479870851,2,0,0,1,0,1,0
64,41,30.64528083801269,94618,4,4.6146275937590975,1,0,0,1,0,1,0
45,20,60.720008850097656,92944,4,0.0215327515298373,3,0,1,0,0,0,0
53,25,88.84767150878906,95324,2,2.084252594697678,1,0,0,0,0,1,0
32,16,77.68865966796875,96141,4,5.254925319312189,1,0,0,0,0,1,0
34,23,77.73056030273438,94288,1,0.0401711534562071,2,0,0,0,0,0,0
54,29,75.8451919555664,90170,4,1.590575757839419,1,0,1,0,0,1,0
46,22,147.6558837890625,90732,1,3.117028829985458,2,0,0,0,0,0,1
43,30,37.08213806152344,95466,4,1.9363138890383769,3,0,0,0,0,0,0
45,19,30.63229751586914,95461,4,0.1669624297574973,2,0,1,0,0,1,0
44,21,182.70306396484372,94709,2,7.878525221317309,1,0,0,0,0,0,0
42,18,80.88545989990234,94748,2,2.0574890742595158,3,0,1,0,0,0,0
26,0,103.53436279296876,94820,4,0.3370187701119882,2,0,1,0,0,0,1
43,25,103.15045928955078,92835,2,4.566303826612913,1,0,1,1,1,1,0
23,2,51.579219818115234,91815,2,1.8212142478597275,3,109,0,0,0,0,0
35,10,50.40299987792969,93942,1,0.6058878499108391,2,0,0,0,0,0,0
52,28,60.88323211669922,94715,2,1.74890193819035,1,0,0,0,0,1,0
47,16,119.76091766357422,91887,2,1.2290821784526085,1,0,1,0,0,0,0
59,26,47.16387176513672,95012,4,1.1999833791912535,1,0,0,0,0,0,0
33,13,90.56719970703124,95592,2,2.107927454197224,1,0,0,0,0,0,0
43,16,72.95175170898438,95313,2,2.9156243329437945,1,0,0,1,0,0,0
40,17,68.86003112792969,92883,4,2.2902328724660093,1,0,1,0,0,0,0
35,12,150.76956176757812,95693,2,2.164906020233051,1,384,0,0,0,0,0
40,13,80.2557601928711,95200,3,3.914381547723138,2,0,0,0,0,1,0
38,17,47.25374984741211,95448,2,1.3069058926719166,2,0,0,0,0,0,0
56,39,183.3713836669922,92407,2,2.508221866593883,1,0,0,0,0,1,0
52,27,53.198360443115234,90943,3,0.5347523668607023,2,0,0,0,0,0,0
44,24,35.52141571044922,90882,3,0.5072179988944008,1,0,1,0,0,1,0
62,38,39.321434020996094,94522,4,1.4493609734927384,3,0,1,0,0,1,0
44,18,32.71034240722656,95050,2,0.1873948923580187,1,92,0,0,0,0,0
49,14,12.64491844177246,94463,4,0.781681329734661,1,0,0,0,0,0,0
65,39,72.37336730957031,95561,3,1.6650583297221015,2,0,0,0,0,0,0
49,18,17.399639129638672,92125,4,0.9670111668404906,1,0,0,0,0,1,0
37,15,35.56992721557617,92772,3,0.2451244450695468,2,0,0,0,0,0,0
56,32,58.70597457885742,93834,1,2.3275978112301923,2,0,0,0,0,1,0
27,3,80.3647689819336,90942,3,2.1664837876211696,2,0,1,0,0,0,0
63,41,34.02899169921875,92023,1,0.3790833025189696,1,0,0,0,0,1,0
36,0,52.37200546264648,95005,3,1.949550442996304,2,0,0,0,0,1,0
64,35,115.25463104248048,91799,2,3.3564262703451258,1,0,1,0,0,1,0
52,26,63.784576416015625,94445,2,3.059708972560094,2,0,1,0,1,1,0
58,31,16.117843627929688,93982,2,0.039759332644718,1,78,1,0,1,1,0
46,25,39.26664352416992,94994,4,0.1106950310900755,1,0,0,0,0,1,0
34,14,90.8111343383789,91906,3,1.1330135725207602,2,0,1,0,0,0,0
62,41,29.871143341064453,95567,2,0.9500167196722318,1,0,0,0,0,0,0
62,39,33.865272521972656,95320,3,0.4368872361691397,2,0,0,0,0,0,0
53,22,35.264732360839844,91357,1,1.492062568111396,1,0,1,1,0,1,0
24,1,141.08197021484375,94621,4,3.589667354431513,3,0,0,0,0,0,0
33,9,64.91654968261719,95260,4,0.2226296287027916,2,378,1,1,0,0,0
37,13,116.4724578857422,95287,2,3.551389302668864,1,264,1,0,0,1,0
50,31,69.88481140136719,89868,3,2.0152939519447823,2,0,0,0,0,1,0
41,16,170.834228515625,90391,4,2.6314102694747152,3,156,0,1,1,1,1
34,11,29.290809631347656,93383,4,0.4738723113775379,1,0,1,1,0,0,0
43,22,64.31497192382812,93332,1,1.0949036602896585,3,0,1,0,0,1,0
33,10,50.3798713684082,94476,2,1.5991152699157165,3,95,0,0,0,0,0
61,33,53.82733154296875,95629,2,1.424278858181924,1,0,1,0,0,0,0
31,6,61.17280197143555,93876,1,0.7859984062861332,3,0,0,0,0,1,0
40,14,46.97642517089844,95095,3,2.616984620377468,2,0,0,0,0,1,0
35,13,20.11027717590332,92524,3,0.8444308882112664,1,240,1,0,0,0,0
41,25,69.21968078613281,92684,1,1.9119716424616628,1,0,0,0,0,1,1
54,40,87.37942504882812,94092,2,3.684997603558516,1,0,0,0,0,0,0
36,12,50.86837387084961,94345,3,0.1359536433756971,2,0,0,0,0,0,0
49,27,55.06911849975586,94382,1,2.090180595184308,2,0,1,1,1,1,0
46,19,26.471263885498047,91945,4,0.8534279750735065,1,0,0,1,1,1,0
52,22,71.17787170410156,94240,4,2.92037264917597,1,384,1,0,0,1,0
57,31,70.705810546875,90234,1,0.4094521905218651,2,0,0,0,0,0,0
44,24,89.73321533203125,89847,1,0.3089160018870527,1,0,0,1,0,0,0
64,35,100.49006652832033,93467,3,8.15874586858247,2,0,0,0,0,1,0
58,22,75.74726867675781,92479,1,3.304529467472899,3,0,0,0,0,1,0
56,31,62.10821914672852,91497,4,4.114902757669754,1,0,1,0,0,0,0
64,41,70.15438842773438,90470,1,0.1346401228058874,1,0,0,0,0,1,0
41,20,63.20519256591797,93133,4,0.2906693603617104,3,0,0,1,0,0,0
56,29,51.034706115722656,90533,3,0.2420162972430914,3,0,0,0,0,1,0
50,14,58.83600997924805,94263,2,2.3023963573614226,2,0,1,1,0,1,0
39,12,181.3053131103516,92930,2,6.961404829495101,1,0,1,0,0,0,0
62,33,22.72945976257324,90499,1,2.092510409802861,1,0,0,0,0,1,0
47,28,90.76335906982422,92248,2,0.840653897723579,3,0,1,0,0,1,0
32,22,107.32777404785156,94951,3,6.013194110925652,1,0,0,0,0,0,0
54,26,62.971412658691406,95657,4,0.233668746182705,1,176,0,1,0,1,0
47,26,43.33647918701172,94830,2,2.110324951319122,1,325,0,0,0,1,0
60,26,100.87661743164062,91150,2,3.502569854191189,1,225,0,0,0,1,0
45,25,52.53919982910156,95081,4,0.8779064111103287,3,0,0,1,0,0,0
31,7,31.86079788208008,91514,2,0.2867378143485766,3,95,0,0,0,1,0
61,34,45.98808670043945,92706,1,1.004047223059867,3,0,0,0,0,0,0
59,25,101.4707489013672,89924,2,4.322567165864997,3,0,0,0,0,0,0
47,20,21.704627990722656,92050,4,0.0016271064497885,3,0,0,0,0,1,0
52,31,30.76840209960937,89802,2,0.4563595084323043,1,0,0,0,0,1,0
61,25,61.13962936401367,90963,4,2.852244616479929,2,0,0,0,0,0,0
34,8,28.812129974365234,95092,3,0.3289348134143751,2,0,0,0,0,1,0
38,10,57.22809982299805,94809,3,2.368747975359484,3,0,1,1,1,1,0
26,1,127.04805755615234,94862,1,4.320422159861416,1,0,0,0,0,0,0
52,36,35.75697326660156,95816,4,0.0545863666952078,1,0,0,0,0,0,0
60,37,22.255983352661133,92005,3,0.467322580121596,3,0,0,0,0,1,0
60,32,50.83952331542969,94042,2,0.2660360410868383,2,0,0,0,0,0,0
66,39,37.55986404418945,95361,4,1.2934571118104246,2,0,0,0,0,1,0
55,27,34.34257125854492,93034,2,0.1413576290555126,1,144,1,0,0,0,0
61,32,42.83727264404297,92628,2,0.7830586018444275,2,0,0,0,0,0,0
59,35,121.48863983154295,92072,1,4.015318452731087,1,250,0,1,0,0,0
61,39,14.28573513031006,95595,3,0.6974464638568183,2,0,0,0,0,1,0
60,40,31.459104537963867,89922,2,1.3405758400081231,1,0,1,0,0,0,0
41,16,52.40561294555664,95947,4,0.2642432861574003,2,0,0,0,0,0,0
45,17,104.84182739257812,91356,4,2.125348518359878,2,0,0,0,0,0,1
53,30,116.91022491455078,92042,1,2.178318252913834,1,0,0,0,0,0,0
63,36,40.975494384765625,90134,2,1.840912631994352,1,100,0,0,0,1,0
64,38,43.01098251342773,95221,3,1.373423053905368,3,0,0,0,0,0,0
44,18,132.31539916992188,91981,1,2.295199523407085,2,0,0,1,0,1,1
39,18,33.29271697998047,96208,2,0.7330929822296467,3,0,1,0,0,1,0
54,30,48.4926986694336,91540,4,0.3583214145289808,2,0,0,1,0,0,0
33,17,37.36343002319336,93093,3,0.1037758344974207,1,421,1,1,1,1,0
45,22,157.0623321533203,92973,2,2.095853153182218,1,294,1,0,0,0,0
26,5,120.0654296875,92784,2,3.057211039493071,1,0,0,0,0,0,0
53,31,24.4598388671875,89861,4,0.3741489225526033,1,103,0,0,0,1,0
52,25,35.01549530029297,93837,4,0.5034812585669582,2,0,0,0,0,0,0
53,31,75.120361328125,95956,4,2.59210467897823,2,0,0,0,0,0,0
44,19,118.48486328125,94342,2,3.7057022723491606,1,215,0,0,0,0,0
66,39,144.00779724121094,94506,2,1.2118992496283387,1,0,1,0,0,0,0
44,12,22.582612991333008,94339,2,0.512334563557634,1,0,0,1,0,0,0
38,16,37.765892028808594,94668,3,1.0102993115937051,1,0,0,1,0,1,0
56,34,27.085634231567383,95087,4,0.6359698144061063,2,101,1,0,0,1,0
64,39,28.01006317138672,91188,3,1.0799498002499344,3,0,0,1,0,1,0
59,35,73.28288269042969,91311,2,1.0223698231097815,3,84,0,0,0,1,0
60,26,64.43490600585938,90277,2,0.6356196089381955,3,80,0,0,0,0,0
32,13,19.045978546142575,90465,3,0.4046386621500856,1,0,0,0,0,0,0
63,37,78.33393859863281,93607,4,1.8246532575325105,1,219,1,0,1,1,0
37,15,29.948745727539062,94586,2,0.1071164569824208,2,0,1,1,1,1,0
41,18,69.55682373046875,91132,1,0.0695057732295701,1,0,1,0,0,1,0
43,23,90.6568603515625,94772,1,2.207512212113946,3,0,0,0,0,0,0
43,16,45.65226745605469,94105,2,0.1849217141839922,3,0,0,0,0,1,0
30,1,65.27395629882812,92115,2,1.5223045467585377,3,0,1,0,0,1,0
46,20,47.70916366577149,91981,4,1.0706122659709316,3,0,0,0,0,1,0
41,22,52.52409362792969,94309,1,0.7833724467524035,1,0,1,0,0,1,0
25,13,169.15171813964844,92430,1,3.7020577733240296,3,232,0,0,0,1,1
31,6,146.51539611816406,94436,2,4.471537413381573,1,0,1,0,0,1,0
56,30,107.56358337402344,94610,1,1.4737152966417582,2,0,0,1,0,0,0
44,22,37.7847900390625,92162,2,0.0155238511195522,1,0,0,1,0,1,0
43,27,95.4236831665039,90618,1,2.0422970718815754,1,0,0,0,0,1,0
38,14,56.09087371826172,94917,2,1.9796794948368608,1,0,0,0,0,1,0
29,8,169.4222412109375,91249,1,3.496027253469817,1,308,1,0,0,0,0
56,14,54.62236404418945,94669,1,1.6779400996426397,3,459,0,0,0,1,0
47,29,52.10874938964844,94974,3,1.711026689490043,2,0,1,0,0,0,0
34,9,41.78326034545898,90564,4,1.6295877856036407,3,100,0,0,0,1,0
31,3,154.55166625976562,96097,2,3.9906008902652377,2,99,1,0,0,0,1
60,36,40.02750015258789,92702,4,3.321077517829085,1,0,1,0,0,1,0
47,21,42.461368560791016,92061,4,1.6261697550044043,2,0,0,0,0,1,0
33,7,33.588504791259766,91203,4,1.9549614879223285,3,116,0,0,0,1,0
29,8,71.96833801269531,95421,4,2.630361481357349,3,129,0,0,0,1,0
62,38,62.86215591430664,90935,1,0.0975375658636451,1,0,1,0,0,1,0
55,39,47.823768615722656,91569,3,0.4187799671793041,1,0,0,0,0,1,0
58,29,68.29623413085938,95545,1,3.675624219439416,3,0,1,0,1,1,0
60,30,68.11000061035156,91009,4,2.1351629221001427,3,0,0,0,0,1,0
52,10,25.32450485229492,92160,4,0.4112933024003328,2,0,0,0,0,1,0
44,28,56.00209426879883,94113,4,1.721596941682243,3,176,0,0,0,0,0
57,31,30.1446533203125,90329,3,2.739325203534773,2,0,1,1,0,1,0
42,16,71.23287963867188,92377,2,0.4015675101169552,3,177,0,0,0,0,0
60,34,84.09976196289062,92822,2,0.3989166204130421,1,441,0,0,0,1,0
28,4,52.91926574707031,95509,1,1.4052527769587448,3,228,0,0,0,1,0
63,30,76.09215545654297,94570,2,2.995955852686991,2,0,1,0,0,0,0
32,10,43.457275390625,94266,1,4.354538402852516,3,397,0,0,0,0,0
44,32,21.918540954589844,96371,4,1.5350488568466032,1,175,0,0,0,0,0
51,16,20.03116226196289,95329,2,0.3408220159955614,2,0,0,1,0,1,0
58,33,89.72565460205078,92100,2,0.2869141143065598,1,0,1,0,0,0,0
35,18,165.80369567871094,90320,2,7.627774803758888,1,219,0,0,0,1,0
32,6,192.7177581787109,93256,3,5.853079468791909,3,0,0,0,1,1,1
39,17,71.40190887451172,95600,3,2.310985838537028,1,0,0,0,0,1,0
31,9,120.98880767822266,95487,3,0.9743760736966004,2,0,0,0,0,1,0
32,6,77.87553405761719,92699,1,1.3138388615270788,2,0,0,0,0,1,0
29,4,29.82404899597168,92420,1,1.296689204688199,3,0,0,1,1,1,0
46,16,125.70089721679688,93119,2,3.245575941656706,3,0,1,0,0,0,0
55,32,8.134912490844727,90965,2,0.2796478517459202,3,0,0,0,0,1,0
33,17,186.6876373291016,95867,1,1.998248807130428,1,105,0,0,0,0,0
31,7,128.22607421875,94398,2,2.1421032372775217,1,0,1,1,1,1,0
29,3,74.09280395507812,92066,2,3.79976005034274,3,151,1,0,0,1,0
51,28,116.05976104736328,90272,1,2.046109670544571,2,0,0,1,0,1,0
54,33,29.318920135498047,90332,4,1.3181122326474353,1,121,1,0,0,0,0
42,14,191.8291473388672,94038,2,7.594847801466426,1,0,1,0,0,1,0
62,39,84.98979187011719,90193,3,3.061954219117747,3,0,1,0,0,1,0
34,14,164.6463165283203,92075,2,5.106881601957899,1,0,0,0,0,0,0
51,26,20.570220947265625,96365,1,0.2885283412086375,3,101,0,0,0,0,0
54,28,34.05067825317383,93695,3,2.2119492470392097,3,0,0,0,0,0,0
64,40,122.4164810180664,92844,3,0.1667164287559604,3,0,0,0,0,0,0
53,27,18.96377944946289,94040,2,0.4452515479231315,2,64,0,0,0,0,0
34,12,48.70312881469727,92267,2,0.3319396278760768,1,0,0,0,0,0,0
44,-1,65.52838134765625,94622,4,1.8148886443257757,1,0,0,0,0,1,0
33,13,14.063481330871582,93969,4,0.3302227347259095,3,99,1,0,1,1,0
35,10,51.96990585327149,94670,1,0.7618414031519657,3,170,1,0,0,0,0
48,32,132.4212188720703,94278,4,6.15854533911377,2,0,0,0,0,1,1
49,20,21.44483184814453,92013,3,0.4861392673537152,1,0,0,0,0,0,0
58,35,52.84908676147461,94059,2,0.7482500343413457,1,0,0,0,0,1,0
63,38,47.36344909667969,90280,1,0.1929562577223563,3,0,1,0,0,0,0
39,14,35.896583557128906,94538,4,2.3859300298848267,2,153,1,1,1,1,0
24,0,47.54832077026367,89799,4,1.6941044574193933,2,0,0,0,0,1,0
47,6,52.66611862182617,93586,3,0.9950238637155332,1,0,0,0,0,0,0
49,14,14.885988235473633,92569,1,0.325488015977332,2,0,0,0,0,1,0
62,28,20.23600959777832,92533,2,1.9236665748348436,3,0,1,0,0,1,0
46,9,54.7985954284668,92158,1,0.7494855966561146,1,0,0,0,0,1,0
43,31,54.21891784667969,95903,2,2.391804433326277,2,0,0,0,0,1,0
27,0,13.643839836120604,93649,2,0.636065239267045,3,0,0,0,0,1,0
63,38,53.278717041015625,89909,3,1.739127221988927,1,0,0,0,0,0,0
31,8,49.42032623291016,93409,4,2.475537848772849,1,0,0,1,1,1,0
65,35,149.9935302734375,93163,3,3.84535578035254,1,223,1,0,0,0,0
52,29,70.31871032714844,90535,4,1.6648505329093122,3,167,0,0,0,1,0
30,6,41.26619338989258,94775,3,0.4407686560552867,3,0,0,0,0,0,0
53,38,122.4335708618164,96014,2,4.547398023457853,1,172,1,0,0,1,0
53,22,65.44904327392578,90265,1,1.3382199641006207,3,0,0,0,0,0,0
36,21,145.4197235107422,91982,1,3.173525222003275,1,0,1,0,0,1,0
45,34,178.4884796142578,94379,4,3.974150405453872,3,0,0,0,0,1,0
53,26,55.3956298828125,95368,2,0.3210873925388808,1,0,1,0,0,0,0
36,13,65.35659790039062,91303,2,2.2057378063323774,2,0,1,0,0,0,1
63,33,80.02433776855469,94448,3,0.6196576112453064,2,146,0,0,0,1,0
60,34,52.84307861328125,92059,2,1.4481625905244706,3,0,0,0,0,1,0
42,16,41.38719940185547,94627,2,0.5152200184141218,2,0,1,0,0,1,0
62,38,84.24179077148438,93765,3,1.7770573187002865,2,0,1,0,0,1,0
26,11,35.6796760559082,95741,3,0.2051945698446696,2,0,0,0,0,0,0
32,8,40.34163284301758,92475,1,0.905914309757333,2,0,0,0,0,1,0
58,27,128.57359313964844,90413,2,3.392244813058168,2,0,0,0,0,0,1
61,38,52.0723876953125,90138,1,1.6812577350803048,1,0,0,0,0,1,0
29,8,143.9103240966797,94610,2,1.9148401247112012,1,0,0,0,0,1,1
56,18,45.7486572265625,94554,3,1.624999319169712,1,150,1,0,0,0,0
24,13,26.814172744750977,91895,4,0.6080820559523809,2,0,1,0,0,0,0
49,33,83.71865844726562,93720,3,0.0454478351112395,1,0,0,0,0,0,0
45,23,42.67353439331055,94812,1,0.644197013165506,1,0,0,0,0,0,0
40,18,170.40907287597656,90176,2,4.114044991315268,1,0,0,0,0,0,1
60,33,26.541791915893555,90307,1,2.259846855493328,3,385,0,0,0,1,0
35,17,29.03158569335937,94088,3,0.3902773640299247,2,131,0,0,0,0,0
62,36,38.44090270996094,92071,3,1.0210577207948386,2,0,1,0,0,1,0
56,24,59.05054473876953,92974,4,2.562040696893981,1,0,1,0,0,0,0
32,9,44.4664192199707,94210,4,3.786059269469239,2,142,0,0,0,0,0
26,3,20.08500289916992,92187,3,0.3449001270022179,2,0,0,0,0,0,0
53,27,51.87451553344727,95403,4,2.327057563665874,2,0,0,0,0,0,0
38,9,145.55593872070312,93168,3,0.000693170101284,3,0,0,0,0,1,1
55,35,132.17135620117188,92243,4,1.7782448399709212,1,0,1,0,0,0,1
60,34,59.692420959472656,92798,2,0.5696104776566215,3,0,0,0,0,1,0
56,29,22.91697883605957,94801,4,0.2997617097871513,3,0,0,0,0,0,0
54,31,56.9871711730957,90418,1,3.652600101371144,1,0,0,0,0,0,0
41,9,141.4608154296875,90116,4,0.1725716355241565,1,631,0,0,0,0,0
34,20,30.5798397064209,91704,1,0.2313345500432473,1,0,0,0,0,1,0
60,38,109.84498596191406,95394,3,3.972470044549386,1,0,1,0,1,1,0
41,10,130.72193908691406,91779,2,3.392581711468157,1,0,0,0,0,1,0
25,1,162.76344299316406,95114,2,1.1821995537610346,1,250,1,0,0,1,0
46,20,47.58199691772461,93941,2,1.3362787520456378,1,0,1,0,0,0,0
32,6,73.18888854980469,91794,3,2.619548039007478,3,0,0,0,0,0,0
53,28,92.16454315185548,91911,4,1.7742245880987568,1,94,1,0,0,1,0
53,28,26.453903198242188,92553,3,0.3467259618831386,1,0,1,1,0,0,0
40,15,161.232421875,93191,2,3.932011763296563,1,0,1,1,0,0,0
47,27,129.8078155517578,95624,3,1.4927703770556957,2,318,0,0,0,1,0
47,23,60.15480422973633,94278,4,0.986361333555512,1,0,1,0,0,0,0
24,1,28.70012855529785,90775,2,1.757940944115029,2,145,1,0,0,0,0
44,16,61.51741409301758,92651,4,2.1105384838247323,2,0,0,1,0,0,0
43,24,26.188112258911133,94088,3,1.2668015682913822,2,85,0,0,0,0,0
57,31,59.76769256591797,95500,4,0.9528936924290996,2,0,0,0,0,0,0
55,26,53.55195617675781,95546,3,0.857475493156088,2,0,0,0,0,1,0
41,9,80.626708984375,93190,1,1.6685453609728258,3,150,0,0,0,0,1
30,3,142.62957763671875,90306,4,5.460853218426365,2,459,0,0,0,0,1
45,33,125.0142822265625,94608,2,2.051004410872427,2,0,1,1,1,1,1
56,36,44.71644973754883,94722,1,1.6268521455787972,3,0,0,0,0,1,0
61,37,77.00470733642578,94619,1,0.303131008794961,1,123,0,0,0,0,0
41,22,61.12614440917969,92387,2,0.8057212716150544,2,0,1,0,0,1,0
48,20,111.41029357910156,92912,1,0.3381375676756447,1,0,1,0,0,1,0
58,31,60.317161560058594,93725,4,1.7559511898939886,3,0,0,0,0,1,0
62,33,68.12984466552734,92747,1,1.1607782406118452,1,160,1,1,1,1,0
54,22,27.87666893005371,89951,4,0.4646689421669641,2,0,0,0,0,1,0
46,16,96.11760711669922,91900,2,7.866474839890646,1,0,0,1,0,1,0
55,27,134.18408203125,93381,1,4.128473340941389,3,0,0,0,0,1,0
29,6,26.500720977783203,96093,4,0.6262635931643863,1,0,0,0,0,1,0
43,14,29.77879524230957,94234,1,1.1248826725717609,3,0,1,0,0,1,0
34,11,47.91967010498047,93203,4,1.4649573619417977,3,0,1,0,0,1,0
45,16,97.4224624633789,92077,2,1.337170760791558,1,0,1,0,0,0,0
57,34,25.744802474975582,94597,2,1.2743649130785013,2,82,0,1,0,1,0
57,23,76.61829376220703,93951,1,0.9138078288184583,2,0,1,0,0,0,0
54,17,54.54039001464844,90952,4,0.8233349478377757,1,137,0,0,0,1,0
63,32,41.56948471069336,91291,3,6.296111884166369,1,0,1,0,1,1,0
34,10,163.9603729248047,92764,1,4.732951993496384,1,0,1,0,0,1,0
65,22,66.61248016357422,94200,3,2.7517796640958263,1,0,0,0,0,0,0
35,7,88.75221252441406,95255,1,2.058363098583319,1,268,0,0,0,1,0
43,23,60.78610610961914,94405,1,0.2767164971949644,1,0,1,0,0,1,0
42,17,153.50186157226562,94779,2,4.679843351131305,1,0,1,1,1,1,0
27,-1,50.63394546508789,92142,4,1.1285160832293406,3,0,0,1,0,0,0
39,15,196.2358245849609,94780,2,8.806412242945452,1,0,0,0,0,0,0
35,10,111.44178771972656,94594,1,0.6852284251704656,1,241,0,0,0,0,0
31,12,162.2379608154297,92174,4,3.046963383323507,1,0,0,0,0,0,0
51,26,55.91680145263672,93180,4,0.2726981231948958,3,101,1,0,0,0,0
50,21,56.56172180175781,91143,4,0.5006996259660068,3,0,0,0,0,0,0
55,31,128.61328125,94517,1,1.3953298302733956,3,0,1,0,0,1,0
62,35,77.37445831298828,94430,1,1.3119576749880946,2,0,1,0,0,1,0
39,12,31.5125789642334,94801,3,0.104144946711248,3,0,0,0,0,0,0
50,29,33.960914611816406,91696,3,1.1775764237182051,2,250,0,1,0,1,0
45,20,21.37690544128418,90901,4,0.0646599950428912,2,0,0,0,0,1,0
28,0,92.27861785888672,94541,2,2.100835271073807,1,0,0,0,0,1,0
64,41,32.86278533935547,90106,2,1.8630344463800508,3,244,1,0,0,0,0
32,23,36.524410247802734,94183,3,2.484684002513093,3,0,0,0,0,1,0
62,37,27.727689743041992,89874,4,2.2690155829960093,1,0,1,0,0,1,0
33,2,91.2325668334961,95176,2,2.462925119290146,1,0,0,0,0,0,0
36,15,47.950782775878906,90237,4,0.8321738402388417,3,296,1,1,1,1,0
49,35,99.11045837402344,94439,2,1.8112354195069464,3,0,0,0,0,1,1
28,5,45.07089614868164,92892,4,1.219773246486996,2,122,0,0,0,1,0
48,22,23.91433525085449,91664,1,0.3270415526140566,1,241,0,0,0,1,0
47,28,53.00752639770508,95553,1,0.201895448788779,3,83,0,0,0,1,0
54,30,57.330169677734375,91485,4,2.961664406177799,2,0,1,0,0,0,0
62,40,58.28565216064453,93866,4,0.2207088228734562,1,0,0,0,0,0,0
28,3,15.283652305603027,93471,1,0.9715705429722628,1,94,0,0,0,1,0
39,7,40.874629974365234,95492,2,2.37751479192244,2,0,0,0,0,0,0
60,37,68.09164428710938,96151,1,1.7593052515567418,1,321,0,0,0,0,0
62,37,84.54084014892578,90675,3,1.533993657708436,1,0,0,0,0,0,0
44,15,57.16843795776367,93671,3,4.608495039318316,1,0,1,0,0,0,0
32,6,80.53681182861328,94722,4,1.985028094061389,1,0,1,0,0,0,0
41,25,85.74993133544922,92586,3,1.9917036644427053,3,101,0,0,0,0,0
58,25,33.050636291503906,94930,2,0.2417368092624179,1,86,1,0,0,1,0
59,36,47.857513427734375,94083,1,0.8115449946688263,2,0,1,0,0,1,0
56,36,54.025386810302734,95498,3,0.9079175193984672,1,0,0,0,0,1,0
65,39,54.280517578125,95382,2,2.72851648753749,3,0,0,0,0,1,0
59,24,43.43757247924805,94700,2,0.1093768476114634,3,0,1,0,0,0,0
51,10,109.39562225341795,92194,2,1.7335604437279422,3,0,0,0,0,0,0
59,37,72.82122039794922,94515,2,3.0499062210462653,2,206,0,0,0,0,0
39,4,63.57551574707031,94326,2,2.2230762509873907,2,0,0,0,0,0,0
32,13,176.64218139648438,94478,2,3.242260871640683,1,0,0,0,0,0,0
26,5,40.01310729980469,92832,4,1.1240436504248918,3,230,0,0,0,1,0
27,1,41.40437316894531,91801,4,0.739550965511746,3,0,0,0,0,1,0
56,30,124.63471221923828,92858,2,1.96812888845288,1,259,0,0,0,1,0
55,38,26.251319885253903,93323,4,0.2955594549262588,3,0,0,0,0,1,0
30,17,74.96849822998047,93985,1,0.8669847929227894,2,0,0,0,0,1,0
31,9,63.28743362426758,90678,3,2.0643647083766568,1,0,1,0,0,0,0
63,32,89.02754211425781,95615,2,1.893158860839951,1,0,1,0,0,1,0
35,7,88.89025115966797,96507,2,0.5335917748963519,1,0,1,0,0,1,0
61,34,59.7423210144043,94122,4,1.6241049780774577,2,138,0,0,0,1,0
29,31,149.84255981445312,94927,1,4.695120619203963,2,261,0,0,0,1,1
36,16,80.98853302001953,95120,1,2.5274106651867565,1,0,0,1,0,1,0
48,36,41.883907318115234,94190,4,0.5730973970570812,1,127,1,0,0,1,0
56,29,190.2010040283203,93732,2,2.826167324669308,1,0,0,0,0,1,0
57,34,87.47484588623047,92827,4,3.3519038970281887,1,0,1,0,0,1,0
58,27,56.86864471435547,90251,3,2.81114560997249,2,0,0,0,0,0,0
35,15,38.18135070800781,94566,2,2.792817473891032,3,0,1,1,0,1,0
29,3,25.517932891845703,92479,1,0.2466567967309445,1,100,0,0,0,0,0
53,29,57.057315826416016,94873,3,1.2826524465206006,2,0,0,0,0,0,0
42,27,40.10945892333984,90614,2,2.0741616801842246,3,0,0,0,0,1,0
45,25,77.46561431884766,92681,1,0.3356021305516873,3,0,0,0,0,1,0
45,14,20.904130935668945,91276,4,0.863148324600797,1,0,1,0,0,1,0
24,1,73.32716369628906,92018,2,1.5387046738315509,3,0,0,0,0,0,0
44,18,56.36855697631836,92685,1,1.0644559166091685,2,0,0,1,0,1,0
27,1,21.44178771972656,91500,2,0.2670994903785728,2,0,0,0,0,1,0
32,9,44.89702987670898,92554,1,1.2088967820231205,2,0,0,0,0,1,0
26,3,91.11724090576172,95599,2,1.7302658459844384,1,0,1,0,0,0,0
30,3,68.838134765625,94652,1,0.0096061249037267,3,0,1,0,0,0,0
37,6,36.263648986816406,96029,3,0.0617471358285258,1,238,0,1,1,1,0
64,38,184.6600799560547,90375,2,4.0168544134868585,1,0,0,0,1,1,0
57,35,69.60240173339844,92104,2,0.2069315619855319,2,0,0,0,0,0,0
57,30,19.435317993164062,89914,2,0.824602586065794,3,0,1,0,0,1,0
33,9,36.369407653808594,93354,3,0.1938250566213619,3,0,1,0,0,1,0
49,24,43.85371017456055,89980,2,1.6459380934960004,2,0,0,0,0,1,0
65,39,74.76689147949219,94107,1,1.309345096707189,1,0,0,0,0,1,0
37,2,64.5858383178711,89846,3,2.8589381450573845,1,240,0,0,0,0,0
32,7,54.79125213623047,92216,1,1.1158181698997032,1,130,0,0,0,1,0
48,28,20.75623321533203,91598,3,1.2609894105777912,2,149,0,0,0,0,0
62,39,116.1078872680664,95597,2,0.1706115987414336,1,0,0,0,0,0,0
48,29,146.0263671875,93186,3,5.804373591298536,3,0,0,0,0,0,1
51,30,81.26850128173828,95893,2,3.263111070981543,1,0,0,0,0,0,0
33,6,146.8386993408203,92976,1,4.989217594321534,3,0,0,0,0,0,0
28,1,53.67734909057617,94129,2,1.6401058398242458,3,0,0,0,0,0,0
40,22,53.35094451904297,92030,4,1.6055373856838016,2,0,0,0,0,0,0
40,17,133.32833862304688,91181,1,3.696155906339324,2,0,0,0,0,0,1
42,28,54.02586364746094,94368,4,0.931027245684724,3,0,1,0,0,1,0
47,18,56.07796096801758,90047,4,0.3318550860699986,1,0,1,0,0,0,0
41,19,25.946430206298828,90949,1,0.2303240208589543,2,143,0,0,0,1,0
41,18,113.1213836669922,89955,2,2.542534427111009,3,201,0,0,0,1,1
60,33,30.92277336120605,95103,1,1.5986545455300798,2,0,0,0,0,1,0
33,24,157.15411376953125,91990,2,5.108314812708035,2,0,1,0,0,0,1
53,29,31.8848934173584,95431,4,2.7419050165550742,1,216,0,0,0,0,0
38,23,22.390155792236328,92998,2,0.1003205539504452,1,107,0,0,0,0,0
57,32,47.08534622192383,91302,3,1.97035512897416,3,0,0,0,0,1,0
44,23,96.71736907958984,94690,4,2.923538434557079,1,0,0,0,0,1,0
59,33,14.70437240600586,95063,3,0.3797978281685071,1,0,0,0,0,1,0
41,24,78.27688598632812,95367,3,1.1265371225762106,1,0,0,0,0,1,0
43,19,60.589599609375,94858,1,0.352712876287674,1,0,0,0,0,1,0
55,27,77.21851348876953,92082,2,1.3970584022256445,1,0,1,0,1,1,0
64,40,92.84678649902344,90071,1,0.9437424497228368,2,0,0,0,0,0,0
63,39,143.36123657226562,94296,1,1.5800938596310092,1,0,0,0,0,1,0
54,28,47.1664924621582,94598,4,2.61570943536064,1,137,0,0,0,1,0
52,22,100.75364685058594,93914,2,0.834228530770005,1,0,0,0,0,1,0
60,30,153.1038818359375,94099,2,4.005537133941966,1,0,0,0,0,0,0
32,12,101.56893157958984,95395,1,2.9282356280385864,1,0,0,0,0,1,0
47,25,73.48798370361328,94766,2,0.4623505126507055,1,0,1,0,0,0,0
49,24,65.19703674316406,91203,1,0.1796591266548987,1,0,0,0,0,0,0
34,8,21.200761795043945,91860,3,0.8469749579073584,2,0,0,0,0,0,0
43,14,99.0284652709961,93882,2,1.9017603854564096,1,0,0,0,0,0,0
48,24,28.14082908630371,94710,4,0.201090754227618,2,155,0,0,0,1,0
37,11,70.14601135253906,91670,1,4.188729230461407,2,0,1,0,0,1,0
33,2,91.4575424194336,94835,4,2.0209933461420344,1,0,1,1,0,1,0
64,39,42.39293670654297,94976,3,0.7555916300434974,1,107,0,0,0,1,0
44,17,82.82907104492188,95096,4,0.0612115862935137,2,0,0,0,0,0,0
34,3,133.4073486328125,90846,4,1.5799384822365472,3,376,0,0,0,1,0
61,27,60.41446685791016,93268,3,0.9403676841877529,3,536,0,0,0,1,0
24,-1,159.40037536621094,94832,1,4.2313115353606685,2,0,1,1,1,1,1
59,24,96.68515014648438,89819,2,2.731733782827764,1,0,0,0,0,0,0
32,7,35.63307189941406,95934,4,1.4879684280950791,1,0,0,0,0,0,0
45,23,73.96977996826172,89706,3,1.515568066839982,3,98,0,0,0,0,0
40,12,19.74687767028809,93698,4,0.7727889438407654,2,103,0,0,0,1,0
53,26,15.41171646118164,94829,1,0.7274107607397446,1,95,0,0,0,1,0
56,35,82.34169006347656,91123,3,0.3079176538005766,1,0,1,0,0,0,0
45,20,65.51856994628906,91917,3,1.307470495740045,2,150,0,0,0,0,0
29,4,168.91419982910156,91588,1,3.906326900488073,1,0,0,0,0,1,1
59,34,119.55191040039062,90337,1,1.7866672842587108,1,0,0,0,0,0,0
46,23,62.66680145263672,94879,1,2.274578096215582,3,0,1,0,0,0,0
53,23,44.598106384277344,92931,1,0.0127876614442797,3,0,1,0,0,1,0
57,32,87.7170181274414,93234,1,3.984938723194134,1,169,0,0,0,1,0
38,15,10.955931663513184,93829,4,0.8845588377382954,1,0,1,0,0,0,0
28,7,77.39942932128906,91380,3,0.348383137529194,2,0,0,0,0,1,0
26,1,68.26034545898438,93669,2,1.808570910319258,2,0,0,0,0,0,0
53,27,54.72599029541016,91946,1,2.41549736424736,1,0,0,0,0,1,0
48,23,42.04779052734375,94671,1,1.4971029103750602,3,0,1,0,0,1,0
36,8,125.2063980102539,93275,1,0.2190665411833101,3,0,1,0,1,1,0
36,2,66.21139526367188,91594,1,1.448178876363421,3,0,0,0,0,1,0
58,34,149.6639404296875,90911,1,2.0943264199251765,1,0,0,0,0,1,0
27,2,193.5734100341797,94343,2,6.016456511788819,1,0,1,0,0,0,0
43,22,51.29584884643555,91863,4,2.1722331383796183,1,0,0,1,0,1,0
36,6,64.71682739257812,92732,4,2.025043124732009,3,0,0,0,0,1,0
40,11,49.37503433227539,90382,2,1.0662305172839346,2,0,0,0,0,0,0
51,20,113.60728454589844,89965,1,1.3477325176357386,3,0,0,1,0,0,0
55,27,61.10712814331055,94366,4,1.12720946937124,1,0,0,0,0,1,0
42,19,50.31419372558594,95397,4,1.503574955007808,2,105,0,0,0,0,0
54,35,124.87336730957033,91267,1,0.0334043870918039,1,0,0,0,0,0,0
50,35,60.48809814453125,93871,4,3.192384347864247,1,0,0,0,0,0,0
56,19,39.22593307495117,94327,2,2.174522990166915,1,0,0,0,0,1,0
41,12,87.48646545410156,94485,1,3.617990004822581,3,111,1,0,1,1,0
38,12,58.8551025390625,96338,1,1.6290548302750836,1,0,1,0,0,1,0
61,36,114.61416625976562,94143,3,1.1853096993914596,1,0,1,0,1,1,1
32,6,115.2215805053711,90301,2,2.5162572849616147,2,0,1,1,0,1,0
58,30,57.13026428222656,95420,3,2.4012515270072186,2,176,0,0,0,1,0
60,36,27.716405868530277,91981,4,0.4073158386834528,2,0,0,0,0,1,0
62,37,77.49311065673828,90016,2,0.160388353540642,3,0,0,0,0,1,0
63,33,114.93195343017578,93984,2,7.296899737829614,1,0,0,0,0,1,0
35,20,14.355587005615234,91743,4,0.0538003930394263,2,111,0,0,0,1,0
29,2,167.2419891357422,95768,1,3.149075159122827,1,0,1,0,0,1,1
62,36,46.40697479248047,96271,3,1.9456213344799005,3,0,0,0,0,1,0
29,2,100.41871643066406,94421,1,0.7761591607138112,3,0,0,0,0,1,0
52,33,140.2323760986328,92829,3,0.5960615827691812,3,163,0,0,0,1,1
30,16,65.96739959716797,92275,3,2.316496943080033,1,0,1,0,0,0,0
41,20,53.65085983276367,96127,2,0.6361159690844214,3,0,0,0,0,1,0
43,31,39.82543182373047,95556,4,2.30548885636943,2,0,1,0,0,1,0
49,22,51.63053894042969,93237,3,0.0233295509188142,2,0,1,0,0,0,0
34,12,19.57785415649414,95656,2,2.3498057334158573,3,0,0,0,0,0,0
46,30,72.54888153076172,95672,3,2.4387897730802885,2,141,0,0,0,0,0
46,26,141.1754608154297,91682,1,4.220376710967627,3,184,0,0,0,0,0
50,27,54.0196533203125,95652,1,1.4884757369740318,3,0,0,0,0,1,0
33,13,142.11830139160156,96199,2,5.435804118815286,1,0,0,0,0,0,1
29,22,69.12972259521484,94864,2,2.042831508156432,1,239,0,0,0,0,0
36,11,74.27468872070312,92128,3,1.6216716689164064,2,0,0,0,0,0,0
33,17,55.24391555786133,95335,3,7.477433724093766,1,141,0,0,0,0,0
41,13,51.532936096191406,94614,4,0.3003971663464112,1,101,0,0,0,0,0
57,8,28.88152503967285,95554,1,0.5818145504514909,1,103,0,0,0,1,0
43,20,19.425373077392575,95525,3,0.0965472317634248,2,0,1,0,0,1,0
31,7,193.99110412597656,91286,1,3.2152719319523992,3,226,0,0,0,1,0
35,11,52.94477081298828,95692,3,0.190644744532114,2,0,1,0,0,1,0
43,13,71.18204498291016,94219,4,1.7977323910190606,1,100,1,0,0,1,0
54,32,43.07343292236328,95608,1,0.922390028048202,2,0,0,0,0,1,0
57,38,71.15293884277344,96039,3,1.826272064773899,2,0,0,0,0,1,0
42,24,172.78627014160156,94871,1,4.935942442675944,1,158,0,0,0,1,0
37,13,49.172645568847656,94658,1,0.7135328264348273,2,0,1,0,0,1,0
37,19,123.34561920166016,90767,1,1.6341937680568392,1,0,1,1,0,0,0
49,21,16.34078598022461,90350,4,2.040456872697227,1,0,0,0,0,0,0
45,27,71.64567565917969,91635,1,1.040274033129314,1,0,1,0,0,0,0
63,34,19.37591552734375,95592,2,1.2888893086591204,1,189,0,0,0,1,0
41,19,61.1539192199707,95093,1,1.1686727515106563,3,0,0,0,0,0,0
36,11,45.529911041259766,94795,1,1.488704662915716,2,0,0,0,0,0,0
59,31,28.402286529541016,96333,1,2.0572760243963693,2,0,0,0,0,0,0
60,35,143.1397705078125,91997,1,2.8289279586923564,1,0,0,0,0,0,0
33,10,96.1120834350586,95147,2,0.2738343750809062,1,0,1,0,0,0,0
30,4,34.16943359375,95601,2,0.6598316662871211,3,0,0,0,0,1,0
62,26,41.01085662841797,92961,1,1.0552434460949385,3,0,0,0,0,1,0
32,4,28.73032569885254,95255,1,0.9993308638460848,2,0,0,0,0,1,0
54,29,40.290504455566406,89939,1,0.153251224573459,3,0,0,0,0,0,0
45,21,62.35163116455078,94959,1,0.9740166903435136,2,157,0,0,0,0,0
32,8,129.92666625976562,90363,1,3.5398391664899247,1,341,1,0,0,1,0
35,9,63.02277755737305,93677,4,0.9391331832077924,1,0,0,0,0,1,0
65,38,34.391334533691406,94105,3,0.4178380535427989,2,0,1,0,0,1,0
48,22,60.955665588378906,90333,2,0.3818512403512415,3,0,1,0,0,0,0
40,19,49.07917022705078,90604,1,2.431041922877832,3,267,0,0,0,0,0
30,1,47.370975494384766,92881,1,0.6787269097960078,2,0,0,0,0,1,0
31,4,18.62026596069336,92253,1,0.184144805848117,3,0,0,0,0,1,0
32,6,117.51993560791016,95529,1,5.154437008446101,1,0,0,0,0,0,0
35,10,41.93805313110352,94643,2,1.6996070633552358,3,0,0,0,0,1,0
33,9,87.90808868408203,95204,2,2.6192710523090432,1,235,0,0,0,1,0
54,24,69.5500259399414,95300,3,1.5943422452110163,3,382,1,0,0,0,0
66,39,53.1527214050293,94030,1,0.0753140383125044,1,0,0,0,0,1,0
42,19,192.15542602539065,94625,1,1.876052657626008,1,0,0,1,1,1,0
31,3,155.60821533203125,91192,4,0.7261604834252846,1,208,0,0,0,1,0
34,12,59.794620513916016,94559,3,2.603486040476239,2,0,0,0,0,0,0
31,1,52.14827728271485,95149,4,1.3222512244226816,3,0,0,0,0,0,0
45,32,52.65786743164063,94407,2,1.7930770203152162,1,0,1,0,0,1,0
52,20,61.8518180847168,92401,2,1.2726498543760565,3,0,0,0,0,0,0
36,14,88.4946060180664,94586,2,1.3570826873686863,1,0,0,0,0,0,0
54,37,60.5394287109375,93283,2,1.7068223776934337,3,0,0,0,0,0,0
31,14,59.5936393737793,94304,1,0.7689375218567754,1,0,0,0,0,0,0
55,28,86.26016998291016,94549,1,3.7226744181975424,1,236,0,0,0,1,0
44,17,145.5645751953125,90969,1,0.1718768100130647,1,0,0,0,0,1,0
37,8,89.20264434814453,92520,2,1.774106340918404,3,0,0,0,0,1,0
26,5,29.06880569458008,92719,4,0.2137024637508981,1,0,0,1,0,1,0
60,35,14.926897048950195,90460,2,0.4709525113505013,2,0,1,0,0,1,0
49,16,56.81071853637695,95083,3,0.8637644346706409,3,274,0,0,0,0,0
27,2,157.27349853515625,92953,3,5.966163514742319,2,0,0,1,0,1,1
36,10,96.22570037841795,91613,4,6.630620337295335,1,0,0,0,0,1,0
31,4,51.94264221191406,95048,1,1.834998718941175,1,165,0,0,0,0,0
40,13,81.05722045898438,95258,2,0.1217505273627793,1,0,1,0,0,1,0
54,25,25.48816680908203,92352,4,1.2669487616557238,1,0,0,0,0,0,0
58,35,21.29325294494629,91785,2,0.3074432728386926,2,0,0,0,0,1,0
60,37,125.81127166748048,95916,2,0.3776472308069213,2,0,1,0,0,1,0
42,12,53.0282096862793,90227,2,4.328661400101296,2,0,1,0,0,1,0
43,28,108.74591064453124,90231,1,5.4974119029034085,1,0,1,0,0,0,0
48,38,62.94490051269531,94892,2,2.8593233899226917,2,126,1,0,1,1,0
43,23,13.165201187133787,92971,4,0.2380518609195987,1,111,0,0,0,0,0
29,6,47.28865432739258,92277,2,0.3700199307154668,1,116,0,0,0,0,0
55,25,166.66781616210938,94240,1,3.149769735867749,1,0,0,1,0,0,0
64,38,32.34286880493164,92141,3,0.4461929475306968,1,87,0,0,0,0,0
43,3,35.45724105834961,89884,4,0.0393250308818521,1,104,0,1,1,1,0
43,27,130.35626220703125,94533,1,2.476577303304171,1,0,0,0,0,1,0
52,29,45.17584991455078,94953,3,0.4420233041452454,1,0,0,0,0,0,0
43,3,37.93622589111328,94771,4,1.5507869803854886,2,0,0,1,0,1,0
52,25,53.7139778137207,95345,4,1.2144083971573334,2,0,0,1,0,1,0
51,25,35.321170806884766,92910,2,1.923225108703548,3,0,1,0,0,0,0
42,19,58.19419097900391,92329,4,1.6865186123491434,1,0,0,1,0,0,0
41,19,164.9995880126953,93901,2,4.439621753840067,1,0,1,1,0,1,0
54,24,88.70292663574219,95533,3,1.281108898970377,2,0,0,0,0,0,0
65,38,47.39586639404297,90196,2,1.4384837315971288,3,242,0,0,0,0,0
64,37,126.69266510009766,93111,1,4.318612362524179,1,0,0,0,0,1,0
39,20,56.01602554321289,95319,3,1.7097774183487693,3,0,0,0,0,0,0
48,23,155.72743225097656,94868,1,6.56744437083388,1,0,0,0,1,1,0
27,7,25.98788070678711,92221,3,1.3132334532837888,2,0,0,1,0,1,0
43,26,201.8293609619141,89842,1,7.37701673442534,1,0,0,0,0,1,0
35,9,81.77952575683594,90834,1,1.5949084154081994,1,0,0,0,0,0,0
52,34,27.025161743164062,95722,3,0.0485792897688119,1,0,1,0,0,1,0
44,12,36.45738983154297,94696,4,0.0892397242765666,1,95,0,0,0,1,0
38,18,20.670379638671875,90312,4,0.8205352590149672,3,0,0,0,0,1,0
61,33,23.61569595336914,92763,2,0.2796098044289501,3,100,0,0,0,1,0
59,28,103.09249877929688,92899,2,0.1979268664061354,1,0,0,0,0,1,0
40,8,50.7385139465332,94688,3,0.1831259993494555,2,171,0,0,0,0,0
36,4,159.27455139160156,93114,1,2.343334264011379,2,0,1,0,0,0,1
62,28,110.56614685058594,91128,2,3.8901907945279546,3,0,0,0,0,1,0
43,22,36.93022918701172,93971,1,0.5854470979952543,3,85,0,0,0,0,0
53,24,97.00209045410156,93089,2,1.2749074010440722,1,100,0,0,0,0,0
42,18,31.59334754943848,93907,1,0.5010420013544502,1,0,0,1,0,1,0
51,32,36.355690002441406,90116,4,1.6757241217313843,2,0,1,1,0,0,0
64,36,48.28096389770508,91340,2,0.4133564796389573,3,219,0,0,0,1,0
42,4,35.18254852294922,94922,4,2.1648726652411887,1,0,1,0,0,1,0
32,14,58.504615783691406,91372,3,0.6472056203149174,3,0,0,0,0,1,0
40,17,189.58966064453125,95705,1,9.112136922085313,1,0,0,0,0,1,0
58,23,24.90163803100586,92890,1,1.2149087158948555,1,0,1,0,0,1,0
53,33,61.81189727783203,96026,4,2.15872023827183,1,0,1,0,0,0,0
65,37,18.949825286865234,93159,4,0.4503211455775808,2,0,0,0,0,1,0
49,20,61.132774353027344,91303,1,0.1557708343630837,1,0,0,0,0,1,0
54,29,45.21206283569336,92759,1,1.99412625792138,3,0,0,0,0,1,0
67,39,145.0780029296875,95504,1,2.711691223330194,1,0,0,0,0,1,0
32,7,142.77410888671875,91965,3,6.207111779639723,1,0,1,0,1,1,0
42,18,81.058837890625,91978,3,2.567012244275799,2,328,0,1,0,1,0
59,26,103.77472686767578,91595,1,0.1741037266878557,2,116,0,0,0,1,1
37,16,43.91047286987305,94938,2,0.3182496641169714,2,81,1,1,0,0,0
61,38,39.37271118164063,91404,3,1.8894304941851807,3,0,0,0,0,1,0
39,15,122.76344299316406,91485,3,2.0347838474454587,1,0,1,0,0,0,0
37,10,42.841644287109375,95157,3,2.447857677441463,1,0,1,0,0,0,0
38,9,55.945587158203125,94449,1,1.0673589780790564,3,0,0,0,0,0,0
57,33,30.66373634338379,94183,2,0.178118165544567,3,0,1,0,0,0,0
31,6,16.15519905090332,95397,4,1.999094962476288,1,0,1,0,0,1,0
45,34,77.52120971679688,95978,4,0.249016453264205,2,0,0,1,1,1,0
56,21,26.39448547363281,94038,4,1.8061469368611625,3,0,1,1,0,1,0
30,14,107.18913269042967,90299,2,2.9394354906692803,3,0,0,0,0,0,0
45,23,48.330848693847656,95118,3,1.6961109228907254,1,0,1,0,0,1,0
32,7,48.5038948059082,91295,4,1.515817749905107,1,0,0,0,0,0,0
36,15,60.94327926635742,92098,3,1.357927652644768,1,0,0,0,0,1,0
48,17,53.0904541015625,91577,2,2.577657688746076,1,0,1,0,0,1,0
65,42,71.54544830322266,94114,3,0.3813547252255419,1,0,1,0,0,1,0
44,10,53.24919509887695,93870,3,2.1288490166609626,1,0,1,0,0,0,0
64,36,68.6353530883789,95028,2,6.083889006886984,1,0,0,0,0,0,0
41,17,31.25333023071289,90211,1,0.2963375228967078,3,93,0,0,0,1,0
44,23,31.25148200988769,92716,4,0.4629694812320069,1,0,1,0,0,1,0
47,22,65.90097045898438,90559,1,0.2036824979290967,2,0,0,0,0,0,0
61,35,46.29784393310547,90471,1,2.080975539735657,1,0,1,0,0,1,0
51,25,95.11091613769533,94505,1,1.825450131888004,1,80,0,1,0,1,0
60,36,46.531620025634766,90378,3,1.098532859461348,2,0,0,0,0,1,0
55,33,45.1136589050293,92294,1,2.146283331180704,1,0,0,0,0,1,0
29,16,181.8061981201172,95194,1,7.317433941758418,1,0,0,0,0,1,0
42,18,179.99391174316406,90014,1,1.266403885442751,1,382,1,0,0,1,0
44,16,66.98918151855469,94765,2,2.1901284278618287,3,0,0,0,0,0,0
58,31,39.02644348144531,90442,4,1.4322313432457097,2,0,0,0,0,1,0
42,24,14.563486099243164,91009,4,0.5307649580717866,1,106,0,0,0,0,0
48,38,138.48992919921875,90087,2,2.24976950975288,1,0,1,0,0,0,0
61,23,21.325626373291016,90880,3,0.2983356649978414,1,0,1,0,0,1,0
37,20,149.06893920898438,90901,1,0.1555160176136055,1,0,0,0,0,1,0
38,3,98.1007308959961,92968,3,0.4470811404833524,1,0,0,1,0,1,0
61,40,35.333221435546875,95233,3,2.2289846657110526,3,432,0,0,0,1,0
60,29,82.61333465576172,92824,2,2.1577577751638137,1,0,1,0,0,0,0
30,9,19.74846839904785,92108,4,0.8211333197678169,3,92,1,0,0,1,0
51,28,29.329639434814453,94429,3,1.1964683965528518,1,0,0,0,0,1,0
58,36,52.79281234741211,95045,3,0.292237817037877,3,0,1,0,0,1,0
39,24,57.02977752685547,94029,2,1.599450141677444,1,366,1,0,0,0,0
37,9,40.59737014770508,94984,4,0.732430058135331,1,0,0,0,0,1,0
32,9,100.38467407226562,95334,1,1.668008789830455,1,0,0,0,0,0,0
59,38,122.84054565429688,94720,2,0.1961713854411252,1,0,0,0,0,1,0
57,32,43.26042175292969,94267,2,1.8289284526157448,3,0,0,0,0,1,0
46,35,156.88442993164062,95549,3,0.9141233203789868,3,0,0,0,0,1,0
30,10,177.38124084472656,94627,1,2.8744764114705084,3,0,1,0,0,0,1
61,34,39.871376037597656,91294,4,1.5518644684756602,3,143,0,0,0,1,0
29,10,54.250736236572266,95182,2,1.766709160499741,1,0,0,0,0,1,0
47,24,37.74656677246094,94478,1,0.8716831763387902,2,0,1,0,0,0,0
33,9,146.2228546142578,92847,2,5.158698443800073,2,271,1,0,0,0,1
28,2,81.65196228027344,94512,1,2.5127125164180875,3,317,0,0,0,0,0
44,24,171.57188415527344,92867,1,3.8255930211083538,1,0,0,0,0,1,0
43,18,110.24661254882812,91702,3,0.6818486480003614,1,196,1,0,0,0,0
43,30,79.4247817993164,92019,3,2.491024595944624,2,0,1,0,0,0,0
61,34,72.30966186523438,94319,2,0.3110971438060861,1,0,0,0,0,0,0
60,38,114.26627349853516,90957,3,0.5972253092737804,1,195,1,0,0,0,0
31,7,137.5587615966797,90949,1,0.2464130946215965,1,230,0,0,0,1,0
56,38,19.56622695922852,94533,2,0.8125192950190693,1,0,0,0,0,0,0
56,28,137.25965881347656,92159,2,1.6815290476030218,1,237,0,1,0,1,0
59,31,141.4295654296875,90949,2,8.720191874455736,1,0,1,0,0,1,0
37,10,46.62016677856445,94479,3,0.2739154871923767,1,501,0,0,0,1,0
28,7,18.028112411499023,96065,3,0.91112882056107,1,115,0,0,0,0,0
46,18,58.79009246826172,94177,3,1.064647818696785,2,114,1,0,0,1,0
31,3,17.255687713623047,94079,4,0.1058073127739451,3,146,0,0,0,0,0
39,16,50.12723922729492,91298,2,1.8657558175621023,1,150,0,0,0,0,0
40,22,52.58274841308594,92919,3,0.7373820865576125,3,0,1,0,0,0,0
65,38,27.91903305053711,89928,2,0.6068735807384291,2,90,1,0,1,1,0
43,12,114.51237487792967,95448,4,2.618362141649229,2,0,0,0,0,1,0
41,10,208.4326171875,91714,1,6.107600901537996,1,0,0,0,0,0,0
36,9,64.24655151367188,92269,3,0.8664491572905354,2,0,1,0,0,0,0
38,18,43.05563354492188,93087,4,0.7777123763398225,1,108,1,0,0,1,0
45,23,209.91946411132807,91948,1,8.28155303350568,1,0,1,0,0,0,0
52,22,69.6484375,90426,2,1.6023810571660992,3,224,0,0,0,0,0
55,32,68.85604858398438,93851,3,3.268341745098308,3,0,1,0,0,0,0
33,10,67.01950073242188,96234,3,1.1784266642287695,2,158,1,1,0,1,0
50,33,120.44042205810548,90392,2,0.788878093484529,1,0,1,0,0,1,0
34,16,33.441131591796875,92121,3,0.1301270132050217,1,0,0,0,0,0,0
61,39,97.13916778564452,92058,1,1.3263808785686568,2,0,1,0,0,1,0
43,19,121.90359497070312,93353,2,1.3466602000496506,1,147,0,0,0,1,0
66,38,18.450977325439453,93072,4,0.7542493329054071,1,93,0,0,0,0,0
38,9,61.890384674072266,89877,4,2.7181097043395246,3,0,0,0,0,1,0
44,25,44.3966064453125,93836,2,0.882483656085499,1,0,1,0,0,1,0
33,7,55.89468383789063,92410,2,3.558085840247152,3,0,0,1,1,1,0
38,1,45.79421615600586,93066,1,1.1874680545552816,3,0,1,0,0,0,0
32,8,178.5701904296875,92527,1,3.151087919702264,3,0,1,0,1,1,1
36,21,80.7248764038086,90220,2,0.3909453387407481,3,0,0,0,0,1,0
52,20,46.84773635864258,94979,1,1.9277011166736528,3,0,0,1,0,0,0
60,36,43.506622314453125,94395,4,2.0112745719222964,3,63,0,0,0,0,0
57,35,13.101104736328123,96590,4,1.1667899439887472,3,0,0,0,0,1,0
34,28,91.83966827392578,94476,2,2.387168295352406,2,0,1,0,0,0,0
58,33,22.37054252624512,91459,1,1.280785564096257,1,154,0,0,0,0,0
62,28,101.4090576171875,96595,2,2.3516800510127007,3,286,0,0,0,0,0
53,33,44.15937423706055,94958,1,1.5479723902602436,2,100,0,0,0,1,0
46,23,48.37975692749024,93889,2,3.090429447733987,3,0,0,0,0,0,0
63,42,91.03824615478516,94832,4,1.6675650881430455,1,0,1,0,1,1,0
42,15,45.30995178222656,91807,3,1.6927355250929137,1,276,0,0,0,1,0
57,22,33.60173034667969,94306,2,0.5320418363720254,2,0,1,0,0,1,0
26,6,111.08328247070312,94914,2,2.4321353669417,1,0,1,0,0,0,0
55,36,185.42169189453125,92373,1,6.327707513974008,1,259,1,0,0,1,0
26,1,97.88603973388672,90376,3,0.8710233272550901,3,0,0,1,1,1,1
49,23,63.623565673828125,89954,4,1.150809800066264,1,0,1,0,0,0,0
63,38,49.35081100463867,93001,4,2.021361501019774,2,0,0,1,0,0,0
55,16,144.98382568359375,93119,4,1.709327816144006,3,0,0,0,0,0,1
44,21,35.889198303222656,95705,3,2.3220630058733294,2,0,0,0,0,1,0
46,17,100.0385284423828,90594,1,2.1845777443689745,2,0,1,0,1,0,1
45,17,87.55077362060547,92703,1,0.4272652889599614,1,0,0,0,0,0,0
28,17,95.66746520996094,92938,4,6.751770352288701,1,440,1,0,0,0,0
44,17,32.30192565917969,94649,2,0.1832299118813696,3,0,0,0,0,1,0
31,17,30.334379196166992,96114,3,1.8292818578187908,1,123,0,0,0,1,0
56,40,42.07438278198242,95718,2,0.9299379480571676,1,0,0,0,0,0,0
53,23,97.08509063720705,94363,1,0.5946350081184173,1,0,0,0,0,1,0
48,27,99.67881774902344,94187,1,0.1929820878650636,1,0,0,0,0,1,0
26,11,121.3641128540039,95026,2,1.5196209575903552,3,0,0,0,0,1,0
60,38,56.80796051025391,90251,3,0.8090595282840716,2,157,0,0,0,0,0
65,36,67.4826889038086,92938,4,0.4524212049568044,3,173,0,0,0,1,0
30,8,53.70332336425781,92014,2,0.4500930814171822,1,0,0,0,0,0,0
59,31,54.9468994140625,91843,4,0.4432791093422665,2,0,0,0,0,1,0
32,7,41.05167007446289,93140,4,1.2650780383085896,3,0,0,1,0,1,0
58,36,55.216827392578125,90108,1,1.9288389221197424,2,0,0,0,0,0,0
60,32,36.55640411376953,93780,1,0.5001158408622446,2,98,1,0,1,1,0
37,14,95.08761596679688,93964,3,1.992774624986012,2,0,1,0,1,1,0
45,17,139.9346923828125,93190,1,0.1127476487548296,3,223,0,1,1,1,1
32,3,115.5673828125,92180,4,2.037837274815579,2,0,0,0,0,0,0
53,36,69.53108978271484,91807,2,2.207390817670238,3,0,0,0,0,0,0
61,36,23.373210906982425,90214,3,0.8068590163753606,1,0,0,0,0,1,0
62,36,107.99951171875,95621,3,3.5648585644221447,1,0,1,0,0,1,0
30,6,72.75529479980469,95281,3,0.5814342549308115,2,0,0,0,0,1,0
41,16,75.93391418457031,95394,4,1.107509795050871,1,147,0,0,0,0,0
27,2,177.96250915527344,90513,4,2.592621372509581,2,0,0,0,0,1,1
44,33,97.89419555664062,95507,2,1.403335444140014,1,0,0,0,0,0,0
30,12,38.056861877441406,93853,4,2.947298828120034,2,0,1,0,0,1,0
59,37,28.002016067504883,92521,2,2.157612551440415,1,0,1,0,0,1,0
44,25,130.37506103515625,93983,1,3.245233538117348,1,0,0,0,0,0,0
28,2,44.78760147094727,92396,4,0.7924681683780602,1,0,0,0,0,0,0
61,38,114.77460479736328,90066,4,1.392089547801053,1,0,0,0,0,0,0
26,20,39.73769378662109,93339,4,0.1746251859931559,1,0,1,0,0,0,0
27,2,58.825714111328125,96359,2,0.4765874566961534,1,0,0,0,0,1,0
37,18,198.6328125,91540,1,6.4812424248245,1,0,0,0,0,1,0
54,29,59.62262725830078,93262,2,0.4215143333706875,2,0,0,0,0,0,0
61,33,87.94083404541016,90116,1,2.5486739734449584,3,0,0,0,0,0,1
45,21,61.994964599609375,92319,2,0.6426924057567021,1,199,0,0,0,0,0
52,33,80.91838073730469,90618,3,2.4142063981938016,3,0,1,0,0,1,0
62,39,40.40079879760742,92904,3,1.0547183526801995,3,151,0,0,0,1,0
65,41,113.15457916259766,91214,3,0.7173694209646495,2,237,1,0,0,0,0
59,37,90.86798858642578,92168,2,0.979698085165452,1,0,0,0,0,0,0
55,19,86.54127502441406,95276,4,2.693343543483287,1,0,1,0,1,1,0
43,20,203.51022338867188,92266,1,2.7178805174548524,1,0,0,0,0,1,0
28,4,210.1434326171875,95730,3,0.9395561936118764,3,0,1,0,0,1,1
45,28,77.83141326904297,91964,2,3.299673042755672,3,0,1,0,0,0,0
58,29,96.27523803710938,90159,4,6.072342623768303,1,66,1,1,0,0,1
55,34,57.40715789794922,94231,2,2.247236720402926,1,125,0,0,0,0,0
39,29,45.8167839050293,91841,4,0.4850886928581341,2,144,0,0,0,1,0
36,9,154.60043334960938,95466,2,5.151641325943208,1,538,0,0,0,1,1
54,31,88.23432159423828,95289,1,0.9491658339194768,1,0,0,0,0,1,0
30,8,81.96210479736328,92162,2,2.294664041955935,1,0,0,0,0,1,0
28,1,97.70374298095705,94267,4,1.874507894855263,3,0,0,0,0,1,0
43,27,134.90792846679688,94082,2,0.5492527923284487,1,111,0,0,0,0,0
45,18,63.17612075805664,91814,4,2.1586827708509326,3,0,0,0,0,0,0
32,19,54.90583038330078,93057,1,1.4729823815948089,3,0,0,0,0,1,0
39,22,27.246496200561523,94533,2,1.04013255120989,1,0,0,0,0,0,0
31,7,17.146337509155273,92339,4,0.756592380985478,1,90,0,0,0,1,0
31,13,34.35694122314453,92795,1,0.316464372408647,1,0,0,0,0,1,0
40,17,32.70430374145508,96055,1,0.5746680791026682,1,157,0,0,0,1,0
51,20,143.75146484375,93043,3,6.144814790053276,1,149,0,0,0,1,0
52,19,105.10160064697266,94304,2,2.75148744760076,1,0,1,0,0,1,0
60,35,71.0643081665039,96334,1,2.3822566055109613,1,299,0,0,0,1,0
29,21,60.73910140991211,94141,1,1.873945983454922,2,0,0,0,0,0,0
38,16,113.57635498046876,92097,4,3.3376203348890456,1,0,1,0,0,1,0
55,37,34.48859405517578,93119,3,1.0010873446135986,1,0,1,0,0,1,0
38,14,56.71239471435547,94797,3,1.3690814790414434,3,113,0,0,0,0,0
64,39,197.6234436035156,95069,2,2.49631821991451,2,615,0,0,0,1,1
45,27,57.01856994628906,95494,3,2.236148493875936,3,235,0,0,0,0,1
39,15,66.2048568725586,89954,2,0.6710056914697066,1,0,1,0,0,0,0
41,14,50.76233673095703,89984,2,1.2186778512233984,1,89,0,0,0,0,0
58,27,24.370534896850582,91119,4,0.1544822585470526,2,0,0,0,0,1,0
59,40,55.94831848144531,92119,2,2.6911843761592023,3,0,0,0,0,0,0
55,1,57.261451721191406,94415,4,2.2557454717756373,3,0,0,0,0,0,0
51,24,115.2193374633789,95105,2,3.539995985139914,1,0,1,0,1,1,0
33,7,55.24510192871094,92005,3,0.8715334123209284,1,0,0,0,0,0,0
30,13,32.087135314941406,92581,3,1.1493271944369912,2,0,1,0,0,1,0
49,25,74.32428741455078,94313,1,3.434506315032684,2,227,0,0,0,0,0
32,17,33.656368255615234,94493,2,0.5023412857250393,3,0,1,1,0,1,0
33,28,35.35637664794922,95592,4,1.1039895098573145,2,118,0,0,0,1,0
63,37,61.80379104614258,90074,4,0.2246974464082506,1,0,0,0,0,1,0
54,26,42.41818618774414,94667,4,2.3675745410836493,1,0,0,0,0,1,0
40,18,173.71923828125,94618,1,7.676708072047926,1,0,1,0,0,1,0
34,15,36.24327850341797,91254,4,1.853113223196063,2,0,1,0,0,1,0
57,33,80.53385162353516,94288,4,1.3786717649857836,3,0,0,0,0,0,0
29,2,27.79474830627441,91836,3,0.5643558659904291,2,0,0,0,0,1,0
28,5,61.55141067504883,92133,2,0.8399952469510855,3,0,0,0,0,0,0
58,25,35.867523193359375,95119,2,0.2037319794669184,3,90,0,0,0,0,0
29,3,42.2606201171875,90787,1,2.3094816496430037,2,0,0,0,0,1,0
45,20,105.85812377929688,90460,3,2.3992656567528945,1,0,1,0,0,1,0
29,8,60.60237884521485,89903,1,1.768270721423339,2,218,1,0,0,1,0
40,24,193.1858673095703,91745,4,3.8244305510090566,3,445,0,0,1,1,1
55,30,101.7878189086914,94566,4,1.2767102737135656,1,0,0,0,0,1,0
45,20,66.11285400390625,91616,1,0.135765043042015,3,0,0,0,0,0,0
59,32,116.23977661132812,92167,2,2.075696987811203,1,0,0,0,0,1,0
30,5,107.51829528808594,95601,3,2.126924207145985,2,0,0,0,0,0,0
48,28,47.88888931274414,91746,1,0.6750480879325307,2,0,1,0,0,1,0
61,33,59.23666763305664,94196,2,1.996182290373788,3,0,0,0,0,1,0
48,23,135.40771484375,95004,2,4.258728475285956,1,370,1,0,0,0,0
42,22,96.35894012451172,91864,1,0.2185158034616768,1,0,1,0,0,0,0
58,34,41.72797775268555,90148,2,1.4026617799122765,3,0,1,0,0,1,0
47,18,14.14546012878418,95711,1,0.7100656159381022,3,106,1,0,0,0,0
54,27,32.85078430175781,93065,2,0.3763654953811992,3,105,1,0,0,1,0
55,26,100.05784606933594,94870,3,1.1493972264177188,1,0,1,0,1,1,0
36,24,85.77230834960938,93100,2,1.256012371191657,2,0,1,0,0,0,0
41,14,31.273948669433597,91804,2,0.075335868019635,2,133,1,0,0,1,0
38,19,182.04869079589844,92345,2,2.5652334529292884,1,272,0,0,0,1,0
65,37,174.5848846435547,92203,2,2.428076944633212,1,0,0,0,0,1,0
32,21,14.436213493347168,93433,4,0.7182195489875245,3,64,0,0,0,0,0
41,9,42.95081329345703,94547,3,2.401258643490117,3,248,0,0,0,0,0
62,37,60.81649398803711,91943,3,0.8268730320385971,1,0,0,0,0,1,0
25,-1,57.01996994018555,94073,2,2.193260851741319,1,98,0,0,0,0,0
59,38,11.37013339996338,96434,4,1.1933432002205593,2,0,0,0,0,1,0
53,25,66.20838928222656,93025,1,5.431687812152729,1,0,0,0,0,1,0
33,9,88.02161407470703,90264,2,1.3872338449875723,2,169,0,1,0,0,0
42,14,160.37472534179688,94728,2,7.649196114573774,1,0,0,0,0,1,0
43,16,84.6305160522461,92302,1,1.6650537405888353,1,0,1,0,0,1,0
33,9,54.52528381347656,94079,2,2.1252001195303416,3,283,0,0,0,1,0
54,16,21.468063354492188,94442,2,2.192870143853428,2,0,0,1,0,0,0
42,16,89.80005645751953,93228,2,1.377506203478222,3,226,0,0,0,0,0
43,14,91.19497680664062,94884,4,4.12493558456553,3,0,1,0,0,0,1
45,24,76.70753479003906,94409,4,2.541683073741126,1,0,1,0,0,0,0
56,19,38.71959686279297,90287,4,1.0238458472959135,3,0,0,0,0,1,0
50,27,32.48082733154297,91397,1,0.1938272122398167,3,0,1,0,0,1,0
37,10,178.41323852539062,90135,2,6.4879552460524605,1,447,0,0,0,1,0
61,34,18.743148803710938,91764,1,0.2193803822979674,3,97,0,0,0,1,0
47,22,115.11375427246094,92937,1,2.5713876113510725,1,100,0,0,0,0,0
45,16,128.07229614257812,93159,2,3.6816186171813183,2,109,1,0,0,0,0
31,5,136.51255798339844,94370,2,0.3960526175420221,1,0,0,0,0,0,0
27,6,94.56566619873048,94544,4,2.860630051139402,2,0,0,0,0,0,1
54,22,119.05587768554688,91925,3,0.3146452901544505,1,0,0,0,0,0,0
60,35,173.17581176757812,94378,2,6.3179401529780295,1,0,1,0,0,0,0
32,17,21.19210433959961,94101,2,0.5819822459196708,1,0,0,0,0,0,0
46,21,98.67071533203124,91011,4,2.1865349025452643,1,0,1,0,1,0,0
51,19,78.89574432373047,95136,2,1.4485761059597766,2,0,0,0,0,1,0
59,31,216.35073852539065,92176,3,7.213466944287759,3,0,0,0,0,0,1
51,26,52.10860443115234,95078,2,2.716539005472465,3,0,1,0,0,0,0
59,25,81.24291229248047,95707,2,6.514007315527863,1,0,1,0,0,0,0
41,9,30.607437133789062,90768,4,0.585611810689988,3,0,0,0,0,1,0
28,0,143.55430603027344,94912,4,2.516201397145868,1,0,1,0,0,0,0
51,30,56.27267456054688,92890,3,0.77482848784924,3,0,1,0,0,0,0
63,42,63.91175079345703,95972,2,1.9103121868957325,3,0,1,1,1,0,0
57,37,32.614891052246094,93327,3,2.052727649171149,1,0,0,0,0,0,0
51,28,68.08174133300781,90289,4,0.2902755913703275,2,0,1,0,0,1,0
27,5,37.853736877441406,90025,2,1.0253872070350774,2,0,1,0,0,1,0
56,33,62.299617767333984,95121,2,5.758631737024055,1,0,0,0,0,0,0
53,34,16.149307250976562,94763,2,1.034658152243218,1,0,1,0,0,0,0
64,37,84.13948822021484,91727,1,1.8395757944167277,1,0,1,0,0,1,0
63,34,101.34391021728516,93824,4,1.7103874859226755,1,0,0,0,0,0,0
59,27,109.21129608154295,93753,1,1.0978654349333292,1,0,0,0,0,1,0
42,10,97.8347625732422,91750,1,0.951140161966213,1,0,0,0,0,0,0
25,4,106.3817901611328,91474,2,1.213171123006174,3,99,0,0,0,0,0
41,24,101.2882308959961,92758,1,1.647595389924562,1,408,0,1,0,1,0
43,2,109.17321014404295,96316,4,0.7002315014950782,3,142,0,1,0,1,0
58,38,62.58906936645508,90641,4,2.410580848741583,1,0,0,0,0,0,0
67,39,16.74793243408203,93079,4,0.7569788684355397,1,0,0,0,0,1,0
54,30,101.265380859375,91849,4,2.16575212004592,3,258,1,0,0,1,0
62,39,51.88695907592773,90240,4,0.0337323797439299,1,0,1,0,0,0,0
49,27,46.26010894775391,95483,4,1.5426461715751314,2,0,0,0,0,0,0
29,1,26.125213623046875,94730,4,2.599806703055012,2,163,0,0,0,0,0
57,34,73.79837036132812,92738,4,1.324625809646046,3,0,0,0,0,0,0
44,13,29.142261505126957,94855,1,1.3336104472207175,2,0,0,0,0,0,0
38,15,39.956809997558594,96006,3,0.5891596454842918,1,0,1,0,0,1,0
40,23,184.40940856933597,95211,2,3.277566584415021,1,0,0,0,0,1,0
59,27,48.37855911254883,90607,2,0.3084082132976453,1,0,0,0,0,1,0
51,24,44.50480651855469,91181,3,0.4609309903816888,2,142,0,0,0,0,0
56,35,40.33568572998047,91881,4,1.2479565260027554,2,81,1,0,0,1,0
56,21,162.14187622070312,90178,1,3.598751923980114,1,407,0,0,0,0,0
27,2,86.73180389404297,94104,1,2.4394242819805707,1,0,1,0,0,1,0
33,8,87.73473358154297,94278,1,0.3656898128711033,2,0,0,0,0,1,0
36,11,18.76777648925781,94367,2,3.082072786902371,3,0,0,0,0,0,0
56,29,123.41642761230467,92146,1,1.313529857925517,3,0,1,0,0,1,0
36,10,70.07929992675781,94387,3,2.1815577792878464,2,0,1,0,0,0,0
46,16,111.05050659179688,95925,4,1.3133169930182578,1,0,1,0,0,1,0
57,36,84.50057983398438,95437,2,1.4317267320210614,1,0,0,0,0,1,0
31,4,121.92342376708984,95147,4,2.008880813734094,2,108,0,0,0,1,0
49,24,66.97980499267578,92477,4,2.1990497205169026,3,0,0,0,0,0,0
37,14,153.4132537841797,91705,4,3.3716879880058994,1,0,0,0,0,0,1
62,34,21.089473724365234,94315,4,2.009996058629869,2,132,0,1,1,1,0
66,39,47.27828979492188,95273,2,2.652598142595898,2,0,1,0,0,1,0
28,5,21.24765014648437,94657,4,0.3542852924950943,2,0,0,0,0,0,0
56,32,44.62225341796875,95467,3,1.4827654272681587,3,0,0,0,0,0,0
62,40,31.84855461120605,94918,3,1.4631903484157078,1,124,0,0,0,1,0
40,12,133.98971557617188,94168,2,0.2938741455415581,2,0,0,0,0,1,0
56,32,111.15193176269533,94517,4,2.350048088546264,1,183,1,0,0,1,0
62,35,19.660449981689453,91527,3,0.6068165555018926,3,0,0,1,0,1,0
58,27,212.355224609375,94090,2,6.50368121380279,1,414,0,0,0,0,0
43,27,71.02704620361328,94111,2,0.7823813582736723,3,0,1,0,0,1,0
65,40,50.93169021606445,94222,3,1.539184231840759,1,138,0,0,0,0,0
36,15,30.54422187805176,94413,4,0.6309660439806464,2,0,1,0,0,1,0
51,30,41.75126647949219,94954,4,0.867763016233112,1,0,0,0,0,1,0
39,5,146.94036865234375,93932,4,0.863387824448033,3,0,0,0,0,1,1
62,32,83.09585571289062,95838,3,0.5251957158116435,3,267,0,0,0,1,1
41,23,110.41533660888672,93562,2,3.3486513993980944,3,0,0,0,0,0,0
38,19,29.814722061157227,92153,2,2.07623277810487,2,0,0,0,0,0,0
54,26,53.23817443847656,91889,1,1.1459279430688505,3,0,0,0,0,0,0
39,13,87.25640869140625,90087,3,1.2406669645060504,1,0,0,0,0,0,0
51,23,60.56541442871094,95783,2,3.278234617648853,1,214,0,1,0,0,0
31,8,62.27818298339844,91532,2,0.1334336016657185,1,260,0,1,0,1,0
36,11,90.39995574951172,91113,4,3.2805237176393343,1,282,1,0,0,0,0
28,7,55.13145065307617,89958,2,0.2284472456531004,1,0,0,1,0,0,0
60,32,28.763999938964844,90053,3,1.652912091884766,3,107,0,0,0,0,0
54,21,40.00254821777344,94671,2,2.3573797911422107,3,0,0,0,0,1,0
61,35,56.76628112792969,93395,4,0.199800561226705,3,147,0,0,0,0,0
64,39,53.90742492675781,94135,3,1.469526938551024,2,0,0,1,0,0,0
58,30,50.00072860717773,90269,2,0.0298505431066761,3,137,0,0,0,1,0
60,32,127.92141723632812,90955,3,6.445201831021181,1,98,1,0,0,1,0
45,16,79.09208679199219,89954,3,0.2402853616737182,2,0,0,0,0,0,0
42,13,167.6531524658203,91225,2,6.946763240958382,1,0,1,0,0,0,0
50,29,62.90277862548828,94557,3,1.6290944083606915,1,0,0,0,0,0,0
29,4,38.680885314941406,95981,3,2.008384185204576,1,0,0,0,0,1,0
61,33,29.33538627624512,91685,4,0.2862193852040907,2,0,0,0,0,0,0
27,-1,45.57545471191406,92231,4,0.6414251032556999,1,157,0,0,0,0,0
52,25,85.33251190185547,91741,2,0.0227092264604864,2,0,0,0,0,0,0
40,6,138.20001220703125,94453,2,3.3192550381348225,2,399,0,0,0,0,1
49,28,62.07253646850586,92087,4,1.5573849057815652,3,0,0,0,0,1,0
31,7,50.41070556640625,92287,2,0.076312083144599,2,0,1,0,0,0,0
55,18,106.96404266357422,92552,4,1.6748822319061016,2,141,0,0,0,1,1
39,2,147.2795867919922,92008,2,2.5162076916725784,3,0,0,0,0,0,0
43,25,35.53831481933594,92172,3,0.4669455644669676,2,0,0,0,0,0,0
65,34,41.59910202026367,94357,2,0.1235596187541318,1,0,0,0,0,0,0
52,17,49.21271133422852,95760,2,1.2537534853640244,3,0,0,1,0,0,0
57,33,45.74063873291016,91994,3,1.0115195302865103,1,0,0,1,0,1,0
55,21,16.232593536376953,93977,4,0.1291691631677989,3,0,0,0,0,1,0
35,9,73.95933532714844,95069,2,1.919462930036383,1,0,0,1,0,1,0
43,9,189.2074432373047,95307,1,1.638792766369244,1,0,0,0,0,1,0
31,4,142.58224487304688,92327,2,0.341754470763406,1,0,1,0,0,1,0
36,4,85.45833587646484,91483,3,2.6333355657046287,1,0,0,0,0,0,0
41,16,172.00833129882812,94572,1,2.279920852447085,1,0,1,1,0,1,0
27,6,114.91136169433594,94128,4,1.5257325285204368,1,0,0,0,0,0,0
35,2,52.37246322631836,93047,1,2.2891842457086,3,0,1,0,0,1,0
29,3,86.44152069091797,92796,2,2.905886922145155,2,0,1,0,0,1,0
47,12,74.95604705810547,94411,2,0.7701323913564493,1,0,1,0,0,0,0
58,32,109.30044555664062,95725,2,1.6018344430090756,1,241,0,0,0,0,0
34,9,183.88201904296875,92080,1,2.8765694391912957,2,102,0,0,0,0,0
55,16,66.43052673339844,95270,3,2.358786684624206,2,219,1,0,0,1,0
30,-2,44.48807907104492,91057,4,1.658546563589934,1,0,0,1,0,1,0
26,-1,73.15489196777344,95836,2,4.4276503460359935,1,0,0,1,0,0,0
27,7,76.2961196899414,94412,2,1.737103464984933,2,0,0,0,0,0,0
38,28,37.48668670654297,95470,2,0.8098896043502274,3,0,0,0,0,1,0
37,13,166.76351928710938,90343,1,0.6436758098841213,1,0,0,0,0,1,0
33,8,30.248441696166992,91890,2,1.187840448825125,3,231,0,0,0,0,0
38,5,88.27342224121094,93061,1,1.05591434385138,3,119,0,0,0,1,0
54,35,52.44497299194336,95516,3,1.8324103125288944,2,0,0,0,0,1,0
57,26,16.899272918701172,94370,4,0.8189483931077555,1,0,0,0,0,0,0
44,22,10.209726333618164,95264,2,0.1710822008585794,1,89,1,0,0,1,0
28,7,113.3457489013672,94271,2,0.7921425368024783,2,220,0,0,0,1,0
36,3,12.927400588989258,95629,1,0.5088362821641164,3,105,0,0,0,1,0
26,1,85.90296173095703,95832,2,0.5207143316708769,1,0,0,0,0,0,0
33,9,86.8343734741211,90207,3,1.7864560586998577,1,144,0,0,0,1,0
60,38,90.7062530517578,93055,1,0.740248338106585,3,0,0,0,0,0,0
43,17,34.43177032470703,94763,4,0.8839042376505691,1,0,0,0,0,1,0
41,19,56.35908889770508,93284,1,2.488202544226188,3,0,1,0,0,1,0
66,43,93.91268920898438,94465,4,1.9703200831400915,2,0,1,0,1,1,0
28,4,117.62482452392578,94646,2,2.715340696467422,3,0,0,0,0,1,0
54,29,70.29011535644531,95383,1,3.094599345292351,1,208,1,0,1,1,0
33,6,99.3460693359375,94702,4,1.9705450671222653,1,0,0,0,0,1,0
47,23,60.55955123901367,90097,1,0.1152865114235217,1,0,0,0,0,1,0
58,32,43.42243576049805,93066,4,1.7121991392674492,3,0,0,0,0,0,0
35,17,70.85014343261719,94781,3,1.1693052921951428,1,0,1,0,0,1,0
39,14,116.71829986572266,92265,2,0.4536845747908237,1,0,0,0,0,1,0
35,13,153.7556610107422,91393,3,3.730495785518918,1,0,1,0,0,1,0
50,17,17.74673080444336,94171,3,0.1314153045727359,2,0,0,0,0,1,0
56,28,32.83831787109375,95533,3,0.4115323016209803,2,0,1,0,0,0,0
41,16,26.86818122863769,92881,1,0.2713148739036518,3,0,0,0,0,1,0
56,34,31.11834526062012,90128,1,1.834835907460834,2,0,0,0,0,1,0
42,13,44.07458114624024,95257,4,0.4131023067001815,1,0,0,0,0,0,0
61,28,14.45622730255127,95395,2,0.8783476987069802,3,0,1,0,0,1,0
59,31,108.44474792480467,95896,4,1.8252428573568944,1,0,0,0,0,1,1
58,31,43.029903411865234,91551,2,1.3705297197505368,3,223,1,1,0,0,0
61,40,105.8396453857422,94103,3,3.1627982318934222,1,0,0,0,0,1,0
34,10,97.85289001464844,95489,3,2.7568625015156143,1,0,0,1,0,0,0
54,28,61.52280807495117,92779,4,1.4447606486200957,3,0,0,0,0,0,0
46,19,65.16036987304688,91793,3,2.615071872568577,1,0,0,1,0,1,0
33,6,115.78600311279295,93662,2,1.784168035707907,1,0,0,0,0,1,0
37,12,31.834115982055664,92584,2,2.3729942125237717,3,0,0,0,0,0,0
29,9,61.204132080078125,94636,1,2.6969243301581454,3,107,0,0,0,0,0
35,1,52.96747970581055,94628,4,1.9538656657741973,3,0,1,0,0,1,0
40,17,64.85420989990234,89873,3,0.5627361159354114,2,223,1,0,0,1,0
59,34,64.64672088623047,91730,4,2.215354592916854,2,0,0,0,0,0,0
57,33,21.606853485107425,92047,3,1.536202824268538,2,0,0,0,0,1,0
48,13,182.90013122558597,92847,2,2.103443927764659,1,396,0,1,0,1,0
32,8,106.24430847167967,91171,4,3.183550191813003,3,0,0,0,0,0,0
34,7,56.31378936767578,94055,1,2.869402284624116,3,0,0,0,0,0,0
43,19,137.8452606201172,93118,2,0.3359942121500759,1,0,0,0,0,1,0
43,22,55.98532104492188,93855,3,1.9922716205869515,1,0,1,0,0,1,0
43,21,52.73953628540039,95654,4,0.1634774785226677,2,0,0,0,0,1,0
42,18,45.53178405761719,89992,3,0.3733344634734956,1,0,0,0,0,0,0
31,8,31.554054260253903,94123,4,0.2767755308577664,1,0,0,0,0,1,0
52,23,85.01012420654297,94698,2,1.7206274393825256,2,0,0,0,0,1,0
39,13,65.6000747680664,89978,3,6.547262512436158,1,0,1,1,0,0,0
29,17,24.533836364746094,91204,1,0.1802703845043258,3,0,1,0,0,0,0
41,14,114.53414916992188,95498,2,2.021726237821465,1,0,0,0,0,0,1
29,9,74.56594848632812,91025,1,0.4212089776159012,2,0,0,0,0,1,0
56,34,27.000171661376957,92941,1,1.175471971916248,2,0,0,0,0,1,0
61,42,44.47091674804688,90212,4,2.1353763003154307,2,0,0,0,0,1,0
61,37,95.08881378173828,92606,1,2.568719918198496,3,0,1,0,0,1,0
50,19,12.103458404541016,89667,2,0.0717769745130987,3,0,1,0,0,0,0
39,21,64.39361572265625,94933,3,1.2057392123492443,1,161,0,0,0,1,0
46,20,35.223445892333984,95902,1,0.679035165204279,3,120,1,0,0,1,0
33,6,78.7381591796875,90121,1,1.61004220464888,1,0,1,0,0,0,0
56,29,91.98678588867188,95730,4,0.6402848243618583,3,0,0,0,0,1,0
36,11,51.503360748291016,91876,2,1.2172032169734848,1,0,1,0,0,0,0
35,8,28.791614532470703,94106,3,1.2958074431233275,2,0,0,1,0,1,0
38,17,132.71473693847656,91417,1,0.8645297194249663,3,0,1,0,1,1,0
33,7,30.977182388305664,92257,4,1.8481699590199447,2,104,0,0,0,1,0
59,32,55.60829925537109,92715,1,1.1143894168106894,2,0,0,0,0,1,0
42,15,57.206302642822266,92138,3,0.6642603625808225,3,0,0,0,0,1,0
45,20,60.15674209594727,95252,3,2.943666659959097,2,0,0,0,0,1,0
30,4,58.69622039794922,94289,3,2.183761216227132,3,111,0,0,0,1,0
26,0,46.244361877441406,92873,4,1.5666202628477426,1,98,0,0,0,1,0
41,7,81.74248504638672,95388,4,0.8068487830772415,1,0,0,0,0,1,0
53,32,30.535120010375977,90221,3,0.4608058654979406,1,0,0,0,0,1,0
63,37,56.909889221191406,94015,1,2.1259241493382697,2,142,0,0,0,1,0
28,8,51.77812576293945,92004,2,0.0691140107408621,1,98,0,1,0,0,0
51,18,39.85881805419922,92031,3,0.3190648737550727,2,0,0,0,0,0,0
32,5,26.75276756286621,94519,4,0.2434232838021917,1,0,1,0,0,0,0
53,29,17.84981918334961,94213,2,0.964653340643194,1,64,0,0,0,1,0
23,-1,20.031715393066406,94452,2,0.5371765618741149,3,0,1,1,0,1,0
32,3,12.055326461791992,92139,4,0.2120822071411564,1,0,0,1,0,1,0
32,9,33.209266662597656,91800,2,0.3117612281465941,1,101,0,0,0,1,0
52,24,18.12803268432617,91752,2,0.3792215551599827,3,0,0,0,0,1,0
39,14,25.243934631347656,94270,2,0.8310159844769326,2,154,0,0,0,1,0
32,4,126.8808135986328,91133,1,4.841468491226116,1,0,0,0,0,0,1
33,6,61.30238342285156,94725,1,1.9920447928208371,3,0,0,1,0,0,0
26,1,31.9177303314209,92234,2,0.1984883998890939,2,0,0,0,0,1,0
40,7,81.68901062011719,90399,4,3.584917004038884,1,0,0,0,0,1,0
60,36,114.83775329589844,93903,2,0.540339875928241,3,0,0,0,0,1,1
27,6,77.379638671875,90828,2,2.116472487361761,1,0,0,0,0,0,0
43,25,185.9459228515625,94244,2,4.129932432835331,1,0,1,0,0,1,0
67,41,99.79634857177734,94575,4,1.795764034709152,3,115,0,0,0,0,0
56,30,138.20526123046875,90234,2,2.4077749597326026,1,0,0,0,0,0,0
41,12,48.82311248779297,95337,4,0.8623404925956732,1,0,0,0,0,1,0
60,34,59.78987503051758,90277,1,1.8391440947931457,1,0,0,0,0,0,0
31,3,124.83201599121094,95846,4,0.7881899537793149,2,0,1,0,1,1,1
46,21,53.01482009887695,91531,3,0.8571299054426191,2,0,0,0,0,1,0
35,14,80.5936279296875,90108,4,8.866367560621072,1,120,1,0,0,1,0
36,13,115.28724670410156,93014,1,2.01729620611774,1,0,1,0,0,1,0
47,20,56.50105285644531,92771,3,1.1997612333275731,1,0,0,0,0,0,0
34,9,66.8072509765625,90197,4,0.1243065438049147,2,0,1,0,0,1,0
45,29,83.00379180908203,95330,2,2.4484136696620755,1,214,0,0,0,0,0
39,14,80.5909423828125,90290,3,1.2982783198844787,2,125,1,0,1,1,0
36,4,115.8297348022461,94754,4,0.4197080553544783,3,0,0,1,0,1,0
47,30,47.7717170715332,94552,4,2.074313932213195,2,0,0,0,0,1,0
30,2,57.20612335205078,92227,4,0.3330475631279995,1,0,0,0,0,0,0
45,14,77.9225082397461,91964,4,1.7292968012027774,2,0,0,0,0,1,0
51,32,122.59231567382812,90230,2,2.427061418962757,1,0,0,0,0,1,0
26,4,94.65182495117188,94723,4,1.9294015880602284,2,0,0,0,0,1,0
54,25,68.41490173339844,91229,2,0.3870685273305735,1,0,0,0,0,0,0
49,38,33.71678161621094,95297,3,0.1774097550785008,2,124,0,0,0,0,0
48,15,33.682106018066406,94211,3,1.0095324762377746,1,273,0,0,0,0,0
47,17,106.48616027832033,95545,3,1.2322742484250688,1,0,0,0,0,1,0
35,7,82.47389221191406,94582,4,0.6959544708016123,2,0,0,0,0,1,0
38,18,80.5400390625,94613,1,1.1520813352905663,2,230,1,1,1,1,0
29,5,23.31074905395508,95679,4,0.1331393174157727,2,0,0,1,0,1,0
38,10,148.04519653320312,94821,3,7.879867775166467,3,0,0,0,0,0,1
37,4,35.76874923706055,94587,4,1.7437293047080673,2,0,0,0,0,1,0
63,35,59.2105827331543,95488,1,2.906741242702268,1,0,0,0,0,0,0
27,-2,118.4389419555664,90932,2,3.6457164976230794,1,0,0,0,0,1,0
58,30,53.04246139526367,91452,3,2.8805915725040068,2,0,1,0,0,0,0
28,5,141.75845336914062,92124,4,5.411804235950579,2,0,0,0,0,1,1
48,30,37.5777473449707,92098,2,1.6041724412959335,2,0,0,0,0,0,0
27,1,64.66195678710938,95411,1,2.995224781845031,2,0,0,0,0,0,0
39,6,57.36152648925781,93967,3,2.252313986041832,1,260,0,0,0,0,0
24,0,100.99082946777344,92927,4,1.1139000922937674,3,0,0,0,0,0,0
51,23,71.38592529296875,94279,1,0.9947824518088856,3,0,1,0,0,1,0
35,8,75.73966217041016,92388,3,1.4560834780632994,1,0,0,0,0,1,0
65,35,52.71705627441406,95442,3,1.988429236660785,1,0,0,0,0,1,0
61,35,70.6517333984375,94216,2,2.4143766197918115,1,0,0,0,0,1,0
62,37,39.8525276184082,92326,4,0.3762423211320507,3,97,0,0,0,1,0
25,1,48.88178253173828,92778,1,0.0665595963595722,1,0,1,0,1,1,0
47,20,92.78937530517578,94683,2,1.5867326245023277,3,0,0,0,0,0,0
50,28,32.218475341796875,91682,3,1.624581892675742,2,108,0,0,0,0,0
44,22,62.75904846191406,91689,3,0.846922750827642,3,0,0,0,0,0,0
28,2,35.874977111816406,90454,3,0.4472392201171409,2,0,0,0,0,1,0
60,35,85.30461883544922,95641,3,0.6122434934870045,2,0,0,0,0,1,0
53,35,120.15145111083984,95502,1,2.1090801518902773,1,0,0,0,0,0,0
50,20,31.229698181152344,94784,3,0.95204679243847,3,0,0,1,0,1,0
43,31,43.2042121887207,94492,4,1.738073763004691,1,0,1,0,0,0,0
33,6,179.43618774414062,93688,2,5.512145395913137,1,0,0,0,0,0,0
62,36,84.87641906738281,89948,3,1.1464031798355148,2,171,1,0,0,1,0
60,39,49.455657958984375,95676,2,1.087959537611262,1,0,0,0,0,0,0
64,36,98.47467803955078,95357,4,2.298763437371711,2,0,0,0,0,0,0
42,25,44.5645637512207,91422,1,1.840758003948308,3,0,0,1,0,1,0
59,34,95.77385711669922,93074,2,3.9743142628880728,1,0,0,0,0,1,0
56,34,58.67022705078125,94006,1,1.1745140144354558,3,0,0,0,0,0,0
28,3,27.65238571166992,93690,1,0.588138039220305,1,0,0,0,0,0,0
54,30,52.8006591796875,91990,2,0.5890379764332361,2,0,0,0,0,0,0
41,17,93.60172271728516,94785,2,0.6675254685714171,3,153,0,0,0,0,0
27,6,100.8003387451172,90179,1,2.332525741040669,2,0,0,0,0,1,0
46,23,88.28578186035156,92977,1,3.220574616314681,1,0,0,1,0,1,0
49,29,202.76025390625,91257,1,5.710992741546545,1,452,0,0,0,0,0
54,30,177.88153076171875,94756,2,3.534781509801704,3,242,0,0,0,1,1
51,21,33.15233612060547,94193,4,1.148120072041526,2,0,0,0,0,0,0
31,7,115.79904174804688,94688,2,3.2328574248843323,1,140,0,0,0,1,0
52,34,34.053016662597656,94144,1,1.3184581844379704,2,0,0,0,0,0,0
44,19,181.4891357421875,90047,3,5.785175994458871,1,0,0,0,0,0,1
50,24,172.90357971191406,92834,1,6.309690083888913,1,0,1,0,0,0,0
36,13,135.42596435546875,93317,2,3.104542984560804,3,0,1,0,1,1,1
25,-1,59.242820739746094,89831,4,1.965130495649852,2,0,0,0,0,1,0
29,12,66.27279663085938,91958,4,0.5223927938697361,1,0,0,0,0,0,0
59,23,49.64683151245117,94063,4,1.4968137118422922,3,152,1,0,0,0,0
59,38,41.36262893676758,90156,4,1.777731519961057,3,0,0,0,0,1,0
49,17,45.34678268432617,90327,1,0.620785359601853,1,233,0,1,0,1,0
50,22,127.05516052246094,94795,2,0.7509730636309598,1,381,0,0,0,0,0
35,14,112.45559692382812,94000,2,0.8778040609273567,1,0,1,1,0,1,0
34,8,172.8955535888672,90363,2,0.105643160149263,1,0,0,0,0,0,0
46,7,21.070148468017575,92314,2,0.4312976240085567,2,0,0,0,0,0,0
63,39,51.600616455078125,94380,3,1.770435283018862,2,0,0,0,0,1,0
64,41,41.2985725402832,91962,3,0.2416460323269484,2,0,0,1,0,0,0
37,15,72.50700378417969,91016,3,1.4441485256671622,1,250,0,0,0,0,0
28,3,45.920997619628906,92035,4,0.9332438785610984,1,0,0,0,0,1,0
60,35,26.55053329467773,92170,4,1.0561556029458297,1,131,0,0,0,0,0
60,32,60.88502883911133,96369,1,2.1087973477973425,3,159,0,0,0,1,0
54,28,58.99134063720703,91995,4,2.6016390785782653,1,0,0,0,0,1,0
24,-3,85.37033081054688,94016,2,1.9639046615512064,3,0,0,0,0,0,0
26,5,41.67400741577149,94337,2,2.200805993382335,1,0,1,0,0,0,0
40,16,66.39329528808594,94127,3,1.4291964515629108,2,181,0,0,0,1,0
48,21,22.897899627685547,94673,4,0.3456604253535953,2,0,0,1,0,1,0
40,15,68.48226165771484,91030,2,1.0368681576578709,1,0,0,0,0,0,0
28,6,14.457681655883787,93178,3,0.8761876635244581,3,0,1,0,0,0,0
38,7,162.018310546875,90396,2,5.082841637448257,1,0,0,0,0,1,0
36,16,35.328468322753906,94109,2,0.5363639393037813,2,0,1,0,0,0,0
55,31,39.94475555419922,91877,2,1.2185476479484112,2,0,1,0,0,1,0
57,33,12.99558448791504,90207,4,0.8101089214936326,1,0,0,1,0,1,0
54,31,116.55509185791016,92886,1,3.5030759771765068,3,0,0,0,0,0,1
59,38,19.94049835205078,91920,4,1.0169587054518567,2,0,0,0,0,0,0
51,32,138.2937469482422,95375,1,2.469917818966774,1,0,0,1,0,0,0
59,37,134.45042419433594,91493,1,1.3240985680991757,3,349,0,0,0,0,1
35,0,55.378604888916016,92647,1,1.8085168324123444,3,0,0,0,0,0,0
37,22,25.84891128540039,89947,4,2.739887502811171,1,0,1,0,1,1,0
50,16,11.82177448272705,96599,4,0.326875740207307,1,110,0,0,0,1,0
61,36,142.49974060058594,91547,1,1.5804725428540207,3,553,0,0,0,1,0
54,19,157.48081970214844,91956,1,2.875031938468921,1,156,1,0,0,1,0
31,4,95.38127136230467,89869,4,2.202120694244156,1,336,0,0,0,0,0
36,17,147.30331420898438,91271,3,3.27676583362574,2,0,0,0,1,1,1
56,30,88.71625518798828,92210,2,4.955965474757583,2,0,0,0,0,1,0
62,36,127.6676254272461,92255,1,4.544714001510744,1,0,0,0,0,1,0
40,5,76.06130981445312,92548,2,1.1822602010263277,3,0,0,0,0,0,0
47,23,188.55078125,89950,2,5.80517677817261,1,376,1,0,0,1,0
33,6,106.32796478271484,95453,3,5.495107387846261,1,0,0,0,0,0,0
42,18,27.684669494628903,94534,4,1.572586300190382,1,0,0,0,0,1,0
61,37,15.386070251464844,90446,2,1.5967306152677363,3,0,0,0,0,1,0
31,4,23.846080780029297,94619,1,1.1621054089072484,2,0,0,0,0,1,0
40,9,54.23446273803711,91340,1,0.165028177394214,1,0,1,1,1,1,0
25,14,147.25405883789062,95175,2,0.1533654658391169,1,0,1,0,0,1,0
31,7,109.30724334716795,90019,4,2.75587409229445,3,141,1,0,0,1,0
43,19,194.7460479736328,92903,2,2.579917408700664,1,0,0,0,0,1,0
34,9,186.5882110595703,90262,2,2.344979120652912,1,0,1,0,0,0,0
28,3,39.18136596679688,94531,4,0.5163331894756832,1,0,1,0,0,1,0
56,28,140.38241577148438,95074,2,5.110386114966705,1,0,0,0,0,0,0
44,18,93.38955688476562,90170,1,0.0872993290203073,1,0,0,0,0,0,0
43,14,103.06295776367188,92106,3,3.0723080615608813,1,0,0,0,0,1,0
42,18,59.26827239990234,94615,1,1.56655920344082,3,216,0,0,0,1,0
39,16,29.626075744628903,95946,1,0.074907661902913,2,156,0,0,0,0,0
31,4,45.95101547241211,93037,4,0.7203095501945291,1,0,1,0,0,0,0
49,17,37.668487548828125,90499,2,1.3995699029498654,2,0,0,0,0,0,0
39,5,42.0288314819336,92864,4,1.54073172374781,3,132,0,0,0,1,0
63,29,87.4551773071289,92111,3,1.7570680437543833,3,108,0,0,0,0,0
60,35,68.32466125488281,94246,2,1.991948677147393,2,0,1,0,0,0,0
39,17,199.9777374267578,94349,2,3.580281775569878,1,0,0,0,0,1,0
43,23,84.86643981933594,94492,2,0.9028194661091968,1,381,0,1,0,0,0
45,22,68.01406860351562,92993,2,0.9564632305978612,1,0,0,0,0,0,0
50,32,37.62781524658203,90260,3,0.4471788531700433,2,0,0,0,0,0,0
29,0,64.58416748046875,94258,4,0.5744644683486628,1,0,1,0,0,1,0
29,3,38.343257904052734,93796,4,1.3430110980587546,2,68,0,1,1,1,0
54,18,39.04659271240234,96482,2,1.0472277898435185,1,97,0,0,0,1,0
25,4,150.3252716064453,91520,3,0.7080301772517217,2,0,0,1,0,1,0
60,36,66.00607299804688,90509,2,2.0078298741216623,3,229,0,1,0,1,0
37,21,106.3915557861328,92840,2,1.4708477400725046,1,0,0,0,0,1,0
54,27,127.30243682861328,94623,3,4.718588779865694,3,197,1,0,0,0,1
25,3,151.4053192138672,92081,2,4.06354054679693,1,0,0,0,0,1,0
52,34,14.102819442749023,90386,4,0.1892005191299817,2,0,0,0,0,0,0
61,37,40.69853591918945,94024,2,0.7094286015584442,2,0,0,0,0,1,0
42,20,45.798946380615234,95816,2,1.1868332745948376,3,110,0,0,0,1,0
41,11,56.2664680480957,92111,2,0.4092345109401253,1,0,0,0,0,0,0
50,16,106.30335235595705,95933,3,3.78036171902888,1,0,1,0,0,1,1
42,13,26.84000015258789,95175,1,0.8688453527644716,3,87,0,0,0,0,0
56,34,26.568937301635746,94412,2,1.5926429602927692,1,172,0,0,0,1,0
51,26,50.25841522216797,93841,2,0.2552702345359238,3,0,0,1,1,1,0
54,24,34.70616912841797,92221,1,0.2375195468976887,1,0,0,1,0,1,0
64,38,139.01422119140625,91123,1,1.1370537094944235,3,0,0,0,0,0,1
55,29,112.90230560302734,96032,3,2.56025388529335,2,0,0,0,0,0,1
64,39,57.46974182128906,91384,2,2.525829538493812,3,99,0,1,0,0,0
29,-1,61.44186782836914,95893,4,2.197225256945437,2,0,0,1,0,0,0
48,17,59.95722579956055,95163,3,2.141881130406441,2,0,0,1,0,1,0
27,3,125.03018188476562,95172,4,1.245363380824155,1,0,0,0,0,1,0
25,2,20.118432998657227,95748,4,0.673810737884196,1,0,1,1,0,1,0
63,38,45.95137405395508,93005,3,0.4116049284475093,2,0,1,0,0,0,0
42,9,48.7271842956543,94541,2,2.3055972241069806,3,0,0,1,0,0,0
23,0,20.68893814086914,91523,4,0.7665018200922832,3,131,0,0,0,1,0
28,2,38.69713592529297,94425,4,0.8604569490618539,3,0,0,0,0,0,0
61,36,22.822235107421875,91740,4,0.6322312510740742,3,0,0,0,0,0,0
27,4,78.5434341430664,91636,1,3.323840996077902,1,0,0,0,0,1,0
30,8,59.20478057861328,94481,4,1.2402532153132944,1,0,0,0,0,1,0
56,37,59.39029312133789,95814,1,3.100128183724292,1,0,0,0,0,1,0
49,12,111.3284912109375,91905,3,3.0274554804664184,2,0,0,0,0,0,1
60,38,91.24821472167967,92743,1,1.3341404363784537,1,0,0,0,0,1,0
42,18,84.26345825195312,94473,2,1.8706790890634832,2,0,1,0,0,1,0
54,33,49.96805953979492,92222,4,1.1771426403753238,1,160,0,0,0,1,0
54,37,38.99138641357422,93200,2,0.2340690725332498,2,82,1,0,0,1,0
34,10,56.787071228027344,91694,2,1.1145339365054998,3,0,0,0,0,1,0
58,36,49.07381439208984,95048,4,0.8135759946529163,1,197,1,0,0,1,0
44,12,75.8722915649414,94571,3,7.164550476635417,1,0,1,0,1,1,0
43,20,97.15982055664062,95273,2,1.9325959398682755,1,0,0,0,0,1,0
61,33,40.414852142333984,92259,3,1.0255416727222977,1,0,1,0,0,1,0
49,21,94.6797866821289,95312,1,2.3596031098185435,1,0,0,0,0,1,0
23,0,37.08439254760742,94285,2,3.481854240718981,3,0,0,0,0,1,0
38,15,122.71516418457033,95848,2,2.25505447438173,1,0,1,0,0,0,1
61,29,51.62765502929688,91863,2,0.1219460829850102,2,0,0,0,0,1,0
34,12,31.39504623413086,94995,2,1.426578197890536,2,0,0,0,0,1,0
25,-2,47.96603775024414,91915,4,1.830934783048248,1,0,0,0,0,1,0
40,17,68.99427032470703,90007,1,1.5606429727896938,1,233,0,0,0,0,0
45,20,91.84764099121094,92949,4,3.095435476096012,1,0,0,0,0,1,0
37,13,156.1900634765625,89808,2,7.353784614392025,1,0,1,0,0,1,0
66,40,84.88514709472656,91475,3,1.717314476358212,3,0,0,0,0,1,0
30,21,148.43218994140625,94356,3,3.706413306329415,3,151,0,0,0,0,1
42,11,107.69699096679688,90998,4,1.7029442955111502,1,293,1,0,0,1,0
53,24,126.15812683105467,94732,2,0.098029059896207,1,369,0,0,0,0,0
38,13,33.11155700683594,94104,4,0.1679132984564015,3,0,0,0,0,1,0
46,11,20.585845947265625,95365,4,1.8217510311097864,3,0,0,0,0,0,0
63,39,79.65957641601562,95262,4,0.4233630146942416,3,0,0,0,0,0,0
30,4,71.2410888671875,94361,3,2.870225273412677,2,0,1,0,0,0,0
54,32,54.78419494628906,94389,4,0.5450558878588538,1,0,0,0,0,1,0
30,15,23.72801971435547,94978,4,0.2757340985058834,1,0,0,0,0,0,0
63,36,95.0828628540039,94297,2,3.0026726185651014,1,0,0,0,0,0,0
27,6,177.96157836914062,94329,1,1.7302181468353508,1,0,0,0,0,1,0
59,23,43.85940170288086,90972,4,0.9349532222702112,2,0,0,0,0,1,0
40,10,30.33820343017578,90584,2,0.8585536825042402,3,0,0,0,0,0,0
62,38,70.94824981689453,90637,2,3.895730356335805,1,219,0,0,0,0,0
39,6,189.65074157714844,90297,2,2.9234404862940897,2,0,0,1,1,1,1
44,25,136.26495361328125,95810,3,5.518340946861569,1,177,0,0,0,1,1
30,7,104.7089385986328,90174,2,1.0948845768832811,1,0,0,1,0,0,0
57,37,100.78646850585938,94627,1,3.965665497883615,1,0,0,0,0,1,0
40,22,126.6492691040039,92960,1,2.4012757286340465,1,0,1,0,1,1,0
28,2,62.58300018310547,94622,3,2.174133308120781,2,0,1,0,1,1,0
54,22,16.237133026123047,92177,2,0.5019974585553681,1,0,0,1,0,1,0
40,16,63.932315826416016,94170,3,0.4323039511816362,3,0,0,1,0,1,0
29,2,107.86476135253906,91818,3,3.9516795487242207,2,0,1,0,0,0,1
32,9,93.41984558105467,94120,1,1.9676338189314204,3,0,0,0,0,1,0
29,5,30.415424346923828,91796,4,1.9378589840880296,2,0,0,0,0,0,0
52,35,47.291481018066406,96228,4,2.458802187500869,1,0,0,0,0,1,0
59,40,47.99715042114258,91254,3,1.4610028005574642,3,0,0,1,0,0,0
50,30,46.44136428833008,94751,3,2.805178303695606,3,0,0,0,0,1,0
63,38,29.323413848876957,96159,4,1.5563590103299694,2,0,0,0,0,1,0
63,36,47.789329528808594,90831,3,0.1027844714312916,3,0,0,0,0,1,0
60,17,15.983979225158691,94420,4,1.097500619782043,2,0,0,0,0,0,0
62,34,65.58685302734375,94591,2,1.9784405231281292,3,196,1,0,1,1,0
40,14,43.70804214477539,89903,4,2.488954752696705,1,0,1,0,0,0,0
34,8,31.86400413513184,92085,1,1.16829859108587,1,0,0,0,0,1,0
32,9,47.62720489501953,90914,4,0.4127223276496379,3,0,0,1,0,1,0
64,36,20.407615661621094,91029,3,0.1874565651881281,2,152,0,0,0,1,0
33,10,158.75843811035156,90676,2,6.966252270624675,1,318,0,0,0,0,0
63,38,56.24337387084961,92236,3,1.5528299789339095,2,107,0,1,0,1,0
54,28,56.60628128051758,92790,4,1.7172131308875405,2,0,0,0,0,1,0
28,3,78.58921813964844,92750,2,1.998073178685621,1,0,0,0,0,0,0
50,14,78.00724029541016,92128,1,3.769462842238886,1,266,0,0,0,0,0
33,5,131.55612182617188,92365,4,6.970958652943186,1,0,1,0,1,1,1
54,39,173.67298889160156,92016,1,4.1591399096265365,3,95,0,1,1,1,1
29,4,108.4679946899414,90186,4,1.8484454194983837,3,0,0,1,0,0,0
53,13,57.44378662109375,94193,4,0.4096060067078934,2,0,1,0,0,1,0
48,17,25.82320213317871,94103,1,1.1267900592245177,3,0,1,0,0,1,0
53,23,86.17758178710938,89756,3,3.890342175901913,1,0,0,0,0,0,1
62,36,58.36524963378906,94403,3,0.9211554034283226,2,0,0,0,0,0,1
46,15,52.59232711791992,94702,4,1.1214681849751864,2,0,0,0,0,1,0
56,32,71.3444595336914,95526,2,3.7571742562769774,1,0,0,1,0,0,0
55,25,56.8522834777832,94179,2,1.1140885284426014,2,0,0,0,0,1,0
27,3,24.57305908203125,96136,1,2.187544691484641,3,0,0,0,0,1,0
54,22,41.70511245727539,94954,2,0.1416172280369089,3,0,0,0,0,0,0
41,15,165.62522888183594,95161,1,6.345549514638565,1,333,0,0,0,0,0
47,24,132.79733276367188,94408,1,7.73721498290454,1,377,0,0,0,0,0
43,19,77.0005874633789,94606,1,0.8887107935536448,1,0,0,0,0,1,0
52,32,136.39405822753906,94862,1,3.5488079397539365,1,0,0,1,0,0,0
29,3,36.6079216003418,95733,4,1.2307806320161208,2,0,0,0,0,1,0
62,35,123.52430725097656,92930,4,2.1491716910343697,2,0,0,0,0,0,0
62,38,67.72756958007812,91939,4,2.1371622336357974,2,112,0,0,0,1,0
39,8,26.31556510925293,90202,2,0.7766715454894624,2,0,0,0,0,0,0
50,17,81.00385284423828,94286,3,2.75260622961948,2,338,0,0,0,0,0
49,18,139.23715209960938,94507,1,5.357609778168522,1,0,0,0,0,0,0
34,11,146.5433807373047,95345,1,4.444986489487527,1,0,1,0,0,1,0
61,41,18.437156677246094,92027,2,0.2034158980720543,2,0,0,0,0,0,0
39,24,82.86593627929688,90277,2,1.2412792820766387,1,483,1,0,0,0,0
32,7,62.52067565917969,90271,4,1.751295875336608,1,201,1,0,0,1,0
50,28,67.3511962890625,92414,4,1.0028153329468723,3,0,1,0,0,1,0
30,6,125.0124282836914,96574,4,5.225818881609922,2,0,0,0,0,0,1
64,35,52.52088165283203,92295,2,0.5963470771419799,1,0,0,0,0,0,0
32,8,30.73713493347168,95019,3,1.6715820733728797,2,0,1,0,0,1,0
50,23,113.67088317871094,94663,4,1.673603534398855,2,251,1,0,1,1,1
57,20,180.7002410888672,95244,4,3.895327806426877,2,0,0,0,0,0,1
43,13,102.4073257446289,90462,2,0.836799340124642,1,0,0,0,0,1,0
26,0,190.2232360839844,91349,2,2.002110419544801,2,132,0,0,0,1,1
29,8,30.453765869140625,93239,4,0.3255003407746902,3,0,0,1,0,0,0
34,5,94.96044921875,92425,4,1.5864408906876155,2,196,1,0,0,0,0
36,16,41.6831169128418,92171,3,0.9777518905463888,2,0,1,0,0,0,0
52,22,58.272003173828125,92280,1,0.6498412954609485,3,0,0,1,0,0,0
58,37,127.10285186767578,95521,1,1.7210800786109612,1,0,0,0,0,0,0
66,39,60.33984375,93317,3,0.27156414653683,3,0,1,0,0,1,0
28,4,152.21102905273438,93007,2,2.898110201030956,1,0,1,0,0,0,0
50,41,57.7392463684082,94966,1,2.446851556896464,3,370,1,0,0,0,0
59,36,14.40311336517334,94240,4,0.3714259075484302,3,403,0,1,0,0,0
51,19,73.30198669433594,93924,1,2.217905075192192,3,113,1,1,0,0,0
30,4,17.236980438232422,91983,4,0.994825795314562,1,0,0,0,0,1,0
58,23,76.6121597290039,95848,2,2.150900552550393,1,361,1,0,0,0,0
38,3,114.62413787841795,91611,2,1.1822886762662097,2,0,0,0,0,1,0
58,37,22.77352333068848,93929,4,1.02531709767949,2,0,0,0,0,1,0
26,1,99.87063598632812,92876,4,2.7767483205081427,3,0,0,0,0,0,0
51,21,39.39851379394531,94126,1,1.0859700319356642,2,0,0,0,0,1,0
37,9,28.41856002807617,94346,4,1.1791620449705895,3,0,0,0,0,0,0
39,10,20.387460708618164,93992,2,0.5468943946372934,3,0,1,0,0,0,0
55,31,56.540794372558594,94627,3,1.1784179919481257,2,0,1,0,0,1,0
33,7,42.16157531738281,95405,3,0.9024567877276992,2,0,0,0,0,1,0
48,25,56.36900329589844,91359,1,0.5476244765443687,3,0,0,0,0,0,0
32,10,63.97174453735352,92722,1,2.3638912594861083,1,0,0,0,0,1,0
44,18,137.60333251953125,91298,2,3.936912879175832,3,0,0,0,0,0,1
30,7,142.465087890625,94524,2,6.947157889577776,1,0,1,0,0,0,0
54,19,61.21577072143555,92351,2,0.6928247910025518,3,0,0,0,0,1,0
51,34,84.7767333984375,95114,3,0.8030276002951874,2,0,0,1,0,1,0
37,12,82.23075103759766,94651,3,1.7558561662700225,2,0,0,0,0,0,0
52,26,60.53639602661133,95231,4,2.6654988319221693,3,0,1,0,0,1,0
29,5,70.08268737792969,94203,2,0.6841136997719939,3,0,0,0,0,0,0
33,7,126.39297485351562,91316,3,0.4318357533132104,1,0,0,0,0,1,0
29,13,202.9164581298828,93839,2,9.671221357273843,1,154,0,0,0,1,0
31,14,42.25910186767578,93343,4,1.447413042280275,3,0,0,0,0,0,0
61,38,63.73666763305664,91164,3,0.1251188147033554,1,0,1,0,0,0,0
43,26,79.53532409667969,91152,1,1.113978923747336,3,0,0,0,0,1,0
66,39,31.94721984863281,92754,1,0.0182400606213532,2,0,1,0,0,1,0
36,8,144.36415100097656,94011,2,2.108651449660368,1,0,1,0,0,0,0
51,23,33.21177673339844,95890,4,1.4978571170685877,1,0,0,0,0,0,0
56,37,60.27021789550781,94252,3,1.7277571211496907,1,0,1,0,0,0,0
55,31,66.20061492919922,95572,4,0.5689303083579687,2,0,0,0,0,1,0
48,26,107.43006134033205,92637,4,1.3699565681239267,1,175,0,0,0,1,0
57,35,50.14972686767578,91255,2,0.7156581761818455,3,0,0,0,0,1,0
60,36,125.22557067871094,91343,1,1.4252828601705754,1,0,0,0,0,1,0
46,28,58.1602668762207,95785,2,0.463467732699419,1,183,0,0,0,1,0
40,22,144.79685974121094,95070,3,1.731339484297113,2,0,1,0,1,1,1
33,11,156.88473510742188,95230,4,5.6594844845838645,3,0,1,0,0,0,1
63,39,48.126609802246094,91155,3,1.485350063813088,1,0,1,0,0,0,0
56,26,79.42601013183594,92344,3,0.2572896434258392,3,0,1,0,0,0,0
33,6,48.54298782348633,94012,4,1.6415991538406791,2,0,1,0,0,1,0
41,13,31.49491500854492,89984,1,1.015888853206591,3,0,1,0,0,0,0
47,13,117.05345153808594,92580,4,3.513359791449299,3,0,1,0,0,1,1
38,17,124.0142593383789,93020,2,2.854171058544256,1,0,0,0,0,0,0
28,-1,80.9867172241211,90230,4,1.1357870269104515,2,0,1,0,0,1,0
32,7,110.5854949951172,91812,3,1.8176226708490493,1,0,0,0,0,1,0
37,2,61.90644073486328,91143,4,1.5937243824621352,1,0,0,0,0,1,0
43,12,42.91015625,92204,3,0.8975086294192641,2,106,0,0,0,0,0
60,37,106.19735717773438,91171,4,0.5818074470198136,1,0,0,0,0,1,0
64,38,64.62687683105469,91202,4,0.1081050587729463,1,162,0,0,0,1,0
54,30,47.55235290527344,93949,2,2.1504738088019626,3,0,1,0,0,1,0
29,14,70.44450378417969,94373,3,2.118514708507044,2,0,0,0,0,0,0
27,1,71.20767211914062,91437,4,1.6213826389870325,3,118,0,0,0,1,0
41,26,28.305870056152344,90442,4,0.4962802336755233,2,114,0,1,0,1,0
49,21,45.81793594360352,94272,4,0.3422231354289194,1,0,1,0,0,1,0
46,12,32.38407897949219,93159,4,1.4831092283223146,1,0,1,0,0,1,0
36,12,59.59585571289063,91129,3,2.1612529537284475,3,190,1,0,0,1,0
60,37,29.806713104248047,90738,3,0.2870638344565773,3,0,1,0,0,1,0
33,10,48.47851943969727,94433,2,0.4729471889334366,2,122,0,0,0,0,0
32,12,39.71632385253906,91896,4,1.6366052024886564,2,0,1,0,0,1,0
49,25,80.54163360595703,91494,4,1.2085439572957417,1,81,1,0,0,0,0
53,32,143.43939208984375,94440,1,1.5916284990332017,2,0,1,0,1,1,1
29,7,37.16720199584961,95026,1,3.0864066789638485,1,0,0,0,0,0,0
36,12,142.12625122070312,91323,1,3.9498586431869,1,0,0,0,0,1,0
58,40,65.12617492675781,93177,4,0.3077035947012022,1,151,0,1,1,1,0
24,-1,195.41116333007807,91868,2,1.3348793487926396,1,0,1,1,0,1,0
29,11,71.25396728515625,91912,2,2.030823765741837,2,86,0,0,0,1,0
38,7,206.6761474609375,94987,2,9.129075124389644,1,282,0,0,0,1,0
58,39,32.28761291503906,95411,4,2.1114044808130776,2,0,0,0,0,0,0
65,36,66.12471008300781,91651,3,1.6709486897448915,1,0,1,0,0,0,0
29,1,32.2586669921875,92963,3,0.04889342394338,2,0,1,0,0,1,0
59,28,46.10576248168945,92550,2,0.7775230826972899,3,0,1,0,0,0,0
45,19,9.25414752960205,94072,4,0.9478724157620746,2,0,0,0,0,1,0
41,21,56.90621948242188,92108,2,0.4998849734092284,1,256,1,0,0,0,0
62,35,91.98714447021484,92473,1,2.685236918593985,1,0,0,1,0,0,0
46,20,65.88430786132812,91949,2,0.4550342003416395,1,0,1,0,0,1,0
58,24,160.23646545410156,92321,1,3.361433973799599,1,284,0,0,0,0,0
39,19,68.31129455566406,93860,1,0.3033446747056218,1,0,0,0,0,1,0
56,36,42.42179870605469,91110,1,1.005096400530361,2,0,0,0,0,0,0
32,7,83.72047424316406,94242,2,0.5738329904579813,1,0,0,0,0,0,0
54,28,74.87291717529297,92862,1,2.702971260750792,1,0,0,0,0,0,0
33,18,70.11093139648438,95006,3,0.0596777681617609,1,0,1,1,1,1,0
37,14,68.17903900146484,93668,2,1.8335836048143013,1,104,0,0,0,1,0
50,24,61.99615859985352,92094,4,2.246468600928565,3,0,0,0,0,1,0
59,35,20.911880493164062,92697,4,1.4091388478976776,3,382,1,0,0,1,0
62,32,56.51498031616211,94508,4,1.1335895101249425,3,0,0,0,0,1,0
53,34,71.56979370117188,89907,4,1.696510490298031,3,0,1,0,0,0,0
46,17,68.53992462158203,92279,2,3.1172504128803573,1,0,1,0,0,1,0
61,34,58.18581008911133,93145,4,1.5985052128795223,3,0,0,1,1,1,0
27,1,86.87461853027344,95483,2,0.800077420966729,1,361,1,0,0,0,0
59,34,94.89860534667967,92099,3,1.803143311108349,1,149,1,0,0,0,0
51,22,123.58135223388672,92878,3,3.1374199473408333,1,0,0,0,0,0,1
34,10,76.98289489746094,91212,4,2.0093833005096515,3,0,1,0,0,0,0
59,35,55.49666595458984,92122,2,1.0871587946942065,1,0,0,0,0,1,0
29,0,50.11216354370117,93307,4,0.0199895892139537,2,0,1,0,0,0,0
49,19,14.460077285766602,91029,2,0.9315576876351476,1,0,0,0,0,1,0
54,30,32.49177551269531,94445,1,0.3390094073076762,2,0,0,0,0,1,0
33,14,73.79420471191406,91355,1,0.709766286966098,2,0,1,0,0,1,0
58,35,32.99769592285156,94400,3,0.3497012005276205,2,0,0,0,0,0,0
55,31,45.28408050537109,92374,2,2.183331873654408,1,0,0,1,0,0,0
60,35,161.75564575195312,90266,4,6.322824922502438,3,0,0,0,0,1,1
37,15,95.59514617919922,92058,2,1.6229848270840237,1,221,0,0,0,1,0
61,31,77.7908935546875,92021,1,0.8104988092645197,2,0,1,1,0,1,0
58,36,65.12965393066406,91777,1,1.676078860212462,2,0,0,0,0,1,0
38,2,70.31472778320312,94488,3,2.102411891289776,2,0,1,0,0,0,0
48,21,66.29100036621094,94854,2,3.0427363905346687,3,0,1,0,0,1,0
32,6,56.42781448364258,94412,1,1.4722228693542865,1,0,1,0,0,0,0
59,29,87.15425872802734,93008,2,0.2422881005416604,1,0,0,0,0,0,0
38,16,127.46331787109376,93569,2,2.610919092444033,3,0,1,0,0,0,1
57,24,53.758419036865234,92102,2,3.0990019497384105,1,0,1,0,0,0,0
37,11,12.721161842346191,92288,1,0.4901675900568281,2,0,0,0,0,0,0
56,30,54.25402069091797,93251,3,1.934869458574614,1,252,0,0,0,1,0
32,6,129.5833282470703,91500,4,3.994134563660367,1,250,0,0,0,1,1
43,22,12.155966758728027,91859,4,0.5051522413371703,3,0,0,0,0,1,0
55,34,72.59062194824219,90261,2,1.9061213684443592,3,184,1,0,0,1,0
28,7,51.25431060791016,90610,4,1.4843737787558875,3,0,0,0,0,1,0
26,0,53.97913360595703,94619,4,1.3501156704093482,2,0,0,0,0,1,0
42,24,113.94928741455078,92602,1,1.5689875669023126,1,0,1,0,0,1,0
53,30,43.4769401550293,94522,1,0.0449864273623968,1,0,0,0,0,0,0
56,34,61.787574768066406,91311,2,1.0453179766032488,2,0,0,0,0,1,0
58,33,15.484071731567385,93999,2,0.1808889459471834,3,0,0,0,0,0,0
31,15,30.68634414672852,95293,3,1.8803867704877544,1,0,0,0,0,0,0
59,23,36.56407165527344,94146,4,1.3157848221630957,1,0,0,0,0,1,0
29,4,60.64372634887695,91910,2,1.4074738706478322,1,0,0,0,0,0,0
39,12,112.6987762451172,94641,2,1.7980254612399884,1,0,1,1,1,1,0
56,27,41.71850204467773,92638,2,0.2134716432527387,2,0,0,0,0,1,0
50,19,107.53060150146484,91185,4,6.506932843960749,1,0,0,0,0,0,0
60,34,185.1998291015625,94220,4,4.010618885263306,2,0,0,1,1,1,1
33,8,35.26945877075195,90211,4,2.594947986139494,3,0,1,0,0,1,0
53,23,219.4058532714844,90289,1,6.960925429149013,1,0,0,0,0,1,0
48,17,61.75871658325195,91476,4,1.477174988330877,3,0,0,1,0,0,0
65,37,35.00487518310547,94844,4,0.2752800585129829,3,0,0,0,0,1,0
37,3,144.5167236328125,91006,2,6.832294306881201,1,359,0,0,0,0,0
42,10,119.744384765625,94947,1,2.7361280271909383,1,0,0,0,0,0,0
29,2,127.52886962890624,92139,1,1.2531600014170072,1,238,0,0,0,1,0
50,26,73.5787124633789,93011,1,1.9086488707015468,2,192,0,0,0,1,0
50,35,11.45005226135254,92769,2,0.1330450563235864,3,105,0,0,0,0,0
30,10,38.12317657470703,95787,4,1.0130872304173797,2,0,1,0,0,1,0
34,12,81.08100128173828,91878,4,1.8099324452424064,1,0,1,1,1,0,0
48,22,38.6084098815918,94201,1,1.6603300760888824,2,0,0,0,0,1,0
58,32,73.45716857910156,91508,2,1.7328272094232622,3,0,0,0,0,1,0
54,30,47.29103088378906,90209,2,1.8421225674173964,1,0,0,1,0,0,0
57,38,155.11692810058594,94501,4,3.2196620897826493,1,0,0,0,0,0,1
49,26,75.8957748413086,93005,3,1.3419670558863042,1,0,1,0,0,0,0
40,10,14.820649147033691,93289,1,0.7795016920142802,2,0,0,0,0,1,0
43,14,55.43931579589844,94085,4,0.3469790679594009,3,0,0,0,0,1,0
30,9,50.82609176635742,92472,3,2.194305974819676,2,0,0,0,0,1,0
47,27,35.702186584472656,94667,4,1.054840096819836,2,0,1,0,0,0,0
35,11,142.4624481201172,92669,1,2.746334178568638,1,149,0,0,0,0,0
50,29,70.26177978515625,94811,3,2.9433418605784607,3,0,0,0,0,0,0
44,23,113.85324096679688,94566,2,2.37038060604472,3,0,0,1,0,0,1
51,15,15.160809516906738,94619,4,1.5681610740515253,1,0,0,1,0,0,0
49,16,39.78325653076172,93094,2,2.392042607123982,1,109,1,0,0,0,0
28,6,85.79312133789062,90318,1,0.9609525849682342,1,0,0,0,0,1,0
44,34,146.6856689453125,91994,1,0.4696101276357026,1,0,0,0,0,0,0
47,26,54.27616500854492,95845,2,2.3625263724196266,3,0,1,0,0,1,0
28,5,123.67843627929688,93426,1,0.5950494170944389,1,0,0,0,0,1,0
30,14,65.88186645507812,95097,2,0.3232014176517141,1,0,0,0,0,0,0
39,24,121.93585205078124,92759,3,0.5959055595928667,1,60,1,0,1,1,1
48,20,84.20372772216797,94508,1,1.6874556379960262,1,0,0,0,0,0,0
66,41,31.97933578491211,92791,3,1.988678320074912,2,0,0,0,0,1,0
64,40,45.13553237915039,94032,4,0.4472525609938214,3,0,0,0,0,1,0
40,14,83.85480499267578,93874,1,2.050237267631307,3,0,0,0,0,0,0
56,24,142.24838256835938,94797,2,2.399570625870236,1,373,0,0,0,0,0
64,40,115.05487060546876,94428,2,3.5899596411576,3,154,0,0,0,0,0
27,7,24.61220359802246,95953,1,0.7082183779597689,3,0,0,0,0,1,0
42,12,19.87436294555664,92015,3,0.8386141507224956,2,0,0,0,0,1,0
26,4,135.41256713867188,93215,1,0.9182581252833396,1,78,1,0,0,1,0
61,36,26.26753044128418,93894,1,0.232087935436952,2,0,1,0,1,1,0
51,16,172.57586669921875,94450,2,2.5719861594502498,1,353,0,0,0,1,0
41,31,33.96569061279297,93388,3,0.7297606136559135,3,0,0,0,0,1,0
39,18,210.1954345703125,92044,2,6.526161099883095,1,351,0,1,0,0,0
56,19,63.08434295654297,93764,1,2.287004721791382,1,0,0,0,0,0,0
57,30,46.38197326660156,90771,2,1.2226402892678925,3,0,0,0,0,0,0
60,38,35.36163330078125,91694,2,0.4384416933241388,2,223,0,0,0,1,0
56,24,153.25396728515625,91807,1,8.653913196351185,1,0,1,1,0,0,0
29,3,51.71141052246094,93466,3,2.3951341417153253,2,0,0,0,0,0,0
56,25,30.11370849609375,94218,3,0.1251470005543283,3,0,0,0,0,1,0
53,32,16.222686767578125,90020,3,0.3497370612920342,3,0,0,0,0,0,0
35,13,42.02796173095703,92083,4,1.1933336032538686,2,0,0,1,0,1,0
43,20,42.8923454284668,96013,1,1.7721544943604566,2,0,1,0,0,1,0
60,34,47.56863021850586,91309,3,0.2825691006142865,1,0,0,0,0,1,0
31,8,46.432865142822266,96120,1,0.5644339618307272,1,0,1,1,1,1,0
62,37,29.511234283447266,94416,4,1.0719446518311948,1,0,1,0,1,1,0
38,15,53.36567306518555,93014,1,0.4070221882659752,1,0,0,0,0,0,0
52,27,82.29240417480469,94506,2,1.212118010179107,2,148,0,0,0,1,0
49,26,83.24085235595703,93236,4,1.3186492314689942,2,0,1,0,0,0,0
45,19,48.81993865966797,94809,3,1.231548293477688,1,170,1,0,0,0,0
40,17,23.269189834594727,95024,4,2.338270366282685,2,0,1,0,0,1,0
40,12,110.82247161865234,94718,3,0.8183077536729937,1,0,1,0,0,1,0
53,26,42.52680206298828,95452,4,0.9106582175046878,3,0,0,0,0,1,0
42,10,102.07530212402344,91385,2,3.0198589693340527,1,382,0,0,0,1,0
37,13,68.45277404785156,95353,3,1.7380588291151782,1,0,0,0,0,1,0
49,21,70.95225524902344,95405,1,1.5928113658742502,1,0,0,0,0,0,0
61,11,128.15771484375,91150,1,5.453466427597523,1,0,0,0,0,0,0
50,28,64.483154296875,92940,3,1.9153378200046225,2,0,0,0,0,0,0
53,24,41.42034530639648,94675,2,1.6804799894795983,2,0,1,0,0,1,0
61,42,31.04618453979492,94618,1,0.36062076910127,3,0,0,0,0,0,0
66,38,63.4212646484375,90658,1,0.1701154079033627,3,0,0,0,0,1,0
28,1,75.22323608398438,93845,4,2.280856437000543,3,146,0,0,0,0,0
53,21,30.20130729675293,94948,4,1.7122573100517082,2,0,0,0,0,0,0
27,0,10.518928527832031,93541,4,0.6510267217513055,3,0,0,0,0,0,0
55,26,86.0670394897461,92327,1,1.9499746491357064,3,0,0,0,0,0,1
62,35,57.66387939453125,93981,4,1.86681934279342,2,0,1,0,0,1,0
62,41,41.56833267211914,95227,1,1.1104316582064393,2,103,0,0,0,1,0
41,25,110.58802795410156,95376,2,1.8797171152740524,3,208,1,0,0,1,0
44,24,25.07659149169922,94189,3,0.4644426217665455,2,0,0,0,0,1,0
52,31,122.81723022460938,95787,1,4.223930681771542,1,220,0,1,0,1,1
61,34,64.49703979492188,91257,4,0.774891449608332,3,104,0,0,0,1,0
59,38,23.49336242675781,89814,1,0.2769572475397668,3,138,0,0,0,1,0
35,15,24.478893280029297,95264,2,0.1551184460262219,1,103,0,0,0,0,0
43,26,175.0278778076172,90064,4,5.020697912085916,3,0,1,0,0,0,1
57,37,81.94263458251953,92248,4,1.351136183041475,2,155,0,0,0,1,0
54,29,99.05977630615234,89847,1,2.435507637690156,1,237,0,0,0,1,0
42,21,131.50669860839844,93880,1,3.8976920889755817,1,0,1,0,0,0,0
46,11,20.780258178710938,90014,1,0.677454829765736,3,101,0,0,0,0,0
38,3,74.74463653564453,95025,4,2.1824222809673683,2,0,0,0,0,0,0
62,33,93.90328979492188,93095,4,0.3726200745852498,3,399,0,0,0,0,0
47,23,23.63348960876465,95040,4,0.2825098455284409,2,0,0,1,0,0,0
39,23,81.80369567871094,92477,4,2.1606685441585025,3,0,0,0,0,1,0
43,29,39.68482971191406,91219,4,0.3289156528341694,1,0,1,0,0,0,0
26,1,28.31415367126465,92300,4,1.1016295119498194,2,0,0,0,0,0,0
47,20,80.28881072998047,94705,2,1.624737640457593,2,0,1,0,0,1,0
45,21,42.97210693359375,91784,1,1.289149182690466,3,0,1,0,0,0,0
38,25,46.7016830444336,92389,4,2.5756647608771406,1,0,0,0,0,0,0
37,9,189.5503692626953,94498,2,7.8416142224984835,1,0,0,1,0,1,0
57,34,144.47007751464844,94293,2,2.3642703508075886,1,0,0,0,0,0,0
41,16,70.85431671142578,95219,3,0.5759319870433998,2,82,0,1,0,1,0
25,4,88.44889068603516,95149,1,3.0089242316661258,3,0,0,0,0,1,0
64,40,61.041465759277344,95156,4,1.4059463988326808,2,0,1,0,0,1,0
42,19,201.4099578857422,91930,3,4.326750025373229,3,0,1,0,0,1,1
42,28,28.916183471679688,91490,2,0.5493324264748668,3,125,1,0,0,1,0
56,38,186.10389709472656,94517,2,6.776326936376712,1,0,0,1,0,0,0
43,25,71.49003601074219,94409,3,1.280101824653212,1,0,1,0,0,1,0
60,39,27.494686126708984,95939,4,0.8719329017749893,1,152,0,0,0,1,0
61,36,16.05083656311035,94044,4,2.3861059156983977,1,0,1,0,0,0,0
24,-3,89.40816497802734,92980,4,0.8118952027559967,1,364,0,0,0,1,0
64,39,121.96190643310548,95512,1,0.9534084720966236,2,0,0,0,0,1,0
53,27,142.87156677246094,91753,2,0.2589564723423503,1,0,0,0,0,1,0
60,39,117.80677032470705,90371,4,1.599103814183624,2,313,1,0,0,0,1
32,20,24.92485618591309,94669,2,0.4441209097625228,2,0,0,0,0,0,0
48,16,54.05423355102539,95026,4,2.334700867572413,1,158,0,0,0,1,0
53,23,31.16223526000977,90362,2,1.544812125709798,2,0,0,1,1,1,0
28,12,169.64852905273438,93818,1,1.4637011792322252,3,275,0,0,0,0,1
56,32,15.100072860717772,96065,3,0.1997075374985863,1,0,0,0,0,0,0
47,35,59.830379486083984,95072,2,1.7502820840382964,3,0,0,0,0,0,0
42,13,27.54480743408203,94111,2,1.5957985414156026,1,90,0,0,0,0,0
39,14,40.37356948852539,94401,1,0.0168826592142385,1,0,0,0,0,0,0
40,18,23.99207305908203,95396,2,1.2829274177110603,3,149,0,0,0,0,0
45,19,84.58941650390625,95401,2,6.42638985349833,1,0,0,1,0,1,0
39,10,113.255859375,92086,2,8.955100206496967,1,318,0,0,0,1,0
41,5,63.109134674072266,92923,1,1.4503517619709534,3,0,1,1,0,1,0
32,8,86.45516967773438,92102,2,0.746137454901865,3,0,0,0,0,1,0
52,21,25.07062339782715,91585,2,0.6014862017868902,1,94,0,0,0,0,0
49,18,36.7770881652832,93810,1,1.600692423530978,2,93,0,0,0,0,0
25,0,109.08892059326172,94637,2,3.228064086069183,1,0,0,0,0,0,0
55,22,54.229976654052734,90116,4,1.5992065155747424,3,0,1,0,0,1,0
31,9,150.9852752685547,94828,2,0.9310554314847532,2,0,1,0,0,1,0
50,32,63.6149787902832,91810,3,3.153452538187364,1,0,0,0,0,1,0
45,19,59.03293991088867,92581,1,0.2878651602211826,1,0,0,0,0,1,0
52,5,49.77455520629883,91943,2,1.4493871007742445,3,0,0,0,0,0,0
39,17,157.1135711669922,94386,1,6.637345062439766,2,0,1,0,0,1,0
62,34,59.86714172363281,92715,2,0.8049590631809741,1,0,1,0,0,1,0
40,9,56.01899337768555,94013,2,1.8175622483882816,3,0,0,0,0,0,0
61,40,77.87647247314453,96239,2,1.696899929793125,1,0,0,0,0,0,0
38,15,36.56175994873047,93075,4,2.111999160868231,2,0,0,0,0,1,0
27,2,40.4008903503418,95452,2,1.2819623069053008,2,0,0,0,0,1,0
29,5,43.79571533203125,94870,2,1.5975339449275952,2,0,0,0,0,1,0
64,29,114.33170318603516,95130,1,0.684571232015866,1,0,0,0,0,1,0
30,5,150.03604125976562,92920,2,4.7525149050636175,1,393,0,0,0,1,0
51,31,72.38959503173828,94394,1,2.1212114533416084,2,0,1,0,0,0,0
51,25,47.27603912353516,90442,1,2.830292733776062,1,0,1,0,0,0,0
36,7,46.805458068847656,92800,2,0.1262360242076087,2,221,0,0,0,0,0
40,21,119.33274841308594,91334,3,3.267606223027124,2,320,0,0,0,0,0
35,15,102.41835021972656,96074,4,1.626396804012629,2,0,0,0,0,1,0
50,33,104.18859100341795,95845,2,1.9210297676217571,1,0,1,0,0,1,0
32,11,64.56285858154297,95452,4,0.5356822458799975,1,153,1,0,0,1,0
27,7,56.55044937133789,92859,2,1.5771949178521838,3,153,1,0,0,0,0
57,4,17.749608993530273,94697,2,0.8433900455742387,1,0,0,0,0,0,0
36,6,24.350399017333984,91870,3,0.6243401556896095,1,98,0,1,0,0,0
60,36,63.58063507080078,94284,1,0.1393548315755882,1,0,1,0,0,1,0
24,1,36.87221145629883,90272,2,0.0808597477651649,2,0,0,0,0,1,0
34,15,50.30472946166992,94240,4,1.7770589361784532,1,0,1,0,0,1,0
24,-2,29.37070846557617,91318,3,0.2031250719290556,2,0,0,0,0,1,0
59,29,69.8453598022461,90049,4,1.834389166759639,2,0,0,0,0,0,0
64,40,49.53146743774414,94363,2,0.4729992938668099,1,0,0,0,0,0,0
45,18,47.19536972045898,94163,2,2.0412927549701507,2,0,1,0,0,1,0
28,4,69.15072631835938,94235,2,1.6663949930775557,3,0,0,0,0,0,0
56,25,67.15298461914062,92980,3,0.9669957967706252,2,0,0,0,0,0,0
38,18,74.51701354980469,94531,1,0.6552444084734741,3,0,1,0,0,1,0
46,32,47.67922592163086,92227,3,0.3353590815886023,2,0,0,0,0,0,0
27,2,62.62929153442383,94015,4,1.8789668176814387,1,0,0,0,0,1,0
25,1,204.59915161132807,93262,2,4.968994451685993,1,0,0,0,0,1,1
63,37,90.13975524902344,93857,1,1.8997113171858035,1,0,1,0,0,1,0
33,14,69.32476043701172,94572,1,0.3963724956908412,3,0,1,1,0,1,0
52,24,74.11100769042969,95378,1,1.1013049579578358,1,0,1,0,1,1,0
62,38,123.88455200195312,94631,4,0.7042214299197365,2,143,0,1,0,0,0
41,25,41.72007369995117,93132,4,3.8517474538689656,1,0,0,0,0,0,0
31,5,75.87071228027344,95807,4,1.5389050371093709,1,0,1,0,0,1,0
37,12,83.35877227783203,94719,3,2.3706023001461296,1,131,0,0,0,1,0
40,12,81.33340454101562,94292,2,2.1688556751902293,3,0,1,0,0,0,0
25,3,75.1911392211914,95010,2,1.4246463386460873,3,363,0,1,0,1,0
61,37,59.80949020385742,95074,4,1.7819465749088674,3,0,1,0,0,1,0
28,3,76.22635650634766,95858,1,0.4097804570724719,1,0,0,0,0,1,0
33,6,49.151588439941406,89644,2,2.3384246796005788,1,102,0,0,0,0,0
26,8,109.93853759765624,94615,3,5.374152666077333,2,0,0,0,0,1,0
40,13,49.63823699951172,94591,2,0.1866326370176816,3,147,0,0,0,0,0
53,29,52.626426696777344,93763,2,3.601074967543488,1,0,0,0,0,1,0
35,13,35.46816635131836,95718,3,1.2984784955591142,2,0,1,0,0,1,0
41,18,61.44404983520508,95037,3,4.228407153164724,2,207,0,0,0,1,0
44,20,41.28999710083008,93805,2,2.4083490439276685,3,254,0,0,0,1,0
47,18,124.9737548828125,95949,2,2.2624093787717854,3,0,0,0,0,0,0
57,33,80.17481231689453,89983,2,7.914533144328045,2,0,1,0,0,0,0
37,5,114.87837982177734,92949,2,5.4881844442988434,1,0,1,0,0,0,0
35,16,170.9134063720703,95250,2,1.7286770119007122,1,400,0,0,0,1,0
45,19,64.69320678710938,90095,1,0.8881809487943798,1,0,0,1,0,1,0
58,29,73.92229461669922,92075,3,2.1264681239586443,2,0,0,0,0,0,0
44,27,22.290267944335938,95260,4,0.8882048259636902,2,0,0,0,0,1,0
65,39,58.18547439575195,90427,4,0.4446803936943817,1,0,1,0,0,0,0
43,29,24.32366371154785,94743,2,0.2405111806160672,1,0,0,0,0,0,0
43,15,151.19174194335938,91290,2,2.9846850178250866,1,0,1,1,0,1,0
36,14,48.14913940429688,94224,2,0.3119726431943292,2,0,0,0,0,1,0
52,16,47.81407165527344,91702,1,1.3825775304904124,2,117,1,0,0,0,0
56,22,31.558984756469727,94212,1,0.1044312076320813,3,0,1,0,0,1,0
43,19,49.15218353271485,91311,3,2.1399176377251643,3,0,0,0,0,1,0
33,8,76.08211517333984,94279,2,2.095294358111099,3,0,1,0,0,0,0
53,27,52.0809211730957,94055,4,1.499050425248691,1,0,0,0,0,1,0
54,25,85.69818115234375,90394,1,0.4418665757049693,2,110,1,0,0,1,0
62,34,48.42645263671875,90383,2,0.0228372977714342,3,0,0,0,0,0,0
39,12,64.40214538574219,94524,3,0.9367114787658972,2,0,0,0,0,1,0
27,0,182.68338012695312,91999,3,1.8617115824959691,3,106,0,0,0,0,1
61,35,41.4380989074707,95725,1,1.7496404637087195,2,0,0,1,0,1,0
49,21,105.74480438232422,94303,3,3.167344051492469,3,0,0,0,0,0,0
43,24,43.24611282348633,96033,2,0.4137463930804032,3,189,0,1,0,1,0
62,38,71.36813354492188,90136,3,0.6531680920908585,1,0,1,0,0,0,0
27,6,97.91592407226562,91418,3,2.264403543309766,2,0,1,0,0,1,0
55,24,39.0015869140625,90937,3,1.7585296447213117,2,0,0,0,0,1,0
60,34,48.06278610229492,90280,3,2.424182389016999,1,0,0,0,0,0,0
52,18,110.08675384521484,91899,1,2.750680596524457,1,0,1,1,0,1,0
38,12,22.68750762939453,91268,2,2.592009034311171,3,183,0,1,0,0,0
34,11,107.05157470703124,94117,2,0.4155299201914366,1,226,1,0,0,0,0
41,22,103.94831848144533,94943,2,1.830127242969163,2,0,0,0,0,1,0
46,20,107.6255340576172,95671,1,7.936315419317466,2,170,1,0,1,1,1
62,36,83.23385620117188,91475,1,1.0450380260660346,1,0,1,0,0,1,0
47,28,12.306297302246094,96332,1,1.2342967678341297,3,95,0,1,0,1,0
67,41,95.46207427978516,92934,2,1.897000049718253,1,0,0,0,0,0,0
32,7,80.42700958251953,91938,3,1.712323364724465,1,94,1,0,0,1,0
54,21,152.27671813964844,89922,1,2.9390242544300538,1,0,1,0,0,1,0
41,23,148.71234130859375,91936,2,1.1768003555480442,1,0,1,1,0,1,0
42,24,53.1226921081543,92962,4,1.8884267669576165,3,0,0,0,0,1,0
65,38,65.41032409667969,93675,2,0.246760136167922,2,0,0,0,0,0,0
55,29,109.41161346435548,94103,2,2.699117778049648,1,0,1,0,0,1,0
63,35,53.24668502807617,95712,4,1.3533370693015585,2,0,1,0,0,1,0
28,3,134.4917449951172,90398,4,3.91504536811149,1,0,0,0,0,1,0
61,28,207.5171661376953,95885,1,3.711684273857854,3,354,0,0,1,1,1
43,21,121.73851013183594,93384,4,5.377426829087607,2,0,0,0,0,0,1
24,-2,56.22644805908203,95260,2,1.6656685122754924,1,0,0,0,0,1,0
34,15,164.70675659179688,90780,2,2.310035121170783,1,0,0,0,0,0,0
45,26,129.4011993408203,93522,1,4.175173792756956,3,0,0,0,0,0,1
28,16,45.67959976196289,94435,1,0.2840589048609733,2,73,0,0,0,1,0
49,33,19.26798820495605,93385,2,0.4849650428571683,1,134,0,0,0,1,0
53,36,30.369495391845703,94482,1,0.8921966454936844,1,0,1,0,1,1,0
63,40,63.62764739990234,91836,3,1.7189069845909,3,0,0,0,0,0,0
28,1,94.40193939208984,94542,1,4.280701488407035,3,0,0,0,0,0,1
45,25,16.632369995117188,93959,3,0.2220955628338595,2,0,0,0,0,0,0
50,27,127.25376892089844,94241,1,2.147309280286116,1,0,0,0,0,0,1
56,32,103.4855728149414,90788,2,0.3631994748929409,2,0,0,0,0,1,0
35,10,87.40064239501953,91280,1,3.586320246653832,2,0,1,0,0,1,0
55,33,58.66305160522461,92687,2,0.1761474744059774,3,0,0,0,0,1,0
62,35,170.60662841796875,94617,2,4.276409495832317,1,527,0,1,0,1,0
47,29,47.22057342529297,91208,2,1.0286491100339354,1,157,0,0,0,1,0
59,30,65.36326599121094,91379,1,2.3734601915401026,1,0,0,0,0,0,0
30,3,44.31328201293945,93824,1,1.9986826459984504,3,0,0,0,0,0,0
42,10,63.62180709838867,92441,1,0.8498471566429352,3,136,0,0,0,0,0
61,36,61.89153289794922,94882,2,1.2167382213018656,1,0,0,0,0,1,0
50,21,74.5076904296875,92360,1,0.25980181342361,3,0,0,0,0,0,0
60,34,52.67919921875,94475,1,1.1607226494488962,2,146,0,0,0,1,0
33,11,144.2214813232422,94237,2,1.9406732011692909,1,0,1,0,0,0,0
43,17,104.42328643798828,92167,2,2.5163851574257765,1,107,0,0,0,0,0
29,0,135.8055419921875,93174,2,2.1959024314834448,3,0,1,0,0,0,0
65,37,37.14540863037109,94858,2,0.943266940408358,3,0,0,0,0,0,0
30,5,86.46699523925781,94364,4,3.8364206064696553,1,0,0,0,0,0,0
64,30,70.19701385498047,95220,2,2.053486067697333,1,0,1,0,0,1,0
29,3,93.58008575439452,90165,1,2.085705286951293,2,0,0,0,0,1,0
51,30,147.0875244140625,94074,2,5.38480879597126,1,379,0,0,0,1,0
32,3,42.14990615844727,92145,2,1.6492051776634251,2,0,0,0,0,1,0
33,5,122.07765197753906,92597,2,1.5756225725559374,1,0,0,0,0,1,0
31,6,121.36121368408205,93997,2,1.6610096133348462,1,0,1,0,0,1,0
31,8,55.192291259765625,95181,2,2.9011824891818803,1,0,0,1,0,1,0
63,34,84.82653045654297,95057,3,0.5686041791230876,1,0,0,1,0,1,0
35,15,184.96160888671875,94466,2,1.3026674031720216,1,141,0,0,0,0,0
33,14,187.82586669921875,90906,1,0.4059975600266682,1,0,0,0,0,1,0
62,34,33.71179962158203,95800,3,1.8090362120453964,2,0,0,0,0,0,0
41,17,125.32018280029295,95984,1,1.9254471265890172,1,0,0,0,0,1,0
51,25,69.64024353027344,92844,4,2.13653705917962,2,109,0,0,0,1,0
27,1,27.70790100097656,91996,2,0.3489160344147042,1,0,1,0,1,1,0
38,9,48.351654052734375,94680,3,2.250442333021798,2,0,1,1,0,1,0
29,3,171.9868621826172,94189,2,2.3834485832062686,2,181,0,0,0,0,1
40,11,129.8142852783203,93897,1,3.2612663038331173,1,387,0,0,0,1,0
23,3,24.363845825195312,91109,4,1.5553643252399811,2,0,0,0,0,0,0
64,40,91.71028137207033,95131,3,1.033396381618212,2,264,0,0,0,0,0
29,8,58.3231086730957,94276,1,1.429333862696299,2,0,0,0,0,0,0
54,27,56.47803115844727,92119,3,0.197339118473994,1,0,1,0,0,1,0
64,40,75.69587707519531,90135,1,0.2056705121646337,2,0,0,0,0,0,1
58,37,66.55982208251953,94665,3,1.5413222977251373,1,0,0,1,0,1,0
57,28,35.58186721801758,94608,1,0.085607474618145,3,0,0,0,0,1,0
52,20,84.72718048095703,92092,1,4.0168951204293775,1,88,0,0,0,1,0
53,20,47.44316101074219,93210,2,2.296048776782643,1,0,0,0,0,1,0
34,8,39.284759521484375,91624,1,1.546723463741185,3,0,0,0,0,1,0
57,32,48.927860260009766,94396,1,1.9917139568342868,3,0,0,0,0,0,0
35,18,141.69943237304688,91545,3,2.9659682499573807,1,0,1,0,0,1,0
49,18,33.09206771850586,92748,2,1.0184008818648365,3,0,0,0,0,0,0
39,12,70.34130859375,96069,4,0.017599965676707,1,0,0,0,0,1,0
46,24,59.33882141113281,91717,4,1.9517938481089916,2,0,0,0,0,1,0
26,4,65.35320281982422,92716,4,2.2871872219821974,3,0,0,0,0,1,0
28,18,91.24894714355467,94109,3,0.5599479037546764,2,0,0,0,0,1,0
57,30,41.438358306884766,93893,4,0.6568001267784233,3,0,0,0,0,0,0
56,35,106.4218978881836,92348,2,4.766913898374963,1,0,1,0,0,0,0
43,17,87.69991302490234,93932,2,1.8778230622128396,1,277,0,0,0,1,0
27,12,31.74163818359375,95403,3,1.0921017602584282,2,0,1,0,0,0,0
47,21,31.38667106628418,92886,2,0.2616502008927746,2,0,0,1,0,1,0
44,16,16.867189407348633,96211,4,0.5866773628094204,1,0,0,0,0,0,0
57,42,162.88369750976562,92387,2,3.8989813230750894,3,0,1,0,0,1,1
49,24,38.19905090332031,92281,1,0.6424935934860422,2,0,0,0,0,0,0
57,31,74.22679901123047,95693,2,0.8350215017517222,1,0,1,0,0,1,0
52,22,87.0648422241211,92295,2,1.94079658375493,3,0,1,0,0,1,0
23,1,45.91123962402344,94265,4,1.2963354340186162,1,0,1,0,0,1,0
34,11,169.60305786132812,93837,2,3.043217827698218,1,0,0,0,0,1,0
27,12,71.32901000976562,90035,1,2.2503700540276625,1,0,0,0,0,1,0
38,19,22.82562065124512,94536,3,0.7976293510590288,3,125,0,1,0,0,0
53,20,49.43932342529297,94705,2,5.545366243004824,3,0,0,0,0,0,0
47,27,35.734031677246094,90138,4,1.5492517028576502,3,0,0,0,0,1,0
37,20,93.91163635253906,95630,4,3.040365653771409,1,0,0,0,0,1,0
40,5,97.73941040039062,95226,1,3.721705580042755,1,0,0,0,0,1,1
31,7,86.48681640625,90980,2,1.7681752794131729,3,154,0,0,0,1,0
66,41,77.8501205444336,93055,4,0.9527246463117534,3,0,1,0,0,1,0
27,5,52.1584358215332,95584,3,0.4351261977574197,1,0,0,0,0,1,0
28,8,101.47504425048828,94522,2,1.4901339950663963,1,252,0,0,0,0,0
47,23,164.01339721679688,94735,2,5.16183989461733,1,0,0,0,0,0,0
54,37,54.45365905761719,95555,3,0.3296019014585395,2,0,1,0,0,1,0
40,23,113.16341400146484,93154,1,3.267826511511569,1,0,1,0,1,1,0
38,10,44.70434188842773,92022,4,1.5440453924085504,3,0,0,0,0,1,0
59,27,36.46186828613281,94466,1,1.3591170933885817,2,286,1,0,0,1,0
46,34,133.60568237304688,92880,1,6.1814067015321,1,0,1,0,0,0,0
26,1,118.84854125976562,90465,2,2.9459555948019056,1,0,1,1,1,1,0
30,5,36.33147430419922,94457,4,0.910892453348158,2,0,0,0,0,0,0
33,10,59.741493225097656,92979,3,1.184550009965341,2,0,1,0,0,1,0
40,15,47.28687286376953,90329,3,1.0777233491112956,2,0,0,0,0,1,0
42,15,137.1136016845703,94437,2,2.197219262158093,2,222,0,0,1,1,1
62,34,78.40103149414062,90887,4,0.2039926464888784,3,98,1,0,0,1,0
41,17,62.22449493408203,91191,2,0.3654284234497799,3,0,1,0,0,0,0
42,16,30.300756454467773,94713,1,0.4009837673369276,2,0,0,1,0,0,0
66,41,129.84967041015625,92083,3,3.762241469404561,1,0,0,0,0,1,0
59,35,98.76376342773438,94220,4,3.2710936377952926,1,0,0,0,0,0,0
60,39,105.10212707519533,90513,1,7.849530981926436,1,0,0,0,0,0,0
52,20,106.26241302490234,95108,1,2.559669904720183,1,0,0,0,0,0,0
46,4,15.062183380126951,94386,3,0.4986461649470953,2,139,0,0,0,1,0
31,6,26.91248321533203,91877,2,0.201738468729944,2,0,0,0,0,1,0
31,4,69.28276062011719,91865,1,1.541955497138306,3,0,0,0,0,1,0
61,40,36.87621688842773,92215,1,0.1874615927937084,2,0,0,0,0,1,0
35,11,164.70359802246094,94170,2,7.789938957226479,2,0,0,0,0,1,1
33,2,60.2949447631836,90040,3,0.7252486039570535,2,0,0,0,0,0,0
45,14,37.68570709228516,92000,4,0.4365490492112713,1,0,0,0,0,0,0
40,23,58.87959671020508,94447,4,5.066029772605011,1,0,0,0,0,0,0
46,31,31.68583869934082,91781,3,0.640952098048605,1,0,0,0,0,1,0
61,38,32.771263122558594,90209,4,0.4324538566395094,2,108,0,0,0,0,0
39,11,50.16967391967773,95398,3,1.9336711255629075,2,0,0,0,0,1,0
31,7,49.01155853271485,89993,4,1.5296193238295068,3,0,1,0,0,0,0
35,10,87.30947875976562,94202,1,0.7019897475137263,1,234,0,0,0,0,0
34,7,24.56927299499512,95877,4,1.2274751352170736,2,0,0,0,0,1,0
36,23,174.4813995361328,95716,2,0.626195240969309,1,0,0,0,0,1,0
27,22,68.02311706542969,92555,1,0.1187997266586338,1,0,0,0,0,0,0
65,41,132.24847412109375,91768,4,2.946945254911541,1,0,0,0,0,1,0
61,42,57.27396011352539,94617,3,1.9047978942468549,3,96,0,0,0,1,0
61,34,14.160722732543944,95362,1,0.4966620060649551,2,0,0,0,0,0,0
38,13,56.0428581237793,91671,1,0.2991423079249125,1,0,0,0,0,1,0
38,13,51.66337966918945,95096,2,0.3376380049583774,1,0,1,1,0,1,0
33,7,21.01689910888672,91182,4,0.7897244050304973,3,0,1,0,0,1,0
61,34,71.70100402832031,92871,3,1.175475900189566,3,0,1,0,0,0,0
63,38,26.844074249267575,91796,1,0.412606744820833,3,97,0,1,0,1,0
50,24,25.1492862701416,94609,2,0.288567921391752,3,0,1,0,0,1,0
41,17,78.46401977539062,94267,1,2.30579210111605,3,129,0,0,0,1,0
39,16,20.923784255981445,91444,2,0.4544710564171172,1,156,0,0,0,0,0
33,7,104.43075561523438,92731,2,3.486951453254078,3,0,0,0,0,1,0
29,8,89.41301727294922,94447,1,2.4400167062708378,2,0,0,0,0,0,0
31,4,14.86048984527588,92324,2,0.5812828407794848,1,0,1,0,0,1,0
57,30,56.136680603027344,93020,2,0.7325296423803048,3,0,1,0,1,1,0
32,10,21.68381118774414,92293,3,0.939902973088403,2,0,0,0,0,0,0
32,6,36.9575424194336,94452,4,0.3926764306087404,1,93,0,0,0,0,0
32,8,99.34539031982422,94372,2,2.6792662298529057,3,173,0,0,0,1,0
60,37,22.2784423828125,94394,1,1.12895260365761,3,0,1,0,0,1,0
34,9,47.00606918334961,90297,1,2.9916318191014124,1,0,1,0,0,1,0
38,5,63.739383697509766,91894,2,1.4122148731968052,3,0,0,0,0,0,0
64,35,60.04047775268555,95603,4,0.7393330915848485,1,0,0,0,0,1,0
55,24,67.093994140625,91514,3,1.4250484639854402,2,0,1,0,0,0,0
44,33,192.3525390625,94466,1,4.711490474238811,3,0,1,0,1,1,1
31,28,54.93563461303711,91969,4,0.4382003310968992,3,0,0,0,0,1,0
51,27,101.8721694946289,91914,2,2.3215534684779024,3,0,1,0,0,1,0
52,17,218.5168609619141,94157,1,3.699617353351509,1,292,0,0,0,1,0
44,27,26.916526794433597,93442,3,0.0646777088863862,2,0,0,0,0,1,0
52,24,9.911981582641602,92826,3,1.1003805898604613,1,0,1,0,0,0,0
55,27,14.422322273254396,94715,1,0.7401721025720357,2,0,0,0,0,1,0
54,28,81.30945587158203,91292,1,2.382120746723931,1,0,0,0,0,1,0
62,36,119.33155059814452,93235,3,0.1952327145469512,2,0,0,0,0,1,1
30,3,57.10416793823242,91850,3,0.5002205218623691,3,0,0,0,0,1,0
49,15,50.358428955078125,91090,4,0.7744002284491824,1,0,0,0,0,0,0
61,36,56.440696716308594,95840,1,1.375230906920236,1,0,1,0,0,0,0
36,15,46.60239410400391,96194,3,0.5525755446713347,1,0,1,0,0,1,0
35,6,53.13225173950195,92057,4,2.553398228049531,2,0,0,0,0,0,0
37,9,25.14884185791016,96456,2,0.5461362342687209,1,115,0,0,0,1,0
34,14,69.13015747070312,94764,1,8.28183065986849,2,0,0,0,0,1,0
28,9,38.13739776611328,92671,2,0.1186303119804429,1,112,0,0,0,0,0
46,6,57.13383102416992,92234,3,1.0275230498524826,2,0,0,0,0,1,0
30,4,29.62984275817871,92110,4,1.4135705781990326,3,98,0,0,0,1,0
51,23,99.10874938964844,92596,2,1.895973908910887,3,235,1,0,0,1,0
45,15,40.5492057800293,91091,1,2.1105028897748794,1,0,0,0,0,1,0
41,9,97.87059783935548,94416,1,1.047314791166008,3,0,1,0,0,1,1
34,19,33.196006774902344,91816,1,1.2328828830100589,2,0,1,0,0,0,0
59,33,40.26749420166016,93920,3,1.5120325660692473,2,0,0,1,0,1,0
33,8,36.69637680053711,89839,2,0.5144112397402842,1,0,0,0,0,1,0
44,21,63.86952209472656,90905,1,0.0636190722896307,1,0,1,0,0,1,0
40,20,56.22787094116211,92210,2,0.3945016251110672,3,102,1,0,0,1,0
49,22,43.993778228759766,96400,3,2.126102737523867,2,0,0,0,0,0,0
36,11,64.1964340209961,90020,4,0.9109363835679554,3,0,0,0,0,0,0
64,36,44.553199768066406,90417,1,0.2321880056278139,2,0,0,1,0,1,0
43,14,82.97756958007812,90191,4,2.379208690182023,1,235,0,0,0,1,0
31,6,111.56770324707033,92292,2,0.8925149012346044,3,0,0,0,0,1,0
51,20,41.968360900878906,91813,4,0.1020330137205554,1,0,0,0,0,0,0
42,14,96.49334716796876,93103,4,2.089189659815351,1,91,0,0,0,0,0
33,8,98.6552505493164,95532,2,6.775152513651706,1,0,1,0,0,1,0
50,36,86.968505859375,95756,2,5.054864668292117,1,375,1,0,0,0,0
38,15,88.75111389160156,89734,3,3.619669078164643,1,0,0,0,0,1,0
29,5,68.63658142089844,93939,2,1.180758475685723,1,0,1,0,0,0,0
49,34,87.86109924316406,95816,3,4.00692861354281,1,0,1,0,1,1,1
46,23,19.166187286376957,90239,1,0.4003279839183919,3,0,1,0,0,0,0
42,16,72.89067077636719,91997,1,0.4964929430711975,2,0,0,0,0,1,0
60,31,112.59437561035156,95267,2,0.8125378066353595,1,0,1,0,0,0,0
43,23,41.142616271972656,91791,2,1.1425390377833922,3,0,1,0,0,1,0
44,13,21.669158935546875,95048,2,0.1989368355203768,3,0,1,0,0,1,0
46,19,121.2373504638672,95772,1,2.13759790748948,1,196,0,1,0,1,0
30,14,193.7671356201172,89991,1,4.96860387846857,1,0,1,0,0,1,1
53,28,36.27892303466797,94119,1,0.4015391419175934,2,0,1,0,0,1,0
48,14,30.3525390625,94709,3,0.3994357988385074,2,102,1,0,0,1,0
51,24,64.57864379882812,94446,4,2.203482316235328,2,0,1,0,0,0,0
53,22,33.329689025878906,91418,3,0.2176811102238416,3,0,1,0,0,1,0
44,20,53.20294570922852,91584,2,2.540495016093811,2,0,0,1,0,0,0
61,25,192.15185546875,95330,1,5.130792451959648,1,0,1,0,0,0,0
57,33,58.131439208984375,94979,2,7.12274841325164,1,0,1,0,0,1,0
33,3,113.64546966552734,94873,3,2.1898799784419136,2,238,0,0,0,0,1
38,12,105.06719970703124,90175,1,2.3172168421192936,1,218,0,1,0,1,0
35,14,70.67632293701172,95509,3,1.8906554040874448,2,175,0,0,0,1,0
57,30,193.27560424804688,91336,3,3.294559652339574,3,0,0,1,0,1,1
48,21,62.43302536010742,95238,4,2.3264282608644784,3,0,0,1,0,1,0
30,7,42.46886444091797,94554,1,1.2351235346928546,1,0,1,0,0,0,0
49,18,51.39879608154297,92539,2,0.5407058367923367,1,0,0,0,0,1,0
49,18,115.2291488647461,95508,2,3.8825122474873743,1,0,1,0,0,1,0
55,27,43.4512939453125,93243,2,0.3956133793477705,1,0,1,0,0,0,0
52,22,145.7743682861328,92174,4,2.988410141852229,3,0,0,0,0,1,1
30,8,40.45367431640625,95850,3,0.5987143478043064,1,0,0,0,0,1,0
41,20,9.251501083374023,95102,3,0.1139131415074917,3,0,1,1,0,1,0
31,14,112.22673034667967,94563,3,2.095386658813763,1,0,0,0,0,0,0
43,25,121.33171081542967,94326,3,2.538354784078243,1,0,0,0,0,0,0
57,32,82.61593627929688,95660,2,3.5742430204314486,3,0,1,0,0,1,0
52,26,205.65695190429688,95667,2,5.89075352425112,3,437,0,1,1,1,1
25,2,39.18548583984375,95995,2,0.964113280772004,3,0,0,0,0,1,0
32,6,56.41838836669922,93715,4,2.8997555595415787,2,0,0,0,0,1,0
55,36,79.14353942871094,95241,4,1.2629870564831391,1,0,0,0,0,0,0
39,14,89.8740005493164,92931,1,2.03874230839925,1,0,1,0,0,1,0
34,10,48.15655517578125,92316,1,0.5382102948908979,2,0,1,0,0,0,0
30,2,42.02073287963867,92234,4,1.0076447654621417,1,91,0,0,0,0,0
61,38,152.6333770751953,90444,2,0.6282356021867377,1,0,0,1,0,0,0
50,24,40.76163482666016,92123,4,1.4213095900540738,2,0,0,0,0,1,0
38,12,50.908302307128906,92843,1,0.2327883095490209,3,0,0,0,0,1,0
60,35,65.76172637939453,91556,4,1.1036683891150867,1,229,0,1,0,0,0
61,32,53.01845932006836,91687,2,0.0107822720122556,1,132,0,0,0,1,0
57,33,47.47650146484375,95273,4,1.677684698198401,1,0,0,0,0,0,0
53,33,32.74500274658203,93591,4,1.315225333655973,3,153,1,0,0,1,0
41,23,93.32992553710938,92066,1,2.530409704176648,3,97,0,0,0,0,0
30,12,66.6458740234375,92862,3,0.4396407693545183,1,152,1,0,0,1,0
41,11,44.905052185058594,94180,2,1.7586944826395503,3,0,1,0,0,1,0
56,33,53.57503509521485,94684,2,0.390820918527523,3,0,0,0,0,1,0
59,37,34.36793518066406,94206,3,1.1716492276018964,3,217,1,0,0,1,0
57,31,108.77694702148438,95389,1,2.176539603120143,1,0,0,0,0,0,0
40,18,128.1312255859375,94458,2,2.654464609413544,1,0,0,0,0,0,0
61,36,23.30433654785156,93381,4,0.7749588536314818,2,93,0,0,0,1,0
49,8,112.9987335205078,94388,1,2.324120823565733,2,0,1,0,0,1,0
39,9,65.20417785644531,89972,1,1.4672806099522375,3,0,1,1,0,0,0
40,21,137.05357360839844,90127,2,1.8185716428176757,2,0,1,0,1,1,1
42,21,79.84324645996094,94484,1,1.695856754835354,1,0,1,0,0,1,0
31,8,38.56285095214844,89793,2,1.683860251797557,2,0,0,0,0,1,0
28,4,82.24679565429688,94901,3,2.1387257740881327,3,0,0,0,0,0,0
52,27,80.02708435058594,93083,3,0.3921236219304044,1,0,0,0,0,0,0
63,38,44.49867630004883,94437,3,2.7146940347831765,2,0,0,0,0,0,0
57,22,75.2909927368164,94047,3,0.9043620423032492,1,237,1,0,0,1,0
47,23,148.67276000976562,95545,2,2.7276272147751075,1,0,1,0,0,0,0
43,15,32.28123092651367,91392,1,2.0660759204238897,3,154,0,0,0,0,0
56,27,173.7941131591797,92246,2,0.1345861346578824,3,0,0,0,0,0,0
61,36,94.57501220703124,95255,1,1.769785903924436,3,0,0,0,0,0,0
52,17,61.09621047973633,93032,1,0.6914554945378653,2,0,0,0,0,1,0
33,4,104.96472930908205,94040,2,1.3010229330905474,1,0,0,0,0,1,0
52,24,48.38297653198242,93995,3,0.4495217056797925,1,0,0,0,0,0,0
56,28,98.62718200683594,95102,1,1.836171702821672,1,0,1,0,0,0,0
35,18,87.53632354736328,91296,4,3.246802732598674,2,0,0,0,0,0,0
27,7,134.4416046142578,91180,1,2.0956659986068504,2,0,0,0,0,1,1
56,30,59.36456298828125,93132,4,1.9264658907415024,3,165,0,0,0,0,0
62,37,52.655548095703125,91475,1,1.3295405111583,3,0,1,0,0,0,0
43,17,105.28314208984376,95769,1,2.808514261516717,1,237,1,0,0,0,0
54,39,93.48314666748048,92267,3,1.318970651983734,1,0,0,0,0,1,0
60,36,82.5302963256836,94050,3,1.521716383185288,3,0,0,0,0,0,0
66,36,116.65670776367188,90043,2,0.3231149865090618,1,0,0,1,0,1,0
64,40,51.85269927978516,91145,4,1.0386590396494904,3,0,0,0,0,0,0
53,26,111.99710845947266,92225,1,3.517581451956405,3,123,0,0,0,1,0
49,19,49.9008674621582,92690,4,0.4930538818544298,3,0,0,0,0,1,0
54,29,67.65678405761719,92934,2,1.532155568484904,3,390,0,0,0,0,0
42,15,76.88929748535156,94507,3,5.309282806158292,3,0,0,0,0,1,0
31,4,57.17227935791016,95523,3,1.720850019279795,2,108,0,0,0,1,0
63,34,37.77854537963867,94922,4,1.9113792090863333,2,98,0,0,0,1,0
41,23,29.94917106628418,94249,2,1.6613939166709923,3,84,1,0,0,1,0
33,5,24.388816833496094,92486,4,0.6221190446148124,1,99,0,1,0,0,0
39,13,38.58711624145508,94456,1,1.6260411735697249,3,0,0,1,0,0,0
63,37,84.70076751708984,91694,2,2.57534034039168,1,0,1,0,0,1,0
49,14,76.6318588256836,92457,1,0.9851256507548078,3,0,1,0,0,1,0
40,17,87.56742858886719,94039,2,1.3618819642462956,3,0,1,0,0,1,0
28,11,56.22494125366211,91486,4,6.928592853343971,1,181,0,0,0,0,0
26,2,139.2701873779297,89751,4,6.207059610335926,2,0,0,0,0,1,1
64,35,35.75959777832031,92023,3,2.007922961253327,1,140,0,0,0,1,0
60,36,31.425817489624023,92130,2,1.5590356329223292,3,0,0,0,0,0,0
44,20,62.22665786743164,92018,2,0.5823952632587626,3,147,1,0,0,1,0
40,7,41.560279846191406,95937,4,0.5990771676258153,2,0,0,0,0,0,0
47,18,26.418136596679688,94149,2,0.5456572450512869,3,206,0,0,0,1,0
30,1,103.60224151611328,90286,2,5.042436728015783,2,0,0,1,0,1,0
29,17,173.10118103027344,95091,2,4.12126172485043,1,0,0,0,0,0,1
34,8,205.56976318359372,93178,2,7.766503815637856,1,0,0,1,0,0,0
46,28,95.63290405273438,94913,3,1.177766758216365,1,0,0,0,0,0,0
45,13,85.43002319335938,91525,4,2.0659290980905323,1,0,0,1,0,0,0
45,21,19.11351776123047,94333,4,2.1303287255862573,3,0,0,0,0,0,0
39,9,164.9068603515625,94501,2,6.20445312046848,1,230,1,0,0,1,0
28,5,36.17290115356445,92476,2,0.7082332029683579,3,161,0,0,0,0,0
38,26,139.72349548339844,89999,1,1.9906133450503312,2,0,1,0,1,1,1
40,21,68.97786712646484,91246,3,0.9527084592882412,3,421,1,0,0,1,0
28,5,142.16172790527344,94109,1,3.1500233910190736,1,0,1,0,0,1,0
31,2,19.370689392089844,92204,2,0.4022665426658771,3,0,0,0,0,1,0
59,39,34.78050994873047,94522,2,1.0049849598575662,3,0,0,0,0,0,0
47,35,16.181642532348633,92055,1,1.4888649004784007,1,0,0,1,0,0,0
30,4,109.8345947265625,91380,3,2.05130311584272,2,197,0,0,0,1,0
61,31,57.81017303466797,90559,4,1.2590985376727075,1,0,0,0,0,1,0
33,6,83.40449523925781,93071,3,1.0267472552571753,1,0,0,0,0,1,0
60,34,84.77011108398438,95529,4,1.5609612710193588,1,0,0,0,0,1,0
40,17,86.94641876220703,93183,2,1.9373528741665456,1,221,1,0,0,1,0
58,27,59.083980560302734,94399,2,1.2679562356253784,3,0,0,0,0,1,0
58,35,89.29218292236328,92766,2,2.289374624847462,3,0,0,0,0,0,0
39,15,67.52565002441406,90764,2,2.860016973005794,1,0,1,0,0,0,0
39,22,59.13518142700195,92246,2,0.3294413534707598,1,0,0,0,0,0,0
29,0,87.15191650390625,91594,2,1.7592522226670313,1,0,0,0,0,0,0
59,27,75.53489685058594,95229,4,1.9978038601304384,2,0,0,0,0,1,0
60,32,50.77626800537109,92784,3,1.70492801357457,2,0,0,0,0,1,0
53,30,66.31354522705078,90035,4,1.8630216075438235,3,0,0,0,0,0,0
32,4,34.506744384765625,93829,4,1.4212260626837527,2,0,0,0,0,0,0
41,10,54.04819488525391,94371,3,1.2958121889966414,2,0,1,0,0,1,0
41,17,141.1704864501953,90300,4,3.4789370574881304,2,0,1,0,1,0,1
38,3,12.841063499450684,90201,4,2.577610397235622,1,0,1,0,0,0,0
37,13,46.90928649902344,96179,1,0.8728016996634905,3,0,1,0,0,1,0
43,16,179.65924072265625,95276,3,3.4191669307811687,1,0,0,0,0,0,1
45,20,182.70147705078125,95393,1,1.510186783535291,1,0,0,1,0,1,0
32,7,53.05343246459961,90853,1,2.274062290053082,1,0,0,0,0,1,0
64,38,55.205657958984375,94430,4,1.5853411344602903,2,127,0,0,0,1,0
38,20,178.87139892578125,94424,1,7.746432627275788,1,231,0,0,0,1,0
44,18,162.16741943359375,91374,2,6.130159020781128,1,440,0,0,0,0,0
65,39,55.75706481933594,94089,4,0.7557558890432553,1,0,0,0,0,0,0
45,23,26.063350677490234,93880,1,0.2296544310624004,1,0,1,0,0,0,0
28,2,47.62700653076172,94205,4,2.275603491424764,2,0,0,0,0,0,0
52,27,68.25855255126953,94661,1,2.86720958901179,3,101,0,0,0,0,0
55,12,155.53952026367188,90383,3,8.137554610050248,2,0,0,0,0,0,1
34,9,100.8730010986328,90035,2,1.5746765326674146,3,0,0,0,0,0,0
33,7,132.35150146484375,95301,1,2.307900920970007,3,0,0,0,0,1,0
46,21,39.031158447265625,91694,3,0.6129519298338362,1,227,0,0,0,1,0
49,23,49.549922943115234,95131,1,2.28447064320051,1,0,0,0,0,0,0
41,12,145.085693359375,94722,3,4.540579830274209,3,139,0,0,0,0,1
38,11,9.76956272125244,92808,2,0.484436393217982,3,100,0,0,0,1,0
53,21,48.4767951965332,94702,1,0.5843537631050645,1,0,0,0,0,0,0
42,11,60.41794967651367,90277,4,1.6539488778667026,2,0,0,0,0,1,0
48,26,24.39169311523437,92641,3,0.4464296384466925,3,158,1,0,0,0,0
28,4,64.397705078125,90428,3,2.4035405905344094,1,0,1,1,1,1,0
29,7,31.89408493041992,96530,4,0.2819886059149365,3,0,0,0,0,1,0
56,29,40.63251495361328,93002,4,0.102099740206015,1,0,1,0,0,1,0
44,18,28.880842208862305,91803,3,0.0305389124087876,3,98,0,0,0,0,0
48,25,17.90978240966797,90139,3,0.3812477950295708,1,0,1,0,0,1,0
30,6,34.671974182128906,95830,1,0.6145921939290073,1,0,0,0,0,0,0
24,2,91.59868621826172,92699,2,2.134958770968992,1,0,0,0,0,1,0
37,13,118.55553436279295,94963,1,1.6174395801009145,1,236,0,0,0,1,0
41,14,100.88177490234376,92263,4,2.324123872825448,3,0,0,0,0,0,1
34,8,154.34808349609375,94065,2,7.869751296732039,1,246,0,0,0,0,0
46,21,90.49388122558594,89922,1,1.5321971823003808,1,0,1,0,0,0,0
43,7,61.01414108276367,92952,3,1.1958543366577303,3,166,0,0,0,1,0
42,17,202.23829650878903,94818,1,8.275342786274297,1,388,0,0,0,1,0
30,6,113.62228393554688,91758,4,3.583649570768592,2,121,0,0,0,0,1
30,5,44.96577453613281,92551,4,0.1588006330934375,3,0,0,0,0,1,0
41,14,186.1853790283203,92038,2,4.462876269307978,1,289,0,0,0,1,0
39,15,76.2628173828125,91991,4,3.841903922086815,1,0,1,0,0,0,0
39,16,199.4397430419922,95016,1,1.797570631728573,1,0,1,0,0,1,0
27,7,39.88771057128906,94344,3,2.722078600923326,2,202,1,0,0,1,0
38,1,14.004167556762695,94728,2,0.6779978755927196,1,102,0,0,0,1,0
55,32,45.54214477539063,89632,2,0.451427143603505,3,0,1,0,0,1,0
35,13,103.482666015625,91825,2,1.3054878007475057,2,229,1,1,1,1,0
64,35,105.80034637451172,90601,2,1.4544806467755826,3,0,0,0,0,0,0
52,32,43.99231719970703,95011,1,1.4944576854814124,2,0,1,0,0,1,0
39,11,57.86301040649414,91702,2,2.007395744489921,1,0,0,0,0,1,0
30,6,56.2916145324707,94211,1,1.1485743564036577,3,0,1,0,1,1,0
43,18,24.187238693237305,94164,3,7.90988767136458e-05,1,0,0,0,0,1,0
34,13,17.34487533569336,95391,4,0.2533925964314438,2,0,0,0,0,1,0
42,29,91.31497955322266,90011,2,5.962797066371699,1,140,0,0,0,1,0
39,10,63.86240768432617,90265,3,0.7183442988616051,2,0,1,0,0,1,0
56,32,45.472293853759766,95064,3,1.2054917866228585,1,244,0,0,0,0,0
62,34,188.8784942626953,94794,3,1.3007901604936511,1,0,0,0,0,0,1
37,12,120.54766845703124,92408,2,1.3602281023313163,1,65,0,1,0,1,0
42,2,90.008544921875,94448,4,1.8872405983685607,1,0,0,0,0,1,0
47,17,94.4148178100586,91880,1,1.64481758140389,1,163,0,1,0,1,0
56,25,139.69261169433594,94117,2,7.086122900499426,1,0,0,0,0,1,0
33,8,12.61300277709961,93592,4,0.8703924340848088,3,0,0,0,0,0,0
56,31,103.49480438232422,92657,3,1.7777400437993112,2,0,0,0,0,0,0
27,0,74.72801208496094,92841,2,1.9501814692990609,1,0,0,0,0,0,0
37,15,91.62784576416016,95257,4,4.167726509738502,2,0,0,0,0,0,0
49,31,70.38973999023438,92278,2,2.45865590552942,1,0,0,0,0,1,0
58,31,66.5054931640625,92836,2,5.176341921429425,3,0,0,0,0,1,0
29,5,167.17323303222656,91973,1,3.5940412164398325,1,115,0,0,0,0,0
43,22,53.30623245239258,94201,3,2.902063591146704,1,0,0,0,0,0,0
29,3,183.98487854003903,90300,3,9.014583775601626,1,244,0,0,0,0,1
33,6,25.003328323364254,90145,2,0.3539271114159384,2,95,0,0,0,0,0
26,2,15.055378913879396,92078,4,1.8340109582170587,3,0,0,1,0,0,0
59,32,18.88749885559082,94762,1,1.09094270651272,2,85,0,0,0,1,0
52,33,77.00187683105469,93979,2,0.4778690289227373,1,0,0,0,0,1,0
41,7,28.87223625183105,90878,2,2.850841776555973,1,66,0,0,0,1,0
41,25,102.09728240966795,92037,2,0.61862941570262,1,90,1,0,0,1,0
50,14,110.8174057006836,91006,1,1.6263930322922588,1,133,0,1,0,0,0
45,22,164.26690673828125,93102,2,0.89166315472524,1,0,0,0,0,1,0
31,2,29.9305419921875,96325,4,0.7396632793577343,3,0,0,0,0,0,0
59,34,93.21031951904295,92819,2,0.6326802131009669,2,0,0,0,0,1,0
43,9,191.630859375,94543,2,3.1456395448655927,1,205,0,0,0,1,0
28,2,97.29916381835938,94387,2,2.617485762401232,3,0,0,0,0,1,0
32,11,57.33393478393555,94643,1,1.1804103865794622,2,0,0,0,0,1,0
33,15,63.62460708618164,90384,3,1.111042327210508,1,0,0,0,0,0,0
31,7,27.4158992767334,93323,3,0.6784931251729311,2,0,0,0,0,0,0
33,8,56.841270446777344,90984,2,0.108909566839973,2,0,1,0,0,1,0
62,41,67.03141784667969,93881,4,1.0357336830430102,1,0,0,0,0,0,0
48,20,179.1414794921875,90885,2,6.183982272406024,1,397,0,0,0,1,0
43,26,68.64728546142578,94743,4,1.8814492466312864,3,234,1,0,0,0,0
34,7,108.49497985839844,96058,1,1.6602999694616325,3,384,0,0,0,0,0
61,39,38.041934967041016,95090,3,0.4485039662209024,1,0,1,1,1,1,0
58,33,81.48131561279297,92824,3,2.2223510630200227,2,0,0,0,0,0,0
35,10,105.1286392211914,92470,2,1.6936674415695674,1,303,0,0,0,1,0
43,12,54.85367584228516,95522,1,2.1773756398143256,1,203,0,0,0,1,0
38,22,133.8271484375,94349,1,2.6866464114544097,1,286,0,0,0,0,1
33,11,13.313638687133787,91933,4,2.565533680027146,3,156,1,0,0,1,0
59,28,166.0627899169922,94827,2,1.4707807483239397,1,388,0,0,0,0,0
62,38,48.40674209594727,93824,1,0.4943829507883586,1,0,0,0,0,1,0
59,36,31.86966323852539,93413,1,0.6490445709562939,3,0,0,0,0,0,0
33,10,23.564441680908203,96371,2,0.7382657891841342,2,0,0,0,0,1,0
27,10,18.18339157104492,91293,4,0.1890857438440419,1,125,1,0,0,0,0
39,13,154.1515655517578,94282,2,0.9095337229761652,1,0,0,0,0,1,0
32,16,54.39743041992188,92756,4,1.6866565718716866,3,96,0,0,0,1,0
57,31,44.33638000488281,94896,2,0.8515000573880048,3,117,0,0,0,1,0
29,2,88.20624542236328,96049,1,5.168381081123015,1,0,0,0,0,1,1
49,21,56.58085250854492,90509,4,2.151613691553794,3,0,0,0,0,1,0
27,7,153.45602416992188,92272,1,2.785047562368428,1,199,0,0,0,0,0
58,35,103.94995880126952,94695,1,2.093897051615577,1,0,1,0,1,1,0
48,14,77.50006866455078,91149,1,4.465906372258823,3,0,0,0,0,1,0
23,1,65.16738891601562,92160,3,2.1445791124336693,1,0,0,0,0,0,0
57,35,87.76446533203125,89893,1,1.010927556692664,1,0,0,0,0,1,0
57,36,91.82615661621094,93605,4,3.110342619621703,2,0,0,0,0,0,0
45,20,139.78060913085938,90219,1,8.067681926436476,1,0,0,0,0,1,0
48,25,48.50623321533203,94591,3,0.9787762367416886,1,0,0,1,0,1,0
54,30,60.79587173461914,95480,1,1.9752112051554604,2,0,1,0,0,0,0
45,16,132.44651794433594,91580,2,0.0344108980990983,1,0,0,0,0,0,0
42,19,55.398345947265625,94789,2,1.0823398849915318,1,0,1,0,0,1,0
36,13,176.16517639160156,89578,3,5.286211930725767,3,0,1,0,0,0,1
54,22,152.0127716064453,94698,2,5.685091233222515,1,0,0,1,0,0,0
38,10,138.5873260498047,92596,1,0.5265598479246903,1,0,0,0,0,1,0
54,26,115.95246887207033,94700,2,1.8989818806075949,2,0,0,0,0,1,0
49,18,105.60491943359376,94035,3,0.5960059077899291,2,0,0,0,0,1,0
60,32,51.10506057739258,94610,1,3.568045375262136,1,389,1,0,0,1,0
37,10,54.66373443603516,91524,4,2.536342263307517,2,0,0,0,0,0,0
61,30,150.64114379882812,90061,1,6.260392784477429,1,0,1,0,0,0,0
35,9,131.73281860351562,94440,3,1.006932871692812,1,0,0,1,0,1,1
41,17,38.62374877929688,90729,1,0.0447268414058854,2,0,0,0,0,1,0
57,32,27.55674743652344,92858,4,2.867232743841831,2,0,0,0,0,1,0
42,22,39.90830993652344,90103,3,2.623884574002745,2,0,1,0,0,1,0
54,25,17.753978729248047,94944,3,0.466035083271862,2,0,0,0,0,0,0
52,15,61.84370422363281,96365,1,0.7311201245672275,2,277,0,0,0,0,0
29,5,35.01958465576172,96520,3,1.304553088509234,3,0,0,0,0,1,0
34,6,120.45841217041016,90492,2,1.6473725899061946,2,0,0,0,0,0,0
36,12,36.62793731689453,90880,2,0.5052947695554789,1,126,1,1,0,1,0
62,42,67.93185424804688,90309,1,1.5703886985741975,3,0,0,0,0,1,0
45,21,59.249488830566406,90963,2,2.5664172398636693,2,0,0,0,0,0,0
50,24,186.912841796875,95198,3,7.7892075473299665,3,0,0,0,1,1,1
43,22,26.05327796936035,93000,4,0.2555548510650356,1,0,0,0,0,1,0
39,5,72.68170166015625,93212,4,1.742388264534732,2,0,1,0,0,1,0
43,25,22.186847686767575,96276,4,0.555407260311312,2,0,0,0,0,1,0
51,26,48.623138427734375,95541,2,2.4551091644955965,3,0,1,0,0,1,0
52,20,47.64890670776367,96028,4,2.77813533225309,2,0,1,0,0,1,0
38,12,126.06861114501952,94878,1,2.774981924078244,1,0,1,0,1,1,0
54,29,173.40643310546875,94666,4,8.497579446017028,2,0,0,0,0,0,1
37,30,46.04050064086914,92105,2,1.642943897044113,1,258,1,0,0,1,0
40,13,24.524805068969727,92193,4,0.4685829159456103,1,0,0,0,0,0,0
50,22,162.00440979003906,95111,1,4.490554021862859,1,0,1,0,0,0,0
29,4,72.17745208740234,94590,2,1.803152784121266,3,0,0,0,0,1,0
47,28,53.920066833496094,95228,2,3.469931169445725,1,0,1,0,0,0,0
49,31,82.4925537109375,95705,1,3.009736052829507,3,0,0,0,0,0,0
66,40,98.25957489013672,94934,2,2.182524893893723,1,0,0,0,0,1,0
37,4,49.04427337646485,94283,3,0.4027387794060806,2,0,0,1,0,0,0
58,27,171.6832733154297,93114,3,2.9031339439297037,1,0,0,0,0,0,1
60,37,53.30524063110352,95284,4,2.3308772450491952,1,228,0,0,0,0,0
33,16,83.11891174316406,95302,1,2.005922256840145,1,0,1,0,0,0,0
30,2,28.643260955810547,94477,4,2.114997404025646,1,0,0,0,0,0,0
35,9,29.44000625610352,91089,3,1.362134119988936,2,0,0,0,0,0,0
52,30,202.16253662109372,94470,2,9.09094167132259,1,0,1,0,0,1,0
52,26,114.490234375,94480,2,1.9141112519473835,3,0,1,0,0,1,0
58,32,88.51422882080078,92741,2,1.7217851374151265,1,0,0,0,0,0,0
32,5,43.2026481628418,95602,2,0.2901580286491186,3,103,0,0,0,1,0
29,4,26.824787139892575,92132,3,1.3107372611763388,1,0,0,0,0,1,0
61,38,23.57513427734375,91922,4,0.3336267662386874,1,0,0,0,0,1,0
53,32,106.37101745605467,94328,1,2.240677723657162,1,0,1,0,0,0,0
28,2,31.70122337341309,92066,3,0.7823175635749975,2,0,0,0,0,1,0
36,13,28.89257049560547,91963,1,0.1138842653376178,3,0,0,0,0,0,0
43,17,54.65280532836914,94771,1,0.4948709411268762,1,0,1,0,1,1,0
61,35,62.63045501708984,94256,2,1.9207616008012531,1,339,1,0,0,0,0
29,1,119.84654235839844,90822,2,0.5053546158007065,1,0,0,0,0,0,0
42,21,89.9234390258789,91732,4,1.2142522329470324,2,0,0,0,0,1,0
24,-1,163.51023864746094,96126,2,1.4657130048864595,2,336,0,0,0,0,1
60,35,98.16578674316406,95320,4,0.9291266481525082,3,173,0,0,0,1,0
34,1,24.92238426208496,95492,4,0.1757918559729301,1,103,0,0,0,1,0
43,13,92.04511260986328,92717,4,4.311260539072577,1,0,1,0,0,0,0
33,19,41.66796875,95657,1,0.5348219134380969,3,105,0,0,0,0,0
32,18,85.44823455810547,92091,4,2.68195919869534,2,227,0,0,0,0,0
50,32,90.94325256347656,90774,3,0.4681678767914932,1,260,0,0,0,1,0
58,38,26.0120792388916,95118,3,0.9913659107128884,2,0,0,0,0,0,0
42,32,113.55033111572266,89938,1,0.4707854802262513,1,0,0,0,0,1,0
62,34,39.581485748291016,90929,1,2.37360614663288,1,293,0,1,0,1,0
51,30,61.39130783081055,95224,3,3.1442907740244364,1,544,0,0,0,0,0
36,8,159.95262145996094,94683,2,1.0525602249470245,1,0,1,0,0,1,0
35,11,34.89281463623047,93193,2,0.3424271427859908,1,93,1,0,0,1,0
63,40,80.51826477050781,94490,2,0.4064853448454117,1,0,0,0,0,1,0
46,25,120.49283599853516,90226,1,2.205439696092607,1,141,1,0,0,0,0
43,15,113.87073516845705,90251,2,0.2955861726412723,1,0,0,0,0,0,0
44,25,162.92550659179688,94311,2,2.76887515902144,1,346,0,0,0,0,0
55,31,71.61625671386719,94047,1,0.4540974472000281,3,0,0,0,0,1,0
59,23,30.407474517822266,91889,3,0.5674347321558103,3,105,0,0,0,1,0
32,5,15.46703815460205,93449,4,1.37478984044143,3,0,1,0,0,1,0
34,11,65.24447631835938,92105,4,1.3809474579942658,2,0,0,0,0,1,0
65,39,22.806360244750977,94363,3,0.4302018013653467,3,0,1,0,0,1,0
58,25,34.96003723144531,95651,2,1.4833570128658504,2,265,0,0,0,0,0
49,23,39.97111511230469,96116,3,2.548815487660048,3,0,1,0,0,1,0
46,22,129.04949951171875,95382,4,0.0968326851413929,2,0,0,0,0,1,0
25,0,79.30309295654297,95688,4,1.6593048082165869,1,226,0,0,0,1,0
33,6,37.068626403808594,89884,2,0.4261942396478745,1,0,0,0,0,1,0
59,29,10.540687561035156,95625,2,0.2165872348009275,1,0,0,0,0,0,0
54,29,18.80951690673828,92701,1,0.3308300764698926,3,0,0,0,0,1,0
54,30,82.16737365722656,94715,1,4.670431720353899,2,0,1,1,1,1,0
43,14,80.51921081542969,91187,1,2.1397049083527557,3,0,1,0,0,0,0
41,26,209.6669921875,91773,2,3.417902515233341,1,376,0,0,0,1,0
33,11,29.551576614379883,91125,2,0.186780365262476,2,0,1,0,0,1,0
58,39,40.31633758544922,95686,4,2.1614440698145208,3,0,0,0,0,0,0
38,7,120.21241760253906,93116,1,0.8165882098322448,2,0,0,0,0,1,0
57,25,35.36003112792969,90275,2,2.339991117533464,3,100,0,0,0,0,0
32,3,47.22271728515625,95081,4,2.2432372074075064,3,0,0,0,0,1,0
44,21,74.19813537597656,92269,1,2.661027865481088,3,0,1,0,0,1,0
39,5,34.55785369873047,92651,3,4.603658067808865,3,0,0,0,0,1,0
62,37,87.64400482177734,96014,3,1.5309704489836338,3,0,0,0,0,1,0
54,30,34.067073822021484,94291,1,1.6646623652769947,3,111,0,0,0,1,0
38,12,33.84525680541992,90292,3,0.9385733950742894,3,102,0,0,0,0,0
62,39,88.39440155029297,93138,2,0.6394079172460442,2,0,1,0,0,1,0
41,8,85.39739990234375,93715,4,2.1914002042592995,2,0,0,0,0,1,0
63,36,27.816518783569336,94189,4,1.957825397662615,1,0,0,0,0,1,0
41,23,152.2025604248047,92115,2,1.6898862557473429,2,0,0,0,0,1,0
57,34,23.791980743408203,95315,3,0.4477483011388682,2,0,0,0,0,1,0
46,28,147.24351501464844,90417,1,2.51291398066545,3,486,1,0,0,0,0
60,34,45.270957946777344,94996,1,0.5761437279787938,2,0,0,0,0,1,0
30,4,56.68148040771485,90228,2,2.1792224609435307,2,0,1,0,0,1,0
46,26,24.163349151611328,90084,3,1.7273531458564308,3,0,0,0,0,1,0
41,32,54.127559661865234,94778,4,1.3494947103536727,3,139,0,0,0,1,0
50,30,15.630622863769531,90307,4,1.7157604151633636,1,0,0,0,0,0,0
48,22,56.10855484008789,95673,1,0.5213136589689158,1,0,0,1,0,0,0
58,35,49.70198059082031,94227,4,1.4748372460713952,2,104,0,0,0,1,0
41,19,82.43091583251953,92289,1,1.463984283064527,3,0,0,0,0,0,0
38,9,91.6416015625,91791,2,0.4885001421137255,1,154,1,0,0,0,0
44,17,66.58930969238281,92904,4,1.5768639556342554,1,0,1,0,0,0,0
60,39,137.60877990722656,95386,1,4.270541249680586,3,0,1,0,0,0,1
33,7,66.81837463378906,92682,4,0.2798620834250198,3,0,0,0,0,1,1
33,8,25.64927864074707,93030,4,1.774641700406469,3,91,0,0,0,1,0
65,40,48.57636642456055,94449,2,0.2164540618650343,1,0,0,0,0,0,0
53,26,34.00346755981445,91867,4,0.1657859309770755,3,0,0,0,0,0,0
53,28,24.26967430114746,90942,1,1.5447718981888945,3,0,0,0,0,1,0
50,18,56.95523452758789,91325,4,1.207455942535584,1,0,0,0,0,1,0
39,18,149.98406982421875,95982,2,1.6993884403590145,1,0,1,0,0,1,0
60,33,43.28273391723633,94324,4,2.8134258401711296,1,93,1,0,0,0,0
32,8,176.23382568359375,94621,2,5.421230247524805,3,0,1,0,0,0,0
56,33,55.28789138793945,94192,2,3.143572872778169,3,101,0,0,0,1,0
34,5,164.78964233398438,94439,4,8.903600765709978,3,244,0,0,0,1,1
42,13,55.74311828613281,90351,1,2.864427456871792,3,145,0,1,0,1,0
51,28,106.80438232421876,91919,1,2.940311626483634,1,0,1,0,0,0,0
62,34,49.93366241455078,90264,4,2.1934513384863905,1,0,1,0,0,0,0
39,17,149.23634338378906,92055,2,6.25182067546117,1,532,1,0,0,1,0
45,10,109.04068756103516,94556,2,3.850976953382124,1,0,0,0,0,0,0
37,17,24.74605369567871,96047,1,0.1769548479476871,2,0,0,0,0,1,0
37,24,55.59564971923828,95155,4,1.742136258661775,1,0,0,0,0,0,0
30,6,20.42681884765625,94741,4,0.3551898512401973,2,0,1,0,0,1,0
33,5,51.855072021484375,91845,3,1.6127913281523734,3,0,1,0,0,1,0
34,3,26.740234375,94657,4,1.010569514400425,1,101,0,0,0,1,0
59,35,113.74864959716795,93754,2,1.949111190530448,2,0,0,0,0,1,0
64,37,95.08855438232422,95557,3,2.293075047204709,1,184,0,0,0,1,0
31,1,65.09431457519531,90622,3,2.4733838105507755,1,0,0,0,0,1,0
51,29,11.892462730407717,90688,4,0.2136843200862007,3,132,0,0,0,0,0
57,17,55.385040283203125,90228,2,1.0708347889313168,2,0,0,0,0,1,0
43,24,58.65555191040039,93088,2,0.188764159435298,3,71,0,1,0,1,0
34,15,115.76493072509766,91359,2,1.1782650749143024,1,90,0,0,0,0,0
57,24,46.29975128173828,91821,1,0.8826181991836953,3,0,0,1,0,1,0
31,7,52.214656829833984,91608,1,2.5562297316358387,3,225,1,0,0,1,0
50,23,69.49868774414062,93030,2,1.7838442577560796,3,291,0,0,0,0,0
32,12,50.31059265136719,91761,4,0.4776650030194312,2,0,1,0,0,0,0
57,34,72.08927154541016,92965,4,0.6210531477594065,1,146,1,1,1,1,0
58,31,61.87910842895508,90123,1,5.883458180452209,2,0,1,1,1,1,0
62,36,65.9013442993164,93930,4,2.429664723317026,2,0,0,0,0,1,0
32,4,43.50388717651367,95789,4,1.520080480654059,3,0,0,0,0,0,0
32,5,60.85926055908203,94221,3,1.18164583523673,2,0,1,0,0,1,0
52,19,25.025876998901367,93876,1,0.810630686457786,2,99,0,0,0,1,0
40,11,74.23184204101562,93869,4,0.5655269473756145,3,0,0,0,0,0,0
62,34,164.38504028320312,90453,1,3.869873344747576,3,428,0,0,0,0,1
46,23,21.00215148925781,94418,1,1.173803454433822,2,150,1,0,0,1,0
56,35,32.30388641357422,94533,4,1.325007674168844,2,0,0,0,0,1,0
34,2,65.20308685302734,90285,1,2.35926313943482,2,0,0,0,0,0,0
62,28,34.82597351074219,95483,3,0.3860285228317002,2,0,0,0,0,1,0
41,11,104.62451171875,92247,3,1.861773193079517,3,203,1,1,1,1,0
62,37,19.129623413085938,91954,2,0.0776356459006842,3,0,0,0,0,1,0
62,28,40.48691940307617,94555,2,1.1144587565176305,3,0,0,0,0,1,0
44,15,44.4001350402832,89977,1,1.8572836110892608,2,0,1,0,0,0,0
36,9,127.87806701660156,94313,2,6.119387858130143,1,0,0,0,0,0,0
53,31,24.06343650817871,93510,3,0.2740832480695686,2,0,0,0,0,0,0
31,8,19.009716033935547,93338,2,0.7803406327487857,3,0,1,0,0,1,0
57,24,63.78269577026367,94967,1,2.049182101337504,3,0,0,0,0,0,1
39,8,88.91160583496094,95893,2,0.9870627813301968,1,0,0,0,0,1,0
45,15,55.73487091064453,91608,4,1.6466324584737844,3,0,0,0,0,1,0
43,24,20.720365524291992,95353,2,1.6182839021862707,3,0,0,0,0,0,0
30,3,64.58799743652344,94540,4,1.8781487540135613,3,188,0,0,0,0,0
43,27,16.816688537597656,94740,1,0.3432969688101586,3,134,0,0,0,0,0
44,23,65.41036987304688,95957,4,1.8275170923379551,2,0,0,0,0,1,0
54,28,93.66898345947266,89950,1,3.724980027114712,3,0,0,0,0,1,0
39,5,63.53273391723633,92103,3,2.585288543925289,3,71,0,0,0,0,0
26,16,33.58106231689453,94434,2,0.1827811524962394,1,0,0,0,0,0,0
55,27,65.60741424560547,95254,2,0.5830089537229795,2,0,0,0,0,0,1
48,25,38.82487487792969,96533,2,1.866778116141292,2,0,0,0,0,0,0
28,4,124.82186126708984,92143,4,1.5091265929044333,3,108,1,0,0,1,0
56,30,99.6559066772461,92168,2,1.7593562572057235,1,0,0,0,0,0,0
37,8,30.234697341918945,95714,2,1.1885260027144278,2,0,0,0,0,0,0
37,8,49.14895248413086,94311,1,0.3188230211793837,1,0,0,0,0,0,0
56,29,58.21666717529297,91216,2,1.1788904311473631,2,0,0,0,0,1,0
28,6,188.00767517089844,94318,1,5.291767202640452,2,129,0,0,0,0,1
37,12,133.40611267089844,93647,3,0.5005410036126241,3,0,1,0,0,0,1
59,33,39.97431945800781,95341,2,0.0787830080135338,1,363,0,0,0,1,0
48,18,162.2430877685547,91317,2,2.598422927722277,1,278,1,0,0,1,0
52,26,88.57351684570312,95330,2,0.3060226494542181,2,0,1,0,1,1,1
62,37,68.24221801757812,90891,3,1.6050246877408096,2,147,1,0,0,1,0
30,7,180.6060028076172,95304,2,7.618949562377376,2,0,1,0,0,1,1
34,5,45.55181121826172,90982,3,0.1771553269764188,3,0,1,1,0,0,0
46,22,43.77023696899414,94487,2,0.15006985735641,3,130,0,0,0,1,0
42,11,64.66983032226562,90008,1,0.8386712964159388,3,228,0,0,0,1,0
47,24,52.09506607055664,95308,1,0.8743224155180227,1,0,1,0,1,1,0
56,29,67.98356628417969,94563,2,0.8635030456720307,2,0,0,0,0,1,0
26,18,42.969764709472656,92184,2,0.1685791696483099,3,0,0,1,0,0,0
37,4,89.5443344116211,91305,4,1.9664973256174991,1,234,0,0,0,1,0
65,37,33.04137420654297,92676,4,0.8232505922654494,2,0,0,0,0,0,0
62,37,13.131269454956056,93746,2,0.0697122176555966,3,95,1,0,0,1,0
37,16,46.21376037597656,94566,3,1.6389620219099452,1,0,1,0,0,0,0
60,34,43.07535171508789,94356,2,1.697992006760309,3,95,0,0,0,0,0
40,28,23.56223487854004,92939,4,0.0449735327263233,2,0,0,0,0,0,0
48,23,41.752716064453125,93031,4,0.1552667734157228,1,0,0,0,0,0,0
49,17,21.616064071655277,93044,4,0.0469089003770023,2,0,0,0,0,0,0
38,24,93.10807037353516,92508,4,1.1584216294151028,1,249,0,0,0,1,0
36,10,97.49884796142578,94181,1,1.7256019919773784,1,0,0,0,0,1,0
61,37,131.80648803710938,94243,2,0.8714579933638065,1,0,1,0,0,0,0
66,42,49.68999481201172,90546,4,0.8225994175142924,2,0,0,0,0,1,1
48,18,47.83957290649414,96332,2,1.5687357608556003,1,0,1,0,0,1,0
52,36,107.97258758544922,91940,1,2.119261515450619,1,0,0,0,0,1,0
53,26,100.66847229003906,90056,4,3.449260588913585,1,101,1,1,1,1,0
28,8,65.06951904296875,90977,3,1.3127516096369136,1,0,1,0,0,1,0
51,18,68.12342834472656,90462,1,0.6418996292550003,1,0,1,0,0,1,0
47,24,166.17398071289062,92866,4,1.8867492755891917,3,0,1,0,0,1,1
30,1,89.03020477294922,94524,3,1.0581718497557298,2,156,0,0,0,1,0
38,8,17.752487182617188,94226,2,0.1388072914632035,3,0,0,0,0,1,0
35,12,52.88813400268555,92925,2,0.6949805463151031,1,0,1,0,0,1,0
25,1,54.91115188598633,93194,4,0.3569972396033042,3,0,0,0,0,0,0
50,18,130.50164794921875,89645,1,6.312797957361291,3,0,0,0,0,1,0
42,16,54.71842193603516,92000,2,2.9757812887985526,3,0,0,0,0,0,0
61,34,92.2688446044922,94146,3,1.6717810077424802,3,0,0,0,0,0,0
25,2,140.01304626464844,94894,2,6.183656760070059,1,0,0,0,0,0,0
54,36,179.08929443359375,94263,1,4.933636349261256,2,0,0,0,0,1,1
66,42,92.88241577148438,90139,2,2.592264183269949,3,0,0,0,1,1,0
49,35,123.16622161865234,95279,1,3.628965189290994,1,0,0,0,0,1,0
47,20,28.11764907836914,94642,1,1.8256596574360997,3,147,1,1,0,0,0
48,10,32.910003662109375,94364,2,0.4208854398270749,3,0,1,0,0,0,0
44,31,58.11991500854492,93781,2,1.3370404896907655,2,120,0,1,0,1,0
27,3,75.43679809570312,90068,2,0.9122855536428898,3,0,0,0,0,1,0
29,21,60.93521118164063,90248,4,1.5321497610346648,2,97,1,0,0,0,0
52,32,41.54618835449219,90146,1,0.459462067763877,2,0,1,0,0,1,0
44,12,76.66140747070312,91940,3,3.1520090939837004,2,0,1,0,0,0,0
31,6,81.61664581298828,94944,2,7.556720752602468,2,0,1,0,0,1,0
49,32,64.31910705566406,94064,1,1.1051946119830631,3,105,0,0,0,1,0
37,13,43.65055084228516,95452,4,1.6625970267788637,3,115,1,0,0,1,0
63,39,51.27138137817383,91532,3,0.9846724455275768,3,0,1,0,0,1,0
47,21,55.13119888305664,95570,1,0.5460915225088356,3,0,0,0,0,1,0
45,18,46.97754669189453,94833,1,0.989801730866744,2,0,1,0,0,1,0
48,23,63.779632568359375,92582,4,1.294973618160393,1,0,1,0,1,1,0
57,31,72.3113784790039,91364,2,1.4445709635572317,3,0,0,0,0,0,0
57,31,117.87782287597656,94630,1,0.2694207918819568,1,0,0,0,0,1,0
56,31,82.14607238769531,89912,2,0.8662907759090237,1,101,1,0,1,1,0
35,7,28.79602432250977,92339,4,0.2320445082345789,1,96,1,0,0,0,0
55,27,87.97676849365234,93831,1,2.5881137258913225,1,0,1,0,0,1,0
59,28,108.65314483642578,92208,4,5.040816341842255,1,0,0,0,0,0,0
30,20,48.4099235534668,90807,4,2.629545555513541,1,0,0,0,0,1,0
62,41,37.57850646972656,94010,4,0.3662872583118196,1,0,0,0,0,1,0
41,18,110.80508422851562,90295,2,3.667118104481746,3,0,0,0,0,1,1
49,9,64.51274108886719,91056,4,0.4623032728021688,2,0,0,1,0,0,0
37,17,51.674407958984375,91418,3,0.3206618728046742,2,0,0,0,0,0,0
55,35,54.9006233215332,90484,1,5.200171628465974,1,0,1,0,1,1,0
41,7,113.58699035644533,89837,4,5.586478482226483,1,0,0,0,0,0,0
56,39,13.1381254196167,93888,3,0.5668279989483401,3,84,0,0,0,1,0
62,40,35.80308532714844,94711,2,0.5300686280340816,1,0,1,0,0,0,0
46,24,24.724573135375977,91999,2,0.4128465329522617,1,0,0,0,0,1,0
63,39,155.29098510742188,91939,4,3.4332008045281874,3,0,0,0,0,1,1
49,25,81.08222198486328,94814,2,2.9488289471878937,2,100,1,0,0,0,0
45,23,58.709381103515625,94047,2,0.1971409578747785,3,0,0,0,0,0,0
30,11,79.07355499267578,93682,3,2.088108184682965,2,0,1,0,0,1,0
26,1,46.85138702392578,94667,4,5.445609551627097,1,0,0,0,0,1,0
53,32,32.18071365356445,92680,4,0.3644131141327202,1,0,0,1,0,1,0
39,6,96.28008270263672,94354,2,1.8367428077878216,1,0,0,0,0,0,0
33,11,25.53824234008789,94808,4,0.4766771306224613,2,0,0,0,0,1,0
57,30,52.54680252075195,93093,4,1.2178141357603596,2,0,0,0,0,0,0
44,19,55.70107269287109,91822,2,1.6568049767125037,2,0,1,1,1,1,0
45,18,46.026954650878906,95496,4,2.9697301917423884,1,0,1,0,0,1,0
45,32,80.1952133178711,96271,2,2.0434003198332285,2,0,0,0,0,0,0
52,25,33.53165054321289,93727,2,0.3004579859448013,3,0,1,0,0,0,0
48,3,28.69293212890625,89723,1,0.8542020029159362,3,0,1,0,0,1,0
55,24,131.34628295898438,94090,2,6.488410568258335,1,0,0,0,0,0,0
35,11,28.13372230529785,95675,1,1.002313692373559,3,0,0,0,0,1,0
28,6,89.44891357421875,94085,4,1.1007409345958132,3,0,1,0,1,1,0
25,0,148.7100067138672,92607,1,1.998719613853736,1,0,0,0,0,1,0
56,32,40.90475082397461,92761,4,0.4873372955879883,1,0,0,0,0,0,0
46,14,65.3264389038086,92089,1,0.5243794078828812,2,0,0,0,0,0,0
61,30,38.465816497802734,91955,3,1.3621180128420405,3,0,0,0,0,1,0
64,33,56.41497802734375,90563,1,1.305913530562024,3,155,1,1,1,1,0
53,35,146.84153747558594,90175,1,1.5094014663932782,1,0,0,1,0,0,0
41,12,75.78076171875,91091,2,1.2036827734249558,1,0,0,0,0,1,0
47,17,58.42183303833008,91513,4,1.625129855664119,1,149,1,0,0,1,0
38,20,133.0367431640625,92491,2,4.826588096486081,1,119,0,0,0,1,0
48,28,56.46650314331055,91271,3,0.9619722456976628,1,0,0,0,0,0,0
39,17,127.6714096069336,92874,1,0.5899548283186469,1,104,0,0,0,1,0
31,1,95.1583480834961,94839,2,1.526949795068837,1,0,0,0,0,0,0
60,30,40.66697692871094,96096,3,1.8599019951450515,1,0,0,0,0,1,0
58,25,160.42831420898438,95667,4,1.3806752978508592,2,238,1,0,1,1,1
44,14,40.33542251586914,91751,2,0.349420497976428,3,0,0,0,0,1,0
51,31,74.18161010742188,90508,2,1.6872006754558482,1,0,1,0,1,0,0
45,13,120.83682250976562,90327,3,0.0530717549270749,1,0,1,0,0,0,0
57,32,39.09570693969727,94573,3,1.430256410511919,2,150,0,0,0,0,0
31,9,90.87171173095705,94411,1,2.872226186871278,1,162,1,0,0,1,0
25,-2,49.50624084472656,94218,3,1.5804457286697984,2,0,1,0,0,0,0
45,27,185.6318359375,90218,1,5.767667377240237,1,0,1,0,0,0,0
50,25,81.08160400390625,92243,4,1.728936094432791,1,0,0,1,0,1,0
30,4,94.06675720214844,94596,2,2.5779941533659567,2,0,1,0,0,1,0
43,18,38.06855010986328,94675,3,0.371726346827762,1,0,1,0,0,1,0
28,2,88.53733825683594,91759,4,3.5906286726807357,1,176,0,0,0,0,1
35,6,44.97067260742188,92093,1,0.037372626681694,3,0,0,0,0,0,0
63,35,70.0743637084961,90181,2,0.1270187412389904,1,0,1,0,0,1,0
48,28,68.63983154296875,90985,1,0.5406619950296866,3,102,0,0,0,1,0
30,7,89.4697036743164,95612,2,1.4518706662358594,1,0,0,1,0,1,0
52,20,50.60728454589844,90710,2,0.6734551730222118,3,0,0,0,0,0,0
57,30,70.07865905761719,95238,1,3.0182367886954182,1,0,0,0,0,1,0
25,3,30.37199211120605,94774,4,1.4046565204225812,2,0,0,0,0,0,0
34,8,42.16934967041016,92899,3,0.6644771639255087,3,245,1,0,0,1,0
37,17,106.4616928100586,90835,1,0.3651821293883322,3,0,0,0,0,1,1
42,23,10.568084716796877,92292,4,0.3744441771564759,1,146,0,1,0,0,0
48,24,84.0956802368164,92660,2,0.5749644622112251,3,0,0,0,0,1,0
42,20,38.95051956176758,94034,4,0.5260388449573581,2,0,0,0,0,1,0
49,19,105.93488311767578,90967,2,2.468986919363154,1,0,0,0,0,1,0
63,39,27.46417999267578,90135,4,0.1345012124081857,1,0,0,0,0,1,0
59,36,65.68785095214844,94549,2,1.2997149953835752,3,0,0,0,0,0,0
42,24,81.60382080078125,91911,1,0.3038593823393373,1,0,0,0,0,0,0
29,6,70.27297973632812,94168,4,1.4883745000027666,1,0,0,0,0,0,0
28,13,82.62628936767578,91145,4,0.8469710080640807,2,0,0,0,0,0,0
28,7,82.53939819335938,92907,4,2.475765629780646,1,0,1,0,0,0,0
59,37,21.924739837646484,92056,2,1.535391454779861,2,0,1,0,0,1,0
44,27,27.30789375305176,91493,1,1.4832330735406631,3,0,0,0,0,1,0
43,27,109.03058624267578,91850,2,0.6365531604842858,1,102,1,0,0,1,0
46,20,164.06768798828125,93007,3,5.920327759879578,3,162,0,0,0,1,1
27,7,105.06974792480467,92166,4,1.7663558957958203,1,0,1,1,1,1,1
36,25,49.44517135620117,94131,3,2.0635061549159297,2,122,0,0,0,1,0
60,30,122.18449401855467,93187,3,0.4832946258470014,2,0,0,0,0,0,1
28,3,44.81852722167969,92042,4,0.6402547762172413,3,0,0,0,0,1,0
64,36,58.86099243164063,92765,4,0.9352283597617688,3,0,0,0,0,1,0
64,41,48.72980499267578,95840,4,1.0678021259273076,1,155,1,0,0,1,0
61,41,158.5907440185547,93806,2,0.3009793652196694,1,0,0,0,0,1,0
34,9,187.0917510986328,91815,1,1.3952418317908477,1,234,1,0,0,1,0
47,18,19.61471939086914,93276,1,0.0858161983990329,3,0,0,1,1,1,0
63,35,96.39892578125,95610,4,2.125684127228617,2,232,0,0,0,1,0
63,36,41.90119934082031,90389,1,0.9260167699550258,3,0,0,0,0,0,0
34,7,47.85176849365234,93529,2,2.185626592349585,2,0,1,0,0,1,0
57,24,44.88398742675781,94083,1,2.1608714560090205,3,0,1,0,0,1,0
41,16,34.48307037353516,90224,4,0.1355137409123144,1,0,1,0,0,0,0
59,37,80.2771224975586,91411,2,1.8127713891912345,1,0,0,0,0,1,0
42,17,87.61979675292969,94256,2,1.1237935425768104,3,0,0,0,0,1,0
46,10,198.10891723632807,94580,2,5.456541863612082,1,358,0,0,0,0,1
56,31,85.4764175415039,93157,1,2.406661838081554,3,381,0,1,0,1,0
40,7,24.453859329223636,90626,2,1.8926354573687576,3,0,1,0,0,0,0
60,35,25.65019989013672,91859,2,0.2262024848859652,2,88,1,0,0,1,0
52,32,72.57878112792969,94174,1,0.6107754928485254,1,0,0,0,0,1,0
57,35,89.16748046875,95495,1,1.5387863028525464,3,0,0,0,0,0,0
52,21,36.17017364501953,93159,4,1.2960874874491315,1,0,0,0,0,1,0
50,24,109.89218139648438,89964,1,2.063782306759665,1,152,0,0,0,0,0
56,34,14.278827667236328,91816,4,0.0177691068323145,1,0,0,0,0,0,0
54,21,44.14042282104492,94678,4,2.52267851508783,1,0,0,0,0,0,0
63,37,110.13853454589844,89749,3,0.5427264913894903,2,0,0,0,0,1,1
30,5,60.05772399902344,93839,4,1.1586742097885134,3,0,0,0,0,0,0
58,36,61.5923080444336,94527,2,1.481703475668519,1,225,1,1,1,1,0
63,38,206.0240173339844,91917,1,4.247491601644667,1,0,0,1,0,0,0
52,21,43.04999923706055,92055,2,1.6407399571892265,3,100,0,0,0,1,0
59,32,59.55381393432617,94221,1,1.9173824809795783,1,0,1,0,0,1,0
64,39,82.68389892578125,92941,2,2.3661641092928503,1,0,1,0,0,1,0
49,35,16.775863647460938,93831,3,0.1154085415703634,2,125,0,0,0,0,0
40,22,181.3912353515625,92743,4,7.747353668121135,3,0,0,0,0,0,1
28,8,51.92790222167969,90717,4,0.745692364140466,2,107,1,0,0,0,0
30,1,58.553592681884766,94592,3,0.574287594995307,2,0,0,0,0,1,0
30,4,18.89651107788086,93796,2,0.430484688840985,1,0,1,0,0,0,0
61,37,32.48409652709961,90458,3,0.0852415925757786,1,0,1,0,0,1,0
39,19,36.01811218261719,94002,4,1.643093972798518,1,0,0,0,0,0,0
63,38,37.09503936767578,95359,3,1.506530600201845,2,147,1,0,0,1,0
36,9,56.613311767578125,91954,4,0.4998003189432222,1,0,0,0,0,0,0
59,35,31.80463981628418,94519,3,0.8393054138946253,2,0,0,0,0,1,0
29,4,78.61705780029297,90472,2,0.1458614258636585,3,0,0,0,0,0,0
61,34,42.08320236206055,94411,2,0.6177860898244504,3,0,0,0,0,1,0
44,15,128.29083251953125,94280,2,3.480590276267951,1,540,0,0,0,1,0
58,39,21.607742309570312,91952,1,1.2176534064602702,3,0,1,0,0,1,0
29,8,52.80587387084961,92732,2,0.5221125121525831,1,134,1,0,0,1,0
63,39,11.214898109436035,90470,4,0.1161384212251779,1,0,0,0,0,0,0
51,23,44.20301055908203,91222,3,1.5631690263066065,1,146,1,0,0,0,0
66,37,135.27981567382812,95310,1,1.443834329084105,3,0,0,0,0,0,1
49,21,80.07167053222656,93136,1,3.7296882114707,1,0,0,0,0,1,0
55,34,98.81182098388672,95223,4,2.921218467330017,2,0,1,0,0,0,0
32,7,55.54775238037109,92725,2,0.8360868167847744,2,0,0,0,0,1,0
55,26,143.62469482421875,95492,2,4.638142341082103,1,0,0,1,0,1,0
44,14,54.16489791870117,94316,3,1.5096176659009972,3,0,1,0,0,0,0
54,30,118.23373413085938,93058,2,0.0534200663996805,1,0,0,0,0,0,1
32,7,13.36744785308838,92059,2,0.1436296378819063,1,106,0,1,0,1,0
46,22,39.264984130859375,95424,3,1.504471528129859,2,0,1,0,0,0,0
31,10,37.328948974609375,94737,2,0.4626614617729382,2,0,0,0,0,0,0
41,24,26.43544006347656,93722,2,0.763465702568894,3,0,1,0,0,0,0
33,13,38.060638427734375,94184,4,1.973865225527137,2,0,0,0,0,0,0
59,34,32.11644744873047,91772,3,0.990173780958618,1,0,0,0,0,1,0
39,16,118.25454711914062,92421,2,2.235870669949301,1,101,0,0,0,0,0
30,11,87.42037963867188,94116,3,1.6352349314824508,2,0,0,0,0,0,0
60,34,39.6561393737793,94112,2,0.4932796201124208,2,0,1,0,0,1,0
29,1,25.69019317626953,96079,4,0.8030112508775881,1,0,0,1,0,1,0
46,20,199.57110595703125,94875,1,7.471112609294491,1,0,0,0,0,0,0
30,1,79.95948028564453,91550,2,3.0926345568667752,2,0,0,0,0,0,0
47,23,25.897186279296875,96136,1,0.3023746229969061,2,0,0,0,0,1,0
46,21,147.45631408691406,94986,2,1.837421205399733,1,0,1,0,0,1,0
54,23,77.52338409423828,94592,3,0.869464901921997,1,351,0,0,0,1,0
47,16,80.47425842285156,94572,2,2.5167675796620617,1,0,0,1,0,1,0
63,39,32.5670280456543,93949,2,1.706876533084632,3,0,0,0,0,1,0
60,35,128.34506225585938,92966,4,0.6144816611794572,1,0,0,0,0,1,0
35,11,158.1523895263672,91767,2,0.4699122006026635,1,0,1,0,0,1,0
59,23,32.32318115234375,95959,2,0.4223479129808618,3,0,1,0,0,1,0
33,4,16.6884765625,95477,1,1.7438840701346547,3,0,0,0,0,1,0
37,23,38.04579544067383,95432,2,1.0237860541918091,2,99,0,0,0,1,0
57,33,75.92485046386719,89800,1,2.317954448129542,1,0,0,0,0,1,0
39,26,137.5404815673828,93135,2,0.2799598547236928,3,243,1,0,0,1,0
38,20,34.766883850097656,94516,4,0.8732814484661703,3,0,1,0,0,1,0
63,41,168.83531188964844,95480,2,2.086311000384591,1,0,0,1,0,0,0
49,24,40.221378326416016,93877,2,2.467479417214057,2,0,0,0,0,0,0
35,14,117.98145294189452,94399,2,0.8646737786957068,1,0,0,0,0,0,0
55,25,17.707489013671875,96167,4,1.7532000976803097,3,0,0,0,0,1,0
32,3,63.77840805053711,94505,1,1.6173048472553668,2,0,0,1,0,1,0
27,6,69.28018951416016,93089,3,1.3473196266574476,1,0,0,0,0,0,0
47,31,87.80010986328125,94941,4,1.203660742581468,1,0,0,0,0,0,0
46,16,168.87738037109375,91153,1,2.3445111727655323,1,258,0,0,0,0,0
53,29,21.41581916809082,91823,4,0.1468668167308495,2,0,0,0,0,0,0
39,18,71.47508239746094,95455,4,2.9603645451730767,1,0,0,0,0,1,0
44,21,56.54380035400391,90122,1,1.120045398756261,3,0,1,0,0,0,0
41,17,77.80207824707031,90050,1,0.9565201104364688,3,238,1,0,0,1,0
37,23,49.283599853515625,90558,4,1.2613248434223026,1,0,0,0,0,0,0
59,28,56.58345413208008,94596,2,2.261747554994206,2,0,1,0,0,0,0
30,5,24.222824096679688,91806,4,1.587598009536335,2,0,1,0,0,1,0
53,23,136.5096435546875,94717,1,6.622708381019705,1,0,0,0,0,0,0
50,21,99.7808074951172,92120,1,7.23997319236134,1,0,0,0,0,1,0
54,33,25.34725379943848,92983,4,0.8453252670973619,1,0,1,0,0,0,0
47,13,18.83899307250977,96243,4,0.2889163093855564,2,108,0,0,0,1,0
61,38,58.33244323730469,92443,1,1.8942817009081545,3,148,1,0,0,1,0
46,24,119.3351821899414,91686,1,1.448123382130212,3,0,1,0,0,1,0
47,16,60.98477935791016,94634,1,6.823999616299081,2,0,1,1,1,1,0
44,15,195.798828125,94454,2,4.1734891281248725,1,0,1,0,0,1,0
47,18,63.660606384277344,95775,3,4.173771457971441,1,0,0,1,0,0,0
33,6,78.260498046875,93154,2,2.9292983023186765,1,0,1,0,0,0,0
45,12,167.65179443359375,94235,3,8.01942600658924,3,0,0,0,0,0,1
32,3,179.12742614746094,94456,4,8.313784472804677,2,0,0,0,0,0,1
44,7,80.79037475585938,94507,1,1.8461155053494105,1,0,0,0,0,1,0
47,38,57.12382888793945,94778,3,2.245728931472886,2,0,0,1,0,0,0
55,30,36.39769744873047,92167,3,0.1120886416772755,2,0,0,0,0,0,0
40,19,107.43879699707033,93843,1,0.6461926344475242,1,0,0,0,0,1,0
31,8,24.02069854736328,91762,4,0.1584766781556376,2,105,0,0,0,1,0
47,21,74.33512878417969,89976,1,0.3378963923939717,3,0,0,0,0,1,0
34,19,153.6655731201172,90049,1,1.1022156023257796,1,0,0,0,0,0,0
50,16,49.41668319702149,94451,4,2.1141744472400337,2,0,0,1,0,1,0
43,13,79.37612915039062,95364,1,1.156074825908101,3,0,1,0,0,0,0
41,26,53.036956787109375,94352,1,1.0699162344369402,3,146,0,0,0,1,0
36,28,139.77761840820312,95250,2,3.4212875107306244,1,0,1,0,0,1,0
33,11,201.1560821533203,94158,4,5.492482912148689,1,395,1,0,1,0,1
45,20,58.58534622192383,92080,1,1.6546554634682693,3,0,1,0,0,1,0
35,6,143.9672393798828,90437,3,0.1780929493673565,3,0,1,0,0,1,0
27,-1,81.39851379394531,89912,3,2.119754762687536,3,0,0,0,0,0,0
42,9,211.0352020263672,91533,1,5.008831505948211,1,0,0,1,0,0,0
51,22,104.24388122558594,90363,2,0.6452103732225656,1,210,0,0,0,1,0
33,5,31.948802947998047,94895,3,0.601428005383544,1,0,0,1,0,0,0
56,10,24.37865257263184,95611,1,6.732616082583132e-06,3,111,0,1,0,0,0
41,15,75.38506317138672,96397,4,0.9305157252646972,2,0,0,1,0,1,0
33,8,66.83428955078125,90919,1,1.6146659855787016,1,0,0,0,0,1,0
45,19,74.47219848632812,94056,4,0.3806042534553184,1,0,0,1,0,1,0
35,11,85.61666870117188,90026,1,2.5827603011711497,1,0,0,1,0,0,0
27,0,61.28378677368164,93807,3,1.3248412722944876,2,0,1,0,0,1,0
39,4,83.2004165649414,95772,1,2.702536644307674,2,0,0,0,0,0,0
41,13,125.4224090576172,96217,2,4.8110879288770745,2,0,1,0,0,0,1
38,18,18.387584686279297,91804,3,0.9871473209366728,3,151,1,0,0,0,0
31,7,94.35354614257812,94597,4,2.4179844151307623,3,149,0,0,0,0,0
36,15,16.62156867980957,91979,3,0.9163151271788558,2,0,0,0,0,1,0
64,38,48.95384979248047,94529,3,2.133168256475264,2,100,0,0,0,1,0
42,18,58.19576644897461,90195,3,1.5727312616418343,2,0,0,0,0,0,0
58,37,42.62698745727539,93244,2,1.7127215766697623,3,124,0,0,0,1,0
49,15,99.64791107177734,95095,3,2.900890530055578,1,0,0,0,0,1,0
62,37,166.5697784423828,94315,1,9.628974576046462,1,260,0,0,0,0,0
32,12,177.17678833007812,95367,3,2.5273762296482225,1,0,0,0,0,1,1
28,2,109.82838439941406,93890,3,2.518433991339749,1,0,0,0,0,0,0
63,29,29.88209342956543,90342,3,0.9717484221212545,3,105,0,1,0,1,0
47,22,87.98002624511719,91942,1,1.290157484013556,3,148,0,0,0,1,0
34,4,49.79388427734375,95131,2,0.5498657873481831,1,0,1,0,0,0,0
50,23,82.15147399902344,94116,2,0.1047939376522964,1,0,1,0,0,0,0
26,0,92.60088348388672,92106,4,2.173260364745788,2,0,0,0,0,1,0
47,25,130.01187133789062,95544,2,6.818684876272128,1,0,0,0,0,0,0
48,11,133.39691162109375,91828,4,1.689746566274239,1,0,1,0,0,1,0
53,29,74.8786849975586,94470,4,0.215519155162603,2,0,1,0,0,0,0
42,9,135.16989135742188,92100,2,2.32333398291086,1,0,0,0,0,1,0
26,2,59.50281524658203,92033,2,1.6181869739684087,2,0,0,0,0,1,0
29,6,77.10627746582031,93277,1,0.944391147526104,3,0,0,0,0,0,0
38,7,82.00598907470703,94395,3,1.684391277553938,3,0,1,0,0,1,0
45,28,70.62171173095703,92084,3,1.4674372805744451,1,0,1,0,0,1,0
45,12,26.768016815185547,90660,3,0.2563370442479682,2,0,0,0,0,0,0
42,17,14.123708724975586,92118,1,0.2382370357085461,1,0,0,0,0,0,0
58,33,74.09737396240234,92379,2,1.916124358029886,3,215,0,0,0,1,0
60,32,60.9099006652832,94557,3,0.1357115237898672,1,91,1,0,0,1,0
49,27,98.71602630615234,95388,4,2.6715604067975085,1,0,1,0,0,1,0
63,39,117.04154205322266,91622,2,4.377726151278611,1,0,0,0,0,1,0
59,28,65.32801818847656,93996,4,1.803803462801805,1,0,0,0,0,0,0
49,32,61.6630973815918,94809,1,2.610733075182928,3,0,0,0,0,0,0
41,16,44.8516731262207,91901,3,1.969310635886269,2,0,0,0,0,0,0
39,6,69.054931640625,94653,3,1.1167517127199993,2,252,0,0,0,1,0
37,7,108.89645385742188,91121,1,2.477162954277424,2,0,0,0,0,1,0
51,30,204.14041137695312,91939,2,6.243191843503198,1,0,1,0,0,1,0
36,11,63.14556884765625,93975,4,2.1774116199675846,2,0,0,0,0,1,0
29,6,78.34416961669922,90323,1,2.7071371859921576,2,167,0,0,0,0,0
39,21,69.64469909667969,90854,2,0.7799841019845795,1,0,0,1,0,0,0
36,11,160.4757843017578,95767,4,2.215465830888068,2,0,1,0,1,1,1
39,11,117.25827026367188,92283,2,6.581353551416462,1,0,1,0,0,0,0
25,0,164.16558837890625,92699,4,3.4433111674083183,3,0,0,0,0,1,1
49,22,15.111048698425291,91280,3,0.5066765405222842,1,0,1,0,0,0,0
24,3,45.63971328735352,92569,3,1.3406876683540556,2,0,1,0,0,1,0
56,37,22.850719451904297,94644,1,1.186388207215886,2,155,1,0,0,1,0
49,18,74.15194702148438,91801,4,1.7663501613339083,1,0,0,0,0,1,0
46,16,71.37222290039062,91720,3,1.146080210667378,2,113,0,0,0,0,0
59,31,129.2947540283203,95276,2,3.4867575331336216,1,0,0,0,0,1,0
42,13,121.67961883544922,95162,2,6.6635105777985935,1,0,0,0,0,0,0
62,42,44.89903259277344,90617,2,0.1139425126229926,3,142,0,0,0,0,0
50,26,59.78717041015625,94964,3,1.6666679213827986,2,0,0,0,0,0,0
38,21,92.7371597290039,94750,2,2.203092364277162,1,0,1,0,0,0,0
64,41,46.74943923950195,93923,4,0.3123922089280155,2,0,0,0,0,1,0
30,5,41.60693740844727,95446,4,2.039864203906634,2,0,1,1,0,0,0
53,28,26.01347541809082,94485,3,1.6054292109951,3,93,0,0,0,1,0
58,33,58.70121765136719,94693,1,0.3937832136926129,1,100,0,0,0,1,0
27,5,97.10343933105467,94141,3,2.6449087388243417,1,0,1,0,0,0,0
41,3,35.53699493408203,93536,2,2.6302631435509407,2,0,1,0,0,0,0
37,10,160.08291625976562,95712,1,4.618550554116735,3,0,0,1,0,0,1
56,25,40.42858123779297,94250,4,0.7654587704597811,2,0,1,0,0,0,0
33,11,37.82085037231445,92362,4,2.658699162035929,3,155,0,0,0,0,0
54,33,53.009986877441406,95806,1,1.6809446698004251,3,203,0,1,0,0,0
28,2,30.224294662475582,94722,3,1.7558809228683805,2,0,0,0,0,0,0
33,8,83.6078872680664,92502,2,3.330954837969783,2,0,1,0,0,1,0
33,6,42.83404159545898,96208,2,0.7231181192598496,2,0,0,0,0,1,0
35,19,82.40015411376953,94971,1,2.236049361082404,2,0,1,0,0,1,0
30,12,33.91136169433594,92897,4,0.3776443783571232,2,125,0,0,0,0,0
40,13,42.41154861450195,94058,3,1.6027842608625391,3,0,0,0,0,0,0
30,1,35.581642150878906,95595,3,0.2637822833804427,2,0,0,1,0,1,0
55,25,34.46356201171875,91609,1,0.1013415616546587,2,0,1,0,0,1,0
62,39,62.97343444824219,92839,3,1.3850917825782982,1,0,0,0,0,1,0
57,33,109.8509292602539,95445,4,2.671478616986724,1,150,1,0,1,1,0
62,38,81.42972564697266,94079,1,1.8461657892087135,1,0,1,0,0,0,0
32,4,33.31300354003906,93174,4,3.1222056306531263,3,0,1,0,0,1,0
26,3,154.37074279785156,94321,3,0.5852664201191925,2,0,0,0,0,1,1
46,25,68.99751281738281,90773,3,1.1609283497428324,2,0,0,0,0,1,0
59,37,47.11870193481445,91283,3,1.6069409090260536,2,0,1,0,0,0,0
28,5,61.27222442626953,94397,1,1.9449998748586133,3,0,0,0,0,0,0
59,36,162.06541442871094,93885,2,3.322349958926212,3,354,0,0,1,1,1
42,23,23.607837677001957,94134,4,1.8692145725656988,1,0,1,0,0,1,0
47,27,45.62378692626953,95197,1,1.0404663915446448,2,0,1,0,0,0,0
41,20,26.63761711120605,96235,4,1.2800876676495243,2,0,1,0,0,1,0
33,7,29.724727630615234,92826,4,1.976027370474012,3,0,1,0,0,1,0
50,27,36.096961975097656,95724,1,0.7134028353803702,2,199,0,0,0,0,0
63,33,71.36605834960938,91549,3,2.3974916689930774,1,0,0,0,0,0,0
35,2,59.56185150146485,92613,4,0.2229391390432121,3,100,0,0,0,1,0
50,28,83.87377166748047,93342,1,0.8355244486829013,3,174,0,0,0,0,0
34,8,20.81699562072754,92098,3,0.7453704047666582,3,99,0,0,0,0,0
36,17,139.05905151367188,90479,2,4.502141353379348,1,0,1,0,0,0,0
32,5,86.3665771484375,90271,3,2.837885241009385,2,142,0,0,0,1,0
56,32,66.80996704101562,89944,4,2.5620909210501037,3,0,0,0,0,0,0
60,35,83.12911987304688,91425,2,1.4185941761919447,3,0,0,0,0,0,0
52,28,44.18221282958984,95921,4,1.1636292012673728,3,0,0,0,0,0,0
39,11,73.09555053710938,94267,2,0.4361602694212106,3,0,0,0,0,1,0
63,38,72.80487060546875,92045,4,2.2802459606702383,3,146,0,0,0,1,0
40,12,121.37201690673828,93960,2,1.3374679430066456,1,0,1,0,0,0,0
51,27,24.999683380126957,93720,1,0.668832678109674,3,0,0,0,0,0,0
33,5,200.71185302734372,94648,2,1.9806275454769715,1,157,0,0,0,1,0
34,9,49.97023010253906,94633,3,1.2039098377204829,2,0,0,0,0,1,0
27,4,22.520427703857425,92225,1,0.8086512616915332,2,0,1,0,0,0,0
50,31,52.81998443603516,90321,4,0.5422818577600512,1,78,1,0,0,0,0
43,28,53.72492599487305,92086,4,2.7442743019261195,1,245,0,0,0,1,0
42,7,73.87242889404297,94581,2,3.0109113015551303,1,0,0,0,0,1,0
55,29,54.47773742675781,91103,2,1.5025495993074982,2,89,0,0,0,0,0
27,1,145.60435485839844,93424,4,0.2703715433568967,3,0,0,0,0,1,0
59,40,62.38262176513672,92328,1,2.0587707724800914,1,0,1,1,0,1,0
48,21,11.96405792236328,94473,3,0.1002932016921074,2,0,0,1,0,1,0
62,37,92.0177001953125,92333,2,4.141555699359577,1,0,1,0,0,0,0
48,20,115.84473419189452,92623,2,2.3323120946856686,2,0,0,0,0,1,0
31,0,107.57500457763672,93076,4,1.8579699750973289,2,0,0,0,0,1,0
60,37,33.72191619873047,95423,1,0.4664110679028875,3,133,1,0,0,1,0
42,24,11.528098106384276,94999,3,0.6181484421230027,2,0,1,0,0,0,0
61,36,36.5394287109375,95350,1,0.2954213699934271,2,0,0,0,0,1,0
52,15,134.48016357421875,94379,2,0.5694978075913456,1,390,0,1,0,0,0
51,29,82.06299591064453,90230,4,0.3103623237577282,2,0,0,0,1,1,1
49,28,97.38005065917967,95974,1,3.574232261920088,3,0,0,0,0,0,0
63,38,45.324832916259766,90849,1,2.4003140362336834,1,105,0,0,0,0,0
58,34,88.45943450927734,90316,2,1.4311779946897256,2,0,0,1,0,1,0
41,13,34.15300750732422,96018,4,0.728319916178129,2,0,0,1,0,1,0
37,11,21.596778869628903,92254,1,1.3290573007552973,3,149,0,0,0,1,0
28,8,50.728515625,94612,3,0.927354645783134,2,104,0,0,0,0,0
63,39,66.6490707397461,92056,4,1.1200703770368596,2,0,0,0,0,1,0
39,14,60.16558837890625,90978,1,0.2616389376235375,1,0,0,0,0,1,0
62,35,19.51981544494629,93103,1,3.5972121709565,1,0,1,1,1,1,0
45,21,120.7043914794922,94754,1,2.1699174790760045,1,0,0,0,0,0,0
53,22,131.10946655273438,91656,3,5.415266104669563,3,0,0,0,1,0,1
60,35,43.2958869934082,94469,4,0.929128481634136,1,0,1,0,0,1,0
35,6,36.7870979309082,95722,4,2.2498995581895165,3,0,0,0,0,1,0
37,15,98.36793518066406,91133,4,1.7645865884882763,2,0,0,0,1,1,1
55,29,79.43894958496094,94541,2,1.862347543663596,2,0,1,0,0,0,0
53,37,75.66123962402344,92839,2,6.325028909244907,1,0,0,0,0,1,0
37,27,173.5758514404297,94405,3,1.818761474113896,2,0,0,0,0,0,1
54,32,68.68629455566406,91302,1,5.33096525050798,2,0,0,0,0,1,0
33,10,164.6912841796875,90160,4,4.487025770642012,1,165,0,1,1,1,0
35,17,25.17640686035156,94555,4,0.4449080372824601,2,0,0,0,0,1,0
41,21,164.9314422607422,90350,2,0.8662512958110624,1,0,0,0,0,0,0
58,32,129.45033264160156,92865,2,3.2215205881825595,1,0,1,0,0,1,0
57,30,21.91266250610352,94377,3,0.625920868301516,2,152,0,0,0,0,0
30,27,158.2468719482422,95746,4,0.5216397043874936,3,0,0,0,0,1,1
59,36,28.100828170776367,91077,1,0.2191749082258678,1,0,1,0,0,1,0
52,35,69.47413635253906,90261,4,0.6776497550553453,2,0,1,0,0,1,0
56,8,60.108245849609375,94391,2,1.8385294542424615,2,146,0,0,0,1,0
35,9,124.64389038085938,95116,4,2.862229829641855,2,0,0,0,0,1,0
34,10,43.22951889038086,95320,1,1.5792796925749055,2,0,0,0,0,1,0
44,26,186.01995849609372,93925,2,3.913559325070846,1,379,0,0,0,1,0
48,15,62.34412384033203,94252,2,0.344843628307644,1,0,0,0,0,1,0
63,37,146.78933715820312,90389,2,2.1599610140050585,2,243,0,0,0,1,1
57,23,124.17730712890624,95357,1,3.681239932771762,3,398,1,0,0,0,0
63,42,23.578777313232425,93972,3,1.474578695888921,1,0,0,0,0,1,0
31,11,21.97598648071289,92078,1,0.6719888229063994,1,84,1,0,0,1,0
42,27,34.36983871459961,93913,3,0.2988682535599039,2,0,1,0,0,1,0
52,19,125.77625274658205,94515,2,2.935536612324509,1,0,0,0,0,0,0
25,1,73.21937561035156,94046,2,1.566492174224834,3,0,0,0,0,0,0
34,15,64.78449249267578,94180,1,1.6012335654910017,3,0,0,0,0,1,0
58,31,36.54293823242188,95091,1,0.5106813670139225,2,0,0,0,0,0,0
64,37,41.06645965576172,93709,3,0.0854209191913957,2,0,0,0,0,0,0
36,12,85.64339447021484,94562,2,1.9491122240414864,3,0,0,1,0,0,0
56,32,23.971460342407227,96142,3,1.1979306341150602,1,0,0,0,0,1,0
59,29,92.29105377197266,89645,1,0.1834435330189885,1,0,1,0,0,0,0
42,26,49.15632247924805,90154,4,1.2991496322620693,3,0,0,0,0,0,0
42,15,58.22687911987305,94254,2,0.1994281482780646,2,0,1,1,0,1,0
57,32,78.46746063232422,94623,2,1.66042368531771,3,113,0,1,0,1,0
54,24,114.19815063476562,94020,1,3.418340793314461,1,0,0,0,0,0,0
64,42,49.06901168823242,94249,4,1.4019021404427183,1,220,0,0,0,0,0
30,6,46.37117767333984,95771,4,1.2648141177957872,2,83,0,0,0,1,0
60,36,70.19548034667969,94669,4,1.307728102734373,3,0,0,0,0,0,0
44,17,32.107452392578125,92481,4,1.8106508955272569,3,0,1,0,0,1,0
34,13,25.49981117248535,93813,4,2.043245821913543,1,103,0,0,0,0,0
60,36,47.397987365722656,92629,2,0.0824626161535346,3,0,1,0,0,0,0
27,5,31.4953727722168,94696,3,0.687539586385773,1,0,0,0,0,1,0
39,7,86.81504821777344,91900,1,5.648289355370738,1,0,0,0,0,1,0
53,21,11.09530544281006,95854,4,0.1889593503607511,1,0,1,1,0,1,0
54,30,97.97825622558594,93189,2,2.908362743128434,1,0,1,0,0,0,0
37,14,38.59599304199219,90474,1,1.6536010178419496,3,150,1,0,0,1,0
28,5,41.08532333374024,92523,3,2.46127140916312,1,188,0,0,0,1,0
39,14,24.70591735839844,93625,4,0.9625449310647864,2,0,0,0,0,1,0
32,22,47.85739517211914,94698,2,0.0726840795986623,1,0,0,0,0,1,0
29,8,83.91845703125,90257,4,1.7303375960954572,1,0,1,0,0,1,0
41,13,100.01994323730467,91239,4,2.0598537269928023,1,0,0,0,0,1,0
56,25,58.173038482666016,92870,4,1.9413020652205504,1,0,1,0,0,0,0
67,39,25.250751495361328,94025,4,0.25367584860386,2,0,1,0,1,1,0
32,5,43.423614501953125,93866,4,0.4340459054063934,1,0,0,0,0,1,0
43,22,144.38214111328125,94744,1,2.3592914662976776,1,0,0,1,0,1,0
38,25,57.31171417236328,94519,2,0.5241164132782172,2,0,0,0,0,1,0
53,15,93.2406005859375,96075,3,1.3615676330885464,1,0,0,0,0,1,0
47,32,12.963436126708984,93440,4,2.3753594136860885,1,75,1,1,0,0,0
32,6,16.24505043029785,91956,4,0.7961118673706801,1,0,0,0,0,0,0
59,29,18.52543830871582,95316,2,0.5857604753170865,2,0,0,0,0,0,0
45,21,55.53409576416016,95166,4,1.798429603001741,1,0,1,0,0,1,0
65,38,63.74175262451172,96031,3,1.573052657178294,2,0,0,0,0,1,1
60,34,27.919708251953125,91940,4,0.6611373461778485,2,0,0,0,0,0,0
45,17,33.88764190673828,90133,4,1.0538680735845916,2,0,0,0,0,0,0
38,12,190.22491455078125,95303,2,5.425017127670142,1,0,0,1,0,1,0
47,17,128.17987060546875,95739,3,2.2386844569132918,2,0,0,1,1,1,1
45,19,44.33005905151367,93486,2,0.1333326327577969,3,88,0,0,0,0,0
31,5,92.50899505615234,92623,2,2.758065947639338,1,0,0,0,0,0,0
47,16,46.77956008911133,92732,4,1.3944672553094923,3,0,1,0,0,0,0
53,26,40.97672653198242,95666,1,0.2553214418709977,3,0,1,0,0,1,0
51,25,150.77012634277344,90954,1,3.729274364016511,1,0,1,0,0,0,0
40,13,97.2804718017578,92994,1,1.61543125252238,3,0,0,0,0,0,0
31,4,122.17407989501952,94920,1,1.4867527851349178,3,239,1,1,0,1,0
37,9,22.51908302307129,93359,4,1.3643172966480752,1,65,1,0,0,0,0
42,25,21.09611701965332,92475,4,1.6919696504200616,1,0,0,1,0,0,0
59,34,32.1065673828125,93288,4,2.1380577997345345,2,204,1,0,0,1,0
53,19,52.048439025878906,92955,3,2.35906107833234,1,0,0,0,0,0,0
41,14,57.87311553955078,95433,3,2.740073045840689,1,0,1,0,0,1,0
63,38,187.2303924560547,95867,2,4.555603819390672,1,461,0,1,0,0,0
34,11,127.82564544677734,93333,1,2.414433219862084,2,0,1,0,0,1,0
37,14,48.51506805419922,95086,2,1.4176394825351704,1,102,0,0,0,1,0
60,39,28.57097625732422,92909,4,1.130359730120306,3,0,0,1,0,0,0
49,18,15.00277328491211,95533,1,0.1948740287535046,1,0,1,0,0,1,0
61,40,104.8721694946289,94530,3,0.940587563697038,3,0,1,0,1,1,1
60,36,90.91255950927734,92247,4,0.6645647729161948,2,0,0,0,0,0,0
55,28,155.10182189941406,93710,1,1.4124314848461543,2,0,0,1,0,1,0
38,21,33.155174255371094,90130,1,2.4219393365906585,2,0,0,0,0,1,0
36,13,64.8620834350586,95298,1,1.6771063277935836,2,0,0,0,0,1,0
43,18,64.34261322021484,91538,3,1.8244046487057148,3,0,1,1,0,0,0
63,38,54.66768264770508,92070,1,2.060735317958278,1,0,0,0,0,0,0
62,34,77.9598617553711,95391,4,2.1274414154148653,1,0,0,0,0,1,0
61,35,61.911468505859375,96351,2,2.5007173577624857,1,228,1,1,1,1,0
58,34,47.88209533691406,94562,2,1.460415536202316,2,0,1,0,0,1,0
59,38,87.82095336914062,94405,2,2.5634571162373674,2,0,0,0,0,1,0
51,20,61.58710479736328,89971,4,1.4669323951215223,2,0,0,0,0,1,0
45,19,78.12068939208984,94367,3,0.4078687475568902,2,0,1,0,1,1,0
30,8,172.36550903320312,90518,1,5.204955984036473,1,0,0,0,0,1,0
44,23,48.439239501953125,91328,2,1.1194869843152042,3,98,0,0,0,1,0
60,34,60.73394393920898,89993,2,1.1857955269490978,3,0,0,0,0,0,0
58,40,107.94010925292967,96265,2,4.34606360510526,2,237,1,0,0,0,0
41,15,108.73255920410156,94139,2,0.4418956211983471,1,0,0,0,0,0,0
41,16,30.31804656982422,91545,1,1.7635655314841738,3,0,1,0,0,1,0
44,8,25.2797966003418,92048,2,0.5408454375089393,1,89,0,0,0,1,0
60,36,55.226341247558594,92300,4,1.6064749516906314,1,281,0,0,0,1,0
51,26,40.61754989624024,89985,4,0.3075039138536997,1,0,0,0,0,0,0
26,7,50.98523712158203,94766,2,0.1438908910236879,3,0,0,0,0,0,0
27,2,135.41111755371094,94896,2,1.321935548912479,1,0,0,0,0,1,0
31,5,156.9608612060547,94046,3,3.406598494521155,3,0,1,0,1,0,1
40,16,14.960944175720217,95579,4,0.5812474843495955,1,0,0,0,0,0,0
61,34,71.79148864746094,91165,1,3.05552941631336,1,0,1,0,0,1,0
56,35,36.75437927246094,96032,3,0.3711568988653408,2,0,0,0,0,1,0
27,1,41.47332382202149,94537,1,0.2607352190080539,2,0,1,0,0,1,0
57,33,153.6521759033203,92100,1,2.08949228415816,1,426,0,1,0,1,0
26,2,52.75490951538086,94587,3,1.529397042110462,2,0,0,0,0,1,0
60,33,181.6533660888672,92899,1,5.314995247271796,3,107,1,0,1,1,1
40,11,70.23216247558594,95188,3,3.0856476905132357,1,0,0,0,0,0,0
39,13,52.13165664672852,95751,3,1.445533651469773,2,0,0,0,0,1,0
53,36,109.9803237915039,91074,3,2.9297671395216947,2,0,0,0,0,1,0
53,26,119.49664306640624,94987,2,3.287814059664841,2,0,0,0,1,1,1
41,13,59.99087142944336,93834,2,2.0812358633760537,1,204,0,0,0,0,0
33,7,95.48979949951172,90318,2,1.604678975848188,1,153,0,0,0,1,0
26,9,49.938594818115234,95660,3,2.4288537607747127,3,167,0,0,0,1,0
49,30,64.25785064697266,93167,2,1.463569343867227,1,0,0,0,0,1,0
52,30,70.71398162841797,94500,1,0.2041732104685632,1,0,0,0,0,1,0
41,13,151.8655548095703,94067,2,4.017110631540508,1,0,1,0,0,1,0
49,21,20.586225509643555,94367,4,2.128353967842695,1,0,0,0,0,1,0
38,15,180.36859130859372,90578,2,6.960510653034173,2,0,0,0,1,1,1
43,14,66.794189453125,92958,3,0.3106044433435582,2,151,0,0,0,0,0
58,35,15.23367977142334,91853,2,0.8072682183650494,2,99,1,0,0,0,0
45,13,73.24286651611328,94410,1,0.5297503455860701,1,0,0,1,0,0,0
38,5,16.668548583984375,94661,4,0.4496502729846051,1,0,0,0,0,1,0
51,30,19.817058563232425,90671,4,1.079836857781674,1,0,1,0,0,1,0
40,28,149.19808959960938,91903,4,4.901559523822367,1,0,0,0,0,0,1
57,31,44.73706817626953,94547,3,1.595943452910494,3,143,1,0,0,1,0
47,27,66.03108215332031,89956,1,2.616865593758165,3,0,0,0,0,0,0
27,5,29.22913932800293,96217,1,1.3636448563560866,3,0,1,0,0,1,0
31,9,93.3494110107422,92254,2,0.6030093578795324,1,0,0,0,0,0,0
41,23,34.15612030029297,94211,3,1.551951492805265,2,0,0,0,0,1,0
59,28,128.32662963867188,95418,1,3.2393453825916043,1,0,0,0,0,1,0
39,3,45.93953704833984,96194,2,0.238776885138547,2,0,0,0,0,1,0
34,9,30.0982723236084,95335,2,2.7937847429181666,2,93,0,0,0,1,0
48,21,63.308380126953125,95887,1,0.2695738212549148,3,0,0,0,0,1,0
61,33,17.93610382080078,93428,4,1.764955610266894,2,0,0,0,0,1,0
27,4,169.84228515625,94287,4,0.2902830510212925,2,0,1,0,0,0,1
29,2,28.81730079650879,91777,4,1.3150771605003593,2,147,0,0,0,0,0
55,29,44.76848983764648,95621,3,1.1042750515160296,3,0,0,0,0,0,0
27,7,89.33354187011719,95782,1,1.164948101684918,1,153,0,0,0,0,0
63,39,53.44027328491211,90159,1,3.519896744890074,1,131,0,1,0,0,0
44,24,48.62438201904297,90630,3,1.8628429822946837,2,0,0,0,0,0,0
63,38,85.4600601196289,94292,2,4.626252255949943,1,0,0,0,0,0,0
63,37,128.34927368164062,92298,4,1.9004782226036472,2,273,0,0,0,0,1
31,10,70.96908569335938,91509,1,1.296899893203578,3,0,1,1,0,1,0
30,5,29.35907554626465,93505,2,1.7806335465575365,1,111,0,0,0,0,0
44,18,91.3266372680664,89952,1,0.1351486711787861,3,0,0,0,0,1,0
59,36,53.23772430419922,92818,3,2.32263086282167,1,136,1,0,0,0,0
25,0,66.81485748291016,94190,2,2.950394047827864,1,0,0,0,0,1,0
38,9,89.18890380859375,95438,1,2.930155211619649,2,0,0,0,0,0,0
43,18,93.7416534423828,94381,1,1.4979949846883502,1,170,1,0,0,1,0
24,0,132.63446044921875,90024,4,3.9094995576454346,3,0,0,0,0,1,0
36,11,205.82801818847656,92050,2,6.693851571197799,1,0,0,0,0,0,0
42,15,75.9533920288086,94002,1,4.277330850183764,3,463,0,1,0,1,0
47,6,63.10552215576172,92940,1,1.4437964620107178,3,0,0,0,0,0,0
37,24,82.1865005493164,95303,1,0.2722281495284476,1,230,0,1,0,0,0
40,23,152.41436767578125,95156,1,2.714486238359693,2,0,1,0,0,0,1
61,38,144.9217987060547,90402,2,3.89125881547126,1,0,1,1,0,0,0
41,26,83.21910858154297,90127,1,1.129621771798308,1,87,0,0,0,1,0
62,36,92.9595184326172,92547,4,1.5503417050664017,2,0,0,0,0,1,0
41,21,172.19692993164062,91942,2,6.584637618447248,1,0,1,1,0,1,0
41,19,94.7473373413086,95490,3,1.0751979816312214,1,263,0,0,0,1,0
63,34,15.233209609985352,91873,2,0.2183361121492819,3,201,1,0,0,1,0
38,14,124.08528900146484,91989,4,1.1364058845834777,2,0,0,0,0,1,0
41,25,111.88162994384766,96594,2,1.3784537295744403,3,0,0,0,0,1,0
37,11,69.55912780761719,92452,2,0.8006019591063117,2,0,0,0,0,1,0
48,20,57.68344879150391,92231,3,1.894310071322982,2,152,0,0,0,1,0
60,35,92.68806457519533,90246,2,2.4580478718235934,3,0,1,0,0,0,0
48,22,132.318359375,94438,4,1.6733200715037693,3,384,0,0,0,1,0
41,20,31.436824798583984,91378,1,2.6760900970504355,1,0,0,0,0,0,0
31,5,115.66927337646484,94391,4,1.4542648094529322,1,0,0,0,0,1,0
56,36,14.489977836608888,93144,1,0.2995648459780409,2,0,1,0,0,1,0
35,16,51.41883850097656,95414,2,2.916965345551283,1,0,0,0,0,1,0
44,26,57.2597770690918,95519,2,1.0380877635012455,3,0,1,0,0,1,0
55,28,57.86493682861328,90942,1,0.1645777687014063,2,0,0,0,0,0,0
60,38,52.76107406616211,92007,3,0.0637998055928195,2,0,0,0,0,1,0
60,28,109.9876937866211,90775,4,2.9475893202443797,2,0,0,0,0,1,1
44,16,60.7271728515625,90131,2,0.1668793440165748,1,0,1,0,0,0,0
33,4,51.39308547973633,92589,4,0.6265367085876347,1,0,1,0,0,1,0
59,32,79.24778747558594,91354,1,2.976577693924646,2,0,1,0,0,0,0
31,15,15.60756492614746,92060,4,0.4558804401399587,3,0,1,0,0,0,0
46,21,21.14520835876465,92978,1,0.1847707687926219,2,0,0,0,0,1,0
37,7,52.5518684387207,91135,3,0.2650282373597153,1,0,0,0,0,1,0
26,1,68.48171997070312,92921,1,1.4158534593315697,3,160,0,0,0,0,0
41,17,106.26153564453124,94438,1,3.455335908817525,1,0,0,0,0,0,0
41,13,74.44409942626953,94134,4,2.054124492402895,1,0,0,1,0,1,0
43,21,15.100671768188477,95552,4,0.4954938953229639,1,0,0,0,0,0,0
51,30,79.00996398925781,95119,1,1.398437478075761,1,0,0,1,1,1,0
50,29,90.3027801513672,92214,2,1.3612915002783907,3,0,0,0,0,1,0
46,26,31.680721282958984,94307,4,2.1095818247488776,2,0,0,0,0,1,0
59,36,33.265804290771484,94612,1,2.8482852039350948,2,0,0,0,0,1,0
57,30,45.28900909423828,94310,2,1.98010567426043,2,0,1,0,0,1,0
56,33,107.23939514160156,91954,3,2.834449599636922,1,0,0,0,0,1,0
60,37,119.93131256103516,92849,1,1.2409260392324166,1,0,0,0,0,0,0
34,8,101.22319793701172,92806,2,2.634972708833287,3,0,1,0,0,1,0
41,22,69.09014892578125,89932,2,0.7167323018146128,3,0,0,0,0,0,0
52,24,9.691381454467772,92675,4,1.2656146716889651,2,0,1,0,0,1,0
41,9,82.51426696777344,94800,2,1.6386993929815303,3,0,0,0,0,0,0
40,16,100.5166015625,95186,2,5.592014874217754,2,0,1,0,0,1,0
55,23,31.401477813720703,90985,3,2.5966694164226456,2,0,0,0,0,0,0
60,33,150.68038940429688,92322,1,5.24750060229358,3,0,0,0,0,0,1
26,5,11.047765731811523,92661,3,1.496666396234983,1,80,1,0,0,0,0
51,40,44.287109375,90223,3,0.8616389737130965,3,146,0,0,0,0,0
61,35,67.52153015136719,92821,4,2.0640054707450908,1,0,0,1,1,1,0
38,12,137.06903076171875,95611,2,1.3128608146796896,2,0,1,0,0,1,0
62,36,47.5573844909668,95039,2,2.294808451569624,1,241,0,0,0,1,0
30,5,79.15705871582031,93827,1,1.9909332593342104,3,0,0,0,0,1,0
48,22,25.759336471557617,94398,3,0.06993434404307,2,0,0,0,0,0,0
35,4,169.6016845703125,96157,1,2.665549147515604,1,0,0,0,0,1,0
31,10,84.39210510253906,94803,3,1.7815102966956795,1,0,0,0,0,1,0
54,33,147.42013549804688,95537,2,3.6587697457313006,1,0,1,0,0,1,0
33,13,52.84109115600586,95209,2,1.960823965313607,3,0,0,0,0,1,0
57,24,22.429275512695312,95616,4,0.672294816430056,1,119,0,0,0,0,0
55,15,54.716644287109375,95520,4,4.300307192516641,1,0,1,0,0,1,0
47,30,20.397823333740234,94384,3,1.6158019117004885,2,0,0,0,0,1,0
42,11,26.47830009460449,91180,1,1.2727287219726569,1,195,0,0,0,0,0
36,10,91.74768829345705,94047,2,0.4304349728552347,2,0,1,0,0,0,0
33,3,25.665828704833984,93015,2,0.1184012042546508,1,0,1,0,0,0,0
65,41,80.72879028320312,91992,4,1.7216476678867108,2,0,0,0,0,0,0
53,27,17.881694793701172,95827,1,1.0722607231097183,3,0,0,0,0,1,0
50,26,114.43608856201172,95211,3,0.3987181732663583,2,107,0,0,0,0,0
41,10,81.27826690673828,90934,1,1.3809584766180028,3,134,0,0,0,1,0
43,31,28.251544952392575,90041,1,1.5733254699589891,2,0,0,0,0,1,0
40,16,101.45144653320312,92339,1,2.538823772719712,1,0,0,0,0,1,0
43,12,75.24239349365234,96035,1,1.481048794934036,1,0,1,0,0,1,0
63,36,43.6450309753418,92834,1,2.4647244080091117,3,0,0,0,0,0,0
50,27,80.20868682861328,94464,1,2.356347948292095,3,0,0,0,0,0,0
46,28,20.860132217407227,93871,2,2.2004440139549097,2,0,1,0,0,0,0
65,40,45.01739501953125,94445,4,2.1635816111550064,1,0,0,0,0,0,0
44,24,40.48129653930664,92059,2,0.2727326033215076,3,200,0,0,0,0,0
45,19,76.16425323486328,92122,2,4.720157227424078,2,0,0,0,0,1,1
40,11,65.2880859375,94571,2,1.03955483783391,3,0,0,0,0,1,0
33,5,120.29495239257812,92965,1,2.520923822083897,1,0,0,0,0,0,1
33,13,51.2812614440918,92256,2,0.9886053400268296,3,143,0,0,0,0,0
56,29,108.0998306274414,95439,2,4.018688216017396,1,0,0,0,0,1,0
54,12,84.72555541992188,94431,3,1.38718703813409,1,0,0,0,0,1,0
49,35,17.492431640625,90307,1,0.9059990899477935,2,0,0,0,0,1,0
54,27,49.74041748046875,91333,2,1.6727877905887882,3,0,0,0,0,1,0
31,4,95.01853942871094,91580,2,3.5805597942951524,3,0,0,0,0,1,0
55,28,38.760528564453125,95149,4,1.7838917946581996,2,0,1,1,0,0,0
57,35,106.76722717285156,91377,4,2.472183009080897,1,0,1,0,0,0,0
40,10,131.297607421875,91957,3,3.523483284982761,3,105,0,1,0,0,1
49,30,40.84706497192383,94860,3,0.7557240235680192,1,312,1,0,0,1,0
40,14,70.38302612304688,91101,1,0.957501976517685,1,0,0,0,0,1,0
29,3,81.08291625976562,92810,3,0.1510917116781434,1,0,0,0,0,1,0
55,26,65.63357543945312,94597,1,2.172298191620188,2,0,1,0,0,0,0
32,2,71.96647644042969,95836,1,1.5772413792098583,2,0,1,0,0,0,0
51,17,47.12310791015625,93504,4,0.9882998055796351,1,0,1,1,0,1,0
29,7,87.54444885253906,94553,3,2.1493608181806687,2,0,1,0,0,0,1
58,24,108.01272583007812,90051,2,2.300640582191526,1,370,0,1,0,1,0
43,18,39.35017395019531,89951,3,0.1970245023786838,2,0,1,0,0,0,0
43,18,109.90027618408205,94322,2,0.2661031615750667,1,0,0,0,0,1,0
59,27,19.348114013671875,94793,2,0.1340886622031409,3,0,0,0,0,1,0
58,35,49.04519271850586,92122,1,0.3479272943117523,3,239,0,1,0,1,0
34,21,183.26547241210935,95065,2,3.0366250662771765,1,0,1,0,0,1,0
63,39,120.23257446289062,93217,3,1.5588003017025225,2,112,0,0,0,0,0
56,31,41.29452896118164,92835,3,0.4368839190026366,1,151,0,0,0,0,0
33,18,148.71444702148438,95930,2,3.085367062420434,1,327,1,0,0,1,1
57,16,26.82281875610352,94432,2,3.2910686287459594,3,103,0,0,0,1,0
56,22,27.73532485961914,90009,3,1.1137753361013367,2,0,0,0,0,1,0
56,33,87.47208404541016,90265,1,0.442040405819149,1,0,0,0,0,0,0
29,2,109.63057708740234,91069,3,0.5747727098553916,1,0,1,0,0,1,0
56,35,35.51508331298828,95856,3,2.212658287777243,1,268,1,0,0,0,0
58,29,39.39833831787109,94368,2,1.320085382690278,2,0,0,0,0,1,0
39,14,196.08401489257807,93256,3,9.089704745238793,2,0,0,0,0,0,1
64,36,21.98944091796875,94901,1,2.4548526836534625,2,114,1,0,0,0,0
42,24,72.48518371582031,95511,4,0.6212960523358878,1,0,1,0,0,1,0
30,1,80.06703186035156,95822,3,2.2003465928455697,1,0,1,0,0,0,0
38,15,144.72769165039062,92542,1,5.264482053761681,3,0,0,0,0,0,1
32,5,172.35569763183594,95527,2,0.5597526470103459,1,0,1,1,0,1,0
27,4,45.65498352050781,95573,2,1.1732738149720143,3,0,0,0,0,1,0
59,34,171.88629150390625,94492,4,4.523276887027482,1,0,0,0,1,1,1
35,5,27.467578887939453,94396,2,2.07264061221763,2,111,0,0,0,0,0
42,31,60.997100830078125,94153,2,1.0827730582301838,1,0,1,0,0,0,0
55,26,73.86822509765625,93097,3,0.3331068947350441,3,0,0,0,0,1,0
27,11,71.49197387695312,91755,2,0.7950592917608653,3,0,0,0,0,1,0
61,36,134.42974853515625,95847,1,1.95918166996401,1,0,1,0,0,0,0
64,37,79.08808898925781,95489,3,3.161133125523165,1,307,0,0,0,1,0
27,5,19.857986450195312,91683,2,0.3923270901702259,1,0,0,0,0,1,0
54,18,43.38297653198242,92624,4,1.185722640326312,3,0,1,0,0,0,0
27,3,25.914005279541016,94052,4,1.0623714889704496,1,0,0,0,0,0,0
38,6,71.35208129882812,92537,1,1.1168120102893635,1,0,0,0,0,0,0
58,32,11.607398986816406,95109,2,0.130742621366013,3,83,0,0,0,1,0
42,24,119.68682098388672,94150,1,7.7005031797534595,1,0,0,0,0,0,0
34,7,182.6444549560547,92670,4,4.533849810482613,3,0,1,0,1,1,1
29,6,97.6021957397461,91456,2,2.5690632256104,2,138,0,0,0,1,0
49,34,82.43136596679688,94282,1,0.4907407404789646,1,151,0,0,0,0,0
41,13,86.35102844238281,92042,1,2.343547824864426,2,0,0,0,0,1,0
43,24,62.66709899902344,94316,4,0.5350635608428587,3,154,0,0,0,0,0
58,29,42.051368713378906,94000,1,1.1956836028485676,1,0,0,0,0,0,0
53,35,33.7576789855957,92663,4,1.0152634997700845,1,0,1,1,0,1,0
35,6,36.21962356567383,91615,4,2.755191190015068,2,0,0,0,0,0,0
26,7,42.5374870300293,92377,3,1.6822653417470752,1,0,1,0,0,1,0
41,9,76.6869888305664,92194,3,1.3684901182482772,2,213,0,0,0,1,0
43,12,31.246904373168945,95732,1,0.686465742389078,1,0,1,0,0,1,0
29,8,61.55167388916016,93626,2,1.556396277924622,1,0,0,0,0,0,0
29,-1,90.69435119628906,91097,4,3.989157539025431,3,0,1,0,0,1,0
33,9,16.48984146118164,95939,4,0.2306068071896257,1,0,1,0,0,1,0
27,2,174.52117919921875,94658,3,6.474733150171745,1,0,0,0,0,1,0
38,11,39.34413528442383,94128,2,0.5689280243637125,2,0,1,0,1,1,0
57,14,100.02780151367188,91688,3,1.6740010192301904,2,0,0,0,0,0,0
53,26,43.075626373291016,95481,3,0.4270756075608307,2,0,0,1,0,0,0
63,42,27.38277244567871,92773,2,0.5152301040662874,1,143,0,0,0,1,0
59,37,46.31321716308594,95567,1,0.8119703872893962,1,80,0,0,0,1,0
40,7,33.31523132324219,91828,3,1.6051965008439055,2,0,1,0,0,0,0
45,24,77.300048828125,90585,4,1.7089424459460696,1,138,1,0,0,1,0
55,20,27.779027938842773,92755,3,1.3344081785681874,2,0,0,1,0,0,0
47,16,49.41386032104492,95001,4,0.2994172225428674,2,0,0,0,0,0,0
63,31,62.84570693969727,94651,2,0.961224908109212,1,0,1,0,0,0,0
40,14,68.06211853027344,94959,1,1.522225702815829,3,0,0,0,0,1,0
49,26,28.24287414550781,93973,2,0.171178767355397,1,0,0,0,0,0,0
34,13,156.70999145507812,94323,1,7.709803080707338,1,359,1,1,1,1,0
49,23,25.723243713378903,93354,1,0.969625753294303,2,156,1,0,0,1,0
29,5,115.64813995361328,95508,2,3.4971293857269097,1,0,0,0,0,1,0
28,3,43.30941009521485,91298,4,0.5002797901043984,3,0,0,1,0,1,0
28,1,33.47844696044922,91653,4,0.4908612172785069,2,0,1,0,0,1,0
56,32,102.29439544677734,94211,1,3.087919741965101,1,0,1,0,0,1,0
34,9,48.55440139770508,92358,3,1.123353905113624,1,0,1,0,0,1,0
29,2,34.89158248901367,93685,3,1.8760588168713743,1,0,1,0,0,0,0
29,3,42.64357376098633,92459,4,1.3410214780959724,1,0,0,0,0,0,0
38,11,39.152862548828125,94391,3,1.3418702989912896,2,99,0,0,0,0,0
63,37,24.729232788085938,92289,2,2.0012597128310494,3,87,1,0,0,1,0
40,16,33.25962829589844,94607,1,0.8220099014406421,1,179,0,0,0,0,0
63,38,79.80944061279297,90349,1,0.2994233247014537,1,587,0,0,0,1,0
28,3,40.2900505065918,95795,4,0.40004992867506,2,0,0,0,0,0,0
26,-1,38.34228515625,94227,2,0.0705058238939428,2,0,0,0,0,0,0
28,7,29.604877471923828,94529,4,2.4745580651895462,3,0,0,0,0,0,0
37,8,52.42721557617188,91433,2,0.1654045883963057,2,0,0,0,0,0,0
46,30,86.80387878417969,91142,1,1.6194021918715196,1,0,0,0,0,1,0
46,20,41.77522659301758,92862,3,0.2186623553932256,2,109,1,0,0,1,0
55,38,151.67218017578125,95261,2,5.648016053924304,1,0,0,0,0,0,0
46,28,91.170166015625,92064,2,0.3608873754707548,1,0,0,0,0,0,0
56,37,56.90048599243164,92930,4,2.2118158199913607,1,0,0,0,0,0,0
65,36,68.96029663085938,92017,4,2.1220991090253136,2,229,0,0,0,1,0
54,17,101.51175689697266,95797,2,3.6889071306251218,3,285,0,0,0,1,1
36,7,172.48719787597656,90553,3,4.862446310853001,2,0,0,0,0,0,1
32,7,47.87090301513672,92396,4,0.2724952345624533,3,0,0,0,0,0,0
61,35,102.82902526855467,90834,2,2.1405353506043623,3,198,1,0,0,1,0
52,27,79.74188232421875,96100,1,0.4887308671005336,2,0,0,0,0,0,0
55,21,50.83342361450195,95183,3,1.4071425087774143,3,215,1,0,1,1,0
51,20,74.75465393066406,91419,2,1.29937206856924,3,389,0,0,0,1,0
59,35,72.69608306884766,94300,3,1.6621129164780164,1,0,0,0,0,0,0
37,9,81.47466278076172,91865,1,0.5083248787839194,1,0,0,0,0,0,0
36,14,71.3416748046875,94547,1,0.3685933272122865,1,0,0,0,0,1,0
32,8,50.85394287109375,95794,2,1.8799555704297848,2,0,1,0,0,1,0
62,37,66.31571960449219,90963,2,4.583819727958611,2,0,0,0,0,1,0
53,30,15.86768913269043,94102,1,1.7047265516426895,3,0,0,0,0,0,0
64,32,174.66778564453125,95946,1,2.1090598808947334,3,431,0,0,0,1,1
57,35,35.30662536621094,89890,4,2.9744209754958035,1,372,0,1,0,0,0
30,5,24.847339630126957,95018,2,0.2028016314742101,3,105,1,0,0,1,0
43,18,88.20064544677734,94719,2,0.9885213425454396,2,0,0,0,0,0,0
26,17,61.22233581542969,89631,4,0.8765412687911585,2,134,0,0,0,0,0
46,31,29.04975128173828,93194,4,0.1719962351829219,1,103,0,1,0,1,0
55,33,70.38294219970703,94430,2,0.5143407502294812,1,0,0,0,0,1,0
51,23,88.85953521728516,93133,4,6.244429705266022,1,0,0,1,0,0,0
47,27,79.28142547607422,94324,3,0.817415941006362,1,0,1,1,0,0,0
50,17,63.7042236328125,94692,1,3.971705115869521,3,0,1,1,0,1,0
45,14,88.65153503417969,94495,1,0.957220060382624,2,0,0,1,0,1,0
52,25,48.79527282714844,94058,4,2.261248825802608,2,0,0,0,0,1,0
59,37,64.10610961914062,95964,4,2.075163493492907,2,330,1,0,0,1,0
41,7,77.31434631347656,90216,2,2.273381157003566,1,256,0,0,0,0,0
40,19,72.90959167480469,92244,1,1.30067698390426,2,0,0,0,0,0,0
52,25,25.891996383666992,95314,3,0.2964057062292593,2,0,1,0,0,1,0
63,35,29.942153930664062,94744,4,0.0344214482558857,3,0,0,0,0,1,0
45,23,144.25108337402344,95115,1,3.611143338586464,1,0,0,0,0,0,0
64,32,37.53178405761719,91238,2,1.505920718013615,2,103,0,0,0,1,0
39,28,115.44050598144533,94053,1,0.5450870636962146,1,0,0,0,0,0,0
27,1,22.541015625,96047,4,1.5437569057567797,1,0,1,1,0,1,0
30,6,70.93911743164062,94215,3,1.6899196485862178,2,0,0,0,0,0,1
36,8,70.969970703125,95809,3,2.0228123144917687,3,149,0,0,0,0,0
61,34,193.0505828857422,92921,3,6.836986175778409,1,0,0,1,0,1,0
37,15,132.51153564453125,90428,2,2.040992354148377,1,0,1,0,0,1,0
29,2,127.60733032226562,95076,1,2.4872215960492263,3,234,0,0,0,1,0
60,26,43.706451416015625,91858,4,1.5794109909068708,3,0,0,0,0,0,0
34,16,127.81961822509766,91278,4,0.2209243847189286,2,0,1,0,1,1,0
52,29,64.65369415283203,90197,4,0.0243523265183857,3,0,0,0,0,1,0
31,2,108.56940460205078,94613,2,1.7189011529429516,3,0,0,0,0,0,0
54,25,44.9751091003418,94252,4,2.6740504495927966,2,0,1,0,0,0,0
40,25,183.4613800048828,92997,1,5.576075727596489,1,0,0,0,0,0,0
44,5,72.62467956542969,94097,1,0.152808170087925,1,0,0,0,0,1,0
43,18,59.51542663574219,94471,3,0.5431903426680116,2,0,0,0,0,1,0
47,22,56.462890625,90766,1,0.6614980464714586,2,0,1,0,0,1,0
50,29,138.07838439941406,90402,2,2.333160412413608,1,0,0,0,0,1,0
46,23,49.29727935791016,94219,2,0.1579215445353429,1,0,0,0,0,1,0
58,39,17.273080825805664,95112,4,1.5390205866354187,3,103,1,0,0,0,0
30,11,155.7592010498047,95347,4,3.662092698679049,1,0,0,0,0,0,1
60,34,68.40428161621094,94406,3,0.9411756293557576,3,0,1,0,0,0,0
55,31,92.25589752197266,94757,2,1.2287239493338695,2,0,1,0,0,1,0
52,27,106.0661849975586,91969,3,1.6379929770249912,1,0,0,0,0,1,0
54,20,46.78991317749024,90976,3,0.5772149841471342,1,0,0,0,0,1,0
64,38,163.07225036621094,94094,1,2.986982543506528,1,383,1,0,0,0,0
49,31,98.35062408447266,92687,4,3.381148365434551,3,295,0,0,0,0,0
30,4,101.5527572631836,95384,3,1.9508757905648533,1,209,0,0,0,1,0
53,34,41.49121856689453,91265,3,0.2731554828651387,1,0,0,0,0,1,0
39,21,72.29258728027344,94358,2,3.097876060322534,1,0,1,0,1,1,0
23,0,26.78118133544922,90327,3,1.411211170947521,3,0,1,0,0,0,0
41,13,38.84917068481445,91423,3,1.6841105997371393,1,311,0,0,0,0,0
45,12,28.153003692626957,93299,4,2.146280474387419,1,0,0,0,0,1,0
62,37,86.55187225341797,93060,4,1.7036643408933887,1,0,1,0,0,0,0
37,12,22.254077911376957,95713,4,2.1976423233228446,1,0,0,0,0,1,0
44,18,20.16844367980957,92483,4,1.2686040723109775,1,104,1,0,0,1,0
25,0,64.37528991699219,93760,3,2.167554756380105,1,0,0,0,0,0,0
26,7,80.76145935058594,94283,2,0.169044652985681,2,0,0,0,0,1,1
49,35,82.91949462890625,92530,2,2.987022538741237,1,0,0,0,0,1,0
66,41,19.135881423950195,94460,2,0.5966901002711249,3,101,0,0,0,1,0
33,7,153.82171630859375,94419,1,3.9944259219860903,1,0,0,0,0,0,0
40,19,89.45629119873047,94298,2,4.421885876288092,1,0,1,0,0,0,0
59,30,137.95428466796875,93985,2,3.766765342206549,1,0,0,0,0,1,0
51,23,45.22078704833984,90518,1,2.550488214121652,3,0,0,0,0,1,0
49,13,123.68341064453124,95941,3,2.412762898336549,2,0,1,0,0,0,0
45,21,33.93096923828125,94439,1,2.472985320058681,3,97,0,1,0,1,0
61,32,33.32895278930664,91430,2,2.894408543303639,1,0,1,0,0,0,0
23,-1,75.82301330566406,90278,1,1.5432586015479826,1,154,0,0,0,1,0
38,15,83.02018737792969,90381,3,0.1458432691740761,1,144,1,0,0,0,0
51,28,59.17472076416016,91628,2,0.0096847952086605,1,363,1,0,0,1,0
43,21,83.7698745727539,89967,1,1.6307034779739875,3,0,1,0,0,1,0
43,27,70.88101196289062,94043,2,6.551153918324894,3,0,1,0,0,1,0
63,35,45.169429779052734,94570,2,1.2869123027280402,2,206,1,0,0,1,0
43,24,150.95375061035156,94843,2,1.5678049202508215,1,0,0,0,0,0,0
53,35,181.1221466064453,92205,1,6.0662974303167285,2,0,0,0,0,1,1
54,23,117.15184020996094,94351,3,2.7689166154886147,3,0,0,0,0,1,1
52,32,52.49456405639648,91421,3,0.7692402506275692,2,109,0,0,0,1,0
56,33,45.22160339355469,92188,3,3.8162446820938127,1,146,0,0,0,1,0
57,25,140.4503936767578,94229,1,1.6802157542572065,1,0,1,0,0,1,0
47,20,60.26078796386719,91339,1,0.7251350223894827,3,0,0,0,0,1,0
29,15,26.54605865478516,94678,4,1.1889332054394597,3,0,0,0,0,0,0
26,4,116.48538208007812,92880,3,0.1468806361337526,1,156,0,1,1,0,0
56,40,77.29592895507812,94435,3,2.3927162779900053,2,0,1,0,1,1,0
40,17,39.88261032104492,94278,2,1.811705016435929,1,148,0,0,0,1,0
45,16,67.219482421875,95219,1,1.6917092487225385,3,0,0,0,0,0,0
52,37,33.91314697265625,95890,1,0.1791803925191623,3,0,1,0,0,0,0
52,32,82.86044311523438,91919,2,2.159103306860916,2,0,1,0,0,1,0
27,5,58.74064636230469,94931,2,1.1208714757602225,1,0,0,1,0,1,0
59,27,22.23861694335937,95132,3,0.7599319106145968,1,123,1,0,0,0,0
45,19,120.07769775390624,90333,1,1.762933303019711,2,0,1,1,0,1,0
38,14,145.3843231201172,91213,2,3.24840351049826,3,0,0,0,0,0,1
56,31,92.70403289794922,94037,1,1.2589226905772952,1,0,0,0,0,1,0
53,24,113.33712768554688,93030,2,2.3580484959614134,3,434,0,0,0,0,1
52,21,172.03756713867188,95474,1,5.366664191512172,3,456,1,1,1,0,1
27,2,19.71404838562012,95610,3,1.0692575221118492,3,0,0,0,0,0,0
34,9,79.7049331665039,92319,2,1.5485074125415204,2,0,0,0,0,0,0
54,25,63.26675796508789,90893,1,0.970002643777674,2,139,0,0,0,1,0
58,33,49.4533576965332,95776,1,0.4760690738163204,3,0,0,0,0,1,0
31,7,158.83404541015625,92251,2,2.1437921187419,1,0,1,0,0,0,0
61,38,48.73078918457031,95865,2,0.1005123193311637,1,0,1,0,0,1,0
39,21,42.27836227416992,94457,3,0.5838928595000921,2,0,1,0,0,1,0
59,29,31.631006240844727,96149,1,1.09119768275384,3,269,0,0,0,1,0
30,5,81.32401275634766,90237,4,1.7824482873332796,2,0,0,0,0,0,0
60,37,32.49397277832031,92927,4,1.0559338457706773,1,0,0,0,0,0,0
49,27,179.4497528076172,93423,1,5.8541079671749285,1,470,1,0,0,0,0
29,1,161.25770568847656,94923,2,2.2673602512883795,2,417,0,0,1,1,1
60,38,35.64521026611328,95271,4,1.3308987051658363,2,0,1,0,0,1,0
62,31,32.50141906738281,91994,2,1.2239922137269983,3,0,0,0,0,0,0
50,25,67.07388305664062,94651,2,1.5118502246208794,3,145,0,0,0,1,0
56,30,86.1775894165039,95174,1,1.9829628011606428,1,0,0,0,0,0,1
28,6,60.70581817626953,93877,4,1.491492463835019,3,153,1,0,0,0,0
38,20,52.87517166137695,94690,2,2.6008229300553496,3,0,1,1,0,0,0
34,11,51.679447174072266,91090,2,2.092997786013896,2,0,0,0,0,1,0
25,0,72.35030364990234,91575,2,0.5090518497110006,3,103,0,1,0,1,0
64,34,71.27479553222656,92991,1,1.198102583260616,2,122,0,0,0,1,0
27,3,72.14907836914062,90231,2,1.6637474982826586,1,316,0,0,0,0,0
31,3,127.27933502197266,94477,3,2.998298533467113,2,0,0,0,0,1,1
50,28,110.64665985107422,89979,1,2.250919418181227,1,329,0,0,0,0,0
40,13,109.01274871826172,94462,4,3.1291250872023504,3,225,0,0,0,0,0
26,5,123.5819854736328,92192,1,1.6254176366794628,1,0,0,0,0,1,0
60,34,80.61502838134766,95709,4,1.4035914465378667,2,0,0,0,0,1,0
37,13,96.52964782714844,94702,4,0.2394540679308478,2,0,0,0,0,0,1
61,39,73.82103729248047,93999,2,0.483339046663236,1,0,0,0,0,0,0
61,31,43.91374969482422,95322,3,1.5449252306279004,2,0,1,0,0,1,0
28,2,27.046714782714844,95297,4,2.122158230089409,1,0,0,0,0,1,0
57,31,65.33444213867188,91323,1,1.4318565941018924,1,0,0,0,0,1,0
58,34,49.37479019165039,89879,3,1.1058569585102531,1,0,1,0,0,1,0
48,19,39.57793426513672,92216,4,2.655605447935371,1,0,0,0,0,1,0
36,8,34.138710021972656,92964,1,1.6598613024523228,2,0,0,0,0,1,0
59,37,87.30722045898438,90718,2,1.5808925651314227,1,0,0,0,0,1,0
31,5,157.12318420410156,95410,2,2.3985879018488,1,0,0,0,0,1,0
35,0,126.07825469970705,95816,4,1.9985118380076143,1,0,0,0,0,1,0
26,-2,19.321712493896484,94227,4,1.898724188025696,2,0,0,0,0,0,0
46,13,132.01930236816406,92979,2,7.478755651418666,1,0,0,0,0,1,0
46,28,50.19839859008789,90657,3,2.2351957718384914,2,0,0,0,0,1,0
34,5,64.4503173828125,93876,2,0.4652261987358626,2,0,0,0,0,1,0
62,33,56.729888916015625,94919,4,1.5668793500632492,2,238,1,0,0,1,0
60,36,34.6534423828125,94411,4,2.134887012012653,2,0,1,0,0,0,0
53,30,142.96820068359375,95880,2,3.3183826310022284,3,0,1,0,1,1,1
38,14,86.77672576904297,91073,2,0.2746859648507075,1,0,1,0,0,0,0
63,38,40.44770812988281,91841,3,1.814376855687554,2,0,0,0,0,0,0
35,11,58.663455963134766,92227,3,0.9906389195319852,1,0,0,0,0,1,0
54,38,57.95110321044922,92171,4,1.8194379081105216,2,0,0,0,0,1,0
41,12,129.88699340820312,96198,1,4.96759600660981,1,0,0,0,0,0,0
38,15,47.10910034179688,94744,4,2.0368436138350954,1,157,0,0,0,1,0
60,33,23.400548934936523,92834,3,0.0435764835695036,3,0,0,0,0,1,0
56,29,89.62043762207031,90185,2,0.2278462334347971,1,0,0,0,0,1,0
30,10,59.939212799072266,96271,4,3.244824814568781,2,0,0,0,0,1,0
48,13,91.36051177978516,94459,1,0.5593483866935625,1,195,0,0,0,0,0
43,19,113.64746856689452,92508,3,1.3879371584343807,2,244,1,0,0,0,0
62,37,31.506797790527344,96011,2,0.4822539207210957,3,0,0,1,0,0,0
63,39,17.526569366455078,94323,1,0.5820117492583184,2,0,1,0,0,0,0
32,6,118.79694366455078,91406,1,0.795137882641203,1,350,1,0,0,1,0
49,18,71.49267578125,95008,4,0.8239237388383575,2,0,0,0,0,1,0
57,35,43.14578628540039,94938,4,1.3792805606188074,1,0,0,0,0,0,0
41,9,55.381378173828125,90276,3,0.604134915750392,1,0,0,0,0,1,0
29,7,61.75600814819336,91416,3,1.7043037202844344,3,0,1,0,0,1,0
37,19,133.62725830078125,91760,2,0.3711873763183965,1,380,0,0,0,0,0
56,28,89.09102630615234,95397,2,5.464085760732238,1,208,1,0,0,0,1
49,25,74.05657958984375,94656,2,0.9237711111804944,2,0,1,0,0,1,0
26,0,57.691856384277344,95643,3,0.4015367884095374,1,0,0,0,0,1,0
66,41,50.17904281616211,94748,4,1.7684699544339617,2,0,0,1,0,0,0
38,3,101.31270599365234,90934,2,1.554599365396656,1,0,0,0,0,1,0
36,6,26.401084899902344,93997,4,0.6084962970757657,2,0,0,0,0,1,0
59,36,73.91073608398438,94741,2,1.7589057832819872,2,219,0,0,0,0,0
47,24,124.0669403076172,91474,1,4.723363875232705,1,149,1,0,0,0,0
28,3,62.03006362915039,93954,3,2.2733015594593544,1,377,0,0,0,1,0
52,33,75.41407012939453,94018,3,2.4075030014253485,2,0,1,0,0,0,0
62,37,50.03456878662109,95663,4,1.0789986737978348,2,235,1,0,1,1,0
35,12,133.04446411132812,94799,1,3.2135865911822803,3,0,1,0,1,1,0
40,29,70.10975646972656,94405,3,0.172838801963693,2,0,0,0,0,1,0
29,5,106.52806091308594,94713,1,2.0628055141451456,3,149,1,0,0,1,0
62,31,51.481224060058594,91973,2,0.5124849879536073,1,0,1,0,0,0,0
50,29,32.759422302246094,92808,4,1.1288787179070678,2,0,0,0,0,0,0
28,6,153.31785583496094,94671,2,0.3304091002755774,1,0,1,0,0,1,0
55,27,99.33717346191406,94724,4,2.4228874444498185,3,0,0,0,0,0,0
63,36,80.91770935058594,95978,1,2.162191088611456,1,0,0,0,0,0,0
62,38,65.5617446899414,92065,3,1.1294361332169007,2,0,0,0,0,1,0
42,17,38.710411071777344,96040,4,0.1696637127411768,3,0,0,0,0,0,0
59,31,100.71212768554688,95446,3,2.1871356038336742,1,0,0,0,0,1,0
33,6,97.32035064697266,95571,1,1.7273853256875542,2,0,1,0,1,1,0
55,17,98.54856872558594,95065,1,0.5915864836747444,3,0,0,0,0,1,0
59,34,106.3035888671875,92616,4,0.2742851989102966,1,0,1,1,0,1,0
31,-1,145.04034423828125,94573,3,3.778869945275373,3,266,0,0,0,1,1
51,29,66.79367065429688,94364,1,0.4210637765514379,1,0,0,0,0,0,0
35,14,152.5708770751953,91065,1,4.678564173941362,3,0,1,0,0,0,1
45,19,36.96944808959961,94835,3,0.348806700274441,2,137,1,0,0,1,0
38,7,20.919239044189453,94643,4,2.133026806602365,3,0,0,0,0,0,0
32,16,112.53594970703124,91981,3,1.3062481146306393,1,0,0,0,0,1,0
60,34,18.524627685546875,96024,2,0.005975412181726,3,0,0,0,0,0,0
29,5,54.47676467895508,92053,3,1.263582058369607,3,114,0,0,0,1,0
57,34,53.1010856628418,94525,2,2.358695666160686,1,0,1,0,0,0,0
39,15,73.38333892822266,93363,2,0.0882740593083901,3,0,0,1,1,1,0
31,8,75.35582733154297,95836,2,1.2180072178693848,1,0,0,0,0,1,0
40,17,217.6747131347656,91494,3,5.706570805651285,3,0,0,0,0,0,1
35,8,37.515174865722656,94395,3,1.543666009793682,2,163,0,0,0,1,0
56,29,174.8516082763672,93180,2,2.312824522444349,1,380,0,0,0,1,1
57,36,100.49430084228516,91717,3,0.464595234343186,1,166,1,0,0,0,0
26,0,111.09970092773438,95162,3,0.6398470518114129,2,143,0,0,0,1,1
29,5,92.63616180419922,95179,3,0.2087900697902815,2,0,0,0,0,0,0
32,3,104.2175064086914,95064,1,1.4325004092843152,3,0,0,0,0,1,0
52,36,120.24193572998048,90362,1,8.644420171246782,3,0,0,0,0,0,0
29,4,16.433090209960938,92207,4,1.6267711743329865,2,0,1,0,0,0,0
55,31,43.01992416381836,91604,1,0.1622536342855515,1,0,0,0,0,1,0
53,36,77.42366027832031,93984,1,3.0576561020646107,3,0,0,0,0,0,0
44,20,105.79714965820312,95375,1,1.4060641714257025,3,0,0,0,0,1,0
43,27,150.13096618652344,94796,1,2.400835850715883,1,0,1,1,0,0,0
60,33,50.19089126586914,95350,1,0.3612833449972929,1,0,0,0,0,1,0
51,26,126.12078857421876,90853,2,4.19597858124194,1,0,1,0,0,1,0
60,30,67.39823150634766,92061,1,2.4963718755416022,2,107,0,0,0,1,0
25,2,112.52433013916016,94957,2,1.054146427526776,3,233,0,0,0,1,0
59,35,19.09828758239746,94558,1,1.481612804509947,3,164,1,0,0,1,0
29,7,40.90665435791016,90566,4,0.4776082554501021,3,0,0,0,0,0,0
30,3,85.03153228759766,91376,3,1.0307685519332224,2,0,1,1,0,1,0
35,15,155.3826446533203,94151,1,1.2997448694071707,1,0,0,0,0,1,0
56,25,30.1417236328125,91580,1,1.5071943520860966,1,0,0,0,0,0,0
58,33,75.6318588256836,92885,2,0.152058379562459,1,179,0,0,0,0,0
54,25,97.05712127685548,93948,2,3.778202907100136,1,0,0,1,0,1,0
42,23,50.682613372802734,93375,4,0.2745754291648102,2,0,1,0,0,1,0
25,2,55.49479293823242,90249,2,0.1450615155810096,3,0,0,0,0,0,0
51,38,50.19075775146485,91939,1,0.6627136793879245,3,97,0,0,0,0,0
27,4,65.87806701660156,91307,2,2.020015246630364,1,0,0,0,0,1,0
57,30,71.75871276855469,95812,4,4.233704173136376,3,127,0,0,0,1,0
60,36,83.65706634521484,92805,4,1.902612094868253,2,0,0,0,0,0,0
43,15,19.966041564941406,96494,4,0.5731187556962263,2,0,0,0,0,1,0
63,40,90.18710327148438,95625,3,4.455237712360627,1,0,0,0,0,0,0
29,4,105.93854522705078,95548,4,2.9939692505093607,2,377,1,0,0,0,1
38,20,212.5212554931641,90112,2,4.683659331481265,1,0,0,0,0,1,0
50,34,23.8966064453125,94835,4,0.1968604358363845,1,185,1,0,0,1,0
38,18,81.12649536132812,91030,4,0.0495966895799017,3,0,0,0,0,0,0
48,20,88.69480895996094,91039,1,0.4541489942263585,1,0,0,0,0,1,0
57,29,23.92682456970215,90174,1,0.1810538052826624,3,0,0,0,0,1,0
39,12,47.49066162109375,92070,1,2.5047735956535857,1,217,0,0,0,1,0
65,37,124.53495025634766,90447,2,1.5954816419696511,1,0,0,0,0,0,0
56,37,17.420764923095703,91714,3,0.7849657318097564,2,0,1,0,0,0,0
25,-1,36.95086669921875,94939,4,0.9453197169156652,1,0,0,0,0,1,0
51,28,32.745323181152344,95126,4,0.9277278749,2,0,0,0,0,1,0
36,13,84.22504425048828,94733,2,1.0786780135767229,1,224,1,0,0,0,0
31,0,105.95765686035156,93351,4,1.866351374706409,3,0,0,0,0,0,0
51,29,66.860595703125,92992,1,1.0149816884054024,1,136,0,0,0,0,0
60,34,17.956039428710938,95612,4,0.1360876433917829,1,0,0,0,0,1,0
41,26,95.93869018554688,90167,1,1.3188028728729546,2,0,1,0,0,0,0
60,35,69.29676055908203,95864,3,1.136655238084832,2,0,0,0,0,0,0
35,15,39.98565673828125,94532,3,0.4857161663109567,3,0,1,0,0,0,0
53,31,28.28193473815918,92243,3,0.6626288153811609,3,105,0,0,0,1,0
34,7,97.30419921875,92218,1,3.67059046677244,1,104,0,0,0,1,0
34,5,58.88818359375,94905,2,2.4936247282288715,1,0,0,0,0,0,0
62,37,45.62179946899414,89947,2,2.1513322123930063,2,187,0,0,0,1,0
40,11,143.2819061279297,91258,4,1.328639521481013,2,0,1,0,0,0,1
55,29,48.815528869628906,94259,3,2.4021081660709886,2,0,0,0,0,0,0
40,16,29.81927299499512,89907,4,0.7441733717586637,1,84,0,0,0,0,0
31,21,156.44195556640625,94063,4,5.02955251299591,2,0,0,0,0,0,1
37,10,94.24982452392578,94404,3,5.107155568776083,1,0,1,1,0,1,0
55,32,45.80906677246094,90241,1,1.0629857139492085,2,0,0,0,0,0,0
41,20,77.6141128540039,91354,3,0.9329448055412544,1,0,0,0,0,1,0
49,36,91.50951385498048,91977,4,2.1362737709336685,1,0,0,0,0,0,0
40,10,138.43235778808594,90246,4,2.133299961185541,3,335,0,0,0,0,1
61,37,12.965116500854492,93734,2,0.0855723074288534,3,0,1,0,0,1,0
36,3,55.358184814453125,94066,2,0.7325751232017074,3,0,1,0,0,1,0
34,4,119.55584716796876,95618,2,0.8557708057550416,1,0,0,0,0,1,0
40,23,200.0163726806641,95120,1,5.014049933414309,1,0,0,1,0,1,0
43,20,177.46697998046875,94629,4,4.28372103894321,2,0,0,0,0,0,1
63,37,78.78006744384766,94131,1,1.58604925895917,3,0,1,0,0,1,0
25,1,184.06153869628903,93761,2,0.4993665486212439,1,0,1,0,0,1,0
31,6,153.3920440673828,94237,1,1.4846784638226262,3,242,0,0,0,1,1
34,5,135.69383239746094,95412,1,7.060640410035143,1,0,0,0,0,0,0
55,32,74.84554290771484,94561,1,3.1426571881402623,1,0,0,1,0,0,0
52,16,65.30542755126953,90176,4,2.488055551273527,1,0,0,0,0,0,0
63,37,45.9827880859375,95891,3,1.638026836926476,2,0,0,0,0,1,0
59,31,82.5045166015625,91827,1,3.7744607760271545,3,0,1,0,0,0,1
43,18,208.99142456054688,91790,2,7.508824715700672,1,0,1,0,0,1,0
52,23,37.95257186889648,94918,2,0.5920413337969213,2,0,0,0,0,1,0
40,18,89.8843765258789,94648,2,1.718335521339944,2,0,0,0,0,1,0
35,7,150.66001892089844,92715,4,1.9472909826682177,2,0,0,0,0,0,1
52,35,76.1825942993164,93888,1,0.3342439834699108,3,0,0,0,0,1,0
44,21,146.53152465820312,92744,1,5.800618940097353,1,0,1,0,0,0,0
37,4,63.27918243408203,94473,1,1.5939945725233675,3,0,0,0,0,1,0
30,13,15.170625686645508,91369,2,0.530017751538175,1,108,0,0,0,1,0
28,5,59.167022705078125,95215,2,0.2541238916203194,1,65,0,0,0,1,0
36,6,56.63471984863281,90123,4,4.659783889946337,1,0,0,0,0,0,0
38,20,80.1761474609375,94281,2,1.9332871844118296,3,0,0,0,0,1,0
65,39,48.616817474365234,91509,4,1.6286583312934353,1,126,1,0,0,1,0
27,4,110.02962493896484,95809,2,2.8121655053320054,2,0,0,0,0,0,0
40,24,104.31504821777344,94591,2,4.845066623105291,2,0,1,1,1,1,0
28,5,36.61302185058594,91186,3,0.458985781622214,3,0,1,0,0,0,0
59,41,65.93359375,92118,2,1.6803486599247826,3,0,0,1,0,0,0
37,13,160.0370330810547,95951,2,6.149769439206116,1,0,0,0,0,0,0
43,20,24.593168258666992,94683,1,1.9140258702311157,2,0,0,0,0,0,0
24,3,20.484464645385746,92130,3,0.7000887623311094,2,119,0,0,0,1,0
42,15,53.13297653198242,94493,1,0.2526895294244172,3,0,0,0,0,0,0
58,36,41.06190872192383,94400,4,0.68934426663627,2,0,0,0,0,1,0
31,9,118.39166259765624,94877,1,2.2172589370296736,3,0,0,0,0,1,0
42,15,70.71398162841797,94453,4,1.0816918173369188,1,0,1,0,0,0,0
30,2,64.295654296875,94857,2,2.3895611299653914,2,0,0,0,0,1,0
26,2,39.060821533203125,94533,4,1.7414537333889948,3,0,0,0,0,1,0
51,24,85.82303619384766,94481,1,1.420977528791799,1,0,1,0,0,0,0
31,6,90.74481201171876,92949,2,0.4239896606507262,2,0,0,0,0,1,0
61,33,18.57752227783203,94477,2,2.394052922667765,3,0,0,1,0,0,0
35,12,58.54855728149414,92274,3,3.277357050455337,1,105,1,0,0,0,0
44,15,40.05850982666016,93057,1,0.8186752442889489,1,0,0,1,0,0,0
45,34,48.113525390625,91969,1,0.032204274195017,2,0,0,0,0,1,0
41,17,107.07579040527344,92766,2,2.767817418489462,1,0,0,1,0,1,0
34,7,50.71909713745117,90935,3,0.957953342903666,1,0,1,0,0,0,0
60,36,157.64166259765625,89772,1,2.331776463356956,1,0,0,0,0,0,0
46,32,48.75896453857422,91344,2,0.3702705872308928,1,0,1,0,0,0,0
54,24,163.7416229248047,96271,4,2.089985972924691,1,0,0,0,0,0,1
44,20,87.17550659179688,93898,2,0.567741460177746,3,0,1,0,0,1,0
50,20,53.86370849609375,92119,3,1.9682080446240964,3,0,1,0,1,1,0
25,5,28.042293548583984,91034,3,0.9271888257047332,2,0,0,0,0,1,0
55,34,87.53079986572266,94398,1,1.686890359211232,2,0,0,0,0,1,0
28,4,65.037109375,95455,4,1.61231525101055,2,0,0,0,0,1,0
42,20,132.26751708984375,91382,3,0.3219082826549191,1,0,1,0,0,1,0
52,29,20.130348205566406,91292,1,0.1449517939504199,3,149,1,0,0,1,0
57,30,36.4082260131836,92425,3,0.3430749170835434,3,102,0,0,0,1,0
62,36,44.22137069702149,92170,3,0.3018109584585753,1,0,0,0,0,1,0
56,31,68.1064453125,94773,2,1.5034035692537355,1,151,1,1,1,1,0
42,23,40.28739929199219,92470,1,1.7028044179203707,2,0,0,0,0,0,0
39,17,55.14364242553711,94127,1,0.2425728766256125,2,0,1,0,0,1,0
53,33,29.53305053710937,90341,4,2.5918639561679218,2,0,1,0,0,1,0
61,30,113.54463958740234,93152,1,0.4262764787712771,1,151,0,0,0,0,0
57,22,98.78887939453124,95104,2,2.5132334923489164,1,0,1,0,0,1,0
35,4,57.82856369018555,94613,4,1.9308204792896184,1,190,1,0,0,0,0
40,18,55.92214584350586,94647,2,1.2447191155684796,3,0,0,0,0,0,0
51,27,33.31593322753906,91525,3,2.0652419455912714,2,0,1,0,0,0,0
50,27,28.756511688232425,92827,4,0.5567361677950019,1,0,1,0,0,0,0
62,33,66.52890014648438,90186,4,0.0676979973515949,3,0,0,0,0,0,0
38,10,165.5277557373047,94727,4,3.806760339087993,1,239,1,0,1,1,1
31,7,86.87342834472656,95133,1,0.6226077459242523,2,0,0,0,0,0,1
43,14,41.278228759765625,91879,1,1.887488770075446,3,149,0,1,0,1,0
52,29,39.54342269897461,95009,1,0.3601828303166491,3,0,1,0,0,0,0
58,32,38.80191040039063,90340,1,0.4155483597780914,2,0,1,0,0,1,0
44,20,64.82306671142578,90199,2,1.9256369973222045,1,0,0,0,0,1,0
46,15,20.34199333190918,92838,2,0.5127078828092912,2,0,0,0,0,0,0
36,23,107.15020751953124,90569,1,4.416429495249794,3,115,0,0,0,0,1
28,11,160.98976135253906,96115,1,4.114559481002335,3,427,0,0,0,0,1
34,6,79.81332397460938,96029,2,0.0346774401787803,1,0,0,0,0,0,0
42,20,102.89445495605467,95539,4,1.8979006915817889,2,0,0,0,0,1,1
50,28,117.69712829589844,91817,2,2.3783436188257365,1,0,1,0,0,1,0
24,-1,19.97414779663086,91829,2,0.3951950070191652,1,0,1,0,0,0,0
60,35,12.60515594482422,92730,1,0.2827224995683542,3,101,0,0,0,0,0
34,9,100.79188537597656,92842,2,2.0605592777234483,1,0,0,0,0,1,0
44,16,152.115966796875,91879,1,4.131410753913549,2,282,0,0,0,1,1
39,23,84.7121810913086,95796,1,1.6864243670406551,3,142,1,0,1,1,0
63,36,52.057090759277344,91444,2,0.0307608564478721,2,0,0,0,0,1,0
66,40,113.15052032470705,90266,3,6.095263329029612,3,0,1,0,1,1,1
35,14,129.24005126953125,91598,1,6.005368424256021,1,0,0,1,0,1,0
60,10,26.690126419067383,95800,4,1.7647103048177075,3,0,0,0,0,0,0
57,25,136.4678192138672,91541,2,6.703301097624025,1,0,1,0,0,0,0
32,6,52.72322463989258,90336,2,4.3210947160888615,2,0,0,0,0,1,0
54,25,61.15959167480469,92437,1,1.9043311251173127,1,120,0,0,0,0,0
44,14,35.76104736328125,94845,1,0.3308410173732278,3,0,0,0,0,0,0
51,29,21.13361358642578,92568,1,1.1906113754576515,3,153,0,0,0,0,0
53,26,86.73127746582031,90956,2,4.679154326459802,1,0,0,1,1,0,0
45,17,71.31832122802734,95409,1,1.127545767966228,1,0,0,0,0,0,0
59,35,39.85604095458984,94434,2,2.671185356165629,1,0,0,1,1,1,0
53,34,24.167116165161133,95584,4,2.88046304254308,3,0,0,0,0,1,0
47,23,127.77538299560548,90334,1,0.2395498138599153,1,0,0,1,1,1,0
28,12,58.18804931640625,90278,4,1.7276564992685852,3,0,0,0,0,1,0
49,14,73.46719360351562,91535,4,2.388040209252342,3,0,0,0,0,0,0
34,3,30.34771728515625,94493,4,1.1088055112785822,1,102,1,0,0,1,0
55,26,64.37277221679688,91326,4,2.354854293533838,1,0,1,1,0,1,0
43,24,99.87289428710938,91822,1,3.022540251639316,2,131,0,0,0,0,0
23,2,127.52605438232422,90451,3,2.1485487167815727,3,0,0,1,0,0,0
31,3,102.9847412109375,92909,2,1.5157794330504055,1,0,1,0,0,1,0
44,21,44.30362701416016,94271,1,0.4687092690223471,3,0,0,0,0,0,0
32,4,174.5260467529297,94311,2,3.0150217956616365,1,0,1,1,1,1,0
37,9,34.46950149536133,95230,4,1.0367336324915937,1,0,1,0,0,0,0
40,7,103.5307388305664,90326,2,0.2786937072884579,2,0,0,0,0,0,0
62,37,37.95503616333008,90035,3,0.9076280702731764,2,149,1,1,0,0,0
54,29,42.61378860473633,95143,4,0.9331192369409126,2,0,0,0,0,1,0
60,38,89.12117767333984,91855,1,3.766023260670111,1,337,0,0,0,0,0
32,11,16.96977424621582,92399,4,0.1751042201983158,2,0,1,0,0,0,0
43,4,35.79212188720703,91018,4,3.146997786924799,1,0,1,0,0,0,0
50,31,18.081058502197266,91974,3,1.894006090560032,1,0,0,0,0,1,0
37,17,31.858816146850582,94477,2,0.3918542217231036,2,151,0,0,0,0,0
30,4,77.24945068359375,92484,4,2.187458958697671,2,0,0,0,0,0,0
62,39,88.31657409667969,92467,1,4.414616887640184,1,0,1,0,0,0,0
60,36,20.93437957763672,93898,2,0.3102535057285301,1,0,1,0,1,1,0
42,19,162.77659606933594,96016,2,0.1642883427335367,1,0,1,0,0,0,0
63,36,46.12152099609375,92137,3,0.2898752008910096,3,0,0,0,0,0,0
64,42,46.61935424804688,90000,4,0.2437212351421587,1,0,1,0,0,1,0
28,5,60.06498718261719,93089,4,0.0528808101141067,2,0,0,0,0,0,0
25,2,47.08059310913086,93976,2,0.8211085107969508,1,0,0,0,0,1,0
61,36,116.74459075927734,91955,3,2.284915144793455,3,0,0,0,0,0,0
62,31,61.35236740112305,89946,1,2.486788778998184,3,0,0,1,0,0,0
58,36,35.72657012939453,91223,1,1.0886449663829267,3,147,1,0,0,1,0
45,17,70.86285400390625,92557,2,0.2893611775863159,1,0,1,0,0,0,0
39,14,141.8788604736328,95289,3,0.9146998612960472,2,387,1,0,1,1,1
54,25,127.2415008544922,94812,1,1.7070716484446649,1,0,1,0,0,0,0
53,33,71.56291961669922,94185,3,0.9886444686945118,2,0,0,0,0,0,0
44,11,82.1695327758789,91687,4,2.63739716227793,1,0,0,0,0,1,0
34,5,126.1909408569336,90098,2,1.3048556004655607,1,0,0,0,0,0,0
62,37,42.72459411621094,93351,1,1.1779437775532473,3,0,1,0,0,0,0
29,7,124.98770904541016,95124,3,1.8276259788957483,2,0,0,0,0,0,1
30,6,197.8062286376953,95355,2,6.612836593046447,1,546,0,0,0,0,0
35,4,102.3916473388672,95696,1,3.04341337333247,3,0,0,0,0,0,0
53,31,17.700176239013672,90361,3,1.009152264533398,3,0,0,0,0,1,0
56,33,25.62251853942871,93300,4,1.7335233103915475,3,0,1,0,0,1,0
55,34,124.92285919189452,94048,4,4.952453966963698,1,0,1,0,0,0,0
54,29,67.04190063476562,92517,1,2.6930639016400884,3,342,0,0,0,1,0
54,29,38.164794921875,92645,1,2.419344647655777,1,0,0,0,0,1,0
42,17,64.98983001708984,90793,1,0.2221584404658244,3,215,0,0,0,0,0
61,35,79.41958618164062,91422,4,1.50421234100123,2,199,0,0,0,1,0
57,23,72.90766906738281,93604,1,1.676144262655619,3,0,0,0,0,0,0
43,16,164.22067260742188,93045,1,6.2374685756179975,1,143,0,0,0,0,0
64,40,23.423723220825195,90474,3,0.2177199960177786,2,0,0,0,0,0,0
57,34,14.822928428649902,93341,4,0.0325036381500826,2,146,1,0,0,1,0
35,23,83.82149505615234,91986,3,2.2252540282608675,1,0,0,0,0,0,0
54,34,34.03024673461914,95519,2,4.249494228142527,1,0,0,0,0,1,0
25,0,29.78933334350586,91993,4,0.3198888279752891,3,146,0,0,0,0,0
51,23,76.93993377685547,92731,1,0.3730041263666362,2,0,1,0,0,1,0
36,14,128.07862854003906,94338,2,6.820582682846908,1,0,0,0,0,1,0
25,-2,112.83926391601562,91854,2,3.9652798545253134,3,155,0,0,0,0,1
43,5,24.714672088623047,94503,4,1.524461009146577,1,122,1,0,0,1,0
57,34,108.55850219726562,95498,2,2.6700288812281423,3,0,0,0,0,0,0
29,9,44.72349166870117,94322,3,1.384067073595031,2,0,0,1,0,1,0
51,26,40.96598052978516,91417,4,0.2328587351017985,1,154,1,0,0,1,0
64,39,77.42985534667969,95872,2,6.006366273952793,1,0,1,0,0,1,0
31,6,23.969484329223636,91958,4,0.4378175552240255,1,551,0,0,0,0,0
62,28,92.51126098632812,94988,1,3.7476389199101368,3,0,1,0,0,1,0
37,8,95.0515594482422,94486,2,1.8255181429873693,2,130,0,0,0,1,0
51,19,65.1623764038086,94728,3,1.7170082535660738,2,0,0,0,0,0,0
58,21,193.82492065429688,96276,1,3.722403465034434,1,496,0,1,0,1,0
46,17,66.68738555908203,94330,2,2.4736509401966438,3,0,1,0,0,0,0
29,8,22.361202239990234,94114,2,0.5589315682188611,1,69,0,0,0,0,0
64,31,86.95915985107422,91394,1,1.0334723767254017,3,0,0,0,0,1,0
29,16,180.8112945556641,94231,3,0.583225136922431,1,0,0,1,0,0,0
51,28,67.03492736816406,94132,4,1.9414211366841627,3,56,0,0,0,0,0
42,20,131.26681518554688,95259,1,6.254121686920196,3,0,1,0,1,0,1
55,33,56.57086944580078,93788,1,1.976582166228113,2,0,0,0,0,0,0
26,-1,33.65300750732422,94180,4,0.6945414746119616,1,0,0,0,0,0,0
43,15,19.438724517822266,91398,2,0.1420363037093001,2,0,0,1,0,1,0
32,7,36.35276794433594,94694,4,1.4871961745938194,2,0,1,0,0,1,0
59,31,86.69615936279297,91750,1,3.175990331059505,2,367,1,1,1,1,1
32,8,17.79806137084961,96018,4,1.5547740385128803,3,0,0,0,0,1,0
43,14,152.44668579101562,94419,2,3.2134322600246765,1,0,1,0,0,0,0
40,15,20.015499114990234,91299,2,0.13678663686605,1,82,0,0,0,0,0
50,27,112.81472778320312,89988,1,2.111519502702073,1,387,0,0,0,0,0
43,10,72.25633239746094,94904,3,2.4189451645030866,3,0,1,0,0,1,0
55,29,53.10635757446289,92592,1,0.7061339503210504,2,126,1,0,1,1,0
37,8,117.43579864501952,93780,3,3.2828630433790287,3,0,0,0,0,1,0
43,17,62.42128372192383,92378,1,1.464793779182159,1,0,0,0,0,0,0
38,14,76.76630401611328,91975,3,2.7372642459434444,1,152,0,0,0,1,0
27,4,98.83639526367188,92008,2,1.9208835447671344,1,0,1,0,0,1,0
52,31,28.163856506347656,92794,3,0.0925414498156441,3,0,1,0,0,0,0
43,27,174.9068145751953,95715,2,2.817826408514972,1,289,1,0,0,1,0
35,12,30.050411224365234,94572,2,0.4588688827615312,3,101,0,1,0,0,0
39,13,145.51185607910156,89719,1,3.170259413849119,2,0,1,0,0,0,1
55,30,88.21414947509766,91560,1,2.492134971656078,3,0,0,1,0,1,0
37,14,58.20707702636719,92226,4,0.2173726614115423,2,0,1,0,0,1,0
60,33,154.2524871826172,92832,2,0.1763519694670744,3,0,0,0,0,1,0
34,16,79.8404769897461,90561,4,2.847713625650079,2,0,0,0,0,1,0
48,37,29.68561553955078,96076,1,1.6155795412133065,1,329,0,0,0,0,0
51,24,62.58173370361328,94600,1,2.99926860781378,2,0,0,0,0,0,0
40,6,16.896678924560547,92530,4,0.0428567805282093,3,75,0,0,0,0,0
39,21,46.405250549316406,95237,4,1.1757803354734992,3,0,0,0,0,1,0
27,4,36.64007568359375,94937,4,1.7417630082147937,3,0,0,0,0,1,0
58,29,172.87982177734375,95415,2,8.953519449561202,1,459,0,0,0,1,0
29,4,42.67430114746094,92907,2,0.2779834276410301,3,0,0,0,0,0,0
43,17,77.44970703125,96266,3,0.2941314798210885,1,324,0,0,0,1,0
52,33,120.5333023071289,94970,1,3.2955935319398693,1,0,1,0,0,0,0
53,30,42.30014419555664,94815,1,1.6055790119884188,2,0,0,0,0,0,0
41,15,43.65960693359375,93061,3,0.7438479340082824,2,143,0,0,0,0,0
51,33,60.77706909179688,93018,2,0.8241658253635998,1,0,1,0,0,1,0
33,9,74.37725830078125,95080,4,1.8892580316467895,3,0,1,0,0,1,0
46,33,55.73018264770508,94688,4,1.065124953812775,2,0,0,0,0,1,0
26,1,35.27747344970703,93445,4,2.1479690708504564,1,111,0,1,0,0,0
40,22,82.0127182006836,91119,3,3.024492582448197,1,126,1,0,0,0,0
58,26,141.2689666748047,90001,1,1.5612874249182718,3,149,0,0,0,1,0
32,7,144.558349609375,89916,1,2.3424612948995094,2,0,0,0,0,1,0
60,32,57.00946807861328,95949,1,1.6588079496257793,3,0,0,0,0,1,0
39,14,24.431102752685547,95428,1,0.4808777992837989,2,0,0,1,0,1,0
59,39,53.220027923583984,93042,3,0.0762853039811977,2,0,0,1,0,0,0
33,9,41.847415924072266,95201,3,1.468750438742063,2,134,0,0,0,1,0
65,37,37.99698257446289,93175,3,2.1365302646442403,3,0,0,0,0,1,0
64,38,44.11344909667969,91855,4,1.795036397824764,3,0,0,0,0,1,0
27,4,66.47785949707031,95275,3,0.8052453233578627,2,163,1,0,0,0,0
43,17,161.072998046875,92610,2,5.29137446696484,1,0,1,0,0,1,0
51,28,27.894235610961918,90778,1,1.3133928299838984,3,0,1,0,0,1,0
62,34,71.43781280517578,94391,4,1.7434112593834934,3,0,0,0,0,1,0
64,38,45.433475494384766,91407,2,1.023169095374964,2,0,1,0,0,1,0
58,33,33.92910385131836,91555,1,1.9924407662248704,3,0,0,0,0,0,0
57,32,195.4482421875,94540,2,1.804594948863604,1,0,0,1,0,1,0
42,26,39.19991302490234,91645,4,0.4168848724728064,3,0,0,0,0,1,0
46,20,50.00708770751953,95027,3,1.709900564592237,2,0,0,1,0,0,0
53,23,146.47894287109375,95564,2,7.710447576418968,1,0,1,0,0,0,0
66,38,99.79427337646484,94551,2,0.3625035683164006,1,0,0,0,0,1,0
27,0,56.712215423583984,90350,3,1.4724639597186218,2,0,1,1,0,0,0
39,16,55.93326187133789,91611,3,0.9439842508062676,1,0,0,0,0,0,0
60,25,66.80084991455078,95874,3,2.5920074836643656,1,234,1,0,0,1,0
47,18,37.54756927490234,93722,2,0.459060921664833,3,0,0,0,0,1,0
53,26,100.53163146972656,92148,3,0.9477163183748192,1,0,1,0,0,0,0
59,33,52.34809112548828,92856,2,1.8101131568579647,3,0,0,0,0,1,0
37,13,45.842384338378906,93259,1,0.3404281695252658,2,174,1,0,1,1,0
48,27,47.013370513916016,89954,2,1.9059533645290547,3,0,1,0,0,0,0
25,2,37.01993560791016,95587,4,0.0918878787546459,1,0,1,0,0,1,0
38,20,16.556873321533203,95437,4,1.0169698320660767,2,0,0,0,0,1,0
36,17,20.369892120361328,94549,2,1.4992017478697588,2,151,1,0,0,1,0
31,6,56.073020935058594,95269,3,0.592045859877282,1,89,0,0,0,0,0
59,36,176.70797729492188,94450,3,0.9444459214800992,2,0,1,0,0,1,1
41,9,104.55449676513672,91281,2,0.6252884114333324,3,101,0,0,0,0,0
38,14,109.97795867919922,92595,1,4.702532775847732,3,0,0,0,0,1,1
64,38,22.349395751953125,94503,1,0.4625199798535141,1,0,0,0,0,0,0
45,25,143.77000427246094,92295,2,2.349733133520864,1,0,0,1,0,1,0
53,24,136.00816345214844,94602,3,0.5101905242256067,2,0,0,1,0,1,1
64,40,157.16213989257812,93811,4,0.2103305750296409,2,0,0,0,0,1,1
55,17,106.29729461669922,95354,2,2.5832688811522035,1,0,0,0,0,0,0
34,6,26.16814422607422,95423,1,2.3880559473522838,3,0,0,0,0,1,0
64,40,63.92969512939453,94203,4,1.492049279666118,3,0,0,0,0,1,0
40,19,29.08300018310547,92778,1,2.032298540235435,1,0,0,0,0,0,0
32,3,94.43399810791016,92213,1,1.8491047586821985,2,0,0,0,0,0,1
41,19,29.604890823364254,96126,3,0.1305152589748006,1,0,0,0,0,1,0
61,37,96.11974334716795,90499,3,4.077203269909886,3,306,0,0,0,1,1
31,30,41.06684875488281,93286,4,0.6717975960111588,2,101,0,0,0,0,0
50,18,34.02831268310547,93787,3,0.2913560876843643,3,98,0,0,0,1,0
58,35,46.53008270263672,92472,1,1.3369123132213303,3,0,0,0,0,1,0
34,3,57.508487701416016,93993,2,1.6665278024191534,2,545,0,0,0,1,0
50,17,56.29909896850586,92785,4,0.8893755406525501,3,0,0,0,0,0,0
46,33,47.50358200073242,92486,1,1.7057116063370787,3,141,0,0,0,1,0
39,23,202.15538024902344,93940,2,3.606397035086447,1,0,1,0,0,0,0
65,38,119.55406188964844,94105,2,4.873964675441998,3,0,0,0,0,1,0
60,30,125.52046966552734,93109,1,8.79018166349756,1,0,1,0,0,1,0
42,12,125.7019271850586,91847,1,4.2220785655619455,1,0,0,0,0,1,0
42,19,27.6665096282959,89644,3,0.6080574125290624,2,0,0,0,0,1,0
30,13,76.950927734375,94271,3,0.9841913504255306,2,0,0,0,0,0,0
33,9,17.96472930908203,91160,4,0.5760554694117597,2,0,0,0,0,1,0
49,17,146.90512084960938,93178,4,2.5355844731519226,2,0,1,0,0,0,0
64,36,72.9179916381836,93450,1,0.4432954535213469,3,0,0,0,0,1,0
44,12,58.5040168762207,94096,4,1.4102934189617755,2,0,0,0,0,1,0
48,20,82.89669799804688,92016,1,1.7839688497350394,2,0,0,0,0,1,0
51,18,85.25581359863281,90305,2,0.3868530521992647,1,0,0,0,0,0,0
32,7,38.666839599609375,92502,4,1.673795280169868,1,164,0,0,0,1,0
59,34,92.28123474121094,93623,1,0.390675368972046,1,277,0,0,0,1,0
41,15,33.53926086425781,91991,1,2.520609414236184,1,306,1,0,0,0,0
48,34,45.0718002319336,91067,3,0.3054060204678709,2,0,1,0,0,1,0
59,35,40.09079360961914,95132,3,0.2285376644042345,2,0,0,0,0,0,0
32,20,10.607905387878418,92248,4,0.3060931836833792,1,113,0,0,0,0,0
51,26,81.55626678466797,94133,1,1.8378665431645211,1,0,1,0,0,1,0
47,14,151.62271118164062,94915,1,6.316250264678783,1,0,0,1,0,1,0
59,34,102.85148620605467,90482,1,2.3739415483401056,1,0,0,0,0,0,0
41,14,51.44815444946289,91665,2,0.7039862413735848,3,0,0,0,0,0,0
39,24,105.76490783691406,95097,2,2.3684240381642083,1,147,0,0,0,1,0
34,6,75.70187377929688,94069,2,1.7939766130909662,2,0,1,0,0,0,0
51,8,66.5860366821289,95009,4,0.6659251010364627,2,0,0,0,0,1,0
30,4,24.80947494506836,94106,4,2.254818677652316,2,0,0,0,0,1,0
32,2,165.1511993408203,94284,3,1.5631725232658904,3,103,0,0,0,0,0
64,36,60.517051696777344,91550,3,0.3267363274607757,2,138,1,0,0,0,0
64,37,77.8113784790039,91081,1,0.9361397105439896,3,0,0,0,0,0,0
42,19,69.94044494628906,94350,2,0.1813796227790063,3,101,0,0,0,0,0
39,15,79.04735565185547,94135,3,1.138003381410055,2,0,1,0,0,1,0
28,1,136.428466796875,94995,2,1.7990768033149438,1,0,0,0,0,0,0
48,16,105.5839614868164,95068,1,2.167058292261979,3,0,0,0,0,0,0
48,22,62.87941360473633,94656,1,2.3806466995476305,1,0,0,1,0,1,0
40,16,32.28471374511719,94720,1,1.614969210427993,1,149,0,0,0,0,0
61,32,59.66941833496094,94307,4,1.3599073312518724,2,141,1,0,0,1,0
49,24,50.84083557128906,94246,2,0.2617548753804566,1,0,0,0,0,0,0
30,9,168.68081665039062,93443,2,4.783719858043924,1,0,0,0,0,0,0
60,37,76.74343872070312,92768,3,1.578409261941754,2,0,0,0,0,1,0
30,8,121.05508422851562,92069,2,0.3626806937264658,1,0,0,0,0,1,0
38,4,77.40090942382812,90679,3,0.3966222218094661,2,0,0,1,0,0,0
38,3,64.0821533203125,93472,4,0.8564051327744854,3,0,0,0,0,1,0
67,42,129.8622283935547,92731,4,2.989350284793713,2,260,0,0,0,0,1
35,22,73.1462631225586,95411,3,2.6979245809924346,2,0,1,0,0,0,0
47,17,157.09124755859375,93851,4,1.3363940517888802,1,0,0,0,0,1,0
32,18,179.0191192626953,95821,1,6.959817252498896,1,241,0,0,0,0,0
37,20,99.17037963867188,89983,2,0.559998947883189,2,0,0,0,0,1,0
64,37,153.04519653320312,90654,1,1.0411859545056967,1,598,0,0,0,0,0
56,25,19.31604766845703,94728,4,0.8644252345455279,2,0,0,0,0,0,0
51,31,57.75019836425781,91330,4,1.62523593842182,2,0,0,0,0,0,0
54,36,65.55973815917969,95237,4,2.4019649660904925,1,0,0,0,0,0,0
35,8,59.101932525634766,94265,4,1.72354448104793,3,0,0,0,0,1,0
66,40,41.806758880615234,94186,2,0.2772993607952597,2,0,0,0,0,1,0
54,18,84.25366973876953,94726,3,1.5802221562335173,2,0,1,0,1,1,0
37,19,68.94471740722656,89920,3,0.6223971471080879,1,284,0,0,0,1,0
37,17,50.429908752441406,94562,3,2.523091610356255,2,137,0,0,0,0,0
33,8,182.4878692626953,95231,4,2.420075066643281,2,0,0,0,0,1,1
24,12,68.89999389648438,94902,1,1.756519467633597,2,0,0,0,0,1,0
56,30,38.809844970703125,90848,2,1.8735536922664944,3,0,0,0,0,1,0
61,27,114.95271301269533,95718,3,2.2135219760845275,2,228,1,0,1,1,1
28,4,96.79930877685548,92546,1,0.5940906981774935,1,0,0,0,0,1,0
65,37,20.607250213623047,94313,1,0.3172455220106223,1,163,0,0,0,1,0
62,36,49.33006286621094,93014,4,0.8507617313291589,2,0,0,0,0,1,0
64,34,28.55728530883789,92952,1,0.8396092021558739,2,0,1,0,0,0,0
64,36,20.14702033996582,93310,2,2.1605818195682653,2,0,0,0,0,0,0
31,3,8.577516555786133,91327,2,0.3307032010658596,2,109,0,0,0,1,0
47,29,80.14051055908203,95017,3,0.1318861802124651,3,0,0,0,0,1,0
52,32,75.38665008544922,91209,3,0.4047611596768856,1,0,0,0,0,1,0
46,23,91.0869598388672,94796,2,1.2348455550778672,1,171,0,0,0,0,0
27,6,29.63467025756836,95020,4,1.1787633416556784,2,0,0,0,0,1,0
52,36,98.61642456054688,91587,4,2.933791931849824,1,0,0,0,0,0,0
43,32,106.07232666015624,95460,1,0.216411092769674,1,0,0,0,0,0,0
60,35,39.36716842651367,92227,2,1.9677198191515208,2,0,0,1,0,1,0
45,24,105.42237091064452,95859,3,3.422105797812286,1,0,0,0,0,1,0
56,30,29.223552703857425,90519,3,0.7858111397112083,2,0,0,0,0,1,0
54,31,33.24584197998047,95849,4,1.811900996025504,1,0,0,0,0,1,0
31,3,36.57598876953125,94669,3,1.0977627762236772,2,0,0,0,0,0,0
65,38,33.180110931396484,95540,4,0.7018891260420033,3,0,0,0,0,0,0
41,10,103.59398651123048,95423,3,1.4065623618419691,2,0,1,0,1,1,0
29,8,86.42768859863281,92974,1,2.2115093864449804,1,0,1,0,0,0,1
56,36,48.62558364868164,94986,4,0.5468836871045881,1,106,0,0,0,1,0
47,19,17.55961799621582,91709,1,0.0491460285615728,3,0,0,0,0,0,0
43,11,71.33715057373047,90860,1,1.2915474972803986,2,163,1,0,0,1,0
43,11,117.31324768066406,90061,3,1.0389455237730634,3,169,1,0,1,0,0
39,7,103.3783721923828,94469,2,0.4699134578472081,1,0,1,0,0,1,0
59,37,25.030197143554688,94337,3,0.0562264602046869,2,0,0,0,0,0,0
60,38,63.97724151611328,96021,4,1.7847811315321425,2,0,0,0,0,1,0
39,20,38.61983489990234,94436,3,2.428753747272878,2,82,0,0,0,1,0
23,-2,40.53694915771485,94312,4,0.6424665274683489,1,0,0,0,0,1,0
64,32,78.95313262939453,93331,1,0.7228477246430347,3,243,0,0,0,1,0
30,6,46.68412780761719,92031,1,2.5226514331617595,2,156,0,0,0,1,0
46,17,93.5158462524414,94981,1,1.2382713975269837,1,152,1,0,0,1,0
29,18,161.9635009765625,94367,1,4.500054248541609,3,0,0,0,0,1,1
39,9,39.1268310546875,89969,1,1.0206411956771977,3,130,0,0,0,1,0
39,18,72.2757568359375,94153,3,0.9527861570011,1,0,1,0,0,0,0
26,-1,61.812042236328125,94116,3,0.5348849115212575,2,0,0,0,0,0,0
65,40,128.7809295654297,90842,1,0.308036714273656,3,0,1,0,0,1,0
35,11,36.96833801269531,91477,4,1.5873564196063876,3,0,1,0,0,1,0
63,37,29.04013442993164,94233,4,1.5939947848387528,1,0,0,0,0,0,0
49,28,165.28970336914062,96038,1,2.928976308257572,1,0,0,0,0,1,0
61,38,32.11743927001953,91201,3,1.6841872315408724,2,0,1,0,0,0,0
64,38,13.775270462036133,94310,1,0.3485006936280647,2,153,1,0,0,1,0
63,36,43.77510452270508,91769,1,1.7264201905234042,2,0,1,0,0,1,0
56,29,141.7662811279297,94776,1,2.42408421570183,1,0,0,0,0,1,0
61,33,30.830360412597656,91456,3,0.0625868241097289,3,0,1,0,0,0,0
41,23,67.60001373291016,95030,2,1.5436746148113485,1,0,0,0,0,0,0
33,10,136.12709045410156,91931,3,1.1016777200313743,1,0,1,0,0,1,0
62,38,66.18646240234375,94915,3,0.8193148275073301,2,102,0,0,0,0,0
37,17,20.678890228271484,96045,2,0.3945224953705083,1,0,0,1,0,1,0
63,34,42.9990348815918,94938,2,2.501105997465124,1,0,0,0,0,0,0
62,24,33.809593200683594,95018,1,0.3290469306493064,2,0,0,0,0,1,0
62,38,69.91014099121094,94905,3,0.8162433450343892,2,0,0,0,0,0,0
49,28,67.61712646484375,92004,3,1.409398846820426,1,0,1,1,0,1,0
33,8,185.2510986328125,94443,1,3.765240614778121,1,0,1,0,0,1,0
45,28,22.86309242248535,90945,2,0.5169785081275492,2,0,0,0,0,1,0
57,32,37.77470779418945,94360,4,1.749641339008053,1,0,0,0,0,0,0
62,38,80.31233215332031,92069,3,1.1185539549829264,2,0,0,0,0,0,0
53,25,155.5161590576172,94048,2,2.7857823244538302,1,0,0,0,0,1,0
29,-1,185.19091796875,95924,4,2.11844192462048,2,0,0,0,0,1,1
57,25,82.47146606445312,92126,3,0.904463501938002,1,0,0,0,0,1,0
60,33,47.2240104675293,95033,3,0.4302153746359204,2,0,0,0,0,0,0
43,24,74.47915649414062,92223,4,0.6559345434639333,2,0,0,0,0,0,0
43,18,51.558876037597656,94307,2,0.1945239725746163,3,110,0,0,0,1,0
43,15,81.76151275634766,92182,1,7.822912119684118,3,232,1,0,1,0,0
30,2,50.43901824951172,95748,2,1.6305815277635365,3,151,0,0,0,0,0
60,37,90.08009338378906,94424,4,2.9312500326064064,1,0,1,0,0,1,0
54,26,59.95954132080078,90071,1,2.6090152998180405,1,0,0,0,0,1,0
51,15,82.44165802001953,92321,1,0.7920955760994762,3,0,0,0,0,1,0
48,24,47.955116271972656,90847,4,1.9481809088493764,3,0,0,1,0,0,0
60,28,131.7523193359375,91369,1,2.037553289771348,1,0,1,0,0,0,0
54,35,46.30874252319336,93487,4,0.3141727473294513,3,0,0,0,0,0,0
30,13,43.06905364990234,94121,3,0.4857580498537032,3,126,1,0,0,0,0
33,9,33.629249572753906,94017,4,0.4829183744629406,3,0,1,0,0,1,0
57,32,159.6747283935547,92390,2,5.553891152212547,1,0,0,0,0,1,1
59,35,70.40132904052734,92886,1,0.7324508205409499,1,102,0,1,0,0,0
45,31,117.99925994873048,93790,1,1.3224784018847238,1,0,1,0,0,0,0
59,34,78.90807342529297,94729,3,0.1205616589821481,2,0,0,0,0,1,0
37,13,45.21033477783203,94382,3,2.381035120486819,2,0,0,0,0,0,0
40,13,47.14196014404297,90646,2,0.681234023050636,3,0,0,0,0,1,0
35,33,59.23685836791992,92414,2,1.6373464204762729,2,0,0,0,0,1,0
25,0,77.66239929199219,92133,2,0.8173523270516624,1,0,1,0,0,1,0
28,1,31.48157119750977,91158,1,0.3963362018490038,2,0,1,0,0,1,0
59,25,56.672149658203125,90354,2,2.136179338294252,2,0,1,0,1,1,0
48,21,132.8852996826172,90111,2,9.386603600796857,1,382,0,0,0,1,0
29,5,34.33634185791016,95762,4,0.0621802393019788,1,103,0,0,0,1,0
54,37,75.45268249511719,95524,1,2.1405991451330104,1,0,1,0,0,1,0
59,9,25.801624298095703,93375,3,1.787132709932199,2,84,0,0,0,1,0
65,39,209.58343505859372,92292,4,4.156585358808618,3,0,0,0,0,0,1
46,19,141.1883544921875,90737,1,1.48153319872968,1,0,0,0,0,0,0
50,23,70.40303039550781,90275,1,1.140976498505836,2,0,0,0,0,1,0
61,36,44.038570404052734,90209,2,2.00049971599886,2,0,1,0,0,1,0
54,27,196.47178649902344,92910,4,4.243848032145173,2,367,1,0,1,1,1
39,24,73.68842315673828,93288,4,0.9661418727191062,3,0,1,0,0,0,0
39,12,24.013154983520508,94317,1,0.898004821932884,3,0,0,0,0,1,0
64,37,73.8355712890625,91222,2,2.6116019649998816,2,0,1,0,0,1,0
61,33,42.66741943359375,94372,3,0.7046387722463313,2,0,0,1,0,0,0
39,9,41.50259399414063,94861,1,0.1529056353018023,2,152,0,0,0,1,0
60,39,187.63055419921875,95686,2,7.438074656262667,1,0,0,0,0,0,0
55,32,82.4658432006836,90636,2,1.6283777315337633,2,146,0,0,0,0,0
45,15,48.207218170166016,95515,1,6.082667363560574,1,365,0,0,0,1,0
31,10,58.80915832519531,94211,3,1.4039943462039184,1,166,0,0,0,0,0
37,4,41.706817626953125,94739,2,1.2757301837822397,1,0,0,0,0,0,0
60,34,60.01722717285156,94347,4,1.442364232379488,3,0,0,0,0,1,0
43,23,42.47657012939453,90020,3,1.2366861759270886,3,0,0,0,0,1,0
30,7,46.10184860229492,92170,4,0.0865696358922772,3,0,0,0,0,0,0
58,34,50.04309844970703,92562,2,1.7561799981163722,2,0,0,0,0,0,0
42,21,85.14556121826172,94864,1,2.262167647854999,2,0,0,0,0,0,0
52,36,165.86990356445312,93758,1,0.3712933988816681,3,0,0,0,0,0,0
33,8,29.139732360839844,90384,4,0.9235335548237836,3,0,0,0,0,1,0
57,34,93.35752868652344,96340,2,1.238818992644915,1,0,1,0,0,1,0
30,7,41.78022384643555,90079,2,2.270754620847829,2,0,0,0,0,1,0
45,26,27.83076477050781,95314,3,0.9043782712349128,3,132,0,0,0,0,0
47,19,84.8442611694336,94705,2,1.873420427941992,1,100,0,0,0,1,0
28,1,49.0601692199707,91934,4,1.8588606506269052,1,77,0,0,0,1,0
33,3,22.940570831298828,92109,3,0.2523076023769258,2,0,1,0,0,0,0
65,39,120.6898422241211,91132,1,0.8212812011929361,1,0,0,0,0,0,0
54,29,37.34952545166016,94454,2,1.3724297426208127,3,0,0,0,0,1,0
59,32,42.78225326538086,94273,4,1.4512455098290435,1,169,0,0,0,0,0
52,23,162.7935791015625,94925,4,5.70745936803807,1,0,1,0,0,0,1
28,3,171.00631713867188,92132,2,7.368646524149561,1,0,0,0,0,0,0
46,15,128.162841796875,96025,2,2.9965678314742243,2,0,0,0,0,1,1
58,35,40.48725891113281,90796,2,1.2551958811554578,2,0,0,0,0,0,0
51,13,101.78926849365234,94045,2,2.352514626198497,2,0,0,0,0,0,0
38,29,57.61127471923828,90317,1,1.475806078640964,3,0,0,0,0,1,0
58,32,20.430532455444336,94507,2,0.3210105326929514,3,0,1,0,0,0,0
33,15,90.82901763916016,91860,3,3.376629844985997,1,0,0,0,0,1,0
41,28,91.15632629394533,95272,4,2.712560203226216,2,0,0,1,0,0,0
32,11,187.5638732910156,94070,2,7.675995126217485,1,205,0,0,0,1,0
57,31,77.27996826171875,91744,3,0.2456685968344732,3,0,0,0,0,1,0
34,11,13.322637557983398,95590,1,0.4650572250690623,3,0,1,0,0,1,0
27,2,61.64987564086914,95501,4,1.541455781656655,1,0,0,0,0,0,0
34,10,54.82061767578125,91415,1,0.518217317104364,3,260,0,0,0,1,0
48,12,115.06526947021484,94272,1,4.975765274616999,1,167,0,0,0,1,0
65,38,79.9174575805664,92004,4,4.517134802420292,2,0,1,0,0,0,1
41,19,123.87911224365234,92737,2,4.172050704435556,1,0,0,0,0,0,0
61,38,78.19062805175781,91931,3,2.6284677197480324,3,0,0,0,0,0,0
48,24,67.0950927734375,94504,2,1.5808638276195943,2,0,1,0,0,0,0
47,22,87.14655303955078,95333,1,1.1542588990402625,3,0,0,1,0,1,0
44,17,61.67726516723633,90239,4,1.8177238328854728,3,207,1,0,1,1,0
41,15,94.96043395996094,92387,3,0.0078412201081201,1,0,1,0,1,1,0
34,16,213.4660186767578,92600,1,8.818944686205205,1,0,0,0,0,0,0
34,8,91.2825927734375,95148,3,0.8971019160475904,1,0,0,0,0,1,0
50,20,171.28794860839844,91460,1,3.6621579435517178,3,0,0,0,0,1,1
48,8,200.49948120117188,94532,2,7.8256798998224095,1,147,0,0,0,0,0
32,8,126.98785400390624,95796,3,1.866122323616544,1,0,1,0,1,1,0
30,5,31.26255416870117,92038,4,1.7276031784452204,2,0,0,0,0,1,0
46,24,167.8994140625,90910,4,4.315251111723312,2,0,0,0,0,0,1
43,14,43.03567886352539,95274,3,1.6219810623890378,2,0,0,0,0,1,0
48,15,52.2189826965332,94239,4,1.5945956623568271,3,172,1,0,0,1,0
58,30,31.225976943969727,90302,1,1.2797717640036068,3,0,0,0,0,1,0
30,5,56.589622497558594,90420,1,2.2769133697510293,2,123,0,0,0,1,0
58,30,66.87418365478516,93347,1,0.221303591218571,3,0,0,1,0,0,0
47,16,56.90201568603516,90029,1,1.2880160180128404,3,137,0,0,0,0,0
51,29,148.4550323486328,91389,1,2.541211665852421,1,228,1,0,0,1,0
39,16,61.60429763793945,90596,1,2.133452450684501,1,0,0,0,0,1,0
61,24,195.13829040527344,92059,3,5.78308660240574,2,0,0,0,0,1,1
44,23,35.00040435791016,95987,2,1.0130630913221226,3,0,1,0,0,1,0
28,5,89.83919525146484,95175,4,1.5105214675170282,2,0,0,0,0,0,0
31,9,97.76789855957033,90338,2,2.0299688379994567,1,0,0,0,0,1,0
63,39,106.85099029541016,90842,1,0.2877898766346672,1,0,0,0,0,1,0
34,12,33.46312713623047,94168,4,0.7198348460855848,1,0,1,0,0,1,0
40,6,216.7389678955078,92201,2,5.875660231467419,1,0,1,0,0,1,0
25,4,96.79544067382812,94680,4,0.1408520353311139,3,0,1,0,0,0,0
39,14,38.17597961425781,93433,1,0.3983198767931541,3,0,0,0,0,0,0
43,20,101.65792083740234,92104,4,4.426551749655863,2,266,0,1,0,0,0
52,19,114.57898712158205,92136,3,1.6974800308457405,2,0,0,1,0,1,0
48,31,31.158611297607425,96362,4,0.4834657918184198,2,0,0,0,0,1,0
40,21,42.07427215576172,91451,3,0.3473665632448406,2,125,1,0,0,0,0
52,24,107.97087097167967,90445,2,2.218001041901503,1,0,1,0,0,0,0
40,15,41.34864044189453,92964,4,0.236052996954921,2,0,0,0,0,1,0
51,19,14.361322402954102,94298,1,0.3166265925039757,3,0,0,0,0,1,0
56,25,119.48131561279295,93182,2,0.4666266995948255,1,379,0,0,0,1,0
45,18,96.37281036376952,91715,1,3.100144587153495,1,0,0,0,0,1,0
53,20,45.232032775878906,90992,3,1.3873503828177212,3,0,0,0,0,1,0
38,19,100.59346771240234,95252,1,0.0401311670594941,2,0,0,1,0,1,1
57,25,145.6326904296875,94631,2,0.2705074059315264,1,129,1,1,0,1,0
64,42,61.33185958862305,94589,3,3.647219338172744,1,0,0,0,0,0,0
40,18,43.16180419921875,94407,4,0.9365077213333618,2,154,0,0,0,1,0
32,6,40.83642959594727,94651,4,2.091903370219254,2,160,0,1,0,1,0
59,35,51.18113708496094,94779,1,1.8245047241869323,3,0,1,0,0,0,0
30,9,53.64381408691406,91167,4,0.7025743033647591,3,0,0,0,0,1,0
37,16,41.94238662719727,95662,1,0.7137890189963336,3,0,0,1,0,0,0
42,18,38.363555908203125,91490,1,0.0967305830684831,3,0,1,0,0,1,0
57,31,57.7285041809082,96037,4,0.636946253381705,2,0,0,0,0,0,0
36,7,113.65522003173828,94541,3,2.065519029657949,2,0,1,0,0,1,1
41,3,141.62911987304688,92138,2,2.418859860788488,1,0,0,0,0,1,1
61,36,206.6280975341797,94132,2,5.279632984373252,1,0,1,0,0,0,0
29,11,97.12321472167967,94536,1,4.4174329293094425,2,183,1,0,0,0,0
28,2,65.84138488769531,91626,1,1.9205677077178969,3,0,1,0,0,1,1
56,31,220.20455932617188,93946,1,6.938159485198249,1,390,0,0,0,0,0
49,18,108.93975067138672,90042,2,0.2210198571254127,1,101,0,1,0,0,0
56,36,100.37828063964844,94242,3,0.7468909183289213,3,0,0,0,0,1,0
60,36,105.9398956298828,92578,1,0.2163847499399177,1,0,1,0,0,0,0
35,15,58.66169738769531,91979,1,0.5660261870324925,2,0,0,0,0,1,0
52,26,153.95237731933594,91456,2,1.26251344241481,1,435,1,0,0,1,0
61,37,28.19712448120117,95658,4,2.0252184284750983,2,0,0,0,0,0,0
37,20,183.8420867919922,95845,2,6.232246706932378,1,0,1,0,0,1,0
30,11,43.35805892944336,95462,2,0.1087634797306788,1,121,0,0,0,1,0
33,5,25.333908081054688,91391,3,0.5411268792223513,2,137,0,0,0,1,0
35,13,97.73645782470705,90252,3,0.8400323854310824,2,0,0,0,0,0,0
48,23,44.27589416503906,91997,1,0.5972811176895638,2,134,0,0,0,0,0
40,17,48.59071350097656,91791,3,0.1763910267291488,1,0,1,0,0,0,0
31,6,41.995601654052734,94239,1,0.7790032678915936,3,0,0,1,0,1,0
51,26,111.51034545898438,94288,4,2.0435783440190227,1,319,0,0,0,1,0
44,24,112.1220474243164,94167,1,4.278994174623601,3,0,0,0,1,1,1
50,24,54.4530029296875,92921,3,0.3430353574840417,2,0,0,0,0,1,0
43,22,90.04926300048828,96168,1,3.196637538447004,3,330,0,0,0,0,0
44,14,48.78017807006836,91962,4,0.172653705324055,3,0,0,0,0,1,0
57,37,48.02994918823242,91558,4,1.4459758669494869,3,0,1,0,0,1,0
65,39,88.77784729003906,90053,1,0.8223689877704757,1,0,1,0,0,1,0
54,26,25.070526123046875,94750,4,0.6380782353396983,2,127,0,0,0,1,0
30,4,51.2850456237793,95165,3,2.12152479062762,2,0,0,0,0,0,0
43,17,83.88116455078125,91998,2,2.238755045486384,1,0,0,0,0,0,0
51,30,13.20536994934082,90185,3,0.2537635334677762,2,87,0,0,0,0,0
37,13,170.4325714111328,91763,2,2.6143279305790768,1,0,0,0,0,1,0
45,30,87.85272979736328,94573,3,0.1591695016324711,3,0,1,0,0,1,0
59,35,24.728744506835938,94174,1,0.350359422855858,2,102,1,0,0,1,0
56,40,178.3469696044922,91973,1,7.328113075179191,1,0,0,0,0,0,0
55,30,62.21894454956055,91260,1,4.275176096026434,3,232,0,0,0,1,0
35,8,55.21192932128906,95098,3,3.550542443190406,3,113,0,1,0,1,0
47,20,111.36092376708984,92918,4,0.0665476655649829,3,0,0,0,0,1,1
46,22,68.5676040649414,94411,2,2.1181552158169707,1,0,0,0,0,1,0
58,29,182.7376708984375,90373,2,4.968155085222995,2,0,0,0,0,1,0
24,2,159.0952606201172,93918,4,6.2143349513965935,1,0,0,0,0,0,0
47,25,50.5312728881836,90169,4,2.359876937315396,1,0,0,0,0,1,0
52,23,61.462799072265625,92191,4,1.802950947124891,2,0,0,0,0,0,0
41,19,46.35055160522461,92584,1,1.223882508373017,1,122,1,0,0,0,0
55,20,40.7020263671875,91139,1,0.6556946163855488,1,0,0,0,0,1,0
39,11,166.70387268066406,94388,2,2.376358401169353,1,0,0,0,0,1,0
35,3,23.85795211791992,94415,2,1.90511034755886,1,39,1,0,0,1,0
61,36,54.11464691162109,95394,1,2.759393481462839,2,0,0,0,0,0,0
49,18,126.5116729736328,90135,2,4.333634108508042,1,0,0,0,0,0,0
45,14,138.1045379638672,90670,2,1.3459826891667006,2,0,0,1,0,1,0
51,20,175.61981201171875,94591,2,6.471354532775598,1,0,1,1,0,0,0
61,36,145.6695556640625,89920,2,4.325194771030714,1,0,1,0,0,1,0
41,25,38.81589126586914,95001,4,1.7525808611259956,3,0,0,0,0,1,0
54,19,65.30005645751953,91032,4,3.40141576413669,2,0,1,0,1,1,0
41,23,137.50628662109375,90341,1,2.8999245827358404,1,0,0,0,0,1,0
42,9,54.418067932128906,92217,2,1.1601914217206324,2,0,0,0,0,1,0
31,4,66.92042541503906,93885,3,1.7364014827300556,1,0,1,0,0,1,0
42,11,38.74178314208984,94100,2,1.1711355242831103,2,140,1,0,0,1,0
52,26,45.352821350097656,94386,4,1.137677417160965,2,138,1,0,0,0,0
46,2,22.768701553344727,94284,1,0.0751618555570664,2,0,0,0,0,1,0
39,15,58.02425003051758,92101,4,0.789982310414015,2,0,0,1,0,0,0
36,31,183.70004272460935,95427,2,1.853313636430444,1,0,1,0,1,1,0
34,6,122.2420425415039,89954,4,3.342447196136024,1,0,0,0,0,1,0
29,2,149.37643432617188,94010,2,7.748561151504983,1,0,0,0,0,1,0
57,30,57.82950973510742,94234,1,1.7410019412548432,1,104,1,0,0,0,0
58,27,48.61578750610352,93488,3,1.9703826159581947,2,0,1,0,0,1,0
46,28,56.0350341796875,95034,2,0.62632945182445,2,0,0,1,0,1,0
35,22,108.99573516845705,91914,1,2.3711196285231613,1,0,0,0,0,0,0
31,11,89.60115051269531,94144,2,0.8250576030020581,3,0,0,0,0,1,0
38,10,81.55125427246094,91708,4,0.3387212095128142,3,0,1,0,0,1,0
58,26,47.14746475219727,92398,2,0.8918182934635303,3,0,0,0,0,1,0
48,24,49.63129806518555,95099,4,0.2209269245714886,1,0,0,0,0,1,0
53,28,20.90118408203125,94764,1,0.3276032393795782,2,0,0,0,0,0,0
55,9,10.091891288757324,94239,1,0.5461272106935242,2,0,0,0,0,1,0
48,19,67.5093765258789,95238,2,2.5213940200613187,1,0,0,0,0,1,0
31,16,30.34580612182617,95628,1,1.1497760307394294,1,0,0,0,0,0,0
64,28,42.985801696777344,94939,3,0.2197868563941958,2,0,0,0,0,0,0
55,31,23.28082275390625,93967,2,0.1624677243190276,1,110,0,0,0,1,0
61,17,158.4774627685547,94075,4,3.318890334034311,3,0,0,0,0,1,1
47,23,45.68035125732422,90668,2,1.6042561872262098,2,0,0,0,0,1,0
30,5,75.86956787109375,91647,1,1.551043295011849,2,0,0,1,0,1,0
25,-2,94.52362060546876,93278,4,2.6787931505666425,3,0,0,0,0,1,0
52,23,60.71654891967773,94833,4,2.378492589291225,2,0,1,0,0,1,0
38,18,13.721061706542969,94442,2,0.4407843510416186,3,0,1,0,0,0,0
58,31,33.23113250732422,91628,2,1.5198160231082238,3,0,1,0,0,0,0
40,11,156.62454223632812,94220,1,1.962541496571765,1,0,0,0,0,1,0
33,7,32.21760559082031,91470,2,0.6594221817389301,3,101,0,0,0,0,0
48,14,131.09324645996094,94776,1,5.721744650002506,2,0,0,1,1,1,1
33,10,94.69407653808594,92499,1,1.2687589876072487,3,0,0,1,0,0,0
41,8,65.68475341796875,95220,4,0.4098797311769885,1,0,0,0,0,1,0
29,4,65.72897338867188,95004,1,2.770933896857229,1,0,0,0,0,1,0
55,31,52.9052848815918,92760,4,1.5979339354241495,1,0,1,1,0,1,0
50,29,44.338863372802734,91391,1,0.1607655542080064,2,0,0,0,0,1,0
52,31,45.297325134277344,90000,1,0.0042156460295762,3,103,0,0,0,1,0
44,19,120.56420135498048,90449,1,0.4730468086470083,1,0,0,0,0,0,0
39,23,19.485877990722656,92181,2,0.5434421477962283,2,149,0,0,0,1,0
27,1,71.0201644897461,94547,3,0.9000114523268836,1,0,0,0,0,1,0
35,10,52.46878433227539,91797,3,0.6157483560122629,2,90,0,0,0,0,0
57,36,70.56417846679688,94564,3,0.9469950686106698,1,0,1,0,0,1,0
33,8,58.04502487182617,91279,1,1.7275608465041763,3,227,0,0,0,1,0
58,38,36.45531845092773,94224,4,2.2726972318637357,2,0,0,0,0,1,0
48,16,112.87268829345705,92615,2,7.12655908043705,1,0,0,0,0,1,0
53,30,148.8078155517578,95322,2,7.92170036247929,1,0,1,0,0,0,0
48,26,36.94574737548828,90395,2,0.6942370328454758,1,150,0,0,0,0,0
46,20,77.75643920898438,94252,2,1.4210643423992375,3,156,0,0,0,0,0
64,39,97.26712036132812,95661,1,1.2089827149588783,2,0,1,0,0,0,0
60,14,24.30976676940918,90139,1,0.9282356284666804,2,151,1,0,0,0,0
50,28,46.40133666992188,94441,4,1.6692272740700342,2,169,0,0,0,0,0
60,34,38.77510833740234,94698,1,0.1707325478228268,2,119,1,0,0,0,0
66,37,47.96627807617188,92121,2,0.5143300801268864,1,0,1,0,0,0,0
33,6,62.80556488037109,92023,4,1.0734135744490063,3,113,0,0,0,1,0
42,13,118.18791961669922,95151,4,2.115919144518364,1,0,0,0,0,1,0
50,22,30.412372589111328,93077,4,1.8855169970941517,2,0,1,1,1,1,0
62,30,81.26765441894531,94276,1,0.0557662925380502,1,0,0,0,0,1,0
58,37,134.3212432861328,94117,1,2.4397689630982544,2,183,0,0,0,0,0
50,18,75.79714965820312,95015,2,1.6784727500373813,2,104,0,0,0,0,0
32,15,66.02367401123047,91456,2,3.8155223341681066,1,0,0,0,0,0,0
39,21,203.5469207763672,95239,2,6.798595806044271,1,0,0,0,0,1,0
57,30,63.90670776367188,90245,4,3.0884599629901768,2,0,0,0,0,1,0
61,37,17.464017868041992,94660,4,0.2268312351558436,3,0,1,0,0,1,0
58,27,63.39283752441406,90108,1,3.362627553045607,1,0,1,0,0,0,0
53,28,57.10434341430664,91793,1,4.275494824924937,1,0,0,0,0,0,0
62,30,40.38060760498047,92011,1,0.1655713720477422,1,0,0,0,0,0,0
34,12,38.795997619628906,91814,1,0.3115944477513789,2,0,0,0,0,1,0
46,24,82.09671020507812,94389,1,7.178958187001907,1,148,0,0,0,0,0
47,23,60.64157485961914,92191,3,2.0668975060293318,2,0,0,0,0,1,0
41,22,49.13145446777344,94825,2,1.6861111289639727,1,150,0,0,0,1,0
28,1,42.99203872680664,95659,2,1.3993414170723353,3,108,0,0,0,1,0
57,21,30.968446731567383,91744,2,1.103966030273552,1,100,0,0,0,1,0
46,19,54.72694396972656,91133,4,1.4970151366970377,3,0,1,0,0,1,0
42,15,125.09613800048828,94245,4,3.585105696871007,1,0,1,0,0,0,0
47,29,44.38920974731445,93016,1,0.1980170637342258,1,130,0,1,0,0,0
50,33,18.25366973876953,95763,1,0.382301217563112,3,0,1,0,0,0,0
43,19,60.32563781738281,91635,4,1.706934729999565,2,0,0,0,0,1,0
30,2,52.27800750732422,92945,4,0.6038748547163322,1,0,1,0,0,0,0
45,24,21.91859245300293,92036,4,2.038831640423978,1,0,1,0,0,0,0
51,23,96.69888305664062,95517,1,1.5418598053453336,3,0,0,0,0,1,0
30,4,71.47320556640625,94564,3,1.935284822402684,2,136,0,0,0,0,0
25,4,77.92189025878906,92339,1,1.6052058177425683,3,180,1,1,1,1,0
33,0,57.911502838134766,89913,3,0.6892034971554213,1,0,1,0,0,0,0
42,27,61.86844253540039,91843,2,1.1545610363223804,3,0,0,0,0,0,0
29,5,99.46549987792967,94617,2,1.811977854194905,2,0,1,1,0,1,0
28,0,65.27243041992188,90929,2,0.5291860004555893,1,543,0,0,0,1,0
43,26,85.13973999023438,94089,4,2.2573952872091594,1,0,0,0,0,0,0
40,7,54.1953125,95853,3,1.8430252271218563,2,105,0,0,0,1,0
38,10,41.13660430908203,92759,4,1.2445011305778997,1,0,0,0,0,0,0
51,24,102.73600006103516,92449,1,8.413231599975578,3,146,0,0,0,0,1
29,10,87.49221801757812,95053,4,0.8140568081845698,1,122,0,0,0,1,0
60,26,167.47848510742188,90248,2,3.717821071592249,1,0,0,0,0,0,0
40,21,52.90886306762695,91159,3,1.4623479367057772,1,0,1,0,0,0,0
59,26,53.28028106689453,91536,1,1.5881444219135643,2,227,1,0,0,0,0
62,35,67.22523498535156,92417,2,1.6227394092325744,3,0,0,0,0,1,0
29,12,66.18240356445312,94224,2,0.0632026146191091,1,0,0,1,0,1,0
49,21,191.04254150390625,91506,1,5.221923878555162,1,0,0,0,0,1,0
61,35,47.42861557006836,95019,2,6.578397179972696,2,0,0,0,0,0,0
27,11,175.73585510253906,94360,3,4.123272260125694,2,0,0,0,0,0,1
57,31,146.56922912597656,93088,1,2.4030027541590653,1,0,1,0,0,0,0
45,17,178.9327850341797,94331,2,0.942043117614525,2,451,0,0,0,0,1
54,26,32.47997283935547,94104,2,0.6993042337470005,1,105,1,0,0,0,0
61,38,12.294780731201172,95338,3,0.4848425662844441,2,0,1,1,0,1,0
52,22,23.78965187072754,93660,1,0.2071349316122842,3,0,0,0,0,1,0
44,21,84.17780303955078,91642,2,3.087210479543109,3,0,0,0,0,1,1
60,37,103.7389678955078,95445,1,2.4630176148231007,1,0,0,0,0,1,0
34,5,61.75163650512695,94491,3,1.8158724621644595,1,0,1,0,0,0,0
56,28,95.74403381347656,92140,1,0.8218173433216625,2,0,0,0,0,1,1
58,24,66.48135375976562,92899,3,2.7217489887467963,1,0,1,0,0,0,0
38,12,206.13226318359372,95285,2,7.265924769909581,1,0,0,0,0,0,0
28,21,113.13886260986328,94302,3,5.194675574637064,1,0,0,0,0,0,0
58,36,84.64717864990234,95814,1,1.229343894858652,1,0,0,0,0,1,0
37,16,39.59465026855469,92042,1,2.019670946010596,3,0,1,0,0,1,0
51,15,122.4917984008789,96062,2,2.4998838834960635,1,0,1,0,1,1,0
64,35,27.20360374450684,91124,3,0.7077580588238229,2,0,1,0,0,1,0
63,36,71.96356201171875,94998,2,1.403101397650807,3,0,0,0,0,0,0
28,12,27.63357734680176,92137,3,0.4084346853192283,1,153,1,0,0,1,0
29,4,136.4279327392578,95733,2,3.799937545534961,3,213,0,0,0,1,1
31,10,46.10254287719727,92174,3,2.50059921373571,2,0,0,0,0,1,0
42,27,78.07085418701172,94675,1,1.3943391417083033,3,0,0,1,0,0,0
47,11,58.45016860961914,94323,2,1.3223516612519783,3,0,0,0,0,1,0
60,38,34.9739990234375,93462,4,0.9007798959081276,2,158,0,0,0,1,0
26,1,62.00578689575195,90161,1,0.4537909490259882,3,232,0,0,0,1,0
54,34,101.3214111328125,94393,3,2.308716518043405,1,241,1,0,0,0,0
52,26,42.97731018066406,93302,4,1.095938310628604,3,0,0,1,0,0,0
47,23,25.612682342529297,90561,2,0.5512897540815256,3,0,0,0,0,0,0
30,8,110.40943145751952,89831,2,0.4900871092928901,1,0,0,0,0,0,0
44,17,24.08856773376465,91928,3,0.3678237779363926,1,136,0,0,0,1,0
62,40,69.46589660644531,93816,4,1.40740198315627,3,0,0,0,0,1,0
57,31,74.21866607666016,95213,3,2.007153904971984,1,0,0,0,0,1,0
31,0,110.61213684082033,92495,2,0.4530679734587213,2,0,0,0,0,0,0
55,31,27.476049423217773,89639,4,0.1571072938543939,1,110,0,0,0,0,0
58,26,140.6350555419922,93257,3,1.975993624816924,3,0,1,0,0,1,0
31,16,22.354063034057617,90166,4,0.3750343867918677,3,0,1,0,0,1,0
30,9,8.751471519470215,95485,4,1.278395039319069,1,0,1,0,0,1,0
53,34,150.06948852539062,95255,1,2.4492534009869056,1,0,0,0,0,0,0
41,25,67.6053237915039,91886,4,1.4423665303813031,1,0,0,0,0,0,0
35,9,40.81817626953125,91921,3,0.2710906179474935,2,0,0,0,0,0,0
57,31,34.55615234375,93287,1,0.1297792618024678,3,0,0,0,0,0,0
35,11,170.09158325195312,91506,1,2.6951827219148043,1,356,0,0,0,0,0
33,6,30.056228637695312,96017,2,0.306167716145184,3,176,0,0,0,1,0
43,19,57.45038604736328,95736,4,0.8977843536249427,3,0,0,0,0,1,0
41,19,145.50047302246094,90021,3,3.857227423840345,1,0,1,0,0,0,0
38,14,100.47965240478516,91616,4,2.3474298632378803,1,0,0,0,0,1,0
60,36,62.82109069824219,92081,3,0.5147089089048662,2,196,1,0,0,1,0
40,10,22.52401351928711,94810,3,0.4527903903911036,2,0,1,0,0,1,0
40,17,100.0325164794922,95526,1,0.1672089257046614,1,0,0,0,0,1,0
28,1,159.08399963378906,94222,1,2.606487031045213,1,228,0,0,0,1,0
39,18,33.07645034790039,94618,1,0.2179437895905221,2,135,1,0,0,1,0
60,23,43.26033782958984,96118,4,0.9096309079794664,2,0,0,0,0,1,0
45,22,32.51188659667969,93431,3,0.4222270159990084,2,0,0,0,0,0,0
49,38,126.30455017089844,95646,2,3.5537766679263023,1,0,0,0,0,0,0
29,7,219.0605010986328,92043,2,7.05684400675663,1,0,0,0,0,1,0
28,4,55.619171142578125,91036,2,1.6386910325437336,3,0,0,0,0,1,0
45,16,42.8176383972168,94147,2,0.0613146835993189,3,0,0,0,0,0,0
50,25,53.1777572631836,92338,1,0.9422397401842696,1,280,0,0,0,0,0
65,40,105.41339111328124,92496,4,1.000645412679118,3,421,0,0,0,1,0
47,30,137.67611694335938,94391,1,0.0485559752248,1,160,0,0,0,1,0
45,31,76.78101348876953,94598,2,3.271147862027296,3,0,1,0,0,1,0
65,39,59.68601608276367,94136,3,2.1513951576601142,2,0,1,0,0,1,0
60,33,74.55437469482422,95787,2,1.3784840032505257,1,408,0,0,0,0,0
45,15,201.21800231933597,95001,1,4.045909943538338,1,0,0,0,0,1,0
60,37,145.34716796875,92699,1,0.7811358584734098,1,237,1,1,0,1,0
36,7,62.89388275146485,94490,4,1.5200392415127912,1,0,0,0,0,1,0
48,17,54.76955795288086,91542,2,1.4140992346851462,3,0,0,0,0,1,0
61,39,32.006805419921875,94087,1,0.4302876744316427,3,315,1,0,0,1,0
65,39,9.396739959716797,95914,4,0.691853695316268,3,83,1,0,0,1,0
28,4,88.77519989013672,95295,4,1.1112773728309389,2,0,0,0,0,0,0
43,11,104.82526397705078,90151,4,5.406400275611283,1,0,0,0,0,1,0
64,34,101.7572784423828,91725,1,2.009667781774596,3,0,0,0,0,0,1
38,14,43.59681701660156,94387,3,0.8135667329514374,1,0,0,1,0,0,0
47,25,67.74388885498047,94986,1,2.349528324631532,3,226,0,1,0,1,0
61,35,23.55889320373535,91570,3,2.43340629009895,3,0,0,0,0,0,0
50,27,73.78144836425781,95084,2,1.5793487146525274,1,0,1,0,0,1,0
58,33,53.82121658325195,93978,1,2.2793582397302528,1,244,0,0,0,0,0
39,19,71.26167297363281,91318,1,1.7749435441937895,3,0,0,0,0,1,0
36,7,57.77608871459961,95831,2,0.141116968256794,3,119,0,0,0,0,0
55,34,97.07451629638672,92172,3,1.523338310368522,1,142,0,0,0,1,0
62,36,36.3912239074707,93700,1,0.2458167002418324,2,0,0,0,0,0,0
55,31,40.1568717956543,95502,3,0.5655057907802868,1,299,0,0,0,1,0
58,38,108.0396728515625,90495,3,6.071271541593265,3,0,0,0,0,0,1
56,33,23.942665100097656,94096,2,2.1085970546457653,1,0,0,1,0,1,0
34,10,65.59381866455078,95141,1,1.8011944681886436,3,0,1,0,0,1,0
61,34,45.76271057128906,92067,1,0.631662452688001,2,333,1,0,0,1,0
48,21,41.42815399169922,93032,1,0.2457871707517463,2,0,1,0,0,0,0
50,25,89.19332885742188,90147,1,1.1836549575758275,1,0,0,0,0,1,0
56,19,103.33921813964844,90227,2,3.121012077252796,1,219,0,1,0,1,0
27,2,88.40376281738281,93008,1,2.9209476121240803,3,0,1,0,0,1,0
55,37,21.06771469116211,92268,3,0.3756211773949672,2,159,0,0,0,1,0
38,16,71.98858642578125,95770,1,0.2767576142100012,1,0,1,0,0,0,0
38,7,68.18794250488281,94566,3,2.800630494681667,2,0,1,1,1,1,0
29,8,25.726242065429688,91743,4,1.5729574149943724,3,0,0,0,0,1,0
50,30,22.35846519470215,94366,2,1.340864084274059,3,0,0,0,0,1,0
38,19,157.4597625732422,90626,1,2.712278914093738,3,152,0,0,0,0,0
42,15,77.33831024169922,95138,4,3.1067976378841986,1,0,1,0,0,1,0
45,33,39.25562286376953,90049,2,0.5274007084455365,2,0,1,0,0,0,0
48,11,40.17428970336914,93115,2,1.6460558973118724,2,0,0,0,0,0,0
58,33,75.10669708251953,90508,1,1.1882419497074632,3,0,0,0,0,0,0
36,15,79.67730712890625,91840,1,1.2058761162442984,1,0,1,0,0,1,0
35,8,59.51628875732422,90506,4,0.9519481825580184,2,0,1,0,0,0,0
39,23,135.13648986816406,95242,2,4.510756089141785,2,0,0,0,0,0,1
56,33,27.838327407836918,94218,2,0.4225325537495275,3,0,0,0,0,1,0
29,7,37.83663177490234,95465,3,1.0746597629959058,3,165,0,0,0,0,0
33,12,40.533477783203125,92173,3,1.476687337358755,1,0,0,1,0,0,0
28,11,80.76841735839844,92633,4,1.7685563168391305,3,0,0,0,0,0,0
46,24,124.3870849609375,92143,2,2.358437332263449,1,0,1,0,0,1,0
49,19,49.84075927734375,92036,2,1.822287996301438,1,151,0,0,0,1,0
32,6,43.02627182006836,91062,4,2.0596184104321966,3,117,1,0,0,1,0
36,24,63.91817474365234,91695,4,1.3228491295253648,2,146,0,0,0,0,0
55,20,192.63442993164065,94694,3,4.996755424537693,3,0,0,0,0,1,1
64,39,24.509849548339844,95373,4,1.387874720838517,2,0,0,0,0,0,0
30,6,74.96672058105469,92266,4,1.9948100883093212,3,303,0,0,0,0,0
33,6,33.37750244140625,93963,4,3.368677586839662,2,160,0,0,0,1,0
65,37,106.48946380615234,92376,4,2.28035155907426,2,0,0,1,0,0,1
26,2,59.43197250366211,93719,1,2.1561030639872945,1,0,0,0,0,1,0
56,30,49.82485580444336,94706,1,2.4805191021741937,1,0,1,0,0,1,0
60,35,30.90052604675293,94853,1,0.3761456439237112,2,123,1,0,0,1,0
47,15,145.29498291015625,91966,4,3.359719533270515,1,233,0,0,0,1,0
55,34,71.0498046875,95679,1,0.709980679818681,1,0,0,0,0,1,0
40,14,54.715858459472656,94232,4,0.9798018487305084,3,186,0,0,0,0,0
33,3,42.99272155761719,92989,4,0.4074063602906672,3,0,1,0,0,0,0
58,29,93.1737823486328,91182,2,2.8408985339477697,1,395,0,0,0,0,0
40,0,21.436464309692383,94462,4,0.8014037177330423,2,0,1,0,0,0,0
64,40,59.40461349487305,94120,1,2.540923813366465,2,0,0,0,0,0,0
30,6,39.150672912597656,95422,3,0.5235718090745505,1,0,1,0,0,0,0
67,41,16.34152603149414,94708,1,0.1974887809141995,3,103,0,0,0,0,0
56,36,47.657989501953125,93995,1,2.3433696393480417,3,0,0,0,0,1,0
54,28,78.89747619628906,89790,1,0.7931061230718672,2,199,0,0,0,1,0
55,27,109.03804779052734,92025,2,2.104023096965366,1,0,0,0,0,1,0
56,36,54.288700103759766,95645,1,1.6952752877830186,2,0,0,0,0,1,0
46,20,53.72358703613281,91474,4,1.0843010817107994,3,0,0,0,0,1,0
61,37,58.011505126953125,94915,3,1.2768080886603888,2,0,0,0,0,1,0
39,11,168.75946044921875,92088,2,7.567596752889859,1,0,0,0,0,1,0
41,17,106.81910705566406,92181,2,3.009748088491352,3,202,1,0,0,1,1
62,36,129.76708984375,94540,2,1.4921882338410866,2,0,1,0,0,0,0
28,4,59.62165069580078,92166,4,1.8961638767969424,3,0,0,1,0,0,0
30,6,75.17822265625,90510,4,1.3280376929060993,3,0,0,0,0,1,0
39,20,212.3787384033203,92282,2,6.46229500256473,1,0,1,1,0,0,0
57,34,202.66921997070312,91474,2,7.316845337273813,1,222,0,0,1,1,0
50,32,46.25591278076172,92981,4,0.2274967613595373,3,147,0,0,0,1,0
32,8,105.31043243408205,90894,1,0.9990616722032664,1,0,1,0,0,1,0
56,37,175.55026245117188,93872,3,5.543812516796415,3,262,0,0,0,1,1
60,38,37.06221771240234,92642,3,0.0798156205347472,3,0,1,0,0,1,0
36,12,101.69402313232422,94739,4,1.786327300120977,1,389,0,0,0,1,0
51,29,61.936767578125,94946,3,3.455359570535542,2,0,0,0,0,1,0
48,19,19.380523681640625,95733,3,0.282102747483408,3,0,0,0,0,1,0
27,6,26.81613540649414,96351,4,1.7187307214510013,1,123,1,0,0,0,0
35,6,45.27811050415039,92761,2,0.0454139822348727,2,0,0,0,0,0,0
44,21,57.44272994995117,93074,3,1.7692108360252337,2,0,0,0,0,0,0
32,5,120.46641540527344,91557,2,0.5183058220504921,1,236,1,0,0,1,0
28,1,47.1660041809082,92532,1,2.1205476055781456,2,165,0,0,0,1,0
57,11,19.808868408203125,95892,2,1.5821847415433374,1,0,0,0,0,1,0
49,13,120.25067901611328,92876,1,1.400188430567426,1,125,0,0,0,1,0
56,20,19.225616455078125,92480,3,0.3771954691858163,3,0,1,1,0,1,0
58,33,21.572978973388672,94159,3,0.0631944089416077,1,0,0,0,0,1,0
38,16,57.14620971679688,95984,4,2.565510146870754,2,0,0,0,0,1,0
32,8,121.07450103759766,92224,3,1.0586626594718984,1,0,0,1,1,1,0
58,21,40.58907699584961,92452,1,0.1123871199401664,2,161,1,0,0,0,0
49,25,158.61769104003906,93659,2,3.388337138287205,1,232,0,0,0,0,0
64,38,17.115083694458008,95721,4,0.0627623735087184,1,0,0,0,0,0,0
45,11,51.40791702270508,92096,2,5.747482310533027,1,0,1,1,1,1,0
32,3,71.03319549560547,91376,2,2.4248852438098387,3,140,1,0,0,0,0
33,7,93.2234878540039,90706,2,1.9510633274955864,3,0,1,0,0,0,0
30,8,57.05218505859375,91925,2,0.3215034008508727,1,0,0,0,0,0,0
28,1,19.827035903930664,94193,4,1.2027832555840474,3,104,0,0,0,0,0
65,34,128.3260040283203,90159,2,2.7644027195539924,1,143,0,0,0,0,1
31,5,62.51677322387695,92601,2,1.1386712529894127,3,225,1,0,0,1,0
42,23,79.95623016357422,94837,2,2.0187678921861654,3,0,0,0,0,1,0
41,12,25.39487648010254,92743,4,0.0452950129359879,2,0,0,1,0,1,0
42,14,161.41246032714844,95760,2,1.1016930274406165,1,423,1,0,1,1,0
42,18,59.11238098144531,94078,2,0.3750200594184526,3,0,0,0,0,0,0
56,36,57.13529968261719,91046,1,1.5790228534046529,3,0,0,0,0,1,0
63,38,29.497085571289062,90001,2,1.5596775122880056,1,211,1,0,0,0,0
54,29,88.65181732177734,90408,1,0.471462422570344,1,0,0,0,0,0,0
59,34,22.800857543945312,95895,2,1.0055992632753674,3,0,0,0,0,1,0
31,4,74.37509155273438,92905,4,3.818941743185367,1,0,1,0,0,1,0
42,8,134.82861328125,93086,1,6.008003920173207,1,0,0,1,0,1,0
39,18,104.99234008789062,95865,3,2.0039701147623923,2,150,0,0,0,0,0
52,27,148.6510772705078,93142,1,6.676824666522005,1,127,0,0,0,1,0
33,7,96.82801818847656,92064,4,3.9282669571959294,1,522,1,1,1,1,0
33,7,112.35607147216795,92410,4,0.8658415493369247,3,0,1,0,0,1,0
31,4,92.68929290771484,94327,3,0.8176180240772825,3,0,0,0,0,0,0
46,0,35.81242370605469,91578,1,1.779657545221436,3,0,1,0,0,1,0
30,16,178.85409545898438,91099,3,5.854815340516961,3,0,0,0,1,1,1
27,0,116.12784576416016,93103,3,0.7925971601872313,1,198,0,0,0,0,1
47,31,48.21269607543945,93199,2,2.5804060525701624,1,0,1,0,0,0,0
38,14,24.041034698486328,91880,1,0.3471009912888602,2,0,1,0,0,0,0
61,32,27.638643264770508,90444,2,0.5733912124111697,3,0,0,0,0,0,0
45,24,27.35155296325684,95330,3,0.2264884397220029,1,378,0,0,0,1,0
60,37,140.70481872558594,91641,1,6.119159261348182,1,0,1,0,0,0,0
31,7,85.51996612548828,94588,4,2.371489827753832,2,0,0,0,0,1,0
26,-1,88.38319396972656,93104,4,1.1188022188723423,1,0,0,0,0,0,0
47,18,43.02981948852539,92597,1,1.620803586241631,2,0,0,0,0,0,0
33,4,41.12869644165039,93491,4,0.6075672143113486,3,326,0,0,1,1,0
60,38,18.500225067138672,94626,4,2.3200475253426647,2,0,0,1,0,1,0
51,31,47.143653869628906,94974,2,0.4779604515552087,3,110,0,0,0,1,0
31,2,25.62897491455078,94999,4,0.3873821991217269,1,0,0,0,0,1,0
52,26,71.77578735351562,95362,3,0.7358750129580371,2,0,1,0,0,0,0
41,19,14.053181648254396,91209,4,0.7711135973842796,3,0,1,0,0,1,0
47,20,155.93121337890625,91267,1,0.2447546881239159,1,0,1,0,0,1,0
49,19,64.43233489990234,95121,2,0.3315963162990857,3,0,0,0,0,0,0
35,9,75.35417175292969,92253,3,0.2097952066722165,3,453,1,0,0,1,0
47,25,113.81951904296876,95007,2,2.4017228335569727,1,0,0,0,0,0,0
37,26,89.86461639404297,91813,4,2.0756557654469394,3,0,0,0,0,0,0
55,33,43.85369110107422,94200,2,1.1488647379853192,2,0,0,0,0,0,0
33,9,53.051048278808594,93119,1,0.5155487526961277,1,0,0,0,0,1,0
42,13,202.41770935058597,94822,1,2.8177988185834315,1,295,1,0,0,1,0
30,9,108.84303283691406,94323,2,2.319498300399497,2,0,0,0,0,1,0
56,21,14.934898376464844,92767,1,0.2034804168395194,3,102,1,1,1,1,0
34,9,39.850467681884766,90160,1,0.824886775226962,2,0,0,0,0,1,0
39,4,57.70264434814453,91703,4,1.0188011554238825,2,0,0,1,0,0,0
56,29,22.51934051513672,90380,2,0.1507519705798171,3,144,0,0,0,1,0
53,18,65.41200256347656,90623,1,1.110505578305927,3,0,1,0,0,1,0
44,16,189.5531005859375,92474,1,2.937976365263239,1,0,0,1,0,1,0
58,26,27.459672927856445,95883,4,0.1150945506695294,3,0,0,0,0,1,0
64,38,144.7407684326172,93174,2,4.567533257283692,3,436,1,0,1,1,1
60,39,73.42479705810547,94648,3,1.7852549156315838,1,0,1,0,0,0,0
28,5,52.543235778808594,91956,1,1.5900092004299162,3,0,0,0,0,0,0
28,5,18.75755500793457,94874,3,0.3176120894875578,2,0,0,0,0,1,0
41,14,49.01777648925781,94144,1,0.993423873353942,3,148,0,0,0,1,0
55,19,43.35586929321289,92583,1,0.3765665561048765,3,0,1,0,0,0,0
41,16,68.10885620117188,94642,4,2.771887782708617,1,0,1,0,0,1,0
44,16,86.75875091552734,94506,2,0.0244480073230285,2,107,0,0,0,0,1
61,37,21.931922912597656,91072,3,0.7996183590753276,2,0,1,0,0,1,0
59,29,56.87555313110352,90424,1,0.2997232799659435,1,179,1,0,0,1,0
61,36,34.76940155029297,90204,3,2.356144421726744,3,147,0,1,1,1,0
51,27,98.45406341552734,93482,3,0.5564562830843135,1,0,0,0,0,0,0
60,29,37.78525924682617,92505,3,2.0148980212190177,1,0,1,0,0,1,0
53,15,35.19483184814453,92159,1,2.739978971670028,1,0,1,1,1,1,0
62,38,30.09308242797852,92487,3,1.0529335008523295,2,0,1,0,0,0,0
53,22,62.398197174072266,92154,4,1.3377882394987584,1,128,1,0,0,0,0
29,9,63.09193420410156,94330,4,1.6640817857341916,1,148,1,0,0,1,0
46,12,60.51386642456055,91954,3,2.1023187061802635,1,197,0,0,0,1,0
34,9,54.12431716918945,95061,2,1.1959710789861382,3,0,0,0,0,1,0
28,4,61.82379913330078,91682,2,2.810103106475596,1,0,0,0,0,0,0
31,1,75.7943115234375,91994,2,1.6034662553468566,1,0,0,0,0,1,0
31,6,103.85820770263672,95198,3,1.5082244448286146,2,0,0,0,0,0,0
41,22,141.6859130859375,90198,2,1.9486134327562177,1,0,1,0,0,0,0
48,19,59.48954772949219,92679,4,1.0400244491331263,1,0,0,1,0,1,0
65,37,28.352785110473636,89995,3,0.1552512477528948,3,0,0,0,0,1,0
23,2,16.751962661743164,93890,3,0.7974649532385191,2,0,0,0,0,1,0
66,41,50.30329895019531,92183,3,0.6426544788796053,1,0,1,1,0,0,0
45,24,22.534610748291016,90027,4,0.2138022278569643,2,233,0,0,0,1,0
53,20,51.8808708190918,92009,1,0.2645093813001519,2,0,0,0,0,0,0
35,12,19.61139297485352,91134,1,0.2998324938682953,3,0,0,1,0,1,0
38,13,106.85505676269533,90279,1,0.3959354261399292,1,0,0,0,0,1,0
32,18,69.02191162109375,89839,1,1.365704065808616,3,198,0,1,0,0,0
30,8,24.208526611328125,91016,4,0.4329699801579896,1,0,0,0,0,0,0
35,15,42.55424499511719,94362,2,1.579011550732682,2,109,0,1,0,1,0
56,29,18.760560989379883,94456,2,0.0467135792027,1,91,0,1,0,1,0
40,15,22.794580459594727,91478,2,0.4306896910944635,2,0,0,0,0,1,0
36,0,57.19810104370117,95194,4,1.8478685211296837,2,0,0,0,0,1,0
56,26,154.6682891845703,90208,3,4.466292454216932,2,0,0,1,1,1,1
29,3,32.635948181152344,92965,2,0.46945167192596,1,0,0,0,0,1,0
42,12,46.86382293701172,91502,4,0.7798318077620715,2,0,0,0,0,1,0
62,39,59.21152877807617,94249,3,1.805209564436007,1,0,0,0,0,0,0
35,8,123.10850524902344,91595,3,0.2918886923240191,1,116,0,0,0,0,0
57,33,50.26651763916016,90104,3,0.6854938714019916,3,0,1,0,0,0,0
31,3,101.92649841308594,94540,1,2.871012160202283,2,0,0,0,0,0,1
35,13,31.442476272583008,90216,4,0.1694640021806555,2,0,0,1,0,1,0
62,38,59.73155975341797,94229,1,1.7194493848318084,2,0,0,0,0,1,0
51,23,132.08880615234375,94538,1,3.5345498743759327,1,0,1,0,1,1,0
62,34,68.0491943359375,92743,1,1.0357069037342093,2,0,0,0,0,0,0
62,38,31.74049186706543,91214,4,2.1182969625831105,2,0,0,0,0,0,0
32,5,25.8698844909668,94580,4,0.668323221666108,1,0,0,0,0,1,0
37,4,56.7812614440918,96089,2,1.2239052893105162,2,128,0,0,0,1,0
52,31,84.83268737792969,90107,1,0.688513898081555,1,0,1,0,0,0,0
33,11,68.46197509765625,96278,2,0.2913799785795339,1,0,0,0,0,1,0
37,9,34.33344268798828,94058,4,1.0806504626346651,2,168,0,0,0,0,0
42,6,106.16316223144533,95412,2,2.4718924002798293,3,0,0,0,0,0,0
38,8,55.06245040893555,94381,3,0.2965315480949603,2,0,1,0,0,1,0
60,34,33.914398193359375,93064,4,1.624519392730865,3,0,1,0,0,1,0
29,6,35.76600646972656,90852,2,2.4470189060719805,1,185,1,0,0,0,0
31,3,127.1898422241211,94795,3,3.0712165538305527,2,0,0,0,0,0,1
47,33,54.47738265991211,92396,4,1.9614778111322213,2,0,1,0,0,1,0
45,19,77.00708770751953,94336,3,1.140216259557544,2,0,0,0,0,0,0
61,33,15.338221549987791,94130,3,0.4728399213748946,2,0,0,0,0,0,0
28,19,69.31149291992188,93343,1,2.3745450909609938,1,0,1,0,0,1,0
39,13,122.68959045410156,92362,3,1.752584968268134,1,0,0,0,0,0,0
57,36,63.2227897644043,91871,4,3.525451213658189,1,0,0,0,0,0,0
33,9,74.0648193359375,95378,1,1.482102428766236,3,0,0,0,0,1,0
64,37,83.92977142333984,95241,2,0.2905268600138648,1,103,0,0,0,0,0
54,26,57.069766998291016,94749,1,2.021867486049855,2,0,0,0,0,1,0
25,2,106.66525268554688,91512,3,2.7585125929684224,1,0,0,0,0,1,0
26,-1,55.658241271972656,92071,2,0.648239452503979,1,0,0,1,0,1,0
60,34,165.3614501953125,95619,4,5.556484688123729,2,195,0,0,0,1,1
39,23,12.44187355041504,91846,2,2.686617406040756,1,87,1,0,0,1,0
51,14,31.769195556640625,94509,4,0.9583980775668808,3,0,1,0,0,1,0
49,17,44.54292678833008,94861,1,1.0444195246122965,3,0,0,0,0,1,0
34,12,47.24093627929688,91475,1,2.473109738553597,2,0,0,0,0,1,0
61,32,13.783052444458008,95965,4,0.9000115151891109,1,0,0,0,0,1,0
55,29,22.832908630371094,96162,2,1.251658656883362,2,0,0,0,0,1,0
66,40,30.404842376708984,91850,1,0.2560118682272068,3,0,1,0,0,0,0
46,24,94.63336181640624,94911,3,4.908360310210004,1,0,0,0,0,1,1
33,4,28.496246337890625,91177,4,0.9823263498065732,1,122,0,0,0,1,0
61,35,65.51435852050781,93039,3,2.4944059630703457,2,0,0,0,0,1,0
24,-2,29.525691986083984,93668,4,0.3358815505132053,1,0,0,0,0,1,0
66,39,37.39525604248047,94631,4,0.1088259601036535,2,0,0,0,0,1,0
27,5,213.80870056152344,94460,2,5.266782992445672,1,105,0,0,0,0,0
43,25,85.62263488769531,95177,1,2.564783316996816,1,0,0,0,0,0,0
40,15,154.42698669433594,91959,1,0.8143999049822845,1,190,0,0,0,1,1
64,35,56.25652313232422,93166,1,0.5084817895725844,3,0,0,0,0,1,0
51,27,56.47947311401367,92730,4,1.896554162431292,2,0,0,1,0,1,0
37,15,204.5438690185547,92069,4,4.6618369986617,3,361,0,0,0,1,1
50,20,101.02613067626952,94844,2,0.299659832284164,3,0,0,0,0,0,0
25,0,15.07534122467041,95351,4,0.2900198704385213,2,0,0,1,0,1,0
41,19,55.44082260131836,95243,2,2.2495607995429205,1,0,0,0,0,0,0
42,16,50.64445877075195,91263,1,0.6575771132636081,3,0,0,0,0,1,0
55,31,128.55801391601562,94861,2,0.739729054201495,1,0,1,0,0,0,0
46,18,43.08818817138672,95467,1,1.2550952686412076,2,0,0,1,0,1,0
58,31,24.58910751342773,95338,1,2.3475832164161305,3,0,1,0,0,1,0
56,8,26.23747444152832,92842,2,0.0299125196430802,3,0,0,1,0,0,0
44,21,45.59967422485352,95262,2,1.2174475045577366,2,162,0,0,0,1,0
44,15,78.04713439941406,92272,2,1.6764551891702226,2,0,0,0,0,1,0
63,41,18.49439239501953,91996,3,0.5105694832524356,2,107,1,0,0,0,0
36,5,113.62378692626952,92564,2,5.63949264180302,1,153,1,0,0,0,0
52,31,18.70664978027344,92661,1,0.1932512909031852,3,0,1,0,0,0,0
46,22,82.13054656982422,92195,1,2.009532660571111,3,0,0,0,0,1,0
60,35,37.43833160400391,94535,1,0.7349403668865102,1,0,0,0,0,1,0
43,16,128.06597900390625,94244,4,0.0467334551770922,3,0,1,0,1,1,0
66,29,126.30220794677734,92287,3,0.9598454593948276,2,0,1,0,0,0,0
27,2,20.246585845947266,93303,4,1.688412399811496,3,0,0,0,0,0,0
51,6,31.850454330444336,95645,1,1.5916839067200546,2,0,0,1,0,0,0
49,28,38.2426872253418,89997,4,0.6800816850862037,3,0,0,0,0,1,0
62,16,125.51895141601562,93143,2,1.3480957018356388,1,0,0,0,0,0,0
43,21,35.88599395751953,92296,4,1.184485066435785,3,0,0,0,0,1,0
62,40,53.146240234375,92690,1,0.6285518201437917,2,0,1,0,0,0,0
51,21,12.174860000610352,95607,4,1.5346128942627504,3,0,0,0,0,1,0
36,9,57.97304916381836,90136,1,1.7122928787329943,1,0,0,0,0,0,0
37,17,110.74005126953124,89953,1,1.073370220466292,1,0,1,0,0,1,0
37,7,22.73485565185547,94000,1,0.0129981175348623,3,0,0,0,0,0,0
41,12,51.35980224609375,92415,1,0.1881338071045741,1,165,1,0,0,1,0
39,28,188.52940368652344,92824,1,2.636139644547821,3,0,0,0,0,0,1
50,38,135.98660278320312,94628,2,3.07212965353342,1,0,0,0,0,0,0
27,16,111.1500244140625,91136,2,0.3058885289579467,1,0,0,0,0,1,0
54,31,46.85747909545898,90894,2,2.5262740225800666,2,133,1,0,0,1,0
51,26,71.53364562988281,94449,1,3.862324062272093,1,0,0,0,0,0,0
26,8,28.01617813110352,94751,4,0.3291379422246382,3,0,1,0,0,0,0
27,2,59.889923095703125,93662,2,1.7075618721796886,3,0,0,0,0,0,0
38,8,24.994823455810547,94297,4,0.1084554412022546,3,0,0,0,0,0,0
28,10,173.96815490722656,94360,1,2.3768840840284726,1,0,0,1,0,1,0
41,9,125.20136260986328,94669,3,1.740454249346847,3,0,0,0,0,1,1
27,0,15.577180862426758,95184,2,1.306604180020569,3,147,0,0,0,1,0
46,29,28.10268783569336,93828,1,2.9131560819435824,3,0,0,0,0,1,0
40,6,79.82333374023438,94508,4,2.07689380403928,1,0,0,0,0,0,0
62,35,52.49365234375,94582,3,0.2734968666671613,2,0,0,0,0,1,0
60,36,16.186187744140625,91924,2,0.8854786011775251,1,94,0,0,0,0,0
41,9,94.95001983642578,93022,1,2.108084367755943,3,0,1,0,0,1,0
45,30,12.273846626281738,92185,4,0.3548372057125918,3,0,0,0,0,1,0
51,20,85.47767639160156,94695,2,3.956936430358264,1,0,0,0,0,0,1
27,3,38.69096374511719,95509,2,0.4868242974704189,1,0,1,0,0,1,0
48,16,154.85159301757812,92907,1,4.105462468782986,1,0,1,0,0,0,0
62,37,59.733341217041016,94830,1,0.4138229173650206,3,0,0,0,0,0,0
33,5,33.68368148803711,94465,1,1.5333038075548704,3,0,0,0,0,0,0
35,19,60.10732269287109,94862,4,2.087203998894263,1,0,1,0,0,1,0
33,6,57.37858581542969,92990,4,1.8004979113667372,1,0,0,0,0,0,0
33,10,28.977827072143555,94515,1,1.329482736395276,2,0,0,0,0,0,0
53,19,72.50006103515625,89837,4,1.0364356864885886,1,0,0,0,0,0,0
63,37,44.47335815429688,95313,1,1.4002899422997777,2,182,1,0,0,1,0
50,19,42.26226043701172,93171,4,0.4035559932483494,2,149,0,0,0,0,0
60,42,12.2717866897583,95763,2,0.2122340251998166,3,0,0,0,0,0,0
47,16,58.275169372558594,95675,2,0.6707347999130822,1,0,0,0,0,1,0
26,11,102.21125793457033,90293,2,0.43603975016102,1,0,0,0,0,0,0
29,5,105.94857788085938,93669,4,2.569409129229714,3,99,0,0,0,0,0
52,29,79.61534118652344,91310,1,0.9490247565906572,1,0,0,0,0,1,0
42,17,168.9213104248047,94191,2,0.394913330791287,1,112,0,0,0,0,0
63,27,57.99821853637695,91907,1,1.0471596252317663,1,0,0,0,0,0,0
48,30,86.68375396728516,95015,1,1.893152426620842,3,0,0,0,0,0,0
63,32,39.19358825683594,94095,4,0.7655699451972733,1,0,0,0,0,1,0
46,28,78.04048156738281,91928,1,1.076148039425458,3,0,0,0,0,1,0
59,32,25.220703125,94265,2,5.252492969707515,1,0,1,0,0,1,0
53,26,52.1461067199707,92117,1,1.7875015193715424,2,0,0,0,0,0,0
52,24,63.47340774536133,94902,4,1.5126434848561223,2,0,0,0,0,1,0
49,18,117.34207153320312,93019,2,3.189900526537297,1,0,0,0,0,1,0
44,16,57.11119842529297,94707,1,2.191920719407884,2,230,0,0,0,0,0
40,15,25.22577476501465,94281,4,2.118090590520237,2,0,1,0,0,1,0
39,12,32.510704040527344,94155,2,1.4943337932096443,2,0,0,0,0,0,0
59,31,171.00433349609375,90163,1,3.618786016968375,1,0,0,0,0,1,1
53,35,139.345458984375,94668,2,7.1290086465357625,1,0,0,0,0,0,0
49,26,16.54856300354004,91912,2,0.8097087968691506,1,0,0,0,0,1,0
62,35,65.95189666748047,95111,1,1.9937902001342092,1,0,1,0,0,0,0
52,24,44.71710586547852,94114,4,2.4684820615778547,2,138,0,0,0,1,0
55,28,58.26165390014648,91926,2,1.1268037721377615,1,99,0,0,0,0,0
32,4,67.470703125,92078,4,1.512311560974391,2,155,0,0,0,0,0
33,4,111.38308715820312,95268,3,3.9069592635125145,1,308,1,1,1,1,1
43,19,79.34226989746094,92010,2,6.557605186076387,2,106,1,0,0,1,0
33,0,144.97007751464844,92474,1,3.668596893196777,3,0,0,0,0,0,1
44,14,112.8396224975586,94577,2,1.418110152984534,1,320,0,0,0,1,0
61,38,175.24745178222656,93464,1,5.077460193903336,2,0,0,0,0,1,1
39,15,58.513710021972656,94671,1,2.2779917779118386,2,0,0,0,0,1,0
47,27,100.32872772216795,94112,2,1.8990083909023443,1,0,0,0,0,0,0
61,38,41.03594970703125,90081,4,0.1388608367651211,1,0,0,0,0,0,0
61,38,33.07026672363281,94052,2,1.4595692720556432,2,135,0,0,0,0,0
51,29,34.26274108886719,90166,3,0.5790135081871763,3,0,0,0,0,1,0
45,20,99.84463500976562,94518,1,1.4631481054543976,3,0,1,1,1,1,0
35,8,126.79127502441406,92284,2,2.625587445034109,2,0,0,0,0,0,0
31,5,24.217937469482425,92556,3,0.59990227626639,2,0,0,0,0,1,0
28,1,44.95053482055664,91453,4,0.4582975852590473,1,0,0,0,0,0,0
53,27,31.81528663635254,90183,4,0.9331026002086452,2,0,1,0,0,0,0
46,22,149.5695037841797,90175,2,5.636977952444247,3,0,0,0,0,1,1
41,19,57.98247909545898,90835,2,1.4079927194924216,1,99,1,0,0,0,0
25,0,94.11536407470705,95457,2,2.4084021578089927,1,0,1,0,0,1,0
56,38,140.6796112060547,90222,1,3.161317658927219,1,0,0,0,0,0,0
46,21,20.180469512939453,95255,2,0.5108053248437328,3,0,0,0,0,1,0
45,25,165.12045288085938,93209,1,3.697170451298525,1,0,0,1,0,1,1
53,27,156.38172912597656,95696,1,3.542491869936972,2,0,1,0,1,1,1
53,23,70.62419128417969,92893,2,0.793168483739485,2,0,1,0,0,0,0
37,14,114.15130615234376,92337,2,3.721952361035711,3,0,0,1,0,1,1
44,26,19.576740264892575,92850,1,0.420133956066569,3,118,0,0,0,0,0
54,37,78.28138732910156,90467,1,0.7297527663545473,1,0,1,0,0,1,0
44,9,52.04238128662109,94048,1,3.2826106785838225,2,0,0,0,0,1,0
62,36,60.56231689453125,94073,3,0.5299946182385535,2,0,1,0,0,0,0
35,10,163.177734375,90211,1,2.161247590659334,1,0,1,0,0,0,0
56,31,39.22675323486328,94515,1,1.4892280578073742,3,144,0,0,0,1,0
28,4,26.00652885437012,90735,4,1.0346666386438943,3,151,1,0,0,0,0
36,5,35.15697479248047,90248,2,1.3857923484142405,2,150,0,0,0,1,0
63,37,78.9786376953125,95351,3,4.97076676688755,1,0,1,1,1,1,1
35,7,112.37042999267578,90156,2,2.039313228855869,3,0,0,0,0,0,1
33,11,173.42324829101562,94624,2,1.725665866124296,1,369,1,0,0,1,0
62,34,111.53973388671876,94221,2,1.4582258651902211,2,235,1,0,0,0,1
41,27,34.675758361816406,94321,4,0.8013174927084168,1,0,0,0,0,0,0
60,37,72.20303344726562,94373,4,2.4747035267980597,2,0,0,0,0,0,0
64,41,70.03044128417969,95011,1,2.1988685310638134,3,0,0,0,0,1,0
33,8,63.65353012084961,95534,1,0.5514787901908113,1,0,1,0,0,1,0
40,17,52.43549728393555,94859,4,1.7630849368763208,1,126,1,0,0,1,0
49,19,55.60416030883789,94714,4,0.9448262274778164,1,0,0,0,0,1,0
30,-2,74.08851623535156,94532,4,2.439849757587609,3,101,0,0,0,0,0
27,4,42.6174201965332,95136,2,0.2671706355562423,1,0,1,1,0,1,0
51,29,30.423362731933597,93528,3,0.5456520903486539,2,0,0,0,0,1,0
38,12,81.44178771972656,93152,3,3.150250441743001,1,0,0,0,0,1,0
57,25,92.64009857177734,95184,2,2.004051952217595,3,0,1,0,0,1,0
26,4,100.33321380615234,95604,2,1.813791926801642,1,0,1,0,0,1,0
43,13,37.79197311401367,94627,1,1.9511155570803171,3,227,1,0,0,1,0
55,30,99.42742156982422,91353,3,1.5288701252812396,3,125,0,0,0,0,0
45,11,52.50796127319336,90330,3,0.9892086990920728,2,141,0,0,0,0,0
50,28,45.98746490478516,92106,4,1.799881634738674,2,0,1,0,0,1,0
53,26,157.551513671875,91599,1,0.4692277821387938,3,0,0,0,0,0,1
40,19,99.61807250976562,91602,2,1.4434778640416857,3,0,1,0,0,0,0
64,40,88.83444213867188,94480,4,1.122989283241601,3,0,1,0,0,1,0
27,5,153.905517578125,91470,1,3.157990057071486,1,222,1,0,0,1,0
56,30,76.74017333984375,95230,1,1.3426791367096025,1,0,0,0,0,1,0
59,30,88.98689270019531,92646,1,3.4850995975176047,1,0,1,0,0,1,0
55,23,68.435546875,94217,3,1.4853304718810856,2,0,1,0,0,1,0
36,16,26.433284759521484,93704,1,0.5468417298306192,1,0,0,0,0,0,0
41,7,51.15245819091797,95085,2,1.137962669125398,2,0,0,0,0,0,0
49,24,36.5460090637207,90043,1,0.6826772245404719,3,0,0,0,0,1,0
28,11,16.66277313232422,91272,3,0.3168509751061253,1,99,0,0,0,0,0
62,35,46.60064315795898,95215,1,0.7150516036157948,2,0,1,1,1,1,0
36,11,53.41948699951172,95672,3,1.555577564853082,1,121,0,0,0,1,0
59,30,133.945556640625,91927,1,0.3898563579675127,1,0,1,0,0,0,0
58,27,39.44577026367188,93020,1,2.526747576968903,3,223,0,0,0,1,0
44,21,58.34638595581055,90026,2,2.411688724206455,3,0,1,0,0,0,0
37,14,36.378211975097656,94069,3,0.2351595679985264,2,0,1,1,1,1,0
41,20,128.0718994140625,92341,3,0.358147610464571,2,103,1,0,0,0,1
47,21,147.51614379882812,90760,1,8.024471686914668,1,0,1,0,0,1,0
25,1,32.389095306396484,92877,4,0.4232161266232755,1,189,0,0,0,0,0
44,27,44.92159271240234,93920,2,2.62711115472791,1,136,0,0,0,0,0
61,32,18.598527908325195,93728,2,0.7105647734534399,3,0,0,0,0,1,0
62,36,23.61103630065918,92397,4,0.2713584681934884,3,0,0,0,0,0,0
60,35,32.93054962158203,93772,2,1.4228230990103703,2,104,1,0,0,1,0
59,32,63.16875457763672,95602,2,1.2885930662512235,1,0,1,0,0,1,0
59,36,82.55030059814453,93697,2,0.6908059600979501,2,0,0,0,0,1,0
54,24,98.0611572265625,91844,2,3.5036456288378317,1,381,0,0,0,0,0
31,9,70.91557312011719,89979,1,3.064357580113195,2,0,0,0,0,1,0
47,19,26.438852310180664,95234,3,0.3457969196351438,2,0,0,0,0,1,0
33,11,74.86447143554688,95155,3,2.904945105646497,1,154,0,0,0,1,0
26,3,69.24638366699219,91679,2,3.633704722101008,1,0,0,0,0,1,0
28,4,66.00448608398438,91850,3,0.944668464241539,2,168,0,0,0,1,0
29,12,48.66640472412109,94425,4,0.5096336057002544,2,0,0,0,0,1,0
27,3,82.23910522460938,94599,2,0.9083785497475972,3,413,0,1,0,1,0
27,5,13.806768417358398,90708,1,0.159232290804664,3,108,1,0,0,1,0
27,2,147.2191619873047,94574,1,3.563281686217082,3,0,0,0,0,0,1
59,31,42.97810363769531,93068,2,4.877488203668992,2,0,1,1,0,0,0
34,11,211.62176513671875,90441,2,4.235101855699889,1,0,0,1,0,1,0
50,36,79.21593475341797,91816,4,0.41223631665783,3,332,1,0,0,1,0
41,14,107.0689468383789,95155,1,2.3463007349948324,2,0,0,0,0,1,0
40,17,70.0145263671875,94437,2,0.8796811270325118,2,0,0,0,0,1,0
26,0,35.146583557128906,94754,4,0.4906326803103524,2,0,0,0,0,0,0
45,23,28.23911476135254,91310,1,0.2490848013478374,3,0,0,0,0,1,0
60,40,129.25546264648438,94181,2,2.4782224848737684,3,234,0,0,0,0,0
51,23,124.08244323730467,92922,2,3.211506626929653,1,0,0,0,0,1,0
46,30,27.24608993530273,95568,3,0.8257114953986169,3,0,0,0,0,1,0
60,32,30.01710319519043,90425,4,0.208540871179496,3,0,0,0,0,1,0
58,31,128.44117736816406,94159,1,0.9554255908636724,2,0,0,0,0,1,0
51,27,140.6133575439453,95805,1,4.492034307212588,3,0,1,0,0,0,1
60,34,59.12378692626953,94344,4,2.4893517118446518,3,0,1,0,0,0,0
55,34,63.81505584716797,94731,2,0.4212694134345991,1,0,0,0,0,1,0
26,4,46.11301040649414,95402,3,2.0554712914827307,3,0,0,1,0,1,0
39,13,21.71323585510254,92963,2,0.1842692586235544,3,0,1,0,0,0,0
43,28,76.81294250488281,94642,2,1.2136081802297234,1,0,0,0,0,0,0
28,5,47.75217819213867,93827,1,3.466206019368139,1,0,0,0,0,1,0
58,31,82.84036254882812,92833,1,1.8878260770946809,3,0,0,0,0,0,1
26,-2,128.30319213867188,95594,4,0.7057093893153616,3,0,0,0,0,1,0
48,28,39.86186981201172,95476,3,2.8065805912872,2,0,0,1,0,1,0
32,8,123.96160125732422,94022,1,0.3060375364906572,2,97,0,0,0,1,1
58,19,90.68937683105467,95159,1,2.157363159434376,3,0,0,0,0,0,0
28,1,17.761537551879883,94837,2,0.4806378795374847,2,0,0,0,0,1,0
63,37,77.22134399414062,93687,4,1.0983855326919485,2,224,0,1,0,0,0
63,37,22.394397735595703,95512,1,1.19041166307336,3,102,0,1,0,0,0
39,22,110.5102081298828,93991,2,4.459526233984922,3,0,0,0,0,0,0
33,8,48.57807159423828,92191,4,0.179623138897857,1,0,0,0,0,1,0
52,26,97.11509704589844,92917,4,0.1461413566904193,3,0,0,0,0,1,0
54,33,168.3651885986328,94064,2,1.905445594177264,1,0,1,0,0,1,0
49,21,117.01010131835938,94145,2,2.1707974486182646,1,0,0,0,0,0,0
41,7,41.8902702331543,94194,2,0.4784015767577732,2,0,1,0,0,0,0
33,8,24.56226348876953,96016,3,2.480962912088584,1,0,1,0,0,0,0
56,22,99.02042388916016,94020,4,2.571065959953009,1,0,1,0,0,0,0
40,9,25.34033966064453,94167,2,0.9356284359299508,2,107,0,0,0,0,0
25,0,48.48656463623047,94670,2,2.416843576608936,1,0,0,0,0,1,0
58,26,76.15370178222656,92831,4,0.6844683055958111,3,171,0,0,0,1,0
30,2,128.9530029296875,92375,4,3.4191423323969152,3,0,0,1,0,1,0
53,26,108.6677474975586,95185,2,5.392966170458413,1,145,0,0,0,1,0
36,7,100.23104095458984,93113,1,0.3959670375356369,3,176,0,0,0,0,0
47,20,45.082637786865234,95757,4,1.038079114649197,1,0,0,1,0,1,0
56,28,160.1362762451172,94356,2,6.964723454271168,1,0,0,0,0,1,0
64,37,70.21690368652344,94115,3,1.474766682428705,2,0,0,1,0,1,0
32,10,56.87688446044922,91194,1,2.633683368534418,2,105,0,0,0,1,0
54,29,162.04212951660156,95174,3,2.7944808855385785,3,0,0,0,1,1,1
34,16,200.60841369628903,94399,2,7.907040226705031,1,0,1,0,0,0,0
46,18,17.28173828125,92977,3,0.5960239492491448,1,0,0,0,0,0,0
50,26,100.3268585205078,95118,1,2.493782242009781,3,0,1,0,0,0,1
61,27,51.9311408996582,96017,4,0.3168985827662159,2,210,1,0,0,0,0
39,14,59.900821685791016,91804,2,0.3213289634514334,3,0,0,0,0,1,0
42,20,164.318603515625,92013,1,8.237071933940806,1,0,0,0,0,0,0
47,18,64.22187805175781,92130,3,0.9624967681216886,2,0,0,0,0,1,0
50,26,20.89306640625,90169,3,0.4675837811638378,2,0,0,1,0,1,0
33,4,103.35960388183594,95394,3,6.814744004152331,1,0,0,1,0,0,0
46,12,131.98207092285156,94927,1,0.5674584815279132,1,322,0,0,0,1,0
34,8,66.51478576660156,91011,4,0.5117329526409027,2,0,1,0,0,0,0
50,28,16.706836700439453,94296,4,1.2185852342086094,1,0,0,0,0,1,0
44,10,31.224824905395508,91873,1,0.7044875388015689,2,141,0,1,0,1,0
53,34,112.84789276123048,91248,1,1.6452535449824917,1,0,0,0,0,0,0
44,16,67.39533233642578,95489,4,1.1004891035708204,3,0,0,1,0,0,0
39,5,161.4962158203125,91931,3,2.0882029752200504,3,0,1,0,1,1,1
48,23,74.09339904785156,90470,4,0.1223695089689656,1,0,0,0,0,1,0
32,2,88.45915985107422,95039,3,0.4152707766336332,1,233,1,0,0,1,0
57,29,43.92549133300781,89590,2,3.119874596275636,2,0,1,0,0,1,0
62,38,39.91708755493164,94656,4,0.9046632728576272,3,0,1,0,0,1,0
34,9,18.41329574584961,93450,4,3.296261383456606,3,0,0,0,0,0,0
54,27,47.57508850097656,94287,4,1.28968308373871,2,0,0,1,0,1,0
45,18,54.37614440917969,94697,2,1.3863792380951798,3,0,0,0,0,1,0
65,39,107.1194076538086,95429,1,1.8551861586071443,1,0,0,0,0,1,0
40,22,46.86408233642578,95654,1,0.4817016970089361,2,0,1,0,0,1,0
63,40,46.5801010131836,90594,1,1.6529503461215025,3,0,0,0,0,1,0
50,26,28.034408569335938,93864,4,1.430151876407615,2,0,0,0,0,1,0
41,14,40.24299621582031,94320,1,0.6298806228571028,3,0,0,0,0,1,0
30,14,76.65774536132812,94453,4,2.3994773940353427,1,0,0,0,0,1,0
33,4,57.99009704589844,94257,2,0.1515407315609721,2,0,1,0,0,1,0
60,34,49.090450286865234,94324,4,1.7557256907735046,2,0,1,0,0,0,0
38,15,156.8352508544922,94431,4,1.9719361936829127,3,0,0,0,0,0,1
61,32,21.899370193481445,90025,1,0.1732677809664542,2,0,1,0,0,1,0
33,1,88.28750610351562,91038,1,3.131365545393513,1,285,1,0,0,1,0
55,35,17.241756439208984,94310,4,0.4073585563020216,1,0,1,0,0,1,0
59,29,126.61522674560548,93123,2,7.682323476934544,1,0,0,1,0,0,0
32,5,24.655017852783203,93589,1,2.569781348805185,2,113,0,0,0,0,0
59,34,76.8572998046875,92451,1,1.6365418450799187,3,0,0,1,0,0,0
46,26,72.31035614013672,92084,3,2.606022827873356,1,135,0,0,0,0,0
45,8,120.50212097167967,95081,3,1.3831006389403997,2,0,0,0,0,1,0
55,28,61.96989440917969,90565,4,2.536497726909636,2,0,1,0,0,1,0
55,23,103.3108139038086,89847,4,1.9202905730324225,1,0,0,0,0,0,0
54,25,23.013660430908203,90196,4,1.7158468251833798,1,0,1,0,0,0,0
42,13,65.97408294677734,92017,4,0.4616664365321546,2,0,1,0,0,0,0
31,9,99.5243682861328,92395,2,1.798917625652741,2,0,0,0,0,0,0
45,25,69.40194702148438,92675,3,1.7442359791207416,3,277,0,0,0,0,0
53,26,45.32046890258789,91191,1,2.510738000147659,3,114,1,0,0,0,0
61,27,32.233062744140625,92254,2,0.0639314871793891,1,0,0,0,0,0,0
53,23,83.84461975097656,93015,1,1.916436322407052,3,161,1,0,1,1,0
62,38,68.07544708251953,93492,1,2.2222508950969297,1,0,0,0,0,0,0
54,22,126.90386199951172,92012,1,1.9238211903917477,1,0,0,0,0,1,0
45,21,42.330997467041016,94269,1,0.9257590243463356,3,379,0,0,0,0,0
28,5,82.02569580078125,94218,1,2.36539627480952,1,0,0,0,0,1,0
29,6,63.72313690185547,94445,1,1.7267536655609277,1,0,0,0,0,0,0
44,6,15.229005813598633,91847,2,1.3691434251773271,3,103,0,0,0,1,0
62,40,66.97361755371094,94800,1,2.287483530640617,2,132,0,0,0,0,0
30,6,113.58409118652344,94604,1,2.9656315841584915,1,0,0,0,0,1,0
50,28,37.728965759277344,94837,1,0.6926568534777997,3,0,1,0,0,1,0
57,24,115.20806884765624,92230,1,2.468086350668415,1,297,0,1,0,0,0
65,39,65.578125,91107,1,0.8071838359805075,1,0,0,0,0,0,0
60,34,100.61582946777344,95541,2,3.770640467280269,3,0,0,0,0,1,0
30,5,38.37993621826172,94610,3,0.1819900600606832,2,0,0,0,0,0,0
37,9,62.04065704345703,90575,4,0.4442013905264608,2,0,1,0,0,1,0
50,19,109.86644744873048,95238,2,5.207794996712171,3,0,1,0,1,1,0
34,5,80.71126556396484,93954,2,3.0383244655222867,2,0,0,0,0,0,1
43,15,91.04039764404295,95430,1,2.225404549001453,3,0,0,0,0,1,0
38,6,32.886531829833984,92432,2,1.006085928905312,1,105,1,0,0,1,0
58,26,50.31445693969727,92981,2,2.11210015237137,1,0,1,0,0,1,0
32,3,87.5064926147461,91885,1,2.360523613881249,2,0,0,0,0,1,0
38,13,25.974536895751957,92327,1,1.360421528961648,3,0,0,0,0,0,0
63,34,90.01813507080078,91684,3,0.683552905842855,2,285,0,0,0,1,0
56,33,57.70737075805664,90263,4,1.1028396596882493,2,0,0,0,0,1,0
63,40,24.331865310668945,91986,4,0.3841163660907843,1,120,0,0,0,1,0
31,10,107.11670684814452,95435,3,0.7286530545513463,1,0,0,0,0,0,0
27,-1,74.27053833007812,92401,1,2.3786304469106727,3,0,0,0,0,0,0
39,17,66.02234649658203,94642,4,0.2549560808240282,1,0,0,0,0,0,0
61,31,48.0567741394043,91422,3,1.0777559713817562,1,105,0,0,0,0,0
65,38,53.65738677978516,90432,3,0.7487351578644538,1,0,0,0,0,0,0
61,33,44.23554611206055,94174,3,0.6687994554225817,1,0,0,1,0,0,0
61,25,44.18443298339844,92059,1,1.4982949470018136,3,0,1,0,0,0,0
32,4,54.17952728271485,95438,4,0.2317427303994005,1,0,1,0,1,1,0
40,20,45.76348876953125,95285,4,0.4820847584676138,1,0,1,0,1,0,0
41,15,15.670108795166016,96206,3,0.1533493410315824,2,149,0,0,0,1,0
32,4,27.29024314880371,92959,1,2.3082729974378005,2,0,0,0,0,1,0
57,28,96.42288208007812,92771,4,1.1571268462349085,3,0,0,0,0,0,1
59,36,80.17896270751953,94780,1,5.093553623599201,3,0,0,0,0,0,0
42,27,104.7594223022461,95362,1,1.8724503089909723,1,0,0,0,0,1,0
64,37,51.462039947509766,91324,1,2.878685319276941,2,0,0,0,0,1,0
48,31,130.66993713378906,94480,2,2.3625631155750138,1,159,1,0,0,1,0
29,8,66.22784423828125,94316,4,1.6351832763981735,2,133,1,0,0,1,0
36,11,74.77908325195312,94331,3,3.837501472714822,2,0,1,0,0,0,0
65,37,70.36634826660156,92771,3,0.1708563363291331,3,0,0,0,0,1,0
26,3,197.81040954589844,90045,4,7.444606444392379,1,0,1,0,0,1,0
24,2,36.08230972290039,93470,1,0.7459806398375153,3,237,1,0,0,0,0
41,10,139.7982177734375,95018,2,5.797590209475742,1,326,0,0,0,0,0
54,23,43.28562927246094,90512,3,2.1232898256136754,3,0,0,0,0,0,0
42,22,139.52398681640625,91795,1,4.208964587392435,1,0,0,0,0,1,0
33,5,92.08415222167967,94184,1,2.538132701417994,1,0,1,0,0,1,0
34,4,85.69427490234375,94529,2,1.3249031934520907,1,0,0,0,0,0,0
32,13,93.40342712402344,94417,1,1.5457232834294652,1,212,0,0,0,0,0
39,13,58.6038932800293,92632,2,1.0346284215080552,2,0,1,0,0,0,0
51,27,32.34752655029297,93528,3,0.4809862200926544,2,119,1,0,0,0,0
61,39,32.775230407714844,94953,4,0.911586038493806,3,118,0,0,0,1,0
46,19,131.64312744140625,93057,4,0.8388416844828519,2,0,0,0,0,1,1
51,23,206.40548706054688,90095,4,6.83360325945697,1,370,0,0,0,1,0
56,42,89.91969299316406,94794,2,2.4337954919851783,1,0,1,0,0,0,0
45,14,131.91571044921875,95196,3,1.7974071488820564,1,0,0,0,0,1,0
53,19,11.68658447265625,95078,1,0.425876246538987,1,75,0,0,0,1,0
61,34,70.17875671386719,93999,4,4.782350845355958,3,0,0,0,0,0,0
49,35,29.165918350219727,89767,4,1.2822938186454025,1,0,1,0,0,0,0
28,3,144.23855590820312,92723,2,5.54589313425959,1,0,0,0,0,0,1
57,39,107.20500183105467,92144,2,2.463562855241753,1,389,0,0,0,0,0
37,10,70.09486389160156,90641,4,1.63143617836792,1,119,0,0,0,1,0
61,39,26.89553451538086,90238,4,1.9952617337773864,3,0,0,0,0,1,0
31,9,203.92990112304688,94740,2,9.284998007667994,1,0,1,0,0,1,0
58,30,23.697296142578125,91949,1,1.9912510330199824,3,75,0,0,0,0,0
42,21,141.21250915527344,95282,1,3.9011461053554015,3,313,1,0,1,1,1
65,36,20.46660614013672,91248,4,0.1174173044475824,3,0,0,0,0,0,0
54,27,103.23413848876952,94242,1,5.6821433868543,2,0,0,0,0,0,0
43,13,29.016605377197266,94515,3,0.4761616056772169,2,109,0,0,0,1,0
59,34,86.01521301269531,90978,2,1.6532743393991438,1,0,0,0,0,0,0
63,41,26.892353057861328,93699,4,0.3665510513061611,2,132,0,1,0,1,0
57,32,32.59553527832031,95513,2,2.1518002108031284,2,0,0,0,0,1,0
64,36,51.80852127075195,94206,4,1.3736438860213769,3,0,1,0,0,0,0
47,19,61.29218673706055,92963,1,3.4842108809639654,1,0,1,0,0,1,0
29,2,29.41647720336914,94045,2,0.3472361042946887,2,0,1,0,0,1,0
31,19,54.20381546020508,94517,1,1.4086791975781063,2,158,0,0,0,1,0
60,33,28.361860275268555,92619,1,1.958019928511915,1,0,0,1,1,1,0
63,39,42.75336837768555,95671,1,1.782998284093775,3,0,0,0,0,1,0
55,27,34.440277099609375,95013,3,0.5563678962152274,1,0,1,0,0,1,0
25,-1,24.197853088378903,93484,2,0.4669278349342406,3,149,0,0,0,0,0
41,14,36.21632766723633,90326,2,0.8931719581877117,3,0,0,0,0,1,0
56,30,40.614036560058594,92699,4,0.6221515653403673,2,0,0,0,0,1,0
52,28,141.4171600341797,93743,1,2.05096376092251,1,0,0,0,0,1,0
51,35,29.7864933013916,94169,3,0.3281171434706895,2,0,0,0,0,1,0
40,10,88.08106994628906,95950,4,1.219151958141184,2,0,0,0,0,0,0
54,29,12.994322776794434,94750,4,1.3882437668287255,2,66,0,0,0,1,0
42,15,89.97105407714844,90055,1,0.9340748064609434,2,0,0,0,0,1,0
52,23,97.22785949707033,94525,1,2.2431496242617377,3,0,1,0,0,0,0
27,1,74.30545806884766,92111,1,2.7504572776476124,1,0,0,0,0,1,0
59,38,76.47209167480469,94909,1,1.4131905997718193,2,0,0,0,0,0,0
23,-1,153.07540893554688,96192,4,1.96627709864244,1,0,1,0,1,1,0
49,29,48.11046600341797,92108,2,1.731006019567697,3,0,0,0,0,0,0
43,16,106.8777084350586,91826,3,0.6805201805522623,1,284,0,0,0,1,0
43,15,25.0435733795166,91178,3,0.0670398499164457,2,0,1,0,0,1,0
53,26,77.39448547363281,95479,1,1.104514179428421,2,0,0,0,0,0,0
45,18,85.1378402709961,93195,1,0.0975945106605276,1,142,0,0,0,0,0
62,34,29.48838233947754,90494,1,2.306014133149073,3,188,0,0,0,1,0
28,-1,28.936983108520508,95382,4,1.3014443969131069,2,97,0,0,0,1,0
54,15,23.821407318115234,90921,2,1.521724157152407,2,0,0,0,0,1,0
32,8,117.4518814086914,91667,2,1.164077711273797,1,0,0,0,0,0,0
25,3,34.808006286621094,91631,4,0.6409466169360837,3,0,0,0,0,1,0
45,22,72.65653228759766,94624,1,1.1229998231417002,1,0,0,0,0,0,0
41,15,10.01687717437744,93204,3,0.1754913328031064,1,73,0,0,0,1,0
41,7,117.85270690917967,95050,1,3.983271780359407,1,0,1,0,0,0,0
27,1,29.57571792602539,90224,3,0.4929159621278822,2,0,0,0,0,1,0
37,15,23.12093162536621,93769,4,0.2640394727581283,2,0,1,0,0,0,0
51,28,49.72312545776367,92479,4,0.8712945149033701,2,0,1,0,0,1,0
45,27,18.658035278320312,92778,2,0.6874689711505153,3,0,1,0,0,1,0
59,38,43.100860595703125,91852,4,0.4827630418994497,2,0,0,0,0,1,0
31,3,60.14503860473633,92789,2,1.7541875359466392,2,0,0,1,0,0,0
55,27,78.68014526367188,94406,4,1.3996901638260495,1,0,1,0,0,0,0
50,27,139.4439697265625,92307,2,2.7566889219435784,3,0,1,0,0,1,1
54,29,85.31163024902344,95015,1,1.307016321650442,3,0,1,0,0,0,0
58,36,139.07748413085938,90041,1,2.4261877999947576,1,0,1,0,0,1,0
51,27,14.174917221069336,95757,4,0.3927391063549889,3,94,1,0,0,1,0
45,26,56.26261138916016,95080,2,2.6536096561151803,3,0,1,0,0,0,0
62,41,69.48601531982422,90952,3,0.4803523802554716,2,239,1,0,0,0,0
33,2,24.12594223022461,93247,4,0.7723894072400339,2,0,0,0,0,1,0
63,38,55.3252067565918,90032,3,0.4062502820237146,1,0,1,0,0,0,0
60,33,95.4416732788086,92145,3,1.4347927660079498,1,0,1,1,0,0,0
57,31,73.32583618164062,94562,2,5.09326556163606,1,0,0,1,1,1,0
39,11,16.1409854888916,94842,3,2.0093199877936163,2,0,0,0,0,0,0
44,12,170.0757598876953,94207,2,2.254140017768458,1,0,1,0,0,1,0
33,0,31.111780166625977,94542,4,0.1480541261657573,1,0,0,0,0,1,0
41,24,123.6307144165039,91742,2,2.461194627264633,3,0,1,0,0,0,0
49,20,51.58171844482422,92417,2,0.0143129796678191,2,334,0,0,0,0,0
42,13,60.753604888916016,95685,3,0.0224898791955973,3,145,0,0,0,1,0
60,27,147.31686401367188,92775,1,3.29009664654452,1,0,0,0,0,1,0
46,34,36.407264709472656,96074,1,1.3101171212309772,2,0,0,0,0,1,0
31,15,23.305463790893555,94490,2,1.8929531202497127,1,322,0,1,0,0,0
52,31,34.41065216064453,92045,3,1.818839337918715,2,0,0,0,0,1,0
30,17,50.73737335205078,96246,4,1.9519169602350352,3,113,1,0,0,1,0
56,35,179.6140594482422,89692,4,5.105175870257838,2,0,0,0,0,1,1
46,17,86.43082427978516,90132,3,2.643497392862723,1,0,1,0,0,1,0
37,25,77.75834655761719,91896,1,1.461522136580703,3,0,0,0,0,1,0
66,40,53.84909057617188,91089,1,0.3055161499401698,1,0,0,0,0,0,0
51,23,153.41912841796875,91269,1,5.224646163900027,1,0,0,0,0,0,0
24,-1,97.75578308105467,91393,2,3.11987109606044,1,147,0,0,0,0,0
41,22,111.81301879882812,91124,2,0.9620926436513048,3,0,0,0,0,0,0
34,5,44.64177703857422,96522,4,0.5571774815842481,1,0,0,0,0,1,0
39,14,53.54036712646485,94329,1,0.7552111092665038,3,375,0,0,0,0,0
32,11,97.53890228271484,91436,1,1.7902735018128464,2,445,0,0,0,0,0
48,18,87.755859375,89833,1,1.8187928158711009,3,0,0,0,0,1,0
47,25,109.17485809326172,95616,1,3.275074906002024,2,199,1,0,0,1,1
64,35,48.93387985229492,93803,3,1.8285496195230495,3,0,1,0,0,1,0
41,8,54.75294876098633,94649,2,1.9722271998420573,2,0,0,1,0,1,0
47,22,164.1774139404297,94425,1,1.5181555169706058,1,0,1,0,0,1,0
28,15,41.23522186279297,95586,2,0.6899336104936102,1,0,0,0,0,1,0
55,21,24.519441604614254,93058,4,0.2313932136523012,3,0,0,1,0,0,0
62,41,74.41547393798828,90485,1,0.7477508715874891,1,0,0,0,0,0,0
40,16,79.66401672363281,91460,1,4.430917808313527,3,0,0,1,0,1,0
33,6,120.1511459350586,91492,1,1.186445811506196,1,0,1,0,0,1,0
60,37,30.299257278442383,95384,2,1.6527349459187624,2,78,0,0,0,1,0
48,30,23.80306053161621,93993,1,0.1589803113809475,3,0,0,0,0,1,0
60,37,90.5282974243164,92872,2,0.6266362125820255,1,0,1,1,0,0,0
27,1,35.848731994628906,93815,4,1.5258847586515434,1,0,0,0,0,0,0
32,12,88.04804229736328,91875,3,1.8112121830004904,1,0,1,0,0,0,0
53,29,68.6849365234375,96297,1,2.537703766590806,1,0,0,0,0,0,0
50,28,128.1982879638672,94330,2,0.1316590783189511,1,0,0,0,0,0,0
35,11,47.3153190612793,91922,4,1.636641758202312,2,218,0,0,0,1,0
50,32,25.472923278808597,90501,2,2.283837129987011,2,0,1,0,0,0,0
57,6,57.12839889526367,95286,1,0.971570291523354,2,0,0,0,0,1,0
54,31,43.14930725097656,90751,1,1.322666213576543,1,0,0,0,0,1,0
47,30,161.60464477539062,91567,2,3.301469675216405,3,253,0,0,0,0,1
58,31,39.54220581054688,90335,1,1.8323320181083589,1,0,1,0,0,0,0
29,1,75.74527740478516,93500,2,2.626867728916349,3,0,1,0,0,1,0
57,30,44.22648620605469,94414,2,2.080375236718037,3,0,1,0,0,0,0
56,34,60.14623260498047,89999,2,1.1013242147534448,1,0,1,0,0,1,0
62,36,87.77388763427734,93915,2,0.4121867704313822,1,0,0,0,0,0,0
60,36,72.67928314208984,95006,1,2.862991255131246,3,0,0,0,0,0,1
61,34,73.2079086303711,94063,3,0.4274135902996925,1,151,0,0,0,0,0
61,34,95.1066436767578,94314,4,3.9923374878379687,1,0,0,0,0,0,0
30,6,81.35836791992188,92064,4,2.5094826642053585,1,0,0,1,0,0,0
39,8,182.2108459472656,95553,1,4.23907681756124,2,414,0,1,1,1,1
39,25,68.51927185058594,94202,2,3.363896885973216,1,131,1,0,0,1,0
35,25,67.5096435546875,92793,3,1.1272844541695963,2,0,0,0,0,1,0
45,19,17.234291076660156,96305,2,0.5935769185668287,3,87,1,1,0,1,0
33,10,127.4951171875,94932,2,1.646246400413426,1,0,1,0,0,1,0
29,7,90.27274322509766,90738,2,2.175702047950251,1,0,1,0,0,1,0
43,36,68.98420715332031,91637,2,2.1897577797525902,1,102,1,0,0,0,0
31,6,69.52604675292969,93013,2,1.6164002213560762,3,0,0,0,0,0,0
41,26,59.39763641357422,93164,3,1.553819256226148,1,129,1,0,0,0,0
27,2,80.07038116455078,93723,4,1.698315891538544,1,0,0,0,0,0,0
40,18,33.15446472167969,95808,4,0.2549635147770979,3,0,0,1,0,1,0
53,37,86.07801055908203,93214,3,4.00728830784061,1,220,0,1,0,0,0
35,10,45.72618103027344,91015,4,1.0669192777536427,1,121,0,0,0,0,0
45,12,63.74602890014648,94902,2,2.906157427397169,1,0,0,0,0,1,0
50,20,58.164154052734375,91808,3,1.389451221681199,1,0,0,0,0,1,0
64,41,43.64282989501953,90507,3,0.6765123783009943,1,0,0,0,0,0,0
59,34,9.581811904907228,95405,1,0.5103248177968245,1,0,0,0,0,1,0
48,31,38.731388092041016,95062,4,0.5373697469672898,2,104,1,0,0,0,0
62,36,36.53822326660156,91001,3,1.0661465543024282,2,0,0,0,0,1,0
55,28,171.3174285888672,94493,3,6.667549238772817,2,513,1,0,1,1,1
61,34,51.36598205566406,95039,1,0.2714673594876643,2,111,0,0,0,0,0
34,7,56.92377471923828,93172,1,1.1516431235394404,3,0,0,0,0,1,0
42,23,68.70587921142578,94974,3,1.6428102569983416,1,155,1,0,0,0,0
45,29,27.944305419921875,92453,4,2.517722748134815,2,0,0,1,0,0,0
41,15,138.3341064453125,91710,2,6.118115189107633,1,200,0,0,0,0,0
58,31,95.31914520263672,93101,4,4.885154117947083,1,0,0,0,0,1,1
34,12,148.2027587890625,94536,2,4.416788855018923,1,127,0,1,0,1,0
47,18,58.21321868896485,92023,1,2.0020456655636854,3,0,0,0,0,0,0
31,6,16.58896255493164,93398,4,0.8954264176740556,3,0,1,0,0,0,0
51,24,19.29135513305664,95223,4,0.9863762738115176,1,152,0,0,0,0,0
56,27,146.6034393310547,92849,4,1.6717304537264892,2,0,0,0,0,0,1
24,0,53.95255661010742,92954,1,0.0244751511832077,1,0,0,0,0,1,0
33,5,42.42760848999024,91919,1,2.840152325244099,1,147,1,0,0,1,0
48,31,46.22286224365234,94390,4,2.103662240220842,1,0,1,0,0,1,0
29,4,72.55996704101562,94195,4,2.55631495930216,2,0,0,0,0,1,0
32,5,135.49029541015625,89952,1,1.89705249161837,2,0,0,0,0,1,1
58,28,173.45852661132812,95719,2,6.988944441482625,2,0,0,0,0,0,1
37,14,129.0348663330078,91815,1,6.952699646128783,1,0,0,0,0,0,0
43,16,132.03465270996094,91244,1,5.0816874669759,1,0,0,1,0,0,0
66,39,62.444095611572266,96338,1,0.2362926956427828,2,243,0,0,0,1,0
44,20,24.643836975097656,94767,4,0.1663023025398399,1,151,0,0,0,1,0
31,7,20.293983459472656,90166,4,1.1542577303677255,1,0,0,0,0,0,0
40,11,154.26321411132812,92361,1,3.08147425010395,3,462,0,0,0,0,0
63,40,81.61856842041016,91544,4,1.798876739776491,3,0,0,0,0,0,0
35,12,57.43166732788086,91063,4,1.3866434333690687,2,0,0,0,0,1,0
62,36,45.96466827392578,93940,4,0.3522273640114988,1,0,0,0,0,1,0
61,34,22.001155853271484,94426,3,1.6671583386994968,3,0,0,1,0,1,0
28,2,118.95121002197266,94146,2,0.6322079920499982,1,189,0,0,0,1,0
31,7,30.665340423583984,91985,3,1.9649745062875152,3,135,0,0,0,1,0
35,27,21.64109230041504,93294,2,2.263862611499805,2,0,0,0,0,1,0
45,20,52.84394836425781,96110,4,2.005384150227598,1,388,0,0,0,1,0
45,26,136.7069549560547,94875,1,2.889979947501357,1,0,0,0,0,1,0
42,20,12.565224647521973,92943,1,0.5002161735304393,2,119,0,0,0,0,0
27,4,11.276837348937988,92170,3,1.2965295765391804,2,106,0,0,0,1,0
45,22,55.31166458129883,95745,1,2.0470532856018053,2,0,1,0,0,0,0
44,25,93.494384765625,92927,1,4.325422057921197,1,0,0,0,0,0,0
52,33,52.62859725952149,93964,4,0.4982511422153106,1,0,0,0,0,0,0
33,7,80.8853988647461,94425,2,2.43041019081001,2,0,0,0,0,0,0
45,21,91.741455078125,95196,3,2.6695365174297265,2,0,0,0,0,0,0
34,3,26.58719253540039,90983,1,2.264424910776203,3,85,0,0,0,1,0
31,3,38.273345947265625,92379,4,0.9113475444422058,1,0,0,0,0,0,0
66,39,14.12751293182373,95150,4,0.0271101896021697,1,185,1,0,0,1,0
43,10,91.0652313232422,94112,1,0.4317947252329035,1,0,0,1,0,1,0
46,23,103.35443878173828,94249,4,0.5772795834067133,1,0,1,0,0,0,0
32,10,76.96279907226562,90318,2,0.20975285625889,2,0,0,0,0,1,1
31,9,94.1843490600586,94760,2,0.7825323690439691,1,0,1,0,0,0,0
41,21,98.55231475830078,91505,2,3.1631344841614664,3,172,1,1,1,1,0
65,39,83.88001251220703,94385,1,1.1319188743952562,1,0,0,0,0,0,0
36,15,56.25618743896485,92661,2,0.225403388658624,3,0,0,0,0,0,0
41,5,134.61837768554688,94449,3,1.1692918815866666,3,0,0,0,0,0,1
58,35,111.94002532958984,92039,3,0.401123909301076,3,209,1,0,0,0,0
33,8,52.85730743408203,93189,4,1.7380052336615357,1,202,1,0,0,1,0
61,32,61.26463317871094,95281,1,1.960734573546129,2,0,0,0,0,1,0
48,30,49.3966178894043,95619,2,0.0784113038476069,1,0,0,0,0,0,0
36,10,46.78315353393555,95030,4,2.033678266204548,1,0,1,0,0,1,0
51,21,58.95173645019531,96260,1,0.2315636317192695,3,0,1,0,1,1,0
35,9,158.52883911132812,90076,2,2.518703471596337,3,0,1,0,0,0,0
39,24,123.89777374267578,90782,2,0.3740258373900829,3,0,0,0,1,1,0
61,31,123.24344635009766,92129,2,2.1715567265410143,1,0,0,1,0,1,0
56,16,59.00892639160156,92439,4,2.260176518840665,1,0,0,0,0,1,0
32,2,81.99125671386719,92761,2,0.7501976109113796,1,86,1,0,0,1,0
27,0,90.52910614013672,93501,1,5.209772111108048,1,0,0,0,0,0,0
35,7,15.642757415771484,92880,1,0.4023357503919144,2,0,1,0,0,1,0
65,40,53.07379913330078,94214,4,2.0282401951375766,3,0,0,0,0,0,0
29,3,75.5954360961914,94215,1,1.8210218026968568,3,0,0,0,0,0,0
32,4,136.19232177734375,91299,2,2.3671579511332004,2,0,0,0,0,1,0
52,27,82.69562530517578,90070,1,1.782049352969273,3,0,1,0,0,0,0
28,5,52.17530059814453,95755,2,1.60157872786145,3,184,1,1,1,1,0
58,32,78.76566314697266,92135,3,0.0995492332902019,1,0,0,0,0,1,0
35,8,96.47233581542967,93936,2,3.2419509561183064,1,216,0,0,0,0,0
40,15,178.30430603027344,90983,1,0.667269200225067,1,214,0,0,0,1,0
42,17,164.30859375,95430,2,1.6869040691649957,1,316,0,0,0,1,0
60,31,36.9425048828125,95330,3,0.6218200928161716,3,93,1,0,0,1,0
57,33,73.70771026611328,90609,2,2.6856483354322704,1,227,0,0,0,0,0
41,14,114.8638687133789,92344,1,4.194710333832798,1,0,0,0,0,0,0
51,25,66.80884552001953,91046,2,0.806144424768779,1,0,0,0,0,1,0
59,34,73.54459381103516,94949,4,1.8585222573704991,3,0,0,0,0,1,0
37,18,18.044353485107425,90544,4,0.7682010175254845,2,0,1,0,0,1,0
53,27,87.20025634765625,92101,1,0.5321819932514027,1,0,0,1,0,0,0
33,9,47.22754669189453,94125,1,1.7472264606957983,3,0,1,0,0,1,0
35,25,92.59099578857422,91841,4,3.024891691404626,1,0,1,0,0,1,0
58,32,13.454383850097656,92991,2,0.5727884728364823,3,108,0,0,0,0,0
34,3,82.93303680419922,93987,2,1.406686730091336,1,0,0,1,0,0,0
43,24,19.04401397705078,95332,2,0.1083838955093736,2,0,0,0,0,0,0
55,24,113.08104705810548,93448,2,0.5973678113236099,1,241,0,0,0,1,0
38,8,59.49629974365234,94647,3,0.5106173366942119,2,142,0,0,0,1,0
58,39,139.6290283203125,91865,3,3.5848330702002618,2,0,0,0,0,1,1
44,19,94.84040832519533,92087,4,0.4042010572322462,2,0,0,0,0,1,0
35,10,56.23637390136719,93068,2,1.792597793268226,2,105,0,1,1,1,0
54,26,138.18995666503906,93082,2,1.984907479544229,2,0,1,1,1,1,1
41,24,29.686450958251957,93536,4,2.252595521733177,1,111,1,1,0,0,0
49,27,172.74514770507812,92883,1,5.87674582706376,1,0,0,0,0,1,0
36,8,10.921234130859377,95688,4,0.0832194531417439,3,72,0,0,0,1,0
59,39,159.89695739746094,94869,2,2.1650892502153627,1,0,1,0,0,0,1
43,25,37.11585235595703,91011,1,0.6085602279608608,2,0,1,0,0,0,0
33,6,18.45616149902344,94045,3,0.3855628831957101,2,0,0,0,0,0,0
62,34,53.37002944946289,93086,1,4.884456469883964,1,0,0,0,0,0,0
44,25,179.5623321533203,93147,2,7.092653732157247,1,0,1,0,0,0,0
58,40,29.298437118530277,91766,2,0.932074949471928,3,0,1,1,1,1,0
55,36,51.82553482055664,94704,2,0.8733225820155742,3,0,0,0,0,1,0
42,16,56.12843322753906,94603,2,0.3025513271042417,1,0,0,0,0,0,0
64,40,81.61238861083984,90131,2,4.434173691727413,3,0,1,0,0,0,0
46,19,29.620166778564453,90067,3,0.5125862043343424,3,0,1,0,0,0,0
66,40,81.9093246459961,91693,3,2.229528668112081,2,179,0,0,0,0,0
60,34,58.624122619628906,94525,2,0.777551611432195,3,0,1,0,0,1,0
38,23,125.2995834350586,95530,3,0.1365021787473994,2,0,0,0,1,1,0
63,37,42.98276901245117,93033,4,2.849254557649221,2,0,0,0,0,0,0
66,38,86.7410888671875,94428,1,1.377013082262649,1,199,0,0,0,0,0
45,5,76.55500793457031,95382,2,0.9144923835765372,3,0,0,0,0,1,1
50,39,106.30901336669922,95545,1,3.560718341549069,2,0,0,0,0,0,0
27,2,26.22850799560547,94119,3,0.1241516909480676,2,0,0,0,0,1,0
51,27,68.62197875976562,91950,1,0.589310703416331,3,0,0,0,0,1,0
43,19,59.0272102355957,94330,1,1.1897360818056697,3,0,0,0,0,1,0
42,12,51.10026931762695,95603,4,0.9725574589857336,1,0,0,0,0,1,0
55,30,43.37583541870117,92858,4,1.052961642176054,2,0,1,0,0,1,0
37,22,10.232462882995604,93679,2,0.5581381864743948,3,0,1,0,0,0,0
62,35,163.65493774414062,94731,3,2.579620803702349,2,0,1,0,1,0,1
59,28,165.74783325195312,91388,3,1.718077757192738,3,0,0,0,0,1,1
63,41,160.9221954345703,95529,4,3.965549683401439,3,386,0,0,0,0,1
29,4,58.58761978149414,95421,1,3.4730601897352664,3,0,0,0,0,0,0
56,26,43.00758361816406,95045,3,0.389357032173722,2,0,1,0,0,1,0
66,39,29.301803588867188,94011,2,1.4725155148897768,3,0,0,1,0,1,0
46,18,160.19168090820312,94584,1,3.9034810555782826,1,0,0,0,0,1,0
44,14,15.41767692565918,95435,3,1.253832366774154,2,0,0,0,0,1,0
39,17,62.55792236328125,92333,2,1.215279477311071,2,0,0,0,0,1,0
51,26,112.9559555053711,94767,2,7.568807895818334,2,0,1,0,0,0,1
62,37,81.88602447509766,92230,1,1.942611702702532,1,0,0,0,0,0,0
30,8,27.843509674072266,92665,4,0.3373851103049908,1,0,0,0,0,0,0
41,21,57.61213684082031,94695,3,2.4246403059567867,3,0,1,0,0,0,0
26,2,133.95802307128906,92129,1,1.5108717879024205,1,382,0,0,0,0,0
61,38,24.77743530273437,94452,4,0.3494223149478748,2,0,0,0,0,1,0
61,36,20.80913543701172,94621,1,0.6153225063309158,3,0,0,0,0,1,0
31,5,37.91279602050781,94240,3,1.8596429703752464,2,0,0,0,0,0,0
61,31,40.19308853149414,94611,4,1.1608099526927962,1,0,0,0,0,0,0
32,7,42.47772216796875,94460,2,1.519494128006153,2,0,1,0,0,0,0
45,19,80.01676177978516,90446,3,0.5538411317361236,1,0,1,0,0,1,0
45,23,26.047727584838867,93661,3,1.2327951093320362,2,0,1,0,0,1,0
40,28,115.652099609375,94481,3,2.4356478691054573,1,0,0,0,0,1,0
32,7,82.66155242919922,94974,2,3.5355775825233056,2,119,0,0,0,0,0
55,24,14.400988578796388,92390,3,0.07463653589836,1,0,1,0,0,0,0
31,10,21.556615829467773,95114,2,1.441664922885519,1,0,0,0,0,0,0
32,4,22.276763916015625,94550,4,2.31015093711475,2,0,0,0,0,0,0
36,6,78.29707336425781,94762,3,1.0040927143583074,2,0,1,0,0,1,0
46,14,61.564788818359375,94781,4,0.147146122363134,1,153,0,0,0,0,0
54,29,102.55900573730467,95685,2,5.77866267039523,2,0,0,0,0,0,0
52,21,136.1905975341797,92889,4,1.585136449939927,3,0,0,0,0,1,0
63,39,59.380184173583984,93824,3,0.3470522521086794,1,0,1,0,0,0,0
63,36,49.27059555053711,94250,4,1.3583040253768242,2,0,0,0,0,1,0
59,34,40.523868560791016,91499,2,0.6680396292049876,1,207,0,0,0,1,0
35,10,133.02886962890625,92926,2,1.643579207121992,1,0,0,0,0,1,0
52,17,24.89731788635254,94651,4,0.1557897095204883,2,94,1,0,0,1,0
54,31,22.19364547729492,94743,2,0.2235305990675565,2,0,0,0,0,0,0
59,28,92.56513214111328,95656,1,0.0950068828226845,3,0,0,0,0,0,0
33,7,45.58382415771485,94239,2,2.0649326936626498,2,0,0,0,0,1,0
33,4,38.8552360534668,95453,4,0.4883998136004507,2,0,0,0,0,1,0
36,12,116.74605560302734,94964,3,1.9750490471159088,2,0,0,0,0,1,1
59,26,75.13858032226562,95339,1,1.450362652501294,3,0,0,0,0,0,0
40,18,83.17876434326172,90506,4,0.5282705623602209,2,112,0,0,0,0,0
64,38,16.712881088256836,92168,2,0.0541827255114502,1,101,0,0,0,0,0
59,37,125.4084243774414,95403,2,2.507124814711956,1,231,0,0,0,0,0
48,32,63.50043869018555,94395,4,1.2873179000483963,1,0,0,0,0,1,0
25,3,26.16356086730957,93193,2,0.0581953728146074,3,0,0,0,0,1,0
54,33,38.7684326171875,94666,3,2.207476543129252,1,110,0,0,0,1,0
36,19,43.5701789855957,95262,2,0.2471223614738464,1,121,0,0,0,0,0
54,26,16.67160415649414,91989,4,0.6435942063145002,3,97,0,0,0,0,0
28,3,32.97710418701172,92728,2,0.4027492904882133,3,0,0,0,0,0,0
38,7,93.18655395507812,96230,3,4.339706033591185,1,0,1,1,1,0,1
31,3,52.5034294128418,90139,4,1.8634885567388608,3,0,0,0,0,0,1
30,14,11.155513763427734,93215,2,0.2650553496210511,1,0,1,0,0,0,0
56,38,29.263721466064453,94203,1,0.1833362470418794,3,0,0,1,0,0,0
47,23,43.09088897705078,92697,2,3.034743134398344,2,153,0,0,0,0,0
63,39,88.49623107910156,91010,2,0.9145164345555026,1,161,0,0,0,1,0
62,37,109.60076141357422,91290,3,0.1130115068735957,1,0,0,0,0,0,0
61,36,66.4547119140625,92953,3,0.1417170898296121,2,0,1,0,1,1,0
29,1,22.51403045654297,92951,4,0.0679891556291592,1,0,0,0,0,0,0
49,25,73.7490005493164,92147,1,2.786029142135912,2,0,0,0,0,0,0
57,12,104.70782470703124,93892,3,2.1083143865318568,1,0,0,0,0,0,0
64,38,99.61858367919922,92663,4,1.397318476083235,3,0,1,0,0,0,0
46,20,165.86532592773438,92672,2,2.071584029061545,1,0,1,0,0,0,0
49,24,73.52745819091797,95335,2,1.8768775583845916,1,0,0,0,0,0,0
31,6,38.62508392333984,94777,2,2.1121567516898585,1,0,1,0,0,1,0
48,22,65.06917572021484,94618,3,1.4187385756320838,2,0,0,0,0,1,0
44,20,53.62848281860352,93487,2,0.171208972063533,3,118,1,0,1,1,0
26,26,159.14320373535156,90087,4,4.094814411373102,1,0,0,0,0,0,1
37,11,46.613502502441406,91660,3,0.440755400459649,2,0,0,0,0,0,0
30,6,97.08257293701172,93036,4,0.4524811336134324,1,0,0,0,0,1,0
57,31,12.114594459533691,92763,1,0.046957378998685,2,0,0,0,0,1,0
46,21,127.31399536132812,95656,4,2.563136533790765,2,0,0,0,0,1,1
42,15,66.67412567138672,94054,1,2.817269329793924,3,330,1,1,0,1,0
51,17,54.409610748291016,92564,1,0.5021554522864786,3,0,1,0,0,1,0
46,13,38.2919921875,94928,2,0.3385856562792014,1,0,1,0,0,0,0
56,33,125.8267593383789,94107,2,1.1949194496143325,1,141,0,0,0,0,0
56,23,88.5526351928711,95174,4,2.3467678206968507,3,0,0,0,0,0,0
41,27,18.56967544555664,94110,2,0.5684547765630323,3,158,1,0,0,0,0
39,16,114.00906372070312,94606,2,4.292250215996536,1,0,0,0,0,0,0
42,16,83.7695541381836,91837,4,1.404605664643283,3,0,0,0,0,1,0
43,25,155.8280029296875,94634,3,0.4489363790419864,3,0,0,0,0,1,0
56,33,26.67401885986328,92261,4,0.2252923059275599,1,395,0,0,0,1,0
64,41,58.789310455322266,94344,3,0.5096310272688629,1,0,1,0,0,0,0
39,11,59.63982009887695,94364,3,1.4315545317546163,2,181,0,0,0,0,0
30,6,124.30525207519533,94078,1,6.486577978511517,1,385,0,0,0,0,0
36,13,28.72114562988281,90079,3,0.9329785206491266,1,0,0,1,0,0,0
37,10,131.72850036621094,92036,2,1.3306957066794134,1,0,0,0,0,1,0
29,2,40.9251708984375,93565,1,1.42957266103882,1,0,0,0,0,1,0
52,33,130.37765502929688,89918,1,5.266158457886551,1,0,1,0,0,0,0
61,40,72.83401489257812,92334,4,0.9338727358315052,1,0,1,0,0,1,0
46,25,105.801025390625,94325,4,2.711135422615097,2,0,0,0,0,0,0
47,29,48.8433723449707,90031,3,0.6291779407254006,1,0,0,0,0,0,0
36,14,63.448020935058594,91728,2,5.823338765468674,1,0,0,1,0,1,0
39,14,76.45036315917969,94235,2,1.925893688289555,1,0,1,0,0,1,0
34,9,100.63886260986328,94154,2,0.4034201176488348,1,104,1,0,0,1,0
52,30,127.0828094482422,94898,1,9.352124369382423,2,0,0,0,0,0,1
43,13,63.38021087646485,95226,4,0.5883643754475766,2,0,1,0,0,1,0
62,11,66.80216217041016,90865,2,2.0137512602310483,3,300,0,0,0,0,0
60,33,26.617454528808597,94498,2,1.5961538654908876,3,77,0,0,0,0,0
54,29,33.92226028442383,95148,2,0.7488326362248152,3,0,0,0,0,0,0
57,35,50.17937088012695,92815,1,0.3166910200972463,1,376,1,0,0,0,0
28,7,46.6212043762207,93536,3,0.1105053789510472,2,0,1,1,0,0,0
45,12,21.96142578125,92464,1,1.7849601844096634,2,0,0,1,0,1,0
28,2,150.38351440429688,90306,2,6.4764925178367285,1,0,0,0,0,0,0
59,30,30.851577758789062,90476,2,0.5813921908210878,3,0,0,0,0,1,0
57,34,46.475128173828125,92195,1,0.8488587540844111,3,390,0,0,0,0,0
48,27,75.81149291992188,90350,2,3.762598889282716,1,0,1,0,0,1,0
54,30,55.30271530151367,94779,4,1.2506197102801533,1,0,0,0,0,0,0
53,29,67.40708923339844,96293,2,1.3762602119071337,3,0,0,0,0,0,0
29,3,70.96044921875,95619,2,2.1431402355748435,2,0,0,0,0,1,0
28,10,57.489654541015625,95898,3,0.2206200946899954,2,251,0,0,0,1,0
51,21,48.302734375,91673,3,0.734329482239305,3,143,0,0,0,0,0
61,38,15.843433380126951,92338,4,0.5661953404836992,3,0,1,0,0,1,0
32,8,47.37540817260742,93292,4,2.4182768310866214,3,0,0,0,0,1,0
59,36,23.670639038085938,93208,4,1.7781903459973685,3,0,0,1,0,1,0
47,29,89.31044006347656,92114,1,0.859903845278513,2,0,0,0,0,1,0
48,18,82.07083892822266,95592,2,4.251433687803869,1,0,0,1,0,1,0
42,23,96.63732147216795,92246,1,4.299572968501991,3,235,1,0,0,1,0
59,33,68.31393432617188,94629,2,2.268945335753613,3,0,0,1,0,0,0
46,12,73.49327087402344,95048,3,0.346586911467924,2,0,1,0,0,0,0
37,22,169.59791564941406,90143,2,6.195343806935326,1,0,0,0,0,1,0
59,41,57.446685791015625,94682,4,0.4532778727591092,1,523,1,0,0,1,0
60,33,49.72352600097656,95529,1,1.8885688433486552,2,0,0,0,0,1,0
45,13,61.47307586669922,94377,1,0.0962060839775268,1,101,0,0,0,1,0
26,1,46.592769622802734,94702,1,1.4032889845381011,1,0,0,0,0,1,0
37,16,38.32722473144531,93979,2,0.9060731543614904,3,0,1,0,0,0,0
29,20,47.37057495117188,92500,3,1.462038674832159,1,319,1,0,0,0,0
38,8,23.48091125488281,94971,4,2.3717677602824763,1,0,1,0,0,1,0
27,3,54.385135650634766,93447,2,2.026315418432567,2,0,0,0,0,1,0
61,32,51.39386367797852,94247,3,0.753435627498183,2,0,0,0,0,0,0
30,23,59.60905838012695,92055,1,1.023466127474257,2,69,1,0,0,0,0
28,3,36.95313262939453,94102,1,1.5862747829203472,3,0,0,0,0,0,0
58,33,43.68429946899414,90402,1,1.940104756318348,1,156,1,0,0,0,0
40,15,51.758060455322266,90104,4,2.9624694171722727,1,0,0,0,0,0,0
49,23,44.1395378112793,91810,1,0.5035658292166614,3,126,0,0,0,1,0
50,21,22.835134506225582,93149,4,1.0355182332362096,1,152,1,0,0,0,0
25,-2,105.20648956298828,91538,4,0.6673713408672816,2,0,0,0,0,0,0
49,25,22.122255325317383,93088,1,1.7635277518347687,3,0,1,1,1,1,0
28,5,87.99497985839844,92829,4,1.3919874615682477,2,0,1,0,1,1,0
42,20,72.66818237304688,92885,4,0.4990264011096902,2,0,1,0,0,0,0
51,23,35.85934829711914,91941,1,0.2510773612682125,1,0,1,1,1,1,0
53,26,98.27994537353516,94233,2,1.0621964176676078,1,91,0,0,0,1,0
45,20,93.96678161621094,95288,1,0.125534564054037,2,0,0,1,0,1,0
55,28,53.183048248291016,94704,1,0.0771106909387556,3,0,0,0,0,0,0
63,41,71.00263214111328,95484,2,2.710904073832804,2,0,1,1,1,1,0
55,30,38.385780334472656,94427,2,0.4095859614099972,3,155,1,0,1,1,0
58,35,25.24018859863281,89952,3,1.7531498663580265,2,0,0,0,0,0,0
44,23,35.36862564086914,93943,3,1.8461700675274568,3,171,1,0,0,1,0
37,14,49.82150650024414,90316,4,1.5785479163773557,1,0,1,0,0,1,0
34,9,114.17292785644533,90360,1,0.5467191766559214,1,0,1,0,0,0,1
67,41,93.67606353759766,92137,2,1.3254136803404617,1,105,0,0,0,1,0
39,7,65.99100494384766,90427,4,1.8176103815349949,1,0,0,0,0,0,0
56,32,89.14749908447266,94156,4,1.387115522872378,2,0,0,0,0,1,0
32,4,12.6734619140625,93705,4,0.6476691873326037,3,0,0,0,0,0,0
48,32,48.69097518920898,94144,4,1.3005035597020655,2,0,0,0,0,1,0
28,4,182.8199920654297,94381,1,2.611462728498357,1,329,0,0,0,0,0
65,39,55.07281494140625,90719,2,1.5406428760037214,1,0,0,0,0,1,0
62,40,141.02694702148438,92167,4,1.37791939419588,2,0,1,1,1,1,0
61,37,122.38595581054688,92477,1,1.7797596376988116,1,0,1,0,0,0,0
61,39,36.816932678222656,92933,4,0.928049147669596,3,0,0,0,0,0,0
64,35,53.95594024658203,92761,2,0.3351753636847492,3,325,0,0,0,1,0
45,22,60.7122802734375,92538,2,0.0443984580072118,1,0,0,0,0,0,0
56,23,49.22150421142578,93558,4,0.489139409056526,3,0,0,0,0,0,0
66,36,28.821155548095703,94821,2,0.2275180894373626,3,94,0,0,0,1,0
48,13,63.56095504760742,90296,4,2.2339674584440945,2,0,0,1,0,1,0
28,2,51.50923156738281,94368,3,0.1534770891029053,3,200,0,0,0,1,0
46,38,43.7718391418457,91739,1,0.8318865952203931,1,107,1,0,0,0,0
30,6,219.93414306640625,90306,1,8.256470514634794,1,409,0,0,0,1,0
31,4,36.93558120727539,92390,1,1.518538109294531,3,0,0,0,0,0,0
63,32,85.66429901123047,94974,3,0.5263775256836098,3,0,1,1,1,1,0
62,33,62.39862823486328,91842,1,3.152353321510966,3,0,0,0,0,1,0
37,5,198.2037506103516,95956,2,5.25082380150043,1,268,1,0,0,1,0
44,18,144.0134735107422,94421,2,8.297724727553671,1,0,0,0,0,1,0
45,20,34.313682556152344,94326,1,1.546893191157851,3,0,0,0,0,1,0
30,6,43.72288513183594,93040,4,2.1301154610265085,3,0,0,0,0,1,0
39,9,131.49000549316406,94611,1,0.4148852051889427,3,289,0,0,0,1,0
28,4,73.67034912109375,93257,1,1.5681873002593618,3,0,1,0,0,1,0
51,30,208.85340881347656,94751,2,8.27496901369357,1,0,1,0,0,0,0
41,18,71.55050659179688,92157,2,1.238028608639567,1,0,1,0,0,1,0
51,31,55.30953979492188,94205,4,1.2000026988490895,2,0,1,0,0,1,0
55,29,23.14007568359375,90012,4,0.911058503921392,1,0,0,1,0,0,0
59,27,44.133907318115234,94772,4,2.551324678691405,1,0,0,0,0,0,0
45,19,143.96875,93240,2,5.485332078776795,1,0,0,0,0,1,0
52,28,185.1284637451172,95235,2,8.179745500050604,1,0,0,1,0,1,0
44,24,79.13967895507812,94898,2,2.3391175708075416,1,0,0,0,0,0,0
67,40,51.75386428833008,95805,4,1.997665403615352,3,148,0,0,0,0,0
34,10,77.88539123535156,95986,2,0.4279516639251355,1,0,0,0,0,1,0
47,26,145.24710083007812,94513,3,4.0600561359000285,3,0,0,0,0,1,1
29,11,94.96615600585938,94299,2,1.4088681083142718,3,0,1,0,0,0,0
24,11,110.29757690429688,94513,2,1.714103779878667,1,0,0,0,0,1,0
39,8,39.854248046875,90362,4,1.79395839767984,2,115,0,0,0,1,0
28,5,44.6318244934082,91887,2,2.2789497743622373,2,0,1,0,0,1,0
55,29,44.76237869262695,93174,4,1.4663319417014065,3,0,0,0,0,0,0
35,8,43.72136688232422,94171,1,2.3365313898840223,2,0,1,1,1,1,0
50,19,20.886518478393555,92314,4,1.537730643276634,2,0,0,0,0,1,0
40,8,168.93063354492188,96603,2,2.1613662874487374,1,0,0,0,0,0,0
59,33,46.25151443481445,95513,1,2.8442289046050444,1,346,0,0,0,1,0
62,37,110.96598815917967,92595,2,1.6251513369854331,1,0,0,0,0,1,0
62,40,37.06193923950195,94164,2,0.4207495642275602,1,0,1,0,0,1,0
57,31,29.483051300048828,95879,3,0.304083740571558,3,0,1,0,0,1,0
47,26,49.11863708496094,93932,4,0.3272339985450123,1,0,1,0,0,1,0
42,13,54.65338516235352,93038,1,1.8991623820022332,3,0,0,1,0,0,0
44,13,30.194141387939453,95043,2,3.856459418741057,1,0,0,0,0,0,0
53,30,93.91409301757812,94542,1,0.7919022145077693,3,0,1,0,1,1,0
48,23,50.90656661987305,94538,3,0.6180754737562493,1,0,0,0,0,1,0
56,39,29.226152420043945,92500,1,1.929995846189342,1,0,0,0,0,1,0
27,1,36.2815055847168,90022,1,0.3385408669561731,3,0,0,1,0,0,0
42,19,104.8734359741211,93854,1,4.077372455716698,1,0,0,0,0,1,0
60,40,36.01141357421875,95458,2,0.5662070538120402,3,0,0,0,0,0,0
46,24,52.75494766235352,92933,2,0.1484990301849503,1,0,1,0,0,0,0
42,6,63.38201141357422,90238,3,2.031798500719837,2,0,0,0,0,1,0
33,6,102.48130798339844,94415,2,0.7312075554482698,2,0,0,1,0,1,0
53,32,39.071807861328125,95251,3,1.7287106404721102,1,0,0,0,0,1,0
36,17,21.940235137939453,91878,1,1.0095354098083789,3,0,0,0,0,0,0
39,25,124.7694320678711,90900,2,2.2271310529140047,3,441,0,1,0,0,0
60,35,144.64743041992188,92064,1,2.1779534326903383,1,238,1,1,1,1,0
36,10,125.4116668701172,94746,1,2.974415896029812,1,0,1,0,0,1,1
48,29,14.219830513000488,93553,4,0.449704173771372,3,105,0,0,0,1,0
64,37,38.24322128295898,94170,4,1.828954679810373,2,0,0,0,0,0,0
50,21,75.392333984375,90161,3,1.6566320666245749,3,0,0,0,0,0,0
51,30,162.778564453125,95805,2,6.8389325129052265,1,0,0,0,0,1,0
63,42,29.308034896850582,91023,2,0.5992909616322314,3,0,0,0,0,0,0
45,24,158.21417236328125,94264,2,1.9618047874578632,2,0,0,0,0,1,1
29,6,42.15392303466797,95242,4,2.5385198137747707,2,0,1,0,0,1,0
35,3,199.72796630859372,96037,2,4.368965534128346,1,0,0,0,0,1,1
43,23,42.619964599609375,93219,2,0.3820549821136464,1,0,0,0,0,0,0
57,34,71.66986083984375,94237,3,0.1271579906868692,3,0,1,0,0,0,0
49,21,41.006343841552734,95232,4,1.8839500845739352,2,0,0,0,0,1,0
48,24,60.49186706542969,95710,2,2.9483532422107848,1,0,1,0,0,1,0
38,7,36.66307830810547,90113,4,1.0427164387223675,3,0,0,0,0,1,0
58,33,129.2340087890625,93171,2,2.0221326055201256,1,0,1,0,0,0,0
44,17,86.23912048339844,91667,3,0.0257818597382027,1,0,0,0,0,0,0
41,8,67.57887268066406,92533,1,1.6601637519629482,3,0,0,1,0,0,0
56,34,19.24980926513672,95070,3,0.8423868678883609,1,106,0,0,0,1,0
26,4,101.4502410888672,90433,1,0.254344087068603,3,0,1,1,0,0,0
30,33,179.317138671875,95004,1,5.545066659374253,1,0,0,0,0,1,0
61,36,161.1876983642578,90064,4,0.6549375066318783,3,0,0,0,0,0,1
36,2,50.29019546508789,94140,4,3.042243169034628,3,0,0,0,0,1,0
48,33,35.37787628173828,91828,1,2.5144984959937595,1,0,1,0,0,0,0
62,31,32.38539123535156,94477,1,0.3642077507721424,2,102,0,0,0,1,0
43,20,12.346253395080566,94899,4,0.4458196803785791,1,0,0,1,0,0,0
53,28,153.89315795898438,94836,1,5.13030726199908,3,488,0,0,0,0,1
34,14,91.285888671875,90822,2,2.3132417172113944,3,0,1,0,0,0,0
64,38,62.46541595458984,92071,3,3.688329130809871,1,0,0,0,0,0,1
64,37,18.03120231628418,95143,2,0.7151096600971424,2,0,0,0,0,1,0
62,31,41.42585754394531,92644,4,1.116128017817731,3,0,0,0,0,1,0
65,39,42.94308471679688,94298,2,0.6116649305016345,2,0,0,0,0,0,0
40,17,81.21153259277344,94217,4,0.177725895085347,1,0,0,0,0,0,0
46,17,82.90046691894531,91273,1,2.2722393983415263,1,0,0,0,0,1,0
61,33,137.95347595214844,94901,4,7.077080498412911,3,182,1,0,0,1,1
42,21,94.73761749267578,91518,3,2.505857299918277,2,0,1,0,0,0,0
39,17,185.87945556640625,94870,2,3.464417424699439,2,141,1,0,1,1,1
60,35,48.634674072265625,90530,1,2.571140043551833,3,0,0,0,0,1,0
51,28,41.63719177246094,92286,4,2.0290130977154712,3,97,0,1,0,0,0
49,32,66.21913146972656,90108,1,3.0840168325213426,1,156,1,0,0,0,0
45,15,156.4998779296875,93726,2,2.2895827491972662,1,0,0,0,0,0,0
48,25,192.11297607421875,92932,2,7.056892163037057,1,0,0,0,0,1,0
33,14,27.573265075683597,91268,2,2.109575096520334,1,0,0,0,0,1,0
51,22,41.59534454345703,89958,4,0.5208778980097417,2,0,0,0,0,0,0
37,10,70.71699523925781,91289,2,0.4492798452574006,3,0,0,0,0,1,0
26,1,97.2780990600586,95152,3,1.3281243175832145,2,0,0,0,0,1,0
39,11,42.60383605957031,94558,3,2.2744656439963284,3,0,0,0,0,0,0
64,38,51.64965057373047,95271,3,0.4630776935335187,2,102,0,0,0,1,0
60,35,175.43194580078125,90228,2,7.613962185251569,1,0,0,0,0,0,0
36,16,156.15835571289062,95663,2,6.530871360071338,1,0,1,0,0,1,0
64,37,122.78450012207033,91026,2,1.453256810939385,1,0,0,0,0,1,0
60,32,77.64442443847656,92426,2,0.2237759683621747,1,90,0,0,0,0,0
28,5,177.34742736816406,91642,3,4.050827936645203,2,396,0,0,0,1,1
59,32,97.98065185546876,92987,1,1.5746955903402078,3,0,0,0,0,0,0
50,22,69.02505493164062,91504,2,1.9841432106857173,2,0,0,0,0,0,0
43,8,57.90986251831055,91180,3,1.7999979461022804,3,0,0,0,0,1,0
52,23,117.8816909790039,90640,1,5.438217691590002,3,0,0,1,0,0,0
39,9,153.27052307128906,90236,2,2.551485254280605,1,151,0,0,0,1,0
30,1,175.4183349609375,91928,1,3.1163177267958457,1,0,1,0,0,0,0
43,15,88.39196014404297,94639,2,2.2448005387396064,1,0,1,0,0,1,0
45,22,61.25736618041992,94969,4,3.9092331145531,2,0,0,0,0,0,0
44,23,54.10368347167969,90995,1,2.9351258775134497,3,123,0,0,0,0,0
57,29,109.7043685913086,90164,3,1.274053284049756,2,260,0,0,0,1,0
32,4,47.80551910400391,91546,2,0.1794003221914827,3,99,1,0,0,0,0
50,33,69.59320068359375,90234,4,1.5748233805262055,1,0,0,0,0,0,0
51,26,59.45827102661133,94975,1,0.6860046060441779,2,0,1,0,0,0,0
51,30,38.055694580078125,95759,4,0.9598488330010224,3,0,0,0,0,0,0
31,19,142.43997192382812,94495,2,0.5749308851206504,3,165,0,0,0,1,1
58,33,51.83734130859375,95535,2,0.1887798153469752,3,0,0,0,0,1,0
47,24,100.32579040527344,90599,3,1.410415987384672,3,0,0,0,0,0,0
43,18,42.72118377685547,95054,2,0.8342405269783685,1,0,0,0,0,1,0
51,21,163.61207580566406,92805,1,1.0109967889589226,2,0,0,0,0,1,1
49,27,54.63973236083984,90113,4,0.0776104036737038,2,0,0,0,0,1,0
61,34,55.20604705810547,94272,2,1.5827220618264293,1,143,0,0,0,0,0
65,42,19.577537536621094,90424,3,1.0658753457000725,2,109,0,0,0,1,0
54,30,17.250730514526367,92933,3,1.0084034496826075,2,100,0,0,0,1,0
54,19,89.8572006225586,91687,2,3.38451879044216,1,0,0,0,0,0,0
58,26,47.07467269897461,91132,1,0.1347657999205075,1,166,0,0,0,0,0
61,34,116.9730224609375,91062,4,2.68157342181784,1,265,0,0,0,0,0
57,27,74.78290557861328,90216,1,2.777640180487317,2,0,0,0,0,0,0
40,18,152.97433471679688,94829,2,3.4618149939875367,1,0,1,0,0,1,0
34,8,98.8430404663086,92227,3,0.7593346827862578,3,0,0,0,0,0,1
64,40,61.9122200012207,92564,2,0.6861774876461045,3,0,0,0,0,0,0
45,14,68.88752746582031,91160,4,2.166843175122419,2,0,0,0,0,0,0
50,27,43.73091125488281,92159,2,2.4417424603492317,1,0,0,0,0,1,0
43,24,87.82052612304688,91310,2,1.1457904126558756,1,0,0,0,0,1,0
62,34,29.08271598815918,89966,1,2.868378009106405,3,261,0,0,0,1,0
27,0,114.90096282958984,92097,1,4.588477163867742,1,0,1,0,0,1,1
31,2,43.24787139892578,95030,4,2.5321416552123206,2,0,0,0,0,0,0
52,17,62.94780731201172,92389,2,1.1469458080032338,1,0,0,0,0,0,0
30,2,14.647473335266112,93793,4,1.3408261154888104,3,0,1,0,0,1,0
32,8,64.88509368896484,94579,3,2.244285186854301,2,0,0,0,0,0,0
30,6,22.53525924682617,90396,4,0.32217112157644,2,98,0,0,0,1,0
25,2,114.14897918701172,92047,1,0.7761765002114894,1,0,0,0,0,1,0
32,9,126.0161590576172,90583,3,1.6360002847336954,2,0,0,1,0,1,0
36,9,71.70545959472656,89882,1,2.6242242299953045,1,0,0,0,0,1,0
41,26,127.67461395263672,94196,1,3.698058057764776,3,388,0,0,0,1,1
66,38,133.65127563476562,95851,2,6.62624851221002,1,0,0,0,0,1,0
54,33,143.23756408691406,89954,1,2.04852100819126,1,0,0,0,0,1,0
39,8,126.59382629394533,90989,1,2.812460793132499,1,259,0,1,0,0,0
52,24,30.9595890045166,92106,2,0.8991139316390563,3,0,1,0,0,1,0
48,17,57.825660705566406,94804,4,0.9073053940193728,1,0,1,1,0,0,0
46,23,61.45626068115234,92195,4,0.8032543443488142,2,107,0,0,0,1,0
30,7,46.84297943115234,94631,3,0.6376389059712523,1,0,0,0,0,1,0
48,19,59.18691253662109,92910,2,0.4028331751676724,3,0,0,0,0,1,0
63,35,178.52516174316406,90150,2,2.319099764867869,2,0,0,0,0,1,1
50,22,96.20997619628906,92477,2,1.4450483401335088,2,0,0,0,0,0,0
64,41,162.81246948242188,95114,4,2.266453182534457,3,398,1,0,0,1,1
54,30,113.17632293701172,90787,3,3.9833857856441375,1,0,1,0,0,1,0
31,4,44.92097473144531,92119,1,0.1442691467067309,3,0,1,0,0,0,0
59,28,152.37989807128906,90016,3,5.620706119947836,2,0,0,0,0,1,1
57,34,66.58193969726562,95430,3,0.2639006795843909,2,0,0,0,0,0,0
27,1,44.493412017822266,91859,2,2.638647947656941,3,0,0,0,0,0,0
40,6,63.82426834106445,92133,1,0.4032709241044866,3,113,0,0,0,0,0
55,26,34.62355041503906,92312,4,1.9181107058379097,3,0,1,0,0,1,0
55,30,43.41672134399414,90116,1,1.5956130086838498,3,0,1,1,1,1,0
45,16,44.221317291259766,95450,1,2.0487700896814176,2,0,1,0,0,0,0
57,25,79.40971374511719,95202,2,2.5200391408568703,1,0,1,0,0,0,0
64,39,88.29634094238281,94309,3,1.6691578594282517,1,0,1,0,0,0,0
27,2,56.0750617980957,95080,2,0.2176735492781439,1,0,0,0,0,1,0
60,34,42.18592834472656,90299,1,1.7695964499106676,1,0,0,0,0,1,0
64,34,157.9501495361328,96061,2,0.7872064847113042,1,201,1,0,0,0,0
40,15,75.92913055419922,95831,3,2.2000968100395863,1,0,0,0,0,0,0
28,9,49.60604476928711,94279,4,2.411098919195824,1,0,1,0,0,0,0
47,19,69.305419921875,92068,4,1.7355457205921854,3,0,0,0,0,1,0
44,27,40.24091720581055,93002,4,0.5488772974084473,3,0,0,0,0,0,0
57,33,89.28913879394531,92847,1,1.6182545964185586,1,0,0,0,0,1,0
28,13,15.408496856689451,94453,1,0.2110997335589871,3,0,1,0,0,0,0
37,20,52.492794036865234,92101,2,0.0633262728765662,2,0,0,0,0,1,0
42,12,30.31929588317871,94837,3,1.0310494413185718,2,157,0,0,0,1,0
44,29,75.58710479736328,90437,2,1.167936206190949,2,0,0,0,0,0,0
43,25,29.8848876953125,90201,4,1.1160992059635828,3,0,0,0,0,1,0
57,32,173.222412109375,91710,2,6.913351265831422,1,0,0,0,0,1,0
41,18,157.0360565185547,95015,3,4.683963333009134,3,0,1,0,0,0,1
57,34,67.8923568725586,91792,3,1.7214783026551137,2,0,0,0,0,1,0
42,16,95.63111877441406,92954,1,1.514207999461401,3,0,1,0,0,0,0
33,9,87.24119567871094,94230,1,1.5463453425294869,1,222,1,0,0,1,0
44,22,39.695587158203125,94199,3,1.8024659813179331,3,0,0,1,0,0,0
41,25,83.72805786132812,95162,4,1.9972031350555832,3,0,0,0,0,0,0
27,7,80.35438537597656,92137,2,1.8372215614852931,2,0,0,0,0,0,0
40,20,51.30975341796875,92015,4,1.126238413734698,3,0,0,0,0,0,0
24,3,57.78647232055664,91976,4,0.5117838714230979,1,0,1,0,0,1,0
28,8,112.63339233398438,93152,4,5.713146300387845,3,112,0,0,0,1,0
30,17,27.410594940185547,91986,4,1.8829253256341063,1,0,0,0,0,1,0
40,21,43.68126678466797,93573,4,1.4164320667826449,2,0,0,0,0,0,0
64,37,104.33025360107422,96173,2,2.355755467427908,1,0,0,0,0,0,0
42,7,117.6533660888672,92615,1,3.158175546630521,1,0,0,0,0,0,0
63,33,95.2414321899414,94579,1,1.8798552451657613,1,0,0,0,0,0,0
34,0,74.26970672607422,95386,3,2.445859211891266,1,0,0,0,0,0,0
28,2,53.480918884277344,95031,3,1.0828574848186063,3,147,0,0,0,0,0
47,13,138.55259704589844,94677,1,2.953915959210144,1,0,1,0,0,0,0
42,15,68.89177703857422,95384,2,0.9913091889450416,3,319,0,0,0,1,0
57,29,125.74967956542967,95244,3,0.391584639167414,1,0,1,0,0,0,0
35,6,45.329872131347656,91007,2,2.622300102507553,1,0,0,0,0,1,0
53,28,39.62468719482422,90094,2,2.349782753397707,1,144,1,1,1,1,0
34,7,50.26930618286133,91369,4,0.1239589747507498,3,0,0,0,0,0,0
31,6,60.27768707275391,93910,3,1.1675582848054955,2,0,0,0,0,0,0
29,5,47.91702651977539,94237,4,0.1750194933218929,2,0,0,0,0,0,0
50,24,68.0627212524414,94480,4,0.5769168705115232,1,0,1,0,0,1,0
32,10,137.6927490234375,94662,3,1.683713944641237,1,235,0,0,0,1,1
43,11,64.96697998046875,93078,1,0.7297082808517427,3,0,0,0,0,1,0
58,29,95.5391845703125,94245,2,2.940281797443844,1,0,1,0,0,1,0
58,33,71.8431625366211,94981,1,1.301718099050476,3,0,1,0,0,1,0
64,39,22.18041610717773,90238,3,1.4515264405509334,1,0,0,0,0,1,0
44,28,189.86663818359372,91323,2,5.72967779420981,1,0,1,0,0,1,0
41,23,139.67587280273438,95453,2,8.137314410848392,1,0,0,0,0,1,0
56,39,78.67169189453125,92677,4,1.4147845138133623,2,0,0,0,0,1,0
30,1,119.26765441894533,91651,3,2.7739305443283047,2,0,0,0,0,0,0
35,14,28.627342224121094,94825,2,1.5925162080078727,1,0,0,0,0,0,0
27,3,169.90040588378906,94562,4,7.967775692757871,2,0,0,0,1,1,1
38,21,49.853126525878906,95830,4,2.8937824165736776,2,151,0,0,0,1,0
63,35,49.98625183105469,92346,3,1.470300490922875,3,0,0,0,0,0,0
57,31,147.1204833984375,91935,2,1.2844218682392607,1,467,0,0,0,1,0
42,16,62.62538528442383,92431,2,0.3807493155494452,1,0,1,0,0,1,0
60,36,73.29113006591797,91425,2,0.3591282116844494,3,390,1,0,0,1,0
46,16,75.82584381103516,90322,3,0.4290200284310234,1,0,0,0,0,0,0
55,35,17.979143142700195,91945,3,0.5167130870225923,2,115,1,1,0,0,0
33,2,26.966285705566406,92124,2,0.688610308225182,3,101,0,0,0,1,0
42,15,62.60026550292969,91189,2,3.342728009425209,3,257,0,1,0,1,0
38,22,92.67601776123048,91096,1,4.4789881844346615,1,136,1,0,0,0,0
61,34,40.69806671142578,90104,1,0.0611812306283999,3,151,0,0,0,0,0
31,6,77.58641815185547,94309,1,0.2665378605969228,1,0,0,0,0,0,0
57,41,44.89976501464844,90166,4,1.7620247912814817,1,0,1,0,0,1,0
62,35,169.30682373046875,92198,1,6.009250369390182,3,0,1,0,1,1,1
39,26,90.99217224121094,95105,2,3.6632872309844258,3,217,0,1,0,0,0
43,28,55.6983757019043,90270,3,0.6215728347223914,3,0,1,0,0,1,0
35,16,48.65324783325195,90998,1,0.844990541452907,3,0,0,0,0,0,0
57,30,99.44507598876952,94601,4,1.1483573979034034,1,0,0,0,0,1,0
56,28,183.50868225097656,89935,2,1.83765776220614,1,0,0,0,0,1,0
26,3,65.18692016601562,94413,4,1.8484797771233463,2,0,0,0,0,1,0
39,11,55.03507232666016,92802,3,0.4705530600552206,2,135,1,0,0,1,0
30,1,26.137168884277344,94517,3,0.628614598554721,1,111,0,0,0,0,0
42,15,64.72077941894531,95568,1,1.334110687246261,3,0,0,1,0,1,0
28,2,30.79155540466309,93289,4,0.5930743487770288,2,114,0,0,0,0,0
27,0,41.51118087768555,94902,1,0.9110700593951936,1,0,0,0,0,1,0
59,33,86.89262390136719,92976,1,0.395199943450551,1,0,0,0,0,0,0
41,18,70.58509826660156,91274,2,1.4324148336949851,3,0,1,0,0,1,0
37,4,34.51982879638672,93289,4,1.2208331106666006,2,0,0,0,0,1,0
38,18,36.2686767578125,94501,2,0.921252205698312,1,0,1,0,0,0,0
42,17,41.53789138793945,91333,4,0.0820597825126422,1,138,0,0,0,1,0
36,24,126.0122299194336,95446,2,1.7354069568766062,1,0,0,1,0,0,0
28,6,21.37579345703125,94329,4,1.0375661379209062,2,0,0,1,0,1,0
38,18,51.56272506713867,90980,4,0.9694367077562756,2,0,0,0,0,1,0
28,3,81.42920684814453,91511,4,1.586966308820002,2,0,0,0,0,1,0
51,27,35.839141845703125,92518,4,1.6397641119673796,3,0,1,0,0,1,0
40,22,88.55276489257812,95309,1,1.297171232265718,1,0,1,1,1,1,0
59,27,183.05593872070312,92381,2,4.790285365054697,1,0,0,0,0,1,0
41,17,188.41845703125,94325,2,5.147149650771371,1,135,0,0,0,0,0
28,2,33.18943786621094,93955,2,1.5695043800170332,2,149,0,0,0,1,0
41,15,80.25853729248047,89928,1,3.6759316247003366,2,0,0,1,0,0,1
52,24,127.74009704589844,95088,1,0.5822977095299979,1,0,1,0,0,0,0
62,38,89.42922973632812,94007,4,2.886217911061918,1,0,0,1,0,1,0
58,38,48.83640670776367,90158,4,2.268774242848868,3,0,1,0,0,0,0
52,23,150.70262145996094,90093,2,6.662787713770499,1,0,0,0,0,0,0
35,6,10.483028411865234,95665,3,0.426359330064271,2,0,0,0,0,1,0
44,11,111.75149536132812,95307,1,1.843007185713928,3,302,0,0,0,0,0
32,3,24.995500564575195,95559,3,0.635089407959643,3,0,0,0,0,1,0
41,16,95.9910888671875,90913,3,1.2810802445654144,1,0,1,0,0,0,0
28,1,49.66725158691406,92669,2,0.829433396475247,2,0,1,0,0,0,0
65,40,73.72499084472656,94757,2,1.116328081081051,1,223,1,0,0,0,0
38,20,182.4823455810547,94554,4,0.5258762498644021,3,0,0,0,0,0,1
58,22,19.222064971923828,95468,3,0.7130072723281923,1,0,0,0,0,1,0
30,6,88.0046157836914,95459,2,0.0625070857642315,1,149,0,0,0,1,0
62,37,66.95779418945312,90003,3,0.3743868020086853,2,0,0,0,0,1,1
44,13,21.326114654541016,94497,1,0.2576504345689288,2,0,0,0,0,1,0
52,37,121.56488037109376,91515,2,2.947567471346332,1,0,0,0,0,0,0
31,15,37.34505844116211,94769,1,0.4791996731103451,3,291,1,0,1,1,0
44,18,169.8325958251953,90679,1,0.1984037790800263,1,0,0,0,0,0,0
40,21,79.51810455322266,91511,1,0.6053328393066055,3,239,0,0,0,1,0
62,36,101.81546020507812,90116,2,2.3958515571460093,3,237,1,0,0,1,0
43,20,181.08908081054688,92788,2,3.1617769657812382,1,408,0,0,0,1,0
42,33,48.83492660522461,96171,3,1.5077464429882512,3,0,0,0,0,1,0
41,8,19.85611343383789,94309,3,0.3881477888326042,2,0,0,0,0,0,0
47,18,34.427711486816406,89884,1,1.1615775352555842,3,0,0,0,0,0,0
26,6,179.08370971679688,94532,4,7.236810514089249,3,0,0,0,0,0,1
28,2,70.3963623046875,95373,3,0.4398591804406672,2,248,1,0,0,1,0
64,37,74.7614974975586,91493,4,1.602759700968141,2,0,0,0,0,1,0
29,9,167.5209197998047,94938,1,1.8014059980953754,1,331,1,0,0,1,1
26,0,53.03208541870117,92160,4,3.043104839657742,1,0,0,1,0,0,0
41,7,168.99549865722656,94891,2,7.920885448428116,2,159,1,0,1,1,1
32,7,77.98640441894531,94657,2,1.812834022229835,1,0,1,0,0,1,0
39,8,35.32598114013672,96325,3,0.5825210799774299,2,0,0,0,0,1,0
46,22,34.037818908691406,93751,1,0.3578280253756626,2,0,0,0,0,0,0
41,22,141.59706115722656,92293,2,1.913032633881402,3,0,1,0,0,0,0
40,11,172.95094299316406,93615,1,2.497122237076417,1,0,0,0,0,0,0
47,23,133.54544067382812,91995,4,3.647321892206859,3,0,0,0,0,0,1
51,21,19.387432098388672,93842,4,0.2300700356029597,3,0,0,1,1,1,0
25,1,91.9163818359375,93908,4,1.0976531695048042,3,0,0,0,0,1,0
59,33,32.08948516845703,92299,2,1.0775694172454064,1,103,0,1,0,0,0
43,15,179.16226196289062,95633,2,7.611984617238222,1,0,0,0,0,1,0
50,31,46.09723663330078,95404,2,0.7634763606274547,1,0,0,0,0,1,0
59,34,87.3426284790039,95246,2,2.138639449150385,1,0,1,0,0,0,0
64,41,76.99112701416016,93929,2,3.036103443047104,1,102,0,0,0,1,0
59,27,44.94905090332031,91034,1,0.2532781951653918,2,0,1,0,0,0,0
58,35,59.99311828613281,94660,1,0.324666311805986,1,0,1,1,0,1,0
62,36,81.25843811035156,92098,1,3.5212188546917305,1,379,0,0,0,1,0
32,8,89.84854888916016,94240,2,3.6248279776226697,1,0,0,0,0,0,0
38,15,116.72723388671876,91225,3,3.0822193841505565,3,0,1,0,0,0,1
30,5,39.38519287109375,95080,4,0.8252865469880825,2,0,0,0,0,1,0
56,36,40.7080192565918,93677,1,0.2688458083370398,2,0,0,0,0,0,0
35,17,130.2236328125,95272,2,0.0804395910273252,1,0,0,0,0,1,0
60,37,18.428808212280277,93436,4,0.3396581318161873,1,0,0,0,0,1,0
31,6,110.0803680419922,94978,1,0.6734725391016865,1,0,1,0,0,1,0
28,6,151.3406982421875,90189,1,4.828521254011413,3,0,0,0,0,1,1
37,13,197.36102294921875,90530,4,3.903687872691956,2,0,1,1,1,1,1
40,11,69.50141143798828,92344,1,2.2291724676984144,2,156,0,1,0,1,0
59,35,49.413570404052734,92073,4,1.6815977730481253,1,108,0,1,0,0,0
41,14,118.15599060058594,96013,3,8.809017672376672,1,0,1,0,0,0,0
30,0,144.5884246826172,90493,1,2.9503695563495844,2,0,0,1,0,1,1
27,0,50.72892761230469,94155,4,1.6467959413203006,3,0,0,1,0,0,0
47,22,69.08905029296875,95323,2,1.9712618392534915,3,0,0,0,0,1,0
39,24,30.9686336517334,92501,1,0.3328568560191811,3,0,0,0,0,0,0
45,29,48.90460205078125,95172,1,1.1024609389978166,3,82,0,0,0,0,1
62,34,80.0201187133789,94107,2,0.2322427231693746,1,100,0,0,0,1,0
28,7,56.80337142944336,90084,3,5.240573105581384,2,97,0,1,0,1,1
53,22,192.4291839599609,92790,2,4.023916408949093,1,0,0,0,0,0,0
35,12,92.5979232788086,95046,2,2.651979044834756,1,0,0,0,0,1,0
32,7,21.307697296142575,95067,2,0.0731918677622626,3,109,1,0,0,1,0
56,30,62.09358596801758,94472,3,0.8556269114976475,2,0,0,0,0,0,0
46,23,50.40021514892578,90396,1,1.1210801364464815,2,123,0,0,0,1,0
28,3,78.93372344970703,93873,3,0.0469469330409769,1,177,0,0,0,1,0
49,37,18.41213607788086,94321,2,0.3884559771472051,1,134,0,1,0,1,0
51,32,155.43896484375,94660,1,3.391489912501285,1,369,1,0,0,1,0
63,35,18.239532470703125,93756,2,0.3951463069744388,3,0,0,0,0,0,0
48,24,65.70759582519531,95119,4,1.2753430625467337,1,0,1,0,0,0,0
44,20,43.302284240722656,93318,4,1.637606338219609,1,0,1,1,0,1,0
50,15,95.0498504638672,95966,1,3.731166274092139,1,0,0,0,0,0,0
29,12,82.16185760498047,94336,3,0.2906893924581217,1,214,1,0,0,1,0
39,24,67.53287506103516,92207,2,1.9718621716617228,1,0,0,0,0,0,0
47,16,129.51559448242188,95412,2,5.544326932330863,1,274,1,1,0,1,0
47,21,37.67237091064453,94460,4,3.085199354125701,2,0,0,0,0,1,0
38,18,86.64021301269531,91664,1,1.516962816561174,1,153,1,0,0,0,0
57,33,74.77268981933594,95476,2,1.2397152420586914,1,255,1,0,0,0,0
58,24,29.21861457824707,93858,2,0.2504522872721036,2,0,0,0,0,1,0
33,7,118.89501190185548,93897,3,2.989361483073006,2,0,0,0,0,1,0
38,5,102.0640640258789,94613,1,2.2029906937165906,1,0,1,0,0,0,0
60,34,57.05427169799805,94533,4,1.159656355781641,3,0,0,0,0,0,0
55,36,38.37636566162109,91530,1,1.3888088954433395,3,0,1,0,0,0,0
24,0,45.03950119018555,94441,4,1.3020827615363362,1,0,0,0,0,0,0
28,1,169.89764404296875,92757,4,2.2199119792400803,2,0,0,0,0,1,0
33,5,21.125259399414062,93251,1,0.7168698234137212,1,0,0,0,0,1,0
62,37,113.28217315673828,94984,1,1.125066232982778,3,0,1,0,0,1,0
64,30,25.1013298034668,92533,2,0.6243698895230905,3,0,0,0,0,0,0
59,31,74.24958801269531,90587,1,1.228022159562178,1,438,0,0,0,1,0
44,11,190.9926300048828,92061,1,3.283237565498613,1,0,1,0,0,0,0
29,3,155.0690155029297,93775,1,3.3019538422984405,1,0,0,0,0,0,0
32,5,123.95883178710938,92168,3,0.8829381395113503,3,0,1,0,0,0,0
30,8,75.69874572753906,94675,4,3.387098680153453,3,0,0,0,0,1,0
35,9,69.19137573242188,93063,1,0.9587289109917662,2,89,0,0,0,1,0
44,29,55.49493408203125,94031,2,1.044250704629842,1,132,1,0,0,1,0
62,25,38.89108276367188,90511,4,3.9038775799669327,1,0,0,0,0,0,0
54,28,18.514629364013672,94501,1,0.4879151671811779,3,158,1,0,0,1,0
62,34,26.420743942260746,91653,1,1.058975126649394,3,81,1,0,0,1,0
31,8,33.62628173828125,95676,4,1.738820975779651,1,0,0,0,0,1,0
35,13,36.80747985839844,94870,1,2.490418498938749,2,0,0,0,0,1,0
49,24,55.87132263183594,92090,4,1.6112065409388938,1,0,1,0,0,1,0
51,34,50.294681549072266,91874,3,0.1168964392995196,3,190,0,0,0,1,0
34,1,90.7244110107422,95758,4,1.1301210657833272,1,0,0,0,0,1,0
54,38,45.25656509399414,92071,1,0.3007899573940005,3,0,1,0,0,0,0
31,12,158.41146850585938,94407,1,5.969924486975129,1,0,0,1,0,1,0
40,22,39.49861145019531,90062,2,0.2548572219474642,3,0,1,0,0,1,0
34,11,122.386962890625,93900,1,2.340387687633412,3,0,1,0,0,0,0
63,37,35.731468200683594,92822,4,1.2247171511180552,2,158,1,0,0,1,0
29,5,32.60480880737305,95488,4,0.4925132876543082,2,103,0,0,0,1,0
58,32,38.76586151123047,94165,4,1.8697413270360972,3,0,0,0,0,1,0
32,15,46.39714431762695,91241,2,0.8244833891333312,3,0,0,0,0,1,0
60,36,60.01258087158203,93936,4,0.6754258885195878,1,0,0,0,0,0,0
47,25,82.26228332519531,91971,4,1.3613105860776078,1,0,0,0,0,1,0
47,22,77.39856719970703,95070,4,0.3423007637430593,3,0,0,0,0,0,0
33,6,64.0670166015625,90106,1,1.9084698513644984,2,0,0,0,0,1,0
55,24,32.72180938720703,94107,3,0.8514786462188886,2,139,0,0,0,1,0
58,22,42.5927734375,90475,2,2.1062478646532283,3,0,0,1,0,1,0
58,28,35.950233459472656,89933,1,0.3418109629455374,3,160,0,1,0,0,0
62,40,13.80658721923828,91824,1,1.1278829190449502,3,61,0,0,0,1,0
41,22,55.389644622802734,96529,1,2.09425618398938,1,231,0,0,0,1,0
60,37,45.9637336730957,91872,2,1.2031902328512796,1,0,0,0,0,1,0
40,13,140.2008514404297,93101,4,1.2346801702122336,3,0,1,0,1,1,0
41,13,111.008056640625,92673,1,0.2047329659097398,3,0,0,0,0,1,0
41,5,30.18836784362793,95043,2,0.6316673349876494,2,149,1,0,0,1,0
51,35,61.84997177124024,95810,4,2.3028315367457397,2,0,0,1,0,0,0
60,33,47.94005584716797,94799,2,1.9499060587771837,1,0,0,0,0,0,0
58,23,42.29943084716797,94077,2,0.7086207066910932,3,356,0,0,0,1,0
63,37,60.72517776489258,95312,3,0.4086116283809046,2,0,0,0,0,0,0
42,13,27.217863082885746,94247,1,1.0698359593727649,3,0,0,1,0,1,0
54,34,35.81155014038086,91159,2,0.2672584297930644,1,79,1,0,0,1,0
28,6,78.69943237304688,94303,4,1.3509735494564992,1,0,0,0,0,0,0
56,32,29.602489471435547,94903,3,0.2207314275612398,2,0,0,1,1,1,0
53,29,51.1211166381836,92801,3,0.4714498944970673,2,134,0,0,0,1,0
39,16,40.61785888671875,91977,3,0.9337906168086644,1,0,1,1,1,1,0
39,16,38.3508415222168,95730,4,1.2651125582923766,2,0,0,0,0,1,0
55,16,119.85526275634766,91334,2,1.6411962479300573,1,0,1,0,0,0,0
60,34,32.044883728027344,94349,3,1.3567394857932649,2,0,0,0,0,1,0
37,20,90.1885986328125,95211,4,1.0160779637401811,1,0,1,0,0,1,0
31,5,122.03059387207033,91647,3,1.7268980447062137,3,422,0,0,0,1,0
48,32,46.79383087158203,95821,3,0.413788609853843,1,0,0,0,0,1,0
52,28,32.67255401611328,96049,2,1.08997523588154,3,138,0,0,0,1,0
32,11,38.73357772827149,95399,3,0.7247540877694931,3,0,1,0,0,0,0
50,30,90.6709976196289,92430,1,5.917937370280908,2,0,1,0,0,0,1
56,34,81.690673828125,90245,3,0.1006636815188515,3,0,0,1,0,1,0
36,9,160.9691162109375,94595,2,2.8022205189079505,1,0,0,0,0,1,0
30,6,61.974857330322266,94610,3,1.542421804169657,2,0,0,0,0,0,0
43,17,54.70981216430664,91795,1,0.1131285224397421,3,0,0,0,0,1,0
50,24,54.75596237182617,92093,3,1.5748648689031262,2,0,0,0,0,0,0
61,36,82.18436431884766,89907,2,1.233454485983272,3,0,0,0,0,1,0
34,14,184.15774536132807,94695,2,0.1550920966840231,1,360,0,0,0,1,0
29,23,15.372100830078123,92163,3,1.210984729946564,2,0,0,0,0,1,0
63,39,142.5452423095703,94587,1,6.456524820772916,1,110,0,0,0,0,0
42,19,121.34217834472656,96131,2,7.90070239444053,1,0,0,0,0,1,0
38,13,48.69025421142578,94508,3,1.7925724561359415,2,0,1,0,0,1,0
36,17,81.36363220214844,94324,4,1.2677402234547637,3,0,0,1,0,1,0
31,4,71.05326843261719,91952,2,1.1000457390901994,2,101,1,0,0,1,0
28,0,39.05232238769531,94952,2,2.512372733349701,1,0,0,0,0,1,0
50,29,35.33600234985352,93121,4,1.2892873031560557,1,0,0,1,0,1,0
44,21,89.08686065673828,94823,2,1.243178362379017,3,0,0,1,0,1,0
45,20,35.15916442871094,91223,2,1.1778279550038309,3,0,0,0,0,1,0
63,40,158.1483154296875,91270,1,0.5368855546336773,1,269,0,0,0,1,0
26,13,32.62149810791016,92099,2,0.5501306468655884,2,0,0,0,0,0,0
29,4,65.5964126586914,94830,2,3.1388911867033364,2,0,0,0,0,0,0
58,37,188.497314453125,90304,2,5.90721161925188,1,348,1,0,0,1,0
55,30,45.69357299804688,90208,2,1.957492786878167,3,0,0,1,0,0,0
46,23,46.31352996826172,95237,4,0.7219485151370042,2,0,0,0,0,1,0
26,5,95.68773651123048,92924,3,2.4981765393270967,1,0,1,0,0,0,0
62,37,24.582778930664062,93056,3,0.8345913918448504,1,0,0,0,0,1,0
37,18,194.8848571777344,93944,1,4.8557572225008165,1,397,1,0,0,0,0
33,3,40.82741165161133,94129,4,1.841140146663182,1,99,1,1,0,0,0
55,28,98.76009368896484,95569,4,1.9993208160894584,3,181,0,0,0,1,0
51,23,47.32233428955078,91261,1,0.5277841727883101,3,0,0,0,0,1,0
39,19,33.53187561035156,91256,2,0.3464434716664904,3,0,0,0,0,1,0
48,15,13.829858779907228,94706,1,0.6429013807540978,2,64,1,0,0,1,0
44,13,72.90486907958984,92841,2,1.8517229570762384,3,0,0,0,0,1,0
64,40,94.26058959960938,90316,3,0.2773951311459865,3,0,0,0,0,0,0
60,27,58.32601165771485,95571,2,3.4116570364238403,1,0,0,0,0,0,0
48,23,95.44924926757812,95166,2,3.4405933662093533,1,0,0,0,1,1,1
47,14,20.825899124145508,93520,2,1.4538002384120832,3,181,0,0,0,1,0
31,10,59.183197021484375,92103,2,2.528941865771249,2,216,0,1,0,1,0
49,33,140.21649169921875,94932,1,0.3985224188892965,3,405,1,0,0,0,1
48,21,158.60299682617188,92895,1,0.3110533176129493,3,0,1,0,1,1,1
63,37,61.113563537597656,92558,4,1.3916021466117372,2,0,0,1,0,0,1
66,39,51.541412353515625,92176,1,1.3873041588474568,3,0,0,0,0,0,0
41,9,53.73698425292969,93335,4,1.8195589247153328,1,0,1,0,0,1,0
48,29,28.778972625732425,90415,3,0.5378015219024808,3,0,0,0,0,1,0
32,5,20.06390190124512,94172,4,0.5044133168101308,1,0,1,0,0,0,0
39,5,98.55462646484376,95695,2,7.997904557325935,1,0,1,0,0,0,0
26,2,32.405494689941406,93415,4,0.5242974984007975,3,0,0,0,0,1,0
46,17,20.068748474121094,94083,1,0.2912581275248599,3,0,1,0,0,1,0
39,14,78.83929443359375,91777,4,0.0834900711757849,2,0,1,0,0,1,0
39,20,61.13237380981445,94419,2,0.7513505198743758,3,296,1,0,0,0,0
60,25,156.93414306640625,95368,1,4.547251323390718,1,0,0,0,0,0,0
28,1,60.0621452331543,91203,2,0.0398137870414732,1,0,1,0,0,1,0
42,21,73.53792572021484,92452,3,3.5802272282669025,2,0,0,0,0,1,0
60,41,79.17961883544922,91134,1,0.4488111110631591,2,0,0,0,0,1,0
45,27,56.971771240234375,92281,3,2.527510863208952,1,0,1,0,0,0,0
32,6,81.6932144165039,94653,1,3.785814213675275,1,0,0,1,0,0,0
32,4,140.60354614257812,92127,2,0.9025836386053372,1,0,0,0,0,1,0
59,34,45.20157241821289,92672,1,0.0987452331936872,1,147,1,0,0,0,0
40,11,64.23271942138672,93070,1,0.3744613985183343,1,0,1,0,0,0,0
49,26,172.82098388671875,94193,1,7.60551379379513,1,0,1,0,1,1,0
55,31,80.96114349365234,94599,1,1.2252182976084498,3,0,0,0,0,0,0
49,22,58.23020553588867,94456,2,0.8101668097471351,3,104,0,0,0,1,1
53,28,64.14767456054688,92786,3,2.006102723817722,3,0,0,0,0,1,0
48,16,25.660383224487305,91905,1,1.0777059120948036,2,0,1,0,0,0,0
51,21,49.64789962768555,90086,3,4.279634552705998,2,0,0,0,0,1,0
65,31,60.88087463378906,90928,1,2.78993095451423,3,0,1,0,0,1,0
42,16,46.57451248168945,93917,2,0.2056602680926419,1,81,0,0,0,1,0
47,21,40.442962646484375,94494,4,1.4346620047090175,2,0,0,0,0,0,0
59,40,38.510440826416016,94596,3,0.7074888408586629,2,0,0,0,0,1,0
23,-3,40.0534553527832,91957,2,0.6180863489215604,2,0,0,0,0,0,0
29,7,64.063720703125,90381,2,2.776507491055461,3,0,1,1,0,1,0
51,29,43.18440628051758,93295,2,0.4991118518305746,2,0,0,0,0,0,0
56,28,24.95267868041992,92553,3,0.48813164373769,3,122,0,0,0,0,0
61,38,58.935523986816406,94020,1,2.0880952988808548,1,0,1,0,0,1,0
28,0,121.7726593017578,94364,4,3.5029225572331466,1,0,0,0,0,1,0
34,4,66.39273834228516,96107,2,1.6251616030587597,3,0,0,0,0,1,0
42,35,35.235191345214844,96124,3,2.3340375766363364,2,221,0,0,0,1,0
50,26,141.90960693359375,91920,1,3.503338194500522,1,0,0,0,0,0,0
35,4,27.32239151000977,95488,3,1.711622642383983,1,0,0,0,0,1,0
51,26,62.49576187133789,91204,2,0.9164418384641172,1,0,1,0,0,1,0
53,27,54.08927917480469,92848,2,0.9236109047352158,1,252,0,0,0,1,0
60,26,80.57828521728516,92921,4,1.9685347597037648,2,0,0,0,0,0,0
29,5,94.21826934814452,91940,2,2.954951353749208,1,0,0,0,0,1,0
32,7,78.394775390625,92059,1,0.163004349577847,1,0,0,0,0,1,0
43,15,158.29946899414062,95475,2,5.6785541221188,1,0,0,0,0,1,0
38,6,102.41886138916016,91754,2,7.577767292778999,1,0,1,0,0,1,0
63,39,66.57679748535156,92818,3,2.1624155251035524,2,0,1,0,0,0,0
45,24,145.4145050048828,92803,2,5.492277478620785,1,192,0,1,0,1,0
26,18,30.474872589111328,92637,2,1.7103209564674446,3,111,1,0,0,0,0
40,11,161.6113739013672,90391,2,4.121024254762898,1,224,0,0,0,1,0
33,11,72.04669952392578,90483,4,1.193521858660346,2,0,0,0,0,0,1
32,2,89.19146728515625,90088,1,3.183714403540301,3,0,1,0,0,0,0
38,16,103.26129150390624,93154,2,6.542257658905472,1,0,0,0,0,1,0
38,29,70.29911041259766,95472,3,4.657206383646179,1,0,1,1,0,1,0
48,20,22.143022537231445,92670,1,2.028927971735192,3,0,0,1,1,0,0
36,15,40.00703048706055,94226,1,1.2368487345772228,2,0,0,0,0,0,0
36,21,21.98705291748047,90332,1,0.5090857795362246,3,0,0,1,0,0,0
63,37,26.58418655395508,92574,4,0.2686814408017565,2,136,0,0,0,1,0
64,36,98.4308624267578,95705,2,3.930425562359252,3,0,0,0,0,0,0
53,37,137.0556182861328,94933,3,5.325891790911977,1,0,0,0,0,0,0
43,25,28.54484748840332,92949,3,0.2396698642242487,1,141,0,0,0,1,0
57,36,56.11281204223633,92138,3,2.742641175768589,2,0,1,0,0,1,0
29,23,92.3667221069336,92359,1,3.294190666279037,3,0,0,1,0,0,0
41,16,59.32963180541992,90088,3,1.9811530135659197,1,0,0,0,0,0,0
60,33,41.73806381225586,91510,2,0.7731206259057184,3,0,0,0,0,0,0
48,28,59.08285903930664,93725,1,1.1542884280886907,3,0,0,0,0,1,0
48,28,115.48179626464844,91032,3,0.5937372549002283,2,0,0,0,0,0,0
54,23,56.29657745361328,94079,4,1.96273095712417,2,0,0,1,0,0,0
39,7,100.76799011230467,92314,3,1.2851498852055807,3,0,1,0,0,0,0
37,10,181.32025146484372,92243,4,4.872922267565382,2,0,0,0,0,0,1
42,16,41.11922836303711,93128,2,0.998885668444054,3,110,0,0,0,1,0
54,28,50.50725555419922,90027,3,1.5010519166556144,2,0,0,0,0,0,0
62,36,46.95824813842773,90170,4,0.5374951296511483,3,0,0,0,0,0,0
43,34,152.95091247558594,94211,1,8.639016021890884,1,389,0,0,0,0,0
28,9,63.86903762817383,94636,1,2.6426456438054755,3,0,0,0,0,1,0
53,20,110.3727035522461,92959,2,1.148362594514188,1,0,1,0,0,1,0
44,15,68.06497955322266,90124,2,2.493847580624831,1,105,0,0,0,0,0
45,17,60.26061630249024,96120,1,5.372396452312437,2,0,0,0,0,1,0
63,42,78.16477966308594,93946,4,0.6318765404798783,2,0,0,0,0,0,0
54,20,34.939903259277344,92339,3,1.3268274202762669,2,0,0,1,0,1,0
25,5,84.89817810058594,94063,3,1.6949163492355537,3,0,0,1,0,1,0
57,28,26.47588539123535,92480,2,1.0121074597437378,2,0,0,0,0,1,0
33,10,84.07540130615234,94453,4,0.1825144940272149,1,412,1,0,0,0,0
42,15,116.16205596923828,95661,2,2.3511213677674427,1,0,0,0,0,1,0
66,38,195.57977294921875,92384,3,5.119273069578057,1,386,0,0,0,0,1
55,35,77.39715576171875,92104,2,1.180515568039654,2,0,0,0,0,1,0
37,16,59.867637634277344,90993,1,1.063477466042298,2,0,1,0,0,1,0
43,13,45.00662612915039,92049,2,0.7358396320011433,3,154,0,1,0,1,0
39,12,76.41026306152344,93906,1,1.961725881069453,3,0,0,0,0,1,0
28,-1,68.59754943847656,94379,1,1.708018749812542,1,140,0,0,0,1,0
54,30,32.7095832824707,95380,1,0.1210918459073483,1,0,1,0,0,0,0
51,20,41.0871696472168,94323,4,0.350813215347682,1,0,1,0,0,0,0
62,37,101.15499114990234,92584,1,1.6416837365433552,1,0,0,0,0,0,0
57,25,82.47840881347656,94806,1,0.88625513675194,1,0,0,0,0,1,0
28,5,41.24658966064453,92797,1,0.5155437910035328,3,0,1,0,0,0,0
44,23,108.72863006591795,95150,2,4.5586209353743605,3,0,0,0,0,0,1
42,18,88.54357147216797,90051,4,1.1622868684680163,1,0,1,0,0,1,0
32,9,103.79161071777344,94988,3,0.8385707888820026,3,118,0,0,0,0,1
34,14,50.00200271606445,91485,1,1.2750904322167615,1,0,0,0,0,1,0
54,21,128.69554138183594,90544,3,1.010039802087023,2,0,0,0,0,1,0
49,12,67.65567016601562,91358,2,1.6556451701127428,2,0,0,0,0,0,0
42,3,43.73720932006836,91194,4,1.271361574575915,3,0,0,0,0,1,0
62,37,44.303348541259766,92822,1,0.3253715962996708,3,0,1,0,0,0,0
28,3,105.1077651977539,91961,3,2.765308098773722,2,0,0,0,0,1,0
64,36,75.11576080322266,90160,4,2.278233517711469,2,152,0,1,0,1,0
53,19,13.26108455657959,94535,3,0.4898723028907432,3,0,1,0,0,0,0
29,2,78.4873046875,95795,4,1.9685395064076363,3,259,1,0,0,1,0
41,10,69.75262451171875,94153,2,1.8166097141468036,1,0,0,1,0,0,0
39,13,113.32262420654295,94761,1,2.8627708006168247,1,0,1,0,0,0,0
30,7,105.49053955078124,95350,1,2.0959071062683106,1,0,1,0,0,1,0
39,4,55.62936782836914,94919,3,0.6647587743123422,3,0,0,0,0,1,0
33,7,75.86287689208984,92027,2,3.847674421952735,3,0,0,0,0,1,0
35,14,136.1426239013672,92232,2,5.312423585456904,2,0,0,0,0,0,1
30,9,44.59663391113281,95442,3,2.312625872363569,2,0,1,0,0,0,0
25,10,146.57626342773438,94744,1,8.09882831075368,3,398,0,0,0,1,1
53,28,85.48836517333984,91878,1,0.1343646855644249,2,0,0,0,0,1,0
56,27,148.78321838378906,90467,2,4.428586169813567,2,438,1,0,1,0,1
60,37,62.52021026611328,91647,3,1.0298521254305548,1,188,0,0,0,1,0
44,13,127.9210205078125,93999,2,0.5438554878943561,2,0,0,0,1,1,1
43,24,28.140365600585938,94594,4,0.8102572763499007,2,0,0,0,0,0,0
30,16,53.3914794921875,92215,2,1.951442951535648,2,125,1,0,0,1,0
49,17,48.50354766845703,91393,3,1.041068842176363,2,0,1,0,0,0,0
52,19,35.099700927734375,94113,4,0.2642822826628591,3,0,1,0,0,0,0
62,36,20.08135986328125,95317,2,2.0880025795032737,3,158,0,0,0,1,0
42,9,42.65644836425781,90240,3,4.6064306887394375,1,0,1,0,0,1,0
39,17,121.14126586914062,94571,2,2.2743344081100645,1,0,0,0,0,1,0
65,39,36.437408447265625,95027,2,1.8302654900196145,3,121,0,0,0,1,0
61,29,178.54135131835938,95094,2,3.9256716117693182,1,0,1,0,0,0,1
33,8,61.89170455932617,91960,2,1.1031231631730407,2,0,1,0,0,1,0
37,21,70.20845031738281,91149,1,0.344088926716951,3,0,0,0,0,0,0
60,9,21.88980484008789,93943,4,0.593193472697634,2,75,0,0,0,1,0
56,36,77.09317016601562,91037,3,3.5549652944563315,1,337,1,0,0,1,0
46,26,35.298057556152344,93980,1,0.1641744401148868,1,0,1,0,0,0,0
48,7,99.04561614990234,96274,1,2.083690479010455,3,332,0,0,0,0,1
34,7,40.36547088623047,92217,4,0.3066627956843485,1,0,0,1,0,1,0
45,19,163.67538452148438,92282,2,2.6809347423287617,1,0,0,0,0,1,0
63,30,95.47258758544922,92692,1,0.5477428174193484,1,145,1,0,0,1,0
41,15,50.70919036865234,92006,4,1.030394060691524,3,0,1,0,0,1,0
61,38,17.844778060913086,91910,2,0.266034611605718,3,0,0,0,0,0,0
44,6,12.34893798828125,96126,1,0.1540267001719927,3,0,0,0,0,1,0
40,23,40.50326156616211,94714,4,1.6287917215564007,3,0,0,0,0,0,0
42,22,57.61212921142578,94253,3,1.031363354327294,3,140,0,0,0,1,0
34,4,14.572967529296877,93056,4,0.6648870361241008,1,0,1,0,0,1,0
48,30,107.60468292236328,94429,1,0.7969741693648503,2,0,0,0,0,0,0
38,17,82.01954650878906,94484,1,3.287766322697964,2,0,0,0,0,0,0
28,0,137.25990295410156,96005,1,2.457080667138649,1,339,0,1,0,1,0
43,26,52.81778717041016,90076,2,1.4758267107007383,3,0,0,0,0,1,0
47,11,84.03143310546875,94513,4,3.0832451322738965,1,0,0,0,0,0,0
62,38,73.68184661865234,90267,2,3.948521413663737,1,0,0,0,0,1,0
29,13,48.74926376342773,91130,1,0.0641982889221477,1,0,1,0,0,1,0
31,8,43.90794372558594,94231,4,2.186743571101383,2,154,0,0,0,0,0
31,6,85.45576477050781,95150,1,0.7528351561916815,1,0,0,0,0,1,0
63,40,59.28911209106445,91974,1,2.121005182700427,3,0,0,0,0,0,0
58,34,28.68738174438477,92156,4,1.707862461347184,2,0,0,0,0,1,0
59,38,109.1447296142578,94484,1,5.765890277448028,2,158,0,0,0,0,0
38,13,45.29893112182617,95127,4,0.8572297130470126,1,0,1,0,0,0,0
28,7,28.595535278320312,93411,1,0.1688665868971668,3,103,0,0,0,1,0
34,15,124.50045776367188,94187,2,1.2576122421901172,1,0,0,0,0,1,0
44,21,44.60285186767578,90353,3,0.8987458051978653,2,167,0,0,0,0,0
52,29,21.7668514251709,92580,1,0.6381611078311197,3,0,1,0,0,0,0
61,39,41.736759185791016,92745,3,0.5787220222287245,1,0,1,0,0,0,0
29,3,96.23676300048828,90061,2,2.3166459853314807,1,192,0,0,0,0,0
60,34,56.6431884765625,92789,1,1.0458227876541415,3,0,0,1,0,1,0
52,22,51.10068893432617,93414,4,1.267051871998034,2,0,0,0,0,0,0
41,18,137.3075714111328,92124,3,3.338783871132766,1,0,0,0,0,0,0
42,18,69.09601593017578,94764,3,0.8492595912627738,2,161,0,0,0,1,0
26,0,96.5474853515625,91987,2,4.4144790267948535,1,153,0,0,0,0,0
48,13,58.65069580078125,91478,4,1.8004480359849524,1,0,0,0,0,1,0
67,39,43.96432876586914,94338,2,0.6282441304955656,3,156,0,0,0,0,0
59,36,45.5551872253418,94182,3,1.5072415070459553,2,173,1,0,0,1,0
63,38,59.60228729248047,92804,4,1.7227258179013183,1,98,0,0,0,1,0
65,34,85.46449279785156,92885,2,0.1938280197826819,1,0,1,1,1,1,0
33,10,126.70994567871094,95370,2,1.7350354830098325,1,0,1,0,0,1,0
60,32,32.00457763671875,92148,1,0.8365831952658165,3,0,1,0,0,0,0
50,32,95.21858978271484,92485,4,2.124893233015706,1,0,0,0,0,1,0
66,40,61.58646774291992,92026,1,4.325862933492934,1,0,0,0,0,0,0
61,31,63.68821334838867,94933,2,0.0881739500428734,1,246,0,0,0,0,0
23,1,39.111061096191406,92226,4,1.7029635912329126,3,0,0,0,0,1,0
30,0,39.631591796875,94019,1,0.8277925717933603,2,0,0,0,0,0,0
39,25,41.9684944152832,92269,3,1.6925657851871074,3,0,0,0,0,0,0
28,2,136.56504821777344,95240,4,5.493124746373318,3,0,0,0,0,0,1
61,36,58.55507659912109,91518,4,0.8863244124449351,3,0,0,0,0,1,0
61,35,38.52094268798828,94173,3,0.5812068822549125,2,0,0,0,0,1,0
56,28,46.3719367980957,90425,1,0.8144681052603125,3,0,1,0,0,1,0
64,36,40.82126998901367,90142,2,2.0118397824180656,2,0,0,0,0,0,0
59,32,49.06577301025391,94682,2,2.162441602428497,3,0,0,0,0,0,0
55,39,54.13717651367188,95681,1,0.2129466427037129,3,0,0,0,0,1,0
51,36,143.70675659179688,94132,1,2.386129104624068,1,0,1,0,0,1,0
30,3,90.7669448852539,95813,2,2.2011183717594984,1,0,0,0,0,1,0
40,9,105.50777435302734,94313,2,1.5774574754798427,1,222,0,0,0,1,0
36,14,46.90690994262695,94279,2,1.5408067585027274,3,0,0,0,0,1,0
61,38,157.6241912841797,94476,4,0.7794999637369671,2,0,0,0,0,1,1
37,14,77.42047882080078,90342,2,1.4503299559319909,2,0,0,0,0,0,0
44,16,187.49673461914065,95972,1,6.482999973113604,3,403,0,0,1,1,1
51,30,60.03794860839844,94037,1,0.4653062888608916,1,108,1,1,1,1,0
58,35,69.92019653320312,94674,2,0.7543168155063409,3,0,1,0,0,0,0
40,22,97.39633178710938,90567,1,2.2990474695400707,2,0,1,0,0,0,0
55,19,10.46507453918457,93054,1,1.5974189985640808,3,0,1,0,0,1,0
30,0,100.81553649902344,95923,4,0.0586239247226571,2,91,0,0,0,1,0
29,6,89.73511505126953,90991,1,2.5637755423284387,3,0,0,0,0,1,0
56,32,31.264877319335938,95781,4,0.4134656057326424,1,149,1,0,1,1,0
38,12,160.61758422851562,91729,2,0.1379203358746155,1,0,0,1,0,0,0
44,23,66.44573974609375,92021,2,1.3310937435605616,1,227,0,0,0,1,0
43,18,130.52566528320312,90279,2,1.3462281007735797,1,0,1,0,0,0,0
48,25,37.113468170166016,92811,2,0.2966738345824806,3,126,0,0,0,0,0
35,10,70.1510009765625,90401,1,1.512808778627982,1,0,0,0,0,1,0
61,39,74.06673431396484,90182,3,0.5765498808289413,1,0,1,0,0,0,0
55,21,68.65930938720703,90324,2,2.8649365769367434,1,0,1,0,0,1,0
30,9,125.51349639892578,91594,3,2.486541441181404,1,0,0,0,0,0,0
60,34,23.52977180480957,94236,3,1.6297438061888283,2,146,0,0,0,1,0
45,23,45.08881759643555,94801,2,0.4977670402033951,2,0,0,0,0,1,0
39,23,60.544532775878906,94919,3,0.1841990414689356,3,0,0,0,0,0,0
55,37,29.694639205932617,93450,1,1.970373361812608,2,0,1,0,0,1,0
45,29,44.37541580200195,90987,4,0.2961968199492186,1,0,1,0,0,0,0
33,8,41.842472076416016,90397,2,1.939843758264376,3,213,1,0,1,1,0
62,34,17.93332290649414,94937,3,0.625512955309006,2,0,1,0,0,0,0
38,10,105.06839752197266,95047,1,2.4610533433110806,1,166,1,0,1,1,0
60,37,22.92384147644043,93924,3,1.4081768593769928,2,0,1,0,0,1,0
41,21,28.512243270874023,91044,1,0.1041047519163762,3,0,0,0,0,0,0
59,41,75.86314392089844,92489,2,0.2172751961976649,3,0,0,0,0,1,1
52,21,132.35736083984375,91257,1,0.546934050214952,3,206,1,0,1,1,1
30,4,55.84857177734375,91484,4,2.5382750560798537,2,0,0,0,0,0,0
34,10,34.71731185913086,92657,4,1.7434193710801176,3,0,1,0,0,1,0
27,11,75.4663314819336,95688,3,2.062892840309999,1,0,0,0,0,0,0
24,-1,69.46920013427734,94150,2,1.1477839791869926,2,103,0,0,0,0,0
34,6,56.42967224121094,94137,1,1.2940157260777263,3,246,0,0,0,0,0
51,27,69.3984375,94612,4,1.9804898651943132,3,159,0,1,0,1,0
42,18,43.79947662353516,94825,2,0.1130504903541696,2,0,1,0,0,1,0
62,34,29.72496032714844,95574,3,0.6937009332946013,2,0,0,0,0,0,0
32,9,33.369956970214844,91554,1,1.5328122974383962,2,0,0,0,0,1,0
41,19,18.17967796325684,94407,1,0.483170166005327,1,360,0,1,0,0,0
30,4,88.74998474121094,94464,1,2.7060404760880368,3,131,0,0,0,0,0
57,31,87.70694732666016,92391,3,0.6326793958920128,2,0,0,0,0,0,0
53,30,14.085657119750977,93711,2,0.1540887249786516,1,0,0,0,0,1,0
58,28,40.03569030761719,94062,3,1.5077941015476328,2,0,0,0,0,1,0
42,22,78.73365020751953,92100,4,0.7549227326475684,1,77,0,0,0,1,0
37,24,60.95637893676758,94799,4,1.342964563522,3,115,1,0,0,1,0
49,22,60.0505485534668,95350,1,0.5615749248739772,1,0,0,0,0,1,0
34,6,51.40536117553711,92523,1,1.1881605448504722,1,139,0,0,0,0,0
34,9,52.78152084350586,90332,3,2.711882422585245,2,104,0,1,0,1,0
60,31,30.4390811920166,94134,2,2.83765000595875,2,0,0,0,0,1,0
32,14,139.7237548828125,92831,2,8.322031921992526,1,0,0,0,0,0,0
42,19,197.9590759277344,95564,1,2.2356785705782047,1,0,1,0,1,1,0
59,38,33.887413024902344,94425,2,1.25712485038831,1,0,0,0,0,0,0
61,33,13.363025665283203,95316,4,0.8061695906137476,3,156,0,0,0,0,0
52,25,37.86894226074219,93695,1,0.503230481593834,3,0,1,0,0,1,0
50,11,54.24845886230469,95793,4,3.0603591464305726,3,356,0,0,0,0,0
59,35,33.609073638916016,95647,4,1.5730140407564888,2,0,0,0,0,0,0
42,14,50.16605758666992,92915,3,2.682859089213813,3,283,1,1,1,1,0
27,3,150.96133422851562,95327,2,2.08754073803128,1,0,0,0,0,0,0
37,22,188.0277862548828,90487,4,2.3657166663642704,3,452,0,0,0,1,1
42,17,35.69603729248047,95883,3,0.2626538030000217,2,128,0,1,0,1,0
32,14,46.27278518676758,93063,4,0.3994808258656855,1,0,0,0,0,0,0
47,26,172.18389892578125,92688,1,6.4717138647100585,1,0,0,0,0,1,0
60,33,123.32595825195312,92471,3,0.5440084107391364,3,0,1,0,0,0,0
59,32,35.70304107666016,91972,2,2.7422087631707845,3,0,1,0,0,0,0
65,34,17.950439453125,93340,4,0.0269633730993199,1,0,0,0,0,0,0
25,5,90.02831268310547,95183,4,0.9257523399961732,1,0,0,0,0,1,0
41,18,154.2596893310547,94109,2,2.8035937871608807,1,0,0,0,0,1,0
61,35,64.57334899902344,92055,3,1.2838807387683775,2,0,0,0,0,1,0
64,37,58.74788665771485,92285,3,1.2488186763358886,3,0,0,0,0,0,0
42,22,42.13719177246094,90581,2,0.2836893062824471,3,0,0,0,0,1,0
57,35,149.92758178710938,91979,3,4.048346131281121,1,0,0,1,0,1,0
49,22,74.50409698486328,93101,1,0.2478066669070966,1,0,0,0,0,0,0
38,23,30.037935256958008,96144,3,0.6043297467466605,3,0,0,0,0,1,0
58,33,50.28132247924805,92703,4,0.6700439389350986,3,0,0,0,0,1,0
62,36,17.571914672851562,94351,2,1.4432982092734674,3,0,0,0,0,0,0
64,40,186.6860198974609,90270,2,0.3971711686094225,1,0,0,0,0,1,0
58,36,15.729731559753418,93114,2,0.6683430402947081,3,0,0,1,0,1,0
33,13,176.2981414794922,94237,2,3.091113383654782,1,0,0,0,0,1,0
60,28,155.61505126953125,90096,2,3.288186185733658,1,401,0,0,0,1,0
31,7,118.1498565673828,94857,4,1.27007189599206,3,0,1,0,0,0,0
54,29,19.18804359436035,94483,4,0.2779811972398622,1,0,0,0,0,1,0
30,9,32.822967529296875,93656,3,2.41018964821974,1,147,0,0,0,0,0
30,2,47.43962860107422,93064,4,0.2424721226282922,3,0,0,0,0,0,0
59,33,58.04346084594727,91912,2,1.5270589626441922,3,148,1,0,0,0,0
29,7,44.05148315429688,95398,4,2.0780890760547712,2,0,0,0,0,0,0
60,35,94.34234619140624,95119,1,5.7808232572256415,3,0,0,0,0,0,0
56,30,54.02547073364258,94813,2,2.5831045254592766,2,0,1,1,1,1,0
40,18,47.86483001708984,91447,1,2.453608202730224,1,0,0,0,0,0,0
41,17,96.9193878173828,92843,4,0.6782772562846155,3,0,0,0,0,0,0
47,17,53.259033203125,91080,1,1.851215168035492,2,229,1,0,0,1,0
44,28,39.866798400878906,94823,4,0.756410452461349,1,155,0,0,0,1,0
62,30,35.963653564453125,90119,2,0.4137325507491353,2,0,0,0,0,0,0
46,31,75.07554626464844,90999,2,3.3550937447353206,3,0,0,0,0,0,0
55,42,54.38625717163086,94441,4,1.8954402185405872,2,103,0,0,0,0,0
44,18,46.43181610107422,93416,1,1.921688919468468,1,0,1,1,0,1,0
30,7,66.86578369140625,90910,2,1.214651835480045,1,0,1,0,0,1,0
47,21,49.85651397705078,94356,3,0.6736484695216338,2,0,0,0,0,0,0
52,29,55.36991882324219,91956,4,1.025048131163239,2,0,0,0,0,1,0
62,39,118.37814331054688,93601,2,0.4112520135151275,1,102,0,0,0,1,0
28,3,50.78294372558594,89729,1,0.5002005547137824,1,0,0,0,0,1,0
29,3,117.65847778320312,90347,1,2.2553628944238056,1,0,1,0,0,0,0
60,38,65.72817993164062,94238,3,2.576550829335365,1,223,1,0,1,1,0
48,31,133.8231658935547,92421,2,0.9385143569658804,1,0,0,0,0,0,0
47,37,51.075294494628906,93759,2,1.740891581572703,3,0,0,0,0,0,0
30,5,33.13837814331055,94820,4,2.3065885621073687,3,0,1,0,0,0,0
52,22,160.303955078125,92168,1,7.594717887632181,2,0,0,0,0,1,1
30,4,46.48622512817383,94182,1,2.508715139567676,1,158,1,0,0,1,0
39,14,33.13689422607422,95692,4,0.2696858482901358,1,0,0,0,0,1,0
60,38,100.2331085205078,91987,3,0.3938263130368225,2,0,0,0,0,1,0
50,22,141.65744018554688,94448,1,2.636484499703819,1,164,0,0,0,1,0
49,17,59.58123397827149,90964,4,2.0889339266265723,1,0,1,0,0,1,0
29,11,53.23200225830078,93278,2,2.091369901510739,1,0,1,0,0,1,0
56,31,54.90742111206055,95012,4,2.223229095788612,1,0,0,0,0,1,0
45,16,91.49449157714844,94799,4,1.0082517212201447,1,0,1,0,0,1,0
49,18,87.34400177001953,94477,1,2.710359614061072,2,127,1,0,0,1,0
40,7,152.67227172851562,93953,4,1.4329665238063884,1,0,0,0,0,1,0
49,37,35.57448959350586,93905,4,1.8949387545792944,2,93,1,0,0,0,0
46,20,96.53254699707033,90185,2,2.2256851296795386,2,0,0,0,0,1,0
61,32,47.654422760009766,94506,1,2.141475932738574,1,0,1,1,1,1,0
45,17,54.72245788574219,90999,3,0.4794651853894964,3,0,0,0,0,0,0
55,21,37.815547943115234,93885,4,0.2694783455922094,3,0,1,0,0,1,0
28,5,79.32532501220703,92232,4,1.813699507163428,3,0,0,1,0,0,0
51,22,61.27626800537109,92516,2,1.439901623695295,2,0,0,0,0,0,0
60,27,32.607269287109375,94449,3,0.7621259804546461,1,223,0,1,1,1,0
31,2,118.14364624023438,94934,4,0.3238415062232607,1,0,0,0,0,0,0
46,21,49.0189094543457,90012,4,1.145462697109737,3,0,1,0,0,0,0
49,23,55.77195739746094,93104,2,2.708519487888717,2,0,0,0,0,0,0
50,17,32.72379684448242,95537,1,0.1184599651850164,3,0,0,0,0,1,0
50,26,41.60207748413086,95231,2,1.7171539971499377,2,0,1,0,0,1,0
26,2,115.97216033935548,94395,2,0.9582717454442196,3,0,1,0,0,0,0
47,25,52.63058471679688,92605,1,2.063283423587834,3,0,1,0,0,1,0
54,27,74.73104858398438,92075,1,3.1230945668950265,3,162,1,0,0,1,0
44,20,123.79843139648438,91819,1,2.233552832594253,1,0,1,0,0,0,0
57,30,41.82681655883789,93038,4,1.192348229168151,3,0,0,0,0,0,0
24,1,90.84011840820312,89876,4,0.8416631167314197,1,0,0,0,0,1,0
43,27,75.83369445800781,92080,3,1.9853419961136685,1,285,0,1,1,1,0
49,26,132.58462524414062,94516,1,3.705625330129529,1,0,0,0,0,0,0
49,21,57.74335861206055,95141,4,2.0344902411590646,1,0,0,0,0,0,0
40,34,37.30918884277344,90209,4,2.574996116103553,1,104,0,0,0,1,0
55,36,67.54540252685547,94525,1,2.4838658676781,2,0,1,0,0,1,0
65,42,90.9500732421875,91183,2,0.4975901854268642,2,0,1,0,0,1,0
46,20,35.54857635498047,91747,3,1.7435943052223664,2,0,1,0,0,0,0
52,33,41.00788116455078,91055,3,1.8844177529215784,2,0,0,1,0,0,0
61,36,50.67059326171875,92275,2,2.4117294598000942,3,0,1,0,0,1,0
26,3,37.591102600097656,92008,2,0.0609035661316156,2,0,0,1,0,0,0
42,23,98.46365356445312,95166,3,3.5231246826648484,2,0,0,0,0,1,1
36,9,52.88434982299805,94385,4,1.289192395115901,3,106,1,0,0,1,0
30,5,189.2847900390625,92883,2,6.442197043386147,1,0,0,0,0,1,0
54,25,71.43267822265625,90252,4,1.3837048385697934,2,0,0,0,0,0,0
27,1,103.9279556274414,91807,1,2.3739897792465485,3,0,0,0,0,1,0
51,21,42.40639114379883,95182,3,1.0390103766374914,1,0,1,0,0,0,0
45,16,29.11062812805176,92744,1,0.9377440013252248,3,0,0,0,0,0,0
43,18,32.78749084472656,93960,4,1.782783389701217,2,0,0,0,0,1,0
65,40,67.44371795654297,91780,4,2.9062708855344,1,0,1,0,0,0,0
56,28,18.698884963989254,94588,2,1.177396624727418,2,0,0,0,0,0,0
64,38,32.294532775878906,93822,3,2.3724844808174965,2,0,0,0,0,0,0
44,26,45.18812561035156,95109,1,0.6235969355770427,2,0,0,0,0,1,0
57,20,90.52041625976562,95179,1,2.5246168592919176,1,0,0,0,0,0,0
36,10,146.85617065429688,92975,2,1.657487158359345,2,227,0,0,0,1,1
56,33,39.91156005859375,94523,4,2.23780384394912,1,0,1,0,0,1,0
39,17,119.6111831665039,90126,4,2.9202225891707227,1,0,0,0,0,0,0
43,23,41.73625183105469,95028,1,0.558902337283198,2,119,0,0,0,0,0
27,6,57.27387619018555,92430,2,1.7140879936053288,3,125,0,1,0,1,0
44,26,36.704856872558594,95558,2,1.7975241971049405,3,0,0,0,0,1,0
60,35,16.57099723815918,90253,2,0.787734744818591,2,92,0,0,0,1,0
35,12,47.760986328125,91165,3,2.616166110496139,2,0,1,0,0,1,0
43,13,44.967384338378906,91681,3,1.1686670939102053,2,0,0,0,0,1,0
46,21,23.872222900390625,90274,1,0.8353798766899138,1,75,0,0,0,1,0
54,20,40.61790466308594,93910,3,1.042643729555213,2,0,0,0,0,1,0
43,19,166.62203979492188,94992,3,2.042471120540785,1,0,1,0,0,1,0
34,15,46.72027969360352,94861,1,0.8015541123081229,2,0,1,0,0,0,0
51,24,12.83756160736084,92448,4,0.5918395812665159,1,0,0,0,0,1,0
33,6,46.396095275878906,94509,4,2.8097115971112347,2,0,0,0,0,0,0
46,20,45.01646041870117,90327,4,0.2197766318595314,2,0,0,0,0,1,0
26,4,116.1360321044922,90063,2,0.7524500797605278,2,0,0,0,0,0,1
59,34,72.93090057373047,94395,3,1.108547446587782,2,0,1,0,0,0,0
30,8,120.28893280029295,92978,1,1.5780307660558468,1,0,1,0,0,1,0
57,11,28.428165435791016,94495,3,1.649615096226325,1,0,1,0,0,1,0
41,5,85.93621826171875,91271,3,1.864132616486558,2,0,1,0,0,1,0
52,27,143.82968139648438,90307,3,0.7959895951001944,1,128,0,0,0,1,0
35,17,39.30780792236328,92184,4,0.5383068067291712,1,0,1,1,0,1,0
41,12,48.14800262451172,95130,2,0.4174822978944454,1,163,0,0,0,0,0
50,25,158.36395263671875,93976,2,1.0454307785184311,1,0,0,0,0,1,0
34,8,174.25631713867188,92381,2,3.2926550326518926,1,0,0,0,0,0,0
38,17,103.53602600097656,91397,3,0.6341109154846214,2,0,0,0,0,1,0
63,38,39.170372009277344,95054,3,1.005554931671881,2,0,1,0,0,1,0
56,29,38.8111572265625,92932,4,0.0107794586371123,3,169,0,0,0,1,0
36,9,47.59460067749024,94765,4,1.5416596793611794,2,0,0,0,0,1,0
52,31,93.47014617919922,95089,4,0.8488663474817131,3,315,0,0,0,1,0
40,15,36.97335433959961,91169,2,0.3785078435657529,1,0,0,0,0,1,0
48,25,71.71040344238281,90586,3,1.1783869689236224,2,0,0,0,0,1,0
28,2,32.33756256103516,94247,4,2.350350659585392,3,0,1,1,1,1,0
57,27,90.37110900878906,92945,1,1.7070626937310704,1,0,0,0,0,0,0
35,12,45.56527328491211,93059,4,2.054263691528922,2,0,0,0,0,0,0
42,13,75.02583312988281,92032,3,0.3664185118091796,1,0,1,0,0,1,0
28,6,123.28712463378906,92772,1,4.3375863261729375,1,0,0,0,0,0,0
59,37,85.6181640625,95636,4,1.8431214113911043,2,0,0,0,0,1,0
36,16,43.29023361206055,90067,4,1.96244375685385,2,0,1,1,0,0,0
27,3,173.58998107910156,95057,4,9.511704801172147,2,0,0,0,0,0,1
35,13,50.66767120361328,96065,3,1.192142757831949,2,0,1,0,0,1,0
58,34,196.3433990478516,92175,2,2.5416910891695816,1,0,1,0,0,0,0
36,25,103.1174545288086,95004,2,0.3538157453936273,3,0,1,0,0,1,0
54,35,114.55958557128906,94518,1,2.198163855386966,1,0,1,1,0,0,0
31,8,62.68102645874024,91468,2,1.4045495884033397,1,0,1,0,0,1,0
30,6,74.7068862915039,91941,1,2.801092034086813,2,0,1,0,0,0,0
35,3,39.56844329833984,92912,3,0.7490953689035325,3,0,1,0,0,0,0
29,4,151.80247497558594,90944,1,1.833989576016077,2,0,0,0,0,1,0
52,39,105.1585693359375,90345,1,0.4557491731746312,1,184,0,0,0,0,0
26,0,34.01402282714844,93010,4,0.3209840921765581,2,0,0,1,0,0,0
62,39,132.19747924804688,94029,1,3.2119745962585347,1,113,0,0,0,1,0
37,18,137.94322204589844,94732,2,2.9669663571450973,1,151,0,1,0,1,0
54,29,53.39769744873047,93895,2,5.005390567299084,1,0,0,1,0,1,0
62,39,16.843339920043945,96030,3,0.6531067490341177,1,178,1,0,0,0,0
32,4,208.4826202392578,91892,1,2.27564368763728,1,422,0,0,0,1,0
29,3,70.33476257324219,95530,4,1.317583707975229,3,0,0,0,0,0,0
29,0,69.8990478515625,94327,4,2.6071889408427067,1,0,1,0,1,1,1
55,32,50.86383056640625,91735,4,0.1690248320771861,1,0,1,0,0,1,0
57,34,109.64608001708984,94006,2,8.824037108896091,1,0,0,0,0,0,0
58,27,19.850177764892575,94480,1,0.4962567367831225,2,0,0,0,0,0,0
61,36,25.502635955810547,92103,3,0.3508701685255544,2,143,1,0,0,1,0
52,24,49.566253662109375,91521,1,0.0689685748758141,1,178,0,0,0,0,0
50,29,24.547611236572266,92956,4,1.7768291920635813,1,0,0,0,0,0,0
29,13,52.035430908203125,93969,4,1.9951115012213017,2,64,0,0,0,1,0
37,16,111.13184356689452,92071,4,0.9720179632733108,1,153,0,0,0,0,0
62,31,123.65803527832033,95590,3,3.1220781080789117,2,0,0,0,0,1,1
65,37,51.22758102416992,94481,1,0.2564204328174653,3,150,0,1,0,0,0
52,22,54.947845458984375,95068,1,0.6102016993339032,3,0,0,0,0,1,0
51,21,30.632465362548828,95134,2,1.0790833701719924,3,112,0,0,0,0,0
44,27,154.83250427246094,89819,2,2.422150211687746,1,0,0,1,0,1,0
48,38,189.2308654785156,93826,3,8.638694480992553,2,0,0,0,0,1,1
59,24,54.05305480957031,94933,3,1.3508810544590637,1,120,0,1,0,1,0
60,26,34.36090850830078,90564,3,0.8207424908951869,2,0,0,0,0,1,0
25,2,99.73116302490234,92309,3,0.3094741346485721,2,235,0,0,0,1,0
60,30,31.263551712036133,94896,2,0.863789770767475,3,0,1,0,0,0,0
30,6,166.72390747070312,92188,1,3.5747230002657013,2,448,1,0,1,1,1
44,12,28.432188034057617,90860,2,1.292390895130815,3,0,0,0,0,1,0
29,4,72.07056427001953,91898,1,1.3002454466071818,1,0,0,1,0,0,0
49,32,77.57107543945312,90002,2,1.4902997259581665,3,153,0,0,0,0,0
52,14,59.6858024597168,91773,3,0.1612293291862661,1,195,0,0,0,1,0
59,33,55.66156768798828,94386,4,0.3731091481942656,2,118,0,1,1,1,0
35,13,72.17383575439453,91539,2,2.0337080460103887,2,0,0,0,0,1,0
66,40,30.115633010864254,90313,1,0.2559318596153473,3,0,0,0,0,1,0
33,17,68.81857299804688,91688,3,3.168763800544244,1,0,0,0,0,1,0
46,22,89.50804138183594,94484,2,2.845166383511572,2,0,1,0,1,1,0
33,2,191.00048828125,94109,1,0.563322641469564,1,0,0,0,0,1,0
35,11,26.57599830627441,95510,3,0.7112116257716599,3,0,0,0,0,0,0
26,2,139.2911834716797,94779,2,3.1550861917890978,2,382,1,0,0,0,1
51,28,92.86322784423828,93134,1,1.2541768172636056,3,0,0,1,0,0,1
45,20,114.03983306884766,95243,1,0.5694130064468093,1,208,0,0,0,1,0
55,34,122.60569763183594,91020,2,1.2487585785927688,1,0,1,0,0,1,0
38,12,37.843528747558594,92159,2,0.3928653240023333,1,0,0,0,0,1,0
61,29,23.33799743652344,94677,2,1.0045249969409078,3,0,0,0,0,0,0
63,37,76.53446960449219,92036,1,2.011369614279973,3,0,0,0,0,0,0
45,22,96.83284759521484,92935,3,2.184257345994209,2,0,0,1,0,1,0
58,34,100.28136444091795,94557,1,3.657940361161738,2,0,1,0,0,0,0
31,3,98.98204040527344,94696,3,2.6047513554009534,3,0,0,1,0,0,0
46,25,56.25473403930664,91959,2,0.426984968594758,3,50,0,0,0,1,0
54,30,44.83145904541016,93866,2,0.4922142162745176,1,0,1,0,0,1,0
41,12,175.70310974121094,94562,2,3.2332279881729145,1,0,1,0,0,0,0
63,35,35.97239303588867,95161,2,4.241515904160387,1,385,0,0,0,0,0
36,17,16.710845947265625,93931,2,2.2371076614414966,1,99,0,0,0,1,0
40,29,52.71260070800781,95531,1,1.4145904968818002,3,0,0,0,0,1,0
36,6,40.09064865112305,94687,4,0.8057679258646985,2,0,0,0,0,1,0
45,31,62.59288024902344,94473,4,1.353644452022602,1,0,0,0,0,1,0
27,3,37.81648254394531,92232,4,1.278363186453882,2,0,0,0,0,1,0
42,16,104.07405853271484,92131,2,5.673479165436359,1,0,1,0,0,0,0
26,5,52.004024505615234,90980,3,3.1733592742533445,3,158,0,0,0,1,0
55,32,44.27895736694336,92419,2,0.2912571221863319,1,0,0,0,0,1,0
28,2,120.3260498046875,94122,1,3.3647883809372177,1,0,1,0,0,0,0
57,37,26.618009567260746,91797,3,1.8160746793763864,2,0,0,0,0,1,0
54,17,30.366289138793945,91802,2,1.202071936123872e-05,1,0,1,0,0,0,0
56,35,59.65156173706055,95846,4,2.501383931398988,3,0,0,0,0,0,0
58,33,47.32409286499024,90142,1,1.2551368953143172,2,0,0,0,0,1,0
25,0,140.32281494140625,93875,1,4.074367895673641,2,0,1,0,1,1,0
35,3,59.49216079711914,96122,2,1.2455656049838797,3,0,0,0,0,1,0
35,9,137.3119354248047,94335,2,5.71994012833744,2,0,0,1,0,0,0
41,17,53.17073059082031,90141,4,0.5434264741475717,1,0,1,0,0,1,0
48,32,88.77863311767578,96092,4,0.3348447074436566,3,0,0,0,0,0,0
47,15,55.76597595214844,95001,3,0.7902052551489376,2,0,1,0,0,0,0
58,31,71.533447265625,94943,1,1.7479834212447616,2,159,0,1,0,0,0
34,11,50.95798873901367,95864,2,1.061979538850145,1,111,0,0,0,1,0
49,27,31.21940422058105,92096,4,0.8111997435301992,2,109,0,1,0,1,0
40,11,30.67388916015625,94094,3,0.6950177712306624,3,0,0,0,0,1,0
41,13,45.45503234863281,95164,2,2.732896955380835,2,0,0,0,0,1,0
62,37,71.49366760253906,92864,1,2.518676760458822,1,0,1,0,0,1,0
62,38,14.005416870117188,95763,3,0.1830112761630555,2,81,1,0,0,1,0
34,3,53.08533477783203,96018,4,1.5802348745141277,1,0,0,0,0,1,0
26,0,111.6080322265625,91446,3,0.8804830918964273,1,175,0,0,0,0,1
53,26,51.08435821533203,92903,4,0.532531926316329,2,0,1,1,0,1,0
34,13,51.57760238647461,94971,1,0.8978848743288561,2,199,0,0,0,0,0
61,37,77.73412322998047,94102,3,1.86119056219542,3,152,0,0,0,0,0
32,8,154.10903930664062,94569,2,1.9190299814987717,1,0,0,1,0,0,0
33,13,34.414146423339844,92514,4,2.1126193494465406,3,0,1,0,0,1,0
32,5,53.56946563720703,93571,3,1.8848990968778492,2,0,0,0,0,1,0
37,4,41.982059478759766,91227,2,0.5995220230907619,3,0,0,1,0,0,0
58,35,168.40664672851562,94351,2,5.950334653488666,1,0,0,0,0,1,0
31,7,99.59549713134766,94960,1,0.4976689859806471,1,0,0,1,0,1,0
33,12,43.63432693481445,92818,3,0.5481159803723867,1,0,1,1,0,1,0
34,15,55.022491455078125,92406,2,0.2821589925751647,1,185,1,0,0,0,0
56,32,20.988357543945312,91719,2,0.5294331114888904,1,0,0,0,0,0,0
50,18,138.0893096923828,91629,2,1.809963605394269,3,0,1,0,0,0,0
45,21,45.31132125854492,94445,1,2.49082200490464,3,0,0,0,0,0,0
30,6,93.04329681396484,94387,4,2.895683978998167,2,0,0,0,0,0,0
46,24,75.32664489746094,95018,2,2.6392736754653177,2,0,0,0,0,0,0
33,21,19.485923767089844,94944,1,0.4378290380575333,3,0,0,0,0,1,0
65,37,93.4739990234375,92138,2,5.939178365351463,1,0,0,0,0,1,0
26,1,79.98316192626953,94581,4,1.4584716264930286,1,0,0,0,0,1,0
52,19,40.21323394775391,94575,1,4.144574836364908,3,197,1,0,0,1,0
54,29,44.46409606933594,92295,1,0.1410692452802769,3,0,0,0,0,0,0
57,35,22.561542510986328,95530,3,0.4410263366590201,2,153,1,0,0,1,0
53,32,75.52838134765625,93285,1,2.903890549057467,2,0,1,0,0,1,0
55,33,91.57557678222656,93629,1,0.7254597791324024,1,0,0,0,0,0,0
31,8,56.43397903442383,94385,4,2.1203684613496945,2,0,1,0,0,1,0
48,36,158.2644500732422,91119,4,3.429676635748006,1,0,1,0,0,1,0
29,2,25.512775421142575,91939,1,1.6674667705083257,3,0,1,0,0,0,0
33,18,53.796024322509766,95041,2,0.4064011932772235,2,0,0,0,0,1,0
55,41,10.96916675567627,94316,1,0.1253668475869403,1,159,1,0,0,1,0
47,25,48.11540222167969,95409,4,1.9753527320933308,3,0,0,0,0,1,0
55,33,49.38044357299805,90481,1,1.0575494409597797,2,0,0,0,0,0,0
48,25,90.22166442871094,95778,3,2.069413168581515,2,0,0,1,0,0,0
51,15,41.27054214477539,94835,1,0.6322021877710171,3,0,0,0,0,1,0
40,21,70.5394287109375,94888,3,2.2227151426870195,2,0,0,0,0,1,0
44,36,35.59415054321289,95698,2,0.4702472562738114,3,0,0,0,0,1,0
36,10,50.30238723754883,91250,2,1.5717228509866576,1,0,0,0,0,1,0
27,9,129.32455444335938,93071,2,3.394473821847789,1,428,0,0,0,1,0
48,27,80.43742370605469,93252,2,0.9489472550773674,1,103,0,0,0,0,0
57,37,34.46808624267578,92299,3,2.154125133859832,2,0,0,0,0,1,0
40,10,80.20685577392578,91480,3,3.859588840037282,1,0,1,0,0,0,0
34,3,19.936050415039062,92136,4,1.0364422241602207,3,149,0,0,0,1,0
32,4,187.7063140869141,95663,2,7.0624065145891,1,194,0,0,0,1,0
60,34,52.9751205444336,94770,2,0.6136533980375249,3,0,0,0,0,0,0
55,26,54.61639404296875,96058,2,0.9900640549409842,1,0,1,0,0,0,0
41,18,76.09741973876953,92865,1,3.838950975862304,3,336,1,0,1,1,1
37,13,73.09454345703125,91856,1,3.332355596168953,2,156,0,1,0,1,0
48,17,77.30252075195312,93106,1,2.3140355811051347,3,0,0,0,0,0,1
32,7,98.91787719726562,94098,4,1.2390182980734357,3,307,1,1,0,1,0
24,-1,80.610107421875,95903,3,2.7241550263773937,1,0,0,1,0,1,0
59,28,62.93670654296875,92207,1,0.9805264092386252,1,0,0,0,0,0,0
49,24,35.408355712890625,94727,1,0.4373255954337059,3,0,0,0,0,0,0
44,16,37.42416000366211,95524,4,1.608825571025946,1,0,0,0,0,1,0
56,15,158.162109375,95102,2,1.5661241817059188,1,0,0,0,0,0,0
29,4,67.96820831298828,92171,2,1.1155410154593963,1,159,0,0,0,1,0
55,30,31.14910888671875,95672,1,1.6136792370794633,2,163,0,0,0,1,0
49,28,30.447900772094727,90796,1,0.1215913632690227,3,101,0,0,0,0,0
43,15,82.63219451904297,91688,3,1.9655814285494944,2,145,1,0,0,1,0
54,36,54.974212646484375,90205,2,1.373484750258446,1,0,0,0,0,0,0
64,41,83.73518371582031,94781,3,0.9964776947664558,1,0,1,1,1,1,0
29,17,52.13199615478516,94417,4,0.63180942457527,2,113,0,1,0,1,0
48,25,105.6484375,94530,3,1.143716416061232,1,186,1,0,0,0,0
32,6,70.254150390625,94870,4,1.5806007563683322,3,0,0,1,0,0,0
39,17,67.23405456542969,92019,3,3.0429842366547577,2,0,0,0,0,0,0
45,13,107.72412872314452,92265,3,2.1226036804878627,2,0,0,0,0,0,0
58,30,41.34033203125,90744,3,0.4918600826783517,3,118,0,0,0,0,0
44,27,90.06082916259766,95090,2,0.3940568730372835,1,0,0,0,0,1,0
44,25,139.11228942871094,90291,3,4.538065562738823,2,224,0,0,0,1,1
43,25,33.177764892578125,91989,4,0.2904971597672455,2,0,0,0,0,1,0
29,17,26.5627384185791,89970,4,2.2846898441771244,2,159,0,0,0,1,0
38,16,128.684326171875,95296,2,2.69456769816612,1,0,0,0,0,0,0
54,19,103.35123443603516,94382,1,2.446537433456033,1,0,0,0,0,1,0
34,11,53.31809616088867,94671,4,2.419294860431464,2,0,0,0,0,0,0
62,35,39.1748161315918,94774,3,1.33736710568787,3,115,0,0,0,1,0
45,28,28.582782745361328,90424,1,0.1480964570417564,3,0,0,0,0,1,0
38,13,63.40621566772461,92045,1,1.1400315701508,1,0,0,0,0,0,0
56,28,10.408599853515623,92664,4,0.3091761255083154,1,0,1,1,0,0,0
62,13,32.33285140991211,93368,3,1.5557612301186892,2,0,0,0,0,1,0
28,4,21.708934783935547,92343,4,0.935216070196345,1,0,0,0,0,1,0
47,27,69.42743682861328,94806,4,1.4487001730795086,1,0,1,0,0,1,0
27,13,68.65985870361328,95933,4,1.7234467504028037,1,0,0,0,0,1,0
27,3,77.90532684326172,90537,2,0.3352412565775737,1,0,0,0,0,0,0
52,28,60.30745315551758,93486,2,2.081622552137997,3,0,0,1,0,1,0
36,11,51.83404541015625,90803,4,2.216255902742864,3,80,0,0,0,0,0
45,25,87.76187133789062,94427,1,2.754685331708697,2,0,0,0,0,1,0
36,10,33.630741119384766,91132,4,2.8811144428857025,2,148,0,0,0,0,0
54,26,107.7245864868164,92128,4,1.7068011755104244,2,305,0,0,0,0,0
30,5,25.80279541015625,96032,4,0.7595829257215979,1,0,1,0,0,1,0
25,-1,17.667861938476562,92696,4,1.005713952152703,3,0,0,1,0,0,0
30,6,156.03631591796875,90110,2,1.6472610431496124,1,0,1,0,0,1,0
42,20,65.11419677734375,94542,3,1.307617048545799,3,0,0,0,0,0,0
27,3,81.57169342041016,94811,4,1.683918964807246,3,0,0,0,0,0,1
34,7,46.97906494140625,94209,2,0.6536171379340543,1,141,0,0,0,0,0
36,8,122.62471771240234,95538,4,3.718344110573681,1,199,0,0,0,1,1
57,33,54.90349960327149,94193,2,1.6976846076651264,2,328,1,0,0,0,0
25,6,120.80953979492188,90221,2,0.3343947758188833,1,0,0,0,0,0,0
31,6,48.148399353027344,94016,4,2.232067377296934,1,0,1,0,0,0,0
33,15,159.86590576171875,91822,2,8.065674000837022,1,0,0,0,0,1,0
46,35,191.74038696289065,92134,2,7.029577363529665,1,0,0,0,0,1,0
56,22,124.03529357910156,94827,2,7.118300985301196,3,0,1,0,0,0,0
57,32,59.525978088378906,95744,3,0.3010339264371718,3,0,0,0,0,1,0
50,30,64.10435485839844,95462,1,1.100865476302877,2,0,1,1,1,1,0
25,2,171.6243133544922,91198,1,4.346884722288641,3,0,0,0,0,0,1
65,36,76.74073791503906,91878,2,0.3670678396652431,2,0,0,0,0,1,0
42,13,71.84770202636719,90829,2,0.2874933407077404,2,0,1,0,0,0,0
59,30,51.40889358520508,94074,1,0.0818472439025905,1,182,1,0,0,1,0
63,30,104.12960815429688,90014,3,3.2435427914133763,1,0,0,0,0,0,0
30,14,52.61610794067383,95933,4,0.6239075378417972,2,0,0,0,0,1,0
66,38,38.71770858764648,92510,4,0.4447896203793443,3,0,1,0,0,1,0
57,36,53.27286148071289,90629,3,0.4664182761049435,2,0,0,0,0,1,0
59,37,75.45445251464844,95518,4,2.704087160239351,2,0,0,0,0,1,0
62,37,66.88630676269531,93124,4,1.0379533803516263,3,0,0,1,0,0,0
56,29,116.48627471923828,91825,1,1.7499886463883478,3,0,0,0,0,1,0
55,31,102.3031234741211,91942,4,2.033457214412633,3,0,0,1,0,0,1
51,34,25.78898048400879,93337,4,2.7412939458978283,2,107,0,0,0,0,0
61,39,68.73644256591797,94769,1,1.637339662325606,3,0,0,0,0,1,0
48,20,162.6334686279297,94676,1,7.17574311070448,2,0,0,0,0,0,1
34,12,188.25173950195312,90447,3,2.29046577031885,3,259,1,0,1,1,1
56,31,37.4881591796875,94211,3,0.0624741588551467,2,0,0,0,0,1,0
30,9,100.47086334228516,91605,2,1.444790647535094,3,261,0,0,0,0,0
23,-1,128.81141662597656,95678,3,2.954888658718207,1,336,0,0,0,1,0
52,19,138.2158660888672,94960,3,5.518358554145928,1,0,0,0,0,1,0
25,-1,32.14630126953125,91979,2,1.4849402112250167,3,0,1,0,0,0,0
63,39,27.40093231201172,92061,4,0.0352783814847267,1,0,0,0,0,0,0
34,14,36.42393493652344,94886,1,1.411672070181122,2,241,0,0,0,1,0
48,31,138.14646911621094,90079,2,1.961051659932176,1,0,0,0,0,0,0
61,36,119.4745864868164,94589,1,1.7947804328943322,1,0,0,0,0,0,0
53,31,95.6264419555664,94527,3,0.700151184522751,3,0,1,0,0,1,0
27,1,60.33611679077149,92644,4,1.8636309425036808,2,0,0,0,0,0,0
46,19,44.17201614379883,96276,2,5.4182523762563575,1,0,0,0,0,1,0
61,31,149.5332489013672,94171,2,4.177799239980349,3,0,1,0,0,1,1
63,38,12.461429595947266,95291,4,0.5532516143481376,2,0,0,0,0,1,0
63,36,29.80137634277344,90280,1,0.0891763972860719,2,0,0,0,0,1,0
53,23,48.82288360595703,92063,3,1.896348066638075,1,0,1,0,0,1,0
31,2,28.57306289672852,92769,4,0.6850002876708019,2,103,0,0,0,0,0
39,18,17.489761352539062,96212,4,0.9804566112123216,3,0,0,0,0,1,0
29,1,50.8630256652832,95991,1,1.9703002656615332,3,0,0,0,0,1,0
38,4,41.17701721191406,93202,3,1.108331530085251,1,0,0,0,0,1,0
47,25,52.15906524658203,94427,2,1.0707222120063606,2,123,1,0,0,0,0
55,31,42.75098037719727,95858,1,2.7563961421055763,2,0,0,0,0,0,0
29,2,27.96527099609375,92561,2,1.993257860577995,1,0,1,1,0,1,0
42,9,82.30435943603516,94694,2,3.928074794581564,1,366,0,1,0,1,0
43,14,62.70762634277344,96346,2,1.6897019737988008,1,0,0,0,0,1,0
30,4,62.96455383300781,92001,3,2.847718682425688,3,0,0,0,0,0,0
48,25,26.33872604370117,94459,1,0.8399002503390699,1,0,0,0,0,0,0
56,27,45.02763748168945,91898,1,0.0091779187870047,2,0,1,0,0,0,0
38,16,161.62551879882812,91623,1,0.772336262465428,1,0,1,0,0,1,0
48,33,104.43616485595705,95031,2,3.599484720021067,1,0,1,0,0,0,0
33,4,27.06159019470215,92686,4,0.5887010445825568,1,102,0,0,0,0,0
63,33,28.07379150390625,90724,4,1.732302312712483,1,0,0,1,0,1,0
41,26,177.42971801757812,93939,1,7.971244275692161,1,0,1,0,0,0,0
26,1,97.2496337890625,95042,2,2.0439971436156616,1,0,0,0,0,1,0
30,7,109.1671142578125,94598,2,4.637940188360019,2,0,0,0,0,0,0
33,5,103.40192413330078,95667,4,3.587620243279707,1,0,1,0,0,1,0
32,17,31.355039596557617,91054,1,1.8516940447164456,3,0,1,0,0,0,0
29,6,28.572715759277344,92003,2,0.3253659223341762,2,88,0,0,0,0,0
64,38,131.39987182617188,93113,2,1.0465892353392934,1,0,1,0,0,1,0
59,37,78.82015228271484,90377,3,2.8607503195629924,1,0,0,0,0,1,1
38,9,52.23136901855469,94182,1,0.7188963130330073,2,0,1,0,0,1,0
46,22,121.31478118896484,95262,3,7.834546477423908,1,0,1,0,0,0,0
56,36,42.02528381347656,91857,4,2.887848007604814,1,0,0,0,0,1,0
47,20,34.59907150268555,95967,2,0.4895008071229751,1,0,0,0,0,1,0
61,37,162.74246215820312,90344,3,2.625133983537822,1,0,1,0,0,0,0
31,8,83.1040267944336,94871,2,0.5391849730794409,1,0,0,0,0,1,0
61,38,22.66674041748047,93035,3,0.7226622528649991,1,0,1,0,0,0,0
55,34,46.386226654052734,92080,3,0.1808593587922328,1,0,0,0,0,1,0
26,7,181.37649536132807,92874,1,2.6042536989074816,3,205,1,0,1,1,1
31,3,181.7522735595703,94462,4,1.2311830610587788,3,324,0,1,0,0,1
59,35,27.866846084594727,92304,3,2.537805701902599,3,0,0,0,0,0,1
27,17,39.14625930786133,92020,1,1.8259017719099395,3,104,0,1,0,0,0
36,8,60.764747619628906,94279,2,0.5469982849448325,1,0,0,0,0,0,0
30,14,32.92112731933594,94659,2,0.4583644159435862,1,0,1,0,0,0,0
58,34,41.95458221435547,90054,1,1.3654911509447951,2,0,0,0,0,0,0
38,10,28.905561447143555,95286,2,0.5854006252058497,2,0,1,0,0,1,0
56,25,201.8486785888672,94274,2,6.043451433827258,1,271,0,1,0,1,0
39,10,58.32905197143555,94531,3,2.424007693533963,2,0,0,0,0,0,0
30,5,130.596923828125,92259,4,3.457961977689893,2,0,1,0,1,1,1
52,9,139.48373413085938,89970,2,2.4081908065796918,1,280,1,0,0,1,0
30,7,53.97234344482422,94650,3,0.4607227068687926,2,110,0,0,0,1,0
55,31,76.88067626953125,89977,1,2.540277789291832,1,127,1,1,0,0,0
47,23,43.720703125,92199,4,1.702975505872758,1,0,1,1,0,1,0
29,3,54.52790069580078,92078,4,1.2589569108217151,2,0,0,0,0,1,0
54,22,34.717872619628906,94220,4,1.9626389371384456,3,0,1,0,0,0,0
50,19,40.97217559814453,92061,3,2.306194908969167,2,0,0,0,0,1,0
47,24,54.114776611328125,94498,3,2.4486643932669856,1,287,0,0,0,1,0
34,12,114.52337646484376,95939,3,2.7983577740710137,2,0,0,0,0,1,0
54,21,78.65959167480469,94687,2,1.5574936893554243,2,257,0,0,0,0,0
60,39,23.05084991455078,93920,4,1.539425522031339,3,0,0,1,0,1,0
61,21,65.65336608886719,90966,1,1.693204934114486,3,0,0,0,0,1,0
45,13,26.79535675048828,90434,4,0.2233197392055413,2,0,0,0,0,0,0
41,10,36.01286315917969,91983,1,1.0062219627650426,1,0,0,0,0,1,0
63,41,96.64093780517578,95139,1,2.5672041802489383,1,0,0,0,0,1,0
29,6,162.62753295898438,91092,1,3.0616333832160825,1,0,0,0,0,1,0
46,18,85.72733306884766,92481,1,0.333789808988874,1,0,0,0,0,0,0
29,10,44.21566009521485,91281,4,1.5473573647549812,1,0,0,0,0,0,0
33,6,31.301061630249023,93654,1,1.4634705722678425,2,0,0,0,0,0,0
54,29,156.86634826660156,94728,3,3.133400324148262,3,0,1,1,1,1,1
30,3,63.43663787841797,89749,4,0.8933125705129924,1,136,0,0,0,0,0
53,19,146.61563110351562,90279,3,6.553632428094745,3,407,1,0,0,0,1
45,24,193.18174743652344,92025,3,4.060978757380421,2,465,1,0,0,0,1
42,13,23.639442443847656,95717,3,1.9891369213066976,3,0,0,1,0,1,0
51,21,62.10807037353516,94612,4,2.686258132114133,2,99,1,0,0,1,0
37,19,85.59275817871094,94845,4,0.8338041445415305,3,86,0,0,0,1,0
51,22,46.7236213684082,90141,1,1.8740665661045104,2,0,0,1,1,1,0
35,11,128.6951446533203,94542,2,2.3452223687957408,1,0,0,0,0,1,0
29,3,26.17473602294922,93781,2,0.3415355647787297,2,0,0,0,0,1,0
42,13,134.89598083496094,93980,4,7.07978502664919,1,0,1,0,0,0,0
50,33,111.8584976196289,92790,2,7.8968129638741775,1,0,1,0,0,0,0
55,31,61.78908157348633,95203,2,1.5329849847813128,2,0,1,0,0,1,0
27,3,55.58985137939453,94726,1,1.3824419367027398,2,0,0,0,0,0,0
38,6,33.00730895996094,89874,4,0.1166965203408395,2,0,0,0,0,0,0
55,24,100.1253433227539,94395,1,0.3088107286105144,3,0,0,0,0,1,0
52,37,79.88801574707031,93233,2,0.6565619503998626,3,196,0,0,1,1,0
59,31,32.60502624511719,94037,2,0.4288848327343226,2,136,0,0,0,1,0
31,10,121.36034393310548,92060,4,3.306791584575768,1,0,0,1,0,1,1
54,24,11.287588119506836,96188,2,0.3166711441228542,1,0,1,0,0,1,0
51,19,181.4195098876953,94573,2,2.2255433879626496,1,0,1,0,0,1,0
52,37,128.13079833984375,92239,2,2.965504164966988,1,0,0,0,0,0,0
30,15,66.89175415039062,92793,3,2.020610961381578,1,236,0,0,0,0,0
38,8,77.49226379394531,94387,3,2.548617481001179,1,0,1,0,1,1,0
37,11,77.20362854003906,94258,1,1.4644724086239802,2,0,0,0,0,0,0
65,37,63.60144805908203,94027,2,0.6572521147926456,2,0,0,0,0,0,0
53,32,44.45730209350586,91982,4,0.1955327017809365,2,0,1,0,0,1,0
64,37,103.09066772460938,93932,2,2.5290480490576126,3,0,0,0,0,0,0
55,25,50.88790512084961,95472,1,3.0357959311727614,1,179,1,1,1,1,0
33,10,43.660438537597656,94476,1,1.9543504692223312,3,204,0,0,0,0,0
45,28,34.249629974365234,94567,3,0.2606912023576793,2,145,0,0,0,1,0
32,8,58.293067932128906,90395,3,0.8922855903066991,2,0,0,1,0,1,0
52,27,126.98717498779295,90310,1,0.3605191432323417,1,0,0,0,0,1,0
63,36,12.090615272521973,91503,2,0.3440087299278712,2,0,1,0,0,1,0
57,37,45.52272033691406,94215,3,2.318869561376577,2,149,1,0,0,0,0
46,19,48.11671829223633,90963,1,0.1679052230277494,3,0,0,0,0,1,0
47,16,46.21319961547852,91753,4,2.292425177616238,1,0,0,0,0,0,0
62,38,46.255802154541016,90848,4,0.2600296251733522,1,153,1,0,0,1,0
28,4,24.78137588500977,95220,4,0.423924751556789,3,0,0,0,0,1,0
31,9,69.2485580444336,92115,3,0.2628498493326834,2,0,0,0,0,0,0
54,31,101.36181640625,91849,1,2.440082200187151,1,416,0,0,0,1,0
62,38,47.688255310058594,94315,1,0.5306676882311832,3,0,1,0,1,1,0
53,34,37.97794342041016,91960,2,1.4372261001472817,2,99,0,0,0,1,0
58,26,71.62713623046875,94428,3,1.3938777429090905,2,0,0,0,0,1,0
33,19,166.95697021484375,90288,2,8.135856747686432,1,0,0,0,0,0,0
53,29,88.22962188720703,91427,2,3.659954346834986,2,0,1,0,0,1,0
55,36,52.28302764892578,94012,4,2.290991981636521,2,0,0,0,0,1,0
45,18,28.33387756347656,93197,2,0.1490694419952595,1,0,0,0,0,0,0
61,35,47.14508438110352,92184,3,0.1887283410017603,2,230,0,0,0,0,0
53,33,82.05580139160156,90413,1,0.2765016484619416,1,0,0,0,0,0,0
39,15,60.50864410400391,95687,4,0.3014753006871115,2,0,0,1,0,0,0
28,8,137.75537109375,91639,2,0.067497544372633,1,97,0,0,0,1,0
41,19,47.59605407714844,91982,4,1.2179354802475064,3,0,1,0,0,1,0
26,2,75.43241119384766,91821,1,7.534416327132003,1,205,0,0,0,0,0
27,6,144.2876434326172,95833,3,0.7888751117505134,1,0,0,0,0,1,0
55,13,25.48409080505371,92906,4,1.9135586390033827,3,0,1,0,0,1,0
39,27,71.01089477539062,94304,4,1.7558383942233764,2,211,0,0,0,1,0
58,35,58.85317611694336,94451,1,2.7073024038704454,3,0,1,1,1,1,0
30,6,53.45623397827149,94557,2,1.354124634488825,3,0,0,0,0,1,0
46,15,91.9705047607422,94454,1,0.7762739576177752,2,376,0,0,0,1,0
67,40,111.93791961669922,90784,2,0.246635872253316,3,513,0,1,1,1,1
28,4,67.893798828125,95249,1,0.4980880775978702,3,0,1,0,1,1,0
60,33,84.45289611816406,92814,1,2.3423615563622486,3,0,0,0,0,0,0
61,36,142.99896240234375,95447,1,6.305533090707474,1,269,0,0,0,0,0
52,17,64.8719253540039,90452,2,0.6210796403753394,3,146,0,0,0,0,0
61,25,10.925090789794922,92150,4,0.6828744443013752,1,0,0,0,0,1,0
57,36,66.42601776123047,92010,2,3.432681526092875,3,0,0,0,0,1,0
50,19,41.63481903076172,91914,4,1.938688939469744,2,0,0,0,0,0,0
61,37,64.86107635498047,90472,1,1.3447139423819872,3,0,0,0,0,0,0
33,1,22.8770809173584,94292,2,1.208709326861514,2,0,0,0,0,1,0
50,24,107.84422302246094,95583,3,2.8362056267162243,1,274,1,0,1,1,0
65,37,16.19523811340332,93969,4,0.6989877723292881,1,98,0,0,0,1,0
30,2,39.79850769042969,93970,1,1.4119504090625,1,0,0,1,0,0,0
55,36,20.478450775146484,93497,4,0.7354873416026959,1,0,0,0,0,0,0
54,35,54.850887298583984,94621,4,1.834373621686271,2,0,0,0,0,0,0
31,7,50.29777145385742,91560,4,0.240576428777088,1,0,0,1,0,1,0
23,3,35.70480728149414,92186,3,0.752711167544299,3,0,0,0,0,1,0
53,32,109.96862030029295,94440,4,0.5597424094507966,2,0,0,0,0,1,1
49,19,57.226356506347656,92681,2,1.7450168226706504,1,0,1,0,0,1,0
48,22,176.64820861816406,91937,2,4.77751243864248,1,0,0,0,0,1,0
57,33,157.6609344482422,90057,4,8.12883191908975,3,0,1,0,1,1,1
46,23,33.680198669433594,94756,2,0.6555531478542773,1,0,0,0,0,1,0
35,4,32.02882385253906,95929,1,0.8594896879714312,1,0,0,0,0,1,0
62,40,65.14703369140625,95119,4,0.3391267920399946,1,0,0,0,0,1,0
32,9,82.20330047607422,91410,2,1.3779768192629758,1,0,0,0,0,0,0
57,38,69.63143920898438,90408,4,2.180411826752503,2,0,0,0,0,0,0
44,24,30.47080421447754,94401,2,1.6098881213321357,3,0,1,0,0,1,0
40,24,51.16548156738281,90209,1,0.6077174550344338,1,0,1,1,0,0,0
55,27,149.2374267578125,90445,2,2.35097970308592,3,0,0,0,0,1,1
60,33,40.22352981567383,92917,3,0.3141435408873837,3,0,1,0,0,1,0
50,19,45.066497802734375,91990,4,0.8852914108168702,2,149,0,1,0,0,0
36,2,85.14686584472656,93133,4,1.844913765382861,2,0,0,0,0,1,0
41,15,113.73241424560548,95513,2,2.6710724263145806,1,0,1,0,0,1,1
46,15,46.71232986450195,92432,1,2.469517063629553,3,0,0,0,0,0,0
57,33,50.18543243408203,91690,1,1.398919708760993,3,185,0,0,0,0,0
58,26,12.42113208770752,94357,3,0.6998171797650302,2,0,0,0,0,1,0
47,25,86.47319030761719,90465,1,2.810781195959084,1,0,0,0,0,1,0
44,26,71.7337417602539,95841,3,1.1039127765793162,1,0,1,1,0,1,0
40,7,19.994110107421875,93790,4,0.0151826512341145,2,0,0,0,0,1,0
50,25,47.05049514770508,92875,2,0.4429824415378818,2,0,1,0,0,0,0
45,23,42.161380767822266,89964,1,1.2854990316117847,2,0,0,0,0,0,0
39,18,32.76805877685547,95443,4,0.5886893522082917,2,0,0,0,0,1,0
27,0,35.929840087890625,93938,3,1.5663372339502826,3,181,0,0,0,1,0
54,25,66.09176635742188,95925,3,1.657443401768116,1,0,0,0,0,0,0
32,7,41.95166015625,95321,3,1.1809979485945696,3,0,1,0,0,1,0
53,21,134.66600036621094,94681,3,1.604316573221674,3,0,0,0,0,1,0
61,36,127.76390075683594,92516,4,2.134794042852266,3,0,0,0,0,1,0
43,18,76.71675872802734,95066,4,1.753866015518777,1,0,0,0,0,1,0
51,18,46.87074279785156,94059,1,0.1209407442173589,1,0,1,0,0,0,0
53,33,92.08366394042967,94759,1,4.299575708143836,1,390,0,0,0,1,0
61,35,51.45352935791016,92970,4,0.1391442712859262,3,0,0,0,0,1,0
61,36,71.13766479492188,94711,1,1.908608347448864,2,0,0,0,0,0,0
53,26,54.71468734741211,94530,3,0.0473151204879747,2,93,1,0,0,1,0
54,26,207.6389923095703,90334,2,9.302020545841678,1,0,1,0,0,0,0
54,29,95.92599487304688,93043,2,0.8014511122609737,3,0,1,0,1,1,0
40,11,28.88711166381836,94222,1,0.6866302004525554,3,0,1,0,0,0,0
41,12,77.87071990966797,90781,1,2.4693490339975144,3,0,1,0,0,1,0
26,4,95.39291381835938,92288,2,0.8006466803424686,3,0,0,1,0,0,0
45,21,98.17986297607422,91188,1,1.7260173776614445,1,203,0,0,0,1,0
61,31,51.34002685546875,91998,2,0.5522007838246494,3,0,0,0,0,0,0
39,22,63.91674041748047,94588,1,0.9124965716626704,3,149,0,0,0,1,0
43,17,73.68596649169922,91639,1,1.5102121552696035,3,0,1,0,0,0,0
32,6,81.44495391845703,92267,4,1.456439193757301,2,0,0,0,0,0,0
44,24,142.7218475341797,92760,1,2.5451681016777834,1,0,0,0,0,0,0
30,7,50.16975784301758,92183,4,2.3585262006949206,3,0,1,0,0,0,0
30,9,46.4445686340332,94587,2,1.000195262224472,3,224,1,0,0,1,0
66,36,46.34523391723633,94470,1,0.6232214594937844,3,84,0,0,0,1,0
26,2,30.008657455444336,92193,4,1.1908511309422076,2,143,1,0,0,1,0
52,23,158.33056640625,95186,3,0.4246966158908981,3,201,0,0,0,0,1
65,38,34.93921661376953,95370,4,0.2585444040580477,3,100,0,0,0,0,0
39,9,143.23777770996094,95845,1,0.0417804561377287,3,0,0,0,0,1,1
42,22,84.99604034423828,92970,4,2.1394808945802466,1,0,0,1,0,1,1
58,33,40.02385711669922,92732,1,2.9951352139842307,1,0,1,1,1,1,0
64,38,156.40277099609375,94206,1,3.4225095072993623,1,0,0,0,0,1,0
48,27,70.84564208984375,90959,4,0.2704191493112896,3,0,0,0,0,1,0
52,23,115.38309478759766,91537,1,0.1204319401127346,1,0,1,0,0,1,0
40,15,40.23683547973633,91415,2,0.2392493623269586,3,0,1,0,0,0,0
57,31,55.73469161987305,94384,1,0.2529708311203161,3,0,1,0,0,1,0
55,19,65.35802459716797,91182,4,1.417348884012713,3,0,0,0,0,0,0
42,20,36.44597244262695,91257,3,0.0479364595983319,1,0,0,0,0,0,0
61,35,92.79532623291016,90537,1,4.140517426791408,2,490,1,0,0,1,1
33,5,29.75780296325684,93964,4,1.0594098732553072,2,0,0,0,0,1,0
35,10,97.06748962402344,90215,1,5.789351160606241,3,250,1,0,0,1,0
66,41,116.47706604003906,90119,2,0.5062712727982073,1,0,1,0,0,0,0
35,17,80.32962036132812,91905,2,1.386576741359871,1,0,0,0,0,0,0
28,20,183.35232543945312,94431,3,3.8103212533524102,2,303,0,0,0,1,1
59,29,46.65096282958984,91986,4,0.4754016036419714,1,0,0,0,0,1,0
58,33,28.08780670166016,94753,1,0.4806611042733382,3,0,1,0,0,0,0
50,8,91.072509765625,89902,4,1.1590688490207943,1,0,0,0,0,0,0
49,12,76.4301528930664,95034,3,0.3345097367094332,3,0,0,0,0,1,0
49,16,178.5125274658203,90138,2,7.794897806538493,1,0,1,0,0,1,0
28,0,48.54689407348633,95286,4,0.386637279903222,1,0,0,1,0,0,0
34,-1,56.48604583740234,94946,4,1.888245586999296,3,0,1,0,0,1,0
46,24,59.87845993041992,92226,1,0.496295686912797,2,0,0,0,0,0,0
64,37,76.45049285888672,90658,1,1.4573327168108654,1,207,0,0,0,1,0
62,36,25.214773178100582,94068,1,1.327618532379378,1,99,1,0,0,1,0
36,29,120.49071502685548,94463,2,2.1529498770735733,1,150,0,0,0,0,0
41,18,65.09430694580078,92228,1,3.165487164519311,1,0,0,0,0,0,0
43,19,27.97822380065918,94101,2,1.9196620785098288,1,0,0,1,0,1,0
52,37,113.69523620605467,92965,1,4.302384444563286,1,0,0,1,0,0,0
61,37,104.8219757080078,94388,2,3.312192684819227,1,0,0,1,0,0,0
38,20,165.6300811767578,95729,2,3.8891220504548087,2,117,1,0,1,1,1
60,20,44.313262939453125,95044,2,1.7080268170401114,2,0,1,0,0,1,0
41,35,36.88128662109375,94956,2,0.2359070856815733,1,192,1,0,0,1,0
50,22,24.61129570007324,92693,1,2.2256070281015763,1,0,1,0,0,1,0
61,38,47.7476921081543,89934,3,1.1708357349593688,2,0,0,0,0,1,0
52,17,42.91012573242188,90455,4,1.610385129185611,2,0,0,0,0,1,0
54,31,116.8578872680664,95914,2,2.7660619603767382,3,0,1,0,0,1,1
51,31,26.27195167541504,94515,3,0.856461253027847,2,0,0,0,0,0,0
49,29,41.13805770874024,94548,2,1.2565547995331312,3,0,0,0,0,0,0
35,13,43.077030181884766,94346,2,2.037456467642192,2,0,1,1,0,0,0
40,11,64.68919372558594,91701,2,2.1450827465004174,1,0,1,0,0,0,0
28,1,92.15806579589844,94251,2,4.908631760156256,1,200,1,0,1,1,0
51,13,44.541542053222656,95725,4,1.2834448877570903,1,0,0,0,0,0,0
45,9,47.08314514160156,94372,2,3.182985638147108,1,0,1,1,1,1,0
52,19,68.09129333496094,91659,3,0.9937455812788408,3,0,0,0,0,1,0
36,8,42.6529426574707,90112,4,1.779196777123808,2,151,0,0,0,0,0
32,8,29.28937339782715,94549,1,0.613229592291521,1,0,0,0,0,0,0
61,37,68.12016296386719,91610,1,0.5651491663440245,3,0,0,0,0,1,0
43,15,44.78231048583984,90262,1,2.3566924749885203,1,0,0,0,0,1,0
48,15,68.07372283935547,94864,1,0.9553993137124828,2,0,0,0,0,0,0
58,29,45.52461624145508,93041,4,1.1669798377833989,3,0,0,0,0,1,0
48,14,36.215362548828125,92486,4,0.3189008464949081,2,0,0,0,0,1,0
42,23,93.86857604980467,90979,4,1.593022617668724,1,0,0,0,0,1,0
27,3,160.7003936767578,90703,4,2.957002797862965,3,0,0,1,0,0,0
63,41,95.37957763671876,91185,4,0.6854210140806294,1,0,0,0,0,0,0
59,35,68.98600769042969,91585,2,2.2430160903736587,2,0,0,0,0,1,0
52,32,10.331525802612305,91760,4,0.5032670450506265,3,0,0,0,0,0,0
29,5,196.23660278320312,95506,4,6.662170144821889,1,0,1,0,0,0,0
64,36,70.43528747558594,94510,2,5.1999791696872,3,0,1,0,0,1,1
31,10,75.2015151977539,91850,1,0.2467110388642055,1,0,1,0,0,1,0
33,5,35.79429626464844,91962,4,1.7228635106731167,2,0,0,0,0,1,0
30,16,123.71266174316406,92284,1,0.0536098910725454,1,86,0,0,0,1,0
61,36,57.30486297607422,94994,1,1.784777711825322,1,0,0,1,0,1,0
56,32,56.24374008178711,94756,1,0.9791394275340106,1,385,0,0,0,0,0
48,26,44.123329162597656,92880,4,1.888763698984608,1,115,1,1,0,0,0
31,7,96.04117584228516,90445,3,1.9319969711771412,2,0,0,0,0,0,1
53,33,61.954856872558594,95144,3,1.840570032057264,2,0,1,0,0,1,0
47,21,120.23075103759766,94188,1,0.4930584917510935,1,0,0,1,0,0,0
34,10,168.47999572753906,95815,2,1.996021759722868,1,0,0,0,0,0,0
36,9,13.99021816253662,91818,4,0.8921302281749207,1,0,1,0,0,0,0
38,11,86.9789047241211,94025,1,0.673122134570056,1,0,1,0,0,1,0
44,13,157.61294555664062,94005,2,1.2606256597919308,1,0,0,0,0,0,0
59,17,26.543657302856445,94778,1,1.3599529539198587,3,0,0,1,0,1,0
36,1,36.76016998291016,90873,3,0.6733665324324971,2,0,0,0,0,1,0
48,30,89.30343627929688,92195,2,1.3894502177816266,3,0,0,0,0,0,0
59,41,75.70765686035156,92642,4,2.83042069617181,1,0,0,0,0,0,0
49,22,18.62051773071289,95843,4,1.5918504618950846,1,0,0,0,0,1,0
30,19,30.91878890991211,94641,3,0.282920481075402,2,109,0,0,0,1,0
52,20,39.90144348144531,92924,4,1.222018529907238,3,0,0,0,0,0,0
52,26,150.59634399414062,90223,2,5.405187552424901,1,0,0,0,0,1,0
62,28,38.46427917480469,95688,3,0.8985336601891181,3,0,1,1,0,0,0
61,36,84.53731536865234,91937,3,2.123952498708177,1,0,0,0,0,0,0
39,17,37.17210388183594,92179,3,0.5626229429723176,3,0,0,0,0,1,0
57,35,53.73014068603516,92426,2,1.6800492109301142,3,0,0,0,0,1,0
54,19,73.13955688476562,95721,1,2.329385404588445,1,0,0,0,0,1,0
36,13,140.8055419921875,91357,2,6.069088747980687,1,0,1,0,0,1,0
40,30,13.427553176879885,94572,1,0.7466956819567253,2,542,1,0,0,1,0
45,21,52.79923629760742,90288,3,0.2269900866523621,1,141,0,0,0,1,0
57,30,28.092208862304688,93639,1,1.198150735726676,1,0,0,0,0,0,0
59,36,123.32486724853516,94347,1,1.949325838297164,1,0,0,0,0,0,0
54,31,62.861846923828125,91961,3,0.100551901956444,2,0,0,0,0,0,0
28,15,17.873939514160156,94022,1,0.9312021074468084,2,0,0,0,0,1,0
52,-1,40.30402755737305,95389,4,1.0036478600819008,2,0,1,0,0,1,0
41,15,17.12911033630371,94487,2,1.1916824580770822,1,84,1,0,0,1,0
60,36,49.43769454956055,94610,2,1.912609589232048,2,0,0,1,0,1,0
33,20,81.62123107910156,94529,4,1.3610875050535838,2,0,0,0,0,1,0
63,37,65.93183135986328,92872,4,1.855978231980696,3,0,0,0,0,1,0
51,13,130.99815368652344,90770,3,3.0370988821723834,3,416,0,0,0,1,1
53,26,62.74740982055664,94851,1,0.0300549858343658,2,0,0,0,0,0,0
38,8,59.12974166870117,91918,3,0.6549432375715943,3,0,1,0,0,0,0
35,13,87.51255798339844,96223,3,2.102413692871126,2,0,0,0,0,0,0
40,14,49.311466217041016,89846,3,0.252510880102816,1,0,0,0,0,0,0
59,37,29.53329467773437,91980,4,2.1192266541869818,2,103,0,0,0,1,0
33,13,64.69068145751953,91083,1,1.0976916360569258,3,0,0,0,0,0,0
41,16,149.185546875,91483,1,0.1479512946992918,3,0,0,0,0,1,0
28,19,183.17694091796875,94237,2,1.220324103264567,3,285,0,0,0,0,1
32,8,21.515913009643555,94081,4,0.8311327291277185,2,0,0,0,0,1,0
37,9,192.2338409423828,92637,1,5.2171147378869644,1,0,0,0,0,1,0
31,3,100.5718765258789,91698,4,2.434388150769985,1,0,0,0,0,0,0
41,17,30.83746719360352,95531,4,2.261339676976431,2,0,1,0,0,0,0
53,31,76.4891586303711,90306,1,2.040221626546657,1,172,0,0,0,1,0
54,32,23.508533477783203,91926,4,1.1430870133467144,1,0,1,0,0,1,0
54,35,145.48284912109375,92149,3,3.79922168487438,2,0,0,0,0,1,0
58,36,29.93684959411621,93925,3,0.3958120088428432,1,0,0,0,0,1,0
46,28,34.62384796142578,94145,3,1.0347914297672405,1,0,1,1,0,0,0
30,7,47.5811653137207,92780,1,1.546205539092978,3,0,0,1,0,0,0
30,7,63.49989700317383,92007,4,1.885341025107336,1,0,0,0,0,1,0
24,-1,32.14350509643555,91699,4,2.2624014342066845,1,0,1,0,0,0,0
56,24,170.86502075195312,94852,2,7.360376535493671,1,0,0,0,0,0,0
29,3,141.77906799316406,94865,3,5.6706706161495735,1,0,1,0,0,0,0
42,16,175.5554962158203,91501,1,1.3194040751086766,1,0,1,0,0,1,0
55,34,54.29547882080078,92347,2,1.6401186349484824,2,0,0,0,0,0,0
55,24,103.45124816894533,94464,1,0.5738486490166199,1,0,0,0,0,1,0
50,18,37.02964019775391,95509,3,0.1397310944512381,2,151,0,0,0,1,0
66,39,15.706724166870115,94010,4,0.5933930183609448,2,0,0,0,0,1,0
61,38,48.38580322265625,95521,2,1.9165276198810064,1,0,0,0,0,1,0
62,34,59.84925079345703,93520,1,1.704937522658733,3,0,0,1,0,0,0
55,30,48.808570861816406,90044,4,0.373720169042963,1,0,0,0,0,1,0
32,5,36.98995590209961,92721,4,1.9879795875370183,3,0,0,0,0,0,0
35,2,27.2850284576416,89949,4,0.0704321030452798,2,0,0,0,0,1,0
52,30,62.557655334472656,94673,2,0.9887884127178358,3,0,0,0,0,1,0
42,16,95.21732330322266,91851,3,2.657601162544932,2,0,0,0,0,1,0
27,12,31.42855834960937,93967,2,2.592011945313728,3,0,0,0,0,0,0
64,39,66.69088745117188,92066,2,1.064131417723694,2,0,1,0,0,1,0
42,24,102.9166488647461,91455,3,4.827474710826351,1,0,0,0,0,1,0
42,3,79.7482681274414,95275,3,1.898091590577883,3,0,0,0,0,0,0
62,37,76.00231170654297,91411,1,2.961463143804061,2,0,0,0,0,0,1
28,3,76.50936889648438,92135,4,1.777292320608726,3,151,1,0,0,1,0
31,16,48.6936149597168,92208,2,0.4461094580183416,3,113,0,0,0,0,0
52,27,51.87799453735352,92781,4,0.4083980747874832,3,0,0,0,0,0,0
50,23,66.40022277832031,94373,3,1.8320142192757776,2,0,1,0,0,1,0
51,27,110.7288055419922,93973,2,1.2955538290480817,1,147,1,0,0,0,0
63,37,19.728614807128903,93833,1,1.905912012985524,2,0,1,0,0,0,0
43,28,63.56884002685547,95900,3,0.8618129842158538,2,0,1,0,0,0,0
42,12,50.09798812866211,93513,2,2.7158893454039825,3,0,0,1,1,1,0
61,35,12.251940727233888,95493,2,0.1678149084756947,3,0,1,0,0,1,0
57,26,164.23016357421875,91073,2,1.0539471732450054,1,241,0,0,0,1,0
33,12,53.03131866455078,94614,1,0.0823832946043548,1,139,0,0,1,1,0
33,10,74.9952621459961,91181,3,1.5919306921323664,1,0,0,0,0,1,0
63,38,64.90546417236328,91134,4,0.1907630364248606,3,0,0,0,0,0,0
52,26,94.51744842529295,91977,4,2.5005692742096857,2,0,0,0,0,1,1
42,21,81.7264633178711,90132,4,1.310744030290381,2,178,0,1,0,1,0
42,10,88.2413101196289,95258,4,2.338866645297486,2,78,0,0,0,1,0
51,34,34.23915100097656,94608,3,1.2568350058848838,3,97,0,0,0,1,0
31,2,78.04911041259766,95033,1,1.875522769208943,1,0,1,1,0,0,0
40,12,156.1831817626953,91314,2,4.765842816199925,1,0,0,0,0,1,0
59,34,128.06729125976562,91884,2,5.424176596806582,1,0,0,0,0,0,0
31,0,23.51963806152344,93427,4,0.0833701510603007,1,0,0,1,0,0,0
39,31,198.4580535888672,92876,2,1.026288277182077,1,0,1,0,0,0,0
40,9,64.4345474243164,94347,3,0.5165832940443367,1,291,0,1,0,1,0
39,16,89.35688781738281,92249,1,2.6470130244471526,2,181,0,0,0,0,0
38,19,33.86305618286133,93438,3,0.9487850286229568,1,0,1,0,0,1,0
27,6,28.754484176635746,95919,3,1.6010845362787047,2,98,0,0,0,1,0
45,23,60.75638961791992,94187,3,0.4604035343870586,3,0,0,0,0,1,0
45,29,31.190095901489254,92881,2,0.66946576360013,1,0,0,0,0,1,0
46,14,45.178802490234375,94259,3,1.8007284921195108,2,0,0,0,0,1,0
43,18,113.01254272460938,92428,1,4.453032759634107,1,0,1,1,0,0,0
56,27,65.78816223144531,91991,4,0.3122788533545324,1,0,0,0,0,1,0
54,30,49.193458557128906,93724,2,0.3443985441401456,2,0,0,0,0,1,0
46,26,45.23131942749024,92772,2,0.2647712961702644,2,0,0,0,0,0,0
38,16,49.35805892944336,90941,4,1.723957428817139,2,0,0,0,0,0,0
42,22,126.11859893798828,92105,2,1.9209851598537064,2,0,0,0,0,0,0
53,22,70.82450866699219,90296,4,0.9307918685518906,3,0,0,0,0,1,0
36,12,36.28569030761719,95732,3,0.4137586395936357,2,112,0,0,0,0,0
51,24,33.7501220703125,92146,1,3.583349221377707,1,0,0,1,0,1,0
45,23,26.34813117980957,92564,1,4.357882833558508,3,0,0,1,0,0,0
50,35,71.86843872070312,92750,1,2.0831140552290863,1,0,1,0,0,1,0
47,25,69.97640991210938,95231,2,1.7913244941918736,1,0,0,0,0,1,0
61,30,85.44020080566406,90134,4,0.3767104745708309,1,143,0,0,0,0,0
28,0,61.92215347290039,90154,2,0.5434773760052898,2,0,1,0,0,1,0
51,32,88.58456420898438,91083,1,0.2345727708829843,2,0,0,0,0,1,1
56,37,42.67900085449219,92612,3,0.6951591798108214,3,0,0,0,0,0,0
42,13,15.5774507522583,95665,3,0.2810853627077525,2,0,1,0,0,0,0
33,8,36.70302581787109,93044,2,1.860236402922888,3,230,0,0,0,0,0
44,29,111.77546691894533,92779,3,2.112907415237696,1,0,0,1,0,0,0
60,36,112.15949249267578,94631,1,1.5531200267282177,1,0,0,0,0,0,0
60,38,19.617481231689453,93564,3,0.8358103343034798,2,0,1,0,0,0,0
56,20,30.371631622314453,95320,4,0.5462854109457965,1,0,0,0,0,0,0
34,4,74.00547790527344,94308,1,3.1060827704042824,1,0,1,0,0,0,0
45,19,89.51732635498047,92207,4,1.976498410889536,2,0,0,0,0,1,0
64,39,139.85194396972656,92825,2,0.5579237190837221,2,0,0,0,0,0,1
40,8,111.0242156982422,94201,2,2.3154366352445783,2,0,1,0,0,1,1
65,40,75.24795532226562,92100,2,1.849301487620191,1,0,0,0,0,1,0
59,34,103.38796997070312,90050,1,1.851800414724374,1,0,0,0,0,1,0
50,25,51.85541915893555,91922,2,1.5084297363431598,2,0,0,1,0,0,0
50,19,92.09326171875,94634,3,2.720646318012726,2,0,0,0,0,0,0
50,21,65.11750030517578,94173,2,0.6525933217931983,1,0,0,0,0,0,0
29,4,48.62523651123047,92180,4,1.4270367101427897,3,0,0,0,0,0,0
47,14,84.24649047851562,92686,4,2.5252485837886582,1,267,0,0,0,0,0
55,19,27.67425346374512,94325,4,0.2017347310278219,2,146,0,0,0,1,0
52,21,29.207149505615234,92651,3,1.286389354480649,3,0,0,0,0,0,0
53,24,50.85377502441406,91423,2,2.899166519650563,3,0,0,0,0,1,0
45,29,26.639476776123047,92273,1,0.2374521626555406,3,0,0,0,0,0,0
51,9,152.7117919921875,92966,2,3.122363918438383,1,434,0,0,0,0,0
34,22,117.78583526611328,94618,3,3.112957501890651,1,0,1,0,0,0,0
62,36,109.91773986816406,94014,2,5.463947612922583,1,123,1,0,0,1,0
28,4,78.6781997680664,94406,1,1.087058931528374,1,216,0,0,0,0,0
56,25,117.20779418945312,95059,2,1.857884206837797,3,0,0,0,0,0,0
30,1,35.19831466674805,91899,3,2.0515883678071534,2,249,0,1,0,1,0
53,28,57.81928253173828,96011,4,0.4130396121055553,2,0,0,0,0,0,0
30,3,32.82185363769531,93075,4,1.4666283339789865,1,0,1,0,0,1,0
36,3,151.4823455810547,95192,2,0.0115021053023992,3,369,0,0,0,0,0
61,37,130.39988708496094,92839,1,7.180256493629671,1,0,0,0,0,1,0
46,22,78.17511749267578,91145,4,1.6252237240426075,1,0,0,0,0,0,0
61,7,40.30514144897461,91280,3,1.4773422428977636,2,0,0,0,0,1,0
41,11,28.850845336914062,94010,2,1.9785650388914031,2,0,0,0,0,0,0
41,10,120.6787567138672,92609,3,2.0488845938237827,2,0,0,0,0,1,0
28,3,49.30735397338867,92272,2,0.1235801459727701,1,0,1,0,0,0,0
39,12,60.829471588134766,93897,2,1.1133699795060674,1,0,0,0,0,1,0
33,9,40.72251129150391,92934,1,1.4264843154673568,1,0,1,0,0,1,0
44,14,31.60929298400879,91616,3,2.594658716516779,2,0,0,1,0,1,0
47,30,38.53375625610352,90208,4,0.4077747925494995,2,121,0,0,0,0,0
31,5,91.2416534423828,93854,4,0.4294772882719108,2,227,0,0,0,0,0
47,10,64.61748504638672,94326,4,1.3764285988714624,1,0,1,0,0,1,0
31,4,22.939754486083984,95052,3,2.1140723110506667,1,150,1,0,0,1,0
33,10,24.85982131958008,93152,4,0.220228337289884,3,0,0,0,0,1,0
29,7,110.2184829711914,96412,1,0.3346804628915544,1,0,0,0,0,0,0
24,0,23.908348083496094,92840,3,1.0121694838079405,3,0,0,1,0,0,0
35,10,88.00523376464844,92947,3,1.5703743735302742,2,0,0,0,0,1,0
46,14,66.62899780273438,95607,1,3.133186944138966,2,395,0,0,0,0,0
59,36,14.790754318237305,94717,3,0.1418952311807012,2,0,0,1,0,0,0
36,10,65.4697265625,94729,4,0.3758679198985802,1,0,0,0,0,1,0
55,36,76.2895736694336,94247,1,2.4455627264716084,1,231,0,0,0,0,0
28,5,98.61329650878906,95640,2,1.5370338391749052,1,0,0,0,0,0,0
47,16,30.31932830810547,91504,1,0.1069837464299423,3,139,0,0,0,0,0
43,28,56.82755279541016,94133,1,2.101639346904549,1,0,0,0,0,0,0
41,20,43.73194885253906,95212,3,0.0127698434017053,1,72,0,0,0,1,0
46,26,122.17754364013672,94713,4,6.907250929696042,1,0,0,0,0,1,0
45,29,54.801788330078125,91797,4,2.3174782431867165,3,0,0,0,0,1,0
48,23,167.9902801513672,91669,2,3.28852515179787,1,346,0,0,0,0,0
60,33,81.4161148071289,93184,3,1.540290245127374,1,0,0,1,0,1,0
62,39,36.43798828125,90722,1,0.3859777778800409,3,0,0,0,0,0,0
39,16,158.7091064453125,91525,2,4.328941618939893,2,0,1,0,0,0,0
59,32,88.82359313964844,94947,2,3.047239417383607,1,0,1,0,0,0,0
38,25,36.72825622558594,93832,1,1.948488990962277,2,0,0,0,0,0,0
46,5,15.509260177612305,94297,1,1.2255323484808032,3,104,1,0,0,1,0
41,28,45.07190704345703,95254,1,1.817858415861337,1,523,1,0,0,1,0
53,23,38.2637825012207,94406,4,2.1522033049505938,1,128,0,1,0,0,0
44,26,25.26181030273437,93537,3,2.4598388753179736,2,0,1,0,0,1,0
64,37,166.49679565429688,93012,2,2.5363450042848577,1,582,1,0,1,1,0
38,20,113.33604431152344,90418,1,5.108189722818979,1,0,0,0,0,0,0
55,27,131.13101196289062,91326,2,1.5785372381623997,3,199,0,0,0,1,1
48,9,209.16026306152344,94735,2,7.286670312540572,1,0,0,0,0,0,0
56,35,49.58098220825195,95369,1,1.8392456065254972,3,184,0,0,0,1,0
58,26,16.769554138183594,91400,3,0.331981284578656,3,0,0,0,0,0,0
31,4,111.14737701416016,95110,2,3.1756538720260377,3,0,1,0,0,0,0
45,22,53.871124267578125,89918,3,0.8720470648181621,3,0,0,0,0,1,0
59,34,29.04163932800293,94354,3,0.982461332434927,3,93,0,0,0,0,0
46,21,18.75989151000977,95156,1,0.3098161463739286,2,80,1,1,1,1,0
32,9,64.16891479492188,91470,4,1.0310660159924854,1,95,0,0,0,1,0
58,22,138.72254943847656,92091,4,1.5101656823597462,2,165,0,0,0,0,0
41,14,108.7367172241211,94640,1,4.969117212773923,1,0,0,0,0,1,0
54,20,125.09302520751952,91734,1,3.707412784535222,1,0,0,0,0,0,0
29,3,32.758819580078125,94497,2,0.9200126938616948,1,120,0,0,0,1,0
29,6,89.62708282470703,92668,4,2.711705211322537,3,101,0,0,0,0,0
66,37,146.1236572265625,91591,2,2.77169336634401,2,236,0,0,0,1,1
43,20,37.43095016479492,91541,2,1.627099611649255,3,0,1,0,0,1,0
28,7,46.38656234741211,91852,3,1.5785426834275702,1,136,0,0,0,0,0
62,38,36.731544494628906,92913,1,0.8515539735019291,1,0,0,0,0,1,0
56,35,62.64577102661133,94393,1,1.6875131426333438,2,308,0,0,0,0,0
58,37,66.40815734863281,93056,1,2.0444933871163093,3,115,0,0,0,1,0
43,23,45.650001525878906,95267,2,0.7860869660680061,3,0,1,0,1,1,0
60,39,56.71353149414063,91211,4,0.1304263901849723,3,0,0,0,0,0,0
58,37,90.54276275634766,95058,3,0.6269932767772992,1,0,0,0,0,1,0
54,20,65.1488037109375,93521,2,0.5339371066357272,3,257,0,0,0,0,0
59,37,36.12046432495117,92982,4,1.82130912785858,1,0,1,0,0,0,0
49,26,92.5064926147461,90189,3,0.2199475945830648,3,0,0,0,0,1,0
31,5,55.03221893310547,91412,2,0.181942349907211,3,0,0,0,0,0,0
31,6,192.4529266357422,92089,2,2.1652365347859206,1,0,0,0,0,1,0
58,36,49.36929321289063,95622,3,1.8660602462705775,2,105,0,0,0,0,0
49,23,122.55113983154295,93275,4,2.5453700276692235,3,0,1,0,0,0,1
59,30,40.54029083251953,94401,2,0.6835167495851586,2,0,0,0,0,0,0
50,28,81.27921295166016,94032,1,2.8264336178387035,3,225,0,1,0,1,0
38,13,183.4593963623047,91407,2,7.964526183472365,1,405,0,0,0,1,0
30,5,40.7851791381836,92844,4,1.8821982578424492,1,0,1,0,0,1,0
55,31,102.8740692138672,92138,3,2.7635233750771926,3,148,1,0,0,1,0
61,39,51.42644882202149,91034,3,0.7809323158201508,2,0,0,0,0,1,0
39,18,112.4883270263672,92094,4,2.6604327334566005,1,126,1,1,0,1,0
39,23,126.62557983398438,92326,3,2.3580650483457863,1,0,1,0,0,0,0
55,31,53.3032455444336,93935,1,1.563967069882584,2,0,1,1,1,1,0
52,26,121.08953857421876,94685,1,0.8551564780151162,3,0,0,0,0,0,0
54,35,88.42559814453125,90933,1,1.70173284617013,3,0,1,1,1,1,0
49,25,115.1511688232422,90370,3,6.283211843807447,2,0,0,0,0,1,0
28,5,99.5007095336914,92974,1,1.1333072171874743,2,0,0,0,0,0,0
53,34,64.84716796875,90479,2,2.9760947932808226,3,0,1,0,0,0,0
28,4,29.6040153503418,93620,3,1.1546622483153648,2,0,0,1,0,1,0
44,19,18.905805587768555,93407,1,2.153140090386155,3,0,0,0,0,1,0
51,27,52.32474136352539,94404,2,0.4224935832938384,2,0,0,0,0,0,0
39,14,61.73942947387695,90014,2,1.4330549557138264,2,414,0,0,0,0,0
43,26,70.4129867553711,94646,3,1.0461724336259577,1,0,1,0,0,0,0
57,32,61.852684020996094,91759,2,0.0377149988067748,1,115,0,0,0,1,0
45,4,131.02536010742188,94006,2,2.097149755270325,1,0,0,0,0,0,0
52,28,92.04535675048828,94759,2,2.2938945093504666,3,154,1,0,0,1,0
41,8,73.94683837890625,91525,2,1.1493573610818837,2,0,0,1,0,1,0
26,0,56.68167495727539,90580,2,3.376791785690395,3,298,0,1,0,0,0
43,15,55.98765563964844,94559,4,0.9058225518596495,3,240,0,0,0,0,0
34,6,153.5257568359375,91223,3,0.8011008966038541,2,0,0,0,0,1,1
55,34,41.09587860107422,95535,1,1.3811439403514458,3,0,0,0,0,0,0
34,8,135.68240356445312,93465,2,2.348799798565312,3,0,0,0,0,0,1
29,4,74.1596908569336,95983,4,1.9848136055658907,1,0,0,0,0,0,0
25,2,167.8106689453125,91925,2,6.392569204963054,1,0,1,0,0,1,0
62,37,119.31786346435548,91926,2,1.7578431697579118,3,0,0,0,0,0,0
40,9,174.4311065673828,94131,1,1.5970139096146774,1,0,0,0,0,1,0
34,15,92.53221130371094,95499,4,0.4212115759212935,2,0,1,0,1,1,0
29,11,133.35870361328125,94161,2,4.655183010635982,1,0,0,0,0,1,0
54,29,21.041793823242188,92079,3,0.8703171460906604,1,0,0,0,0,0,0
34,10,18.40382575988769,92038,3,0.6838520671822533,3,124,1,1,1,1,0
49,23,100.83768463134766,90089,2,0.2828527695830202,1,0,1,0,0,0,0
33,12,127.51927185058594,94574,1,2.361269177562148,3,0,0,0,0,0,1
33,9,39.94477462768555,91539,4,1.0734316159082222,3,0,0,0,0,1,0
53,28,27.32376289367676,92980,2,0.1788050198260861,3,0,0,0,0,0,0
61,25,100.52764892578124,94533,2,2.7615865207040438,1,0,0,0,0,1,0
40,25,97.77388763427734,95007,3,3.543040689981998,3,229,1,1,1,1,1
48,13,46.7462272644043,92159,1,1.7533902729419304,2,0,0,0,0,0,0
38,18,63.49212646484375,90383,1,0.0781419765969156,3,0,0,0,0,1,0
45,26,143.0662078857422,92130,4,4.459868123624892,1,0,0,0,0,0,1
61,34,77.59356689453125,93182,3,0.3777763333010484,3,0,0,0,0,0,1
66,40,27.288389205932617,90356,3,0.147217160085503,3,0,0,0,0,1,0
40,24,41.4864616394043,92681,4,1.698344243808209,2,0,1,0,0,1,0
28,4,105.39371490478516,89817,2,2.182195725596277,1,0,1,0,0,1,0
30,4,50.207069396972656,91432,2,2.010946764279452,3,230,0,1,0,1,0
66,39,104.29068756103516,92028,3,2.0999573139102177,3,0,0,0,0,0,0
28,7,132.9713134765625,91460,2,6.782702819588184,2,0,0,0,0,1,1
64,37,110.63024139404295,94227,1,2.068445035403803,1,0,1,0,0,0,0
42,22,51.50902557373047,94454,3,0.7806788553199503,2,0,0,0,0,1,0
64,39,40.13852310180664,96176,2,0.5100749613976521,3,0,0,0,0,1,0
63,37,77.93882751464844,93144,2,0.373233507590459,1,441,0,0,0,1,0
46,22,109.52349853515624,95429,2,2.1767181385307386,3,0,0,1,0,1,0
38,16,26.55879783630371,90313,3,1.133325404954264,2,0,0,1,0,0,0
30,15,34.17715835571289,94332,3,0.5594262520390274,3,0,0,1,0,1,0
30,13,62.16033935546875,94166,2,0.2144387214209293,1,0,0,0,0,1,0
28,5,130.26080322265625,90162,2,2.3000749628580683,1,0,0,0,0,0,0
46,14,45.25482940673828,94645,1,3.0572884322622205,3,0,0,0,0,1,0
29,7,79.9458999633789,95096,3,1.9539378779834076,3,0,0,0,0,0,0
55,29,123.18408966064452,90311,4,1.87260049090307,1,470,0,0,0,0,0
26,-1,77.6785888671875,94885,4,2.0083509391131,2,0,0,0,0,1,1
61,31,27.329072952270508,92207,4,1.337215737307444,2,0,0,0,0,1,0
39,8,30.31992721557617,92149,4,2.367705966443175,3,0,0,0,0,1,0
51,25,141.89833068847656,94296,3,4.726095453226948,1,0,1,0,0,0,1
63,43,63.04369354248047,93978,3,1.520005381063956,3,150,1,0,0,1,0
29,10,11.825758934020996,95173,2,0.3193619020025389,2,85,1,0,0,1,0
40,15,16.052671432495117,92076,2,0.2545757997713797,3,0,0,0,0,1,0
54,29,37.086212158203125,94311,4,1.2774694558853017,1,205,0,0,0,0,0
27,8,102.02977752685548,96125,1,1.455343971087904,1,0,0,0,0,1,0
44,15,89.4826889038086,94235,3,1.1776306265871035,3,0,1,0,0,1,0
57,28,61.15032958984375,94564,2,1.7609512921476085,3,0,0,0,0,0,0
66,40,77.3283462524414,95073,2,0.1357296544296797,1,0,0,1,0,1,0
54,19,179.5012969970703,95473,1,3.277116973004192,3,0,0,0,0,0,1
45,23,150.2196044921875,96514,2,5.845505417401093,1,0,0,0,0,0,0
29,6,31.29768943786621,92207,4,2.049873184213305,2,0,0,0,0,1,0
59,37,52.33242034912109,91325,3,0.3057725133520766,3,231,0,0,0,1,0
40,11,64.94522094726562,94449,3,0.5350498586639199,3,0,0,1,0,1,0
34,11,188.43215942382807,94582,1,4.03244310481735,1,258,0,0,0,1,0
26,-1,31.62893295288086,93510,4,2.642335926234432,3,0,1,1,0,1,0
42,19,35.241546630859375,92103,3,0.0792048511349585,1,0,0,0,0,1,0
44,14,25.231897354125977,93827,4,1.9437407696902107,3,0,1,0,0,1,0
29,6,66.09562683105469,92259,2,1.386284195737503,2,110,1,0,0,0,0
59,38,65.44178771972656,94645,3,0.8554152530021153,3,0,0,0,0,0,0
34,4,102.7436752319336,94245,1,1.1113026713472318,2,0,0,1,0,1,0
41,22,83.66712951660156,95393,3,2.90291461750798,1,0,1,0,0,0,0
39,20,64.67430114746094,94863,3,0.7240140555312848,1,0,1,0,0,1,0
55,29,156.54156494140625,92694,4,2.837268070712424,1,0,1,0,1,1,1
60,39,110.86270141601562,95415,1,2.521315000706527,1,0,0,0,0,0,0
54,30,49.62778472900391,95163,3,1.432828973587306,2,0,0,0,0,0,0
60,38,31.60602188110352,95646,1,1.1813113699283062,1,0,1,0,0,0,0
33,3,75.1428451538086,94466,2,2.288918387238861,2,0,1,0,0,1,0
32,5,101.91232299804688,94862,1,4.437131884624514,2,183,0,0,0,0,0
39,14,157.73509216308594,95402,1,7.193044522813005,1,0,0,0,0,0,0
53,19,188.69207763671875,92804,2,9.415804438116194,1,0,0,0,0,1,0
61,29,35.97987365722656,94663,3,0.3760632485016896,3,140,0,0,0,1,0
59,38,135.16163635253906,91124,3,5.900466371547526,3,157,1,0,0,1,1
40,9,51.49366760253906,95435,1,3.750914084199653,1,292,1,0,0,1,0
36,8,26.068044662475582,91337,3,1.2906457139783931,2,0,0,0,0,0,0
34,16,42.84248733520508,94209,3,2.413869371694113,1,0,1,0,0,0,0
57,33,93.68815612792967,95134,1,0.2398118550072346,1,170,1,1,0,0,0
59,30,29.103271484375,94296,1,0.4922805297809429,3,352,1,0,0,0,0
44,24,52.97606658935547,92885,2,1.9136202853999,3,104,1,0,0,1,0
55,36,38.43619537353516,94019,2,0.4177186995557943,1,0,1,0,0,0,0
23,2,56.86741638183594,94831,2,0.2287643755512008,1,383,1,0,0,1,0
27,12,95.1749038696289,95640,4,0.7271802659065598,3,201,1,0,0,1,0
48,23,17.570446014404297,95959,4,0.3408392902491903,1,0,0,0,0,0,0
34,11,34.65692901611328,91376,3,0.6524059294938189,1,0,0,0,0,1,0
44,31,16.63829231262207,95214,3,1.5190163289087082,3,0,0,0,0,0,0
61,40,78.5807876586914,89967,4,6.560757904565092,1,491,0,0,0,0,0
62,36,66.5404281616211,93383,3,2.0059018936352717,3,169,0,0,0,1,0
40,20,32.81615447998047,94422,1,1.5817325722188054,2,102,0,1,0,1,0
28,2,52.89472579956055,95949,2,2.230427636430816,3,309,0,0,0,1,0
38,13,147.99546813964844,94814,2,5.098339585099741,1,0,0,0,0,1,0
34,8,76.36384582519531,91447,2,2.4348423072631613,1,0,0,0,0,1,0
49,15,80.65525817871094,94381,1,4.604001711940758,3,0,0,0,0,1,0
41,8,184.31076049804688,92138,2,0.1992816498113806,1,0,1,0,0,1,0
58,29,171.46795654296875,92131,3,3.794602609953992,1,238,1,0,1,1,1
60,36,17.49433708190918,92947,3,0.212355430152182,3,154,0,0,0,1,0
28,6,19.02260398864746,92583,4,1.717161115179337,2,0,0,1,0,1,0
29,7,29.568958282470703,91155,3,0.2088101671877174,2,0,1,0,0,0,0
55,28,142.92771911621094,95632,2,1.9158807136761864,1,0,0,0,0,1,0
29,3,13.105585098266602,94295,2,1.110118200307646,2,105,0,0,0,0,0
62,37,84.0029525756836,90100,3,1.9013947783632916,2,105,0,0,0,1,0
52,29,64.33540344238281,91438,2,1.256595364260823,3,0,0,0,0,0,0
61,31,79.85277557373047,92273,2,1.5923502639960034,3,0,0,0,0,0,0
60,33,30.321046829223636,93362,4,0.8666204018552944,2,0,0,1,0,0,0
34,2,59.2202262878418,94938,4,0.2305825648246719,3,0,0,1,0,0,0
32,5,87.61631774902344,94148,4,0.5145179798021247,1,296,0,1,0,1,0
28,6,27.021556854248047,93104,2,0.317999846824152,3,0,1,0,0,0,0
59,36,34.081504821777344,94493,3,0.8638907954951522,1,0,0,0,0,0,0
63,39,20.17880249023437,91053,1,0.4845098535689466,2,0,1,0,0,1,0
45,22,78.48434448242188,94444,1,1.387521419932101,2,0,0,0,0,1,0
27,14,172.73472595214844,91870,2,7.072948498257842,1,394,0,0,0,0,0
38,18,153.8572235107422,95963,3,2.31405655958783,2,198,0,0,0,1,1
35,15,168.48458862304688,94364,2,1.7103682551108517,1,0,1,0,1,1,0
52,33,75.6081314086914,95814,1,0.8569375417887695,1,0,0,0,0,0,0
37,11,78.40673065185547,95062,3,0.4618954101466179,1,0,0,0,0,1,0
36,15,47.7320442199707,90056,2,0.3567458658367367,2,0,0,0,0,0,0
61,33,94.49671936035156,90913,4,0.7283307808664023,1,0,0,0,0,0,0
39,18,41.47370529174805,92089,3,0.7337865621367758,2,0,0,0,0,1,0
57,31,161.57958984375,93010,2,5.692373394343623,1,0,0,0,0,1,0
55,27,36.55370330810547,93147,1,1.5751241059883163,3,0,0,0,0,1,0
31,9,150.40895080566406,95135,1,1.26760189373681,2,0,1,0,0,1,1
58,28,67.12064361572266,94523,1,0.7460016915396194,3,0,0,0,0,0,0
27,0,135.32467651367188,94193,4,1.749135363344827,2,0,0,0,0,0,1
36,8,35.134971618652344,89965,1,1.7429153936793396,1,101,0,0,0,0,0
57,29,51.355613708496094,94702,1,2.8069238218882475,1,222,0,0,0,0,0
29,8,59.102333068847656,95062,3,1.1178698672721097,2,0,0,0,0,1,0
51,26,42.7106819152832,91160,4,1.137627660426013,3,147,0,0,0,0,0
60,36,33.65861511230469,90267,4,0.866333359364784,1,0,0,0,0,0,0
40,9,124.54695892333984,94461,4,2.004696516748436,2,156,1,0,0,1,1
28,3,177.88330078125,95402,2,0.3126389840961501,1,0,0,0,0,1,0
27,1,31.309572219848636,90983,1,1.415336858532234,2,0,0,0,0,1,0
28,6,63.39323043823242,94371,4,0.9185346457438964,2,0,0,0,0,1,0
42,16,97.31990051269533,93227,1,3.3765056223459067,1,0,0,1,0,0,0
46,25,94.1537094116211,93147,1,0.9062117838188112,2,149,1,0,0,0,0
40,13,104.76343536376952,95754,1,0.951617443426474,1,0,1,0,0,1,0
53,16,101.227294921875,92565,4,1.9004473590646305,1,0,1,0,0,0,0
57,35,21.14728736877441,94902,2,1.9870918245827065,3,0,0,0,0,1,0
39,10,138.80084228515625,90782,2,3.26640528353559,3,0,0,0,0,0,0
45,26,86.23957061767578,94003,1,5.289948907989832,1,0,0,0,0,0,0
44,16,53.59974670410156,92028,1,1.4602254791159648,2,0,0,1,0,1,0
31,16,41.61177062988281,95023,4,2.504461447556273,3,0,1,0,0,1,0
30,20,124.2654800415039,93739,2,0.3402748239418614,2,0,0,0,0,0,0
39,24,53.4255256652832,91772,3,0.4660983911846343,2,0,0,0,0,0,0
59,25,93.30548095703124,95471,3,2.17757505459732,1,0,0,0,0,0,0
34,10,67.56025695800781,91914,4,0.6874106664347575,2,0,1,0,0,0,0
33,5,18.294113159179688,91234,2,0.1475038638524237,1,95,0,0,0,0,0
29,1,89.01046752929688,92209,3,0.4507800645276938,2,0,0,0,0,1,0
55,32,77.02664184570312,94301,4,0.1110186083062126,1,0,0,0,0,0,0
29,2,42.271705627441406,91852,4,2.162561148479441,2,0,1,0,0,0,0
36,14,87.34141540527344,92904,4,2.5296398458388363,2,0,1,0,0,0,0
45,19,99.63214111328124,92966,1,1.674126089395828,2,0,1,0,0,1,0
30,10,66.50782775878906,94905,2,7.441209472092715,1,0,0,0,0,1,0
24,5,21.965288162231445,91983,4,1.8236532645578951,1,0,0,0,0,1,0
60,31,31.12124252319336,89856,2,2.3689886612216764,1,236,0,0,0,0,0
27,1,110.79236602783205,96030,1,0.0646162883367155,3,0,0,0,0,1,0
53,32,44.3665885925293,94793,1,0.2189656569371406,2,0,1,0,0,0,0
44,30,134.85641479492188,95705,1,1.4243700538843886,1,0,0,0,0,1,0
60,36,123.24134826660156,94397,3,0.2833836980827965,1,382,0,0,0,0,0
33,9,32.09624481201172,92882,4,1.8015874015207365,1,0,0,0,0,0,0
50,26,28.26778030395508,94017,3,0.7665025326379546,1,0,1,0,0,1,0
66,39,40.83352279663086,93145,2,1.4861082455823575,2,0,1,0,0,1,0
60,34,65.55005645751953,89895,1,1.2773464205638447,1,0,1,0,0,1,0
44,24,160.58201599121094,90911,2,6.657055827241845,1,0,0,0,0,1,1
34,8,126.37686920166016,94168,2,6.590237886126547,1,0,1,0,0,0,0
62,37,131.28900146484375,96099,2,2.029271265881399,3,0,0,0,0,1,0
41,24,45.28628158569336,94021,1,0.4053319558449008,3,0,0,0,0,0,0
57,37,162.00228881835938,94052,3,5.864259003354638,2,447,0,0,0,1,1
52,17,161.4871826171875,93366,1,7.455981140806617,1,0,1,0,0,1,0
39,14,48.99177169799805,91327,3,3.4948093017496533,1,0,0,0,0,1,0
59,32,30.41270065307617,91311,1,0.302245649047287,1,0,0,0,0,1,0
40,13,56.04708099365234,91562,1,0.7503162895578751,3,234,0,0,0,0,0
49,23,70.25196838378906,93759,4,1.271197267446139,3,0,1,1,0,0,0
56,25,75.8609390258789,95073,3,1.3835248950363628,2,0,0,0,0,0,0
58,32,91.91319274902344,95079,2,1.2319315602151897,2,104,1,0,0,0,0
46,24,86.21416473388672,95078,1,2.2919237080372965,1,0,0,0,0,0,0
47,19,18.970165252685547,94167,2,2.5028912664617238,2,0,0,0,0,0,0
40,13,123.67057037353516,95904,3,1.565248193405334,1,0,1,1,1,0,1
57,36,66.30250549316406,92048,2,0.2294997800912696,3,0,0,0,0,1,0
29,1,45.03171157836914,94319,1,2.018180242224485,2,0,1,0,0,1,0
53,31,14.762572288513184,94306,2,0.2016343803620834,2,0,0,0,0,0,0
30,3,55.35297775268555,94459,3,2.4677835691855714,3,0,0,0,0,0,0
59,24,104.70760345458984,90872,1,0.3066503214931478,1,0,0,0,0,1,0
29,7,35.194793701171875,92578,4,1.1574556575914847,1,97,0,1,0,0,0
29,8,44.363616943359375,93915,1,2.5783982094575806,3,106,1,0,0,1,0
33,9,29.69257354736328,95043,4,1.791842855959991,2,0,1,0,0,1,0
33,9,167.88299560546875,93063,2,2.74106862134915,1,0,0,0,0,0,0
39,11,65.28069305419922,95528,1,1.2747214530557625,1,0,0,0,0,0,0
58,36,27.072193145751957,93065,4,0.8153364552554447,2,0,1,0,0,1,0
32,10,44.04482269287109,94666,1,2.2018514350428715,2,176,0,0,0,1,0
62,40,25.70364189147949,90454,4,0.3621508371105335,1,0,1,0,0,1,0
62,31,187.68402099609372,92854,4,5.36137066020976,3,0,0,0,0,1,1
57,29,53.00752258300781,94636,3,1.0655499289037669,3,0,0,0,0,1,0
45,25,22.990440368652344,92076,1,1.9675735962968977,3,156,0,0,0,0,0
32,5,178.96266174316406,95651,2,3.962026529833531,1,399,0,1,0,1,0
58,31,119.34878540039062,91279,2,5.394479808018866,2,0,0,0,0,0,1
40,7,213.1705017089844,92993,1,5.584952285774243,1,0,0,0,0,0,0
66,33,21.149269104003903,90844,3,1.9978321855006371,2,115,1,0,0,1,0
30,2,17.168970108032227,94098,4,2.199295107145501,2,0,0,0,0,1,0
45,32,48.2800178527832,90140,3,0.1337312593608592,3,0,0,0,0,0,0
49,8,77.87066650390625,92302,1,1.6515135579540634,1,0,0,0,0,0,0
47,11,36.639610290527344,91788,4,0.5372784435538789,1,0,0,0,0,1,0
29,5,37.9561767578125,94689,4,2.0136722480203866,2,0,0,0,0,1,0
43,19,60.574440002441406,93040,2,0.8330779759679748,3,0,0,1,0,0,0
63,38,27.34427261352539,94270,4,0.1529869887330301,3,105,0,0,0,0,0
34,5,114.17986297607422,91576,2,2.867136951187732,3,0,1,0,0,0,0
54,26,82.04731750488281,91472,2,1.5091895256824008,3,0,0,1,0,0,0
60,35,75.75633239746094,92272,4,1.676275117623104,1,0,0,0,0,1,0
56,31,42.95935821533203,94102,1,0.9987057357956396,3,0,0,0,0,1,0
27,5,198.8093414306641,92429,1,3.2691784472253955,1,0,0,0,0,1,0
46,12,148.79827880859375,90088,1,0.3894593947443303,1,0,0,0,0,0,0
60,38,107.74655151367188,91905,3,3.4359997234359105,1,378,1,0,0,1,0
37,8,44.25954818725586,94103,2,1.936508717193005,2,0,0,0,0,0,0
65,41,77.95565032958984,95140,4,0.9730573289396464,1,0,0,0,0,0,0
44,19,62.76433944702149,95271,1,0.550287236673624,3,374,0,0,0,1,0
48,20,34.4364013671875,94264,2,0.4582965693180233,2,0,0,0,0,0,0
60,39,46.68815612792969,94512,3,1.6301187239360395,3,139,0,0,0,1,0
41,7,119.92989349365234,90961,3,3.887742045785766,2,313,0,0,0,1,1
63,37,22.421499252319336,92346,4,1.132825545477389,2,0,0,0,0,0,0
60,28,67.12744140625,90453,4,1.760285752105635,3,0,0,0,0,0,0
52,35,124.15040588378906,92221,1,0.4278153298502513,1,0,0,0,0,0,0
59,37,107.85540008544922,91302,1,2.629689257482052,3,0,0,0,0,1,0
57,33,148.54864501953125,92012,4,6.491338921313552,1,0,1,0,0,0,1
60,28,21.868671417236328,93061,2,1.7959250251353316,3,0,0,1,0,0,0
52,33,92.9668960571289,94364,2,3.132969114860018,1,389,0,0,0,1,0
35,13,37.64904022216797,96268,1,2.5305759979777385,1,0,0,0,0,1,0
36,27,14.18082046508789,94368,4,1.5694443322304743,1,187,0,0,0,1,0
52,23,93.60269927978516,92710,1,2.2792674446281005,3,0,1,0,0,0,0
42,10,93.32633972167967,94352,4,0.4204138961658677,1,241,1,0,0,1,0
37,9,95.56928253173828,92146,2,1.0355030609814877,2,0,0,0,0,0,0
53,35,52.78338623046875,92421,1,0.37782368951223,1,0,0,0,0,1,0
62,37,96.90564727783205,94124,1,0.8226273178661456,3,0,0,0,0,0,0
46,20,155.584228515625,94302,2,3.97717253639484,3,0,0,0,0,0,1
39,14,145.8753662109375,94281,3,4.693470764301094,3,0,1,1,1,1,1
36,13,30.24199676513672,92556,2,1.0542453098102122,3,0,0,0,0,0,0
46,30,109.04386138916016,94601,2,5.910171346894272,3,0,1,0,0,1,1
66,38,128.98379516601562,92850,4,1.512771710859574,2,0,0,0,1,1,0
55,38,21.49933624267578,95530,3,0.7899194062786312,1,0,0,0,0,1,0
57,32,187.6151580810547,91857,2,3.0502333784774645,1,0,0,0,0,0,0
57,37,53.18303298950195,91612,2,1.1738094755467123,3,0,0,0,0,1,0
39,29,92.59639739990234,90557,4,3.5527932592706613,2,0,0,1,0,1,1
60,33,119.8985824584961,90314,2,1.9987804609452735,1,0,1,0,0,1,0
57,35,19.14630889892578,92768,2,0.435061968539224,3,0,1,0,0,1,0
51,21,33.21575164794922,92204,3,0.3367239085343272,2,0,1,0,0,1,0
39,19,63.57039260864258,93017,2,1.945616534500315,1,0,0,0,0,1,0
49,19,45.22486877441406,94509,4,0.4701599861776036,2,0,0,1,0,0,0
60,43,72.42423248291016,91668,1,3.855121673088104,2,0,0,0,0,0,0
66,37,49.36808395385742,90671,3,0.2387965001030777,3,0,0,0,0,0,0
51,30,69.54425811767578,95535,2,1.88407593764073,3,148,1,1,0,1,0
37,11,69.60096740722656,92923,2,0.8558063700600982,1,0,1,1,1,1,0
48,22,76.71180725097656,94938,1,1.6570578026836635,2,0,1,1,0,0,0
58,33,36.84986114501953,92576,2,0.8209632800624131,3,0,1,0,1,1,0
42,10,59.7628173828125,91345,2,2.035797123791146,3,152,0,0,0,0,0
33,5,30.765838623046875,93810,1,2.5095147128458173,3,0,0,0,0,0,0
42,18,88.69263458251953,95014,2,6.042658061186499,1,0,0,1,0,0,0
46,20,52.5891227722168,94818,1,0.7407082276839783,3,0,0,0,0,0,0
48,26,29.12885284423828,90114,2,0.6796370081678006,1,211,1,0,0,1,0
55,17,184.1897125244141,92355,2,1.7893760634137978,1,0,0,0,0,1,0
46,27,26.70992088317871,92043,4,2.0614683268715925,3,0,0,0,0,0,0
52,25,113.17797088623048,90338,2,0.2777533301343591,1,0,0,0,0,0,0
34,11,71.69952392578125,94795,3,0.3728604233151833,1,169,0,0,0,1,0
26,5,20.919246673583984,91331,2,0.6480224101874217,2,147,0,0,0,1,0
58,26,54.5664291381836,92110,4,0.2499125653468938,1,92,0,0,0,1,0
53,19,17.591381072998047,93239,3,0.2554083927465211,2,0,0,0,0,0,0
34,7,41.26580429077149,95661,2,1.130852140799529,2,277,0,0,0,0,0
54,17,161.3572235107422,94813,2,6.395240672540489,1,0,0,0,0,1,0
38,9,35.328765869140625,95515,4,0.5054792925513839,2,0,0,0,0,1,0
56,23,77.67941284179688,93700,3,1.2032728338178629,1,156,0,1,0,1,0
59,39,40.25746154785156,91710,3,0.4581677345051649,3,0,0,0,0,0,0
53,31,41.61692810058594,94943,2,1.7781509518456788,1,0,1,0,0,0,0
40,11,93.98937225341795,90066,3,1.9930466122961992,2,267,0,0,0,1,0
50,27,65.01473999023438,94181,1,0.5757117806614052,1,0,0,0,0,1,0
26,2,61.80240631103516,91772,3,2.392897028073223,2,0,0,0,0,0,0
45,12,116.51211547851562,91873,2,1.9574651747269152,3,0,1,0,0,0,1
54,29,34.2777214050293,96289,2,0.218119879522236,3,0,0,0,0,0,0
60,35,49.84260177612305,91347,4,0.0628373968458738,2,0,0,0,0,1,0
61,35,72.45210266113281,92502,1,1.5904645170178036,3,0,0,0,0,0,0
28,2,176.7634735107422,91098,2,3.4576999741964363,1,245,0,0,0,1,0
45,22,36.57837677001953,92030,2,2.579774032095497,2,0,1,0,1,1,0
62,34,100.88882446289062,93054,2,0.4092397469438642,1,0,1,0,0,1,0
37,21,79.25409698486328,94243,2,2.0084125570041977,3,0,0,0,0,1,0
39,19,72.34313201904297,94510,4,2.1741454755422294,2,0,1,0,0,1,0
51,23,30.6563663482666,95361,4,0.2946857310054297,3,0,1,0,0,1,0
34,9,83.80638122558594,94148,2,1.627294147662188,1,0,1,0,0,1,0
30,5,97.69456481933594,94590,3,0.6385600943873628,2,228,1,0,0,0,0
55,24,54.49599838256836,95434,1,0.9412494086564528,1,0,0,0,0,1,0
57,34,51.69156265258789,94039,2,1.7190535251380292,1,0,1,0,0,1,0
38,16,128.39654541015625,95237,1,1.5605941777185448,1,0,0,1,0,1,0
41,4,40.87532424926758,95677,2,0.2701264996844016,2,104,0,0,0,1,0
37,12,139.67892456054688,95348,3,3.912428312315534,2,0,0,0,0,0,1
58,38,52.611663818359375,90251,1,4.665233617267131,2,247,0,0,0,0,0
46,23,166.1656951904297,95082,2,5.843294387074862,1,0,1,0,0,1,0
55,23,116.8674545288086,94398,1,2.8442030779634084,1,0,0,0,0,0,0
43,25,158.07598876953125,95108,2,2.23872831255074,1,0,0,0,0,1,0
58,36,68.41546630859375,92177,3,1.967802697086546,3,157,0,1,0,1,0
53,22,101.14625549316406,95558,1,1.725808485861943,1,0,0,0,0,1,0
45,22,97.86160278320312,94829,1,4.334548528588242,1,0,0,0,0,0,0
51,32,72.64713287353516,92967,1,0.7891205452371853,3,104,0,0,0,0,0
61,33,42.81193542480469,90486,3,0.3964155820101658,1,151,1,0,0,1,0
35,3,178.55784606933594,94076,2,5.538569387404088,3,0,0,0,0,1,0
61,37,61.00619125366211,93123,2,1.7434330279550347,1,0,0,0,0,1,0
61,31,38.3489990234375,92884,4,1.0374067556590116,3,0,0,0,0,0,0
41,24,14.34378719329834,94435,3,0.446444301759937,2,0,0,0,0,1,0
57,21,97.8594207763672,90198,1,2.077489870097563,1,322,0,0,0,0,0
55,28,70.56214904785156,91782,2,1.5990316242333455,2,0,1,0,0,0,0
45,18,139.0325164794922,94700,1,0.6428515729160541,3,0,0,0,0,0,0
34,7,70.31098937988281,91328,3,0.0711356812790396,2,0,0,0,0,1,0
33,-1,22.347644805908203,92477,4,0.0861489321092708,2,0,0,0,0,0,0
48,23,211.2050323486328,94845,2,3.4300964414003454,1,0,0,0,0,1,0
45,16,22.44491195678711,90426,3,1.65428104528667,1,0,1,0,0,1,0
39,11,79.14619445800781,93826,1,2.357905106527168,2,0,0,0,0,1,0
41,20,71.25404357910156,90316,1,0.7677880336466444,1,0,0,0,0,1,0
31,20,177.21292114257812,95815,2,2.1893292553252475,1,0,0,0,0,0,0
57,39,71.90592956542969,95984,3,0.3561756566876535,2,152,0,0,0,1,0
60,30,205.05810546875,94497,2,1.943723110045828,1,0,1,0,0,0,0
63,19,42.974639892578125,90615,4,0.8385829891856101,1,333,0,0,0,1,0
65,38,119.86074829101562,91419,2,0.5110373401884264,1,419,1,0,0,1,0
55,30,53.92681884765625,94154,1,2.066912293171445,1,0,0,0,0,0,0
35,19,52.19797134399414,95907,1,0.4228401364069794,2,0,1,0,0,1,0
40,10,61.82456970214844,95023,2,6.304584800809666,1,0,0,0,0,0,0
49,15,193.55535888671875,95578,1,5.5947772482105735,1,0,0,0,0,1,0
53,34,29.729549407958984,92277,3,0.7414255433204064,2,0,0,0,0,1,0
29,6,37.94419860839844,93922,2,1.3689213932410886,1,0,0,0,0,1,0
43,17,58.34464263916016,91752,3,0.3572422246638172,2,0,0,0,0,1,0
41,15,179.39772033691406,92029,2,2.5311334396190515,1,0,0,0,0,1,0
63,38,85.39258575439453,92445,2,2.3104893255661447,2,143,0,0,0,1,0
53,34,158.86888122558594,91622,3,6.139168258244464,1,0,0,0,0,1,1
46,32,84.50111389160156,96027,4,0.971078027898936,2,0,0,1,0,0,0
46,24,82.64871215820312,91102,1,0.2849395521657936,2,0,1,0,0,1,0
33,7,21.426143646240234,90419,3,0.188596112370024,3,79,0,0,0,1,0
33,7,108.39558410644533,92987,2,4.338899389987367,1,0,1,1,1,1,1
28,6,34.28838348388672,95169,4,1.809226452875004,3,0,0,1,1,1,0
34,11,121.9618682861328,94674,2,2.113026921675404,3,0,0,0,0,0,0
66,41,50.03763198852539,92138,1,1.2635257380825236,3,0,0,0,0,0,0
48,27,92.04996490478516,95259,2,2.0772896697157206,3,0,0,0,0,1,0
47,15,55.73941421508789,94457,4,1.1749499575132871,2,0,0,0,0,1,0
54,21,34.31616973876953,95111,4,1.476338066061148,2,0,0,0,0,0,0
63,38,34.36748504638672,92117,1,1.6078153549178114,1,177,0,0,0,0,0
36,13,44.56221771240234,90212,3,0.4504571794373114,2,0,0,0,0,1,0
57,26,42.446380615234375,91933,3,1.6687606579324612,1,0,0,0,0,0,0
41,24,56.26935195922852,89989,4,1.5390442160888649,1,0,0,0,0,1,0
55,25,51.28111267089844,90896,2,1.710361923839248,3,0,0,0,0,1,0
24,3,132.904296875,94504,4,1.9722756146938956,1,0,1,0,0,0,0
41,13,119.89540100097656,95983,1,2.2413920649859183,1,0,0,0,0,0,0
57,32,75.77897644042969,90858,4,1.1409541972185642,3,0,1,0,0,1,0
29,14,71.41464233398438,94427,2,0.1197433404966359,1,0,0,0,0,0,0
50,34,75.92659759521484,91241,3,1.865778787789862,3,0,0,0,0,0,0
54,18,137.8534698486328,91998,2,0.3135587811180156,1,0,0,0,0,1,0
51,25,47.79063034057617,90245,1,0.4121614109804374,2,0,0,0,0,0,0
35,13,83.73929595947266,92168,2,1.2510685200259448,1,0,0,0,0,1,0
42,9,104.88580322265624,93707,3,8.408480679335533,1,633,0,0,0,1,1
28,3,95.09123229980467,95064,4,0.6616729009227537,1,0,1,0,0,1,0
52,28,61.11119079589844,94957,4,2.038094587756573,2,0,0,0,0,1,0
38,11,185.5382232666016,93758,2,2.2973363275732743,1,181,0,0,0,0,0
61,33,111.83448791503906,90250,2,2.3855274665320363,1,0,1,0,0,0,0
56,36,25.329769134521484,94121,4,1.6768331105556755,3,0,0,0,0,0,0
50,20,79.02243041992188,91073,4,5.2490412705813885,1,0,0,1,1,1,1
66,41,26.830001831054688,92509,3,1.958242559926888,1,0,1,0,0,1,0
52,25,80.5011215209961,90111,4,1.9494862797676424,2,0,0,0,0,1,0
58,35,101.0875244140625,91265,2,1.999556835862832,1,227,0,0,0,1,0
40,8,51.49081039428711,93472,1,1.994038559178199,2,0,0,0,0,1,0
61,37,176.35333251953125,91728,2,7.039724781750483,1,367,0,0,0,1,1
42,19,128.15394592285156,90432,2,8.06102288595952,1,0,0,0,0,1,0
44,16,83.19414520263672,93650,3,1.543383642820658,1,0,0,0,0,1,0
26,3,30.85196304321289,94150,2,0.2497117737209239,1,0,0,0,0,0,0
28,3,58.01131820678711,94539,1,2.1963491739662637,2,0,0,0,0,0,1
35,10,50.5695915222168,92089,1,2.327696100361305,2,103,0,0,0,0,0
47,16,48.57466506958008,91970,2,0.3111384725800015,2,0,0,0,0,1,0
45,24,109.14694213867188,91728,2,7.703884183131117,1,0,1,0,0,1,0
50,28,11.073566436767578,90263,3,0.2773467941699273,1,0,0,0,0,1,0
56,38,18.39531517028809,94238,4,0.7183425701503563,3,56,0,0,0,1,0
61,33,71.40379333496094,96342,1,0.8877187856997684,1,0,0,0,0,0,0
46,22,43.40547561645508,91096,1,1.4200998262927376,1,0,1,0,0,0,0
39,13,169.05335998535156,95004,3,8.958915947141973,2,0,0,0,0,1,1
41,17,48.57085418701172,90618,3,0.5722738596331824,3,0,0,0,0,0,0
45,14,55.51114273071289,90246,3,2.103062379060349,1,0,0,0,0,1,0
31,3,63.41450500488281,94802,1,1.5789624059656049,2,155,0,0,0,1,0
32,7,42.755836486816406,95752,3,1.092489459513265,3,240,0,0,0,1,0
25,0,188.7206573486328,92388,3,6.5568144021475945,2,396,0,0,0,1,0
48,33,92.55941009521484,92938,2,3.732915832635921,1,0,0,1,0,1,0
42,13,151.04629516601562,90453,3,6.916588715253954,1,0,1,0,0,0,0
40,17,68.97703552246094,94220,2,1.7627049654519609,3,0,0,0,0,1,0
41,17,19.51534080505371,94169,1,0.8192018405116586,3,0,1,0,0,0,0
35,9,41.275177001953125,95193,4,0.392671328502973,2,92,1,0,0,1,0
58,32,154.90927124023438,95238,1,0.9163334724721696,1,0,1,0,0,0,0
51,17,127.41056823730467,94759,2,2.2158344256871487,1,0,0,0,0,0,0
32,3,21.972736358642575,95344,3,1.814011735670908,1,0,0,0,0,1,0
46,20,30.14066696166992,91314,3,1.3473651281818122,3,0,0,0,0,1,0
28,18,64.7724380493164,89803,1,1.515945388746701,1,0,0,0,0,0,0
43,15,57.29942321777344,94548,4,0.5338678764069456,1,0,0,0,0,1,0
54,17,24.986217498779297,92134,2,0.3719602274026183,3,0,0,0,0,1,0
63,40,80.37117004394531,90592,4,4.651932521401827,2,229,0,0,0,1,0
65,39,88.4405288696289,93203,2,0.1656021514369959,3,0,0,0,0,0,0
48,28,36.003047943115234,95318,4,1.400943124337425,1,0,0,0,0,0,0
35,11,111.9505386352539,94847,4,1.1341682407429183,2,115,0,0,0,1,0
33,6,51.23213195800781,92744,4,0.6159902498626526,2,0,1,0,0,1,0
40,11,64.0908203125,95144,1,2.3967013244637707,2,0,0,0,0,1,0
32,9,31.38668441772461,95342,4,1.1655577743123726,3,0,0,0,0,0,0
30,5,26.86130714416504,93922,2,0.1261001876827488,3,0,0,0,0,1,0
28,3,119.12857818603516,91273,4,0.4558294272847311,2,0,1,0,0,1,0
57,27,32.12052917480469,94131,2,0.7103632476299713,3,0,0,0,0,1,0
42,24,33.338340759277344,94326,1,0.1402256623566418,1,0,0,0,0,0,0
48,25,99.52970123291016,92830,2,2.6823971752603546,3,0,0,0,0,0,0
62,36,43.24653244018555,90486,3,1.6340061437021247,2,102,0,0,0,1,0
35,2,63.36500930786133,92738,2,0.7550576416157541,1,0,0,0,0,1,0
38,19,183.2994537353516,95763,1,4.679043241601575,1,0,0,0,0,0,0
48,4,45.34276580810547,94506,4,1.6982177042592257,2,0,0,0,0,1,0
49,30,139.4417724609375,94766,1,3.972145422836347,3,0,0,1,0,0,0
53,16,22.23834609985352,93446,2,0.0466166219593346,2,100,1,0,0,1,0
31,7,156.96775817871094,91594,3,0.4479582232091689,2,0,0,0,0,0,1
64,31,62.11466217041016,92349,3,2.3311419592737144,1,0,0,0,0,1,0
27,1,31.51721954345703,92640,2,0.9572441575697296,2,0,0,0,0,0,0
37,16,28.1544132232666,95345,2,0.1913363658093925,1,0,1,0,0,1,0
53,34,31.952735900878903,92091,4,0.4552952060106074,2,97,0,0,0,1,0
37,11,41.53630065917969,94183,4,3.4243814580503176,1,106,1,0,0,0,0
52,34,20.303808212280277,90494,3,0.3403557772148648,2,191,0,0,0,1,0
34,5,31.451032638549805,91810,1,0.4539809560472421,3,89,0,0,0,0,0
62,40,97.71904754638672,90609,2,4.118131244665181,1,89,0,0,0,0,0
26,5,189.66000366210935,94445,2,2.03214802180025,1,294,0,0,0,0,0
62,31,179.79977416992188,92709,1,6.465787445314128,1,0,1,0,0,0,0
39,17,126.40271759033205,91864,4,2.5011209731101007,2,0,0,0,0,1,1
46,29,47.24938201904297,95950,2,2.5989742437866545,1,0,0,0,0,1,0
42,16,158.38528442382812,94495,2,4.521882136516712,3,0,0,0,0,0,1
43,16,45.981327056884766,94350,4,1.6739268033063588,3,163,0,0,0,1,0
50,26,128.22830200195312,93004,3,2.630131115189545,3,378,1,0,1,1,1
35,11,43.54719924926758,91962,3,1.3138417367370685,3,0,1,0,0,0,0
51,29,65.78661346435547,92866,2,0.729286580077393,1,0,0,0,0,0,0
40,25,41.98219299316406,94581,4,1.2491191362095253,3,78,0,0,0,1,0
42,19,121.70441436767578,91817,1,0.0581360906827585,1,0,0,0,0,1,0
57,30,59.49388122558594,92200,1,0.6630430583210013,1,122,0,0,0,0,0
31,9,65.28623962402344,94522,4,3.818299943314492,1,0,0,0,0,1,0
55,24,80.12702941894531,93349,2,2.49063303832362,1,0,0,0,0,0,0
38,16,156.3135223388672,94895,1,0.1068196068301452,1,0,1,1,1,1,1
51,23,36.15036010742188,95020,4,1.5728194599506276,3,131,0,1,0,1,0
45,22,95.12947082519533,89928,2,2.6311855145971315,1,0,1,0,0,1,0
32,16,85.6003646850586,95318,2,1.3589470744678396,1,381,0,1,0,0,0
65,40,22.962709426879883,94763,2,1.2220875698748117,3,0,0,0,0,1,0
31,19,52.35638046264648,92304,2,0.5791432201052563,1,91,1,0,0,0,0
56,26,166.82252502441406,94940,1,3.619591517717408,1,0,0,1,0,1,0
46,19,18.585182189941406,94074,3,0.5291674770526316,3,0,0,0,0,1,0
54,27,49.72796630859375,92503,1,3.044674222909123,1,0,1,0,0,0,0
57,22,89.07936096191406,94631,2,0.4525760789345838,1,0,0,0,0,0,0
37,15,42.89902114868164,95926,4,1.78785666582785,1,0,0,1,0,1,0
36,21,136.8792266845703,90190,1,5.512371788651175,1,0,1,0,0,0,0
50,28,87.83396911621094,90261,1,0.6864977761443547,1,0,1,0,0,1,0
44,10,56.50831985473633,90297,2,0.4719657952979555,3,0,0,0,0,0,0
53,33,47.38446807861328,92147,2,1.6669993550657731,1,0,0,0,0,1,0
63,38,22.592273712158203,91811,2,1.0474746498098595,3,0,1,1,1,0,0
55,32,41.18523025512695,92887,4,0.1126554846691158,1,0,0,0,0,0,0
62,34,51.7955322265625,90087,2,2.094260533521497,3,85,0,0,0,1,0
51,19,83.32746124267578,95805,2,0.788962349823096,1,0,0,0,0,1,0
43,28,141.68508911132812,91291,3,4.22892194737494,1,0,0,0,0,1,0
30,30,55.26730346679688,93789,4,0.4509265088258274,3,0,0,0,0,1,0
55,34,27.09705924987793,90593,2,1.6889653081028235,2,0,0,0,0,1,0
57,30,112.09532928466795,95175,3,2.613813850068857,2,0,0,0,0,1,0
33,8,35.13935470581055,92924,2,1.3329078581440466,2,0,0,0,0,1,0
54,31,99.9934539794922,90267,1,0.2127614027903408,3,0,0,1,0,0,0
43,13,71.4947738647461,95083,4,0.3397633142743814,1,0,0,0,0,1,0
46,20,99.18196105957033,90100,2,1.7563741315079353,3,0,0,0,0,0,0
31,5,109.53634643554688,90985,2,2.410777864530709,2,0,0,0,0,1,0
50,18,33.474456787109375,94850,2,0.3118985212121626,2,0,0,0,0,1,0
42,21,93.2088623046875,94985,1,2.3276033189217498,2,0,0,0,0,0,0
54,26,28.651552200317383,92910,1,1.2327054872612493,3,0,0,0,0,1,0
36,6,48.22450256347656,96563,3,1.5032315813026755,3,227,0,0,0,1,0
42,13,71.33738708496094,94731,2,0.927327478823932,3,0,1,0,0,0,0
61,30,169.98834228515625,94108,1,4.984937590537759,2,0,0,0,0,0,1
34,9,56.3043212890625,93080,4,2.9973063927342163,3,135,0,0,0,0,0
48,15,23.04311752319336,91174,1,0.7719338184866872,3,0,0,0,0,1,0
54,19,76.49050903320312,96154,2,1.287283979543344,2,114,0,0,0,1,0
35,6,44.58296585083008,91579,2,0.3132074096115085,1,0,0,0,0,1,0
29,6,63.897586822509766,92174,4,2.0015140340173976,3,0,0,0,0,0,0
33,16,69.127197265625,95517,2,2.6253857453646385,2,320,1,0,0,1,0
34,8,48.92256546020508,91729,3,3.2754395502132683,2,0,0,0,0,1,0
46,23,57.35239028930664,90772,4,2.753130178877354,2,0,0,0,0,1,0
40,15,84.08960723876953,94437,4,4.121157806307076,1,192,1,0,0,0,0
49,18,42.19811248779297,94649,1,1.358288438929731,2,0,1,0,0,1,0
55,34,37.30192565917969,94126,2,1.4308645217165945,3,101,0,0,0,1,0
39,11,20.00372695922852,95537,1,0.259068352847616,2,182,0,0,0,1,0
65,42,26.362403869628903,94195,2,2.622942597890929,1,107,0,0,0,0,0
66,39,38.77756881713867,92321,3,0.2905133426254808,2,60,1,0,0,1,0
58,28,99.164794921875,94771,2,2.0973471541013677,2,111,1,1,0,0,1
51,27,85.39134979248047,92267,1,1.0322318054412032,1,0,0,0,0,1,0
28,3,33.84760665893555,95908,3,1.6888814919211332,2,0,0,0,0,1,0
62,37,90.78826904296876,93217,1,2.007829517505608,1,0,0,1,0,0,0
47,18,43.42087173461914,95802,1,0.9799756937760222,3,0,0,0,0,1,0
29,2,48.24389266967773,91324,1,1.2960148627654169,2,102,0,0,0,1,0
57,36,50.580299377441406,91883,2,5.788756609361617,1,0,0,0,0,0,0
26,5,38.28234100341797,94496,1,0.9030485936889396,1,157,0,0,0,0,0
51,25,127.82959747314452,94636,2,3.4900154454332126,1,0,0,0,0,0,0
57,17,47.5013313293457,94307,3,1.4107828184135398,1,0,0,0,0,1,0
42,26,67.030029296875,94909,4,1.94832662758914,1,0,1,0,0,0,0
28,19,34.216156005859375,94650,3,0.4147368503326745,2,160,0,0,0,1,0
29,9,59.16835784912109,95411,3,1.6599246712434712,2,0,0,0,0,0,0
48,29,39.38150405883789,94879,1,0.7302986095506429,1,0,0,0,0,1,0
42,13,126.47631072998048,94766,4,7.952595069931943,2,0,0,0,0,0,1
42,13,93.9127960205078,94325,1,1.1707089452070516,2,0,0,1,0,1,0
34,7,123.7009048461914,92188,4,0.5801225297892318,2,521,0,0,0,1,0
62,36,115.02043914794922,90257,1,1.9534191790085016,1,0,0,0,0,1,0
26,0,127.779052734375,95755,2,2.21061186686652,1,0,1,1,0,1,0
55,27,23.971942901611328,94473,2,1.5154285881211207,3,0,0,0,0,0,0
41,25,143.0094451904297,94316,3,3.820641833101859,3,96,1,1,1,1,1
40,16,19.79170799255371,91810,3,0.1986455404815208,1,0,0,1,0,0,0
41,14,82.79692840576172,95194,1,2.2772530193093696,3,145,1,0,0,0,0
34,10,52.63671875,90316,3,0.3332109537969136,1,103,0,0,0,0,0
29,22,48.35519409179688,95832,4,0.9770788037253376,3,230,1,0,0,1,0
42,20,68.94711303710938,94755,1,0.1129908675995076,2,0,0,0,0,1,0
34,8,67.62362670898438,95350,4,4.670288431916233,1,0,1,0,0,1,0
31,4,130.31390380859375,95679,1,9.274025029447998,1,0,0,0,0,0,0
32,11,159.89208984375,91961,3,7.66212453719642,1,0,0,0,0,1,0
51,26,112.62786102294922,90111,1,0.6216181583882259,1,0,1,0,0,1,0
64,38,111.22982788085938,91456,4,0.4230013193578991,1,193,1,0,0,0,0
61,35,69.79582214355469,95368,3,0.4876982715431509,1,0,1,0,0,0,0
31,3,42.44025421142578,91404,4,1.8776877298885573,3,0,0,1,0,1,0
40,15,68.28112030029297,95631,3,3.749096073378245,2,0,0,1,0,0,0
59,37,138.98089599609375,93827,2,5.606116430407639,1,0,1,0,0,1,0
57,38,33.580406188964844,94281,1,3.4095823780219803,1,240,0,0,0,0,0
51,29,62.115234375,95113,4,2.42266709824567,3,104,1,0,0,1,0
37,13,44.3481674194336,90328,1,1.3701215746455595,2,0,0,0,0,0,0
33,11,60.23211669921875,95952,4,2.320490274130951,1,340,0,1,0,1,0
32,4,24.048084259033203,94504,1,0.7959790918697276,2,0,0,0,0,1,0
41,19,192.2272491455078,92321,2,2.3287296759902905,1,156,0,0,0,0,0
44,10,52.18661117553711,91481,2,2.4291368085075487,3,0,0,0,0,1,0
55,6,27.66397476196289,95786,4,1.846921069968307,3,0,0,0,0,0,0
38,18,139.75331115722656,95194,2,0.0219594207101385,1,0,0,0,0,1,0
56,33,86.86238861083984,91965,2,5.351208187953092,2,0,0,0,0,0,0
47,37,148.6537322998047,91798,2,0.5793495548891083,3,159,0,0,1,1,1
35,4,97.3143539428711,90249,1,1.9996443120445997,2,0,0,0,0,1,0
62,39,64.38618469238281,95573,3,2.5608778533428005,3,0,0,0,0,0,1
53,29,68.2376937866211,95707,2,2.54775284902872,1,157,1,0,0,1,0
48,31,11.072948455810549,95647,3,0.3619261675104054,2,0,0,0,0,1,0
37,4,121.1303253173828,90250,1,2.5810177795177576,1,244,0,0,0,1,0
36,20,110.79198455810548,92087,4,0.6844627946738904,1,0,0,0,0,0,0
27,1,165.66151428222656,92052,1,6.168042501998745,1,0,0,0,0,0,1
53,27,39.48143005371094,94282,4,0.2380113339901614,1,0,0,0,0,0,0
60,33,19.40847587585449,94710,3,0.3657229160978845,1,143,0,0,0,0,0
61,37,115.01480865478516,95651,1,6.376549063626287,1,0,0,0,0,0,0
32,7,80.88282012939453,91624,2,1.4592579427662653,2,0,0,0,0,0,0
38,11,16.060853958129883,94181,3,0.4338776453136048,2,0,1,1,0,1,0
49,25,14.455493927001951,95538,3,0.3678471641172715,2,0,1,0,0,1,0
29,13,47.71685791015625,94110,3,1.57928237774007,1,0,0,1,0,1,0
32,3,97.78044128417967,93058,4,2.698856899341368,2,139,0,1,0,0,0
60,25,34.297786712646484,95481,1,0.7198476071177129,1,0,1,0,0,1,0
25,2,127.8998031616211,94177,3,1.96098062908952,2,0,0,0,0,0,1
46,21,59.855838775634766,92083,1,1.0898490054712116,2,0,0,0,0,1,0
34,9,38.271759033203125,94036,4,1.6098148413014302,3,0,0,0,0,0,0
33,11,74.84256744384766,93913,2,1.9186114204507847,3,0,1,0,0,1,0
28,7,129.12939453125,90245,2,2.6719008027252653,1,327,0,0,0,1,0
42,16,117.4021453857422,96144,3,1.4427946331324786,1,0,0,0,0,1,0
23,3,22.94264411926269,90321,3,0.6457620940369073,3,0,0,0,0,1,0
48,23,56.71520614624024,94203,2,1.8732781016991429,2,143,0,0,0,0,0
57,33,97.88442993164062,92818,2,0.285552116743178,1,0,0,0,0,1,0
25,4,159.7068634033203,93214,2,1.4634486488153755,1,0,0,0,0,0,0
45,22,21.50157165527344,94277,3,0.6455334222083122,1,106,1,0,0,0,0
49,13,109.454345703125,91713,2,2.884015172389656,3,0,0,0,0,0,0
27,11,24.164077758789062,95502,1,0.660202333409996,3,143,0,0,0,1,0
56,33,51.83205795288086,92538,3,2.168963881101781,1,0,1,0,0,1,0
54,16,13.448480606079102,94659,2,1.3591093501215965,3,0,1,0,0,0,0
33,3,161.0738983154297,93455,2,6.790750199807866,1,0,0,0,0,1,0
58,18,53.98612594604492,94336,2,0.6628583358498237,3,353,0,1,0,0,0
46,27,116.17891693115234,91687,2,3.04851745919372,1,0,0,0,0,1,0
51,19,59.988311767578125,91839,4,0.0607729786353796,1,232,0,0,0,0,0
39,10,45.16431427001953,94279,4,1.5219926429687058,1,0,0,0,0,1,0
40,16,50.492652893066406,91579,2,2.1057200321763694,3,0,1,0,1,1,0
51,23,86.3992919921875,89891,3,3.5554399859047194,1,0,0,1,0,0,0
39,10,30.52692413330078,93162,4,0.187975906424655,1,0,1,0,0,0,0
51,22,58.99591827392578,95295,2,1.436720012458824,3,107,0,0,0,1,0
26,4,167.73890686035156,92497,2,0.8112097268376615,1,0,0,0,0,0,1
57,26,15.686016082763672,96123,3,0.2200237985882689,1,0,1,0,0,1,0
46,15,177.0692596435547,91236,1,0.2676042502564285,1,0,0,0,0,1,0
45,25,61.223243713378906,93864,2,0.5902058196239667,3,158,0,0,0,0,0
58,26,24.9278564453125,94123,3,0.3992933612440728,3,0,0,0,0,1,0
27,11,73.84739685058594,91394,4,0.5820140961148018,3,0,0,0,0,1,0
65,40,54.39929962158203,93886,4,0.5773603425705709,3,0,0,0,0,0,0
43,16,171.80972290039062,94772,1,3.068322303140302,2,0,0,0,0,1,1
50,36,64.29349517822266,95990,4,0.1056371035777739,1,0,0,0,0,1,0
45,31,107.07506561279295,92364,1,2.374037459303835,1,0,1,0,1,1,0
35,26,21.8359489440918,93280,2,1.5267427001443958,3,0,1,0,0,0,0
65,34,29.536842346191406,92979,2,0.917997383241818,2,0,0,0,0,1,0
37,19,14.96570110321045,95730,3,1.155905017688256,1,0,0,0,0,0,0
26,5,30.4483585357666,94373,4,0.0046767790553831,2,0,0,0,0,0,0
41,14,48.21330261230469,94508,1,2.171599692793685,2,111,0,0,0,1,0
55,26,45.41778945922852,90674,1,0.0936427735998346,1,175,0,0,0,1,0
26,3,99.57794189453124,95210,3,1.9564690031875407,1,0,0,0,0,0,0
47,18,38.223575592041016,94623,1,0.9526562988502926,3,132,0,0,0,0,0
28,6,153.92738342285156,90043,2,3.1309350189244736,1,0,0,0,0,0,0
47,32,135.99105834960938,94335,4,0.2723596051602269,1,0,0,0,0,0,0
59,29,72.59994506835938,89788,2,1.0047403838854814,2,107,1,1,0,1,0
31,12,25.75083923339844,95875,1,0.0167791392086077,1,0,1,0,0,1,0
37,15,121.36115264892578,92573,2,3.192994040234704,2,0,0,0,0,1,0
54,32,60.56666564941406,91850,2,2.163560529486181,1,153,0,0,0,1,0
31,6,71.39297485351562,92835,1,4.316676345779349,3,0,0,0,0,1,0
26,1,67.38613891601562,94803,3,0.7631259351417485,3,158,0,0,0,0,0
64,34,63.25056076049805,96080,2,0.5435600982885918,2,233,1,0,0,0,0
45,8,25.66246223449707,95739,1,0.0740306193033204,3,0,0,0,0,1,0
47,16,187.76612854003903,92035,1,4.482215964602064,1,0,0,0,0,1,0
40,20,91.30113983154295,94780,1,2.20583653299039,1,115,0,0,0,1,0
24,5,9.9348726272583,94625,2,1.7788160644154978,3,186,0,1,0,1,0
33,10,51.86124420166016,94213,3,1.711842312311563,2,0,0,0,0,0,0
56,31,42.77040100097656,91681,3,0.9680163126445512,3,263,0,0,0,0,0
52,10,25.98356056213379,94386,3,2.486818996068958,3,0,0,0,0,1,0
42,22,40.27136993408203,94053,4,0.0750439803485151,2,0,0,0,0,0,0
31,4,105.59192657470705,90317,3,1.3965890353549206,2,0,0,0,0,0,0
64,39,87.86322021484375,92350,1,2.3520846218418536,3,93,0,0,0,1,0
34,20,32.98765563964844,92917,2,4.19110589560824,1,0,0,0,0,1,0
59,36,35.423484802246094,94928,1,1.7313363457129107,2,0,1,0,0,0,0
46,20,14.727694511413574,91901,1,0.6051824817795922,2,100,0,0,0,1,0
62,33,26.470949172973636,91739,1,2.365602710295422,3,0,0,0,0,1,0
31,5,29.27372360229492,94907,1,1.7310455508190292,1,0,0,0,0,0,0
42,8,179.2863006591797,93171,2,2.862749090247481,2,0,0,0,0,1,1
31,8,41.51167678833008,94698,2,1.6684408922288112,2,0,1,0,0,0,0
42,22,102.03101348876952,92249,4,0.9723955677965348,1,367,0,0,0,0,0
51,14,71.34114074707031,95406,1,0.4982236295138587,1,180,1,0,0,1,0
38,13,154.92196655273438,92498,1,3.964296219719993,1,0,1,0,0,1,0
35,5,31.714311599731445,93542,4,1.4863069478045174,3,0,0,0,0,0,0
48,21,25.51634788513184,90434,3,1.62105610416934,1,0,1,0,0,1,0
38,10,95.25119018554688,91177,1,4.235363724107255,3,0,0,0,0,1,0
36,13,80.63423156738281,95187,3,2.0879110402094567,1,0,1,0,0,1,0
44,12,38.66081619262695,94222,2,0.5767421763820447,2,0,0,0,0,1,0
39,12,28.600400924682617,92153,3,0.1956095244677679,3,0,0,0,0,1,0
24,19,93.44212341308594,94678,4,1.9759506621742944,1,0,1,0,0,0,0
47,26,42.75214767456055,92673,4,0.9905500532967544,1,0,1,0,0,0,0
48,17,40.77360916137695,94297,2,0.4271626172489163,2,0,0,0,0,0,0
45,23,60.85530471801758,92177,1,1.697116808397848,3,153,0,0,0,1,0
54,22,38.2254638671875,90051,3,0.2713601484036435,2,0,0,0,0,1,0
45,21,43.41032028198242,95536,1,0.1477215878287932,3,0,0,0,0,1,0
32,7,66.05752563476562,90439,1,2.088077364475385,1,223,1,0,1,1,0
30,10,122.10938262939452,94302,2,3.211457295017573,1,0,0,0,0,1,0
43,17,132.92709350585938,91853,4,2.283828714028416,2,0,0,0,1,1,1
60,33,68.72650146484375,94872,2,0.90061036695832,3,0,0,0,0,1,0
54,22,42.06148147583008,94150,2,0.2788344509387125,2,0,0,0,0,0,0
41,14,77.8394546508789,93677,1,0.5729780630614185,2,0,0,0,0,0,0
47,18,22.45920181274414,95480,3,1.750123017048827,3,0,0,0,0,1,0
30,6,19.996728897094727,96602,4,0.5493439260917767,3,0,0,0,0,0,0
35,6,56.74041748046875,94302,3,2.0111300623134367,2,0,0,0,0,1,0
45,4,26.187353134155277,94773,3,0.1811054853659228,1,0,1,1,1,1,0
44,14,129.03451538085938,94576,3,1.288133788153052,3,0,0,0,1,1,1
45,22,34.94783020019531,94713,4,1.0805833048219051,2,133,0,1,0,1,0
33,24,92.3321762084961,95208,1,0.373645269789966,1,103,1,0,0,0,0
50,32,96.19441223144533,92307,1,1.2299710649275848,1,0,0,0,0,1,0
30,3,73.21694946289062,92018,4,4.1497212277264,1,0,0,0,0,0,0
42,11,73.10922241210938,94577,4,2.296007429695322,2,0,0,0,0,1,0
30,3,183.7287139892578,94034,1,6.701332803229448,1,388,0,0,0,1,0
62,34,73.02830505371094,94575,3,1.123946779732727,3,0,0,0,0,0,0
50,31,60.0928840637207,92878,1,1.237886536274303,3,0,0,1,0,1,0
42,14,38.05987548828125,95568,1,2.1633609583299034,2,0,0,0,0,0,0
43,27,14.724597930908203,90465,1,1.0840770616870194,2,0,1,0,0,0,0
62,35,143.31045532226562,91280,1,3.0627118784797727,1,0,0,0,0,0,0
28,14,155.14187622070312,91421,3,2.8543385687468503,1,0,1,0,0,1,0
36,10,52.76229095458984,94447,3,0.1131085031916158,2,0,0,0,0,0,0
38,17,66.10992431640625,91119,4,0.5938596237196141,1,0,1,0,0,1,0
37,12,68.23219299316406,94791,1,0.593547261312497,2,200,0,0,0,0,0
46,16,88.16690826416016,96346,4,2.6460360912229155,1,0,0,0,0,1,0
64,38,99.35545349121094,92102,4,2.295239827355586,2,0,0,0,0,0,1
60,35,30.57911872863769,92517,4,0.9084925778146692,3,87,0,0,0,1,0
50,19,70.93833923339844,91461,3,0.143083374208244,2,0,1,0,0,1,0
29,0,150.2191162109375,95483,3,4.048633638600854,1,0,1,0,1,1,1
39,12,92.26900482177734,92045,2,0.6096055010752788,1,0,0,0,0,1,0
31,14,159.89044189453125,91976,1,1.6238877357265231,1,0,0,0,0,1,0
55,39,152.03248596191406,91767,1,4.155867898509712,1,0,1,0,0,1,0
33,10,171.30859375,94520,4,2.6096239509270904,1,0,0,0,0,1,1
36,11,68.67025756835938,89977,1,2.5257497672327074,2,0,1,0,1,1,0
48,23,48.64035415649414,90036,2,1.262020546893666,3,102,0,0,0,0,0
33,10,13.432104110717772,92769,3,1.6260149298142712,1,0,0,0,0,0,0
40,18,52.54339599609375,96035,3,1.4526353013615363,3,0,0,0,0,1,0
61,34,99.68622589111328,92071,1,1.8307769577822868,1,0,0,0,0,0,0
51,32,24.516796112060547,92176,4,0.6741009518332515,3,98,0,1,0,0,0
60,33,46.06207656860352,94420,1,0.9552157401754752,1,206,0,0,0,1,0
28,5,60.05354690551758,91308,2,0.1282226187306891,1,0,0,0,0,1,0
26,2,80.10995483398438,95019,3,1.4453291792647949,3,329,0,0,0,1,0
40,22,120.31665802001952,94467,1,2.588787231476937,1,205,0,0,0,0,0
36,13,76.19397735595703,93769,4,1.211651644240814,1,0,0,0,0,0,0
60,40,79.4333267211914,90010,4,0.5689745260333876,3,0,0,0,0,0,0
60,35,60.52519607543945,89854,3,0.54645858981573,1,0,1,0,0,1,0
40,10,45.847259521484375,94920,2,0.6661941408919789,2,0,0,0,0,1,0
34,10,102.09527587890624,92981,2,3.120672826886128,1,0,0,0,0,1,0
50,24,148.0218505859375,90241,2,4.2319763030334645,1,0,0,0,0,0,0
63,39,89.83343505859375,91050,3,0.9829622681586856,1,0,1,0,0,1,0
42,20,96.4304656982422,93029,2,0.6525339693736532,1,0,1,0,0,0,0
51,26,206.61294555664065,94208,2,8.012597296315958,1,0,0,0,0,0,0
40,15,14.53171730041504,91207,1,0.462692077232921,3,104,1,0,0,1,0
36,18,99.72360229492188,92119,2,0.5251978531273693,3,0,0,0,0,1,1
39,12,21.234962463378903,91095,4,0.786984808924748,2,106,1,0,0,1,0
51,23,88.88288116455078,95459,2,3.1880754081544973,1,0,0,0,0,1,0
32,9,40.68979644775391,91374,2,1.9460050508264528,1,0,0,0,0,1,0
37,11,53.561561584472656,92137,3,0.3149893196961377,3,0,1,1,0,1,0
57,36,71.23902893066406,89982,1,3.144878383524288,1,0,0,0,0,0,0
40,23,75.14932250976562,94844,1,2.372614464911942,2,0,0,0,0,1,1
36,14,49.22451019287109,94347,1,2.113383161398636,3,0,0,0,0,1,0
52,29,44.358646392822266,94057,4,2.4664189453060144,1,236,0,0,0,1,0
63,35,59.61940383911133,91514,2,3.4747469174363417,3,0,0,0,0,0,0
59,32,33.85515594482422,91461,1,0.1585234505173954,2,98,0,0,0,1,0
61,38,149.45167541503906,94421,2,3.9429924287339215,3,0,1,0,1,1,1
38,16,119.50299835205078,92047,2,1.8969962030630412,1,105,0,0,0,0,0
27,4,57.739444732666016,95164,4,0.3567456494560441,2,0,0,0,0,1,0
31,21,16.45713996887207,95858,3,0.1428248302425264,2,0,0,0,0,1,0
44,24,70.76054382324219,93725,3,2.726498098739788,2,0,0,0,0,1,0
35,6,40.17965316772461,90879,4,1.25461738231779,3,0,0,0,0,1,0
36,6,25.89163017272949,91970,2,1.274087754076982,1,0,0,0,0,1,0
52,22,18.94721031188965,95641,4,1.4866523474686315,2,0,0,0,0,1,0
41,14,27.055944442749023,94000,2,1.0098298355266588,3,0,0,0,0,1,0
43,18,97.61315155029295,90473,1,2.9190444914857108,1,0,0,1,0,1,0
26,5,38.612098693847656,94290,4,1.489884964364581,1,0,1,0,0,1,0
42,24,140.91355895996094,91288,4,5.747130911077402,1,0,0,0,0,1,0
56,23,128.05816650390625,94843,3,0.4385578641880301,2,0,0,0,0,0,1
54,36,87.29925537109375,92434,4,1.5479711384804768,3,0,0,0,0,0,0
59,32,143.66845703125,93051,1,1.4310980536766813,1,0,0,0,0,0,0
49,29,62.42907333374024,91692,4,2.083553298293409,1,0,0,0,0,0,0
51,29,77.58779907226562,93153,4,1.5062259650916674,1,0,0,0,0,1,0
27,1,80.53572082519531,96573,2,0.9115469946849388,2,160,1,0,0,1,0
39,14,36.29119873046875,94699,4,2.2314474788910705,2,0,0,0,0,0,0
38,15,158.3086395263672,90296,1,4.364776651195364,1,0,0,0,0,0,0
55,30,67.17874145507812,92937,2,0.1245856931385802,1,151,1,1,1,1,0
59,37,57.04032897949219,92848,2,2.4013773545961192,3,0,0,0,0,1,0
60,29,68.63627624511719,95813,2,0.3588366073396598,2,0,0,0,0,1,0
48,12,60.199501037597656,94531,1,1.8622246795751587,1,0,0,0,0,0,0
62,31,95.41996002197266,90901,2,1.051452047697223,3,346,0,0,0,1,0
44,20,40.33783721923828,95783,2,1.2377251225302972,1,0,1,0,0,1,0
52,31,44.555809020996094,94224,4,1.5808742060951828,3,0,0,0,0,0,0
37,3,40.0502815246582,92363,1,1.176866890679528,2,0,0,0,0,1,1
38,11,64.96076965332031,93830,1,2.779712616725537,1,0,1,0,0,0,0
38,15,57.155120849609375,92170,3,0.3518327131765733,1,165,0,1,0,1,0
58,33,81.8158950805664,94524,1,1.7559758590683645,2,0,0,0,0,0,0
55,27,48.39281845092773,94044,1,2.7710043644249134,3,0,1,0,0,0,0
58,36,19.15088653564453,92658,4,0.540590045565373,3,60,1,1,1,1,0
46,30,33.376075744628906,93462,4,0.686114646372948,2,0,0,0,0,1,0
41,16,44.24184036254883,90646,3,0.7219142028379733,3,217,0,0,0,1,0
33,22,22.774314880371094,96099,3,0.0500944746318813,2,0,0,0,0,1,0
57,37,50.17755889892578,94189,1,0.2061614786893562,2,129,1,0,0,0,0
40,15,119.17100524902344,94439,1,3.7062266359215785,1,0,0,0,0,1,0
38,18,186.94564819335935,92945,3,1.429075546545867,2,0,1,0,1,1,1
31,10,13.559073448181152,91793,3,0.5258643711693525,1,0,0,0,0,1,0
42,23,114.06076049804688,94192,3,1.6226800108813115,1,0,1,0,0,0,0
32,6,151.48806762695312,90439,2,4.137975762837565,1,0,0,0,0,0,1
52,32,46.12249755859375,95146,4,1.6095855843975282,2,0,0,0,0,1,0
33,12,46.60724639892578,94917,2,0.6622394153145708,2,99,0,0,0,1,0
62,36,73.81330108642578,95555,3,1.5745945039939295,3,339,1,0,0,1,0
26,3,65.71815490722656,95493,4,1.215087456693681,2,0,0,0,0,1,0
27,7,37.56360626220703,92546,4,0.714494951331114,3,0,0,1,0,0,0
54,19,53.747779846191406,92006,2,0.2372068780226744,3,0,0,0,0,0,0
41,15,59.48031234741211,95044,1,0.288731219258361,3,0,0,0,0,0,0
41,18,48.00141906738281,95707,2,2.34456767807775,3,108,1,0,0,0,0
61,38,79.31635284423828,90981,2,2.897222468814279,1,0,0,0,0,0,0
29,4,38.81575012207031,92089,4,2.376017407582892,2,0,1,0,0,1,0
31,2,33.71197891235352,90354,3,0.5501789879183301,2,171,0,0,0,0,0
31,10,123.8907699584961,92260,1,2.07512259220288,1,0,0,0,0,1,0
30,5,27.78507804870605,94709,3,0.6984396870470879,2,0,0,1,0,1,0
26,15,31.350391387939453,94359,1,1.0767412283556974,2,0,0,0,0,0,0
43,15,48.57921600341797,95752,3,1.4581930187512344,2,0,1,0,0,1,0
27,1,38.25475311279297,95011,4,1.7613795635021778,3,0,1,0,0,0,0
42,18,65.8150634765625,92039,2,0.9261793316746484,3,0,0,0,0,0,0
64,35,48.48697662353516,91647,2,1.2306964841527226,2,234,0,0,0,1,0
32,3,81.14775085449219,94050,2,0.5991931186966913,1,0,1,0,0,0,0
56,28,70.64643859863281,95335,3,1.8953443518996504,1,0,0,0,0,1,0
29,6,46.16078186035156,94220,1,1.5790644297527088,2,0,0,0,0,1,0
35,21,103.13414764404295,94446,1,2.8465728008613533,1,0,0,0,0,1,0
53,21,175.312744140625,90231,4,3.726739058099404,3,0,0,0,0,1,1
51,18,40.035133361816406,94557,2,1.900679812548584,3,0,1,0,0,0,0
50,22,154.9584503173828,94735,1,0.2219833208880373,1,0,0,0,0,0,0
58,34,31.06594657897949,95221,3,1.455627199811609,2,145,0,0,0,0,0
55,32,69.20436096191406,94676,2,1.551940897249639,2,0,1,1,1,1,0
57,33,108.33673095703124,95116,4,2.1353692926544467,2,0,0,0,0,0,0
36,9,88.96248626708984,95011,2,2.6359573245151404,1,0,0,0,0,0,0
56,15,65.99878692626953,92087,3,2.417206426390634,2,0,0,0,0,1,0
34,11,50.09458923339844,94580,3,0.0762667825948375,2,0,0,0,0,0,0
63,36,74.83688354492188,92063,3,2.5085550771074496,1,0,0,0,0,1,0
28,3,84.85868835449219,93118,3,2.1902999785284902,2,0,0,0,0,1,0
52,31,33.54197692871094,95799,4,2.894326468404681,2,0,0,0,0,0,0
53,22,64.3580322265625,94397,1,1.0432154048556006,1,189,1,0,0,0,0
64,38,60.528846740722656,90239,4,2.3252418961664563,2,0,0,0,0,1,0
32,5,63.56772232055664,94620,1,1.5057179443317177,3,0,1,0,0,1,0
34,18,28.66381454467773,92663,2,1.8868809860627864,3,0,0,0,0,1,0
30,9,20.960250854492188,92613,1,0.0925223339241205,3,100,0,0,0,1,0
50,34,33.45924377441406,94236,2,1.9914204357190008,3,0,0,0,0,0,0
55,32,50.36864471435547,94182,4,0.1153089923748984,2,0,0,0,0,0,0
40,22,61.25602340698242,95466,2,0.7114209150801918,1,0,1,0,0,1,0
39,19,81.07861328125,94719,4,2.156728120480988,3,0,1,0,0,1,0
53,27,59.324012756347656,92096,4,1.8631813561373904,2,0,0,0,0,0,0
45,22,143.70127868652344,96103,2,0.1650597024684348,1,0,0,0,0,1,0
36,23,97.35712432861328,91354,3,3.156330092569762,2,0,1,0,0,0,0
43,29,15.387582778930664,92408,4,0.2712662585206775,1,0,1,0,0,1,0
51,25,23.320384979248047,95068,4,0.9218986130638516,3,178,1,0,0,1,0
52,35,40.18291091918945,94082,2,0.2772060635445577,1,0,0,0,0,1,0
46,13,119.89755249023438,93008,1,2.308437200530455,2,100,0,1,0,1,0
42,28,84.5181884765625,93339,1,1.4373752954172956,1,136,0,0,0,0,0
50,18,45.38640594482422,94424,1,0.2365723512163328,1,0,0,0,0,0,0
32,7,31.216243743896484,91805,3,0.2389237597412159,2,0,0,0,0,0,0
40,13,18.31670379638672,93747,2,0.3006989868084646,2,0,0,0,0,1,0
39,9,47.237335205078125,95555,4,1.1667029785212466,2,0,1,0,0,1,0
59,33,173.74920654296875,92013,1,3.82269333377642,1,0,0,0,0,1,0
41,18,44.3272590637207,94322,3,2.8466699771809294,1,0,0,0,0,0,0
43,4,190.9644317626953,91895,1,5.1841726675086175,1,0,0,0,0,0,0
33,12,18.00126838684082,94194,1,0.3710748413126635,3,0,0,0,0,1,0
29,3,42.66812515258789,94182,2,2.1785677204571385,3,0,0,0,0,1,0
62,36,108.23834228515624,94054,4,1.9410632978363105,1,0,0,0,0,1,0
49,22,45.30868911743164,94392,2,1.861939548428302,3,234,1,1,0,0,0
42,17,94.52073669433594,94322,3,1.03350530090393,2,238,0,0,0,0,0
37,14,53.82489013671875,91896,1,2.533901931289068,2,0,0,0,0,1,0
63,34,70.69415283203125,90263,3,0.101317218144738,1,0,0,0,0,1,0
65,36,29.81596946716309,94702,1,0.2291609311975604,2,0,0,0,0,0,0
36,14,50.638309478759766,94288,3,1.2966312018391812,2,0,0,1,0,0,0
39,13,132.28468322753906,92019,4,4.330228371854332,1,0,0,0,0,1,0
41,14,138.64459228515625,89946,1,6.72258436107654,1,0,1,0,0,0,0
42,18,25.87444877624512,95133,4,0.9344424876280248,1,0,0,0,0,1,0
64,36,20.74992561340332,93797,1,0.1666339291348594,3,0,0,0,0,0,0
40,14,49.75054168701172,91313,4,1.7384813273646442,2,223,0,0,0,1,0
51,28,142.43115234375,92185,2,0.0803516730540963,1,0,0,0,0,1,0
60,40,92.53543090820312,95021,2,1.0341302143048456,1,0,1,0,0,1,0
44,12,12.2255220413208,93989,4,0.2665419764605584,1,0,1,0,0,1,0
37,8,36.9512939453125,96261,2,0.557381197108632,1,0,0,0,0,0,0
32,16,48.19344329833984,94321,2,1.3924291774823492,3,96,0,1,0,0,0
52,24,43.783973693847656,92698,3,0.9899657908027822,3,150,0,0,0,1,0
55,34,9.360742568969728,90059,1,0.8559342815962185,2,0,0,1,0,1,0
44,24,53.508445739746094,92314,4,2.5507559130248025,1,243,0,0,0,0,0
42,17,27.801937103271484,91866,1,2.7367476375535507,3,0,1,0,0,1,0
66,40,28.885425567626957,90711,3,0.4227914233373681,3,0,0,0,0,1,0
35,6,61.02342987060547,91644,2,0.5400744685205889,1,0,0,0,0,0,0
57,36,20.916200637817383,94849,2,2.9448435301079354,3,244,1,0,0,0,0
56,29,40.168792724609375,95976,4,0.1158274088445958,2,0,0,1,0,0,0
46,25,107.12454986572266,95236,2,3.669575487621379,3,102,0,1,1,1,1
36,17,197.8942413330078,91953,2,6.741658573042258,1,383,0,1,0,0,0
44,21,89.07677459716797,93921,3,0.6801696712502531,3,0,0,0,0,0,1
45,1,61.54284286499024,92768,4,2.644364995835855,3,443,0,0,0,1,0
44,10,63.15913772583008,90071,2,1.0712091847266532,3,113,0,0,0,0,0
38,15,48.63789367675781,91218,1,0.3585801473555298,3,0,1,0,0,0,0
56,31,124.70472717285156,91291,4,3.767141776274278,2,0,0,0,0,1,1
64,39,98.27708435058594,92139,3,0.414743386018224,2,0,0,0,0,1,0
28,6,45.600772857666016,96118,3,1.280449722145386,3,186,0,0,0,1,0
32,6,139.2388153076172,95693,1,2.2632856653398665,1,0,0,0,0,1,0
57,27,105.92066955566406,94306,2,2.2241726419236105,3,0,0,0,1,1,0
64,40,139.54396057128906,95027,3,2.763864208531849,2,0,0,0,0,1,1
34,10,25.20359230041504,91028,3,1.65706434074861,2,0,1,0,0,0,0
61,29,19.54647254943848,94635,2,0.9033290482772172,1,0,0,0,0,0,0
60,31,95.10284423828124,95286,2,2.5972464693634607,1,0,1,0,0,1,0
36,21,154.8418731689453,91221,2,0.7427308356518244,1,0,1,0,0,1,0
24,0,60.19447326660156,92076,2,0.4046995966023494,3,0,0,0,0,0,0
42,19,58.3044548034668,95420,1,2.8357855236821417,2,175,0,0,0,0,0
26,3,93.26405334472656,95282,2,4.9474168511279,2,378,0,1,0,1,0
33,8,66.42247009277344,91974,3,1.9491830478894605,1,0,1,0,0,0,1
52,31,71.59567260742188,95956,3,1.576422539459521,1,0,1,0,0,0,0
54,27,27.75229263305664,90891,3,0.1405766960301962,2,152,1,0,0,0,0
39,12,73.37077331542969,90152,2,1.800883569774606,2,0,0,0,0,1,0
57,36,31.829383850097656,93000,3,0.7969141963116615,2,107,0,0,0,1,0
26,1,92.11163330078124,94391,4,2.523110835601884,3,253,1,0,0,0,0
36,8,187.0445098876953,96058,2,0.4903758709916286,1,0,0,0,0,0,0
38,12,78.22982025146484,90067,4,1.6031516192466255,1,0,0,0,0,1,0
45,28,65.79936218261719,90206,3,0.4647686874460662,1,149,1,0,0,0,0
28,4,31.035633087158203,90205,1,0.957146878273088,2,98,0,0,0,1,0
59,31,100.86434936523438,90291,3,2.221258223772751,2,305,1,0,1,1,0
60,27,25.685121536254883,94993,1,0.8208252477077085,1,0,0,0,0,0,0
38,30,211.81419372558597,95314,2,1.4226450068800591,2,384,0,0,0,1,1
40,16,17.757190704345703,91815,2,1.0729435116678396,2,0,0,0,0,0,0
49,13,30.89155960083008,94839,2,0.2780695922495014,1,0,0,0,0,1,0
35,6,101.66797637939452,91513,3,0.923049966186724,1,0,1,0,1,1,0
59,34,30.40589141845703,90063,3,0.2745485441742189,2,0,0,0,0,1,0
59,29,43.29252624511719,92053,1,1.012802349964641,2,129,0,0,0,1,0
39,9,40.84156036376953,93340,1,0.1168587843572078,1,0,0,0,0,0,0
37,18,181.46810913085935,92292,2,7.186124074409651,1,0,0,0,0,0,0
37,12,13.19979476928711,91949,4,0.4545938810819392,2,103,0,0,0,1,0
46,26,92.94847106933594,93039,2,3.056316984629753,3,0,0,0,0,0,0
31,13,124.88883209228516,90697,1,5.910043025563794,1,0,0,0,0,0,0
36,20,128.96499633789062,92839,1,2.655746766446955,3,0,0,0,0,0,1
37,12,69.17406463623047,94460,3,2.6265404459271364,2,0,1,0,0,1,0
55,31,37.61061096191406,90358,4,2.472129311548384,1,0,0,0,0,0,0
41,16,70.10882568359375,94134,4,2.19125514814306,2,156,0,0,0,0,0
41,11,47.36494827270508,91287,1,0.1281204906080094,3,241,0,0,0,1,0
39,18,75.62641906738281,91255,3,2.3436504891610173,1,0,1,0,0,0,0
62,34,74.99893188476562,90953,2,0.5294612452403237,3,325,0,1,0,0,0
34,7,28.553377151489254,96107,4,1.4966312455025212,1,0,0,0,0,0,0
43,21,39.57698822021485,94423,4,3.2484274630224768,3,0,0,1,0,0,0
48,21,29.81797218322754,94334,4,0.6911970504254219,3,0,1,0,0,1,0
44,17,74.11432647705078,95307,2,2.127486027658096,2,0,0,0,0,0,0
46,26,65.83103942871094,95160,4,2.682916018550641,1,0,0,1,0,0,0
35,24,38.53524398803711,90166,4,2.0294522158883908,2,0,0,0,0,1,0
31,8,170.12774658203125,90214,1,3.550798573857302,1,352,0,1,0,1,0
40,30,84.36359405517578,90180,2,0.3319016825958099,1,100,0,0,0,1,0
33,3,96.18003845214844,95018,3,0.8034520643882758,1,0,0,0,0,1,0
27,7,160.43472290039062,94287,2,6.40834006451366,2,0,0,0,0,1,0
28,0,60.50586318969727,95126,4,2.8342916550257344,2,110,0,0,0,0,0
27,15,75.5970230102539,95613,4,2.365743915667994,2,0,0,0,0,1,0
52,24,100.40174865722656,94583,4,3.214411094149451,1,0,1,0,0,0,0
59,34,50.82827377319336,95680,4,0.705336574399723,1,0,0,0,0,1,0
60,30,38.22332000732422,94312,2,2.200037739929803,2,0,1,0,0,1,0
58,21,12.588373184204102,89688,4,0.7256107846792521,3,0,0,0,0,1,0
45,23,117.87105560302734,90032,2,4.370724310259694,3,0,0,0,0,0,0
60,33,60.09535598754883,92125,1,2.5655319526742457,3,0,1,0,0,1,0
62,39,111.38888549804688,94877,1,1.5315579506324477,3,0,0,0,0,0,0
37,10,152.5247344970703,90958,1,2.9394241417734546,1,398,0,1,0,1,0
37,15,18.8497314453125,95775,2,0.3897935286296974,3,0,0,0,0,0,0
50,37,196.13385009765625,91414,4,5.980057890803456,3,0,0,0,1,1,1
66,40,22.389198303222656,90008,3,1.780616105473109,1,0,0,0,0,0,0
24,-1,80.63929748535156,94301,3,0.5253778135681763,2,175,0,0,1,1,0
32,5,107.34886169433594,94317,2,2.7566231898200275,1,0,0,0,0,1,0
49,16,62.66546249389648,93612,1,2.519373788651544,2,0,0,0,0,0,0
39,9,53.34111404418945,90446,2,1.0734984175016944,3,0,0,0,0,0,0
34,10,19.059497833251957,95126,4,1.0991355196338235,1,235,1,0,1,1,0
60,34,46.18893051147461,95828,4,1.7187840592845205,1,338,0,0,0,0,0
38,3,63.20639419555664,95431,4,2.910948475630315,2,0,0,0,0,0,0
46,29,45.50226974487305,91953,1,0.8933856688062256,1,0,1,0,0,1,0
62,37,82.01692962646484,93971,2,1.9493839877343968,3,0,0,0,0,1,0
60,29,18.88663482666016,94794,1,0.3335499166583658,3,0,1,0,0,0,0
42,20,46.56487655639648,91976,4,0.588153226236125,2,0,0,1,0,0,0
40,6,26.52892303466797,96362,4,0.4708389343539745,3,0,0,0,0,0,0
60,13,158.91583251953125,95174,4,3.3655907600042,1,0,1,0,1,0,1
25,2,85.77961730957031,92386,3,1.21983728214247,1,96,1,0,0,1,0
62,40,61.66512680053711,91016,3,1.1943943999582085,3,236,0,0,0,0,0
59,31,59.48268127441406,94996,2,2.160118163372584,2,0,0,0,0,0,0
62,36,37.0540771484375,92381,1,0.4692627539548115,3,97,0,0,0,0,0
60,38,70.77447509765625,91683,2,1.499240988748579,3,236,1,0,0,0,0
46,22,65.34944915771484,92022,2,1.3477818497399203,3,105,0,0,0,1,0
51,6,110.3960189819336,92517,1,3.6981097232746776,1,0,1,0,0,0,0
62,36,16.204862594604492,95706,3,0.2559303910595722,1,143,1,0,0,1,0
48,18,43.816837310791016,94942,2,1.9152091356224368,3,0,0,0,0,0,0
29,9,47.79465103149414,94505,2,0.3869506562840806,1,100,1,1,0,1,0
66,36,21.610626220703125,91358,2,0.2396739345007871,1,0,0,0,0,1,0
47,22,49.9580307006836,91666,2,2.056418471673485,3,0,1,0,0,1,0
64,42,14.082361221313477,91584,4,0.653493194576028,3,109,0,0,0,1,0
53,39,50.79404067993164,94527,3,0.8856696971097923,2,0,0,0,0,0,0
64,38,15.879804611206056,94260,4,0.3493397274088005,3,155,0,0,0,1,0
36,19,118.0810089111328,95831,1,3.360351246665631,3,0,0,0,0,1,0
60,31,13.355693817138672,92819,3,1.2913831717201305,2,0,1,0,0,0,0
50,17,44.65570068359375,94500,3,0.321128368826848,3,0,0,0,0,0,0
37,13,48.55034637451172,95125,2,1.631012359391867,2,0,0,0,0,0,0
56,27,40.742149353027344,92861,3,0.8061035263418157,3,0,0,0,0,1,0
60,38,184.70797729492188,90524,2,0.3024013174985553,2,0,0,0,0,1,1
36,10,161.51260375976562,89923,2,2.3908642137562777,1,388,0,0,0,0,0
30,8,35.53647232055664,92354,4,0.1306311934754984,1,178,0,0,0,0,0
33,21,10.593183517456056,90279,4,0.2200560156411254,1,0,0,0,0,0,0
41,13,133.00149536132812,92933,1,3.680024565619378,3,156,1,0,1,1,1
56,20,73.25382232666016,95734,2,1.311776857214843,3,0,0,0,0,0,0
48,26,40.148284912109375,92922,3,1.6190700935681042,1,0,1,0,1,1,0
58,31,12.276750564575195,95099,4,0.3342329611610449,2,0,1,0,0,1,0
35,12,141.8223114013672,90424,3,1.0530246301277406,1,0,0,0,0,1,0
64,41,133.34869384765625,91505,2,4.268924233334518,1,202,0,0,0,0,0
40,19,101.49177551269533,92276,2,0.583946579152608,2,165,0,0,0,0,0
39,14,76.67537689208984,93992,2,1.7356924664711464,3,0,0,0,0,0,0
48,17,13.28420066833496,94966,1,0.1945498133180063,2,116,1,0,0,0,0
24,6,74.83108520507812,90368,1,0.6121141649315119,1,0,0,0,0,1,0
31,18,107.29364013671876,91012,2,0.6080707760609932,1,0,0,1,0,1,0
54,32,116.884521484375,95712,1,6.052163208532477,1,0,1,0,0,1,0
45,16,78.95820617675781,91196,1,2.434170787117384,1,0,1,0,0,0,0
53,24,43.06673049926758,95229,1,2.0173557341602133,3,148,0,0,0,1,0
41,12,54.15614318847656,92312,2,1.741049185511503,3,0,0,0,0,1,0
46,14,199.09185791015625,94766,2,7.3986809059290835,1,0,0,0,0,1,0
54,28,33.781578063964844,92934,1,0.3990741889583957,2,0,0,0,0,0,0
52,14,60.96439743041992,95154,4,2.7012523395235744,3,0,0,0,0,1,0
53,16,80.1877670288086,94860,3,0.2705745274475883,2,160,1,0,0,0,0
51,35,163.7670135498047,91938,1,7.684626578076723,1,0,0,0,0,1,0
43,13,91.08279418945312,91904,1,1.2546393650637262,1,0,1,0,0,0,0
59,28,34.20939636230469,90603,3,0.91684157737785,3,0,0,0,0,1,0
50,24,80.92070770263672,94587,4,1.7613995336375163,2,0,0,0,0,0,1
50,24,94.8847198486328,95816,1,2.2415448018867563,2,299,0,1,0,0,0
64,39,86.30274200439453,95604,3,1.4754227369686208,2,0,1,0,0,1,0
58,29,52.52691650390625,95377,1,2.110503239470808,3,129,0,0,0,1,0
50,25,98.99810028076172,95950,2,2.106477730306196,1,324,1,0,1,1,0
48,20,85.92483520507812,91350,1,2.8703177385314285,1,0,0,0,0,1,0
30,6,46.68075942993164,94542,4,0.3875243369698021,3,0,0,1,0,1,0
51,18,153.6692657470703,94475,2,0.7446302840216467,1,408,0,0,0,0,0
53,33,53.142459869384766,94504,3,1.650938139548489,2,0,0,0,0,1,0
62,35,40.862831115722656,90075,2,0.8992283828007704,3,0,1,0,0,1,0
63,39,93.38034057617188,95808,3,1.2449947873889686,3,0,1,0,1,1,0
43,24,103.47535705566406,91419,2,0.9161391548507568,1,0,1,0,0,1,0
50,18,28.4835205078125,95088,4,0.8983511613738201,3,0,0,0,0,0,0
29,2,24.793272018432617,93987,4,0.8285366273511833,2,0,0,0,0,0,0
46,18,119.9298324584961,94921,3,1.625349583065547,3,0,0,0,0,0,1
65,38,76.50704193115234,90339,4,1.7910660064551014,3,137,0,0,0,0,0
34,13,68.10777282714844,95091,2,1.5276640739808278,1,0,0,0,0,1,0
57,30,22.573883056640625,95487,3,0.6918807470280535,1,0,0,0,0,1,0
26,1,77.20060729980469,92026,4,2.2900462029012107,1,0,0,0,0,0,0
48,29,49.914493560791016,92253,1,1.586963174045787,3,191,0,0,0,1,0
43,16,41.85187530517578,94792,1,0.456011665855556,1,0,0,0,0,0,0
47,25,112.4548110961914,93725,2,1.5455285902213411,1,0,0,0,0,1,0
57,36,66.29502868652344,95798,1,0.9535938004195422,1,87,0,0,0,0,0
50,7,138.74745178222656,96245,4,1.2665384184620538,1,0,0,0,0,1,0
45,19,37.77218627929688,94094,3,1.3430723505004247,2,0,0,0,0,1,0
55,28,43.05195236206055,94324,1,0.5216933341212143,2,0,0,0,0,0,0
46,19,58.16229248046875,89934,3,1.5362295635179184,3,0,1,0,0,0,0
28,1,47.21912384033203,94360,2,0.4853811279392185,3,0,0,0,0,1,0
63,37,118.57471466064452,93820,1,2.4359185076198164,3,0,1,0,0,0,0
50,22,162.20498657226562,92209,1,0.2203291605028415,1,0,0,0,0,1,0
51,15,65.34483337402344,90560,1,0.8455168599665944,2,0,0,0,0,0,0
61,33,41.0166244506836,90008,4,0.2467979796089279,3,0,0,0,0,0,0
33,4,60.68577194213867,94075,4,0.4610132477156815,1,0,0,0,0,1,0
36,10,59.38534927368164,94470,1,0.8018847571463267,1,247,0,0,0,1,0
43,13,161.25462341308594,95912,2,4.763078529263322,1,0,0,0,0,1,0
39,20,28.89561653137207,92686,4,1.8705175021274112,1,0,0,0,0,1,0
51,30,16.670040130615234,92555,2,2.977077397895924,1,0,1,0,0,0,0
60,33,55.700191497802734,94669,4,1.8366393477495837,2,0,0,0,0,0,0
46,21,155.6167449951172,94404,2,4.406668411275439,1,0,0,0,0,0,0
46,18,57.80986404418945,91949,2,0.85290567116225,2,0,0,0,0,1,0
59,27,38.5604248046875,94573,1,1.124838780759649,2,159,0,0,0,0,0
56,27,82.40886688232422,92493,2,2.814656176695314,3,0,0,0,0,1,1
30,7,48.44727325439453,94241,1,1.7258776678934875,3,136,0,0,0,0,0
50,27,182.8731689453125,96065,1,7.725827727598515,1,0,0,0,0,0,0
65,38,94.25637817382812,94167,3,1.6446960360041063,3,328,0,0,0,0,0
30,6,43.61461639404297,92186,3,1.5586581611459265,1,140,0,0,0,0,0
47,21,99.32074737548828,91079,2,2.856466390743163,1,0,1,1,1,1,0
50,26,61.316036224365234,92008,1,1.413166595644164,3,0,1,0,0,1,0
44,28,169.97354125976562,94573,1,3.4100162235693587,1,118,0,0,0,1,0
43,18,91.49410247802734,96261,2,0.3402611199763248,3,0,0,0,0,0,0
65,41,64.49536895751953,94258,4,0.7013129498079584,3,0,0,0,0,1,0
28,5,10.827693939208984,94363,4,1.0158038425212972,2,219,0,0,0,0,0
55,23,24.537981033325195,94607,4,0.1566216870698172,1,95,1,0,0,0,0
50,21,23.234973907470703,92755,3,1.6236755452328402,2,0,0,0,0,1,0
51,31,66.72833251953125,94012,3,1.10017174058752,1,0,1,0,0,1,0
56,33,28.53319549560547,91304,4,1.886014739291635,1,0,1,0,0,1,0
35,9,32.423828125,94418,3,2.795981565480207,1,0,0,1,1,1,0
62,28,29.883787155151367,95099,4,0.4117577828215648,2,0,0,0,0,1,0
34,9,17.963455200195312,92179,2,2.404098012672722,3,0,1,0,0,1,0
57,29,53.55230331420898,91153,1,2.178884129616056,2,0,0,0,0,0,0
45,24,34.092811584472656,91972,1,2.559023254026744,3,0,0,0,0,0,0
31,5,60.4344596862793,95346,2,0.9514999043717106,1,0,1,0,0,1,0
33,9,47.95170974731445,92694,2,1.9972135155388693,2,0,0,0,0,1,0
26,14,87.8408203125,90336,1,2.820204933568638,1,197,1,0,0,1,0
40,13,144.27984619140625,94514,1,3.583140271995616,1,0,0,0,0,0,0
49,34,90.49510192871094,94424,4,1.2327028395635058,3,0,0,0,0,0,1
43,10,9.883502960205078,92310,3,0.8522197002038754,3,103,0,0,0,0,0
43,20,69.39230346679688,94298,3,2.715630895690801,2,142,0,0,0,1,0
52,14,51.870513916015625,93875,2,2.340484381078186,3,0,1,0,0,1,0
38,10,82.38223266601562,95755,3,1.1867072539731651,2,0,1,1,1,1,0
63,38,46.45914459228516,90263,1,1.4031256016047071,1,0,1,0,0,1,0
39,14,41.530235290527344,92556,3,1.4606573009802275,1,0,1,0,0,1,0
33,5,40.97279357910156,96026,3,1.0563648983880294,3,0,1,0,0,0,0
34,13,44.71701049804688,91058,3,0.1771638560858547,1,0,0,0,0,1,0
59,35,151.0585174560547,91770,2,7.235221523178074,1,0,1,0,0,0,0
31,3,25.393415451049805,91254,2,2.840248092161321,3,0,1,0,0,0,0
62,33,125.76614379882812,90762,4,4.223638005316251,3,0,0,0,0,0,1
24,0,48.660892486572266,94784,2,2.123941904128658,1,0,0,0,0,0,0
46,20,79.52506256103516,90022,2,0.0681981268828606,1,0,1,0,1,1,0
33,0,38.38490676879883,95283,1,1.9954232069401527,2,0,0,0,0,1,0
31,5,94.35950469970705,95295,2,3.401887732058808,1,0,0,0,0,1,0
28,9,184.973876953125,94245,2,2.145218478477189,1,235,0,0,0,1,0
57,31,91.50819396972656,91132,2,0.4552977385668007,1,105,0,0,0,0,0
58,23,76.8351058959961,95694,1,2.579579760766019,1,0,0,1,1,0,0
43,18,56.57003784179688,93011,1,1.9425395879747551,3,0,1,0,0,0,0
26,14,108.6550750732422,93100,4,2.435550721221311,1,0,0,0,0,1,0
27,0,102.28834533691406,92369,1,1.6218734809345008,3,127,0,0,0,0,0
30,14,66.88946533203125,91997,2,3.05272531534724,1,0,1,0,0,0,0
31,7,153.93565368652344,95512,2,1.863564853179696,1,88,0,0,0,0,1
41,16,38.09957885742188,94991,4,0.6615890427116259,2,0,0,0,0,0,0
65,38,24.46098518371582,95761,3,0.1673823911220632,3,0,0,0,0,0,0
46,25,64.08226013183594,90063,2,2.045389308084812,1,0,0,0,0,0,0
34,16,150.94117736816406,95559,1,5.643317614481062,1,0,1,0,0,0,0
58,35,47.5551986694336,90366,4,2.03835202722215,2,0,0,0,0,0,0
46,19,71.25125885009766,95250,1,0.0122646602150895,1,402,0,1,1,1,0
40,14,173.5404815673828,92125,2,1.84909106685202,3,259,0,0,0,0,1
41,19,24.82092666625977,92721,4,0.3108874285058334,2,0,0,0,0,0,0
32,11,53.23838806152344,95830,2,0.550231142612857,3,0,0,0,0,0,0
55,27,38.36664581298828,94573,3,1.6754031414588402,2,153,0,0,0,1,0
40,25,13.17087173461914,90589,2,0.3080173405713886,2,0,0,0,0,1,0
46,20,115.72451782226562,91250,2,7.306712307717095,2,0,0,0,0,1,1
58,3,80.45154571533203,95948,1,1.819090344660448,1,104,0,1,0,1,0
61,33,24.31277275085449,90351,2,1.4348073533238193,3,0,0,0,0,1,0
23,1,117.86775970458984,90103,1,0.9871985955600184,2,406,0,0,0,0,1
37,11,27.46445655822754,92079,4,0.4311751119409728,2,87,0,0,0,0,0
38,8,216.0423889160156,92800,2,6.180130809615174,1,0,0,0,0,1,0
61,34,25.53199005126953,94250,2,0.9650841424488876,2,0,1,1,0,1,0
58,35,87.36339569091797,92070,4,2.3429915131594283,2,0,0,0,0,1,0
40,16,37.48978805541992,91087,3,0.5991342465281422,2,110,0,0,0,0,0
35,12,11.685806274414062,95917,4,0.4730109312318502,2,0,0,0,0,0,0
49,25,87.0337142944336,92378,4,1.055045671687333,2,98,0,0,0,1,0
59,29,37.74375915527344,91644,3,0.8386001533998986,2,144,0,0,0,1,0
53,25,59.9829216003418,90101,1,0.0928704109487974,3,0,0,0,0,1,0
56,33,73.18240356445312,95271,2,1.5581350160370744,1,147,1,0,0,1,0
39,7,115.8062973022461,94692,2,4.427898464542775,1,365,0,0,0,0,0
57,26,64.74580383300781,93906,4,1.3540978327937427,2,0,0,0,0,1,0
64,41,122.72369384765624,90078,2,0.7691462666026991,2,0,0,0,0,0,0
46,23,84.82028198242188,95544,1,4.697776450545267,1,0,0,0,0,1,0
61,35,103.79180145263672,95395,3,1.809725643812762,1,0,1,0,0,0,0
55,29,56.39672088623047,94448,1,0.1462761251747155,1,0,0,0,0,0,0
61,18,79.29708099365234,92399,2,2.543525513991621,1,0,0,0,0,0,0
54,34,107.3298797607422,95474,2,1.5842670683945606,1,0,0,0,0,0,0
34,9,63.81247329711914,95221,4,1.2423155809821038,2,0,1,1,0,0,0
38,12,42.7483024597168,93848,4,2.5167581599652857,2,0,0,0,0,1,0
59,35,41.375465393066406,91046,2,0.2167685802737077,1,110,1,0,0,1,0
56,20,74.88803100585938,94681,4,2.0619831542130056,1,0,0,0,0,1,0
45,25,127.56690216064452,92680,4,2.46081104722007,2,0,1,0,1,1,1
43,21,52.41675567626953,95984,3,0.5541311990066489,1,0,0,0,0,0,0
64,30,44.40317153930664,90264,3,1.1243310222716454,1,0,1,0,0,0,0
52,25,109.7970199584961,89857,2,0.1111910708074754,3,375,0,0,0,1,0
47,18,42.13775634765625,95319,3,2.929421504746181,1,0,1,0,0,1,0
61,38,111.81122589111328,94249,2,2.5218642841670427,1,0,1,0,0,0,0
31,5,60.33051300048828,91530,1,0.2853585864905525,1,0,0,0,0,0,0
36,14,113.70584106445312,93719,2,0.6009832328307112,1,0,0,0,0,1,0
60,35,15.219131469726562,93949,2,1.2916679376094926,2,88,0,0,0,0,0
29,3,34.922325134277344,94176,1,0.1167472652924987,1,159,1,0,0,1,0
37,4,13.981681823730469,93608,2,0.9161875692427636,3,130,0,0,0,0,0
55,28,55.60903549194336,90208,3,0.9563045244281756,1,0,1,0,0,0,0
30,3,63.89449691772461,94587,2,1.0960367680505612,3,176,0,0,0,0,0
45,18,68.64071655273438,94730,3,0.4168926475533774,1,0,1,0,0,1,0
31,1,104.07447052001952,95550,2,2.2727516138836465,1,137,1,0,1,1,0
36,15,28.031421661376957,92117,3,0.306580917594475,3,102,0,0,0,0,0
30,4,85.28227996826172,94945,1,3.561866688145463,2,0,0,0,0,0,1
59,30,53.8580436706543,89946,1,2.2739834322636785,2,102,1,1,0,1,0
27,3,100.24810028076172,94156,1,1.824306521530384,3,0,1,0,0,0,0
42,15,175.23277282714844,92375,1,6.265618281518374,1,149,0,0,0,0,0
27,3,115.2938232421875,90157,2,1.9104909064934137,1,0,0,0,0,1,0
34,11,83.3213119506836,93909,2,2.7779293857678407,2,0,1,0,0,1,1
32,27,59.86534118652344,89961,4,0.7301253612523908,3,0,0,0,0,1,0
43,19,127.16957092285156,94040,1,1.5066227575681128,2,234,0,0,0,1,0
31,9,34.688472747802734,93627,4,1.563937402911942,1,0,0,0,0,1,0
35,8,35.39183807373047,94707,3,0.6074441091163523,1,0,1,1,1,0,0
53,24,24.9500789642334,94537,4,0.7820155315272223,2,0,0,0,0,1,0
44,26,150.65118408203125,91417,2,0.5021821607059375,1,0,0,0,0,1,0
58,34,34.550140380859375,94250,2,1.245650730964159,3,0,0,0,0,0,0
28,1,151.5997772216797,94468,2,1.6075484182776267,1,0,0,0,0,1,0
50,26,21.598188400268555,95591,4,1.5872373980993364,2,0,0,0,0,1,0
51,25,66.27203369140625,90186,4,2.1051635325141724,1,120,1,0,0,0,0
43,10,100.24874114990234,94545,1,2.0928123966950123,2,0,0,0,0,1,0
25,1,161.41748046875,91848,3,1.8158851691614863,1,0,0,0,0,1,0
26,15,77.88877868652344,90025,1,2.0715898904503622,1,394,0,0,0,0,0
28,5,97.24285888671876,94697,3,2.720884628620095,1,0,0,0,0,1,1
56,34,72.84382629394531,91049,3,2.2871646518091,3,209,1,0,0,1,0
55,17,114.1391830444336,95055,2,5.512195548308816,1,118,0,0,0,0,0
45,20,82.27290344238281,90276,2,1.2711250302586483,2,0,1,0,0,1,0
35,7,129.06704711914062,94965,2,3.229683098389985,3,0,0,0,0,1,1
42,24,101.0941162109375,93150,1,3.85476391669893,1,151,0,0,0,0,1
25,2,97.2490234375,94247,3,2.2465730154362697,3,0,1,1,1,0,0
54,37,9.134516716003418,93387,4,0.211895918724548,2,0,0,0,0,0,0
35,4,20.494068145751957,93786,2,1.4250510617266223,3,0,0,0,0,0,0
34,5,163.40841674804688,94585,4,6.243028941785146,3,0,0,0,0,0,1
61,24,30.71748161315918,95262,4,1.795614257857267,2,0,0,1,0,0,0
60,30,18.658781051635746,92972,4,1.0583812252805795,1,0,0,1,0,0,0
61,36,30.372970581054688,93107,3,1.1099307241919636,3,0,0,0,0,0,0
46,23,115.45982360839844,95320,4,1.174968541354052,3,0,1,0,0,0,1
36,6,66.67878723144531,94524,2,0.0280011698801989,3,0,0,0,0,0,0
52,31,24.513578414916992,94727,3,2.1628560920167463,3,104,0,0,0,1,0
43,13,61.09244918823242,90306,3,2.110972182287762,2,0,0,0,0,0,0
51,20,58.3180046081543,92746,1,2.755474733182776,1,0,0,0,0,0,0
35,13,123.25011444091795,92852,1,0.583167248188137,1,0,0,1,0,0,0
63,37,96.92027282714844,95901,2,1.53940760011501,2,322,0,0,0,1,0
56,31,133.6735076904297,91597,4,1.516829578223684,1,0,0,0,0,1,0
64,29,147.6226348876953,92805,1,3.0814926919370413,3,0,0,0,0,0,1
29,23,51.01809310913086,95558,4,0.2069973471509486,2,0,0,0,0,1,0
51,23,19.261350631713867,94761,1,1.3185253891537874,3,0,0,0,0,0,0
60,33,48.65013885498047,95542,1,0.5668811883368788,1,0,1,0,0,1,0
32,7,60.48995208740234,94752,4,1.4718810665625783,2,0,1,1,0,1,0
58,35,40.09283447265625,93032,3,0.6927002190222531,3,0,0,0,0,0,0
40,23,181.59625244140625,92783,4,5.372088967392331,2,0,0,0,0,0,1
43,13,67.00614929199219,95634,1,2.1692778081323416,2,0,0,0,0,1,0
34,7,86.64064025878906,90259,3,1.958710015966424,2,0,0,0,0,0,0
51,31,45.0394401550293,92272,1,1.2407849459393765,3,0,1,0,0,1,0
31,9,136.2796173095703,92556,1,0.3097164693717803,1,160,0,1,0,1,0
36,17,32.00331115722656,92261,2,1.9191056906672648,3,0,0,0,0,1,0
48,24,51.27555084228516,92680,1,0.0709974091006992,2,98,0,1,0,0,0
47,20,29.354358673095703,91696,2,0.3813482453452927,2,0,0,0,0,0,0
39,17,169.8606719970703,95602,1,6.985698051127199,1,0,1,0,0,1,0
32,20,152.91116333007812,94196,1,4.623881690383069,3,0,0,0,0,1,1
59,27,68.77156066894531,93143,2,0.2977805031388286,3,0,1,0,0,1,0
54,23,140.75025939941406,90108,4,2.937023637571291,2,0,0,0,0,0,1
64,39,79.14328002929688,94500,3,0.7064852558779379,1,142,0,0,0,0,0
36,10,42.84196090698242,93655,4,3.3334543817076807,1,128,0,0,0,0,0
47,20,102.34209442138672,94318,1,3.3752903585762333,3,267,0,0,0,1,1
60,35,42.617637634277344,95550,1,3.463101426019368,3,0,1,0,0,1,0
33,9,22.6663818359375,94170,4,0.8202485502898946,2,0,0,0,0,1,0
33,8,153.3739776611328,95185,2,3.553913917344673,3,0,1,0,0,0,0
39,11,43.79605102539063,91846,1,2.2361170393158285,3,0,0,0,0,0,0
33,5,137.43763732910156,94928,2,3.9855467427641376,1,0,0,0,0,0,1
48,29,82.24967956542969,94324,2,1.2601732912357106,3,139,1,0,1,1,0
29,8,64.06971740722656,91896,4,1.9883634688479692,3,0,0,0,0,1,0
37,15,17.03670883178711,91181,3,1.0491551666845351,3,0,1,0,1,1,0
42,13,30.010852813720703,93165,1,0.410892552741028,2,0,0,0,0,1,0
53,9,63.36259460449219,94355,1,1.987453210346404,3,0,0,0,0,0,0
28,2,80.15391540527344,91192,2,2.744553006561057,1,0,1,0,0,1,0
51,33,96.48609161376952,96172,3,4.781770817844371,2,0,1,0,0,0,0
48,13,79.48381042480469,93003,4,1.581924892490273,3,0,1,0,0,1,0
58,36,97.57772064208984,92107,3,1.1525507842998235,1,0,1,0,0,1,0
32,16,52.47080612182617,94388,1,1.258086417742862,2,0,0,0,0,0,0
60,33,41.84720230102539,96033,4,4.36114693589793,3,157,0,0,0,1,0
33,8,46.44351959228516,90357,1,0.2172052200034172,2,0,1,0,0,1,0
56,26,48.61067581176758,95201,3,2.4685361435849837,3,0,0,0,0,1,0
42,18,31.673633575439453,92004,3,0.8922605449476659,2,0,0,0,0,1,0
25,1,45.68107223510742,90229,2,0.5862350253837743,1,0,0,0,0,0,0
50,30,24.104808807373047,96085,3,1.0669044003598644,2,163,0,0,0,1,0
43,17,72.66378021240234,95616,3,0.2880187116882352,2,0,0,0,0,1,0
43,25,70.20013427734375,95238,3,1.7632202941788837,2,0,0,0,0,1,0
49,22,57.44562911987305,94897,1,1.6889639093191102,1,0,0,0,0,0,0
46,18,40.84870147705078,95765,2,3.189596374601068,1,0,0,1,0,1,0
35,10,57.55727767944336,93917,1,0.8086807388375863,2,0,1,0,0,1,0
33,10,29.880163192749023,92338,2,1.875852101025664,1,0,0,0,0,1,0
26,2,37.12059020996094,92634,4,1.661413612045244,3,0,0,0,0,1,0
65,41,50.288211822509766,94733,2,0.8744172169952079,1,0,1,0,0,0,0
43,15,30.165605545043945,95717,1,0.8910651411190607,2,94,0,0,0,1,0
39,10,41.42072677612305,91183,3,1.8751397015400533,3,0,0,0,0,1,0
43,23,91.3550262451172,94070,4,1.8883270711314053,2,0,0,0,0,1,1
52,30,150.67404174804688,92591,4,7.560828009245572,3,397,0,0,1,1,1
35,4,55.97129440307617,94463,2,0.417048252519853,1,102,1,0,0,1,0
48,29,67.75782012939453,91840,1,0.5217470226968661,3,0,0,0,0,0,0
63,36,86.60211181640625,93632,1,0.4145113607182092,1,0,0,0,0,0,0
42,23,36.94521331787109,95859,4,0.5005503910385575,1,258,1,0,0,1,0
26,17,80.57178497314453,91448,4,0.5341648698329552,1,0,0,0,0,1,0
44,25,30.312047958374023,94774,2,0.4489210780526641,3,0,0,0,0,0,0
60,28,53.63224029541016,96149,2,0.1195765307954296,3,0,0,0,0,0,0
51,29,25.01215934753418,95661,2,0.4143883276552285,3,136,1,0,0,1,0
64,36,38.00551223754883,90600,3,1.570984655370994,3,0,0,0,0,1,0
57,20,164.17237854003906,95716,2,3.747665566803938,1,274,0,0,0,1,0
63,42,170.3855743408203,95790,2,2.43709438318586,1,164,0,0,0,1,0
35,15,151.54214477539062,95508,2,0.9671299635430164,1,124,1,0,0,1,0
63,39,165.259765625,90298,2,2.6146495457494265,1,0,1,1,0,1,0
65,40,115.72312927246094,91845,3,4.735979150561876,2,0,0,1,0,0,0
39,25,112.70243072509766,93062,1,1.5505746774895428,1,0,0,0,0,1,0
29,3,158.89080810546875,93915,2,2.353295149258888,1,106,0,0,0,1,0
61,35,62.74580001831055,91864,4,1.8672370171124453,3,0,1,1,0,0,0
49,25,77.6275634765625,94821,2,0.8289223893813856,2,0,1,0,0,0,0
45,23,54.25190734863281,92942,1,3.745942370851502,1,0,1,0,0,0,0
52,33,38.146278381347656,89948,2,3.2687027683846024,1,0,1,0,0,0,0
25,3,45.08022689819336,94027,4,1.3630662844425865,1,0,1,0,0,1,0
64,41,41.95737838745117,93178,1,0.3792159870216782,3,0,1,0,0,0,0
38,14,21.09220314025879,90098,1,1.51991687291614,2,82,1,0,0,1,0
48,28,40.82271194458008,90699,3,2.351260951716799,2,0,0,1,0,0,0
35,17,40.0013313293457,93732,4,0.5548878785414495,2,0,0,0,0,1,0
50,30,61.69464111328125,94728,4,1.234374735797077,3,0,0,0,0,1,0
43,15,101.95355987548828,91333,4,1.7184620808237372,2,57,1,0,0,1,0
28,30,44.79465103149414,94354,1,1.4686821442624565,2,119,0,0,0,1,0
64,37,191.95899963378903,93912,1,8.412659879299138,1,0,0,0,0,1,0
42,13,24.766929626464844,92018,4,0.4952828926157824,3,160,0,0,0,1,0
65,42,50.74604034423828,96092,1,0.068308395558617,1,0,0,0,0,1,0
43,27,116.12106323242188,91318,3,2.2761880530992795,1,217,1,0,0,0,0
46,24,19.02886199951172,94145,4,0.4055447303649997,3,152,0,0,0,0,0
35,18,70.58536529541016,95001,2,1.3190455690892284,2,0,0,0,0,1,0
55,36,74.91223907470703,90239,2,2.627780120488701,1,0,1,0,0,1,0
37,6,198.0684814453125,92744,1,6.755334915097971,1,0,0,0,0,0,0
49,14,41.11750793457031,95207,4,1.3680516245323728,1,0,0,0,0,0,0
44,24,36.57899475097656,94769,3,2.752466915907326,3,0,1,0,0,0,0
37,8,45.30121612548828,94054,3,0.7052905068641996,3,0,1,0,0,1,0
27,-2,169.58433532714844,94843,4,5.060510846622186,3,0,0,0,0,0,1
62,38,53.02954864501953,94838,1,0.4571733162671659,1,0,1,0,0,0,0
28,1,40.29151153564453,92994,4,1.8862794466202764,3,0,0,0,0,1,0
61,36,79.03898620605469,90529,1,2.189397413501837,1,0,0,0,0,0,0
41,17,150.66357421875,92428,2,0.977720700404644,1,414,1,0,0,1,0
45,15,54.96280670166016,94413,1,1.9017377176667667,2,0,0,0,0,1,0
36,6,43.81270599365234,92246,4,1.9889122919390985,2,0,0,0,0,1,0
33,4,111.6573257446289,91898,4,0.7789509298489038,3,251,1,0,0,0,0
43,22,75.04808807373047,91105,2,2.17380572915749,1,0,0,0,0,1,0
58,37,51.75201034545898,90530,3,0.4433893277806804,1,0,0,0,0,0,0
44,14,41.06201171875,92835,3,1.8751226353190693,2,0,0,0,0,1,0
46,23,91.24235534667967,91357,1,0.9784897254614896,1,0,0,0,1,1,0
26,-2,36.921348571777344,94571,2,0.7985220444516565,1,0,1,0,0,0,0
31,3,68.79508972167969,94560,4,0.959038399412859,1,157,0,0,0,0,0
64,33,25.80685806274414,92850,1,3.118159593777374,2,0,1,0,0,1,0
58,28,89.69731140136719,95363,1,1.07235816430845,3,0,0,0,0,1,0
66,39,148.60311889648438,90414,4,4.277839027900466,2,0,0,0,0,0,1
53,21,14.70099925994873,92134,2,0.874981520732034,2,67,0,0,0,1,0
42,17,66.26936340332031,95266,2,0.9922483811358124,3,0,0,1,0,0,0
39,19,105.5548095703125,94544,4,2.9044828298535497,1,0,0,0,0,1,0
33,7,66.27723693847656,91867,2,3.000951645111506,3,0,0,1,0,1,0
27,3,113.25886535644533,92775,1,2.2989910188291507,1,150,0,1,0,0,0
35,12,45.3426513671875,92119,4,1.2677904797553277,1,100,0,1,0,1,0
42,21,14.791675567626951,94590,4,0.1327431264661909,2,0,1,0,0,1,0
34,7,150.33209228515625,92154,1,2.243091433739367,1,388,0,0,0,1,0
25,0,113.81883239746094,95459,2,1.4612339495661215,3,0,0,0,0,1,0
54,28,138.3870849609375,90026,3,0.3333922901311111,2,0,0,0,0,0,1
34,9,95.7619857788086,91944,3,2.3614629465889547,3,0,0,0,0,1,0
45,20,116.38810729980467,92035,1,2.446510290566928,1,229,0,0,0,0,0
29,7,55.613861083984375,94510,2,1.995966133091975,2,0,0,0,0,0,0
61,37,45.47223281860352,92341,3,1.433709582304823,3,106,0,0,0,0,0
41,12,27.49168586730957,93192,2,1.1894064322860638,2,0,1,0,0,0,0
52,26,48.53928756713867,92755,4,0.5885412907090839,2,0,0,0,0,0,0
54,29,61.747047424316406,92595,4,1.012178431198283,1,383,0,0,0,0,0
42,15,117.74235534667967,90436,2,1.2559299928222438,3,187,0,1,0,0,0
44,10,128.83535766601562,94672,2,1.0458592582025967,1,0,0,0,0,0,0
54,27,56.67814636230469,94388,2,1.238754277647511,1,0,1,1,1,1,0
37,21,17.459339141845703,92229,1,0.475881367205805,3,0,1,0,0,1,0
64,30,83.13742065429688,90443,4,1.960567446338889,1,0,0,0,0,0,0
57,25,140.70152282714844,93429,1,6.664985000011514,1,393,1,0,1,1,1
35,16,59.19619369506836,94464,1,0.0435390500502355,1,302,0,1,0,0,0
61,37,44.72483825683594,93460,1,0.2662165406824853,1,0,1,0,0,0,0
57,31,27.402671813964844,94212,4,0.0758138291967621,3,122,0,0,0,1,0
58,29,56.37518310546875,92159,2,1.0712804014571915,2,0,0,0,0,1,0
53,32,144.7427520751953,93921,2,2.3243084109648664,3,0,0,0,0,1,0
53,27,56.81612396240234,90487,3,2.120681830713676,2,0,0,0,0,1,0
29,7,20.16338348388672,94888,4,0.2936253518269283,3,0,1,0,0,1,0
58,33,88.13449096679688,94464,3,0.5106745159300807,3,280,1,0,0,0,1
46,20,52.46703720092773,90240,3,1.987784372390577,2,0,0,0,0,0,0
37,3,20.980329513549805,91272,4,0.3572878247859319,2,0,0,0,0,1,0
24,-2,38.49556350708008,93623,4,0.7347179184184109,3,0,1,0,0,1,0
53,35,25.610332489013672,95532,3,1.1514203808793706,2,0,0,0,0,1,0
44,31,85.68790435791016,95479,2,2.806526632915269,1,0,0,0,0,1,0
51,22,39.697265625,94592,4,2.840078037060657,2,0,0,0,0,1,0
54,19,177.53884887695312,94159,1,2.2879193507602937,1,388,0,0,0,1,0
55,33,74.27213287353516,95703,2,3.276215980301622,1,0,0,1,0,1,0
33,2,48.65840148925781,94300,2,0.1822935008047297,3,0,0,0,0,0,0
62,40,90.1034698486328,94269,2,1.295739452243539,2,317,0,0,0,0,1
39,7,30.931432723999023,93409,4,1.2595504946818543,3,0,0,0,0,0,0
48,19,59.88374328613281,92864,4,2.5169760235837844,1,144,1,0,0,0,0
43,15,42.282203674316406,94948,3,0.712763296034585,1,152,1,0,0,1,0
35,13,110.5215301513672,92566,1,3.221664787003852,2,380,0,0,0,1,0
28,6,56.253543853759766,94377,2,1.6523931930836155,2,0,0,1,0,1,0
46,26,35.517974853515625,95429,2,1.9236040541985056,1,366,1,0,0,1,0
59,33,122.43934631347656,94465,3,1.026875976144471,2,363,0,0,0,0,0
30,10,117.46959686279295,95209,3,0.6634683404258477,1,224,1,0,0,0,0
39,34,147.0613555908203,92610,3,2.476821539172584,1,0,1,0,0,0,0
51,22,24.44183349609375,92157,1,0.7486237240896467,3,0,0,1,0,0,0
30,2,74.81011199951172,91175,1,2.072578862283344,2,0,0,0,0,0,0
42,25,112.64430236816406,92654,4,1.7952600033926809,3,306,1,0,0,0,0
45,15,79.43231201171875,89808,4,2.254924194313205,2,0,0,1,0,1,0
62,34,34.64435577392578,95002,1,0.42149113605064,2,149,0,0,0,0,0
35,17,51.099388122558594,95196,3,1.183160268389409,1,0,0,0,0,0,0
58,35,60.80302429199219,90062,4,1.3683742939611423,1,0,1,0,0,1,0
24,-2,58.68285751342773,93048,3,2.2090805118440264,2,0,1,0,0,0,0
27,3,41.91606903076172,89916,2,2.2694957960668494,3,0,0,0,0,1,0
52,31,125.89476013183594,90218,1,3.940973286847955,1,0,0,0,0,1,0
64,39,38.65608215332031,94008,4,2.7560976428031823,3,0,0,0,0,1,0
49,25,110.2373275756836,94093,2,3.1761185773126974,1,0,1,0,0,0,0
39,23,143.02418518066406,90188,2,7.012373968997105,1,0,0,0,0,1,0
27,2,53.35050582885742,91372,3,1.1870430421953029,1,0,0,0,0,0,0
26,6,34.19640350341797,95696,1,2.272550840510561,3,0,0,0,0,1,0
39,16,57.128604888916016,94777,2,1.251899147768963,3,0,0,1,0,1,0
53,30,46.02934265136719,95638,1,0.3248460865225835,1,0,1,0,0,1,0
60,34,104.71753692626952,93834,3,0.4008916879129658,1,170,0,0,0,0,0
61,36,78.10162353515625,90194,4,2.160941434576053,3,0,0,0,0,1,0
31,2,56.697845458984375,92709,4,0.8547283195326977,2,96,0,1,0,1,0
58,35,176.95010375976562,91452,1,6.551255387516815,1,0,1,0,0,1,0
53,28,86.22775268554688,94346,1,1.6199028257312629,1,0,1,0,0,0,0
29,6,207.67083740234372,90403,2,8.821029129555942,3,382,1,0,1,1,1
38,15,33.37467956542969,96069,4,2.145059594179873,3,0,0,0,0,1,0
34,11,45.97734451293945,91331,3,0.6930222412582883,3,0,0,0,0,1,0
34,7,71.21885681152344,96368,2,1.0925873290556458,1,0,0,0,0,0,0
33,3,31.40083312988281,94773,3,0.3401297010310385,3,76,0,0,0,0,0
46,21,22.32483673095703,94438,2,1.758610596206446,1,151,0,0,0,1,0
45,20,40.01929473876953,95434,4,0.532329111817202,2,0,0,0,0,1,0
64,35,18.81192398071289,94597,3,1.3282475604196868,1,0,1,0,0,0,0
45,25,95.62091064453124,94552,4,1.894015532350098,2,0,1,0,0,0,0
41,10,173.36439514160156,91814,1,6.066689812513598,1,272,0,0,1,1,0
63,35,101.15219116210938,95605,2,1.0445713159369867,1,145,0,0,0,0,0
53,30,41.48531723022461,94000,2,0.219828737911665,2,0,0,0,0,1,0
60,38,74.59098815917969,95569,4,1.75632737528894,3,0,0,0,0,0,0
59,31,71.28278350830078,94176,2,0.5301886739340196,1,0,0,0,0,1,0
60,30,59.98374176025391,90791,2,0.819903045737914,3,0,1,0,0,1,0
50,23,19.567367553710938,90170,1,2.248401607496912,3,62,0,0,0,1,0
63,38,159.5405731201172,95204,1,1.9563404888376037,1,388,0,0,0,1,0
43,19,157.65992736816406,91804,2,1.0617903486337632,1,120,1,0,0,1,0
28,35,15.898273468017578,93954,1,1.6900342114701823,1,113,0,1,1,1,0
47,21,117.78785705566406,95232,2,2.178546955464925,2,0,0,0,0,1,1
39,17,34.72327423095703,92113,2,1.45492635921458,3,0,0,0,0,1,0
33,8,58.52973937988281,94526,3,1.850435551515918,2,0,0,0,0,1,0
44,19,45.31122589111328,96012,2,1.2160807192593737,3,229,1,0,0,1,0
58,32,39.78042984008789,90429,4,0.414563476309968,1,133,0,1,0,0,0
38,21,51.508445739746094,95086,2,0.3016079461151653,1,100,1,0,0,1,0
25,3,116.94715881347656,94055,3,1.88568266554022,3,0,0,1,0,1,0
64,37,36.87421417236328,91540,3,0.8341036484074594,1,0,0,1,0,1,0
35,7,46.79975509643555,93467,4,1.5191318180460736,2,0,1,1,1,1,0
32,3,93.58843994140624,95159,4,2.5890677468613115,2,0,0,0,0,0,0
51,19,80.34884643554688,92426,1,2.4024707214493577,1,385,0,0,0,1,0
61,30,87.51548767089844,94288,4,0.2869685176227717,2,156,0,1,0,1,0
26,7,95.39752197265624,90455,4,1.1470228909771605,2,0,0,0,0,1,0
28,22,164.86288452148438,93492,2,6.931621251279706,1,223,0,0,0,0,0
27,9,81.97552490234375,94511,2,2.758878151985939,1,221,0,0,0,0,0
45,18,50.950931549072266,93952,1,0.4792791249083742,3,0,0,0,0,0,0
42,8,51.90224456787109,90871,1,1.4595527171658993,3,112,0,0,0,1,0
39,22,42.228271484375,95404,2,1.072550147373129,3,0,0,0,0,1,0
38,11,109.2420425415039,92168,2,2.088737760154369,1,0,1,0,0,0,0
61,28,115.52511596679688,94381,1,3.817214411924484,3,380,0,0,0,0,1
34,21,27.22660446166992,95113,4,1.3412794537779922,3,134,1,0,0,1,0
30,10,57.94477844238281,96171,3,0.650849575994965,1,121,0,0,0,1,0
53,30,43.13435363769531,94847,4,2.002106393941788,3,93,0,0,0,0,0
52,28,54.25242614746094,94356,4,2.1422108936669004,2,0,0,0,0,1,0
56,34,113.6083755493164,91580,1,0.3704944133658487,1,231,1,0,1,1,0
43,14,177.3691864013672,92095,2,1.324087580702921,1,0,0,0,0,0,0
29,5,119.11354064941406,95381,1,2.877709912527427,1,386,0,0,0,1,0
46,22,56.98782730102539,91232,1,2.5640543308037613,1,156,0,0,0,0,0
42,16,55.43816757202149,90879,1,1.1088782089794655,1,0,0,0,0,1,0
54,29,71.98157501220703,94513,3,2.184067201951092,2,146,1,0,0,0,0
57,33,52.802207946777344,92918,1,0.2778192315034994,2,118,0,1,0,0,0
39,26,96.45978546142578,90483,1,1.888532824737037,1,0,0,0,0,0,0
59,31,115.66849517822266,91502,2,1.1034882956788277,2,0,0,0,0,1,0
60,34,27.93816375732422,95365,4,1.08671563003983,2,0,0,0,0,1,0
25,0,92.01041412353516,90381,2,0.2554858484809358,1,0,0,0,0,0,0
47,24,79.19270324707031,90053,2,2.5454460977880897,2,231,1,0,1,1,0
29,13,40.83903884887695,91148,1,2.082842788411881,1,248,1,0,0,0,0
41,6,149.410400390625,95146,1,1.66560057447455,1,0,0,1,0,1,0
46,19,62.13166046142578,95281,2,0.6379846157888169,3,105,1,0,0,0,0
38,20,60.59561920166016,90031,4,1.1855046798498106,1,0,1,0,0,0,0
62,30,40.68730926513672,94654,3,1.60236894074646,2,0,0,0,0,0,0
24,1,64.94747161865234,89919,4,2.0635277361503666,1,0,1,0,0,1,0
56,34,34.206298828125,93641,1,0.4052002313800271,2,0,0,0,0,1,0
53,39,97.65471649169922,94885,2,2.4154482551758765,3,256,0,0,0,0,0
31,2,33.409568786621094,91348,4,1.6083127037073757,3,0,0,0,0,0,0
34,7,17.91903305053711,89825,2,1.9958556894118016,2,0,0,0,0,0,0
29,11,59.2776985168457,93348,2,1.6789089368093733,3,0,1,0,0,1,0
27,3,31.55743980407715,92119,2,1.658159323002056,1,0,1,0,0,1,0
62,33,35.15736389160156,89981,2,0.2759014796739156,3,0,0,0,0,0,0
61,35,56.42854690551758,90621,2,0.178074975026163,1,0,0,0,0,1,0
49,36,64.5886001586914,92077,4,1.571223610092338,1,0,0,0,0,1,0
33,7,74.93500518798828,95193,3,1.6753844639495228,2,0,1,0,0,1,0
31,2,40.06349182128906,90132,3,2.3247079589278923,1,0,0,0,0,1,0
29,0,59.536277770996094,91232,4,1.4240451613886456,3,0,0,1,0,0,0
34,11,59.00986862182617,95784,2,0.5528391162426325,1,0,1,0,1,1,0
31,5,129.70220947265625,91514,4,0.2592133360979129,3,0,0,0,0,0,1
40,10,33.80549621582031,89897,4,2.5821001695931955,1,0,0,1,0,1,0
61,36,59.0085334777832,95558,4,0.4948939640158965,1,0,0,0,0,0,0
39,14,66.00990295410156,92781,2,0.2346380060191202,2,0,0,0,0,0,0
49,15,91.28340911865234,90333,4,3.1912603710285268,2,0,1,1,0,0,0
56,25,45.46627807617188,89981,3,0.4222998251057268,2,79,0,1,0,0,0
61,33,97.31861877441406,95671,3,0.3416154463979612,2,0,0,0,0,1,0
58,25,60.26700592041016,94405,3,1.2523835765428877,2,0,0,0,0,1,0
34,7,97.93485260009766,95062,1,3.045459403535465,3,0,1,1,1,1,0
31,7,29.05547332763672,95032,4,0.7170305411746782,3,103,1,1,0,1,0
28,1,27.954084396362305,95260,3,0.5163318746906718,1,0,1,0,0,1,0
64,39,57.46535873413086,94940,2,1.366802485697929,3,0,0,1,0,0,0
37,12,47.20066833496094,95075,1,2.104228145862325,2,0,1,0,0,0,0
30,10,138.81051635742188,91911,4,0.6162024098795614,1,0,0,0,0,0,0
64,35,45.272605895996094,93523,2,0.0020865722903253,1,0,0,0,0,1,0
53,31,79.21975708007812,92288,2,2.857672189141117,1,0,0,0,0,0,0
63,34,42.67372131347656,94449,2,2.221178593877055,3,149,0,0,0,1,0
52,26,17.91472625732422,94623,3,1.042489675190342,3,0,0,1,0,1,0
49,23,75.93329620361328,94623,4,2.922673844943657,1,108,1,0,0,1,0
27,3,51.611515045166016,94191,2,0.173358612096077,1,0,0,0,0,0,0
33,6,69.80537414550781,92255,1,1.2728948913087264,2,103,0,0,0,0,0
30,4,31.327686309814453,94550,2,0.4319737067102445,3,0,0,0,0,0,0
31,6,52.33437347412109,94049,2,0.7043931380934213,1,194,1,0,0,0,0
48,23,60.583309173583984,92105,1,0.005949935506817,1,112,0,0,0,1,0
27,1,36.04938507080078,94970,4,2.442038653191707,2,0,0,0,0,1,0
63,35,119.68303680419922,95920,1,2.6113556075631736,1,127,0,0,0,1,0
57,23,35.15081787109375,93713,2,0.510558451174906,1,0,1,0,0,1,0
33,6,70.38702392578125,92119,4,2.1802931721272336,2,0,0,1,0,1,0
55,23,52.57858276367188,94701,2,1.4162665501361051,3,0,0,1,0,0,0
32,6,62.619873046875,94499,4,0.8566007443100754,1,0,0,1,0,1,0
62,28,95.48721313476562,92070,4,2.083834885193104,3,0,0,0,0,0,1
26,4,38.5089225769043,93447,1,0.2313923754892715,3,0,0,0,0,1,0
39,28,216.32498168945312,92960,1,8.852904428625594,1,0,0,0,0,0,0
28,9,86.42139434814453,90996,2,2.2393173009680027,1,0,0,0,0,1,0
47,6,76.85137176513672,91812,4,1.203851926341168,2,230,0,0,0,1,0
48,22,136.85598754882812,94706,1,5.544046561309582,3,0,0,1,0,0,1
45,19,54.40121078491211,91158,4,1.7787125669098385,3,0,1,0,0,0,0
63,39,39.609405517578125,92898,1,1.5826335387999886,2,0,1,0,0,1,0
49,21,66.51741027832031,91221,1,0.9351718990046765,3,78,0,0,0,1,0
36,21,122.92536163330078,94012,4,0.9430979143563684,2,0,0,0,0,1,1
40,23,150.5601806640625,92738,2,4.5569114039214105,1,0,1,1,1,1,0
53,31,31.872392654418945,90183,3,2.6376284327706387,2,88,1,0,0,1,0
39,20,130.4057159423828,89864,1,0.047558347189023,1,0,0,0,0,0,0
43,15,114.82207489013672,93896,3,3.042963955996125,1,0,0,0,0,0,0
59,32,105.4842529296875,91866,1,2.805290567950625,1,261,0,0,0,0,0
48,35,34.421417236328125,94104,2,0.2941489054890046,1,0,0,0,0,0,0
31,6,134.92984008789062,91416,2,4.249859065730207,3,0,0,0,0,1,1
54,30,48.901512145996094,90239,2,0.5038972388786298,3,113,0,1,0,1,0
35,5,32.57823181152344,95280,3,1.2691181752822531,3,0,0,0,0,1,0
24,-1,136.41529846191406,95063,3,4.094388267837705,2,0,0,0,0,1,0
56,32,92.96581268310548,94178,2,1.8298147569462169,1,0,0,0,0,0,0
51,32,43.8582878112793,92199,1,0.2100449327908414,2,0,0,0,0,1,0
36,21,177.75128173828125,90485,1,7.432703609151344,1,452,0,0,0,1,0
47,30,61.87007522583008,94627,2,1.184352431765808,1,0,0,0,0,1,0
63,37,22.823354721069336,95784,4,0.888035930874674,3,0,0,0,0,0,0
59,31,22.20113182067871,94861,2,0.3414228734743776,1,0,0,0,0,0,0
50,30,27.638307571411133,92181,3,2.9151386926581253,1,139,0,0,0,1,0
42,23,114.07731628417967,94495,3,1.5179285768022293,3,0,0,0,0,1,0
48,18,131.11489868164062,89924,3,1.251367382812411,2,131,0,0,0,0,1
65,38,68.42284393310547,93574,4,0.1345878409178073,1,118,0,0,0,1,0
46,26,42.70317077636719,96112,3,0.2194553414356846,3,163,0,0,0,1,0
26,0,117.48918914794922,95207,1,2.201061970801907,1,0,0,0,0,1,0
34,7,44.92155075073242,92106,4,2.6234128492287487,2,0,0,0,0,1,0
34,8,42.44919967651367,91772,4,0.1629872085085887,2,0,0,0,0,1,0
39,18,40.64882278442383,89858,3,0.295569261433707,1,0,1,0,0,0,0
54,38,145.23614501953125,91839,1,0.9236270204786402,1,0,0,0,0,1,0
28,9,110.54065704345705,93110,4,1.1949118000625227,3,254,0,0,0,1,1
41,17,71.52130889892578,91501,2,0.8409861114982041,1,0,1,0,0,1,0
34,13,67.8313980102539,94165,4,0.6604992945714412,1,0,0,0,0,0,0
50,31,13.07568359375,92987,3,0.3820115291822911,2,147,0,0,0,1,0
32,8,40.16119003295898,93980,4,0.465447725224629,3,0,1,0,0,0,0
41,15,78.94910430908203,95555,3,3.2133127894442555,1,0,1,0,0,0,0
25,1,58.89762496948242,96061,4,1.8756956695448477,2,0,0,0,0,1,0
37,9,59.05001068115234,91326,3,2.978779634903473,2,0,0,0,0,0,0
62,33,18.24193954467773,94484,3,0.2395427985151448,3,150,0,1,0,1,0
35,15,35.8302001953125,95980,4,1.3973892645304504,3,0,0,0,0,1,0
31,5,98.69304656982422,91961,1,2.1716316837310963,1,0,0,0,0,0,0
45,22,62.14957809448242,90295,3,1.7071786325402507,2,0,1,0,0,1,0
46,18,24.27130889892578,96034,4,0.6507884320019437,3,0,0,1,0,1,0
61,35,59.67535018920898,92993,4,1.968662624352706,1,188,1,0,0,1,0
29,0,51.032318115234375,92753,2,1.463291210712764,1,148,0,0,0,1,0
62,33,41.94895935058594,92657,2,2.492309168487133,2,155,0,0,0,1,0
53,24,73.54261779785156,94411,4,1.7355822513275605,2,0,1,0,0,0,0
35,9,95.9016571044922,93582,2,0.722184740909905,2,0,1,0,0,0,0
46,15,108.2923583984375,94411,2,2.22960959774122,1,0,1,0,0,1,0
51,25,29.528846740722656,95327,2,0.8994459856388538,3,193,1,0,0,1,0
59,29,67.73164367675781,90400,1,1.9016957791336424,3,0,1,0,0,0,0
41,15,10.359006881713867,95801,2,0.9262781406188196,3,95,0,0,0,0,0
51,18,24.09582901000977,92554,1,0.3744679780981179,1,0,0,0,0,1,0
42,17,69.8614501953125,94606,3,1.675875627492354,2,0,0,1,0,1,0
30,4,46.47771453857422,90539,3,1.375113933632194,2,0,0,0,0,1,0
52,17,164.89749145507812,90202,2,3.5426382146260367,1,0,0,0,0,0,0
48,23,110.56424713134766,91945,1,1.835998390695744,1,0,0,0,0,1,0
44,19,53.342079162597656,92132,3,1.9273351598846065,2,0,0,1,0,1,0
53,32,78.15597534179688,95166,3,1.1104571360526496,2,228,1,0,0,0,0
41,17,114.1221923828125,89679,2,0.2971174497496639,1,0,1,0,0,1,0
47,18,85.96540832519531,89983,3,1.3120251413239907,1,0,0,0,0,0,0
45,24,110.88221740722656,92990,2,3.913592013958018,2,0,0,0,0,0,0
41,31,51.40971374511719,90122,3,0.5088510757415916,2,142,0,0,0,1,0
59,39,176.29222106933594,94762,3,2.5635669065351383,1,0,1,0,0,1,0
51,18,43.553035736083984,92990,2,0.3120623401763298,3,0,0,1,0,1,0
31,9,76.7059555053711,91781,2,1.1387058039371485,1,0,0,0,0,0,0
32,5,75.19037628173828,92629,1,1.3812573417453624,1,0,1,0,0,0,0
58,36,101.64529418945312,94581,1,2.027742902190483,1,0,0,0,0,1,0
47,17,85.98703002929688,94427,1,0.9128754395602824,1,0,0,0,0,0,0
43,20,68.11250305175781,92942,4,2.461886192364791,2,0,0,0,0,1,0
50,19,57.78583908081055,91950,3,0.7225286811091685,1,122,0,0,0,1,0
50,28,57.33395385742188,90274,2,0.3346634481820502,1,0,0,1,0,0,0
41,25,61.8228759765625,91600,4,1.2184209581092162,1,0,0,0,0,0,0
31,0,22.16248893737793,92800,4,0.4945747705800868,1,0,0,0,0,0,0
36,12,72.94275665283203,92710,1,1.238795441853937,3,83,1,0,0,0,0
41,24,50.687278747558594,89913,3,1.2754352761202172,2,0,0,0,0,1,0
60,35,43.788604736328125,95402,3,1.4388735426441468,2,0,0,0,0,0,0
61,34,101.42088317871094,94230,1,2.7336074089864426,2,0,1,0,0,0,1
60,35,151.54153442382812,92070,3,2.5692786040434297,1,0,0,0,0,1,0
52,21,34.505802154541016,92941,2,0.9519982104138576,1,0,0,0,0,0,0
38,14,121.70123291015624,94843,2,1.479099564850981,1,0,0,0,0,1,0
67,39,35.736083984375,89997,4,0.9761572539511504,1,0,1,1,1,1,0
58,26,50.23991394042969,93512,4,2.421034814068277,2,0,1,1,0,1,0
43,28,116.8963394165039,90401,1,3.744216797096709,3,0,1,1,1,1,0
39,16,68.21644592285156,93087,4,1.3750538438700448,3,79,0,0,0,0,0
60,31,42.53520202636719,95068,3,0.7380528033482399,1,0,1,1,1,1,0
44,26,28.922344207763672,92154,1,1.773351185050214,3,0,0,0,0,0,0
31,11,13.918326377868652,92974,1,0.3054067628863116,2,100,1,0,0,0,0
44,16,43.10103988647461,94059,4,0.5678550632240427,3,0,0,0,0,0,0
36,20,124.3294677734375,94837,2,7.163160348706112,1,0,1,0,0,1,0
50,23,61.92813873291016,90198,3,1.4463116000190093,3,150,0,0,0,1,0
61,36,74.53743743896484,94371,4,1.402377202361419,1,0,0,0,0,1,0
23,12,108.94108581542967,95013,2,0.1700385168297153,1,147,0,0,0,0,0
47,22,29.227516174316406,92152,2,0.2595344027674812,1,0,0,0,0,0,0
67,39,64.04826354980469,95214,2,0.3357382246351157,1,0,0,0,0,0,0
37,8,50.48139953613281,94455,4,0.737274493768833,3,0,1,0,0,1,0
36,11,100.48141479492188,94212,2,2.415443516267634,1,0,1,1,0,1,0
62,36,92.88981628417967,92920,1,1.045884780266853,1,0,1,0,0,1,0
43,15,174.3948516845703,94889,4,7.624276861296117,2,0,0,0,0,1,1
33,12,136.08006286621094,95306,4,4.229903307760616,2,0,1,0,1,1,0
27,9,19.70755958557129,91501,1,1.290845257899656,3,0,1,0,0,0,0
29,15,106.55706787109376,92270,2,3.61829697070698,1,0,0,0,0,0,0
61,34,18.95905494689941,93020,2,0.2655490829704508,3,0,0,0,0,1,0
43,20,71.89398956298828,94493,3,0.680049539013303,3,0,0,0,0,0,0
44,20,29.77194595336914,93856,1,0.6012485497365887,2,175,0,0,0,1,0
46,18,68.40155029296875,89649,2,0.8401231074116462,1,0,1,0,0,0,0
42,17,156.92898559570312,91361,2,3.032201669323934,1,0,0,1,1,1,1
66,42,104.64397430419922,93793,2,1.864844731143844,1,188,0,0,0,1,0
41,25,60.66783142089844,94434,2,1.5062014233931538,1,220,1,0,0,0,0
43,34,26.523025512695312,94720,3,0.1405715772504215,3,0,1,0,0,1,0
57,26,16.347301483154297,93065,3,0.054093166402721,3,0,0,0,0,1,0
25,3,57.312129974365234,89845,2,2.4820570918236893,1,0,1,0,0,0,0
39,10,51.969486236572266,95227,4,2.7534172726662423,2,0,0,0,1,1,1
31,9,22.995649337768555,92269,4,0.8459663557351225,2,86,1,0,0,1,0
34,11,98.35126495361328,90899,2,0.4465969776955847,1,0,0,0,0,1,0
54,29,125.7292709350586,93022,2,1.4688623664174238,1,0,1,0,0,1,0
49,33,48.6843376159668,95954,1,0.4081523514011992,1,149,1,0,0,0,0
60,29,48.06103897094727,94220,3,1.7492472441859122,2,0,1,1,0,0,0
64,37,92.64378356933594,94292,3,0.727660470460387,3,0,1,0,0,0,0
63,37,139.56080627441406,90380,2,6.416783743786571,1,151,1,0,0,1,0
43,17,137.81814575195312,91591,1,1.5993838988344118,1,0,1,0,0,0,0
32,5,88.45850372314453,92137,1,0.815671740766611,1,0,1,0,0,1,0
56,29,183.7748260498047,93647,2,2.199343350697201,1,0,0,0,0,0,0
28,3,83.29232788085938,91934,4,1.856292783468271,3,0,1,0,0,0,0
26,2,100.6041030883789,95475,2,1.4161115099484312,3,0,0,0,0,0,1
42,19,31.547901153564453,92462,1,0.8770759120337688,3,0,0,0,0,0,0
47,30,48.91818618774414,94081,2,0.4355536093561614,3,0,0,0,0,1,0
39,19,94.9726791381836,95194,2,6.812375155964077,1,87,0,0,0,1,0
50,24,72.73947143554688,91981,1,0.0681140642755688,1,427,0,0,0,0,0
43,23,169.93121337890625,94149,1,5.231005038546131,2,118,0,0,0,0,1
49,28,36.77419662475586,89839,4,0.4343149976470989,1,105,1,0,0,0,0
37,16,45.20341873168945,90285,1,1.2588935659021177,2,0,0,0,0,1,0
38,4,83.24539947509766,95883,2,1.8454418437021316,1,0,1,0,0,1,0
49,30,78.40831756591797,94140,2,1.3592148084222826,2,0,0,0,0,1,0
30,14,180.9418487548828,94317,4,4.087542833309671,2,0,0,0,0,1,1
26,3,67.77259063720703,94221,3,2.612939536205193,2,0,0,0,0,0,0
34,5,107.62411499023438,95211,1,1.1997791177764818,1,0,0,0,0,1,0
64,38,29.138084411621094,95709,1,0.365892806184375,1,127,0,0,0,0,0
49,14,208.276611328125,91879,2,5.279165727061607,1,194,1,0,0,1,0
60,35,77.84884643554688,94352,1,0.6557480207586974,1,157,1,0,0,0,0
43,21,141.39022827148438,89887,2,9.633761925789836,1,0,1,0,0,1,0
51,35,152.65673828125,90810,3,6.630573802858549,3,0,0,0,0,0,1
49,13,54.05973815917969,90115,4,3.069824040402597,3,0,0,0,0,0,0
48,21,55.78940200805664,94768,1,0.5598126451957484,3,0,0,0,0,1,0
40,24,36.56558227539063,92915,4,0.3104471654159494,2,0,0,0,0,1,0
47,14,95.41867065429688,95468,2,1.4361938477232734,3,0,1,0,0,0,0
36,7,52.1995735168457,94357,1,2.1209944420397697,1,131,1,0,0,1,0
25,2,76.44326782226562,91447,3,2.721521783601609,1,0,0,0,0,0,0
36,14,151.05831909179688,91374,4,3.047994574175962,1,0,1,0,1,1,1
49,30,48.8231086730957,93725,4,0.3707410442781237,2,0,1,0,0,0,0
29,11,89.6700210571289,92054,3,0.7808702969944672,2,332,1,1,1,1,0
32,8,31.2785701751709,91739,2,0.4106879780929482,3,106,0,0,0,1,0
61,32,17.357879638671875,92823,4,0.4040173802594123,2,0,0,0,0,1,0
38,5,163.34043884277344,91240,1,4.971347206195038,2,0,0,0,0,1,1
47,17,207.0405731201172,91613,2,1.3176987829139457,1,0,0,0,0,1,0
53,24,53.208763122558594,95423,1,0.44556055029304,3,0,0,0,0,1,0
42,16,91.31534576416016,94326,1,2.366782370782833,2,0,0,1,1,1,0
48,14,177.76905822753906,95607,1,1.1532991335865508,1,0,0,0,0,1,0
65,39,184.3662567138672,90443,1,0.0458923602083174,3,0,0,0,0,0,1
51,24,75.5289535522461,94110,2,1.3981025193329368,3,0,1,0,0,1,0
52,25,49.96247863769531,93161,1,1.9125315945508796,3,66,1,1,0,0,0
47,25,170.7212677001953,92566,2,0.3237747991357856,1,0,0,0,0,0,0
44,13,86.43692016601562,91294,3,0.3274821258590129,3,0,1,0,0,1,0
35,8,83.18689727783203,94474,4,3.0179042167780983,1,0,0,0,0,1,0
60,34,86.53868103027344,95351,1,1.5040846645199517,3,0,0,0,0,0,0
29,8,47.94905090332031,93988,1,2.6916494543848586,3,0,1,0,0,1,0
54,41,65.60067749023438,95227,2,1.5172312456536243,1,0,0,0,0,0,0
60,42,19.62577438354492,90343,3,0.5777624940401112,2,116,0,0,0,0,0
34,4,70.55209350585938,94764,2,3.1706563000772583,1,0,0,1,0,1,0
24,6,154.4507293701172,92134,1,6.375949154319698,1,0,1,0,0,0,0
52,23,121.71121215820312,94543,1,0.1898808088694996,1,386,0,0,0,1,0
59,23,42.89585113525391,94191,1,0.9166250274820728,1,0,1,1,0,0,0
26,1,70.5086441040039,94033,4,2.252445840908593,2,0,0,0,0,0,0
46,15,28.13944625854492,95415,3,0.0528155814904133,2,0,0,0,0,1,0
50,26,127.81965637207033,94412,2,1.7591090128175058,1,0,1,1,0,1,0
29,1,73.601806640625,92091,2,2.5484291739276173,1,0,0,1,0,1,0
34,17,57.3226432800293,89817,4,1.2936436995664942,1,0,1,0,0,0,0
32,5,27.46999931335449,91862,1,1.3451548503641748,3,98,0,0,0,0,0
29,6,25.483375549316406,96171,4,1.2026157559106798,3,0,1,0,0,1,0
29,7,81.06954193115234,91315,4,1.2810092356307894,1,0,1,0,0,1,0
55,24,91.701416015625,92704,3,2.196929064494101,2,103,0,0,0,0,0
60,36,125.6454620361328,92984,3,3.4605759008991086,1,0,0,1,1,1,1
47,24,134.5464324951172,94735,2,1.6761197411208617,1,0,0,0,0,1,0
43,16,14.504687309265137,94579,3,0.5216560048010255,3,0,1,0,0,1,0
60,33,55.866024017333984,94221,3,2.26822892406111,1,0,1,0,0,0,0
28,5,66.14125061035156,91294,4,1.6339925929849,1,0,1,0,0,0,0
30,-1,41.88886642456055,96507,2,1.0231991644736569,1,0,0,1,0,1,0
58,35,174.90072631835938,91526,3,5.940765983933402,2,0,0,0,1,1,1
61,31,33.91314697265625,89947,4,0.3437994135147193,1,0,1,0,0,1,0
33,15,157.603515625,92138,2,5.590769630987076,1,0,0,0,0,1,0
37,6,57.23776245117188,91445,4,1.54120176503211,3,0,0,1,0,0,0
53,24,106.38800811767578,94146,1,1.0841453510198693,1,0,0,0,0,1,0
29,5,35.71531295776367,94845,3,0.5387066211557662,2,0,0,0,0,1,0
33,7,108.19401550292967,91263,3,2.0195463297508813,2,0,0,0,0,1,0
40,20,180.95460510253903,95584,1,6.660916813165872,1,0,0,0,0,1,0
42,21,126.70773315429688,94859,3,3.641741960600057,2,0,0,0,0,1,1
63,21,69.29362487792969,92077,2,1.6919241196979584,3,0,0,0,0,1,0
59,40,119.85449981689452,94740,2,2.164213211958217,1,0,0,0,0,1,0
38,22,36.08532333374024,92551,3,0.1615571936887293,1,93,0,1,0,0,0
36,3,121.62218475341795,93995,1,4.84145825633771,3,0,0,0,0,0,0
28,5,34.95250701904297,92332,2,0.7402865321481474,1,0,0,0,0,1,0
45,29,97.88296508789062,92786,1,4.271746477966447,1,0,1,0,1,1,0
61,37,116.88703155517578,90069,3,0.9605618897215557,1,396,0,0,0,0,0
57,26,120.28717803955078,93991,1,0.7960202247204133,1,0,0,0,0,1,0
35,8,36.39427185058594,92773,2,0.0215583584535956,2,0,1,0,0,1,0
43,13,60.49372863769531,95036,3,2.192673764611364,1,0,1,0,0,1,0
27,-1,93.2299346923828,90097,4,1.8292998921373829,3,0,0,0,0,1,0
61,38,61.84206008911133,94254,4,0.8335439061109969,2,0,1,0,0,0,0
61,34,26.78369903564453,92922,4,2.3983011651107096,1,0,0,0,0,1,0
44,20,138.0495147705078,93083,1,2.376113676369205,3,0,0,1,0,0,1
36,12,90.88558959960938,95291,1,3.2083776274348588,1,0,0,0,0,1,0
44,19,18.23038482666016,90336,1,0.8407788144936574,2,103,0,0,0,1,0
63,38,113.4215087890625,90611,2,1.5164079835275777,3,0,0,1,0,1,1
44,18,37.76319122314453,95282,1,2.279378344828668,3,0,0,0,0,1,0
31,6,111.29553985595705,93746,1,1.1196389022178033,2,0,0,0,0,0,0
56,32,18.16779518127441,91580,1,0.3348653877046927,3,172,0,1,0,1,0
39,23,41.99289321899414,94264,3,1.1618746768815822,2,0,0,0,0,1,0
61,27,15.647167205810549,95257,4,0.5977426863579776,3,0,1,0,0,0,0
32,10,91.26984405517578,95534,3,1.4253703341092308,3,0,0,1,0,0,0
28,3,59.79130935668945,94790,3,0.119035196472343,1,0,0,0,0,0,0
54,31,72.0479736328125,94824,2,0.5374695028165133,3,0,0,0,0,0,0
44,15,158.7816162109375,93166,3,6.906034630136502,2,0,0,0,0,1,1
54,22,63.25212097167969,94311,3,1.6325501097694848,1,112,0,0,0,1,0
51,29,48.243873596191406,91395,4,1.7189155771194258,3,128,0,0,0,0,0
57,29,50.09610366821289,92639,4,0.0333737525624655,1,0,0,0,0,0,0
37,8,85.78131103515625,91358,2,0.769280550553744,1,0,0,0,0,1,0
27,8,50.7974739074707,94045,1,2.5369348687393485,3,0,0,0,0,0,0
45,27,127.08133697509766,90142,1,2.604552991856287,1,188,0,0,0,1,0
41,14,95.5287094116211,91766,3,5.234568017421005,2,0,0,0,0,1,1
62,35,64.80780792236328,95139,4,1.818964017006322,2,0,0,0,0,0,0
39,6,44.51378631591797,95014,2,0.4296562779869167,2,0,0,0,0,1,0
26,1,47.80997467041016,90288,1,2.1792180126430574,3,0,0,0,0,0,0
48,15,33.51799774169922,94825,3,1.0521019383564256,2,0,0,0,0,0,0
55,24,77.00112915039062,94395,3,3.458571128612017,1,0,0,0,0,1,0
51,23,88.33299255371094,92493,4,0.5227869034593327,2,0,0,1,0,0,0
49,13,52.967681884765625,92904,1,2.26335989309236,3,0,1,0,0,1,0
55,19,84.36145782470703,91707,1,1.270453813902409,3,0,1,0,0,1,0
27,9,83.19438171386719,90355,3,0.2811445412723993,2,0,0,0,0,0,0
60,34,61.24250793457031,94457,1,1.530912349502962,2,0,0,0,0,1,0
43,19,24.618202209472656,92311,1,2.0907108777864183,3,376,0,0,0,1,0
41,15,41.81599426269531,94253,3,2.041286989909829,2,0,1,0,0,1,0
44,25,74.16983795166016,93340,2,2.3594170260941807,1,0,0,0,0,0,0
47,21,47.79203796386719,95275,4,2.443090982595467,1,0,0,0,0,0,0
40,16,18.781103134155277,94187,1,0.3849513021928831,3,131,1,0,0,0,0
51,19,38.71546936035156,94672,3,0.4512848654292027,1,101,1,0,1,1,0
36,10,119.65198516845705,92139,1,3.6397113626174087,1,0,0,0,0,0,0
64,37,61.45978927612305,95492,2,2.55644122441796,3,0,0,0,0,0,0
54,24,114.40779113769533,92539,3,4.362203693715969,1,241,1,0,1,1,0
28,7,164.41712951660156,90189,2,4.840940664168766,1,0,0,0,0,1,0
36,14,124.8360595703125,91703,3,3.095857099356311,1,0,0,0,0,1,0
64,35,41.72653579711914,95747,2,0.1616867261692866,3,0,0,0,0,0,0
64,38,103.76300811767578,92335,3,2.225685970258111,3,169,0,0,0,1,0
35,7,24.960872650146484,91219,4,0.40937826454264,2,95,0,0,0,1,0
41,23,49.41118621826172,92869,3,1.073207637792594,1,233,0,0,0,1,0
62,39,28.96763610839844,90058,3,0.3555541898091585,2,163,0,0,0,1,0
54,23,37.17511749267578,92867,4,0.6039383187219964,2,0,0,0,0,0,0
41,22,33.39191055297852,94681,3,2.704868351649846,2,0,0,0,0,1,0
62,32,97.48197174072266,91858,1,3.6982418011496025,3,0,1,0,0,0,1
55,21,46.17008209228516,91231,1,2.1891738079339205,3,0,1,0,0,0,0
42,25,40.0418815612793,94421,3,2.7055726026682323,1,0,1,0,0,0,0
64,38,68.45349884033203,94058,4,1.402636726696836,2,0,0,0,0,0,0
43,26,22.10873794555664,95359,3,0.433261959003304,3,0,1,0,0,1,0
54,31,124.7241668701172,91450,4,0.7067866278723272,2,0,0,0,0,1,0
67,39,34.37338638305664,92147,2,1.6232040302299848,2,0,1,0,0,0,0
34,14,112.95233917236328,92906,2,0.3270401458855951,1,0,0,0,0,0,0
65,38,52.70839691162109,95060,2,0.7529807050591141,3,0,1,0,0,0,0
37,10,61.71664810180664,94743,2,0.9547105897944748,3,192,0,0,0,1,0
61,36,38.060157775878906,91808,4,1.9061781940327207,2,0,1,1,0,1,0
27,4,39.39679336547852,95320,4,2.3569997475563027,1,148,0,0,0,1,0
31,10,57.71493148803711,96027,3,3.680893649150026,1,0,0,0,0,0,0
30,2,66.17018127441406,92223,4,2.202745637077802,3,0,0,0,0,0,0
60,36,68.66813659667969,96314,1,0.9090573111100478,3,0,0,0,0,1,0
45,20,18.367202758789062,94862,2,0.4385454775224685,3,0,0,0,0,1,0
29,2,135.2080841064453,94826,3,2.096461293825633,2,242,0,0,0,0,1
32,4,52.93561553955078,95280,2,0.2192860430564716,1,0,1,0,0,1,0
35,19,99.2967300415039,95449,4,1.7276352458740811,3,0,0,0,0,1,0
38,4,105.52667999267578,92817,1,2.340807288798404,1,0,0,0,0,1,0
35,10,96.6512680053711,91894,1,1.2343302245010506,1,0,0,1,0,0,0
25,2,48.95159149169922,95109,2,0.636612915944768,1,0,0,0,0,1,0
37,8,45.28959655761719,90799,4,0.7713892482506931,1,0,1,1,0,1,0
31,17,19.80035400390625,93017,3,0.9841846346442548,1,152,0,0,0,0,0
47,19,74.8630142211914,93973,1,2.5399129348107623,2,0,0,0,0,1,0
45,20,98.4722900390625,96025,2,0.2229973212041623,2,0,0,1,0,0,0
60,38,117.19978332519533,91466,2,2.757793566212312,1,0,0,0,0,1,0
34,0,156.72984313964844,96268,3,3.344667934308751,1,0,0,0,0,1,0
24,0,35.10399627685547,94313,2,1.4902140254774334,1,0,1,0,0,1,0
36,25,43.74769592285156,92627,4,0.3338936373473641,2,104,0,0,0,1,0
60,38,19.364521026611328,93549,4,0.146895651765374,2,0,0,0,0,1,0
58,33,93.526123046875,92397,1,1.787125482864464,1,0,0,0,0,0,0
34,15,35.8907470703125,93947,2,0.8742284679194241,3,0,0,0,0,1,0
56,24,117.96053314208984,90173,4,2.024191527105258,1,0,0,0,0,1,0
32,3,103.98741149902344,94393,4,3.333282137872038,3,0,0,0,0,0,1
43,17,175.42283630371094,91565,3,3.327810616018039,3,0,0,0,0,1,1
50,27,130.60391235351562,90644,3,8.041369966913983,1,148,0,0,0,1,0
62,37,52.85164642333984,94611,4,0.6330524622565605,3,0,0,0,0,1,0
25,3,21.47083282470703,95795,1,1.223942307122363,2,0,1,0,0,0,0
55,28,49.04045104980469,94142,2,1.3141664044282857,3,265,1,0,0,0,0
39,20,70.57594299316406,94597,1,1.6495911920117925,1,163,0,0,0,1,0
60,40,32.04924011230469,92537,4,1.2561050905692384,2,114,0,0,0,0,0
45,36,44.99193954467773,91478,3,0.8875222731389214,2,0,0,0,0,0,0
60,22,17.817760467529297,96590,2,0.7102484612030451,2,0,1,0,0,1,0
44,14,78.79938507080078,91842,4,0.6617487965850988,2,0,0,0,0,1,0
49,20,44.59864807128906,91541,1,2.298113181717537,3,0,1,1,1,1,0
51,28,70.10441589355469,92215,3,2.4198873225638917,2,0,0,0,0,0,0
61,40,53.82704162597656,94798,4,1.718522400249097,3,0,1,1,0,1,0
51,36,110.40284729003906,92086,1,2.0476684998961576,1,0,0,0,0,1,0
64,38,18.338512420654297,93355,2,0.2079716771959271,1,95,1,0,1,1,0
53,36,44.92533493041992,92241,4,2.468240279709276,2,0,0,0,0,1,0
26,4,48.781375885009766,93043,2,1.045338558706462,3,0,0,0,0,1,0
51,29,122.4103775024414,90431,1,7.0670152120175205,1,0,1,0,0,1,0
41,20,31.82172393798828,94573,2,0.8154819079722223,1,0,1,0,0,0,0
32,6,169.9554901123047,93142,1,2.708648326692161,1,0,0,0,0,1,0
52,28,58.93233489990234,92179,1,2.3930288008805807,3,0,0,1,0,0,0
36,18,75.73279571533203,94587,1,1.2844390033397513,3,0,0,0,0,0,0
45,15,80.09721374511719,91886,4,3.399028993329841,2,0,1,0,0,0,0
52,33,25.60382461547852,93267,2,0.5246261630788436,3,0,1,0,0,0,0
50,30,63.89874649047852,92698,3,2.0829317267251737,1,0,0,0,0,0,0
39,16,139.77037048339844,95371,1,0.2158857210114279,1,0,1,0,0,1,0
33,9,40.5592155456543,94073,3,0.2723080604536702,3,0,0,0,0,1,0
26,6,41.50650787353516,95696,1,0.8997225270534863,3,0,1,0,0,1,0
36,12,56.03014373779297,91502,3,0.2814945763890117,2,145,1,0,1,1,0
64,40,95.22933959960938,92020,2,0.8442510459273036,1,0,1,0,0,1,0
34,5,118.9098892211914,95607,1,5.217979138962066,1,313,1,0,0,0,0
61,36,20.51779556274414,95472,2,2.089060309773492,3,104,1,0,0,1,0
32,13,66.82553100585938,95732,4,0.4837649400770774,3,0,1,0,0,1,0
38,9,50.6538314819336,95696,2,1.1878499905283135,3,0,1,0,0,0,0
24,0,59.557559967041016,91508,1,0.1529062474713937,3,0,0,0,0,1,0
34,8,117.66390991210938,96052,2,5.911915413231523,3,523,0,0,0,1,1
62,34,81.41719055175781,90195,4,0.890496709429313,1,0,0,0,0,1,0
63,36,199.8132781982422,91532,2,3.293367210303389,1,0,0,0,0,0,1
52,27,72.97402954101562,94721,4,1.1847189217258092,3,291,0,0,0,1,0
61,36,46.8316650390625,93121,4,0.7068337745427513,3,0,1,0,0,0,0
41,25,83.9849853515625,94993,1,0.7372287719755595,1,0,0,0,0,1,0
40,18,80.0031509399414,91151,2,2.462836430013944,1,0,1,0,0,0,1
28,7,64.27911376953125,92992,2,5.968047182167405,1,0,0,1,0,0,0
54,27,39.45988464355469,95136,1,0.6098595482896,3,0,0,0,0,0,0
31,-1,42.79197311401367,90351,2,1.6047431700293258,2,143,0,0,0,1,0
41,24,44.74991226196289,91258,2,0.2469804781461611,1,0,0,0,0,0,0
36,19,68.48495483398438,92400,2,0.7353270010151022,1,0,0,0,0,1,0
50,27,34.058372497558594,94686,1,2.3738683102474885,1,0,1,0,0,0,0
32,7,154.2431640625,92178,1,0.8278882042958011,2,0,1,0,1,1,1
31,4,22.10392189025879,92723,2,0.2621722708426927,2,0,0,0,0,1,0
48,26,48.54147720336914,95130,4,1.873751202822816,1,0,0,0,0,1,0
32,11,80.4408950805664,94250,2,0.4472039130486347,1,0,0,0,0,1,0
63,30,105.62399291992188,94466,2,1.702088995471471,1,0,0,0,0,0,0
40,16,54.72757339477539,92133,2,2.5236025633577444,3,0,0,0,0,1,0
44,28,15.216086387634276,93581,1,0.3361837501935865,2,0,0,0,0,1,0
48,27,131.02084350585938,93347,1,2.514255903413573,1,389,0,0,0,0,0
32,16,148.58396911621094,94323,4,7.552511361395693,2,0,0,0,1,1,1
52,25,57.24589920043945,94443,4,1.6446793130452455,3,0,0,0,0,0,0
31,10,32.34886169433594,90126,3,1.7463413178553742,1,0,0,0,0,0,0
58,36,84.73336791992188,94243,4,0.7370898359763383,2,0,0,0,0,0,0
60,35,114.88835144042967,90746,1,0.4740209918899243,2,0,0,0,0,1,0
33,9,12.444705963134766,93438,4,0.218369071620579,3,65,1,1,0,0,0
34,10,72.84066772460938,95213,2,0.2425131900904538,1,0,0,0,0,1,0
64,36,94.1115493774414,93227,4,5.108322963511976,3,0,1,0,0,0,0
38,7,29.90203094482422,94193,2,2.6917288269117905,2,0,1,0,0,1,0
53,24,43.18830108642578,92067,1,0.0751207750700199,3,0,0,0,0,0,0
34,9,23.53186416625977,92618,2,0.1825407557380896,3,0,1,0,0,1,0
31,12,103.65641021728516,92279,4,1.6314704048569098,3,0,0,0,0,0,0
61,37,130.55172729492188,94111,2,1.9393199137636667,3,257,0,0,0,0,1
51,20,24.07730865478516,91729,2,0.2497943710286618,3,0,1,0,0,0,0
41,21,36.18461608886719,92294,4,1.169632133868599,3,0,0,0,0,0,0
57,17,51.89704895019531,93119,2,4.987294664303243,2,0,1,0,0,0,1
58,29,127.35678100585938,95296,3,6.746935969079726,1,0,0,0,0,1,0
61,18,171.98464965820312,90421,2,6.122046558887121,1,0,0,0,0,1,0
26,1,113.11548614501952,91942,3,1.868046618393992,1,0,1,0,0,0,0
55,20,32.51094055175781,94934,3,0.8290655699392652,3,152,0,0,0,0,0
36,15,29.58693122863769,92080,2,0.0300896841278002,1,111,0,0,0,0,0
42,8,98.42903137207033,93212,3,1.955443440135276,2,158,0,0,0,1,0
39,8,65.79782104492188,95608,4,0.9786605535639932,1,0,1,0,0,1,0
56,38,34.783294677734375,90330,4,0.0190520840469803,3,0,0,0,0,0,0
39,0,163.80984497070312,94300,3,1.4877757706168238,2,0,0,0,0,1,1
33,8,31.276084899902344,91252,1,1.3778448090500133,3,0,0,1,0,1,0
35,24,179.0196075439453,90252,2,4.146038717537623,1,0,0,0,0,0,0
49,30,11.694534301757812,95633,1,0.3742432422567718,3,0,0,0,0,0,0
26,4,39.42876052856445,90303,4,0.6859424038703317,3,0,0,0,0,0,0
50,29,143.57998657226562,91293,1,1.2831794985188592,1,0,0,0,0,0,0
33,3,52.43807220458984,92428,4,0.1461496405172302,3,0,0,0,0,0,0
63,30,30.182188034057617,91024,1,0.3075941197293708,3,0,0,0,0,1,0
48,25,55.04363250732422,94329,2,0.9764131415273996,2,0,0,0,0,0,0
24,1,75.3619613647461,94386,1,0.5470363585004596,3,0,0,0,0,1,0
62,36,96.29833221435548,91690,2,1.3667768579820352,1,0,0,0,0,0,0
53,21,55.28571319580078,93077,4,2.1491068973744976,3,0,0,0,0,0,0
40,9,31.640623092651367,91122,1,0.9794677674238824,2,0,1,0,0,1,0
59,25,110.10225677490234,94080,1,0.2139776945872722,3,0,0,0,1,1,1
30,5,9.134857177734377,95372,4,0.9623850724209349,2,0,0,0,0,1,0
56,15,19.79334259033203,94221,1,1.2929387875097276,3,129,0,0,0,1,0
44,31,77.22345733642578,94514,2,2.100472540439612,3,0,1,0,1,1,0
63,29,22.34140014648437,95836,2,1.268477482384905,3,0,0,0,0,0,0
32,10,55.19221115112305,91430,2,1.7035593950377403,3,0,0,1,0,1,0
23,1,40.55268096923828,90029,4,0.8054449698626631,3,0,0,1,0,0,0
31,16,36.12139892578125,94977,3,1.1844096819849392,2,0,0,0,0,0,0
51,33,61.00272750854492,91259,4,2.2099028565199443,1,0,1,0,0,0,0
31,4,186.88507080078125,91834,2,4.133894937079988,1,392,0,0,0,1,1
59,35,79.65875244140625,92037,3,2.021998946740644,2,165,0,0,0,1,0
34,10,88.38838195800781,92187,2,0.7700279038577514,1,463,0,0,0,1,0
48,14,46.8160400390625,95111,4,2.535777953405927,1,0,0,0,0,0,0
61,28,31.823829650878903,93772,2,1.4538383802465569,2,100,0,0,0,1,0
42,15,42.04575347900391,91974,4,1.2421400336260584,1,140,0,0,0,0,0
51,23,69.07681274414062,91112,1,1.582468582234917,3,0,1,0,0,1,0
48,21,23.160913467407227,94194,1,0.0632020675739424,3,0,1,0,0,0,0
59,29,74.39045715332031,94361,1,3.7035459286826464,1,107,0,0,0,0,0
39,21,39.48151397705078,90900,4,1.4980274439639878,3,0,0,0,0,0,0
55,38,31.648361206054688,95446,2,0.5508934589328645,1,0,1,0,0,1,0
59,9,52.78899383544922,90314,4,1.6141323995485592,2,0,0,0,0,1,0
40,25,159.3950958251953,91736,2,2.2620020927021685,1,206,1,0,0,0,0
32,4,75.60590362548828,92786,2,0.839109498524937,3,102,0,0,0,0,0
46,24,38.84048080444336,91628,1,2.7355566556655964,2,0,0,0,0,0,0
41,16,92.50694274902344,91797,1,3.136564240012546,3,0,0,0,0,0,0
41,12,130.62338256835938,94071,3,2.844176543243801,3,0,0,0,0,1,0
55,38,102.8929672241211,90431,1,0.1181549036807606,1,0,0,0,0,0,0
58,33,22.9766788482666,94559,4,0.5591543938603236,3,102,0,0,0,1,0
36,17,81.43112182617188,91225,1,1.0642378251990432,1,0,0,0,0,0,0
58,29,36.77690887451172,94044,2,0.9445843650585402,2,0,0,0,0,0,0
52,22,26.550024032592773,90180,2,1.585205327548677,2,137,1,0,0,1,0
47,17,136.0101318359375,93807,2,0.2043786780282204,1,0,1,0,0,1,0
39,5,65.013671875,94228,3,1.83991527422834,1,0,1,0,0,0,0
31,6,40.61041641235352,91182,4,1.0556652293411224,1,0,1,1,0,0,0
39,13,61.3299560546875,95196,3,0.8682217489932899,1,0,0,0,0,0,0
58,34,19.33996963500977,92276,2,1.424079801531417,3,0,1,0,0,0,0
41,11,47.22799682617188,94506,3,1.2579813691884252,3,0,1,0,0,1,0
35,9,59.87770462036133,93211,4,1.810783211724157,3,0,0,0,0,0,0
62,31,206.32034301757807,94309,2,6.229720363171542,1,0,0,0,0,1,0
56,18,29.269887924194336,95552,3,1.7560558457674107,2,0,0,0,0,1,0
32,-1,167.86842346191406,91165,2,0.0521760335909339,3,0,0,0,0,1,1
60,26,90.09989166259766,90244,1,0.0340808214653846,2,0,0,0,0,1,0
35,10,42.14632415771485,90791,3,1.2311561344722937,2,165,0,0,0,0,0
41,16,45.2788314819336,92075,4,2.08659084139574,2,0,0,1,0,0,0
28,4,139.3970489501953,92204,2,2.0100187954626363,1,0,0,0,0,1,0
40,16,47.71208572387695,94395,3,1.931368702592192,1,0,1,1,0,0,0
54,27,91.40557098388672,90607,1,0.5730266206251795,2,0,0,0,0,0,0
49,16,69.1502685546875,93187,4,2.453625523648066,2,0,0,0,0,0,0
46,34,161.77487182617188,94938,1,1.4784918183057425,3,111,0,1,0,0,0
59,35,37.86655044555664,90184,3,0.317218692375792,1,0,0,0,0,1,0
57,36,43.29450988769531,94757,1,2.249746687907133,1,0,0,1,0,1,0
31,2,142.30474853515625,94586,1,0.6637797284684426,1,0,1,0,0,1,0
57,27,46.03975296020508,92161,2,1.5728868513516818,2,0,0,0,0,0,0
46,17,41.75946807861328,92561,4,3.367749804544044,2,0,0,0,0,1,0
32,4,73.81867980957031,94628,1,1.6720765246818945,1,0,0,0,0,0,0
45,25,41.16242980957031,95742,3,3.0159081161153907,1,0,1,0,0,1,0
50,18,66.42671966552734,94578,4,2.8830603566393576,2,0,0,0,0,0,0
62,37,42.28358840942383,92207,1,2.0720812236236297,1,0,1,0,0,0,0
31,2,196.11456298828125,90523,3,0.5729839763591735,3,0,0,0,0,1,1
62,36,31.1689567565918,95001,3,1.701172976744228,1,0,0,0,0,1,0
35,-2,22.670211791992188,92335,3,0.5764746455184842,3,0,0,0,0,1,0
62,34,74.50386810302734,93198,1,2.6089214435820827,3,0,0,0,0,1,0
32,6,14.820070266723633,93417,4,0.0145571181108121,3,236,0,0,0,1,0
53,34,90.1820068359375,93117,2,0.9183877367188548,1,0,0,0,0,0,0
42,21,217.69622802734372,91427,2,6.646679334003121,1,367,1,0,0,1,0
46,23,46.92153549194336,92181,4,2.152172182012968,3,0,1,1,0,0,0
33,3,114.2142562866211,94553,4,1.6517156509778146,2,0,0,0,0,0,0
44,16,95.8183364868164,91521,2,3.3434783803423973,1,0,1,0,0,0,0
54,21,27.027755737304688,95702,4,0.3933348580789154,1,0,0,0,0,0,0
28,4,59.3294677734375,92960,4,0.6500368302590792,3,0,0,1,0,0,0
57,36,57.00010299682617,91880,3,1.114495974155722,2,0,0,0,0,1,0
44,22,190.12452697753903,91766,3,4.082212524105026,3,516,1,1,1,1,1
41,14,207.7059326171875,94009,2,8.012926821675292,1,0,1,0,0,1,0
49,24,25.957670211791992,90310,2,0.2019977876763145,1,0,0,0,0,1,0
40,12,65.22476196289062,93048,1,1.696299603396541,2,0,0,0,0,1,0
30,7,125.97454833984376,91868,3,4.208070636669936,2,0,0,0,0,0,1
36,16,16.34825325012207,93950,2,1.9079873084507588,3,0,0,0,0,0,0
53,33,34.21931076049805,90892,1,1.2315572856587034,3,0,0,0,0,1,0
63,38,84.71427917480469,92139,4,1.2158697764420214,1,0,0,0,0,0,0
46,26,62.53880310058594,90256,2,0.8712871518861744,1,0,0,0,0,1,0
42,19,157.99008178710938,92532,1,1.8215819612397344,1,0,1,0,0,1,1
36,9,137.5056915283203,93060,2,5.514208131510522,1,329,0,1,0,1,0
52,33,149.8254852294922,95612,2,1.6147807670226213,1,0,0,0,0,1,0
29,5,50.87229919433594,92641,1,4.589095294223766,2,0,0,0,0,1,0
33,9,73.59329223632812,92390,2,0.1832781300053538,1,0,0,0,0,1,0
41,13,201.7233123779297,91851,2,2.844300238675744,3,464,1,0,0,0,1
46,24,27.1395263671875,91860,1,1.6455965841990894,3,151,0,0,0,0,0
27,9,34.146636962890625,93274,1,1.4415813580314514,2,0,0,0,0,0,0
31,9,109.99909973144533,94655,1,3.345455555493716,3,0,0,0,0,0,1
26,0,146.206298828125,94655,2,3.108610879286596,2,396,1,0,1,1,1
58,39,106.90956115722656,95817,2,4.08860695155563,2,0,0,0,0,1,1
42,13,23.39971160888672,90020,4,1.709970287556981,3,0,0,0,0,1,0
57,33,17.58336639404297,90245,1,0.4033289369419327,2,101,0,0,0,1,0
33,7,68.44204711914062,91383,4,1.2367986281463423,1,0,1,0,0,1,0
33,9,69.872314453125,90815,4,0.8523336537062907,1,0,0,0,0,1,0
63,33,118.9902572631836,94638,1,1.128071319965006,1,0,0,0,0,0,0
30,13,53.23650741577149,94603,2,0.2004352011583253,1,0,0,1,0,1,0
42,11,22.567142486572266,95314,3,3.381097132850932,1,0,0,0,0,1,0
49,24,133.52223205566406,92574,1,1.6323637530625104,3,0,1,0,0,1,0
41,28,68.96533966064453,94457,3,2.4435925328400865,2,0,1,0,1,0,0
47,20,32.13129425048828,92296,4,1.1332243392524493,2,0,0,0,0,1,0
39,14,46.92481994628906,95917,1,2.072610513389509,2,167,0,0,0,0,0
48,19,53.64425277709961,92016,4,2.1006934657869474,2,0,0,0,0,0,0
26,4,31.671367645263672,90365,4,1.2135188206721033,2,129,0,0,0,0,0
34,11,118.51290130615234,91765,3,4.094781277214176,1,0,1,0,1,1,0
46,11,27.43546295166016,92590,4,0.5753472635597611,2,118,1,0,0,1,0
41,19,15.010852813720703,91454,4,0.0538373316130673,1,0,0,0,0,1,0
29,4,67.82846069335938,95080,4,2.7840109048486665,2,0,0,0,0,1,0
32,9,127.5302734375,92472,4,5.881713808289813,2,200,0,1,0,1,0
35,9,63.21975326538086,90203,3,1.4737871841333203,1,0,0,0,0,1,0
57,16,80.29530334472656,93317,1,2.134874637119919,1,0,1,0,0,0,0
36,10,143.7978515625,91648,2,1.4842409192813848,1,0,1,0,0,0,0
59,37,45.12688446044922,93040,3,2.395244038177712,2,0,1,0,0,0,0
54,22,77.36448669433594,92830,3,0.3166487934203266,3,0,0,0,0,1,1
34,8,122.33672332763672,95137,1,1.8536603724325704,1,0,0,0,0,1,0
57,36,105.00102996826172,94685,3,3.9945068448032495,1,0,0,0,0,0,0
43,15,180.2672882080078,94763,2,3.2150013060474576,1,0,1,0,0,0,0
41,15,164.80809020996094,95369,3,3.094890913795504,1,0,1,0,1,1,0
28,5,21.719646453857425,92192,3,1.2741529285928308,2,0,1,0,0,0,0
30,10,150.50079345703125,92210,1,5.829059964463589,1,0,0,0,0,0,0
59,35,28.866867065429688,93732,1,0.8533981469466848,2,0,1,0,0,0,0
57,36,98.435791015625,94506,1,5.081755757637311,1,228,0,0,0,0,0
57,33,26.54904556274414,92070,4,0.2422476257117628,2,0,1,0,0,1,0
53,18,74.83697509765625,94545,3,2.027597339437931,2,0,1,0,0,0,0
58,25,35.10874557495117,93037,4,1.116086675426288,1,0,1,1,0,0,0
60,34,109.98058319091795,94762,4,2.482454491143444,1,364,0,0,0,1,1
59,34,14.29611873626709,95177,2,0.7747012599398408,1,0,1,0,0,1,0
56,23,54.41398239135742,92625,2,0.3366301814624228,1,146,1,0,0,0,0
64,30,108.58392333984376,92091,4,2.0925621148436995,2,0,0,0,0,1,0
62,35,141.22178649902344,92994,1,0.396777782542844,3,0,0,0,1,0,1
49,15,78.92855072021484,92973,4,1.441562954116173,1,208,1,0,0,1,0
60,32,69.6836166381836,94385,4,1.6664597742482874,2,152,1,0,0,1,0
40,9,104.72084045410156,92963,1,2.10838804547222,2,0,0,1,0,1,1
44,21,16.69191551208496,90164,4,0.1828590803827325,1,0,1,1,0,1,0
24,1,17.206314086914062,94459,4,1.6931816434289706,1,0,0,0,0,1,0
62,38,129.72012329101562,94239,2,0.4157195099689935,1,0,1,0,0,1,0
65,39,56.92806243896485,92041,1,2.4003841556659737,1,0,0,0,0,0,0
58,29,37.37493896484375,93999,4,0.975261942531182,1,88,0,1,0,0,0
39,7,117.34058380126952,92382,3,5.924720419417826,1,0,1,1,1,1,1
43,21,109.70235443115234,93115,1,2.638138726465073,3,235,1,1,1,1,1
28,5,146.08648681640625,91947,1,3.5053227807152854,3,0,1,0,0,0,1
47,10,114.23894500732422,94771,2,5.773912914155746,1,0,0,1,1,1,1
40,13,136.1944122314453,91967,1,2.1580923759139923,3,340,0,0,0,1,1
34,11,33.715782165527344,92355,2,0.6485735023794911,1,0,1,0,0,0,0
29,4,97.03748321533205,93010,2,0.3991632783418535,1,0,0,0,0,0,0
44,27,64.59477233886719,92404,1,1.9238860589864613,3,0,0,0,0,1,0
48,33,169.55221557617188,92040,1,1.835250318054648,1,0,1,0,0,0,0
57,36,15.187028884887695,95924,3,0.2293975021824132,2,73,0,0,0,1,0
42,23,94.2448959350586,90894,1,1.6288088254340405,1,0,1,0,0,1,0
37,16,68.15399169921875,90654,3,1.2913635167970825,2,0,0,0,0,1,0
58,32,79.36426544189453,92640,1,1.9857148968647216,3,0,0,0,0,0,0
46,17,49.1742057800293,92930,1,0.093891053956233,3,0,0,0,0,1,0
32,9,67.25234985351562,90113,4,2.800280370214617,1,0,0,0,0,1,0
62,32,17.604137420654297,90910,4,1.5765859598603358,3,94,0,0,0,0,0
29,7,53.6185188293457,93083,4,0.8883791900664757,1,106,0,0,0,1,0
47,33,66.52951049804688,90513,4,1.038331632215989,1,199,1,1,0,0,1
28,0,15.621185302734377,92681,1,0.2777319058267717,1,99,1,0,0,1,0
56,19,57.57975006103516,91783,2,2.217840649687547,1,0,0,0,0,0,0
30,4,100.01611328125,95003,4,1.6317275375219595,1,227,0,0,0,0,0
30,7,20.875408172607425,95414,2,3.836748588120807,1,0,0,0,0,0,0
62,39,44.60236740112305,91852,4,1.4371718723001026,3,0,0,0,0,0,0
33,6,68.10062408447266,90126,3,0.5299676503430709,2,0,0,1,0,1,0
33,7,18.312015533447266,95278,2,0.6748818892821578,3,239,0,0,0,1,0
31,8,127.95184326171876,93026,1,2.379185501256353,3,0,0,0,0,1,1
41,22,112.58448028564452,93372,1,2.9431026821995108,1,252,1,0,0,0,0
41,20,102.35811614990234,93807,1,0.5045690265469851,2,0,1,0,0,1,0
48,20,133.37136840820312,93145,2,2.902055197030115,1,0,1,0,0,0,0
59,35,28.830638885498047,92390,4,0.372553413224215,2,0,0,0,0,1,0
52,27,52.90510177612305,91543,2,0.1975349932059056,3,0,0,0,0,0,0
33,12,41.87369918823242,94259,4,2.166057925611746,2,0,0,0,0,0,0
27,1,82.97380828857422,91094,3,0.5660506944988378,2,0,0,0,0,0,0
27,1,179.33209228515625,94350,1,0.4214182227448421,1,0,0,0,0,0,0
36,-1,136.90371704101562,93492,2,1.196798259726434,1,0,0,0,0,0,0
47,32,48.37114334106445,94510,4,0.6828190731562215,3,0,1,0,0,1,0
35,6,66.7706298828125,90315,4,4.222317808094751,3,202,1,1,0,0,0
31,4,59.52398300170898,92653,4,2.667912371852248,2,0,0,0,0,0,0
42,9,37.201934814453125,95895,1,0.8930457517895051,3,220,1,0,1,1,0
35,6,27.742843627929688,94445,4,1.9584076663616437,2,0,0,0,0,1,0
37,17,137.77590942382812,90410,1,3.1384786518294425,1,376,0,0,0,1,0
59,33,24.64247131347656,95991,1,0.1377096713858741,3,0,1,1,0,0,0
27,13,120.08318328857422,94200,4,2.1304328484569703,3,0,0,0,0,1,1
60,29,51.90361404418945,93848,1,2.027213912163971,2,112,0,0,0,1,0
43,16,57.78853225708008,91495,3,3.313587653859224,1,0,1,1,1,1,0
49,32,110.23726654052734,93143,2,5.2935764316009735,1,516,0,0,0,0,0
63,33,79.05303955078125,94244,3,2.7968752808203754,1,144,0,0,0,1,0
45,30,121.21546173095705,91549,2,1.8317759890930991,3,0,0,0,0,0,1
47,22,15.65382957458496,92682,2,0.5086706611494352,2,154,0,0,0,1,0
49,28,54.328311920166016,95004,2,1.6708017862321225,1,0,0,0,0,1,0
63,38,33.2241096496582,95344,4,0.4141952467611329,3,0,0,0,0,1,0
38,15,160.34378051757812,94951,2,2.07323659389757,1,0,0,0,0,0,0
31,7,72.29129028320312,95124,4,1.5466501025310675,1,0,0,0,0,1,0
61,35,76.46484375,93712,4,0.7881084502824488,1,0,0,0,0,0,0
33,11,75.75702667236328,92202,1,1.5192754056920932,1,204,0,0,0,1,0
61,40,106.16458129882812,94850,2,0.5075561891504304,1,0,1,0,0,0,0
55,27,93.8051300048828,92039,4,0.3451651280471672,3,185,0,0,0,0,0
61,32,52.72078323364258,91398,3,1.3256655555542336,3,0,0,0,0,0,0
48,14,33.43355941772461,96252,1,0.2879155561914532,1,240,0,0,0,0,0
48,27,43.04752349853516,89956,1,0.7900709592507098,2,0,0,0,0,0,0
62,37,147.9526824951172,94475,1,4.155234265873018,2,0,1,0,0,0,1
49,13,160.99819946289062,94308,1,3.165954764521883,2,323,0,0,0,1,1
38,17,76.2252197265625,92246,3,2.4123215623794056,1,282,0,1,0,1,0
48,22,71.4875259399414,93446,4,3.684456270349304,1,0,1,0,0,0,0
42,19,54.14392852783203,94304,3,1.2313402244003038,1,0,0,0,0,0,0
26,4,65.553466796875,91602,4,0.7626272281390393,1,0,0,0,0,0,0
62,41,50.9884033203125,89988,1,0.1416552737257684,2,0,0,1,0,0,0
45,22,61.39306640625,94784,1,2.630065214102701,1,0,0,1,0,0,0
29,1,84.96562957763672,91623,4,1.059078220702055,3,0,0,0,0,0,0
41,4,41.993194580078125,95548,2,1.32652458162011,3,0,0,0,0,0,0
43,29,39.59441757202149,96027,4,0.745260951152009,1,0,0,0,0,0,0
62,40,96.27639770507812,89803,4,3.226005801199739,1,238,1,0,0,1,0
50,22,62.53519821166992,94358,1,2.365639115791234,3,363,0,0,0,0,0
45,14,55.496978759765625,92177,2,2.2480192069193405,3,0,0,0,0,0,0
38,4,29.925655364990234,95688,4,0.3050993846228738,3,0,1,1,0,1,0
54,35,37.602012634277344,93127,3,0.4112912459336204,1,0,0,0,0,0,0
50,24,11.672744750976562,92178,4,0.0742040315696135,3,0,0,0,0,1,0
62,33,18.871431350708008,94779,2,0.5818302031460717,3,0,0,1,0,0,0
51,27,55.9798469543457,91248,1,3.646557679129198,1,129,1,0,0,1,0
58,33,75.178466796875,91914,2,2.7866180617500285,3,0,1,0,0,1,0
42,11,41.25775146484375,95948,4,2.1990681462774595,1,115,0,0,0,1,0
62,36,30.67745590209961,94707,2,2.613295638061796,1,0,0,0,0,0,0
25,1,114.49024963378906,94209,2,0.8339818899862685,3,0,1,0,0,0,1
51,19,56.518890380859375,94597,3,0.1660589325650574,1,0,1,0,0,1,0
62,41,20.03838539123535,96088,1,0.0852692313815848,1,0,1,0,0,1,0
47,30,35.791290283203125,95427,4,0.4229595649198649,2,0,1,0,0,1,0
44,12,183.61981201171875,92752,2,4.157967084459794,2,0,0,0,1,1,1
35,11,39.74185180664063,91217,4,1.81172384381493,2,0,1,0,0,1,0
40,16,70.45207977294922,91940,3,2.7296134961587444,3,0,0,0,0,0,0
59,34,32.47174072265625,94811,3,2.288596650546521,2,0,0,0,0,0,0
60,37,55.85197830200195,94816,3,1.3279080806080743,3,169,1,0,0,0,0
32,11,110.02791595458984,91035,4,2.9412643284387063,2,0,0,0,0,0,1
50,19,50.830360412597656,93590,2,1.8385224061679293,3,105,0,0,0,0,0
40,9,115.70421600341795,95405,1,2.136857225922497,1,0,0,0,0,1,0
25,18,79.42893981933594,90725,1,4.080192942842536,3,0,1,0,0,0,0
30,9,97.56177520751952,94356,3,2.1153086110488832,1,144,1,0,0,1,0
30,9,123.7135772705078,92256,2,1.7279607503376988,1,489,0,0,0,1,0
40,14,64.46636962890625,91289,1,1.247326673679187,3,0,0,0,0,0,0
54,30,37.2007064819336,91302,3,0.5237444148495475,2,0,1,0,0,1,0
34,20,44.45598983764648,92288,4,1.579087197455474,3,0,0,1,0,0,0
38,12,33.15382766723633,94798,1,1.9982741511975448,3,0,1,0,0,1,0
30,8,128.7476806640625,95343,2,7.11917836112543,1,396,0,0,0,1,0
45,23,53.10542678833008,91166,3,1.1448664160999809,2,0,0,0,0,1,0
60,37,98.76107025146484,94500,4,1.3453717703798258,2,0,0,0,0,1,1
64,38,55.73961639404297,94509,4,1.9836829137380445,3,0,1,0,0,1,0
54,33,72.31748962402344,90188,4,0.6843820690970863,3,154,0,1,0,1,0
57,34,111.78055572509766,90988,2,1.4870399604269573,2,0,1,0,0,0,1
36,8,99.94878387451172,95018,1,4.838825305449914,1,0,1,0,1,1,0
57,33,40.76143646240234,95597,4,3.4836285261520072,3,0,0,0,0,0,0
63,42,63.4169921875,94527,2,1.8571345015678744,1,0,0,0,0,1,0
56,26,78.61481475830078,94426,2,1.891148399000192,1,0,1,0,0,0,0
37,5,111.85986328125,93805,1,3.2667720337034263,1,0,0,1,0,0,0
31,5,92.2619400024414,91219,4,0.2588312413300389,1,0,1,0,0,1,0
36,23,26.63682556152344,94256,2,2.454033034915352,2,0,0,0,0,1,0
54,29,165.37721252441406,94617,2,3.034168945755897,1,481,0,1,0,1,0
50,18,49.2873649597168,92474,4,1.654224862889034,2,125,0,0,0,1,0
49,22,116.14984893798828,95047,4,1.52401823165555,2,0,0,0,0,0,0
63,35,49.43767166137695,92627,4,1.0815038118798586,2,0,0,0,0,1,0
38,4,42.19293212890625,92844,1,1.6106583578372369,3,0,0,0,0,0,0
61,36,141.96282958984375,90624,2,2.2527613701649383,2,380,0,0,0,1,1
41,8,73.04717254638672,91372,2,6.754598099055987,1,174,1,0,1,1,0
45,23,118.82067108154295,94985,1,1.803643407508779,3,173,1,0,0,0,0
27,2,46.03050231933594,92828,3,1.8038526006087905,3,156,0,0,0,0,0
55,38,92.44102478027344,94400,1,0.6209511901572917,1,0,1,0,0,1,0
61,31,84.43788146972656,91725,3,0.4469526369687041,2,0,0,0,0,1,0
36,16,195.8488311767578,92245,2,6.619508005279386,1,0,0,0,0,0,0
41,19,56.6401481628418,91178,3,2.240200153040424,3,0,0,0,0,1,0
53,21,37.62369537353516,91564,4,0.6992298652433974,3,0,0,0,0,0,0
43,12,29.83733558654785,90194,2,0.1578832513736698,2,135,0,1,0,0,0
28,1,32.8283576965332,94596,4,2.140987907092243,2,69,0,0,0,1,0
30,6,194.8717803955078,95071,3,6.586381703354843,2,0,0,0,0,1,1
35,13,29.71521377563477,93312,4,0.9168170087240402,2,0,0,0,0,1,0
45,18,29.335033416748047,95306,1,0.1632256684224552,3,113,1,0,0,1,0
47,24,148.69482421875,95002,1,3.6503161370432857,1,0,0,0,0,1,0
35,23,51.45589447021485,94335,1,1.7274035067535447,3,0,0,1,0,1,0
61,37,53.14473724365234,95907,4,0.9616768052359032,3,0,1,0,0,0,0
31,1,170.0745391845703,94994,4,2.768009132482042,1,0,0,0,1,1,1
28,8,48.63362503051758,91908,4,0.5396833218729515,1,0,0,0,0,0,0
32,5,39.071067810058594,94588,3,0.3684114539531994,2,0,0,0,0,1,0
47,29,162.3119354248047,91704,3,1.849626735927969,1,0,1,1,0,1,0
62,40,86.61205291748047,94442,1,2.560454938554967,1,0,0,0,0,1,0
31,0,72.04694366455078,91205,3,1.5388893007925937,2,157,0,0,0,1,0
40,8,31.536094665527344,92106,2,0.428927068902837,2,100,0,0,0,0,0
40,26,56.43999481201172,94701,2,2.558211696319163,2,0,1,0,0,0,0
58,29,56.200042724609375,90270,1,1.934032136652396,1,231,0,1,0,1,0
59,31,36.19821166992188,92703,2,0.4991356556606199,3,0,0,0,0,0,0
52,37,12.585792541503906,94429,4,0.202766640120865,2,101,0,0,0,0,0
27,7,99.12838745117188,90250,3,0.8644325318024058,3,0,0,0,0,0,0
48,21,44.99710464477539,92194,4,1.4757871270323908,2,111,0,0,0,1,0
34,22,32.9014778137207,90945,1,0.5428160609670709,1,0,0,0,0,1,0
32,4,80.65160369873047,90438,2,2.613964533046177,1,0,0,0,0,1,0
33,8,37.00791931152344,91962,3,1.958834695046753,1,0,1,0,0,1,0
32,22,125.57243347167967,92124,1,0.6450094864984071,1,290,0,0,0,1,0
46,4,40.14566802978516,95656,4,1.5392671097757844,3,96,0,0,0,1,0
32,11,30.22667694091797,96441,2,1.5825122192911223,1,0,0,0,0,0,0
65,37,135.5366668701172,93418,2,4.291273817980994,1,0,0,0,0,0,0
37,12,148.86424255371094,93851,2,6.996472956494279,1,0,1,0,0,1,0
59,30,34.42497253417969,95873,3,0.5566645258100329,2,0,0,0,0,1,0
54,27,69.91927337646484,92471,1,0.2123751889026099,2,0,1,0,0,0,0
45,16,69.01891326904297,90143,1,1.634876817873512,3,0,0,0,0,1,0
43,19,49.75967788696289,91824,3,0.4625983762107865,1,0,0,1,0,1,0
34,17,20.80571746826172,91838,2,0.1219943271587643,3,0,1,0,0,0,0
45,23,40.8243408203125,95307,2,1.1171468191625042,1,0,0,0,0,1,0
42,6,70.44694519042969,94188,1,0.6451128948622041,2,0,0,0,0,0,0
51,29,49.13966751098633,91035,3,0.0571145750080331,1,0,0,0,0,1,0
53,35,54.18720626831055,93897,2,1.6650523667834023,3,0,0,0,0,1,0
41,22,24.503812789916992,93738,3,0.3596114382063898,3,0,0,0,0,0,0
46,23,31.722492218017575,91960,4,2.101278439251486,1,0,0,0,1,1,0
54,29,33.16632080078125,94608,4,0.680110346528443,1,0,1,1,1,1,0
36,16,163.71371459960938,91037,2,1.6910839721077473,1,0,0,0,0,1,0
38,17,90.2246551513672,93767,3,2.29379580842933,1,0,1,0,0,0,0
33,7,72.46975708007812,92797,4,2.4288229151283027,1,0,1,0,0,0,0
53,28,20.154102325439453,92167,2,0.496411458181283,3,0,0,0,0,0,0
35,15,174.91421508789062,90020,2,1.819636332406908,1,0,1,0,0,0,0
52,23,68.68304443359375,95624,1,2.2521536449821533,2,0,1,0,0,0,0
48,20,76.99571990966797,89871,1,0.2970764225832401,1,0,0,0,0,0,0
46,15,139.09213256835938,91944,1,2.73406655486208,3,0,1,0,1,1,0
36,13,46.42660140991211,94575,1,0.5126777090539762,1,0,1,0,0,0,0
58,28,56.39640045166016,91520,4,0.4759927590724605,3,191,0,0,0,1,0
42,14,138.74813842773438,94184,4,0.496930696428568,3,0,0,0,0,1,1
27,3,37.04012298583984,92199,1,0.980455270151474,3,166,0,0,0,1,0
38,6,119.27144622802734,94203,4,7.227288628485177,1,0,1,0,0,0,0
26,6,48.44346618652344,90216,2,0.437393035704499,1,0,0,0,0,1,0
49,31,36.06203842163086,93157,3,0.5298607845567761,2,0,0,0,0,1,0
25,2,46.77623748779297,92821,4,0.953226108775423,1,0,0,0,0,0,0
48,28,53.302040100097656,96007,3,1.052250848253009,2,0,1,0,0,0,0
66,39,30.243432998657227,93635,4,0.6643315959613145,2,90,0,0,0,1,0
45,3,101.21050262451172,92183,1,2.9325235704631427,2,144,0,0,0,1,0
60,35,136.11441040039062,91992,2,2.2191329754640825,1,235,0,1,0,1,0
61,37,99.5356903076172,94375,1,2.1770006602541203,1,212,1,0,0,0,0
34,15,23.298704147338867,92456,1,1.7246053991712096,3,94,1,0,0,1,0
48,16,87.9495620727539,94785,1,0.8803790391948011,2,0,0,0,0,1,0
53,27,67.3883285522461,93662,2,0.3877765144878798,3,160,0,0,0,1,0
65,37,18.173736572265625,93485,4,0.279192811110036,3,0,0,0,0,1,0
43,17,26.805179595947266,95833,2,2.990494443372601,1,0,1,0,0,0,0
29,9,67.46379089355469,94859,1,1.9183724782185807,2,0,0,0,0,1,0
60,35,80.98628234863281,94191,3,1.4399745852529229,1,116,0,0,0,0,0
40,4,34.61769104003906,92643,3,0.248995577629895,2,0,0,0,0,1,0
52,27,52.66465759277344,92901,3,2.556599851729607,1,0,1,0,0,0,0
59,33,78.6390609741211,94178,4,1.791398692174391,2,0,0,0,0,1,0
52,15,28.775882720947266,92419,4,3.696881924351276,1,0,0,0,0,1,0
39,17,67.32193756103516,94557,2,1.5129083045870262,2,0,0,0,0,0,0
55,38,70.0766372680664,90131,2,0.1054170611718881,3,0,1,1,0,0,1
57,32,142.0897216796875,95364,4,4.618334390418747,2,0,0,0,0,1,1
55,34,35.21502685546875,90127,1,0.268482556341602,1,0,0,0,0,0,0
61,37,30.716259002685547,91538,3,2.166440725065418,2,0,0,1,0,1,0
35,9,24.93865203857422,95547,3,0.8285783364389518,3,0,1,0,0,1,0
29,14,125.1840362548828,90186,1,4.399268225119326,1,0,1,0,0,1,0
52,30,54.76097106933594,94685,2,1.893839073286811,2,0,0,0,0,1,0
31,2,31.62628746032715,95020,3,0.8448099998266663,3,104,0,0,0,1,0
32,5,81.83805084228516,89844,1,2.87253550445121,1,0,0,0,0,0,0
40,19,41.568641662597656,94475,4,1.336350015080185,3,0,0,0,0,1,0
33,4,107.6873016357422,93650,1,3.1213826008895897,1,0,0,0,0,1,0
46,16,46.9923210144043,90739,1,2.326475719597616,2,0,0,0,0,0,0
66,33,55.73445892333984,92859,3,1.5936442396488353,2,0,1,0,0,0,0
32,11,132.1109619140625,94307,3,2.4525881608582214,2,0,1,1,0,1,0
32,11,12.473062515258787,95338,1,0.8202351187273427,3,0,0,0,0,0,0
45,16,160.9794158935547,90304,2,8.490061576953376,1,0,0,0,0,1,0
30,4,85.96058654785156,90093,1,0.5508762138346386,1,0,1,0,0,0,0
53,35,70.05619812011719,94551,4,2.9780567375181084,1,0,1,0,0,1,0
26,6,90.7168960571289,91767,4,0.5148081194533232,2,0,0,0,0,0,0
39,18,54.98061752319336,91049,4,0.9205433720514916,1,0,1,0,0,0,0
42,14,38.1049690246582,92646,4,0.2857540415341362,2,166,1,0,0,1,0
30,12,13.485391616821287,92486,4,0.4831664799628938,1,0,1,0,0,0,0
65,39,123.6837921142578,90040,2,1.54605076117725,2,0,0,0,0,0,0
41,23,12.563390731811523,94206,2,0.554395980737455,3,0,0,0,0,1,0
63,32,13.539742469787598,91358,1,0.195329860651148,3,0,1,0,0,0,0
56,32,41.72116088867188,94251,2,2.3434513410622912,3,0,0,0,0,0,0
56,25,42.91888046264648,91945,4,1.33877972736883,2,0,0,1,0,1,0
47,23,26.332469940185547,93152,2,1.172240057181632,3,141,1,0,0,1,0
55,35,128.53504943847656,94999,3,5.710850767849326,1,0,0,0,0,0,0
39,12,100.45404815673828,94102,4,1.977076233454618,1,314,0,0,0,0,0
36,12,79.79666900634766,94361,2,1.175349460133177,1,0,0,0,0,1,0
39,25,17.850133895874023,91901,1,0.0758161997258181,2,0,0,0,0,0,0
31,7,67.2872314453125,94128,2,1.962931738755905,2,0,1,0,0,1,0
41,19,12.980179786682127,92999,4,0.9438176973352156,3,99,0,0,0,0,0
59,35,28.058555603027344,96252,3,0.0960637219853206,2,0,0,0,0,1,0
61,41,89.26821899414062,94450,2,2.058017915596545,2,0,1,0,0,0,0
34,5,167.17919921875,94192,1,9.364419441270256,3,509,0,0,0,0,1
48,6,51.03807830810547,92241,1,2.3096133319747087,2,216,1,0,0,0,0
37,7,85.55538940429688,92255,1,0.3721970979598243,3,0,1,0,0,1,0
33,23,44.5970458984375,91288,2,0.7764170268084368,3,119,0,0,0,1,0
37,16,36.236907958984375,90029,4,2.5175815817696963,2,0,1,0,0,1,0
41,21,67.27061462402344,95386,2,1.827172379576557,1,203,0,0,0,1,0
44,20,92.93948364257812,91147,3,1.0715402591234098,3,0,0,0,0,1,0
48,25,39.37970733642578,94446,4,0.8398652386977611,3,0,0,1,0,0,0
50,24,61.0924186706543,94651,3,0.9734648438047174,2,0,0,0,0,0,0
58,33,95.08727264404295,94614,3,0.116545939646247,1,0,0,0,0,1,0
64,40,79.54528045654297,94254,1,1.2214866424001762,2,0,0,1,0,0,0
62,37,44.343074798583984,91967,4,2.2148748101031206,2,0,0,0,0,1,0
40,21,131.57522583007812,90405,1,0.4402581456907375,1,0,0,0,0,1,0
30,0,39.82758331298828,93761,4,1.6335251556863524,3,0,0,0,0,0,0
58,36,183.11314392089844,92913,1,0.3913670389274511,3,0,0,0,0,1,0
48,16,30.190486907958984,95396,4,0.7166086832447606,3,0,0,0,0,1,0
42,13,60.6980094909668,94099,3,1.2218662233886182,2,0,1,0,0,0,0
37,12,103.8263931274414,90158,1,2.934473936696422,1,0,0,0,0,1,0
40,26,40.878414154052734,94464,4,1.2457326097679604,2,0,1,0,1,1,0
48,25,103.55624389648438,90966,1,2.271667962701263,3,395,1,0,0,1,1
42,32,75.3436508178711,94445,3,1.5031234253476846,1,0,0,0,0,0,0
35,21,28.39440155029297,96496,1,0.6032127023829472,2,0,0,0,0,1,0
44,11,58.83101272583008,92057,2,0.1310062580617354,3,0,0,0,0,1,0
34,6,51.253265380859375,92655,1,1.5929771197306142,3,0,1,0,0,1,0
55,29,85.13007354736328,90045,2,3.709769367590413,1,0,1,0,0,1,0
54,19,33.523868560791016,92056,1,0.1597429835176022,3,105,0,0,0,0,0
41,11,67.72454833984375,90683,2,0.5551579696721848,2,131,0,0,0,1,1
57,33,62.76816177368164,91373,2,1.884516004988312,2,153,1,0,0,1,0
49,15,47.61830139160156,95775,3,1.3578270791193183,1,0,1,0,0,0,0
37,15,92.82025146484376,95340,1,1.7062725183622671,2,0,1,0,1,1,0
34,9,64.9900894165039,94771,4,1.2965813202128262,2,165,0,0,0,1,0
62,36,131.7684326171875,95763,3,0.0256619786973733,2,0,0,0,0,0,1
59,34,82.8857192993164,92162,2,2.783255838241508,3,327,0,0,0,1,0
43,20,81.38145446777344,91358,3,1.7522573299465454,2,332,0,0,0,1,0
49,32,58.95151901245117,91840,4,1.2972243717827028,3,0,1,0,0,1,0
40,18,46.4761962890625,94445,2,1.0516850989276487,3,241,0,0,0,1,0
51,29,159.75833129882812,94487,1,2.8528683910111754,1,0,0,0,0,1,0
37,7,98.77513885498048,91992,4,4.980596039867081,1,0,0,0,0,0,0
44,24,43.97786712646485,92721,2,2.2645804644573886,1,104,0,0,0,0,0
56,21,42.3454704284668,94340,3,1.9243542268997165,2,162,1,0,0,1,0
63,32,41.238059997558594,92791,3,2.2484262360815817,3,119,1,0,0,0,0
36,1,80.52879333496094,90274,4,1.9350518040916551,2,0,0,0,0,1,0
57,30,36.01959991455078,94610,3,0.2589790867367817,1,0,0,0,0,1,0
42,15,130.48133850097656,91820,3,1.7125155856595036,2,0,1,0,0,1,0
54,13,42.02632141113281,94329,2,0.8200315230340793,3,0,0,0,0,1,0
35,8,126.02179718017578,92770,2,2.74687946576971,1,362,1,0,0,1,0
45,27,87.28620910644531,94089,2,3.143028262424732,2,0,0,0,0,0,0
43,14,62.52962112426758,95611,3,1.1153526292671234,3,0,1,0,0,1,0
36,11,138.7662353515625,92860,1,2.3537574931520497,3,0,1,0,0,0,0
42,17,196.05221557617188,90297,2,3.513545363415829,1,0,0,0,0,0,0
27,2,48.18651580810547,94322,4,1.4217262277744545,3,0,0,0,0,1,0
54,35,37.3804931640625,92287,4,0.7192281103453769,2,0,0,0,0,1,0
40,21,48.3853759765625,94500,1,0.5514120514595664,3,0,1,0,0,0,0
29,3,127.66275787353516,92840,1,1.6410950421816428,1,0,0,1,0,1,0
59,33,15.60242748260498,94244,1,0.7550949451090975,3,0,0,0,0,1,0
57,23,142.42959594726562,92598,4,0.2046408168621767,3,0,0,0,0,1,1
27,6,168.07257080078125,94708,1,0.7288208757439807,1,0,0,0,0,1,0
59,39,30.354907989501957,94195,3,2.446032161506129,2,104,1,0,0,0,0
39,19,128.2672119140625,96025,2,1.7993933655541072,1,0,1,0,0,1,0
35,8,130.09732055664062,90697,2,4.23831796118553,1,0,0,0,0,1,0
47,21,66.41779327392578,91745,2,1.3429786512722577,2,157,0,0,0,1,0
38,11,61.98612594604492,95452,4,1.6131758000919136,3,0,0,0,0,0,0
39,1,95.33580017089844,93932,1,4.424927503880845,3,362,0,0,0,0,1
53,33,28.61658477783203,94456,1,0.6570760167400923,3,158,1,0,0,1,0
59,34,43.55163192749024,92038,4,2.4851870541444505,1,0,0,0,0,1,0
67,41,85.65419006347656,94476,4,1.0482847134240505,2,0,0,0,0,1,0
31,5,119.95316314697266,92711,4,1.4846053773735957,2,0,1,0,0,1,1
64,37,33.56304168701172,93954,3,1.549950054454948,2,0,1,0,0,0,0
31,2,16.357452392578125,92723,4,1.0031081242472444,3,95,0,0,0,1,0
54,21,11.140373229980469,91619,3,0.8562753484678455,2,103,1,0,0,1,0
46,23,42.99818801879883,94930,3,0.5347933111247062,3,108,1,0,0,0,0
52,22,38.67201232910156,93027,1,1.860279042290684,3,0,0,0,0,0,0
27,-1,47.60308456420898,95465,4,2.1134030180220336,3,115,0,0,0,1,0
33,9,56.20891952514648,95444,2,2.171516897262187,1,0,0,1,0,1,0
53,31,79.42758178710938,94590,1,2.3307475802476305,1,0,0,0,0,0,0
35,10,83.68759155273438,94554,4,0.1059857276476176,2,168,1,0,0,1,0
45,26,103.5726318359375,95091,2,0.1442495963544618,2,113,0,1,0,0,1
36,2,88.35552215576172,91753,2,0.463119014970886,2,0,0,0,0,0,0
59,26,68.88015747070312,94020,3,0.4357322056059743,3,250,0,0,0,1,0
52,16,54.748443603515625,95538,3,0.3683164376961551,1,316,1,0,0,1,0
58,19,84.60812377929688,94964,3,2.4429108147125067,1,262,0,0,0,0,0
24,17,41.90630340576172,90675,3,1.4352688020795936,2,157,0,0,0,0,0
63,36,58.70477294921875,93716,1,0.9795459051723324,1,0,0,0,0,1,0
62,35,39.82904052734375,96087,2,2.1974952885477594,1,231,0,0,0,0,0
47,18,34.073421478271484,91805,4,0.2995530128700885,1,218,0,0,0,0,0
35,11,84.35494995117188,94588,3,5.350247557488603,1,0,0,0,0,0,0
42,16,54.88617706298828,91595,1,2.035068307519847,3,0,0,0,0,1,0
59,34,36.34708404541016,91590,4,0.0705597729672931,1,0,0,0,0,1,0
39,8,40.60104370117188,92816,1,1.2458682370822851,1,0,0,0,0,0,0
30,10,42.84804916381836,91306,3,1.9155680106274755,1,132,1,0,0,0,0
47,16,37.119720458984375,95386,3,0.6722515660621544,2,102,0,0,0,0,0
65,42,87.74224090576172,93877,3,3.085862834211797,1,0,0,0,0,0,0
42,17,127.56034088134766,95326,2,5.879956495273342,3,0,0,1,0,0,1
52,32,10.314146041870115,89782,2,0.3648129846122926,3,103,0,0,0,0,0
47,9,58.79459762573242,93684,2,1.7383154809483263,3,0,0,1,0,0,0
44,26,60.62125396728516,93939,3,1.006949320642271,2,0,0,0,0,1,0
25,1,151.37149047851562,91537,1,3.126986047217116,1,0,0,0,0,0,0
55,24,98.17434692382812,96118,3,2.302352650685874,1,0,1,0,0,0,0
56,29,12.57281494140625,95225,2,1.1661852786775648,2,0,1,0,0,1,0
62,30,137.09205627441406,91219,2,3.186151507591185,1,0,0,0,0,1,1
57,23,188.22146606445312,92759,1,2.7326448946612074,3,0,0,0,0,1,1
30,7,200.15231323242188,89955,2,1.096261542421068,1,0,1,0,0,0,0
41,27,47.62263488769531,93330,3,0.0091005770203331,3,0,0,0,0,0,0
39,8,70.1293716430664,94379,3,1.6359700173021805,2,0,0,0,0,1,0
46,22,26.588769912719727,94410,3,1.501286872288409,1,0,1,1,1,1,0
57,29,55.50162887573242,91578,2,0.8836460624833262,3,0,0,0,0,1,0
55,24,109.05799102783205,92809,3,1.9552621495776528,2,0,1,0,0,1,0
29,6,52.30694961547852,93141,4,1.4985325922216688,2,109,1,0,0,1,0
34,18,100.84197998046876,92359,4,0.7771881263187813,1,0,0,1,0,1,0
56,28,56.98263931274414,90443,3,0.869166979492327,1,80,1,0,0,1,0
44,11,117.07273864746094,94186,3,1.7336223242958395,3,109,0,0,0,0,0
29,4,91.91808319091795,95547,2,1.5298421550707249,1,0,0,0,0,1,0
29,7,144.16021728515625,95381,2,6.858886304739101,1,102,0,0,0,1,0
43,23,62.99967575073242,91782,4,1.8021458471846443,2,0,1,0,0,1,0
61,34,43.49444961547852,92990,1,0.1936897931914387,2,0,0,0,0,0,0
33,13,34.854820251464844,94687,4,1.5578054026462982,2,0,0,0,0,0,0
33,9,70.11497497558594,92199,3,2.334674641538784,1,0,0,0,0,0,0
34,12,152.4498291015625,92288,1,3.3059974012422297,1,0,1,0,0,0,0
54,32,142.48709106445312,95890,1,9.577431886095702,1,0,1,0,0,0,0
37,11,18.162986755371094,91527,3,0.1259465591650843,1,0,0,0,0,1,0
58,26,23.442012786865234,92377,1,0.1167243284701497,3,0,0,0,0,1,0
63,32,145.22671508789062,91374,2,6.701223058476384,1,0,1,0,0,0,0
37,11,52.12250900268555,91335,2,0.2870299726701749,2,0,1,0,0,1,0
48,24,66.0351333618164,95020,4,1.809294287640539,2,102,0,0,0,1,0
29,6,34.903846740722656,94374,2,2.428656101563676,2,0,1,0,0,1,0
36,11,64.38545989990234,90712,4,1.863892377694529,1,143,1,0,0,1,0
34,8,154.6523895263672,93045,2,7.06150352195248,1,0,0,0,0,0,0
30,2,99.3720245361328,95949,1,2.5821136710165247,2,0,0,0,0,1,1
57,34,100.75843048095705,94349,2,1.862148910210928,2,0,1,0,0,0,0
47,24,32.765892028808594,93975,2,0.3885675548238962,3,0,0,0,0,0,0
27,15,84.18756103515625,91870,4,2.9461148925631933,2,363,0,0,0,1,1
49,20,61.20361709594727,91198,3,2.939392535152794,3,0,0,0,0,1,0
40,16,163.12066650390625,94956,2,6.376923207879517,3,256,0,0,0,1,1
30,10,88.72078704833984,90020,3,1.8328351930818727,2,0,0,0,0,0,0
31,8,60.109649658203125,94205,2,1.2005384575066722,2,0,0,0,0,0,0
55,30,144.43142700195312,94625,1,1.3114243387407585,1,0,0,0,0,0,0
54,19,119.00748443603516,95760,2,1.469395852534444,3,0,0,0,0,0,0
39,3,48.10534286499024,91603,2,1.7609547549067337,2,0,1,0,0,0,0
54,19,82.24361419677734,90228,1,0.930310828940116,3,0,0,1,0,1,0
44,15,159.1240234375,92112,2,2.545824888587113,1,0,1,0,0,0,0
37,14,94.88971710205078,92710,1,3.3174419164052966,1,0,0,0,0,1,0
53,28,24.96485137939453,92812,1,0.8006423559450868,3,0,1,0,0,1,0
47,22,73.54145050048828,94581,1,0.5903227643206944,1,196,0,0,0,1,0
34,10,26.300256729125977,94844,4,1.6134891213991691,2,131,0,0,0,0,0
29,2,46.62466430664063,92721,3,0.4747381337872834,3,0,0,0,0,0,0
63,41,20.177366256713867,95771,2,0.711883485257053,2,0,0,0,0,1,0
33,8,158.8636932373047,91061,1,2.349128304056155,1,472,1,0,0,1,0
55,34,106.61551666259766,91327,1,0.4180617359500061,1,0,0,1,0,1,0
28,5,42.84245681762695,94583,1,2.431773545064309,1,0,1,1,0,0,0
50,31,103.88751983642578,92755,1,3.0734440872868145,1,145,0,1,0,1,0
28,14,203.55633544921875,92925,1,5.781077969848802,1,155,0,0,0,1,0
56,23,22.12129592895508,95432,2,0.7423811277521207,1,390,0,0,0,0,0
39,15,50.10471725463867,93259,1,0.6746661042101452,3,0,1,0,0,1,0
42,18,51.40864181518555,94975,2,2.4298947723870588,2,252,0,0,0,0,0
65,39,40.981971740722656,90256,3,0.6832026165586411,2,0,0,0,0,0,0
33,5,121.68898010253906,91441,2,6.384433380983196,1,0,0,0,0,0,0
53,26,43.11878967285156,92318,3,1.765524715412047,2,0,0,0,0,1,0
46,19,18.353221893310547,95633,4,0.2949080332288496,1,98,0,0,0,0,0
38,14,31.670408248901367,90300,3,0.6230830578234947,2,0,0,0,0,0,0
58,32,110.72874450683594,92808,2,3.465828814289159,1,0,1,0,0,0,0
27,3,58.06593322753906,92228,1,2.541076412132525,1,148,1,0,0,0,0
34,8,32.70161437988281,92178,3,0.5486131527002018,2,0,1,0,0,1,0
57,39,59.346866607666016,92905,2,2.6776146852683778,3,0,0,0,0,0,0
56,28,50.04395294189453,90999,4,2.2695848971330745,2,337,0,0,0,1,0
41,18,91.93099212646484,90612,2,2.8339570215587924,2,0,1,0,0,0,0
55,21,168.4943084716797,95050,2,3.0228205778626163,1,0,0,0,0,0,0
54,34,85.80323791503906,94386,1,3.3757345940860835,3,397,0,0,0,0,0
45,28,102.45099639892578,94263,4,1.3572081282938515,2,0,0,0,0,1,0
55,23,38.38654327392578,92457,2,0.305246019525258,1,0,0,0,0,1,0
39,9,47.454627990722656,90945,3,0.324211232095447,3,0,0,0,0,1,0
29,4,30.750112533569336,94229,4,0.0572588646832079,3,0,1,0,0,1,0
34,16,48.17534255981445,94385,4,2.124354070736812,2,0,0,0,0,1,0
65,37,64.11149597167969,95413,3,1.0677228948212498,3,0,0,0,0,1,0
51,20,49.34112930297852,90338,3,1.3784843779247344,1,159,1,0,0,0,0
58,33,65.49310302734375,90267,1,2.9303807676037787,2,0,0,1,0,1,0
50,21,50.957916259765625,94476,2,3.6412863770200254,2,0,1,0,0,1,0
60,9,15.453121185302734,94709,1,2.052192992067317,3,145,1,0,0,0,0
48,23,163.05648803710938,91810,1,4.654877605002596,1,0,0,0,0,1,0
60,28,23.50286865234375,91469,4,0.1923452935032009,1,0,0,0,0,0,0
34,20,20.50235366821289,95272,3,2.5395581294493104,2,0,0,0,0,1,0
41,19,142.44261169433594,94418,3,0.7952899647036941,1,242,0,0,0,1,0
38,16,91.7868881225586,92320,3,1.8944072022946556,1,0,0,0,0,1,0
38,23,114.8270263671875,94314,2,1.9980601372893776,1,0,0,0,0,0,0
63,37,51.53384399414063,92997,4,0.8132292767289871,2,0,0,0,0,1,0
49,19,77.84980010986328,90231,1,0.462761929690762,3,0,0,0,0,1,0
46,15,68.37049865722656,90559,3,1.623008643874574,3,100,0,0,0,1,0
33,5,40.732032775878906,90240,1,1.471993219042465,3,0,1,0,0,0,0
55,22,19.133346557617188,92389,2,0.4656131030501331,1,0,0,0,0,0,0
41,22,73.3956298828125,94825,3,0.1789964986593362,1,0,1,0,0,0,0
52,29,42.13535690307617,93209,4,1.0955394574440094,2,0,0,1,0,0,0
34,6,50.195194244384766,92096,4,1.470398680543907,1,0,0,0,0,1,0
61,37,41.28336715698242,93880,4,2.571841646889056,1,0,0,0,0,0,0
57,25,37.30866241455078,95345,1,1.8685749912018368,2,0,0,0,0,1,0
54,29,74.99201965332031,96535,3,1.1547475947504708,3,170,1,0,0,0,0
36,13,57.0289306640625,94739,4,3.3967722451182016,2,0,0,0,0,0,0
34,8,43.84048080444336,95085,4,0.9801047922805785,2,0,1,0,0,0,0
53,24,29.233806610107425,90476,3,2.9634993939940104,2,290,0,0,0,0,0
27,5,84.87495422363281,93278,4,2.259070147738456,1,0,0,0,0,0,0
54,31,17.528667449951172,89939,4,0.2309548355730929,1,91,0,0,0,1,0
46,19,63.85377502441406,94418,2,2.0976993662666388,3,0,1,0,0,1,0
56,29,125.85675811767578,94472,2,0.9879988107586092,3,0,0,1,0,1,0
41,19,58.70710754394531,94540,3,1.276008284115629,2,0,0,0,0,1,0
42,23,137.71853637695312,94739,2,3.219762193310625,1,0,0,1,0,0,0
30,8,180.86184692382807,94029,3,6.593347916858897,2,0,0,0,0,1,1
24,3,56.27299499511719,94870,3,1.978622164219132,3,0,1,0,0,0,0
42,27,24.639039993286133,92178,4,1.1746637103525714,3,0,0,1,0,1,0
49,31,49.85391998291016,93781,1,6.353244835229089,1,0,0,0,0,0,0
59,33,152.6922607421875,94059,2,2.3910854736830074,1,0,1,0,0,0,0
56,22,101.06314086914062,90964,1,2.277048865447352,2,0,1,0,0,0,0
49,28,53.02958679199219,94177,4,1.9346435685828107,1,0,0,0,0,0,0
60,31,95.9058609008789,92527,3,0.1881847213797373,1,0,0,0,0,0,0
25,4,24.01258850097656,94509,4,0.4804629758672489,3,98,0,0,0,1,0
39,26,97.88864135742188,91517,2,2.8404707933531315,1,0,0,0,0,0,0
42,9,24.167953491210938,93958,4,0.9489651708121286,1,0,1,0,0,0,0
30,2,65.16761779785156,92185,3,0.90467384418884,2,0,0,0,0,0,0
26,21,85.60198974609375,94711,3,1.415650385910305,3,102,0,0,0,0,0
53,32,46.15027618408203,94291,2,2.727184887287512,2,121,1,0,0,1,0
42,25,23.93147850036621,93811,2,0.5300903732318648,2,143,0,0,0,0,0
30,13,105.5801239013672,91172,4,2.951229442049649,1,0,0,0,0,0,1
40,18,168.27503967285156,93491,2,4.100004307621685,3,0,0,0,0,0,1
54,18,56.09456634521485,92210,2,1.7143428524127835,3,231,0,0,0,1,0
33,27,49.00737380981445,94594,4,1.3130779258946508,1,0,0,0,0,0,0
60,37,39.56534576416016,95440,4,0.1806077841588493,1,0,0,0,0,0,0
29,3,207.05142211914065,93051,2,7.862221284633945,3,425,0,0,1,1,1
31,8,46.72362518310547,91401,3,0.2846997650176086,2,0,0,0,0,1,0
29,3,101.66436004638672,91099,2,1.8127724632573,1,0,1,0,0,1,0
49,21,61.06964111328125,90075,3,2.23938190052786,2,0,1,0,1,1,0
40,23,25.714191436767575,90513,3,1.7685002905557483,1,0,0,0,0,0,0
52,25,54.372955322265625,92063,4,1.253806688677931,1,0,0,0,0,1,0
43,22,189.01535034179688,94963,1,5.515731333789886,1,0,0,0,0,1,1
51,34,85.8542709350586,92201,4,0.4936115117181313,2,0,1,0,1,0,0
37,30,143.93862915039062,90725,4,5.21596326472084,1,0,0,0,0,1,1
39,22,66.57431030273438,91858,3,0.7223388267058892,1,83,1,0,0,1,0
26,1,206.29360961914065,91217,2,3.778675740852461,1,0,1,0,0,1,0
52,13,149.84669494628906,93695,2,3.3690731032468784,1,238,1,0,0,1,0
46,13,90.99720764160156,94964,4,2.260282354618642,1,0,0,1,0,0,0
61,26,147.380615234375,91741,2,7.673551298950119,2,0,0,0,0,1,1
24,8,74.2634048461914,91747,1,0.2730334358323484,2,0,0,0,0,1,0
66,35,68.63040924072266,92444,2,1.4524186397556265,3,101,0,0,0,0,0
27,2,46.35792922973633,92780,1,2.173748970316011,1,0,0,0,0,0,0
43,17,137.11163330078125,92155,2,6.1620600614203695,1,0,0,0,0,1,0
38,7,81.35271453857422,93916,3,2.0497468940266,2,94,1,0,0,1,0
27,3,63.501094818115234,94763,4,0.3866921248975501,1,0,1,0,0,1,0
31,6,55.608795166015625,90540,4,1.942399211217553,2,141,0,1,0,1,0
64,36,61.989234924316406,91031,2,1.0691009965184228,3,0,0,0,0,1,0
47,19,71.0802001953125,91900,2,1.489580950955668,2,0,1,0,0,0,0
43,23,71.30693054199219,94720,4,0.4918943042568279,3,113,0,0,0,1,0
29,20,39.30731964111328,94424,4,1.835339790255752,1,0,1,1,1,1,0
52,30,60.03849029541016,96364,1,1.303950211015039,1,0,0,0,0,1,0
24,-2,26.207727432250977,95528,4,1.5741322684223165,3,0,1,0,0,1,0
32,5,150.2156982421875,95087,3,6.449804035876819,2,0,1,0,0,0,1
25,2,76.94515991210938,91634,3,0.4988681140215195,1,212,0,0,0,0,0
26,8,78.7959213256836,95950,3,0.5845934730871838,2,131,1,0,0,1,0
57,30,52.27189636230469,89994,4,0.3898955916279525,3,0,0,0,0,0,0
40,23,45.15061950683594,96150,2,1.7635643075484244,1,0,0,1,0,1,0
54,30,57.50889587402344,94363,4,1.5876055404879352,2,0,0,0,0,0,0
56,29,150.2469024658203,93150,2,5.721332077931589,2,0,1,1,0,0,1
56,29,154.4895477294922,93098,4,1.972914455440817,1,0,0,0,1,1,1
65,37,28.23688697814941,94864,1,2.0858210763889344,3,71,1,0,0,0,0
48,32,58.80323791503906,94518,3,0.0827586717878299,1,0,0,0,0,0,0
36,10,62.47574234008789,95086,3,1.3036620505654062,1,0,0,0,0,0,0
38,9,80.73611450195312,94185,3,5.165506009789989,1,154,1,0,0,1,0
63,39,92.4141616821289,93809,2,1.9739681859997635,1,0,0,0,0,1,0
34,10,51.43107604980469,92042,1,1.7372015745250422,1,0,1,1,1,1,0
63,41,30.200483322143555,91926,2,0.1157272995790791,3,0,1,0,0,1,0
39,14,31.72664451599121,90587,3,1.898192775105966,3,0,1,0,0,0,0
35,11,96.33332061767578,89920,4,3.866243171623739,2,0,0,0,0,1,1
30,11,71.07124328613281,94622,3,2.466473468878746,3,138,0,0,0,0,0
48,35,101.58112335205078,92236,4,2.282211159027076,2,0,0,0,0,1,0
40,11,29.193952560424805,96170,4,1.3144093182071048,1,0,1,0,0,1,0
24,1,130.25624084472656,92409,2,0.5940254961832043,3,0,1,0,0,0,0
43,17,16.13935661315918,90388,4,0.2227399038909905,3,147,0,0,0,0,0
60,35,61.122371673583984,91396,1,1.7025116248569103,1,209,0,1,0,1,0
38,27,84.7322006225586,94703,2,1.5246804808090544,3,0,0,0,0,0,0
56,27,32.58772277832031,92338,4,0.3505125173532406,3,0,0,0,0,0,0
61,28,35.82465744018555,94690,2,1.794054283054487,3,0,0,0,0,1,0
29,0,62.685333251953125,94063,2,1.4830984127268154,2,185,0,0,0,1,0
39,13,38.55850982666016,92324,3,1.6390498205662485,1,0,0,0,0,0,0
58,32,17.434799194335938,93424,4,0.3057567977952686,2,108,1,0,0,1,0
33,8,43.080474853515625,94744,4,0.5636369021422538,2,0,0,0,0,0,0
39,12,164.32809448242188,94933,2,6.636139242485293,1,148,0,1,0,1,0
28,2,80.80532836914062,94367,2,0.6888334062696293,1,0,0,0,0,0,0
29,2,58.81639862060547,92798,3,1.2596364059069958,3,0,0,0,0,1,0
63,37,148.12318420410156,90262,1,3.450570857508981,2,148,1,0,1,1,1
60,34,140.88575744628906,90077,2,2.589395943509637,1,0,0,0,0,1,0
45,20,58.92440414428711,92199,3,2.399212921893075,2,0,1,0,0,1,0
63,39,23.722156524658203,91118,4,0.0698729186857741,1,0,0,0,0,0,0
57,27,80.3737564086914,94909,2,0.9027108454190584,3,0,0,0,0,0,0
41,20,82.34721374511719,91742,1,1.1660421977958195,3,0,0,0,0,1,0
49,26,74.71588134765625,92159,3,1.882623987656968,2,0,0,0,0,0,0
29,7,19.98019218444824,94103,3,1.7019539016117118,2,0,0,0,0,1,0
35,6,86.21892547607422,94291,2,1.9472004863576096,1,0,0,0,0,1,0
65,40,38.56585693359375,94241,2,0.3400026693283864,1,0,0,0,0,1,0
66,41,41.637638092041016,92867,2,0.5401500128531411,1,0,0,0,0,1,0
65,42,36.78327941894531,92189,2,0.6672619605918975,3,0,0,0,0,1,0
41,15,62.56694793701172,94298,4,2.048907049298041,3,238,0,0,0,1,0
42,16,98.11410522460938,91788,4,1.4362840442945142,1,0,1,0,0,1,0
55,37,31.787729263305664,93268,3,3.386051188922063,2,135,1,0,0,0,0
31,12,103.62264251708984,92428,3,0.301163371035105,2,260,0,0,0,1,0
55,33,71.18248748779297,94355,2,0.0579244102529931,1,0,0,0,0,0,0
32,9,129.9609375,93139,2,5.339300029738055,1,257,0,1,0,0,0
24,0,143.27621459960938,92012,2,2.8565104088512387,1,0,1,0,0,1,0
43,25,73.93416595458984,94358,4,2.8666224710277546,3,0,0,0,0,0,0
28,17,62.91078186035156,91092,1,1.8323996547372992,1,0,1,0,0,0,0
42,14,53.06503677368164,93881,2,1.9860182831312536,2,0,0,0,0,0,1
61,37,46.6700553894043,93993,1,0.5330298370641599,2,0,0,0,0,1,0
54,33,86.85738372802734,90966,3,4.176663284059657,1,0,0,0,0,1,0
30,4,18.34684181213379,95549,4,0.3490794413647244,3,0,0,0,0,1,0
55,30,57.58490753173828,91279,4,3.042281311085508,1,168,0,0,0,0,0
51,33,160.66810607910156,93456,2,4.297093127409421,1,390,0,0,0,0,0
62,35,51.59467315673828,94763,3,2.2960298465146987,2,0,0,0,0,0,0
35,7,58.319454193115234,94565,3,0.7333907396459701,3,0,1,1,1,1,0
42,18,72.00563049316406,95205,1,0.7812097770004864,1,154,1,0,0,0,0
65,38,85.71681213378906,90040,2,1.6666499089202025,1,94,0,1,0,0,0
59,33,21.935760498046875,93504,3,0.2742872963123797,2,103,0,0,0,1,0
47,19,201.7199859619141,91327,1,1.640050363063037,1,0,1,0,0,1,0
65,36,54.633487701416016,95105,1,0.7802610019902381,1,144,0,0,0,1,0
37,13,62.4986457824707,94387,4,1.7751290822356949,3,0,1,0,0,1,0
56,21,33.84181213378906,91924,2,1.335976564806959,3,0,0,0,0,0,0
53,15,113.9494400024414,90814,3,2.320233996972012,3,0,0,0,0,0,0
37,18,111.0693130493164,93104,2,4.557275000916556,2,0,1,1,1,0,1
48,26,14.613618850708008,89988,3,0.921415412077193,2,0,1,0,0,1,0
31,7,41.7333984375,95173,2,1.5702865498956904,3,141,0,0,0,0,0
35,12,15.087597846984863,94945,4,0.6618441585838101,1,0,0,0,0,0,0
62,36,44.40948867797852,93297,2,1.247594290977518,2,0,1,0,0,0,0
51,21,119.42919921875,95136,2,6.338700848410991,2,0,1,0,0,0,0
32,3,72.08504486083984,90449,4,2.574591028039044,1,0,0,0,0,0,0
55,31,93.20243072509766,92097,1,0.5736010137494764,1,0,0,0,0,1,0
45,25,54.72604751586914,91414,2,1.7229782515273304,2,0,0,0,0,0,0
51,25,159.174072265625,90239,1,7.409683077334624,1,0,1,0,0,1,0
58,11,17.678560256958008,93129,3,0.5431033013103069,1,0,1,0,0,0,0
45,22,59.62998580932617,95820,3,0.7705268675478885,3,227,0,0,0,1,0
26,-2,142.9040069580078,94617,4,2.399351749958216,3,0,0,0,0,1,1
53,36,59.28420639038086,93177,1,0.3302152270084481,1,0,1,1,0,0,0
27,5,44.2380485534668,95183,4,1.16192008739571,3,0,0,0,0,1,0
25,5,69.55506896972656,95350,3,1.0436398857560891,2,0,1,0,0,1,0
46,30,75.94579315185547,93159,1,2.369737288021287,1,0,0,0,0,0,0
60,36,143.0023956298828,95695,2,1.1603792771787191,1,283,0,0,0,1,0
53,30,70.60394287109375,90246,2,1.9127178575893016,3,0,1,0,0,1,0
33,12,50.38492584228516,93397,3,1.6972065272594723,3,0,0,0,0,1,0
49,29,68.85247802734375,93946,4,0.4647128099793841,3,97,1,0,0,1,1
