Age,Experience,Income,ZIP Code,Family,CCAvg,Education,Mortgage,CreditCard,Securities Account,CD Account,Online,Personal Loan
43,18,63.4306640625,92403,3,0.35629073647164,2,0,0,0,0,0,0
51,30,114.52696228027344,90332,1,0.2395321456035175,3,0,1,0,0,0,0
55,20,43.15407180786133,91913,3,0.6350848190170549,3,95,0,0,0,0,0
60,31,31.41508674621582,91093,3,0.8508932849957094,2,0,0,0,0,1,0
47,20,116.81095886230467,95555,4,0.9098932826396434,3,0,0,0,0,1,0
38,17,119.65432739257812,92890,1,4.154261279486946,1,0,1,1,0,0,0
34,10,141.34567260742188,94622,1,3.298100458505413,1,0,0,0,0,0,0
43,18,93.60088348388672,92589,1,1.2587888135431475,1,0,0,0,0,1,0
56,26,27.43148422241211,93627,2,2.221229835998041,1,0,0,0,0,1,0
46,16,20.0403995513916,94492,2,0.7010460911896295,2,121,0,0,0,1,0
50,14,70.30278015136719,92669,1,0.2046858634266822,2,0,0,0,0,0,0
37,15,70.50846862792969,95720,3,1.0230140771226093,2,159,0,0,0,1,0
55,21,113.38654327392578,94546,4,1.0279980368363413,3,373,0,1,0,0,1
37,11,63.30963134765625,95819,3,1.2556970953339446,2,0,0,0,0,1,0
45,16,177.99893188476562,94191,2,2.521196752441357,1,232,0,0,0,0,0
64,41,32.30599594116211,91086,3,1.021063416706939,3,0,0,0,0,0,0
31,8,30.847368240356445,94637,2,0.4551915852190812,2,0,1,0,0,1,0
53,31,55.86753082275391,91922,4,0.2436466961577751,1,0,1,0,0,0,0
32,6,124.55152893066406,91912,2,1.6543081217428386,1,0,0,1,0,0,0
34,2,88.06233215332031,95630,2,3.290615731137249,1,0,0,0,0,0,0
54,18,51.860469818115234,95923,4,1.3924160888633157,2,0,1,0,0,1,0
67,41,59.76561737060547,92018,3,0.9288777032556308,3,464,0,0,0,0,0
44,22,38.68161010742188,94628,2,1.3739840963951575,2,0,0,0,0,0,0
58,23,26.04498672485352,91375,3,0.4225027918874788,3,0,0,0,0,1,0
48,18,127.97618865966795,94324,1,3.199373122521303,1,0,0,0,0,1,0
63,35,34.46764373779297,95450,2,0.4623384385823821,2,137,0,0,0,1,0
47,25,100.73018646240234,91876,4,2.029675541247899,2,184,1,0,0,1,0
45,2,37.20649719238281,94259,4,1.3783631833072714,2,0,0,0,0,0,0
35,9,19.062959671020508,92293,4,0.137609640269667,1,0,0,0,0,1,0
26,2,90.90865325927734,90298,3,1.6665609768744167,3,0,0,0,0,1,0
30,6,81.6903076171875,94020,2,1.5875711079281305,3,0,0,0,0,1,0
57,20,116.27945709228516,90066,2,2.49591456868802,3,0,1,0,0,1,0
60,35,23.211936950683597,95047,2,1.188512950496336,2,147,0,0,0,0,0
40,13,54.08447647094727,93004,1,0.1458347769491064,1,0,0,0,0,0,0
54,26,144.79127502441406,92887,2,4.4948328772036605,1,0,0,0,0,0,0
32,11,140.06895446777344,92102,2,5.5403129940757365,1,0,1,0,0,0,0
38,17,174.73049926757812,93154,2,2.9880708016155424,1,485,0,0,0,0,0
46,20,49.53373336791992,95786,4,0.9814951790225016,1,0,0,0,0,1,0
57,26,132.43106079101562,90395,2,0.3259094491538942,1,0,0,0,0,1,0
67,39,11.660359382629396,92487,2,0.8599174890010819,2,68,1,0,0,1,0
42,18,59.852760314941406,93541,2,1.697197648261291,3,0,0,0,0,0,0
53,33,124.46427917480467,90410,1,5.9166239264458245,1,348,0,0,0,0,0
51,25,51.042598724365234,94152,1,0.4572808742033723,3,153,1,0,0,1,0
45,23,71.87547302246094,95186,1,1.394197739661836,1,0,0,0,0,1,0
58,34,171.36398315429688,91337,2,2.3860610820596446,1,364,1,0,0,1,0
52,31,37.29229736328125,92839,4,0.0659564920881068,1,0,1,0,0,0,0
48,23,96.6114273071289,95434,2,3.904565994150916,3,0,0,0,0,0,0
59,36,84.97303009033203,93926,3,1.8473176126619464,1,0,0,0,0,1,0
62,30,71.27622985839844,93938,2,1.3686534012685487,1,0,0,0,0,0,0
37,25,9.612531661987305,96335,3,0.7668626021299259,2,103,0,0,0,1,0
30,1,22.10612297058105,92941,2,0.8469902609308003,2,0,0,0,0,1,0
46,27,63.38024139404297,91387,4,1.6842462318007885,1,0,0,0,0,0,0
63,40,69.58427429199219,93977,4,1.7923864582806537,3,153,0,0,0,1,0
41,34,66.8902587890625,94958,3,0.99008485186116,3,179,0,0,0,1,0
49,24,25.52671813964844,94175,3,1.350760110048786,2,0,0,0,0,0,0
42,25,11.724081993103027,90309,1,0.2435487856657808,3,97,0,1,0,0,0
52,24,16.11705780029297,93381,4,1.020873534469048,1,0,0,0,0,0,0
56,26,154.52359008789062,94605,1,1.5896334771331555,1,0,0,0,0,0,0
25,10,15.39112949371338,91717,2,1.971213106628044,3,153,1,1,0,1,0
41,21,40.26071166992188,94813,4,2.0787434306248262,2,0,0,1,0,0,0
45,20,64.55545043945312,95139,2,2.9976576337700767,2,0,0,0,0,0,0
31,7,88.6348876953125,89944,2,0.7124797644888188,1,0,0,0,0,1,0
34,16,24.352703094482425,91914,4,0.3751863155620497,2,0,0,1,0,1,0
58,30,26.984619140625,94071,4,1.6390674052757896,2,105,0,0,0,0,0
49,16,29.541309356689453,94422,2,0.3175777462692332,1,0,1,0,0,1,0
58,37,145.80177307128906,90022,1,0.4095927278377146,1,0,0,0,0,0,0
31,3,116.09595489501952,94002,2,0.3049897398543787,1,0,1,0,0,1,0
57,31,185.32752990722656,92289,1,8.45070367352284,1,0,1,1,1,1,0
34,6,70.63006591796875,92134,2,1.2662149996848662,3,0,0,0,0,0,0
47,26,74.62830352783203,94628,4,0.9656892662746638,1,221,1,0,1,1,0
63,37,38.65357971191406,95656,4,1.667959919824464,3,187,0,0,0,0,0
28,6,27.03913116455078,91857,3,2.062103232940909,2,0,0,0,0,1,0
41,17,36.37123107910156,91306,3,3.4396496753673773,1,0,1,0,0,1,0
44,21,72.8679428100586,93892,3,2.996556455774839,1,0,0,0,0,0,0
45,25,106.185546875,93984,3,2.209476731056776,2,0,0,0,0,1,1
45,18,99.1895523071289,90526,2,1.0202564788465365,1,0,1,0,0,1,0
59,32,25.008169174194336,92116,1,0.7173390375548205,1,0,0,0,0,1,0
49,28,70.94876098632812,95555,4,1.8385822957950675,3,0,1,0,0,1,0
50,29,39.59163665771485,92430,4,2.0046316481537216,2,0,0,0,0,1,0
55,21,75.87640380859375,94878,2,1.3817730932831571,3,0,0,0,0,1,0
45,27,96.54798126220705,92639,1,2.578178614881682,3,166,1,0,0,1,0
55,17,20.95885467529297,95203,4,0.3779642434810573,1,117,0,0,0,1,0
45,15,51.640586853027344,94685,2,2.0313971318751025,1,0,1,0,0,1,0
42,15,43.56278991699219,94795,3,0.9873990422485864,2,0,0,1,0,1,0
26,15,78.14556121826172,90436,3,2.0245168073815205,2,0,0,0,0,1,0
42,22,173.17373657226562,96102,3,3.3584123935576256,3,0,0,0,1,1,1
55,31,162.1823272705078,92866,1,2.2146705099324087,1,0,0,0,0,0,0
28,3,104.1111068725586,92836,4,2.854599482818177,3,0,0,0,0,1,1
34,2,41.718894958496094,92085,3,3.2857489708076724,2,163,0,0,0,1,0
30,0,59.64723587036133,92579,1,1.4884387441404656,2,161,0,0,0,0,0
57,30,69.95214080810547,95101,3,1.7376739700122887,3,0,0,0,0,1,0
54,28,50.05335998535156,92534,1,1.5189474097796372,2,0,1,0,0,0,0
41,22,186.85427856445312,90813,1,3.8570165489552575,1,0,1,0,0,1,0
36,16,29.94675636291504,95522,4,0.7776500484415217,3,150,0,0,0,1,0
56,35,65.05667114257812,94459,3,0.2029839212511471,1,0,1,0,0,1,0
43,19,167.71669006347656,91528,3,2.467700262133654,1,345,1,0,0,1,1
32,8,48.13978958129883,94792,4,1.58752307469454,1,0,0,1,0,1,0
61,39,27.034624099731445,94563,3,0.2761679199761177,2,137,0,0,0,1,0
65,35,58.04330062866211,91478,4,1.8492006503014156,2,227,0,0,0,1,0
48,27,168.24252319335938,90233,1,4.315799004420992,2,0,1,0,0,1,1
43,13,92.77981567382812,90930,2,1.1067004648293317,1,372,1,0,0,1,0
39,11,56.70516586303711,91747,3,0.4707118766015525,3,0,1,0,1,1,0
57,34,71.40585327148438,91696,3,5.567215330327386,1,372,0,1,0,1,0
46,18,54.48257064819336,91675,1,0.9455016925864648,2,166,1,0,0,1,0
45,21,61.83869934082031,91965,3,0.7594975431014597,3,0,0,0,0,0,0
45,15,85.7184829711914,92000,1,0.9404055670721628,2,0,0,1,0,0,0
32,8,72.69747161865234,94468,1,1.801609376163093,1,0,0,0,0,1,0
44,21,54.12493896484375,94232,3,0.0519256692529478,1,0,1,0,0,1,0
61,41,42.61176681518555,95389,4,1.693849269157374,3,0,0,0,0,0,0
48,24,89.5924072265625,94538,4,3.456280128964218,3,0,1,0,0,1,0
56,17,116.90062713623048,91690,2,2.7923668469214946,1,0,1,0,0,0,0
61,35,65.08206176757812,92493,4,0.5448487739468529,2,0,1,0,1,1,0
48,17,36.93274688720703,92695,2,0.7650261031154114,3,0,1,0,0,0,0
56,31,61.40218734741211,94616,3,1.987714707965988,3,319,0,0,0,1,0
57,29,38.43870544433594,94194,4,1.4149138513503006,3,0,0,0,0,1,0
62,36,70.87109375,91619,4,2.6220796018186787,2,0,0,0,0,1,0
59,27,88.82136535644531,94635,1,2.2073884697118613,2,94,1,1,1,0,0
49,31,143.97496032714844,90166,3,0.8131055442213481,1,0,1,0,0,0,0
58,34,28.977357864379883,94285,4,0.2933831227113267,1,0,0,0,0,1,0
37,13,128.1273193359375,95419,2,0.4169516123225212,1,290,1,0,1,1,0
29,6,73.16138458251953,91807,2,1.5385016628559878,1,0,0,0,0,1,0
46,33,35.586143493652344,92077,2,0.2596333104873637,3,0,0,0,0,0,0
60,38,116.31473541259766,95239,3,1.8978790479016503,1,0,0,0,0,1,0
29,5,46.2318229675293,94096,3,0.8501248479124742,3,0,0,0,0,1,0
46,14,86.12208557128906,93269,1,0.4767512337521691,1,0,1,0,0,1,0
53,36,108.38636016845705,95747,2,6.787106249831639,1,0,1,0,0,1,0
60,36,71.12051391601562,90018,4,1.97898484885342,2,0,0,0,0,0,0
43,16,26.011363983154297,93921,3,0.0395305896157037,1,0,0,0,0,0,0
50,24,64.13397979736328,95006,2,0.938367018382286,1,0,0,0,0,1,0
51,23,51.58371353149414,94056,2,0.2795870059960033,2,0,1,1,0,0,0
60,26,64.49189758300781,91610,2,1.5555398975743069,2,0,1,0,0,0,0
50,34,175.9214324951172,93109,2,6.35450727156183,1,494,1,0,0,1,0
48,28,113.43197631835938,94383,1,1.2445798121617846,3,231,0,0,0,1,0
37,15,47.4923095703125,94592,4,1.133288033867975,2,0,0,1,0,1,0
49,33,93.60508728027344,94406,1,4.162343946610775,1,237,1,0,0,1,0
41,16,134.1077880859375,94495,1,0.2968295977577317,1,0,0,0,0,1,0
47,24,147.6441192626953,95447,1,4.010748679550058,1,242,0,0,0,1,0
64,40,68.15449523925781,94161,3,1.3539316023363608,2,0,0,0,0,1,0
28,4,162.07801818847656,92182,1,2.8649307604026686,3,193,0,0,0,1,1
62,29,167.9132080078125,92802,2,5.323966872920464,1,0,1,1,1,1,0
65,40,20.95108413696289,91898,1,0.3406122958109769,3,0,0,0,0,0,0
37,9,127.76416778564452,94737,2,0.1894674250718197,1,0,1,0,0,0,0
32,7,87.6343002319336,94261,3,0.2517004424569282,1,150,1,0,0,0,0
62,43,62.27449798583984,95597,3,2.2954767095663127,1,0,1,0,0,0,0
38,29,40.02975845336914,93018,1,1.3151061373009574,2,238,0,0,0,1,0
28,2,21.64335823059082,90846,2,1.0475850987431068,2,0,0,0,0,1,0
64,40,30.278091430664062,94900,3,0.7242097008816618,1,200,0,0,0,0,0
66,43,85.83135223388672,95075,1,0.345387319566534,1,0,1,0,0,0,0
27,10,199.06744384765625,92652,1,8.814057364356348,1,0,1,0,0,1,0
44,19,68.66659545898438,91971,2,1.490457413843584,3,0,0,0,0,1,0
28,4,103.83900451660156,95740,4,2.049462965911038,3,0,1,0,0,0,0
40,17,175.2848663330078,90598,2,2.213439344160049,1,0,0,0,0,0,0
54,33,40.071048736572266,93978,4,0.2523202586386752,3,0,0,0,0,1,0
35,5,70.58657836914062,93077,4,2.090668797993444,2,0,1,0,1,1,1
56,27,55.80882263183594,89835,1,2.112842080774636,1,0,1,0,0,0,0
46,28,45.91061401367188,93107,1,2.676341211753832,3,0,0,1,0,1,0
48,16,77.36817932128906,94260,2,2.4682851616046726,1,150,1,0,0,1,0
56,34,44.02478790283203,93186,4,0.2759302467603783,2,0,0,0,1,0,0
42,11,16.853504180908203,95627,1,0.2804204553573284,1,77,0,0,0,1,0
51,31,87.17485046386719,91962,4,0.3659485957065428,3,0,0,0,0,0,0
52,24,112.98033905029295,90101,1,3.662358705625571,1,0,0,0,0,1,0
31,8,48.52437210083008,92085,4,1.6400008498663208,2,0,0,0,0,1,0
62,40,101.61184692382812,93015,3,0.3344765720961985,1,354,1,0,0,0,0
34,5,103.47015380859376,94568,2,1.301345427671353,3,0,1,0,0,1,0
24,0,138.41845703125,92193,4,1.5778100080119186,2,0,0,1,0,1,1
50,25,17.287172317504883,95748,2,1.0227065341529131,3,0,1,0,0,0,0
34,29,45.20880126953125,91780,3,0.4768242987972041,2,145,1,0,0,0,0
57,31,20.823490142822266,93525,3,0.0504492724971785,2,0,0,0,0,0,0
42,14,56.5947380065918,92110,4,0.8402280781637159,3,0,0,0,0,1,0
38,19,161.74705505371094,91795,3,1.7895694140393397,3,615,1,0,0,0,0
46,22,27.11866950988769,95178,2,0.3514781660403109,3,0,0,0,0,0,0
41,2,33.37586212158203,90205,3,0.160418050278266,1,0,0,0,0,0,0
60,24,50.14928817749024,91214,2,1.3717116170536097,3,152,1,1,0,0,0
27,4,106.9915771484375,94119,2,2.951457245853688,3,0,1,0,0,0,0
44,17,66.19315338134766,94034,3,0.7341554914298762,2,0,1,0,0,1,0
46,13,154.2130126953125,94949,3,2.6691205380428342,1,390,1,0,0,1,1
44,30,193.25616455078125,93192,4,9.92551812308987,3,0,0,0,0,1,1
32,6,61.51207733154297,94269,4,1.758036090171262,1,0,0,0,0,0,0
30,2,113.3410186767578,95387,4,1.8715193466054012,2,0,0,0,0,0,0
46,19,153.22889709472656,91292,1,1.627643207725347,1,0,0,0,0,1,0
25,1,74.63179779052734,92575,4,1.0207366205381363,1,0,0,0,0,0,0
41,14,99.86651611328124,95082,2,9.150448694781446,1,0,1,0,0,1,0
35,18,38.341644287109375,91957,2,1.3707840985601507,1,228,1,1,1,1,0
49,16,86.11788177490234,92069,4,2.132727177886885,1,0,0,0,0,0,0
62,35,32.58032989501953,91487,1,0.4593680258719375,1,0,0,0,0,0,0
44,21,78.32328033447266,90089,2,0.5828010926231872,1,0,0,0,0,1,0
36,15,90.82975769042967,90060,4,1.3430084503610111,1,0,0,0,0,0,0
51,30,34.93608856201172,95484,2,0.2304351094929787,3,0,0,0,0,1,0
38,11,21.84019088745117,93510,3,0.4630880029387847,3,233,0,0,0,0,0
29,5,120.2663345336914,94213,1,2.4561319127290693,1,0,1,0,0,1,0
52,14,56.22555541992188,90871,4,0.2581423942411266,3,0,0,0,0,0,0
34,7,155.29148864746094,95762,3,7.143785804566605,1,0,0,0,0,1,0
42,13,46.133731842041016,92270,1,1.767017487941512,2,108,1,0,0,1,0
57,29,66.46296691894531,92055,2,1.2510699687662197,2,240,0,0,0,0,0
46,16,71.26979064941406,94390,3,3.681451095190015,3,218,0,0,0,0,0
32,4,16.64995002746582,93140,3,0.4484366532821533,3,77,1,0,0,1,0
39,11,49.9942512512207,90071,3,0.5262130994382755,2,0,0,0,0,0,0
39,22,119.26724243164062,95362,1,2.899959884603613,1,246,0,0,0,0,0
59,38,24.294851303100582,96049,3,0.5182816880250498,2,0,0,0,0,1,0
58,35,50.68162155151367,92965,1,0.2821175083166856,1,0,0,0,0,0,0
64,39,136.1241455078125,93571,4,2.936389060628204,3,170,0,0,0,0,0
55,36,82.92316436767578,90332,1,1.1063500572869829,2,0,1,0,1,1,0
37,19,123.0125503540039,90114,4,2.201450892034881,2,0,0,0,0,1,0
63,31,46.83354949951172,94214,2,0.2361976187646613,2,0,0,0,0,0,0
52,29,93.01728057861328,93126,1,2.594196318617805,3,0,0,0,0,0,0
61,35,126.27301788330078,94723,2,3.3890943024726323,1,0,1,0,1,1,0
58,32,49.537376403808594,93529,4,1.1707401680577996,3,226,1,0,0,0,0
26,3,21.984664916992188,94207,3,0.6292473068718136,2,0,1,0,0,1,0
52,37,182.99073791503903,94592,1,5.574358319937509,1,0,0,0,0,1,0
53,28,156.840087890625,95261,2,7.429293911616956,1,0,1,0,0,0,0
42,17,13.718055725097656,91708,3,0.2828654834988154,3,0,0,0,0,0,0
60,32,70.28709411621094,92430,2,1.4389450804397803,3,0,1,0,0,1,0
49,26,13.323526382446287,90609,2,0.8538514071783646,1,0,1,0,0,1,0
43,13,41.217227935791016,89909,1,0.1057555779310317,2,0,1,1,1,1,0
42,22,75.40843963623047,94438,3,0.0326577485884892,1,0,0,0,0,1,0
41,15,35.594276428222656,95827,2,0.3514332204186636,3,0,0,0,0,0,0
65,36,13.059133529663086,91856,1,1.2151013676672466,2,109,0,0,0,0,0
48,21,73.37139129638672,95679,3,0.3457005884987315,2,0,0,0,0,0,0
33,8,73.97946166992188,91429,1,2.124632853036792,1,297,0,0,0,0,0
37,22,22.16067314147949,94320,2,0.9626012241892729,3,106,1,0,0,0,0
37,13,52.97783279418945,90247,4,1.418432741564437,3,0,1,0,0,0,0
34,7,69.08689880371094,94471,3,1.2058319046876391,1,0,1,0,0,0,0
30,0,46.34082794189453,95787,1,0.1478444645931549,2,260,1,0,1,1,0
40,23,57.429832458496094,95672,1,2.274882584117728,1,0,0,0,0,0,0
65,31,97.9626007080078,91928,1,1.357255437157305,1,0,0,0,0,0,0
56,31,79.71017456054688,93086,2,1.558820807220043,2,0,0,0,0,0,0
40,12,147.2412872314453,94525,4,0.8759297869527947,3,0,0,1,1,1,1
54,28,31.172103881835938,94435,3,1.8775196934516964,1,0,1,0,0,0,0
42,12,41.16259765625,94872,4,0.9921584357656812,2,156,0,0,0,1,0
47,8,38.16527938842773,92918,4,2.392314071077526,3,136,0,0,0,1,0
41,8,151.32313537597656,95443,2,4.007784079631972,1,204,0,1,0,0,0
37,17,164.6974334716797,94573,2,2.616140126122982,3,167,1,0,0,1,1
49,18,97.5507354736328,90183,1,3.0056828735231598,2,231,1,0,0,1,0
50,23,38.69467544555664,93036,3,0.2681362549373215,2,0,1,0,0,1,0
44,11,45.667747497558594,94558,3,0.3673724070618354,2,0,0,0,0,1,0
31,5,117.4873275756836,91692,2,3.435245443175295,1,0,0,0,0,1,0
46,13,41.319923400878906,94762,3,0.8283944437976292,2,0,0,0,0,1,0
50,15,73.20893859863281,95414,2,1.9019593283688487,1,0,0,0,0,1,0
46,22,110.98761749267578,90112,1,4.069014480433053,1,0,1,0,0,0,0
37,12,48.42547607421875,93450,2,0.5357433816865194,3,0,0,0,0,0,0
48,30,195.80197143554688,92585,1,1.7073076931963196,1,380,0,0,0,1,0
28,1,48.61483001708984,91586,4,0.3584746262503278,1,115,0,1,0,1,0
52,10,104.20548248291016,95168,2,2.941900775656119,1,0,0,0,0,0,0
44,18,89.22565460205078,94309,3,0.4723388280021445,2,0,0,0,0,1,0
60,26,38.34772491455078,94389,1,2.0077391773690976,1,0,0,1,0,0,0
65,38,58.4135971069336,94052,2,3.0120854165165887,3,0,1,0,0,1,0
27,2,163.51437377929688,93843,1,4.726568915952862,1,0,1,1,1,1,0
26,3,40.53662490844727,95105,1,0.0975582233311326,3,0,0,1,0,0,0
29,9,109.57390594482422,94334,3,2.0108444958869534,1,0,1,0,0,1,0
33,3,173.0967559814453,91552,2,2.833456219336859,1,0,0,0,0,1,0
46,21,187.22735595703125,90359,2,3.80763316071105,2,388,0,1,0,1,1
62,42,30.174707412719727,91243,3,0.3997279068668536,3,0,0,0,0,1,0
39,21,57.90083694458008,91859,1,2.235735988874905,3,272,1,0,0,0,0
45,25,26.03661727905273,91201,4,0.2675842765953994,1,0,0,0,0,1,0
44,18,67.5881576538086,95097,1,1.2123994939619291,2,0,0,0,0,0,0
40,24,64.73223876953125,92004,1,0.770499721542762,2,0,0,0,0,1,0
40,3,38.22337341308594,94338,1,2.084417946454602,3,0,0,0,0,1,0
34,12,152.51551818847656,94468,4,1.9967673925227087,2,100,1,0,1,1,1
48,35,21.31703186035156,94574,3,0.8049194599778178,1,0,0,0,0,0,0
35,8,60.676788330078125,94485,4,2.9574059826025185,1,316,1,0,0,1,0
44,28,53.38502502441406,94595,4,0.6567697519690168,1,89,1,0,0,0,0
57,33,89.25007629394531,90062,4,2.085631566174035,2,0,0,0,0,1,0
32,4,71.98184204101562,92780,2,0.2395484332221135,2,0,0,0,0,1,0
54,23,81.47164916992188,95423,2,3.2706406922920275,2,0,0,1,0,1,0
45,11,42.78643798828125,94586,1,2.014938759709856,1,219,0,0,0,1,0
60,40,24.124977111816406,95260,2,1.0169459234656528,3,56,0,1,0,1,0
45,23,35.74563980102539,91812,1,0.6398224517264893,2,154,1,0,0,1,0
40,25,53.60920715332031,96064,1,1.2306685584350137,3,0,0,0,0,1,0
52,15,63.82200622558594,91234,3,2.120263580734697,2,0,0,1,1,1,0
61,37,63.07697296142578,92865,1,1.2606191520593932,3,0,0,0,0,1,0
43,12,51.5031623840332,95776,1,1.0621953699638207,1,177,1,0,0,1,0
41,13,51.56278991699219,95116,3,1.8756017562083669,3,0,0,0,0,1,0
46,18,139.9007568359375,92732,2,2.519708351548801,1,400,1,0,0,1,0
63,24,72.37353515625,90005,2,1.39204683494123,1,0,1,0,0,0,0
32,18,38.87537384033203,92009,1,0.2344541923306471,3,0,1,0,0,0,0
53,26,37.00186538696289,94464,4,1.224819144684488,2,0,1,0,0,1,0
50,19,36.917259216308594,94799,1,0.4336418297720775,1,0,1,0,1,1,0
33,8,18.1815185546875,90479,3,1.3949223727661306,1,0,0,0,0,0,0
65,38,21.941585540771484,92171,4,0.1795513848068173,3,99,0,0,0,1,0
34,10,163.69479370117188,95123,1,4.987530710591598,1,0,0,0,0,1,0
55,36,135.6654510498047,92582,4,2.0041841123002406,3,0,1,0,1,1,1
39,14,138.49368286132812,92167,2,0.2988182709710403,2,369,0,0,0,1,0
31,10,22.00963592529297,91849,4,1.4915737431600862,3,0,0,0,0,1,0
39,13,98.1278076171875,93456,4,1.2504041976751503,1,232,1,0,0,0,0
53,16,44.289947509765625,92309,3,1.199211640581599,2,0,0,0,0,1,0
35,10,89.423828125,94407,1,1.5694305192413038,3,159,1,0,0,0,0
50,31,62.93446350097656,95047,1,3.181999503989545,1,0,1,0,0,1,0
57,31,133.55984497070312,94540,2,2.185772707541948,2,0,0,0,0,1,0
64,38,118.17053985595705,92131,4,2.379726734899387,2,0,0,0,0,0,1
56,32,130.541748046875,94698,2,3.4267793166529383,1,0,1,0,0,0,0
57,17,21.672752380371094,95031,4,1.5126446213678897,1,0,1,0,0,1,0
64,40,43.88320541381836,93862,1,0.0258539394513656,3,0,0,0,0,0,0
61,35,26.940305709838867,90334,3,0.0386301272214508,3,72,0,0,0,0,0
40,7,131.830322265625,95206,3,1.1192473426911431,1,167,0,0,0,0,0
38,7,45.49155426025391,92141,3,1.2983957175372112,3,186,0,0,0,1,0
46,22,47.43730926513672,94123,3,3.080298435167045,1,0,0,0,0,0,0
64,37,33.33555603027344,92642,2,0.1451677986419796,2,0,1,0,0,1,0
31,12,72.32263946533203,92234,2,1.3562049755667405,1,0,0,0,0,1,0
33,3,39.84543991088867,91729,3,0.037139963160225,2,0,1,0,0,0,0
46,16,80.12313079833984,92452,3,3.0105249395660567,1,129,1,0,0,1,0
36,10,50.06910705566406,93126,2,1.237791864496056,2,0,1,0,0,1,0
46,11,79.38277435302734,93942,2,1.6694359238924426,1,0,1,0,0,1,0
23,0,38.23322296142578,95798,4,2.4828757989955514,1,0,0,0,0,0,0
45,21,80.11666870117188,91490,3,2.1235671919310377,3,0,0,0,0,1,0
63,37,55.54301452636719,94911,1,0.4660266952459717,1,299,1,1,1,1,0
30,8,123.0671157836914,89930,2,1.593287187616822,1,0,0,0,0,1,0
40,10,71.7213134765625,91646,3,0.4498045397216308,1,117,0,0,0,1,0
58,29,176.3887939453125,94164,2,4.038043527200576,1,486,0,0,0,1,0
29,3,77.12024688720703,92728,2,3.0760751277241787,1,392,1,0,1,1,0
23,-3,106.32305145263672,93536,2,0.8206827835659839,1,0,0,0,0,0,0
29,16,102.72380828857422,92975,2,2.0555201002645727,2,0,0,0,0,0,0
38,13,33.98307800292969,95246,2,0.3829526767198533,1,0,1,0,0,1,0
64,29,41.84704208374024,92888,2,2.373627545579135,3,0,0,0,0,1,0
60,37,89.52933502197266,90396,2,0.8003255041272416,1,0,0,0,0,1,0
59,36,28.80286026000977,92095,1,1.9282626034432235,3,158,0,0,0,1,0
29,5,38.951881408691406,93226,4,1.852825148685922,2,0,1,0,0,1,0
62,37,138.03187561035156,90602,2,1.7191135698023026,1,225,0,1,1,1,0
41,21,24.335947036743164,91407,2,0.7849012823112865,3,155,0,0,0,1,0
33,8,189.5960235595703,90440,1,2.2868228135487243,1,0,0,0,0,0,0
36,21,60.47050476074219,90461,3,3.287091828044685,2,0,1,1,0,0,0
25,-1,28.455080032348636,95973,1,0.8293952706981345,1,0,0,0,0,1,0
52,33,103.09420013427734,94947,3,2.85768603558064,2,0,0,0,0,0,0
26,1,91.4769287109375,90947,2,2.0536086610985103,1,0,0,0,0,1,0
48,21,38.25821685791016,92600,4,0.2844331863260043,1,138,0,0,0,1,0
58,32,69.61042785644531,90276,3,1.9240612316682977,2,0,0,0,0,1,0
59,35,118.70801544189452,94848,2,0.3232783735561699,2,0,0,0,0,0,0
43,15,43.75733184814453,92746,1,0.2580323828068475,1,0,1,0,0,1,0
26,5,149.20582580566406,90258,4,2.760848008413503,1,263,0,0,0,0,0
36,9,44.95327377319336,91035,1,0.4035308421955635,1,0,0,0,0,1,0
56,29,126.07943725585938,95017,2,2.800195438522375,1,326,0,0,0,1,0
61,32,36.15228271484375,94311,4,0.0086688541846819,2,0,1,1,0,0,0
29,0,87.50079345703125,89962,1,3.0389709693065194,3,372,0,0,0,0,0
40,16,48.05286407470703,94043,4,0.3720088496769437,1,0,1,0,0,1,0
30,11,153.4591522216797,91173,2,4.09698276035695,1,0,1,0,0,1,0
65,41,56.69392013549805,95638,3,2.692920045369243,2,0,0,0,0,1,0
46,16,68.24853515625,91448,4,1.982312605264418,1,0,1,0,0,1,0
53,33,61.17818832397461,92862,3,0.0400898781742888,1,0,1,0,0,0,0
62,34,20.736888885498047,94633,4,1.034913519564311,2,0,0,0,0,1,0
59,23,65.42271423339844,90654,2,0.1919819963301308,1,0,0,0,0,0,0
25,7,47.61605453491211,94119,3,0.481031858069625,2,0,0,0,0,0,0
57,39,63.6606559753418,91407,2,1.901604433561494,1,0,1,0,0,0,0
65,35,100.38809204101562,93832,4,1.869287758927852,1,0,0,0,0,1,0
39,23,106.87464904785156,95106,1,2.2195848378036884,1,387,1,0,0,1,0
32,10,79.48838806152344,94371,4,1.4311658697085057,2,0,0,0,0,0,0
42,22,27.93783569335937,91973,2,0.2885728179344277,2,65,1,0,0,1,0
32,4,45.83141708374024,93902,4,1.4348386511094091,3,0,0,0,0,1,0
28,9,91.49988555908205,95255,1,0.5786703913860911,1,107,1,1,0,1,0
39,19,51.26796340942383,94480,3,1.3290205892145934,3,0,0,0,0,0,0
33,9,59.63977813720703,93935,3,2.551529814465047,2,254,0,0,0,0,0
56,31,28.877456665039062,96277,4,1.5949399637709498,2,0,0,0,0,1,0
40,13,69.45829010009766,90981,3,1.3191896074058933,3,0,0,0,0,0,0
30,4,76.4444580078125,94361,1,0.0356308869702773,3,0,0,0,0,0,0
51,19,20.82205581665039,95144,4,1.5204991915717296,3,189,1,0,0,1,0
37,19,60.21821975708008,94733,3,2.683222763512457,1,0,1,0,0,0,0
64,34,64.00738525390625,95409,1,1.5632969775489718,3,0,0,1,0,0,0
27,3,47.23777389526367,91345,3,0.8654523326184973,2,0,0,0,0,1,0
32,7,72.82099914550781,95437,3,0.5678142733297629,1,0,0,0,0,1,0
53,23,47.91977310180664,92977,2,0.1861314003711974,3,98,0,0,0,0,0
61,35,195.0175018310547,92860,3,1.8015532150760656,2,372,0,0,0,0,1
53,25,192.07394409179688,94801,1,7.592389086506147,1,0,0,1,0,1,0
53,20,135.27740478515625,94624,2,1.73246071404004,1,0,0,0,0,1,0
26,3,76.9950180053711,94481,4,1.8718210857447497,1,212,1,0,0,0,0
40,14,87.7031021118164,92818,2,2.0343011495878294,3,0,0,0,0,1,0
52,30,35.83143615722656,91761,1,1.537737926948412,1,0,0,0,0,0,0
31,9,62.56607055664063,95771,3,2.279261576620273,2,0,0,0,0,1,0
50,24,40.569244384765625,92185,2,0.0702360003778821,2,0,0,0,0,1,0
49,29,72.20352935791016,95391,3,2.095528280581036,2,268,1,0,0,0,0
27,-2,37.76166534423828,95184,4,1.8363925252215016,1,0,0,0,0,1,0
34,11,43.800079345703125,94486,3,2.0318131629705483,2,0,1,0,0,0,0
51,28,53.64582443237305,95359,2,3.596491011931972,3,0,0,0,0,1,0
62,38,60.83366394042969,90112,2,2.629800910810104,3,523,1,1,0,1,0
58,28,32.3662109375,94446,4,0.8121501234933505,2,0,1,1,0,1,0
54,31,48.52318572998047,90286,1,1.166844173136773,3,191,0,0,0,0,0
57,34,33.6244010925293,92061,2,1.2609058661436832,3,0,1,0,0,0,0
33,10,74.98969268798828,91351,4,3.2142981485375097,3,0,1,0,0,1,0
59,32,54.15361022949219,93232,2,1.77630941277804,3,0,1,0,0,1,0
24,2,33.672569274902344,92981,3,1.1077398079403138,3,118,1,0,0,1,0
55,30,37.214393615722656,95769,1,2.135048371705319,3,0,0,0,0,0,0
35,7,67.98255920410156,94188,4,2.2807368143776463,1,0,1,0,0,0,1
61,26,42.38303756713867,92234,3,1.3790359233386271,2,0,0,0,0,0,0
43,25,29.48861312866211,95628,3,0.1171469859858946,1,0,0,0,0,1,0
25,8,65.6313705444336,94257,4,0.2936030016277883,1,0,1,1,1,1,0
36,9,38.36435317993164,94643,1,1.918521098988141,1,0,1,0,0,1,0
64,36,16.100648880004883,93020,1,1.4570029710649766,3,0,0,1,0,1,0
46,29,16.996084213256836,92144,4,1.2976895565664148,3,0,0,1,0,1,0
59,32,59.30669021606445,94323,2,1.062443361450252,3,0,0,0,0,1,0
30,4,84.72903442382812,94794,4,0.7430570695659924,3,0,0,0,0,0,0
32,23,166.70863342285156,91081,1,2.5809530435500654,3,320,1,0,0,1,1
55,33,53.04135513305664,94321,4,0.8723279542035115,2,0,0,0,0,1,0
63,35,40.36027145385742,94648,4,0.1433452655693868,2,0,0,0,0,0,0
63,34,124.91432189941406,90527,2,3.0710966782607407,3,287,1,0,0,1,1
43,17,52.928104400634766,95500,2,1.101853682339346,3,0,0,0,0,1,0
36,3,71.14096069335938,95052,2,1.6504433385435455,2,0,0,0,0,1,0
46,14,113.60274505615234,95354,3,5.920190111098735,1,0,1,0,0,0,1
33,14,71.14300537109375,94616,4,1.2690292026467618,1,128,1,0,0,0,0
34,12,45.26050567626953,89973,1,0.4153671908392081,3,0,0,0,0,0,0
46,21,114.25537872314452,90093,3,2.370831594270516,3,0,0,0,0,1,0
54,30,46.28337478637695,92764,3,1.476348956591489,1,0,0,0,0,0,0
55,36,14.080745697021484,94654,4,0.1591843592281481,3,170,0,1,0,1,0
58,31,84.4073486328125,92916,4,2.4918243179061537,3,0,0,1,1,1,0
43,16,36.002159118652344,94419,3,0.7557199370877974,2,0,0,0,0,0,0
48,33,36.350685119628906,92094,4,1.9423903689062207,2,0,0,0,0,0,0
39,18,95.30687713623048,90276,2,1.6505585071508146,1,0,0,0,0,1,0
39,19,70.51268768310547,90888,3,0.9833731775840272,1,0,1,0,0,1,0
46,24,13.559311866760254,93064,4,0.8127568278024447,1,0,0,0,0,0,0
54,28,58.94565582275391,92615,4,0.6138621958382349,2,0,0,1,0,0,0
66,39,47.82573699951172,91602,1,1.2591496931913733,3,151,0,0,0,0,0
43,18,56.99208831787109,91969,3,0.4396297894188283,3,0,0,0,0,1,0
38,12,70.98406982421875,95706,1,3.021506452951739,3,0,0,0,0,0,0
52,24,29.42928123474121,94709,3,0.3350659351140703,2,0,0,0,0,1,0
58,35,110.12535858154295,92504,2,2.4967804440161023,1,0,1,1,0,0,0
37,17,71.4307632446289,95803,4,2.3013860508175266,3,0,0,0,0,1,0
41,7,46.14035034179688,94115,3,2.559582085259042,3,0,0,0,0,1,0
64,36,165.581298828125,91655,1,5.60145957669879,3,0,0,1,1,1,1
28,4,32.7558479309082,94675,2,2.571645470765524,2,0,0,0,0,0,0
30,18,152.63589477539062,91696,2,2.277678983071866,2,0,1,0,0,1,1
62,40,86.25554656982422,94297,4,1.7479930722279278,1,90,1,0,0,0,0
59,37,48.7237663269043,91887,4,1.3173821582290808,1,0,1,0,0,1,0
60,37,68.90618896484375,92400,4,1.2508427663258967,3,0,0,0,0,1,0
29,5,83.0721435546875,95053,1,0.7534474309037189,3,0,0,0,0,1,0
53,22,15.656262397766112,90047,1,1.4522464644674618,3,118,0,0,0,0,0
59,33,33.88930892944336,90208,2,1.6100163161127363,3,101,0,0,0,1,0
26,1,129.576416015625,91847,3,2.6598211824764406,2,0,1,0,0,0,1
30,3,43.62133026123047,90278,2,0.3660948481992975,1,0,0,0,0,1,0
25,2,77.84192657470703,94273,3,2.123016783091554,2,0,0,0,0,0,1
29,0,83.81547546386719,91382,3,1.2836836101778952,1,148,0,0,0,0,0
49,18,81.21109008789062,94483,4,0.2670263738018427,2,0,1,0,0,0,1
49,23,16.80083465576172,93406,1,0.3846282044287649,3,0,0,0,0,0,0
41,12,167.39044189453125,90698,4,4.0557816484787725,2,0,0,1,0,0,1
47,19,16.28030776977539,95751,2,0.1726810054828532,1,0,1,0,0,1,0
57,32,102.87167358398438,96147,2,0.5848201821221466,1,0,0,0,0,1,0
61,36,39.48907852172852,95533,3,2.860912010411501,3,0,0,0,0,1,0
64,40,25.323087692260746,93926,3,0.3626730220692463,3,0,0,0,0,0,0
27,1,73.02265930175781,95936,4,1.5582031817648274,1,98,0,0,0,0,0
53,21,24.89425468444824,94776,2,0.3984663457826053,3,241,0,0,0,1,0
47,31,52.19024658203125,95055,3,1.4033400401436442,2,0,1,0,0,1,0
55,35,50.195796966552734,95931,3,1.652658081504791,2,0,0,0,0,1,0
52,27,75.39352416992188,94798,2,0.726931163854114,2,178,0,0,0,1,0
44,26,42.89643096923828,90110,4,0.3574131306913317,2,0,0,0,0,1,0
51,25,55.268802642822266,92795,3,0.7183370277973219,3,116,0,1,0,1,0
56,30,37.91754150390625,95303,2,0.9321152127284704,3,0,0,0,0,1,0
57,30,114.25196838378906,94261,1,6.571375075241618,1,340,0,0,0,1,0
37,6,92.37665557861328,94803,1,0.4969225909509085,1,86,0,0,0,1,0
56,25,59.81256103515625,94302,3,1.2842578108922906,2,0,0,0,0,1,0
33,17,128.05859375,92806,1,1.472819750347465,1,0,1,0,0,0,0
56,37,100.63543701171876,92219,2,0.3476306541087702,1,0,0,0,0,0,0
58,36,62.77578353881836,94306,1,2.138752129187054,3,0,0,0,0,1,0
64,39,31.236438751220703,94335,4,1.966864188149624,3,0,1,0,0,1,0
53,32,32.256797790527344,91718,2,0.5198255005095709,1,158,1,1,0,0,0
47,11,19.421241760253903,92965,4,0.2202938956269131,2,75,0,0,0,0,0
32,7,84.552001953125,94216,2,1.6551766040701037,2,359,0,0,0,0,0
33,6,140.718505859375,93091,4,5.956598047288603,3,0,1,0,0,0,1
43,17,136.42324829101562,93898,2,1.5811830625347816,1,112,0,0,0,0,0
64,39,78.40641021728516,91779,2,2.3807122592183187,1,385,0,0,0,1,0
48,22,73.31005859375,95169,3,4.878283384817951,1,220,0,0,0,1,0
63,27,72.95266723632812,92087,1,3.126510643969927,3,260,0,0,0,1,0
43,18,44.76054000854492,91845,1,1.577957754541658,1,228,1,0,1,1,0
47,23,114.44304656982422,92075,2,1.3929088354046797,1,0,0,0,0,0,0
41,23,75.36839294433594,91580,4,0.4029183744396478,1,0,0,0,0,0,0
38,11,110.86148834228516,93016,2,1.2473804768955958,1,157,1,0,0,1,0
28,1,84.5253677368164,93235,4,0.7152758259177929,1,255,1,0,0,1,0
40,20,99.5047836303711,92796,2,0.7465532832964874,1,0,1,0,0,0,0
28,9,97.62262725830078,94306,4,2.982341773023625,2,0,0,1,0,1,0
42,20,121.3257064819336,94797,2,7.082103181827219,2,0,0,0,0,0,1
34,6,69.99256896972656,93935,1,1.6241857506736224,1,0,0,0,0,1,0
67,41,50.51111602783203,89980,3,1.4499583290732485,1,164,0,1,1,1,0
30,6,111.0095443725586,91932,2,3.7527206324629607,1,0,0,0,0,1,0
33,10,47.53771209716797,94562,2,2.17460637477583,2,0,0,0,0,0,0
42,15,58.2817497253418,95597,1,2.219523617818405,3,0,0,0,0,0,0
56,35,28.477596282958984,91472,4,0.800943039074236,1,167,1,0,0,1,0
53,23,49.71489334106445,90131,2,0.4421992442907825,1,0,1,0,0,0,0
62,34,100.09542846679688,92937,2,0.4027682872828732,1,0,0,0,0,0,0
39,4,43.31886672973633,91315,2,0.1310853191132168,3,0,0,0,0,0,0
45,14,15.348933219909668,94661,4,1.2479580708725455,2,90,0,0,0,0,0
35,9,129.16448974609375,94198,4,1.7611586743222765,3,200,0,0,0,0,0
45,17,81.87391662597656,90666,1,1.6693910813965325,3,0,0,0,0,1,0
33,7,59.020416259765625,94629,4,2.1953179488011823,1,149,1,0,1,1,0
29,10,33.45415496826172,95548,4,0.5246018169742457,2,95,0,0,0,1,0
41,16,41.60626220703125,94683,1,0.4708852768945298,1,101,0,0,0,0,0
54,17,170.38888549804688,94852,2,8.591758492354966,2,231,0,1,0,1,1
58,29,175.95542907714844,94213,2,2.08502809825848,1,0,0,0,0,0,0
63,39,34.464866638183594,94690,2,1.3487005930836762,3,0,0,0,0,0,0
51,28,25.24657440185547,92502,1,2.7587782414316107,2,0,1,0,0,0,0
60,33,60.24940872192383,96123,3,1.3720500477774369,1,0,0,0,0,1,0
62,37,31.581960678100582,92201,2,1.3684416603839162,2,0,0,1,0,0,0
57,6,175.48004150390625,92330,3,2.546176787057904,3,0,0,0,0,1,1
58,34,86.71110534667969,95592,3,3.721523523088405,1,376,0,0,0,0,0
52,32,44.03253173828125,94696,4,1.1273808203761448,1,0,0,0,0,1,0
27,3,205.1997985839844,91172,2,7.841761103312361,1,0,0,0,0,1,0
41,8,127.2536163330078,94578,1,0.1622817550120998,1,0,0,0,0,0,0
53,31,95.17272186279295,95245,2,7.034517790361342,1,0,0,0,0,1,0
56,26,114.680419921875,92001,2,3.3926011902030546,1,0,0,0,0,1,0
33,9,67.77650451660156,92000,4,2.517514880566142,3,138,1,0,0,1,0
47,19,38.37482070922852,90070,2,0.7258124257501375,1,0,0,0,0,0,0
44,19,68.2709732055664,95188,1,0.0963650657411216,1,0,0,0,0,1,0
32,5,201.2760467529297,91765,2,5.246399994247122,1,0,1,0,0,1,0
25,1,124.2004623413086,95702,3,1.4761668899042073,2,0,0,0,0,0,0
33,7,49.59247589111328,94975,3,2.100197361756746,2,0,0,0,0,1,0
29,13,157.54420471191406,95276,4,0.7214430294907918,1,0,0,0,0,1,0
60,30,160.64801025390625,95352,1,6.205307187488586,3,0,0,0,0,1,1
42,33,111.53753662109376,91992,3,0.7969390268914183,3,0,0,0,0,0,0
42,9,8.918306350708008,90067,1,0.105652616215717,3,101,0,0,0,1,0
58,36,48.82199478149414,92429,2,0.7572917546945505,1,0,0,0,0,1,0
56,21,43.40826034545898,95326,4,0.2841011795952728,2,0,1,1,1,1,0
57,21,18.12843132019043,96284,2,0.0458595895978516,3,0,1,0,0,0,0
45,5,10.605826377868652,92253,4,0.720016591261551,2,0,0,0,0,1,0
58,38,32.15731430053711,91245,3,1.2704267874028017,3,0,0,0,0,1,0
30,5,149.62680053710938,89999,2,1.5547236448317734,1,0,0,0,0,1,0
66,40,85.68022155761719,91378,2,2.071614054841598,1,0,0,0,0,0,0
28,8,51.13404846191406,94946,1,0.4982648252267715,2,77,0,0,0,0,0
27,3,90.47212982177734,94270,3,2.770604286556929,1,153,0,0,0,1,0
57,28,38.78338623046875,94436,3,1.3368016757014018,2,139,1,0,0,1,0
29,11,32.43431091308594,94830,3,0.4383613316994299,1,165,0,0,0,1,0
62,36,16.02513313293457,94791,4,0.9235207728375798,2,120,0,1,0,0,0
40,11,44.629520416259766,94266,4,0.3034872638192589,2,0,0,0,0,0,0
30,6,143.7466278076172,94345,2,2.3650408871512387,1,0,1,0,0,0,0
41,14,104.94782257080078,95217,3,1.7017419882208291,3,278,0,0,0,0,1
44,13,44.86703872680664,92048,3,2.7262727978762142,1,243,0,0,0,1,0
60,38,39.10791015625,91274,2,0.7632122240256627,2,0,0,0,0,0,0
42,13,189.6366271972656,93935,2,8.408731191799518,1,0,0,0,0,1,0
57,19,53.64668655395508,92944,4,1.5034688125226583,3,229,1,0,0,1,0
53,25,22.684547424316406,95206,1,1.76499761124572,3,0,1,0,0,0,0
63,31,37.071388244628906,91234,3,1.115432049145967,1,0,0,0,0,0,0
51,27,33.353271484375,91949,4,0.2313579557614536,1,0,1,0,0,0,0
60,29,29.152986526489254,93477,3,0.4087558865848892,1,148,0,0,0,0,0
39,17,184.31797790527344,95207,2,4.89466716673429,1,259,1,0,0,1,0
58,26,96.97903442382812,91374,2,0.6507013259090756,1,0,1,1,0,0,0
61,37,22.69451904296875,94429,3,0.6174435197858835,3,0,0,0,0,0,0
42,15,20.874855041503903,94320,4,0.2969366431814974,3,0,0,0,0,1,0
60,33,29.55375289916992,91332,1,0.3057458384944239,1,0,1,0,0,1,0
49,24,24.37579345703125,90317,1,0.2437375292731971,1,0,0,0,0,1,0
59,37,17.610671997070312,91881,4,1.5492731716898245,2,0,1,0,0,1,0
53,27,75.03942108154297,91681,1,0.8640111846280842,1,0,1,0,0,0,0
26,5,89.51459503173828,94037,3,0.457257070373327,2,0,0,0,0,0,0
31,5,126.5765380859375,91960,1,1.7653851929811948,1,0,0,0,0,1,0
34,17,44.267879486083984,91410,1,0.1371025554498525,2,0,0,0,0,1,0
36,5,64.79655456542969,91505,1,1.0963547984793012,1,199,0,1,0,0,0
62,39,121.69937133789062,92948,2,2.295616049015343,3,0,1,1,1,0,1
42,15,28.626781463623047,93146,4,0.1657656251814808,2,0,1,0,0,1,0
65,43,43.99778366088867,92077,3,1.5767769188155103,3,0,0,0,0,0,0
29,4,37.20358276367188,92887,2,1.527529628385507,1,0,1,0,0,1,0
65,42,40.42513275146485,92773,3,0.0660263315210629,2,86,0,1,0,1,0
46,28,63.89109420776367,92411,3,2.659531582698972,1,0,1,0,0,1,0
38,15,25.705108642578125,91710,1,2.732457639768492,1,0,1,0,0,1,0
37,2,57.21456146240234,92775,1,0.9476789767885784,1,0,0,0,0,0,0
61,27,61.9603157043457,94234,4,1.8497638355940669,2,0,0,0,0,0,0
49,27,19.630054473876957,95531,3,0.2264604036572065,2,0,0,0,0,0,0
44,24,123.29698944091795,94147,3,5.439680922989028,1,227,1,1,1,1,1
42,24,106.463623046875,92719,1,1.7264664918300303,1,162,0,1,0,0,0
46,24,72.39970397949219,94335,2,0.2052439732331818,2,0,0,0,0,1,0
43,13,75.27076721191406,90335,1,5.575486981047215,1,0,0,0,0,0,1
45,31,38.97943115234375,93351,4,1.9850845699538215,1,0,1,0,0,0,0
47,29,32.12755584716797,93158,4,0.7410607642928156,2,0,1,0,0,1,0
61,35,48.07468795776367,95551,3,0.9832842169109596,2,0,0,0,0,1,0
34,15,101.1174087524414,90453,4,2.688508152799768,2,0,1,0,0,0,1
34,16,72.76216125488281,91750,2,1.1785104615429003,2,0,0,0,0,1,0
40,12,84.31185150146484,91435,4,0.0106802090140006,3,0,0,0,0,0,1
60,28,49.17536926269531,94709,3,1.4130594138421166,2,133,0,0,0,0,0
46,18,52.12402725219727,91826,4,0.3565882843472061,1,0,1,0,0,0,0
36,9,96.93247985839844,90141,1,1.2137715509151974,1,173,0,1,0,1,0
55,36,40.70361709594727,91432,1,1.629957357998804,3,148,0,0,0,1,0
43,18,162.60955810546875,95573,1,4.815520968163417,1,288,1,0,0,0,0
35,8,95.83939361572266,95203,2,0.1902408337680711,1,0,1,0,0,1,1
44,20,29.505428314208984,94307,4,2.5355808056470304,2,0,0,0,0,1,0
60,37,50.244136810302734,92050,3,2.353046087203352,2,0,0,1,0,1,0
50,29,30.064990997314453,91220,2,0.5051515869955225,2,0,0,0,0,1,0
32,4,48.68343734741211,92132,4,1.3399843049506863,2,0,0,0,0,0,0
42,23,71.8155517578125,93651,2,1.0053201060114,3,0,0,0,0,1,0
30,5,117.1584930419922,94181,2,0.369483480410123,2,0,0,0,0,0,0
38,16,109.81719970703124,92979,4,2.885972207111895,3,0,0,0,0,1,0
43,17,38.45146179199219,95781,4,0.3708357239628083,2,0,0,0,0,0,0
29,8,48.50797653198242,92754,4,1.5156709523777667,1,0,0,0,0,0,0
40,15,51.80048370361328,91155,4,1.99269973067558,3,0,0,1,0,1,0
53,26,110.6045913696289,95128,2,1.403430161780043,1,0,1,0,0,1,0
45,21,201.86219787597656,94304,1,1.9564277129934529,1,0,0,0,0,0,0
29,2,64.77287292480469,92205,4,1.5838041958767923,2,0,0,0,0,1,0
35,14,40.31338119506836,95856,3,1.80001797868332,1,0,0,0,0,0,0
25,1,45.55889892578125,94846,3,1.2399876852654654,2,126,1,0,0,0,0
40,18,62.286415100097656,92686,3,0.9534461120828128,3,204,1,1,0,0,0
51,27,43.968074798583984,92590,1,2.4926931626835738,2,0,0,0,0,0,0
36,13,102.32674407958984,95422,1,1.506438630172682,1,332,1,0,0,0,0
41,9,15.67064380645752,96136,1,0.171335847467566,3,102,0,0,0,1,0
65,39,66.37260437011719,92612,2,1.50783613999388,1,0,1,0,0,1,0
66,33,186.7939453125,94235,3,5.248425968055303,3,263,1,0,0,0,1
36,4,47.56863784790039,93978,4,2.548938780959628,2,0,1,0,0,1,0
52,31,22.06350898742676,94959,4,1.0187265379601578,2,0,0,1,0,1,0
57,35,17.983200073242188,94837,4,0.3154346152759337,2,0,0,0,0,1,0
42,24,140.6739501953125,94329,4,2.255068667227847,1,423,0,0,0,1,1
53,30,98.567138671875,93326,4,2.0243207776987253,1,0,1,0,0,1,0
66,40,29.43500518798828,95152,2,0.2589872599140866,1,130,1,1,1,1,0
37,15,114.29544067382812,94555,4,1.9972890790080888,1,591,0,0,0,0,0
41,27,145.370849609375,91453,2,3.17378166786943,1,0,0,0,0,0,0
39,22,101.75131225585938,94966,1,2.784804580517985,1,0,1,0,0,0,0
33,14,43.69694137573242,92885,1,0.5886656950567766,3,0,0,0,0,1,0
39,4,74.44023132324219,92461,4,1.631706936685036,1,0,0,0,0,0,0
38,9,9.840991020202637,93281,3,0.3399961015301641,1,101,1,0,0,1,0
58,31,76.66012573242188,91329,4,2.351815236089996,1,0,1,0,0,1,0
49,22,144.62876892089844,96582,4,7.546319079201568,3,392,0,0,0,0,1
53,29,55.97743606567383,94356,2,0.8676118177565311,1,0,0,0,0,0,0
32,7,22.320446014404297,95418,3,0.0220454110003988,2,0,1,0,0,1,0
49,22,107.50871276855467,93975,1,5.765219749066668,1,0,1,0,0,0,0
47,21,47.67401885986328,95645,4,1.576648092734231,2,0,0,0,0,1,0
65,34,111.88571166992188,93860,4,1.8885772335703737,1,0,0,0,0,0,0
63,37,28.690099716186523,95473,4,0.0551245549402179,2,0,1,0,0,0,0
43,23,55.33961486816406,90228,1,2.713567682971046,3,88,1,0,0,0,0
44,15,72.84780883789062,90989,1,2.223337608967609,3,233,1,0,0,1,0
40,21,30.658594131469727,92912,1,0.7712323284159646,3,136,1,0,0,0,0
53,21,20.84276962280273,90419,3,1.1378896007787649,3,0,0,0,0,0,0
59,35,67.4141845703125,91234,3,1.095824309755953,3,0,1,0,0,1,0
55,31,27.23468399047852,92105,3,0.8834964975291839,2,144,0,0,0,1,0
64,40,24.513931274414062,93836,3,1.3922414244991297,2,115,0,0,0,1,0
61,33,36.13632583618164,95881,1,2.800599970746213,2,172,0,0,0,1,0
39,16,75.36540985107422,93505,2,2.1262628723690584,1,0,1,1,0,0,0
62,37,26.32936668395996,92444,3,0.7858191048792504,2,0,0,0,0,0,0
39,27,81.84464263916016,92194,2,5.153585134906152,1,0,0,0,0,1,1
34,3,38.494903564453125,94986,4,0.4633428883161358,2,0,0,0,0,1,0
26,9,111.46898651123048,90846,2,0.3242733901025199,1,0,0,0,1,0,1
26,4,151.74888610839844,95248,2,6.791597841832008,1,0,0,0,0,1,0
44,36,126.82521057128906,94225,2,2.468163967204068,1,0,0,0,0,0,0
55,20,37.05529022216797,93899,1,2.4429381055494304,3,118,0,0,0,1,0
56,24,15.476577758789062,94735,3,0.1415028434975169,2,0,1,0,0,1,0
50,34,58.83253860473633,95764,1,0.3704313989725922,1,0,0,0,0,0,0
31,10,75.050048828125,90277,3,1.6258960456877634,1,0,0,0,0,0,0
32,2,44.49224090576172,95307,4,0.5969303597036066,2,0,0,1,0,1,0
52,29,41.11211013793945,94612,3,0.1243738433853109,2,105,1,0,0,0,0
44,22,92.68415069580078,91759,2,1.2096741363250745,1,190,0,0,0,1,0
51,23,72.61195373535156,93002,2,0.942042709010048,3,0,1,0,0,1,0
56,36,56.601036071777344,92260,1,2.6444360810885743,3,0,0,0,0,0,0
52,23,72.8248519897461,94114,4,1.860156361465525,1,0,0,1,0,0,0
58,35,215.27200317382807,94865,2,2.5308025003848305,1,377,0,0,0,0,0
38,5,53.21065139770508,94132,2,1.8667253620126685,3,0,1,0,0,1,0
55,28,79.01212310791016,92522,4,1.250608969619496,2,0,0,0,0,1,0
63,26,40.9997444152832,91721,3,0.4671646602829478,2,0,0,0,0,1,0
54,24,83.932373046875,92862,2,4.26538880306966,2,0,0,0,0,0,1
32,7,42.28721237182617,90302,4,1.4885547432755646,2,226,1,0,0,0,0
63,35,36.77321243286133,91505,4,6.62986069068517,3,0,0,0,0,1,0
50,23,46.24144744873047,94825,3,1.688922591029626,1,227,1,0,0,0,0
57,37,74.93826293945312,92559,2,1.3699938856751406,1,137,0,0,0,1,0
35,20,29.589435577392575,95415,2,0.7551972429068801,2,0,0,0,0,1,0
41,21,70.05789184570312,92143,4,1.482199469386361,2,0,0,0,0,1,0
49,27,40.58298873901367,90401,3,2.696982508367332,3,0,0,0,0,0,0
54,27,184.81532287597656,94432,1,7.208592514016564,1,0,1,0,0,0,0
34,6,47.74180221557617,94634,4,0.2120270076788536,1,97,0,0,0,1,0
59,32,35.54161071777344,93876,2,0.6142656456126114,3,0,0,0,0,0,0
29,3,97.8800811767578,94440,3,2.763620009047808,1,0,0,1,0,1,0
34,6,124.06165313720705,95081,2,1.8997888747470613,3,218,1,0,1,1,0
52,21,49.6595458984375,95682,4,2.000339255524296,2,81,1,0,0,1,0
35,14,49.05538558959961,91071,2,1.4115239989337351,3,0,1,0,0,1,0
50,25,107.83187866210938,94125,1,1.2228279760683085,2,0,0,0,0,1,0
52,24,79.75198364257812,91496,3,0.6148104515819577,2,177,0,0,0,0,0
62,38,56.56214141845703,94433,4,0.8596752488016056,2,0,1,0,0,0,0
35,5,88.91249084472656,89806,1,2.1790943223640613,1,0,1,0,0,1,0
61,35,127.54113006591795,95080,2,3.2322672783076296,3,0,0,0,0,1,0
30,8,67.9307632446289,93670,2,2.8708659253573487,1,0,0,0,0,1,0
35,3,52.73960876464844,90744,3,0.7161182321478945,2,0,0,0,0,1,0
48,33,83.39434051513672,92394,2,1.4655092362051358,1,397,1,1,1,1,0
48,27,37.42149353027344,94711,3,1.9901548168597285,2,0,1,0,0,1,0
41,20,67.80847930908203,92157,2,1.8161039913886683,1,0,0,0,0,0,0
47,24,33.266632080078125,93499,2,0.5922515241307101,3,0,0,0,0,0,0
42,16,125.63128662109376,95135,1,2.8062634733537,1,0,0,0,0,1,0
29,9,80.43568420410156,92527,4,3.3645031221914525,1,0,1,0,0,0,0
33,7,79.41275787353516,90765,2,3.0734824444023787,1,100,1,0,0,0,0
38,11,80.39813995361328,93386,4,2.316381438204042,3,0,0,0,0,0,0
50,23,137.65554809570312,95837,1,5.599667647403776,1,0,0,0,0,1,0
33,6,50.31671524047852,90750,1,0.8243204908770649,1,394,0,0,0,0,0
58,38,99.2528305053711,93336,4,1.172392131623453,1,170,0,0,0,1,0
59,28,178.6767578125,91046,3,7.101793694376648,3,0,1,0,0,0,1
52,26,63.80684661865234,91376,1,2.622925133456344,3,0,0,0,0,1,0
60,31,27.050203323364254,93594,3,1.8231518130857427,1,0,0,0,0,1,0
54,32,51.66598892211914,91900,3,1.803813965453275,1,231,1,1,1,1,0
60,37,78.20758056640625,90123,2,0.3421127495291987,1,0,0,0,0,0,0
60,35,109.42595672607422,95269,1,2.5563579495371385,1,0,0,0,0,0,0
33,5,31.385055541992188,91281,3,2.2120461978527484,1,0,0,0,0,1,0
46,24,71.20964050292969,95286,3,1.2054839078903783,2,189,0,0,0,1,0
29,5,104.50049591064452,94312,2,1.4705326640410368,1,0,1,0,0,0,0
38,12,66.08042907714844,95712,3,2.0188959448984702,1,0,0,0,0,1,0
43,11,65.09185028076172,95515,4,1.482446304755234,3,258,1,0,0,0,0
40,12,80.17694091796875,92423,3,0.4828092246823897,3,0,0,1,0,1,0
58,28,66.59883117675781,89899,4,1.7916584413143333,2,0,0,0,0,1,0
54,28,40.60661315917969,92209,1,0.1798008504277437,1,0,0,0,0,0,0
32,5,37.25757598876953,91259,2,0.3032825917951511,3,0,0,0,0,1,0
55,26,56.03453826904297,96087,3,0.9080581631548617,2,0,0,0,0,1,0
63,40,22.03011703491211,92877,2,1.1365992068862925,3,0,1,0,0,1,0
55,31,62.38979721069336,94242,2,0.2459361363606084,1,0,1,0,0,1,0
40,21,67.87362670898438,94409,1,0.6230199231932778,2,0,0,0,0,1,0
28,2,56.81161880493164,93727,1,2.023176697649137,3,0,0,0,0,0,0
48,23,123.17736053466795,92219,2,2.1614068602495413,1,0,0,0,0,0,0
29,2,100.11762237548828,90152,1,2.428300057615045,3,0,1,0,0,0,0
62,34,119.59844207763672,91693,4,3.5273197915481926,1,0,0,0,0,0,0
38,19,27.202451705932617,94485,4,0.1167043873713329,1,152,0,0,0,0,0
28,-1,59.40850830078125,90775,2,0.4577988103158136,1,0,1,0,0,1,0
27,2,72.43251037597656,94589,1,2.303952660820215,2,0,1,0,0,1,0
53,27,59.12973785400391,95180,2,0.7147099296712104,3,0,0,0,0,0,0
62,27,108.36744689941406,95145,4,3.36752510222134,1,0,1,0,0,0,1
60,35,61.35399627685547,92489,3,0.6487823097442809,3,0,0,0,0,1,0
63,30,31.945146560668945,92200,1,1.5993651901022434,2,0,0,1,0,1,0
43,13,140.6392364501953,92039,2,0.3734855253027808,1,0,1,0,0,0,0
54,19,57.79483413696289,90275,1,0.118422942787587,2,0,1,1,0,0,0
53,27,26.00295639038086,94408,4,0.1442096099577488,2,0,1,0,0,0,0
60,37,124.55491638183594,94076,3,4.391102452260675,3,387,1,0,0,1,1
46,31,110.83794403076172,91724,2,1.834597892827544,1,0,0,0,0,1,0
61,35,106.81816864013672,94517,4,2.655685232252326,1,0,0,0,0,1,0
46,25,68.97319030761719,96024,3,0.859594426919038,1,0,0,0,0,1,0
64,40,90.09261322021484,90958,2,0.5516335589439478,1,99,1,0,0,0,0
33,7,100.51519012451172,94352,4,4.123725851770904,1,0,0,0,0,0,1
65,41,47.437870025634766,94002,3,1.58544255876866,2,0,0,0,0,1,0
51,18,38.46839141845703,90325,3,1.4955313768729332,3,0,0,0,0,0,0
29,3,116.4664306640625,93332,3,7.220547747282935,3,0,0,0,0,0,1
58,34,140.0938720703125,94444,1,0.6032017050330535,1,0,0,0,0,1,0
62,37,86.92184448242188,95431,3,3.806586617525988,2,151,0,0,0,1,1
63,35,38.09765625,90165,4,0.283122402610139,1,0,1,0,0,1,0
49,26,37.73583984375,95854,2,0.1349435244752791,1,0,1,0,0,1,0
54,31,41.13872528076172,92125,4,0.9612674611734572,2,0,0,1,0,1,0
53,28,60.43561935424805,92733,4,2.581477980605329,2,0,1,0,0,0,0
45,28,68.85420227050781,90784,3,0.3824714918837077,2,0,0,0,0,1,0
54,27,34.735313415527344,91334,1,2.080273175463512,3,0,0,0,0,1,0
30,4,46.51612854003906,93907,3,0.8952825103203641,2,0,0,0,0,0,0
56,23,38.301490783691406,90893,3,0.4894487206081688,2,132,1,0,0,1,0
48,20,26.066808700561523,94083,2,0.8161220197059466,3,109,1,0,0,1,0
29,6,18.90723419189453,94002,1,0.7865524032369526,2,0,0,1,0,1,0
45,30,64.2236557006836,94744,2,1.599852403954455,1,253,0,1,0,1,0
30,5,47.99773025512695,91889,3,1.6636521187181936,2,0,0,0,0,1,0
55,21,55.93063354492188,96128,1,0.822461624821829,1,0,1,0,0,0,0
50,25,50.06233978271485,92518,4,1.809435252567096,1,0,0,1,0,1,0
46,24,54.43927383422852,95505,4,1.850277651315116,2,0,0,0,0,1,0
39,16,193.245361328125,94874,2,2.612192626314113,1,389,1,0,0,1,0
41,17,177.90179443359375,92193,4,1.7783612143478793,2,0,0,0,0,0,1
63,41,54.34812927246094,90034,4,0.269027111478944,1,0,0,0,0,1,0
59,33,19.917673110961918,94156,1,0.1406369751976189,2,166,1,0,0,0,0
53,35,63.68965530395508,91654,3,2.4305180015568,3,0,0,0,0,1,0
61,35,40.82841110229492,94336,4,1.8502358763194824,1,0,1,0,0,1,0
34,21,61.8493537902832,93835,1,0.8470678067266102,3,0,1,0,0,1,0
51,21,36.28184509277344,95242,1,0.3990693621743685,3,0,0,1,0,1,0
61,37,14.048907279968262,92338,3,0.3826175985303293,2,0,0,1,0,1,0
31,6,54.58269500732422,92052,4,1.6607930172969223,1,140,0,0,0,1,0
48,25,80.2265625,94645,1,0.1107794583941451,3,0,0,0,0,1,0
49,36,114.34874725341795,92063,4,1.6444446171207434,2,358,0,0,0,0,0
65,42,52.60743713378906,90321,4,1.5671969613901977,3,137,0,1,0,0,0
43,11,125.25209045410156,91075,4,5.872195931863772,2,0,0,0,0,1,1
33,5,19.837566375732425,91934,3,0.9151283302368624,2,100,0,0,0,0,0
51,35,21.485490798950195,96127,3,0.7677070828135261,2,200,0,0,0,0,0
43,30,34.04954528808594,93077,4,0.930973687067122,3,145,0,0,0,1,0
55,25,134.16506958007812,95813,2,6.269941815169625,3,243,0,0,0,0,1
60,31,81.47496795654297,92910,2,0.956321371505074,3,166,0,0,0,1,0
57,32,136.78335571289062,92669,4,3.440356736106349,2,0,0,0,0,0,1
28,2,64.51800537109375,94291,3,1.568659826882581,3,0,0,0,0,1,0
56,20,10.452766418457031,92623,1,0.4151097499813326,3,80,1,0,0,1,0
56,30,49.34297943115234,92593,1,1.130687286818084,3,0,1,0,0,0,0
29,9,59.80191421508789,89701,2,0.3614626911502374,1,90,0,0,0,0,0
38,25,24.61628532409668,93724,1,1.9549137294498244,3,0,1,0,0,1,0
61,38,47.47492218017578,91364,4,0.6801554853409744,3,0,1,0,0,1,0
26,0,111.16926574707033,94384,2,0.1380583605801424,1,0,1,1,0,1,0
60,36,22.16477394104004,92672,4,1.7423854576004496,2,106,0,0,0,0,0
34,4,38.21452331542969,93592,2,2.478129701684081,3,0,1,0,0,1,0
63,26,31.2356071472168,91060,3,0.6180811732648517,2,165,0,0,0,1,0
43,18,78.80642700195312,90480,2,1.207172838703282,3,0,0,0,0,0,1
43,20,36.817161560058594,92176,4,0.0749561926241354,1,0,0,0,0,0,0
42,16,78.22857666015625,92816,1,0.7646347120404853,1,0,0,1,0,1,0
31,-2,41.48440170288086,93880,2,1.6612561271083566,1,0,1,0,0,0,0
58,30,15.211966514587402,95041,1,1.8602550631413093,3,0,0,0,0,0,0
63,34,74.66607666015625,95448,1,1.2580528469337378,2,0,0,0,0,0,0
35,16,119.25704193115234,95160,2,3.763024257447779,3,293,0,0,0,0,0
62,38,82.03468322753906,92542,2,0.4807189477872804,1,0,1,1,0,0,0
41,22,162.31463623046875,95489,3,0.7182232681201073,1,0,1,0,0,0,1
64,35,69.03623962402344,94554,2,2.475807757830264,2,385,0,0,0,0,0
54,18,37.739723205566406,91454,4,1.5193491915329806,2,123,1,0,0,1,0
57,7,40.38661956787109,91455,1,0.8362674324050952,3,142,0,0,0,0,0
45,24,51.92262268066406,94988,2,1.1852372124211632,1,0,0,0,0,1,0
43,16,53.2150993347168,91204,2,0.3819384875428969,1,0,0,1,0,0,0
61,30,129.152099609375,92193,2,1.831251223836924,1,0,0,0,0,0,0
32,5,59.24020767211914,96561,4,1.562218790066943,2,0,0,0,0,1,0
29,8,42.170780181884766,95342,4,2.297741704728478,2,0,1,0,0,1,0
56,37,112.89618682861328,93597,1,1.180780980363072,3,0,0,0,0,1,0
50,30,22.49073982238769,90191,3,0.2605269836603506,1,0,0,1,0,1,0
45,17,56.82464218139648,90863,3,0.6637341323996234,2,161,0,0,0,1,0
31,6,117.6536636352539,91682,3,2.2578680761043257,2,0,1,0,0,0,0
45,22,87.88156127929688,94662,3,1.7381459629018938,2,0,0,0,0,1,0
54,22,52.32663345336914,94914,1,2.025576835653554,1,223,1,0,0,1,0
27,3,62.06640625,95480,1,2.4794928904388134,1,0,0,0,0,1,0
41,16,70.61470794677734,92181,2,1.362585427562787,3,0,1,0,0,0,0
56,37,42.78658676147461,94511,2,1.5144218010541828,2,200,0,1,0,1,0
29,1,39.533939361572266,92137,4,2.832580999460084,1,0,0,0,0,1,0
45,25,61.37525939941406,90767,4,0.5912540472630645,1,211,0,0,0,0,0
34,21,84.6810302734375,94333,1,2.0521268475276013,1,0,1,0,0,1,0
54,26,67.73446655273438,90155,2,1.3194589510955077,1,238,1,0,0,0,0
63,40,124.02120208740234,96000,1,4.748334418372483,1,0,0,0,0,1,1
51,27,89.8007583618164,94665,1,2.3092781095557005,3,288,0,1,0,1,0
60,34,112.77761840820312,95335,3,1.0501768036015138,1,0,1,0,0,1,0
59,27,78.06039428710938,94094,2,0.7361463263307716,2,99,0,0,0,0,0
46,19,169.77377319335938,94769,2,3.534699359314849,1,109,0,0,0,1,0
27,3,53.020790100097656,94952,3,1.4761714359512763,1,322,0,1,1,1,0
51,7,15.866092681884766,92095,3,0.701359878473897,2,0,1,0,0,0,0
45,21,99.93022918701172,95563,4,0.4644775934258294,1,0,1,0,0,1,0
47,21,178.3086395263672,91418,1,0.8749562605937244,1,0,1,0,0,1,0
29,9,45.84132385253906,93331,3,1.8408840568413476,2,0,0,1,0,1,0
31,7,51.92417907714844,93999,4,1.9423407963411552,3,99,0,0,0,1,0
50,28,35.03056335449219,94152,1,1.132950662263657,3,0,0,0,0,1,0
61,40,15.742213249206545,94813,3,1.5111364008726669,3,227,1,0,0,1,0
39,22,41.54903411865234,95970,3,2.119224131380641,3,0,0,0,0,1,0
58,37,71.96018981933594,90555,1,2.4076246412705777,2,210,0,0,0,1,0
41,36,39.03515625,92274,4,0.8971375327378364,1,0,0,0,0,1,0
41,11,94.94598388671876,93888,2,1.8154880144999723,1,0,0,0,0,1,0
29,6,140.3419647216797,94681,1,3.385526823567315,3,0,0,0,0,0,1
56,31,148.92022705078125,89991,1,2.990818573594449,1,0,0,0,0,1,0
56,28,52.50446319580078,91175,4,0.3365186623977138,3,0,1,0,0,1,0
52,22,89.68071746826172,95425,1,0.2489384179224113,3,0,0,0,0,0,0
48,13,26.74909210205078,90883,1,1.4387606158375617,2,125,1,0,0,1,0
51,25,31.51582908630371,93843,3,1.6380155823689329,3,0,0,0,0,1,0
39,21,156.6651611328125,94973,1,5.974755543325352,1,0,0,0,0,0,0
48,20,98.82328033447266,93106,1,0.9484963547984684,3,0,1,0,0,0,0
34,8,102.04552459716795,92975,2,0.3357417449198408,3,0,1,0,1,1,0
32,2,133.06057739257812,90203,2,1.03875322821996,1,185,0,0,0,0,0
30,4,23.12288856506348,91640,1,0.0630608778213792,1,0,1,0,0,1,0
35,9,92.5555191040039,91715,4,1.1491952675761063,2,0,0,0,0,1,0
40,21,52.32585525512695,94665,2,2.221485866444837,1,226,1,0,0,0,0
44,17,64.84230041503906,94718,4,2.282707255374546,2,0,1,0,0,1,0
60,28,59.927982330322266,95918,2,1.7294287426221753,1,0,1,0,0,1,0
34,9,80.3245620727539,94333,4,2.20258218217555,1,0,1,0,0,0,0
63,22,53.60154342651367,90132,4,2.37274154073935,1,0,0,0,0,0,0
63,37,67.89990234375,94951,4,1.037984967986879,1,0,1,0,0,1,0
51,21,45.8173828125,94474,3,0.9294318861738724,1,0,0,1,0,1,0
65,41,70.27180480957031,93714,2,2.7010062502348204,1,0,1,1,0,0,0
41,20,20.390634536743164,94159,3,0.4894292667862939,1,84,1,0,0,1,0
63,39,81.22040557861328,91320,3,1.2902854715082008,2,0,0,0,0,1,0
31,14,130.95220947265625,91373,2,1.757661256062599,2,0,0,0,0,1,0
55,19,97.4694366455078,94674,2,3.594309646418647,2,380,0,1,0,1,0
50,24,18.25367546081543,90268,1,0.6694584087195438,2,80,1,0,0,0,0
42,16,111.27908325195312,94619,2,6.309804169153005,1,0,1,1,0,0,0
59,33,37.04508590698242,89915,4,0.7695160742127733,3,99,1,0,0,1,0
57,33,120.76918029785156,91663,2,0.5294708836551666,2,269,1,0,0,0,0
50,28,135.46139526367188,94668,3,2.701271550071222,2,345,0,1,0,0,1
54,19,132.04464721679688,94428,2,4.039902322501535,1,0,0,0,0,0,0
36,13,54.64594268798828,92877,3,1.3689615583162906,2,0,1,0,0,1,0
52,19,41.85961532592773,93224,1,1.8558731858216395,2,0,0,1,0,0,0
47,27,176.11021423339844,90115,1,1.920007306683744,1,0,0,0,0,0,0
60,34,18.203903198242188,92506,3,0.4779819766189125,2,99,0,0,0,0,0
31,18,50.518314361572266,93177,2,1.9918958650769445,1,146,0,0,0,0,0
27,14,34.235870361328125,91453,4,0.2128345659391295,3,0,0,0,0,0,0
56,33,18.675350189208984,94997,2,2.816737378325413,1,137,0,0,0,0,0
35,14,75.53836822509766,91409,3,0.2678317227489908,1,0,1,0,0,1,0
25,5,66.34034729003906,95176,1,1.1405444242080454,1,274,0,0,0,1,0
63,39,72.07621002197266,94333,2,2.9142725991171763,2,218,1,0,0,0,0
63,37,89.32166290283203,91510,2,0.6853281665710074,1,0,1,0,0,1,0
29,3,105.58700561523438,95461,3,2.5899796301303537,2,0,0,0,0,0,0
27,0,22.163055419921875,94419,1,2.3712215594222905,3,213,0,0,0,0,0
45,20,51.23497772216797,90274,3,0.9033506938374608,1,0,1,0,0,1,0
53,38,66.33416748046875,94964,2,1.597547870319029,2,0,0,0,0,1,0
38,17,40.639461517333984,95633,2,1.961415101302248,1,0,1,0,0,1,0
42,16,29.667390823364254,93009,1,1.4658763378632922,1,87,0,1,0,0,0
54,19,8.876419067382812,90590,1,0.6064932019991436,2,107,0,0,0,1,0
30,5,50.91430282592773,94880,4,1.1534440575705824,1,0,0,0,0,0,0
41,25,14.202359199523926,95119,4,0.2368541771638499,2,0,0,0,0,0,0
41,10,68.5418701171875,90393,4,2.006707967728461,1,0,0,0,0,1,0
45,16,43.91997528076172,91519,2,0.2303341477069817,3,0,1,0,0,0,0
28,1,154.1391143798828,95062,2,6.053387263831481,1,286,0,0,0,1,0
38,17,10.597354888916016,92190,2,0.1303202113230816,3,0,0,0,0,0,0
42,15,37.83132553100586,94668,1,1.626699853001989,3,86,0,0,0,1,0
34,16,85.3625717163086,89948,4,2.98943403258964,1,0,0,1,0,1,0
62,35,53.497779846191406,93907,1,0.2868586521468913,3,0,0,0,0,1,0
36,7,113.63517761230467,94359,1,1.6085816635882888,1,0,0,0,0,0,0
51,28,72.26532745361328,93057,3,7.400222738617455,1,160,0,0,0,0,0
56,19,91.14356994628906,94902,2,6.519484000800978,1,0,1,0,0,0,0
30,15,186.07717895507807,94349,2,1.7723901928506591,1,0,0,0,0,1,0
60,42,45.602176666259766,94255,4,0.0165085584694859,1,0,1,0,0,0,0
60,33,32.77032470703125,94721,3,0.5504770805998653,1,0,0,0,0,1,0
48,21,68.83316040039062,92564,3,1.8837135652349493,2,0,0,1,0,1,0
41,24,27.72052574157715,92936,1,2.304540954341814,1,0,1,0,0,1,0
41,16,43.30070114135742,94959,1,1.268161057526285,3,128,0,0,0,1,0
29,6,17.185455322265625,94194,1,0.304188941640903,3,0,0,0,0,0,0
58,38,141.23912048339844,94061,1,1.829421786146703,1,0,1,0,0,0,0
53,23,78.30330657958984,91956,2,0.0065935471703923,2,0,1,0,0,0,0
47,16,76.89360809326172,94592,3,1.289982608000911,1,0,0,0,0,1,0
61,38,39.8193359375,91425,3,0.3939834582734161,2,0,0,0,0,0,0
40,15,29.114110946655277,90256,2,0.58438660038685,2,138,0,0,0,0,0
32,7,45.93792343139648,94627,2,0.4151423116983226,1,101,0,0,0,1,0
42,15,35.55328369140625,92187,1,0.6610942331670051,2,0,1,0,0,1,0
35,18,205.24282836914065,93975,1,6.894063719048265,1,0,0,0,0,1,0
29,7,79.93880462646484,91294,1,1.8473178465902216,3,0,0,0,0,1,1
33,-1,70.02557373046875,95131,3,3.269206387582723,1,0,1,0,0,1,0
25,0,51.74786376953125,95985,3,1.6909986790852165,2,0,0,0,0,1,0
44,16,29.700780868530277,91309,2,0.6230538478419075,3,0,0,0,0,1,0
54,18,67.53752136230469,95017,1,0.3470973033715292,2,0,1,0,0,0,0
62,39,67.22586059570312,95932,4,2.1330577526113124,2,0,1,0,0,0,0
55,30,45.20718383789063,94727,4,1.6158617270937965,3,0,0,0,0,0,0
61,25,166.6080780029297,89921,4,0.3403906350631395,2,0,0,0,1,1,1
38,14,59.47148132324219,95583,3,0.2228870785781757,1,167,1,0,0,1,0
42,23,73.50425720214844,92903,2,3.962490614823924,2,0,1,0,0,1,0
45,19,175.068115234375,95042,2,1.9642580114724613,1,0,1,0,0,0,0
55,25,45.97760009765625,94509,2,1.2994243481105323,2,0,1,0,0,0,0
34,12,109.00274658203124,95226,1,2.999448120669941,1,0,0,0,0,0,0
58,23,169.2739715576172,95161,2,6.77795447726367,1,0,0,0,0,0,0
40,6,58.46635818481445,91080,3,0.3482706481105582,2,0,1,0,0,1,0
60,31,147.32244873046875,92210,2,1.6575209251412306,1,0,0,0,0,1,0
43,17,15.63209056854248,95706,1,0.6618197261314924,1,163,0,0,0,1,0
29,25,53.34165573120117,92658,1,1.7694306289500064,3,0,0,0,0,1,0
34,11,32.36783981323242,95104,2,2.544486260329134,1,0,0,0,0,1,0
45,18,72.24702453613281,96123,4,0.0817722712028563,3,0,0,0,0,0,0
38,12,47.24758529663086,95154,3,1.306461953690842,1,0,0,0,0,1,0
58,34,111.77212524414062,94278,1,1.4840036505939809,2,0,0,0,0,0,0
32,7,57.61253356933594,92067,4,1.000062197888933,3,0,0,0,0,1,0
49,18,95.92498016357422,92238,4,1.6950678533100756,3,0,0,0,0,0,0
58,36,79.26063537597656,92022,3,1.1873921588929366,3,286,0,0,0,0,0
42,18,112.61808013916016,93140,2,4.123571449691788,1,0,0,0,0,0,0
62,11,43.15456008911133,94961,1,3.8066424829585306,1,0,0,0,0,1,0
45,11,99.00531005859376,94841,4,2.7861975769643994,1,213,0,0,0,1,0
30,6,63.48444366455078,94399,4,1.655728072769749,2,0,0,1,0,1,0
50,24,115.05857849121094,92040,4,2.322574661690324,1,246,1,0,0,1,0
46,24,90.7171859741211,95171,2,2.929496630688501,1,265,0,0,0,0,0
55,26,75.75489044189453,92505,3,2.1242196474855946,2,100,0,0,0,0,0
33,12,54.466121673583984,93057,3,0.478168662294511,1,150,0,0,0,0,0
35,7,56.42778778076172,93080,1,3.231457016485084,3,0,0,0,0,0,0
36,12,136.5802459716797,95727,2,0.2864976582641487,1,0,1,0,0,0,0
64,39,13.89465618133545,94493,2,0.7923423286761792,3,85,0,1,0,1,0
34,6,118.32046508789062,94411,1,7.638257402998917,1,0,0,0,0,1,0
37,18,199.7539520263672,91384,1,2.709406187624165,1,0,0,0,0,1,1
49,24,153.58226013183594,91288,1,0.3897329384613801,1,469,0,0,0,1,0
51,26,39.309715270996094,95557,2,2.4057438215786826,1,0,1,0,0,1,0
29,9,142.4735107421875,92275,1,0.3086573500402274,1,0,0,0,0,0,0
45,21,16.464691162109375,96112,2,1.6389305118089703,3,47,1,0,0,0,0
62,42,57.16429138183594,94753,4,0.8848229743400874,2,0,0,0,0,0,0
52,33,74.6113052368164,91902,3,2.045224834952209,2,0,0,0,0,1,0
61,40,115.47171783447266,94495,1,1.235682248873279,1,0,0,0,0,1,0
34,14,31.39212417602539,90893,4,1.5233318035264265,3,0,0,0,0,0,0
40,21,88.81851959228516,92232,3,2.246843304112612,2,0,0,0,0,0,0
57,37,63.80883026123047,94851,1,1.8921716356763263,2,0,1,0,0,0,0
58,30,42.05065536499024,94260,4,1.4917280339993422,2,0,0,0,0,0,0
49,16,128.46347045898438,90447,1,1.933520356661216,1,284,0,0,0,0,0
48,17,133.10037231445312,90327,1,1.6407039197748932,1,0,1,0,0,0,0
40,9,57.59288787841797,92050,1,2.389805990607814,1,140,0,1,0,1,0
63,38,123.67382049560548,93854,1,1.328948591010337,1,0,0,0,0,1,0
39,11,11.932348251342772,96018,2,0.0928509257209529,1,0,1,0,0,1,0
64,35,26.529560089111328,95767,1,3.613476624993837,1,0,1,0,0,1,0
37,2,62.76332092285156,91899,3,2.0612776676557854,2,0,0,0,0,1,0
41,5,66.79214477539062,94402,4,2.417652396556286,2,147,0,0,0,0,0
40,15,138.33090209960938,91551,3,2.887178786733831,3,0,1,0,0,0,1
63,31,71.43439483642578,92162,3,1.9726811800919328,3,162,0,0,0,0,0
39,16,40.06700134277344,95793,4,1.510754491888155,1,0,0,0,0,0,0
52,32,51.49786376953125,93055,1,1.3287366351538028,3,0,1,0,0,1,0
58,20,56.45169448852539,92563,2,0.1050891206193018,3,0,0,0,0,0,0
42,13,42.129432678222656,92922,2,0.5412228986740021,3,0,1,1,0,0,0
37,22,57.3087272644043,91422,1,1.4631145143558113,1,173,0,0,0,1,0
59,34,79.84442901611328,93335,4,2.0148316789057485,2,0,1,0,0,0,0
25,-3,63.06004333496094,92778,4,0.2092998181990627,3,106,1,0,0,1,0
52,24,133.88796997070312,90076,2,1.3420941453779889,2,0,1,0,0,1,0
38,11,79.22628021240234,95620,2,2.808047991155218,1,0,0,0,0,0,0
57,39,25.778160095214844,92628,4,0.3298118105039554,2,0,0,1,0,0,0
27,6,27.790691375732425,93727,2,0.2493881802236806,1,0,0,0,0,0,0
58,38,86.0978012084961,93062,4,1.63262446066732,1,195,1,0,0,1,0
41,22,103.30598449707033,94949,2,0.5314106527691873,3,0,0,0,0,0,0
35,17,29.74127197265625,95927,1,0.3293878405319622,3,0,0,0,0,0,0
64,40,15.52422046661377,92039,1,0.3587569797056842,2,0,0,0,0,1,0
31,1,25.250829696655277,91931,4,1.544160417390706,1,0,0,0,0,0,0
59,36,59.33310317993164,92954,4,2.2938309650025435,2,0,1,0,0,1,0
28,7,61.085426330566406,90324,4,1.4351178583299375,1,0,1,0,0,1,0
40,19,29.180158615112305,94613,4,1.098482842082547,3,0,1,0,0,1,0
47,18,129.04830932617188,93106,1,3.170687314890606,1,0,1,0,0,1,0
57,31,85.64850616455078,92757,1,0.1733063783739747,3,0,0,0,0,1,0
43,18,51.93016052246094,93453,2,2.069067219914762,1,211,0,0,0,1,0
56,35,123.5499267578125,95488,2,1.5318357840475432,1,0,0,0,0,1,0
41,11,48.74088287353516,92931,4,3.4367598965110626,1,0,0,1,0,0,0
52,20,139.081298828125,95622,4,0.9988420001502034,2,0,1,0,0,0,1
37,12,153.72264099121094,92233,4,2.950540748023555,2,227,0,0,0,1,0
48,31,25.5278263092041,93988,2,0.9621352788839896,1,131,0,0,0,1,0
34,9,33.492774963378906,90111,3,0.1311348397256933,1,0,0,0,0,1,0
48,10,17.16217803955078,90318,2,0.2339167725538474,1,0,0,0,0,0,0
52,31,22.58562469482422,92195,1,0.0548080502365939,3,0,1,0,0,1,0
57,34,23.25160217285156,95908,2,0.0872134299042415,1,0,0,0,0,1,0
46,20,32.999908447265625,93147,4,0.4823662570830067,2,0,0,0,0,0,0
54,31,27.076435089111328,91130,2,0.9528382697874758,3,0,0,0,0,0,0
53,18,12.994522094726562,95429,4,0.7885626377319802,3,179,0,0,0,0,0
52,23,28.61289596557617,93860,3,0.2584112604281456,2,0,0,0,0,0,0
40,18,84.02871704101562,94076,3,2.3265930675598665,2,133,0,0,0,0,0
60,10,122.74272918701172,95237,3,4.508314706417766,2,242,1,0,1,1,1
52,30,55.815956115722656,90460,4,3.1189686145840283,1,0,0,0,0,0,0
31,3,45.6053581237793,90069,1,1.3319772673220738,1,0,1,0,0,1,0
26,6,85.57857513427734,95364,2,1.5784588812961626,3,121,0,0,0,0,0
40,17,101.33805084228516,94185,1,1.2524912329322666,1,0,1,0,0,0,0
55,34,95.3623275756836,92453,2,2.502599982928427,1,0,1,0,0,1,0
33,2,92.71050262451172,94855,4,1.2665815309743669,2,0,0,0,0,1,0
43,14,87.45807647705078,90513,1,0.6408965366950554,1,0,0,1,0,1,0
38,11,24.237024307250977,94560,2,3.375808684206396,2,0,0,0,0,1,0
44,22,189.0435333251953,94286,2,5.660678910047114,2,411,1,0,1,1,1
50,20,111.5911102294922,93186,2,1.429814170053925,3,0,1,0,0,0,0
44,26,167.95553588867188,95487,4,5.210482644965895,1,0,0,0,0,0,0
35,13,102.20954895019533,94616,1,0.2471582027009327,3,0,0,0,0,1,0
47,25,48.129276275634766,96181,2,2.7699459353814384,1,158,1,1,1,1,0
34,2,20.605342864990234,94870,2,0.0862803662230267,1,135,1,0,0,1,0
49,27,47.80661392211914,92721,4,2.7508473200100165,3,0,1,0,0,0,0
47,18,159.02487182617188,95094,1,4.864925818680477,1,337,0,0,0,1,0
30,23,58.2003173828125,94465,4,1.0495050159331585,1,0,0,0,0,1,0
41,15,26.528600692749023,95944,3,4.349386015293776,1,98,0,1,1,1,0
50,28,28.19934463500977,94113,3,0.5083292811950233,1,0,0,0,0,1,0
62,38,42.612548828125,94411,1,0.6039815092404004,3,0,0,0,0,0,0
59,38,32.94729995727539,89904,3,0.543219535383358,3,0,1,0,0,1,0
35,11,54.477169036865234,90220,2,0.927546323191003,3,0,0,0,0,0,0
38,11,50.091609954833984,94031,1,1.8359068721601763,3,0,0,1,0,1,0
26,3,111.24327087402344,91952,1,4.559921391556804,1,390,0,0,0,0,0
35,5,123.16670989990234,93885,1,2.654575543712235,3,225,1,0,0,1,0
33,11,95.87445831298828,94480,2,1.5980199348440574,3,198,1,0,0,1,0
56,17,93.8567352294922,93091,1,7.631418213120568,1,0,0,0,0,1,0
27,1,160.62086486816406,94655,1,1.4371106505343558,3,107,0,1,1,0,1
62,39,42.277191162109375,94934,1,0.1589932581165608,2,0,0,0,0,0,0
49,9,89.41020965576172,94793,4,1.1646206523432652,2,105,0,0,0,0,0
45,22,189.4746856689453,91816,2,8.49541682148563,1,0,0,0,0,1,0
50,26,32.30824279785156,95555,4,0.0724752125440402,1,0,0,0,0,0,0
54,27,30.081302642822266,90120,1,0.4842804202210314,2,144,0,0,0,0,0
54,23,22.97886085510254,95051,4,0.4993976863777997,2,153,1,0,0,1,0
57,23,106.3739242553711,90953,4,0.4636109958891096,3,108,0,0,0,1,0
58,32,49.18526840209961,90394,2,1.0357411217398995,3,0,0,0,0,1,0
42,16,27.082170486450195,91476,2,2.50309402618658,3,151,1,0,0,1,0
53,28,24.867733001708984,91806,1,0.2285635643879035,1,112,0,0,0,0,0
47,26,103.7001495361328,94998,1,1.5952990632276174,1,0,0,0,0,1,0
41,17,90.20995330810548,93126,3,0.51681113098933,2,182,1,0,0,1,0
36,3,12.484945297241213,95374,2,0.7209857801269423,2,0,0,0,0,1,0
52,16,52.933387756347656,91888,2,1.848958373468752,2,378,0,1,0,1,0
62,29,103.99153900146484,95860,3,2.18470043205895,3,0,1,0,0,1,0
37,8,107.50122833251952,94641,3,0.6618309679931291,2,0,0,0,0,1,0
60,31,22.25228881835937,92636,1,4.5479826526894565,1,81,0,0,0,1,0
61,35,46.53873443603516,96157,3,0.3209211785949591,2,0,1,0,0,1,0
50,31,46.24399566650391,92963,4,0.790993103596796,3,0,0,0,0,1,0
32,11,104.993896484375,95228,4,1.6295161130906757,3,0,0,0,0,0,1
64,37,130.368896484375,94581,1,0.7372919904220794,1,0,0,0,0,1,0
46,19,69.42353820800781,94700,1,1.618185106841934,2,0,0,0,0,0,0
35,13,110.8648681640625,90570,4,1.5652811022900224,1,0,1,1,1,1,1
66,32,20.44073486328125,93859,4,0.3088696344990311,1,0,1,0,0,0,0
52,33,14.140239715576172,94423,3,0.3231079250277382,2,0,1,0,0,1,0
49,14,70.08981323242188,95713,2,2.6027489912870783,3,131,0,0,0,0,0
30,14,88.4380874633789,95321,2,0.42175770334547,1,185,1,0,0,1,0
50,36,29.421775817871094,94147,4,1.98114134870888,1,0,1,0,0,1,0
34,14,74.58238983154297,93832,4,1.7645716753603864,2,0,0,1,0,0,0
36,14,59.34136962890625,92281,2,1.7694873073135928,3,0,1,0,0,0,0
37,15,127.8629150390625,91691,2,0.7953385441090473,1,150,0,0,0,1,0
61,34,52.4727668762207,91692,2,1.2009563441410829,1,112,0,1,0,1,0
28,3,25.42376708984375,94306,1,0.3658918097806785,3,0,0,0,0,0,0
63,36,50.92728042602539,92095,4,1.90647287529808,3,105,0,0,0,0,0
62,36,46.00078201293945,91928,2,2.0510390012343587,2,0,0,0,0,0,0
44,27,48.97613525390625,94219,4,1.655479437621793,1,0,1,0,0,1,0
37,26,30.216466903686523,94621,4,1.7100105523501627,2,0,0,0,0,1,0
54,18,37.53902053833008,95772,4,1.8556402133984984,3,0,0,0,0,1,0
64,34,31.643295288085938,93705,2,0.6962312217570024,2,0,0,1,0,1,0
39,14,115.22557067871094,92145,3,0.3258409441307611,1,0,1,0,0,1,0
24,1,145.2696075439453,94999,4,1.6507832429859284,3,0,1,0,0,1,1
56,32,67.39808654785156,89972,1,0.258941562105335,3,0,1,0,0,0,0
31,10,76.33871459960938,91353,3,1.6615375105615822,2,0,0,0,0,0,0
61,38,134.63375854492188,92086,4,2.250829405798312,1,0,0,0,0,1,0
28,6,45.736324310302734,94451,4,0.4884223336264822,2,206,0,0,0,0,0
49,22,57.06085205078125,92802,4,1.6769680692933635,3,0,0,0,0,0,0
41,22,75.20365142822266,92755,4,0.5243180543491025,2,155,0,0,0,0,0
40,25,89.61035919189453,91613,2,2.4193629210609875,1,210,0,0,0,1,0
58,38,34.224945068359375,94489,2,1.5119928630922363,3,0,0,0,0,1,0
55,34,149.20228576660156,91282,1,0.7737983226234336,1,0,0,0,0,0,0
37,14,143.36370849609375,92362,2,4.269225310701439,3,276,1,0,1,1,1
31,7,63.13783264160156,92301,2,2.030930630360447,1,0,0,0,0,1,0
28,1,115.0821533203125,94837,2,0.2306433454501641,1,0,0,0,0,0,0
32,6,16.70194435119629,93890,3,2.649102279734124,1,0,1,1,1,1,0
40,15,58.35841369628906,90189,1,1.891452036390568,2,0,1,0,0,0,0
37,13,41.90507507324219,92345,2,0.9673253100887388,3,172,0,0,0,0,0
63,37,61.28068161010742,94882,1,0.786266123415618,3,0,0,0,0,0,0
34,5,85.70448303222656,95620,2,3.3934275371195044,3,0,0,0,0,0,0
45,18,220.06039428710935,95713,4,5.049510005960146,2,438,0,0,1,1,1
47,18,50.27986907958984,92931,1,0.8733626036015271,1,0,0,0,0,1,0
36,6,61.260284423828125,94483,3,2.262632832998148,2,154,0,0,0,0,0
43,32,41.17978286743164,94161,1,0.9177389106190292,3,0,1,0,0,0,0
44,22,43.83811950683594,93758,2,1.5064473101251898,3,100,0,0,0,1,0
43,24,143.52334594726562,94751,1,2.261484031916868,1,0,0,0,0,1,0
45,15,188.1716461181641,94758,2,2.241092063375728,1,105,0,0,0,1,0
55,26,108.29225158691406,90548,2,2.601508901457246,3,0,0,0,0,0,0
37,15,71.99964141845703,94307,1,2.109574361054711,3,0,0,0,0,1,0
59,39,72.60941314697266,92360,2,2.282079841800763,1,0,0,0,0,0,0
51,21,32.16360855102539,94974,3,0.9226051006816391,1,0,1,0,0,0,0
37,10,61.26858139038086,94492,1,1.3944173736831371,1,152,0,0,0,0,0
63,39,35.96015548706055,93448,4,0.7684554523902071,2,0,1,0,0,0,0
41,9,71.96817016601562,95348,2,1.275377023789649,1,0,1,0,0,0,0
62,36,62.81171798706055,91576,3,0.9702255532354396,1,0,0,1,0,1,0
45,26,109.8018035888672,95332,2,1.4700932211504696,3,268,0,0,0,1,0
45,19,30.244609832763672,91387,4,2.711873581968189,1,172,0,0,0,1,0
40,16,46.66157150268555,92776,1,0.0530921333915902,1,0,1,0,0,1,0
43,16,45.01401519775391,92210,2,1.7312919740462722,2,0,0,0,0,1,0
27,5,44.62347030639648,94988,1,1.2474380109670196,3,0,0,0,0,0,0
38,34,44.19528579711914,92889,4,2.410210121904945,1,0,0,0,0,0,0
30,2,77.2957992553711,91998,4,2.862752005127887,1,0,0,0,0,1,0
32,8,40.519981384277344,91483,4,2.4284908643827303,2,0,0,0,0,1,0
46,24,63.62295913696289,93377,4,1.4142939903389715,2,0,0,0,0,0,0
39,20,20.421899795532227,91226,4,0.7248942914902968,1,173,0,0,0,1,0
49,22,14.516409873962402,95586,3,1.229596014298005,2,0,0,0,0,1,0
62,23,36.7047004699707,91288,2,0.1964141041716616,1,0,1,0,0,1,0
41,22,21.938587188720703,94413,4,0.399735937774226,2,0,0,0,0,1,0
39,20,42.59168243408203,93802,1,2.2959478745632467,3,0,1,0,0,1,0
58,32,109.2574462890625,94377,2,2.6598206655628847,1,0,1,0,0,1,0
58,33,17.534564971923828,94146,3,0.2055286776802668,1,141,0,0,0,0,0
48,14,187.6956329345703,94550,1,1.7924926596851876,1,359,0,0,0,0,0
59,37,54.13111877441406,91538,4,1.6801392232865353,1,0,0,0,0,1,0
62,36,70.99974822998047,91671,2,2.532681758041346,2,0,0,1,0,1,0
49,8,45.19634628295898,95094,3,3.175538570002532,1,0,1,0,1,1,0
38,16,69.34017944335938,90116,2,0.5986963272991666,3,0,0,0,0,1,0
42,18,106.8407211303711,94192,1,1.0306731689804354,2,0,0,0,0,1,0
62,30,100.2229232788086,93728,1,0.942739662523372,2,0,1,0,0,1,0
64,37,173.103515625,90174,1,0.4077070305856887,1,0,0,0,0,0,0
33,8,83.0090103149414,91661,2,0.4790833176121069,3,104,0,0,0,1,0
57,34,44.716094970703125,92861,1,0.8423102584778108,3,0,1,1,1,1,0
39,20,74.11994934082031,94817,3,0.8414301859869295,2,0,1,0,0,1,0
64,38,59.579200744628906,93899,4,1.6687557778008892,3,0,0,0,0,0,0
25,2,209.24462890625,90462,4,2.6691338362741046,2,409,0,0,0,0,1
41,13,71.10324096679688,91424,3,0.569340065309144,2,0,0,0,0,1,0
49,26,31.76031875610352,93318,1,0.4231541012580435,3,116,0,0,0,0,0
54,18,47.406097412109375,92892,1,0.1107574333137406,3,114,0,1,0,1,0
42,19,24.193456649780277,93685,2,0.1011462404803564,3,0,1,0,0,1,0
54,35,79.08573150634766,93785,1,3.288785030088046,3,0,0,0,0,1,0
40,23,180.08270263671875,95304,1,8.91875826686758,1,0,0,0,0,1,0
49,21,122.86876678466795,90481,1,4.350370057136965,1,0,0,1,0,0,0
25,2,30.073152542114254,94220,4,0.3280038238290655,1,0,0,0,0,1,0
43,25,29.36793327331543,92533,4,1.0002359176538893,3,0,1,1,0,1,0
31,7,127.54840087890624,91269,1,2.229051967642936,1,0,0,0,0,0,0
45,17,85.62296295166016,95826,2,5.266859427025487,2,0,0,0,0,1,0
47,36,205.2703094482422,94351,2,9.919903383575,2,0,0,0,0,1,1
59,34,143.0960235595703,91561,3,4.864465714115148,1,149,0,0,0,1,0
52,29,75.37229919433594,94733,1,2.4181629068030728,2,0,1,0,0,0,0
41,13,56.94282531738281,91860,2,0.8636646592197259,3,133,1,0,0,1,0
61,36,47.308067321777344,94344,3,1.7044783053912482,3,145,0,0,0,1,0
44,10,18.189624786376957,95087,2,2.920660028585085,2,124,0,0,0,1,0
41,13,139.2801513671875,94128,2,1.841258406332675,1,0,0,0,0,1,0
59,34,61.87728500366211,94038,1,2.6711797970003186,1,0,0,0,0,0,0
39,25,24.76862335205078,94730,2,0.1422728095697283,3,0,0,0,0,1,0
30,6,46.28473281860352,91769,4,1.5064364071057086,1,0,0,1,1,1,0
39,13,75.47257995605469,94478,2,3.088632704916161,3,0,1,0,0,1,0
54,24,48.25942993164063,92302,1,0.2316019183685001,2,152,0,1,1,1,0
60,33,37.750770568847656,91573,3,1.1810919388471142,2,0,1,0,0,0,0
39,17,31.413406372070312,91935,4,2.5690182729385924,1,0,1,0,0,1,0
35,19,39.806739807128906,95049,3,0.246932337142599,2,191,0,0,0,1,0
55,27,48.61880111694336,95267,4,1.307891285841522,1,0,0,0,0,1,0
54,38,59.800140380859375,94981,1,1.2496963132029928,1,368,0,0,0,1,0
38,11,18.13486099243164,90945,1,1.6610310665555952,3,114,0,0,0,0,0
52,27,51.08049392700195,91852,4,0.911767390780852,1,0,0,0,0,0,0
39,15,90.03593444824219,90378,3,2.54790737779716,3,0,0,0,0,0,0
46,14,59.17819595336914,95088,2,0.9961037110549288,1,0,1,1,1,0,0
54,36,89.46090698242188,90885,3,2.9995848443054483,2,0,1,0,0,1,0
35,17,101.7583236694336,95320,1,1.0937168103868165,1,0,0,0,0,0,0
34,8,47.12738037109375,95134,3,3.032638475590825,2,0,1,0,0,0,0
59,39,27.62345123291016,92162,1,0.4452903751050863,2,0,0,0,0,1,0
28,4,40.54361724853516,92249,2,1.1996952606497724,3,0,0,0,0,0,0
54,34,26.262020111083984,91903,1,1.1578003940456263,2,0,0,0,0,0,0
51,25,57.17318344116211,93078,4,1.221317897134547,3,0,1,0,0,1,0
66,40,89.1997299194336,94229,2,4.394918604312736,1,0,1,0,0,0,0
63,37,107.06600952148438,89949,1,2.937579564238555,3,370,0,0,0,1,1
35,11,20.217735290527344,92084,3,1.0530984932447385,2,0,1,0,0,1,0
29,14,36.55347442626953,91501,3,1.9750883619714776,3,0,0,0,0,1,0
44,7,60.253604888916016,94921,4,2.1977252218018486,1,0,0,1,0,0,0
37,18,51.49971008300781,96002,1,0.5960197374799202,3,0,1,0,0,0,0
61,31,17.14385223388672,90492,3,0.7542245704263966,2,0,0,0,0,1,0
58,36,162.2330322265625,94090,3,4.308291749447581,2,0,1,1,1,1,1
36,4,21.77075958251953,96184,4,2.1008734878431223,3,0,0,0,0,0,0
50,26,24.46796989440918,90000,2,0.463791117022707,1,0,0,0,0,0,0
47,23,39.71052551269531,93182,4,2.161068960798799,2,224,1,0,0,1,0
32,9,82.94026184082031,94611,4,1.41273686930475,1,144,0,0,0,1,0
52,28,49.88922882080078,95433,2,1.0836036360166408,3,316,0,0,0,0,0
56,20,84.62166595458984,92796,4,1.306046764710736,3,0,0,0,0,1,0
35,8,58.05508041381836,92309,3,2.204083293666524,1,0,0,1,0,0,0
32,5,109.6413345336914,90357,3,3.117611810099287,2,0,1,0,0,1,1
51,22,50.07784652709961,92970,4,0.2907928338623755,1,0,0,0,0,1,0
46,17,56.62773132324219,94055,2,2.575105253644348,3,0,1,0,0,1,0
31,16,28.8266658782959,93600,2,1.687020814526227,3,0,0,0,0,1,0
48,22,165.48179626464844,90528,2,7.620662977805856,1,390,1,1,0,1,0
64,40,118.76963806152344,94846,4,0.1754381521979665,3,0,0,0,0,0,0
36,6,166.27716064453125,94312,4,0.2055861955720859,2,103,1,0,0,0,1
37,2,38.00973510742188,92063,4,0.8149807414848727,2,88,0,0,0,0,0
44,15,42.3494873046875,93114,3,1.9598573712419451,1,0,1,1,0,1,0
38,22,68.01921081542969,94195,1,3.791097574206215,3,0,0,0,0,1,0
55,28,210.53077697753903,95214,1,4.8305443969133375,1,0,0,0,0,0,0
28,7,44.404693603515625,92899,4,0.3101179276717333,1,0,0,0,0,0,0
41,19,58.517276763916016,91339,4,1.823195200359142,3,0,1,0,0,0,0
29,12,81.50786590576172,92180,4,3.931808874725914,3,0,0,0,0,1,0
35,12,32.1556396484375,91187,3,0.1943104159331252,2,0,0,0,0,0,0
32,19,78.91059875488281,92920,2,1.336666140199438,3,0,1,0,0,1,0
33,8,41.4078254699707,93381,4,1.1020355218086533,3,0,0,0,0,1,0
41,27,53.33557891845703,94407,2,0.3342180064398825,1,0,1,1,0,1,0
53,23,51.48702239990234,94833,3,1.18044609232453,2,143,1,1,1,1,0
59,29,98.11671447753906,95351,4,0.6313091879250314,1,0,0,1,0,0,0
52,18,60.46650695800781,91717,3,0.4748000321270315,2,0,1,0,0,0,0
60,34,86.35594940185547,93080,3,0.7945244835049086,2,0,0,0,0,1,0
60,39,44.27568817138672,90562,4,1.2140856817077794,2,0,1,0,0,1,0
57,26,68.6951904296875,94445,2,2.653210348477259,3,0,1,0,0,0,0
36,21,67.79505920410156,91942,2,4.505198958268858,3,78,0,0,0,1,0
27,4,47.71891784667969,94847,1,0.4148732180711345,1,0,0,1,0,0,0
38,7,56.83856964111328,91105,3,0.0829833510527482,3,0,0,0,0,1,0
52,21,78.71983337402344,93101,1,0.1625424741335995,3,0,0,0,0,0,0
38,14,21.9084587097168,93212,4,1.320617334310792,2,0,1,0,0,0,0
26,13,34.62133026123047,90497,4,1.399123256769589,1,0,0,0,0,0,0
57,27,82.69953155517578,95814,1,0.7335074538478646,1,0,0,0,0,0,0
61,37,158.95619201660156,91463,2,1.440132597855988,1,379,1,0,0,1,0
37,16,69.18051147460938,90468,1,3.9176553938830874,1,0,1,0,0,0,0
42,19,58.7333984375,90372,1,2.71597127875012,3,0,0,0,0,1,0
52,16,54.32740020751953,90467,4,1.0276801132808853,2,0,0,0,0,0,0
61,33,88.20863342285156,95390,1,1.0589744980271218,1,0,0,0,0,1,0
57,20,74.27075958251953,91181,2,1.0638234387869088,2,0,1,0,0,0,0
62,36,188.4100341796875,91989,1,4.461388001538828,1,0,1,0,0,1,0
62,35,140.51527404785156,95700,3,1.0417428509767472,1,358,0,0,0,1,0
54,33,17.786462783813477,92024,3,0.4539941016984583,1,0,1,0,0,0,0
58,34,74.89336395263672,92989,3,1.8363365485430292,2,0,1,0,1,1,0
48,25,85.43506622314453,91138,4,2.2163306941660768,3,101,1,0,0,1,0
33,8,63.28562545776367,94281,1,0.1172576714579686,2,122,1,0,0,0,0
54,30,54.675662994384766,94139,4,1.1485671481968738,3,155,1,0,0,1,0
38,17,93.65302276611328,92304,4,0.952061544107794,2,0,0,0,0,1,0
35,5,93.9505615234375,92357,2,1.7493273488699863,1,296,1,0,0,0,0
63,37,48.201786041259766,93070,3,0.1717920440619871,3,0,0,1,0,1,0
57,32,142.504150390625,92951,2,2.531062047936647,1,235,0,0,0,1,0
52,16,31.67279624938965,94074,4,0.7162742457188471,2,0,0,0,0,1,0
40,14,66.60604858398438,94989,4,1.9045755848061845,2,0,1,0,0,0,0
53,20,41.10415649414063,91845,4,0.4814480688761298,3,201,1,0,0,1,0
63,39,61.36302185058594,91926,2,0.6192696502669273,2,0,1,0,0,1,0
39,14,185.73342895507807,93214,2,2.1806200456995706,1,0,0,0,0,1,0
42,17,56.68733978271485,92248,2,1.883145796427808,1,0,0,0,0,1,0
41,25,67.91840362548828,93876,1,1.97196641186038,1,0,0,0,0,0,0
54,20,52.93642807006836,94317,2,0.533925896205204,2,0,0,0,0,1,0
39,14,191.41162109375,91824,1,2.374166372824222,1,237,1,0,0,1,0
29,9,29.08269691467285,93898,4,1.7665699627865366,3,0,0,0,0,0,0
51,25,74.99297332763672,94964,1,1.7654809597090089,2,0,1,0,1,1,0
41,16,168.93594360351562,92603,2,2.9189599761193383,1,350,0,0,0,0,0
33,6,80.21569061279297,90906,4,3.9503298615843625,2,116,0,0,0,0,0
38,6,52.89335632324219,90227,4,0.1318216028330178,3,0,0,0,0,0,0
41,11,52.25273513793945,90219,1,1.1217788501021684,2,0,0,0,0,1,0
65,41,42.29312896728516,94925,4,0.9760281263102564,2,0,0,0,0,1,0
31,9,32.38394927978516,92024,3,0.4391091554672726,2,157,0,1,0,1,0
57,32,16.923084259033203,92917,3,0.4191474122078613,1,0,0,0,0,0,0
45,22,48.3939208984375,94043,1,0.6211289265398873,3,0,1,0,0,1,0
40,23,93.29306030273438,93882,1,2.2346902299714886,1,0,1,0,0,0,0
29,2,43.37176132202149,95338,2,0.0485459460634095,2,0,1,0,0,1,0
50,28,47.97988510131836,93727,4,0.2899206020921374,1,148,0,0,0,1,0
67,40,46.11155700683594,94262,3,2.3633519561088074,2,0,0,0,0,0,0
59,42,122.5970458984375,93395,1,0.9072851005361232,1,0,0,0,0,1,0
56,26,16.91695785522461,92194,2,0.2866817177973247,2,104,1,0,0,1,0
55,24,57.59804916381836,93222,4,1.8350107888328504,3,0,0,0,0,0,0
30,8,88.12594604492188,90250,4,1.002271448956859,1,0,0,1,0,1,0
58,33,50.0335578918457,93886,4,1.9091759873570144,3,0,0,0,0,0,0
40,29,138.88169860839844,92132,3,1.581299548746352,2,115,1,0,0,0,0
34,12,153.1947479248047,93375,4,0.7796271073961275,3,0,0,0,0,0,1
40,22,55.50099563598633,89938,1,1.0006973473558496,2,0,0,0,0,1,0
49,8,10.927820205688477,93841,4,0.9578694167128954,1,216,1,0,0,0,0
59,36,47.23488998413086,95687,2,2.0869900203492797,1,0,0,0,0,1,0
59,27,68.05152130126953,94145,1,1.9533250378357396,2,0,0,0,0,1,0
52,34,81.38063049316406,90116,1,1.178852813856782,1,0,0,0,0,0,0
35,15,35.599056243896484,91940,4,0.9223262857497884,2,0,0,0,0,1,0
46,18,13.804302215576172,95033,2,1.5032007152150186,2,74,0,0,0,1,0
60,32,38.22452545166016,94953,1,0.3221644967943462,2,0,0,0,0,1,0
58,32,68.15798950195312,95226,3,2.056040196801639,2,0,0,1,1,1,0
50,21,86.76392364501953,92021,4,1.6151406798710668,1,0,0,0,0,1,0
66,41,116.27031707763672,90160,3,1.96179083470604,1,389,0,1,0,1,0
28,4,63.64033889770508,94664,1,2.0577284272103804,2,0,0,0,0,0,0
28,0,33.65451431274414,91031,3,0.9329732192679634,2,0,0,0,0,1,0
53,22,96.57101440429688,91765,1,1.632902359727053,3,0,0,0,0,1,0
46,24,180.25083923339844,91905,1,4.168991713395074,1,0,1,0,0,0,0
45,19,70.87205505371094,89814,3,0.1220504904625514,3,0,1,0,0,0,0
30,11,196.98370361328125,95297,4,7.862016516477792,3,0,0,0,0,0,1
32,7,117.62298583984376,92071,1,1.9359756966657544,1,252,0,0,0,0,0
43,18,66.97483825683594,91019,2,2.000230000524958,1,0,1,0,0,0,0
54,21,61.81708526611328,91298,3,0.2508209436149585,3,0,0,0,0,0,0
38,23,24.17119598388672,94552,4,0.2451041001992974,3,0,1,0,0,0,0
45,11,37.75433349609375,92672,3,1.5414072988140135,1,0,1,0,0,0,0
41,18,99.29208374023438,92063,2,2.6341355411235763,2,248,1,0,1,1,0
33,11,45.04386520385742,91157,4,0.9415671772151116,3,0,0,0,0,1,0
32,4,28.22666549682617,94194,3,2.2234019954469133,2,0,0,0,0,1,0
51,25,176.31126403808594,94129,1,8.090124749231004,1,0,0,0,0,1,0
34,11,145.5772705078125,91832,4,5.027421836577901,2,105,0,0,0,1,1
38,16,34.51066207885742,94322,1,0.5851587270430635,1,0,1,0,0,0,0
59,39,97.57134246826172,92154,2,1.7198772885373104,2,173,0,0,0,1,0
29,6,81.3501968383789,94948,1,0.1318342109216231,1,0,1,0,0,1,0
45,22,56.27965927124024,95415,4,1.6239014113351509,3,0,0,0,0,1,0
29,6,159.87245178222656,90838,2,6.563058167480898,1,0,0,0,0,1,0
51,24,164.7214813232422,94953,2,7.169854154857021,1,0,1,0,0,0,0
38,31,150.3077850341797,94774,2,8.92208994956425,1,0,0,0,0,0,0
49,33,42.84977340698242,94803,4,0.7719744484395549,1,76,0,0,0,0,0
47,18,131.63844299316406,91660,4,2.0213090998918104,1,260,0,0,0,1,1
36,8,24.778898239135746,92466,4,1.4812829912929262,3,133,1,0,0,0,0
45,16,47.37469482421875,90838,2,0.8527263910522623,3,0,0,0,0,0,0
48,19,59.57132339477539,91272,4,2.681166940427977,2,0,0,0,0,1,0
53,23,81.09632873535156,95600,2,1.1652283205398437,3,0,0,0,0,0,0
29,2,114.4970474243164,91940,2,2.00973228798675,3,177,0,0,0,1,0
48,25,70.87572479248047,91119,1,0.8112472830895435,3,0,0,0,0,1,0
31,5,162.7221221923828,92255,1,4.922810628662246,2,0,0,0,0,1,1
54,38,103.12053680419922,94425,3,2.175834207136924,1,0,0,0,0,0,0
46,25,54.82306671142578,93271,1,2.062256315881957,1,0,0,0,0,0,0
65,40,61.252891540527344,92112,3,0.375000672611684,2,0,1,0,0,0,0
34,6,94.0039291381836,95482,1,2.2431202847778526,3,240,0,0,0,0,0
57,41,34.64964294433594,95784,1,0.6738905414816673,3,0,0,0,0,1,0
45,12,65.17878723144531,91460,2,0.0737583721070949,3,172,0,0,0,1,0
40,18,118.62696075439452,92042,3,0.0363974535475239,2,0,0,0,0,0,0
56,37,168.79388427734375,90414,1,2.935279143841201,2,525,1,0,1,1,0
30,6,44.57395553588867,92127,3,0.3391785905152339,3,247,0,1,0,1,0
63,36,55.54497528076172,94183,2,1.6413311244007185,2,0,0,0,0,1,0
32,14,80.06845092773438,94495,4,4.467258743866056,2,0,1,0,1,1,1
52,17,55.859413146972656,90151,2,1.9371814732050796,1,0,0,0,0,1,0
59,31,159.00704956054688,90689,1,2.190305795062565,1,0,1,0,0,1,0
61,35,26.474411010742188,93492,2,2.7311084097581544,1,0,0,0,0,0,0
60,36,65.0991439819336,94742,3,0.3684025321854948,1,0,0,1,1,1,0
37,7,127.81208801269533,90499,3,0.4996879473427607,3,0,0,1,0,1,1
28,13,139.5851593017578,91011,1,3.9356323033783833,1,139,0,1,0,1,0
42,16,52.61524963378906,92993,4,1.498293716634106,3,0,1,0,0,0,0
41,15,27.54285049438477,91552,2,0.598849313834269,2,57,0,0,0,1,0
50,24,81.92207336425781,94833,4,0.6560149861607149,1,0,0,0,0,1,0
58,38,50.292877197265625,90585,1,3.814120270762208,1,0,1,0,0,0,0
41,16,70.26019287109375,94024,4,0.3386505527683292,2,0,0,0,0,0,0
42,17,115.7030258178711,91766,1,2.402356775223473,1,0,1,0,0,0,1
54,22,61.49263000488281,90371,1,0.5402199825349464,2,226,1,0,0,0,0
45,19,195.49807739257807,95540,2,6.928842242993128,1,98,1,0,0,1,0
44,15,124.11460876464844,93334,2,2.218459091700372,1,0,1,0,1,1,1
60,32,128.6521453857422,94246,1,4.140259631200433,1,0,0,0,0,1,0
25,1,86.19181823730469,92030,2,1.942521729683888,3,0,0,0,0,0,0
63,37,120.76939392089844,90040,2,2.1036007290861574,1,0,0,0,0,1,0
49,23,41.7369270324707,91316,4,1.6606769868249576,2,121,0,0,0,1,0
35,11,73.32330322265625,95083,4,2.5720687040472026,1,0,1,0,0,1,0
54,24,77.34530639648438,95512,2,2.2601333064152302,1,0,1,0,0,1,0
58,34,127.95403289794922,93067,4,4.154357028816879,2,0,0,1,0,1,0
41,18,110.8858871459961,92281,2,3.4782713245196226,1,0,1,0,0,0,0
50,10,140.0860595703125,94617,3,4.393737922059945,2,152,0,0,0,0,1
51,27,60.03794097900391,96080,1,0.5974125339405537,1,0,0,1,0,0,0
51,31,20.96302032470703,95419,3,0.7795050394278804,1,0,0,0,0,0,0
57,25,19.925796508789062,94285,1,1.228309601679924,3,0,0,0,0,1,0
24,1,21.02380752563477,94172,1,1.373788133878799,3,0,1,0,0,1,0
61,32,75.29889678955078,93214,2,1.4639436933585548,1,0,0,0,0,1,0
49,22,19.82973289489746,92295,4,1.642210622149727,2,0,0,0,0,0,0
27,3,87.9981689453125,94245,1,2.7437977579220103,2,0,0,1,0,0,0
43,24,166.0932159423828,95560,2,6.005261964775974,1,494,0,0,0,0,0
60,31,94.01344299316406,94213,2,2.366514529222273,1,0,0,0,0,1,0
58,25,17.745792388916016,90835,3,0.6643471857936681,1,0,0,0,0,1,0
44,33,24.39927101135254,93041,1,0.5406520700673754,1,0,1,0,0,1,0
62,37,59.85462951660156,92304,2,1.995252005238093,3,150,1,0,0,1,0
61,38,46.6043815612793,94308,4,0.246720319094713,1,104,1,0,0,1,0
40,17,177.81671142578125,95038,2,2.9008076778545604,2,0,1,0,1,0,1
50,22,138.4680938720703,91856,2,3.415379408476152,1,0,0,0,0,1,0
31,9,95.64778900146484,91669,1,2.101881788845801,2,0,0,0,0,1,0
39,14,150.5066680908203,92319,3,2.4884879565345464,1,0,0,0,0,1,0
40,18,107.2988510131836,93946,1,5.185112002822208,1,251,0,0,0,0,0
44,18,35.460731506347656,93393,3,0.2378517531000872,2,0,0,0,0,1,0
57,27,92.07151794433594,95770,2,4.55289715662982,3,0,1,0,0,1,0
36,19,100.2375717163086,92209,1,0.5001092372455888,2,102,0,0,0,1,0
48,22,78.73738098144531,93328,2,1.7519506572114656,1,0,0,0,0,1,0
35,13,31.75832939147949,93097,4,2.0014546356661347,2,0,0,0,0,1,0
64,39,35.55499267578125,94917,2,1.794771777920105,2,151,1,1,0,1,0
27,6,61.28127670288086,94651,2,2.361321277952607,1,0,0,1,0,0,0
45,27,43.513763427734375,94153,1,1.8676932703858555,2,0,0,0,0,1,0
27,6,85.06723022460938,91665,3,0.1029317047304589,1,0,1,1,1,1,0
48,20,142.3787078857422,95598,2,7.342075818187671,1,0,0,0,0,1,0
31,6,45.66707992553711,93940,3,2.1323699243050616,2,0,0,0,0,0,0
34,13,78.82349395751953,94939,1,1.968798706025406,1,0,1,0,0,1,0
44,28,27.572589874267575,94523,1,0.6424525126921719,3,101,0,1,0,0,0
40,17,184.5509185791016,90083,1,3.3436391445858167,1,385,0,0,0,0,0
27,1,68.60984802246094,94632,2,1.4179837070141206,2,245,0,1,0,0,0
60,29,27.77275848388672,93130,3,0.278289102263216,2,94,0,0,0,1,0
37,15,81.39283752441406,91599,4,0.2531440816271167,1,0,0,0,0,0,0
28,2,66.55654907226562,93874,2,0.8568705097004642,2,0,0,0,0,1,0
45,22,133.7342529296875,95543,2,1.92289092408012,1,0,0,0,0,1,0
28,5,55.59713745117188,90752,3,0.0994450993352441,1,0,1,0,0,1,0
52,26,37.58488464355469,90376,4,0.4870926491744833,1,106,0,1,0,1,0
58,18,66.95401000976562,90313,3,5.195682115752324,1,0,1,0,0,1,0
62,34,23.35375595092773,96040,1,0.2664699260533867,1,0,0,0,0,1,0
51,30,33.606666564941406,92556,4,0.1312047833577287,3,51,1,0,0,0,0
52,35,38.95435333251953,93053,3,0.6844743613237011,3,0,1,0,0,1,0
43,19,9.468947410583496,90712,3,0.2248436637663939,1,155,0,0,0,1,0
45,32,68.47694396972656,94355,1,0.6405992402683983,2,0,0,0,0,0,0
45,20,41.12508773803711,94342,3,0.3167553826125808,2,0,1,0,0,1,0
55,33,59.5704460144043,94086,1,1.8279787783873949,3,0,0,0,0,0,0
24,1,120.5384521484375,91675,4,1.9013640051215943,3,229,0,0,0,0,1
63,36,33.535789489746094,95013,2,0.5837856584485853,2,0,0,0,0,0,0
39,11,86.5223388671875,91814,1,2.9077186570214693,1,256,0,0,0,1,0
55,39,29.198820114135746,92557,4,0.6821552585136867,2,0,0,0,0,1,0
31,5,31.38900184631348,91966,3,0.2324309913684912,1,0,0,0,0,0,0
45,21,43.67251205444336,96400,1,3.3973867331174032,1,159,1,0,0,1,0
62,36,116.29454803466795,94610,1,0.2117404732354369,1,0,0,0,0,1,0
52,26,56.71646881103516,94732,1,1.8366900661483383,2,278,0,0,0,1,0
34,4,191.6196746826172,94499,4,1.177694256419287,2,0,0,0,0,1,1
58,37,42.63394546508789,92689,1,2.3389016661248108,1,0,1,0,0,1,0
36,8,70.60578918457031,92852,2,0.1869029815291392,1,0,0,0,0,1,0
48,30,34.05570983886719,91465,1,0.6422055378067882,2,0,0,0,0,0,0
47,20,159.2276153564453,91762,1,8.08188445278947,1,0,0,0,0,1,0
52,13,83.11927032470703,92194,4,3.696129472672365,1,0,0,0,0,0,1
38,14,149.57940673828125,90290,4,2.962601643659845,1,0,0,0,0,0,1
29,6,85.31651306152344,96254,1,1.840651309222732,1,137,0,1,0,1,0
34,8,81.981201171875,91934,2,1.8966549373043664,3,0,0,0,0,1,0
46,27,106.56990814208984,94456,1,0.6764687189528771,2,0,1,0,0,0,0
53,23,69.81858825683594,94360,1,0.3098380192259905,3,0,0,0,0,0,0
40,23,114.96778106689452,94677,4,1.045774498966212,3,130,0,0,0,0,0
38,22,38.085487365722656,95302,4,2.944484886734785,1,0,0,0,0,0,0
66,39,44.723480224609375,93303,1,0.6840705029448475,3,0,0,0,0,0,0
46,27,77.47879791259766,91612,4,1.085036440148324,2,230,1,0,0,1,0
48,25,72.60164642333984,95145,2,1.6638677418181218,1,264,1,0,0,1,0
32,9,69.10327911376953,91791,3,1.480205178485107,1,0,0,0,0,0,0
51,13,161.19041442871094,92093,4,2.44234137033236,2,0,0,0,0,1,1
51,25,55.198429107666016,90431,2,0.1737829237722071,1,0,0,1,0,1,0
36,13,76.58650207519531,92869,4,2.562510034561142,1,0,1,1,0,1,0
53,30,21.14288330078125,94558,2,0.1415569618943711,1,0,0,0,0,1,0
37,5,41.03546524047852,92013,3,1.2470351695604731,1,287,0,0,0,0,0
43,25,59.705322265625,93406,4,2.232425948835247,3,0,1,0,1,1,0
58,33,78.89958190917969,95637,1,1.5900735319915973,3,0,0,0,0,0,0
48,23,46.64173889160156,91353,1,1.8925826907509935,1,0,0,0,0,0,0
26,0,32.31652069091797,94063,4,1.701797052059837,2,111,0,0,0,1,0
49,9,164.16641235351562,92782,2,2.14971114854273,2,0,0,0,0,0,0
39,9,33.317237854003906,92212,4,0.3023223281856979,1,0,0,0,0,1,0
55,16,73.24970245361328,94684,1,0.3098438999615331,1,0,0,0,0,1,0
42,23,107.3515625,94570,1,0.7651815561648379,1,225,0,0,0,0,0
35,6,63.066688537597656,95093,2,0.8594137761603019,1,0,1,0,0,0,0
24,1,52.19075775146485,95803,4,1.762764759031041,1,389,0,1,0,1,0
38,2,52.95252227783203,96195,3,0.8248106700238594,2,0,0,0,0,0,0
59,31,58.610198974609375,95387,1,1.9209651880375915,1,101,0,0,0,1,0
47,28,97.97559356689452,94687,3,0.978084138542869,2,0,0,0,0,0,1
51,23,25.51996612548828,92639,2,1.4038466717173843,2,0,1,0,0,1,0
49,11,83.75048065185547,93071,1,3.713474416577186,3,86,0,0,0,0,0
28,8,127.37660217285156,90227,2,6.200329229531618,1,0,0,0,0,0,0
61,29,66.259521484375,92893,3,0.9387348462278976,2,0,0,0,0,0,0
61,33,111.8063735961914,92738,4,2.7431553654861407,1,0,0,0,0,1,0
60,34,36.85932922363281,94376,1,1.4413355768278862,3,0,0,1,0,0,0
52,25,28.54117774963379,91903,4,1.2698675736567653,1,0,0,1,0,0,0
65,42,154.22677612304688,92001,2,0.4491141426714128,1,0,0,0,0,0,0
44,22,47.92951202392578,90081,1,0.0396717793682669,3,0,0,0,0,1,0
44,15,159.2453155517578,91839,2,4.610601938965626,1,0,0,0,0,1,0
62,36,48.94418716430664,94123,1,0.3677373513124873,3,0,1,0,0,0,0
41,16,192.82208251953125,94347,3,3.12583968802443,3,0,0,0,0,1,1
58,10,74.02293395996094,92280,3,0.9292562700650612,2,0,1,0,0,0,0
47,14,87.03854370117188,92193,1,2.2231747430500297,1,236,0,0,0,0,0
42,12,120.95481872558594,91093,1,3.613325767003288,1,102,0,1,0,1,0
63,33,108.90086364746094,94198,4,0.6703935681659265,2,108,0,0,0,1,0
29,9,125.55684661865234,94468,3,1.8981250964546847,2,238,0,0,0,1,0
59,36,43.87553787231445,96010,4,0.101453705913844,1,0,1,0,0,1,0
51,35,100.7121124267578,94594,2,2.768787183993612,1,387,1,0,0,1,0
33,13,207.3414001464844,92888,1,6.5758323590111125,1,387,0,0,0,0,0
28,2,80.4141616821289,92864,4,1.9068181417976533,3,0,0,0,0,1,0
60,34,36.68822479248047,95202,1,0.3205689711848516,1,0,0,0,0,1,0
65,35,16.396989822387695,90802,4,1.5040841274869186,2,107,1,0,0,1,0
61,36,69.29086303710938,94991,2,0.1460129313250805,1,129,0,0,0,0,0
33,19,24.10580062866211,91464,1,1.4736286266793652,2,0,0,0,0,1,0
24,0,71.09400939941406,94255,2,1.6721398945797723,3,0,1,0,0,1,0
42,15,48.26003646850586,90781,1,4.327230686761567,3,0,0,0,0,1,0
50,22,114.01502227783205,90267,2,6.241020600328348,1,0,0,0,0,0,0
45,27,72.53573608398438,93048,3,2.808273214560919,3,0,0,0,0,1,0
38,16,31.53017807006836,95349,4,0.5948309544871959,3,0,0,0,0,0,0
43,22,72.51925659179688,90616,1,0.9460004519743632,3,231,1,0,0,1,0
55,30,178.05531311035156,95514,2,6.205788854257198,3,0,0,1,0,0,1
36,11,182.49789428710935,90651,3,0.8359096957131968,1,0,0,1,1,1,1
60,34,56.483642578125,94953,2,2.3501900660251285,1,0,1,0,0,0,0
51,33,22.40980339050293,96130,3,0.2750868659242995,2,0,0,0,0,1,0
49,13,139.72344970703125,90490,4,3.740719579666463,3,389,0,0,0,1,1
60,33,35.06908416748047,93050,3,1.4946777191552034,2,0,0,0,0,0,0
33,8,66.89165496826172,91783,2,1.756624960279419,2,154,0,0,0,0,0
43,22,33.47463607788086,91359,4,2.026920991867394,1,0,1,0,0,0,0
39,29,57.88739013671875,94907,2,1.986920720966644,2,0,0,0,0,1,0
57,36,207.186279296875,95503,1,6.036377450892523,3,357,0,0,0,0,1
47,18,112.3578872680664,90250,2,0.61690375807001,1,0,1,0,0,1,0
41,28,187.9851837158203,92074,2,5.099748400937388,1,0,1,0,0,0,0
49,15,18.47205352783203,95281,1,0.6382866436989025,3,97,0,0,0,1,0
50,22,55.67516326904297,94061,2,0.8127434080265604,1,0,0,1,0,1,0
34,10,102.8961181640625,94817,1,0.2265673900619624,1,297,0,0,0,1,0
54,37,57.44894409179688,94155,3,0.1650478323172619,3,0,0,0,0,1,0
40,18,9.760531425476074,92157,3,1.0801500373977448,3,0,0,0,0,1,0
61,39,57.10360336303711,95462,3,1.8978468508979591,1,242,0,0,0,1,0
61,32,63.81785583496094,91910,3,0.8199543873415928,3,208,0,0,0,0,0
38,17,174.46878051757812,94355,2,7.482643002698298,1,0,0,0,0,0,0
49,23,40.539432525634766,90309,3,0.5890490289184388,1,266,0,0,0,0,0
59,32,37.25111389160156,89802,1,0.4736029061087873,1,236,0,0,0,0,0
59,25,106.89295959472656,94435,2,1.1529993962111418,2,0,1,1,1,1,1
49,16,48.009864807128906,92946,1,0.5442035133397359,3,0,0,0,0,1,0
45,18,51.16527938842773,93880,2,0.0824397184058404,3,70,0,0,0,0,0
49,31,21.651573181152344,93393,2,0.4888270256953332,3,116,0,1,0,0,0
59,4,56.18781280517578,95587,1,0.3046740587934203,3,0,0,0,0,1,0
44,26,158.56558227539062,90152,4,6.228645060044463,3,0,1,0,1,1,1
26,9,130.15567016601562,89952,3,1.45751672309407,2,0,0,0,0,1,0
29,5,166.57424926757812,92310,4,2.424014700398573,2,0,0,1,0,0,1
25,-1,39.85609436035156,89741,1,3.031311070451705,1,0,0,0,0,0,0
35,13,34.21630096435547,94230,2,2.160135715922314,1,0,0,0,0,1,0
29,21,78.84222412109375,94918,3,2.052234306143427,1,204,0,0,0,1,0
46,12,41.12112808227539,95291,4,2.2119076401508404,2,99,0,0,0,1,0
39,23,115.08490753173828,91351,4,6.596592872506486,1,0,1,0,0,1,0
61,35,26.59057235717773,93946,4,0.9302675556686222,1,0,0,0,0,0,0
52,31,80.3704605102539,90304,3,1.8403683302818328,3,0,0,0,0,0,0
47,22,64.2076416015625,93432,1,0.2485358687429907,2,0,0,0,0,1,0
29,9,95.30713653564452,96424,3,2.33017627306448,1,0,0,0,0,0,0
27,-2,38.05866241455078,93281,4,1.913557291418952,2,0,0,0,0,1,0
44,23,53.62731552124024,95088,4,3.088172714127221,1,0,1,0,0,0,0
29,4,113.24388122558594,90005,1,2.786235216268494,1,504,0,0,0,1,0
39,22,76.86067962646484,91883,4,2.1014283303900543,1,0,1,1,1,1,0
34,11,19.648536682128903,90049,2,0.4599888951362347,3,0,0,0,0,1,0
28,4,56.72366714477539,94416,1,2.1206962176276045,2,478,1,0,0,0,0
35,3,54.80078506469727,94909,3,2.227730131995876,2,0,0,0,0,0,0
31,11,73.05191040039062,91852,3,2.159766178793606,2,151,0,0,0,1,0
55,39,69.74893188476562,94204,3,0.2896673877465192,1,0,0,0,0,1,0
28,3,59.9596061706543,94916,4,1.8670997239931368,1,0,0,1,0,0,0
60,37,139.44436645507812,92792,1,0.3514926008690266,1,0,0,0,0,1,0
40,16,30.61252784729004,96347,4,1.3991261542501383,3,0,1,0,0,1,0
46,15,52.53942489624024,92033,2,0.224522791297331,2,0,0,0,0,1,0
46,31,119.69698333740234,95066,2,1.1982033379666532,3,0,0,0,0,1,0
44,28,130.4333953857422,95650,1,3.033293966180003,1,0,0,0,0,0,0
37,22,11.596765518188477,94010,3,0.5002962809620091,1,102,0,0,0,1,0
27,6,38.48341751098633,95504,4,1.8772449265588544,1,0,0,0,0,0,0
62,38,40.46790313720703,94401,3,1.1323619994137784,2,125,0,0,0,0,0
54,23,129.59449768066406,92582,4,1.0858720506774848,3,0,0,0,0,1,1
29,2,56.35583114624024,91897,2,1.5815795427827195,1,0,1,0,0,0,0
27,5,46.591339111328125,91432,4,1.7299062504368077,1,0,1,0,0,1,0
30,6,70.79560852050781,92038,4,1.2071340724117934,1,0,0,1,0,1,0
45,13,34.190677642822266,94947,2,1.225364254885184,2,153,0,1,0,1,0
50,27,49.23116302490234,94688,4,0.3622848544487769,2,0,0,0,0,1,0
29,2,98.48965454101562,96192,4,2.942189812859977,3,116,0,1,0,0,0
44,21,24.94309425354004,90815,3,1.047143659229406,2,112,0,0,0,1,0
47,13,11.849081039428713,96355,2,0.1069518484867664,1,0,1,0,0,1,0
60,35,74.27050018310547,90099,1,2.3460478444469617,2,0,0,0,0,0,0
44,8,80.05667114257812,94504,4,0.6540156320695174,2,248,0,0,0,1,0
42,17,61.175025939941406,91872,3,1.2909143478237912,1,0,0,0,0,0,0
25,13,147.33572387695312,89779,1,0.38794603336515,1,0,0,0,0,0,0
53,26,32.04132843017578,94792,3,2.0284281063838576,1,114,0,1,0,0,0
52,18,64.28186798095703,92035,1,1.1840121276709357,1,0,0,0,0,0,0
57,29,39.2224006652832,94275,4,1.6441909814149775,2,0,0,0,0,0,0
52,28,25.139379501342773,94407,4,0.0140155694454918,2,0,1,0,0,1,0
59,28,13.879329681396484,94479,3,0.3416706784224764,2,0,0,0,0,1,0
52,30,42.2728385925293,91576,3,0.4848418119377173,3,0,0,0,0,1,0
52,27,31.24606132507324,95611,3,0.6905647577320599,2,0,0,1,0,1,0
60,33,90.88542175292967,91904,3,0.930220880464902,2,345,0,0,0,0,0
53,26,44.17771911621094,92528,3,0.3925115551029451,2,0,0,0,0,0,0
38,18,55.8431282043457,93850,3,1.9465186792103968,3,0,0,0,0,1,0
36,13,123.30944061279295,92981,2,0.3861603867666586,1,142,1,0,0,1,0
45,8,24.850492477416992,91765,4,1.1349292718198676,1,0,0,0,0,1,0
58,29,29.39580726623535,91136,4,0.4673279854488389,3,0,0,0,0,0,0
51,33,42.73947143554688,94801,1,1.795372311986821,3,95,1,0,0,1,0
35,8,84.86528015136719,93453,2,0.7168056201256413,1,0,1,0,0,1,0
40,11,23.95845031738281,93693,2,0.4321577874088584,3,0,1,0,0,1,0
30,13,68.11666870117188,90180,2,0.1816988366586943,1,0,1,0,0,1,0
58,33,19.96859169006348,92065,4,2.111191692106894,2,0,1,0,0,1,0
52,16,79.24958801269531,91548,4,1.9133446533458285,1,0,1,0,1,1,0
57,16,66.43163299560547,92257,3,1.8076085971515072,1,0,0,0,0,1,0
34,8,41.56591796875,91713,1,2.4714027434410166,1,97,0,0,0,0,0
54,31,72.76034545898438,94370,4,2.5675094678601256,2,0,0,1,0,1,0
60,35,28.30388641357422,93944,4,0.7600620668560811,1,144,1,0,0,1,0
36,10,108.33920288085938,94014,2,0.6860988784309505,1,150,0,0,0,1,0
49,30,169.1465301513672,95697,2,4.179558563685341,1,0,1,0,0,1,0
26,1,74.3272705078125,91890,3,1.5340806945271812,2,147,0,0,0,1,0
36,4,108.3393325805664,94585,4,1.3584682076151973,1,0,1,0,0,1,0
28,9,36.92992401123047,93931,2,1.8494379689453804,1,0,0,0,0,1,0
46,20,144.2186737060547,93131,2,2.0959371392245627,3,298,0,0,0,0,0
63,37,59.60157012939453,90278,1,1.2221828869935751,2,137,1,0,0,1,0
39,29,47.64215850830078,95287,3,0.5112896291398172,1,0,0,0,0,0,0
48,23,80.55025482177734,90030,1,0.4612778641515563,3,142,0,0,0,0,0
46,35,52.29043197631836,93903,2,0.4153028829749678,2,0,1,0,0,1,0
55,22,204.13214111328125,94332,2,8.561465946336329,1,0,0,0,0,0,0
32,10,73.57260131835938,94456,1,1.596906153312176,2,0,0,0,0,1,0
36,16,102.71501159667967,91744,2,2.055131466216568,1,0,0,0,0,0,0
43,20,97.92601013183594,92256,3,0.5193662709855635,2,0,0,0,0,1,0
30,5,80.2304916381836,94393,1,0.9580454519032214,2,0,0,0,0,1,0
37,10,60.2930793762207,94552,3,2.139753834154862,2,0,0,0,0,1,0
32,8,19.675294876098636,93461,1,0.2915319521227579,3,113,1,0,1,1,0
54,33,112.90955352783205,94147,2,3.219434615158731,3,0,1,0,0,1,0
58,24,166.57220458984375,94887,2,3.3870090731885565,1,0,0,0,0,0,0
41,13,47.56396484375,94587,3,1.6426491595776225,2,117,0,1,0,1,0
47,14,154.3561248779297,90767,1,5.104775866711151,3,0,0,0,0,1,1
28,2,164.15359497070312,94619,2,0.5424873543808734,1,136,0,0,0,1,0
47,12,76.98664093017578,90309,1,2.766302066723405,1,0,0,0,0,0,0
49,22,157.39866638183594,94456,2,0.6360689900466031,1,0,1,0,0,0,0
28,3,186.5789337158203,95423,1,7.759384504252632,1,387,0,0,0,0,0
31,5,70.81449890136719,91950,4,1.698460337032388,2,0,0,0,0,0,0
63,36,46.5590705871582,91995,3,0.7080946965276894,1,0,1,0,0,1,0
31,6,118.72430419921876,93195,2,4.608363961083508,1,0,0,0,0,0,0
37,10,34.33551788330078,94573,2,0.7532728886912896,1,0,1,0,1,1,0
48,22,149.8332977294922,93825,2,2.347786139516357,1,0,0,0,0,1,0
35,18,52.66029357910156,95450,4,3.517573216155945,1,0,1,0,0,0,0
57,27,74.29389953613281,91677,2,4.565215723577965,1,0,1,0,1,1,0
51,22,82.76222229003906,92881,2,1.859865826594745,3,0,0,0,0,0,0
31,11,12.722282409667969,91395,4,0.848315205474915,3,0,0,0,0,0,0
46,32,67.72334289550781,92809,1,1.0432533883889867,1,94,0,0,0,0,0
57,33,92.67058563232422,89984,3,1.325915987795513,2,0,1,0,0,1,0
43,35,31.8067626953125,94586,4,0.972577876411204,2,165,1,1,1,1,0
30,3,24.82888412475586,95118,4,1.8048677678888692,3,0,1,0,0,1,0
48,17,51.8729133605957,94308,4,0.3337516851507049,3,110,0,0,0,0,0
63,36,34.67457580566406,94395,1,2.618029254455173,1,0,0,0,0,0,0
61,31,72.09098815917969,95179,2,2.386653871842829,3,0,0,0,0,0,0
57,37,23.128984451293945,95673,4,2.5400258537475757,2,0,0,0,0,1,0
58,28,39.89371490478516,94616,3,1.4581287246569743,2,0,1,0,0,0,0
44,20,136.9085693359375,94672,2,1.8578908813718145,1,0,1,0,0,1,0
63,37,40.21083450317383,92324,3,2.0713003057357025,1,0,0,0,0,1,0
39,22,34.50829315185547,93691,2,1.5690282190539864,1,98,0,0,0,1,0
34,11,45.522220611572266,96194,4,1.834733305113683,3,0,0,0,0,1,0
32,8,170.05755615234375,91953,2,3.73491648193943,3,435,0,0,0,1,1
41,20,160.76702880859375,92397,2,1.5526542198378737,1,0,0,0,0,0,0
32,12,46.78016662597656,92294,4,0.8226526719703886,1,0,0,0,0,1,0
47,23,170.88259887695312,95840,1,3.959778874676304,1,0,0,0,0,1,0
62,38,35.37813949584961,94077,4,2.1178558211694627,1,0,0,0,0,0,0
59,36,54.82149505615234,92444,3,1.1596971203355777,2,0,1,0,0,1,0
66,40,103.00383758544922,91824,2,1.5371519115072938,1,0,1,1,0,1,0
40,24,62.364349365234375,94811,3,0.3093475386922867,1,0,1,0,0,1,0
58,11,58.24525833129883,92970,4,1.6512226109416537,3,131,1,0,0,1,0
63,38,90.65198516845705,92547,3,2.8458485908952897,3,132,0,0,0,0,0
32,7,34.71200180053711,91917,3,2.5870106304987903,1,0,0,0,0,0,0
47,11,40.88188552856445,92966,3,0.427631066566251,1,0,0,1,0,0,0
57,37,166.61465454101562,90649,2,7.043505548792864,1,0,0,0,0,0,0
36,21,57.352821350097656,92118,2,1.6012954757179831,1,0,1,0,0,0,0
29,3,114.44711303710938,92052,4,1.3199057388962143,3,107,1,0,0,1,0
37,10,60.09221649169922,95357,1,2.214403170208862,3,0,0,0,0,1,0
59,39,15.24081802368164,94752,3,0.6876191280572974,1,0,0,1,0,1,0
25,3,42.24235153198242,94232,4,1.986831575877152,3,0,0,0,0,1,0
62,37,64.25407409667969,92143,2,0.8874248157326357,3,0,0,0,0,1,0
33,9,22.13180160522461,94179,3,0.5403260671923256,2,0,0,0,0,1,0
56,23,45.05116271972656,91088,4,1.1797006766134128,2,0,1,0,0,1,0
29,5,75.15707397460938,91493,1,0.4576889338744126,1,0,0,0,0,1,0
58,25,117.69049072265624,92503,4,1.0615328020887926,1,0,0,0,0,0,0
44,7,155.61277770996094,94045,1,0.300737310860021,1,0,1,0,0,0,0
35,12,46.860816955566406,94403,3,0.3825466543686435,1,0,0,0,0,0,0
59,25,51.90014266967773,92120,3,3.5733488566532348,3,0,0,0,0,1,0
45,16,141.26687622070312,91583,3,1.696245412198037,3,0,0,0,0,0,1
27,14,21.46416473388672,93608,2,1.915491171105857,1,0,0,0,0,0,0
62,41,100.87361907958984,92753,4,1.2795255257632463,2,0,1,0,0,0,1
37,20,19.08077812194824,91510,1,0.7877586350841986,1,137,1,0,0,1,0
38,12,190.03695678710935,95589,2,5.560263666979532,1,0,0,0,0,1,0
61,35,70.75047302246094,94178,3,1.8850690366099003,2,0,0,1,0,0,0
46,16,134.18765258789062,93652,2,5.279955190643332,1,382,0,0,0,1,0
42,16,79.55586242675781,95016,1,0.6689509324361357,2,0,0,0,0,0,0
60,39,94.28421783447266,94449,4,2.333214959616177,1,0,0,0,0,1,0
45,16,59.536277770996094,92511,4,3.722839740075525,2,0,0,1,0,0,0
33,5,22.345237731933597,91171,1,2.338049337987844,3,0,0,0,0,0,0
41,-1,49.89686965942383,94389,4,0.6599384273030371,1,0,1,0,0,1,0
65,38,54.94652557373047,91943,4,3.82886128847539,3,104,0,0,0,0,0
59,28,72.13920593261719,90212,1,4.738646114361644,3,0,1,0,0,0,0
36,14,23.37544250488281,92431,1,0.5530517865636521,1,64,0,0,0,0,0
44,21,62.046722412109375,94745,2,1.2820814533037548,3,143,0,0,0,0,0
59,25,76.35283660888672,95704,2,2.764453222008393,1,295,0,0,0,0,0
64,37,50.393951416015625,92022,2,1.747114785925528,2,0,0,0,0,0,0
52,30,98.93724060058594,90452,2,4.162351803082553,3,212,1,0,1,1,0
39,15,51.27874374389648,90255,4,0.1134952380747436,1,227,0,0,0,1,0
33,7,39.170188903808594,94752,4,2.036650851935958,1,0,0,0,0,1,0
44,11,34.64735794067383,92037,2,2.731372907637298,2,103,0,0,0,0,0
54,19,86.53765106201172,90537,4,1.0477891278594065,3,0,0,0,0,1,0
38,14,46.342994689941406,95238,2,1.9997599962679664,1,0,0,1,0,1,0
30,12,148.47500610351562,94998,4,0.8834595176308095,1,203,0,0,0,0,0
63,37,76.73442077636719,92691,1,2.043270475476494,2,0,0,0,0,0,0
57,34,87.53004455566406,92417,1,1.0507835241375387,3,0,1,0,0,0,0
27,4,83.57877349853516,94441,4,2.8800920712061155,2,0,0,1,0,0,0
43,20,42.62630844116211,95491,1,2.5905062516617905,3,0,1,0,0,0,0
31,4,75.62899780273438,94255,1,2.63871477345661,2,0,0,0,0,1,0
30,11,79.03759002685547,94223,1,2.1900231600825464,1,0,0,0,0,0,0
38,17,74.39399719238281,91995,2,1.5736483891705648,1,0,1,1,1,1,0
53,26,37.587989807128906,94226,1,1.514760606452219,3,0,0,0,0,1,0
36,15,32.35395812988281,91949,3,1.2604265002870023,1,302,0,0,0,0,0
55,31,30.913896560668945,91761,3,1.7664265624776212,1,142,0,0,0,0,0
32,28,23.060518264770508,93890,1,1.9966326285531808,2,136,0,0,0,1,0
56,8,9.17742156982422,95449,4,0.3765293143453664,2,0,1,0,0,0,0
56,15,173.7147674560547,94787,1,2.2957402528594684,1,0,1,0,1,1,1
49,29,30.084850311279297,94983,2,1.838154280467874,1,0,0,0,0,0,0
52,21,109.04505157470705,90863,2,1.5899096619817317,1,0,0,0,0,1,0
32,11,75.79109191894531,92659,2,0.4485107972495949,1,147,0,0,0,1,0
32,4,79.82818603515625,94112,4,1.5222917329005907,1,0,0,0,0,0,0
26,3,176.53317260742188,90314,2,4.64408078395349,1,594,0,0,0,1,0
50,32,34.92512130737305,95539,2,0.6678830917821414,3,139,1,0,0,0,0
36,18,105.05377197265624,91038,2,4.728782441423158,1,0,1,0,0,0,0
40,17,29.83367347717285,95232,4,0.0302071164902641,1,0,1,0,0,0,0
28,3,22.054851531982425,95882,4,1.5180396052594889,1,0,1,1,1,1,0
42,22,26.8992862701416,94883,2,0.2062952507699558,2,0,0,0,0,0,0
60,31,112.86344909667967,95500,1,2.191670337123166,3,0,0,1,0,1,0
38,14,16.823345184326172,92107,4,0.5034150646416826,1,0,0,0,0,0,0
37,8,58.05657196044922,94622,2,1.6329398396370909,1,95,0,0,0,1,0
62,39,80.7498779296875,92773,4,1.1277694946329473,2,0,0,0,0,0,0
62,40,177.83306884765625,94587,1,4.317107457967948,1,0,0,0,0,1,0
52,26,72.68680572509766,91255,4,1.6630351645542691,3,0,0,0,0,0,0
34,9,46.88130187988281,94767,4,1.7456309667780074,3,94,1,1,0,0,0
42,33,39.82144165039063,91930,4,1.076504070126426,3,0,0,0,0,0,0
41,17,48.75923156738281,92178,1,0.1235858899470211,1,0,0,0,0,1,0
28,5,159.7813720703125,94157,2,1.7987210563980918,1,0,0,0,0,0,0
51,25,106.01604461669922,94409,4,0.3550623929480221,1,0,0,0,0,0,1
55,35,22.14640045166016,95734,3,1.1943729673189265,1,451,0,0,0,1,0
29,1,78.29734802246094,91331,2,2.743750221911231,3,0,0,0,0,0,0
49,21,127.05435180664062,95064,1,3.116371775382041,3,0,0,0,0,0,1
46,28,29.264545440673828,94454,2,0.6521024398961364,1,0,0,1,0,1,0
43,16,43.8438606262207,90305,1,1.473877580530806,2,137,0,0,0,0,0
63,35,78.44081115722656,94135,1,0.8431427023545257,1,0,0,0,0,1,0
61,35,21.93177604675293,91188,3,2.08043883142044,2,69,0,0,0,0,0
43,22,49.84804916381836,95638,2,0.898291641321669,2,172,0,0,0,0,0
54,23,74.8017349243164,92083,2,0.6065198876975079,1,0,1,0,0,1,0
43,11,161.6243133544922,94947,2,6.675646064430692,3,0,0,0,0,1,0
61,32,69.01848602294922,94239,1,2.946492963137901,2,0,1,0,0,0,0
49,26,77.00897979736328,90177,1,0.6308833382436845,3,0,0,0,0,1,0
45,26,61.017860412597656,93822,3,1.5990581196097076,1,0,0,0,0,0,0
58,36,26.61581420898437,96096,4,1.0783213332994073,1,0,0,0,0,0,0
27,5,126.60187530517578,90953,2,2.474440415493133,1,316,1,0,0,1,0
34,11,92.20260620117188,91692,3,0.3318211116236682,2,0,0,0,0,1,0
42,20,45.2319221496582,90085,2,0.2204570713852259,2,92,0,0,0,1,0
56,34,62.01631164550781,94987,1,1.435769117039979,3,265,0,0,0,0,0
51,22,59.14447784423828,95389,4,0.3614970768464336,2,0,0,0,0,0,0
62,38,56.52475357055664,94910,3,1.3953450170679995,2,0,0,0,0,1,0
48,9,13.990243911743164,93543,1,0.1403483697974995,1,104,0,0,0,1,0
29,3,114.7863540649414,95712,2,2.363007304234268,1,0,0,0,0,0,0
49,25,83.49526977539062,94562,1,1.034857697906529,1,0,1,0,0,1,0
52,30,57.69655990600586,93517,4,0.961224593798076,1,0,0,0,0,0,0
49,34,35.65042495727539,93255,3,1.107740289884056,3,0,1,0,0,1,0
40,14,139.25721740722656,95085,4,4.731478694098293,1,415,0,0,0,1,1
25,1,43.33181381225586,92278,3,0.835374858188773,1,186,1,0,0,0,0
60,33,165.72935485839844,95343,2,0.2122632400166984,1,0,0,0,0,0,0
35,9,99.0566864013672,93110,1,2.8204767784076306,1,0,0,1,1,1,0
57,10,115.96107482910156,94488,2,2.449506130679299,1,0,0,0,0,1,0
41,20,47.6062126159668,96053,3,0.6286119164330257,2,92,0,0,0,1,0
50,33,32.617862701416016,93660,4,0.6712409509890173,2,0,1,0,0,1,0
39,19,104.2008285522461,92058,2,2.31911926055177,1,205,0,0,0,0,0
66,35,41.28803253173828,92181,1,1.5687006913496404,3,0,1,0,0,1,0
64,35,157.09637451171875,91778,1,5.890280112250784,1,0,0,0,0,1,0
43,35,16.63308334350586,92408,4,2.5792014831080587,3,0,1,0,0,0,0
31,6,35.18191909790039,91779,2,1.8849568271619688,2,98,0,0,0,1,0
59,37,37.89807891845703,92992,4,2.472471097267468,1,151,1,0,0,0,0
37,5,78.52236938476562,95012,4,2.204848578227497,3,0,0,1,0,1,0
62,33,73.65621185302734,93367,4,1.6950216458326823,2,0,0,0,0,1,0
44,22,97.8280029296875,96287,3,1.2491345516723356,3,273,0,0,0,1,0
51,18,81.84911346435547,89864,4,1.8498501105752536,2,0,0,0,0,1,0
45,17,106.28660583496094,92881,1,1.694467395162985,1,0,0,0,0,0,0
51,24,15.623457908630373,92046,1,0.2781256627509835,3,156,0,1,0,1,0
35,5,23.476173400878903,93751,2,0.8311399998645942,2,134,1,0,0,0,0
54,12,181.40298461914065,94415,4,3.865298248592545,2,0,1,1,1,0,1
61,27,79.15399169921875,92806,1,0.520001284250988,1,0,0,0,0,1,0
62,32,63.56460571289063,93033,4,1.25801912625493,2,0,0,0,0,1,0
42,5,125.30353546142578,95425,2,2.36916487415245,1,0,1,0,0,1,0
55,34,99.01927185058594,90084,1,2.1334878075717176,3,0,0,0,0,1,0
41,17,35.834999084472656,94898,2,0.4248928298561656,2,0,1,0,0,1,0
53,35,107.4342269897461,90044,1,0.4841962378181179,1,0,0,0,0,0,0
56,29,57.01616287231445,92697,2,2.1267374483149464,2,0,1,0,0,0,0
43,23,140.22686767578125,94254,2,0.5260435154365807,1,0,0,1,0,0,0
44,14,170.4984893798828,95538,1,8.271489119439524,1,0,1,0,0,1,0
62,36,66.22957611083984,93030,4,0.4951141703978911,1,0,1,0,0,0,0
31,9,66.15292358398438,92266,2,1.2908910023890534,2,0,0,0,0,1,0
59,31,134.3621063232422,95578,1,6.067063501991142,1,256,0,0,0,0,0
31,10,129.386962890625,92286,3,2.425598778975757,3,131,0,0,0,0,0
43,13,70.4729232788086,95663,4,1.0922049568972496,1,0,0,0,0,0,0
54,32,72.67053985595703,94769,1,3.4164498459903303,1,0,1,0,0,0,0
56,29,150.041259765625,95921,2,1.3319850105890594,1,0,0,0,0,1,0
49,25,54.51402282714844,94235,4,2.338403554618248,2,95,0,0,0,0,0
53,38,164.6317901611328,95147,1,1.3269880306205142,1,0,0,0,0,1,0
50,23,25.631427764892575,92709,1,1.1352877541476976,3,101,0,0,0,1,0
51,27,100.22577667236328,95243,3,1.0756456557311234,2,226,0,1,1,1,1
60,34,24.785663604736328,94428,3,1.2869450742321853,1,0,0,0,0,0,0
51,29,50.48113632202149,91326,1,2.064207685853417,3,0,0,0,0,1,0
46,24,83.96382904052734,94821,1,0.5293074734489251,1,0,1,0,0,0,0
34,14,66.91681671142578,95308,4,1.7531724217454068,1,0,1,0,0,0,0
46,24,67.30459594726562,93063,1,0.6209005651102939,3,0,0,0,0,1,0
63,31,172.93109130859375,91989,3,9.10780385490445,2,0,1,0,0,0,1
61,35,66.19065856933594,91094,3,3.4280406115747555,3,0,0,0,0,1,1
35,9,32.841121673583984,90449,2,1.9874304801110592,2,104,1,0,0,1,0
34,2,55.18209457397461,90377,3,1.963995707383988,2,217,1,0,0,0,0
50,31,22.493423461914062,94566,2,0.3489234260368979,3,96,0,0,0,1,0
48,25,84.5001449584961,91897,3,1.021934271691365,3,0,0,1,0,0,0
29,1,107.10578918457033,92530,2,2.295723397526962,2,0,1,0,0,0,0
51,28,92.01860809326172,91434,2,0.736206391188892,2,0,0,0,0,0,0
24,4,127.23439025878906,92372,2,1.9931208619400496,1,0,0,0,0,1,1
29,5,130.58102416992188,95372,2,4.064521364423372,2,107,0,0,0,0,1
37,24,96.31031036376952,94935,3,1.5038605094298618,1,400,0,0,0,0,1
42,20,118.9103012084961,95707,2,1.532179247894911,1,221,1,0,0,0,0
41,16,41.41103744506836,94779,1,2.046419643703924,2,0,0,0,0,0,0
53,24,57.41340255737305,94665,2,1.727341907191304,3,0,0,0,0,0,0
41,16,179.41746520996094,90367,2,0.8147979723390665,3,104,0,0,0,1,1
44,14,47.50308227539063,91064,1,2.2178441756396188,1,101,0,0,0,1,0
36,12,32.870662689208984,94253,4,0.1863543994259607,3,0,0,1,0,1,0
45,18,111.19889068603516,92128,1,0.625726330662308,3,0,0,0,0,1,0
47,20,43.08827590942383,94900,1,1.297176202943557,3,0,0,0,0,0,0
45,23,105.60384368896484,93936,4,3.2693959644496737,3,0,0,0,0,1,0
56,17,83.06039428710938,90149,3,2.2981479657085946,3,0,0,0,0,1,1
43,15,101.74658966064452,95191,1,0.3764386382532738,3,0,0,0,0,1,0
59,37,137.5491943359375,92080,2,3.677374407971593,1,0,0,0,0,1,0
58,34,12.480709075927734,94283,4,1.3543605543490764,2,0,0,0,0,1,0
41,24,66.6241455078125,89641,2,0.4056792644013673,3,0,0,0,0,1,0
37,10,21.40333747863769,95835,1,0.5913225880448234,3,0,0,0,0,0,0
40,23,81.38915252685547,92958,4,1.9688331011177895,3,0,0,0,0,0,0
53,28,58.80284881591797,90230,1,3.257454589323192,2,0,0,1,1,1,0
55,34,34.84021759033203,93987,4,0.1018699812359767,2,0,1,0,0,0,0
53,28,103.66808319091795,94035,2,3.056748781437088,1,0,1,0,0,1,0
46,26,60.52429962158203,92076,1,0.7766793299286013,1,159,0,0,0,1,0
42,16,86.13296508789062,91265,4,3.541201014021183,1,0,0,0,0,1,0
51,15,52.71686935424805,91314,3,1.3189850894299198,2,0,0,0,0,1,0
50,12,83.67532348632812,94526,1,2.405630862428,3,249,0,0,0,0,1
61,38,75.44024658203125,92679,2,0.2198061071741117,3,0,0,0,0,0,0
45,20,19.977745056152344,90680,2,0.9792940790900398,1,0,0,0,0,0,0
30,5,29.154769897460938,91598,3,0.1738107709761721,1,0,1,0,0,0,0
33,6,39.72529602050781,94864,4,0.6648251063532392,1,0,0,0,0,1,0
36,4,53.39862060546875,93939,4,0.8734895748234984,2,124,1,0,0,1,0
30,11,29.532548904418945,94883,3,1.1525608693139695,1,0,0,0,0,0,0
38,14,36.93768310546875,93062,1,0.0743802322128491,1,0,1,0,0,1,0
56,17,129.22698974609375,94362,2,3.411876492073953,1,0,0,1,0,0,1
64,37,69.22526550292969,90947,3,2.7216160320431224,1,0,0,0,0,0,0
33,13,117.76727294921876,93035,1,2.279680058829059,2,0,1,1,1,1,1
41,18,107.49207305908205,93508,4,0.6607340011738506,3,147,0,0,0,1,0
61,34,85.43475341796875,95441,1,4.222921097905719,1,123,1,0,0,1,0
55,35,37.90098190307617,92184,1,0.8171018217309567,3,146,0,0,0,0,0
31,9,39.06245803833008,95114,4,0.5429638919714453,2,0,0,1,0,1,0
42,26,150.14163208007812,90412,3,1.5850351505229603,3,238,0,0,0,0,1
60,40,155.9131317138672,94976,2,6.857032870142919,1,179,0,0,0,0,0
39,10,76.08372497558594,90477,3,2.012538822616502,1,171,1,0,0,0,0
58,37,25.41780662536621,92469,1,0.5662188250805007,2,0,0,0,0,0,0
40,11,116.10352325439452,94273,1,3.3612698712333327,1,0,0,1,0,0,0
66,43,118.22817993164062,93141,2,3.627074920283886,1,0,0,0,0,0,0
55,12,64.14047241210938,93859,3,0.8257637233505571,2,0,0,0,0,1,0
60,35,82.90426635742188,94058,1,0.4640764485997847,3,0,0,0,0,0,0
41,20,22.44350242614746,95980,3,0.3855138353103088,2,0,0,0,0,1,0
42,16,15.067062377929688,95105,4,1.2488606886392977,3,0,0,0,0,0,0
59,25,85.51617431640625,92978,3,1.3447760633658352,3,0,1,0,0,1,0
65,39,55.626686096191406,94234,4,1.4554648409877196,3,0,0,0,0,1,0
29,3,25.336471557617188,91729,3,0.6341083800414564,2,137,0,0,0,0,0
56,38,112.17156219482422,95288,2,3.3455131913551868,1,192,0,0,0,0,0
35,14,44.80693435668945,94308,4,1.3536116555401765,3,0,0,1,0,1,0
60,35,106.52566528320312,95335,1,7.091093227474132,1,280,0,0,0,0,0
42,11,60.87769317626953,93921,1,2.2098362237468487,3,0,1,0,0,1,0
62,37,80.6678237915039,92260,2,2.5755692352520296,1,0,1,0,0,1,0
29,7,63.824615478515625,91801,2,2.039276013332541,3,0,0,0,0,1,0
62,33,59.060546875,92791,4,1.4469262655479738,1,0,0,0,0,0,0
41,13,101.737060546875,91473,1,1.3648612486646658,1,0,0,0,0,1,0
43,18,41.88522338867188,94341,3,1.6092083482918231,1,0,0,0,0,1,0
29,3,126.21754455566406,95331,2,3.4701260333185084,3,0,0,0,0,1,0
48,28,74.54927825927734,95298,4,1.8861399554122744,1,0,1,0,0,1,0
45,24,150.5523223876953,90221,1,2.82320944192034,3,0,0,0,0,1,1
53,31,75.94278717041016,95565,2,1.3591186883481838,1,0,0,0,0,1,0
63,34,49.37934875488281,94164,1,2.421790347119,3,0,0,0,0,1,0
59,36,40.65278625488281,91413,3,0.1392094087354251,2,0,0,0,0,1,0
39,7,12.574365615844728,95273,1,1.2183755677267143,3,97,0,0,0,1,0
39,19,42.82850646972656,91307,3,0.4156308886519788,2,110,0,0,0,0,0
45,25,180.2754669189453,91549,2,6.065544104738191,1,0,0,0,0,1,0
62,37,139.59848022460938,92132,2,2.965625122739044,1,0,0,0,0,1,0
29,2,81.4742660522461,94111,3,1.697514641333136,2,0,0,0,0,1,0
32,8,85.01366424560547,95784,3,1.3324160607773452,3,0,0,0,0,1,0
61,39,45.46602249145508,94554,4,2.1741054603367105,3,0,1,0,0,1,0
48,17,46.53627014160156,92343,4,0.2359686478001609,2,0,1,0,0,1,0
50,32,148.41207885742188,95737,2,0.4750040190297029,1,168,0,1,0,0,0
63,37,102.77880859375,94254,1,2.525411039072169,1,0,1,0,1,1,0
44,25,53.54674911499024,92727,2,0.4827561830629406,2,0,1,0,0,0,0
41,26,45.338775634765625,95241,2,0.162638558709675,2,0,1,0,0,1,0
64,39,126.54875183105467,92416,2,1.2338156719207245,1,0,0,0,0,0,0
33,9,139.72886657714844,91347,2,6.132416294444005,1,0,1,0,0,1,0
61,38,59.99446487426758,94452,2,0.2864295120662327,1,0,0,0,0,1,0
48,17,77.09041595458984,91929,1,0.9302878392139424,2,193,1,0,0,0,0
58,33,109.0756607055664,95307,2,2.8300144538083107,3,0,0,0,0,0,0
47,26,57.26831817626953,94185,3,2.262820619711686,1,0,0,1,0,1,0
35,6,88.80192565917969,92805,1,0.9400349942426284,1,264,0,1,0,1,0
43,24,37.19769287109375,92115,2,1.43515844803591,1,0,0,0,0,0,0
29,8,104.45964050292967,94391,2,3.203639687382882,1,0,1,0,1,1,0
49,21,109.41909790039062,94871,2,1.064228882974589,3,0,0,0,0,0,0
39,10,50.67173767089844,94021,1,0.6853486072718957,1,0,1,0,0,1,0
44,26,55.44949722290039,95995,1,0.2985484281066978,1,0,0,1,0,1,0
53,36,110.5409927368164,94586,2,5.99574099405806,3,198,0,0,0,0,0
59,38,34.41343307495117,93857,4,0.5698831320902036,2,0,0,0,0,1,0
49,13,56.13344192504883,96530,4,1.5916619757896893,2,0,1,0,0,1,0
37,11,66.81929016113281,94448,4,3.838226198442885,1,0,1,0,0,1,0
42,18,62.32374572753906,92131,2,2.3593864439242576,2,109,1,0,0,0,0
30,4,123.26290130615234,91517,2,6.963397950573111,1,0,1,0,0,1,0
38,14,132.49818420410156,91430,4,0.578323658182125,1,0,0,0,0,0,0
58,34,54.76559829711914,95301,2,1.52722459362284,3,149,0,0,0,1,0
40,16,30.706512451171875,90117,2,1.0568847480531642,3,0,0,0,0,0,0
63,31,86.43714141845703,92116,2,1.140447058870273,3,182,0,0,0,0,0
27,23,59.034759521484375,94219,4,2.1091746931005195,2,0,0,0,0,0,0
60,33,175.18655395507812,91872,4,5.317194966278272,3,0,0,0,0,1,1
27,5,72.39276885986328,92736,4,1.5062219186102104,1,0,0,0,0,1,0
33,8,15.883672714233398,96331,1,2.76308767175479,3,205,0,0,0,1,0
41,20,46.992942810058594,91476,1,2.8624580162242133,3,0,0,0,0,0,0
39,17,32.04706573486328,94819,2,0.5392438939505224,3,243,0,0,0,1,0
55,29,51.99254989624024,94945,2,1.3245416328404294,3,461,0,0,0,1,0
30,5,157.85255432128906,90947,1,0.7834922202493567,1,90,0,0,0,0,0
64,39,33.437294006347656,92783,2,0.2144307697286839,1,0,1,0,0,1,0
38,22,28.826047897338867,94160,4,0.3640180128919373,2,0,0,0,0,1,0
34,4,48.03868865966797,92951,4,2.156179417539528,3,0,0,0,0,1,0
61,37,67.85714721679688,94674,4,0.3645647107683367,1,317,1,1,0,1,0
40,21,50.14576721191406,93122,2,3.411940305052416,1,135,0,0,0,1,0
41,16,61.98086929321289,95129,4,1.3705269221831098,1,0,1,0,0,1,0
28,8,77.59127044677734,94499,1,0.5909210660454153,3,0,1,0,0,1,0
52,24,129.46005249023438,93002,4,1.852218696753948,2,337,0,0,0,0,1
37,10,141.3792724609375,92097,3,3.188184528606125,3,0,1,0,0,0,1
36,17,56.43598937988281,91927,2,0.3645502045076856,3,0,0,0,0,1,0
48,17,32.017391204833984,91600,1,0.4781039660199799,1,0,1,0,0,1,0
54,22,200.7121124267578,93211,1,3.485029219736983,1,310,0,0,0,0,0
37,11,18.638103485107425,90523,2,0.4072524425645555,1,105,0,0,0,1,0
27,0,53.08097839355469,92619,2,0.2175097027382575,3,0,1,0,0,0,0
45,27,74.43395233154297,94773,2,1.490046820867108,1,0,0,0,0,1,0
29,3,28.73387908935547,94384,4,0.4182040849173274,2,0,0,0,0,1,0
41,16,82.44690704345703,91989,1,0.3018263603849966,1,0,0,0,0,1,0
43,24,45.7853889465332,92707,2,1.9147301208781895,3,122,0,1,0,1,0
30,10,44.76689147949219,94922,4,2.068853758261593,1,0,1,0,0,1,0
46,18,79.99796295166016,92305,1,1.6521056493619373,3,0,0,1,0,1,0
49,27,35.075775146484375,92161,2,1.2101419070048876,2,113,0,0,0,0,0
31,4,52.19340896606445,92829,1,2.7436044997168443,1,0,0,0,0,1,0
57,33,21.18091583251953,94609,1,0.6672956832482959,1,0,1,0,0,1,0
47,18,37.56248474121094,94538,1,1.7776226333913587,2,0,1,0,0,1,0
59,36,50.8412971496582,94598,2,0.7487792923864898,3,0,0,1,0,1,0
48,28,52.55904769897461,94547,1,1.920908323221488,1,0,0,0,0,1,0
58,33,84.31488037109375,95064,2,2.130942891717255,3,248,1,0,0,1,0
48,17,82.90579223632812,96484,2,1.8889101091763352,2,0,0,0,0,0,0
29,23,127.0925521850586,92500,2,2.3157026902047466,1,144,1,0,0,0,0
35,21,55.04663848876953,92813,1,1.2517774540747226,3,0,0,0,0,0,0
37,8,195.6933135986328,90379,2,3.776782014878433,1,0,1,0,0,1,0
35,19,48.467918395996094,91946,2,0.6331836557247943,3,0,0,0,0,0,0
63,37,57.423946380615234,94626,3,1.2014224888136096,2,157,0,0,0,0,0
33,20,56.19451904296875,95490,2,0.496222911156978,3,85,0,1,0,1,0
64,37,14.690873146057127,92992,3,0.7740618934651805,2,103,1,0,0,0,0
46,14,84.64170837402344,91681,2,1.5193938402095504,3,255,1,0,0,0,0
30,8,35.7639274597168,95228,2,0.3847760954846209,1,0,0,0,0,0,0
44,18,24.22501373291016,95995,3,0.4178512147349988,3,111,1,0,0,0,0
53,36,26.632022857666016,91915,4,0.5754730927846043,2,0,0,0,0,0,0
61,40,97.64466857910156,93112,1,3.369530287441301,3,0,0,0,0,0,0
61,36,108.23440551757812,90240,2,0.1441972753917269,1,0,0,0,0,1,0
57,29,18.98680686950684,94477,4,0.2624521365450289,2,0,0,0,0,0,0
51,34,27.44206047058105,92341,3,0.4989685469065608,1,0,1,0,0,0,0
50,31,35.65520095825195,93139,2,0.4625782136889259,1,0,0,0,0,0,0
39,18,40.0574836730957,92956,4,2.303265177376828,2,0,0,0,0,0,0
54,25,128.8428955078125,94943,2,2.147039866663572,1,0,0,0,0,0,0
63,42,22.716527938842773,91729,1,0.3760919608764359,2,108,0,0,0,0,0
41,32,137.53712463378906,91180,2,1.1747404232238703,1,0,0,1,0,1,0
43,22,83.55842590332031,93977,1,4.724149377072092,3,160,0,0,0,0,0
40,19,190.42922973632807,92280,2,0.5787207440301041,1,0,0,0,0,1,0
46,16,33.37677001953125,94246,4,2.593327528056824,3,0,1,0,0,0,0
55,37,46.64754486083984,95379,2,1.638765530265618,1,0,0,0,0,1,0
52,10,99.46510314941406,92779,2,4.474614924069627,3,0,0,0,0,0,1
38,12,32.08992004394531,94835,1,1.527184690819584,3,101,0,1,0,0,0
60,35,46.4311408996582,92836,1,0.8680287829097626,2,105,0,0,0,1,0
59,34,35.904029846191406,90912,3,2.0512928247911133,2,0,1,1,1,0,0
56,35,57.0504150390625,95003,2,1.3863060568201633,3,0,0,0,0,1,0
42,13,48.67817306518555,91943,4,2.449167394780072,1,0,0,0,0,1,0
49,18,70.14008331298828,89547,1,2.077109582011329,1,0,0,0,0,0,0
54,20,64.14149475097656,91344,2,0.2045333154760502,2,0,0,0,0,0,0
62,36,35.252227783203125,96185,4,1.460107554002538,1,0,0,0,0,0,0
45,20,192.30593872070312,92300,1,4.250550179154304,1,0,0,0,0,1,0
39,27,20.59322929382324,95717,3,0.8897482246052154,3,567,0,0,0,0,0
52,31,21.080829620361328,93137,2,1.6339138239770332,3,0,0,0,0,1,0
61,39,52.945743560791016,93955,4,1.2367902854006223,1,0,1,0,0,1,0
51,39,13.363295555114746,93548,3,0.6365097786972946,2,0,0,0,0,1,0
52,31,16.081762313842773,92792,3,0.6924701432705831,1,92,1,0,0,1,0
52,23,90.34367370605467,91592,1,2.131094584866975,1,0,1,0,0,0,0
33,4,145.62770080566406,95311,2,7.510075365076821,1,0,0,0,0,1,0
28,5,103.4823989868164,94730,4,2.0721197900888733,3,105,0,0,0,0,0
38,27,123.08694458007812,94075,2,2.9501492129223177,1,0,1,0,1,1,0
42,17,65.07807159423828,91860,1,0.909719046060565,2,0,0,0,0,1,0
31,9,86.41352844238281,92116,4,2.5811201631622875,2,0,0,0,0,1,0
57,32,39.84093475341797,94767,3,0.8319692371129055,2,0,0,0,0,1,0
62,39,96.40631866455078,95403,3,0.2979985465822026,1,0,0,1,0,0,0
44,21,41.16048431396485,91310,1,2.841702405838152,1,204,0,0,0,0,0
38,21,104.1185073852539,93183,2,3.5672169308291024,1,0,0,1,0,0,1
38,8,105.0573501586914,93022,4,1.4404584645046743,3,0,0,0,0,0,0
46,26,122.0237274169922,93069,2,3.1249095537721328,1,227,0,0,0,0,0
56,22,40.08794784545898,91428,4,0.447970307819852,3,0,0,0,0,0,0
48,24,20.48056983947754,94558,4,0.3009265558237499,1,0,1,0,0,0,0
58,14,66.12157440185547,93007,1,0.6732039497587987,1,0,1,1,0,0,0
53,29,74.47660827636719,95441,2,5.488270693111975,1,151,1,0,0,1,0
58,28,13.712732315063477,93483,2,0.3198100420745017,2,86,1,0,0,1,0
40,13,71.81626892089844,90236,4,0.2826410826408124,3,0,0,0,0,1,1
38,10,147.3129425048828,95203,3,0.4923124009301496,2,433,0,0,0,0,1
30,9,47.663272857666016,92364,2,0.8109254572979686,1,0,0,0,0,0,0
26,22,34.2689208984375,92428,2,1.6986892208999718,2,0,0,0,0,0,0
31,6,30.81930160522461,94410,3,1.9292369686507185,2,110,0,0,0,1,0
45,17,161.3280487060547,90172,1,4.294343260618028,1,0,0,0,0,0,0
51,15,43.993534088134766,94755,2,1.2502060699534443,2,0,0,0,0,1,0
39,5,131.74757385253906,94430,3,0.5459821799038505,3,386,0,0,0,1,1
63,38,212.46083068847656,95214,1,4.549359503636671,1,0,1,0,0,1,0
31,11,144.63148498535156,92039,1,1.448692130073156,1,0,0,0,0,1,0
39,12,70.88783264160156,92530,3,0.3628011678053269,3,0,0,0,0,0,0
32,4,21.850311279296875,92436,4,1.49549326001674,3,105,1,0,0,0,0
45,23,60.32265090942383,94137,1,1.7821146524393272,2,0,0,0,0,1,0
42,18,113.70887756347656,94974,1,0.1515390383259321,3,0,0,0,0,0,0
54,26,56.89289093017578,94179,1,1.0106582130030497,3,122,0,0,0,1,0
56,28,71.97994232177734,90431,2,1.9883200864122808,3,0,0,0,0,1,0
44,12,34.78594207763672,92701,2,0.2519128066931521,1,0,0,0,0,0,0
31,13,30.827430725097656,94035,1,0.1679567364476191,1,0,1,0,0,0,0
61,39,48.35114288330078,89884,3,2.0379870590868188,1,0,1,0,0,0,0
40,20,69.421875,92716,4,1.2687051843908397,3,0,0,0,0,1,0
36,11,142.43850708007812,93929,1,2.8551796665932008,1,0,1,1,1,1,0
51,31,39.55977630615234,95753,3,1.4134175774076168,3,0,0,0,0,0,0
44,23,171.43072509765625,91487,2,7.454275210810328,1,0,1,0,0,1,0
27,5,187.84710693359372,92129,2,6.5923973501421305,1,123,0,0,0,1,0
31,6,88.56930541992188,92211,1,2.294529347973844,3,304,0,0,0,0,0
33,25,82.0170669555664,95919,1,8.915380008148395,1,0,1,0,0,1,0
24,0,48.47442626953125,95841,3,1.951648243892358,1,0,0,0,0,1,0
45,17,67.77459716796875,95407,2,3.114791872021828,1,0,0,1,0,1,0
49,28,25.67245864868164,92129,2,0.8942786372210976,3,85,0,0,0,1,0
61,31,20.93143081665039,90004,1,1.0738501669651517,2,156,0,0,0,1,0
42,20,103.22520446777344,94650,1,1.8995157148986528,3,0,0,0,0,0,0
44,15,41.43696594238281,95960,3,1.0304116880905614,1,0,0,0,0,1,0
59,38,60.42188262939453,95645,3,1.4276629156373908,2,0,0,0,0,0,0
32,11,57.66924285888672,92393,1,2.483148133753571,3,0,0,0,0,1,0
35,12,56.78219985961914,94493,4,1.7746639685436223,2,0,0,0,0,0,0
41,11,79.78410339355469,92888,3,2.039495108277173,3,0,0,1,0,0,0
49,13,204.1654052734375,94788,1,8.02103454279558,1,0,0,1,0,0,0
37,18,29.63720703125,94820,1,0.5387665181969207,2,0,0,0,0,1,0
44,27,55.85501480102539,91127,2,0.4412853011406345,1,0,0,0,0,1,0
36,6,43.39789581298828,95452,4,2.376261599066527,1,0,0,0,0,1,0
26,5,17.358993530273438,96027,1,0.2895249353941738,3,149,0,0,0,1,0
59,30,84.11270904541016,92549,1,1.6035896168301618,3,442,0,0,0,0,0
48,32,68.82730102539062,93804,2,1.9103925170461369,1,0,1,0,0,0,0
26,-2,124.85291290283205,94413,2,7.126344248533173,1,0,0,1,0,1,0
45,28,64.89478302001953,95551,4,1.2303880023873328,3,0,0,0,0,1,0
61,33,83.51578521728516,91897,4,0.132489701280248,3,0,0,0,0,0,0
34,8,16.345523834228516,90987,3,0.8046886848838697,1,0,0,0,0,0,0
54,21,111.73926544189452,90203,1,2.608407352739893,3,0,0,1,0,1,1
63,40,63.02561569213867,94295,4,1.2660711747451807,1,0,1,0,1,1,0
61,37,18.75690460205078,92663,4,0.1869231961505394,1,0,0,0,0,0,0
56,28,45.63493728637695,94515,1,1.2985984981618484,3,0,0,0,0,1,0
48,32,42.11277389526367,91936,1,0.2060953383237182,1,147,1,0,0,0,0
52,31,29.29771041870117,90070,1,1.3178494019459537,1,0,1,0,0,0,0
40,21,56.257720947265625,94919,2,0.7652428154052756,1,0,0,0,0,1,0
43,15,14.675166130065918,92909,4,0.138250946528611,3,0,1,0,0,1,0
36,18,106.7005844116211,91917,2,2.6472848187307663,2,315,0,0,0,0,1
41,14,47.55973052978516,95000,4,2.6708826156568928,1,0,0,0,0,1,0
59,31,59.045013427734375,91413,4,2.106938930644429,1,299,1,0,0,1,0
31,13,42.52133560180664,94246,4,1.350522092012964,2,0,0,0,0,1,0
46,21,64.20884704589844,94415,1,2.925810528091575,3,0,1,0,0,0,0
34,16,63.30413818359375,89980,2,2.727770491305523,1,0,1,0,0,1,0
63,36,138.09011840820312,91917,2,6.74223436912067,1,0,0,0,0,0,0
32,10,125.9936294555664,94319,2,1.7845894317907418,1,0,0,0,0,1,0
54,33,30.916831970214844,91580,4,0.0430124800025765,3,144,0,0,0,1,0
43,28,20.85180282592773,91275,3,0.168196498529278,2,0,0,0,0,0,0
62,39,80.14388275146484,94024,1,0.395828081550838,1,271,1,0,0,1,0
31,7,186.2068023681641,90358,2,7.019862561703742,1,0,1,0,0,1,0
43,15,52.72148513793945,91350,2,2.314949243147051,3,124,0,0,0,1,0
31,19,153.59597778320312,91807,2,7.85071068603971,1,0,0,0,0,1,0
61,34,80.49431610107422,94117,3,4.456918818626782,3,0,0,0,0,1,0
61,39,68.01315307617188,91958,1,0.5617567079041077,1,0,1,0,0,1,0
53,19,106.51470947265624,93264,4,2.352361627842946,1,306,0,0,0,1,0
36,2,108.14643096923828,91124,2,1.539044728143617,1,0,1,0,0,0,0
59,32,73.46163940429688,92665,1,1.3448744528131122,1,161,0,0,0,0,0
24,-1,56.285980224609375,92540,2,0.4771249912905319,1,0,0,0,0,0,0
53,27,35.720664978027344,91471,1,0.3633548161829728,2,0,0,0,0,1,0
50,23,37.46609115600586,94085,1,0.3413874750933787,3,108,0,0,0,1,0
56,25,50.41282653808594,95761,1,1.9146781323877868,2,0,0,0,0,1,0
58,33,13.590036392211914,92959,4,0.01453721608665,2,96,1,0,0,0,0
33,8,21.253734588623047,96328,4,0.6695355825805093,2,0,1,0,0,0,0
53,23,23.51599502563477,95441,1,0.3419135176331983,1,0,1,0,0,1,0
46,24,155.58924865722656,90164,1,1.727811062799817,1,0,0,0,0,1,0
27,0,35.96449279785156,90234,4,2.2844063002826216,1,0,0,0,0,0,0
33,17,122.8666534423828,93928,1,2.141074521969231,1,0,0,0,0,1,0
39,10,40.40911483764648,93816,1,2.1187163229360766,2,0,0,0,0,0,0
32,6,158.82571411132812,90084,2,6.413979326616278,1,410,0,0,0,0,0
24,2,90.89968872070312,94353,4,2.2807905942528857,1,126,1,0,0,0,0
32,13,93.03787231445312,92101,3,2.264385044354602,1,150,0,0,0,0,0
63,36,159.00970458984375,91283,1,2.7462094834023003,1,0,0,0,0,1,0
44,11,99.37269592285156,95545,4,1.715493341923207,1,182,0,0,0,0,0
41,11,37.17924499511719,95991,2,3.886126510004163,1,0,0,0,0,0,0
41,15,38.86939239501953,94466,2,1.0571137198330218,3,144,0,0,0,1,0
34,14,135.60818481445312,90123,2,0.1445815255483489,1,0,0,0,0,0,0
44,17,11.622842788696287,91688,2,0.8517814954756178,2,0,1,0,0,1,0
43,16,46.30727005004883,91160,2,0.758797294559725,1,0,0,0,0,1,0
61,39,20.83683013916016,90500,2,0.880176313750496,3,107,0,1,0,0,0
40,16,27.90911293029785,91619,1,0.655785826889945,1,0,0,0,0,0,0
62,39,60.539306640625,95435,1,1.658992073898925,1,0,0,0,0,1,0
54,36,82.39995574951172,93890,3,2.6039540591400283,1,0,0,0,0,1,0
47,18,111.00909423828124,90029,2,2.1784951167287097,1,0,1,0,0,1,0
40,18,54.493743896484375,95439,2,0.7985177514853885,3,0,0,0,0,0,0
36,7,81.52265930175781,94425,2,2.9572896519210228,1,0,0,0,0,1,0
44,19,51.913204193115234,94395,4,0.4334719461980294,2,0,0,1,0,1,0
51,26,69.72621154785156,94445,2,0.4581758416596739,2,0,0,0,0,0,0
62,35,53.04335784912109,91160,3,0.1140383888009093,2,0,1,0,0,1,0
51,26,58.86482238769531,95448,3,2.088695427050511,2,0,0,1,0,0,0
30,5,86.69174194335938,91768,2,1.2408926682495371,2,119,0,0,0,1,0
60,38,19.736572265625,93108,4,0.7592844034815098,2,162,0,0,0,0,0
33,11,57.64924621582031,91342,3,0.3670530629332982,2,0,0,0,0,1,0
62,39,20.137603759765625,94321,1,1.2166098515800632,1,102,1,1,0,1,0
42,17,92.90543365478516,91815,2,1.5174040828662247,1,144,0,0,0,0,0
64,31,20.84741973876953,95705,3,0.7861524266006306,1,114,0,0,0,1,0
62,37,81.77677154541016,92020,4,1.5138612135027136,3,103,0,0,0,1,0
46,26,120.37731170654295,91494,1,2.6161396092094265,1,0,0,0,0,0,0
35,13,32.17816925048828,94747,4,1.0704689820009934,2,0,1,0,0,0,0
61,33,77.03817749023438,94352,4,2.344529343000297,2,0,0,0,0,1,0
39,17,45.56494522094727,93007,1,0.269184432551484,1,0,1,0,0,0,0
29,4,34.78792953491211,93819,1,0.6716811227811353,1,0,1,0,0,1,0
61,34,59.24284744262695,92974,4,0.7841884770396622,1,0,0,0,0,1,0
60,34,67.72663879394531,95408,1,1.017495234561284,3,0,0,1,0,0,0
30,8,73.24748229980469,93770,4,1.9725339081495248,3,210,1,0,0,1,1
60,39,70.81672668457031,95057,2,0.9182546122002632,1,0,1,0,0,1,0
47,18,57.94994735717773,92076,2,1.4536577373212696,1,221,1,1,1,1,0
52,21,103.14102935791016,91486,4,3.5071038709859708,2,0,1,0,1,1,1
41,25,57.10625457763672,91681,3,0.2728282221101675,2,0,0,0,0,0,0
59,35,58.51111602783203,91411,2,1.609749804103322,3,0,1,0,0,0,0
47,16,35.15924072265625,91545,2,0.8794420609359294,3,0,0,0,0,1,0
46,23,76.87629699707031,92861,4,2.228071058071289,1,0,0,0,0,0,0
56,35,38.78076171875,94566,4,2.338518701403427,1,0,1,0,0,0,0
56,36,51.91563415527344,94709,4,1.4194161114933146,3,190,1,0,0,1,0
31,7,30.237947463989254,90821,1,0.3005725591923894,3,0,1,0,0,1,0
40,17,15.817754745483398,92949,4,1.134513312462272,1,109,1,0,0,1,0
44,26,84.08353424072266,95418,1,2.7476713122470504,1,0,0,0,0,0,0
58,34,20.35919952392578,92714,3,0.7985440907585988,2,141,1,0,0,0,0
27,13,69.75238037109375,94965,2,1.5324196232385383,1,0,0,0,0,1,0
39,17,21.75122833251953,91625,3,1.4352229419564149,1,0,1,0,0,0,0
41,16,74.19749450683594,95209,2,1.1414642244127997,3,0,0,0,0,0,0
59,31,36.27853393554688,92508,1,0.8277972951200373,1,0,0,0,0,1,0
54,31,38.59972381591797,90643,2,3.006641076181536,3,156,0,0,0,0,0
52,26,58.023284912109375,96011,2,0.233349701626521,1,0,0,0,0,1,0
55,39,25.14333915710449,94834,1,0.2646844624803809,2,133,0,0,0,0,0
51,23,60.44322967529297,92701,4,0.1535713241453217,3,0,0,0,0,1,0
65,39,26.96587371826172,95176,2,0.2432137011365993,1,0,0,0,0,0,0
54,27,63.9629020690918,94623,4,1.9547277490753137,1,320,0,0,0,0,0
58,30,44.2595100402832,92648,2,2.2230717212971376,1,0,1,0,1,1,0
38,15,32.486961364746094,91615,1,0.588517130659751,1,0,0,1,0,1,0
35,13,50.75439453125,91212,2,1.142849367645162,3,147,1,0,0,1,0
23,9,56.47629165649414,91465,2,0.3279511763867422,3,0,0,0,0,1,0
37,17,93.2021484375,94395,2,2.0077561637075463,1,0,0,0,0,1,0
33,8,89.3276138305664,92146,4,1.6884963221508789,2,0,0,0,0,0,0
58,28,50.46613693237305,91785,4,2.069582945954742,2,183,0,0,0,0,0
31,5,166.9943389892578,95461,2,8.25222743898316,2,0,1,0,0,0,1
25,1,128.009033203125,91628,2,3.441394231395717,3,0,0,0,0,0,1
61,29,15.374926567077637,93096,4,1.7588883410975995,1,0,1,0,0,1,0
40,21,35.94971466064453,92108,3,2.0276174656753048,2,102,0,0,0,0,0
57,38,42.61983489990234,93207,4,1.1242262134062546,3,0,0,0,0,0,0
42,16,145.0959014892578,91432,1,1.9462871055709692,1,0,0,0,0,1,0
34,3,13.148689270019531,93972,3,0.9499717312716092,3,100,0,0,0,1,0
34,9,105.20843505859376,89940,2,2.473759157156734,1,0,0,0,0,1,0
65,37,64.17578125,91070,3,1.4453610515508384,2,0,0,0,0,1,0
53,24,76.75753021240234,92936,2,1.84873580449948,3,0,0,0,0,1,0
42,9,51.199012756347656,94528,1,0.3451708394666746,2,0,1,0,0,1,0
54,26,88.12303161621094,94598,4,2.4071340903061285,2,0,1,0,0,1,0
58,34,77.34840393066406,91513,2,1.763688680652094,3,0,0,0,0,0,0
51,9,53.04103469848633,94244,4,1.8239707509934409,2,0,1,0,0,1,0
27,5,88.30965423583984,95420,4,1.379554779339874,3,0,0,0,0,0,0
56,26,34.59465026855469,91061,1,1.456413116432356,3,0,0,0,0,0,0
33,14,33.9591064453125,96010,4,1.697379021801286,1,0,1,0,0,1,0
44,21,38.966064453125,96428,4,1.5200613223128403,3,0,0,0,0,0,0
34,7,66.31094360351562,92887,1,1.235026569007572,2,0,0,1,0,1,0
28,4,44.94799423217773,91973,4,1.44472870139921,2,0,0,0,0,0,0
61,40,26.863296508789062,95328,4,0.3060243813568851,1,106,1,0,0,1,0
66,37,153.9695281982422,91326,1,3.545651426509734,3,0,0,0,0,1,0
36,16,141.99520874023438,90521,1,0.4060239614684068,2,0,1,0,0,1,0
30,14,37.26100540161133,94313,1,2.258795070053892,1,67,1,0,0,1,0
57,33,71.96925354003906,94559,4,1.369520572236082,3,0,1,0,0,1,0
29,22,16.498254776000977,93263,1,0.558840540368972,2,0,0,0,0,0,0
61,25,103.56387329101562,91472,2,6.775657073367102,1,0,1,0,0,0,0
26,2,91.7719955444336,91880,1,4.673724563087023,3,0,0,0,0,0,0
42,21,82.21920013427734,90288,4,2.5245063431736883,3,0,0,0,0,1,1
62,39,45.94188690185547,95622,1,2.30457096353974,2,0,0,0,0,0,0
49,16,81.55461883544922,92731,1,0.9453621174879334,1,0,1,0,0,1,0
59,24,61.0152473449707,94761,3,0.8954296092591589,1,0,0,0,0,0,0
30,12,35.99415588378906,92272,1,0.068781485428783,2,0,0,0,0,1,0
51,21,78.50786590576172,91979,2,2.6187688679417835,1,59,0,0,0,1,0
30,-1,27.92875862121582,90115,3,2.296335703554277,1,0,0,0,0,1,0
38,23,168.58377075195312,91433,1,1.0603197321043834,1,0,1,0,0,1,0
31,8,44.79380035400391,90261,1,0.885418840153503,2,72,0,0,0,0,0
44,28,12.15668773651123,95458,2,0.2212358292547602,2,103,0,0,0,1,0
29,2,107.35850524902344,94450,1,3.719983837909695,2,235,0,0,0,1,0
30,1,92.92123413085938,95126,2,2.877637803086394,3,0,0,0,0,0,1
64,36,143.1268768310547,90378,1,4.166562891670461,1,0,0,0,0,0,0
42,19,110.61221313476562,92494,2,2.1891834857025136,2,0,1,0,0,0,0
31,4,50.56083679199219,94866,4,1.366264321533977,1,0,0,0,0,1,0
30,5,132.66928100585938,95071,4,1.0863432240246662,2,0,0,0,0,1,0
60,38,49.427391052246094,96189,4,2.540278861032735,1,0,0,0,0,1,0
61,26,153.3430633544922,92940,1,5.601577014812718,1,0,1,0,0,0,0
42,26,60.37598419189453,94835,2,0.9539295161440762,3,102,0,0,0,1,0
28,1,66.4149169921875,92857,4,3.4455005041315463,1,0,1,0,0,0,0
52,27,30.97931861877441,94211,3,0.5972289552829598,2,0,1,0,0,1,0
63,40,36.58214569091797,92820,1,1.0746578646465803,3,147,0,0,0,0,0
32,9,117.96221923828124,90369,4,2.324555339428652,2,381,0,0,0,1,1
61,31,73.32344818115234,91894,3,0.9594101908564336,3,0,0,1,0,1,0
57,21,33.800689697265625,90716,1,1.8553061913411968,3,0,1,0,0,0,0
28,0,13.541982650756836,94150,1,1.056478322800032,2,128,0,0,0,1,0
49,16,92.47588348388672,92716,3,1.743605059618086,2,199,0,0,0,1,0
54,22,118.38433837890624,91997,1,3.419882617223008,3,263,0,0,0,1,0
58,30,32.74747467041016,94252,3,1.1082441103481957,3,217,0,1,0,1,0
48,22,24.789648056030277,91735,4,0.3887106331847733,1,0,1,0,0,0,0
64,39,156.1981964111328,92831,2,0.281305944018252,1,304,0,0,0,1,0
51,29,104.05445098876952,96052,1,1.635565425357618,1,0,0,1,1,1,0
44,17,45.97612762451172,95214,4,1.980269906455364,2,0,1,0,0,0,0
49,7,27.509916305541992,90636,4,0.223698554958636,2,78,0,0,0,1,0
32,24,23.745059967041016,94292,4,0.0792219496607657,1,0,1,0,0,1,0
41,27,39.232887268066406,89966,3,0.3390847535883369,2,0,0,1,0,0,0
58,26,40.72908401489258,93001,1,0.0490487326711995,3,160,0,0,0,1,0
57,34,85.93309020996094,92246,4,4.804954751471885,1,399,1,0,0,0,0
53,29,62.27986907958984,95708,1,0.6371038697483935,3,0,0,1,0,1,0
26,9,37.43374633789063,90629,2,2.952658249532416,1,116,0,0,0,1,0
65,40,59.53892135620117,91897,3,1.0828962157025372,1,0,1,0,1,1,0
24,0,60.66508483886719,91674,2,1.184054840530759,1,0,0,0,0,1,0
57,32,48.98053741455078,92010,2,0.3066868583451881,1,0,0,0,0,1,0
44,19,71.25794219970703,90026,3,0.8012163561804635,3,0,0,0,0,1,0
62,35,33.89200592041016,95221,1,2.1194138262853737,3,0,0,0,0,1,0
39,11,184.0953521728516,94727,2,3.2349817207936598,1,0,0,0,0,0,1
61,37,19.06600570678711,94172,2,0.3528355902409742,3,102,0,0,0,0,0
51,23,40.15797805786133,94179,3,0.1947144608883154,1,0,0,0,0,1,0
50,28,181.7789764404297,94785,1,4.811432815535816,1,0,1,1,1,1,1
61,38,125.70186614990234,94881,2,0.245781036404916,1,183,1,1,0,0,0
27,11,51.22932434082031,94624,4,2.21759064859602,1,0,0,0,0,0,0
41,28,93.18382263183594,92228,1,2.164504370539374,2,0,1,0,0,1,0
27,21,19.31034469604492,93161,2,0.4555744074438126,3,114,0,1,0,0,0
28,7,169.29063415527344,92301,2,7.980709687868925,1,400,0,0,0,0,0
24,0,78.64381408691406,92553,4,1.0410392550214125,3,0,0,0,0,0,0
64,36,23.878440856933597,95882,1,0.1878058014275632,2,0,0,0,0,1,0
44,24,83.79115295410156,95955,1,1.4799528728727824,3,0,0,0,0,1,0
50,29,192.5437469482422,93011,1,3.3159123175023444,1,0,0,0,0,1,0
47,30,162.27828979492188,91883,1,0.487856202412034,1,92,0,0,0,1,0
49,16,54.23299026489258,92164,1,3.0207513329970745,1,0,1,0,0,0,0
63,38,143.97732543945312,91284,2,2.867001893145072,1,283,0,0,0,1,0
37,14,21.62169075012207,90504,1,2.233517624547288,2,0,0,0,0,0,0
36,8,27.88960075378418,92790,4,1.2324185367737353,1,0,0,0,0,1,0
34,6,27.848100662231445,94288,1,1.91355017136626,2,103,1,0,0,0,0
52,28,31.363136291503903,91995,1,1.1053090303836213,2,0,1,0,0,0,0
54,33,90.77125549316406,92979,1,1.2416012021569904,1,244,0,1,1,0,0
29,4,50.13103103637695,95307,1,1.047368265967307,3,0,1,0,0,0,0
53,26,176.05029296875,93898,1,2.040817958017662,1,0,0,0,0,0,0
53,30,197.67214965820312,94797,1,5.43845896776961,1,388,1,0,1,1,0
39,16,51.09561538696289,93553,1,1.531834859851161,3,0,0,0,0,1,0
28,3,141.94056701660156,92376,1,2.215202285273352,2,0,0,0,0,0,1
33,6,19.56696891784668,92060,2,0.56656553613987,3,0,1,0,0,1,0
60,34,144.6370086669922,94314,1,1.3456830746909232,1,0,1,0,0,1,0
58,39,72.29825592041016,91893,2,0.5050613896674322,1,0,0,0,0,0,0
29,2,151.23532104492188,90474,2,2.5595926824179145,2,0,0,0,0,0,1
57,31,77.25608825683594,93127,4,2.0073517579326032,3,0,0,0,0,1,0
61,32,27.265705108642575,92680,4,1.5491976123910145,2,51,0,0,0,1,0
58,35,32.788902282714844,94810,2,0.6205894879059246,1,0,1,0,0,0,0
56,28,108.78176879882812,90027,4,1.693386775997242,3,137,0,0,0,0,1
38,4,15.65390682220459,93687,2,1.015182889440697,3,112,0,0,0,0,0
29,0,106.93053436279295,94721,4,2.235930894240164,2,176,1,0,0,1,0
39,10,52.4702377319336,94415,4,0.6578617317182682,3,0,0,0,0,1,0
35,7,78.58831787109375,95198,3,0.3616505425530365,1,0,0,0,0,0,0
67,42,57.140228271484375,94069,3,2.224094443341661,1,212,0,0,0,0,0
24,2,37.115211486816406,89877,1,1.566951062706847,1,0,0,1,0,1,0
53,32,41.10795593261719,91459,3,3.081294610662461,1,0,0,0,0,0,0
42,21,49.96480941772461,95301,2,1.7673421226192438,1,334,0,0,0,0,0
55,22,52.709938049316406,90779,3,0.6663844248538109,3,0,0,0,0,1,0
55,26,57.3666877746582,94534,2,0.916822603462264,3,0,1,0,0,1,0
57,34,30.359394073486328,92216,4,1.7778057991229863,3,0,0,0,0,0,0
52,26,95.72797393798828,90499,1,0.6438799151372707,3,0,0,0,0,1,0
46,32,50.73100662231445,94244,2,2.4221505848724543,1,0,0,0,0,1,0
30,9,156.9946746826172,90215,2,0.6423921338512893,1,0,0,0,0,0,0
44,20,56.94434356689453,94277,4,0.1832767623924369,3,0,0,0,0,0,0
29,2,44.7973861694336,94868,2,1.6465907385006149,2,0,0,0,0,1,0
59,34,56.00849914550781,94506,4,1.5964536093134352,1,161,0,0,0,0,0
63,37,81.2625732421875,94503,4,0.1919473371113512,2,0,0,0,0,1,0
43,25,129.8101348876953,95221,1,5.8635461822814,1,0,0,0,0,1,0
30,7,124.17292785644533,92924,3,1.1719022575843578,1,267,0,1,1,1,0
33,16,135.32815551757812,91987,2,1.3654733913872898,1,153,1,0,0,0,0
37,4,160.98944091796875,91005,4,2.5443457305495683,2,0,1,0,1,1,1
64,40,51.088134765625,91558,3,1.814962146758535,2,0,0,0,0,1,0
65,42,45.89141082763672,92142,3,0.3992076940288545,1,124,0,0,0,0,0
59,23,43.66389846801758,90988,3,0.5998154425765065,3,0,1,0,0,0,0
51,37,78.61739349365234,95375,3,1.8986347930919645,2,0,0,0,0,1,0
28,21,41.02517318725586,94321,4,0.5725341579370421,1,0,1,0,0,1,0
50,18,44.14899444580078,91165,2,0.3915596639505745,3,0,0,0,0,1,0
58,33,115.70775604248048,95741,2,4.149916670441282,2,0,0,0,1,1,1
51,29,145.5845184326172,90323,1,4.6982776468391405,1,0,1,0,0,0,0
40,18,47.97476196289063,92941,1,0.3544849770058457,1,0,0,0,0,1,0
64,39,169.86639404296875,92082,2,6.5616670207011,1,0,0,0,0,0,0
31,8,49.56475067138672,95026,1,1.9105441476985088,3,0,0,0,0,1,0
57,33,32.04631042480469,95968,3,0.6186143078140085,1,314,1,1,1,1,0
44,17,81.17807006835938,91442,3,2.9256863376057427,1,0,0,0,0,1,0
45,17,23.70138931274414,92845,4,0.4341921572098357,1,61,0,0,0,1,0
42,16,208.61495971679688,90545,2,9.06657043485277,1,0,0,0,0,1,0
60,32,69.6045913696289,92031,2,1.952966059883195,3,90,1,0,1,1,0
63,39,42.31167984008789,92389,1,1.771449738417944,2,0,1,0,0,0,0
45,31,35.346580505371094,92098,3,1.4032272692383891,3,155,0,1,0,0,0
30,14,162.22691345214844,94441,4,2.5330789409657,1,404,0,0,0,0,1
59,33,198.92990112304688,94477,3,1.0538878332780182,2,0,0,1,1,1,1
50,26,44.32780456542969,90939,3,1.404044802330727,1,83,0,0,0,0,0
59,34,114.08736419677734,94127,1,2.4033601044352717,3,234,0,0,0,1,0
56,3,176.7613067626953,92350,4,6.212775423978237,3,0,0,1,1,1,1
33,10,40.01945877075195,94773,4,1.5331257249033443,2,0,0,0,0,1,0
45,11,106.53064727783205,91448,2,1.9017117910912769,1,0,0,0,0,0,0
28,12,67.5844955444336,94607,1,3.1354776963462903,1,0,0,0,0,1,0
54,26,91.43518829345705,95411,3,2.938582880493356,3,205,0,0,0,1,0
53,28,109.49361419677734,90228,1,0.9175167805605516,2,0,1,0,0,1,0
28,2,43.50656509399414,94471,4,1.5255849068821004,1,0,1,0,0,1,0
67,39,141.9498291015625,94329,2,5.655629902862935,2,0,0,0,0,0,1
29,4,24.65924835205078,91898,2,0.7553526605775465,3,121,1,1,0,1,0
34,12,104.16014099121094,94717,2,3.0267884540062595,1,0,0,0,0,1,0
43,15,101.75184631347656,90233,2,0.5294621830320382,2,90,1,1,1,1,1
61,35,43.63824081420898,90175,1,0.3362347036252905,1,0,0,0,0,1,0
65,40,67.40876770019531,91786,3,1.0466511336790414,3,0,0,0,0,0,1
65,36,37.03017425537109,94087,2,0.3877875791276217,3,0,1,0,0,0,0
59,35,25.1054744720459,91426,1,1.0286993788616456,3,151,1,0,0,1,0
62,37,17.213504791259766,95161,4,0.9990026760030092,1,0,1,0,0,0,0
47,21,42.808780670166016,94372,4,1.9485872055615892,2,0,1,0,0,0,0
32,7,52.54179000854492,92872,4,0.3313002771169733,3,0,1,0,0,1,0
46,17,108.89942169189452,95649,4,1.4043538087962215,2,0,1,0,1,1,0
57,31,59.40962219238281,94178,1,1.0396212927158102,1,0,1,0,0,1,0
62,35,32.10214614868164,90080,2,0.4658048423810816,1,79,1,1,1,1,0
25,0,59.388710021972656,95181,4,1.5967622284593683,3,0,0,0,0,0,0
58,29,134.2416534423828,90358,1,4.127959787323707,1,0,0,0,0,1,0
29,4,62.444637298583984,94404,2,2.2820794814844927,3,0,1,0,0,0,0
50,30,127.93744659423828,90512,2,1.6912410339750072,1,0,0,0,0,1,0
31,2,169.6855926513672,95376,3,2.532553860175724,2,352,0,0,0,1,1
40,14,50.105690002441406,91185,1,1.1047503482843406,2,0,0,0,0,1,0
56,25,92.21279907226562,94764,3,2.291567097877384,2,159,1,0,0,0,0
36,11,142.64852905273438,92039,1,2.3627533935735103,1,0,0,1,0,1,0
31,2,67.14559173583984,95783,4,1.3373877877042055,1,222,0,0,0,1,0
44,22,93.766357421875,91439,3,4.250507482094596,1,0,1,0,0,0,0
33,11,58.20622253417969,94239,2,5.293589572693042,1,0,1,0,0,1,0
59,30,19.121789932250977,92201,4,0.8497519884694246,2,107,0,0,0,1,0
55,33,14.130744934082031,90010,1,0.2002678745604077,3,102,0,0,0,1,0
58,41,85.80307006835938,91845,4,0.1540844655366253,1,0,0,0,0,0,0
62,39,68.89041137695312,94339,1,5.134344072408123,3,405,0,0,0,0,0
26,1,34.4747314453125,94233,1,2.5516439993344693,2,147,0,0,0,0,0
29,7,59.16255187988281,90105,1,1.4423013120906607,3,0,0,0,0,0,0
34,14,32.165985107421875,94259,4,0.0614597026680494,3,0,1,0,0,1,0
32,10,97.54623413085938,94352,3,2.36912059385654,1,0,1,0,0,1,0
66,40,45.223270416259766,90400,3,0.6342666252214757,2,0,0,0,0,1,0
53,27,29.17877960205078,93147,4,0.3790233941648818,1,62,0,0,0,0,0
40,16,70.22245025634766,95270,1,0.618167119807982,1,0,0,0,0,1,0
53,36,43.30411911010742,93351,4,1.4077081419415642,2,0,0,0,0,1,0
40,20,53.76747131347656,90551,3,1.6652547002231044,2,146,0,0,0,1,0
29,26,35.36907196044922,93982,3,0.6950133918288319,2,0,1,0,0,1,0
44,17,37.4368896484375,92883,3,1.4035781661907998,3,0,0,1,0,0,0
34,10,84.24771118164062,95427,1,2.184866016919093,3,0,0,0,0,0,0
63,29,53.78971099853516,92189,4,1.634751664198574,3,0,0,0,0,1,0
52,33,48.71893310546875,92721,2,2.3435238453398477,1,102,0,0,0,0,0
50,25,23.692506790161133,95469,3,1.2763006299117523,3,105,0,0,0,0,0
37,12,68.58814239501953,95415,1,2.2831019046378325,2,0,1,0,0,1,0
37,13,67.81904602050781,91572,3,0.2519802104726276,1,402,0,0,0,0,0
39,26,53.96422576904297,91707,4,1.4527573951971011,3,99,0,0,0,1,0
40,17,35.238792419433594,92893,1,1.236236866615685,1,0,0,1,0,0,0
48,28,112.7817840576172,96650,3,3.812606334339996,2,0,0,1,1,1,1
44,18,78.81346893310547,95181,4,5.388574550563526,2,117,0,0,0,0,0
61,33,37.81619644165039,94627,1,1.35144696280868,3,0,1,0,0,0,0
55,20,59.87473678588867,90253,1,1.3689682354679933,3,303,0,0,0,1,0
50,20,79.746337890625,94603,3,2.188163636309961,1,0,0,1,0,1,0
59,28,43.19953155517578,91184,2,1.176959313166639,3,0,0,0,0,1,0
39,12,107.33975982666016,90119,3,5.424444325764607,1,0,0,1,0,1,0
48,29,75.74765014648438,95199,1,0.1893651797251757,1,149,0,0,0,0,0
56,9,148.4178466796875,94154,2,6.459589866137086,1,0,0,0,0,1,0
32,7,154.2041778564453,95011,3,4.10200359341574,2,0,0,0,0,0,1
41,15,52.603328704833984,94148,3,1.993309168406446,1,0,0,0,0,1,0
31,5,116.35436248779295,93133,4,5.1135515378972665,1,0,0,0,0,0,0
42,16,20.886911392211918,94804,4,1.77682914210702,2,0,0,0,0,1,0
40,15,102.09441375732422,91714,3,2.0278569280414147,1,269,1,1,1,1,0
40,21,76.72843933105469,94771,1,2.214547333241781,3,89,1,0,0,1,0
53,30,27.448535919189453,92131,1,0.5160242269087952,1,0,0,1,0,1,0
46,24,113.47503662109376,95829,2,1.6733985969734004,3,542,0,0,0,0,1
34,19,191.31089782714844,92249,2,5.459490370738823,1,0,0,0,0,1,0
63,36,78.95099639892578,93927,2,1.0180893027926523,2,0,0,0,0,1,0
63,35,125.84017181396484,91349,2,0.3884051084591391,1,0,0,0,0,1,1
36,10,77.66092681884766,91931,2,0.7582284333114246,2,0,1,0,0,0,0
36,4,42.03968048095703,96322,4,0.0101590833682393,3,117,0,0,1,1,0
52,35,78.19792175292969,89930,1,2.2621002960557903,3,84,1,0,0,1,0
49,24,175.72938537597656,91143,2,3.220788515144069,2,0,0,0,0,0,1
49,19,46.49313735961914,90854,2,0.5243093562081891,1,0,1,0,0,1,0
47,21,115.5191879272461,94550,2,1.7290613087833782,2,0,0,0,0,0,0
31,10,74.4466781616211,94234,2,2.284724024011833,3,137,1,0,0,1,0
41,12,158.8022003173828,94952,3,1.1762200031685914,1,107,0,1,0,1,1
53,19,164.2178955078125,94417,1,8.48902476142348,1,134,1,0,0,1,0
44,19,16.30679702758789,95280,2,0.0858253939677884,3,0,1,0,0,1,0
45,17,84.82743072509766,93087,3,1.476013611545037,3,367,0,0,0,0,0
40,10,64.90396881103516,93956,3,1.5430881247828987,3,0,0,1,0,1,0
42,16,77.13829040527344,94878,1,1.0672757484902011,3,162,1,0,0,1,0
42,28,169.68247985839844,91568,1,1.7055496472632503,1,0,0,0,0,1,0
51,19,41.316165924072266,94000,1,2.9970667665608337,3,0,1,0,0,0,0
29,4,20.319366455078125,94422,4,0.9910360830836386,2,0,0,0,0,1,0
53,32,96.85761260986328,92855,2,0.5338280406714793,1,0,0,0,0,1,0
63,32,147.56033325195312,91962,1,7.691281959009053,1,112,0,0,0,0,0
52,30,58.96631240844727,92422,3,0.6765165984298533,2,0,0,0,0,0,0
28,0,34.161155700683594,94681,4,1.6504878748178526,2,0,0,0,0,1,0
26,5,66.06443786621094,94047,2,1.8445936838456851,2,0,1,0,0,0,0
61,36,61.75127410888672,92856,2,0.3284097461843799,2,0,1,0,0,1,0
64,37,162.00100708007812,95565,2,0.8729282308498711,1,276,0,0,0,0,0
50,28,34.214256286621094,93016,4,1.675435313484251,1,156,0,0,0,0,0
40,11,17.051965713500977,92159,4,0.2243584607532498,1,92,1,1,1,1,0
31,8,174.40748596191406,95697,2,2.3736062611823217,1,138,0,0,0,1,0
56,34,65.05819702148438,94587,2,0.7363562023534244,2,377,0,0,0,1,0
41,19,65.92208862304688,92564,1,0.5951257108842232,3,0,1,0,0,0,0
62,34,41.8730697631836,95059,4,0.0888322147019869,1,0,1,1,0,1,0
54,20,138.13658142089844,92273,2,3.293026848572576,2,0,0,0,0,0,1
37,10,69.51329803466797,94470,1,1.866505640567385,1,0,0,0,0,1,0
28,11,96.6415786743164,92041,2,5.9763695272628965,2,0,0,0,0,0,0
43,16,160.2657470703125,95167,2,7.21976435521843,1,0,1,0,0,0,0
61,38,51.2276725769043,91166,2,1.5198124512140985,2,0,0,0,0,1,0
47,27,55.97482681274414,95410,4,2.1657656576429263,2,0,0,0,0,0,0
40,27,110.61264038085938,95797,2,1.8165842412192037,1,0,1,0,0,0,0
65,39,91.94952392578124,91811,2,2.916250915598266,3,0,1,0,0,0,0
63,36,45.69649887084961,95779,3,0.8361693719143168,1,284,1,0,0,1,0
26,8,84.45165252685547,91149,4,0.8698583015977949,1,0,1,0,0,1,0
54,36,33.08729553222656,92958,4,1.1672658390962505,1,0,1,0,0,1,0
45,25,92.61524963378906,95451,3,0.3046925557359132,1,0,1,0,0,0,0
38,5,146.70742797851562,92569,2,3.6615765558594098,1,0,0,0,0,0,0
35,16,152.2584686279297,91859,2,3.071379898514184,1,0,0,0,0,0,0
50,22,52.51548004150391,92705,2,1.6168116261266716,3,276,0,0,0,1,0
27,1,31.089841842651367,94176,2,1.5697067040898798,3,0,0,0,0,0,0
35,14,80.57727813720703,95469,1,1.901148771182339,2,0,0,0,0,1,0
52,29,108.51943969726562,96086,3,0.8972329261676614,1,0,0,0,0,1,0
64,37,106.76643371582033,92931,1,1.904886429762436,1,0,1,1,0,0,0
63,39,61.67210388183594,90020,4,2.6040349372742315,1,0,1,0,0,0,0
47,18,54.564491271972656,93036,3,2.6127117712829446,1,0,0,1,0,0,0
39,13,72.89421844482422,95529,2,2.310497471287537,1,0,0,0,1,1,0
43,17,148.0561065673828,94938,1,2.879016721687832,1,0,1,0,0,1,0
64,37,118.8307647705078,94091,1,2.4363880473671,1,397,0,0,0,0,0
29,1,88.31136322021484,92227,4,2.565209688141008,2,0,0,0,0,1,0
39,11,72.02679443359375,90326,2,1.095879905839541,3,0,1,0,0,0,1
28,4,83.51119995117188,94475,4,3.253990493129033,3,0,1,0,0,0,0
38,9,122.916015625,94660,1,3.8702387066446096,1,0,0,0,0,0,0
49,37,40.997196197509766,94899,4,0.0975981055287663,3,0,0,0,0,0,0
40,12,75.49462127685547,94969,1,3.468295474420534,3,108,0,1,0,1,0
66,37,163.57122802734375,94860,2,5.04288381821336,3,0,1,0,0,0,1
53,24,61.10148239135742,94491,2,2.0091061143504243,2,0,1,0,0,0,0
26,4,40.80628967285156,93312,4,0.5309508993932863,2,0,0,0,0,1,0
51,29,43.77115249633789,92103,2,1.3441044225471237,2,0,0,0,0,1,0
39,7,95.5359344482422,92109,1,1.7502817602665994,1,0,1,0,1,1,0
41,14,77.07161712646484,91133,2,1.6482414968642296,3,0,0,0,0,0,0
55,30,147.49871826171875,93518,1,2.736828675046623,1,0,0,0,0,1,0
45,16,30.59190368652344,92653,3,0.6831041428796818,1,231,0,1,0,1,0
57,35,37.34878540039063,94128,3,1.9268478586084128,2,0,0,0,0,1,0
63,37,29.081859588623047,91260,3,1.2257882815619414,1,0,1,0,0,0,0
38,26,56.70370864868164,91528,3,2.274614564505256,2,0,0,0,0,0,0
37,3,73.70997619628906,95428,4,1.2821426757658985,2,0,0,0,0,1,0
55,32,29.210594177246094,94370,2,0.7110984004233767,3,0,0,1,0,1,0
53,12,161.77035522460938,91213,1,1.7944911420767975,1,0,0,0,0,1,0
26,12,51.35940933227539,93163,2,0.1623435711159434,3,0,0,1,0,0,0
38,29,42.81183242797852,95591,2,0.8995007595928488,1,0,0,0,0,1,0
33,12,11.46456241607666,92302,4,1.0287830694401674,1,96,0,0,0,1,0
50,31,36.00336837768555,95789,3,1.7038254876852406,1,0,1,0,0,1,0
35,13,11.39928150177002,94324,4,0.4701499439913281,2,0,0,0,0,0,0
36,10,95.65225219726562,95478,4,0.3176599771050871,1,0,0,0,0,1,0
27,3,98.29012298583984,91993,2,1.5257054645534085,2,221,0,0,0,1,0
56,25,113.44464111328124,94513,2,2.1550993367597293,3,0,0,0,0,1,0
59,41,96.20594787597656,91280,3,3.2642567581866064,3,0,1,0,0,1,0
58,26,163.07948303222656,94421,3,3.5562992706927754,3,0,0,0,0,1,1
50,18,46.55933380126953,94475,4,0.6658306295859705,3,107,0,0,0,1,0
58,35,129.57421875,90257,2,2.056987411064004,1,277,0,0,0,0,0
32,5,43.1318244934082,92980,3,2.166821394061737,3,0,1,0,0,1,0
48,23,152.35104370117188,94754,2,5.469093099010554,1,0,1,0,0,1,0
64,40,34.989959716796875,90244,3,0.2541059856597718,1,0,0,0,0,1,0
29,6,65.11740112304688,92433,2,4.482116338508909,3,0,0,0,0,1,0
51,32,57.031734466552734,94973,3,1.4065669842141473,3,195,1,0,0,1,0
52,31,104.31285095214844,90963,1,5.105573980125631,1,0,0,0,0,0,0
63,37,51.09878921508789,94771,3,1.6811044418111305,2,0,1,0,0,0,0
55,30,44.925392150878906,90963,3,0.3459385848910328,2,114,1,0,0,1,0
45,2,76.7150650024414,94409,2,2.363234107022101,2,0,0,0,0,1,0
38,9,29.912580490112305,92968,4,0.7592825228532118,2,0,0,0,0,0,0
51,18,135.04725646972656,92286,1,2.4194720932039715,1,0,0,0,0,1,0
40,9,124.3436050415039,94586,2,8.268745126341306,3,172,0,0,0,0,0
51,34,42.20168685913086,91220,4,0.3689750865893738,3,0,1,0,0,1,0
56,34,39.14544296264648,90976,2,1.6359210099156465,1,0,1,0,0,1,0
55,30,84.39816284179688,95003,1,1.8923729081073155,2,0,0,0,0,0,0
52,15,159.89144897460938,91743,2,2.993542719017809,1,136,0,0,0,1,0
43,16,60.13240814208984,91296,4,2.051244947719608,1,236,1,0,0,0,0
27,5,61.78696441650391,94589,3,1.6991323737690307,1,0,0,0,0,1,0
32,12,104.81257629394533,95906,4,1.7749816048488516,3,0,0,0,0,0,0
31,18,100.41809844970705,95127,2,0.8844533339669239,1,0,0,0,0,1,0
41,21,109.0910873413086,95463,4,2.283859098162237,2,386,0,0,0,0,0
27,3,85.1257553100586,94890,1,2.621601249799,3,0,0,0,0,0,0
63,40,85.68121337890625,91212,4,0.5383641999426343,1,0,0,0,0,1,0
31,4,89.51798248291016,96325,2,1.5383396037714654,3,0,0,1,0,1,0
60,32,84.16216278076172,91863,2,2.603502029510725,1,0,0,0,0,0,0
29,6,72.99230194091797,93025,3,0.0093294623837679,1,0,1,0,0,0,0
46,22,76.47673034667969,91408,3,1.4210799322315912,2,0,0,0,0,0,0
25,0,65.55471801757812,95753,2,2.5676412471017027,3,0,0,0,0,0,0
43,21,77.63143157958984,90226,1,2.4376484279490938,1,0,0,1,0,0,0
37,11,102.0950164794922,94397,3,2.7449137603580755,1,98,0,0,0,0,0
43,22,86.90503692626953,93817,1,4.352400655151171,1,0,1,0,1,0,1
45,12,66.68589782714844,93493,4,1.9093651853434064,3,224,0,1,1,1,0
28,9,97.75650787353516,95260,1,0.2553200441221983,1,0,0,0,0,1,0
31,9,120.17605590820312,92202,1,2.3299052375237714,3,0,0,0,0,0,0
57,36,169.6525115966797,89734,1,3.875780691950353,1,0,1,0,0,0,0
38,19,47.86096954345703,89990,1,0.4006262919103055,2,0,0,1,0,0,0
50,24,124.08210754394533,95551,1,0.4828291310543466,1,124,1,0,0,1,0
62,39,11.47868537902832,95891,3,0.2470976402422629,1,0,0,0,0,1,0
42,20,36.432411193847656,94073,3,0.5398299794490844,3,0,1,0,0,1,0
27,2,31.093883514404297,91421,4,0.4644230323396217,1,0,1,0,0,0,0
60,36,78.04850006103516,92061,2,0.0487351105139713,1,113,1,0,0,0,0
58,34,27.900466918945312,94288,3,3.684909883328097,1,256,1,1,1,1,0
49,34,96.79894256591795,94431,2,0.037764389170402,3,0,1,1,0,0,0
58,33,114.3161849975586,94399,2,2.1840441243653794,1,0,0,0,0,1,0
34,9,95.70359802246094,91431,2,0.2150647755396287,3,0,0,0,0,1,0
61,38,133.90383911132812,94571,2,3.2852593694893923,2,0,1,0,1,0,1
29,8,37.93991088867188,93737,4,2.1250780495254005,1,0,1,1,0,1,0
34,12,35.57268142700195,90904,1,3.853572379778676,3,0,0,0,0,0,0
46,29,33.61837387084961,92665,3,0.3830120180955615,3,0,0,1,0,0,0
40,21,55.31250762939453,94555,4,3.922403865189328,3,0,0,0,0,0,0
29,5,63.224605560302734,92705,2,0.7739429214616246,3,0,1,0,0,0,0
33,8,29.588354110717773,91301,3,0.2587071793011491,1,0,0,0,0,0,0
30,1,68.02340698242188,91181,2,1.5250915483728618,2,102,0,0,0,0,0
29,19,88.64246368408203,92762,4,1.0979320270294044,2,0,0,0,0,0,0
30,9,59.31428527832031,93898,1,0.9508221629127208,3,0,0,0,0,0,0
41,5,16.815479278564453,93292,4,1.0785690523828535,1,0,0,0,0,1,0
33,4,75.67466735839844,91242,2,0.7277569744562263,2,137,1,0,0,1,0
61,30,19.523670196533203,92978,4,3.090348119204446,3,0,1,0,0,0,0
32,14,174.98109436035156,91405,2,5.869047517498577,1,0,1,0,0,0,0
32,20,179.75482177734375,89836,2,1.971814258907205,1,0,0,0,0,1,0
61,33,32.21440124511719,93868,2,0.3196547980732898,1,99,0,0,0,1,0
40,26,42.90846252441406,93684,3,0.8647912655791445,2,0,0,0,0,0,0
64,36,8.313432693481445,93314,4,0.0031842574920792,3,116,0,0,0,1,0
29,7,77.61956024169922,93872,1,2.023352469809708,3,0,0,0,0,0,0
32,6,18.573680877685547,95521,4,0.5973110114435737,2,87,0,0,0,1,0
28,2,17.016643524169922,95922,2,0.514128213039209,3,0,0,0,0,1,0
37,22,35.148414611816406,93594,1,0.935482826057605,3,148,0,0,0,1,0
48,33,58.366844177246094,92910,1,0.5393876142390699,1,99,1,0,0,1,0
31,5,144.146728515625,95704,1,0.5034169505084997,1,0,1,0,0,0,0
35,11,89.07803344726562,94264,1,2.484918798350717,1,0,0,0,0,0,0
38,15,62.203800201416016,94241,1,0.3294964943210805,1,0,0,1,0,1,0
57,38,93.7410659790039,92140,2,2.2360624354156338,1,0,0,1,0,0,0
43,16,100.8436508178711,96322,2,0.6468098837440157,1,103,0,0,0,1,0
34,8,45.52470016479492,95966,3,0.8375373983597625,1,0,0,0,0,1,0
59,38,160.15985107421875,94523,1,5.31247115953705,1,0,0,0,0,0,0
60,32,66.28150939941406,92953,2,1.7127195284507533,3,158,0,0,0,0,0
41,11,165.85511779785156,96201,1,6.841829874191888,1,373,0,0,0,1,0
39,9,25.693130493164062,93698,2,0.3086005135127009,2,0,0,0,0,1,0
64,37,68.48096466064453,90440,2,1.8406088461457144,1,0,0,0,0,0,0
55,34,41.40807723999024,94545,1,2.8391230909576817,2,99,0,0,0,1,0
58,34,154.86453247070312,92134,1,7.499302414239256,1,240,0,0,0,1,0
30,14,73.65017700195312,95516,3,2.527174455351927,2,0,0,0,0,0,0
51,23,182.8828582763672,93926,1,3.997667969968063,1,0,0,0,0,1,0
29,7,29.969995498657227,95657,4,0.4642734169117791,3,0,1,0,0,1,0
57,41,80.72669982910156,92241,1,1.7957438576661515,2,0,0,1,0,0,0
27,13,78.17394256591797,92971,2,2.3872624151095367,1,249,1,0,0,1,0
43,23,62.17952346801758,92255,2,0.2997435856597812,1,0,0,0,0,1,0
31,6,22.23066711425781,94858,4,0.902360697574856,2,0,0,1,0,1,0
63,34,106.47425842285156,95680,4,1.0299920148402224,1,114,1,0,0,0,0
46,21,68.99807739257812,94166,3,1.2022672058147528,2,0,0,0,0,0,0
48,26,67.06117248535156,92885,4,0.1930042023237572,1,0,0,0,0,1,0
65,38,156.95640563964844,92255,3,5.925442638867037,1,511,0,0,0,1,0
28,13,22.600675582885746,90126,2,0.1394631595434911,3,0,0,0,0,1,0
62,35,33.002197265625,93727,2,1.29850927570733,3,0,1,1,0,0,0
52,39,83.00918579101562,91991,4,1.3146436144791176,3,0,0,1,0,0,0
36,11,127.6642608642578,94278,2,4.108913538755538,3,0,0,0,0,1,0
37,19,47.72883224487305,90478,3,0.902255392867204,2,0,0,0,0,1,0
50,22,21.519718170166016,93597,2,0.346036346326016,2,0,1,0,0,0,0
61,33,77.0088119506836,94064,3,0.5769950292140487,2,0,0,0,0,1,0
29,7,108.27989959716795,94596,4,3.982326371311536,1,0,1,0,0,0,1
38,8,53.293087005615234,93408,1,1.9472543145522996,3,0,0,0,0,1,0
56,29,59.28227996826172,94260,1,2.128117997883618,3,263,0,0,0,0,0
52,16,70.48182678222656,92654,2,1.0753094573141797,3,138,0,0,0,1,0
58,41,19.08891487121582,93513,4,0.6514215005495525,1,0,0,0,0,0,0
47,32,81.4791488647461,95110,2,3.68429009751328,3,0,0,0,0,0,0
26,14,26.42344856262207,92025,3,0.270001894465654,1,0,0,0,0,0,0
57,33,76.42737579345703,95722,2,0.7314870125101531,2,0,0,0,0,1,0
40,10,174.9976348876953,90221,1,3.784597179476673,2,0,1,1,1,1,1
54,33,18.08983993530273,96081,1,0.5350453520537366,1,0,0,0,0,0,0
46,28,72.44097137451172,94783,2,0.526941399861883,2,160,1,0,0,1,0
54,27,65.15744018554688,92371,1,3.550092502247184,3,96,1,0,0,0,0
57,34,69.10584259033203,91874,2,0.4189484570906655,3,0,1,1,0,1,0
25,0,49.745304107666016,94086,2,2.284200679076736,1,0,1,0,0,1,0
38,15,61.7440071105957,92160,3,1.965612182963075,1,0,0,0,0,0,0
38,11,32.503700256347656,94665,2,0.9714730646119014,1,135,0,0,0,1,0
30,3,117.3706283569336,94876,1,2.8597644313763224,3,255,0,0,0,1,0
28,2,25.20704841613769,94371,4,1.2236889346212931,2,0,0,0,0,0,0
46,27,29.75699234008789,94293,4,0.5707436740728615,2,0,0,0,0,1,0
42,14,82.39677429199219,94669,1,0.3252005502546433,1,0,0,0,0,0,0
43,18,51.483375549316406,94298,2,1.8446404655256936,3,0,0,0,0,1,0
29,2,47.42903900146485,96110,3,0.441672853712028,1,0,0,0,0,0,0
53,27,69.09201049804688,95460,2,1.837797653066631,1,0,0,0,0,0,0
50,25,178.9778594970703,94381,3,2.6934168418254982,2,347,1,0,1,1,1
59,31,31.688709259033203,94073,1,0.8369728160050168,3,144,0,0,0,0,0
28,-2,109.16439819335938,92227,3,2.6748340860065527,1,214,0,0,0,1,0
55,18,21.364288330078125,90393,4,0.2137021381287751,1,0,0,0,0,1,0
48,23,122.6016616821289,92388,2,2.5716624025973327,1,0,0,0,0,1,0
30,5,126.29378509521484,95780,2,3.7649672708898168,3,233,0,0,0,0,1
56,20,108.04537200927734,94253,3,0.984059093131682,3,0,0,0,0,1,0
47,17,32.304832458496094,95099,2,4.143564528820106,3,107,0,0,0,1,0
54,28,16.445449829101562,90063,3,0.7025073760468324,1,0,0,0,0,1,0
37,14,94.9481964111328,89954,1,0.2028072451996118,1,0,0,0,0,1,0
54,33,93.26517486572266,94773,2,1.9370490886506784,1,0,1,0,0,0,0
44,23,88.38005065917969,90790,3,0.5267177779655422,1,0,1,0,0,1,0
36,11,180.3645477294922,94186,3,5.41127736736948,2,0,1,1,1,1,1
38,5,168.0841827392578,94701,2,5.04622423391425,1,0,0,0,0,1,0
32,8,81.26161193847656,94401,1,0.3199312500254827,1,0,0,0,0,1,0
53,27,73.58723449707031,91474,2,3.1514928155146347,3,0,1,0,1,1,0
48,19,119.2024154663086,94429,4,3.0235793524537344,1,0,0,0,0,1,0
40,24,66.53366088867188,92961,3,2.128011440538585,1,0,0,0,0,0,0
50,27,35.04361343383789,90379,1,0.321434795525763,3,0,1,0,0,1,0
35,11,142.3091583251953,94455,3,4.217023736374951,2,0,0,0,0,0,1
44,23,64.50029754638672,93577,4,1.4997031244070695,2,0,0,0,0,1,0
64,33,41.96696472167969,91744,4,0.0117974054933689,3,158,0,0,0,1,0
30,5,199.4564971923828,95034,2,4.089227971501562,1,0,0,0,0,0,0
45,18,93.4869384765625,92197,4,1.6356742076635695,1,0,1,0,1,1,0
57,31,97.00599670410156,92754,4,2.552944897515117,1,230,0,0,0,1,0
29,2,83.22000885009766,94466,2,0.9342217282899632,1,0,0,0,0,1,0
52,26,95.55206298828124,94215,3,0.6341286213352477,2,123,1,0,0,0,0
30,4,89.68717193603516,94731,2,3.473366473939914,1,0,0,0,0,0,0
42,19,12.00530242919922,95186,3,0.2401296383604336,1,0,0,1,0,1,0
29,17,150.3754425048828,95125,1,3.902574130744641,2,148,1,0,1,1,1
62,39,111.46634674072266,91902,2,2.5342869679455924,3,0,0,0,0,0,0
54,19,98.30242919921876,91349,1,2.2253604759818115,1,0,1,0,0,1,0
30,9,67.02633666992188,91387,4,1.242129992357258,1,122,1,0,0,1,0
28,1,19.43071746826172,94506,1,0.6128453081271446,2,0,0,0,0,1,0
62,38,46.28932189941406,94405,3,1.7396661372455269,2,0,0,0,0,0,0
48,17,74.22242736816406,90051,2,1.977538342661504,2,0,0,0,0,0,0
61,34,58.830074310302734,94463,3,0.561400293606726,1,0,0,0,0,1,0
61,31,49.905155181884766,92392,2,1.606221965420161,3,103,0,1,0,0,0
36,18,24.28344345092773,95702,4,0.9101376142005908,3,233,0,0,0,0,0
51,25,73.10575866699219,93117,4,0.2058467169436895,1,0,0,0,0,0,0
29,3,52.3535041809082,95653,4,0.2580640222490376,3,241,0,0,0,1,0
33,16,124.5342254638672,94551,1,1.837773074438522,1,227,0,0,0,1,0
62,35,71.29706573486328,95085,4,0.1140372426110361,1,0,1,0,0,0,0
38,0,32.363224029541016,91795,4,1.0254037637367674,2,0,0,0,0,1,0
48,28,18.98418617248535,90075,4,0.3115775047717632,1,0,0,1,1,1,0
40,20,86.97234344482422,91278,1,0.1846031815972767,1,0,0,0,0,1,0
61,32,52.53694152832031,91413,3,1.641330487454563,2,0,0,0,0,0,0
42,6,61.21014404296875,92327,4,1.3689060018630337,1,0,1,0,1,1,0
53,34,131.25296020507812,94935,4,2.2045557711728714,1,0,1,1,1,1,1
35,9,30.381467819213867,92350,4,2.045033492477688,2,0,0,0,0,0,0
26,2,70.71014404296875,94874,4,0.4619468975167178,1,148,1,0,0,1,0
48,26,69.69081115722656,91956,2,0.7957330307775243,1,0,0,0,0,1,0
39,18,74.07868194580078,94161,1,3.312317881555092,1,230,0,0,0,1,0
39,7,105.21717071533205,93984,2,1.7641455084259574,2,0,0,0,0,0,0
24,-2,63.94536590576172,94534,1,1.4688599185459252,3,147,1,0,0,0,0
43,24,128.56124877929688,95585,3,6.618139439553365,3,187,0,0,0,0,1
61,36,53.03609085083008,93318,2,0.1623620143529941,3,145,0,1,0,0,0
62,39,27.3233699798584,93796,4,0.5997779766890762,1,123,0,0,0,0,0
42,14,132.90623474121094,95612,3,0.5221678309125476,1,0,1,0,0,0,0
51,27,75.88175964355469,90348,4,1.729014299868202,3,0,0,0,0,1,0
60,26,50.808067321777344,92730,4,0.9008816185653644,2,259,0,0,0,1,0
46,22,66.0640869140625,93110,4,0.0430175076081567,1,0,1,0,0,0,0
55,32,46.39915466308594,94836,3,0.0351494611737608,2,171,0,0,0,1,0
64,37,167.6914520263672,94727,4,4.657668400982349,2,0,0,1,0,0,1
30,9,68.62628936767578,94012,4,1.3019291734295697,3,188,1,0,0,1,0
60,35,76.19380950927734,90160,3,0.757476842045598,3,0,0,0,0,1,0
34,14,39.02349853515625,93984,1,0.5144360375657334,3,0,0,0,0,0,0
66,42,67.19673156738281,92110,4,2.342746214990106,2,0,0,0,0,1,0
40,19,61.71876525878906,94300,3,0.1267475535907105,1,0,1,0,0,1,0
52,24,163.322021484375,92009,1,1.3508326505440946,2,480,0,0,0,1,0
41,22,148.75650024414062,90294,1,4.950068617620591,1,0,0,0,0,1,0
27,3,70.18220520019531,90442,4,2.6320433851978526,1,0,0,0,0,0,0
31,5,83.31834411621094,94464,1,0.569298157157656,1,209,1,0,0,0,0
33,7,51.434906005859375,94772,3,1.9578713826771963,2,0,0,0,0,1,0
37,15,62.74068832397461,91448,1,2.1970467205283377,2,0,0,0,0,1,0
44,24,84.69510650634766,95060,4,1.1049469649088393,1,0,0,0,0,1,0
63,38,32.32756042480469,94364,2,0.3216790036983197,2,0,0,0,0,0,0
60,32,93.90250396728516,94263,2,1.65208530455239,2,0,0,0,0,1,0
65,36,17.783145904541016,96600,3,1.3865497527210668,2,124,0,0,0,0,0
47,29,56.86948394775391,92168,4,0.1961294843863286,1,0,0,0,0,1,0
63,33,55.29531097412109,90269,1,0.3051087301406556,1,0,0,1,0,0,0
34,9,50.2374267578125,90133,4,0.5062962920318479,1,0,1,0,0,0,0
47,25,105.53575897216795,95728,1,2.7051173869263354,2,0,0,0,0,1,0
43,24,129.5885009765625,94568,2,1.6921408250158596,1,269,1,0,0,0,0
51,28,52.52253341674805,95120,4,4.607659185496139,3,0,0,0,0,1,0
46,13,142.255615234375,94570,3,4.837260160332007,2,0,0,0,0,1,1
29,2,21.190095901489254,93530,4,0.999049058884374,3,0,1,0,0,1,0
54,31,90.94183349609376,92584,2,2.2875349786566157,3,0,0,0,0,1,0
64,38,35.786720275878906,92157,1,1.3169577049820878,3,0,1,0,0,0,0
43,2,33.59024429321289,93879,4,1.5672776662148111,2,0,0,0,0,1,0
48,14,60.005653381347656,94249,2,1.7628636293102191,3,0,0,0,0,0,0
64,37,76.16008758544922,90960,4,1.8908220092190355,1,0,1,0,0,1,0
43,18,34.95903778076172,89546,2,1.807959813925136,1,0,0,0,0,1,0
39,8,52.93534469604492,92364,1,0.0240893540917943,3,0,1,0,0,0,0
35,8,51.042327880859375,90287,4,2.3150327078373363,1,0,1,0,0,0,0
46,16,59.58384704589844,94495,3,2.1667075430587697,3,0,0,0,0,1,0
61,34,57.9495735168457,92184,4,2.262982152956893,2,0,0,0,0,1,0
36,3,12.793659210205078,94588,1,0.7807179870564024,3,106,0,0,0,1,0
45,26,31.905292510986328,91810,2,0.2487021269725843,3,0,0,0,0,0,0
41,17,49.77008438110352,91952,2,1.0195940786041144,1,232,0,0,0,1,0
64,38,120.462646484375,91415,2,0.2019933527029982,3,430,1,0,0,0,0
53,17,47.85612106323242,92112,2,2.8445689791357145,3,0,0,0,0,1,0
26,3,182.87799072265625,94687,2,2.759895041710845,1,0,0,0,0,1,0
38,6,59.61527633666992,90039,3,1.349577836672236,3,0,1,0,0,0,0
30,1,34.56900787353516,90510,1,1.3001712691790477,1,168,0,0,0,1,0
54,32,29.349388122558597,94555,3,0.5163221885859175,2,151,1,0,0,1,0
54,28,49.18050765991211,95543,3,0.1119051991980228,3,176,0,0,0,0,0
37,11,134.35841369628906,93195,1,2.1814921245160552,1,387,0,0,0,0,1
47,23,79.69149780273438,90121,4,1.0910070984728744,3,91,0,0,0,1,0
28,-1,149.73423767089844,94267,2,4.869599722540427,3,0,0,0,0,1,0
53,15,53.62480545043945,92090,2,1.341497389276213,3,0,0,1,0,0,0
42,15,60.525386810302734,91768,2,2.0760483991220746,2,121,1,0,0,0,0
51,33,94.15099334716795,94897,1,1.9786838395579656,3,0,0,0,0,1,0
62,36,84.33944702148438,91439,3,1.553365238508852,3,414,0,0,0,0,0
48,13,169.6840362548828,92956,1,6.979003371675868,1,0,0,0,0,1,1
44,28,23.65192604064941,92123,2,1.0840795133138814,1,74,1,0,0,1,0
56,31,24.54938125610352,91792,1,1.2883257986488212,3,220,0,0,0,1,0
58,34,45.33104705810547,90163,4,0.2510083782214401,3,0,1,0,0,1,0
51,24,46.9687385559082,92591,1,1.352373571366163,3,103,0,0,0,1,0
61,33,92.420654296875,92906,1,1.058892123455064,3,232,0,0,0,1,0
61,36,30.4217586517334,95583,3,0.4836880814847273,3,0,0,0,0,0,0
56,33,106.84990692138672,92399,1,9.488595109540888,2,0,0,1,1,1,1
33,7,36.17097091674805,94205,1,1.9197799543737373,3,0,0,0,0,0,0
30,1,38.27260208129883,94560,2,0.9023872097191912,3,0,0,0,0,0,0
64,37,111.13790893554688,90709,3,3.50417559446091,1,0,0,1,0,0,0
42,13,133.18704223632812,94555,2,0.5116300681289994,1,0,0,0,0,0,0
63,38,58.552188873291016,95962,1,0.5722621740338838,3,0,1,0,0,0,0
56,38,50.18701553344727,94145,1,1.7125644648459413,3,0,0,0,0,0,0
55,30,28.66590690612793,94319,1,0.5882331819793429,2,0,1,0,0,1,0
37,16,46.2056999206543,92307,2,1.3398831820803268,2,123,0,0,0,1,0
55,29,102.13938903808594,94504,4,3.938329713386587,2,0,1,0,0,1,1
63,33,18.596416473388672,91561,3,0.5433880443726571,2,130,1,0,1,1,0
43,34,46.379173278808594,94866,4,1.751904489877098,1,0,1,0,0,1,0
52,27,107.37783813476562,94711,2,2.762196842645994,3,165,1,1,1,1,1
30,4,112.90980529785156,96352,4,2.9188047986698886,3,309,0,0,0,1,1
30,15,48.33623504638672,92445,1,0.256956582667985,3,145,0,1,0,1,0
28,4,30.629323959350582,95004,4,1.7976423119515306,2,133,1,0,0,0,0
61,33,14.027316093444824,90344,3,2.2880513807703413,2,102,0,0,0,0,0
50,21,49.819854736328125,95785,3,2.0094123317062724,2,0,0,0,0,1,0
49,30,35.582557678222656,94356,3,2.7579269942434537,2,62,1,0,0,1,0
61,30,97.5688934326172,93823,2,2.474172192862637,1,0,0,0,0,0,0
63,39,67.65847778320312,90094,4,2.202024695695046,3,0,0,1,0,1,0
32,5,33.25068283081055,90081,1,1.9843491594164449,2,0,0,0,0,0,0
40,20,109.4318618774414,93902,2,1.6727508758123488,3,164,0,0,0,0,0
34,11,64.17636108398438,94489,1,1.0557846255223826,2,0,1,0,0,0,0
61,35,45.83308410644531,93917,2,1.9181191235184716,2,461,0,0,0,0,0
34,4,34.47981262207031,94346,4,0.8616585945857714,3,83,0,0,0,0,0
67,39,106.5949249267578,95206,2,0.9721476505061776,1,263,0,0,0,1,0
55,32,178.88768005371094,95008,1,1.5426328456624323,1,0,0,0,0,0,0
49,31,92.62066650390624,90067,2,2.61948431450142,1,0,1,0,0,0,0
50,33,55.414581298828125,95304,4,1.8450928438806589,1,206,0,0,0,0,0
41,14,73.003662109375,94913,3,1.0907542455554775,3,107,0,0,0,0,1
57,37,19.393972396850582,95739,3,0.7265243299965048,2,0,1,0,0,1,0
48,29,25.086395263671875,94656,1,2.92913459004766,2,0,1,0,0,0,0
46,22,49.256080627441406,91059,1,0.6945835503960557,1,0,0,0,0,1,0
46,22,41.96246337890625,95075,4,1.2355415237496312,3,0,0,0,0,0,0
63,37,87.46260833740234,92322,3,2.2824572473568363,1,0,0,0,0,1,0
57,33,31.292911529541016,90077,3,1.2553120801168014,3,150,0,1,0,1,0
56,28,95.63522338867188,91254,2,1.8602864233726009,2,0,0,0,0,0,0
29,5,33.71713638305664,95895,4,0.1318386524073818,3,0,1,1,1,1,0
44,17,70.62162780761719,95158,4,0.1859253837767285,1,0,0,0,0,0,0
44,17,129.41897583007812,90469,1,4.684643121360653,3,0,1,1,1,1,0
52,15,12.943802833557127,96112,4,0.0863069369882693,1,0,0,0,0,0,0
55,27,10.499231338500977,93336,3,1.7202981850545331,1,0,1,0,0,1,0
32,5,78.7120361328125,90860,1,4.55245209405828,1,0,1,0,0,0,0
32,9,40.15858840942383,94574,3,0.3330429588311793,1,0,0,0,0,1,0
39,10,47.56789016723633,95067,4,1.841283609417799,2,0,1,1,0,1,0
26,8,20.23945426940918,95344,4,1.947543660334171,3,0,1,0,0,1,0
54,25,67.8954086303711,90005,1,1.78957527144614,3,0,1,0,0,0,0
47,21,82.56917572021484,91927,3,1.1955610634136162,2,0,0,0,0,0,0
61,32,118.95256805419922,93704,2,1.616080281756032,1,0,1,0,0,1,0
46,24,87.4400863647461,95953,2,1.0932986059349683,2,0,0,0,0,0,0
61,36,95.0673599243164,90394,2,1.836932880014035,1,0,0,0,0,0,0
37,9,30.524600982666016,93073,4,0.7347884079292141,2,0,0,0,0,0,0
60,31,37.88010025024414,95093,3,0.2289378865556999,1,0,1,0,0,0,0
41,22,66.45219421386719,95332,1,2.423018612504048,1,0,0,0,0,0,0
29,3,95.125244140625,94313,3,4.970288932426193,2,0,0,1,0,0,1
26,4,43.95869445800781,92157,4,2.056149624262224,2,398,0,0,0,1,0
46,35,146.75833129882812,94331,2,4.26861305137393,1,0,0,0,0,1,0
25,-2,50.40987777709961,91966,4,1.6390133397874345,2,0,0,1,0,1,0
32,5,59.345985412597656,96261,2,1.571191000947017,2,0,0,0,0,1,0
62,35,134.2621612548828,94136,2,4.160839779854768,2,256,0,0,0,0,1
41,16,94.17916870117188,91962,1,0.2729771976354729,1,0,1,0,0,0,0
48,23,20.51479721069336,92187,4,0.9827704021641348,2,108,0,0,0,0,0
33,18,165.58615112304688,91128,1,3.226429618624135,1,0,0,0,0,1,0
44,20,155.408447265625,91566,2,3.0037898843904838,1,0,0,0,0,1,0
56,34,48.16074752807617,94832,4,0.3705951200946419,3,0,0,0,0,1,0
48,20,73.02830505371094,90502,1,2.380313136760568,2,0,0,1,1,0,0
34,10,50.4549560546875,95210,4,1.6226805604034849,2,0,0,0,0,1,0
45,15,57.45716857910156,90081,4,2.0616070062854748,3,0,1,1,0,0,0
34,13,57.51809310913086,94604,3,1.2015823008949815,3,0,0,1,0,0,0
56,25,39.29673004150391,91688,4,1.3402426702037922,2,112,1,0,0,1,0
38,13,19.9612979888916,93670,4,1.408895011461952,1,0,0,0,0,1,0
41,18,73.92291259765625,90299,4,3.6502989669869415,1,0,1,0,0,0,0
48,24,51.50667572021485,92442,2,0.4457316972809256,2,90,0,0,0,0,0
42,16,102.61785125732422,93321,3,4.254823838195108,1,0,1,1,1,1,0
48,22,30.70792961120605,94699,1,3.58969571478814,2,0,1,0,0,1,0
36,20,53.33761215209961,94523,4,1.9818280515990905,1,0,1,0,0,1,0
30,8,96.8244400024414,93073,2,0.3549877701337214,2,0,0,0,0,0,0
30,5,142.2875213623047,94876,1,1.6591905277894572,1,201,1,0,0,1,0
30,2,24.456523895263672,92784,2,1.7291821461081105,3,0,1,0,0,0,0
57,30,67.66648864746094,90281,2,1.2891631955058815,2,0,1,0,0,1,0
40,13,72.31725311279297,92148,2,4.409028431805776,3,0,0,0,0,1,0
40,15,77.7565689086914,91461,2,0.203771184370536,1,0,0,0,0,0,0
63,36,117.85032653808594,94384,3,2.10922019589806,2,0,1,0,0,0,0
39,11,86.7341537475586,91148,3,0.7395287489529384,1,0,1,0,0,1,0
62,36,22.316680908203125,94650,1,0.5920936980322057,2,0,0,1,0,1,0
36,12,41.76533508300781,94597,4,1.9798569904987928,1,0,0,1,0,0,0
33,6,24.238306045532227,92937,4,0.2762343696827726,1,0,0,0,0,1,0
39,20,81.84663391113281,90423,2,1.6240586058995266,2,0,0,0,0,1,0
33,11,115.32818603515624,95498,4,4.171806876311288,3,0,0,0,0,0,1
48,27,22.59967041015625,92934,3,2.829298080712398,1,0,0,0,0,0,0
39,3,62.35244369506836,92304,3,1.506340827714999,2,139,0,0,0,1,0
58,31,53.59982299804688,95158,3,1.6568705811037236,3,0,0,0,0,0,0
46,24,128.69273376464844,95703,2,6.706073514571702,1,0,1,0,0,1,0
45,24,45.86050033569336,92915,4,0.8291411614401045,2,0,0,0,0,1,0
29,6,49.38069915771485,94139,3,1.4783887579199932,2,0,1,0,1,1,0
62,30,141.724609375,95155,1,1.7250270019281118,3,0,0,0,0,0,1
60,31,27.18770980834961,91027,2,0.173046653077291,2,0,0,0,0,0,0
31,10,36.30204772949219,94539,1,1.228950552295458,2,0,0,0,0,0,0
29,4,131.29092407226562,95020,2,6.059009863050149,3,0,1,0,1,1,1
58,34,82.01119232177734,90147,1,1.4755941629083675,1,0,0,0,0,1,0
42,2,87.09828186035156,93118,3,1.939711273464082,1,0,0,0,0,0,0
49,25,68.07839965820312,91880,3,2.069330199318196,2,0,1,0,0,1,0
52,27,92.69857788085938,90684,2,3.238840432427289,1,386,0,0,0,0,0
47,20,39.343841552734375,91314,2,0.976032430521943,1,0,1,0,0,1,0
34,9,65.06602478027344,92268,1,1.8171917455521664,3,0,1,0,0,1,0
37,26,125.01982879638672,95893,2,2.875655491291276,1,0,0,1,0,0,0
48,27,60.32256317138672,95203,1,4.819692060330304,3,0,1,0,0,1,0
54,32,79.6939926147461,94476,2,2.4487030629238324,1,519,0,0,0,0,0
38,25,195.04705810546875,95505,2,5.566026368537372,1,0,1,0,0,1,0
37,17,123.42792510986328,95277,1,4.013475969868895,1,0,1,0,0,0,0
53,24,138.14732360839844,91911,1,0.7295225648784228,1,0,0,0,0,1,0
52,20,125.18919372558594,90219,2,1.6446320416492133,3,229,0,0,0,0,0
44,22,27.50752830505371,93907,4,1.230350984575486,2,0,0,0,0,1,0
56,30,147.19793701171875,92130,2,4.425690261523775,1,0,1,0,0,1,0
52,15,161.29640197753906,92177,1,5.750062335356979,3,0,0,1,0,1,1
29,15,19.671592712402344,91040,3,0.2171043422696901,1,0,0,0,0,1,0
32,3,45.7018928527832,92777,4,0.8635650697362333,3,0,0,0,0,1,0
37,12,44.19634246826172,94532,1,0.9880461355386774,3,96,1,0,0,0,0
54,30,158.14212036132812,90466,1,5.449764465521817,1,134,0,0,0,1,0
44,14,62.32247161865234,93256,3,0.8163426516378594,1,106,1,1,0,1,0
58,32,105.3236312866211,95885,4,0.276873154983654,2,240,1,0,0,0,0
43,16,43.64877700805664,92110,3,1.0484889108921762,1,0,0,0,0,1,0
60,30,42.428253173828125,92363,2,0.0944918918977218,2,0,1,0,0,0,0
38,4,69.93980407714844,89970,2,0.5129648637079731,2,0,0,0,0,0,0
46,20,64.87471008300781,90574,1,0.1448742047109348,2,0,1,0,0,0,0
49,34,32.06843566894531,94456,1,1.3199724516756923,1,0,1,0,0,0,0
40,22,39.79535675048828,94640,2,0.3545636177325097,3,0,1,0,0,0,0
29,1,76.34523010253906,92075,2,1.9733772248590864,1,0,0,0,0,1,0
31,5,177.1641082763672,95168,2,4.583597686535582,1,206,0,1,1,1,1
50,30,60.51173400878906,92268,1,1.2200936536477665,2,0,0,0,0,1,0
43,27,65.35205841064453,94906,4,1.7469556649112612,3,157,1,0,0,1,0
35,11,35.80887985229492,95926,3,1.3884282064526638,3,0,0,1,0,1,0
27,7,49.913211822509766,96212,2,0.8574296770694735,3,236,0,0,0,0,0
26,1,11.76480484008789,93665,1,0.2739127588383716,1,0,1,0,0,1,0
28,1,42.28091049194336,94782,3,1.5826947355874543,2,0,0,0,0,0,0
28,2,74.48330688476562,89914,2,0.3579464997289204,1,0,0,0,0,1,0
56,24,15.896586418151855,93713,3,0.2582422576173168,2,89,0,0,0,0,0
43,21,21.785572052001957,92646,2,0.6723499035396214,3,75,0,0,0,1,0
47,23,72.33002471923828,94548,1,2.861922711495331,2,154,0,0,0,1,0
33,8,70.87232971191406,94570,3,0.960904436474782,2,0,0,0,0,0,0
56,37,111.6514892578125,94929,4,4.220952897850674,2,0,0,0,1,1,1
47,24,42.202857971191406,91775,4,3.9121474990263487,2,134,1,0,0,0,0
33,11,193.4984130859375,91823,1,4.167705735850968,1,0,0,0,0,1,0
57,30,87.89550018310547,94724,4,2.4801509941066624,1,0,1,0,0,1,0
45,29,109.11235809326172,92285,2,4.266072007716354,2,89,0,0,0,1,1
52,30,52.21846389770508,94609,2,2.6137156981635936,1,0,0,0,0,1,0
41,21,122.0081558227539,91650,3,3.979162782813039,1,0,1,0,0,0,0
34,25,30.394779205322266,96113,3,0.3377800735919223,2,0,1,0,0,1,0
36,20,125.6856689453125,92721,2,1.3152825588968238,1,235,0,0,0,1,0
57,30,57.30069732666016,95672,4,0.6445440126598281,2,0,0,1,0,0,0
55,23,173.1711883544922,95024,3,3.2267226821109087,3,0,1,0,1,1,1
36,10,135.1701202392578,91774,1,1.9055090258954903,1,0,1,0,0,0,0
65,36,19.03722381591797,90467,4,0.6323943366455903,2,90,0,0,0,1,0
27,3,46.46262741088867,91182,4,0.4256288684680305,3,100,0,0,0,1,0
57,25,48.45626449584961,91999,3,1.863488713880153,2,160,0,0,0,0,0
45,23,214.77880859375,90235,2,3.789910495148171,1,0,0,0,0,0,0
65,41,31.80642318725586,94249,3,1.6342332649630356,2,0,0,0,0,1,0
60,40,33.88541412353516,94316,2,0.0973853310086674,3,0,0,0,0,0,0
32,8,25.51955986022949,93221,4,1.5675043690895218,1,0,0,0,0,0,0
26,8,63.50578689575195,92066,2,1.5017479213916936,3,0,0,0,0,1,0
27,6,56.26374053955078,93975,1,0.3742929277493518,3,0,1,0,0,1,0
35,10,43.91069412231445,91666,4,1.6785140801496743,2,0,0,0,0,1,0
57,34,68.18999481201172,92921,2,1.4635038258372175,3,0,0,0,0,0,0
52,20,195.34829711914065,91946,2,6.370349255713792,1,371,0,0,0,1,0
58,20,107.5567626953125,90194,2,0.5827199215403484,1,0,0,0,0,0,0
53,31,77.02468872070312,92309,2,2.6628339327883674,1,0,0,1,0,1,0
26,1,122.96607208251952,94894,1,2.561515182731659,3,0,0,0,0,0,0
33,2,22.207807540893555,91874,1,0.7650974307892442,2,0,1,0,0,0,0
66,39,23.716949462890625,96003,1,0.1570095551179333,2,0,1,0,0,1,0
65,39,23.42926597595215,95899,3,1.469283774989399,3,0,0,0,0,1,0
39,13,33.9168701171875,94649,3,0.7642559412999566,3,104,0,1,0,1,0
60,37,61.26631546020508,92051,2,2.905229535790983,3,139,0,0,0,0,0
65,35,24.301733016967773,92713,1,0.3624879384544933,2,0,0,0,0,1,0
43,16,171.1352081298828,91553,1,6.79493875656171,1,191,0,0,0,0,0
35,19,31.885652542114254,92156,4,1.059402631702725,1,0,0,0,0,0,0
44,10,20.627796173095703,94107,1,0.3435886545955622,3,0,0,0,0,1,0
36,14,25.58003234863281,94599,3,0.5477285554385896,2,0,0,0,0,1,0
33,7,117.90332794189452,94714,2,4.544377594168632,3,0,0,0,0,0,0
62,37,78.09136962890625,92224,1,0.8887997174125837,2,0,1,0,0,1,0
30,7,48.19069290161133,95734,4,1.2818989619857033,2,110,0,0,0,1,0
25,1,73.05391693115234,95414,4,1.955548961328668,3,0,0,0,0,0,0
58,35,114.95220947265624,94797,1,2.4339039021429505,1,286,0,0,0,0,0
41,18,87.79273223876953,93075,4,0.8148468331542004,1,0,0,0,0,1,0
31,10,107.96957397460938,94190,2,3.0067545387070327,3,188,0,0,0,0,0
29,17,153.0294952392578,95305,1,5.675644700969165,1,0,0,0,0,0,0
38,16,146.36581420898438,90049,2,3.1267396345250686,1,192,0,0,0,1,0
35,13,34.99899673461914,94592,2,1.9784923057235209,3,160,0,0,0,0,0
26,5,33.71881866455078,90900,2,0.0137085468580915,2,0,1,0,0,1,0
52,30,61.8548469543457,93019,4,0.9552664176076624,3,0,0,1,0,0,0
53,33,29.433189392089844,93918,1,0.6673791988104208,2,0,0,0,0,1,0
37,12,138.00588989257812,96497,2,5.840654607827034,1,106,0,0,0,0,0
46,17,72.11749267578125,94839,2,1.3606804589929529,3,0,0,0,0,1,0
56,25,45.47965621948242,94115,3,1.2065237031470917,2,0,0,0,0,1,0
61,29,33.358436584472656,90304,3,1.2954017443663308,2,0,0,0,0,1,0
30,19,66.04554748535156,89923,2,1.102227591900467,2,0,1,0,0,1,0
36,11,130.16363525390625,92575,2,0.0236384139952821,1,0,0,0,0,0,0
52,17,69.28443908691406,94706,3,2.8529896072400094,1,0,1,1,1,1,0
43,21,102.58472442626952,90363,4,7.6378578472628655,1,0,0,0,0,0,0
37,17,49.93072891235352,94303,1,0.1893732942284826,1,0,0,0,0,1,0
54,33,48.6318473815918,95204,2,1.5831615172061366,3,0,0,0,0,0,0
61,37,166.87844848632812,92096,3,2.5890117048128696,2,0,0,0,0,0,1
41,8,148.06185913085938,91910,2,4.24854339424407,1,396,0,0,0,1,0
43,14,162.6253204345703,91105,1,4.623063852819847,1,0,0,0,0,1,0
65,38,18.199729919433597,91941,3,0.5785062149692031,2,113,0,0,0,0,0
44,15,155.12762451171875,92284,1,2.9077786447176943,1,0,0,0,0,0,0
40,14,28.378854751586918,90787,3,0.9983058272600638,2,0,0,0,0,0,0
32,6,70.25627899169922,94022,2,0.9560991849629216,1,0,1,0,0,1,0
64,35,60.59326934814453,96271,1,2.6776219301990944,2,163,0,0,0,1,0
59,24,40.284793853759766,94366,4,0.8598387671577707,2,0,1,0,0,1,0
39,27,44.63394927978516,94690,3,2.049490816693905,2,0,0,0,0,1,0
48,20,30.434619903564453,95469,3,0.1191500830381722,1,0,0,0,0,0,0
44,21,119.6632843017578,92073,3,3.019506434289001,2,0,0,0,0,0,0
61,36,104.53517150878906,94768,3,1.5347472774123696,1,0,1,0,0,1,0
43,12,176.43482971191406,94214,1,3.660810546631882,1,0,1,0,0,0,1
62,38,41.51609420776367,91957,3,0.5144918919778233,2,99,0,0,0,1,0
27,4,52.72395324707031,94101,2,1.383132686074407,1,0,1,0,0,1,0
51,23,85.99012756347656,92694,2,2.499941834899026,3,0,0,0,0,0,0
39,8,85.805908203125,95430,1,3.861478520923201,1,206,0,0,0,0,0
50,36,100.94180297851562,95258,2,6.6593113543038776,1,0,0,0,0,0,0
47,24,11.540335655212402,91900,2,0.1637156776181359,1,0,0,0,0,1,0
25,2,146.632568359375,91823,4,4.316076829437339,1,330,1,0,1,1,1
56,19,84.6419448852539,95691,1,0.4214544840244672,1,0,1,0,0,0,0
30,11,61.86595153808594,91933,4,2.575179632900988,1,0,1,0,0,0,0
45,15,91.64324951171876,92986,2,2.2618458173330542,3,0,0,1,0,1,0
61,34,77.92303466796875,95545,4,0.1009639441909769,1,0,0,0,0,1,0
35,12,27.68518447875977,94436,4,0.2297211705727449,2,0,0,0,0,0,0
45,17,97.23128509521484,95255,2,7.327382081140023,3,0,1,1,0,1,0
54,35,59.816253662109375,92207,1,5.380120004418397,1,0,0,0,0,1,0
61,37,64.58171081542969,92367,1,2.203998019222107,2,0,1,0,0,0,0
31,6,111.84010314941406,94217,4,2.5471890024471517,1,0,1,1,0,0,0
58,30,32.68016815185547,95907,4,1.6595020523316169,1,0,0,0,0,0,0
27,3,64.6058578491211,91939,1,4.111959658648481,1,0,0,0,0,1,0
56,23,57.46059036254883,95404,2,0.4858672810258311,1,0,0,0,0,1,0
40,22,135.08291625976562,94635,2,2.069779849740699,1,0,1,0,0,0,0
44,23,41.24656295776367,91844,2,0.2867569413920857,1,0,1,1,0,0,0
49,25,99.0678939819336,90822,3,2.397626140513222,3,146,0,0,0,1,0
56,36,119.346923828125,94842,1,7.427431951945223,1,0,1,0,0,1,0
30,9,29.60042953491211,95571,4,1.3796194909082469,2,0,1,0,0,1,0
63,38,87.26022338867188,92523,4,2.0464384458265044,1,0,1,0,0,0,0
26,3,83.0950927734375,94599,3,1.615656755717383,3,0,0,0,0,0,0
33,18,23.226348876953125,95328,2,0.2011632377122134,2,0,1,0,0,0,0
25,0,63.63710784912109,91624,2,2.799581530050383,3,0,0,1,0,1,0
50,31,163.51336669921875,90146,2,8.171082526204696,1,0,0,1,0,1,0
40,17,90.841552734375,94595,1,0.9808161130050348,2,0,0,1,0,0,0
40,20,160.82473754882812,94339,3,2.82531379700598,3,0,1,0,0,0,1
42,16,62.53176498413086,91507,3,0.1335771098477979,2,0,0,0,0,1,0
60,32,94.03553009033205,95347,1,1.6358022694142518,3,0,0,0,0,1,0
60,38,46.189453125,94962,3,1.2279477666999752,2,77,1,0,0,0,0
61,28,94.16032409667967,90347,1,2.203639607480844,2,0,0,0,0,0,0
50,25,30.897197723388672,94536,4,0.3916596657260486,2,141,0,0,0,0,0
39,16,89.1810073852539,95364,4,1.2242334539610176,1,0,0,1,0,1,0
66,41,54.8659553527832,95883,4,0.621046384523397,2,0,0,0,0,0,0
65,39,52.85988235473633,92524,2,1.035190700078254,3,0,0,0,0,1,0
43,18,86.65493774414062,94959,1,1.0128939919308677,3,0,1,0,0,1,0
29,10,31.71309471130371,95150,1,1.9173565865683648,2,159,1,0,0,1,0
52,36,59.0339241027832,94186,1,5.514535161725792,1,0,1,0,0,0,0
31,9,194.5434417724609,92313,4,3.0114328336192515,3,368,1,0,1,0,1
51,23,86.84583282470703,91181,1,1.42128481159972,2,0,0,0,0,0,0
31,6,48.895790100097656,94789,4,1.7516133024487373,1,0,1,0,1,1,0
34,16,191.71258544921875,92038,1,3.5104555643274216,1,0,0,0,0,1,0
59,36,33.659461975097656,94619,3,1.6848028337553596,3,0,0,1,0,0,0
31,8,81.57428741455078,91653,3,1.1024691454521014,1,0,0,0,0,1,0
53,27,28.8525505065918,94782,1,0.3315919159431794,2,0,0,0,0,1,0
41,14,45.04819488525391,92138,3,1.577725444042953,1,0,0,1,0,1,0
51,27,49.206687927246094,89713,2,0.4717164599258783,3,0,1,0,0,0,0
48,29,126.13151550292967,94761,4,0.6444350933741103,1,0,1,1,0,0,1
52,19,30.848461151123047,92538,3,0.9433335429381108,1,144,0,0,0,1,0
29,3,18.67643165588379,90282,3,0.7304809204866543,2,0,0,0,0,1,0
39,20,114.1015625,95202,2,6.687969414617914,1,0,0,0,0,1,0
42,15,114.9209213256836,91419,1,2.803945365979758,1,328,0,1,0,1,1
34,3,21.18537139892578,94878,2,0.8591867077517286,3,0,1,0,0,0,0
29,4,31.556320190429688,95457,1,0.63931130119534,3,0,0,0,0,0,0
35,19,193.3650665283203,94214,2,9.358464696790987,1,0,0,0,0,0,0
31,3,52.41670989990234,92279,4,2.7588290717625736,1,0,0,0,0,0,0
52,30,86.90745544433594,91910,2,3.989336701263869,2,383,1,0,0,1,0
34,11,121.72911834716795,89939,2,2.8665991141023963,2,0,0,0,0,0,0
63,38,122.03001403808594,94444,1,1.9495073055057108,1,0,0,0,0,1,0
42,24,134.81976318359375,93221,4,3.655934868788655,3,0,0,0,0,1,1
27,2,67.78092956542969,94801,3,1.7924458004307848,2,217,0,0,0,0,0
28,14,42.51266479492188,92040,1,2.126395288598327,2,0,0,0,0,1,0
26,2,33.63716125488281,92693,3,0.8641949885419924,2,0,0,0,0,0,0
63,38,116.95915985107422,94408,4,4.297386114012845,1,0,0,0,0,0,0
25,7,24.44106101989746,96183,4,0.3188148749011639,1,0,0,0,0,0,0
47,26,115.00586700439452,90368,2,1.006548364402908,1,232,0,0,0,1,0
54,29,19.63117408752441,92710,2,0.9762227773460024,3,0,0,0,0,0,0
45,27,63.43233871459961,90468,4,1.4513131510129038,1,0,0,0,0,1,0
56,24,45.17998123168945,94912,3,0.9509480864309048,2,137,0,0,0,1,0
34,14,51.78761291503906,94517,1,0.5956785213105036,2,0,0,0,0,0,0
34,7,62.59724807739258,94191,4,2.79553245698638,2,0,0,0,0,0,0
38,17,104.16184997558594,90085,2,2.986635816435894,2,0,0,0,0,0,0
30,3,102.54338836669922,93020,1,0.3531591414073415,1,238,0,1,0,1,0
63,38,74.78189086914062,90299,4,0.2000798798838745,1,0,0,0,0,1,0
34,8,72.71248626708984,90482,2,1.0084663702355705,3,0,0,0,0,0,0
37,10,25.335357666015625,94837,4,0.8438349202467316,3,0,0,0,0,1,0
33,6,60.7613410949707,94562,4,1.49940008790685,2,197,0,0,0,1,0
41,17,24.777610778808597,95983,3,0.5585965754099405,3,0,0,0,0,0,0
57,36,11.700289726257324,93823,3,1.1235198775874942,2,151,1,0,0,1,0
34,7,119.32919311523438,91290,3,2.2250748481271128,2,394,1,0,0,0,0
25,8,62.16826629638672,94889,1,2.651682142371136,3,127,0,0,0,1,0
55,33,58.51969909667969,94313,1,1.5938697185877968,2,0,0,0,0,1,0
33,4,106.0818328857422,95804,4,3.0205403420840438,1,110,0,0,0,0,0
52,34,14.861204147338867,96172,3,0.500042045161006,3,232,0,0,0,0,0
55,32,51.25109100341797,94676,4,0.8493389024394652,2,0,0,0,0,0,0
33,10,66.74725341796875,94253,1,3.859056858451336,3,0,1,0,0,0,0
40,16,84.57569885253906,94219,3,1.3274562984468918,3,0,0,0,0,1,0
53,27,61.61449432373047,95373,3,1.1441386988730282,1,0,1,0,0,0,0
39,18,73.43695831298828,89979,2,6.003610636848944,1,0,1,0,0,0,0
43,16,80.3972396850586,94275,1,2.0246223406170487,3,0,0,1,0,0,0
32,13,65.22050476074219,94567,2,1.5552655860967757,2,0,0,0,0,1,0
44,24,35.83656692504883,95231,2,0.8517425628028853,1,0,1,1,0,0,0
43,17,68.33700561523438,91980,3,0.2414898509318391,1,0,0,0,0,1,0
31,2,95.5055160522461,94548,2,1.3826213307139974,1,0,1,0,1,1,0
53,25,157.7029266357422,92099,1,1.5228664581588789,1,0,1,0,0,0,0
52,30,46.994876861572266,96321,4,0.8965234581231226,1,0,1,0,0,1,0
59,37,60.58549499511719,93124,4,1.2743063639887788,3,72,1,0,0,1,0
34,8,74.93621826171875,94677,3,1.1928924059892672,2,0,1,0,0,1,0
26,2,86.72030639648438,92276,1,1.8989141926225652,2,0,1,0,0,0,0
35,9,81.28575897216797,90967,2,0.7300295696951267,1,0,1,0,0,1,0
60,25,58.996612548828125,95730,4,0.4395028847136039,3,0,0,0,0,1,0
45,18,93.09517669677734,94076,1,3.0301423074189446,2,0,1,0,0,1,1
43,11,176.33865356445312,90289,1,2.2764746846921597,3,499,0,0,0,0,1
51,12,89.86915588378906,94589,2,3.209641938758033,3,0,0,0,0,1,0
48,18,26.02121925354004,93250,2,1.7970405114348635,2,0,0,0,0,1,0
44,15,49.04338073730469,93902,2,0.6793099883847006,3,0,1,0,0,0,0
58,28,43.44731521606445,94246,1,1.2331681394064018,2,0,0,0,0,0,0
27,3,56.20835876464844,94821,4,1.6111775285139491,2,0,1,0,0,0,0
34,15,199.72152709960935,95015,1,6.602756730851152,3,385,0,0,1,1,1
60,32,115.27542877197266,94153,4,4.344940457311617,2,444,1,1,1,1,1
34,10,132.58062744140625,91625,2,1.40326138353804,3,0,0,0,0,1,1
59,34,32.3792724609375,90556,4,0.1290397479112059,1,0,0,0,0,0,0
50,10,56.64628219604492,94641,3,2.5205413058712054,1,0,0,0,0,0,0
63,32,29.710243225097656,93792,3,0.3651791141274726,3,0,0,0,0,0,0
58,35,63.46812438964844,91522,3,2.344325198913209,1,0,0,0,0,0,0
34,12,76.67191314697266,96164,1,0.7368267785094471,1,0,0,0,0,0,0
31,7,160.38893127441406,92814,2,1.935078077174172,1,0,0,0,0,1,0
56,32,11.603975296020508,95123,3,1.0197132653869467,3,0,1,0,0,0,0
48,18,34.35764694213867,94582,1,1.178664492988465,3,173,0,0,0,0,0
30,3,60.2295150756836,95364,1,1.114779627510197,2,0,0,0,0,1,0
63,39,81.32613372802734,90276,4,1.5544512317035677,3,0,0,0,0,1,0
38,15,57.49239349365234,91628,3,2.606889800293016,2,0,1,0,0,0,0
49,26,27.92534065246582,92310,4,1.121947294997582,3,0,0,0,0,1,0
59,31,49.53579330444336,89957,4,0.6568333580659379,3,0,0,0,0,1,0
40,23,49.83509063720703,92068,1,2.198083111014307,2,247,1,0,0,1,0
60,35,27.896469116210938,94004,4,0.230730683816014,1,96,0,1,0,1,0
45,18,96.72630310058594,94408,1,1.5563967400228131,1,0,0,0,0,0,0
59,31,36.55734252929688,94218,4,2.652883207040867,1,0,0,0,0,0,0
30,5,60.68687438964844,94345,3,0.0340787403266203,2,0,1,0,0,1,0
28,16,61.067413330078125,94434,4,1.9193743570533808,1,0,0,0,0,0,0
53,29,55.0135383605957,90244,1,0.8614410134136654,1,0,0,0,0,0,0
63,34,72.78662872314453,90131,3,2.7049817998011805,2,0,1,0,0,0,0
52,30,165.2455291748047,95586,2,5.66404901796236,1,0,0,0,0,0,0
47,35,42.66790771484375,94440,1,1.4791040859197695,2,0,0,0,0,0,0
33,21,107.26204681396484,95024,2,2.434850292129076,1,0,0,1,0,1,0
59,24,85.33982849121094,91819,4,2.146850237357984,2,0,0,0,0,1,1
35,13,104.23381042480467,90158,4,6.881883673301765,1,0,1,0,0,0,0
56,32,88.10033416748047,92526,3,2.197604541588235,3,620,0,0,0,0,1
50,26,157.31219482421875,91483,1,2.298799185893082,1,0,0,0,0,1,0
43,20,95.7000961303711,93571,2,1.994162305889747,1,0,1,0,0,1,0
44,15,91.7529754638672,91874,2,2.541711665164419,1,0,0,1,0,0,0
43,1,24.757719039916992,96386,2,1.56470868053193,1,0,0,0,0,1,0
57,37,26.32480239868164,92626,3,1.566701804444756,1,0,0,0,0,0,0
28,3,21.916608810424805,91842,2,0.4761557705287714,2,0,0,0,0,1,0
23,3,128.3663787841797,92254,3,0.1786507921637152,3,0,0,0,0,1,1
61,38,21.567386627197266,91071,1,0.7667486276734349,3,105,0,0,0,0,0
50,30,118.72090911865234,94784,3,0.8480610194398419,3,0,1,0,0,0,1
30,22,140.7437744140625,94422,2,6.2817844862494265,1,0,0,0,0,1,0
59,35,132.6646728515625,93421,1,2.050119113796744,3,0,0,0,0,1,1
26,2,62.9243392944336,94862,4,1.1173942040535505,3,142,0,0,0,1,0
46,33,50.81672668457031,92491,4,2.399124232616873,1,0,0,0,0,1,0
42,14,13.337971687316896,93595,4,0.684543965256625,2,0,1,0,0,1,0
48,21,140.24398803710938,95892,1,0.5605256495310922,1,298,0,0,0,1,0
29,3,19.055530548095703,92378,4,1.1035928287179535,3,0,1,0,0,1,0
52,26,39.15368270874024,90756,1,0.2459639835645733,3,427,1,0,0,0,0
25,0,70.732421875,92826,3,1.3367566614883266,3,0,0,1,0,1,0
45,17,44.2491455078125,93243,3,1.8705174521708496,2,220,0,0,0,1,0
32,7,42.22447967529297,94165,3,2.549229175777678,2,0,0,0,0,0,0
67,41,105.60076141357422,91120,1,2.60759957697143,2,596,0,0,0,1,1
51,30,113.4962921142578,93872,1,7.875114692068232,1,0,0,0,0,1,0
43,14,95.67892456054688,94387,2,6.459054065138727,1,216,0,0,0,1,0
30,6,49.40224456787109,94997,1,1.0040707125787762,1,0,1,1,0,0,0
45,21,27.95192146301269,94348,3,0.3285571151987889,2,0,1,0,0,1,0
53,30,42.19439315795898,89987,3,1.756990842133624,3,0,0,0,0,0,0
58,24,49.81869888305664,95146,1,0.3793797749495824,2,0,0,0,0,1,0
34,14,161.76022338867188,92142,2,7.289818103119751,1,0,0,0,0,1,0
60,33,79.92008972167969,95645,1,1.3365333057032158,1,0,0,0,0,0,0
63,38,43.90643310546875,92689,2,2.283260096942524,2,253,1,0,0,0,0
31,6,37.73779678344727,93027,2,1.4002301692743058,3,106,0,0,0,1,0
53,27,92.84060668945312,94549,2,1.601008848389598,1,0,1,0,0,0,0
42,21,74.67872619628906,90335,4,1.190117445984212,1,0,0,1,0,0,0
60,35,20.075624465942383,95035,1,0.6096735599132955,1,0,0,0,0,0,0
52,18,35.649600982666016,91372,3,0.5524869536370864,1,0,1,0,0,0,0
53,25,74.04850769042969,93046,4,0.7702198065219347,3,0,0,0,0,0,0
36,12,56.18212890625,90318,4,0.0236549741796189,1,0,0,0,0,0,0
31,4,139.58837890625,94728,3,0.6954018896609162,3,146,0,0,0,0,0
28,5,44.57621383666992,90951,4,2.362821094426978,2,0,1,0,0,0,0
58,33,48.81756591796875,89770,4,0.2002022291403968,1,105,0,0,0,0,0
63,37,51.02530288696289,92861,4,2.128904273734673,3,0,0,0,0,1,0
57,32,158.02273559570312,94467,4,6.505496888552143,3,0,0,0,0,0,1
31,8,17.42129898071289,94435,3,0.7088015822729161,3,0,0,0,0,1,0
57,36,36.045654296875,91841,3,0.3907514741751485,2,0,1,0,0,1,0
32,6,44.833866119384766,93760,1,1.8038280157819255,2,327,0,0,0,0,0
30,13,111.1363296508789,91912,2,2.3412855185679198,2,0,0,0,0,1,1
61,27,138.7301788330078,92368,4,2.175725236875921,2,245,1,0,1,1,0
51,29,31.374357223510746,92563,4,0.4639942667147164,3,215,1,0,0,0,0
61,37,44.35086441040039,89962,4,0.3689137393813874,3,99,0,0,0,1,0
39,24,101.10132598876952,94933,2,6.30857368365982,2,164,1,0,1,0,1
61,36,75.40074920654297,94645,1,1.492928665012864,1,0,0,0,0,1,0
32,9,143.82830810546875,90304,2,1.743361824243904,1,0,0,0,0,1,0
26,0,33.08369445800781,91899,4,0.4114775393975658,2,0,0,0,0,0,0
34,6,103.09575653076172,95915,2,5.771789380214678,3,0,0,0,0,0,1
29,8,136.2066650390625,94987,1,2.210953281394848,2,0,0,0,0,1,1
59,33,135.27584838867188,91611,3,8.58546274485367,1,461,0,0,0,0,1
35,16,43.001914978027344,92196,2,1.775684718469415,3,0,0,0,0,1,0
25,1,37.537879943847656,93532,4,1.116363899935429,1,201,0,0,0,0,0
28,5,69.72347259521484,95210,2,1.8775027282533057,3,0,0,0,0,1,0
42,27,192.9397125244141,95007,1,8.480549921439966,2,0,0,0,1,1,1
49,23,15.559812545776367,92338,2,0.6434991795810008,3,0,0,0,0,0,0
27,3,82.98734283447266,95337,1,7.938419158448962,2,366,0,0,0,1,0
47,22,98.9700698852539,90039,1,1.9502086628094804,1,0,1,0,0,0,0
30,5,61.62722396850586,94838,4,0.7804403717453879,2,126,0,0,0,1,0
59,38,82.38766479492188,91768,1,2.713439966873465,3,0,0,1,0,0,0
30,10,22.071895599365234,94634,4,0.1322849761390314,2,0,0,0,0,1,0
45,22,74.8339614868164,95380,2,0.919773660242644,1,0,0,0,0,1,0
61,36,133.97659301757812,91986,2,6.001563745416363,2,0,0,0,0,0,1
52,33,97.8767318725586,93871,4,1.972752792822408,1,291,0,0,0,1,0
27,2,50.16388320922852,92034,4,0.5032071163939984,2,0,0,0,0,1,0
51,10,49.66727066040039,91160,3,1.328808572601926,2,0,0,0,0,1,0
60,33,48.783878326416016,90455,3,1.1309810898284711,3,0,0,0,0,1,0
65,37,59.1968002319336,91279,1,1.693244096936179,3,0,1,0,1,1,0
29,1,37.14247131347656,96307,1,2.698957638230062,3,100,0,0,0,1,0
46,18,67.78538513183594,92078,2,1.2145727042871095,2,0,0,0,0,0,1
44,17,108.81049346923828,92322,2,3.004260947713879,1,260,1,0,0,0,0
56,31,48.58098220825195,94461,1,1.3495953478462035,2,134,0,0,0,0,0
31,7,67.785888671875,95489,4,0.17337245754875,3,0,0,0,0,1,0
30,18,18.64129638671875,92442,1,1.582383611054671,1,204,0,0,0,0,0
56,28,27.716739654541016,92725,2,0.8184496957183471,3,172,0,0,0,0,0
28,5,50.6819953918457,92292,4,2.20562095662016,1,0,0,0,0,1,0
47,24,42.51144790649414,94312,2,1.2000602806492342,3,0,1,0,0,1,0
55,28,101.21975708007812,90148,2,0.856088016411434,1,158,0,0,0,1,0
41,26,104.63624572753906,96477,2,0.584929289994546,1,0,0,0,0,0,0
63,37,47.10367202758789,94583,4,0.6103685018353481,3,0,0,0,0,1,0
58,36,58.9748420715332,91756,3,5.463588429204676,1,0,1,0,0,1,0
55,30,78.78289031982422,91969,1,2.0621403455167315,1,197,0,0,0,0,0
49,30,120.98942565917967,94851,1,4.410863940151048,2,0,0,0,0,1,1
30,9,31.796316146850582,92656,1,0.7886166809125836,2,0,1,0,0,1,0
53,23,35.99801254272461,90049,3,0.7890528609532725,2,0,0,0,0,1,0
43,25,40.70220565795898,95423,4,1.8826396240606225,2,0,1,0,0,1,0
61,40,89.57241821289062,90106,2,0.4394176238168993,1,0,0,0,0,0,0
29,3,63.40397644042969,91307,3,1.5340876384891875,2,150,1,0,0,1,0
65,37,65.48838806152344,91723,4,1.4968231036757973,2,0,0,0,0,1,0
61,35,40.988067626953125,96051,2,1.1192195402448617,2,222,1,0,0,1,0
35,9,139.68080139160156,94363,1,2.5248437708720117,1,0,0,0,0,1,0
33,5,52.20207977294922,91269,3,2.012009233111256,1,0,0,0,0,1,0
44,20,58.64348220825195,94615,3,1.661517968179299,3,0,1,0,0,1,0
37,6,39.65610122680664,91570,2,0.3715374248808533,3,360,1,0,0,1,0
29,3,134.48779296875,95573,4,2.9005044046713757,2,0,0,0,0,1,1
32,8,104.6176986694336,94111,4,0.3290603169747857,3,0,1,0,1,1,0
32,6,32.52785110473633,90544,1,1.0580013907495665,2,0,0,0,0,0,0
29,2,84.95550537109375,95369,1,3.8736144881577617,2,0,0,0,0,1,0
37,17,156.09616088867188,92171,2,1.6956319479682551,1,325,0,0,0,1,0
43,25,47.14076232910156,90316,4,0.6752700006730897,3,0,0,0,0,1,0
34,5,41.88413238525391,91108,3,1.2299278011333366,2,272,0,0,0,1,0
63,37,43.28606414794922,92230,3,2.313361835976512,3,0,0,0,0,1,0
33,11,192.9757080078125,93004,2,4.0142162644267225,2,369,1,0,1,1,1
42,18,83.73782348632812,91858,2,0.8192889813097146,3,0,0,0,0,1,0
28,5,87.62031555175781,91950,2,2.050763160351025,1,212,1,0,0,1,0
62,36,60.39605712890625,94202,2,1.5843707532373243,1,0,0,0,0,1,0
55,23,30.329132080078125,93094,4,1.5131818958386525,3,0,1,0,1,1,0
32,5,39.07597732543945,94892,2,1.1974170916267242,1,0,0,0,0,0,0
47,25,85.60689544677734,92255,2,2.905596054887309,1,191,0,0,0,1,0
40,15,117.77008056640624,92132,2,2.762287095752836,3,0,0,0,0,1,1
37,13,19.92776679992676,91287,4,1.1428492628747833,1,0,0,0,0,1,0
65,41,21.00528717041016,95871,1,0.2093059594323038,3,199,0,1,0,1,0
39,4,28.55944061279297,94014,4,0.5198550930374046,2,0,0,0,0,0,0
33,8,47.23898315429688,91191,1,0.1977678065114582,2,0,0,0,0,1,0
57,33,76.74712371826172,95744,3,0.4848920346095686,1,0,1,0,0,0,0
63,37,53.978702545166016,90997,3,2.092297544895602,2,0,1,0,0,1,0
40,18,26.67685890197754,91763,4,0.3229802225435126,2,106,0,1,0,0,0
40,11,31.652158737182617,94787,3,0.7100310312360867,2,0,0,0,0,0,0
24,0,49.36640167236328,96645,4,1.493759992147739,3,249,0,0,0,0,0
51,31,49.90021133422852,93070,1,2.3869784605589084,3,0,0,0,0,1,0
27,1,41.00288772583008,92861,4,1.9603767791560545,1,0,0,0,0,1,0
44,16,81.94811248779297,94973,2,0.9997122753010446,1,188,0,0,0,1,0
58,37,43.98126602172852,92765,4,1.0793895511267648,1,0,0,0,0,0,0
61,20,29.688697814941406,93440,2,2.049238610994704,1,0,0,0,0,1,0
44,26,130.18499755859375,94377,1,2.740290094965783,1,0,1,0,0,1,0
43,19,82.70712280273438,94815,2,3.845630894669773,1,0,1,0,0,1,0
26,1,63.14013671875,94795,1,1.7155884230931733,3,377,0,0,0,1,0
37,14,96.70040893554688,92094,1,1.2841427609318543,1,0,1,0,0,0,0
60,38,28.138866424560547,90299,2,0.2278067078623669,3,79,1,0,0,0,0
38,23,81.84265899658203,94992,2,1.2017301213174592,3,0,1,0,0,0,0
62,37,40.407508850097656,95790,3,1.122942929262233,2,104,0,0,0,1,0
31,7,167.06593322753906,95041,2,6.302541111478634,1,0,0,0,0,0,0
59,36,45.41607666015625,90248,1,0.8632253439254539,3,0,1,0,0,0,0
63,38,30.83708000183105,95904,3,2.4767084005185223,1,0,0,0,0,1,0
39,18,136.57113647460938,92838,2,2.226926153122985,1,150,0,0,0,0,0
33,6,60.39799499511719,91379,3,0.4742800357833663,2,0,0,0,0,1,0
35,11,30.92312812805176,94351,3,0.8250807467787175,2,73,0,0,0,1,0
53,23,39.54290771484375,91308,4,0.0905688616833987,3,0,1,0,1,1,0
53,24,208.2789306640625,93059,1,7.214120838375362,2,0,0,0,0,0,1
30,12,65.21089935302734,90433,2,3.5906363488470388,3,0,0,0,0,1,0
59,27,18.666898727416992,95178,1,0.3120247940195048,3,0,1,0,0,1,0
40,17,163.38726806640625,92764,2,2.954402231753546,1,0,0,0,0,1,0
38,1,77.16634368896484,94396,3,2.174784322410257,1,0,0,0,0,1,0
31,0,108.47972869873048,94657,2,2.5956035640821007,3,0,0,0,0,0,0
39,14,116.60453033447266,94479,2,0.4238599197720101,2,0,0,0,0,1,0
60,35,114.73186492919922,90439,1,0.5970146369962493,1,0,0,0,0,1,0
49,23,36.58390045166016,89953,1,1.252628263779629,1,0,1,0,0,0,0
65,36,166.48072814941406,90943,2,0.1845307722630344,1,0,1,0,0,0,0
41,20,81.8685531616211,91490,3,0.7875310292942069,1,168,0,0,0,1,0
66,37,30.98660659790039,92219,3,0.9870798383357388,2,157,1,1,0,1,0
64,38,40.32365417480469,94479,3,1.2749556792345866,1,0,1,1,0,1,0
49,32,126.84144592285156,91401,3,6.627552037847449,1,0,0,0,0,1,0
61,33,112.6114273071289,91073,3,3.109712853878228,3,300,1,0,0,0,0
45,10,62.02809143066406,94397,3,1.0888889556408907,2,0,0,0,0,0,0
38,4,13.259944915771484,91355,2,1.1545159893512715,3,137,0,0,0,1,0
47,21,15.119796752929688,95579,3,0.572133851274027,1,0,0,0,0,0,0
61,37,84.2708740234375,92454,4,0.8291927816419963,2,0,1,0,0,0,0
31,5,77.99913024902344,92703,4,1.702577903943907,3,0,0,0,0,0,0
56,24,48.6843376159668,94847,4,2.142264596970187,2,0,1,0,0,1,0
40,36,74.41625213623047,95994,2,1.8607955623003605,1,0,0,0,0,0,0
41,18,96.97494506835938,91934,3,0.5891511147696005,1,0,0,0,0,1,0
29,11,60.260536193847656,93130,4,0.5193710485148333,2,0,0,0,0,0,0
52,20,49.67949295043945,89945,3,1.2772584470595774,1,0,0,0,0,1,0
43,20,78.31681823730469,92052,2,2.0081551343714885,3,0,0,0,0,0,0
47,22,76.11921691894531,94542,3,0.5598505301646937,2,0,0,0,0,1,0
57,38,47.68693161010742,90515,3,1.2348370338143917,2,0,0,0,0,0,0
30,18,86.19001770019531,95590,1,0.1806291289097545,1,0,0,0,0,1,0
44,13,65.04829406738281,94851,3,1.6637902954441788,1,0,0,0,0,0,0
51,26,173.16244506835938,92530,1,8.435858564402,1,0,1,1,0,1,0
52,25,42.499603271484375,91875,2,2.071656742723141,1,0,0,0,0,0,0
30,8,40.02360534667969,91661,2,2.740898039875738,1,0,1,0,0,1,0
36,10,114.30870056152344,91970,2,2.5089052747637424,2,0,0,0,0,1,0
46,25,54.347450256347656,91809,4,0.8741935746600393,2,0,0,0,0,1,0
29,2,54.25179290771485,93901,2,1.094480676477654,1,214,1,0,0,0,0
36,11,61.65671920776367,91552,1,0.884424181609045,1,0,0,0,0,0,0
60,31,99.01119232177734,90193,2,1.3655971337893742,1,0,0,0,0,0,0
45,20,97.19085693359376,95358,2,1.4225939732424415,1,278,0,0,0,0,0
32,7,86.78467559814453,94999,2,1.601357445273629,2,0,0,0,0,1,0
51,34,182.59295654296875,93929,4,2.678449164881536,2,0,1,0,0,0,1
57,28,22.13749313354492,94067,4,1.139301654035007,3,0,0,0,0,0,0
41,17,97.80096435546876,94844,1,1.4187127730682256,2,0,0,0,0,1,0
48,29,46.599700927734375,92399,3,0.4726630516663468,2,0,0,0,0,1,0
56,31,38.92969512939453,94772,2,2.382790414065143,2,0,0,1,0,1,0
30,3,124.73428344726562,96044,1,0.6777990633220597,1,192,0,0,0,1,0
45,19,109.6061019897461,90163,1,0.0537195866533652,2,0,1,0,0,0,0
61,26,53.00531768798828,95341,2,1.0772570338842136,1,0,1,0,0,1,0
54,27,68.94718933105469,95483,2,3.0689828056514568,1,0,0,0,0,1,0
34,12,131.91055297851562,91997,2,7.150593805144158,1,200,0,0,0,0,0
46,27,101.7369384765625,95968,2,6.269376529885582,1,0,0,0,0,0,0
49,31,21.813446044921875,94653,1,0.2183625656905601,2,0,1,0,0,1,0
29,3,51.60872650146485,93954,2,0.7325446664526133,3,0,0,0,0,0,0
32,10,155.17156982421875,94266,3,6.228174850145676,1,0,1,0,0,1,1
56,33,27.372234344482425,92151,3,0.8605296597046858,2,0,1,0,0,0,0
58,19,30.387113571166992,92923,4,0.5446645247588352,1,0,0,0,0,0,0
36,7,30.57802391052246,93773,1,0.3973167282108772,1,0,0,0,0,0,0
48,30,23.10738754272461,93427,3,1.578407051363921,2,0,0,0,0,1,0
29,5,12.153494834899902,93878,4,0.2671269826544236,1,95,1,0,0,0,0
62,36,33.054176330566406,95753,1,2.1811380623069105,3,0,0,0,0,1,0
28,5,16.504589080810547,95410,4,0.1958048114085491,2,0,0,0,0,1,0
40,9,149.66342163085938,91837,2,1.544174692478068,2,0,1,0,1,1,1
57,33,114.025390625,95517,2,2.2418221939409952,1,0,1,0,0,0,0
31,5,74.97233581542969,91549,1,5.824226454555037,2,0,0,0,0,1,0
61,32,45.52928924560547,94318,2,1.8656627359994529,3,0,0,0,0,0,0
64,37,55.09899520874024,92169,3,1.1017231805020633,2,0,0,0,0,1,0
46,19,29.28365707397461,94123,4,0.2118465674355755,3,0,0,0,0,1,0
43,21,75.80777740478516,92331,4,0.863264101107802,2,0,1,0,0,1,0
24,1,43.93719482421875,94591,2,1.3746037084149103,1,0,0,0,0,1,0
42,6,65.47422790527344,95942,2,1.8630489734510127,3,0,1,0,0,0,0
28,6,65.86317443847656,95071,2,1.8251528106553376,1,0,0,0,0,0,0
58,35,43.9753303527832,92100,1,1.2892162688392834,1,0,0,0,0,0,0
57,19,54.35911560058594,90404,1,0.5925228165493688,3,171,0,0,0,1,0
59,31,38.218997955322266,93932,3,0.8705899655375888,1,0,0,1,0,1,0
48,26,15.669105529785156,92508,3,0.9916885825252716,3,0,0,0,0,0,0
52,35,79.40487670898438,94760,2,2.2963018567216658,1,92,0,1,0,0,0
59,24,196.59071350097656,91587,1,4.119024471289595,1,0,1,0,0,1,0
43,24,83.74641418457031,96000,2,2.49602114451108,1,0,0,0,0,0,0
58,25,46.66411972045898,94766,3,0.7575564099097172,1,0,0,1,0,0,0
62,36,45.4396858215332,93989,3,1.5173986875576155,3,0,0,0,0,0,0
37,8,41.32892990112305,91999,3,1.3909271010521576,1,0,1,0,0,1,0
45,15,200.31646728515625,91566,2,6.609803204822585,1,386,1,0,0,1,0
34,12,35.776641845703125,95943,1,2.186989497806298,3,0,1,1,1,1,0
33,9,106.74262237548828,95621,4,0.942065287026662,2,145,1,0,0,0,1
24,2,54.78118515014648,91895,4,0.9402451906996984,1,0,0,0,0,1,0
27,1,153.2840118408203,92966,4,1.2288984950246358,3,0,0,0,0,1,1
62,37,42.773704528808594,91413,2,2.137358914854885,1,0,0,0,0,0,0
49,16,44.93305206298828,94132,3,0.9242784512624102,2,96,0,0,0,1,0
37,13,60.2215461730957,90196,4,0.4995837585704071,3,154,0,0,0,0,0
36,9,22.186647415161133,95708,2,1.5711428553111637,2,65,0,0,0,0,0
59,31,89.51918029785156,93918,4,2.6531851006014744,1,0,0,0,0,1,0
61,31,64.35579681396484,92668,2,1.963555652114493,2,0,0,1,0,0,0
40,11,91.70813751220705,91258,2,4.151469687828876,3,0,1,0,0,1,1
53,25,150.27268981933594,94850,4,5.696054397209195,3,0,0,0,0,0,1
38,18,76.4859390258789,94813,3,2.757539731463705,3,109,0,0,0,1,0
45,14,78.06080627441406,90413,4,2.0164491540404423,2,0,1,0,0,0,0
41,16,39.859840393066406,93044,2,0.044188184265018,1,0,0,0,0,0,0
28,7,76.05976104736328,95154,2,0.3789764984626027,1,0,1,0,0,0,0
41,24,73.06027221679688,92895,2,0.2209887927748719,2,0,1,0,0,1,0
42,13,75.19149780273438,94817,4,1.951857362057528,2,0,0,0,0,1,0
57,30,19.11288833618164,91848,3,0.5786425015112757,1,0,1,0,0,1,0
31,7,54.258544921875,91516,1,0.0844122742225753,1,340,0,0,0,0,0
62,38,182.15109252929688,94491,1,6.0569888587372285,1,0,0,0,0,1,0
40,23,160.09986877441406,94325,4,0.5401481893692519,1,0,1,0,0,1,0
57,31,50.53747177124024,91051,4,0.2984037192596092,3,0,0,0,0,1,0
38,21,44.679443359375,95125,2,1.0720710639512523,3,0,0,0,0,1,0
38,10,170.53038024902344,91414,1,4.172145041159489,3,0,0,0,0,1,1
58,38,148.7575225830078,94908,3,2.5371355442456758,1,0,0,0,0,0,1
30,5,68.79998016357422,94936,3,1.955586019872129,1,236,1,0,0,1,0
40,17,95.73853302001952,94794,4,3.05110985710267,1,107,1,1,1,1,1
64,37,73.13185119628906,93037,3,0.8631636734612795,1,149,0,0,0,0,0
30,5,31.77216339111328,91873,1,4.711134320798868,1,0,0,0,0,0,0
62,26,66.50729370117188,94122,2,2.208864193397573,2,0,1,0,0,0,0
32,0,89.47240447998047,96288,3,1.553525411733189,3,0,0,0,0,1,0
41,7,34.63587188720703,92020,1,0.5784944190579923,1,0,0,0,0,1,0
55,33,163.88404846191406,95128,2,3.6929573173756554,1,376,0,0,0,1,0
33,6,46.397499084472656,94672,4,0.8474495493881457,3,189,0,0,0,0,0
55,25,46.1072998046875,94915,2,1.4515165491518165,3,0,0,0,0,0,0
57,32,77.19729614257812,95088,2,1.6595905909694828,1,258,0,0,0,1,0
34,12,27.68754768371582,90055,3,2.735578441931501,2,90,0,0,0,1,0
40,6,35.2298583984375,90307,2,0.1976157084177722,1,0,1,0,0,0,0
57,34,61.80364990234375,90488,4,0.0659647759149177,1,0,0,0,0,0,0
62,37,176.6294403076172,93943,1,2.5115084278304853,2,0,0,0,0,1,0
56,29,46.08012008666992,93954,1,1.381043852381088,2,0,0,0,0,0,0
45,26,65.71480560302734,95533,1,0.8505574893336219,1,0,0,0,0,1,0
25,0,91.5707015991211,93054,1,1.820341306909376,1,0,1,0,0,1,0
34,9,31.560884475708008,91446,2,0.2093490718013982,3,0,0,0,0,1,0
61,36,118.49192810058594,91981,4,4.791170025531981,1,406,0,0,0,0,1
34,7,35.03069305419922,95660,4,1.332425327719447,1,0,1,0,0,1,0
54,34,109.2915496826172,89938,4,0.980288771545042,1,0,0,0,0,1,0
53,23,131.15789794921875,94344,1,0.0553086486637168,1,230,0,0,0,1,0
40,8,53.05221557617188,95249,2,0.4054177702992146,1,232,0,0,0,1,0
61,39,135.61062622070312,91608,1,2.0380222671337846,3,0,1,0,1,1,1
48,25,67.82166290283203,89955,4,2.19178988317411,3,0,1,1,1,1,0
36,11,126.0986328125,93253,1,2.936225562769853,2,0,0,0,0,1,1
52,23,38.14425659179688,95473,4,2.3202452871548425,1,0,0,0,0,1,0
39,13,89.38941955566406,91538,2,2.8321698785958778,3,0,0,0,0,0,0
60,39,92.05001068115234,91024,4,1.1950702351433866,3,0,0,0,0,1,0
32,8,86.1640853881836,91702,2,3.2586805532034706,2,219,0,0,1,1,0
51,28,22.18490219116211,90978,3,0.34876574026758,3,0,0,0,0,0,0
56,39,51.86368179321289,90154,1,3.4917912114942733,3,0,0,0,0,1,0
37,17,155.51223754882812,93064,2,5.588758960729152,1,368,0,0,0,1,0
34,13,82.47274017333984,91943,2,1.0828954018485546,1,0,0,0,0,1,0
64,32,38.46650695800781,91180,2,0.0778333115542726,3,0,1,0,0,1,0
36,4,111.55307006835938,94664,2,8.24664097776768,1,0,0,0,0,1,0
38,23,67.26990509033203,95970,2,3.1194700640517974,1,0,1,0,0,1,0
28,5,28.39286994934082,92172,4,2.074111882901435,2,0,0,1,0,1,0
30,17,37.4314079284668,91879,1,0.4004354421884283,2,0,0,0,0,1,0
28,1,100.5968780517578,96046,4,1.747225202414913,2,0,0,1,0,1,0
59,34,83.87040710449219,95837,1,1.7538528394757615,2,0,0,0,0,1,0
53,35,96.6200942993164,95211,2,0.2995661159043209,1,351,1,0,0,1,0
54,25,52.0431022644043,92967,2,0.4333351850653055,2,0,0,0,0,0,0
61,28,71.90323638916016,92765,3,0.3835428407681479,2,0,0,1,0,1,0
38,13,90.32910919189452,92071,2,2.405446677694592,2,0,0,0,0,1,0
34,5,14.067227363586426,90889,4,0.662503038541507,1,0,0,0,0,1,0
52,34,37.80277633666992,91322,2,1.6911659716011411,2,0,0,0,0,1,0
34,8,27.323022842407227,93249,4,0.2136119863877819,2,0,1,0,0,1,0
64,37,89.81281280517578,91470,2,0.0899635562063814,1,0,0,0,0,0,0
64,39,26.230302810668945,92718,3,0.4323243235874814,2,0,0,0,0,1,0
61,32,54.487674713134766,95947,2,1.2979241026212334,2,0,0,0,0,0,0
29,3,80.5290756225586,91963,1,0.2349222545952329,1,0,0,0,0,1,0
28,12,28.437332153320312,91946,2,3.219083923669002,3,0,0,0,0,1,0
53,24,206.41136169433597,94202,2,2.7230218703131834,1,233,0,0,0,1,0
43,21,40.32023620605469,94541,4,2.0273193296986576,3,0,0,0,0,0,0
61,34,19.3139762878418,93115,2,1.5390751017328248,3,0,0,0,0,1,0
43,18,36.99015808105469,90120,4,2.5826683304432017,2,0,0,0,0,0,0
53,29,114.9190444946289,90885,1,1.8450874768352823,3,227,0,0,0,1,0
32,7,78.96640014648438,92761,1,1.218973977241664,3,0,0,0,0,1,0
63,38,132.87896728515625,90168,1,1.626627184939158,1,0,1,1,1,1,0
59,31,51.760719299316406,95019,1,1.1278778272045442,2,100,0,0,0,1,0
60,36,14.122356414794922,95584,2,0.1370263077735144,1,0,1,0,1,1,0
49,26,59.9887809753418,93308,1,0.296333433082842,3,0,0,0,0,1,0
49,24,74.27971649169922,91512,4,1.4163357649516433,2,0,0,0,0,0,0
51,31,38.36895751953125,91073,3,1.316089787164768,3,0,1,0,0,1,0
39,16,111.68428802490234,95292,1,0.5237141971165266,1,0,0,0,0,1,0
40,19,64.1258544921875,94090,3,4.6207732824066525,3,0,0,0,0,0,0
45,19,114.85609436035156,92184,1,3.901039024845537,1,0,0,0,0,1,0
32,9,132.57986450195312,91381,3,0.4680574311040555,3,0,0,0,0,1,1
27,5,22.83280563354492,89863,1,0.6365705677576892,2,0,0,0,0,1,0
65,39,45.72006988525391,94276,2,0.2248361804541595,1,85,1,0,0,1,0
40,5,22.34540557861328,89968,2,0.6415738981475586,3,0,0,0,0,1,0
46,21,84.72480010986328,92362,4,2.1538634589764603,2,98,0,0,0,1,0
44,24,72.12812805175781,93321,3,1.284829014213014,3,253,0,1,0,0,0
28,5,144.2825469970703,94462,1,3.9238799118479,3,0,1,0,0,0,1
29,4,51.48311614990234,94779,3,4.351065157288419,1,0,0,1,0,1,0
31,20,74.53590393066406,95719,1,0.4558094370964712,2,0,0,0,0,1,0
24,3,55.15272521972656,91143,3,0.5366747775857674,3,158,0,0,0,0,0
47,23,109.1241683959961,90625,3,3.71052128297151,2,0,0,0,0,1,0
30,3,134.77197265625,93025,4,2.7737457253095608,3,0,0,1,0,1,1
56,38,102.98789978027344,90142,1,1.5554539348216276,1,0,0,0,0,0,0
57,36,14.861706733703612,95747,2,0.8374216483785659,3,69,0,0,0,1,0
65,42,124.10572052001952,91235,2,2.680087191962219,2,223,0,0,0,0,0
55,39,33.91350555419922,89806,3,1.5965366745855651,3,0,0,0,0,0,0
41,21,57.06806945800781,91168,1,0.612405405630279,1,0,0,0,0,1,0
26,4,142.62728881835938,94717,2,2.5188960511123657,1,0,1,0,0,0,0
43,13,17.413311004638672,91089,4,0.3087344646854682,3,113,0,0,0,1,0
39,23,83.00196838378906,95901,2,2.4822692741141066,1,0,0,1,0,1,0
38,24,76.91092681884766,94755,3,1.9233470776477095,3,160,0,0,0,1,0
40,13,70.98849487304688,90431,1,1.203993653105283,3,0,1,0,0,1,0
60,36,101.23542022705078,94215,1,0.3789438190263314,2,0,1,0,0,0,0
35,10,58.44031524658203,95503,1,1.5770033843965554,3,163,1,0,0,1,0
31,3,74.12670135498047,94247,3,1.8516344715172188,3,0,0,0,0,1,0
27,-1,76.42703247070312,95289,2,0.790626897072795,2,0,0,0,0,1,0
42,24,38.07937240600586,92013,3,1.5343635610658173,3,157,1,0,0,0,0
33,9,58.2825813293457,92854,2,1.6513923008908986,1,0,0,0,0,1,0
60,34,36.904075622558594,95954,3,0.351491750228427,1,0,0,0,0,1,0
31,11,15.387157440185549,95918,4,0.1911305726276122,1,0,0,1,0,0,0
39,15,38.02192687988281,93281,4,0.8358752002642051,1,0,0,0,0,1,0
36,14,40.32160949707031,96487,4,0.3084922384583929,1,0,0,0,0,1,0
35,11,54.42413330078125,92833,1,0.7168816310354029,3,103,0,0,0,0,0
28,4,15.94984245300293,92861,4,0.9984982694916976,1,0,1,0,0,0,0
28,28,55.88323211669922,93470,4,1.2626031902669037,3,0,0,0,0,1,0
59,35,96.15095520019533,94130,3,0.7127115918526864,2,0,1,1,1,0,0
64,40,22.294422149658203,91650,3,0.9346413732379498,3,131,0,0,0,1,0
29,7,185.37054443359372,91832,1,3.357340210517659,1,0,0,0,0,1,0
49,32,43.84843826293945,93572,1,1.7971112572431278,2,0,0,0,0,0,0
54,21,30.85026359558105,92811,1,0.9086465693173124,1,0,1,0,0,1,0
63,36,152.61065673828125,94495,2,1.6928008011458298,1,0,0,0,0,1,1
42,10,48.58003616333008,91555,4,1.4778381866590442,1,0,0,0,0,0,0
61,35,14.55451202392578,89903,3,0.0415646598443277,3,0,0,0,0,1,0
37,4,31.56665802001953,95436,3,1.1356936421158426,1,0,0,0,0,1,0
47,24,54.06188583374024,94064,4,5.055027501642409,1,0,1,0,0,0,0
31,5,48.56866836547852,94929,4,0.8999421152902465,1,74,0,1,0,1,0
37,23,159.52072143554688,92916,1,4.405680414623772,3,0,0,0,0,0,1
39,13,16.41071319580078,94769,1,0.5803982618526289,3,0,0,0,0,1,0
47,22,124.05227661132812,95239,1,3.57908211612817,3,0,0,0,0,0,1
62,34,106.8119659423828,94230,3,1.1278833800346164,2,0,0,0,0,1,1
43,17,110.49755096435548,92312,2,1.1159024681464218,1,0,0,0,0,1,0
51,26,158.06724548339844,94447,4,0.3096892072820094,2,116,0,1,0,1,1
46,18,19.68951416015625,94552,1,0.733881609824351,1,0,0,0,0,1,0
63,38,14.013340950012209,94631,2,0.2555274825255915,3,0,0,0,0,0,0
36,14,57.54004287719727,94172,2,1.8166484929274325,3,149,0,1,0,0,0
50,24,16.059385299682617,90066,3,0.7438373260074369,1,61,0,0,0,1,0
54,35,59.16007995605469,93769,1,2.21966832823085,3,0,0,0,0,1,0
45,19,28.09385681152344,94409,3,1.592074129908703,3,0,0,0,0,1,0
41,16,42.13918685913086,94545,4,0.6877574040031327,2,0,1,0,0,0,0
38,19,122.14392852783205,95363,1,0.233215486699834,1,0,0,0,0,0,0
30,7,101.9357681274414,92371,1,2.486635075154992,3,0,0,0,0,0,0
34,8,66.22234344482422,91750,4,1.757369500378355,3,0,0,0,0,1,0
63,38,21.51634979248047,90186,3,0.6648769781677437,2,0,0,0,0,1,0
48,28,44.236419677734375,92037,1,1.524097625120432,2,0,1,0,0,1,0
37,5,161.32655334472656,90416,3,2.4467611705571204,2,0,0,0,0,1,1
56,21,81.23281860351562,90170,3,1.97307330012295,1,0,0,0,0,1,0
40,28,92.03556823730467,91487,2,0.8611090320412313,2,0,1,0,0,1,0
31,5,25.9000301361084,94193,1,1.415236870474999,3,78,0,0,0,1,0
29,18,154.63909912109375,91725,2,1.6099502922725448,1,0,1,0,0,0,0
56,39,86.74026489257812,92180,1,1.3314365125253995,3,149,1,0,0,0,0
55,33,16.99668312072754,90218,2,1.2093918849248015,3,132,0,0,0,1,0
27,3,21.09605407714844,90615,2,0.6890097767251673,3,0,0,0,0,1,0
50,27,51.31944274902344,90368,4,1.1735570686739996,2,86,1,0,1,1,0
42,16,74.92623138427734,95496,2,2.4436674676818817,3,0,0,1,0,1,0
35,21,52.112770080566406,92054,3,0.2689012748094835,3,0,0,0,0,1,0
30,9,102.26962280273438,91664,2,2.304845678958829,1,0,0,1,0,1,0
31,9,122.77174377441406,92661,1,3.676356556719588,3,0,0,1,0,0,0
32,8,118.6880874633789,95438,4,0.4683633205264674,2,103,0,1,0,1,0
42,19,58.214115142822266,95160,3,1.6265326608808035,3,0,0,0,0,1,0
55,34,46.73843383789063,94953,2,0.4864766632918292,1,0,1,0,0,1,0
38,15,107.61605834960938,93024,1,2.450249212210009,3,0,0,0,0,0,1
57,30,25.2836971282959,94348,1,1.2818791791874693,3,0,1,0,0,1,0
45,22,126.90086364746094,94920,1,1.6625585147481994,1,0,0,1,0,1,0
50,18,48.23099136352539,90171,3,0.4694693677043419,2,0,0,1,0,1,0
30,6,82.1152572631836,92266,3,0.0954619450765515,3,381,1,0,0,0,0
56,33,37.65584945678711,92020,1,0.3413619235253814,1,0,0,0,0,1,0
44,22,62.99159622192383,94545,4,1.0907109559781,2,0,0,0,0,0,0
32,4,52.739200592041016,92135,4,1.2073670698132148,2,0,0,0,0,0,0
24,2,69.36454772949219,94953,2,1.548729606836583,3,0,1,0,0,0,0
49,23,108.51105499267578,91818,3,1.6535909016383072,2,0,0,1,0,0,1
53,33,89.27592468261719,96224,2,1.9954675773151305,1,0,0,0,0,1,0
62,32,120.05421447753906,94078,2,2.176867858344645,1,0,1,0,0,0,0
49,23,169.74822998046875,93973,2,5.78864295554952,1,0,0,0,0,1,0
28,6,143.7380828857422,92114,2,3.159259234925029,1,105,1,0,0,1,0
34,14,53.8195915222168,92497,1,1.5034715351552437,2,318,0,0,0,0,0
50,36,53.95055389404297,94397,4,2.3626354157319227,3,0,1,0,0,0,0
37,16,47.709468841552734,92112,2,1.0706179274991618,1,74,1,0,0,1,0
47,19,140.04849243164062,94700,1,3.191789708838707,1,143,0,0,0,1,0
53,27,40.861289978027344,89869,1,1.191357759635656,2,0,0,0,0,1,0
38,20,50.42618942260742,92709,1,1.8006308832435027,1,0,1,1,0,0,0
41,19,145.97825622558594,94348,1,0.7196378149113631,1,0,0,1,0,0,0
44,26,65.71407318115234,93331,4,0.2567806229851204,2,0,1,0,0,0,0
64,38,24.718122482299805,92580,4,1.6729044016917616,3,0,0,0,0,0,0
29,1,16.662811279296875,93652,4,0.6083871472952147,3,0,1,0,0,1,0
28,18,54.643798828125,94889,3,0.1864633135136852,2,150,1,0,1,1,0
28,5,30.94444274902344,94303,2,0.5627662406847043,2,0,0,1,0,0,0
55,28,25.95794105529785,91893,4,2.311218798723439,1,82,1,0,0,0,0
36,22,111.775146484375,93065,2,3.3825561472078403,1,0,0,0,0,1,0
33,8,55.88618469238281,95445,2,1.22830985939811,2,0,0,0,0,0,0
42,10,83.606689453125,94890,1,2.7409432037457435,3,298,0,1,0,1,0
57,35,86.34071350097656,92018,2,0.8952184222797008,1,0,1,0,0,0,0
51,25,164.2708740234375,90273,1,8.272684958817743,1,0,0,0,0,0,0
40,24,60.561031341552734,95714,4,1.74943186802467,1,0,0,0,0,1,0
41,8,24.479156494140625,95090,2,1.571740235869954,2,0,0,0,0,0,0
32,6,48.76750183105469,94334,1,0.1594799459665862,2,154,0,0,0,0,0
38,23,51.20204544067383,93933,4,0.4114147073479045,1,0,0,0,0,0,0
33,7,85.8316879272461,90981,2,1.7374690419536896,2,0,0,0,0,1,0
46,19,141.54750061035156,93953,3,3.2004967116718563,1,0,1,0,1,1,1
46,12,78.15775299072266,94054,2,1.3289701820773976,1,0,1,0,0,1,0
59,29,37.997337341308594,93679,3,1.6299591689241475,3,0,0,0,0,1,0
34,7,34.75208282470703,92834,4,1.966915843233901,3,0,0,0,0,1,0
58,34,77.351318359375,92114,1,1.754299398054014,1,505,0,0,0,1,0
32,7,20.58768081665039,93374,3,1.380165416209005,1,106,0,0,0,1,0
56,20,34.58456802368164,94745,3,0.22557993446131,1,0,1,0,0,0,0
40,13,21.06952476501465,90037,4,0.1413710967865228,1,94,0,0,0,1,0
61,37,32.78554153442383,94995,3,0.1539246371737376,3,0,1,0,1,1,0
38,14,55.73767852783203,92241,2,2.50367547873809,2,0,1,0,0,1,0
34,7,85.66191101074219,90395,3,2.4683613637801955,1,156,1,0,0,0,0
43,15,111.12853240966795,90295,2,0.4177446321016755,1,0,0,0,0,1,0
43,17,56.56272506713867,94618,4,2.055498532762118,2,0,0,0,0,1,0
29,0,33.25331497192383,92360,4,1.000939366930694,2,101,0,0,0,0,0
28,-1,58.95648193359375,94200,1,1.751692277527419,2,0,0,0,0,1,0
34,15,57.89711380004883,92196,3,2.2492647581321954,2,102,1,0,0,1,0
62,34,64.27873229980469,93224,2,0.3781758327366282,3,0,1,0,0,1,0
38,12,11.040698051452637,90576,4,1.029877815127417,3,0,0,1,0,0,0
64,41,110.51764678955078,90394,1,1.899437730078409,3,0,1,0,1,1,0
30,0,95.32550048828124,94072,1,1.8075168456822992,1,0,0,0,0,0,0
63,37,30.96607208251953,92593,4,0.2809168725207474,2,0,0,0,0,1,0
52,22,75.44640350341797,90241,1,1.793524100196617,3,254,0,0,0,0,0
33,10,14.95132064819336,96301,4,0.5951034157476315,2,0,0,0,0,1,0
42,13,57.318016052246094,89806,1,1.0269367096937163,1,154,1,0,0,1,0
29,8,53.46210479736328,91923,1,1.2366176831716955,3,0,1,0,0,0,0
46,17,65.95825958251953,90183,4,3.036306435000464,1,103,0,0,0,1,0
40,19,39.30562210083008,95024,3,0.4393165678946058,3,0,0,0,0,0,0
58,28,21.39858055114746,92143,2,0.3070528498779935,3,157,0,0,0,0,0
54,26,22.36319732666016,95208,3,0.1877242526230615,2,0,1,0,0,0,0
31,2,52.41044998168945,92105,4,1.3546054414120627,2,0,0,0,0,1,0
35,8,27.298282623291016,92348,4,0.845509106371273,1,0,0,0,0,0,0
61,33,55.52006912231445,91284,2,0.1996126902865785,3,0,1,0,0,1,0
37,7,55.649993896484375,93170,3,0.2479385937679813,1,0,1,0,0,0,0
26,3,96.08488464355467,92004,4,4.769792430517924,1,527,1,0,0,1,0
53,28,55.74055480957031,90176,2,1.899370251253373,2,205,1,0,0,1,0
40,19,64.90265655517578,92098,1,1.3152494626750308,2,0,1,0,0,1,0
44,22,50.58134841918945,94075,3,2.4209544506716023,2,0,0,0,0,0,0
42,27,110.49212646484376,92214,1,7.49485249114475,1,0,1,0,0,1,0
43,21,72.22817993164062,91952,1,0.5557361111471619,3,104,0,0,0,0,0
55,34,20.852684020996094,90261,4,0.5787364386328364,3,0,0,0,0,1,0
31,3,95.73976135253906,93007,4,3.846890651773761,2,0,0,0,0,0,0
60,32,178.02130126953125,94449,2,2.0348829436995266,1,0,1,0,0,1,0
56,26,46.75143051147461,91600,3,1.0788041152045509,2,0,1,0,0,0,0
45,17,74.40373229980469,91363,2,1.683281222135875,2,0,0,0,0,0,0
53,37,180.5148162841797,92147,2,7.537307866415849,1,0,0,0,0,1,0
46,23,115.38491821289062,91543,2,1.538404945434079,3,247,0,0,0,1,0
58,33,27.964357376098636,93952,3,0.4765159606964266,2,0,0,0,0,1,0
26,3,41.381980895996094,91027,2,0.0803994483319931,1,0,1,0,0,0,0
35,10,77.51748657226562,95896,2,0.3428307182848218,2,0,0,0,0,1,0
26,3,106.6343002319336,95154,3,2.368753405840412,2,0,0,0,0,0,1
64,35,50.23378372192383,94480,2,0.2223446507331232,3,0,0,0,0,0,0
56,23,90.25003051757812,93106,2,1.4267240320262593,2,376,0,0,0,1,0
51,24,44.45655059814453,93257,3,0.1862355879140439,1,0,0,0,0,0,0
38,12,73.23577117919922,92215,4,2.5778678303421843,2,0,0,0,0,1,0
59,36,51.07209396362305,92541,2,0.1166785720494159,3,0,0,0,0,0,0
56,33,73.50206756591797,95179,2,0.0938749291486986,1,0,0,0,0,0,0
63,32,164.6931915283203,94459,2,2.6757582586340942,1,0,0,0,0,1,0
41,14,34.500823974609375,94325,4,2.15304626167583,3,0,0,0,0,0,0
41,9,37.01834487915039,94172,3,2.036949271962026,1,0,1,0,0,1,0
41,13,43.74645233154297,90972,3,0.3875266125333085,3,0,1,0,0,0,0
40,12,15.6928071975708,92649,2,0.1364995423525816,3,98,0,0,0,0,0
30,7,123.98429107666016,95629,1,0.781581154076423,2,0,0,0,0,1,0
26,1,37.951541900634766,92923,2,1.9261890065010692,2,112,0,0,0,1,0
52,30,30.213054656982425,92363,2,0.4601430752255597,2,154,0,0,0,1,0
27,7,58.40245056152344,96294,3,3.719031773599793,2,154,0,0,0,1,0
47,31,69.7496566772461,94633,2,3.232042446932699,1,0,1,0,0,1,0
61,30,13.652582168579102,94613,3,0.794106085616748,2,119,0,0,0,0,0
27,10,55.23896789550781,94134,3,0.9361447561566704,2,269,0,0,0,0,0
35,10,32.34245681762695,90218,2,2.0950798155091195,1,0,1,0,0,1,0
65,36,21.56743049621582,90435,2,0.6781647224208319,3,0,1,0,0,1,0
59,39,74.75654602050781,92294,1,1.1828343959696892,2,0,0,0,0,0,0
56,32,54.7943115234375,93684,4,0.9105402201071412,3,0,0,1,0,1,0
39,28,116.87498474121094,96345,2,2.722898436253791,1,0,0,0,0,0,0
62,36,22.00941467285156,90609,4,0.0323219410054095,2,171,0,0,0,1,0
29,11,141.11172485351562,95441,1,2.286348019652213,1,0,0,0,0,0,0
29,4,124.78862762451172,95057,3,2.9428834353353635,1,0,0,1,0,1,0
63,40,99.1829071044922,91209,2,1.4302855102088163,2,0,0,0,0,1,0
63,39,22.66775131225586,94537,1,0.6903919285153227,2,0,1,1,0,0,0
67,41,57.720481872558594,93040,4,0.1867430537204141,3,0,1,0,0,0,0
29,6,147.37937927246094,94507,1,0.4058448172011786,1,141,0,0,0,1,0
46,11,151.92518615722656,91712,2,0.3984672677619381,3,148,0,0,0,1,0
50,27,15.249650955200195,95205,3,0.1931677102166356,1,0,1,1,1,1,0
42,15,61.63924026489258,94165,4,0.4144339801218696,3,188,1,0,0,1,0
42,16,81.98766326904297,90204,1,1.3119950674741503,1,0,1,0,0,0,0
31,7,31.30579948425293,94069,2,1.5745337568155142,1,117,1,0,0,1,0
40,12,28.273393630981445,95814,4,0.1562258217423585,1,0,0,0,0,1,0
44,12,28.30948638916016,95164,2,0.4024325252868908,3,96,1,0,0,1,0
33,11,24.621543884277344,93408,3,0.8744532999136392,1,0,1,0,0,1,0
66,31,74.16847229003906,93448,3,0.6990722486856503,2,0,0,0,0,0,0
52,32,28.811017990112305,91463,4,0.2016957796696095,2,0,1,0,0,1,0
48,21,75.52007293701172,94419,2,1.0920439469005123,2,0,0,0,0,0,0
60,34,18.880739212036133,92124,3,0.274890186905744,2,102,0,0,0,1,0
29,3,68.12500762939453,95738,3,1.5212639266105292,3,146,1,0,0,0,0
50,27,151.11927795410156,90089,1,0.5069631010154707,1,100,0,0,0,0,0
26,2,130.9821014404297,93727,1,0.6548253918496096,1,0,0,0,0,0,0
24,1,70.8011703491211,93932,3,3.514617274133642,3,238,1,0,0,0,0
36,12,36.838035583496094,95104,3,0.4099169628105403,2,105,0,0,0,0,0
33,13,191.8905792236328,92035,2,6.519336028361573,1,0,0,0,0,1,0
48,28,31.77810478210449,94391,4,0.6441825300071581,2,101,0,1,0,1,0
58,34,146.28350830078125,90283,2,1.89082845361543,1,0,1,0,0,1,0
46,28,90.38166046142578,92001,4,1.9380302601580923,2,0,0,0,0,0,0
50,19,34.943336486816406,95510,4,1.7809253490760568,1,209,0,0,0,0,0
56,38,38.59213638305664,93142,4,0.4656597804711591,3,0,0,0,0,1,0
61,37,51.06993865966797,92297,2,0.8950250528302155,1,129,0,0,0,1,0
40,18,130.23236083984375,92313,2,6.214908335502411,1,0,0,0,0,0,0
36,9,12.90570068359375,94451,4,0.287259796972936,1,0,0,0,0,1,0
52,24,19.033187866210938,92407,3,0.7457830481417674,2,0,1,0,0,1,0
62,36,104.10855102539062,91464,3,1.9779652659678424,2,0,0,0,0,0,0
64,29,16.136432647705078,94308,3,0.5698664962026709,3,0,0,0,0,1,0
51,27,50.991397857666016,91268,4,0.9697440904773192,3,247,0,0,0,1,0
39,17,93.90062713623048,95469,4,1.1507330648641194,1,0,0,0,0,0,0
56,33,54.75081253051758,94048,4,2.6490010051253443,3,500,1,0,0,1,0
35,15,73.642578125,94332,1,1.082717079309001,2,0,1,0,0,1,0
63,39,15.134480476379396,92130,4,0.2443035256475174,2,0,0,0,0,1,0
36,17,49.8026123046875,92849,4,0.6154199631796045,1,0,0,0,0,1,0
39,24,162.24801635742188,95238,3,3.1682904003717165,3,0,1,0,0,1,1
60,32,88.14752197265625,93775,1,2.4250409140568734,3,227,0,0,0,1,0
46,19,37.98534393310547,95114,1,1.941329225130749,2,0,1,0,0,0,0
43,20,76.97491455078125,94186,1,2.952567731245602,1,0,1,0,0,0,0
33,4,17.104578018188477,94107,2,0.6643198092937085,3,80,0,0,0,0,0
25,19,40.71365737915039,90223,4,2.426391089147516,1,143,0,0,0,0,0
43,19,48.0999870300293,92115,3,0.5268139990813591,3,0,0,0,0,1,0
66,40,53.52075958251953,90046,4,1.0410181961752896,3,243,0,0,0,0,0
60,36,100.86224365234376,94188,4,0.1722746290732618,3,0,1,0,0,1,0
65,36,32.73926544189453,89816,3,0.9874476452272748,2,175,0,1,0,0,0
31,1,65.79676055908203,94399,3,2.1124459530431787,2,0,0,0,0,0,0
61,36,72.54417419433594,91226,4,3.339135925434636,2,0,0,0,0,1,0
54,23,58.77192687988281,95865,2,0.932452500008685,3,0,1,0,0,1,0
44,21,28.55355834960937,90973,4,0.3371085073363277,1,0,0,0,0,0,0
57,30,40.233680725097656,89944,4,0.0927616010601523,1,0,0,1,0,1,0
27,3,85.22186279296875,95429,2,0.2776906413632256,2,103,0,0,0,1,0
62,33,44.20506286621094,94486,3,2.117567396963393,2,0,0,0,0,0,0
57,30,21.231782913208008,92864,1,0.1842829738273781,3,0,0,0,0,1,0
44,19,78.41249084472656,93016,1,0.1491654223722556,1,0,1,0,0,0,0
29,7,72.03488159179688,92460,2,1.6477004423281885,3,220,0,0,0,0,0
49,15,38.076290130615234,90257,4,1.0299664089596632,1,0,1,0,0,0,0
40,10,25.37839698791504,94492,3,0.1664428670979268,3,0,0,0,0,1,0
56,38,84.79151153564453,89958,3,0.3543763657466957,2,0,0,0,0,0,0
49,26,87.2650146484375,91860,3,6.354968808235887,2,0,0,0,0,1,0
32,5,58.855751037597656,92704,4,1.960721919071264,2,0,0,0,0,1,0
56,32,31.93547821044922,94282,1,0.1820350610380915,3,0,0,0,0,0,0
57,33,37.34627532958984,94721,4,0.763896536992794,1,0,0,0,0,0,0
58,33,46.481422424316406,95563,1,0.620410847406079,1,0,1,0,0,0,0
64,39,54.61617660522461,92923,1,1.5126908811435578,3,0,1,0,0,1,0
26,2,43.67151641845703,95003,4,1.0626335701493326,3,105,0,0,0,1,0
58,35,55.695892333984375,94556,2,1.890125464886269,3,0,0,0,0,0,0
43,16,93.7642593383789,95890,1,1.0291606828391515,1,0,1,0,0,0,0
29,16,82.84538269042969,92956,2,0.9122800846291206,1,0,0,0,0,0,0
39,16,138.85751342773438,95273,2,0.5616510760873838,2,0,0,0,0,1,0
48,17,62.10548782348633,94963,1,1.3210204196461972,1,126,0,0,0,1,0
38,1,47.77896499633789,89683,1,1.7767063738578792,1,211,0,1,1,1,0
37,8,25.684471130371094,92457,4,2.64318477989308,2,0,0,1,0,1,0
60,33,48.13284683227539,92894,3,1.4305382904084718,1,0,1,0,0,1,0
61,37,66.667724609375,95601,2,1.622548164699683,3,313,0,0,0,0,0
35,5,45.89862823486328,94870,2,2.626776890610964,1,186,0,0,0,0,0
60,33,92.4603042602539,94489,3,1.2647766004183287,1,0,0,0,0,1,0
29,33,51.67103576660156,92401,4,2.171643831536775,2,0,0,0,0,1,0
45,26,66.36979675292969,94832,4,3.1666200216845404,2,0,1,0,0,0,0
53,23,17.24358558654785,94967,4,0.3300440702518988,1,59,1,0,0,1,0
56,35,104.58397674560548,96139,2,1.4887418305972464,3,0,0,1,0,1,0
48,25,59.836273193359375,95504,3,3.280264030648906,2,155,0,0,0,1,0
43,19,46.4730339050293,95182,2,0.6145412005766584,3,126,0,0,0,0,0
40,14,74.48551177978516,92193,3,0.8430551732512536,2,0,0,0,0,1,0
41,18,56.03731918334961,94933,4,1.906330736831688,3,0,0,0,0,0,0
54,38,20.83882522583008,93338,2,0.0468121254820259,3,280,1,0,0,0,0
63,38,31.927824020385746,94550,3,0.435752531059446,2,0,0,0,0,1,0
46,27,131.55331420898438,94642,2,2.9114292147452834,1,0,1,0,0,0,0
38,11,81.19734191894531,90942,3,1.6788978370859324,3,282,0,0,0,0,0
37,4,55.913330078125,92928,2,1.3183446552555889,2,0,0,0,0,1,0
41,13,95.72962188720705,96086,2,1.0427991168311483,3,0,0,0,0,1,0
46,20,115.41226959228516,92135,2,1.0686966481120963,1,71,0,0,0,1,0
45,14,78.32772827148438,95269,2,2.140443170653353,1,0,0,0,0,0,0
23,21,19.94443130493164,95560,2,1.3508315190240046,3,0,1,0,0,0,0
44,20,33.29016876220703,92919,3,0.7546496789600468,2,94,1,0,0,0,0
55,30,40.051300048828125,93956,1,1.6037587073006725,1,151,0,0,0,1,0
39,26,34.27276611328125,94746,1,1.403891635514098,3,0,0,0,0,0,0
32,10,131.34640502929688,93120,1,2.5618193694079507,3,0,0,0,0,1,0
40,22,28.93633270263672,94895,4,0.4058643498566601,2,147,0,0,0,1,0
50,25,115.43417358398438,95201,2,7.151275395330867,1,0,0,1,0,0,0
65,41,13.924248695373535,91799,3,0.0841884264306907,3,0,1,0,0,1,0
25,6,77.47920227050781,95073,4,2.0485689817289385,3,377,0,0,0,0,0
57,2,159.72390747070312,90618,3,1.9396267969190983,2,158,0,0,0,1,0
31,0,23.68281936645508,94152,3,0.7825084028198367,2,99,0,0,0,0,0
41,18,75.78949737548828,90643,3,2.8570420544433737,1,0,0,0,0,0,1
33,18,61.39126968383789,94639,2,3.3132839671451944,3,0,0,0,0,0,0
25,5,26.40087127685547,96210,4,1.7529063343667626,2,202,0,1,0,1,0
26,4,76.48324584960938,92352,3,1.0540504997680196,2,0,0,1,0,0,0
29,6,97.73035430908205,94879,4,1.6303832626612869,1,0,0,0,0,0,0
59,24,25.185169219970703,93263,1,2.811168278580697,1,0,0,0,0,0,0
35,22,104.13011169433594,91015,1,1.6919406287802914,2,0,1,0,0,1,0
55,32,108.24317169189452,92219,2,3.568337651109421,1,230,0,1,0,0,0
28,4,60.46090698242188,94194,4,1.6250442238736575,2,0,0,0,0,1,0
36,5,25.823400497436523,93236,3,1.479734537722072,2,0,0,0,0,0,0
48,33,137.989501953125,94900,2,0.1356055957544616,1,0,1,0,0,1,0
46,22,81.20158386230469,94864,4,3.7053418672952216,1,153,0,0,0,0,0
38,11,31.370540618896484,95716,3,0.2805939842710443,3,0,1,0,0,0,0
25,6,152.93214416503906,94985,2,1.464500159493725,3,0,0,0,0,0,1
53,23,80.16736602783203,94399,2,0.587393328399959,2,124,0,0,0,0,0
59,39,126.48030090332033,92008,2,3.2648334011037736,1,253,0,0,0,0,1
27,6,39.76654052734375,93679,4,2.1973594402688112,3,148,0,0,0,1,0
36,20,53.11017608642578,93198,4,1.7324962552601773,2,0,1,0,0,1,0
47,23,157.66969299316406,91022,2,3.5526889461151017,3,0,0,0,0,1,1
56,35,34.366539001464844,92570,4,0.9192438573915308,1,0,0,0,0,1,0
29,19,15.534957885742188,94076,1,0.2296172515283883,3,0,0,0,0,0,0
47,21,150.673583984375,93316,1,0.95918037595978,1,0,0,0,0,0,0
28,2,98.38693237304688,95708,4,2.176692917693079,1,0,1,0,1,1,1
59,35,104.04039764404295,91198,2,0.4361627701991158,1,0,0,0,0,0,0
51,31,107.39117431640624,90442,3,0.0974814416345127,2,0,0,0,0,0,0
24,0,34.228065490722656,94086,4,0.1762109904454681,3,0,0,0,0,0,0
64,36,40.38248062133789,92030,4,1.5582316070481483,2,182,0,0,0,1,0
53,36,141.27346801757812,90837,4,1.8090102408781443,2,183,1,0,0,1,0
58,28,27.267024993896484,94263,3,1.0038936963195495,2,139,1,0,0,1,0
29,4,43.01667404174805,91117,3,0.4446049796106787,2,0,1,0,0,0,0
33,9,21.5467529296875,92069,1,2.185625693131484,1,0,0,0,0,1,0
55,20,52.15485382080078,96019,2,0.285683834148181,3,0,0,0,0,0,0
33,8,180.48684692382807,94609,4,7.221944362586805,2,0,1,0,1,1,1
36,10,122.4335708618164,94090,2,1.1798780224056613,3,0,0,0,0,0,0
37,12,77.07735443115234,93914,1,3.3130823708584347,1,306,1,0,0,1,0
54,34,29.49519920349121,95451,3,0.7549089934024256,1,95,0,0,0,1,0
64,36,68.87275695800781,92568,3,2.091294512933382,3,0,0,0,0,0,0
31,8,109.7512664794922,94681,1,2.641576173642009,3,0,1,0,0,1,0
44,13,190.3722381591797,91810,2,7.849049751808035,1,0,0,1,0,0,0
58,37,117.61223602294922,93373,1,1.7878515452803272,3,0,0,0,0,0,0
31,5,55.63451385498047,95382,3,2.318815539672936,1,0,1,0,0,1,0
30,4,27.777006149291992,93291,4,0.9328637132681248,3,0,1,0,0,0,0
34,5,94.1893539428711,92680,1,4.469277963289057,3,114,0,0,0,1,0
27,-1,82.23209381103516,90329,3,1.4618162682217113,3,0,0,0,0,1,0
63,38,24.603893280029297,95538,1,0.3831052062116779,2,0,0,0,0,0,0
61,32,23.666505813598636,94540,3,1.3676999553198284,2,0,1,0,0,1,0
37,9,158.54090881347656,96016,3,0.8539566830741623,1,0,1,0,0,0,0
47,25,75.37078094482422,92118,4,0.3352171386795119,3,74,0,0,0,0,0
61,35,73.6870346069336,94028,1,1.632675344623835,2,0,0,0,0,0,0
42,15,68.202880859375,94087,1,2.98197831685458,3,154,0,0,0,0,0
47,19,51.45808029174805,91320,4,0.3038512760552532,1,150,1,0,0,1,0
42,19,186.12559509277344,95087,2,8.328743693180694,1,0,0,1,0,0,0
55,30,64.8255386352539,92039,2,3.8036509232914018,1,281,0,0,0,1,0
54,31,101.72917175292967,92132,2,2.612624183499177,3,139,0,0,0,0,0
45,19,113.04331970214844,94868,2,1.9599269453007584,1,0,1,0,0,0,0
41,16,40.36612319946289,91715,2,2.196048876091995,2,0,1,0,0,0,0
32,6,135.30807495117188,90048,4,2.4947530056675644,1,0,1,0,0,0,1
62,36,73.76213073730469,91904,4,0.5016730179543052,3,0,0,0,0,1,0
40,14,72.2483139038086,91519,2,0.7017038815353877,1,0,0,0,0,1,0
60,33,44.226783752441406,94337,3,3.196916031361199,2,0,0,0,0,0,0
59,36,24.69242477416992,90707,3,0.4127381667719009,3,123,0,0,0,0,0
56,33,95.4483871459961,95304,1,1.9445838366169668,3,0,0,0,0,1,0
54,28,30.483943939208984,94614,4,2.5466126036440637,2,99,0,0,0,0,0
26,17,89.89558410644531,93723,1,3.743276298727618,3,0,0,0,0,0,0
32,7,103.0233154296875,92544,1,0.2972150171274823,1,0,0,0,0,1,0
52,27,61.46312713623047,94453,1,2.103463435801806,1,165,0,0,0,0,0
40,14,164.2621612548828,90187,2,2.350675241001557,1,375,0,0,0,0,0
42,17,37.48582458496094,95137,2,2.329511232177346,2,0,0,0,0,1,0
28,8,31.058048248291016,91719,4,0.1767967258447242,2,0,1,0,0,1,0
52,26,121.64192199707033,91238,1,1.3952078363509532,1,0,0,0,0,0,0
32,2,147.1167449951172,95612,2,2.47759964284936,1,0,0,0,0,0,1
35,8,31.8713493347168,91641,1,0.2464660863659049,2,0,0,0,0,1,0
34,14,55.192161560058594,90361,3,1.2626562441348943,3,0,0,0,0,1,0
45,20,123.06990814208984,90154,4,3.95564903130188,1,226,1,0,0,1,0
42,23,44.94977569580078,91649,4,1.8795131551238264,2,0,0,0,0,0,0
61,36,25.09715843200684,93112,1,0.4728852870490807,2,0,1,0,0,1,0
47,17,118.55709838867188,94075,3,2.0158415008337798,3,0,0,0,0,1,0
33,10,81.47647094726562,93921,2,1.9913263080013917,1,0,0,0,0,1,0
38,-1,52.89434814453125,89992,4,1.1350114117967844,1,0,0,1,0,1,0
48,19,108.97987365722656,93123,3,1.5198568750861423,3,0,0,0,0,1,0
31,5,38.81062316894531,92991,4,1.759297789295413,1,115,0,0,0,0,0
62,36,143.5540771484375,89911,2,2.666039280590472,1,0,1,0,0,0,0
38,17,103.82461547851562,94932,1,2.1717732880252534,1,0,0,0,0,1,0
66,41,48.106178283691406,92704,3,0.9282474989505894,3,0,0,0,0,0,0
31,7,26.400634765625,92854,4,0.7103449547218467,1,0,0,0,0,0,0
54,29,104.93698120117188,92718,2,1.2067529038498623,3,0,1,0,0,0,0
59,35,33.03376007080078,94372,2,0.635242822091084,1,0,0,0,0,1,0
53,29,61.0532341003418,94679,2,2.1857698178105363,2,0,0,0,0,1,0
48,19,62.543216705322266,95418,1,0.5908971364909155,1,204,0,0,0,1,0
29,1,25.977394104003903,90722,4,0.0630934139839163,3,0,0,0,0,0,0
34,10,185.94451904296875,94821,3,6.417044439557266,1,0,0,0,0,0,0
51,26,100.07545471191406,95007,2,1.2519981117166936,1,0,1,0,0,0,0
29,13,145.00352478027344,91386,1,3.403565271621429,3,0,0,0,0,0,0
61,34,21.16483497619629,95557,1,0.3846085954645136,3,0,0,0,0,0,0
31,4,24.238601684570312,91171,2,0.2237430219157625,1,0,0,0,0,1,0
63,37,83.5066146850586,94133,4,1.6959252796258908,1,110,0,0,0,0,0
43,19,117.5069351196289,91865,1,3.2572335053953787,1,224,0,0,0,1,0
44,28,57.08824920654297,91492,2,1.0388942701037935,2,0,0,0,0,1,0
41,6,48.42763137817383,94894,1,1.8172044484675849,1,0,0,0,0,0,0
61,35,61.42719650268555,92254,3,1.8334532709848808,3,0,0,0,0,1,0
40,11,15.600019454956056,93597,4,0.369105550349203,3,118,0,1,0,1,0
50,32,36.45499801635742,92219,1,2.190383905715789,3,0,0,0,0,1,0
46,23,41.28565216064453,93587,1,1.032708438357458,3,0,0,0,0,0,0
62,35,124.96395874023438,91489,1,1.0768288163923077,1,0,0,0,0,0,0
29,3,25.213165283203125,94509,3,0.3356871439755784,2,0,1,0,0,0,0
63,39,68.218994140625,92847,1,0.5045127438995365,3,0,0,0,0,1,0
31,11,29.215240478515625,90306,4,0.8483160960231341,3,0,1,0,0,1,0
66,39,49.11677551269531,91285,2,0.1485398631991833,1,0,0,0,0,0,0
54,33,10.973962783813477,91842,3,2.871931293741062,2,124,0,0,0,0,0
29,17,54.44050979614258,94573,4,0.4127323828607983,2,0,0,0,0,1,0
46,19,164.55482482910156,92220,2,0.6054564211592885,1,0,0,0,0,1,0
37,13,107.67081451416016,90298,4,3.085696539104713,1,0,0,0,0,0,0
47,22,39.4200439453125,93153,1,1.536044845974871,3,0,1,0,0,1,0
60,34,64.13752746582031,94287,3,1.7233237418962863,2,0,0,0,0,0,0
62,38,45.138126373291016,94428,2,1.6366856075739027,3,140,1,0,0,1,0
64,40,63.87617111206055,92801,3,0.3751666284484889,2,0,1,0,0,1,0
28,33,21.7706241607666,92990,4,0.4675005960252769,1,81,0,0,0,1,0
55,28,41.33584213256836,91373,4,0.3538842334947726,2,0,0,0,0,0,0
59,27,22.13812255859375,90123,1,0.0239389427207058,2,0,0,0,0,0,0
27,14,69.20452880859375,91787,4,2.8939003944152653,1,0,0,0,0,0,0
47,31,10.889016151428224,92214,2,0.1625839193174239,1,0,0,0,0,0,0
29,2,58.66347503662109,92180,1,0.5788087930563808,1,0,0,0,0,1,0
40,16,56.305152893066406,90328,1,0.3419721328715721,3,0,0,0,0,1,0
37,3,19.58044815063477,96385,3,0.8999786537217336,2,0,0,0,0,1,0
66,40,17.225940704345703,95746,2,0.0322852889792368,1,0,0,0,0,1,0
58,39,44.57151412963867,94276,1,1.8812280140000264,1,0,1,0,0,1,0
28,6,30.138614654541016,94057,2,1.923823213632476,3,146,0,0,0,0,0
44,11,59.07682800292969,93622,2,0.264400701660356,1,114,1,0,0,0,0
39,13,56.57074737548828,92738,4,1.8424186349773288,2,0,0,0,0,1,0
63,32,61.73846054077149,94273,4,0.6632876115225549,1,0,0,0,0,1,0
44,25,131.98626708984375,92723,2,1.5746769822764652,1,0,0,0,0,0,0
43,31,73.61796569824219,93920,3,0.9364505402677556,2,0,1,0,0,1,0
28,0,122.2892837524414,90233,2,3.83510807249162,1,0,0,0,0,1,0
48,21,61.02799987792969,95041,3,1.0342614287271552,1,0,0,0,0,0,0
30,8,69.85275268554688,95039,1,2.095821605613822,3,0,1,0,0,0,0
40,15,24.664024353027344,92607,3,0.9408017567479912,3,0,1,0,0,1,0
61,33,36.65748977661133,94616,1,1.2987215824027691,1,0,0,0,0,0,0
25,2,75.0554428100586,95094,4,1.527888953441055,1,0,0,0,0,0,0
45,19,33.54180908203125,95053,2,0.2005755028049569,2,0,0,1,0,0,0
33,9,174.9537353515625,94655,1,4.499765369735766,1,0,1,0,0,0,1
59,27,37.67390441894531,92637,4,2.817607670802133,2,0,1,0,0,1,0
28,10,128.79591369628906,90461,3,3.849362096144157,2,258,1,0,0,0,1
41,11,52.3072395324707,94240,1,4.642086765521894,2,143,1,0,0,1,0
31,1,122.11917114257812,95593,3,2.0172725106247373,3,381,0,0,0,0,1
60,30,42.92920303344727,94168,4,1.7573378809974023,2,0,0,0,0,1,0
66,37,27.84197235107422,95127,2,0.3684405778743543,1,0,0,1,0,1,0
41,20,41.37516403198242,94369,3,0.3129243070361385,2,0,0,0,0,1,0
46,24,29.47257232666016,92143,3,2.5261383265076067,2,0,0,0,0,1,0
45,20,41.33224487304688,96009,4,0.8277410334266645,1,0,0,0,0,1,0
27,3,94.18538665771484,95182,1,1.1365948085232704,1,0,0,0,0,0,0
27,16,24.004619598388672,90866,3,1.6694169726942278,2,0,0,0,0,1,0
36,10,53.197242736816406,94187,2,0.9925614245503912,3,161,1,0,0,0,0
51,27,59.19469451904297,91554,1,0.8080803076549179,3,0,1,0,0,1,0
42,13,64.06007385253906,94539,1,2.283730476371056,1,0,1,1,0,1,0
63,41,121.4388656616211,94462,1,4.364848864019109,1,0,0,0,0,0,0
59,36,40.45236206054688,92274,3,0.2634413409827874,1,0,0,0,0,0,0
48,34,79.12100982666016,91280,1,0.4614407611363908,1,0,1,0,0,0,0
33,9,137.3045654296875,94840,4,0.3264327401867739,1,0,0,0,0,1,0
37,11,67.41822814941406,90831,1,2.2488941471115016,2,0,1,0,0,1,0
38,16,72.01844787597656,95074,2,0.4165372382942168,1,0,0,0,0,0,0
44,22,16.208215713500977,92478,4,0.9361754944624392,2,0,1,1,0,1,0
29,-1,34.77687072753906,93036,4,0.3575036841001621,1,117,1,1,0,0,0
63,36,70.76838684082031,94181,3,1.636412451341849,1,0,1,0,0,1,0
45,27,195.9957275390625,94768,1,1.865171250861259,1,0,1,0,0,0,0
66,40,74.17342376708984,94454,1,2.013290294188304,2,0,0,0,0,1,0
32,8,48.230430603027344,91628,2,0.6028132793309854,1,0,0,0,0,1,0
51,38,64.71668243408203,95706,4,1.9307325057853515,3,0,0,0,0,1,0
58,34,133.58126831054688,96033,2,1.3215492598030256,3,369,1,1,1,1,1
42,21,116.33118438720705,92170,3,1.9973662896374,2,0,0,0,0,1,0
43,11,42.83491134643555,91719,2,1.851847336424478,3,0,1,0,0,0,0
59,33,50.002967834472656,92860,1,1.1413556688053192,3,0,0,0,0,1,0
27,5,62.12910461425781,90332,4,2.941370453182687,1,0,0,0,0,0,0
54,22,37.131256103515625,94494,3,2.1373589126172288,3,0,0,0,0,1,0
50,28,89.06140899658203,94021,1,0.6088136633974501,3,0,0,0,0,1,0
54,16,48.77670669555664,95879,4,1.1011935410402556,1,109,1,0,0,1,0
27,2,46.67447280883789,91785,1,3.55223573569364,3,0,0,0,0,0,0
58,28,33.036712646484375,95333,4,1.12655076367952,1,0,1,0,0,0,0
27,2,23.614356994628903,94641,3,0.5539237505096939,2,0,0,0,0,1,0
43,19,154.0901641845703,92376,1,1.7989567971786784,3,0,0,0,0,0,1
29,3,41.60954284667969,92432,4,1.7494844878950355,1,0,0,1,0,1,0
38,7,53.90399932861328,94402,2,2.319790276339087,1,0,0,0,0,0,0
38,9,165.98590087890625,91797,2,3.551347174214067,2,0,1,0,1,0,1
54,28,152.9443359375,91806,2,4.047072688890743,1,0,0,0,0,0,0
59,20,18.86632537841797,92238,1,1.192548663576495,1,0,0,0,0,1,0
34,10,182.80235290527344,94407,2,5.542361673694897,3,0,0,0,0,1,1
58,26,65.34584045410156,94340,2,1.8078609776986727,2,0,0,0,0,0,0
60,36,57.17283630371094,91300,2,0.7210464421762213,3,0,0,0,0,1,0
33,9,90.7209243774414,92739,1,0.06223569926198,1,0,1,1,0,0,0
30,11,131.60333251953125,94212,2,1.235620730155944,3,0,0,0,0,1,0
43,18,68.74298858642578,95223,1,2.457006840613608,3,0,0,0,0,0,0
31,4,74.47538757324219,91109,4,1.5262080650264684,3,102,0,0,0,1,0
32,7,132.67779541015625,94172,1,7.22702381052856,3,0,0,0,0,0,1
30,4,48.88271713256836,94579,3,0.8868023487200629,2,238,0,0,0,1,0
33,10,116.53955841064452,94655,2,2.004308928768391,1,0,0,0,0,0,0
57,32,92.53036499023438,93768,2,0.4969560168048579,1,0,0,0,0,0,0
34,10,161.54281616210938,93237,2,1.79741773342846,3,0,0,0,0,1,0
40,17,54.49135208129883,95484,1,2.1690580218242643,2,108,1,0,0,1,0
31,6,194.8513641357422,93086,2,2.057872203813845,1,0,0,0,0,0,0
31,9,74.15098571777344,94213,1,3.640214341314488,1,169,0,0,0,1,0
61,32,12.165043830871582,93698,4,0.8402624507057146,3,156,0,1,0,1,0
30,31,28.09583282470703,90711,1,2.159678526049285,2,137,0,0,0,0,0
58,32,87.05618286132812,94683,1,3.66276062206875,1,0,1,0,0,0,0
48,30,122.86522674560548,93191,1,2.5941741490414407,1,0,0,0,0,1,0
30,6,27.55597496032715,92928,1,0.1779004806428523,1,0,0,0,0,0,0
28,5,102.80697631835938,91053,2,1.7116025602366678,1,175,0,0,0,0,0
34,16,27.621532440185547,93015,2,0.3610899322556106,3,102,0,0,0,0,0
65,39,60.74204254150391,94212,2,3.12989487486964,1,106,0,0,0,0,0
60,36,66.68433380126953,89947,4,1.3229907313980769,2,0,0,0,0,1,0
27,2,48.2427864074707,95796,2,0.3990533230927494,1,0,1,0,0,0,0
30,9,107.9427261352539,94371,2,1.7818467478907694,3,0,1,0,0,0,0
37,9,51.39466094970703,95003,1,2.9810334131730687,2,203,1,1,0,0,0
59,33,69.01216125488281,94459,2,0.6738661299834254,2,0,0,0,0,1,0
49,21,161.00363159179688,93807,1,1.1841613978757914,1,0,0,1,0,0,0
31,7,155.53961181640625,90026,2,1.299706727572697,1,0,0,0,0,1,0
56,30,91.29217529296876,92715,1,0.2647656980105477,1,122,1,0,0,0,0
64,37,131.33900451660156,94826,2,1.1529654737143178,2,466,1,0,0,1,1
57,20,124.20293426513672,94624,2,3.528570334668049,1,318,0,0,0,0,0
50,18,67.63023376464844,92151,2,2.8046836409304854,1,0,1,0,0,0,0
58,36,93.90077209472656,94503,1,1.9659698740717972,1,181,1,0,0,1,0
54,31,21.88547134399414,96359,4,0.4951547273195742,1,0,0,0,0,1,0
25,-1,38.98858642578125,95162,4,1.7319336535857042,3,0,0,0,0,1,0
47,8,93.91778564453124,94082,2,2.2096548989802347,1,0,1,1,1,1,0
44,17,123.3536376953125,94426,3,2.608634074022298,3,0,1,1,1,1,0
32,5,60.17805099487305,90423,4,1.3838363741954245,1,206,1,0,0,1,0
33,6,34.69627380371094,94139,2,2.31995162974106,2,0,0,0,0,0,0
39,18,142.2950897216797,91580,1,0.9164264771373598,1,0,1,0,0,1,0
60,34,56.747657775878906,95693,1,1.9628685624719864,1,0,0,0,0,1,0
45,21,126.22364807128906,94347,2,0.8871817327384475,1,0,0,0,0,1,1
40,24,17.853939056396484,96284,3,0.5189056570758419,2,147,1,0,0,1,0
36,15,16.41317367553711,94904,3,0.3546825612539034,2,0,0,1,0,0,0
61,39,134.98455810546875,91939,1,1.901988149908046,3,0,1,0,0,0,0
33,11,176.83651733398438,91252,3,4.588930580308006,1,0,1,0,0,0,1
64,39,56.67278671264648,94777,3,2.4673831001711006,3,0,0,0,0,0,0
49,31,22.24647521972656,92068,1,0.4724634891757406,3,0,1,0,0,0,0
60,33,119.5564422607422,93834,2,0.8778441984594445,1,0,0,0,0,1,0
46,21,26.06593894958496,93956,4,0.4892698481780329,2,147,1,0,0,1,0
35,14,71.73943328857422,92343,2,2.402317173065315,3,139,1,0,0,1,0
52,24,88.95745086669922,96054,2,0.4151268894985749,2,0,0,0,0,0,0
39,5,80.34156036376953,92928,2,1.386554235929052,1,0,0,1,0,0,0
54,36,98.4932632446289,90928,4,2.1617206442470622,1,221,0,0,0,1,0
58,9,37.14877700805664,95156,3,2.03447941957646,1,0,1,0,0,1,0
57,18,124.70793151855467,94284,1,1.9935362821072915,3,239,0,0,0,0,0
44,26,97.09171295166016,90088,1,2.8170293785213243,1,0,1,1,1,1,0
35,14,62.47185516357422,95443,2,1.1746799922565798,3,0,0,0,0,1,0
45,24,93.06835174560548,94897,2,2.712405434519761,1,361,0,0,0,1,0
62,38,140.28025817871094,94104,2,2.1633960891662403,1,0,0,0,0,0,0
53,17,68.2428970336914,90859,4,1.2959542155001238,3,151,0,0,0,1,0
60,37,82.42857360839844,92155,2,3.292225346920548,1,371,0,0,0,1,0
29,9,42.53569030761719,93878,3,0.2664944323743689,1,0,0,0,0,1,0
41,17,45.605865478515625,93532,4,1.4300773661965902,2,0,0,0,0,1,0
42,24,134.3861083984375,91926,2,3.470416848884999,1,380,0,0,0,1,0
37,7,111.02130889892578,90307,1,1.9356481814505488,2,0,0,0,1,1,1
56,30,114.74463653564452,94627,1,2.1099980415146184,1,0,0,0,0,1,0
45,13,126.447265625,94852,2,0.2573571155497351,2,0,0,0,0,1,0
45,20,59.59667205810547,92711,1,1.3236773593534454,3,0,1,0,0,1,0
52,22,39.09424591064453,95880,3,1.800698861634151,2,0,0,0,0,0,0
31,9,92.15917205810548,91237,2,2.721429007710284,1,0,0,0,0,1,1
29,0,89.21461486816406,93388,4,4.444890291874794,1,0,0,0,0,1,0
41,17,61.7778434753418,91706,4,2.1533919336632565,3,0,0,0,0,1,0
43,16,64.00068664550781,92111,2,3.4630967972528723,1,0,0,0,0,1,0
48,21,47.351470947265625,94414,4,0.253405302206686,2,96,0,0,0,1,0
49,30,94.61368560791016,94015,1,0.5130574388146105,2,0,0,0,0,1,0
62,29,12.595680236816406,91359,3,1.0011899252914038,2,0,1,0,0,1,0
62,35,59.45698928833008,94057,2,0.5149323885581154,1,0,0,0,0,1,0
48,19,75.82136535644531,90190,2,1.6646932196981037,1,0,0,0,0,0,0
42,21,136.0579376220703,94269,2,3.296524233999728,3,0,0,0,0,1,0
62,34,16.161300659179688,91985,4,0.6970843564738849,3,107,1,0,0,1,0
34,9,38.301048278808594,91351,2,0.310082799144566,1,0,0,0,0,1,0
56,23,74.43158721923828,95332,1,2.8830790158747748,1,0,0,0,0,0,0
24,1,20.73992156982422,94414,1,2.5749175800251054,3,0,0,0,0,0,0
44,23,154.6333770751953,90270,3,4.116076099750053,2,302,1,0,0,1,1
58,35,56.29415130615234,94912,3,1.7753162513631682,2,0,0,0,0,1,0
37,9,43.24941635131836,96073,4,1.7881036135989856,3,0,0,0,0,1,0
43,14,157.2431182861328,94728,2,6.058760785294,3,0,1,1,1,1,1
62,38,68.10153198242188,91192,4,1.2868257021539438,1,282,0,0,0,1,0
60,34,109.32917785644533,90979,3,0.3030328862314227,1,0,0,0,0,1,0
49,20,29.429950714111328,94152,3,0.5866291474811333,3,0,0,1,0,1,0
29,6,89.78597259521484,94712,3,1.88019498724932,1,0,0,0,0,1,0
43,24,46.89518737792969,94531,2,2.0624207487108084,2,0,1,0,0,1,0
45,20,34.16192626953125,93703,1,0.9082079271727236,3,0,0,0,0,1,0
59,29,26.253143310546875,90334,4,0.782073034749583,3,149,0,0,0,1,0
64,37,52.53937530517578,92354,2,0.2568743858754584,2,77,0,0,0,0,0
26,3,46.1628532409668,94655,3,0.5831408337215136,2,0,0,0,0,1,0
46,25,70.54043579101562,94892,2,0.4810792771430339,3,0,1,0,0,0,0
30,5,126.29198455810548,89986,3,3.122356466028707,2,0,0,0,0,1,1
47,20,70.13587188720703,94666,1,0.4421955191736946,1,0,1,1,0,0,0
38,11,46.28806686401367,92659,2,1.8389750685651165,1,0,1,0,0,0,0
47,25,60.63783645629883,91948,2,1.1441182166829376,3,0,0,0,0,1,0
25,3,56.44343185424805,94721,2,2.043452336271987,2,0,0,0,0,1,0
63,37,33.544700622558594,91176,1,1.236468665059638,3,0,0,0,0,0,0
29,2,147.50706481933594,90968,2,3.417791572661429,1,137,1,0,0,1,0
62,35,75.52067565917969,95835,3,2.376162512092244,1,0,0,0,0,0,0
32,4,149.70883178710938,92330,1,2.0416611526194712,1,0,1,1,1,1,1
53,30,34.83992385864258,92189,3,2.0647386332372144,2,0,0,0,0,1,0
39,8,31.190141677856445,91527,1,0.8318227910419747,2,0,1,0,0,0,0
57,28,68.88207244873047,92368,2,1.3472069746119488,3,0,0,0,0,0,0
43,14,35.77643585205078,94653,3,0.5778255859143169,3,0,0,0,0,1,0
58,29,60.13143157958984,90956,3,1.700054201878689,3,0,0,0,0,1,0
51,26,137.1539306640625,95556,3,2.16108917840378,3,0,1,0,0,0,0
42,16,60.735984802246094,92827,4,1.592181598960977,1,177,1,0,0,1,0
32,9,133.62921142578125,92234,1,1.7623660931835508,2,191,1,0,0,1,1
63,32,72.84315490722656,93947,4,1.700731054369026,3,0,0,0,0,0,0
61,35,53.57635498046875,92726,2,1.322359780030162,1,0,0,1,1,1,0
64,36,114.81597137451172,94425,1,2.8100129759343133,2,0,0,0,0,1,0
52,23,21.351795196533203,95083,4,2.0325537440120094,3,157,1,0,0,1,0
55,22,187.83448791503903,91436,2,6.230055211504878,1,186,1,0,0,0,0
45,20,19.37478256225586,94605,1,0.6981079630739834,2,0,1,0,0,0,0
34,6,83.58499908447266,93056,4,0.7685503272066574,1,0,0,0,0,0,0
61,35,54.67580032348633,93328,2,0.2893145955485524,1,114,1,0,0,1,0
33,6,80.9878158569336,92806,4,0.6233989405153368,1,0,0,0,0,1,0
64,39,122.97200775146484,95125,4,0.5466549943219172,2,240,1,0,0,1,0
39,17,22.19632911682129,92312,2,0.0379657278415387,2,0,1,0,0,0,0
30,12,63.56906509399414,93668,2,2.323668549436104,1,0,0,0,0,0,0
55,24,48.0217399597168,93286,4,1.4623233023395774,2,92,0,0,0,0,0
44,12,52.937496185302734,95367,4,1.6116455844051614,1,110,0,0,0,0,0
33,7,45.305458068847656,90188,2,2.103704301361616,1,0,0,0,0,0,0
34,13,103.07107543945312,92289,4,2.975300266577944,1,0,1,0,0,0,0
60,34,37.4092025756836,95285,3,2.0320796812245328,1,0,0,0,0,1,0
59,33,40.00201416015625,90244,4,2.542541843298386,1,256,0,0,0,0,0
51,30,70.63783264160156,90599,1,0.6326720745041008,1,151,0,0,0,0,0
57,34,77.79512786865234,94262,3,2.336001261703172,2,0,0,0,0,0,0
42,3,109.48078918457033,92061,4,2.611174365159152,2,141,0,0,0,0,0
54,19,37.31669616699219,92381,4,2.3166169927401743,1,0,0,0,0,1,0
56,7,99.33563232421876,94258,3,4.4178457364751,2,190,0,1,0,0,0
46,25,73.91279602050781,94257,2,0.860482560180932,1,113,0,0,0,0,0
32,5,27.92062187194824,95748,2,0.4603328353354981,3,139,0,0,0,0,0
26,0,144.5491485595703,94482,4,0.1319049490716388,3,0,1,0,0,1,0
37,3,137.22938537597656,94467,2,2.1444210365385925,2,0,1,0,0,0,1
62,38,167.73204040527344,92227,4,6.210672267047023,3,0,0,1,0,0,1
48,19,36.70989990234375,94627,4,1.2142928975878466,2,0,0,0,0,1,0
47,18,81.65864562988281,90109,4,1.1402475838763222,3,0,0,0,0,1,0
35,9,130.16574096679688,91332,2,1.7132337250905811,1,0,1,0,0,1,0
45,17,31.48474502563477,91180,3,0.4223371869621142,1,145,1,0,0,1,0
27,0,73.458984375,95420,3,1.4477897647082594,1,0,0,0,0,1,0
58,33,146.9170684814453,91617,2,1.9526034787679492,1,379,0,0,0,1,0
31,6,50.86577987670898,92344,2,2.473104739165349,2,0,0,0,0,1,0
28,4,97.21314239501952,91158,1,0.2233087787648788,1,0,0,0,0,0,0
42,8,96.8734130859375,92053,2,0.0760318397206,1,111,1,0,0,0,0
55,31,57.96406936645508,92481,4,3.662569922965888,1,105,0,1,0,0,0
58,33,25.30920791625977,90364,2,0.1317284749058198,3,0,0,0,0,0,0
64,36,42.98198318481445,92359,4,0.6715241557997365,2,0,0,0,0,1,0
60,33,65.17550659179688,94020,1,1.8738762815629124,2,0,0,0,0,1,0
51,30,108.44853973388672,95526,2,4.3270852789783225,1,151,1,0,0,0,0
52,28,36.24934387207031,92896,3,0.1137293734061159,1,0,0,0,0,0,0
34,15,184.64797973632807,94715,2,6.079862301811399,1,0,1,0,0,0,0
48,36,54.139869689941406,96350,3,1.779903962204109,1,0,1,0,0,0,0
43,18,27.118167877197266,91495,1,2.4537323509879374,3,0,1,0,0,0,0
30,14,73.2116470336914,90386,4,1.8827280346848003,3,149,0,0,0,0,0
39,12,51.20589447021485,94152,4,1.860952956301228,3,152,0,0,0,1,0
61,36,51.012451171875,91443,2,1.2691932100371708,2,0,1,0,0,0,0
43,25,98.02422332763672,90258,1,3.397186403268855,1,0,1,0,0,1,0
45,17,90.82701873779295,93019,3,2.3762612516186947,3,0,1,0,1,1,0
43,12,79.6418685913086,93085,4,2.214761026526838,2,0,0,0,0,0,0
58,29,87.20124816894531,92678,1,1.1080173237194684,3,0,0,0,0,0,0
47,36,66.53959655761719,95013,3,0.1507562557669567,3,0,1,0,0,1,0
42,17,13.573139190673828,93524,3,0.9885404212314044,2,0,0,0,0,0,0
46,17,122.6069107055664,90077,2,1.6888680052107528,1,0,0,0,0,0,0
49,15,142.98785400390625,95563,2,2.2318661855670374,1,0,0,0,0,1,0
59,29,24.1461181640625,92747,4,0.7714077559380941,3,0,0,0,0,1,0
53,34,107.14013671875,92419,2,4.507389140373928,3,0,1,0,0,0,0
37,10,30.33631706237793,95432,4,0.3016865523982833,3,0,0,0,0,1,0
47,27,99.28116607666016,92269,2,5.571211943273299,1,0,1,0,0,0,0
63,41,61.090911865234375,90277,4,1.2577399689909623,3,0,1,1,0,1,0
58,31,211.04830932617188,91747,1,6.732139328132321,3,0,1,0,1,1,1
59,36,19.168737411499023,91288,1,2.73789886584263,3,88,0,0,0,1,0
54,35,140.89315795898438,92681,1,1.5991273594035262,1,0,0,0,0,0,0
62,38,32.47189712524414,94241,4,2.2220892417760285,2,0,0,0,0,0,0
37,8,194.28372192382807,95108,2,7.7021657774145105,1,0,1,0,0,1,0
45,20,65.50233459472656,90116,3,1.0656123510954083,1,0,1,0,0,0,0
57,26,56.75201416015625,94286,1,0.5827347905959438,1,0,1,0,0,0,0
38,3,50.668251037597656,95290,3,2.3847103802557514,2,0,0,0,0,1,0
39,17,130.57302856445312,93035,3,3.3718156420955765,1,0,0,0,0,1,0
62,35,56.20064163208008,95245,1,0.3076072545117601,3,0,0,0,0,0,0
29,-2,55.300437927246094,89906,3,1.987968886949357,3,0,0,0,0,0,0
60,32,26.306867599487305,90283,2,0.3789406409544102,3,0,1,0,0,0,0
27,13,12.34552001953125,94908,2,1.7199097587409458,1,0,1,0,0,1,0
47,17,122.5499267578125,92076,4,3.103985099798983,1,0,0,0,0,0,1
41,14,122.01007080078124,93246,4,0.2601320218923727,3,0,0,0,0,1,0
48,24,70.84954833984375,92663,2,1.5638853909050274,2,0,1,0,0,1,0
43,20,41.03821563720703,96057,2,1.988747215613631,2,136,0,0,0,0,0
38,13,133.41258239746094,94440,1,2.6830274866071493,1,0,1,1,0,1,0
36,10,42.64638900756836,91004,2,0.5031455323653866,2,0,1,0,0,0,0
52,25,48.5333137512207,90167,2,0.1571988457705163,2,0,0,0,0,1,0
41,32,85.79397583007812,95834,3,1.868030939272124,3,0,1,0,0,1,0
36,7,147.6387939453125,91827,2,5.407871079865311,1,0,0,0,0,1,0
40,19,34.766807556152344,91944,2,0.1534931263297018,3,92,0,0,0,1,0
28,5,104.8348388671875,92052,4,1.5861518976224012,3,0,0,0,0,1,1
44,30,22.21383285522461,94473,2,0.2234686462024212,3,102,1,0,0,0,0
39,23,122.64029693603516,90515,2,3.763425675048878,1,0,0,0,0,0,1
31,1,199.77078247070312,90455,2,5.97574607393287,2,407,0,0,0,1,1
42,17,109.94454193115234,92648,1,0.3784607781440844,1,0,0,0,0,1,0
49,18,59.43596649169922,94930,4,0.6954115821301967,3,102,1,0,0,1,0
54,27,42.100364685058594,92665,1,0.5245857217126575,3,0,0,0,0,0,0
44,24,79.55191040039062,92999,4,2.142002924502638,1,0,0,0,0,1,0
44,20,100.15998840332033,90559,1,1.7770040088049193,1,161,1,0,0,1,0
32,11,48.43998336791992,93776,4,0.8635057670826181,1,0,1,0,0,1,0
58,21,44.58544921875,96076,3,1.6912790602849332,2,0,0,0,0,1,0
61,39,83.25572967529297,91922,1,1.76290539299538,3,0,1,0,0,1,0
34,13,170.2436065673828,95599,2,6.53906649440532,1,0,0,0,0,0,0
32,13,68.99400329589844,89953,2,1.7145718143142352,2,0,1,0,0,0,0
49,29,35.48796081542969,90152,4,0.1995269409566892,3,147,0,0,0,1,0
26,-1,135.519287109375,95816,1,2.724132444551679,3,0,0,0,0,1,1
60,34,30.65523910522461,89796,3,1.235806089909976,2,116,1,0,0,1,0
40,13,61.434173583984375,91549,4,3.3043802086836638,3,0,0,0,0,0,0
65,34,91.96698760986328,90279,4,5.927218516068575,1,213,0,1,0,1,0
25,2,143.02125549316406,95115,2,2.637322745578356,2,0,1,0,0,0,1
31,15,16.989389419555664,90543,3,0.4691790951189524,2,0,0,0,0,1,0
52,22,22.69188690185547,92584,4,1.4988531634748683,2,104,0,1,0,1,0
43,32,24.59475898742676,92083,3,0.1452524213193231,2,0,0,0,0,0,0
51,25,54.33072662353516,94263,3,0.5625175230172492,2,0,0,0,0,1,0
29,6,102.73298645019533,90543,2,1.1107927442307692,3,220,0,0,0,1,0
28,6,91.44200897216795,94841,2,1.840157766780775,3,0,0,0,0,1,0
49,28,96.0602798461914,92478,1,0.5181215779322892,3,171,0,0,0,0,0
28,2,12.644777297973633,92604,4,1.3448958160798266,2,0,0,1,0,1,0
59,39,192.1876220703125,90466,4,2.9794300057710386,3,0,0,0,1,0,1
28,3,43.5322265625,93270,2,0.1924815462540175,1,0,0,1,0,0,0
45,18,62.86932373046875,92376,4,1.0713414887609014,2,0,0,0,0,0,0
58,31,60.96960067749024,90161,1,0.6615477107972206,3,0,1,0,0,0,0
59,19,49.70856475830078,93801,2,0.6549823483539706,2,0,1,0,0,0,0
53,25,86.65737915039062,92117,1,2.1218419204190777,1,0,0,0,0,1,0
57,32,20.678226470947266,92908,2,0.854882680350926,3,0,0,0,0,1,0
53,29,50.69228744506836,93028,1,0.4972465619159877,3,0,1,0,0,1,0
33,8,56.71862411499024,94325,3,0.1254543487638517,1,0,0,0,0,0,0
55,12,124.08892059326172,90371,1,4.218062215334225,1,0,0,1,0,0,0
40,26,137.20741271972656,94405,3,8.191257595731278,2,0,0,1,1,1,1
35,9,87.28887176513672,90363,2,0.6968054996338826,1,0,0,1,0,1,0
49,21,29.363176345825195,89968,3,1.736561718400094,1,0,1,0,0,0,0
59,30,26.446081161499023,94871,2,2.261538384655449,3,0,1,0,0,0,0
41,22,208.2103271484375,93214,1,6.626066429071978,1,0,0,0,0,0,0
54,30,55.30597686767578,95196,3,2.7126106861093477,2,0,1,0,0,1,0
42,17,95.68145751953124,92237,2,1.470315977456846,3,234,1,1,1,1,0
53,25,40.93868255615234,94654,1,1.7011415169901,3,0,0,0,0,0,0
32,10,74.8080062866211,94218,1,2.533767721521222,1,0,0,0,0,0,0
54,32,21.4039363861084,92623,1,0.1143842255453795,2,0,0,1,0,0,0
34,6,72.90331268310547,91596,1,3.62067692229328,1,0,1,1,1,1,1
60,30,45.125919342041016,93851,3,0.6480972791000553,1,0,0,0,0,0,0
31,5,91.85132598876952,92527,2,2.980191765839823,3,0,0,0,0,0,0
56,33,28.76060676574707,95332,4,1.1405041246256569,1,0,1,0,0,1,0
48,17,84.56051635742188,94804,2,2.15769957577002,2,245,1,0,0,0,0
52,24,99.00118255615234,91868,2,1.885141412039776,1,0,0,0,0,1,0
50,18,110.521728515625,92168,1,2.1535814780779936,1,294,0,0,0,1,0
49,26,72.91448211669922,95169,2,0.6904435608326378,1,0,0,0,0,1,0
34,17,17.05614471435547,94612,4,0.3900095723959119,2,122,0,0,0,0,0
62,39,48.65742492675781,91762,4,2.3955939691028973,1,109,0,0,0,1,0
55,25,35.78600311279297,91853,3,1.815509870495496,1,150,1,0,0,0,0
29,1,83.88314056396484,94629,2,3.161951043456336,1,0,0,0,0,0,0
60,34,114.79219818115234,95344,2,0.4576090988458277,1,0,0,0,0,1,0
28,3,36.20735931396485,90106,1,0.4497382430573737,1,0,0,0,0,1,0
32,2,29.651819229125977,94749,2,0.460717739126553,1,0,0,0,0,0,0
32,11,23.812923431396484,95353,3,1.35480903937722,1,0,0,0,0,1,0
59,36,44.03889083862305,90401,2,2.072131864213385,2,0,1,0,0,1,0
48,22,32.43418884277344,94163,4,0.7788364367790381,3,0,1,0,0,1,0
28,3,96.7879409790039,91741,3,1.9369955848408664,2,0,0,0,0,1,0
50,29,44.27030563354492,92515,2,0.9997559226408196,3,0,0,0,0,0,0
52,29,137.8984832763672,96226,2,2.084929701467501,1,0,0,0,0,1,0
40,13,51.48701858520508,93813,2,1.097619743702648,3,190,1,0,0,1,0
28,6,59.551719665527344,94665,2,1.7671700597333422,2,0,0,1,0,0,0
52,33,36.51380157470703,94910,1,1.999630053815053,2,0,0,0,0,0,0
52,33,142.2436981201172,91731,4,3.15003656664525,2,0,1,0,0,1,1
40,5,34.06986999511719,95352,3,0.3299914017296948,1,0,0,0,0,1,0
27,15,78.9280776977539,96051,3,1.5555197276127235,1,0,0,1,0,1,0
30,4,52.92578125,95726,4,0.7244973584334766,1,0,0,0,0,1,0
29,2,105.5256576538086,93249,4,6.831953179101972,3,143,0,0,0,1,1
39,20,56.0722541809082,95662,4,2.033223369153325,2,0,0,0,0,1,0
63,38,40.045989990234375,94983,1,2.283067365749654,2,102,0,1,0,1,0
54,21,109.2773666381836,95987,2,0.0895749457398247,3,0,0,0,0,1,0
61,37,67.83312225341797,92349,4,0.6393534576031853,3,0,0,0,0,0,0
50,15,50.884761810302734,94262,4,1.1129371521174978,3,0,0,0,0,1,0
31,19,186.5091857910156,94497,1,5.383099954973564,3,0,0,1,0,1,1
56,31,35.850807189941406,95290,4,0.0689800888740859,1,113,0,0,0,1,0
36,8,72.2326431274414,94747,3,0.2036100795689259,2,0,0,1,0,1,0
37,10,112.15007019042967,93355,3,1.831824159707233,1,0,0,1,0,0,0
32,10,49.75065994262695,94543,4,3.2501052157696133,3,0,0,0,0,1,0
31,15,30.940174102783203,90396,2,1.146111483474687,3,0,0,1,0,1,0
44,22,60.76095581054688,95771,4,0.5397581698315095,3,0,0,1,0,1,0
31,7,88.34889221191406,90456,1,2.252299251161321,1,0,0,0,0,1,0
60,32,71.77558135986328,95569,2,1.6405900250599348,2,0,0,0,0,1,0
65,40,65.54415130615234,91676,1,0.2157121904696014,3,0,0,0,0,1,0
57,35,46.33537292480469,91874,4,1.2711801823022095,2,0,0,1,0,1,0
48,11,27.38650131225586,94783,4,0.4346428182281646,1,130,1,0,0,0,0
59,34,44.62848281860352,92669,4,1.1390937057873227,1,0,1,0,0,0,0
24,-1,89.88224792480469,94617,4,1.8953724399761835,2,148,0,0,0,0,0
31,6,73.7691879272461,94688,4,0.363799755238987,2,0,0,0,0,1,0
40,23,27.143993377685547,95588,3,0.3157669788597324,2,0,1,0,0,0,0
59,29,52.67262649536133,91662,3,0.5955754691659941,2,0,0,0,0,1,0
40,11,56.9980697631836,91165,2,2.1144467120805217,3,0,1,0,0,0,0
32,11,58.60072326660156,91752,1,0.6016263357104618,1,0,0,0,0,0,0
42,17,78.417236328125,94310,4,0.7091063907357275,1,215,1,0,0,0,0
51,15,53.96632385253906,94999,1,0.733760757192497,1,0,1,0,0,1,0
54,23,98.05223846435548,94606,3,3.8619428643703713,1,0,0,1,0,1,0
56,31,37.19568634033203,94576,4,1.7810834178802537,2,0,0,0,0,1,0
26,4,86.5806655883789,94500,1,2.211543107123788,2,0,1,1,0,0,0
64,41,74.39720153808594,93597,2,0.8896041862885505,1,0,1,0,0,1,1
43,28,118.05167388916016,94159,1,1.9109515356272024,1,400,0,0,0,1,0
63,35,33.18393325805664,90594,2,0.1124462659426009,3,0,0,0,0,0,0
51,16,196.8197021484375,92519,2,3.631116149857331,1,237,1,0,0,1,0
53,18,60.60470199584961,92980,1,0.6093965530475154,1,0,1,0,0,1,0
47,24,50.12476348876953,90939,4,3.5945928601251573,3,0,0,0,0,1,0
42,24,38.37840270996094,91824,3,1.1407927041568044,2,101,0,1,0,1,0
63,41,54.7684440612793,95771,2,0.7636223698049315,2,0,1,0,0,0,0
40,16,65.37893676757812,96023,4,0.1169686492615316,3,0,0,1,0,0,0
53,24,163.8012237548828,94234,2,1.8006579721888116,1,0,0,0,0,0,0
58,28,159.9307098388672,93408,2,2.873320441646754,1,0,1,0,0,1,0
46,22,90.21690368652344,92843,1,5.6484109520581045,1,0,0,0,0,1,0
37,12,44.92233276367188,90791,3,1.809439679967332,1,0,1,0,0,1,0
54,31,88.56452941894531,90348,1,0.2409311875677303,1,0,1,0,0,1,0
49,23,128.4826202392578,95537,2,6.416899266357607,1,0,0,0,0,0,1
61,33,52.28669738769531,94143,4,2.31460107468261,2,262,0,0,0,1,0
40,19,21.96157455444336,94025,3,2.0817452704305768,3,0,0,0,0,0,0
39,19,57.00591659545898,92527,1,2.349252798278721,1,0,0,0,0,0,0
27,1,137.02349853515625,94555,1,5.2148989397094585,1,0,0,0,0,0,0
32,8,30.609033584594727,96051,2,0.8753538157938334,3,369,0,0,0,1,0
57,25,65.14604187011719,94311,2,2.4317015204156,3,0,1,0,0,1,0
45,20,129.57928466796875,90978,1,4.233007632119942,1,0,0,0,0,1,0
30,4,52.12343978881836,95640,4,1.8876325575477104,2,0,0,0,0,0,0
47,24,9.159660339355469,91372,3,0.937107458412271,2,0,0,0,0,0,0
63,37,118.31353759765624,94655,3,7.067619120052382,2,0,0,1,0,0,1
30,7,138.38841247558594,90824,3,1.6316905571775338,1,0,0,0,0,0,1
32,4,144.21640014648438,94733,1,4.957848683597394,1,424,0,0,0,1,0
44,24,58.12345123291016,95227,3,1.190919871170414,2,0,0,0,0,1,0
35,6,46.0618782043457,92152,1,0.1598403673214937,1,0,0,0,0,1,0
30,8,136.63064575195312,95578,3,4.092726471416954,3,0,0,0,0,1,1
56,26,39.29317092895508,93095,2,1.460056823114643,2,0,1,0,0,0,0
64,38,82.9339370727539,94223,3,0.6041286923898961,2,149,1,1,0,0,0
45,7,52.75069046020508,94133,1,1.1398948390428043,3,0,1,0,1,1,0
38,15,49.38678359985352,93616,3,1.5210840295616637,2,0,0,0,0,0,0
43,11,60.59807205200195,92616,3,2.1447233090426066,1,0,0,1,0,1,0
53,16,54.212215423583984,95502,3,1.0858851521664956,2,0,0,0,0,0,0
41,23,36.61563491821289,91536,2,0.7854954403675289,1,118,0,0,0,0,0
39,12,21.80949211120605,93896,3,2.0529116172001323,3,0,0,0,0,1,0
34,12,51.71893310546875,94923,2,0.9901181374104796,1,0,0,0,0,1,0
45,19,29.05400657653809,93599,3,1.0703754010987203,3,0,0,1,0,1,0
44,16,89.92394256591797,95860,3,4.687408794275102,2,0,0,0,0,1,0
44,14,55.64974212646485,95923,3,1.2113697401342858,2,315,0,0,0,1,0
61,30,86.24337005615234,93106,3,0.5112280474839023,1,0,0,0,0,0,0
43,14,54.80186080932617,94512,4,1.0969816534091978,2,0,1,0,1,1,0
62,36,55.343849182128906,94423,4,1.086012484893122,1,0,1,0,0,0,0
41,12,24.57570457458496,94740,3,0.1245957874243954,1,100,1,0,0,0,0
63,32,32.0313606262207,95330,1,0.2698250712850756,1,380,0,0,0,1,0
45,18,164.69200134277344,95505,2,0.5238424140837066,1,144,0,0,0,0,0
52,28,118.0939483642578,93226,4,7.160671941531477,3,0,0,0,0,0,0
38,8,49.39566802978516,92211,4,1.3311830329338874,1,173,0,0,0,1,0
44,20,63.50698471069336,92683,1,1.1910736374657778,2,0,0,1,0,0,0
54,31,66.61831665039062,94997,2,2.3853668119381406,1,119,1,0,0,1,0
51,23,123.22479248046876,91530,1,0.0192090078605302,2,0,0,0,0,1,0
57,28,146.67955017089844,95224,2,6.419276345922164,1,0,0,0,0,0,0
53,25,90.14649200439452,91128,1,2.4010872355304413,1,0,0,0,0,1,0
44,20,32.220787048339844,94336,2,0.2591720341878227,3,0,1,0,0,1,0
54,35,27.063798904418945,94380,2,2.001335314419717,2,0,0,0,0,0,0
50,24,134.78775024414062,90340,1,0.0670744440108007,1,0,0,0,0,1,0
33,2,33.53352355957031,94884,3,1.0409845229755688,2,0,0,0,0,0,0
47,23,134.49578857421875,92103,2,1.706550938718171,1,0,0,0,0,1,0
37,10,42.00518798828125,91913,4,0.2397370465806805,1,95,0,0,0,0,0
48,16,91.1080322265625,92686,4,1.5651913053712712,2,0,0,0,0,1,0
27,4,44.46389389038086,95259,4,1.5554824725072114,3,0,0,0,0,0,0
36,17,85.19334411621094,89803,1,0.1744468412313771,1,119,1,0,0,0,0
42,16,60.37950134277344,96084,2,0.0445898196164976,1,0,0,0,0,1,0
51,23,45.59239959716797,92875,1,0.4954595354743051,2,0,1,0,0,1,0
55,7,12.508917808532717,92514,4,0.0514514852924483,2,110,0,1,0,1,0
48,13,33.73970413208008,93163,1,0.5950071527236631,2,114,0,0,0,1,0
38,14,40.47093200683594,93090,4,0.5761721555910371,3,0,1,0,0,0,0
63,32,125.92118072509766,91948,3,1.348525503109895,3,275,0,0,0,1,1
59,36,95.1315460205078,94296,2,2.767820301019623,3,0,0,0,0,1,0
56,31,97.94105529785156,92937,4,3.2632095947052777,2,0,1,1,1,1,0
55,28,28.80452919006348,91529,2,0.0549350949641309,2,0,1,0,0,1,0
40,17,50.43294143676758,94685,2,4.230462349771209,2,256,0,0,0,0,0
34,8,16.691354751586914,90684,4,0.650122825785933,1,0,0,0,0,0,0
65,35,95.55670166015624,91980,1,3.7322867036085823,2,0,0,0,0,1,0
29,1,75.66993713378906,94455,4,3.3911097484266763,2,0,0,0,0,0,0
31,4,137.8443145751953,95587,2,1.874045584348808,2,196,1,0,0,1,0
50,18,165.30450439453125,96019,2,5.277164039322312,1,0,0,0,0,1,1
30,14,61.76543045043945,93362,1,2.0871559202547925,1,0,0,0,0,1,0
54,31,119.72612762451172,93089,1,3.3142973503256523,1,481,0,0,0,1,0
38,16,84.36282348632812,94888,2,2.5669592129185785,1,0,0,0,0,1,0
53,19,131.46090698242188,89907,1,3.021801191660696,1,0,0,0,0,0,0
61,29,52.31665802001953,94312,4,2.1896064817104453,3,0,1,0,0,1,0
55,22,49.88199234008789,92698,1,5.397277931205634,1,0,1,0,0,0,0
62,32,14.870969772338867,92436,3,1.4818068607719157,1,0,1,0,0,1,0
47,20,81.46885681152344,92591,2,0.7128889261957086,3,196,0,0,0,0,0
56,30,78.98014831542969,92015,1,4.377322246577214,3,148,0,1,0,1,0
41,20,67.44424438476562,94836,1,0.6953498619000925,3,0,0,0,0,1,0
30,0,94.92755126953124,92621,1,1.521680708562107,1,0,0,0,0,0,0
42,25,176.742919921875,95834,2,2.074310660058437,1,0,0,0,0,1,0
60,28,37.94350814819336,94692,2,2.0092316233304364,3,0,0,0,0,0,0
61,35,52.2326774597168,94198,3,1.3108033537068022,2,0,0,0,0,1,0
52,25,21.862335205078125,93987,1,2.0489259522051206,1,0,0,0,0,0,0
50,26,53.29389572143555,90494,4,1.0640932509109398,2,0,0,0,0,1,0
40,8,19.23001480102539,89728,1,0.8463582676715424,3,0,1,0,0,1,0
60,37,31.237037658691406,93138,2,0.2476768340812312,3,112,0,0,0,0,0
62,36,73.41693878173828,94410,2,1.4551348029661733,3,0,0,0,0,1,1
63,38,25.92688751220703,93959,3,1.6427020385976492,2,0,0,0,0,0,0
52,25,108.69659423828124,90184,2,0.8125819738981388,1,0,0,0,0,1,0
38,19,94.74372863769533,95200,1,2.0359003176694905,1,0,1,0,0,1,0
28,4,145.8017120361328,94917,4,0.889763489649395,1,0,1,0,0,1,0
36,12,30.06837654113769,94575,3,1.929123679710291,2,0,0,0,0,1,0
29,4,13.643266677856444,93296,4,1.56855499303891,3,0,0,0,0,0,0
30,3,72.88225555419922,91081,4,1.115368746883144,2,0,0,0,0,0,0
58,30,30.473636627197266,95903,1,0.9938568998062314,3,0,0,0,0,0,0
60,25,124.36609649658205,91680,2,1.8820940629221183,1,0,0,0,0,1,0
63,37,31.60752296447754,91428,3,1.2228440662872917,1,0,1,0,0,1,0
49,30,163.88021850585938,95192,1,2.1328471374679583,1,0,0,0,0,1,0
49,19,67.85911560058594,94645,4,1.403112737790199,2,0,0,0,0,0,0
61,38,56.23006439208984,94218,4,0.2233356686398019,2,0,0,0,0,1,0
47,31,32.10309600830078,93334,1,3.3219497405715384,3,143,0,0,0,1,0
40,30,91.6015167236328,90060,2,2.547675284517358,3,322,0,0,0,0,0
26,1,63.68380355834961,94756,2,2.339433402484264,2,0,0,0,0,0,0
38,10,73.89895629882812,93908,3,0.0745570841003309,1,0,0,0,0,1,0
42,28,81.20494079589844,93199,1,2.8151618732269488,1,0,1,0,0,1,0
36,13,88.3373031616211,92242,2,1.5485222371510554,2,0,0,0,0,1,0
55,27,12.97097396850586,95784,3,0.8362347669654547,2,0,0,0,0,1,0
59,33,81.70123291015625,94915,4,0.8641838697855507,3,0,0,0,0,1,0
47,24,137.67845153808594,92239,1,2.542421016276868,3,0,0,0,0,1,1
44,29,126.28800201416016,95120,2,2.770672667561392,3,0,1,0,0,0,0
44,13,37.09722900390625,95153,3,0.3442297003568078,3,157,0,0,0,0,0
59,29,96.41851806640624,90682,2,0.0224544965860541,2,0,0,0,0,1,0
61,33,68.82467651367188,91747,4,3.605316790752902,1,101,1,0,0,1,0
37,10,47.634910583496094,94402,4,2.1222087111944985,2,0,0,0,0,1,0
32,20,91.67616271972656,92203,1,0.0308726360102796,1,566,0,0,0,0,0
34,10,14.077372550964355,94802,4,1.4915579069301867,3,0,1,0,0,1,0
33,9,37.24347686767578,94586,2,0.550822801895567,2,105,0,0,0,0,0
34,10,131.2816925048828,91706,1,7.038339935209446,1,0,0,1,0,1,0
49,24,38.77431869506836,94418,1,0.052582462100065,3,0,0,0,0,1,0
44,23,59.03050994873047,95971,3,2.0001605937859277,3,0,0,0,0,1,0
44,19,52.88602828979492,95503,3,0.7282956723124931,3,0,0,0,0,0,0
53,17,113.4827651977539,95235,3,0.8033633788819484,2,0,0,0,0,1,0
59,30,75.93468475341797,94104,4,0.4988217794705095,1,0,0,0,0,0,0
32,8,69.40965270996094,94099,4,1.813481896382855,1,102,1,0,0,1,0
54,35,103.73615264892578,91629,2,3.117310173907444,3,491,0,0,0,1,1
30,15,21.78687286376953,95816,4,1.2901074994039028,2,94,0,0,0,0,0
56,15,37.683738708496094,94775,1,2.96259175730958,1,0,0,0,0,0,0
41,15,46.93143081665039,94319,1,0.3863464863224356,2,0,0,0,0,1,0
50,23,85.63233947753906,95277,2,0.7212075835769689,3,0,1,0,1,1,1
64,29,47.542240142822266,90810,1,1.8540690046140191,3,0,0,0,0,1,0
36,9,118.91255950927734,95821,4,1.943683489184878,2,0,1,0,0,0,1
57,34,24.53789710998535,95046,1,0.1802544565336525,3,0,1,0,0,1,0
41,14,64.47811889648438,90924,4,3.583397930788212,3,0,0,1,0,0,0
27,4,16.61597442626953,91889,2,0.5665683858941712,2,0,0,0,0,1,0
25,29,36.96703338623047,93703,1,1.7829653314970957,3,0,1,0,0,1,0
63,33,54.69158935546875,89774,4,1.3154898719762147,3,375,1,0,0,0,0
36,8,106.1568603515625,92232,3,2.398185076062787,2,0,0,0,0,1,0
42,20,94.79405975341795,94723,2,3.440040229936136,1,0,0,0,0,1,0
37,15,116.89472198486328,91979,1,2.602468279485766,1,0,0,1,0,1,0
27,10,66.42327880859375,91649,4,1.8451031821517747,1,267,0,0,0,1,0
64,38,63.986961364746094,90610,2,0.8741318067680167,1,0,0,0,0,1,0
39,12,103.1888198852539,94194,2,6.6801049284580944,1,186,0,0,0,0,0
59,22,39.02629852294922,94437,2,0.664175173785885,3,0,1,0,0,1,0
28,2,32.97773361206055,95657,1,1.3875870128969527,3,152,0,0,0,1,0
56,35,122.7920379638672,90511,2,5.141581678461619,1,0,1,0,0,1,0
62,35,57.78228759765625,96299,4,0.0166398232597378,1,0,1,0,0,0,0
37,12,69.1400375366211,92385,2,0.5458223631681502,1,0,1,1,1,1,0
28,3,32.28472137451172,96069,4,0.7449557602773152,3,0,0,0,0,1,0
39,10,86.29625701904297,90171,2,1.0205292311980625,1,162,0,0,0,0,0
35,7,163.34988403320312,90410,2,2.9978161729289288,1,0,0,0,0,0,0
34,9,58.0672607421875,89646,3,0.8334448372053235,1,150,0,0,0,0,0
42,20,61.56586837768555,90061,3,0.7344189456656944,1,0,0,0,0,0,0
47,22,66.90824890136719,90292,2,1.7828690901819502,3,0,0,0,0,0,0
59,34,78.59335327148438,94538,3,5.543655239548939,2,193,1,0,1,1,1
42,16,38.75820541381836,94306,4,0.4010549284837265,3,0,0,0,0,0,0
65,41,80.156982421875,91505,4,2.419162121728085,1,235,0,0,0,0,0
32,5,39.98885345458984,91750,4,0.1616074957943012,2,151,1,0,0,0,0
59,23,53.2425537109375,92684,1,0.9984613199418944,3,0,0,0,0,1,0
59,34,96.5076675415039,93100,2,1.6215275130145028,2,266,0,0,0,1,0
53,21,51.0825309753418,93993,4,1.9643622886300491,2,0,0,0,0,0,0
35,6,56.73724365234375,90019,1,1.0265317425881473,2,78,1,0,0,1,0
27,8,29.91872787475586,94920,4,0.4800504529780751,3,105,0,0,0,0,0
38,9,49.2496223449707,91895,1,2.7834871870238,1,0,1,0,0,1,0
40,12,104.353515625,95180,3,1.0108752134114556,2,0,0,1,1,1,0
55,25,68.95867919921875,95517,4,3.005806752430104,2,0,1,0,0,1,0
25,0,91.7606201171875,95634,3,1.7465398327404298,2,276,0,0,0,1,0
53,31,83.52459716796875,92035,4,0.0431601300980614,2,0,0,0,0,1,0
39,11,95.92676544189452,93731,1,0.4399400128764981,1,0,1,0,0,0,0
65,40,32.69985580444336,91505,3,0.2928729104267128,3,0,0,0,0,0,0
54,26,203.93150329589844,95279,3,5.477021003415325,3,264,1,0,1,1,1
31,4,190.3980865478516,91378,4,0.9265132139175546,3,0,0,0,0,0,1
27,4,69.79454040527344,92271,3,1.7405509402710428,2,0,0,0,0,1,0
43,20,36.30348205566406,95458,2,0.6454205426022788,3,0,0,0,0,1,0
59,32,23.14957046508789,94112,1,2.069155548874694,2,0,0,0,0,0,0
29,17,78.56224822998047,94171,1,2.106887746138652,3,0,1,0,0,0,0
31,4,67.52194213867188,94733,3,2.4968025182705307,2,0,0,0,0,1,0
38,7,54.500091552734375,94130,3,0.5349157804985245,3,0,0,0,0,0,0
44,14,174.45098876953125,89790,2,0.7338588366508745,1,0,0,0,0,0,0
28,22,47.24741744995117,95091,2,2.6889733983151216,3,225,1,0,1,1,0
65,39,63.8692626953125,94369,3,1.1175003617460937,1,0,0,1,0,1,0
36,12,27.280208587646484,93191,2,3.3173478841170816,1,0,0,0,0,1,0
59,31,16.385955810546875,95262,2,0.4022621337423307,3,94,0,0,0,1,0
34,12,17.921382904052734,92639,3,1.418985739993576,3,0,0,0,0,1,0
51,31,115.24303436279295,94890,1,3.7971370758865706,1,0,1,0,0,1,0
43,29,61.60914611816406,93809,4,1.9025865360476204,1,0,0,0,0,1,0
25,1,77.44317626953125,93238,4,0.6676321667251061,3,0,1,0,0,0,0
25,5,43.286865234375,92096,2,0.5990018167694395,1,0,1,0,0,1,0
33,4,14.2356595993042,94687,1,0.290400961476201,3,134,0,0,0,0,0
36,16,55.379150390625,94467,1,1.7963722487603049,1,141,0,0,0,1,0
55,25,107.24911499023438,94141,2,2.022724266052659,2,0,0,1,0,0,0
43,12,57.992713928222656,93680,1,0.4930965653067204,3,0,1,0,0,1,0
48,20,118.37619018554688,92880,1,2.3819186031127133,1,0,0,1,0,1,0
33,6,37.98565673828125,91339,3,1.6270742399607374,3,0,0,0,0,0,0
43,9,193.15817260742188,90851,2,7.741454232668609,1,219,1,0,0,0,0
55,25,28.19587516784668,92999,2,0.3576130366251269,3,0,0,0,0,0,0
52,28,73.55599975585938,90246,3,0.3900092808122931,2,0,1,0,0,1,0
47,30,30.612728118896484,94352,3,1.5714290659828127,2,0,0,0,0,0,0
28,7,158.0917205810547,91654,1,2.997517965452603,3,188,0,0,0,0,0
56,32,136.5250701904297,94323,2,2.33868575946838,1,0,0,0,0,0,0
65,38,67.05630493164062,94072,4,0.5930983831019073,1,107,0,0,0,1,0
47,27,116.27008056640624,95290,4,2.132189607490836,2,0,0,0,0,0,0
61,26,28.704814910888672,92312,4,0.7528448388319895,2,230,0,1,0,1,0
56,39,55.37174987792969,91172,2,1.0361014406715023,3,0,0,0,0,1,0
50,32,53.01953887939453,94920,1,0.1592017734992899,2,0,0,0,0,0,0
45,26,21.02222442626953,94505,2,0.3436396535324775,3,0,1,0,0,0,0
27,7,44.10237121582031,91229,3,1.3744097459455649,1,0,0,0,0,1,0
23,1,75.72053527832031,91357,3,2.642149385354016,2,0,0,0,0,0,0
40,10,66.77998352050781,96123,1,1.3185880596598087,2,0,1,0,1,1,0
49,24,93.82931518554688,92681,1,2.5304146327884856,3,0,1,0,0,1,0
52,30,24.66497039794922,93180,3,0.6240000710402831,3,0,0,0,0,1,0
45,29,18.98013687133789,95111,4,1.0484073366753046,3,0,0,1,1,1,0
42,8,127.84651184082033,94637,1,3.532725570131983,1,185,1,0,0,0,0
45,24,21.782733917236328,93034,3,0.2500906318048946,1,0,1,0,0,1,0
51,30,107.76752471923828,91495,3,1.4031376411359555,2,0,0,0,0,1,0
32,9,26.266544342041016,92170,4,1.3120874621340837,2,0,0,0,0,1,0
36,3,62.89690399169922,92311,3,1.8130514402111648,1,0,0,0,0,0,0
33,12,48.09385681152344,90334,3,2.513989426732911,1,0,1,0,0,0,0
35,12,186.6773834228516,95770,1,3.020500200600016,1,0,1,0,1,1,1
29,5,29.765893936157227,92689,3,2.1915082280820823,1,0,0,0,0,0,0
38,14,115.5538330078125,92069,3,1.5581517311500914,3,0,0,1,0,0,0
28,4,85.02911376953125,92214,2,1.1776742386650283,3,222,0,0,0,0,0
55,34,21.507036209106445,90406,4,1.1429126649481378,2,0,0,0,0,0,0
45,25,35.77262496948242,93217,3,0.5960821387174862,3,140,0,0,0,0,0
41,9,165.61692810058594,92243,1,0.1331456475098452,1,358,0,0,0,0,0
65,38,24.069236755371094,96069,1,1.867571501267938,2,0,0,0,0,1,0
59,36,23.947830200195312,91139,3,1.963616185247873,1,0,1,1,1,1,0
56,23,38.643287658691406,94440,4,1.1757628563957274,2,91,0,1,0,0,0
65,36,42.98318862915039,95834,1,1.6818301420419246,3,0,1,0,0,1,0
57,38,60.793888092041016,95441,2,0.6912151408120427,3,0,0,0,0,1,0
62,39,37.285377502441406,91246,2,0.8454328885400133,3,0,0,0,0,0,0
26,-1,30.80774688720703,92088,4,1.0245281348195738,3,0,0,0,0,0,0
42,17,85.24349975585938,93036,4,1.133084852164722,3,0,0,0,0,1,0
46,14,176.1562042236328,94341,1,4.039078749978765,1,0,0,0,0,1,0
35,27,48.55082321166992,92137,1,0.822906088597993,1,358,0,0,0,0,0
52,23,69.9153823852539,95112,3,1.3156810150551523,1,0,0,0,0,0,0
35,22,40.24653625488281,94018,4,0.0068881440175763,3,0,0,0,0,0,0
60,38,72.9228744506836,94076,4,1.2272529284328706,3,0,0,0,0,0,0
48,24,15.538370132446287,89933,4,0.3526727563858906,1,0,0,0,0,0,0
61,38,67.8580322265625,94809,2,1.701017176670424,1,115,0,1,0,0,0
53,32,35.19000244140625,90196,1,0.597318932084205,2,0,1,1,0,0,0
43,32,19.860715866088867,91362,3,0.3686769078988361,1,160,0,0,0,1,0
37,8,101.86609649658205,94319,4,1.7651976872733128,3,232,0,0,0,1,0
49,27,58.915771484375,92278,1,0.5134776937577339,1,0,1,0,0,0,0
56,21,39.03746032714844,93098,4,0.6262530951724385,2,0,0,0,0,1,0
35,11,112.72412872314452,92194,3,3.1741740518985084,1,0,0,1,0,1,0
59,41,40.25561141967773,91437,2,2.628471219963228,3,0,0,0,0,1,0
64,40,8.183526992797852,90091,4,0.3285809409695339,1,100,0,0,0,0,0
53,18,52.0173225402832,95485,1,1.524309066265697,1,0,0,0,0,0,0
57,26,55.08123397827149,90179,2,0.2549420855851787,2,0,1,0,0,0,0
56,18,117.86285400390624,94056,2,5.43022798653258,1,0,1,0,0,1,0
35,15,35.50426483154297,89668,2,0.467195014398662,1,0,0,0,0,1,0
59,30,139.6617431640625,94111,1,4.315701963726677,2,0,0,0,0,1,0
34,2,60.97036743164063,94432,3,2.40708113541523,2,176,1,0,0,1,0
66,35,109.6707000732422,91870,3,4.477032803835801,2,236,0,0,0,1,1
50,28,153.29876708984375,94905,2,6.135375514510577,2,0,0,0,1,1,1
38,3,69.89924621582031,91803,2,1.5747095664435058,3,0,1,0,0,1,0
64,35,45.30291366577149,90342,4,0.9458857860244216,3,0,1,0,0,0,0
48,20,161.18748474121094,92186,4,1.980951476244107,2,0,0,0,0,0,1
63,36,44.238067626953125,93852,2,0.5344359437379685,3,170,0,0,0,1,0
61,37,55.7540397644043,93225,4,2.4296288782823683,2,0,0,0,0,0,0
54,25,89.34848022460938,95738,4,1.0276362738287694,2,0,0,0,0,1,0
40,9,96.74015808105467,96419,3,2.5048532448519394,2,0,0,0,0,0,0
43,23,80.97677612304688,90354,3,1.7216795885681728,2,154,0,0,0,1,0
58,27,177.1205596923828,91715,1,1.9154510622609453,1,0,0,0,0,0,0
58,27,168.03256225585938,94677,3,4.70539161795941,1,0,1,0,1,1,0
65,41,73.81605529785156,94290,2,1.863421834533851,3,0,0,0,0,0,0
51,31,17.520498275756836,94127,4,1.1880357789794045,3,0,1,1,0,1,0
34,15,105.63460540771484,94564,4,2.189441125492884,2,0,0,0,0,0,0
31,7,43.284278869628906,91524,2,1.337330095583516,1,0,0,0,0,1,0
30,10,131.85020446777344,94554,3,2.078262448853624,3,164,0,0,0,1,1
47,23,21.788610458374023,96130,4,0.8083255423707592,3,0,0,0,0,0,0
32,9,50.76750564575195,93279,2,0.2708524204001065,1,0,0,0,0,1,0
44,22,116.15167236328124,91658,2,1.2950419587361102,1,148,1,0,0,0,0
25,-1,67.17231750488281,92322,4,1.957763451526731,1,0,0,0,0,0,0
43,16,77.09375762939453,94828,4,1.610361903113955,3,0,0,0,0,0,0
46,18,95.92552947998048,94893,4,1.4825621380175154,3,0,0,0,0,0,1
60,27,35.044559478759766,92026,2,0.1606562363488493,1,0,0,0,0,1,0
66,41,33.657936096191406,90509,4,1.4569669098915023,2,0,0,0,0,1,0
48,26,38.38792419433594,93097,1,1.3995515343687286,3,0,1,0,0,1,0
44,-3,72.45193481445312,92295,2,3.6438502151523338,1,0,0,1,0,1,0
32,8,40.87394714355469,90162,2,1.265964167791097,1,248,0,0,0,1,0
38,10,64.24041748046875,94150,4,0.8646374340252773,2,101,0,0,0,1,0
60,36,26.326005935668945,90547,1,0.3237015943981877,2,0,0,0,0,0,0
44,22,147.99826049804688,91878,2,0.2717623405689534,3,0,0,0,0,0,1
49,17,57.55986404418945,92552,1,2.687901270802457,1,0,0,0,0,0,0
35,15,158.69725036621094,91725,1,0.788590132098616,1,360,0,1,0,1,0
29,4,32.067352294921875,94233,4,0.3176016858607257,3,0,0,0,0,0,0
37,12,19.90793228149414,96022,4,0.3189883746483248,2,85,0,0,0,1,0
44,7,37.868263244628906,92202,4,2.091128252711598,1,0,0,0,0,1,0
62,36,30.283292770385746,93014,3,0.6500956693037686,3,101,1,0,0,0,0
48,26,106.67532348632812,94465,3,3.2498429397527637,1,0,1,1,1,1,0
25,0,43.61724853515625,93162,2,1.8225617511631675,2,0,0,0,0,0,0
66,40,48.98649978637695,91646,3,1.8473127333675108,3,0,0,0,0,0,0
44,23,38.515384674072266,92185,1,1.2861356780276758,3,0,0,0,0,1,0
59,18,146.74440002441406,91984,2,1.8763975656390397,1,0,0,0,0,0,0
39,22,37.52623748779297,90986,2,1.4057812923979256,1,0,0,0,0,0,0
34,13,38.12180709838867,91092,3,0.3273665414020973,1,102,0,0,0,1,0
57,32,93.24855041503906,92610,2,0.4415183554065582,1,0,1,0,0,1,0
33,8,148.2578887939453,94502,2,1.585485221671922,1,0,1,1,1,0,0
55,25,58.19324493408203,94745,1,0.7926950093442873,2,0,0,0,0,0,0
63,37,21.50429916381836,92719,3,1.9496975900473088,3,174,0,1,0,1,0
53,41,21.600112915039062,94752,1,1.9192907468565945,1,152,0,0,0,1,0
39,21,51.36602783203125,93845,2,1.3414723110824922,3,212,1,0,0,1,0
58,24,33.462894439697266,93061,2,0.6087925370341054,3,0,1,0,0,0,0
57,33,66.37683868408203,94595,4,1.2745494635222117,1,0,0,0,0,1,0
61,35,27.70669174194336,94964,1,0.1351531730229965,3,78,1,0,0,1,0
52,18,71.14724731445312,92272,4,1.1165734177530882,2,0,0,0,0,0,0
48,30,33.932708740234375,94938,2,0.3075897173182669,3,0,0,0,0,0,0
25,8,45.54216384887695,95650,4,2.1633342949259147,2,99,0,0,0,0,0
42,17,190.2891082763672,92107,2,3.5497516494484924,1,0,0,1,0,0,1
29,3,52.12253952026367,94277,2,3.222402024726777,1,0,0,0,0,1,0
43,16,117.3298568725586,93361,2,6.524369420102487,1,0,1,0,1,1,0
46,27,140.4307098388672,92847,1,5.186232568028459,1,226,0,1,0,1,0
53,29,44.40558624267578,94430,1,0.9384942934383554,2,107,1,0,0,0,0
29,4,52.12685775756836,91941,4,2.0116031061023505,1,355,0,0,0,0,0
29,9,40.47857666015625,92007,4,2.0156553626867604,1,230,0,0,0,1,0
33,9,142.3798370361328,90099,1,2.8316705574561216,1,0,0,0,0,1,0
57,30,26.70320701599121,92616,2,0.6843825510408283,2,0,0,0,0,1,0
34,4,98.15093231201172,93905,2,2.3042522895356954,1,0,0,0,0,1,0
59,35,69.48216247558594,91525,4,2.556937396007462,1,145,1,0,0,1,0
33,15,14.102903366088867,94914,3,0.1747891221822634,3,0,1,0,0,1,0
66,37,13.921448707580566,91983,4,0.2897713019065439,3,0,1,0,0,1,0
35,2,53.48784637451172,92050,1,1.799359757277562,3,146,0,0,0,0,0
40,11,29.276582717895508,92601,2,0.1434073030962741,1,0,1,0,0,0,0
39,34,38.73035430908203,96107,2,2.255565421154966,3,0,0,0,0,0,0
43,15,40.58278274536133,96245,3,2.1820051891478287,1,0,0,0,0,1,0
54,31,83.88439178466797,94514,4,6.236235537800364,3,0,0,0,0,0,0
57,26,65.92867279052734,94062,1,0.9963708021814006,3,220,1,0,0,1,0
45,19,71.26469421386719,95130,1,0.1790223921305627,1,0,0,0,0,0,0
52,18,11.2859525680542,92663,4,0.3246319733249976,3,0,0,0,0,1,0
55,25,62.21651077270508,90341,1,0.1719459591271198,1,0,0,0,0,0,0
53,31,76.38088989257812,91396,2,1.1471821257030692,1,0,0,0,0,1,0
41,22,89.1892318725586,91250,4,2.2927028861399306,3,262,1,0,0,1,0
28,5,61.08032989501953,92161,3,0.5251670296819497,1,0,1,0,1,1,0
42,15,34.76792907714844,94602,3,2.322773703979263,1,0,0,1,1,1,0
43,22,60.29384994506836,90070,1,1.3263464385050645,3,0,0,0,0,0,0
57,32,49.58976364135742,94411,1,4.778936941468067,1,0,0,0,0,1,0
29,4,27.97026634216309,92148,4,1.719965806099752,1,93,0,0,0,0,0
44,22,91.36351013183594,91315,1,1.0200770490959397,1,0,0,0,0,1,0
41,14,159.70880126953125,95773,1,3.901853501556508,3,0,1,0,0,1,1
52,23,73.58824920654297,92261,2,0.2483074599345385,1,0,0,0,0,0,0
34,7,68.03898620605469,93967,2,1.868669271721956,2,0,1,0,0,0,0
31,7,44.08900451660156,96102,2,0.460862680094763,1,0,0,0,0,1,0
58,24,25.32884979248047,92916,4,1.244436026005177,2,124,1,0,1,1,0
53,18,63.61175155639648,90628,2,2.24764471563822,1,0,1,0,0,1,0
64,36,34.741058349609375,95688,3,1.6110086469997782,3,0,0,0,0,1,0
49,21,67.1540756225586,91542,4,1.7414410256887405,2,0,1,0,0,1,0
38,16,56.29150390625,91608,2,1.8154048442479869,1,0,0,0,0,1,0
52,27,64.18313598632812,92781,4,0.6414854410364237,1,0,1,0,0,1,0
42,18,160.03970336914062,91205,2,3.5100023759980523,3,0,1,0,1,1,0
44,20,132.92799377441406,94792,2,2.614525701705524,2,0,1,0,0,0,1
47,20,58.86122894287109,92877,4,1.5369149175809764,3,0,0,0,0,0,0
59,33,51.91226577758789,94308,1,0.3030810911270082,1,0,1,0,0,0,0
40,24,79.56483459472656,91274,4,3.280233455239699,1,0,0,0,0,1,0
66,36,49.78909683227539,91524,3,1.6427962441829258,2,0,0,0,0,1,0
50,26,93.28662872314452,93036,2,0.0753737183352207,1,361,0,0,0,1,0
31,3,46.47284698486328,94293,3,1.0967578480150364,2,0,1,0,0,1,0
45,18,14.548576354980469,95226,1,2.777667435839464,3,0,1,0,1,1,0
57,37,72.18804931640625,90020,4,1.7874083004050874,2,0,0,0,0,0,0
30,2,114.0285415649414,95311,2,2.424858136444731,2,0,0,0,0,0,0
60,36,39.689598083496094,91917,1,0.4172393447159804,1,0,0,0,0,1,0
58,30,85.47797393798828,93231,1,1.4238879480905595,3,0,0,0,0,0,0
28,11,67.11312866210938,94972,1,0.8287909674314538,2,165,0,0,0,0,0
37,10,43.24727249145508,92859,2,3.460956205894584,3,151,0,0,0,0,0
61,33,17.772911071777344,91567,4,0.1667887559419367,1,0,1,0,0,1,0
37,9,125.74492645263672,94882,2,2.569868857402181,1,225,0,1,0,0,0
53,18,100.6473617553711,95063,2,0.231972521931651,1,0,1,0,0,0,0
59,36,123.12921905517578,94633,3,5.528676307534821,1,0,1,1,1,1,0
33,6,58.63203048706055,95275,4,3.092601009177004,2,0,0,0,0,0,0
64,39,113.93466186523438,96032,1,1.9382184178947213,1,408,0,0,0,0,0
51,22,63.99045181274414,90148,1,0.3848891645106357,1,0,0,1,0,1,0
50,22,35.90586853027344,92938,4,0.4881535407468426,1,384,0,0,0,1,0
43,17,65.36526489257812,92872,1,2.1666055817173677,1,0,0,1,0,1,0
57,26,142.30642700195312,92510,2,7.73708881178639,1,0,0,0,0,0,0
32,14,76.63199615478516,93390,3,1.765480310273713,3,0,0,0,0,1,0
64,40,29.398344039916992,95385,2,0.2813605960287041,2,182,1,0,0,0,0
53,35,98.56730651855467,91717,2,1.491173116517569,3,0,0,0,0,1,1
40,16,61.085182189941406,90909,3,0.1780836235497518,2,0,0,0,0,0,0
47,13,69.47648620605469,93967,3,0.3040580927828472,2,0,0,0,0,1,0
38,10,45.60779571533203,94576,1,1.649260598223503,1,379,0,1,0,1,0
36,10,161.01583862304688,94499,2,1.4612044252384542,1,258,0,0,0,1,0
31,7,183.18734741210935,91552,2,3.969304259168276,1,0,1,0,0,1,0
27,0,88.4301986694336,94829,2,0.7581715482342983,1,103,0,0,0,1,0
39,25,36.63518524169922,91990,3,0.7546359837506181,1,118,0,0,0,0,0
28,0,64.592529296875,94395,1,2.683541849306524,1,0,0,1,0,1,0
30,-1,89.71743774414062,92862,1,1.5415248466025095,3,119,0,0,0,0,1
65,41,41.10184860229492,92108,4,1.7103436615293657,1,0,1,1,0,1,0
51,29,78.26235961914062,94471,4,1.653368151576501,1,0,1,0,0,1,0
45,21,198.0664520263672,94999,1,5.214467627038504,1,410,0,1,0,1,0
45,25,56.31624984741211,96186,2,2.129935730531642,1,0,0,1,0,0,0
33,7,32.28238296508789,90126,4,0.3661196215304207,1,122,0,0,0,1,0
30,8,165.53582763671875,91536,1,1.5510683856947098,1,0,0,1,0,0,0
66,34,48.83160400390625,96062,3,2.883564682225781,1,0,0,0,0,0,0
39,13,121.86808776855467,89876,4,4.892301541288756,1,153,1,0,0,1,0
38,14,124.2252197265625,94117,2,3.244097851246971,1,0,0,0,0,0,0
30,6,80.70429992675781,95569,2,1.4998916678183318,1,0,0,0,0,1,0
29,2,84.47765350341797,92359,4,1.8003925217563226,1,148,0,0,0,1,0
55,38,65.80655670166016,95934,1,1.161730652115652,3,0,0,0,0,0,0
44,19,43.78485107421875,95274,2,2.1844597150536336,3,133,0,0,0,1,0
57,34,27.112754821777344,94831,3,1.317771769449854,1,0,0,0,0,1,0
55,38,48.54231262207031,95692,1,1.9518139747841283,3,98,0,0,0,0,0
59,23,10.87787914276123,95600,2,0.2256162869151296,3,0,1,0,0,0,0
43,24,74.6243896484375,93812,1,1.7960903268286217,1,0,0,0,0,0,0
40,11,82.32698059082031,93123,1,2.5650404263560103,3,0,0,0,0,0,0
61,34,13.003064155578612,94192,2,0.3767224271074239,3,101,0,0,1,1,0
50,21,30.21281623840332,94223,1,0.4617772744403681,3,0,0,0,0,1,0
30,3,15.892633438110352,91702,4,1.2198853088840755,1,0,0,0,0,1,0
37,12,42.09735870361328,94169,2,0.306946134553655,2,0,1,1,1,1,0
31,13,95.05025482177734,91529,2,6.402731586900704,1,227,0,0,0,1,0
45,24,97.60417175292967,95757,3,1.3183818696941103,3,0,1,0,0,1,0
46,27,75.49823760986328,91858,1,1.7133639848724735,3,0,0,0,0,1,0
54,31,55.21528244018555,90111,1,0.4477072503529608,2,0,0,0,0,0,0
25,-1,79.8976821899414,92205,4,1.0794649857994436,3,0,0,1,0,0,0
36,0,79.45093536376953,94552,2,1.282938508067646,2,0,0,0,0,1,0
40,13,155.2475128173828,94393,1,1.205788538243546,1,0,0,0,0,1,0
32,6,81.44689178466797,94751,3,2.1586822000886525,2,0,0,0,0,1,0
44,24,32.450469970703125,91409,3,0.6079511348871318,2,0,1,0,0,0,0
41,16,98.33998107910156,91669,3,0.2733170168831088,1,0,0,0,0,0,0
62,37,34.71920394897461,94183,3,0.3638773485163057,1,0,1,0,0,0,0
40,7,132.75665283203125,91488,2,2.636133699329364,1,0,1,0,0,1,0
45,23,71.23851013183594,94295,4,1.8283955285100384,1,97,0,0,0,0,0
36,27,136.9294891357422,92357,4,1.999540025479989,3,0,0,1,0,0,0
50,30,116.24303436279295,92083,2,3.1330865576198947,3,0,0,1,0,1,1
59,36,27.324386596679688,92996,4,0.5878500576584381,2,147,1,0,0,1,0
56,27,95.6777114868164,93223,2,1.934809259768112,2,0,0,0,0,0,0
31,6,153.06240844726562,94593,1,2.536405931514158,1,0,0,0,0,1,0
32,21,67.22859191894531,93937,1,2.95494351763939,2,0,0,0,0,1,0
27,0,86.09349822998047,92825,1,3.7312455040174033,3,0,0,0,0,0,0
53,24,90.0901870727539,92651,2,1.3117100153359618,3,0,1,0,0,0,0
37,14,135.90992736816406,93858,3,0.3082921298248262,2,0,0,0,0,0,1
51,36,63.31719970703125,92662,2,2.0038027189337844,2,0,1,0,0,0,0
40,20,43.45431900024414,93007,1,1.6681224160288968,3,111,0,0,0,0,0
32,8,41.254173278808594,90307,3,0.1394712219472584,2,0,0,0,0,0,0
38,15,49.08150863647461,91335,1,2.4453729846811383,3,232,1,0,1,1,0
51,23,68.29789733886719,95129,1,1.222513949124626,1,0,1,0,0,1,0
43,24,64.07826232910156,95859,2,0.2368541055269828,3,92,1,0,0,0,0
39,15,48.50779724121094,91073,2,0.1285174760755714,2,0,1,0,0,0,0
60,35,37.82098007202149,94797,4,2.133671369052492,3,0,0,0,0,0,0
49,24,41.580711364746094,94584,3,1.7038516265232284,2,0,0,0,0,1,0
57,25,53.60245513916016,90357,3,1.0389293816877267,3,0,1,1,0,1,0
56,32,54.485652923583984,92526,4,1.172440000972382,3,0,1,1,0,0,0
34,20,148.06558227539062,94937,2,7.488295668402932,1,0,1,0,0,1,0
51,27,76.94773864746094,95345,3,1.680710011343344,3,0,0,0,0,0,0
50,33,185.9056701660156,94561,2,6.556769281625778,1,0,0,0,0,1,0
45,21,92.74435424804688,95307,3,5.3621819978877765,1,0,1,0,0,0,1
27,29,29.16443252563477,92952,1,0.9855090893868488,2,168,0,0,0,1,0
27,0,26.46468544006348,94977,4,2.4408521896221766,1,171,0,0,0,1,0
53,16,52.26163101196289,94419,3,0.5254432245402586,1,137,0,0,0,0,0
32,7,68.76705932617188,90370,4,0.8107268584969554,2,0,0,0,0,0,0
48,27,55.47850036621094,92277,1,0.8747741198577065,2,0,1,0,0,0,0
62,36,156.76441955566406,94279,4,1.3176703076740637,2,0,0,0,0,0,1
33,8,52.63663101196289,90371,2,2.746858673470318,3,0,1,0,0,0,0
45,30,62.940425872802734,94158,2,2.472741275721156,3,134,1,0,0,1,0
64,34,98.10562896728516,91141,3,4.343484124893159,2,0,0,0,1,1,1
57,38,115.91014099121094,92058,4,1.8752208499183824,1,0,0,0,0,1,0
27,3,30.448331832885746,94607,4,0.4010815190982733,1,0,0,0,0,1,0
27,5,50.44192886352539,92143,3,3.023443770588664,1,0,0,1,0,1,0
45,24,25.124542236328125,95449,4,0.403619430950366,1,375,1,1,0,1,0
62,36,69.51455688476562,90191,3,0.4491121107893648,1,0,1,1,1,1,0
46,20,30.899002075195312,94952,1,0.3403380633424571,1,0,0,0,0,1,0
61,42,74.55536651611328,90088,4,0.3088868757217684,3,0,1,0,0,0,0
46,16,62.97343063354492,94164,1,0.4056581510629074,1,0,0,0,0,1,0
60,36,17.489316940307617,93353,4,1.960889311715611,1,0,1,0,0,0,0
54,37,163.1346435546875,92826,2,6.245225749790214,1,0,0,0,0,0,0
46,19,46.45272064208984,91330,1,1.209222701717244,3,0,0,0,0,1,0
27,-2,178.71343994140625,93576,3,2.582792356450752,1,0,0,0,0,1,0
31,4,83.50936889648438,94758,4,2.405055242227947,1,0,1,0,0,1,0
28,1,35.64810943603516,95562,2,0.0162953932028392,2,0,0,0,0,0,0
62,38,52.90789794921875,91147,1,1.33975527909588,3,0,0,0,0,1,0
48,19,49.39036178588867,92183,1,0.8966305150337672,2,0,0,0,0,1,0
51,30,81.25840759277344,94945,2,1.7719742044482836,2,0,0,0,0,1,0
41,19,61.840179443359375,94430,2,0.3145836246508388,1,108,0,0,0,1,0
60,32,33.00244140625,94043,1,1.8121271993346024,3,0,0,0,0,0,0
39,26,57.40855026245117,95179,1,0.5814014198941205,2,0,0,0,0,0,0
37,9,16.35331916809082,93628,4,0.8450602962614293,3,0,0,0,0,0,0
27,4,71.36166381835938,94723,4,1.61202686163009,1,0,0,0,0,0,0
28,4,62.75042343139648,91949,4,1.8172193965087888,1,0,0,0,0,1,0
42,17,80.48992919921875,91675,1,3.8530079360214256,3,0,1,0,0,1,0
41,12,163.6613006591797,95147,1,0.5277810715851,1,0,0,0,0,1,0
38,7,36.75786590576172,94352,1,0.9758874492718695,2,0,1,0,0,1,0
60,32,75.1911392211914,92148,2,0.3375198429708534,2,101,1,0,0,1,1
29,8,56.09691619873047,92711,1,1.1686629742432393,1,0,1,0,0,1,0
32,9,88.20275115966797,95907,2,1.5938765376584,3,0,1,1,0,1,0
52,30,72.91498565673828,89938,1,2.1090237363339077,2,0,1,0,0,1,0
62,33,74.88052368164062,92279,4,3.81274427272236,2,143,1,0,0,1,0
39,15,50.99446868896485,90570,4,0.7247538258435463,1,0,0,0,0,0,0
41,1,42.30335235595703,95411,4,0.5208376773310958,3,0,0,0,0,1,0
35,10,81.45944213867188,92769,4,1.789524695228262,2,0,1,0,0,1,0
55,26,177.1981964111328,94686,1,1.140232455033635,1,0,1,0,0,1,0
67,39,79.06000518798828,91641,3,2.122525036139996,2,159,0,0,0,1,0
46,22,136.58412170410156,95129,2,0.2947795826277963,1,0,0,0,0,0,0
57,34,59.76717758178711,94938,2,0.3813181252989088,3,0,0,0,0,0,0
63,38,180.58555603027344,93248,1,0.3746605986443531,1,0,0,0,0,1,0
42,29,78.66231536865234,95040,2,1.1354425104827066,3,0,0,0,0,1,0
32,6,55.83672332763672,94442,2,3.85349608333784,1,0,0,0,0,1,0
52,28,12.874717712402344,95881,4,0.3404487065125678,2,0,0,0,0,0,0
30,8,61.30086517333984,91834,4,1.1482143549617023,2,0,0,0,0,1,0
65,42,44.36145782470703,94888,4,1.2203965402783024,1,0,0,0,0,1,0
52,23,114.79056549072266,90277,2,1.1510471417643633,3,178,0,0,0,0,0
61,40,15.78921890258789,92118,3,0.8506091044606984,2,0,0,0,0,0,0
28,13,169.2178192138672,94087,2,2.461170971002824,1,0,0,0,0,1,0
60,33,71.69155883789062,95943,1,0.6696452666899917,2,143,0,0,0,1,0
41,21,63.37068176269531,95118,2,0.7984547347218477,1,0,1,0,0,0,0
32,10,46.64854049682617,91969,3,0.1675845243111802,2,0,0,0,0,0,0
45,23,211.9242706298828,92892,2,9.242109475387451,1,156,0,0,0,0,0
61,38,90.03429412841797,90056,1,0.6323803183689176,1,0,0,0,0,0,0
64,40,47.297454833984375,93979,2,0.6264457050366781,3,0,0,0,0,0,0
44,16,82.17339324951172,94519,4,3.806833689282819,1,0,0,0,0,1,0
41,22,29.18539810180664,90018,1,1.7274213896413106,3,0,0,0,0,0,0
38,14,28.189926147460938,91370,4,1.5884221803938183,3,0,1,0,0,1,0
36,4,32.005592346191406,93619,3,1.358230237795789,2,0,0,0,0,1,0
34,11,85.98457336425781,94788,1,0.7941262303413165,1,0,1,0,0,0,0
33,11,69.76741027832031,92921,1,2.0705982552202515,3,0,0,0,0,0,0
27,4,154.8853759765625,92010,2,5.710945001123462,1,0,0,0,0,0,0
25,2,64.81269073486328,92340,1,2.777728957787804,1,0,0,0,0,0,0
54,16,38.48536682128906,93309,3,0.0507692157704222,2,134,0,1,0,0,0
30,4,46.2266845703125,91991,2,0.1915387594962079,1,0,0,0,0,0,0
48,19,42.225074768066406,94626,4,1.767418262663078,2,0,0,0,0,1,0
47,30,77.07048034667969,94529,2,1.1131941061709352,3,0,1,0,0,0,0
25,1,202.4102325439453,92060,2,5.817354952561065,1,378,0,0,1,1,1
49,27,67.22713470458984,91352,2,4.222709111656488,1,235,0,0,0,1,0
56,26,31.27260971069336,91823,4,2.350088087899741,3,0,1,0,0,1,0
39,15,120.53834533691406,92878,3,3.014348101087033,3,263,0,0,0,0,1
40,18,49.43238067626953,90434,2,1.7006919766296011,1,0,0,0,0,0,0
58,26,97.99364471435548,95564,4,0.4541789342980686,3,0,0,0,0,0,1
53,38,97.05368041992188,90021,2,1.671232861398689,3,0,1,0,0,0,0
35,9,57.25188446044922,90248,3,2.379272504767149,2,0,0,0,0,0,0
49,24,40.19466400146485,96256,4,1.912079119657664,2,133,0,0,0,0,0
48,28,113.857421875,94208,1,2.999823710059581,1,157,0,0,0,0,0
28,5,60.22901916503906,94873,2,3.3467379404886093,1,136,1,1,1,1,0
29,7,44.80821228027344,95453,4,2.031342697055478,2,0,1,0,0,0,0
45,23,39.21011352539063,91382,3,2.083208449620625,1,0,0,0,0,1,0
29,7,32.72420883178711,91539,1,3.213015427548805,2,0,0,0,0,1,0
28,4,131.94215393066406,95205,3,3.472432514527304,1,203,1,0,0,1,0
42,15,63.01240539550781,92185,4,1.188967618715407,1,0,1,0,0,1,0
56,33,23.784236907958984,94881,3,1.4050898686126825,2,152,1,0,0,1,0
36,10,56.31324768066406,90959,2,2.5763020438192856,1,0,0,0,0,1,0
49,26,77.34949493408203,95037,4,1.5954921453366429,1,0,0,0,0,0,0
59,31,52.45597839355469,92239,2,1.806234259307535,3,0,0,1,0,0,0
31,7,89.42474365234375,91952,4,1.4037093690005715,2,0,0,0,0,0,0
36,10,84.7060775756836,90021,3,0.3764361835192417,2,0,0,0,0,0,1
35,11,103.341552734375,91994,1,1.5609607339863258,3,0,0,1,0,0,0
61,35,62.40972137451172,89987,4,2.1532870044180226,3,106,0,0,0,1,0
37,8,34.055267333984375,90890,4,0.2296896047641345,2,0,0,0,0,0,0
30,8,111.14899444580078,92388,4,2.5063498579091084,1,0,0,1,0,1,0
43,15,98.46660614013672,95316,3,1.2421545709853667,1,0,1,0,0,0,0
53,30,79.38990783691406,93294,2,0.2328171688235661,2,113,0,1,0,1,0
46,29,99.61424255371094,94049,3,1.998189251998352,3,0,0,0,0,0,0
56,33,67.1203842163086,91915,2,2.666705222268281,1,409,0,1,0,1,0
46,27,19.20294570922852,95733,4,1.9359225855690272,2,102,0,0,0,1,0
47,17,41.999290466308594,90012,3,0.8454722547001877,2,0,0,0,0,1,0
45,19,20.973203659057617,94713,4,0.3765844235645734,3,0,1,0,0,0,0
30,3,23.287845611572266,90071,4,2.239891567891944,2,0,0,0,0,1,0
61,35,105.23664855957033,92418,1,3.671390897721459,3,0,0,0,0,1,0
30,3,132.3277130126953,89859,1,0.8807404812858297,1,0,0,0,0,1,0
49,28,54.680912017822266,91188,4,0.8252710829620351,3,171,0,0,0,0,0
53,26,47.07506561279297,94360,4,1.362750084388492,3,0,0,1,0,0,0
65,35,139.32093811035156,92180,3,0.9710850370372724,2,0,0,0,0,1,0
52,21,192.66305541992188,91896,3,7.315106471375885,2,0,0,0,1,1,1
57,32,37.602142333984375,92707,2,0.6932395559778302,3,0,0,0,0,0,0
58,34,163.19940185546875,90713,2,2.036832748283035,1,0,0,1,1,1,0
61,31,77.27500915527344,94447,4,0.937753307470644,2,0,0,0,0,1,0
30,5,55.16594314575195,94087,4,3.1348297452041014,2,0,0,0,0,0,0
56,29,128.22189331054688,94174,1,1.048363378530363,1,0,0,0,0,1,0
56,33,91.20979309082033,92861,4,2.377436707413771,1,0,1,0,0,1,0
54,24,30.91916275024414,92764,3,1.0272050179958805,3,0,0,0,0,1,0
32,8,71.52151489257812,94168,4,0.8423987252759726,2,0,0,0,0,0,1
54,24,95.42391204833984,94662,3,2.958599710405424,2,0,0,0,0,0,0
60,38,56.46953582763672,91178,3,2.059881906314229,3,0,0,0,0,0,0
52,22,121.81917572021484,90327,1,0.0999368017659647,2,0,0,0,0,0,0
52,25,110.6562728881836,91593,3,0.3199487538427084,3,0,0,0,0,1,1
28,1,73.00697326660156,95996,2,1.6764407423571814,1,158,0,0,0,1,0
50,32,18.97724723815918,94307,4,0.3339305428704648,2,0,1,0,0,1,0
54,28,106.45609283447266,90310,2,3.0379301638619265,2,0,1,0,0,0,0
55,24,98.85842895507812,92071,2,1.5817474342957616,1,0,0,0,0,0,0
47,16,89.75491333007812,95160,2,1.672309179920722,2,0,0,0,0,0,0
33,23,22.923423767089844,94096,3,1.6146485632279843,2,0,0,0,0,1,0
32,9,21.344043731689453,92694,3,2.555142351823481,2,103,1,0,0,1,0
26,11,112.351806640625,90380,2,1.7068723092763496,1,0,0,0,0,0,0
26,-1,71.88554382324219,95006,1,1.5216049925429596,1,172,0,1,0,0,0
46,13,63.81085968017578,93872,1,1.463835762208089,3,0,0,1,0,1,0
45,24,67.95291900634766,95634,3,0.6327253272260439,3,0,1,0,0,1,0
59,38,43.16426849365234,94391,4,1.038517494867839,3,0,0,0,0,1,0
44,15,48.4412841796875,92011,1,0.1932341631795117,2,0,0,0,0,1,0
31,5,41.19330978393555,93148,4,0.2806208399556445,1,139,1,0,1,1,0
45,18,59.48777389526367,94697,1,3.5151830360204595,3,0,0,0,0,0,1
57,31,39.91058349609375,92766,3,2.7491260891876568,3,0,0,0,0,1,0
39,15,70.79541015625,93913,4,3.459444454064532,1,102,0,0,0,1,1
54,30,13.669486045837402,91932,3,0.2106785348303535,3,0,0,0,0,0,0
32,14,52.894649505615234,91927,1,1.0744149758460415,2,0,1,0,0,0,0
54,34,45.09907150268555,93219,3,2.170574001057038,2,0,0,1,0,1,0
45,20,76.12318420410156,93245,3,0.8080827474951124,2,0,1,0,0,0,0
25,-3,25.516193389892575,93696,4,2.396310046451091,2,0,0,0,0,1,0
57,35,59.46458435058594,95474,2,1.9440621402483893,3,273,0,0,0,0,0
31,3,52.57586669921875,96425,4,1.4946886846203862,3,0,0,0,0,1,0
60,31,45.55236053466797,95012,2,0.2249853680019116,1,0,1,0,0,1,0
48,25,26.7015323638916,90377,3,1.0419581960131692,2,138,1,0,0,1,0
34,6,99.09022521972656,90955,3,2.295283193992382,2,0,0,0,1,1,0
34,5,61.92329788208008,91221,1,0.6639601665181856,1,0,0,0,0,0,0
46,22,101.25447082519533,95741,4,2.530826422007201,2,116,1,0,0,1,0
55,27,37.991455078125,91409,1,0.2670681752989971,3,0,0,0,0,1,0
39,22,68.67300415039062,92053,4,1.913625082351487,2,0,0,0,0,1,0
50,24,163.42535400390625,92584,3,5.657859729941112,3,0,0,0,1,1,1
59,23,109.61870574951172,90579,4,4.522388815184102,3,0,1,0,0,0,1
48,24,59.20596694946289,94773,1,0.4816124939676393,2,0,1,0,0,1,0
50,15,26.489526748657227,94401,3,0.4165005967962056,2,0,1,0,0,1,0
45,13,187.72476196289065,90280,2,6.405923946340942,1,0,0,0,0,1,0
66,40,106.3340301513672,92907,1,2.4347866834389618,1,428,1,0,0,1,0
49,35,59.24905014038086,94293,2,2.3149619314271344,2,96,1,0,0,0,0
43,15,45.828243255615234,92200,2,0.4776440459795904,1,0,0,1,0,0,0
32,12,144.2167510986328,92048,1,0.9382155099376184,1,310,0,0,0,1,0
29,4,50.98629760742188,90113,1,1.9763971180865303,2,0,1,0,0,1,0
58,29,184.05130004882807,95346,1,0.0939854973968083,2,0,0,0,0,0,1
44,31,48.5849609375,94309,2,5.5845719426474805,1,0,0,0,0,1,0
28,9,14.75279426574707,93603,4,0.3319327549392327,2,0,0,1,0,1,0
55,33,49.97264099121094,92339,2,2.201304783787348,3,99,0,0,0,0,0
63,37,147.62405395507812,95065,4,2.8388694931672087,1,0,0,0,0,0,0
24,0,73.5698471069336,94477,2,2.4432191586743426,2,0,0,0,0,1,0
55,19,93.93670654296876,92250,4,4.883982770301434,2,0,0,0,0,1,1
61,33,139.02590942382812,91259,1,3.947704706209568,1,0,1,0,0,0,0
29,3,82.49494171142578,90009,2,0.9881479933008692,1,0,1,0,0,1,0
42,14,153.66851806640625,94757,1,0.4002195908260644,1,0,0,0,0,0,0
35,19,133.91600036621094,90136,4,4.010526642039275,3,0,0,0,0,0,1
44,22,77.06241607666016,94693,2,1.9101514891275029,3,0,0,0,0,0,0
60,27,12.135103225708008,93320,2,0.89019146616943,3,0,1,0,0,1,0
38,13,59.18934631347656,94166,4,2.557442054331969,1,0,1,0,0,1,0
39,12,85.00300598144531,94178,1,1.1157655202454144,1,128,0,0,0,1,0
63,39,50.096946716308594,94260,4,0.297464180411396,2,0,0,0,0,0,0
44,15,139.5305938720703,93188,1,0.4058950685317009,3,0,0,0,0,1,1
44,24,52.69067001342773,94210,4,1.2751625694911295,3,176,0,0,0,0,0
40,22,114.97241973876952,95968,4,0.9170786413137808,3,0,0,0,0,1,1
50,17,93.1575927734375,94058,1,0.3831939627130482,3,120,0,0,0,1,0
34,9,38.151851654052734,95644,4,1.9615591760247395,1,0,0,0,0,1,0
41,16,51.65568161010742,90535,1,0.9778447171019352,2,201,0,0,0,1,0
48,22,80.9937744140625,92027,4,0.0327026844414729,1,0,0,0,0,1,0
47,22,86.00581359863281,91583,2,2.002497502166415,3,241,0,0,0,1,0
54,19,36.00495910644531,93833,1,2.133317127077046,2,102,0,0,0,0,0
62,36,33.26941680908203,94308,3,0.2491805863515597,2,0,0,0,0,1,0
49,31,73.6861343383789,89828,1,1.717800172779877,3,0,0,1,0,0,0
54,37,44.84360122680664,93012,4,1.5569183989239697,2,0,1,0,0,0,0
48,28,69.16039276123047,90090,2,1.963002795751922,1,0,0,0,0,0,0
61,36,48.36811828613281,91795,3,0.6373953620871279,3,174,0,0,0,1,0
53,26,61.55078506469727,90271,1,1.0022532503420751,3,0,1,0,0,1,0
32,12,32.909156799316406,95502,1,0.2391374209657997,2,0,1,0,0,0,0
57,36,68.45512390136719,94683,2,0.9535654083509508,3,0,0,0,0,0,0
31,18,94.4320297241211,90151,2,1.1249081704231512,2,0,0,0,0,0,0
24,2,38.05880737304688,94924,3,0.88091649552208,3,149,0,1,0,0,0
61,27,18.168188095092773,93181,4,1.0570329352768264,3,0,0,0,0,1,0
29,12,24.95690155029297,95545,4,2.8298761052202988,3,0,0,0,0,1,0
61,35,170.94708251953125,94516,1,6.611070155806616,1,0,0,0,0,1,0
57,34,56.93911743164063,95217,3,1.6586254614300129,2,0,0,1,0,0,0
60,36,38.05288314819336,90492,4,1.0787261771207588,1,138,0,0,0,1,0
40,9,81.99368286132812,90224,1,0.1461955792863529,1,0,0,0,0,1,0
59,35,45.51607131958008,91993,2,0.4141361388892431,1,200,0,0,0,1,0
55,28,48.55084228515625,95382,1,2.1890115647571733,3,0,0,0,0,0,0
57,29,16.342575073242188,94651,2,1.5223252912205747,3,0,0,1,0,0,0
59,17,110.37989807128906,95925,2,2.7188281492452657,1,0,0,0,0,1,0
55,32,57.91179275512695,92507,1,0.4275556738017238,3,0,1,0,0,1,0
45,30,132.3875732421875,90395,1,1.7664062114235035,2,0,1,0,1,1,0
26,0,64.14891052246094,90176,4,0.1978690294046357,1,0,0,0,0,0,0
47,25,24.863285064697266,94373,4,0.1771265029060846,1,79,0,0,0,1,0
55,27,64.02132415771484,94885,2,1.5927831134252066,3,0,0,0,0,0,0
36,7,25.441829681396484,92611,4,0.3069968253706363,1,169,1,0,0,1,0
43,9,59.852298736572266,93052,1,0.5951089836807582,3,0,0,1,0,0,0
39,9,18.818946838378903,94095,1,0.7828501637952228,3,0,1,0,0,1,0
46,32,58.13742065429688,92252,1,0.1403532020298058,2,0,0,0,0,1,0
60,21,24.54537773132324,95439,2,0.4817247815005588,2,0,1,0,0,0,0
62,22,14.236773490905762,94213,2,1.6019667035309708,3,0,1,0,0,1,0
51,31,75.56226348876953,92132,1,2.009485424435354,2,0,0,0,0,0,0
54,23,12.589088439941406,92023,1,0.2153277023791228,3,98,0,0,0,0,0
49,20,97.1387176513672,91737,2,3.851381234907017,1,0,1,0,0,0,0
66,41,37.829437255859375,92156,3,0.7371000510882636,2,127,0,0,0,1,0
36,12,130.68765258789062,94654,2,2.932024242563073,2,0,1,0,0,0,1
44,16,58.61928939819336,95007,1,1.6557571242894902,2,0,0,0,0,1,0
45,17,55.17185592651367,94347,2,2.25084423023914,1,0,0,0,0,1,0
58,35,34.24283218383789,93090,3,0.5385575383229397,2,0,0,0,0,1,0
61,29,45.62242889404297,92971,4,1.4295061129193054,3,0,0,0,0,1,0
42,18,108.48638153076172,94209,3,1.0824617289408058,1,200,0,0,0,0,0
29,7,94.52295684814452,90108,4,0.9894175337987662,2,0,0,1,0,1,0
61,34,52.53302001953125,96018,1,1.0868154869837865,1,158,0,0,0,1,0
35,11,64.0924072265625,92795,1,2.039147878775127,2,0,1,0,0,1,0
42,7,78.17520904541016,95991,2,4.518997345344532,1,155,1,0,0,1,0
44,24,27.417875289916992,95141,2,0.1884058188013019,1,0,1,1,1,1,0
28,3,155.38037109375,92226,1,7.184410326295296,1,0,0,0,0,0,0
50,20,43.83422470092773,92162,3,2.141218056529121,2,0,1,0,0,1,0
34,14,38.26582336425781,91206,4,1.7383403499489471,3,0,0,1,0,0,0
54,21,88.69462585449219,91924,2,0.3782513621981667,1,153,0,0,0,0,0
51,22,202.55609130859372,92053,2,4.1425288408197165,1,0,1,0,0,0,0
64,41,35.875091552734375,91036,3,0.0893173135160517,2,0,0,0,0,1,0
55,24,67.60719299316406,90370,1,0.2648204963401115,2,0,0,1,0,0,0
61,40,45.31773376464844,94725,2,1.840378309104932,2,96,1,0,0,0,0
59,36,40.21660232543945,94613,4,1.2289318120050687,1,0,1,1,0,1,0
43,17,50.30241775512695,91868,2,0.3806845948962638,3,0,0,0,0,0,0
29,2,16.541854858398438,93848,3,1.1076884495006651,1,106,1,0,1,1,0
39,0,47.1856575012207,92904,4,2.995321085705859,2,0,0,0,0,1,0
43,12,97.3148422241211,90445,4,1.8306040443420368,3,0,0,0,0,1,1
34,13,139.4145965576172,94628,2,1.8204500998105215,1,115,1,0,0,1,0
49,24,30.678041458129883,94520,3,1.9659585756082487,2,96,0,1,0,1,0
43,16,87.28359985351562,94984,4,1.03828603614717,2,0,0,1,0,1,0
53,22,62.32235336303711,92445,1,0.5659812107836705,3,57,1,0,0,1,0
52,28,37.17491912841797,91993,4,1.705728193633677,1,0,1,1,0,1,0
66,33,15.277774810791016,95610,3,0.3979862072959092,2,103,0,0,0,1,0
63,39,154.9992218017578,90442,1,6.014661255635054,1,0,0,0,0,1,0
53,26,16.449344635009766,93981,2,0.0390785740093428,3,0,0,0,0,0,0
44,22,53.19969177246094,95884,3,2.601844881737478,1,0,1,0,0,1,0
27,-1,66.12626647949219,94421,3,0.8690711800772846,1,0,1,0,1,1,0
45,16,95.27183532714844,95727,3,2.736728030991316,2,0,1,0,0,1,0
50,20,67.38230895996094,91779,3,1.3206733714155634,2,0,0,0,0,1,0
56,39,58.56011199951172,92490,2,0.4241642985506954,3,158,0,0,0,0,0
32,3,64.65536499023438,93947,2,1.6299268657627637,3,108,1,0,0,0,0
31,28,146.9936981201172,95036,4,4.056566843647151,1,97,0,0,0,1,0
25,0,135.96620178222656,94644,3,4.487262809328055,2,0,1,0,0,0,1
42,25,34.857383728027344,93604,1,0.7014497969905636,3,0,1,0,0,0,0
60,36,37.263427734375,94575,3,0.3098506134756555,2,0,0,0,0,0,0
28,4,42.96038818359375,92269,3,1.0451201486209096,2,0,1,0,0,1,0
46,20,68.45100402832031,91529,1,3.936375676762972,2,165,1,0,0,1,0
37,7,207.4532470703125,94785,1,6.826444940652886,1,425,1,0,0,1,0
50,26,78.23174285888672,95322,2,2.890030263094791,1,0,0,0,0,1,0
27,2,31.955020904541016,94329,1,1.5308419607082355,1,55,0,0,0,1,0
26,2,54.26351547241211,94522,2,0.3198559938685094,2,0,0,0,0,1,0
42,39,18.960071563720703,94007,3,0.2517469250149965,3,83,0,0,0,1,0
27,-1,32.61280822753906,94775,4,0.9004573864898314,2,0,0,0,0,0,0
43,15,135.40316772460938,94724,1,3.285223159694809,1,386,0,0,0,0,0
56,26,127.17760467529295,94361,2,4.319001112805181,1,461,0,0,0,1,1
65,39,78.0691909790039,91313,2,0.5017858785821612,1,0,1,0,0,1,0
42,23,94.0354461669922,90454,1,3.434172227250754,1,0,0,0,0,0,0
57,26,83.86895751953125,90067,1,1.2095709165479591,1,0,1,0,0,0,0
35,14,72.80929565429688,95558,3,2.318431339581483,2,0,0,0,0,0,0
51,35,120.43931579589844,95822,3,6.78556766083055,1,0,1,0,1,1,0
53,22,35.74266052246094,92297,2,0.62755008959877,2,0,0,0,0,0,0
26,7,162.0120086669922,95375,3,0.0549241063257439,1,0,0,0,0,0,1
29,4,49.679962158203125,94539,4,0.2937396937247766,1,125,0,0,0,0,0
45,26,25.87268447875977,95637,2,0.7454895129717065,3,259,0,0,0,1,0
58,31,17.688743591308594,90324,1,1.7540928776300266,3,0,1,0,0,1,0
57,21,58.59882736206055,94650,4,3.0113485710857963,2,0,0,0,0,1,0
49,18,147.6246337890625,95567,2,5.685348066718128,1,106,0,0,0,0,0
51,27,15.16806411743164,94574,4,0.7680700283594893,2,150,1,0,0,1,0
37,12,46.08079147338867,95724,3,2.4040313825062194,3,352,1,0,0,1,0
49,26,8.755655288696289,91668,1,0.4324765714673441,3,0,0,0,0,1,0
44,15,141.91281127929688,95559,2,0.6818668587965178,1,0,0,0,0,0,0
45,20,86.76925659179688,94652,4,1.2211870529026796,1,0,0,0,0,0,0
59,33,53.65836334228516,90454,4,2.7185555442500444,3,0,0,0,0,1,0
50,22,64.71415710449219,92095,2,2.2511174014456428,2,0,0,0,0,1,0
61,40,59.05780029296875,95426,1,0.018933870191421,2,0,0,0,0,1,0
46,25,54.15190505981445,90322,3,0.2741142994630364,2,0,1,0,0,1,0
48,8,94.7713851928711,96507,2,2.8085595431442045,2,0,0,0,0,1,0
33,13,92.74683380126952,90992,1,6.7885998430681145,1,0,0,0,0,1,0
30,5,55.68455123901367,91202,4,1.78299933318156,3,0,0,0,0,0,0
45,13,61.36520004272461,92680,1,1.0919016907432235,1,0,1,0,0,0,0
35,10,183.53863525390625,90216,2,5.685881521207811,1,322,0,0,0,1,1
56,7,131.09848022460938,94502,1,8.132072113170752,1,0,0,0,0,1,0
52,18,132.08828735351562,91589,1,6.524693113062572,1,236,0,1,1,1,0
60,36,21.940460205078125,93614,4,0.0861647312946821,2,0,0,0,0,1,0
39,18,19.43045234680176,92041,3,0.2899702089944765,2,0,1,0,0,1,0
52,23,42.79693222045898,93056,2,0.8388845421158972,3,0,0,0,0,0,0
50,29,180.703857421875,95591,2,7.851593135323539,1,382,0,0,0,1,0
56,32,84.86132049560547,92758,1,2.567344574909902,1,0,1,0,0,1,0
28,4,169.83872985839844,95331,1,1.7360962294074331,1,234,0,0,0,0,0
59,37,48.7895622253418,90150,3,2.065097496194571,3,0,0,0,0,1,0
66,35,82.8045883178711,90563,3,4.435963479094967,2,152,0,0,0,1,0
50,23,100.95458221435548,94687,4,2.1314375030086223,1,0,1,0,0,1,0
55,18,46.080867767333984,94183,2,3.550864183110371,3,170,0,0,0,0,0
28,2,34.456729888916016,93449,3,1.9872055257159904,2,0,0,0,0,1,0
42,16,59.5395393371582,95517,3,0.1862993721206088,1,0,0,0,0,1,0
28,0,47.81856155395508,92904,1,1.1543950806260848,3,0,0,0,0,1,0
32,25,82.77893829345703,95810,4,0.3470935316378952,3,0,0,0,0,1,0
32,6,28.340425491333008,94493,3,0.2152755767896617,1,0,0,0,0,1,0
56,34,83.10711669921875,89791,2,0.3710996797682113,1,0,1,0,0,1,0
48,28,39.11995697021485,90309,4,1.3457215742967494,1,0,0,0,0,0,0
30,6,16.71484375,94356,3,1.8454159162468704,1,91,1,0,0,1,0
37,14,22.38153648376465,93373,1,1.9340512200587727,2,0,0,1,1,1,0
54,37,49.997291564941406,92674,2,0.0971904917551072,3,0,0,0,0,0,0
40,18,96.8590316772461,94425,1,1.2709058850155277,1,389,0,1,0,1,0
53,17,27.798377990722656,94126,1,0.5523608424682673,1,0,1,1,1,1,0
47,28,124.42372131347656,90172,1,0.1998779903761386,1,0,0,0,0,0,0
40,17,32.75410461425781,95549,2,0.44200774175057,2,185,0,0,0,1,0
53,29,38.08388519287109,92087,4,2.2255355896890894,1,0,1,0,0,1,0
47,27,22.4332275390625,90829,4,0.5764252030553172,3,105,0,0,0,0,0
40,16,127.36316680908205,89718,1,1.7823986731179573,1,0,0,0,0,0,0
56,38,149.24942016601562,93988,1,1.6113073247900334,1,0,0,0,0,1,0
44,21,119.31009674072266,95270,1,3.315309699678999,1,0,1,0,1,1,0
36,16,42.93717956542969,92012,4,2.111820469098163,2,0,0,1,0,1,0
49,28,69.95726013183594,91811,2,1.820300742181684,1,101,1,1,0,1,0
49,13,109.96392059326172,93123,2,3.60618756556009,1,0,1,0,0,0,0
40,24,53.661865234375,92121,2,0.3233911193192174,1,232,0,0,0,0,0
36,23,58.04850006103516,94223,4,1.0122678647163972,2,0,0,1,0,1,0
58,35,72.10986328125,96435,1,0.4263098745762192,1,0,0,0,0,0,0
28,4,122.7462387084961,95562,3,1.231364203549678,3,322,1,0,1,1,1
62,17,39.44884490966797,94134,1,0.8438696568657963,3,0,0,0,0,1,0
28,3,67.70603942871094,93490,2,0.8271762269966502,2,0,0,0,0,1,0
54,27,64.08853149414062,91896,4,1.0703690310596945,3,0,1,0,0,1,0
45,13,39.84433364868164,91513,4,0.6631448723585862,2,139,0,0,0,0,0
55,39,49.26758575439453,95510,1,0.320345804434695,1,0,1,0,0,0,0
31,8,46.4360466003418,94043,1,1.1422513899475768,3,0,0,0,0,0,0
43,13,24.76349258422852,94293,2,0.3574261490638121,3,123,1,0,0,0,0
53,30,36.34564971923828,94538,4,1.952435034752926,2,112,0,0,0,1,0
66,41,48.16319274902344,92005,3,1.5966561581908074,2,0,0,0,0,0,0
53,33,26.969491958618164,92992,1,1.535227979032376,3,0,0,0,0,1,0
34,8,44.04560089111328,92048,2,2.1250938004937803,1,137,0,0,0,0,0
44,17,55.972599029541016,92395,1,2.803342438008279,2,0,0,0,0,1,0
42,14,48.10975646972656,90666,1,1.450116566480839,1,0,1,0,0,0,0
45,32,21.72398567199707,91455,4,0.4830899883432847,3,0,1,0,0,1,0
64,30,19.73186683654785,90034,3,1.056612952736688,3,0,0,0,0,1,0
58,33,83.0984878540039,93174,1,5.692186674396196,3,521,1,0,0,0,0
34,9,29.991535186767575,92348,3,0.4057664105066322,3,102,0,0,0,0,0
38,24,13.238006591796877,94266,1,1.4736573961908288,3,143,1,0,0,0,0
55,36,61.02376556396485,94523,4,0.8491053142608485,1,0,1,0,0,1,0
39,4,29.57899475097656,92545,1,1.5468691620519153,3,0,0,0,0,0,0
42,24,90.70061492919922,91165,1,2.7427595323265384,1,0,0,0,0,0,0
32,6,53.26924896240234,92091,4,2.6920420575664683,2,0,0,0,0,0,0
63,39,22.66219711303711,91900,2,0.729566275080425,3,103,0,0,0,0,0
49,29,38.08799743652344,94579,3,0.1391006098641203,1,103,0,0,0,1,0
31,6,24.580415725708008,95022,4,0.5297472134662431,3,111,0,0,0,1,0
32,4,82.0490951538086,95002,1,1.435089575825177,1,0,0,0,0,1,0
58,35,54.04177474975586,94900,1,1.0447706025622163,2,0,0,0,0,0,0
28,5,122.20567321777344,91022,1,3.7409808148547214,3,0,0,0,0,1,1
32,24,57.98754119873047,95081,4,0.6928464051316817,3,0,0,0,0,0,0
50,34,120.71549224853516,91623,1,2.7162399192890825,1,0,1,0,0,1,0
36,14,69.40534973144531,92253,2,1.972889873626332,3,144,0,0,0,1,0
30,12,33.71068572998047,92607,3,1.3259203498919534,3,0,1,0,0,1,0
43,19,97.80868530273438,90495,4,1.8813519062717945,3,0,0,0,0,0,0
46,23,72.85362243652344,95256,4,2.3068767615089127,2,157,1,0,0,0,0
39,11,30.4194278717041,91601,2,0.8694648809679213,1,0,1,0,0,1,0
40,14,46.69047546386719,94304,2,0.2202337988078792,2,0,0,0,0,0,0
57,22,92.29621887207033,93743,3,1.2033145436123749,2,0,0,0,0,1,1
44,16,116.64154052734376,92527,1,2.745762433858588,1,0,0,0,0,1,0
54,37,145.91372680664062,90315,2,2.397207282380646,1,379,0,0,0,1,0
51,36,34.54719924926758,92702,4,0.2055750592954769,1,0,0,0,0,1,0
61,31,24.05508041381836,94609,1,0.3133637049743609,1,0,0,0,0,1,0
31,10,68.28463745117188,94492,1,1.7038291095359277,3,0,0,0,0,1,0
39,15,154.21885681152344,94168,4,7.30094860810163,3,0,0,0,0,0,1
52,28,41.61951446533203,91894,4,3.9579683448896974,1,0,1,0,0,0,0
60,38,80.7784194946289,92815,4,1.110883315476219,3,0,0,1,0,0,0
30,11,29.756572723388672,94480,1,1.6928493682901682,2,0,1,0,0,0,0
48,25,51.91874694824219,92287,4,1.7624109229526546,1,0,0,0,0,1,0
48,25,132.5541534423828,94855,2,4.621999258019374,1,0,0,0,0,1,0
28,6,54.64350891113281,94247,3,0.1295326436141597,2,0,0,0,0,0,0
57,32,82.39569091796875,89814,1,3.893025341702511,1,0,1,0,0,1,0
55,28,40.526615142822266,90125,2,2.027037615459508,3,0,1,0,0,1,0
50,33,139.9636688232422,96331,3,0.950336845564412,3,0,1,0,0,1,1
59,35,140.55442810058594,91075,3,0.4780096544993734,3,0,0,0,0,0,1
59,40,34.988521575927734,92297,4,1.960171957255148,1,84,0,1,0,0,0
36,7,9.545783042907717,90823,4,1.254528961063481,3,106,1,0,0,1,0
53,33,66.02943420410156,90236,4,2.9922376534874373,3,238,0,0,0,1,0
57,35,13.56214427947998,93444,2,0.5424910422982043,2,95,0,0,0,1,0
31,8,49.67570114135742,93864,3,2.163945644616448,2,0,1,0,0,1,0
41,12,66.89222717285156,94755,1,1.0928239005707967,3,0,1,0,0,0,0
52,29,103.75428009033205,90144,4,3.288593822181522,3,0,0,1,1,1,0
46,25,63.53868103027344,94459,4,1.8207771903949572,2,0,0,0,0,0,0
61,37,73.07246398925781,89964,4,2.9353333167375326,1,0,0,1,1,1,0
61,36,77.1802749633789,92842,3,1.056739850619394,3,284,0,0,0,1,0
53,23,85.8488540649414,95287,4,3.761480456344881,1,0,0,0,0,1,0
35,9,67.1124038696289,91356,2,0.2274559281740685,2,0,1,0,1,1,0
29,5,124.03236389160156,96535,3,7.183659953303901,1,0,1,0,0,0,0
54,35,193.27471923828125,93938,2,5.617797696855826,1,0,1,0,0,1,0
62,37,119.1558609008789,94337,3,2.8828314920382416,1,0,0,0,0,0,0
33,7,127.83163452148438,91400,2,0.3503636559434579,1,0,0,0,0,0,0
39,19,57.39829635620117,94836,4,2.583928613808573,2,0,0,0,0,1,0
39,21,210.04266357421875,93907,2,6.686227908025852,1,0,0,0,0,1,0
63,36,63.5137825012207,91275,3,1.7210598227865386,3,0,1,0,0,0,0
47,38,67.08601379394531,94930,4,1.559625885335044,1,0,1,0,1,1,1
57,35,39.08518981933594,91138,2,3.568373692907099,2,98,0,1,0,0,0
48,27,73.26688385009766,95983,1,1.8039698923699103,1,0,0,0,0,0,0
57,29,47.23661422729492,92017,4,0.6888502864862092,2,0,1,0,0,0,0
37,19,209.52354431152344,91966,1,3.74675812505674,1,0,1,0,0,1,0
53,30,57.390132904052734,95298,3,2.5482619775269533,2,0,1,0,0,0,0
37,6,81.72858428955078,90028,3,2.6645040244372464,1,0,1,0,0,0,0
30,0,12.749530792236328,93788,2,1.943831815522992,3,128,0,0,0,0,0
44,20,89.649658203125,92179,1,1.4145959277948446,1,0,1,0,0,0,0
58,35,35.24226760864258,93933,4,1.0109426436272,3,220,1,0,0,0,0
47,26,81.82079315185547,93961,1,2.4790503436754627,1,184,0,0,0,1,0
56,30,42.36417770385742,93839,1,3.244102893096758,1,0,0,1,1,0,0
56,37,80.16561126708984,91874,2,2.703203973587536,1,0,0,0,0,0,0
41,27,39.49602508544922,92855,2,2.63565617732395,1,0,1,0,0,0,0
41,10,53.48200225830078,94247,4,2.039330975995361,1,0,1,0,0,0,0
43,29,94.34423828125,95351,3,1.7231017566357492,2,108,0,1,0,1,0
54,27,81.80205535888672,95941,4,3.1228010116866907,2,0,0,0,0,1,0
60,30,50.761024475097656,94243,4,0.1217138816991637,2,0,0,0,0,1,0
49,14,96.27771759033205,91592,4,2.515286330735485,3,229,0,0,0,1,0
50,24,51.12883377075195,93135,4,0.9522003543825608,3,0,1,0,0,1,0
45,23,176.1881866455078,95870,1,7.21086359414326,1,0,0,0,0,1,0
53,21,62.76974105834961,94298,4,2.374513998800956,3,0,0,0,0,1,0
36,15,63.21150207519531,94764,4,1.9365898398275352,2,0,0,0,0,1,0
46,27,118.02265167236328,90419,1,1.592049760226724,1,0,0,0,0,1,0
27,3,72.58271789550781,90361,2,1.0688151450752552,3,148,0,0,0,0,0
62,31,172.08035278320312,92902,3,4.722943305285503,3,227,0,0,0,1,1
64,33,55.55414962768555,91639,2,4.122424211746057,3,101,1,0,0,0,0
66,40,82.40442657470703,94441,3,0.7112259059742794,1,0,1,0,0,0,1
61,39,44.49946212768555,94012,4,2.1107120329183298,2,95,0,0,0,1,0
35,8,44.38642883300781,91934,2,1.7081180010104997,2,0,1,1,0,1,0
26,3,17.020835876464844,95744,4,0.5629399152760983,2,0,0,0,0,0,0
36,7,60.08696746826172,93031,4,1.0378163994608247,3,0,0,0,0,0,0
46,20,66.88440704345703,92781,4,0.0947235525009588,3,0,0,0,0,0,0
53,26,130.29315185546875,92860,1,2.3068224659648635,3,0,0,0,0,0,1
28,7,52.53829193115234,95450,3,0.3752434622446485,2,0,0,0,0,0,0
30,12,97.36778259277344,93420,1,2.364931406722243,1,134,0,0,0,0,0
58,30,160.75,90367,3,6.159832334421779,3,0,0,1,1,1,1
32,9,61.33901977539063,93967,1,2.6998741259644867,2,109,0,0,0,0,0
46,26,52.9890022277832,92155,4,0.5887465149269215,2,0,0,0,0,0,0
32,5,98.04576110839844,91289,4,2.564549543694616,1,0,0,0,0,1,0
40,12,68.0738525390625,93967,4,1.3833137286521842,1,0,0,0,0,0,0
54,28,31.53944206237793,94047,3,2.491476546182452,2,0,0,0,0,1,0
38,13,107.02086639404295,94412,2,4.52672396241113,1,0,0,0,0,1,0
60,36,81.7059326171875,92642,1,1.3168190978278322,2,0,1,1,1,1,0
55,22,27.241151809692383,92427,4,1.6312466743975902,3,0,0,0,0,1,0
40,24,28.415393829345703,93716,4,2.310126885423811,2,151,0,0,0,0,0
64,43,86.84291076660156,90871,1,1.7339506918948706,2,0,1,0,0,1,0
62,38,44.6022834777832,93739,2,0.0978935880681249,3,0,0,0,0,0,0
56,38,55.29490661621094,92072,1,2.521252711741241,1,0,0,0,0,1,0
59,35,38.741455078125,95710,2,2.162294962644756,3,0,1,1,0,1,0
38,13,73.2808837890625,94293,3,2.655649136283123,3,0,0,0,0,0,0
28,21,30.633468627929688,94972,4,0.4553190279077567,2,135,1,1,0,0,0
63,38,64.88091278076172,92120,2,2.0758040017434283,1,0,0,0,0,1,0
40,21,163.7510986328125,92365,1,2.876138243563468,1,0,0,0,0,0,0
41,6,48.91500473022461,94145,2,0.0549410082618858,2,0,1,1,1,1,0
57,27,58.85270690917969,94185,2,7.440670188289101,1,197,0,0,0,0,0
62,26,17.79338836669922,94591,2,0.4766344220247994,1,143,0,0,0,0,0
52,29,37.57817077636719,93899,4,0.2770923346159372,1,102,1,0,0,1,0
55,22,156.5371856689453,91577,2,3.5652109702388075,3,0,0,0,0,1,0
41,18,20.837963104248047,95553,4,0.038130674984201,1,0,1,1,1,1,0
30,4,48.47784805297852,95049,3,2.1459830075695594,2,0,0,0,0,0,0
41,15,137.2587890625,92707,1,0.980759125203839,1,219,0,0,0,1,0
30,3,195.41043090820312,92797,2,5.2265416416736805,2,374,0,0,0,1,1
43,23,31.09967041015625,94515,3,0.9068681811933552,3,103,0,0,0,1,0
43,17,63.02645492553711,92116,4,3.316610900327323,3,0,0,0,0,1,0
48,29,31.625225067138672,92134,2,1.0724958945476692,2,0,0,0,0,1,0
55,32,84.76519775390625,95406,4,1.3937871716636403,3,0,0,0,0,1,0
34,8,94.1062469482422,90044,2,1.2106485164919836,1,0,0,0,0,0,0
56,32,23.818927764892575,95491,3,1.8790628092137784,1,0,0,0,0,1,0
53,32,71.69850158691406,95071,4,2.263135296090664,1,0,0,0,0,0,0
27,1,33.17449951171875,93010,3,0.6929581636946628,3,0,0,1,0,0,0
59,36,17.094581604003906,90369,2,0.4166544231838673,2,0,0,0,0,0,0
44,20,87.9703369140625,91483,4,2.3606927667974618,2,0,0,1,0,1,0
52,28,13.180541038513184,92352,1,0.5310918574608168,3,0,0,0,0,0,0
38,15,45.20656204223633,95324,4,2.1944556938234863,1,256,1,1,1,1,0
41,23,22.996337890625,94212,3,0.6849758554260355,2,84,1,0,0,1,0
56,32,33.99388122558594,90253,4,0.5656343984940146,2,98,0,0,0,0,0
52,31,43.82290267944336,94983,1,1.095144396826848,3,0,0,0,0,0,0
62,39,31.272151947021484,94454,4,0.7334091373244733,1,0,0,0,0,0,0
54,32,85.69645690917969,95029,2,2.625141370021359,1,0,1,0,0,0,0
51,27,107.32491302490234,92722,4,5.602933624640102,3,0,0,0,0,0,1
47,18,9.65569305419922,94398,2,0.1184124317054543,1,0,1,0,0,0,0
61,35,26.321441650390625,94437,3,0.7008035477628917,2,0,1,0,0,1,0
61,33,95.98406219482422,91118,1,4.914675132973015,1,0,1,0,0,1,0
59,35,60.3416862487793,94747,3,1.9614237122179503,2,0,0,0,0,1,0
29,1,73.45053100585938,92107,4,1.4523825711184424,2,0,0,0,0,1,0
66,41,26.391647338867188,91247,2,0.8056553644986905,3,0,0,0,0,1,0
49,22,49.63240051269531,94004,3,1.053587519464454,2,0,1,0,0,0,0
43,9,25.125391006469727,91606,2,0.1214211951691703,3,0,1,0,0,1,0
55,31,89.47895812988281,91980,2,0.98055991480574,1,0,0,0,0,1,0
54,28,36.712867736816406,90354,3,0.5356950593634557,1,0,0,0,0,0,0
26,-1,94.71678924560548,92401,2,2.821108040418836,3,293,0,0,0,1,0
57,32,109.94532775878906,91198,1,3.560156247035016,2,0,0,0,0,0,0
24,1,97.39562225341795,91590,4,2.592389856437592,3,0,1,0,0,0,0
46,23,34.822174072265625,91561,1,0.2965039101032094,3,0,1,0,0,1,0
44,17,71.93592834472656,92695,2,4.759614770274222,2,0,0,0,0,1,0
46,24,75.77251434326172,95683,2,2.7721661785010365,1,0,1,0,0,1,0
61,37,46.580936431884766,93930,2,1.2957970271803183,3,369,0,0,0,0,0
39,13,88.49324798583984,89760,2,2.604091594816384,3,0,0,0,0,1,0
42,7,86.48465728759766,95194,3,1.0830636597218084,1,192,0,1,0,1,0
63,38,49.020294189453125,91307,3,0.516104564398999,1,0,1,0,0,0,0
40,23,38.29679107666016,94670,4,0.2099878707699946,2,107,1,1,1,1,0
57,27,27.869291305541992,93222,1,0.9775563680656209,3,172,1,0,1,1,0
53,25,48.88685607910156,91247,3,0.4894389649693617,3,388,0,0,0,0,0
41,22,54.138427734375,94200,2,2.299961283074846,1,0,0,0,0,1,0
46,15,18.502933502197266,91526,2,0.4876496974528617,1,117,1,0,0,1,0
52,26,82.88975524902344,94563,1,3.6941013817204618,2,0,0,0,0,1,1
36,16,124.37235260009766,94536,2,1.7620651486143315,1,0,0,0,0,0,0
42,12,46.824989318847656,95262,3,2.5210858595712997,1,0,1,0,0,0,0
67,41,67.2876968383789,93222,2,0.3417121073251946,1,0,1,0,0,0,0
31,11,88.24588012695312,94200,3,1.3127504356577255,3,0,1,0,0,0,0
30,6,108.29830169677734,94762,1,1.6970813657788215,1,0,1,0,0,1,0
34,9,14.13947296142578,93803,4,0.8004816931885785,2,0,1,0,0,0,0
55,35,18.52970695495605,94357,3,0.4684449865549334,3,0,1,1,1,1,0
47,23,205.4845733642578,90878,2,6.651553140488301,1,462,0,0,0,0,0
28,6,44.16036224365234,89943,4,1.577721372583215,2,0,0,0,0,1,0
60,28,24.651586532592773,94045,4,0.2494171833861824,3,140,0,0,0,0,0
59,40,43.7811164855957,95585,3,0.5234008444350539,2,155,0,0,0,1,0
44,10,48.47114181518555,91540,4,0.6592532918884328,1,169,0,0,0,0,0
32,7,44.901161193847656,92036,4,0.2555116182157556,1,0,0,0,0,1,0
63,37,25.522186279296875,92100,3,2.4505354457586472,1,0,0,1,0,1,0
59,36,173.0797119140625,90283,2,6.661371386828527,1,0,0,0,0,0,0
52,31,75.08305358886719,94554,1,0.343979948188413,2,0,0,0,0,0,0
31,7,110.4311752319336,91966,4,4.612043025980124,1,0,0,0,0,1,0
52,27,32.774681091308594,94902,2,0.2319616852273953,3,0,0,0,0,0,0
46,30,82.1627197265625,93205,4,2.389323141068978,2,0,0,0,0,1,0
49,32,75.30613708496094,94852,1,2.056926326284146,3,291,1,0,0,1,0
28,1,22.979633331298828,90316,4,2.6801661233824063,2,0,0,0,0,0,0
27,4,79.83721923828125,90964,2,1.494227935256469,2,0,1,0,0,0,0
34,9,86.97744750976562,91309,4,3.7260035934922193,2,152,0,0,0,0,0
60,41,55.21534729003906,94326,2,2.6032183769612933,1,0,0,0,0,0,0
58,34,54.233028411865234,94717,2,1.9099194159224635,1,0,0,0,0,1,0
41,26,137.21963500976562,95413,1,0.5763496017729793,1,0,0,0,0,1,0
29,7,54.925323486328125,94770,1,2.203891210688723,2,0,0,0,0,1,0
24,0,114.1499481201172,94370,2,1.9019286016870995,3,0,0,0,0,0,1
58,28,13.78087043762207,91851,2,0.5045813705584873,3,0,0,0,0,0,0
25,-2,58.538604736328125,95177,4,1.3038236134303507,2,0,1,0,0,0,0
51,30,64.08110046386719,91182,2,2.1267706694281423,2,193,1,1,1,1,0
64,35,75.78384399414062,93080,4,0.2714406877795636,1,342,0,0,0,0,0
53,33,62.05237579345703,90177,2,0.6396448240264068,1,0,0,0,0,0,0
60,36,99.57029724121094,91844,1,0.4236921853039743,2,0,1,0,1,1,0
46,27,100.66322326660156,94390,2,1.2667132164696813,1,0,0,0,0,1,0
36,31,90.21143341064452,92956,1,2.2472873763559797,3,339,0,1,0,1,0
53,27,48.93350601196289,93010,1,1.4921375029531914,3,0,0,0,0,0,0
52,17,66.85562133789062,90286,1,1.4364885914343342,3,205,0,0,0,1,0
59,33,43.69785690307617,94623,2,0.7232161250311442,1,0,1,0,0,0,0
62,36,51.61041259765625,95924,1,1.7734920624730373,2,0,0,0,0,1,0
58,25,92.0093994140625,94376,2,2.351264001536657,2,0,0,0,0,0,0
37,4,83.92619323730469,95016,1,3.3517453854863044,3,295,1,0,0,0,0
56,23,45.43854904174805,94232,1,2.178141492046464,1,0,0,1,0,1,0
35,15,50.21673202514648,91513,1,0.3925467353171216,1,0,0,1,0,1,0
46,17,148.87399291992188,90075,1,2.0591798298028414,1,0,0,0,0,1,0
63,38,27.451549530029297,91688,4,0.515857657680747,3,0,0,0,0,1,0
49,26,129.3267364501953,91095,1,8.880972470540055,3,270,1,0,0,1,0
43,25,108.29127502441406,91933,3,1.0703130627233817,1,0,0,1,0,0,0
49,37,28.45856285095215,95650,4,1.589830829687824,2,0,1,0,0,1,0
52,18,44.807647705078125,92065,2,2.4671461471839637,3,107,0,0,0,0,0
30,4,177.83274841308594,93225,1,8.046187258386121,3,255,1,0,0,1,1
53,19,51.56855773925781,91254,3,0.6764721883837171,3,0,1,0,0,0,0
38,15,51.454856872558594,95006,3,2.4115985363096586,2,187,1,0,1,1,0
53,32,20.622699737548828,92932,2,0.1013625447442693,1,0,0,1,0,0,0
63,38,107.85931396484376,92069,4,4.704423514330719,2,0,1,0,0,0,0
55,38,8.510993003845215,92449,1,0.1255090142058727,3,0,0,1,0,1,0
61,36,27.035274505615234,91845,3,2.6531699415812526,2,0,1,0,0,1,0
55,35,59.99174880981445,95616,1,0.6730189776551678,1,0,0,0,0,0,0
35,13,50.81380462646485,94339,3,1.2930328441953107,2,0,0,0,0,1,0
63,35,42.9035758972168,92001,1,0.3140595781746336,3,127,0,0,0,0,0
32,13,153.1612091064453,91293,2,3.694095824899737,3,618,0,0,0,1,0
58,30,140.71270751953125,94097,1,2.852572864602008,1,0,0,0,0,1,0
59,34,48.84830474853516,92654,2,0.1449232824773239,3,0,0,0,0,0,0
63,40,49.74163436889648,91563,4,0.4897942867857558,3,387,0,0,0,0,0
35,25,65.62024688720703,90186,2,4.573594375403842,1,0,1,0,0,1,0
63,38,139.74813842773438,90882,3,2.2274261948952816,2,0,0,1,0,1,1
47,27,152.1830596923828,92533,3,5.311077621577525,1,400,0,0,0,1,0
25,2,21.55008888244629,95185,4,1.8389782390099725,1,0,1,0,0,0,0
45,24,20.251754760742188,94060,1,0.4312209074363614,2,109,1,0,0,1,0
45,23,93.03449249267578,95214,1,0.198398849161083,1,0,1,0,0,0,0
44,34,86.03173828125,90484,2,1.7349110880501677,3,212,0,0,0,0,0
57,27,59.03358840942383,94454,4,1.4142578299752868,3,59,0,0,0,1,0
53,25,95.89297485351562,94799,2,0.5218217953057098,2,0,0,0,0,1,0
44,29,15.604217529296877,94606,3,0.5701015172262178,2,0,0,0,0,0,0
44,24,58.214752197265625,92744,1,0.474047277910001,1,171,1,0,0,1,0
37,7,77.37956237792969,92652,4,1.68070797249119,2,0,0,0,0,1,0
49,24,132.0557098388672,91879,4,4.439716504094844,2,0,0,0,0,0,1
45,19,52.67222595214844,95004,3,1.2111798045203108,2,303,0,1,0,1,0
56,26,25.17926597595215,91441,3,0.2339270231382817,3,155,0,0,0,1,0
63,37,72.05963134765625,94492,1,0.1042561401538339,1,0,0,0,0,0,0
53,27,111.23169708251952,95558,1,0.1717984392671275,1,0,1,0,0,1,0
64,39,78.45355987548828,91867,2,0.8136787442109367,1,0,0,0,0,1,0
25,2,29.390438079833984,91999,3,0.2207495647134948,2,0,0,0,0,1,0
36,7,47.67028427124024,95352,2,1.0163514982449446,3,0,1,0,0,1,0
33,12,87.19915008544922,94194,1,0.4996576635955565,1,394,1,0,0,0,0
63,38,61.11606216430664,94795,4,2.3072966917810005,3,0,0,0,0,0,0
54,31,18.685199737548828,92903,4,0.1672808491192051,2,0,0,0,0,1,0
55,27,103.83993530273438,89927,1,1.5182859535518904,2,0,1,0,0,0,0
62,39,103.440185546875,94433,2,1.3129975957442463,3,192,1,0,0,1,1
56,32,62.92395782470703,94705,4,2.822413852318624,2,0,0,0,0,0,0
49,24,34.123382568359375,90073,2,0.8268405995631953,2,0,0,0,0,0,0
58,35,91.13996887207033,94440,1,0.8912001848987123,1,0,1,0,0,1,0
40,13,56.85239410400391,92993,3,1.7774906294229664,1,113,1,0,0,1,0
40,12,75.45069122314453,91878,2,0.4382622253500523,1,0,1,0,0,0,0
47,23,52.50731658935547,95181,2,1.1609920443583583,2,0,0,0,0,1,0
47,21,86.2462158203125,90301,1,0.2853213353196733,1,165,0,0,0,1,0
44,18,88.24005126953125,92768,4,0.3746662970315069,1,0,1,0,1,1,1
50,21,179.3457794189453,94270,2,3.536836590102638,1,139,0,0,0,1,0
41,15,24.995023727416992,93916,2,0.0175100939707397,1,0,1,0,0,0,0
51,28,54.40340423583984,94746,4,4.260508363732624,1,0,0,0,0,1,0
65,38,168.1395263671875,94649,2,4.925960079574993,1,252,0,0,0,1,0
61,41,35.763309478759766,93866,3,0.3367673009384476,3,0,0,0,0,1,0
64,40,49.300743103027344,95203,1,1.1297092956935246,1,0,0,0,0,1,0
43,18,115.99710083007812,92174,1,2.6741560224403185,1,0,0,0,0,0,0
35,9,56.04572677612305,94839,2,1.4012609979363198,3,426,0,0,0,0,0
52,17,147.27389526367188,91509,2,4.513952200975904,1,0,0,0,0,0,0
47,21,71.24934387207031,93671,3,2.291031066983467,3,0,0,0,0,1,0
50,30,26.19942283630371,94891,1,1.0055715272998704,3,345,0,0,0,1,0
48,11,51.01872253417969,93934,3,2.776149346182822,1,0,1,0,0,0,0
32,6,52.40626525878906,92841,4,1.2865133607009025,3,97,0,0,0,0,1
46,22,61.736270904541016,94542,1,1.0240308526940152,1,189,0,0,0,1,0
51,23,19.416000366210938,93272,3,0.5874285873789216,1,0,1,1,0,0,0
43,17,192.6890106201172,90026,2,3.379148963196174,1,155,1,1,0,1,0
58,36,61.83176040649414,93967,2,1.8745605865381847,1,237,1,0,0,1,0
46,34,50.321048736572266,92851,1,2.0467570937520976,3,0,0,0,0,1,0
52,24,30.79509735107422,95312,1,0.3425370678673442,1,0,1,0,0,1,0
56,35,30.814924240112305,94590,4,0.6233348000894842,1,150,1,0,0,1,0
43,21,44.48805618286133,93358,2,1.8067259396500028,1,0,0,0,0,0,0
66,34,74.31583404541016,95424,4,2.108292947713785,3,253,0,0,0,1,0
31,6,168.41693115234375,92129,2,2.6256773211705045,3,301,1,0,1,1,1
62,34,32.45256805419922,89612,2,1.4051165725237789,2,0,0,0,0,0,0
58,32,82.1526870727539,92978,2,0.7838039213103105,3,101,0,0,0,0,0
54,34,21.38573837280273,91769,3,1.33492590339015,2,237,0,0,0,1,0
53,25,55.20717239379883,95048,1,2.1001499801672256,1,0,0,0,0,0,0
57,33,163.66326904296875,92803,2,4.089745298588201,1,0,0,0,0,0,0
55,29,39.50188827514648,91274,3,0.4538268456088354,1,0,0,0,0,1,0
57,26,23.410694122314453,95709,3,1.3102247817933022,1,0,0,0,0,1,0
48,28,18.095497131347656,91712,1,0.7316360453431605,3,160,0,0,0,1,0
29,6,107.2371826171875,91086,3,2.7544223523052627,1,0,1,0,0,1,1
37,13,81.96754455566406,95867,2,1.3229014840014988,1,306,0,0,0,0,0
49,32,45.80422592163086,94239,3,1.7160696002234666,3,0,0,0,0,1,0
29,2,53.96216583251953,91001,1,0.9418230686850972,3,0,0,0,0,1,0
27,4,45.4088020324707,94778,4,1.3032079581424507,1,0,0,1,0,1,0
36,5,60.60251998901367,94644,1,0.0412816290949553,2,0,0,0,0,0,0
58,36,64.97887420654297,95735,2,3.488028414428733,1,0,1,0,0,1,0
65,40,70.8801040649414,91130,1,1.3314379771168856,2,0,0,0,0,0,0
35,5,88.1677474975586,94700,1,1.3070248025489684,1,112,0,0,0,1,0
61,36,76.37798309326172,92645,2,1.4824018184374883,1,0,0,0,0,0,0
53,27,35.60847854614258,95773,3,1.296886298724648,1,0,0,0,0,1,0
49,22,67.6020736694336,94726,3,2.5428880807301297,2,0,1,0,0,1,0
31,9,42.76821899414063,94374,2,2.4172687047681425,2,0,0,0,0,0,0
28,0,116.9375,90887,4,0.99721075678464,3,157,1,0,0,0,0
61,32,70.656982421875,91735,4,2.511683785508644,2,151,1,0,0,1,0
60,36,25.45774269104004,93055,3,0.4829366167937762,2,0,1,0,0,0,0
43,19,125.66409301757812,95804,2,2.1238738357302016,1,242,0,0,0,0,0
54,24,204.52198791503903,93045,1,5.44769158300524,1,381,0,0,0,1,0
43,20,40.279056549072266,94322,1,1.4549638516137582,3,0,0,0,0,1,0
26,2,46.02071380615234,91680,4,1.6282597154025062,1,0,0,0,0,1,0
58,36,53.63794708251953,95370,2,2.0660929635261867,1,0,1,0,0,1,0
54,19,33.557071685791016,89934,1,1.310116076316138,1,0,0,0,0,1,0
60,32,85.9781494140625,92899,1,2.890256361554291,2,202,0,0,0,0,0
55,26,24.533435821533203,94028,4,0.8777414920571849,1,180,0,0,0,0,0
35,15,68.71731567382812,92769,1,2.169332710393097,2,0,1,0,0,0,0
36,9,147.73638916015625,95065,2,4.240162956324675,1,0,1,0,0,1,0
63,40,97.69031524658205,95649,1,5.020562083544371,1,0,0,0,0,0,0
25,1,150.84722900390625,92227,1,2.351408844719941,1,0,0,0,0,1,0
32,10,137.842529296875,90151,1,6.921325455158573,1,0,0,0,0,1,0
37,23,38.59937286376953,95819,4,0.8077747356779718,2,0,0,1,0,0,0
32,8,184.19906616210935,94063,2,5.869165413055582,1,0,0,0,0,1,0
61,37,137.55982971191406,92702,1,1.852954598625123,1,0,0,0,0,0,0
59,30,39.87432098388672,96366,3,0.3355042514253573,2,0,0,0,0,1,0
45,30,75.1270751953125,89940,3,1.6063432537061766,2,180,1,0,0,0,0
63,31,38.14616775512695,94250,2,1.4563055599560994,3,102,0,0,0,0,0
30,1,90.99609375,94747,3,1.212825023950203,1,0,1,0,0,0,0
65,38,21.303146362304688,95596,3,0.7638328051714184,3,0,0,0,0,1,0
62,40,115.29415893554688,94644,1,2.26086068796906,1,0,0,0,0,0,0
42,18,142.05227661132812,95948,2,2.6006265164864697,1,0,0,0,0,1,1
37,10,25.08823585510254,92665,2,1.3329673064518706,1,105,0,0,0,1,0
62,33,39.281837463378906,96286,1,1.7538292720786446,1,328,0,1,0,1,0
27,4,54.51865005493164,93149,4,1.3592032684566462,3,0,0,1,1,1,0
59,33,134.35838317871094,94039,2,0.247105546347411,1,0,0,0,0,1,0
58,33,51.019866943359375,90111,2,3.190561245444314,2,0,0,1,0,0,0
32,10,25.196176528930664,95159,4,0.0602605015132071,1,129,0,0,0,1,0
43,23,59.0951042175293,95413,2,2.3161440033502743,1,0,1,0,0,1,0
39,21,208.3036346435547,91459,2,6.912267000978582,1,0,1,0,0,1,0
51,29,75.86005401611328,90025,4,1.3129090227612443,1,0,0,0,0,1,0
49,16,60.84796142578125,91756,1,2.713560042270482,1,0,0,0,0,0,0
60,40,30.5438232421875,90235,1,0.0734651037981731,3,0,1,0,0,0,0
35,34,14.141565322875977,93574,3,0.1661694356887424,3,0,1,0,0,1,0
58,38,40.66226196289063,94693,3,1.489735500417416,1,135,1,0,0,1,0
33,2,81.88006591796875,94677,2,1.170538393507126,3,0,1,0,0,0,0
48,15,94.86683654785156,95505,2,0.1144744749730096,1,299,0,0,0,0,0
30,4,26.20906639099121,92150,4,0.1991238989176381,2,0,0,0,0,1,0
38,8,109.85235595703124,90579,4,3.181171459011946,3,0,0,1,0,1,0
40,20,130.9677734375,90606,2,1.7495980672592013,1,0,0,0,0,1,0
27,4,63.31427764892578,90618,3,2.158022718366829,2,0,0,1,0,1,0
31,10,45.32775115966797,94425,3,0.5624745874615129,3,218,1,0,1,1,0
52,23,16.731813430786133,95374,2,0.6164657832895959,1,0,1,0,0,1,0
56,30,66.79137420654297,91800,4,3.141733435889874,3,0,0,0,0,1,0
62,32,45.170555114746094,90262,1,2.574494224493263,2,0,0,0,0,1,0
29,22,8.097627639770508,92747,4,0.2902258085221463,3,0,0,0,0,0,0
49,22,70.55879211425781,94305,1,0.7585022821273241,2,0,0,0,0,0,0
60,37,159.8785858154297,94743,2,0.3352196531686012,1,0,0,0,0,0,0
59,30,59.54120635986328,95491,2,2.667105321539278,1,388,1,0,0,0,0
30,6,41.98149871826172,91922,3,0.4833009749319519,2,0,0,0,0,1,0
59,31,13.214593887329102,90681,4,0.4266214298235726,1,0,0,0,0,0,0
52,24,47.30801010131836,94045,3,1.2740518042232898,1,142,0,0,0,1,0
41,18,41.84314727783203,91557,3,1.1214680802048078,2,0,0,1,0,0,0
64,39,92.1179428100586,92132,2,0.217667078703533,1,269,0,0,0,1,0
44,28,32.12154769897461,94188,2,0.3831494371439395,3,0,0,0,0,1,0
29,12,34.51090621948242,90375,4,3.7812214755005553,3,164,0,0,0,0,0
60,38,50.81411361694336,94094,3,1.80706980314986,1,0,0,0,0,1,0
57,25,109.1559829711914,94728,1,5.099184997407825,1,403,0,0,0,0,0
62,36,59.59969711303711,91289,4,1.9786183425422,2,0,0,0,0,0,0
41,34,50.06663513183594,95356,1,0.4855633864900406,1,0,0,0,0,1,0
41,27,76.09770202636719,91883,4,0.2811446129092664,1,152,1,0,0,0,0
27,9,41.06061172485352,92811,4,2.085200241224662,3,0,0,1,0,0,0
52,22,23.42853164672852,92522,3,0.1628749473461389,2,0,1,0,0,0,0
30,4,33.30445861816406,94848,1,0.3061212970834298,3,0,0,0,0,1,0
52,29,16.125579833984375,94978,4,0.4533607857131691,3,0,0,0,0,0,0
27,1,179.58706665039062,94314,4,2.4171581391469688,2,0,0,0,0,0,1
45,18,76.86521911621094,92114,1,7.390016102310861,3,0,1,0,1,1,0
60,32,31.15411758422852,95011,4,0.6110898249387624,2,0,0,0,0,0,0
61,29,18.502084732055664,96105,3,0.6232182116120442,2,0,0,0,0,1,0
56,36,25.181171417236328,94721,4,1.153728996174475,2,0,0,0,0,1,0
31,8,171.97996520996094,94767,2,3.1801410435298254,2,0,0,0,0,0,0
31,7,49.67162704467773,91889,4,1.626857778181072,3,0,0,0,0,0,0
45,17,93.46282958984376,92330,4,2.403684382463063,1,0,0,1,1,1,0
37,16,94.00373840332033,92015,1,0.7373114777125214,2,0,0,0,0,1,0
27,11,83.37267303466797,93206,2,1.644534014387005,1,0,0,0,0,0,0
35,8,36.20689010620117,94178,4,2.5330689122436474,1,184,0,0,0,0,0
57,25,42.55764389038086,94918,3,0.2285632127160106,3,179,1,0,0,0,0
64,38,84.15150451660156,94187,2,1.0932054533360207,1,107,1,0,0,0,0
29,6,61.69328308105469,95244,1,2.375530903407601,1,0,0,0,0,0,0
42,24,110.53241729736328,94980,3,2.620668918581628,1,0,0,0,0,1,0
49,20,79.92640686035156,95919,4,1.9441978149235968,1,0,1,0,0,1,0
36,23,88.14205932617188,92035,2,0.8295741862553567,1,0,0,0,0,0,0
66,39,34.810306549072266,90029,2,0.9625960799636776,2,0,0,1,0,0,0
28,2,39.50257873535156,90767,2,0.1100471552226757,2,0,1,0,0,0,0
38,10,90.01051330566406,89900,1,0.8280330596577163,3,0,1,0,0,0,0
48,23,16.8753719329834,93226,4,0.1159459092476234,2,89,0,0,0,1,0
54,26,37.082855224609375,90368,3,0.9973784417757822,2,156,0,0,0,1,0
25,1,28.138473510742188,93908,4,1.2042546261809748,3,125,0,0,0,1,0
33,6,114.12759399414062,92271,4,0.8513093896720657,2,110,0,0,0,1,0
40,22,102.93492889404295,92925,4,4.9209975026739405,1,146,0,0,0,0,0
34,11,37.60590362548828,94718,3,0.7270409946421267,2,0,0,0,0,1,0
62,37,90.04801177978516,94761,1,1.8335818938020805,1,0,0,0,0,1,0
58,37,22.09605026245117,94793,1,1.5241225284661883,3,166,1,0,0,0,0
40,4,78.13874053955078,93549,2,1.4311774155593362,3,0,0,1,0,0,0
52,30,156.5639190673828,92283,1,1.7609457781921662,1,237,0,0,0,1,0
47,19,129.28965759277344,91766,1,2.650187774685227,1,375,0,0,0,1,0
60,37,86.42410278320312,95642,4,2.3088131728828647,1,0,0,0,0,0,0
39,17,65.4191665649414,95192,3,0.9142473265992402,3,146,0,0,0,0,0
37,32,40.79399108886719,96166,2,1.195405919436807,3,205,1,0,1,0,0
30,7,41.99299621582031,95506,3,1.3437157244420712,2,0,0,0,0,1,0
35,8,69.37897491455078,94586,1,2.1245918889463886,3,220,0,0,0,1,0
60,28,21.43825340270996,93145,1,0.7002953066557189,2,0,1,0,0,0,0
35,15,83.73759460449219,94032,1,2.318800663758356,3,110,1,0,0,0,0
52,16,99.48641967773438,95540,1,2.077526332490532,1,333,0,0,0,1,0
36,6,51.34361267089844,94167,4,0.1276596050550161,3,0,0,0,0,0,0
45,23,59.05536651611328,90974,3,2.161805505534779,1,140,0,0,0,0,0
58,33,44.62289047241211,90027,4,0.9474258634538923,2,0,0,0,0,1,0
52,21,83.82109069824219,92068,4,0.010008802246,1,0,1,0,0,1,0
44,17,16.47502326965332,92062,3,1.5833868083849945,1,0,1,1,1,1,0
39,8,84.93498229980469,90201,4,1.2867678783096206,1,0,1,0,0,1,0
57,28,82.7807846069336,93229,1,2.86580239523885,3,0,0,0,0,0,0
49,26,67.59934997558594,93047,1,3.8425346858532734,1,388,0,0,0,0,0
37,8,41.7696418762207,94009,1,1.866666775455525,2,0,0,0,0,0,0
60,38,79.05217742919922,91433,2,4.629599965865936,2,104,0,1,0,1,0
26,-1,31.0817813873291,89823,3,1.9104066922203764,2,151,0,0,0,1,0
28,2,54.760135650634766,94558,4,1.5936662954706038,1,167,1,0,0,1,0
61,35,30.28835868835449,94081,2,0.97361529406856,2,0,1,0,0,1,0
63,41,81.7909164428711,92896,4,1.2451033569231265,2,0,0,0,0,1,0
64,39,187.4436492919922,92666,4,5.386914780732414,2,164,0,0,0,0,1
55,27,31.497772216796875,94037,2,0.4097498405120959,3,0,0,0,0,0,0
31,6,26.043235778808597,95183,1,0.7029741071299562,2,98,1,1,1,1,0
55,32,98.60043334960938,91405,2,0.1060429720168533,1,0,1,0,0,0,0
47,30,103.96578216552734,95274,3,3.3521181982885744,2,362,0,0,0,0,0
57,26,45.661529541015625,94411,4,1.381767781187358,3,0,0,0,0,1,0
42,21,80.26957702636719,94255,4,2.0170825966618704,3,0,0,0,0,0,0
35,20,64.46958923339844,95242,1,2.741800988100516,1,0,0,0,0,1,0
58,28,146.14915466308594,91948,4,3.037124413153809,2,0,0,0,0,0,1
40,16,140.1298065185547,95166,1,6.305497171029392,1,0,1,0,0,1,0
34,3,107.49353790283205,95254,4,0.8738592518662944,1,0,0,0,0,1,0
46,14,41.25208282470703,95269,4,0.487321314054188,1,0,0,1,0,0,0
36,21,72.48065948486328,90461,1,2.2891632736181604,2,0,0,1,0,0,0
51,16,53.90151977539063,91357,4,0.8648268693053353,1,0,1,0,0,1,0
35,9,50.06044006347656,95475,4,0.5301689771028201,2,0,1,0,0,1,0
34,13,50.48284912109375,91695,3,1.653942177442932,1,144,0,0,0,1,0
55,35,78.73162078857422,94325,2,2.65726672470407,1,0,0,1,0,1,0
49,25,62.31735229492188,92257,3,0.3142825083177185,2,0,0,0,0,1,0
31,4,45.49612808227539,94500,4,1.9342645595533636,1,0,0,0,0,1,0
61,40,59.40182876586914,94740,1,1.8756022557739789,2,0,1,0,0,1,0
31,9,49.61226272583008,90118,1,1.1227704807826813,2,0,0,0,0,1,0
41,16,73.47388458251953,94437,4,2.2831877628576267,2,0,0,0,0,0,0
66,41,65.511474609375,94421,4,1.7896606284755148,1,0,0,0,0,0,0
41,30,53.04146957397461,91160,2,0.1538004448959987,3,0,1,0,0,1,0
31,11,20.147085189819336,91974,4,1.023581366815229,2,101,0,0,0,1,0
58,33,60.320159912109375,91915,1,1.5544753482334852,2,0,1,1,1,1,0
41,32,127.35191345214844,91279,2,3.2575421803252214,1,145,0,0,0,1,0
39,15,128.923583984375,90095,1,4.772372552840318,3,0,0,0,0,1,0
42,6,12.759560585021973,91936,1,1.4256421727369828,3,0,0,0,0,0,0
56,39,151.3532257080078,94787,1,1.599037225277987,1,0,0,0,0,0,0
61,31,27.902721405029297,93632,2,0.344277439816271,1,0,0,0,0,0,0
42,11,127.47708892822266,95306,3,0.4998482055268508,2,117,1,0,0,0,0
54,27,61.55155944824219,92893,1,0.8975905302702849,3,0,0,0,0,0,0
46,26,44.132511138916016,91697,3,0.0519212196390107,1,0,0,0,0,1,0
29,3,55.38050842285156,91735,2,0.253191114486573,2,157,0,0,0,1,0
62,37,56.59784698486328,91988,3,2.3015928980934515,2,0,0,1,0,0,0
60,27,84.2671127319336,90287,2,2.437516748343902,1,0,1,0,0,0,0
54,19,109.1755828857422,93203,2,2.701856075920115,1,0,0,0,0,1,0
37,15,79.57735443115234,89696,1,1.840521896750952,2,0,1,0,0,1,0
46,21,45.12202453613281,90903,4,1.2241944307445434,2,0,0,0,0,0,0
66,40,70.10293579101562,92595,3,0.3656357932638351,3,0,1,0,0,1,0
32,4,70.81593322753906,96251,3,0.4656613310727642,3,0,1,0,0,1,0
54,24,35.19355010986328,94463,4,0.1091876872077295,2,0,0,0,0,0,0
32,9,94.57594299316406,94917,2,1.3948363593618944,2,0,1,1,0,0,0
24,-1,41.378753662109375,95360,4,0.1569287226821024,2,0,1,0,0,1,0
50,20,43.28058624267578,93194,1,0.0745808935899698,3,0,0,0,0,1,0
32,3,125.5293426513672,91292,3,2.3731243639079134,3,0,0,0,0,1,0
39,5,42.67522048950195,94183,2,1.5967028301081054,1,0,1,1,0,0,0
44,22,83.71238708496094,94387,2,6.369110315320983,1,0,1,0,0,0,0
49,26,75.87623596191406,91041,4,2.4814642085336067,1,184,1,0,0,0,0
64,40,63.91950225830078,94481,3,2.2145910601948477,1,0,0,0,0,1,0
35,11,37.32230758666992,94235,4,1.8291939217819444,2,0,0,0,0,1,0
49,16,130.17453002929688,92735,1,3.304838814390364,1,0,0,1,0,0,0
32,7,83.12549591064453,93120,2,1.0533914102695652,3,0,0,0,0,0,0
64,40,36.52700424194336,95594,4,1.7907452915767883,3,0,0,1,0,0,0
38,15,29.849031448364254,89840,2,0.8097730643290875,1,0,0,0,0,1,0
60,26,43.89244842529297,94951,1,1.3268685218193732,3,214,0,0,0,1,0
62,39,38.54802703857422,93037,2,0.3504159260715742,2,0,0,0,0,1,0
66,37,32.45014572143555,92162,4,0.197463890359112,3,0,0,0,0,0,0
62,31,37.59373474121094,89960,2,1.5216594077272432,3,0,0,0,0,0,0
23,0,84.2013931274414,91382,1,1.512729884728712,3,231,1,0,0,0,0
56,30,50.33354187011719,94123,2,2.6569996531372824,3,0,0,0,0,0,0
48,30,110.7913055419922,90269,4,0.8322410910353126,3,0,0,1,0,1,1
58,28,63.34403610229492,96023,2,0.4254871712605708,2,0,0,0,0,1,0
56,28,131.03231811523438,94402,1,2.958519473927023,1,0,1,0,1,0,1
26,-2,25.41603660583496,94393,4,1.789542631077968,2,0,1,0,0,0,0
64,26,31.68001937866211,95188,1,1.095756842552696,3,103,0,0,0,0,0
47,18,67.6319808959961,92074,1,2.3261510519063977,1,204,0,0,0,0,0
36,3,45.40736389160156,94316,2,1.534369430961758,2,229,1,0,0,1,0
61,34,34.50340270996094,90304,1,0.2152405268243345,2,0,1,0,0,1,0
31,18,48.280006408691406,94764,2,0.240644093054262,1,0,0,0,0,1,0
40,17,28.996559143066406,90648,1,0.6525246448099471,1,0,0,0,0,1,0
42,21,139.02069091796875,91407,2,3.089637750527055,1,394,0,0,0,0,0
54,28,24.424665451049805,90366,4,1.0999845997370497,2,153,0,0,0,0,0
29,4,69.54713439941406,92589,4,0.2712436798826638,3,148,0,0,0,1,0
37,37,136.48492431640625,93517,3,3.5372732463674765,1,0,0,0,0,0,1
25,9,57.06694030761719,93983,4,1.368910652580431,2,0,1,0,0,1,0
43,31,41.34309768676758,95381,2,0.3608177807198464,3,0,1,0,1,1,0
35,14,49.38801956176758,89988,4,1.1797051727039205,1,0,0,0,0,1,0
52,26,41.06267166137695,91464,1,0.2348550006019341,1,220,1,0,0,1,0
50,25,119.00574493408205,91261,2,1.9962211015834552,2,0,0,0,0,0,0
26,-2,37.71548461914063,95300,4,0.9667215393502488,2,0,0,0,0,1,0
52,28,48.34016036987305,92669,1,1.8791074953577689,3,110,0,0,0,0,0
32,4,169.9647216796875,92118,3,3.1067878063974,2,0,0,0,0,1,1
63,39,42.31148147583008,91334,3,0.204863477269932,2,0,0,0,0,1,0
59,34,77.35418701171875,94316,3,0.2154375998456589,1,0,0,0,0,1,0
60,38,31.763813018798828,90659,2,0.2592518344015235,3,0,0,0,0,0,0
40,15,62.2516975402832,92254,2,1.212116589955872,1,151,0,0,0,1,0
53,24,54.78868865966797,94955,4,3.4651917832803143,1,155,1,0,0,0,0
41,17,90.79219818115234,95623,2,0.0637002954720094,1,0,0,0,0,1,0
60,38,32.69825744628906,93621,1,1.170096627636463,3,0,0,0,0,1,0
42,20,154.8988037109375,94466,2,2.376852183170129,1,0,0,0,0,1,0
25,8,96.87885284423828,93860,1,1.4745597873305083,1,0,0,0,0,0,0
40,14,39.05133056640625,91978,4,0.7720742055556535,3,216,0,0,0,0,0
31,7,137.62054443359375,94203,3,2.155860228797956,1,0,0,0,0,1,1
39,21,54.50698852539063,92981,1,3.8505278881634335,1,0,1,0,1,1,0
43,21,63.6037712097168,93748,4,0.7064680106736005,1,0,1,0,0,0,0
60,35,151.9759979248047,94341,1,4.119861767867271,3,479,0,1,0,0,1
52,24,108.93392944335938,91019,1,3.0799073180614185,2,0,1,0,0,1,1
38,14,77.2508316040039,94149,2,0.4571754332942281,1,0,1,0,0,1,0
36,14,57.16703414916992,94063,2,2.4051894235233515,2,81,0,0,0,1,0
27,21,94.87167358398438,93911,2,0.5384953724567922,1,172,0,0,0,1,0
36,10,106.25043487548828,95472,2,1.7305763416237014,1,0,0,1,0,1,0
39,22,59.818267822265625,94018,2,1.3905633498782124,1,0,0,0,0,0,0
62,38,32.705841064453125,90246,3,0.7353317366362203,1,0,0,0,0,0,0
42,18,59.29216766357422,91897,1,0.307778676243312,2,0,0,0,0,1,0
63,36,57.171669006347656,93123,2,1.3744137424704606,1,0,0,0,0,0,0
43,19,113.83637237548828,95104,1,1.57149318674898,2,0,1,0,0,1,0
40,20,21.280500411987305,94347,4,0.5047732922378247,1,0,1,1,1,1,0
64,38,21.70915985107422,91783,2,0.2390261288242667,3,0,0,0,0,0,0
42,19,194.02622985839844,94906,1,3.2475809718026007,1,0,0,0,0,0,0
46,25,38.31394958496094,94572,2,0.2306614891148616,1,0,0,1,0,0,0
36,11,37.74366760253906,94430,4,1.388513082650137,2,104,0,0,0,1,0
32,18,72.96568298339844,95705,3,0.6663432710490496,2,0,0,0,0,1,0
46,23,180.3551025390625,90283,2,7.007139115165922,1,0,0,1,0,1,0
53,32,70.74510192871094,94243,3,0.1893814868810991,1,0,0,0,0,0,0
30,3,58.159446716308594,90293,4,2.2704318719997425,2,0,0,0,0,1,0
50,31,38.8770637512207,95741,1,0.1961046263934534,1,0,0,0,0,0,0
58,12,18.64216041564941,91465,3,1.1808616954628384,2,140,1,0,0,1,0
49,26,131.7784423828125,93124,4,1.3909763657479064,3,116,0,0,0,1,0
43,18,40.5827751159668,95350,3,0.8336869661342504,1,0,0,0,0,1,0
50,25,151.49986267089844,94660,2,3.1445499295071984,2,0,0,0,0,1,1
29,0,20.435102462768555,91985,4,0.93099644319338,2,81,0,0,0,0,0
40,20,72.64617156982422,92827,3,1.2082748304867208,3,145,0,1,0,0,0
50,27,38.472450256347656,95500,3,1.124246595683223,2,0,1,0,0,0,0
32,6,165.4306640625,94484,1,6.554758008374705,1,0,0,0,0,0,0
61,36,124.68054962158205,92531,1,4.29769476309701,1,0,0,0,0,0,0
28,3,82.42214965820312,94407,1,2.678620636820797,1,0,1,0,0,1,0
50,20,90.15790557861328,90115,3,3.9985360567422816,3,0,0,0,0,1,1
28,9,65.89602661132812,94399,4,7.260747845006407,2,0,0,1,0,0,0
51,34,47.29303741455078,90700,2,0.653830293269561,2,0,0,0,0,1,0
61,39,12.773207664489746,95234,4,1.3849425123734425,2,0,0,1,0,0,0
41,10,35.731658935546875,91528,1,1.69849892691477,1,90,0,0,0,1,0
50,18,16.09803009033203,95483,4,0.4764273393794118,2,0,0,0,0,1,0
61,37,14.712167739868164,94117,3,0.3085644763123699,2,167,0,0,0,1,0
35,5,105.11279296875,90737,4,1.8098510722487868,1,98,0,0,0,0,0
43,21,88.9986343383789,94850,2,2.3396193260558205,3,0,0,0,0,1,0
43,21,65.84443664550781,94872,2,0.6454156603026304,3,0,1,0,0,0,0
49,19,68.4147720336914,93005,2,3.1707439169249656,3,0,1,0,0,0,0
48,23,105.3973159790039,91477,2,1.6361700183949317,1,0,1,1,0,1,0
39,11,32.79790115356445,92013,3,3.3471449587071302,2,110,0,0,0,0,0
47,23,79.52555847167969,91969,2,0.2037292312161997,1,104,0,0,0,1,0
39,21,68.28628540039062,94700,2,8.271518063110662,1,0,1,0,0,0,1
31,5,154.99302673339844,90257,2,2.107004506729114,1,0,0,0,0,0,0
46,33,99.41217803955078,92515,1,0.7269606043305346,1,0,1,0,0,0,0
25,0,189.61854553222656,90073,4,5.387538566748315,3,0,0,0,0,1,1
44,23,150.17855834960938,95527,4,7.669281358914066,2,0,0,0,0,0,1
59,36,151.8641357421875,94403,4,2.1684694610156177,1,0,1,0,0,0,0
31,12,49.85926818847656,93754,2,1.694776085136691,1,0,0,0,0,0,0
45,27,60.700592041015625,94547,1,2.068663614218476,2,0,0,0,0,0,0
57,27,16.117109298706055,95299,1,0.4716333683842826,1,0,1,0,0,1,0
50,22,118.72019958496094,94851,2,3.849805062092688,3,0,0,0,0,1,0
32,5,174.36224365234375,91989,2,2.355330978015889,3,389,1,0,0,0,1
35,8,29.50008583068848,94295,4,1.9703198583355657,2,0,0,0,0,0,0
30,3,153.4922637939453,94653,2,2.734657859430184,3,0,1,0,1,1,1
42,16,33.27667617797852,95405,2,1.7541936743590965,2,0,0,0,0,1,0
50,28,167.11769104003906,94815,1,6.050267668380221,3,234,1,1,1,1,1
49,22,42.66488265991211,92867,2,0.2781624971255452,3,0,1,0,0,1,0
35,4,56.44220733642578,96358,3,1.3186384408517755,3,0,0,1,0,0,0
51,21,148.13818359375,94689,1,7.692001974414341,1,0,1,0,0,1,0
61,36,67.73518371582031,95165,1,0.9881180080184796,3,0,0,0,0,1,0
29,3,81.37879180908203,90269,3,2.500241201420078,1,0,0,0,0,1,0
27,1,37.63744354248047,92968,4,1.0946016024487732,3,0,0,0,0,0,0
63,25,60.602088928222656,94190,1,1.9895581050741475,1,147,0,0,0,0,0
50,28,52.92115783691406,95348,4,1.6024665496224682,3,367,0,0,0,1,0
41,5,173.61082458496094,94613,2,7.4951519084323825,1,0,0,0,0,1,0
53,32,125.1134262084961,91549,2,1.8550393983261253,1,220,1,0,0,0,0
31,4,93.47769927978516,95400,3,1.1959276340146832,1,282,1,0,0,1,0
39,11,47.30952453613281,95577,4,0.7185208264727112,3,137,1,0,0,0,0
35,6,75.88846588134766,91383,1,2.4101606684968715,1,0,0,0,0,0,0
52,27,74.66398620605469,94774,2,0.0585377781337777,1,0,0,0,0,0,0
35,14,190.29708862304688,94980,2,2.535486310777747,1,0,1,0,0,1,0
65,42,14.115198135375977,93270,1,0.9194186981995393,2,0,0,0,0,0,0
54,36,76.3581314086914,95011,3,0.2582086891879747,1,0,0,0,0,0,0
44,11,90.589111328125,91926,3,3.948861454997457,1,345,0,0,0,1,0
41,20,215.89108276367188,90381,2,7.584222064128615,1,0,1,0,0,0,0
61,37,73.35154724121094,90069,3,1.933447395103588,1,0,0,1,0,1,0
38,12,86.16659545898438,90180,1,0.2325373786285406,1,152,0,0,0,0,0
48,26,137.9246063232422,94442,3,3.752052379540868,1,0,1,1,0,1,0
61,19,15.956672668457031,92933,3,0.588974264776184,2,0,0,0,0,1,0
29,7,75.72084045410156,90122,3,2.3429956567965347,2,0,0,0,0,1,0
50,26,47.46188354492188,95800,2,2.089058673266663,1,0,0,0,0,0,0
63,39,59.71263885498047,94800,4,1.2579189633497303,3,176,1,0,0,1,0
56,29,37.7297248840332,94834,3,0.6057508521636243,1,241,1,0,0,1,0
51,23,187.28016662597656,94407,2,2.8754195412889625,1,0,0,1,0,1,0
32,18,132.0289306640625,91789,2,2.732838403986941,1,0,0,0,0,0,0
49,15,128.3085479736328,95409,2,5.091085633788563,1,0,1,0,0,0,0
60,31,20.79859161376953,92792,3,0.6669404307766423,3,102,0,0,0,1,0
51,11,46.68916702270508,90325,4,1.0830290645427547,2,0,0,0,0,0,0
57,27,60.99285125732422,95202,3,2.966180661781226,1,0,0,0,0,1,0
31,2,46.404090881347656,91873,2,3.01476437271085,3,0,0,0,0,1,0
40,26,55.94737243652344,92689,2,1.9068260057400392,2,0,0,1,0,0,0
62,36,113.16118621826172,90248,1,0.4856055068886526,1,0,0,0,0,0,1
48,19,39.1954460144043,95461,2,1.0320373840817538,1,0,1,0,0,0,0
46,17,29.6639347076416,92011,2,0.1824595029630708,1,75,0,0,0,1,0
44,16,64.82740783691406,95285,3,1.7349752385193142,2,0,0,0,0,1,0
41,17,63.95051574707031,92887,3,1.7608857647528908,2,0,0,0,0,0,0
50,31,95.38468170166016,94645,1,2.341468250390623,1,0,0,0,0,1,0
48,19,30.52885627746582,90828,2,0.1444599919090331,2,85,1,0,0,1,0
40,22,55.81889724731445,94988,4,0.9482798258567668,1,0,1,0,0,0,0
38,11,135.7276611328125,92354,2,2.798975862437058,1,0,0,0,0,0,0
31,6,87.19401550292969,95480,3,0.6565007225905385,1,0,0,0,0,1,0
44,24,91.98636627197266,92211,2,0.2733653359499512,1,0,0,0,0,1,0
27,0,29.45197296142578,93267,1,0.7747440534010293,3,0,0,1,0,0,0
41,17,98.13562774658205,93035,2,0.9458415245112012,3,0,0,0,0,0,0
65,39,75.38992309570312,94333,1,1.205112730032651,2,0,0,0,0,0,0
50,25,30.7381649017334,94035,2,0.576124869310624,3,0,0,0,0,0,0
59,36,44.86394119262695,93964,4,1.6826097922365266,1,0,0,0,0,1,0
53,33,148.89691162109375,92439,4,1.4241030860213533,3,0,0,0,0,0,1
27,16,57.82710266113281,94100,1,0.2942571935681975,2,0,0,1,0,0,0
58,35,98.78816223144533,94464,2,1.8932471130149104,1,0,0,0,0,0,0
62,40,145.91323852539062,94205,2,3.499220060507056,1,0,1,0,0,0,0
52,29,147.17483520507812,93723,2,6.453865319490552,1,0,0,0,0,1,0
61,38,24.406930923461918,90343,3,0.6566215961764682,2,0,0,0,0,1,0
42,16,104.84930419921876,92257,3,6.817771320858972,1,0,1,0,1,1,0
43,26,67.05863952636719,95512,4,2.5568981537051148,2,0,0,0,0,1,0
29,7,38.36438751220703,95076,4,1.027974535473506,1,0,0,0,0,1,0
29,14,147.74749755859375,95690,2,4.0717749130577765,1,278,1,0,0,1,0
52,28,93.91795349121094,94671,4,1.7007768418952898,2,391,0,1,0,1,0
39,9,94.07440948486328,94709,1,1.1558413346420848,3,0,0,0,0,0,0
40,23,120.8390884399414,94940,1,2.50877355588777,1,0,0,0,0,1,0
46,23,24.81024169921875,94807,3,0.9728910583486172,2,113,0,0,0,1,0
55,29,109.08116912841795,92825,1,0.2602366166445454,1,398,0,0,0,0,0
57,34,42.04234313964844,91163,1,1.648670973420838,2,154,1,0,0,1,0
61,35,100.40016174316406,94242,2,2.052159371301632,1,0,0,0,0,1,0
62,37,39.9510383605957,93998,4,1.1855003336289864,2,0,0,0,0,0,0
37,11,59.88612365722656,94473,2,3.4997708319007548,1,0,0,0,0,0,0
63,33,32.66548156738281,91504,3,0.522071756475261,2,0,0,0,0,0,0
51,23,19.9111385345459,90402,4,0.416327993517932,1,0,0,0,0,0,0
25,4,214.1932373046875,96267,1,3.357598113376113,1,0,1,0,0,0,1
26,1,64.06233215332031,93254,1,0.8253240443066264,2,0,0,0,0,0,1
58,28,116.14899444580078,94652,4,0.5720809422327733,2,0,0,0,0,1,1
63,38,82.86270904541016,93909,3,2.289327770908918,1,0,0,0,0,1,0
59,31,39.97599029541016,92687,4,2.156929495379172,3,171,1,0,0,1,0
52,20,118.18656158447266,93720,2,5.047707597060064,3,356,1,0,0,1,0
54,33,82.74250793457031,94102,2,0.9156821359817406,1,0,0,0,0,0,0
32,6,53.24575424194336,90014,2,1.9304270418171687,1,0,0,1,0,1,0
57,31,36.05783462524414,94533,2,0.2966036518227546,3,89,1,0,0,0,0
35,2,71.160888671875,94862,4,1.8602203433312776,2,0,1,0,0,0,0
52,31,23.10661506652832,95564,3,0.1411677783328778,3,0,0,0,0,0,0
31,7,37.86319732666016,95761,4,1.1178037479422414,2,0,1,0,0,0,0
42,13,206.51821899414065,90238,2,4.79131474388767,1,0,0,1,0,1,0
35,13,98.94222259521484,95225,1,3.1251126491082046,1,0,0,1,0,0,0
32,3,52.48829650878906,93993,3,0.2365529571626827,1,0,1,0,0,1,0
32,5,50.604591369628906,94417,2,0.0538257394654861,1,0,0,0,0,1,0
53,21,23.72422409057617,90288,4,1.2064157775468694,3,78,0,0,0,1,0
44,20,51.33547592163086,91983,2,0.2200611018586878,1,0,1,0,0,1,0
35,13,73.98358154296875,91937,1,1.5737098232516966,2,0,0,0,0,1,0
25,7,54.68753433227539,92117,3,1.587593464815074,2,161,0,0,0,0,0
50,31,37.93688201904297,91518,4,0.283163087466306,2,0,1,0,0,0,0
47,35,42.46817779541016,91804,4,1.6220513325369312,2,0,0,0,0,0,0
35,2,98.52141571044922,94815,2,2.101632552812226,1,0,0,0,0,0,0
38,8,75.85806274414062,94538,2,1.3004523042702778,1,361,0,0,0,1,0
51,26,50.13277053833008,92277,1,1.1115073228821273,3,79,0,0,0,1,0
28,6,185.31398010253903,92328,2,3.266554826627281,1,0,0,0,0,0,0
53,26,48.26400375366211,93925,4,1.618436119828237,2,0,0,0,0,1,0
42,18,45.92232894897461,91795,4,0.4956093361617995,1,0,0,0,0,1,0
43,11,65.41167449951172,91898,2,1.0566102496609169,1,0,0,0,0,1,0
34,11,152.43797302246094,91915,2,5.687594611261532,1,496,1,0,0,0,0
54,38,10.51294231414795,92195,2,0.4837028968235545,1,102,0,0,0,0,0
37,10,43.98411178588867,90125,1,0.9826701578657752,2,100,0,0,0,1,0
52,21,119.26654052734376,90321,2,4.0497182783149785,1,200,0,0,0,0,0
31,1,105.9773941040039,93924,2,2.094447950050596,1,0,0,0,0,0,0
63,32,82.668701171875,95297,3,0.2946171590565877,2,0,1,0,0,1,0
47,25,24.15398406982422,89628,4,1.373878613577862,3,102,0,0,0,1,0
36,27,49.52537155151367,95682,3,2.6928893832331653,2,170,0,0,0,1,0
39,6,78.16703033447266,94090,1,0.4588594136701923,3,182,0,0,0,0,0
35,9,45.41289520263672,91625,1,1.65641541438552,2,91,0,0,0,1,0
61,37,20.71693420410156,95600,2,0.9746249766853264,1,137,1,0,1,1,0
49,19,21.757787704467773,92446,4,0.5588639703705107,1,90,0,0,0,1,0
30,0,32.127418518066406,93977,3,1.4185163688478806,2,0,1,0,0,1,0
64,40,66.24762725830078,94576,4,0.2539627607689394,1,0,1,1,0,1,0
54,29,155.47674560546875,95615,2,7.66388660793414,1,374,0,1,0,1,0
57,35,34.282806396484375,95085,4,1.324919529247602,3,0,0,0,0,1,0
64,38,59.99264907836914,95786,4,0.0524544535310437,1,0,0,0,0,1,0
40,9,31.027271270751957,94737,4,1.5380997123645987,1,0,1,0,0,0,0
42,15,82.51567840576172,92363,2,0.0386828519556183,1,381,0,0,0,0,0
59,33,110.14242553710938,94369,2,1.055671423251279,3,0,0,0,0,0,0
44,18,11.116915702819824,93039,4,0.5878930763759407,2,0,1,0,0,1,0
37,16,61.47250747680664,91842,2,1.565191167767003,2,0,1,0,0,1,0
28,17,64.68293762207031,94350,2,2.4763189761669446,2,0,0,1,0,1,0
27,2,159.17396545410156,94054,2,3.8408089699472527,1,0,0,0,0,0,1
32,7,21.41781616210937,94394,2,0.186510750144574,2,0,0,0,0,0,0
26,12,131.27291870117188,94832,4,0.2141523302512467,3,0,0,0,0,0,0
48,12,51.48378753662109,92063,4,0.5907309497161892,1,0,0,1,0,1,0
56,34,170.75025939941406,92662,3,3.674465139348507,2,0,0,0,0,1,1
39,12,74.26181030273438,90293,4,2.0970582053514057,3,0,0,0,0,0,0
42,5,173.39495849609375,95054,3,4.264828003552979,1,213,1,0,1,1,0
46,26,70.31319427490234,96035,1,1.47750030545739,3,123,0,0,0,1,0
49,32,144.3856201171875,93889,2,5.189072395956358,1,0,0,1,0,1,1
49,14,170.6944580078125,92210,2,8.016152710263661,1,0,0,0,0,0,0
39,18,30.92019271850586,95047,2,2.409353225472411,1,0,1,0,0,0,0
60,35,16.183767318725586,95636,4,0.4959284876894577,3,0,0,0,0,1,0
45,35,104.27375793457033,91971,1,0.3917111108000143,1,0,0,0,0,1,0
55,14,38.71887969970703,92134,4,1.536665347090378,3,0,0,0,0,0,0
50,26,65.21917724609375,94367,1,4.546943553059598,1,0,1,1,1,1,0
48,22,43.83679962158203,94816,2,1.1222838642816764,2,118,0,1,0,1,0
47,25,178.75726318359375,92987,2,0.5857261106328663,1,0,0,0,0,1,0
24,4,154.31863403320312,95786,1,4.578072246779559,1,0,0,0,0,1,0
35,14,124.72757720947266,91691,3,1.3773508296531112,3,244,1,0,0,1,0
29,2,57.39910125732422,92937,2,1.51947731762331,1,206,1,0,0,1,0
32,3,85.67565155029297,93018,3,1.9844703129610688,3,0,0,0,0,0,0
55,29,37.91326522827149,90973,3,0.8392181008802592,1,0,0,1,0,1,0
40,14,45.595096588134766,94735,2,2.662494630677859,2,0,0,1,0,0,0
45,20,99.63543701171876,92924,1,3.1311704624512746,1,0,1,1,1,1,0
57,19,15.231554985046388,89931,2,0.5948976257697488,3,0,0,0,0,1,0
52,27,68.10630798339844,94832,3,1.8190682139038377,3,0,0,1,0,1,0
62,38,172.91725158691406,95074,1,0.79884407454547,1,380,0,0,0,1,0
61,36,89.95861053466797,92101,2,0.8817247780398323,1,0,0,0,0,1,0
58,32,61.536888122558594,95197,3,3.277669290240272,1,0,0,1,0,0,0
47,24,17.200611114501953,91435,1,0.4448697755211592,2,0,1,0,0,1,0
55,30,89.65403747558594,95743,1,2.0723138213725614,3,0,0,0,0,1,0
44,24,60.15873336791992,92004,3,0.5568117491462108,1,318,0,0,0,0,0
42,21,145.81056213378906,93296,2,4.904834029315083,3,0,0,0,0,1,1
40,13,101.4569091796875,94058,2,0.6600292527443499,1,0,1,0,0,1,0
49,20,44.72038269042969,95429,4,0.5072143510456315,1,0,0,0,0,1,0
34,6,74.94587707519531,94772,4,2.9817922144927924,1,0,0,0,0,0,0
63,42,21.8249626159668,94261,3,0.9354052435921626,2,0,0,0,0,1,0
31,11,48.100494384765625,95056,4,2.333726533616156,2,0,0,0,0,1,0
32,9,50.19826889038086,92152,2,2.09981318740217,2,0,1,1,0,0,0
51,25,118.62205505371094,92765,2,1.6849035789667255,1,0,1,0,0,1,0
44,20,164.8367156982422,90296,1,6.365361655064661,1,0,0,0,0,1,0
36,8,54.95907211303711,96519,3,1.8167789419978573,2,0,0,0,0,1,0
63,37,62.19050598144531,91830,1,2.0060727700528447,1,0,0,0,0,0,0
45,24,64.90243530273438,95132,1,0.7682735186275591,1,0,0,0,0,0,0
60,37,45.87657928466797,95930,3,1.8243774703518596,2,0,1,0,0,1,0
32,9,75.53449249267578,91610,4,1.5045741513956974,3,0,0,1,0,0,0
47,20,172.81011962890625,91754,2,3.251853453066276,1,0,0,0,0,1,0
40,17,45.603214263916016,95620,1,0.9000559483067262,3,0,0,1,0,1,0
29,6,99.72595977783205,94526,4,0.8639153249700741,1,0,1,0,0,1,0
37,6,107.9337158203125,91318,3,6.216822526856542,1,0,1,0,0,1,0
36,11,66.18417358398438,94888,2,0.238126931617117,3,339,0,1,0,1,0
50,20,61.64078521728516,94493,2,2.079022706984403,2,132,0,0,0,0,0
55,29,80.80870056152344,95624,2,3.4820151476704657,2,229,1,1,0,1,0
38,6,73.40861511230469,94386,1,5.148366065498714,1,0,1,0,0,0,0
57,30,14.94253921508789,93664,3,1.680006498070291,2,0,0,0,0,1,0
51,22,50.87054443359375,96285,3,0.6736204110681892,3,0,0,0,0,1,0
36,4,20.274736404418945,93721,2,0.591308297365166,3,98,0,0,0,1,0
59,30,88.08289337158203,94191,2,0.7899980574019366,3,0,0,0,0,1,0
29,4,66.88296508789062,95219,3,1.7306910809167726,2,0,1,0,0,0,0
35,9,43.8961181640625,92349,2,1.798591494056628,1,81,0,0,0,1,0
62,21,51.8228759765625,95523,1,2.365198551256292,3,0,1,0,0,1,0
27,1,40.42121124267578,95727,2,1.2320347704706218,3,114,0,0,0,0,0
24,17,129.34848022460938,94972,2,2.040348890886306,2,0,0,0,0,1,1
29,4,36.86648941040039,94383,4,1.928976607594128,3,0,0,0,0,1,0
51,28,77.07782745361328,92159,3,0.7901168696306651,2,0,0,0,0,1,0
42,17,28.02161026000977,94845,2,1.8706575553467264,3,0,0,0,0,0,0
38,10,55.168418884277344,94799,3,0.4327484290363197,2,0,0,0,0,0,0
35,8,55.1647834777832,94344,2,0.8420304718006973,3,97,0,0,0,1,0
31,5,27.09010124206543,91996,4,2.479586915726752,2,0,0,0,0,1,0
47,18,50.21323013305664,95102,3,1.2076620633070816,3,0,0,0,0,1,0
60,38,54.83858489990234,94483,4,1.0929690704075516,2,0,1,0,0,1,0
42,18,58.86336135864258,91986,1,1.3684945643822235,3,0,0,0,0,1,0
35,17,50.02753448486328,94391,1,0.0895992371502057,3,0,0,0,0,1,0
49,29,120.44813537597656,90474,1,2.862541704528897,1,0,0,0,0,0,0
25,2,77.33246612548828,91986,1,1.547620508732314,3,0,0,0,0,0,0
47,31,58.92902755737305,94536,4,1.9115415277826464,2,0,0,0,0,1,0
30,5,128.86807250976562,95333,4,1.8775287306434083,2,0,0,1,0,0,0
33,6,29.213483810424805,91618,3,1.773527756515764,3,0,0,0,0,0,0
31,5,84.6258316040039,90041,1,2.243525367230683,1,392,0,0,0,0,0
61,27,53.19869613647461,94976,1,2.480399284145941,2,0,0,0,0,0,0
33,15,31.755420684814453,94163,4,0.6265085044016832,3,94,0,0,0,1,0
43,18,134.38235473632812,94819,4,2.006737601085672,3,0,0,0,0,1,1
26,2,39.497467041015625,94264,4,0.6609238031919406,2,155,0,0,0,1,0
65,39,98.17266845703124,94043,4,2.2614820533768807,3,0,1,0,0,0,0
52,25,13.508605003356934,92008,2,0.7177070936544263,1,378,0,0,0,1,0
61,34,113.91587829589844,90202,4,2.6155820635591525,2,0,0,0,0,1,1
26,3,72.38419342041016,94765,1,2.4878468091200743,2,0,0,0,0,1,0
28,1,61.91086959838867,95050,1,1.7596285548093815,1,0,0,1,0,1,0
62,33,44.91984176635742,91320,3,0.5533574806127901,2,0,0,0,0,1,0
40,15,147.51988220214844,94606,1,0.6580728403837699,1,0,0,0,0,1,0
37,16,89.46768188476562,93163,3,4.915316622695756,1,0,0,0,0,1,0
59,24,106.85358428955078,94054,1,6.362593622812855,1,0,1,0,0,1,0
36,17,45.12863159179688,90216,1,1.321084114261723,3,0,0,0,0,0,0
41,17,87.55583953857422,91571,3,0.34993032779074,2,0,0,0,0,0,0
42,3,63.86898040771485,91827,2,0.4416375251403235,2,0,1,0,0,0,0
64,33,31.943099975585938,92176,4,1.1102171035451582,3,94,0,0,0,1,0
30,6,79.35100555419922,94974,3,4.781335627132377,2,0,1,0,0,1,0
49,22,28.33699989318848,94184,4,1.4732570057115109,1,107,0,0,0,0,0
34,14,32.63093185424805,95045,2,0.7282894803831107,2,0,0,0,0,1,0
53,20,44.74066925048828,95444,3,0.8753801772615841,1,0,0,0,0,0,0
25,-1,167.58294677734375,95645,3,3.0040329154323078,2,0,1,0,1,1,1
59,36,33.56222152709961,90226,4,1.1408487144012684,3,0,1,0,0,1,0
57,32,94.67444610595705,91461,2,4.779967046802055,1,332,1,0,0,0,0
63,35,72.68899536132812,91089,3,0.6687475626540015,3,0,1,0,0,1,0
29,5,89.53518676757812,91462,4,0.4893410920355628,3,148,0,0,0,0,0
59,28,70.443603515625,95208,3,0.5541625043958105,3,0,0,0,0,1,0
66,40,20.13079833984375,95572,1,0.0082791235780219,3,227,1,0,0,1,0
48,24,39.12065124511719,91939,3,1.5941233355598523,2,128,1,1,0,0,0
30,2,12.80420970916748,95879,3,0.4892643163020365,3,0,0,0,0,1,0
65,29,83.67185974121094,94561,2,2.4810977154131426,1,314,1,0,0,0,0
43,21,16.80650520324707,92160,3,0.3131928241825609,2,95,0,0,0,1,0
26,3,154.23916625976562,92241,3,1.1712739539141863,3,0,0,0,0,0,0
51,21,80.04167938232422,95194,1,6.859484931385695,1,0,0,0,0,1,0
56,31,74.80574035644531,92294,2,0.4658653399542086,2,0,0,0,0,1,0
32,13,79.71174621582031,89898,1,1.2300615862164732,2,0,1,0,0,0,0
57,34,28.49649810791016,95496,1,1.805156829041094,3,0,1,1,0,1,0
30,13,76.05353546142578,95033,1,2.5268234598788943,2,373,0,0,0,0,0
61,36,42.43768310546875,90141,1,0.4764125561350245,2,0,1,0,0,1,0
42,12,83.45868682861328,95599,1,6.264875248409099,1,105,0,0,0,1,0
41,15,146.01937866210938,90180,2,7.374662649172794,1,0,0,0,0,0,0
50,13,33.15928649902344,91335,3,2.317699768868759,1,0,0,0,0,1,0
43,21,67.1432113647461,90656,3,1.7828780636292552,1,145,0,0,0,1,0
63,41,17.204349517822266,90436,1,0.5173429313828042,2,0,0,0,0,1,0
53,33,71.44725036621094,94699,3,0.7876977194746703,3,0,0,0,0,1,0
52,22,63.50213241577149,91851,3,1.4326172044281325,2,237,0,0,0,0,0
50,29,49.29674530029297,92348,3,0.7026899744333731,3,0,1,0,0,1,0
26,1,159.22154235839844,92590,4,7.199843790386336,2,0,0,0,0,1,1
40,12,80.43836975097656,90610,1,2.093361081163774,2,0,0,1,0,1,0
37,29,31.96033096313477,94923,1,0.5649343032513445,1,0,0,0,0,0,0
29,6,70.35004425048828,93533,3,0.5584153436088298,3,121,0,1,0,0,0
43,35,123.06410217285156,95285,4,4.3854206765419645,2,134,0,0,0,0,1
31,6,45.88100814819336,91867,1,0.1155829705853537,1,0,1,0,0,0,0
63,36,23.59136390686035,94849,4,0.649579800913025,2,0,0,0,0,1,0
58,38,23.078155517578125,96488,4,2.03797008433352,2,285,0,0,0,0,0
56,38,36.18902587890625,95862,3,0.3536430061135598,2,0,0,0,0,0,0
48,15,30.942331314086918,92708,2,0.0725977506613939,3,0,0,0,0,1,0
35,4,34.275596618652344,95595,3,1.3215852784836486,2,126,0,0,0,1,0
58,22,37.323577880859375,91574,4,1.5329178431630646,1,113,1,0,0,1,0
43,22,193.4027404785156,92131,1,7.647978900128077,1,0,0,0,0,1,0
48,32,130.4374237060547,95269,2,6.536460805063261,1,0,1,0,0,0,0
62,35,43.46023178100586,90278,2,0.7155693925189676,3,268,0,1,0,1,0
61,33,59.37200546264648,90451,1,1.547479918479966,2,360,0,0,0,1,0
46,23,163.85560607910156,91566,1,5.641717062735727,1,223,0,1,0,0,0
55,36,107.44549560546876,95486,4,0.8479474116796765,1,171,1,0,0,1,0
43,6,151.84603881835938,94994,2,2.879077163220696,1,0,0,0,0,1,0
35,10,114.3138198852539,95762,1,0.4535121253144458,1,0,0,0,0,0,0
61,36,93.3408660888672,92372,1,0.0765592173111242,2,0,0,0,0,1,0
44,15,16.099472045898438,93237,4,0.9352748882869586,1,113,0,0,0,0,0
40,12,47.58607864379883,94403,2,2.1014874040236693,3,0,1,0,0,1,0
55,28,53.42251586914063,91653,3,0.7458320390577953,2,111,1,0,0,1,0
47,29,66.09463500976562,92823,2,1.56155617872837,3,0,0,0,0,0,0
40,13,76.54535675048828,89974,1,0.4273119050231001,3,0,0,0,0,1,0
51,20,63.52432632446289,93299,1,0.4048170232428193,2,0,0,0,0,1,0
47,20,149.989990234375,92493,2,7.835109381924658,1,0,0,0,0,0,0
59,33,56.12690734863281,91553,1,0.2065179046652687,3,150,0,0,0,1,0
53,22,49.69318008422852,91196,4,0.9788118058132608,3,0,0,0,0,0,0
39,13,60.153568267822266,94116,4,2.411443741866328,3,0,0,0,0,0,0
25,0,184.99925231933597,93242,1,2.379783072921908,3,378,0,0,0,0,1
36,18,111.09906768798828,92569,1,3.727908736554876,1,250,0,0,0,1,0
51,27,71.13114929199219,93785,3,0.6623367993815914,3,0,0,0,0,0,0
32,3,90.7011489868164,94258,4,2.8421639900237112,3,0,0,0,0,0,0
37,8,130.95767211914062,95530,2,1.68526360341413,1,0,0,0,0,1,0
44,25,27.160236358642575,92987,2,0.3119384585697939,2,128,1,0,0,0,0
59,34,17.37633514404297,90454,3,0.8917165142791224,2,0,0,1,0,1,0
34,9,46.568790435791016,94535,3,3.3472207377497214,1,0,1,0,0,1,0
36,24,49.29710006713867,95382,3,0.894241492364217,1,204,0,1,0,0,0
35,6,170.8791046142578,92076,2,6.579445140479412,1,0,0,0,0,1,0
29,4,94.78961944580078,95223,2,2.3621051588666893,1,0,1,0,0,1,0
43,32,115.69476318359376,96002,1,2.932712099431769,1,0,0,1,1,1,1
61,36,26.300405502319336,93448,3,2.137502887426598,3,0,0,0,0,1,0
56,25,48.072357177734375,92472,4,0.7371876391248738,3,103,0,0,0,0,0
34,12,121.7053680419922,92167,1,2.527355984224074,1,0,1,0,0,0,1
28,17,47.02456283569336,90295,4,2.136456547252332,1,0,0,0,0,1,0
33,6,51.0279426574707,91911,3,0.7740002151432278,3,0,0,0,0,1,0
48,17,111.91453552246094,95024,1,4.126339676857135,2,0,0,0,0,1,1
65,39,70.46092987060547,94849,4,2.255124607370021,2,0,0,0,0,1,0
30,8,86.4247817993164,95287,2,0.0175110317624541,3,0,0,0,0,1,0
29,8,57.77530288696289,94247,4,0.1748997685796826,1,96,1,0,0,0,0
40,15,53.66869735717773,93303,2,0.9437774550327492,2,0,0,1,0,1,0
46,20,125.22286224365234,91654,2,0.659565476185906,1,0,0,0,0,1,0
56,26,32.172943115234375,91981,1,0.8120679913742122,3,191,0,0,0,1,0
55,19,86.90534973144531,94616,1,1.519477854656343,1,138,1,0,0,0,0
62,33,16.39543914794922,95542,3,0.5481735780992425,2,228,0,0,0,1,0
40,3,65.72676086425781,93144,1,1.265828485770887,3,0,0,0,0,0,0
32,6,161.4264373779297,94537,3,2.6262122042392773,1,0,0,0,0,1,1
31,1,102.19409942626952,92098,2,1.494584650081694,3,386,0,0,0,0,0
64,41,69.20147705078125,91538,3,0.1526313963497527,1,144,0,0,0,0,0
59,38,77.94464111328125,90246,4,1.803051946009842,2,0,0,0,0,0,0
52,30,104.43971252441406,89730,2,0.4717083714723413,3,0,0,0,0,0,0
25,1,55.58955001831055,95592,4,1.5508715943110154,3,0,0,0,0,0,0
66,36,65.35897064208984,92081,1,0.5401724528630457,1,0,0,1,1,1,0
28,3,68.58150482177734,95670,1,3.0509874519726576,1,0,0,1,0,0,0
35,4,24.62999725341797,92548,4,1.8243496964883985,3,0,0,1,0,0,0
41,15,77.3030014038086,92106,2,1.4860397551369569,3,137,0,0,0,1,0
54,29,73.92379760742188,92892,2,1.9564014857988243,3,0,0,0,0,0,0
52,32,70.98611450195312,91875,4,1.3370578246175011,3,202,0,0,0,1,0
63,36,56.68458557128906,95450,4,1.306322882919693,1,0,0,1,0,0,0
38,9,118.44171905517578,94546,2,7.849144234596577,1,0,1,0,0,0,0
61,37,40.82013702392578,92728,3,1.6145176895267892,3,0,0,0,0,0,0
38,22,65.05598449707031,95894,2,1.0185985085573614,3,0,0,1,0,1,0
30,2,144.81436157226562,94455,2,0.1178783593240797,2,355,1,0,0,0,0
27,4,29.029390335083008,92427,4,0.6274390539514021,3,0,0,0,0,1,0
58,30,75.71239471435547,94291,1,0.1516767243844511,1,0,1,0,0,0,0
40,20,32.33000946044922,96244,3,1.2046297359467468,1,0,0,0,0,1,0
64,33,38.887939453125,95904,4,0.8097826285550349,3,0,0,0,0,1,0
42,16,44.69204711914063,95611,3,0.2926418094196524,2,0,1,0,0,1,0
65,39,20.786598205566406,95595,3,1.681467839887558,1,0,0,0,0,1,0
31,4,31.24532699584961,95427,2,1.2465315173958884,2,0,0,0,0,0,0
58,30,26.40553855895996,91172,3,0.5881131989416323,3,0,0,0,0,0,0
47,20,43.00624465942383,95057,4,0.8601164322347151,2,0,0,1,0,0,0
54,30,95.3558120727539,94607,2,0.795887640425402,1,235,1,0,0,1,0
60,31,14.806674003601074,93954,4,0.1843223089798449,1,0,0,0,0,1,0
52,33,82.482421875,90191,1,1.6376508557602056,1,0,0,0,0,0,0
39,15,156.7788848876953,94437,2,4.241351890023939,1,216,1,0,0,1,0
51,28,104.59864807128906,90664,4,0.0420502536040196,3,0,0,1,0,0,0
27,3,43.89181137084961,90642,4,1.5932096050772837,3,0,0,0,0,0,0
40,16,76.51549530029297,91446,2,2.387864014596253,3,0,1,0,0,0,0
62,36,93.05130767822266,91985,2,1.7531974624717066,2,0,1,0,0,1,0
58,37,115.4848175048828,91601,1,3.5597848446451774,3,0,1,0,0,0,0
60,33,25.89383888244629,92922,4,0.5031700200780224,3,0,0,0,0,0,0
45,27,38.519344329833984,94955,4,0.5411702649959033,2,0,1,0,0,1,0
56,31,33.48728561401367,94812,3,0.106692757475882,3,0,0,0,0,0,0
44,15,64.13456726074219,94836,4,1.880692317305174,1,0,1,0,0,0,0
44,13,70.2014389038086,95431,1,2.27344213397053,1,0,0,0,0,1,0
28,8,18.75491523742676,90085,2,0.9010509683089908,2,0,0,0,0,0,0
30,30,86.8764877319336,94602,1,2.8583716917058006,1,0,1,0,0,1,0
52,27,167.50503540039062,94106,4,3.372076474388757,3,228,0,0,0,0,1
57,22,121.70562744140624,91155,2,0.316810642268488,1,0,0,0,0,0,0
44,35,81.74061584472656,91401,3,0.8597613130360423,1,0,0,0,0,1,0
41,27,50.10851287841797,91991,3,0.1839137183398167,1,0,0,0,0,1,0
65,39,79.9585189819336,90348,1,1.8953824187992825,1,0,0,0,0,1,0
38,16,116.2552261352539,90369,2,6.3744924229381,1,0,1,1,0,1,0
58,20,61.744361877441406,93103,2,2.5176111534407224,2,0,0,0,0,1,0
56,18,133.13800048828125,94280,4,1.0689816617046783,1,0,1,0,0,0,0
55,35,51.61286544799805,95655,4,0.8917225385758988,1,195,1,0,0,1,0
56,31,29.886857986450195,92352,1,2.512142599830542,2,169,0,0,0,1,0
34,24,78.87245178222656,93749,1,2.1889362586567183,3,136,0,0,0,1,0
34,2,168.5123748779297,95451,2,4.446112228059285,1,115,0,0,0,0,0
42,11,58.18775939941406,95096,4,0.278631662928249,2,0,0,0,0,0,0
26,7,69.31214904785156,93789,2,0.3599658718163949,2,0,1,0,0,0,0
44,11,26.46108627319336,92879,2,0.102074589153229,2,0,0,0,0,0,0
54,32,33.543724060058594,95016,4,2.2814277980362294,2,166,0,0,0,0,0
54,25,31.569292068481445,93943,4,0.5218276834009938,1,166,0,0,0,1,0
61,37,56.15329360961914,93780,4,2.3134002048964937,1,169,0,0,0,1,0
38,16,59.9532470703125,91627,4,0.7423488165673234,1,124,1,0,0,0,0
53,25,54.09073257446289,92471,4,1.541953856769486,3,0,0,0,0,0,0
63,31,89.87824249267578,92138,1,1.7954795437454298,1,0,1,0,0,1,0
38,13,167.5396270751953,91385,2,3.584543055849783,1,0,0,0,0,1,0
28,2,22.34168243408203,93163,4,0.0729428840620783,1,94,0,0,0,1,0
42,24,28.489809036254883,90433,1,0.2934870573584268,2,0,1,0,0,0,0
24,-1,25.07184600830078,92773,2,0.0308559120580387,3,0,0,0,0,0,0
61,37,17.787517547607422,90116,3,0.4140461509034215,1,0,0,0,0,1,0
32,11,80.36543273925781,94092,1,1.1507019284843332,3,0,1,0,0,0,0
51,35,153.44656372070312,95141,2,3.6632559609450097,1,0,0,1,0,1,0
54,18,114.4970474243164,91879,4,0.7461617523616937,2,0,0,0,0,0,0
60,34,67.06405639648438,93742,1,1.7054992411905745,1,0,1,0,0,1,0
36,15,67.98268127441406,92175,1,0.9547032558679642,1,0,0,0,0,0,0
27,4,151.87864685058594,89829,1,0.871764258134882,1,0,1,0,0,1,0
59,39,58.3358039855957,92087,3,2.0572714511871744,2,0,0,0,0,0,0
50,23,87.29972839355469,94632,3,4.533548978853711,1,0,1,1,1,1,0
56,26,54.89922332763672,92708,3,1.8476405443626625,2,0,0,0,0,1,0
37,19,127.72541809082033,90743,1,0.763554121202541,1,0,0,0,0,1,0
57,31,37.79366683959961,92280,3,0.868522594516526,3,0,0,0,0,0,0
55,26,58.0654182434082,95428,4,0.5538806930311284,1,141,0,1,0,0,0
38,15,56.614444732666016,91209,4,2.6056253990274145,1,0,0,0,0,1,0
34,6,80.06343841552734,95780,4,0.2726992954345388,2,147,1,0,1,1,0
36,10,71.015869140625,95258,4,0.1405390652558001,1,0,0,0,0,1,0
61,36,72.80635833740234,93939,4,1.8549293690000896,1,102,0,0,0,0,0
59,35,48.88068389892578,92576,3,1.2850239946713649,2,0,0,1,0,1,0
39,13,173.4932861328125,94503,2,5.858697951022872,1,0,0,1,0,1,0
30,6,57.133907318115234,94698,4,0.3511844451166381,3,0,0,0,0,1,0
44,23,145.58998107910156,94545,4,3.07429968473409,1,0,0,0,0,1,0
63,33,93.59195709228516,91954,1,1.1758844449470331,3,274,0,1,0,1,1
50,30,28.93111801147461,89999,4,1.1240066036189762,2,0,1,0,0,1,0
41,18,33.832183837890625,96001,4,0.768645903984645,2,106,0,0,0,1,0
27,1,45.52482604980469,91725,1,0.9322368511381648,1,0,0,0,0,0,0
29,5,112.52185821533205,94056,4,2.906649421331308,2,0,1,0,0,0,0
57,40,16.171619415283203,94868,1,1.0361288668235993,3,0,1,0,0,1,0
59,32,42.193336486816406,91126,2,2.706945201762375,1,113,1,0,0,0,0
61,36,107.4879379272461,91547,4,0.6022860538311885,3,0,0,0,0,1,0
59,34,35.302391052246094,92839,4,1.072468671357403,2,0,1,0,0,1,0
50,28,23.754562377929688,90704,3,0.2520652662273946,2,0,0,0,0,1,0
49,21,55.954227447509766,90734,2,1.4312592385213825,1,0,0,0,0,1,0
35,10,28.44710922241211,92136,4,0.6850149450467848,3,0,0,0,0,0,0
61,34,100.70272827148438,93155,4,2.5082192240922847,2,0,0,0,0,0,1
55,30,53.431243896484375,94841,1,0.3557629559209224,3,90,1,0,0,1,0
40,7,72.42967987060547,94398,2,2.3935753491885987,1,0,0,0,0,1,0
29,3,79.64852905273438,89820,2,1.649413521501896,3,0,1,0,0,1,0
45,29,61.5399055480957,94220,2,0.9327405661649768,3,0,0,0,0,0,0
60,31,63.32780838012695,95235,3,0.6144107140388126,2,0,1,0,0,1,0
29,27,48.81533050537109,94380,1,1.0364770288800316,2,0,0,1,0,1,0
48,25,200.3639678955078,91503,3,7.082445058149667,3,0,0,0,0,1,1
64,37,185.6192321777344,93018,3,2.971865673281134,3,0,0,0,0,1,1
38,16,114.79551696777344,92379,2,2.86155930680004,1,228,0,0,0,1,0
66,33,74.6572265625,91409,4,0.2767528984921024,1,0,1,0,0,1,0
41,18,129.3372039794922,92213,3,1.64391474036527,2,145,0,0,0,1,1
42,13,44.28108978271485,94857,1,1.405663295000379,2,0,0,0,0,0,0
55,31,95.26211547851562,94925,1,3.117564108761578,3,0,0,0,0,1,0
36,19,18.93368530273437,93647,1,1.350603196490067,3,0,0,0,0,0,0
61,41,23.00326538085937,94649,2,0.3288464710310381,1,0,0,0,0,0,0
25,1,67.03523254394531,94853,4,0.1510716142807076,2,0,0,0,0,1,0
62,37,81.291748046875,94387,2,0.1128484222894773,3,157,1,0,0,0,0
53,35,78.71760559082031,94321,1,2.3844763210245925,1,0,1,1,1,1,0
36,13,68.44902038574219,94710,4,0.1388283396772387,1,0,0,0,0,1,0
44,20,81.45018005371094,95900,3,2.2913575739663097,1,0,0,0,0,1,0
31,3,50.73729705810547,95188,2,2.7678182163326315,2,0,0,0,0,0,0
55,9,91.98802185058594,94762,2,2.730990097337173,1,0,0,0,0,1,0
57,26,29.73770523071289,94044,1,1.0544696650992045,3,0,1,1,0,0,0
55,24,47.01107025146485,95556,1,0.6066460940957146,3,0,0,0,0,1,0
51,25,63.68493270874024,94346,4,1.1377477416859771,1,219,0,0,0,1,0
27,12,17.585573196411133,93981,4,2.807513642126631,2,101,0,0,0,1,0
29,3,28.561147689819336,90604,4,1.891069131838136,2,0,1,0,0,1,0
39,21,169.14910888671875,91273,1,2.085246326152366,1,0,0,0,0,1,0
45,27,102.55290985107422,94858,4,4.867106473149136,1,0,1,0,0,1,0
33,7,28.66312026977539,93120,4,0.5010811787312308,2,0,0,0,0,1,0
40,12,49.584415435791016,94366,3,5.474360181785893,1,0,0,1,0,0,1
36,11,38.0152587890625,91975,1,0.2501236238384041,3,0,0,0,0,1,0
52,18,48.70245361328125,91457,2,0.1503231392686188,3,0,0,0,0,0,0
31,18,93.17794036865234,94216,1,2.490079111296096,1,0,1,0,0,1,0
43,25,63.372676849365234,93216,3,1.5219726613384197,3,384,0,1,0,1,0
51,30,73.2537841796875,95472,4,2.116360600579436,3,0,1,0,0,1,0
31,6,101.1775360107422,95021,1,1.368677705135571,1,0,0,0,0,1,0
60,31,109.29193878173828,91469,2,1.005022719102057,1,0,1,0,0,0,0
27,4,72.42391967773438,91949,2,1.9355412680077355,3,0,0,0,0,0,0
27,1,34.58521270751953,90469,3,1.982429029030287,3,218,0,0,0,1,0
66,41,65.19841003417969,94910,1,2.706103864756214,1,0,1,0,0,1,0
56,29,110.8547592163086,94678,2,2.9972913505497427,1,0,0,0,0,0,0
31,7,116.01600646972656,94969,2,3.789942931473797,1,0,1,0,0,1,0
39,23,138.89439392089844,90989,2,3.062962641410305,1,0,0,1,0,1,0
30,7,134.1852264404297,91294,4,1.516426283093921,3,0,0,0,0,0,1
45,16,93.99528503417967,90485,1,4.521793640915959,1,0,0,1,0,1,0
57,28,85.15840148925781,91898,1,1.7803087789531966,2,0,0,1,0,1,0
28,2,59.62287902832031,92630,2,1.0704768002137808,2,0,1,0,0,1,0
55,26,131.3517303466797,94193,2,2.2258225885505363,1,403,1,0,0,0,0
61,33,27.99695587158203,94514,2,0.3812750353280381,2,110,1,0,0,1,0
37,16,26.941482543945312,95265,3,1.6182511369266956,1,207,0,0,0,0,0
35,14,133.00335693359375,92085,3,2.9896730252242345,3,0,0,0,0,0,0
46,20,95.58963775634766,93884,2,0.5039148612563306,1,241,0,0,0,1,0
52,7,41.195831298828125,95716,4,0.468472487966439,3,0,0,0,0,1,0
37,19,83.2790298461914,95134,1,0.7842440158174219,1,0,0,0,0,0,0
58,36,129.80035400390625,94656,2,3.103784537339335,1,0,0,0,0,1,0
35,13,86.9704360961914,92817,2,4.589678825248775,1,0,1,0,0,0,0
52,21,101.43243408203124,94657,2,0.6806898037954107,1,0,1,1,0,1,0
26,-1,104.22542572021484,94159,2,1.416963923133181,1,0,1,0,0,1,0
39,16,37.4752197265625,95017,3,0.4222481944618929,3,106,1,1,1,1,0
51,28,79.52816772460938,94983,4,3.5503692383806977,1,0,1,0,0,0,0
45,27,50.39697647094727,93212,4,1.198062393343339,3,0,0,0,0,1,0
48,20,47.77906799316406,92840,4,2.720160328574964,2,103,1,0,0,0,0
60,34,58.3118782043457,92535,1,0.1492750528286508,3,0,0,0,0,0,0
51,35,215.3285980224609,94895,2,4.4218095248797455,3,0,0,0,1,1,1
56,32,60.061317443847656,94530,4,2.9806061810242133,1,0,0,0,0,1,0
63,36,37.27914047241211,92663,3,0.710363184767744,2,0,0,0,0,0,0
29,15,194.12527465820312,93786,1,6.137626487934694,1,0,1,0,0,0,0
61,33,81.82892608642578,94412,2,1.7385634403398265,1,0,1,0,0,0,0
56,31,61.58493041992188,91921,4,1.5060232288771909,1,0,1,0,0,1,0
61,32,26.302419662475582,94295,4,0.1794751501553642,2,0,0,1,0,1,0
55,27,64.99333190917969,95339,2,1.1627487168762802,3,0,0,0,0,0,0
37,15,36.59235000610352,95598,4,0.6571846740998633,3,0,0,1,0,1,0
48,16,65.7191390991211,95994,2,1.5451232801512118,1,0,0,0,0,0,0
45,14,20.360410690307617,92994,4,0.6832610260447778,3,97,1,0,0,0,0
34,7,28.17721939086914,93158,3,0.6682551418740155,2,0,1,1,0,1,0
52,25,70.60906982421875,90578,1,2.6840989497338814,1,243,0,0,0,1,0
31,8,97.34939575195312,91461,1,3.800761583279931,1,0,0,0,0,1,0
48,25,78.99629211425781,94184,3,0.2471603174866946,1,0,1,0,0,0,0
60,39,20.45022392272949,91199,1,0.0630079372989026,1,0,0,0,0,0,0
37,15,56.59270477294922,92805,4,1.5864990900814098,2,0,0,0,0,0,0
32,3,30.199838638305664,94201,3,0.9696822559595468,2,104,0,0,0,0,0
37,15,72.00419616699219,91661,3,2.549134412598637,3,0,0,0,0,0,0
65,40,67.71611785888672,93968,4,0.6101644929539036,3,245,0,0,0,1,0
46,32,190.4119415283203,89955,3,0.2843190867059699,3,0,1,1,1,0,1
32,5,167.00152587890625,91819,1,3.272142765548134,3,230,1,0,1,1,1
52,32,88.07675170898438,96122,4,1.913584029425611,3,276,0,1,0,1,0
35,22,103.02940368652344,93861,1,2.1175215739190896,1,157,0,0,0,0,0
66,37,110.96221160888672,90235,3,4.042035676437656,3,0,0,1,0,0,1
42,23,131.96836853027344,92174,2,0.053412381717576,3,395,0,0,0,1,0
30,15,11.281923294067385,95397,1,1.405565827907732,2,0,0,0,0,1,0
65,38,136.7344207763672,95616,1,4.403251871128414,2,152,0,0,0,1,1
63,34,32.89118576049805,94223,3,1.5808093624787496,2,0,0,0,0,1,0
55,38,18.780176162719727,92064,2,0.5171572876979995,2,90,0,0,0,0,0
46,25,116.59228515625,92782,4,0.239825804658987,2,0,0,0,0,0,0
39,15,108.12714385986328,94585,2,7.772784259588894,1,0,0,0,0,0,0
33,6,90.63243103027344,94844,3,0.1457487513835973,2,0,0,0,0,1,0
40,17,20.46927261352539,92118,3,1.2335872209212837,3,0,0,0,0,0,0
30,5,93.83600616455078,94416,3,3.031624852308342,2,0,1,0,0,1,0
46,9,103.10263061523438,92298,3,1.0705947476547664,3,0,0,0,0,0,0
31,8,49.737281799316406,94472,4,1.044684627320397,2,0,1,0,0,1,0
59,22,32.48697662353516,90222,4,1.6553699265950796,1,0,0,0,0,0,0
30,3,24.641319274902344,93630,4,0.6209590688897715,3,0,0,0,0,0,0
41,26,93.607177734375,94211,3,4.4878170162762805,1,0,0,0,0,1,0
56,33,24.30890274047852,90068,4,1.1782918016745425,2,149,1,0,0,1,0
56,34,43.50506591796875,92197,2,1.3637625789925467,1,0,0,1,0,1,0
31,4,64.49754333496094,91965,2,3.174634690902061,3,0,0,0,0,1,0
34,11,91.01962280273438,93315,1,0.8494146749966153,1,0,0,0,0,0,0
35,9,185.1722869873047,89883,1,3.944832485918485,3,0,0,1,0,1,1
65,42,99.17827606201172,94114,3,3.5538433174679027,2,0,0,0,0,0,1
48,29,90.10936737060548,94012,1,0.015934551790938,2,0,1,1,0,0,0
57,26,54.9669189453125,94465,1,1.0281377153814473,2,0,0,0,0,0,0
45,28,31.0087833404541,92378,1,0.3541545063693632,2,0,0,0,0,0,0
61,30,110.46150207519533,94340,4,3.692433340444429,2,0,0,1,0,0,1
64,42,28.131193161010746,92235,3,0.1619569385124036,1,0,1,0,0,1,0
42,19,69.22438049316406,94937,2,1.0599878706683534,1,0,0,1,0,0,0
35,2,129.73301696777344,91258,3,5.727005952360765,1,0,1,0,0,0,1
35,8,49.574615478515625,94949,1,0.3249097615581887,2,97,0,0,0,1,0
28,10,30.48362159729004,94233,3,2.661150380753112,2,0,0,0,0,0,0
48,15,72.21907806396484,94152,1,3.4470092455725223,2,394,0,0,0,1,0
64,39,70.28337860107422,94369,3,1.889793153841189,1,0,1,0,0,0,0
59,27,103.56163787841795,93040,2,0.4032626499041231,3,0,0,0,0,0,0
65,33,84.90379333496094,94706,1,2.388512995672491,3,402,0,0,0,0,0
44,29,53.05500793457031,91264,4,2.5568096152505486,1,0,0,0,0,0,0
31,14,102.29078674316406,94438,4,1.5241311727843092,2,182,1,0,0,0,0
55,34,26.88524055480957,93040,3,1.5462543858746174,1,107,0,0,0,0,0
63,33,18.25289535522461,94905,1,1.097555980450159,3,102,0,0,0,0,0
44,21,123.51277160644533,91331,1,4.101945440640714,1,296,0,0,0,1,0
32,4,19.68783569335937,93535,4,0.7985434097511371,3,0,0,0,0,1,0
54,23,42.72407913208008,90798,4,0.3843983021849925,1,0,1,0,0,1,0
59,35,30.584095001220703,92048,2,0.7511860199027469,1,0,1,0,0,1,0
44,25,79.46527099609375,91211,3,0.9632957679838864,3,0,1,0,0,0,0
39,3,74.94013214111328,94656,2,0.7326920574213972,1,300,0,0,0,1,0
60,35,74.83564758300781,94693,4,2.105817339008835,2,0,1,0,0,1,0
59,39,132.67050170898438,92190,2,1.6092769777407354,2,230,0,0,0,0,1
57,34,98.42250061035156,92244,3,1.7405673791019618,3,0,0,0,0,0,0
65,42,71.05704498291016,90265,3,1.882174876714131,1,0,1,0,0,0,0
44,16,54.95331573486328,90499,1,1.2694577907490054,3,89,1,0,0,1,0
29,7,35.69186782836914,90708,4,1.717606833082333,3,0,0,0,0,0,0
29,4,59.00432968139648,93112,4,0.9760447096103292,3,224,0,1,0,1,0
37,31,112.3586883544922,92190,3,1.9624940059614635,3,242,0,0,0,0,1
31,4,126.21589660644533,94416,1,1.6341370298924602,1,291,1,0,0,1,0
43,19,97.3679656982422,95867,1,0.7917793863922467,1,243,1,0,0,0,0
34,9,21.14960479736328,94319,3,0.1397998267689757,1,102,0,0,0,0,0
29,1,68.82501983642578,90924,1,0.223339113721864,3,0,0,0,1,1,0
29,12,42.91148376464844,92749,4,1.5765062666560867,3,0,0,0,0,0,0
27,4,82.16730499267578,92118,3,1.5512806136558135,1,0,0,0,0,0,0
48,35,64.68900299072266,94532,1,0.8865515127178495,1,0,0,0,0,0,0
46,26,46.44633483886719,92999,4,0.636323477296515,2,0,1,0,0,1,0
55,32,39.221954345703125,95116,2,0.1203683005250018,1,0,0,0,0,1,0
52,15,125.29988098144533,91506,2,6.199458798525028,1,0,0,0,0,1,0
40,13,41.8369026184082,94447,1,1.555770909202421,2,190,0,0,0,0,0
59,35,64.87016296386719,94733,2,1.4933577169387022,2,0,0,0,0,0,0
60,33,63.39786529541016,94409,1,1.623639476595656,2,0,0,0,0,1,0
48,17,57.8187141418457,94653,4,2.186591860845188,1,0,1,0,1,0,0
63,37,69.10106658935547,90226,4,1.66883565962576,1,0,1,0,0,1,0
61,35,26.581090927124023,92231,1,0.9079548647999622,2,0,0,0,0,0,0
53,17,64.39680480957031,91222,4,1.056134071667954,3,0,0,0,0,1,0
42,14,110.27234649658205,95983,3,2.5967677956328266,2,0,0,0,0,0,1
56,24,57.99980163574219,92048,2,0.6530446877584019,1,0,0,0,0,1,0
64,31,39.53661346435547,90005,1,1.9834126817607631,3,0,1,1,0,1,0
30,17,119.53226470947266,91234,1,1.3371059327859336,1,0,1,0,0,0,0
60,27,149.6026153564453,90942,2,1.768201550319792,1,0,1,0,0,0,0
59,35,58.97079086303711,94795,2,2.287008247743453,2,0,1,0,0,1,0
64,39,28.47478485107422,92172,1,2.2240142131043794,3,0,0,0,0,1,0
65,38,52.263484954833984,90321,4,0.1799260223504398,3,0,0,0,0,1,0
61,40,59.04628372192383,96095,4,1.3299932924507067,3,0,0,1,0,1,0
47,19,34.29094314575195,91299,3,0.1961829385140517,2,0,1,0,0,1,0
34,4,36.13349151611328,94429,4,1.862605668385563,3,0,0,0,0,0,0
32,12,23.43539428710937,95497,4,0.1211659835523289,1,0,1,0,0,0,0
54,17,129.10430908203125,92770,2,1.218466717956201,1,0,1,0,0,1,0
34,9,20.336767196655277,91767,3,0.5157604098152186,1,0,0,0,0,1,0
48,19,14.88032341003418,94174,3,0.9468981245792398,3,0,0,0,0,1,0
58,34,104.69266510009766,90800,3,4.625753537751312,1,462,0,0,0,0,0
49,30,40.64376831054688,93832,2,2.3477559108570234,2,0,0,0,0,0,0
51,34,38.0610466003418,91971,4,1.718653430064546,3,0,0,0,0,1,0
45,26,85.34022521972656,94009,1,4.052702058433092,1,112,0,0,0,1,0
40,22,124.28632354736328,95457,2,2.0785759762316944,1,268,0,0,0,1,0
51,23,14.452049255371094,95782,2,0.6336561072705961,3,0,0,0,0,1,0
56,10,46.589576721191406,94454,1,0.351282796185107,2,108,1,0,0,0,0
56,28,37.41062927246094,95429,2,0.9751747278165483,1,72,0,0,0,1,0
41,20,42.40701675415039,92888,4,2.475611250344448,1,0,0,0,0,1,0
42,15,48.24935150146485,91922,1,2.3338697593335285,1,0,1,1,1,1,0
33,2,40.74682235717773,94427,1,0.3864221869536069,3,0,0,0,0,0,0
39,23,114.12709045410156,90010,2,0.450872827758114,1,0,1,0,0,0,0
51,31,132.31198120117188,94460,2,0.2678808810106864,3,0,0,0,0,1,0
34,11,106.7937469482422,92224,4,1.7188555324551524,1,0,0,0,0,1,0
60,34,52.3138427734375,94414,4,0.6524441916361277,3,0,0,0,0,1,0
45,27,73.93488311767578,94559,3,2.1386058783412607,2,217,0,0,0,1,0
61,38,59.73766708374024,93054,4,1.626760063147371,1,0,0,0,0,0,0
54,30,131.38560485839844,94769,1,0.7040556936576385,1,0,0,0,0,1,0
61,35,107.27202606201172,94361,2,0.4505639194991517,1,0,0,0,0,1,0
44,19,61.74481964111328,91774,4,0.3991053612764969,3,102,0,0,0,1,0
39,25,44.52658081054688,94213,4,2.55593861217513,2,0,0,0,0,0,0
59,33,20.12084007263184,90281,2,0.4195255376420551,3,0,1,1,0,1,0
64,42,30.730987548828125,92032,3,0.5747222514512007,1,0,1,0,0,1,0
58,36,65.93172454833984,90044,3,2.241219802302708,1,0,0,1,0,0,0
47,13,118.17139434814452,94583,2,0.3390254512872834,1,433,1,0,0,1,0
31,10,170.5333709716797,92051,2,3.824302175527475,1,0,1,0,1,1,0
50,22,18.764333724975582,89806,2,1.9179979538792888,2,0,0,0,0,1,0
37,11,143.11672973632812,96036,2,0.733796499551634,1,0,1,0,0,1,0
50,19,96.43697357177734,90772,1,6.20871031447694,3,0,0,0,0,1,0
31,5,63.49109649658203,92193,3,3.404653494368272,1,217,0,0,0,0,0
45,16,138.66925048828125,91981,2,2.1047568038388347,1,0,1,0,0,0,0
57,27,76.21263122558594,95078,4,1.5427400399536202,3,0,1,0,0,1,0
47,15,181.44500732421875,90018,2,0.6832938107519646,1,0,1,0,0,1,0
41,15,21.580730438232425,91754,1,0.2279934847121599,3,0,0,0,0,0,0
41,19,93.62384033203124,92342,3,2.2230359470388903,1,346,0,0,0,1,0
55,25,164.37681579589844,94457,2,3.3607565749696717,1,0,0,0,0,1,0
61,29,125.849365234375,95695,3,2.9935550476771025,2,0,1,1,1,1,0
58,38,96.5724639892578,92867,3,0.7654989423116145,2,0,0,0,0,0,0
56,34,35.349876403808594,91194,4,0.0565732868404113,1,0,0,0,0,0,0
33,30,175.3526153564453,92243,2,0.1444144262731599,1,110,1,0,0,0,0
48,26,26.79991340637207,91285,1,0.2614495753340874,3,0,1,1,1,1,0
35,12,16.601303100585938,93991,4,0.7516446365200388,2,140,0,0,0,1,0
59,37,66.66615295410156,90470,2,0.2675045415061232,3,0,0,0,0,0,1
55,28,119.07691192626952,95742,1,0.213103527442608,1,0,0,0,0,0,0
50,30,103.53433227539062,95076,2,1.5418967732006192,1,0,0,1,0,0,0
49,26,60.35441970825195,90197,2,0.056951763946498,2,0,1,0,0,0,0
43,21,84.05757141113281,91907,3,3.216053302670533,1,0,0,0,0,1,1
47,27,137.81674194335938,92721,1,4.50124922178903,3,0,0,0,1,1,1
27,18,56.17929458618164,92038,4,0.4157859759567546,1,125,0,0,0,0,0
44,15,113.66500854492188,94722,2,1.915432359744189,1,0,0,1,0,0,0
51,20,16.512365341186523,92175,1,0.349483137904243,3,0,0,0,0,1,0
59,25,71.34886932373047,90264,2,1.4890490634486062,3,0,1,0,1,1,0
33,10,100.11437225341795,90380,1,2.752868930766255,1,0,1,1,1,1,0
48,24,48.88350677490234,95825,2,1.3905232097812907,3,229,0,0,0,1,0
41,21,78.787841796875,94469,4,1.2113888727289193,2,0,0,0,0,1,0
34,14,46.00967788696289,94699,4,0.3929211429939939,1,0,1,0,0,1,0
36,16,197.03216552734372,91216,2,4.098830416170784,1,0,0,0,0,1,0
36,17,31.111162185668945,92149,2,0.8291197674924735,3,94,1,1,0,0,0
40,23,155.2555694580078,93542,3,0.6558307369726971,2,0,0,0,0,1,1
57,34,44.13954544067383,90343,3,1.5195622187990638,3,0,1,0,0,1,0
47,15,209.69119262695312,93573,2,5.933138370116688,3,0,0,0,0,1,1
31,7,12.040597915649414,93898,1,0.2951791091690012,3,0,0,0,0,0,0
52,22,45.92771911621094,90474,1,0.7563462334577122,1,103,0,0,0,1,0
52,25,72.48060607910156,92990,4,0.4622900298262986,1,0,1,0,0,1,0
28,1,52.01866149902344,94058,2,1.486425020136906,1,0,0,0,0,0,0
35,16,33.00529479980469,94816,3,0.2406165063479955,2,0,1,0,0,0,0
37,15,35.04341125488281,95223,4,0.3350079750954344,2,0,1,0,0,1,0
61,20,90.91149139404295,92395,2,1.591683419643583,1,100,1,0,0,1,0
54,31,44.34038162231445,93119,2,1.206640351717486,1,0,0,0,0,1,0
57,34,33.63141632080078,91812,3,0.6906745002748691,3,0,0,1,0,1,0
37,5,91.91610717773438,93427,3,2.0686811550902995,2,0,0,0,0,1,0
57,33,35.879913330078125,93503,2,0.3559647830252436,2,0,0,0,0,0,0
56,34,97.84855651855467,92991,3,0.1503529904468449,3,0,0,0,0,0,1
41,16,75.936767578125,91301,1,0.7730984355395054,2,0,0,0,0,1,0
60,33,52.33342742919922,91563,1,0.0191258048956434,3,0,0,1,0,0,0
35,1,160.0003662109375,95595,4,7.910307368341919,1,317,0,0,0,1,0
42,33,60.92160415649414,92911,4,1.1332516155348626,3,0,0,0,0,1,0
41,18,97.1310043334961,92247,2,3.1404269848494826,1,0,0,0,0,1,0
60,36,185.8701934814453,93108,1,1.9646836994087304,1,396,0,0,0,1,0
61,39,104.1284408569336,94936,2,4.266791547181796,3,0,0,1,1,1,1
43,13,16.013700485229492,93206,1,1.0735582832960953,2,0,1,0,0,1,0
51,26,23.47359848022461,92216,1,0.9902524111278476,3,0,0,0,0,0,0
45,20,70.42466735839844,89948,1,1.840740731467274,1,0,1,1,0,0,0
52,27,76.6554183959961,90272,4,1.925578558937549,1,0,0,0,0,0,0
57,30,70.60193634033203,93164,1,1.2501740477977172,3,0,0,0,0,0,0
33,7,54.95622634887695,94529,3,1.5520109161348086,1,0,0,0,0,0,0
57,37,81.30193328857422,91689,4,1.8308397941302004,1,0,0,0,0,1,0
58,36,40.543235778808594,91577,3,2.2529320828663453,1,0,0,0,0,1,0
52,27,66.14533996582031,94369,2,0.9281099459203674,2,0,1,0,0,1,0
35,20,70.63545227050781,94965,4,0.4805131676303851,2,0,0,1,0,1,0
47,22,92.26052856445312,92964,3,1.9234377297569023,2,0,1,0,0,1,0
51,15,136.63665771484375,95018,1,3.984467582333705,1,0,1,0,0,1,0
29,2,76.90406036376953,95114,1,2.936457965205191,1,201,0,0,0,1,0
37,3,19.95157814025879,94727,2,0.7070078295729196,1,95,0,0,0,1,0
45,34,176.7140350341797,90069,1,2.997372623600412,3,267,0,0,0,0,1
63,34,71.57587432861328,94458,2,0.3582262416948499,3,0,0,0,0,0,0
29,5,129.05841064453125,95263,4,2.1346503677822644,2,0,1,0,0,0,0
32,5,66.70143127441406,92090,4,0.7946404093097033,2,0,0,0,0,0,0
49,17,10.572790145874023,89813,1,0.5176109704896306,3,151,1,0,0,0,0
46,14,35.42424011230469,95968,4,0.6364708863909152,1,106,1,0,0,0,0
40,13,18.15545463562012,92362,3,0.2757110184098001,3,101,0,0,0,1,0
55,39,75.69353485107422,94623,1,0.8160422291250272,1,0,0,0,0,0,0
60,35,44.9073371887207,91346,3,1.7093099882705058,3,156,0,0,0,1,0
51,26,94.87133026123048,92869,2,2.1940641834963275,2,0,0,0,0,0,0
36,5,56.00276565551758,90100,4,1.0518614868150418,3,0,0,0,0,0,0
64,40,58.14778518676758,90451,1,2.0064777101074105,2,0,0,0,0,1,0
61,32,31.63021469116211,92144,1,0.5916493459019767,2,0,0,0,0,1,0
34,5,65.6031494140625,93551,2,0.7259586118595661,2,0,0,0,0,0,0
41,17,85.1093978881836,94356,3,2.426184119621427,3,304,0,0,0,1,1
31,2,191.96237182617188,95240,1,7.139356092139012,1,0,0,0,0,0,0
37,15,12.212968826293944,93616,4,0.9887504753637012,3,97,0,0,0,1,0
62,37,35.69042205810547,95220,3,0.6690225224913608,1,122,0,0,0,1,0
65,37,79.06719970703125,92929,2,2.782862167853624,3,486,0,1,0,1,0
35,19,20.360546112060547,92013,1,1.597292742160997,1,0,0,1,0,1,0
28,2,61.75139617919922,94469,4,7.494689558237396,3,156,0,0,0,0,0
27,13,196.493896484375,92237,2,8.067661965283968,1,0,0,0,0,0,0
32,3,67.15983581542969,94568,4,0.2901644946904275,1,232,1,0,0,0,0
58,36,127.05094146728516,92115,4,2.2564038845502026,1,0,1,0,0,1,0
43,18,111.20304870605467,90948,3,2.3641702430223663,2,0,1,0,0,0,0
46,21,57.93886566162109,91248,2,0.5979266421889349,3,0,0,0,0,0,0
48,19,43.285457611083984,93116,4,0.5081205118907741,2,0,0,0,0,1,0
37,12,206.92901611328125,92004,2,6.627490179067539,1,212,0,0,0,1,0
27,20,13.71495246887207,93567,4,0.7602728648580666,3,110,0,0,0,1,0
46,21,39.07841110229492,94482,2,2.2455453910670493,3,179,0,0,0,1,0
62,40,33.01959609985352,92645,4,0.90794793423941,1,0,1,0,0,1,0
53,32,66.12748718261719,91616,3,1.549733746205778,1,0,0,0,0,0,0
35,13,62.29813003540039,95239,4,1.6250568691282103,2,0,1,1,0,1,0
29,4,129.8399658203125,93067,2,2.825465267862758,1,0,1,0,0,0,0
28,5,150.38604736328125,94339,1,1.0737378178170705,1,0,0,0,0,1,0
30,6,64.13175964355469,92166,3,0.2511022974103972,2,341,1,0,0,0,0
51,23,21.38774681091309,89989,3,2.514809110334092,1,0,1,0,0,1,0
37,0,90.51783752441406,95776,4,1.9674944236844247,1,0,0,0,0,0,0
61,34,58.92298889160156,90228,4,1.2034612160760485,2,133,1,0,0,1,0
37,8,29.038646697998047,91135,4,0.5035164404601326,1,0,0,0,0,0,0
25,1,76.7317123413086,92337,2,1.9373920067923265,3,0,0,0,0,0,0
52,28,43.14450073242188,92378,4,1.4599568350574077,2,109,0,0,0,1,0
57,31,94.60216522216795,91463,4,2.72912427674299,1,216,1,0,0,1,0
39,13,59.281436920166016,92167,1,1.5847253467156368,2,0,1,0,0,0,0
59,34,72.70913696289062,91002,3,2.397770376647994,2,136,0,0,0,1,0
33,7,84.32945251464844,93907,1,1.6549265621144589,1,0,0,0,0,1,0
44,12,147.2970733642578,94006,1,6.46521336464726,1,0,1,0,0,0,0
54,30,28.90725517272949,94462,4,0.7353321242866215,2,142,0,0,0,0,0
53,35,16.751678466796875,94160,2,0.7643968963297256,3,317,0,0,0,1,0
41,27,66.01226806640625,92134,3,0.8306585636040023,2,0,0,0,0,1,0
40,11,11.173402786254885,92151,4,0.4004162210013015,2,95,0,0,0,1,0
58,34,171.77828979492188,91127,2,2.155378305786671,1,226,0,0,0,1,1
53,24,14.58883571624756,94594,3,1.6697220344852717,1,0,0,1,0,1,0
38,17,79.15106964111328,92942,1,2.3011276268412217,3,0,1,0,1,1,0
50,16,40.785301208496094,92321,4,1.6265056968268978,2,0,0,0,0,0,0
45,21,125.17477416992188,94923,1,6.908959354836394,1,0,1,1,1,1,0
47,17,58.6181755065918,95536,1,0.4854795432265643,3,0,1,1,0,0,0
38,9,46.59890365600586,94128,2,1.8320635890159087,1,0,1,1,1,1,0
52,34,38.11952209472656,89769,4,2.9589926565959974,1,165,0,0,0,0,0
30,10,25.233673095703125,93606,4,0.5994704756275318,3,0,0,0,0,0,0
50,24,62.73678588867188,94742,4,2.177378963922249,2,0,0,0,0,0,0
33,8,105.00655364990234,94503,4,2.9620500452044567,1,242,1,0,1,1,0
46,12,74.708251953125,90288,3,1.39044645646274,1,186,0,0,0,0,0
30,4,85.962646484375,92783,1,4.271429144734545,2,215,0,1,1,1,0
61,35,135.13072204589844,94587,4,1.579485938237806,1,480,1,0,1,1,0
49,20,116.55158996582033,89934,3,1.902922450004688,3,0,0,0,0,1,0
49,14,176.05747985839844,90032,1,5.504723506724467,1,0,0,1,0,0,0
36,12,32.43584442138672,94721,1,2.138910256555884,1,79,1,0,0,1,0
64,33,20.093017578125,92696,3,2.195003388929651,3,0,0,0,0,0,0
60,32,32.777496337890625,90137,3,0.4409873178233706,2,0,1,0,0,1,0
41,11,65.63156127929688,92977,3,1.136440815027743,3,169,0,0,0,0,0
24,-1,133.95785522460938,94527,4,0.8710467643888099,2,0,0,0,0,0,1
59,36,102.87354278564452,90394,3,0.451866341031101,3,0,0,0,0,0,0
37,15,84.55016326904297,90152,4,0.8352848558497481,3,0,0,0,0,1,0
59,36,21.89552116394043,90627,3,0.4280482408424408,2,0,1,0,0,0,0
40,10,89.84489440917969,93971,2,0.4691353911066788,3,0,0,0,0,1,1
51,22,14.65532684326172,94634,4,0.8216688777867964,2,102,0,0,0,1,0
48,18,51.1322135925293,93810,3,0.8725276413068337,2,0,1,0,1,1,0
39,9,88.29100799560547,90235,1,1.7612559085240758,1,170,0,0,0,0,0
47,2,59.88150787353516,94495,4,1.3930029535659745,2,0,0,0,0,0,0
25,2,34.16527557373047,92899,4,2.5313634163041194,1,0,0,0,0,1,0
50,31,74.21627044677734,90116,2,0.4201379728964696,1,0,0,0,0,0,0
44,31,31.183292388916016,93169,4,1.5893870164384916,3,0,0,0,0,0,0
37,7,72.87875366210938,91226,2,2.2123286085978924,2,0,1,0,0,1,0
61,38,159.05148315429688,91584,2,6.5724903422594485,1,0,1,0,0,0,0
28,1,105.57159423828124,92264,3,0.4469384453139103,2,0,1,0,0,1,0
43,17,128.2813720703125,92188,2,3.554779027925183,1,0,1,0,0,0,0
46,22,68.12973022460938,94052,2,1.3275182238918943,3,0,0,0,0,0,0
49,20,67.80542755126953,94155,4,2.04660522580606,3,0,1,0,0,0,0
40,15,60.79878616333008,95329,4,1.0652660011774344,3,0,0,0,0,1,1
45,33,199.18760681152344,92704,4,2.8791817204948416,3,0,0,0,0,1,1
43,16,52.86958312988281,91509,3,1.3035935726458745,2,0,0,0,0,1,0
62,39,88.15904998779297,90963,1,1.276538173360243,3,0,0,1,0,1,0
36,4,35.833030700683594,93578,2,1.3768028400748524,3,0,1,0,0,1,0
34,11,96.3791732788086,91057,4,0.2300963719202735,1,0,1,0,0,1,0
46,19,96.9226303100586,94618,3,1.4727534699329985,2,0,1,0,0,1,1
28,10,43.32711791992188,90970,3,2.638293447920897,3,0,1,0,0,1,0
33,6,49.79477310180664,91043,1,0.2831277265318511,2,0,1,0,0,1,0
31,10,97.39730834960938,90259,1,3.3159291645403632,1,217,0,0,0,0,0
39,15,152.62387084960938,92024,2,1.4051266723882874,1,0,0,0,0,1,0
51,15,110.27249908447266,92031,3,1.7106795932542762,1,0,0,0,0,1,0
60,31,71.38107299804688,90138,4,3.7889820020964136,1,0,0,0,0,1,0
37,6,67.93412780761719,94528,3,1.6852228216876255,3,0,0,0,0,0,0
48,16,83.90800476074219,92146,1,1.9172104351341843,3,0,0,0,0,0,0
40,13,133.99954223632812,90158,1,2.573931149893463,1,0,1,0,0,0,0
62,31,151.7086944580078,92733,1,3.498643495126922,2,0,1,0,0,0,1
34,8,78.34310150146484,94622,2,1.5358748344660007,1,224,1,0,0,1,0
54,21,91.51355743408205,94221,4,1.7846475056696811,1,276,0,0,0,1,0
63,36,26.99771881103516,94355,1,1.8472587763219968,3,190,0,0,0,0,0
54,31,40.98678588867188,91951,4,1.3771934754051305,3,0,0,0,0,0,0
65,37,11.901680946350098,93103,1,0.8992754770860053,1,0,1,1,0,1,0
31,6,60.720733642578125,95382,2,1.5949203175589044,3,0,0,0,0,0,0
45,25,81.69960021972656,94187,1,2.4572979378495314,1,0,1,0,0,1,0
29,6,191.6877899169922,95086,2,5.549807765780984,1,0,1,0,0,0,0
50,26,101.56267547607422,95321,1,0.9671755094012444,1,0,0,0,0,1,0
31,4,27.08182907104492,95496,4,0.3999152188027459,2,0,0,0,0,1,0
50,33,60.79264068603516,94415,3,0.8375016248471622,2,0,0,0,0,0,0
45,18,25.957773208618164,91320,1,0.2640366137958877,1,0,0,0,0,0,0
39,11,36.6668701171875,95613,4,0.7743153796100477,1,101,0,0,0,0,0
31,4,157.97021484375,95057,3,1.1758250900006872,2,0,1,0,0,1,1
41,27,91.15384674072266,92693,4,1.9325684094093312,3,0,0,0,0,0,0
46,25,56.78868103027344,94159,1,1.6428980556546449,3,81,1,0,0,1,0
28,4,49.01413345336914,95276,4,1.3581301765438596,3,0,0,0,0,1,0
46,18,79.40347290039062,90529,1,3.5398267541031663,1,0,0,0,0,0,0
39,6,89.37265014648438,90425,2,2.192763769709813,1,0,0,0,0,1,0
32,0,36.48202133178711,92684,3,0.8874023477249191,2,0,0,0,0,0,0
54,35,82.55236053466797,92403,2,1.163091256262856,1,362,1,0,0,1,0
28,0,22.250917434692383,92776,4,1.6134628380034095,1,0,0,0,0,0,0
46,13,36.884803771972656,94122,2,0.0626542148643195,2,106,0,0,0,0,0
37,28,95.09658813476562,94116,2,2.450107068246385,3,254,0,0,0,1,0
31,6,68.94953918457031,91892,2,0.2349947163748914,1,0,1,0,0,1,0
40,18,185.6224365234375,90090,3,5.616357749216718,3,384,1,0,1,1,1
62,36,63.27864074707031,95526,2,1.3186924938509903,2,0,1,0,0,0,0
31,5,47.68859100341797,95308,4,0.8738818351214277,2,0,0,0,0,0,0
27,6,57.30070495605469,94471,3,0.4066723809255034,2,0,0,0,0,1,0
56,35,53.856407165527344,96186,4,3.0367507222016696,1,0,0,0,0,1,0
29,11,30.834396362304688,91552,3,3.10634020965054,3,0,0,0,0,1,0
58,27,48.02625274658203,96328,4,0.92837950828425,2,103,1,0,0,1,0
58,33,79.81566619873047,93892,1,1.690256159104724,3,0,0,0,0,1,0
62,34,47.84087753295898,94456,4,0.633877759483817,3,133,0,0,0,1,0
45,8,125.05821990966795,94558,1,1.407622891069882,1,0,0,1,1,1,0
28,5,100.13806915283205,94664,1,1.6665803225527402,3,113,0,0,0,0,0
66,40,63.781517028808594,91015,3,1.4540152764297545,2,0,1,0,0,1,0
42,22,65.91691589355469,95119,2,0.5319169451473158,1,0,0,0,0,1,0
44,9,103.53756713867188,95278,4,0.7357112987642487,1,0,1,1,0,1,0
46,15,21.02803039550781,95153,4,0.4075367562650929,2,0,0,0,0,1,0
46,31,89.08761596679688,91227,2,6.680413141128551,1,0,1,0,0,0,0
44,34,39.71792602539063,94475,4,0.9371181135597868,3,155,1,0,0,1,0
42,23,64.78998565673828,89829,1,2.6356385475635906,2,0,0,1,0,1,0
33,10,82.31041717529297,94424,2,2.022378941323387,1,0,1,0,0,0,0
45,22,89.4308853149414,95500,2,4.073855789413915,1,0,0,1,0,0,0
51,25,21.99146270751953,93072,3,1.2287161107493592,2,0,0,1,0,1,0
55,33,71.36302185058594,94644,3,0.3109275512503332,1,0,1,0,0,1,0
53,32,33.02735900878906,94856,4,0.3164519939215856,2,0,0,0,0,1,0
63,34,64.56482696533203,91802,4,0.3268024428503542,1,0,0,0,0,1,0
51,20,37.584320068359375,93022,4,1.0204825942778908,1,0,1,0,0,0,0
61,41,83.86067962646484,95046,2,1.961554105433778,1,0,1,0,0,0,0
50,22,27.96146774291992,95362,2,0.6315931575595153,3,0,0,0,0,1,0
42,21,54.63185119628906,95373,3,2.632651898869011,2,0,0,0,0,0,0
45,32,40.3425178527832,93513,2,0.1505402901500517,1,0,1,0,0,0,0
50,20,42.86829376220703,90100,2,2.341928206977868,2,103,1,0,0,1,0
61,35,45.85876083374024,94778,3,1.1189233743917826,2,0,1,0,0,0,0
60,34,48.56779098510742,91021,2,0.7155430532457573,3,197,1,0,0,1,0
47,27,83.01607513427734,95704,2,0.56035126971275,2,0,0,0,0,1,0
43,20,36.212890625,92553,1,1.951645191910691,1,0,1,0,0,1,0
44,21,63.04122161865234,93324,4,2.027447384152724,3,225,0,0,0,0,0
53,37,53.24396896362305,91079,1,0.8326357545038038,1,0,0,0,0,1,0
29,4,134.26181030273438,94241,1,0.1144001028801004,1,0,0,0,0,1,0
52,40,61.78633117675781,94017,3,0.265509382534274,2,123,0,0,0,1,0
49,26,63.24613952636719,90183,2,2.770558009776865,3,0,0,1,0,1,0
36,1,92.77962493896484,94625,2,1.8692356417453837,1,0,0,0,0,0,0
43,23,21.00342559814453,96484,2,0.7786873432916,2,0,0,0,0,1,0
51,28,50.12493515014648,94543,3,0.8824832370039841,1,0,1,0,0,1,0
40,16,85.28181457519531,94465,2,3.255762884597069,1,0,1,0,0,0,0
59,34,52.09577941894531,94971,1,1.4953227332950951,3,0,0,0,0,0,0
36,5,85.19298553466797,91646,4,0.6793167761736694,1,269,1,0,0,1,0
52,31,79.62335968017578,92489,1,5.213031684141276,1,0,0,1,0,0,0
59,34,58.50249099731445,89794,1,1.9113163012866463,2,165,0,0,0,1,0
64,34,108.42444610595705,90165,4,1.4274566949527707,2,0,0,0,0,0,0
52,27,47.520790100097656,94852,2,0.9456003758061816,3,0,0,0,0,1,0
62,40,52.03908157348633,95260,4,1.7830833226500722,1,0,0,0,0,1,0
50,18,22.714378356933597,93142,1,2.036057971975435,2,0,1,0,0,1,0
46,23,36.20693588256836,92209,1,1.8430703682747012,3,114,0,0,0,0,0
52,26,42.348392486572266,93225,4,0.6166662283461567,1,0,0,0,0,0,0
27,1,56.71479415893555,95308,1,1.204530162178811,2,0,0,0,0,1,0
64,42,25.299991607666016,92141,3,1.5038539526312047,2,0,1,0,1,1,0
43,26,21.590251922607425,91709,3,1.7751820930180744,3,89,0,0,0,0,0
52,36,44.63649368286133,91317,3,0.504027573229758,2,121,0,0,0,1,0
30,7,41.01973342895508,92368,4,2.3940932137478272,1,103,1,0,0,1,0
55,32,53.026702880859375,95933,4,2.583962774188314,1,0,1,0,0,1,0
47,19,46.59896087646485,90183,1,1.346860251098963,2,0,0,0,0,0,0
46,33,122.74048614501952,93848,1,8.798582314530915,1,0,0,0,0,0,0
45,16,106.73912811279295,91789,1,2.93310603925264,1,0,0,0,0,1,1
42,29,112.21463775634766,95651,3,2.4130145856854464,3,244,0,0,0,0,1
45,18,47.28853988647461,95189,3,0.504744897988693,3,0,1,0,0,0,0
41,18,106.10760498046876,94534,2,1.97631072408912,1,0,1,0,0,0,0
62,35,116.58454895019533,94024,4,7.861663869450135,1,139,1,0,0,0,0
64,39,54.031349182128906,90570,3,1.8252814612895596,3,0,0,0,0,1,0
36,7,46.55781936645508,92814,3,0.0522954457359061,2,0,0,0,0,1,0
40,9,42.40195083618164,95630,3,1.896118704577722,2,0,0,0,0,1,0
52,18,65.1253662109375,94812,1,0.5968111277420094,3,0,0,0,0,0,0
29,5,40.69685745239258,95483,2,0.0975470432456939,3,299,0,0,0,1,0
29,9,13.488378524780272,91828,2,0.5827413073135002,3,0,0,0,0,1,0
27,11,42.1070442199707,94344,4,1.4570928254039988,1,0,0,1,0,0,0
53,25,110.33950805664062,94496,2,1.3925616373043623,3,96,1,0,0,0,1
51,25,49.36628723144531,95720,4,0.2001607865823808,1,262,1,0,0,1,0
41,18,61.519630432128906,90251,2,2.0213763880750104,2,0,0,0,0,0,0
40,15,77.03434753417969,95473,4,1.3283583890507018,2,147,1,0,0,1,0
63,35,65.3857650756836,92005,4,1.6245860035606503,3,97,0,0,0,1,0
59,38,88.85519409179688,90387,1,0.1238017904395014,3,0,1,0,0,1,1
39,10,78.74561309814453,95365,1,0.1868932779898718,1,108,0,0,0,0,0
43,15,102.31664276123048,94517,1,1.891560042475876,3,0,0,0,0,1,0
28,21,12.58955192565918,90436,3,1.0254908069674085,1,0,0,0,0,1,0
36,15,64.05990600585938,94544,4,2.032439718161078,3,97,0,0,0,1,0
57,26,50.78927993774414,92160,3,1.866497110484561,2,170,0,0,0,0,0
42,21,74.84214782714844,90256,2,1.5983983807734032,2,0,0,0,0,0,0
30,3,199.11380004882807,93156,1,1.235174840081204,1,0,0,0,0,0,0
62,38,28.71928596496582,94676,3,0.7380957782905846,2,0,0,0,0,1,0
53,33,35.62442398071289,95194,1,0.36612142492328,2,0,1,0,0,0,0
58,32,150.22572326660156,93012,2,8.667765404477647,1,0,0,0,0,0,0
52,29,48.318138122558594,93181,1,1.2184556542042082,2,147,1,0,0,1,0
63,37,59.33869171142578,93178,4,1.0987258464989509,2,0,0,0,0,1,0
62,26,24.05583381652832,95943,1,0.2393679473917382,3,0,0,0,0,0,0
39,15,68.38262176513672,90161,4,4.631319785497512,1,148,0,1,0,1,0
35,7,62.9532470703125,93985,4,2.173468370181153,1,0,0,0,0,0,0
49,26,120.86599731445312,95519,2,2.100710683757284,1,299,0,0,0,1,0
26,2,60.84024810791016,91580,2,2.4198184120772317,3,196,1,0,0,1,0
56,36,67.23418426513672,95309,3,0.4128153615869421,3,0,1,0,0,1,0
43,22,67.00401306152344,90661,1,0.7567453562154477,2,0,1,0,0,1,0
26,8,22.70745086669922,93425,2,0.3537749901378053,1,0,0,0,0,1,0
49,20,93.02677917480467,90333,4,1.5773207517367906,1,0,1,0,0,1,0
42,21,190.8042449951172,90147,2,5.635673324784856,1,382,0,0,0,1,0
34,1,51.35104751586914,95820,2,1.1576719313012234,3,0,0,1,0,1,0
58,32,105.6753921508789,92830,1,2.8878450993377767,1,0,1,0,0,1,0
55,37,84.13159942626953,93164,1,1.6279064794263791,3,0,1,0,0,0,0
52,24,150.15411376953125,91131,1,1.1122538606615588,2,0,0,0,0,1,0
62,35,142.28201293945312,94786,2,2.335499473159704,1,0,0,1,1,1,1
33,3,66.54551696777344,94405,1,1.968401226646244,3,0,0,1,1,1,0
42,14,134.34420776367188,94614,3,1.3493435417994917,1,0,1,0,0,1,0
57,33,108.7432861328125,93141,4,2.095874609525252,3,200,0,0,0,0,0
42,17,62.896278381347656,94392,3,2.18309544326343,1,0,0,1,0,1,0
55,30,42.50606155395508,95083,2,1.816379601736791,1,178,0,0,0,1,0
44,28,14.510467529296877,91224,4,0.2871905707452675,3,54,1,0,0,1,0
28,-1,15.962446212768556,94608,4,0.9360492147249676,2,86,0,0,0,1,0
46,24,48.51805114746094,92139,4,1.3923442763065954,3,0,1,0,0,0,0
37,9,63.55428695678711,91429,2,0.3145264649433551,2,136,0,0,0,1,0
43,23,59.35935974121094,89853,1,1.399536723278294,1,0,1,0,0,1,0
35,2,79.22211456298828,91984,4,1.9402513038906188,2,0,0,0,0,0,0
33,6,42.86846923828125,90724,3,0.454475654201495,2,0,1,0,0,1,0
48,20,122.76312255859376,94839,1,1.377636975051916,1,0,0,0,0,1,0
52,25,55.716400146484375,95923,4,1.4530910051127732,2,0,0,0,0,0,0
57,22,36.679725646972656,91923,3,1.127035520625153,2,0,0,0,0,0,0
43,17,119.42842864990234,94771,4,2.4992892715712998,1,0,1,0,0,0,0
38,18,51.81779098510742,95910,3,1.6295823153601896,1,0,0,0,0,1,0
48,36,85.4275131225586,94687,3,3.2255514462963832,1,0,0,0,0,0,0
32,11,180.08206176757812,93737,1,2.6127366138029253,1,316,0,0,0,0,0
33,10,115.9316864013672,94339,2,2.6593263928208337,1,0,0,1,0,0,0
25,-1,22.18681526184082,93956,2,1.528530433154242,2,0,0,1,0,1,0
41,19,36.64501953125,92794,2,0.2664521373168034,1,104,0,1,0,1,0
48,30,29.346227645874023,90068,1,1.554218696400337,3,136,0,0,0,1,0
32,3,138.9285430908203,94988,1,3.981726105444869,3,0,0,0,0,1,1
43,36,208.10836791992188,92026,4,4.916311979926979,2,0,0,0,0,0,1
25,0,37.05625534057617,93483,4,0.2357205563045939,1,0,0,0,0,0,0
36,10,33.91925048828125,94055,1,1.9275555182760449,3,0,1,1,0,1,0
31,13,83.53446197509766,95811,3,5.542616178389385,2,0,0,0,0,0,0
25,6,67.47331237792969,95569,1,0.0114541997756531,1,0,0,0,0,1,0
36,6,62.70488357543945,91595,2,1.4483475546923017,2,0,0,0,0,0,0
57,10,64.92950439453125,92071,3,0.6612570987207259,1,0,0,0,0,1,0
47,20,99.77394104003906,94122,1,0.6815391458245834,1,234,0,0,0,0,0
42,-1,16.130144119262695,90683,4,0.3359568535238961,2,132,0,0,0,1,0
34,18,53.47419357299805,94878,1,0.1907858429983605,1,0,1,1,0,1,0
34,13,172.8736572265625,94892,3,5.735157671188039,1,0,0,0,0,1,1
61,31,58.68920516967773,94156,2,1.6463719412517137,3,0,0,0,0,0,0
66,39,33.882999420166016,92282,1,0.1796382477643675,1,124,0,0,0,0,0
46,25,103.40027618408205,91218,1,7.339514053777565,1,0,0,0,0,0,0
39,17,55.18199157714844,94440,3,0.1738734597473055,2,0,0,0,0,0,0
58,35,33.31526184082031,92008,1,0.329119235041734,1,0,1,0,0,1,0
47,27,29.30216407775879,92675,4,0.3040378413755103,2,0,0,0,0,1,0
26,6,109.1045150756836,91940,2,2.2302780724363984,3,220,0,0,0,0,1
53,32,37.561370849609375,91517,3,1.16918856722359,3,0,0,0,0,1,0
37,3,149.43629455566406,92032,1,3.589535003132933,1,0,1,1,1,1,0
51,27,69.85311889648438,90488,2,3.01603324041626,3,0,0,0,0,0,0
30,4,88.1710433959961,94825,2,5.247740635152499,1,0,0,1,0,1,0
59,25,52.365028381347656,94821,2,1.8896152287375287,2,86,0,0,0,0,0
30,7,25.105525970458984,96112,1,0.4977571774764594,3,0,0,0,0,0,0
47,14,112.58319091796876,94654,3,0.9732025511615908,2,0,0,0,0,1,0
57,32,45.002403259277344,91149,1,2.659223846867414,3,0,0,0,0,1,0
41,22,188.92002868652344,91196,1,8.394586386445864,3,0,1,0,1,1,1
37,10,18.07823181152344,92284,1,0.4718523384758082,3,104,0,0,0,1,0
50,26,61.84894180297852,94365,2,2.1829051305062044,3,383,0,0,0,0,0
38,17,91.77767944335938,95207,3,1.7881228075687337,3,0,0,0,0,0,1
49,35,80.81489562988281,95679,4,1.551577080868236,1,133,0,0,0,1,0
46,20,42.89749526977539,94377,4,0.562355461864009,2,0,0,0,0,1,0
49,15,29.506214141845703,91352,4,0.5909206888720518,1,0,0,0,0,1,0
49,14,122.52079010009766,94249,4,1.8285943031348173,1,0,0,0,1,1,0
54,29,54.36273956298828,91937,3,1.6562510853997483,2,0,1,0,0,0,0
65,40,108.29755401611328,90073,3,0.3027157746906812,2,245,0,0,0,1,0
36,13,83.53709411621094,91173,2,0.952926064280755,1,209,1,0,0,0,0
29,1,94.97364807128906,95400,4,4.000225097631519,1,0,0,0,0,1,0
59,32,19.96526336669922,90520,1,1.5804509116630228,2,86,0,0,0,0,0
50,29,49.11036682128906,94487,4,0.2752314551718275,3,149,1,0,0,0,0
60,36,89.99469757080078,93094,2,0.1853941788596819,1,0,0,0,0,0,0
28,3,34.584163665771484,95588,4,0.3271810979748983,1,151,0,0,0,1,0
49,25,54.23512268066406,94954,2,0.5569741222791518,2,0,1,1,1,1,0
65,35,75.39567565917969,90894,2,1.521008671987456,3,0,0,0,0,1,1
44,15,48.62529754638672,91652,4,0.7459369086814374,1,0,0,1,0,0,0
51,24,47.80454635620117,90812,4,1.088562973716324,1,0,1,0,0,1,0
38,8,52.00292205810547,94090,1,0.3270456261468162,3,0,1,0,0,1,0
64,37,43.45149612426758,95373,1,0.6818230840279537,3,0,0,0,0,1,0
43,12,138.22650146484375,92047,2,0.2358868571037715,1,0,1,0,0,0,0
44,22,66.12267303466797,91120,1,1.127378472417769,3,0,0,0,0,0,0
54,27,123.66500091552734,91030,2,1.8097086636285509,2,144,0,0,0,1,1
27,9,75.53471374511719,92212,1,0.6696258841699284,1,0,0,0,0,1,0
28,1,20.78340530395508,94147,4,1.6363702255584975,2,0,1,0,0,1,0
39,15,87.9094467163086,94520,3,3.659951710575851,1,221,0,0,0,1,0
53,22,106.7030792236328,90975,1,0.4974961587826065,1,0,0,1,0,1,0
35,23,114.21261596679688,94110,1,3.5457576134769333,3,0,0,0,0,0,0
30,12,53.43001937866211,95520,3,1.8761158092230812,1,0,1,0,0,1,0
38,13,45.61500549316406,94385,3,2.4404844354286706,2,0,0,0,0,1,0
54,21,68.61430358886719,94145,2,1.1578370846322543,1,103,0,0,0,0,0
50,32,162.6935272216797,95667,3,3.833740900750737,1,0,1,0,1,1,1
45,20,75.29337310791016,91396,1,0.6455945033391062,3,153,0,0,0,1,0
41,10,55.38967514038086,90267,1,0.6133753948937326,1,102,0,1,0,0,0
30,8,153.04322814941406,94650,1,0.7613165611782847,2,386,1,0,1,1,1
27,6,197.88999938964844,91492,1,6.1703642751356655,1,486,0,1,0,0,0
27,2,179.91494750976562,95329,2,0.2582151838105177,1,148,0,0,0,0,0
36,24,33.166259765625,94314,4,0.5555782455693838,1,0,1,1,0,1,0
54,23,18.585094451904297,94815,1,0.1479270684133354,2,73,1,0,0,1,0
51,20,34.70523834228516,94577,3,1.2876422680002468,2,0,0,0,0,1,0
49,34,41.31059646606445,95031,4,0.2332310537276634,2,0,0,0,0,1,0
57,36,53.104034423828125,92058,2,1.620818248492342,3,0,0,0,0,0,0
63,36,32.44253158569336,91112,4,1.2250640817040357,3,0,0,0,0,1,0
62,40,9.76218605041504,93766,2,0.3885803322360056,2,0,0,0,0,0,0
49,22,32.312007904052734,89984,2,0.5012992428316756,1,0,0,1,0,0,0
54,34,70.39781951904297,92243,2,0.6640679936884539,1,0,0,0,0,1,0
41,19,149.28134155273438,94280,4,4.2202386266992775,1,0,0,0,0,1,0
39,14,132.50576782226562,91803,3,3.503278594367539,3,0,0,1,1,1,1
27,8,38.3648796081543,91420,1,2.633528432538267,2,0,0,0,0,1,0
33,8,71.51211547851562,93925,3,0.2460256694195677,2,0,0,0,0,1,0
55,30,29.310029983520508,93805,2,1.3155897417916225,3,0,1,0,0,0,0
32,9,92.97557067871094,90771,1,2.4328796838424798,2,0,0,0,0,0,0
67,40,17.98036003112793,94010,3,0.8921966874018359,3,0,0,0,0,0,0
54,30,65.68843841552734,94737,3,0.9069963782287574,2,0,1,0,0,1,0
59,35,128.344970703125,93671,1,2.0373644609421326,1,0,1,0,0,0,0
31,4,62.08095550537109,91370,4,0.6917136382739945,1,0,1,0,0,0,0
42,18,121.76463317871094,93491,1,3.1354133383720324,1,0,0,0,0,1,0
62,37,20.597631454467773,93779,1,0.9885364294799752,2,0,1,0,0,1,0
48,13,36.92100524902344,93806,1,0.3037437872997028,2,0,0,0,0,1,0
59,12,57.02688980102539,92388,4,0.3338611585299607,1,205,0,0,0,1,0
42,18,106.24779510498048,94661,4,1.6500931081802286,1,0,0,0,0,1,0
60,33,102.1624984741211,91293,1,0.3044874880809259,1,0,0,0,0,0,0
35,19,47.25473785400391,92702,2,1.8592378226639408,3,0,0,0,0,0,0
55,26,46.05939865112305,91873,4,1.7034414354979002,1,152,1,0,1,1,0
36,14,104.19364166259766,94252,2,3.620505281954755,1,0,1,1,1,1,0
47,17,68.59774780273438,91646,2,0.6557129750670154,1,0,0,0,0,0,0
41,16,180.73684692382807,91911,2,6.856128214076923,1,0,1,0,0,1,0
34,11,49.7083854675293,94611,4,0.8455620062451186,2,0,0,0,0,0,0
35,5,74.65138244628906,94780,4,2.1567595524712964,2,0,0,0,0,1,0
46,34,44.31478118896485,90788,3,2.0225767440038425,1,0,0,0,0,1,0
57,30,21.42801284790039,92610,4,1.7109653557123194,3,0,1,0,0,0,0
43,11,111.79841613769533,94432,2,1.1396774863375527,1,0,0,1,0,1,0
31,7,15.862005233764648,94388,1,0.0509562791676834,2,128,0,0,0,1,0
41,11,31.337574005126957,95025,3,0.4102570620932021,1,0,1,0,0,0,0
62,30,54.75529861450195,94545,1,4.205458052176238,1,0,1,1,0,0,0
38,14,17.325969696044922,93934,3,2.574039373458881,3,0,1,0,0,1,0
50,24,90.84606170654295,94781,1,2.6210237008515778,3,0,0,0,0,0,0
58,12,50.77012634277344,89923,4,1.3955008565606528,2,101,0,0,0,0,0
43,15,73.43916320800781,94709,3,0.2757304466537731,1,0,0,0,0,1,0
54,35,26.505748748779297,95071,4,2.3619347035340463,1,0,0,1,0,0,0
39,16,24.836929321289062,92174,1,0.4509473790852685,2,99,0,0,0,1,0
28,3,39.84865951538086,94914,2,0.2973033303245631,3,0,1,0,0,0,0
56,31,29.72097396850586,91496,4,1.9926910059181977,3,0,0,0,0,1,0
59,33,13.350923538208008,90354,4,0.719850058744575,2,128,0,0,0,1,0
51,22,107.0272216796875,93092,2,1.6829884909032795,1,238,0,0,0,0,0
59,38,84.31201171875,90967,1,1.3506531030947029,1,0,0,0,0,0,0
29,7,50.458927154541016,92386,4,0.5894367765457273,3,0,0,0,0,0,0
54,29,46.40497970581055,92309,1,1.805541875481088,2,0,0,0,0,0,0
52,24,65.92193603515625,93955,3,0.5782104979819158,2,0,0,0,0,0,0
58,17,132.10740661621094,94487,2,2.8245906001170438,1,0,1,0,0,1,0
32,8,36.66863250732422,89744,1,1.6128187043479092,2,100,0,0,0,1,0
36,17,172.67822265625,96314,2,7.2985544342011295,1,0,0,0,0,1,0
62,34,49.05064010620117,94946,3,0.6617761102228311,2,0,1,0,0,0,0
66,41,114.03003692626952,90239,2,2.507144467059641,1,379,1,0,0,1,0
27,3,88.11835479736328,92324,3,1.6312581144501044,1,0,0,0,0,0,0
45,15,38.19675827026367,89947,3,4.9507381479443255,2,0,1,0,0,0,0
43,17,51.17222213745117,91726,3,0.1564621192046279,2,131,1,0,0,1,0
36,11,111.73902893066406,91065,1,2.483224803908477,1,0,0,0,0,1,0
35,8,50.59683609008789,94148,1,3.1282478848981667,1,0,1,0,0,0,0
29,6,115.9477310180664,92180,1,1.9164283944067677,3,0,0,0,0,1,0
31,7,93.28772735595705,94760,2,6.226208271162642,3,0,0,0,0,0,0
61,31,143.0637969970703,89934,2,0.5118582435160071,1,0,0,0,0,1,0
40,13,189.96340942382807,96101,2,6.349474183916598,1,0,1,0,0,1,0
40,22,68.57239532470703,94441,3,1.5190430441813332,2,0,0,0,0,1,0
35,6,133.58953857421875,94510,4,1.310480109777579,3,0,0,1,0,0,1
55,37,83.15766906738281,90802,1,2.659048810241372,1,0,0,1,0,1,0
32,6,75.96199035644531,94263,2,1.869922769266364,3,0,0,0,0,1,0
60,31,184.22802734375,93828,4,3.6073755863700185,3,0,1,0,0,0,1
40,8,19.982149124145508,95541,2,0.9024710784073569,3,0,0,0,0,1,0
40,28,83.41158294677734,94967,2,0.1606681931932084,3,118,0,0,0,0,0
33,7,49.84558868408203,92688,2,1.836033262260004,1,0,0,0,0,0,0
41,19,36.014923095703125,95563,1,0.8112094858657904,3,126,0,1,0,0,0
43,25,42.11036682128906,94572,4,1.1739755547871449,2,0,0,0,0,1,0
55,35,49.88236618041992,94305,1,0.3379024453942677,2,0,0,0,0,1,0
48,25,60.47123718261719,93324,1,1.040474081690443,1,0,0,0,0,0,0
30,2,24.472881317138672,92857,4,1.484896973821301,2,0,0,1,0,0,0
54,26,26.4270133972168,90055,4,0.4373406756671094,3,0,0,0,0,0,0
54,30,33.506988525390625,94518,4,2.2984136474840544,1,0,1,1,1,1,0
32,5,66.53703308105469,91889,4,2.2950740046607017,1,578,0,0,0,0,0
27,5,119.57495880126952,91695,2,1.041446093327696,1,0,0,0,0,1,0
45,15,110.92472839355467,95604,2,1.6745974456047434,3,0,0,0,0,0,0
48,18,36.99578094482422,91123,2,1.0368901175292504,2,0,1,0,0,0,0
60,40,63.08284378051758,93109,2,1.8783628428565704,1,0,1,0,0,0,0
45,19,132.3995361328125,93732,4,0.922657683591021,1,0,0,0,0,1,0
40,13,81.66241455078125,94616,1,2.2134026901577752,3,143,0,0,0,1,0
41,18,190.5311737060547,91409,2,3.873301135160239,3,0,0,0,0,1,1
49,26,130.86270141601562,90069,2,2.7962197860085087,3,220,0,0,0,0,1
51,21,44.71181488037109,92901,4,4.009064009287476,3,188,0,0,0,1,0
62,38,39.50181579589844,91892,4,0.4680469945043796,3,117,0,0,0,1,0
55,35,85.02497863769531,92218,2,2.0365318960930656,1,0,0,0,0,0,0
49,22,83.08112335205078,90466,2,2.944860748078272,3,0,0,0,0,0,0
59,31,122.99881744384766,94737,1,2.0970357923814618,2,251,0,0,0,0,1
52,34,82.52226257324219,95555,1,2.052644199728046,3,0,0,0,0,1,0
54,18,22.871788024902344,91009,3,0.3188883149275017,3,0,0,0,0,1,0
49,25,102.18827056884766,90234,1,1.904060285620785,1,0,0,0,0,0,0
56,31,78.4565200805664,92272,1,1.1504908999875143,1,0,0,0,0,1,0
49,-1,85.90554809570312,94839,4,3.42026882918622,2,0,0,0,0,1,0
49,22,56.76886749267578,94449,1,2.042009063715148,2,0,0,0,0,1,0
37,15,69.56272888183594,92834,1,2.075722982056404,3,0,1,0,0,0,0
61,35,59.034271240234375,94170,2,0.496199884878495,1,0,1,0,0,0,0
30,4,62.61881637573242,92665,1,3.976661231351125,1,127,0,0,0,0,0
52,25,15.504573822021484,90121,4,0.5576464337994007,1,0,0,1,0,1,0
39,18,26.30112648010254,94184,3,1.267812141456368,3,0,0,0,0,0,0
48,19,23.278079986572266,91844,2,1.2600486615101083,3,255,1,0,0,1,0
26,4,32.561866760253906,95629,4,1.2313351787876228,1,0,1,0,0,1,0
61,39,80.49488067626953,91626,2,0.4231498279276213,1,0,0,0,0,1,0
34,7,37.824520111083984,93938,4,1.6470524245500548,1,0,1,0,0,0,0
32,5,66.53752136230469,92633,1,3.5065513808546984,1,0,0,0,0,1,0
46,22,77.77567291259766,94517,2,1.2174203281884457,3,0,0,0,0,1,0
60,35,129.7150421142578,95584,2,2.682340400440688,1,0,0,0,0,0,0
58,37,33.28252410888672,91725,3,2.0191823208855304,2,102,1,0,0,1,0
59,9,55.73787689208984,94641,1,1.7712960470574222,3,0,0,0,0,1,0
59,38,117.4998550415039,92337,3,2.060206013357473,1,0,0,0,0,0,0
34,10,105.40144348144533,92202,2,1.849734036505313,1,0,0,0,0,1,0
61,14,59.91168975830078,92357,1,7.946015042350335,1,0,0,0,0,1,0
53,32,89.1915054321289,91147,2,4.684362389716374,1,345,0,0,0,1,0
66,39,33.88458251953125,92042,4,1.7686173512677728,3,0,0,0,0,0,0
53,10,115.873779296875,92139,2,2.38817624151275,1,0,1,0,0,0,1
30,9,53.176151275634766,89883,4,1.0927246550033791,2,0,1,0,0,1,0
42,11,135.05747985839844,94573,2,1.0674580070410231,1,366,0,1,1,1,0
34,12,66.97206115722656,92047,1,2.4075167063120517,3,0,1,0,0,1,0
48,28,63.3404655456543,94113,1,0.7878136500100648,1,0,0,0,0,1,0
63,38,112.14029693603516,90106,3,2.28428810305883,2,0,0,0,0,0,0
61,37,57.99754333496094,91209,3,0.5715270631486299,2,0,1,1,1,1,0
40,19,41.05127716064453,91291,2,0.1448034795858039,3,0,0,1,0,1,0
44,22,40.62508010864258,90183,4,0.3183887109086807,3,0,0,1,0,1,0
37,17,103.42424774169922,90261,1,3.0001269326429565,1,0,1,0,0,0,0
62,37,40.29031753540039,92284,3,0.1792969436798504,3,0,0,0,0,0,0
52,18,41.53105545043945,94669,4,0.223848634195159,1,0,1,0,0,0,0
42,15,110.14445495605467,91945,3,2.135871295977487,2,0,1,0,0,0,1
30,4,15.061012268066406,91714,4,1.6999348345978178,1,0,0,0,0,0,0
36,13,36.22667694091797,95554,3,0.993008427371202,2,0,0,1,0,1,0
50,23,75.97672271728516,94283,2,1.804628535586625,3,0,1,0,0,0,0
32,15,65.51914978027344,95192,4,1.6051800296492802,1,0,0,0,0,0,0
32,6,30.953319549560547,92455,2,1.3003892590900474,1,0,0,0,0,1,0
28,0,81.12574005126953,92096,4,0.7408445287081745,1,0,0,0,0,0,0
50,26,98.02546691894533,92280,1,2.6335197936959136,1,234,0,0,0,1,0
56,34,11.284356117248535,92987,4,0.5896607003673202,2,103,1,0,1,1,0
62,34,62.089942932128906,91321,2,0.2622051423960166,1,0,0,0,0,1,0
53,37,28.110021591186523,91906,4,0.9861707981447712,2,101,0,0,0,1,0
41,15,156.4774169921875,92839,2,6.597268994169122,1,100,1,0,0,0,0
33,9,106.41232299804688,94192,1,3.2888953911322085,1,361,0,0,0,1,0
30,3,79.15193939208984,91281,1,0.2990425185831317,1,153,0,0,0,1,0
47,24,56.11328887939453,92214,2,0.5866646642378377,1,0,0,0,0,0,0
37,17,73.41874694824219,93457,1,1.8064303466774017,2,0,0,0,0,0,0
61,38,10.869304656982422,95483,3,0.5699514214230536,1,0,0,0,0,1,0
36,9,155.93276977539062,94566,4,3.849107952471343,1,494,0,0,1,0,1
23,3,70.86854553222656,93437,4,1.658018226939526,2,0,0,0,0,1,0
55,28,32.90828323364258,95883,4,2.340228106131064,3,0,0,0,0,1,0
31,6,83.42185974121094,91700,3,1.519747657554226,1,0,0,0,0,1,0
49,16,172.72091674804688,94824,1,7.827574046852563,1,0,0,0,0,1,0
50,30,18.96912956237793,95119,3,0.8160999019444385,1,77,1,0,0,0,0
49,26,76.64984130859375,91068,2,2.069450586045852,1,0,1,0,0,1,0
30,16,72.9992446899414,92786,1,0.4631703770570562,3,152,0,0,0,1,0
30,0,93.29802703857422,91577,2,2.027833364717757,1,0,0,0,0,1,0
27,1,79.08116149902344,95633,2,1.4848229430836697,1,120,0,0,0,0,0
54,17,132.05738830566406,91337,1,2.195884649657126,1,0,0,0,0,1,0
50,21,147.21832275390625,94460,1,8.376903965838826,1,0,0,0,0,0,1
29,6,63.91947555541992,94462,2,1.128881065865444,1,0,0,0,0,1,0
55,30,33.185302734375,95211,3,1.0692134487376768,2,90,1,0,0,1,0
63,34,42.82520294189453,95619,3,0.2131687300165315,3,0,0,0,0,1,0
31,8,135.72816467285156,94227,1,3.616460349382209,3,0,0,1,1,0,1
42,23,60.95598602294922,92526,3,0.7319746884605556,3,99,0,0,0,1,0
32,6,92.1343994140625,94648,3,2.493720266731316,2,0,0,0,0,1,0
28,5,28.17746353149414,92167,2,0.8748219554452428,1,165,0,0,0,0,0
55,27,180.61672973632807,94520,3,7.219124433937583,3,0,1,1,1,1,1
30,8,19.241981506347656,93665,1,0.1343430382056832,2,0,1,0,0,1,0
56,19,82.36073303222656,93905,1,3.5705151300789484,1,183,0,0,0,0,0
52,19,23.31805419921875,91308,4,0.3702682427516067,1,0,1,0,0,0,0
65,34,56.01688766479492,92902,3,0.4548931147881557,2,0,0,0,0,0,0
28,9,39.05794525146485,93632,4,1.073226109602682,2,145,1,0,0,1,0
41,15,138.05238342285156,93359,1,0.7761426069939734,1,97,0,1,0,0,0
41,20,58.26802444458008,89858,1,2.433643883504001,1,0,1,0,0,1,0
30,1,57.02410888671875,94320,1,0.3485747759172844,2,0,0,0,0,0,0
41,7,51.08819580078125,94181,4,0.0543937167605097,2,0,1,0,0,0,0
30,4,17.0467529296875,94713,2,0.6952078770828507,3,0,0,0,0,0,0
32,7,39.16348648071289,90582,2,1.4377454485574828,1,0,1,0,0,1,0
36,13,28.22661399841309,92425,3,0.1844062804129422,2,0,0,0,0,1,0
40,18,175.3191375732422,94197,2,6.286983981809942,1,0,0,0,0,0,0
54,29,63.86151885986328,91029,4,2.042596636400792,1,0,1,0,0,0,0
42,19,34.369266510009766,94523,4,1.443629082552428,3,0,0,0,0,1,0
39,23,45.551246643066406,90223,2,0.2815387915141276,1,0,1,0,0,0,0
51,32,34.0612678527832,95152,1,1.3168129281925245,2,111,0,0,0,0,0
58,29,34.44847106933594,96067,4,2.6513851921478464,1,0,0,0,0,1,0
56,34,14.513738632202148,95375,1,0.2925946484133327,3,145,0,0,0,1,0
24,7,27.944164276123047,92587,3,0.1843467566888451,2,0,0,1,0,1,0
42,13,171.4688262939453,90123,1,5.182522725960856,1,0,0,0,0,0,0
58,35,138.06163024902344,94071,3,2.5582187450061973,1,411,0,0,0,0,0
28,1,35.57371139526367,94041,1,0.4123402035757728,3,0,0,0,0,1,0
62,36,8.301825523376465,90323,4,0.2511001124859514,2,92,0,0,0,1,0
47,17,66.70269775390625,94930,1,1.960108212683061,1,0,0,0,0,1,0
58,29,26.587045669555664,92059,1,1.6273332677143724,3,77,1,0,0,0,0
64,37,18.748516082763672,92294,4,0.6263049984180566,1,74,0,0,0,1,0
63,38,47.308502197265625,91883,2,0.1688614319294719,3,0,1,0,0,1,0
60,38,122.8269500732422,90074,1,1.665233730956542,3,0,0,0,0,1,1
53,23,78.1966781616211,92589,2,0.3489695015673123,1,0,0,0,0,0,0
32,6,35.784088134765625,95444,2,1.2219175608741912,1,0,0,0,0,0,0
59,33,93.9242935180664,90989,2,3.826202918363488,1,0,1,0,0,1,0
28,3,14.74866771697998,91350,4,0.7108515509340735,1,144,0,0,0,1,0
33,9,14.185802459716797,92651,1,0.1993392393400668,3,0,0,0,0,1,0
46,16,46.84181594848633,94223,1,1.5930306856533574,1,0,1,0,0,1,0
46,25,172.01492309570312,95630,4,2.349836606570677,1,0,0,0,0,1,0
38,17,94.4394073486328,93469,2,1.2155275739978235,1,84,1,0,0,1,0
40,20,32.996803283691406,90332,4,0.7828908068443878,1,0,1,0,0,1,0
58,33,168.030517578125,94225,2,2.123953914236381,1,0,0,0,0,0,0
55,20,32.33842086791992,90194,2,0.2996973800840314,2,0,0,0,0,0,0
40,19,66.46446228027344,95162,4,5.801839814087676,1,0,0,0,0,1,0
57,34,123.68020629882812,94499,4,2.048120383328876,2,0,0,0,0,1,1
36,11,17.343658447265625,93035,2,0.4296728217139769,2,0,0,0,0,0,0
46,12,114.31527709960938,90036,3,1.2092143635331478,1,361,0,0,0,0,1
39,12,73.73774719238281,89907,1,2.627102518666144,1,0,1,0,0,1,0
34,12,83.78648376464844,95831,4,0.3128215482486894,2,192,0,0,0,1,0
33,8,101.40966033935548,93904,1,2.5139197467855894,3,0,0,0,0,1,1
35,3,128.65652465820312,91747,2,2.8292736564166594,1,283,0,0,0,1,0
28,3,75.00546264648438,95118,4,0.1690113613798183,1,123,0,0,0,1,0
63,34,96.4781494140625,94664,1,2.330933588626777,2,0,0,0,0,1,1
40,11,163.24525451660156,92942,1,1.669692288770423,1,241,1,0,0,1,0
65,36,54.751590728759766,94901,2,0.8503860928518137,2,0,0,1,0,0,0
36,6,36.78532791137695,90851,3,1.1765427725104836,3,0,1,0,0,0,0
40,21,52.15709686279297,91269,1,0.3660165425911416,2,0,1,0,0,1,0
56,25,101.56263732910156,89937,3,3.578558392033715,1,0,1,0,0,0,0
29,7,142.19631958007812,92612,3,2.7348199635212804,3,0,1,0,1,1,1
66,37,94.87532806396484,93131,4,0.3279481383323339,1,0,0,0,0,0,0
33,15,96.0033187866211,94338,3,2.105057458620294,1,0,0,0,0,1,0
47,20,87.0258560180664,92914,1,6.489816831452584,3,0,0,0,0,1,0
28,6,125.49037170410156,90541,3,1.044659867861081,1,0,0,0,0,0,0
27,10,34.384063720703125,91944,3,0.0884114014864853,2,0,0,0,0,1,0
32,6,62.16331481933594,91790,3,0.9883759422138514,1,0,0,1,0,0,0
33,3,20.627140045166016,94748,3,0.2744178345696867,1,0,1,1,0,1,0
27,-1,98.24658203125,94084,2,2.848774487340637,3,0,1,0,0,1,0
36,12,18.267566680908203,92974,3,0.5633281523914848,1,0,0,0,0,0,0
63,34,56.77726364135742,92032,2,1.783641018965562,2,120,1,0,0,0,0
37,14,75.28498077392578,94883,4,2.743898657207268,1,0,0,0,0,1,0
35,11,35.88648986816406,95049,3,1.27917821885408,1,161,0,0,0,1,0
63,38,48.24445343017578,93081,2,1.1303655250814049,3,159,0,0,0,1,0
54,23,32.87440872192383,91527,3,1.261669202703081,3,0,0,0,0,1,0
50,19,189.79928588867188,92411,2,5.795670071361593,1,0,0,0,0,1,0
49,5,28.421825408935547,92082,4,0.5291183260700763,3,0,1,0,0,1,0
67,40,65.4683837890625,91090,2,4.394980272099941,1,0,0,0,0,1,0
25,1,123.11975860595705,91248,2,2.33855385797664,2,0,0,0,0,1,0
29,5,65.11055755615234,94703,4,2.246456530333516,3,0,1,0,0,0,0
60,41,74.11836242675781,91977,4,1.9659065708280437,2,0,0,0,0,0,0
49,17,45.1382942199707,95029,4,0.2634209535353567,3,0,0,0,0,1,0
36,6,115.63009643554688,94436,3,0.5912589714708644,3,0,0,0,0,0,1
61,32,45.84701919555664,92252,1,2.229867028782822,2,0,0,0,0,0,0
43,1,93.29924011230467,91690,4,3.0385210477475555,1,0,0,0,0,0,0
36,14,64.12603759765625,95894,1,2.231434636189728,3,0,1,0,0,1,0
56,21,24.878063201904297,93944,1,0.4498985533410036,1,0,1,0,0,1,0
44,20,56.82324981689453,91300,1,2.6003974930536256,1,239,0,0,0,0,0
66,41,34.34210968017578,94923,2,1.2005964954475254,3,173,1,0,0,1,0
61,39,24.563196182250977,91918,1,1.6535651490310104,3,0,0,1,0,1,0
61,29,32.35710144042969,93943,4,0.9358616443159444,3,0,1,0,0,0,0
36,13,16.117630004882812,96005,2,0.4362295296396843,1,0,1,1,1,1,0
40,9,57.05939483642578,93502,4,0.8228246302833526,3,0,0,0,0,1,0
59,32,69.64097595214844,94601,1,0.0475654848259607,2,0,0,0,0,1,0
35,9,96.345458984375,94876,4,2.9035055530849645,2,0,0,0,0,0,0
45,15,81.81253051757812,91923,1,1.3865937016123977,1,0,0,0,0,0,0
51,29,115.56484985351562,94290,2,1.018368789024979,1,0,1,0,0,1,0
47,25,29.049076080322266,96051,2,0.3469361246209057,3,100,0,1,0,0,0
51,31,57.81444549560547,90145,4,0.1979153897337963,1,98,0,0,0,1,0
51,21,42.60189437866211,92862,4,3.3633522916965086,1,0,0,0,0,0,0
41,16,36.82649230957031,92093,4,1.155543731837681,2,0,0,1,0,1,0
53,22,17.02188491821289,92753,1,1.293131579800217,2,0,0,0,0,1,0
45,31,193.60232543945312,92841,1,1.0476094892872727,1,0,1,0,0,1,0
33,2,116.81674194335938,95478,1,0.7455545282302214,3,0,1,0,0,1,1
51,22,67.40945434570312,94449,2,1.5603782274223548,1,0,1,0,0,0,0
65,38,137.81121826171875,94916,3,0.4044916553941063,2,0,0,0,0,1,0
38,6,178.5216064453125,91924,2,5.066832210935868,1,146,0,1,0,1,0
47,19,67.24844360351562,91293,4,4.243778663264749,1,502,1,0,0,1,1
50,24,94.04190826416016,94910,1,2.4138567578646617,1,0,0,0,0,1,0
43,10,140.54989624023438,94773,4,4.5457518605480685,1,177,0,1,0,1,1
58,34,46.969146728515625,94824,1,4.076896791862655,1,110,1,0,0,0,0
44,19,43.219268798828125,94509,4,1.3765104942787292,2,0,0,0,0,0,0
58,35,57.5490837097168,95128,2,0.2700624517445544,1,137,1,0,0,1,0
25,-1,21.826526641845703,92810,4,2.6377791607874927,2,0,1,0,0,0,0
26,6,28.299495697021484,90202,4,2.3007776149089647,1,0,0,0,0,0,0
58,25,60.01738357543945,90031,3,1.112077776854433,1,0,1,0,1,1,0
56,24,38.491329193115234,90989,1,0.0505749626366835,3,0,0,0,0,0,0
27,6,119.0436553955078,91357,2,2.642675653003401,2,0,0,0,0,1,0
48,20,83.03056335449219,91992,1,2.6864874088446475,1,0,0,0,0,1,0
51,28,72.93046569824219,94673,3,2.55313638106866,1,183,1,0,0,0,0
60,35,107.89208984375,90138,2,0.4386310762607138,3,0,1,0,0,0,0
57,31,42.736446380615234,90408,2,1.582449658301416,1,0,0,0,0,0,0
51,27,70.28916931152344,94783,2,4.381475388541247,1,0,0,0,0,0,0
62,38,14.999130249023438,94333,4,0.0102905305068802,3,0,1,0,0,0,0
29,8,106.66121673583984,91675,1,0.6341147710345584,1,0,1,0,0,1,0
50,26,91.73020935058594,92190,1,2.9405863676396007,3,0,1,0,0,0,0
43,14,125.425537109375,94638,4,3.761270124219028,3,0,0,0,0,1,1
59,20,47.8445930480957,90165,4,0.4497708915485411,1,101,1,0,0,0,0
58,38,79.94780731201172,94774,3,1.329705452226213,1,0,0,0,0,0,0
51,28,141.5354461669922,91451,3,5.491753332024491,2,0,1,0,0,0,1
39,12,76.44491577148438,94980,4,0.6100620484775908,1,0,0,0,0,0,0
38,16,70.5541000366211,93021,1,2.053730904803759,1,223,0,1,0,0,0
31,6,16.217260360717773,92463,4,1.5838033840826728,2,0,0,0,0,1,0
41,24,185.8236389160156,94760,4,6.5234483792571405,2,0,0,0,0,1,1
58,29,59.14842224121094,90288,2,3.0064058039660537,3,161,0,0,0,0,0
38,9,145.5243377685547,94744,1,2.804340465420073,1,0,0,0,0,0,0
40,19,64.06890869140625,91716,3,2.325554420696025,1,170,1,0,0,0,0
32,9,30.729326248168945,94032,4,0.5241287792036193,2,0,0,0,0,0,0
35,11,84.23992919921875,90288,3,0.6693730208608867,3,103,0,0,0,0,0
26,3,39.87799453735352,92794,4,0.1464048761621774,1,0,0,0,0,1,0
27,9,67.30580139160156,91397,1,2.736104597090142,1,0,0,0,0,0,0
50,10,53.6455078125,93958,1,1.9522119037723409,2,0,0,0,0,1,0
42,10,132.6576385498047,93088,1,3.085347392638967,1,0,1,0,0,0,0
35,16,151.53567504882812,92031,2,3.6709017876535466,1,250,0,0,0,1,0
35,9,169.5642852783203,94281,2,3.506176424684164,1,0,0,0,0,1,0
32,15,96.9021987915039,92328,1,2.0241054115167,1,0,0,0,0,0,0
60,30,23.336441040039062,95367,4,0.1792764425109819,1,0,0,0,0,0,0
59,28,140.67074584960938,90329,1,5.989316188187431,1,0,1,0,0,0,0
54,26,108.41767120361328,91287,2,0.1564449263565298,3,424,1,0,1,1,0
29,13,162.9005126953125,90397,3,2.323882345668667,2,0,1,0,1,1,1
27,1,29.123779296875,94897,2,0.9713649206269862,1,0,0,0,0,1,0
43,20,130.2418212890625,92144,1,0.1187330913473687,2,0,0,0,0,1,0
40,10,41.7037239074707,94572,2,0.1710693631556878,2,233,1,0,0,0,0
55,35,22.370864868164062,93854,3,1.7314552102322678,2,162,0,0,0,1,0
30,6,51.16661834716797,91116,4,2.533344809950498,1,399,0,0,0,1,0
30,6,34.480445861816406,94196,2,2.7433798682593014,1,75,1,0,0,1,0
32,8,28.05608367919922,94713,1,1.71554367159747,2,0,0,1,0,1,0
40,7,149.93251037597656,93026,1,3.6946076533184256,3,0,0,0,0,1,1
38,12,73.82618713378906,93613,2,2.558201043160037,3,0,0,0,0,0,0
57,38,96.64744567871094,92529,4,3.2733881667399736,1,148,1,0,0,1,0
29,1,40.01062774658203,92912,3,0.9779691738348172,3,0,0,0,0,0,0
64,38,150.57667541503906,94022,3,7.508176310930009,2,0,1,0,1,1,1
30,6,58.5330696105957,94263,1,1.0687857410964712,3,0,0,0,0,1,0
32,5,65.6348876953125,90203,1,0.6200774680609906,1,0,0,0,0,0,0
27,3,34.12884521484375,94726,1,0.0952025817186496,1,0,0,1,1,1,0
40,14,103.59629821777344,94540,3,0.7306350796219034,3,0,1,1,1,1,0
30,5,59.834922790527344,94814,4,0.8888374661800367,2,0,0,0,0,1,0
66,40,48.049503326416016,90126,4,1.8078615397099864,2,0,0,0,0,1,0
43,16,61.05192184448242,94025,4,6.633801666769302,1,0,1,1,0,0,0
37,9,34.091064453125,92410,4,0.2306538044327571,2,0,1,0,0,0,0
64,39,131.82928466796875,92813,1,0.5178090008399968,1,0,1,0,0,1,0
59,32,100.57233428955078,90220,2,0.5711977175910907,1,0,1,0,0,0,0
24,3,38.624053955078125,92275,4,1.648930504000825,3,0,0,0,0,1,0
44,18,44.8740348815918,93013,4,1.9018547908679315,3,0,1,0,0,1,0
62,38,45.6937370300293,91606,4,1.173899171205075,3,0,0,0,0,1,0
30,1,67.12380981445312,94643,4,0.872139710559558,1,0,0,1,0,0,0
31,7,28.37915802001953,91797,4,1.1959409608068563,1,0,1,0,0,0,0
34,11,112.6014633178711,91248,4,1.3703959860362132,3,240,0,0,0,1,1
65,12,57.34376525878906,93331,2,0.0351936936829586,3,0,0,0,0,0,0
27,11,14.765932083129885,95829,3,1.011811378653474,3,0,0,0,0,0,0
45,17,18.140140533447266,94056,3,1.271716598206066,2,0,0,0,0,1,0
52,30,35.341976165771484,94747,4,2.0238472375236016,3,0,0,0,0,1,0
46,22,89.71627807617188,94530,2,5.080564818490215,1,0,0,0,0,0,0
43,16,197.5582427978516,95356,1,6.769887676506025,1,0,1,0,0,1,0
33,15,60.19043731689453,94421,2,1.8244052481844493,2,0,1,0,0,0,0
37,13,79.57548522949219,91338,3,1.4861679436729875,3,0,0,0,0,1,0
55,31,142.91647338867188,91502,1,2.0297873245008984,1,0,1,0,0,0,0
55,30,76.35118103027344,93104,4,2.3560777796741075,3,0,0,1,0,1,0
54,34,46.9378662109375,92089,4,1.2588821758061648,3,90,0,0,0,1,0
49,23,95.36631774902344,91524,1,1.424670292817181,1,139,0,0,0,1,0
64,38,40.19094467163086,93895,3,1.349931155850568,2,0,0,0,0,0,0
24,1,55.16588973999024,93888,1,2.29547422637232,1,0,0,0,0,0,0
57,31,129.45864868164062,94446,1,4.026601206266536,3,0,0,0,0,1,1
60,39,128.22824096679688,93328,4,6.04288012900816,1,0,0,0,0,1,0
59,28,24.90059471130371,93001,1,1.289493114088014,3,0,0,1,0,1,0
51,27,134.20437622070312,92115,2,6.830051629811096,1,0,0,0,0,0,0
26,1,57.85517120361328,91866,4,2.0139589377816414,2,100,0,0,0,1,0
35,15,75.55009460449219,93943,3,2.3542256597242166,2,103,1,0,0,0,0
30,13,32.615814208984375,94866,2,1.41787743701932,3,0,1,0,0,1,0
58,31,91.17980194091795,92542,3,2.088229337811396,2,0,1,0,0,0,0
35,8,76.22886657714844,91544,2,1.7861175343074782,2,142,0,0,0,1,0
52,30,174.41773986816406,94465,2,0.2415148782482183,1,430,0,0,0,0,0
55,31,43.28046798706055,91292,4,1.429745454803999,2,95,1,0,0,0,0
56,35,79.3191146850586,94518,3,3.845430215904575,1,0,1,0,1,1,1
38,9,59.21800994873047,91084,3,0.4078979009994719,3,202,0,0,0,0,0
30,6,206.39096069335935,94132,1,3.763069099698744,1,0,0,0,0,0,0
54,18,34.39954376220703,90253,2,0.8241723476515046,3,295,0,0,0,1,0
64,36,181.4328765869141,90154,3,7.215761478768654,2,0,0,1,1,1,1
40,15,42.10625457763672,94308,1,0.1654205438803361,2,105,0,0,0,1,0
56,27,30.981449127197266,95853,3,0.9151912553263218,3,0,0,1,0,0,0
37,24,52.26384353637695,92490,4,1.7950321577616324,1,113,1,0,0,0,0
39,15,54.45497512817383,91382,2,2.179923851062733,2,228,1,0,0,0,0
58,36,137.8992156982422,93031,2,5.732895573579973,1,0,0,0,0,0,0
50,17,59.56978225708008,90869,4,1.2318489546138571,2,0,1,0,0,1,0
40,16,163.72337341308594,92392,2,2.6852974645958034,1,0,0,0,0,0,0
33,7,65.13508605957031,93204,2,1.2762923371225938,1,0,1,1,0,1,0
58,29,21.4078311920166,94245,3,0.784672843596784,2,101,0,0,0,1,0
64,35,19.366304397583008,94754,3,0.1526070788896018,1,0,0,0,0,1,0
41,17,86.72836303710938,90248,1,0.2882630308152025,1,0,1,0,1,0,0
65,36,10.59526252746582,94701,4,0.6301324070312437,2,0,1,0,0,1,0
29,9,14.325634002685549,95442,4,0.4495200632100319,3,0,1,0,0,1,0
49,24,32.19108963012695,91990,3,0.3320351095169591,2,0,0,0,0,1,0
25,0,57.62262344360352,92095,2,1.944865891361484,1,232,0,0,0,1,0
45,18,61.724308013916016,91241,4,1.532347038320161,3,114,1,0,0,1,0
37,14,47.01240921020508,94311,4,0.3785898962458882,1,0,1,1,0,0,0
46,20,65.72604370117188,90601,2,0.8146571490027865,1,118,0,0,0,0,0
30,0,63.936622619628906,91611,4,2.303061978582808,1,136,0,0,0,1,0
38,15,82.59915161132812,94856,2,1.7090321802239763,2,0,0,0,0,1,0
29,8,84.26673889160156,94419,4,2.0109142843413883,1,0,1,0,0,1,0
51,29,134.85726928710938,95879,1,2.8104887735690056,1,207,1,0,0,1,0
52,22,34.07518005371094,91781,4,1.3228236308540382,1,90,0,0,0,0,0
52,16,133.1509552001953,94544,2,0.0156450867484136,3,0,0,1,1,1,0
53,25,146.17918395996094,91461,1,6.187717877340854,1,0,1,0,0,0,0
57,24,36.38978576660156,94861,4,0.7415046030481889,2,0,0,0,0,0,0
44,23,181.9015350341797,91532,2,5.301036579665286,1,0,0,0,0,1,0
42,16,125.7406005859375,95459,1,0.3160254142873683,1,0,0,0,0,1,0
62,33,127.6710968017578,93920,3,1.733091479631993,1,174,0,0,0,0,0
41,1,84.07389831542969,94842,1,2.1194291912006067,1,0,0,0,0,1,0
40,20,125.2473373413086,94571,1,2.61191677847246,3,0,1,0,0,1,1
44,17,127.94992065429688,92300,1,5.661643200056229,1,0,0,0,0,0,0
25,0,208.06163024902344,90412,2,6.251718728033304,3,0,0,0,0,0,1
60,37,18.423587799072266,96022,4,0.8548348395767427,1,0,0,0,0,1,0
49,25,110.41058349609376,95454,2,3.399720455787823,2,0,0,0,0,0,0
50,24,121.13074493408205,94731,1,2.045470725069689,2,255,0,0,0,1,0
45,32,29.183034896850582,95705,2,1.7116372296998523,2,193,0,0,0,1,0
26,2,118.20946502685548,92795,4,2.164376818579752,1,277,0,0,0,0,0
61,33,82.82920837402344,92099,1,4.305029663071027,2,181,0,0,0,1,0
47,30,26.70011711120605,93421,4,0.5062937565214807,3,0,0,1,0,1,0
33,6,40.39030838012695,93907,4,1.8814333354665451,2,74,0,0,0,1,0
41,22,52.063472747802734,94483,3,1.2894574921592492,2,140,0,0,0,1,0
34,14,72.95008087158203,94497,4,1.981894019238151,3,0,0,0,0,1,0
31,12,134.565185546875,91679,4,5.368020003651384,2,319,0,1,1,1,1
39,18,139.5959014892578,92728,1,4.206742530671032,1,0,0,1,0,1,0
30,15,57.19400787353516,95501,3,0.5582031207296938,1,0,1,0,0,1,0
32,5,92.35211944580078,94653,1,1.4749166270471368,3,0,0,0,0,1,0
62,37,61.72569274902344,94300,1,0.7252636385064,1,0,0,0,0,0,0
36,11,97.5395050048828,95976,1,2.906183010229914,1,0,0,0,0,1,0
52,21,24.733617782592773,95397,2,2.269686120268102,3,0,1,0,0,1,0
33,8,47.602149963378906,90737,1,0.8170776106060642,1,0,0,1,0,0,0
31,3,170.17437744140625,92038,1,9.08077861686564,3,0,1,0,1,1,1
63,38,57.19253921508789,90989,2,0.4223123289952527,1,126,1,0,0,1,0
32,4,39.17184066772461,94291,4,0.4803878974138578,1,0,1,0,0,1,0
57,33,30.459829330444336,91885,3,1.4231180925042373,1,0,0,0,0,1,0
59,34,128.007568359375,92043,1,4.460894038944911,1,0,0,0,0,0,0
64,39,37.34288024902344,90234,1,2.087575550818164,3,0,0,0,0,1,0
64,37,167.56765747070312,93931,2,1.7210555140331354,1,103,0,0,0,1,0
43,18,47.52719497680664,91787,3,0.0124508118704062,3,0,0,0,0,1,0
52,25,51.11738586425781,90181,3,1.9600118964330733,2,204,0,0,0,0,0
41,16,52.051116943359375,95823,3,1.0484918025546288,3,0,0,0,0,1,0
59,31,111.08031463623048,94892,4,1.5051249013255434,3,276,1,0,0,0,0
31,6,65.33623504638672,92347,2,0.8688015132272698,3,0,0,0,0,1,0
43,19,80.60120391845703,94235,3,0.8538551134305118,2,0,0,0,0,0,0
40,14,71.74085998535156,94627,1,2.868879581636496,1,0,1,1,0,0,0
34,13,29.10553741455078,90175,4,2.1344995993564777,3,105,0,0,0,0,0
60,35,119.95618438720705,94799,1,5.6628436970367,2,0,0,1,0,1,0
42,22,55.81064224243164,95418,3,0.1204919238180717,2,0,0,0,0,1,0
44,19,179.55142211914062,91390,1,6.76299097355701,1,98,1,0,0,1,0
47,25,49.77585983276367,90394,1,3.193646521526137,2,0,0,1,0,0,0
44,22,119.46266174316406,94206,3,3.6306063287130974,3,90,1,0,0,0,1
33,5,59.73849105834961,90923,3,2.248739413763724,3,0,0,0,0,0,0
31,6,58.405494689941406,94340,3,1.604170118315838,1,0,1,0,0,1,0
28,1,41.52535629272461,95081,2,2.1520415197566027,1,0,0,0,0,0,0
39,8,47.589385986328125,95213,1,0.6779508860778636,1,101,0,0,0,0,0
43,15,61.61687088012695,92150,3,1.5596465766874843,3,248,1,0,0,1,0
52,33,40.6087646484375,94533,4,3.2503101670076022,1,0,0,1,0,1,0
54,28,147.8730010986328,91311,2,0.87446338930111,1,0,0,0,0,1,0
60,37,54.62813186645508,92033,1,1.731115076301932,3,0,1,1,0,0,0
27,-1,51.88525390625,92861,1,2.081785457722418,2,0,0,0,0,1,0
48,35,20.408864974975582,93297,4,2.459977485607636,1,0,1,0,1,1,0
46,24,127.24266052246094,92802,4,2.773269854690096,2,0,0,0,0,0,1
41,20,95.81035614013672,94449,1,1.7275120842170206,1,0,1,0,0,1,0
60,39,93.5373306274414,91897,2,2.175678692361918,2,140,0,1,0,1,0
60,35,34.333290100097656,94170,4,1.035325065753944,2,0,0,0,0,1,0
26,5,70.91207122802734,94701,1,2.3543097549679746,2,0,1,0,0,1,0
46,22,73.27455139160156,94405,3,0.4020351555852235,1,0,0,0,0,0,0
45,20,21.116214752197266,91992,3,1.2619884170929665,2,161,0,0,0,0,0
53,27,57.362335205078125,95612,3,2.9051836984140484,1,0,0,0,0,1,0
29,11,115.97525787353516,91350,3,3.6142262368789018,1,312,1,0,0,1,1
57,34,65.69129943847656,93175,1,0.2743468477956443,1,0,0,0,0,1,0
32,6,69.53897094726562,89886,1,2.9111986895430366,1,0,1,0,0,0,0
59,34,93.8901596069336,92426,1,0.5902912912989269,3,107,0,0,0,0,0
40,4,16.336246490478516,95149,4,3.0783171589451657,1,88,1,0,0,0,0
43,28,65.31257629394531,93564,2,0.3268638769026035,3,0,1,0,0,1,0
60,37,62.58352279663086,90719,3,4.158779089469341,1,0,0,0,0,1,0
56,31,29.83863639831543,92029,2,0.9039235520757094,3,87,0,0,0,0,0
60,37,48.0956916809082,94981,2,0.6519477476735989,2,0,0,0,0,0,0
43,22,74.36682891845703,91434,2,3.178578103702524,1,0,1,0,0,0,0
36,12,52.27189636230469,91197,2,0.3666111216734192,2,0,0,0,0,0,0
38,18,52.7355842590332,94470,3,2.4792377660438967,2,0,0,0,0,0,0
46,18,78.44834899902344,91867,1,1.5728997776118916,1,0,0,0,0,1,0
62,35,103.6535415649414,93084,2,0.5850341570436618,1,149,0,0,0,1,0
60,36,52.57992172241211,91972,3,0.945611795777462,2,123,1,0,0,1,0
53,32,46.4747428894043,91846,2,1.4385837945892055,3,0,1,0,0,1,0
46,14,86.93682861328125,92837,1,3.7769109979729776,1,0,1,0,0,0,0
35,5,55.68587112426758,91384,2,0.2481461597596545,2,415,0,0,0,0,0
64,41,46.87939453125,95228,1,0.1930580927851253,3,100,0,0,0,0,0
30,1,30.611814498901367,95087,4,0.4251162350472389,1,0,0,0,0,0,0
65,39,185.11349487304688,95732,3,5.139744312704989,3,0,0,0,0,0,1
28,9,81.75835418701172,93005,3,0.1366130411997989,1,184,0,0,0,0,0
43,26,129.9430389404297,91563,3,1.544364368391999,2,0,1,0,0,0,1
60,32,91.46028900146484,92878,3,2.630208414083197,1,172,0,1,0,1,0
44,16,93.18743896484376,90014,3,0.3665800772622115,2,0,0,0,0,0,0
28,3,102.10591888427734,95595,2,4.04264907190864,2,105,1,0,0,1,0
64,41,16.96295738220215,94102,3,1.428238739940025,3,0,1,1,0,1,0
59,32,36.59306335449219,94626,3,0.2590424365828409,2,0,0,1,0,0,0
40,26,89.69307708740234,95664,2,6.839293601836965,1,0,1,0,0,1,0
58,11,70.22964477539062,95135,3,1.8142427722773025,2,0,0,0,0,1,0
24,0,119.64202117919922,94293,1,2.210328287087449,3,0,0,0,0,0,0
45,9,52.293792724609375,95122,2,1.4410672101811373,1,0,0,0,0,0,0
61,38,52.06454086303711,94191,2,3.005277044690505,3,0,0,0,0,1,0
54,28,71.42146301269531,94255,1,2.53082200893717,1,0,0,0,0,1,0
33,8,44.39165115356445,91781,4,0.1847176533119067,3,154,1,0,1,1,0
52,35,19.28260803222656,90349,3,0.209155333150614,2,81,0,1,0,0,0
28,10,133.25421142578125,92533,2,3.1102535554160395,1,0,1,0,1,1,1
43,23,51.00756072998047,95088,2,0.2605779246242068,1,232,0,1,0,0,0
48,24,78.97265625,92842,2,1.5838048702903684,1,0,0,0,0,1,0
33,19,18.032045364379883,94689,4,0.6736153516049203,1,126,0,0,0,1,0
44,28,68.02045440673828,94230,4,3.380790163735823,1,0,1,0,1,1,0
41,16,114.17949676513672,90155,2,0.797319968681454,1,0,0,0,0,1,0
45,25,60.93638229370117,94868,2,2.215833274219646,1,100,0,0,0,1,0
36,17,29.90977478027344,94861,4,1.473720542080684,1,0,1,0,0,1,0
47,32,89.81637573242188,94399,1,0.7801136872274999,1,0,1,0,0,1,0
48,21,73.92070007324219,91575,1,0.1445252940936228,1,0,0,0,0,0,0
29,11,93.8739013671875,92317,3,0.7033509871362893,1,237,0,1,0,0,1
60,36,72.57684326171875,94949,1,0.2698558067572723,1,0,0,0,0,0,0
41,17,99.64181518554688,94066,2,6.836468267042273,1,0,0,0,0,0,0
52,35,15.825712203979492,95314,3,0.2413365024492005,1,0,0,0,0,0,0
32,9,45.7974853515625,92958,4,0.8862932036515718,1,0,1,1,0,0,0
45,31,81.48941802978516,92892,3,1.0874930998851986,3,0,0,0,0,0,0
43,26,168.8011932373047,92930,2,3.3658191582588284,2,627,0,0,0,0,1
62,31,76.18553161621094,95068,3,5.0750980144213855,1,0,0,1,1,1,1
35,8,12.064653396606444,90074,1,1.6386315030564975,3,0,0,0,0,1,0
50,19,205.0457305908203,95104,1,0.2567105653853418,3,0,1,0,1,1,1
63,40,68.20071411132812,91896,3,2.578836212489225,3,0,1,0,0,1,0
33,3,62.14563751220703,94022,3,0.8605062304287444,3,0,0,0,0,0,1
60,28,34.232261657714844,95192,3,1.307614401601089,2,0,1,0,0,0,0
38,16,39.45624542236328,94620,4,0.5225161161017876,3,0,0,0,0,1,0
46,18,51.32033157348633,91485,3,0.4308719707692795,1,0,1,0,0,1,0
40,12,71.98666381835938,95433,2,1.9053842718730416,1,0,0,0,0,1,0
29,2,33.78826904296875,92781,4,2.0358265731839715,3,0,1,0,1,1,0
39,15,55.68606948852539,92038,4,2.851428631684221,3,0,0,1,0,0,0
55,30,90.64373016357422,91862,3,1.3512075459891446,2,0,1,0,0,1,0
25,13,22.77001571655273,92010,2,1.0650148495518972,3,0,1,0,0,1,0
41,23,44.03471374511719,89739,4,2.4759382572140645,1,0,0,0,0,1,0
31,9,136.42538452148438,94731,4,3.3535154008840564,2,0,1,0,0,0,0
61,35,96.54127502441406,94488,4,0.3337396667987966,2,0,0,0,0,1,0
46,24,100.8802490234375,95434,3,4.250429169690893,3,0,0,0,0,0,1
53,33,62.73494720458984,91904,3,1.239891139110665,2,0,0,0,0,1,0
28,4,39.39810562133789,91790,4,1.5346502992379465,3,0,0,0,0,0,0
27,1,83.774169921875,90318,3,1.8130281659157856,2,0,0,0,0,1,0
57,34,122.33299255371094,90633,2,4.013986499542276,1,0,1,0,1,1,0
53,18,60.39370727539063,91108,1,1.9199915703669668,3,329,0,0,0,1,0
56,20,37.79198455810547,91396,1,0.4715311544028029,1,94,0,0,0,1,0
51,24,186.7414093017578,94084,1,2.2169064901441877,1,0,1,0,0,1,0
52,34,63.48939895629883,92617,4,2.808941524031361,1,0,1,0,0,1,0
58,25,46.56651306152344,91962,3,1.668865925773758,2,0,0,0,0,1,0
30,5,70.80534362792969,91350,2,0.3324949527914465,2,152,0,0,0,1,0
60,36,110.5345230102539,90335,4,2.312345868016372,1,0,1,0,0,1,0
49,33,136.8436279296875,91820,2,3.440218590958563,1,108,0,0,0,0,0
50,28,197.2883453369141,95369,1,1.3292930263541314,1,0,1,0,0,1,0
50,21,150.04742431640625,95547,1,4.976756179496126,2,0,0,0,0,1,1
28,2,28.81603240966797,90083,4,0.2425180158103177,2,0,1,0,0,1,0
32,6,64.33403778076172,94018,3,0.5752262623981734,3,0,1,0,0,1,0
45,16,42.01150894165039,93439,2,2.608263596164463,1,0,1,1,0,1,0
39,10,70.62350463867188,91709,2,1.2047568433702105,3,166,1,0,0,0,0
44,17,20.320924758911133,95191,1,1.3716345158819736,2,90,1,0,0,1,0
43,17,128.12635803222656,95236,2,2.68059756351056,1,0,1,0,0,1,0
63,34,82.93992614746094,95620,2,1.542455300043939,3,0,0,0,0,1,0
32,7,96.01744079589844,94161,1,3.582564769518981,3,0,0,0,0,0,0
48,20,71.34503173828125,95489,3,1.368613211215066,3,228,0,0,0,1,0
65,39,65.47016906738281,95799,2,2.251183056217434,2,0,0,0,0,1,0
26,1,40.507354736328125,91658,2,1.3759875739744023,1,0,1,0,0,1,0
41,9,15.57094955444336,94167,4,1.171590187476505,2,97,0,0,0,1,0
46,18,21.24403953552246,95604,4,1.7904243206710997,1,0,0,0,0,1,0
54,29,163.2978973388672,91679,2,4.642320720597246,1,0,1,0,0,1,0
56,24,46.834598541259766,96165,3,0.5471517316415064,1,0,0,0,0,1,0
40,22,49.60619354248047,92346,1,0.2825545062307305,3,0,0,0,0,1,0
64,43,88.63948059082031,91884,4,1.1490249501236809,2,0,0,0,0,0,0
61,34,61.9604377746582,95525,4,1.6324709848211192,2,0,0,0,0,0,0
38,15,192.6884002685547,92193,2,3.3863214116237663,1,374,0,0,0,1,0
58,34,132.29232788085938,91646,3,2.133808976014165,2,0,0,0,0,1,0
55,34,64.283447265625,92023,1,0.7956984932221791,2,0,0,0,0,0,0
43,22,29.79989051818848,94266,4,0.6412391148793954,2,103,1,0,0,0,0
59,31,125.38780975341795,90084,2,1.6644496877068398,2,164,0,0,0,0,0
37,4,30.393138885498047,91963,3,0.2312071414596938,2,135,0,0,0,1,0
28,1,141.94532775878906,94794,4,2.100503984138231,2,191,0,0,0,1,0
25,1,77.50481414794922,93992,4,2.064507417516403,1,0,1,0,0,1,0
29,17,22.10309791564941,91064,2,0.2793013686415357,3,0,0,0,0,1,0
31,2,43.75593948364258,94110,2,1.0568421274631008,1,122,0,0,0,1,0
51,27,55.10335159301758,91442,4,0.5355239123755702,1,0,0,0,0,1,0
62,37,53.5263557434082,91005,1,0.2667152986042261,1,0,0,0,0,0,0
55,24,54.29684829711914,95485,3,1.8136634660598645,3,284,1,0,0,1,0
51,24,39.10223388671875,93881,1,1.7712650177883489,3,0,0,0,0,1,0
42,17,100.00470733642578,93588,2,2.157917969280267,1,0,0,0,0,1,0
44,19,55.45661926269531,95267,3,0.8996023809027998,1,0,0,1,0,1,0
49,12,72.0811767578125,95209,1,1.921466718366624,3,0,1,0,0,0,0
47,23,51.34004592895508,92290,2,1.934539245705104,3,0,1,0,0,1,0
61,36,47.2419319152832,90757,2,0.3727831027756876,3,97,0,0,0,1,0
32,-2,17.992023468017578,94090,3,0.2269155256986215,1,94,0,0,0,0,0
29,5,79.50450897216797,91464,2,3.322372858196734,1,0,0,0,0,0,0
52,22,49.216644287109375,89833,2,3.047331092137476,2,0,1,0,0,1,0
36,12,82.85787200927734,94415,2,7.266416230118643,1,149,0,0,0,0,1
62,38,90.85317993164062,94003,2,1.868367600409296,1,0,0,0,0,1,0
51,22,68.764404296875,94510,4,1.8519694608425317,3,0,0,0,0,0,0
55,38,19.803565979003903,94938,4,1.964467771909016,1,0,1,0,0,1,0
51,25,59.04326248168945,94527,4,2.337542437337977,2,144,1,0,0,1,0
63,41,48.2461051940918,94764,3,2.044323310003715,2,0,0,0,0,0,0
35,9,28.36307716369629,93234,2,0.3868949316643225,3,98,0,0,0,1,0
31,6,69.72090148925781,93890,1,2.889653820530332,1,0,0,0,0,1,0
48,36,71.72606658935547,92011,1,1.851492432524596,3,0,0,0,0,0,0
59,29,96.76622772216795,92199,1,1.4453262817842454,1,150,0,1,0,1,0
35,26,158.92860412597656,94574,2,3.6918961574158273,1,339,0,0,0,1,0
50,26,67.65184783935547,93079,4,1.3523104995981736,1,0,0,0,0,0,0
47,20,59.21126937866211,94956,2,1.371741840773134,2,0,0,0,0,1,0
51,18,56.87920379638672,91919,4,1.2769883818897478,3,0,0,1,0,0,0
61,40,55.40130233764648,94187,4,0.4989941507975778,2,103,0,0,0,0,0
25,3,33.978450775146484,94321,4,0.8713874147044963,2,0,0,0,0,1,0
44,14,24.449268341064453,89926,4,1.1737155803333033,1,0,0,1,1,1,0
41,22,163.05613708496094,94765,2,0.2153817100644552,1,0,1,0,0,0,0
38,13,97.80855560302734,91065,3,0.6120979045687345,2,0,0,0,0,1,0
30,9,28.220542907714844,93527,2,1.2477099903732496,1,182,0,0,0,1,0
46,25,67.15798950195312,94040,2,1.8972678918211097,3,131,1,0,0,0,0
58,35,43.96714782714844,90881,1,0.2382003446077186,1,0,0,0,0,1,0
48,22,26.28933906555176,95612,3,0.3710629407897043,3,0,0,0,0,1,0
36,13,35.79804992675781,92830,2,2.459310239875956,1,0,0,0,0,1,0
36,18,49.660064697265625,94722,2,2.0532320885402093,1,449,1,0,0,1,0
34,9,153.79286193847656,91239,2,5.494663002688532,1,0,0,0,0,0,0
59,34,26.70901298522949,95715,3,0.5233211641955777,1,0,1,0,0,1,0
46,17,55.94278335571289,95081,3,0.5951630300931233,1,0,0,0,0,1,0
56,30,173.06065368652344,92903,2,1.000109019771183,1,0,1,0,0,0,0
27,3,82.12286376953125,95091,1,1.7759586178053164,1,229,0,0,0,0,0
47,20,40.36422348022461,91653,3,0.1801527307188181,1,0,1,0,0,1,0
33,8,112.57782745361328,94371,1,2.0870456120023837,1,0,0,0,0,1,0
48,19,93.04328918457033,95370,3,3.369439827569037,1,240,0,0,0,0,1
47,20,182.2901763916016,95621,1,2.442166584770257,1,0,1,0,0,1,0
61,24,28.187803268432617,93747,1,0.5912198292573745,3,0,1,0,0,0,0
54,23,67.83256530761719,89563,1,2.7075009787148163,1,0,1,0,0,1,0
43,20,86.4224624633789,94127,1,0.7987054639496843,2,0,1,0,0,0,0
63,34,63.64812469482422,92900,4,1.4980939361469403,1,0,0,0,0,1,0
40,17,56.36311721801758,95663,3,3.14630119421701,1,0,0,0,0,0,0
28,2,38.9146842956543,94218,2,2.1340651266678448,3,151,0,0,0,0,0
46,12,24.176475524902344,93522,3,0.2806800820166052,2,0,0,0,0,0,0
59,34,127.31185913085938,90785,1,3.341031809283224,1,0,0,1,0,1,0
52,27,61.00667953491211,94689,2,2.2856228924174458,1,0,0,0,0,0,0
66,41,61.54667282104492,94919,2,2.031611438376436,3,0,1,0,0,1,0
31,18,165.94400024414062,93537,1,2.2079213229293,1,0,0,0,0,0,0
28,9,29.54181289672852,91893,4,1.7793885541176722,2,0,1,0,0,0,0
48,24,58.13271331787109,91160,4,2.237983307188516,1,0,0,0,0,1,0
41,20,124.14537811279295,94332,2,1.522962612050042,1,0,0,0,0,1,0
42,29,109.83110809326172,95685,2,0.75116685216196,1,0,1,0,0,1,0
32,6,65.88363647460938,93954,2,0.3064897788114212,1,0,0,0,0,0,0
57,32,19.19841957092285,93858,3,0.5393513008599051,1,0,0,0,0,0,0
39,12,103.33551788330078,93392,4,2.114944360819269,1,0,1,0,0,0,1
36,8,145.0634765625,94081,4,3.802479778093715,2,0,0,0,0,0,1
60,30,73.20368957519531,94496,2,1.197303070777327,1,0,1,0,0,1,0
54,24,48.242218017578125,95788,4,0.6531817960563951,2,0,0,0,0,1,0
37,10,185.35043334960935,94577,2,8.864693485297328,1,0,0,0,0,0,0
43,13,99.8359375,90166,3,4.834202857668576,3,0,0,0,0,0,1
31,2,37.5051155090332,94762,3,1.7203702302214916,2,0,1,0,0,1,0
45,25,156.4669952392578,92941,2,3.67116602094043,1,387,0,0,0,1,0
40,16,37.08887481689453,91584,3,3.237895329896574,1,179,0,0,0,1,0
50,27,102.4141082763672,89817,1,2.260214186087808,1,266,0,0,0,0,0
64,39,78.71984100341797,90421,1,1.2720687096996546,3,0,0,0,0,0,0
27,3,89.85337829589844,89930,2,1.8432971335951136,2,0,0,0,0,1,0
61,35,84.20696258544922,92912,2,1.8369713965227172,1,0,0,0,0,1,0
36,12,31.8819637298584,94146,2,2.2543221315627124,2,0,0,0,0,0,0
54,30,69.00932312011719,92702,2,0.3523391402396991,1,0,0,0,0,1,0
52,34,144.36204528808594,95321,1,1.585543374915923,1,0,0,0,0,1,0
55,23,20.982221603393555,92677,4,1.7860663413213915,3,150,1,0,0,0,0
36,9,105.0077896118164,92007,2,1.647438026756792,2,0,1,0,0,0,0
45,19,80.80890655517578,95485,4,1.885662033480446,1,0,1,0,0,0,0
57,31,41.47060775756836,95340,4,2.8129644809241183,1,0,0,0,0,1,0
39,12,82.0577392578125,94521,4,1.2452138608364935,3,0,0,0,0,1,0
31,6,47.88985824584961,90371,3,0.1942411763683741,2,0,0,0,0,1,0
33,6,81.03386688232422,94031,4,1.304028944269158,3,142,1,0,0,0,0
41,26,71.39767456054688,94727,2,2.111694078998335,2,0,1,0,0,1,0
41,23,147.3191680908203,91676,2,1.2149622655513217,1,0,0,0,0,0,0
60,36,33.343624114990234,91920,3,0.7790486334655795,3,0,0,0,0,1,0
28,21,48.91495513916016,96362,1,1.1524052433934182,3,0,0,0,0,1,0
32,7,28.346553802490234,92300,4,0.8490413702794559,3,0,1,0,0,1,0
58,30,198.60052490234372,95356,2,3.859671339440787,1,238,0,0,0,1,0
62,37,96.93035125732422,90244,1,6.149497530881784,1,0,0,0,0,0,0
43,12,14.126875877380373,93957,4,2.144840956744225,2,0,0,0,0,1,0
29,22,76.94290161132812,94862,4,2.5766380323069527,1,98,1,0,0,1,0
50,20,130.96212768554688,90289,1,1.767235994022463,1,0,0,0,0,1,0
46,19,61.02459335327149,91811,1,1.677041110548692,2,0,0,0,0,0,0
62,36,37.94176864624024,94791,2,0.4629827296622464,2,0,1,0,0,0,0
43,18,69.94493103027344,92479,3,0.1546345367436336,3,0,0,0,0,0,0
28,13,126.40692901611328,92184,4,2.622351876322968,1,0,1,0,0,0,0
30,4,135.18084716796875,90081,4,5.105697656099717,3,0,0,0,0,1,1
62,39,64.87403869628906,94803,3,0.993842514833233,1,0,1,0,0,0,0
54,22,102.62828063964844,94689,3,4.577803085575123,1,0,0,1,0,0,0
46,18,52.71597671508789,94653,1,1.4539520576366378,1,158,1,0,0,1,0
55,34,39.299293518066406,94393,4,1.336237313078125,1,105,1,0,0,1,0
30,9,178.3701934814453,94760,3,1.7370328921034526,1,468,0,1,0,1,0
27,3,80.80274200439453,95231,3,1.947135168153845,1,0,0,0,0,1,0
64,39,135.92340087890625,92092,1,7.1300241701696505,3,0,0,0,0,0,1
49,21,57.65123748779297,90567,3,2.85851898384965,2,0,1,0,0,1,0
41,19,27.542978286743164,94483,1,0.4688436684641697,1,0,1,0,0,1,0
28,6,20.94478225708008,94845,2,1.5830326042999685,3,0,0,0,0,1,0
50,17,99.99393463134766,94937,2,1.5313463845957795,3,496,1,0,0,0,1
60,29,61.630184173583984,92773,4,1.668506800544455,3,0,0,0,0,1,0
54,29,176.57925415039062,94724,1,0.2224950425668843,2,0,0,0,0,0,1
35,17,16.494110107421875,94382,4,0.2263237726143663,3,91,1,0,0,0,0
64,38,23.191085815429688,96379,1,2.125506718473304,2,0,0,0,0,1,0
28,8,71.98445129394531,94501,1,1.6131051615143814,3,0,0,0,0,0,0
43,18,26.29825592041016,91126,4,0.6258251710375928,1,112,0,0,0,1,0
31,12,50.84291458129883,91203,3,1.1528891568186523,1,0,1,1,0,1,0
42,13,65.07318878173828,91235,3,0.3707199644779251,1,0,0,0,0,1,0
56,22,38.59204864501953,91878,4,0.7176463395526455,1,0,0,0,0,1,0
40,17,156.62916564941406,94585,3,0.9589069682504016,2,0,0,0,0,1,1
48,20,129.3360137939453,92441,1,5.25551966262814,1,0,0,0,0,0,0
38,12,148.4013671875,92041,4,1.6393937839792283,3,0,0,0,0,0,1
38,16,108.21922302246094,90175,2,2.0958103824836627,1,0,0,0,0,1,0
57,32,181.5940399169922,95187,1,4.250597631818726,1,0,0,1,0,1,1
52,23,94.06629180908205,95791,1,1.7413881401741795,2,0,1,0,0,0,0
65,38,83.94867706298828,91616,3,0.7851837877797277,1,231,0,0,0,0,0
56,27,66.05892944335938,95435,2,2.517988454842874,3,0,0,0,0,1,0
36,16,31.20315742492676,92616,4,2.505724753396071,3,0,0,0,0,0,0
54,29,32.74528503417969,90377,4,1.642445318074229,1,0,1,0,0,0,0
35,6,178.18821716308594,94536,2,1.2576960072171095,1,383,0,0,0,1,0
28,20,49.98356628417969,92268,1,0.5768751928548682,2,215,0,0,0,0,0
63,37,51.40898895263672,95696,3,0.6004221049774493,3,0,0,0,0,1,0
55,34,61.85272216796875,94311,2,1.6236127435908456,2,0,0,0,0,0,0
51,32,60.44877243041992,95785,2,1.0886334124676114,2,0,0,0,0,1,0
56,23,127.97676849365234,92426,2,2.467100895320968,1,383,1,0,0,0,0
46,24,99.39956665039062,94851,2,1.9939275806775003,1,0,0,0,0,0,0
29,8,17.09781265258789,94264,2,1.8237994374559567,2,0,0,0,0,0,0
52,27,102.29135131835938,91089,2,1.8806349172163588,1,0,0,0,0,0,0
29,11,37.02023315429688,94518,3,0.7943382567759925,1,0,0,0,0,1,0
28,1,148.2719268798828,94497,4,5.369226371779623,1,0,0,0,0,1,0
60,36,114.81145477294922,94260,1,5.844832768147279,1,0,1,0,0,0,0
34,5,121.49674987792967,95486,3,0.7923400996863719,2,252,1,0,1,1,1
59,24,47.48180389404297,91065,3,0.2334248682374105,2,104,0,0,0,1,0
33,6,43.03726196289063,94220,3,1.8223750759831157,2,0,0,0,0,0,0
38,15,47.458961486816406,94188,4,0.4466084022850793,1,103,0,1,0,0,0
57,32,69.23165893554688,90202,4,0.1303870159578506,3,168,0,1,0,0,0
28,4,103.73822021484376,91130,2,0.6639032317908782,1,142,0,0,0,0,0
31,4,44.99450302124024,90962,4,1.4458500385257331,3,0,0,0,0,1,0
54,9,23.349565505981445,95309,4,0.9993714258279536,2,0,1,1,1,1,0
29,15,31.84256172180176,93974,2,0.4873528855126611,1,109,1,1,0,0,0
63,36,60.55168914794922,95258,2,1.0223555931188535,3,0,0,0,0,0,0
41,20,30.97438240051269,95621,1,1.0661851319544915,3,0,0,0,0,0,0
32,5,49.20701599121094,94974,1,0.9555783295021508,2,0,0,0,0,1,0
49,24,163.37445068359375,95018,2,3.4158232692236736,1,0,1,0,1,1,1
35,8,169.2556610107422,94905,2,3.014965813923544,1,336,0,0,0,1,0
60,35,39.685916900634766,89882,4,0.7360165367856127,2,0,0,0,0,1,0
45,18,129.8582763671875,91862,1,5.56264395360536,1,0,0,0,0,1,0
43,14,35.65750503540039,94531,1,0.3172823254510823,1,0,1,0,0,1,0
59,31,56.19136047363281,91353,4,0.974531677519608,3,0,0,0,0,0,0
43,18,38.186824798583984,93092,3,1.808345412717168,3,162,0,0,0,1,0
47,20,20.807552337646484,90871,4,1.5983784581426037,1,0,1,0,0,1,0
58,30,65.96675109863281,92145,2,1.455319042763867,2,0,0,0,0,1,0
30,2,49.38728713989258,91764,2,2.861557170639295,2,0,0,0,0,1,0
35,13,59.88661956787109,92971,4,1.0115539854568958,1,126,0,0,0,1,0
66,39,67.05116271972656,94472,4,6.883638009092887,1,154,1,0,0,1,0
44,23,123.91651916503906,92829,2,1.897933772051571,3,251,0,0,0,0,0
44,24,121.42984771728516,94428,2,1.6765426781856805,3,0,0,0,0,0,1
54,25,66.59202575683594,95566,4,3.2182572669983758,3,0,1,0,0,0,0
34,7,48.40975570678711,94667,2,2.6624408920798586,2,0,0,0,0,0,0
63,29,69.19831848144531,90079,1,1.4540265666125851,2,0,0,0,0,0,0
63,32,31.44319725036621,93095,4,0.3259394701949099,3,0,0,0,0,0,0
61,37,64.3221664428711,91986,1,0.3988674840346708,2,0,0,1,0,0,0
37,7,72.60262298583984,92030,2,1.9263887578110144,1,0,1,0,0,1,0
54,16,37.10456848144531,95481,1,3.327774759928856,3,0,0,0,0,0,0
58,30,40.15839767456055,95500,4,0.5484046386924725,3,0,0,0,0,1,0
27,0,57.10639572143555,89805,4,2.126146711978796,2,0,0,0,0,0,0
61,35,67.54083251953125,96343,3,1.2402665626680585,1,0,0,0,0,0,0
56,33,19.428874969482425,94164,4,2.0891514555193957,2,0,1,0,0,1,0
56,38,85.00659942626953,91236,4,4.147210578585905,1,246,0,0,0,1,0
59,35,63.77613067626953,93345,3,0.3567380053186857,3,0,0,0,0,0,0
52,22,84.86664581298828,94773,1,0.1861476163529263,1,121,0,0,0,1,0
60,31,60.702484130859375,92025,2,0.3364408986111179,1,0,0,0,0,1,0
29,4,53.26963424682617,91907,4,0.5124356106148651,1,0,0,0,0,0,0
59,33,43.643924713134766,90710,3,1.995129960170664,3,0,0,0,0,1,0
42,16,14.775053977966309,92780,2,0.4569414081911154,1,86,0,1,0,0,0
33,6,131.08255004882812,94949,3,0.7382473600745173,1,0,0,0,0,0,0
40,5,59.35224151611328,95930,3,0.4430764415216697,1,0,0,0,0,1,0
42,13,34.7288932800293,91507,3,0.7841900250220077,2,223,1,0,1,1,0
56,31,48.45466232299805,91927,3,1.0605234050043824,3,0,0,1,0,1,0
28,2,143.6759490966797,94800,2,3.398927057976638,1,0,0,0,0,1,0
50,13,25.04653549194336,92895,2,0.3670666213719441,3,0,1,0,0,1,0
26,0,47.15200805664063,91446,3,1.0011851896702857,3,159,0,0,0,0,0
40,11,20.06459045410156,91149,1,0.2330422948050155,3,0,0,0,0,0,0
33,13,157.01060485839844,93139,4,6.579734681155126,3,417,0,1,0,1,1
53,33,42.93284225463867,91796,3,1.2442048187334167,2,0,0,0,0,0,0
57,39,33.09043884277344,90345,3,1.2531623493753834,3,0,0,0,0,1,0
43,24,65.61032104492188,91278,2,4.541831794906344,1,105,0,0,0,1,0
61,33,49.57244110107422,90262,3,0.1956796764979621,1,115,0,1,0,0,0
60,37,52.99711227416992,95057,3,6.12051969706313,1,0,1,1,0,1,0
50,19,196.3605499267578,93838,2,0.7793410895007398,1,0,1,0,0,1,0
55,27,63.45317077636719,95820,1,0.3358605996243166,3,317,0,0,0,1,0
41,20,75.2191162109375,90360,1,2.252706475660576,3,0,0,0,0,0,0
39,18,76.90534973144531,93015,2,5.773709559914562,1,0,0,0,0,1,0
58,30,19.01107406616211,92715,4,0.6220729456481755,2,0,0,0,0,1,0
52,35,54.74283218383789,93835,2,1.641896282977537,3,119,0,0,0,0,0
33,10,149.83969116210938,92111,1,2.490634247956812,1,0,0,0,0,1,0
50,25,74.59769439697266,95233,1,0.6842753709433974,3,0,0,0,0,1,0
57,30,14.04446506500244,94155,1,0.2535584227538384,3,0,0,0,0,1,0
37,14,25.31045150756836,90468,2,0.3073143065336019,1,0,1,1,1,1,0
51,27,92.00020599365234,93837,2,0.7995607353670313,1,0,1,0,0,1,0
31,9,11.145516395568848,92619,4,0.3715248966738435,2,0,1,0,0,1,0
44,14,59.088905334472656,95537,3,1.1556342664655816,1,0,0,0,0,0,0
42,16,128.1442108154297,91232,4,7.033799521556898,3,0,0,0,0,0,1
51,18,41.347747802734375,95932,1,2.0349453894010225,3,0,0,0,0,0,0
46,24,71.59855651855469,91944,4,2.2593377981347333,2,0,0,0,0,0,0
27,0,29.134536743164062,93914,2,0.609043318168409,2,0,0,0,0,0,0
64,40,42.34709930419922,94171,4,0.45175842875867,1,154,0,0,0,1,0
53,29,50.09241485595703,94736,1,3.7775194439966646,2,0,0,1,0,0,0
63,38,77.11438751220703,91933,4,1.8018738836654893,3,0,0,0,0,0,0
35,13,120.38775634765624,94857,2,1.8289293643229867,1,0,0,1,0,1,0
29,4,34.735626220703125,92571,1,1.694209809562387,2,0,0,0,0,1,0
43,10,66.66804504394531,96091,1,0.7312453356468362,3,0,0,0,0,1,0
41,11,107.48439025878906,96411,1,2.6605527185406013,3,246,1,1,1,1,0
47,28,17.892284393310547,94375,4,1.7088853455966218,3,0,0,1,1,1,0
41,22,56.54459762573242,91122,1,0.6974695971564399,2,148,0,0,0,0,0
51,24,98.03485870361328,89803,3,2.1173549276441594,2,0,0,0,0,1,0
33,17,46.95461654663086,94493,1,6.282505541298074,3,0,0,0,0,0,0
43,21,21.807876586914062,93202,3,0.3914138112892089,2,168,0,1,0,1,0
64,40,78.82331085205078,95625,3,0.0386105638442967,2,99,0,0,0,0,0
33,8,50.7344970703125,92290,4,1.760938790518169,2,116,0,0,0,0,0
53,25,164.50079345703125,95556,2,4.563445213249878,1,0,0,1,1,1,1
48,34,88.94967651367188,91773,2,2.693793053086427,1,0,1,1,1,1,0
54,18,58.52644348144531,94766,2,1.263018529116693,2,0,0,0,0,0,0
42,15,32.305538177490234,92176,3,1.0850598497475683,3,79,0,0,0,1,0
34,4,124.4162826538086,91832,1,2.0896748398254434,1,279,0,0,0,1,0
50,22,87.51998901367188,90036,2,1.4597972488226645,2,133,1,0,0,1,0
50,14,166.9401397705078,92451,1,6.841918576563349,3,0,0,0,0,0,1
31,6,54.484153747558594,94460,4,2.316299568081841,2,0,0,0,0,0,0
61,36,83.34664916992188,93044,1,0.1151934486207482,2,0,0,0,0,1,0
28,5,121.97135925292967,93694,2,1.495759328661674,1,0,0,1,0,1,0
30,5,170.2889862060547,89954,2,1.3605177504731352,1,0,0,0,0,1,0
46,37,166.6366424560547,91870,2,2.724250149872705,1,0,1,0,0,0,0
61,24,45.22168350219727,91411,2,1.2303662213266509,3,0,1,1,0,1,0
36,17,35.369964599609375,94028,4,0.0294215075312605,2,0,0,0,0,1,0
53,30,80.80133056640625,92034,2,2.4880283944589694,1,118,1,0,0,1,0
65,39,131.81597900390625,92207,2,1.9356079779914603,1,0,0,0,0,1,0
42,19,169.07627868652344,91886,2,3.180039332006344,1,189,0,0,0,1,0
31,11,30.93047332763672,91540,2,0.3083750218205855,1,0,0,0,0,0,0
62,37,21.869604110717773,92210,2,0.9761110711682106,1,89,1,1,1,1,0
25,1,52.84217071533203,91885,4,1.7084697699410234,1,0,0,0,0,1,0
51,32,51.063777923583984,95006,4,2.165292623375995,2,0,0,0,0,1,0
32,4,28.66193580627441,93998,2,1.1668211446075305,2,0,0,0,0,1,0
45,18,39.50396728515625,93882,4,1.7154071567077165,1,0,0,0,0,0,0
43,12,44.074954986572266,91477,1,2.027612565522321,3,0,0,0,0,1,0
48,21,30.134815216064453,93074,4,0.33057870256465,2,0,0,0,0,1,0
58,35,59.34694290161133,94238,4,2.8207247668549345,1,0,1,0,0,0,0
34,8,100.3368682861328,94876,2,3.2331305960908354,1,0,0,0,0,0,0
44,27,107.60528564453124,95595,2,2.119701718985199,2,148,0,0,0,0,0
41,10,141.29318237304688,93953,1,2.0245621381259524,1,0,1,0,0,0,0
40,13,78.33666229248047,95656,2,1.609938739817768,3,0,0,1,0,0,0
52,26,78.49027252197266,94458,2,1.216729978469268,2,0,1,0,0,1,0
31,7,38.48869323730469,91725,3,0.3958118415591933,1,0,0,0,0,0,0
32,9,45.58999252319336,95999,3,0.7675522845789666,1,0,0,0,0,0,0
66,41,58.85359954833984,94681,2,1.1327242241183086,3,95,0,0,0,0,0
33,10,142.04490661621094,90144,2,1.314679658138021,1,0,0,0,0,0,0
41,16,43.59707260131836,90179,4,1.0370947131248158,3,131,0,0,0,0,0
45,30,127.44043731689452,95566,2,2.681844491286499,3,0,0,0,0,1,0
38,16,38.0114860534668,90865,4,0.8273579497109488,2,0,0,0,0,0,0
61,33,88.42892456054688,89884,2,5.436174829722315,1,148,1,0,1,1,0
61,31,37.77406311035156,90249,1,1.2918070216158155,2,0,1,0,0,1,0
30,5,120.54467010498048,95368,1,2.36783294589363,1,220,0,0,0,1,0
57,37,48.297996520996094,92988,1,0.5022235111244954,1,0,0,0,0,0,0
47,22,22.590028762817383,90038,1,2.7928254265858508,2,126,1,0,0,1,0
65,39,141.8411102294922,90374,4,0.437335988655275,3,0,1,0,1,1,1
42,14,72.82511138916016,94962,3,2.2961411327684127,2,0,0,0,0,0,0
51,25,123.6491470336914,91087,1,6.267906962807152,1,0,0,0,0,1,0
64,39,57.297157287597656,94029,2,2.4392456744923163,1,0,0,0,0,0,0
27,4,50.91739273071289,93892,3,1.243134316911803,2,0,1,0,0,0,0
26,0,58.53619766235352,94566,4,2.2299465547464914,3,0,0,0,0,0,0
62,27,49.10384368896485,92845,1,4.064015357743606,1,0,1,0,0,1,0
31,4,68.52865600585938,91345,3,0.2913321377774958,3,0,0,0,0,0,0
65,41,24.70155334472656,91044,3,0.2023439630677927,3,0,0,0,0,1,0
57,30,110.32699584960938,95671,3,1.758905636278565,1,0,1,1,1,1,0
45,32,164.01194763183594,91342,1,6.070115229455587,1,0,0,0,0,1,0
65,36,27.643695831298828,92997,4,0.2493765196954534,1,0,0,0,0,1,0
49,23,86.6617431640625,95778,3,0.7967554875227164,1,0,0,0,0,1,0
52,34,25.99751663208008,93912,2,2.1429076052565863,1,0,0,1,0,0,0
63,37,98.61992645263672,94795,4,0.0340879851520922,1,0,0,0,0,1,0
24,6,14.139318466186523,92578,2,0.4340337101343103,3,0,0,0,0,0,0
46,22,70.58782196044922,93015,3,0.3750341991328746,1,0,0,0,0,1,0
40,26,101.18804931640624,92652,1,0.9525126015422613,1,197,0,1,0,1,0
24,0,61.5698471069336,91752,3,0.7354532807525739,1,0,0,0,0,1,0
43,13,63.70181655883789,94136,4,1.4079233709696988,2,0,0,0,0,1,0
36,9,90.44776153564452,94097,4,2.064463822194071,1,0,1,0,1,1,0
52,25,32.1287956237793,90914,2,2.4598975875673457,3,0,0,0,0,1,0
51,33,55.551395416259766,92832,1,0.7973260355741142,1,0,0,0,0,1,0
28,6,27.61957550048828,91478,1,1.3129839740579798,2,103,1,0,0,1,0
59,29,35.25992584228516,92999,4,1.0549020929122812,1,0,1,0,0,1,0
54,36,18.629234313964844,95597,3,1.2948519513269576,2,0,0,0,0,1,0
44,17,166.09713745117188,92217,1,5.991050539075821,1,0,0,0,0,0,0
46,10,56.682403564453125,95111,1,0.923983208335176,2,0,0,0,0,1,0
57,32,86.95038604736328,90501,3,2.483274903955571,2,155,0,0,0,1,0
52,37,80.3250503540039,95908,1,2.3018415897493325,1,0,0,0,0,0,0
31,17,51.27723693847656,94790,3,1.5471486908570533,2,0,0,0,0,1,0
49,28,32.90460205078125,91935,4,0.5161978471004521,2,141,0,0,0,0,0
47,24,14.34206771850586,90488,4,1.9355526437071209,2,0,0,1,0,1,0
29,6,48.60053634643555,94594,4,0.0239911725092462,1,0,0,0,0,1,0
54,29,157.85459899902344,90344,1,2.1049732479725742,1,0,0,0,0,1,0
56,25,59.91391372680664,94598,2,4.240613963402106,2,246,0,0,0,0,0
54,29,42.85918426513672,94782,2,4.066404842346622,2,0,0,1,0,0,0
42,26,66.6893539428711,93119,2,0.1359855934184128,3,102,1,0,0,1,0
45,21,151.16015625,95274,1,4.462186219451686,1,105,0,1,0,0,0
26,-1,60.755645751953125,95208,4,2.321210536183542,1,238,0,0,0,0,0
48,22,71.97563171386719,95499,2,4.829451523813478,1,249,1,0,0,0,0
58,31,17.214231491088867,94200,3,1.832328895823284,2,0,0,0,0,1,0
54,21,41.231475830078125,89972,1,0.9212928726422416,2,0,0,0,0,0,0
44,14,33.278472900390625,92101,2,1.9364817449464995,2,0,0,1,0,1,0
58,14,22.780288696289062,92907,1,0.4743728591561138,3,0,0,0,0,0,0
51,12,63.27615737915039,93544,2,0.5172062410415604,3,0,0,0,0,1,0
65,40,45.789310455322266,92475,4,1.5153695894223471,2,201,0,0,0,1,0
57,38,71.96517944335938,94588,2,0.4037585757959963,1,0,0,0,0,0,0
35,18,105.4491729736328,90639,2,1.3198081987104775,1,0,0,0,0,1,0
51,34,189.0172119140625,95742,2,3.5131429306594466,1,0,0,0,0,0,0
58,22,67.39173889160156,92162,2,0.3131389174400866,2,0,0,0,0,0,0
61,41,39.13536834716797,92285,3,1.7826522974400667,3,514,0,0,0,0,0
42,26,102.63919830322266,91549,1,2.4774882996694414,1,167,0,0,0,1,0
53,32,35.12421417236328,92059,1,0.3751628571579433,1,0,1,0,0,1,0
50,24,103.11687469482422,91323,1,2.279609138289204,1,0,0,0,0,1,0
57,34,41.203407287597656,94473,4,1.5766022810941729,3,0,1,0,0,0,0
45,14,43.62935256958008,92075,3,1.0937543596427663,3,0,0,0,0,1,0
36,14,27.716508865356445,93039,3,0.2738882888020608,1,0,1,0,0,1,0
55,33,72.62516021728516,95074,1,2.09533314358389,1,0,0,0,0,1,0
43,15,53.31766891479492,95011,1,0.8230577532160063,2,0,0,0,0,1,0
53,28,133.62290954589844,90578,1,7.19700024103998,1,0,0,0,0,1,0
42,18,37.14230728149414,95666,3,1.5972338483508062,1,0,1,0,0,0,0
56,32,55.082706451416016,95758,4,1.793901378509804,1,0,0,0,0,1,0
33,15,52.233158111572266,94190,3,1.1146726205561135,2,0,0,0,0,0,0
51,18,194.1603546142578,92782,2,3.078927689128006,1,0,0,0,0,1,0
41,11,17.703208923339844,93800,3,1.4188211788060223,1,0,1,0,0,1,0
45,15,72.06111907958984,94213,4,1.3553647656786312,3,124,0,0,0,1,0
27,6,39.9989128112793,91436,1,3.1459496929990696,3,0,0,0,0,0,0
34,11,76.26972198486328,94760,1,0.2126662560059797,2,0,0,0,0,1,0
56,27,60.44500732421875,94604,2,0.288161450852204,2,120,0,0,0,0,0
24,0,26.86292266845703,91775,3,1.2123289552975194,1,82,1,0,0,0,0
48,21,58.716453552246094,91998,4,2.6603154507446165,2,0,0,0,0,1,0
61,31,24.72847366333008,91557,3,0.3731472828522701,1,0,0,0,0,1,0
65,29,42.9809799194336,92350,4,2.960096824507769,1,0,1,0,0,1,0
57,34,95.9505844116211,94129,1,2.298931344753586,3,0,0,0,0,0,0
55,25,21.14900016784668,94247,1,0.9308232263262416,1,94,1,0,0,1,0
57,37,64.76301574707031,90094,2,1.104114941423269,1,0,1,0,0,1,0
34,10,25.37002182006836,92906,1,0.0963960519241259,2,0,0,0,0,1,0
44,21,103.80647277832033,94393,2,3.3155979309406183,1,0,0,1,0,1,0
47,16,39.74068069458008,93159,1,0.701003219150657,3,0,0,0,0,0,0
34,5,154.87893676757812,92814,4,5.587036729124981,3,315,1,0,0,0,1
51,26,32.08477783203125,91043,1,2.881163773833181,3,0,0,0,0,0,0
60,31,90.94332122802734,91458,1,3.644769066150921,1,249,0,0,0,1,0
45,20,38.9444580078125,91382,1,3.609700471316754,3,0,1,0,0,1,0
51,33,24.25360679626465,94305,1,0.8411579165844894,3,107,0,0,0,0,0
36,2,102.07496643066406,91150,2,0.2104579063046462,1,0,0,1,0,0,0
43,22,67.01598358154297,95143,2,2.8990408673208536,3,0,0,0,0,1,0
46,11,42.39265441894531,94109,1,0.8026636699076641,1,103,1,0,0,0,0
33,3,57.6456298828125,90683,1,0.072194204105109,1,0,0,0,0,1,0
53,24,120.4189224243164,94401,1,2.850050126613627,3,0,0,0,0,0,0
63,38,96.42760467529295,95259,1,1.7654787366420357,1,0,0,1,0,0,0
63,31,70.82478332519531,94987,1,2.1030123326170527,2,0,0,0,0,0,0
59,35,68.99301147460938,94063,2,0.6685348473540854,3,0,1,0,0,1,0
44,24,166.59844970703125,92196,2,8.102038563105918,1,98,0,0,0,1,0
61,36,25.250680923461918,94086,2,0.1352910023552496,2,0,1,0,0,0,0
64,37,77.1194839477539,90193,3,1.758480983908421,3,0,0,0,0,1,0
33,5,57.08350372314453,92359,1,0.5660905039142412,1,0,0,1,0,1,0
34,7,183.7188415527344,89853,1,3.25619686110491,2,0,0,0,1,1,1
41,12,30.45820617675781,93994,3,0.3731098818952142,3,0,1,0,0,1,0
45,31,13.09735107421875,93230,3,0.2406479028331019,3,88,1,0,0,1,0
50,26,17.179946899414062,91252,4,0.6566245192700345,3,0,1,0,0,0,0
64,39,63.669578552246094,95577,1,1.803045717685744,2,0,1,0,0,0,0
55,22,85.12367248535156,91747,1,3.69176154020306,2,0,0,0,0,1,1
40,28,49.13487243652344,94187,3,1.1353912050943575,3,187,0,1,0,0,0
43,12,63.84519577026367,92861,4,2.161772684074073,1,0,0,0,0,1,0
51,25,35.317649841308594,91369,4,1.556102283561979,1,111,0,0,0,1,0
48,25,92.33643341064452,94175,4,1.5724949296399533,1,0,0,0,0,0,0
30,4,54.13517379760742,90181,4,1.5062714755189175,2,0,0,0,0,0,0
58,36,181.4761962890625,92297,2,3.524028325097411,2,0,0,1,1,1,1
47,20,58.97298812866211,95336,2,0.2099849662206568,3,0,0,0,0,0,0
38,7,28.769811630249023,94143,3,0.0916535480499998,1,154,1,0,0,0,0
62,31,65.18612670898438,93977,1,1.856533948767448,1,0,1,0,0,1,0
60,37,202.4994964599609,94565,2,4.010476863263852,2,0,1,0,0,1,1
36,13,46.265960693359375,91649,1,2.200811688430312,2,0,0,0,0,1,0
61,32,37.92029571533203,94732,3,1.3119915705148666,2,0,0,0,0,0,0
50,19,121.07628631591795,94248,1,1.4581939130375268,1,0,1,0,0,0,0
54,29,56.56528091430664,91892,3,2.5034868596049016,1,0,0,1,0,1,0
48,8,68.14044189453125,95269,1,2.115985314027684,3,0,0,0,0,0,0
60,28,65.32196807861328,94684,1,3.579530703404018,3,278,0,1,0,0,0
29,4,77.54681396484375,92243,4,1.5039895722057135,2,0,0,0,0,1,0
54,33,34.76102828979492,94209,2,2.6418251471795795,3,0,0,0,0,0,0
58,31,80.55591583251953,91911,1,1.8319162171603784,2,0,1,0,0,1,0
43,19,22.898826599121094,95270,1,0.5642482458574075,3,0,1,0,1,1,0
26,4,140.16592407226562,93467,1,2.518091122098296,1,0,0,0,0,0,0
45,26,37.48567199707031,91463,1,1.239097629092616,3,0,1,0,0,0,0
51,9,51.4233283996582,93943,1,1.4692049484522711,3,264,0,0,0,1,0
36,10,100.72682189941406,92252,4,1.3895212310333678,3,0,0,0,0,0,0
50,29,105.83890533447266,91564,1,1.4536933063928417,1,0,0,0,0,1,0
52,22,56.8285026550293,94265,3,0.8245758696192202,3,0,0,0,0,1,0
35,14,68.57305908203125,95384,1,0.0698821663540693,3,0,1,1,1,1,0
29,6,49.76559448242188,90002,4,2.607259516957253,2,111,1,0,0,0,0
42,8,89.41845703125,93675,3,1.2776738858224894,2,0,0,0,0,1,0
46,23,102.18849182128906,90927,2,2.819982232232848,1,0,1,0,1,1,0
40,18,98.04810333251952,92992,2,4.123249735090005,3,357,0,0,0,0,1
60,35,19.326515197753903,93606,1,0.1652697808373547,2,0,1,0,0,0,0
28,5,68.11426544189453,94407,2,1.9182715659649632,1,143,0,0,0,0,0
62,37,39.11382293701172,92144,3,1.0608651214192832,1,0,0,0,0,0,0
55,23,162.1293182373047,89859,1,1.0405229460333416,1,162,0,0,0,1,0
49,23,169.80352783203125,94672,3,5.389325422583734,1,0,1,1,1,1,1
55,21,99.64840698242188,94420,2,9.890807674992208,1,0,0,1,1,1,0
58,35,32.32086181640625,90285,4,1.7468256730065486,2,0,1,0,0,0,0
59,23,163.49610900878906,94557,2,4.043800393471462,3,0,0,0,0,1,0
45,18,80.32892608642578,94421,4,3.739198949213703,3,0,0,0,0,1,0
42,19,101.01483917236328,92167,2,3.114984865192229,3,0,1,1,0,1,1
39,11,65.47432708740234,94430,1,1.083986652971336,2,0,0,0,0,1,0
29,10,49.13749694824219,94707,3,1.3727489650468598,1,0,0,0,0,1,0
52,28,33.50465393066406,92734,1,1.2474944777682468,3,120,0,0,0,0,0
32,4,66.10289001464844,92643,3,1.3841199526150576,3,0,0,0,0,0,0
53,24,166.00462341308594,90090,4,2.6352315012445726,1,0,0,0,0,0,1
61,37,57.2103385925293,92755,4,0.6158218210018216,1,0,0,0,0,0,0
40,9,34.22587585449219,94013,2,0.4941276760687565,2,130,0,0,0,0,0
40,22,46.235652923583984,94856,4,0.5702292934214959,1,0,0,0,0,1,0
56,31,175.5337677001953,90883,3,4.3248796088357455,1,92,1,0,0,1,0
31,4,54.67649459838867,91397,4,1.3325811422338198,1,0,0,0,0,1,0
35,16,111.8682632446289,90880,1,2.218760871704555,3,0,1,0,0,1,1
51,20,22.064189910888672,95576,1,1.3636562964086003,3,196,0,0,0,1,0
55,23,125.57164764404295,92069,4,2.017537925738898,2,125,0,0,0,0,0
44,25,191.8408660888672,91643,1,2.314121212230857,1,0,1,0,0,1,0
55,27,61.55595016479492,90257,4,2.161449964688742,2,0,0,1,0,1,0
32,8,37.421165466308594,91448,3,1.2615655638444507,1,154,0,0,0,1,0
43,11,62.62730407714844,91901,2,1.774114858512088,1,111,0,0,0,1,0
44,27,46.14408874511719,92875,1,1.666490803517361,3,0,0,0,0,1,0
56,36,47.67471694946289,92540,4,0.5265382643986427,3,0,1,0,0,1,0
58,34,40.1022834777832,91650,4,0.6064749150607119,2,0,0,0,0,0,0
29,6,93.0099868774414,92032,1,2.0052408987733497,1,0,0,1,0,1,0
36,11,145.53562927246094,90114,1,2.844922240757432,1,0,0,0,0,0,0
57,28,65.31160736083984,92861,3,0.8267468810543903,3,0,1,0,1,1,0
38,10,149.574951171875,93889,2,3.777135160934902,1,96,1,0,0,1,0
49,25,74.5281982421875,93865,3,1.0192241659933587,2,0,1,0,0,1,0
58,34,113.3515625,94943,2,1.5916103082162716,1,0,0,0,0,0,0
34,9,147.48048400878906,94209,4,3.356089294398103,3,0,0,0,0,0,1
60,38,95.40602111816406,91547,2,3.559763399194031,3,364,0,0,0,1,0
41,24,115.86896514892578,91881,1,2.7879476193422352,1,0,1,0,1,1,0
59,34,52.15032196044922,94518,3,1.9981295769094412,3,0,0,0,0,0,0
54,31,82.6654052734375,95108,1,0.7245511580229496,3,0,1,0,0,0,0
26,0,47.36709976196289,94709,2,0.6819288288618248,2,0,0,0,0,1,0
39,17,105.9641571044922,93846,4,0.1175651108416864,2,0,0,0,0,0,0
63,35,40.713645935058594,94884,4,0.7331516012565407,2,215,0,0,0,0,0
62,36,56.61245346069336,95812,3,1.7613858580288886,2,0,1,0,0,1,0
35,13,50.68409729003906,95519,1,0.4833675669846666,3,0,0,0,0,1,0
48,27,55.57491683959961,90164,1,0.8066143539677132,2,0,0,0,0,0,0
38,14,202.45216369628903,93408,1,2.473443244329925,3,0,0,0,0,0,1
28,2,42.43660736083984,90032,4,2.089485989631449,1,100,0,1,0,0,0
35,19,163.37086486816406,93761,3,1.8881599864316856,3,0,0,0,0,1,1
53,26,62.19913101196289,92076,2,1.5070201403253471,1,185,0,0,0,1,0
54,28,66.77091979980469,94690,4,1.6547029627911125,1,0,1,0,1,1,0
63,39,131.05419921875,94183,1,2.523308031348076,2,336,0,0,1,1,1
33,6,107.81031799316406,92380,3,3.472598024582136,1,295,0,0,0,0,0
65,38,33.11511993408203,93758,2,0.1065340232033279,3,0,0,0,0,0,0
60,36,17.17666244506836,92664,4,0.3763540095202637,1,0,1,1,0,1,0
46,23,48.490516662597656,90196,1,1.4731525859364385,2,103,0,0,0,0,0
59,26,52.91422653198242,92111,4,0.0984901442867837,1,0,1,0,0,0,0
56,34,111.07332611083984,92600,4,2.673573944194002,2,0,1,0,1,1,0
61,39,57.77626037597656,94523,3,1.387787342342664,2,0,0,0,0,0,0
60,37,148.56895446777344,95193,4,5.020754478769838,1,0,1,0,0,0,0
40,12,165.70030212402344,95208,2,7.019743044303096,3,0,0,0,0,0,1
30,4,41.10292053222656,94643,1,1.2538033779339637,3,0,0,0,0,1,0
31,11,57.19043350219727,96123,3,1.432262790900983,1,0,0,0,0,1,0
40,11,133.5411834716797,94079,3,2.654677272300016,1,0,1,0,1,1,0
48,27,98.38550567626952,94403,2,2.9765714392706206,3,0,0,0,0,0,0
49,27,58.97571563720703,94235,1,2.8106706818116627,2,105,1,0,0,1,0
58,36,20.633146286010746,95524,3,0.3003652163036956,1,0,0,0,0,0,0
28,0,95.44892120361328,94841,1,0.2340802022974163,1,0,1,0,0,1,0
56,30,84.52605438232422,94875,4,3.4904739477572027,2,0,0,0,0,0,0
53,34,68.80926513671875,89784,4,2.191788983956008,3,0,0,1,0,0,0
30,2,203.12954711914065,91557,2,1.0339458393923735,1,0,0,0,0,1,0
64,40,37.93984222412109,94922,2,0.0778070012867286,3,100,0,0,0,0,0
35,14,43.693603515625,91535,4,1.364878502780566,2,0,0,0,0,0,0
65,38,48.14418411254883,93846,4,1.4916521000263232,2,0,0,0,0,0,0
44,29,24.483741760253903,93432,2,1.9888885110652708,2,0,0,1,0,0,0
50,26,107.49071502685548,92873,1,3.778264975495349,3,0,1,0,0,0,0
58,26,137.143798828125,93180,2,0.2776391588774576,1,0,0,0,0,1,0
51,36,67.35635375976562,91712,3,1.24472561133196,3,226,1,0,0,0,0
47,16,182.76382446289065,93538,2,1.7013397297940749,1,436,0,0,0,1,0
30,5,87.13736724853516,94176,1,1.8507709459806088,1,0,0,0,0,1,0
58,28,58.95646286010742,95441,3,2.509699389303318,1,0,1,0,0,1,0
66,40,40.93798065185547,95478,1,0.0601835504930832,1,0,0,0,0,1,0
64,39,88.77919006347656,91497,4,1.6586490815166035,2,0,0,0,0,0,0
47,28,41.3536376953125,92873,4,1.7491726187688466,3,0,0,0,0,1,0
48,25,52.0716667175293,90137,3,3.2693876421414254,2,0,1,0,0,1,0
42,16,65.13343811035156,96039,2,1.8950229828002887,2,0,0,0,0,1,0
37,11,109.42987060546876,94345,2,1.295833545426553,1,0,0,0,0,1,0
49,24,155.58778381347656,94570,4,7.947789256122498,1,0,0,0,0,0,1
64,33,99.79428100585938,91726,2,3.798689651597078,1,0,0,0,0,0,0
39,12,48.205787658691406,95460,3,0.2861955965297934,2,0,0,1,0,1,0
67,40,32.62938690185547,93276,4,2.0965828490930454,2,0,0,0,0,1,0
60,37,37.28581237792969,90099,1,2.270888830240883,2,0,0,0,0,0,0
24,3,37.13795471191406,90389,4,0.6441104099704558,1,0,1,0,0,0,0
47,27,64.74711608886719,93769,1,1.518030787926438,1,0,0,1,0,1,0
51,29,67.92829895019531,95490,1,1.4277142959605815,2,0,1,0,0,1,0
65,38,48.53511428833008,90119,2,1.5401161964681649,3,0,0,0,0,0,0
37,13,107.9630126953125,94277,1,3.2871559253256035,1,0,0,0,0,1,0
28,9,65.71575164794922,90167,4,1.4142418856456431,2,0,0,0,0,0,0
42,28,34.654869079589844,92399,2,0.9668365981801594,3,0,1,0,0,0,0
30,5,39.10778427124024,95155,4,1.452190588053763,1,0,0,0,0,1,0
49,15,129.27734375,91578,4,1.6051432254041078,1,0,0,0,0,1,0
47,22,43.6226806640625,92106,3,0.1026804026007584,1,0,0,0,0,0,0
55,31,86.83584594726562,92056,2,6.56054288552541,3,0,0,0,0,0,1
49,26,112.18746948242188,93979,1,3.27988530355225,1,0,1,0,0,0,0
63,35,119.47769165039062,94217,2,0.1640595961970194,1,0,0,0,0,0,0
43,20,207.74264526367188,94351,1,5.905472602672097,1,0,0,0,0,1,0
60,25,61.39460372924805,91546,4,1.311425163024018,3,0,1,0,0,1,0
53,25,23.07973289489746,92554,4,0.493115290838362,3,0,0,0,0,1,0
30,4,125.21005249023438,94107,2,0.8025142725861277,3,0,1,0,0,1,0
25,3,87.84293365478516,94469,2,3.3250452495888374,2,0,0,0,0,1,0
33,11,34.355201721191406,95180,1,1.8418503387125036,2,89,0,0,0,1,0
54,18,31.363182067871094,95157,3,0.4054716285690645,2,0,0,0,0,1,0
34,12,25.943153381347656,90782,1,3.07514483155553,2,128,0,0,0,1,0
26,4,169.28138732910156,94355,2,8.373112677605642,1,0,0,0,0,0,0
39,19,78.70140838623047,94530,3,2.107960993481499,2,0,0,0,0,1,0
46,17,130.32080078125,95336,2,1.346084475660139,1,0,0,1,0,0,0
48,22,60.46445846557617,92263,4,0.2917418741930587,2,0,1,0,0,0,0
39,13,113.9377670288086,92525,1,2.657078956062949,1,136,0,0,0,1,0
58,27,206.1700439453125,93918,1,3.63954208796608,1,226,0,0,0,0,0
40,17,71.5172119140625,93998,2,2.851310930467566,3,0,0,0,0,0,0
61,37,70.11593627929688,91674,4,2.448211659844471,1,0,0,0,0,1,0
34,16,130.35382080078125,91501,2,6.134304245199735,1,0,0,0,0,0,0
35,10,42.1495361328125,90063,3,0.930613172193945,1,0,1,0,0,0,0
51,15,90.81312561035156,92582,4,0.3488853087111713,2,0,0,1,0,0,0
24,-1,57.03819274902344,92788,2,0.9349236665463742,3,202,0,1,0,0,0
56,24,67.5841293334961,94578,4,1.146629545771622,3,0,0,0,0,0,0
44,16,72.5235595703125,94838,3,8.940751963730659,1,0,0,1,0,1,0
39,22,68.26473999023438,94183,3,0.9481299832611207,3,0,0,0,0,1,0
29,7,58.42252731323242,92568,4,0.3082144175229893,3,0,1,0,0,1,0
51,20,48.63253021240234,95116,3,0.8291873650134165,1,0,0,0,0,1,0
46,22,64.29936218261719,92171,3,2.3792249687563696,1,0,0,0,0,1,0
54,26,140.1622772216797,94489,2,6.464333639229034,1,0,1,0,0,1,0
32,9,72.36221313476562,95597,3,0.2817826287566567,2,0,1,0,0,1,0
35,12,194.18370056152344,94281,2,4.315472306891596,3,368,1,0,1,1,1
49,22,142.47286987304688,89914,1,2.432803914104185,1,369,0,0,0,0,0
59,5,155.29806518554688,91065,1,4.899033107286495,1,0,0,1,0,1,0
59,34,26.833967208862305,93730,2,2.463360484291956,1,311,0,0,0,1,0
45,18,162.74575805664062,94338,2,3.118690802907035,1,0,0,1,0,0,0
42,16,153.99024963378906,94579,3,6.748151852781922,1,0,0,1,0,1,0
31,6,46.82234954833984,92981,4,1.180071454210615,1,153,1,0,0,0,0
57,30,64.64543151855469,94207,4,2.114825584638552,2,165,1,0,0,1,0
63,38,59.06159591674805,92514,3,2.223371247065113,2,0,1,0,0,0,0
51,25,146.4527587890625,92891,1,3.108654793822115,3,0,0,1,0,0,1
43,17,70.00674438476562,94436,1,1.1236054378388558,1,155,0,0,0,1,0
34,7,124.06144714355467,91239,2,0.5025891387921539,1,0,1,0,0,1,0
60,32,40.88614654541016,90204,4,0.920688410419252,1,102,0,0,0,0,0
39,16,23.85155868530273,94952,3,1.3323874606460602,3,0,0,0,0,1,0
42,9,28.53511428833008,94460,2,0.4277480322170545,3,0,0,0,0,0,0
57,31,36.30192565917969,96157,4,0.2640838322599541,2,0,0,0,0,1,0
32,14,25.718982696533203,95813,3,0.8308142929853025,2,107,0,0,0,1,0
52,15,158.41265869140625,91957,2,5.571556163603528,1,0,1,0,0,0,1
56,36,53.31926727294922,92699,3,1.3396312869109896,3,256,1,0,0,0,0
25,1,95.84075927734376,94115,2,1.1243728858699282,2,0,0,0,0,1,0
39,9,156.0904083251953,92020,2,1.5131386168232834,3,389,0,0,0,1,1
27,-1,78.26519775390625,91866,4,3.0370042166094318,1,0,0,0,0,1,0
37,12,29.583023071289062,94654,2,1.6576787908399049,3,0,0,0,0,1,0
26,6,38.02894973754883,92035,1,1.7328489982896569,3,0,0,0,0,1,0
45,14,49.69488525390625,93837,2,1.9475772087855945,3,0,1,0,0,0,0
51,20,89.5689926147461,92709,2,2.248999837317242,1,0,1,0,0,1,0
63,39,41.9751205444336,92353,3,1.8891803242158485,1,0,0,0,0,0,0
57,34,69.52936553955078,91650,2,1.1062593861284105,1,0,0,0,0,1,0
45,23,68.70884704589844,93962,2,1.574545758879342,3,117,1,0,0,0,0
29,7,89.01604461669922,95403,4,4.223285935493399,3,0,1,0,0,1,0
38,3,39.63302230834961,94202,4,0.384493383844929,2,0,1,0,0,1,0
50,25,44.00182723999024,94404,3,1.1727970295519523,2,0,0,0,0,1,0
30,4,60.56211853027344,91308,2,0.6873264100961904,3,218,0,0,0,1,0
34,5,63.57895278930664,94807,3,0.2440537539417953,1,141,1,0,0,1,0
41,11,58.78252029418945,95166,1,1.6101847883708025,2,502,0,0,0,1,1
42,14,100.20001983642578,91410,1,6.711699399063387,1,0,0,0,0,1,1
47,20,47.86899566650391,91781,4,0.4380169407171861,1,0,0,0,0,0,0
58,33,124.72492218017578,90216,4,6.9949454292985385,1,0,1,0,0,0,1
59,30,80.40544891357422,94748,1,2.112492334889698,3,208,0,0,0,0,0
53,35,97.79137420654295,94369,4,1.7662645604490688,2,0,0,0,0,0,0
47,26,35.39362716674805,94721,2,2.526727823228179,2,0,1,0,0,1,0
52,19,52.290069580078125,92163,1,2.368822647610057,2,0,0,0,0,1,0
58,34,195.10385131835935,91073,2,7.227963481782915,1,0,0,0,0,0,0
32,7,89.82256317138672,91409,3,3.617626360982144,1,0,0,0,0,0,0
53,27,42.6128044128418,92081,3,1.978886409449582,2,0,0,0,0,0,0
33,5,71.70902252197266,96033,1,1.6874990065357152,1,0,1,0,1,1,0
44,3,57.23948669433594,94437,3,0.0502049256560267,2,0,1,0,0,1,0
37,10,74.6973876953125,91393,4,1.3865920780241583,2,0,0,0,0,1,0
56,31,57.6921272277832,94105,4,2.0363662635486843,1,205,1,0,0,0,0
57,25,32.00273513793945,95447,4,0.3647338041193553,1,0,0,0,0,1,0
58,20,24.558883666992188,95200,3,0.1132363294122481,1,0,0,0,0,1,0
53,35,99.59458923339844,95531,4,1.4789315109791152,2,0,1,0,1,1,0
37,14,57.52067947387695,91480,4,0.1682865004840945,1,0,1,0,0,1,0
54,25,30.55534553527832,90055,2,1.9921235743178447,3,0,0,0,0,0,0
43,14,111.03223419189452,93163,2,6.399574361558035,1,0,1,0,0,1,0
29,4,39.07836532592773,95629,4,1.4692623686029262,2,0,0,0,0,0,0
45,28,23.611093521118164,90338,3,1.3793681344705857,3,0,0,0,0,0,0
63,30,208.95269775390625,90267,1,8.202608837791319,1,0,1,0,0,0,0
42,20,157.5237579345703,92046,3,4.958363141859773,1,0,0,0,0,1,0
31,2,111.8448257446289,90490,2,1.784152225219526,2,0,0,0,0,1,0
51,26,60.96752166748047,91844,3,0.1460546239817184,3,0,1,0,0,0,0
38,15,136.08038330078125,93845,1,3.01065197678815,1,0,0,0,0,1,0
36,3,66.99645233154297,90435,2,3.070103286304022,1,0,0,0,0,0,0
31,20,64.48928833007812,91469,1,1.9007063769500008,1,232,1,0,0,1,0
37,20,124.61817932128906,94212,3,0.454671756508022,1,0,1,1,1,1,1
49,24,85.78964233398438,90748,1,1.9572343450944203,1,0,0,0,0,0,0
31,5,60.71867370605469,92993,3,1.137008648676224,2,173,0,0,0,1,0
36,27,80.27393341064453,93230,1,0.1007575648893751,1,103,0,0,0,0,0
42,14,74.71754455566406,89908,2,0.8449240659572387,3,0,0,0,0,1,0
42,8,184.65582275390625,94377,4,0.6608755564325398,1,364,0,0,0,1,0
51,22,77.44432067871094,91145,1,0.5547280339460676,1,0,1,0,0,1,0
61,38,142.71209716796875,90094,2,2.4374378648176225,1,0,1,0,0,1,0
31,12,37.478515625,94255,2,0.1174677758766583,3,0,1,0,0,1,0
50,4,14.624086380004885,95593,2,1.5459893895418195,3,0,0,0,0,1,0
31,5,39.80576705932617,93062,4,0.3473547609963354,2,0,0,0,0,0,0
64,37,28.67670249938965,93017,4,2.170576478897212,3,0,0,0,0,0,0
64,41,68.16134643554688,92914,1,2.208416140115679,3,0,1,0,0,0,0
38,17,82.39358520507812,92158,3,1.897083683022854,1,0,1,1,1,1,0
61,36,140.47579956054688,93859,3,2.436363041383857,3,0,0,0,0,1,1
45,20,54.68245697021485,94643,3,1.7876319023875729,2,0,0,0,0,0,0
50,19,49.98735046386719,90181,4,0.2516211762635093,1,0,0,0,0,1,0
56,26,20.922019958496094,90104,3,0.2834218186647443,2,0,0,0,0,0,0
30,8,33.167442321777344,94630,1,0.549875384314874,2,0,0,0,0,1,0
26,1,69.78929138183594,94798,3,1.4867223366108684,2,0,1,0,0,1,0
51,26,39.89604187011719,92729,1,2.835883941497637,3,0,0,0,0,0,0
42,17,172.66017150878906,95453,1,7.0102785054267525,1,0,0,0,0,0,0
48,21,144.3885498046875,94250,1,3.693519349979476,1,0,0,0,0,1,0
64,38,112.9972686767578,93016,3,6.491188713640923,1,159,0,0,0,0,0
29,4,40.26548004150391,94523,2,2.0309548179166548,2,205,1,0,1,1,0
46,24,19.69297790527344,94210,2,0.5093314939902932,3,0,0,1,0,1,0
40,12,49.048614501953125,92734,2,2.2731338520313846,3,0,0,0,0,1,0
42,15,140.19114685058594,92694,1,6.246297861212179,1,0,1,0,0,1,0
59,35,61.610260009765625,94710,4,1.9914349690937088,2,0,0,0,0,1,0
41,17,113.03688049316406,94631,4,1.6811887731698578,2,0,0,1,0,1,0
42,20,103.25588989257812,89995,2,2.7723801947692177,3,0,1,0,0,1,0
61,33,83.62362670898438,93957,2,0.5339259381133556,2,308,0,0,0,1,0
60,16,71.40098571777344,94662,2,2.882143066564634,3,0,0,0,0,0,0
59,40,36.05331039428711,92213,2,1.5152839763655963,1,281,1,0,1,1,0
66,38,97.11337280273438,94290,1,2.821853586255465,3,0,1,0,0,1,0
39,10,165.17176818847656,90164,2,1.499508118970438,1,0,1,0,0,1,0
61,36,65.49827575683594,92073,3,2.16366105030916,2,0,0,0,0,0,0
57,34,80.17176818847656,94140,4,2.481759375118135,3,460,1,0,0,0,0
42,13,41.0550537109375,90129,2,0.2043154031372654,2,100,0,0,0,1,0
61,39,34.175743103027344,95641,4,0.0994311627083767,2,0,0,0,0,1,0
38,16,152.32933044433594,90270,3,2.007488654613859,1,0,0,0,0,0,0
32,6,56.49745941162109,93646,3,1.2579811093118591,3,219,0,0,0,1,0
64,41,11.815086364746094,92548,2,0.7684229683342848,3,97,0,0,0,1,0
37,7,30.728694915771484,91479,3,0.3574912373791701,1,0,0,0,0,0,0
54,35,76.38179779052734,94403,2,2.940250611655413,1,0,1,0,0,0,0
51,13,61.57645034790039,92250,3,2.231841767838086,1,75,1,0,0,1,0
28,1,19.13495445251465,93512,4,2.204173441771902,1,0,0,0,0,1,0
38,11,20.19256591796875,95327,1,0.219199173586479,1,91,0,1,0,1,0
61,33,117.05862426757812,94861,2,3.125079049727078,2,214,1,0,1,1,0
26,1,43.02286529541016,92846,2,2.440016777047248,3,0,0,0,0,0,0
38,4,41.816741943359375,92074,2,2.069350148379565,3,0,0,1,0,1,0
26,5,65.12419128417969,95006,3,2.0483446882886494,2,0,0,0,0,0,0
67,39,114.61412811279295,90077,1,2.0045825908106263,3,0,0,0,0,0,0
59,34,29.866683959960938,94405,3,0.8381357390517743,2,0,0,1,0,1,0
49,31,64.10489654541016,90996,1,0.3247491565865375,2,0,0,0,0,1,0
45,8,53.14360427856445,94551,1,1.0983693548083169,3,0,0,0,0,1,0
29,5,77.4813232421875,90235,3,2.8151475342572647,2,352,0,0,0,0,0
32,5,165.06439208984375,91519,1,6.56328638999125,1,0,0,0,0,0,0
33,5,50.83671569824219,94350,3,0.8160651201431479,2,0,1,0,0,0,0
29,4,27.67982292175293,94330,4,1.3557986039196857,3,0,0,0,0,0,0
62,38,30.85005187988281,92486,2,0.022077426167539,1,0,0,0,0,1,0
27,6,30.928058624267575,96190,4,1.3515906378786815,2,0,0,0,0,0,0
45,33,31.84716415405273,94015,4,2.878726601226746,3,158,0,0,0,0,0
23,6,17.457317352294922,91496,3,1.9857207667606624,2,0,0,0,0,0,0
62,37,162.97483825683594,95605,2,0.2664667479814655,1,0,1,0,0,1,0
51,24,30.42009162902832,93463,3,1.504721248490141,3,171,0,0,0,1,0
49,17,98.31920623779295,96512,2,5.005240910469211,1,0,1,0,0,1,0
34,15,62.74895477294922,95130,4,2.7964982957641342,1,0,0,0,0,1,0
42,14,57.82638168334961,90695,3,1.2104813618382193,2,0,0,0,0,0,0
35,14,71.95243835449219,95842,4,2.3751336933251097,1,333,0,0,0,1,0
33,9,47.70117568969727,91449,3,1.2944070607998608,3,0,0,0,0,1,0
32,3,39.97840881347656,95883,3,0.1365924879313907,2,0,0,1,0,1,0
61,29,17.194843292236328,90420,4,0.7823608966036363,3,0,0,0,0,1,0
56,35,28.518898010253903,95860,4,1.990877357942231,3,0,0,0,0,1,0
37,13,69.95571899414062,95855,2,1.6092763657728606,1,0,0,0,0,1,0
47,25,45.53621673583984,93287,4,0.6064001351546304,1,0,0,0,0,1,0
37,8,80.25070190429688,94710,3,1.0326937038060282,2,0,0,1,0,1,0
29,16,187.1090545654297,91571,2,6.796595781734352,1,0,0,0,0,1,0
41,16,46.30279541015625,93034,1,1.587381822517756,3,0,0,0,0,0,0
48,21,26.53754234313965,91296,2,0.0314861341399134,1,0,1,0,0,0,0
42,11,205.3667907714844,92081,1,6.641083661547473,1,0,0,0,0,1,0
35,9,72.98292541503906,92889,2,1.775119997012507,3,175,0,0,0,0,0
61,34,22.549177169799805,93109,4,0.8913757119527016,1,96,0,0,0,0,0
48,29,125.63256072998048,89789,3,1.4627012487033113,1,424,0,0,0,0,0
26,1,159.69418334960938,94927,2,6.533504787098238,1,0,0,0,0,0,0
58,33,45.365478515625,92332,1,0.4863258424441406,1,0,0,0,0,1,0
42,6,30.85599899291992,95761,3,0.7542220506987883,3,0,0,0,0,0,0
55,29,171.43338012695312,94477,1,1.3869352046647383,1,0,0,0,0,1,0
29,4,58.974151611328125,90263,1,0.844279644311805,3,110,0,0,0,1,0
54,35,172.16082763671875,91734,1,2.434040784860491,1,0,1,0,0,1,0
65,36,48.258567810058594,96384,4,0.1847130685524139,1,113,1,0,1,1,0
38,12,77.12164306640625,94825,3,1.4102499567535347,2,0,0,0,0,1,0
33,4,54.77613067626953,90105,3,2.2479290184279903,2,0,0,0,0,1,0
57,28,87.60746002197266,94415,2,1.6265626597958025,1,0,1,0,0,1,0
63,40,88.19823455810547,94609,1,3.685399839841957,2,0,1,0,0,0,0
39,16,39.82704162597656,91869,2,0.2453328888154089,3,0,1,0,0,1,0
31,5,76.05464935302734,92034,3,2.1204191344158825,2,0,0,0,0,0,0
30,4,52.63346862792969,92038,2,2.1041577570675987,3,0,1,0,0,1,0
47,23,44.80895233154297,94690,3,0.2524930197293656,2,106,1,0,0,0,0
53,27,78.23483276367188,95740,1,0.0991524822705684,2,90,1,1,0,0,0
39,22,65.40290832519531,95162,4,0.2081256313357146,1,142,1,0,0,0,0
29,8,10.659107208251951,94564,3,0.3264353693514693,2,104,0,0,0,1,0
34,11,42.34949493408203,95196,3,1.1478238445228277,1,0,1,0,0,1,0
54,20,159.6464080810547,90403,1,8.425074219073212,2,161,0,0,0,1,1
56,28,48.05679321289063,91933,2,1.1024341622810154,3,0,0,0,0,0,0
60,36,78.63925170898438,93141,2,1.1032297704746346,1,0,1,0,0,1,0
28,3,171.1597442626953,94157,2,6.627432977889881,3,0,0,0,0,1,1
37,10,122.69416046142578,95329,4,0.8454645054904603,1,0,1,0,1,1,1
43,34,157.65835571289062,95842,3,7.294871601563245,1,0,1,0,0,0,0
60,36,95.60527801513672,95465,4,0.5003887093901161,2,0,0,0,0,1,0
38,25,28.80233383178711,91238,1,0.239250384780425,2,177,0,0,0,1,0
47,22,37.25489807128906,94291,4,0.6033389542291773,2,0,0,0,0,1,0
42,13,30.48934364318848,91948,4,1.9220185469164084,1,99,1,0,0,0,0
34,6,18.69517135620117,94471,4,1.4041172893010236,1,105,1,1,1,1,0
51,25,53.56609344482422,91198,4,0.0980824879741603,3,0,0,0,0,0,0
31,10,119.60374450683594,92947,2,3.4916572016549337,1,0,1,0,0,0,0
48,22,30.29666328430176,95450,3,0.2675557162789849,3,0,0,0,0,0,0
65,41,40.55277633666992,91449,1,0.2289683712988617,1,0,0,0,0,1,0
37,19,22.23017692565918,91753,2,1.423538138673433,3,119,0,0,0,1,0
44,23,48.56642150878906,92002,2,1.2849744877192188,2,0,1,0,0,0,0
58,37,44.145538330078125,94072,3,1.7575415944871071,3,0,0,0,0,0,0
29,2,120.78834533691406,94456,3,1.663183507440458,2,0,0,0,0,0,0
33,4,16.43993377685547,95794,4,0.9072302780992508,2,0,0,0,0,0,0
64,31,36.562591552734375,91327,1,0.6875377277973262,2,0,0,0,0,1,0
61,38,117.16332244873048,92274,2,3.653209282381293,1,0,0,0,0,1,0
45,18,82.13568115234375,95010,2,0.3042008266448812,1,0,1,0,0,1,0
54,27,30.4482479095459,92753,4,0.6281403756656334,1,0,0,0,0,1,0
46,22,18.386045455932617,94976,3,0.5040260016740772,2,0,1,0,0,0,0
39,11,134.60406494140625,90623,2,2.6387177975395915,1,0,0,0,0,0,0
62,37,57.23846435546875,91954,2,0.3776270813099457,2,0,0,0,0,0,0
25,4,98.97232055664062,92588,1,1.282996428628015,1,0,1,0,0,1,0
52,24,77.09383392333984,92578,4,3.752075472653973,1,0,0,0,0,0,0
39,6,56.32230758666992,91089,3,3.341372383217303,2,0,0,0,0,0,0
47,13,28.352617263793945,95416,4,0.2104214107601378,3,0,0,0,0,1,0
45,18,51.05978775024414,93973,1,1.5431186732200703,1,0,1,0,0,1,0
40,14,86.77161407470703,92112,3,0.6056253162958415,2,0,0,0,0,1,0
48,22,66.73587799072266,92560,3,1.3296149963910444,3,0,1,1,1,1,1
39,20,101.11602783203124,94589,2,0.6408683325091038,2,0,0,0,0,1,0
40,18,98.83184814453124,92775,2,3.386686312364318,1,170,1,0,0,1,0
40,13,155.71096801757812,93010,1,4.505964093714145,3,149,0,0,0,1,1
30,6,105.2862319946289,92102,4,1.263813537831578,2,242,0,0,0,0,0
67,38,37.17794418334961,91960,4,0.428021735201623,3,105,0,0,0,1,0
41,14,109.73959350585938,94184,2,3.5296506516925628,3,0,0,0,0,0,1
43,18,196.7105255126953,92780,1,2.190128228035584,1,0,0,0,0,0,0
31,9,82.97608947753906,92261,2,0.6916385388665276,1,0,0,0,0,0,0
45,30,164.35365295410156,89896,2,3.8794839743088425,1,0,0,0,0,1,0
30,2,17.045387268066406,92685,3,0.4816810991524797,1,0,0,0,0,0,0
35,10,45.52496337890625,94379,4,0.751806737249995,3,0,0,0,0,1,0
39,22,189.94029235839844,94897,4,4.751761387505485,3,290,0,0,0,0,1
41,20,145.9937744140625,95148,1,0.2905497870675501,1,0,1,0,0,1,0
49,18,28.94367027282715,92785,1,2.263291110605037,3,0,1,1,1,1,0
50,21,98.8563003540039,94690,2,1.613882997661355,1,125,0,1,0,1,0
27,3,45.799842834472656,93084,1,1.433984269021542,1,151,1,0,0,0,0
43,22,52.5687141418457,91006,1,0.829346804084642,3,108,1,0,0,1,0
33,7,28.770153045654297,92524,1,0.1351763573181591,3,0,0,0,0,0,0
48,24,48.24417495727539,90248,1,1.3806926327775944,3,0,0,1,0,1,0
58,29,131.78244018554688,94161,2,2.3442705973130367,3,0,0,0,0,1,1
49,28,77.94116973876953,90312,4,1.8095833175699123,1,0,0,1,0,0,0
38,7,82.15589904785156,95550,2,1.292512383281633,3,0,0,0,0,1,0
60,32,26.03633499145508,91359,2,0.1459369701962107,2,0,1,0,0,0,0
31,5,45.21671295166016,94512,4,0.1402031162808404,1,0,1,0,0,0,0
64,34,78.40349578857422,91455,2,5.086863809678793,1,0,0,0,0,1,0
34,14,84.72942352294922,95696,2,3.3036031583809145,2,224,1,0,1,1,1
56,36,126.73223114013672,94083,3,1.8823587962412816,1,0,0,0,0,0,0
62,37,109.9991455078125,91546,1,2.432306735933456,3,239,0,0,0,0,0
58,11,157.23902893066406,91804,1,0.8847724959716199,3,0,0,0,0,1,0
44,18,163.49595642089844,93402,2,4.43391047455943,3,0,0,0,0,1,0
60,33,37.82683563232422,92800,1,2.3524241066578617,3,0,1,0,0,1,0
50,25,40.92026901245117,92288,3,1.6764666229781664,1,0,0,0,0,0,0
39,21,71.35972595214844,91749,3,1.797224036235675,2,0,0,0,0,1,0
32,18,79.66221618652344,91872,3,1.8897452080315804,2,0,1,0,0,0,0
52,34,81.17220306396484,94480,2,5.620676677247885,1,125,1,1,1,1,0
53,26,92.66795349121094,94609,1,0.20573945288053,1,0,0,1,0,0,0
25,3,111.69989776611328,95547,3,0.9904169844387416,1,250,0,0,0,1,1
40,12,170.9763946533203,94734,2,3.57457661680812,1,0,0,0,0,0,0
60,38,35.05787658691406,91938,4,0.2759816510968367,2,0,0,0,0,1,0
50,20,32.49826431274414,94049,1,0.6442789016935139,3,0,0,0,0,0,0
64,37,52.33540344238281,95297,2,0.97033997296604,1,0,0,1,0,0,0
56,19,99.6497039794922,92677,2,1.99836884392213,3,0,0,0,0,0,0
41,23,72.60972595214844,91720,1,1.9781034893171,1,0,0,0,0,1,0
61,39,25.664644241333008,94045,2,0.4650832081229849,2,0,0,0,0,1,0
47,25,127.81523895263672,92687,1,3.492906866021745,1,0,0,0,0,0,0
56,36,46.05770111083984,94102,2,3.23285009055938,1,95,1,0,0,1,0
41,19,51.932891845703125,94343,3,0.3979073329499046,3,248,0,1,1,1,0
33,5,53.95756912231445,95029,2,2.429313550072261,1,0,0,0,0,0,0
63,33,48.04437255859375,91493,2,2.540025121945759,1,100,0,0,0,1,0
65,40,55.24407196044922,93873,2,2.4878041019907364,3,0,1,0,0,1,0
63,38,51.895774841308594,93134,4,0.9341037230854704,1,149,1,0,1,1,0
40,14,66.11598205566406,94929,4,0.7624946503924763,1,0,0,0,0,1,0
35,16,39.821434020996094,92898,1,0.0846151867851863,2,0,1,0,0,1,0
42,22,53.91936492919922,94220,3,0.9110480530761146,2,0,1,0,0,1,0
57,28,26.32962417602539,91906,1,0.4922999961173091,1,0,0,0,0,1,0
61,32,97.37122344970705,92922,2,1.9297761623560816,2,0,0,1,0,0,0
27,8,58.83418655395508,93160,3,0.4770914860341015,2,0,0,0,0,0,0
56,27,22.91327667236328,92189,2,0.3963357655153589,3,0,1,0,0,0,0
58,32,54.9156608581543,91506,2,1.855622416373572,2,0,1,0,0,1,0
46,23,79.65094757080078,94839,4,0.538725636795144,2,0,1,0,0,0,0
61,36,64.47834014892578,93901,4,1.2394157647221062,3,0,0,0,0,0,0
24,-1,26.454648971557617,92883,3,0.3402208881508962,2,0,1,1,0,1,0
62,34,21.044870376586918,95110,4,0.3211465606336625,2,0,0,0,0,1,0
43,11,57.6033935546875,93938,2,2.701759723233315,3,0,0,0,0,0,0
39,10,138.30751037597656,94267,3,6.525094696103176,2,246,1,0,1,1,0
42,15,39.49567031860352,89556,1,2.1265062917464004,2,0,0,0,0,0,0
34,5,58.08127975463867,94395,1,2.245918516622628,3,0,0,0,0,1,0
35,18,68.5606460571289,94548,1,0.5867745687667972,3,0,1,0,0,0,0
38,1,26.30537414550781,92166,4,0.3302067510645846,3,0,0,0,0,1,0
58,31,15.691229820251465,92731,2,0.1382184364158436,1,0,0,0,0,0,0
54,30,146.79446411132812,94579,1,2.507522941532629,1,0,0,0,0,0,0
60,38,29.266624450683597,91723,4,0.8174034111238818,3,205,0,0,0,1,0
34,13,59.26390838623047,94505,3,2.439196405411335,1,0,1,0,0,0,0
61,32,88.45276641845703,91914,4,1.5945599309264311,2,153,0,0,0,0,0
38,21,121.5748291015625,93002,2,2.1290036278005138,1,0,0,0,0,0,0
46,19,68.5731201171875,93718,1,2.305434023954181,1,125,1,0,0,1,0
30,15,76.99913787841797,94275,1,2.0565163747514523,3,0,1,0,0,1,0
40,14,61.00918197631836,93917,3,3.008496513386544,1,0,0,0,0,0,0
50,15,45.28968048095703,90359,4,2.0017197051798448,3,0,0,0,0,0,0
59,36,64.04951477050781,94480,3,0.2790295808266292,2,0,0,0,0,0,0
61,32,56.84385681152344,92423,3,1.5228179628270968,1,0,0,0,0,0,0
27,3,49.2869987487793,94690,4,1.0913555954437828,1,0,1,0,0,0,0
50,28,99.4274673461914,93384,1,2.51671847370182,2,0,0,0,0,1,0
50,23,71.5107421875,95325,1,2.531503187650108,2,113,1,0,0,1,0
28,10,106.48404693603516,94407,1,3.568817062586743,1,0,0,1,0,1,0
40,28,38.42364501953125,92178,4,1.9723502428522848,3,71,0,0,0,0,0
40,8,109.54078674316406,95609,1,3.600624344958911,1,0,1,0,0,0,0
40,11,90.6021499633789,94528,4,1.08337939573512,1,0,0,0,0,1,0
58,36,26.71810913085937,89885,3,0.3462469869778343,2,0,0,0,0,0,0
61,32,37.23279571533203,92172,3,0.6160654330864224,1,203,1,0,0,1,0
45,10,42.01514434814453,90246,1,0.57316679364395,2,0,0,1,0,1,0
38,20,142.93629455566406,91965,3,0.3897308011456541,1,0,0,0,0,0,0
53,24,53.33436965942383,92154,2,1.7028836111266767,1,0,0,0,0,1,0
28,8,54.49555587768555,92614,1,0.3712852216251975,3,0,0,0,0,1,0
63,36,63.34846496582031,94462,2,2.043749957511105,3,0,1,0,0,1,0
39,15,49.40450668334961,95253,3,0.8906407005993074,2,146,0,0,0,0,0
44,18,131.85885620117188,95195,1,1.6812078144253866,1,0,0,1,0,1,0
39,11,40.20687103271485,94465,2,2.865566358303159,1,0,0,0,0,1,0
38,15,75.70426940917969,92328,2,2.9682321245663394,2,0,0,0,0,1,0
55,24,53.0434799194336,94508,1,0.5759183005838917,3,0,1,0,0,1,0
35,14,134.69012451171875,94539,1,4.148699961614216,2,0,0,0,1,1,1
36,10,24.706768035888672,92112,2,0.1545080217694299,1,140,0,1,0,0,0
33,13,112.03204345703124,90737,4,0.3121787253657436,3,0,1,0,0,1,1
50,20,32.173561096191406,94627,3,0.2824965080462799,1,0,0,0,0,1,0
63,39,119.75292205810548,92969,3,0.1559138627235725,2,0,0,0,0,1,1
32,13,140.4742431640625,92847,4,3.8895929323093226,1,0,1,0,0,1,0
36,16,35.43443298339844,91950,4,0.5019225686886588,1,0,1,0,0,0,0
32,13,77.53840637207031,94993,1,1.7404068717931216,1,0,0,0,0,0,0
47,21,69.11054992675781,90083,1,3.3275071043005986,2,0,0,0,0,1,0
53,31,48.919918060302734,90011,1,0.6607811583213127,3,101,0,1,0,0,0
40,15,76.84446716308594,89821,3,2.5490562947444317,2,0,0,0,0,0,0
48,24,59.21353149414063,92470,4,0.0948639347106568,2,0,1,0,0,0,0
47,20,51.38349914550781,90371,1,0.3884173844131788,1,0,0,0,0,1,0
24,8,33.49746322631836,91956,2,0.2781143906144306,3,0,1,0,0,1,0
51,29,62.805660247802734,94623,3,3.270550933481549,1,148,0,0,0,1,0
50,27,154.6678466796875,94239,2,7.572218092381536,2,0,0,0,0,1,1
54,27,65.15304565429688,92916,1,2.02158077835948,3,0,0,1,0,1,0
38,27,43.887351989746094,94459,4,2.239218392591483,2,136,0,0,0,1,0
55,32,55.64131164550781,93005,2,0.516916457575777,1,0,0,0,0,1,0
41,11,43.9755744934082,92099,4,1.6054199253192878,1,100,1,0,0,1,0
32,6,31.751144409179688,90309,3,0.6991916659633158,3,0,0,0,0,0,0
65,37,62.82510757446289,94452,4,2.993451507527716,3,0,0,0,0,0,0
37,12,56.70713424682617,90331,4,0.7024898374854347,1,0,0,0,0,1,0
47,14,70.31148529052734,89596,2,0.300733429444314,1,0,0,0,0,0,0
44,22,54.89948272705078,92965,1,0.6013387829290258,1,0,0,0,0,1,0
58,30,75.86123657226562,93994,3,1.0237041704883594,1,249,0,0,1,1,0
46,17,57.81034851074219,93192,4,0.2048394724070192,2,101,1,0,0,1,0
38,20,163.3182830810547,96070,3,3.282140497135388,3,246,0,0,0,1,1
46,21,66.23629760742188,94899,1,2.071055187724516,3,0,0,0,0,0,0
43,28,70.56929016113281,91541,4,1.4815727893044284,2,0,0,0,0,1,0
26,4,63.217227935791016,96027,4,0.6517194006331777,3,364,0,0,0,0,0
49,30,212.4626007080078,92739,4,7.614567839887275,3,0,1,0,1,0,1
33,9,11.204044342041016,94937,4,0.8459487045455675,2,104,0,0,0,0,0
45,17,50.08311462402344,95389,2,2.2836855912585494,2,0,1,0,0,1,0
35,17,128.3367156982422,94128,2,5.169559620835726,1,114,1,0,0,1,0
50,21,33.30738830566406,92698,1,0.9687570496991428,3,0,0,0,0,0,0
52,31,50.331642150878906,94639,1,0.5524678288730231,3,0,0,0,0,1,0
60,36,61.404483795166016,92209,2,1.795081951964005,2,0,1,0,0,0,0
39,17,165.11154174804688,94866,2,2.7812458825473647,3,241,0,0,1,1,1
42,24,77.11473083496094,94523,2,6.636557844487698,1,0,0,0,0,1,0
61,21,77.7308349609375,90162,4,1.554728265813684,2,232,0,0,0,1,0
50,13,57.58380508422852,94454,2,1.7210238181561983,2,0,1,1,0,0,0
39,14,61.48612976074219,91594,4,0.8894579635094895,1,0,0,0,0,0,0
65,40,37.16573333740234,90372,3,1.8359917483576496,2,0,0,0,0,1,0
43,13,29.772987365722656,92581,2,0.2567528767240136,1,0,0,0,0,1,0
26,11,88.72586059570312,94686,3,0.3072856464954122,2,0,0,0,0,0,0
39,9,26.02887344360352,95673,4,0.5755597378878061,2,0,0,0,0,0,0
49,25,140.9799346923828,92079,2,1.3382696708790114,1,0,0,0,0,0,0
49,14,85.12286376953125,94292,1,2.121563232135799,1,0,0,0,0,0,0
55,26,45.71723937988281,92097,3,0.7182592776992736,2,0,0,0,0,0,0
29,3,16.750802993774414,92297,1,1.3813582789772605,3,131,0,0,0,1,0
39,8,35.70692443847656,92142,4,2.184961370780689,2,161,0,0,0,0,0
62,13,50.104034423828125,91642,2,3.4576788720490854,1,0,1,0,0,1,0
35,13,40.55889129638672,91318,3,0.5939010289732845,1,0,1,0,0,1,0
42,12,82.53630828857422,90279,2,2.563869655846887,3,238,0,0,0,1,0
51,17,47.20037460327149,91253,2,0.9519227024019136,2,0,0,0,0,1,0
54,19,49.7662353515625,94681,1,2.0460104788423275,3,0,0,1,0,0,0
47,21,60.50107955932617,94864,1,1.2742647814491526,2,0,0,0,0,0,0
48,18,74.14225769042969,90497,3,2.857193354555005,2,0,0,0,0,0,0
54,33,85.41226959228516,94118,1,1.3464448373143316,2,0,1,0,0,1,0
66,38,35.5806884765625,93196,4,0.7478663547374337,2,0,0,0,0,1,0
35,5,76.88414764404297,94926,2,0.6292564638029138,3,0,0,0,0,1,0
28,0,131.23837280273438,91990,4,1.3320015579380984,2,0,0,1,0,1,0
55,27,47.54251480102539,94330,4,0.832328688239331,2,0,1,0,0,0,0
26,5,42.5738410949707,94199,4,1.5086741238405343,1,0,0,0,0,1,0
47,24,34.25257110595703,92656,4,1.076426876435118,1,0,1,0,0,1,0
42,9,61.26497650146485,92342,1,0.1662642959256352,2,175,1,0,0,1,0
32,2,43.82234954833984,91863,3,3.799284438180053,1,0,0,0,0,0,0
50,31,67.17166137695312,94971,3,4.225086965704499,1,0,0,0,0,1,0
31,3,38.68061065673828,93263,4,0.1522258238286996,3,0,1,0,0,0,0
50,14,42.77228927612305,94811,4,2.801924467618295,3,0,1,0,0,0,0
30,2,83.58406829833984,94381,2,3.234012598846334,2,114,1,0,0,1,0
60,27,116.08328247070312,90029,2,0.4280939191138651,1,0,1,0,1,1,0
54,23,50.90741729736328,90233,4,1.7152750965381929,3,0,0,0,0,0,0
34,8,160.04725646972656,92018,2,0.7918648874410907,1,0,0,0,0,1,0
61,33,35.38588333129883,91407,2,1.5837174587974143,3,0,0,0,0,1,0
40,20,22.101886749267575,95345,3,0.2048000525928004,3,0,0,0,0,1,0
57,38,73.85684204101562,95078,2,0.0878875197985361,1,0,0,0,0,1,0
58,32,52.871673583984375,91056,2,4.026998764482298,2,218,1,0,0,1,0
41,15,95.0859832763672,90442,3,1.0224602609006932,1,155,1,0,0,1,0
67,43,55.86849594116211,92048,3,1.344329052056247,1,0,0,0,0,1,0
36,10,14.707134246826172,94276,2,1.3639321065829677,2,153,0,0,0,0,0
65,41,21.1502742767334,92886,4,0.987319898704501,1,124,1,0,0,0,0
26,2,76.22771453857422,92141,4,1.653620494656246,1,140,0,0,0,0,0
50,30,52.92131423950195,93155,4,3.7750718324642976,1,0,0,0,0,0,0
62,30,101.99199676513672,94370,4,1.9600031395861293,2,0,0,0,0,0,0
52,36,93.59027099609376,90294,4,1.4720709264734066,1,115,0,0,0,0,0
29,8,38.40721893310547,94946,3,0.9434528554453976,1,0,1,0,0,0,0
36,10,46.992958068847656,90273,3,1.654057822521609,2,0,1,1,0,1,0
58,23,41.117713928222656,94153,2,2.277533731420669,2,0,1,0,0,1,0
33,-1,133.96401977539062,92810,2,3.6376937843949473,3,0,1,0,0,0,0
31,4,41.90153503417969,94088,1,2.298271444103408,2,326,0,0,0,0,0
41,17,134.30303955078125,96392,2,1.4722607614059542,3,151,1,0,0,0,0
57,36,33.19580841064453,91480,1,0.6304202112615886,3,0,1,0,0,0,0
47,21,24.11465835571289,91517,3,1.9786375008834192,3,0,1,0,0,1,0
62,29,75.23129272460938,94387,2,2.0166596144582174,3,138,0,0,0,1,0
33,11,77.20378875732422,89812,1,7.997224381054195,3,167,0,0,0,0,1
55,28,106.42668914794922,92723,2,2.647808358271249,1,0,1,0,0,0,0
38,14,20.546281814575195,96009,2,0.4544583182924927,1,0,0,0,0,0,0
51,24,95.374755859375,94329,3,0.6453358043199697,1,0,1,0,0,1,0
36,10,80.04055786132812,91928,4,1.0301245493693036,3,47,1,0,0,1,0
56,37,123.43938446044922,95198,3,3.848033515101754,3,0,0,0,0,1,0
54,17,160.62716674804688,90287,2,4.771955087441075,1,0,0,0,0,1,0
60,35,19.858230590820312,94221,1,0.3715098920064124,2,143,0,1,0,0,0
27,0,75.14741516113281,95014,4,1.545090770919013,3,0,0,0,0,0,0
60,31,58.51457595825195,95436,2,6.090757681051018,1,0,0,0,0,1,0
31,2,83.01403045654297,90069,2,6.005810896469968,1,0,0,0,0,0,0
46,16,29.565296173095703,94441,3,0.4531644879315985,1,0,0,0,0,1,0
66,37,37.47183227539063,94802,3,1.3012169643742355,2,0,0,0,0,1,0
26,1,61.30885314941406,94190,3,1.358732727606734,2,256,0,1,1,1,0
33,20,42.31124114990234,92209,4,1.7218686710300175,2,113,1,0,0,0,0
53,24,61.43330001831055,92919,1,1.8239480457363768,3,0,0,0,0,1,0
54,21,67.54679107666016,94732,1,3.0880269617923384,2,0,1,0,1,1,0
50,17,37.79367065429688,95618,2,0.6909930904713826,3,0,0,0,0,1,0
60,32,26.809415817260746,92627,2,2.125282713252897,2,75,0,0,0,1,0
55,25,33.12294006347656,95379,1,0.9735382249779732,3,0,0,1,0,1,0
64,40,84.69417572021484,92029,1,1.1724340919230225,1,112,0,0,0,1,0
64,39,77.28070831298828,92733,1,1.4079432874751174,3,0,1,0,0,1,0
59,33,164.65335083007812,90040,2,0.7362812077163362,1,0,0,0,0,1,0
56,33,79.20960235595703,91944,2,0.09875151118822,1,0,0,0,0,0,0
41,15,87.04505157470703,94139,3,2.499727091227699,2,0,0,0,0,1,0
54,36,126.5100555419922,94388,3,1.6530098443858878,3,294,0,0,0,1,1
50,28,71.95442199707031,91132,1,0.2397794490935467,1,0,1,0,0,1,0
34,10,83.50641632080078,94144,2,0.7594584532731592,1,0,0,0,0,1,0
62,40,43.72016143798828,89888,1,0.3161125002960728,3,0,0,0,0,0,0
30,12,52.27540588378906,92888,4,0.443875797603155,1,0,0,0,0,0,0
53,26,36.10356140136719,94039,1,0.3913949056687435,2,0,1,0,0,1,0
60,34,40.70219421386719,94801,1,2.5566164668096203,1,0,1,0,0,1,0
62,34,17.011005401611328,92567,2,1.3635875062238327,3,0,1,0,0,0,0
62,39,70.38157653808594,94224,3,0.6321006233658855,1,0,0,0,0,1,0
53,31,38.33058166503906,91775,4,0.6635588725100999,1,0,0,0,0,0,0
62,35,37.24419784545898,91882,2,1.1421696802902512,2,0,1,0,0,1,0
65,42,107.39274597167967,94556,1,0.7950608423624704,1,0,0,0,0,1,0
24,0,96.08710479736328,93040,2,0.6310052490563636,3,0,0,0,0,0,1
56,19,42.28612518310547,95093,3,1.393979254641442,2,0,1,0,0,1,0
28,7,45.78942108154297,94396,4,5.714917228886991,1,0,1,1,1,1,0
58,36,45.21459579467773,95968,4,0.1028937690288573,1,0,1,0,0,0,0
34,3,51.93608856201172,90681,2,1.7563450973790249,3,0,1,0,0,1,0
28,6,134.94830322265625,94195,2,5.400190693751651,1,0,1,0,1,0,1
44,18,82.24392700195312,91014,1,1.6378628196588048,1,0,0,0,0,0,0
58,36,69.67372131347656,95994,3,1.161659014406896,2,0,0,0,0,1,0
50,20,80.8666763305664,92052,1,2.528023668924706,2,0,0,0,0,1,0
36,16,198.38406372070312,94409,2,3.2818279163862822,1,0,0,0,0,0,0
31,3,21.46236038208008,94526,1,1.5662800336877123,3,0,0,0,0,1,0
61,38,20.391786575317383,93390,4,0.1009894469156557,1,0,0,0,0,0,0
49,25,82.11378479003906,95914,1,0.8931373524486469,1,347,0,0,0,0,0
37,12,48.69023513793945,93953,1,0.7027866624453875,2,0,0,0,0,1,0
44,17,57.44961929321289,90191,4,0.2818421625974546,3,0,0,0,0,0,0
57,34,23.765369415283203,95016,1,0.3326477080036208,1,0,0,1,0,1,0
61,39,57.89776992797852,91823,3,0.598995518037214,1,0,0,0,0,1,0
35,4,32.84626007080078,92525,4,1.0303153218840129,2,149,0,0,0,1,0
40,23,158.38726806640625,95553,4,2.7273464273316,2,382,0,0,0,0,1
49,25,88.74958801269531,94553,1,0.6044190530174818,2,0,0,0,0,0,0
36,5,118.55471801757812,89844,1,1.5528052254578366,1,0,0,0,0,1,0
36,14,49.04207992553711,95834,2,1.2511096057726072,2,0,0,1,0,0,0
37,16,80.1313705444336,95028,3,1.6863808522435868,2,234,1,0,0,0,0
38,6,93.51383972167967,92078,2,0.5357183497525045,2,0,0,1,0,0,0
35,5,145.43031311035156,92340,2,4.0149212601708975,2,0,1,0,0,0,1
57,34,78.16307830810547,91754,1,4.482787550761109,1,0,0,0,0,1,0
44,16,42.01944732666016,94382,1,2.1021380882332568,2,0,0,0,0,1,0
34,8,59.26716613769531,94101,1,2.798933527216839,3,0,0,0,0,1,0
44,10,103.49195861816406,94150,2,1.5748801752180146,1,148,0,0,0,0,0
37,5,85.8093490600586,95498,4,2.591799645518698,3,0,0,0,0,1,0
52,11,56.64453125,95809,3,1.721197829347987,3,0,1,0,0,0,0
49,23,146.661865234375,90074,2,2.898350377561867,1,0,0,0,0,1,0
56,32,59.79960250854492,92732,4,2.656588480799324,2,0,1,0,0,1,0
38,8,75.65934753417969,94838,1,2.565924848377894,3,0,0,0,0,1,0
48,26,19.39553642272949,92696,2,1.4891540971185224,2,0,1,0,0,1,0
41,17,30.77781867980957,95241,4,2.096186861512184,1,220,0,0,0,1,0
63,40,41.0073471069336,94467,2,2.306528464364249,1,0,1,0,0,1,0
62,33,60.37069320678711,93094,1,0.4976304713959304,3,0,1,0,0,0,0
33,11,87.42589569091797,91443,1,1.4744218073084832,1,0,0,0,0,1,0
47,22,137.4215545654297,90063,1,2.9794634122366537,3,0,0,0,0,1,1
53,28,49.605690002441406,94440,2,0.6424750072208572,1,216,0,0,0,0,0
31,3,170.8210906982422,89957,1,4.779656266421932,3,383,0,0,0,1,1
55,26,187.376953125,95702,2,1.4836449887616403,2,0,0,0,0,0,1
58,28,77.93832397460938,90069,4,4.444390022935496,2,0,0,1,0,0,0
62,40,28.809389114379883,94559,3,2.08274057997758,2,0,0,1,0,0,0
60,35,50.8129997253418,95373,2,2.2142214529123345,2,0,1,0,0,1,0
61,35,153.0570831298828,91192,4,2.4140217919105926,3,265,1,0,0,1,1
30,4,20.22552490234375,92483,2,0.2516305932553085,1,0,0,0,0,1,0
50,9,14.278532028198242,92485,4,0.4854470494615094,2,0,0,0,0,1,0
60,36,30.700164794921875,91436,4,0.7505471772799802,1,0,0,0,0,0,0
61,31,49.84492111206055,90559,3,0.1920929553247882,2,0,0,0,0,1,0
60,36,58.47793197631836,90235,3,0.7376462568532208,2,0,0,0,0,1,0
38,11,24.388578414916992,96153,4,0.6664705461051191,1,224,0,0,0,0,0
51,31,16.14745330810547,90567,1,1.184097801012603,3,0,1,0,0,1,0
29,2,57.91339492797852,95341,3,0.3444181378794284,2,0,0,0,0,0,0
32,11,146.61695861816406,92081,3,2.3982067864321306,1,0,0,0,0,0,0
30,5,54.94788360595703,92211,4,0.4981611052076853,1,126,0,0,0,1,0
47,23,57.52457427978516,94260,4,1.2055409867927054,3,0,0,0,0,0,0
44,13,78.8858413696289,96058,1,0.1396059774066697,3,0,0,0,0,0,1
41,19,59.93172836303711,92048,2,2.8071996007603457,2,0,0,1,0,1,0
52,31,99.14273834228516,94546,4,2.67767785787866,3,0,0,0,0,0,0
41,20,16.71347427368164,92777,1,2.124050859388628,3,0,0,0,0,1,0
62,31,19.451251983642575,94292,2,2.2450273914840007,3,0,1,1,1,1,0
42,10,166.54844665527344,92371,2,4.9625628020047,3,0,1,1,1,1,1
33,5,38.766361236572266,93321,4,1.599834794266633,2,0,0,0,0,1,0
27,2,74.4251480102539,96356,2,4.772561407448532,1,0,0,0,0,0,0
45,24,53.68513107299805,89953,2,2.1855358510680976,1,0,1,0,0,0,0
50,17,129.11114501953125,93173,2,2.187020894575394,3,0,0,0,0,0,0
57,35,195.714599609375,94696,2,4.00782636682276,1,0,0,0,0,1,0
35,9,114.76937103271484,95683,1,1.9038564128945408,2,210,1,0,0,1,0
60,36,80.21163177490234,92795,2,4.159061648914189,1,0,0,0,0,0,0
46,27,120.40196990966795,91921,1,1.7250175064559468,1,0,0,1,0,0,0
50,25,154.24842834472656,91058,1,6.350571106427345,1,0,1,0,0,0,0
62,37,10.512317657470703,95055,1,0.2205671646946658,1,106,0,0,0,1,0
32,2,17.0378360748291,91367,1,0.5141458040549987,3,0,0,0,0,0,0
43,21,72.93075561523438,94274,4,1.5142272826940228,3,0,1,0,0,0,0
29,4,206.2963104248047,95831,1,5.264767968239336,1,377,0,0,0,1,0
48,13,14.311394691467283,93192,2,0.5738485421705792,3,144,1,0,0,1,0
62,38,74.5926513671875,92827,1,1.052675451409541,3,0,0,0,0,1,0
33,9,75.16410827636719,94653,2,1.4959791874875008,3,0,0,0,0,0,0
39,25,127.55570220947266,90311,3,0.1447785890307165,2,0,0,0,0,0,1
39,20,64.41007232666016,91327,2,2.2181615370629646,2,0,1,0,0,1,0
32,10,99.31610107421876,95135,1,0.9803683735993634,1,0,0,1,0,1,0
61,38,32.243499755859375,94634,4,0.9423650455572192,1,0,0,0,0,1,0
34,14,29.21159172058105,93966,2,1.040828436065351,2,138,0,0,0,1,0
33,6,36.85115814208984,93144,4,1.2421775119051766,1,372,0,0,0,1,0
37,20,43.2169189453125,92986,2,1.906557066923076,2,0,0,1,0,0,0
65,41,30.64114761352539,92169,3,0.6682503291638276,2,0,0,0,0,1,0
66,41,17.046424865722656,94403,3,0.443275086760521,1,101,0,1,0,1,0
28,2,106.05657196044922,94211,2,5.21215039925801,3,0,1,0,0,1,0
57,40,55.46408081054688,93960,3,1.8184035295407883,1,0,0,0,0,0,0
64,37,88.38850402832031,94597,2,0.793943275067476,1,0,0,0,0,0,0
28,3,66.73892211914062,90949,4,2.248332568467644,3,0,1,0,0,0,0
63,43,92.58900451660156,95051,3,1.8844690458207876,2,107,0,0,0,1,1
27,5,34.592323303222656,94627,4,1.41764722459618,1,0,0,0,0,0,0
53,32,139.2613983154297,95205,2,2.868634322658842,1,0,1,0,1,1,0
42,16,70.5323486328125,94318,3,1.6955321769098324,3,184,0,0,0,1,0
66,40,105.5406494140625,90606,1,0.2849811969623568,2,0,0,0,0,1,1
51,30,48.85622787475586,93143,2,0.8030418647822501,2,0,0,0,0,0,0
31,7,123.336181640625,93246,1,2.135919631513894,1,0,0,1,0,1,0
58,32,88.02835845947266,94196,3,0.3312259739643847,1,284,0,0,0,1,0
24,4,88.3566665649414,90528,2,2.16575617030734,2,160,0,0,0,1,0
60,39,19.08572196960449,89860,3,0.8629072636749182,3,0,0,0,0,1,0
44,27,82.58736419677734,93980,2,5.682759770609479,1,130,1,0,0,1,0
26,-2,53.4473876953125,90235,3,0.8800481533847262,3,0,0,0,0,0,0
43,17,57.03617858886719,91150,2,1.3972528081835416,3,0,0,0,0,0,0
56,29,136.47000122070312,90438,2,1.2768195861801743,1,0,0,1,0,1,0
44,20,75.8803939819336,95415,2,4.4879703845282855,1,189,0,0,0,0,0
46,29,41.318302154541016,95195,1,1.5558121233654083,2,0,0,0,0,1,0
53,34,29.89366912841797,91747,1,1.4524760148661608,3,0,1,0,0,1,0
28,3,56.2518196105957,95081,4,3.379252294215978,1,0,0,0,0,0,0
36,24,132.59677124023438,94550,1,2.983495145404276,1,0,0,0,0,1,0
45,4,50.71562194824219,96138,4,4.248948264044897,1,0,1,0,0,1,0
40,20,22.68539047241211,94722,3,0.3316863769166338,1,192,1,0,0,0,0
28,1,168.70761108398438,92035,2,5.435865321380291,1,0,0,1,0,1,0
28,10,38.8882064819336,91597,2,0.4060093939689606,1,0,0,0,0,1,0
33,10,90.32721710205078,95266,1,0.5940117673748613,2,0,1,0,1,1,0
43,12,21.06404685974121,90736,4,1.4890502124495135,3,0,1,0,0,0,0
45,16,36.499420166015625,91126,4,1.8177015647483192,1,0,1,0,0,0,0
34,8,75.37702941894531,91797,3,0.6347447134136528,1,0,1,0,1,1,0
52,31,42.79497528076172,90131,4,0.3481745667907039,1,109,1,0,0,0,0
52,14,102.1041259765625,94855,1,3.897018783223481,1,125,0,0,0,0,0
30,11,61.237422943115234,91176,4,1.0090273824178098,1,226,1,0,0,1,0
46,37,72.51190948486328,94251,2,3.145628069384654,3,217,1,0,0,1,0
59,34,150.52920532226562,93092,2,1.1393320297955258,3,0,0,0,0,1,1
58,32,138.2964324951172,95431,2,0.4591866899536476,1,340,0,0,0,0,0
61,37,27.586410522460938,92418,3,0.3729466214751494,2,0,1,1,0,0,0
63,37,31.49493408203125,92822,2,0.2141844235676965,2,0,0,0,0,1,0
33,5,29.42790985107422,94273,4,0.7141142472059575,2,0,0,0,0,1,0
39,17,84.00929260253906,93928,3,0.8102743044785016,1,0,1,0,0,0,0
38,3,67.5853271484375,94781,4,2.369857897427737,1,0,1,0,0,0,0
55,25,148.27032470703125,95583,1,5.141867118127129,1,0,1,0,0,0,0
55,22,96.40123748779295,96297,1,2.3429169276915136,1,0,0,0,0,0,0
40,15,41.65319442749024,96093,4,1.0351585105789138,1,319,1,0,0,0,0
30,2,35.17321014404297,93169,4,0.5928596952251064,2,0,0,0,0,1,0
47,28,70.38372802734375,95744,4,0.8972019181807355,2,0,0,1,0,1,0
38,14,51.54201889038086,95173,2,0.6775498564992354,2,0,0,0,0,1,0
55,25,89.51456451416016,95444,1,0.5263722114324925,1,0,1,0,0,0,0
59,28,93.1509017944336,89996,1,2.5696244857604107,3,0,0,1,1,1,0
48,27,25.05120086669922,94987,4,0.502720625617448,2,0,1,0,0,1,0
31,5,42.61557388305664,93123,3,0.1999963968839618,1,0,1,0,0,0,0
42,12,98.2658233642578,94124,3,3.153627016984041,2,0,0,0,0,1,0
24,3,31.125871658325195,93855,1,0.4455445382872624,3,125,1,0,0,1,0
64,41,43.100711822509766,92882,1,0.7084622310162407,3,0,0,0,0,1,0
63,41,28.297822952270508,94538,1,1.6414316197840917,1,87,0,0,0,0,0
26,6,55.5336799621582,90733,4,1.8369172486583007,3,301,0,0,0,1,0
38,15,80.28965759277344,95646,3,1.3328306688071403,1,0,0,0,0,0,0
31,10,31.23898696899414,95655,1,1.1886584875147217,1,0,1,1,0,1,0
43,14,44.76508331298828,91265,3,2.3654674887466216,2,107,1,0,0,1,0
62,33,15.293282508850098,93315,1,0.3912945200021322,3,76,1,0,0,1,0
53,10,11.10824489593506,94763,4,0.7131624292693582,3,0,0,0,0,1,0
29,1,17.242612838745117,95684,3,0.9834986610666204,3,0,1,0,0,1,0
33,8,181.90216064453125,94483,2,2.5891346241347333,1,0,0,0,0,0,0
37,16,91.24394989013672,92107,4,1.8353921322427456,1,0,1,0,0,0,0
51,29,105.25992584228516,90291,1,1.6173591687710982,1,0,0,0,0,1,0
60,37,67.2161865234375,91055,3,0.781265705642277,3,0,1,0,0,0,0
45,22,109.2096710205078,90172,2,1.3663843492807124,1,0,0,0,0,1,0
52,24,128.61602783203125,95727,1,1.791238410882702,2,0,0,0,0,0,0
39,7,152.96934509277344,92186,2,0.4328187742689208,1,0,1,0,0,0,0
38,19,61.75978469848633,93819,3,0.2905848735283102,2,0,0,0,0,1,0
49,18,46.92804336547852,94280,3,2.827598057076223,3,0,0,0,0,1,0
27,2,70.59622192382812,92972,2,0.4879172206806008,1,0,1,0,0,1,0
57,32,75.74954986572266,92346,1,0.9973079941731304,3,235,0,0,0,1,0
39,15,49.36089324951172,95719,2,1.365420912019753,3,162,0,0,0,1,0
49,31,79.59406280517578,94603,1,3.38778770007765,1,0,1,0,0,1,0
60,40,15.796196937561035,96310,4,0.0999053075942214,2,141,1,0,1,1,0
36,18,65.20973205566406,94396,2,0.110846614700807,1,0,0,0,0,1,0
29,3,126.26471710205078,90333,2,2.649621482610928,3,0,0,0,0,0,0
43,15,52.79679107666016,90317,4,0.2947582548861079,2,0,0,1,0,1,0
66,35,62.49818420410156,91858,2,1.2057807491689738,3,201,0,0,0,1,0
49,29,85.48385620117188,91585,3,0.8463572304447932,1,0,0,0,0,0,0
33,4,30.33022117614746,92005,4,0.0864951335505188,1,0,0,0,0,0,0
43,21,76.50218200683594,91292,1,2.896872308748085,1,0,0,1,0,0,0
34,13,43.20993423461914,92383,3,0.3304976941078233,2,0,0,0,0,1,0
54,25,115.37832641601562,91887,2,1.4108115969539603,1,0,1,0,0,0,0
61,34,54.6235466003418,94802,1,1.5010830125040189,3,120,0,0,0,1,0
43,14,16.82299041748047,92748,4,0.143910102728949,2,0,0,0,0,1,0
43,19,67.3501968383789,90067,2,1.6083202471481164,3,0,1,0,0,0,0
42,16,50.81021118164063,91889,3,1.547166347400498,3,0,0,0,0,0,0
42,14,36.93256759643555,94581,2,2.529529707760034,1,0,0,0,0,1,0
46,18,19.99755859375,92893,4,1.364059645683703,3,154,1,0,0,0,0
32,8,140.19827270507812,91857,1,3.297983972035614,1,0,0,0,0,0,0
57,24,139.73207092285156,94400,1,4.853712002325959,1,0,1,0,0,1,0
32,5,47.24613571166992,92969,2,1.3610763647404371,1,0,1,1,1,0,0
34,11,86.61053466796875,94292,4,2.1947786068185664,1,0,0,0,0,1,0
60,28,53.30270385742188,90361,3,0.2131295993256062,2,0,0,0,0,0,0
40,4,102.58995819091795,94372,1,1.9861001778720768,2,0,1,0,0,0,0
56,19,63.7036247253418,91369,4,0.445891160608221,1,0,0,0,0,1,0
35,22,158.34608459472656,95535,2,4.2235229212888985,2,0,0,1,0,0,1
39,21,34.378395080566406,94781,2,0.454204145353717,1,0,0,0,0,0,0
56,35,76.71920013427734,94112,2,2.3481036160576885,1,0,0,0,0,0,0
40,13,41.26267623901367,94666,4,1.6894818761181658,1,0,1,0,0,1,0
53,36,64.7120590209961,94332,1,2.020093135427664,2,0,0,0,0,0,0
36,12,30.664690017700195,92423,3,1.9532964699028943,2,272,0,0,0,0,0
56,34,134.20855712890625,91161,2,0.3312414381541882,1,0,1,0,0,0,0
60,30,40.44565963745117,90643,4,0.4308995184008912,2,0,1,0,0,0,0
57,36,102.9135284423828,94811,2,5.018814915725785,1,374,0,0,0,0,0
47,34,96.19171905517578,94688,3,1.05279312949892,3,0,0,0,0,1,0
58,20,53.15179443359375,95067,4,1.5101664137474629,2,0,0,1,0,1,0
46,9,80.67253875732422,91427,2,0.663765548687669,1,309,1,0,1,1,0
44,17,200.78195190429688,90145,1,5.707063596603848,1,0,0,0,0,1,0
46,5,82.65118408203125,93963,2,1.1311932553438735,1,225,0,0,0,1,0
48,18,154.46116638183594,90009,1,5.755997031235823,1,0,0,0,0,1,0
66,40,89.62117767333984,93486,2,0.5234634842780315,3,556,0,0,0,0,0
51,23,123.17584991455078,93087,1,2.424276804705084,3,0,0,0,0,1,1
39,15,80.8029556274414,95178,3,0.609757522894802,3,307,0,0,0,0,0
50,21,56.08433151245117,90237,2,1.7440225668462797,2,0,0,0,0,1,0
42,18,186.14453125,95408,2,2.382054854136571,1,0,0,0,0,1,0
33,15,125.9725112915039,93011,1,1.6191927868824034,1,124,1,0,0,1,0
41,18,119.6626205444336,91673,1,1.4826695765357534,1,0,0,0,0,1,0
29,2,106.77710723876952,92366,1,1.7009499481262056,1,402,0,0,0,0,1
39,10,32.55268859863281,92302,2,0.314442329885141,1,0,0,0,0,1,0
28,5,33.586753845214844,94458,4,2.7020664293858934,3,0,1,0,0,1,0
24,20,60.690162658691406,90596,4,1.8703360598971448,2,155,0,0,0,0,0
49,24,86.70063781738281,92967,2,1.9755079629707435,1,0,1,0,0,0,0
23,5,24.900466918945312,94114,4,1.9682173725435428,1,0,0,0,0,1,0
54,28,187.68145751953125,91770,1,6.096282345865189,1,0,0,0,0,1,0
26,6,9.623043060302734,94130,1,0.1955030004464267,1,107,0,0,0,0,0
39,9,180.80694580078125,95095,2,7.957756358598985,1,0,1,0,0,1,0
36,15,105.75060272216795,95109,2,0.9623115026609972,1,0,0,0,0,1,0
50,22,44.14655685424805,94294,3,1.3151732558917215,1,222,0,0,0,1,0
54,31,85.92807006835938,94593,3,1.8749272693619417,2,252,0,0,0,1,0
50,18,44.74443435668945,92858,2,2.338175667445835,3,118,0,0,0,0,0
38,13,49.754302978515625,90073,3,0.3803912028509352,3,102,0,0,0,1,0
24,1,92.16187286376952,94688,2,1.7197473312267846,2,0,0,0,0,1,0
43,14,106.32010650634766,94705,3,0.5091437413175093,1,0,0,1,0,0,0
65,38,13.105514526367188,91117,4,0.6866701284438858,1,85,0,0,0,1,0
44,24,47.71988296508789,93699,4,1.872920412720974,3,0,0,0,0,0,0
63,40,43.61331558227539,95369,2,1.039005365617307,3,0,1,0,0,0,0
66,37,106.08721160888672,90171,4,4.410157991307899,1,0,0,0,0,1,0
63,37,160.1085662841797,92825,3,3.3432352698075727,1,215,1,0,1,1,1
25,2,185.1261444091797,93916,2,6.9778072411975085,2,349,0,0,0,0,1
56,34,45.447227478027344,91022,3,0.508023795544044,3,0,1,0,0,1,0
46,30,174.18492126464844,90498,2,5.476754272514925,1,323,0,0,0,1,0
40,6,51.40458297729492,89872,4,0.9391688889528604,1,0,0,0,0,1,0
55,35,27.41978073120117,94652,1,0.4704840713642527,2,103,0,1,1,1,0
39,4,20.567846298217773,94435,2,0.8786045590059701,2,131,0,0,0,1,0
31,9,60.81975936889648,95214,4,4.823246151174527,1,0,0,0,0,0,0
41,14,32.040916442871094,92191,1,0.3709424368449807,2,0,0,0,0,1,0
29,3,72.38556671142578,92540,1,0.8132219545891443,3,0,0,0,0,0,0
50,30,51.34842300415039,94791,1,0.1277732341510826,3,0,0,0,0,1,0
54,36,61.27154922485352,93758,2,0.1386291110374596,1,0,0,0,0,1,0
56,29,47.73609161376953,95144,2,0.2153586519951104,3,0,1,0,0,0,0
47,24,18.28841781616211,92036,1,0.4068843202419824,1,149,0,0,0,1,0
60,30,34.62655258178711,91888,1,0.8336252792997045,2,0,0,0,0,1,0
57,26,77.73002624511719,93327,2,3.7834849624243474,3,0,1,0,0,1,1
63,33,68.457275390625,90240,2,0.9260187815462972,3,151,0,0,0,0,0
48,25,152.8128662109375,94453,1,4.895706266364148,1,0,1,0,0,0,0
45,19,41.01507186889648,95334,3,0.5087097120338485,2,0,1,0,0,1,0
65,40,50.47532653808594,90694,3,0.755247281239757,2,101,0,0,0,1,0
28,4,22.944164276123047,94527,4,0.6374576777224363,2,155,0,0,0,1,0
39,12,146.7141876220703,95563,3,1.9801269307772191,2,0,0,0,0,1,1
49,25,152.39376831054688,90678,1,3.459403992655953,2,0,0,1,1,1,1
35,4,72.2237777709961,91006,2,1.340302603180351,3,0,0,0,0,0,0
39,10,48.24269485473633,95070,3,1.064811863493833,2,0,1,0,1,1,0
54,27,32.62726211547852,94441,2,1.1781925379874445,3,109,1,0,0,1,0
32,7,31.1440372467041,93920,3,0.7939082267565345,3,0,1,0,0,1,0
51,20,127.8367691040039,92975,1,1.7786501443010525,1,0,0,0,0,0,0
34,5,52.2530517578125,95265,1,1.7780175587413294,3,0,0,0,0,1,0
61,38,52.98722457885742,91861,2,2.7389696228499187,1,0,0,0,0,1,0
39,9,13.951072692871094,95962,1,1.276693694093104,3,0,0,0,0,1,0
59,26,148.54638671875,91578,2,3.01481291089374,1,0,0,0,0,0,0
43,20,66.17048645019531,95115,3,1.6280041766093345,2,150,1,0,0,1,0
41,19,131.49061584472656,95315,2,5.464975612276789,1,0,1,0,0,0,0
28,3,37.400386810302734,94658,4,1.5617629239568829,1,0,0,0,0,1,0
57,24,47.72195053100586,94288,1,1.7115772191446077,2,91,0,0,0,1,0
34,19,140.97396850585938,95268,1,3.329408491067623,1,350,0,0,0,1,0
27,-3,45.9251823425293,92996,3,2.070625896625545,2,86,0,0,0,1,0
53,22,19.06600570678711,90146,2,0.708667884792631,3,0,0,0,0,0,0
64,33,55.95357131958008,92989,1,2.911104802651414,3,0,0,1,0,1,0
54,18,37.94547271728516,94498,3,0.2802134410925867,1,0,0,0,0,0,0
44,27,80.04045104980469,95104,2,1.8718829571957043,1,0,0,0,0,1,0
63,34,52.85877227783203,92830,4,0.7452801555624284,1,0,0,0,0,1,0
29,3,41.33985900878906,95776,4,1.3606895510870909,1,0,0,0,0,1,0
63,31,122.9281997680664,92512,2,4.65132442429479,1,0,0,0,0,0,0
29,6,78.38248443603516,94631,2,1.9690665980848236,1,0,1,0,0,0,0
27,4,129.88986206054688,94214,2,0.686629301432305,1,129,0,0,0,0,0
32,7,99.67214965820312,94402,1,3.5280010060776967,1,0,0,0,0,1,0
65,33,30.99104118347168,95519,4,1.1297223343559968,1,0,1,0,0,1,0
31,7,57.86296463012695,91406,1,2.3841944507538537,1,0,0,0,0,0,0
49,16,13.452020645141602,92469,2,1.733554723701685,3,0,0,0,0,1,0
53,19,128.6697540283203,93935,2,1.4285504688818924,3,0,0,0,1,1,1
24,0,41.74109649658203,94745,4,0.2747910235724948,2,0,0,0,0,0,0
32,4,59.0501708984375,94074,4,1.0810950173395857,2,0,1,1,0,0,0
45,20,92.00076293945312,94932,1,2.4752358940871604,1,97,0,0,0,0,0
59,29,61.71230316162109,91480,2,0.0544214456023153,2,0,0,0,0,0,0
30,19,78.35131072998047,92953,4,1.859440946041767,3,0,0,0,0,0,0
28,5,85.95565795898438,96630,4,3.665967188698702,1,325,1,0,0,1,0
32,7,62.57661437988281,95833,1,0.543932787479776,3,133,0,0,0,1,0
29,6,101.57962036132812,95105,1,5.700065341291444,2,0,1,0,0,1,0
56,26,134.72189331054688,92485,1,1.538982494757506,2,0,0,0,0,1,0
40,21,175.46017456054688,94352,4,6.218760817143754,2,0,0,1,0,0,1
62,38,52.37051773071289,92656,2,0.0089501656492446,3,151,0,0,0,0,0
30,10,23.902877807617188,94409,3,2.915609681321836,2,0,0,0,0,1,0
34,22,99.45799255371094,91936,1,1.6299814370613008,2,0,0,0,0,1,0
36,14,62.71286010742188,94129,3,2.009408644405037,1,0,1,0,0,0,0
54,28,94.04241180419922,92795,1,2.391260381495273,3,0,0,0,0,1,0
44,32,46.63856887817383,94508,4,0.8424522247634195,1,0,0,0,0,1,0
48,25,31.95782852172852,90269,1,0.3682077320065894,3,0,0,0,0,1,0
54,32,28.38943862915039,96513,2,1.9174296103739228,2,178,1,0,0,0,0
53,24,61.90892028808594,92120,1,0.1303115485177188,3,235,0,0,0,0,0
30,11,43.85622024536133,95726,3,2.8516012291205004,2,190,0,0,0,1,0
54,31,77.71086883544922,94578,4,2.564087447968005,1,0,0,0,0,0,0
45,27,113.2551498413086,94525,2,2.716509954930629,1,241,0,0,0,0,0
53,26,58.71298599243164,90030,1,3.800029827527509,3,0,0,1,1,0,0
49,34,50.53163146972656,92108,3,1.0110835807406546,1,0,1,0,0,1,0
50,11,28.82502555847168,90534,4,1.5877572460751497,1,0,0,0,0,1,0
40,14,48.9670524597168,91217,4,1.2595501949424874,2,0,0,0,0,0,0
55,31,37.10855102539063,92720,1,0.1088149801256636,1,0,0,0,0,0,0
47,20,57.0322265625,93896,4,0.7308409219849755,3,0,0,0,0,0,0
43,17,90.44314575195312,95329,3,0.1332432690223416,1,0,0,0,0,0,0
63,38,130.22799682617188,89872,4,7.425108390621723,1,0,0,0,0,1,0
35,10,30.047378540039062,91579,3,0.8075403237422524,3,0,0,0,0,1,0
24,2,34.76244354248047,94943,2,1.4929002896861043,2,0,0,0,0,1,0
32,7,44.28213882446289,89963,2,0.6483197284042668,3,0,0,0,0,1,0
51,28,86.72378540039062,93854,1,0.0967634709029132,1,0,0,0,0,1,0
46,17,57.05559158325195,91229,4,0.6240610264466226,3,0,0,0,0,1,0
35,6,118.08177185058594,90846,1,1.2056219872174907,3,235,1,0,0,0,0
34,18,33.76542663574219,91203,4,2.1668839506609943,3,145,1,0,0,1,0
44,15,57.73736572265625,95541,2,0.9181989614504762,2,0,1,0,0,0,0
49,28,127.87884521484376,94047,4,1.4380456874902752,3,212,0,1,1,1,0
57,31,51.3553352355957,95714,2,0.3137434829408293,2,0,0,0,0,1,0
62,34,128.70542907714844,90307,1,0.3324590630087538,2,0,0,0,1,1,1
59,39,36.2347526550293,95208,3,0.6596660871805913,2,0,0,0,0,1,0
64,37,149.5635223388672,95224,1,3.232079561326005,1,572,0,0,0,1,0
33,14,63.905067443847656,94654,1,1.2101530207721298,3,0,0,1,0,0,0
60,36,53.7817497253418,92164,3,2.1970802330482826,2,0,0,0,0,0,0
27,2,52.207950592041016,91082,1,0.2602369179955476,3,0,1,0,0,1,0
51,20,46.88198471069336,93042,1,0.6414814554216374,3,183,0,0,0,0,0
45,23,48.56401062011719,90287,2,0.7049745717871682,3,0,0,0,0,0,0
64,40,47.87644958496094,94033,4,1.7041534686100823,2,0,1,0,0,1,0
35,12,57.91477966308594,94391,2,1.5106400144367482,3,364,1,0,0,0,0
44,20,54.86260223388672,91941,1,0.7378324484207086,2,216,0,0,0,0,0
34,1,111.37744140625,94636,1,2.5715633829981277,1,0,0,0,0,1,0
60,34,41.65437316894531,94393,3,1.3582318131676143,1,161,1,0,0,0,0
64,41,42.77814483642578,90355,1,1.6923505395374785,3,166,0,0,0,1,0
27,4,113.7018585205078,90862,2,3.3526174961919635,1,100,0,1,0,1,0
43,18,106.84812927246094,94647,1,2.3112866411297275,1,0,1,1,1,1,0
43,14,28.04855728149414,93948,1,1.0902331595998738,3,0,0,0,0,0,0
29,3,26.02914428710937,91361,3,0.5935465069657703,2,0,1,0,0,1,0
32,4,93.14395141601562,94328,1,1.860688523733673,1,0,1,0,0,1,0
43,22,55.8591423034668,94537,4,1.8830148353026308,1,0,0,0,0,0,0
32,3,166.41311645507812,91925,2,5.074876389054002,1,113,0,0,0,0,0
53,30,153.9855499267578,90100,3,1.5460598033148267,1,0,1,0,0,1,0
56,33,41.99703979492188,95629,3,0.0231231681282209,1,0,1,0,0,1,0
59,41,65.1588134765625,92862,2,0.4751535968081564,2,233,0,0,0,0,0
27,15,96.86792755126952,92272,4,1.3001139484812922,1,0,0,0,0,0,0
29,11,35.24650573730469,95015,1,0.0399240713892216,1,99,0,0,0,1,0
38,14,55.46118927001953,94889,4,0.3825492107658843,3,0,0,0,0,0,0
42,21,169.4801788330078,94452,1,0.2949851299648736,3,280,0,0,0,0,1
36,13,50.24153518676758,92201,4,2.1168352743720185,2,0,0,0,0,0,0
58,27,138.98143005371094,96208,2,0.6588755119420224,1,406,0,0,0,1,0
33,8,37.01390838623047,94506,4,2.2088019406543618,2,0,0,0,0,1,0
58,39,35.16966247558594,92857,2,0.1483959121710165,1,0,1,0,0,0,0
50,21,139.03994750976562,95383,4,2.1224682443892844,2,0,1,0,1,1,0
35,7,75.96631622314453,95663,3,2.0039982738925888,1,0,0,0,0,0,0
27,0,44.81657028198242,94521,1,2.0797633687565,1,0,0,0,0,1,0
36,24,156.56869506835938,91516,1,1.8482158918354408,2,0,1,0,0,1,1
54,27,24.291406631469727,91984,2,1.2021753841474054,3,0,0,0,0,1,0
25,8,43.5728645324707,93942,4,1.8998605890429097,2,0,0,0,0,1,0
56,34,176.4241485595703,92289,2,6.903025611152994,1,0,1,0,0,1,0
48,19,19.666173934936523,91734,2,0.4325189935175376,2,100,1,0,0,1,0
30,3,46.41362380981445,94642,2,1.833973765557248,3,103,0,0,0,0,0
27,5,15.044944763183594,96418,2,0.2199466652197561,1,106,0,0,0,0,0
57,20,139.4923095703125,94797,3,2.128061097360415,1,251,0,0,0,1,0
39,11,46.850833892822266,96142,1,1.6787178935525018,2,0,0,0,0,1,0
34,16,104.73474884033205,91861,2,1.363955910884378,1,0,0,0,0,0,0
35,9,194.7256774902344,94021,1,8.31137699146917,1,0,0,0,0,1,0
43,25,41.993690490722656,91826,1,1.9154971827435203,1,0,0,0,0,1,0
52,28,64.13536071777344,92954,4,0.1864345024682359,1,0,0,0,0,0,0
32,4,200.68441772460935,91268,1,2.147809207783145,1,0,0,0,0,0,0
46,21,55.56816864013672,91965,4,1.449978811263339,3,0,0,0,0,1,0
63,31,142.87631225585938,95178,1,3.7202505653044846,1,0,0,0,0,1,0
46,26,48.64646911621094,95260,4,1.113728341636373,2,0,0,0,0,1,0
51,33,49.219947814941406,91149,2,2.0449081264873645,3,0,0,0,0,1,0
34,4,122.39535522460938,91689,3,0.0859122048257989,2,0,0,0,0,0,1
60,42,91.29898071289062,91038,3,1.5547700794554056,3,0,0,0,0,1,0
43,20,112.22357940673828,95621,1,0.128860395245819,1,0,1,0,0,1,0
49,30,44.25843811035156,96262,2,0.0722854660204848,3,388,0,0,0,1,0
32,8,72.01551818847656,94593,2,1.4257516525408451,2,207,1,0,0,0,0
49,20,161.9849395751953,94206,3,6.151244776305193,3,0,0,0,0,1,1
61,38,131.16915893554688,90441,1,2.313804878673152,1,0,1,0,0,1,0
46,19,34.922447204589844,94473,3,0.982315719674564,2,0,0,0,0,0,0
41,13,88.8849868774414,92682,2,4.807424977972317,1,224,0,1,0,0,1
60,34,80.0882797241211,92039,1,0.1359033021954705,1,0,0,0,0,0,0
52,17,64.54702758789062,95016,1,5.685647899863105,3,0,0,0,0,1,0
51,36,55.12124633789063,91634,3,0.0480580424185285,3,0,1,0,1,1,0
28,2,42.11280822753906,94903,4,1.9588645690703488,2,0,0,0,0,1,0
28,10,134.14950561523438,96187,1,1.7170440466616,1,0,1,0,0,1,0
56,31,69.18772888183594,93347,3,0.7064274226288842,3,0,1,0,0,1,0
45,10,25.79048156738281,91586,3,1.4853861234902588,2,0,0,0,0,0,0
33,5,31.611371994018555,94747,1,0.5425095028389348,3,0,0,0,0,1,0
53,22,212.98069763183597,92514,2,4.95886932341881,1,0,0,0,0,1,0
31,2,46.26471710205078,94010,2,1.1002385214598576,1,0,1,0,0,1,0
51,19,29.70665740966797,94339,2,0.994931592442994,1,0,0,0,0,0,0
38,13,98.3748779296875,94051,1,0.672361072061993,3,205,1,0,0,0,0
40,17,144.14869689941406,92868,2,2.6537939707557845,1,0,1,0,0,1,0
64,38,48.04844284057617,93990,1,1.4950504950148535,2,0,0,0,0,1,0
46,25,188.3237762451172,91743,2,5.657899153217317,1,385,0,0,0,1,0
56,32,72.12518310546875,94183,2,0.5491822653974112,1,89,1,0,0,1,0
25,1,23.2495174407959,94534,2,1.8160710575257,1,0,1,0,0,1,0
46,16,55.33707809448242,94646,2,1.7623393352004595,3,0,0,0,0,1,0
35,7,98.1042022705078,90864,4,1.4386400206988328,3,0,0,0,0,0,0
46,17,29.01562118530273,92288,3,0.0976631387791858,2,0,0,0,0,0,0
27,4,105.94583892822266,91064,2,1.4863167143122316,1,254,0,0,0,1,0
24,1,104.11832427978516,94806,3,2.762668421778829,2,0,0,0,0,0,1
43,18,77.67194366455078,91514,2,1.5931050751081504,1,112,0,0,0,0,0
54,20,146.39849853515625,91625,2,2.6943105187240715,1,0,1,0,0,1,0
63,39,60.28681564331055,91275,4,1.616345893204379,2,0,0,0,0,1,0
45,18,145.49652099609375,95396,2,9.509143452619384,1,0,1,0,0,1,0
33,10,57.544715881347656,95077,1,1.1629071790883962,1,168,0,0,0,0,0
48,17,113.58136749267578,95572,1,4.3932756979583525,1,0,1,0,0,0,0
31,5,58.77388000488281,92338,4,0.8277626475557944,2,240,0,0,0,1,0
49,25,45.31874847412109,95904,2,1.86649278021598,3,0,0,1,0,0,0
34,17,170.07394409179688,90512,1,5.570021842726427,1,0,0,0,0,1,0
65,38,63.90323257446289,90137,1,0.0911819039420602,3,0,0,0,0,0,0
58,35,150.8846435546875,93841,3,1.7519477210362435,1,0,0,0,0,0,0
40,16,40.23955154418945,94594,2,1.5988640133911776,1,0,1,0,0,0,0
61,33,35.869266510009766,93116,3,0.4730753021525359,3,0,0,0,0,1,0
58,37,50.02335357666016,92104,2,1.8798443171679995,2,0,0,1,0,1,0
37,11,30.586071014404297,93460,4,2.165227380107072,3,156,0,0,0,0,0
61,37,64.06978607177734,94479,3,1.5742746379892028,1,153,1,0,0,1,0
38,11,91.67841339111328,93669,2,8.343748990550418,3,422,1,1,1,1,1
63,33,32.42905807495117,92077,2,0.8272933498030217,2,87,0,0,0,0,0
57,37,51.80484008789063,94673,4,1.0100708750680871,1,0,1,0,0,0,0
47,19,77.66838073730469,92948,3,0.8071627496321603,1,84,0,0,0,0,0
34,9,20.06553077697754,91248,4,2.7801688285972608,2,0,0,1,0,1,0
63,38,76.78533935546875,93936,3,0.8959281839718234,2,143,1,0,1,1,0
59,37,74.50907897949219,93860,2,0.172042095802735,1,0,0,0,0,1,0
39,13,57.01915740966797,91756,2,1.386300181837086,3,169,0,0,0,1,0
62,30,55.3428840637207,92105,3,0.9000843829875109,3,121,0,0,0,1,0
26,1,25.630332946777344,95453,4,2.0326627492285407,2,189,0,0,0,1,0
43,21,25.401107788085938,95957,1,0.6101776311593952,1,0,0,0,0,1,0
48,25,64.80303192138672,93838,1,1.6353569753614543,3,153,1,0,0,0,0
32,5,42.73902893066406,94549,1,0.9555783714103024,1,141,0,0,0,1,0
59,34,70.07624816894531,95166,3,2.196909723135063,2,263,1,0,0,0,0
33,15,37.776100158691406,91517,1,0.1765262380595324,2,0,0,0,0,1,0
50,28,61.66853713989258,92161,1,2.4056959509885094,3,0,0,0,0,0,0
64,38,78.36679077148438,95487,1,0.7939149923037404,1,0,0,0,0,1,0
58,33,23.55565643310547,92689,2,1.3572291336138853,3,0,1,0,0,1,0
36,13,27.7523250579834,94165,3,0.6171056772226616,3,187,0,0,0,0,0
40,14,94.77316284179688,95526,4,1.908900389498032,1,0,1,0,0,1,0
32,5,48.601200103759766,91473,2,2.5308238877291496,2,0,0,0,0,1,0
62,23,103.9598159790039,94565,4,0.4901820607039773,2,0,0,0,0,1,1
32,2,98.64096069335938,94128,4,0.2847931669926454,1,326,0,0,0,1,0
45,17,55.94164276123047,90107,2,1.6096325935216145,3,0,1,0,0,0,0
60,38,50.14474487304688,94023,3,1.6197683761494666,2,0,0,0,0,1,0
53,25,92.69374084472656,90320,3,2.289322175774064,3,0,0,1,0,1,0
43,20,39.57298278808594,94727,1,0.13532299147262,1,136,0,0,0,1,0
51,30,69.32283020019531,93104,4,1.884025931122972,3,0,0,0,0,1,0
65,40,91.81597900390624,92012,1,1.5922464051099896,1,102,0,0,0,1,0
41,16,73.75635528564453,91625,3,1.4162566337587077,2,0,1,0,0,0,0
36,5,28.458742141723636,96135,1,2.521590950719006,3,258,1,0,0,1,0
61,28,51.48992538452149,90366,4,0.9890238261399746,3,0,0,0,0,0,0
63,37,19.447677612304688,91317,3,0.4980996017010798,3,0,1,0,0,0,0
32,12,49.66595077514648,94214,4,0.1937824066356822,1,150,0,0,0,1,0
46,17,22.925752639770508,94108,2,2.066681693684961,3,0,0,0,0,1,0
55,34,39.269866943359375,94535,4,0.9319305549359757,3,0,0,0,0,0,0
57,25,151.53208923339844,94420,1,0.6954551875618202,1,238,0,0,0,0,0
46,19,20.39560317993164,94102,2,1.88950766458309,2,0,1,0,0,1,0
42,19,55.96410751342773,94722,2,0.730616943869347,3,104,1,0,0,0,0
50,27,31.865440368652344,91346,2,1.1648940014837517,3,184,1,0,0,1,0
55,36,16.152629852294922,93576,2,0.1427756222272881,3,105,0,0,0,0,0
33,8,42.49003982543945,92011,2,0.2159169025859331,3,0,0,0,0,1,0
63,35,26.16596794128418,94483,3,1.4583374181913735,3,104,0,0,0,0,0
40,12,39.36400604248047,92106,4,0.4571807975376186,2,0,0,0,0,1,0
47,3,108.9093017578125,92154,3,2.743480333235066,1,0,1,0,0,0,0
35,10,142.17315673828125,92344,1,3.983485653343117,1,0,0,0,0,0,0
29,6,75.93199920654297,91975,4,3.011270347221812,3,0,0,0,0,1,0
60,34,34.152099609375,90153,3,0.9906407320595372,2,0,0,0,0,1,0
36,12,74.88125610351562,91042,3,2.522019850616132,1,0,0,0,0,1,0
57,30,111.46981811523438,93047,2,2.545723039492099,1,0,0,0,0,1,0
54,26,35.47248077392578,91827,4,1.408835136983882,2,227,1,0,0,0,0
56,31,112.5941162109375,94311,3,2.427413879051344,2,0,0,0,0,0,1
49,32,44.472110748291016,92367,3,0.7413828598681158,3,0,0,0,0,0,0
48,29,95.51564025878906,89838,1,2.6709581767573187,2,154,0,0,0,0,1
59,40,110.19168090820312,94687,3,2.9436397553839813,2,0,1,0,0,0,0
41,9,85.59133911132812,95155,2,1.7781738665767437,1,0,1,0,0,1,0
49,26,32.04138946533203,92299,4,0.1520434530443375,1,105,0,1,0,0,0
35,2,123.1816864013672,94844,2,2.15137400812933,1,219,0,0,0,0,0
64,37,48.88619995117188,93220,1,2.937555579449566,1,0,0,0,0,0,0
62,36,88.70458221435547,92507,3,0.4125672234219806,3,153,1,0,0,1,0
34,12,98.53787231445312,91935,3,2.1354658903823083,2,0,1,0,0,0,0
34,12,100.09703826904295,95225,3,0.7048711215152196,1,0,0,0,0,0,0
57,33,81.79004669189453,94748,3,2.1250809835293145,1,0,1,0,0,1,0
48,33,23.79461479187012,94280,2,1.587790741949432,1,0,1,0,0,1,0
31,6,48.129154205322266,94971,4,1.277393979210104,3,0,0,0,0,1,0
28,8,125.18894958496094,90268,4,4.378734351028935,1,0,0,0,0,1,0
31,6,70.33615112304688,96287,1,0.6164967098733871,1,0,1,0,0,1,0
28,-3,28.27786064147949,96066,4,0.9103064097577472,1,188,1,0,0,1,0
63,39,95.61785125732422,91125,4,1.055083200436991,3,0,0,0,0,1,0
34,2,96.23050689697266,94888,2,3.632627728090495,1,0,1,0,1,1,0
43,17,152.29823303222656,91287,2,5.5690340983631135,1,157,0,0,0,0,0
53,17,49.09829711914063,96003,1,2.1208980008983795,3,224,0,0,0,0,0
39,12,65.4810791015625,91780,4,2.605201364685456,1,0,1,0,0,1,0
29,9,99.73110961914062,92163,3,1.8570830587989824,2,0,0,0,0,0,0
46,16,35.932334899902344,91424,3,0.2448434852768771,2,0,0,0,0,0,0
36,13,38.57654571533203,94882,2,1.4082681818072909,2,0,1,0,0,0,0
56,30,23.449207305908203,91888,3,0.6121150450026932,2,0,0,1,0,1,0
35,8,66.40912628173828,92955,1,1.446105129551583,3,0,0,0,0,1,0
46,24,95.759765625,91619,2,0.3793334779961244,1,124,0,0,0,0,0
48,27,28.01626205444336,94580,1,0.7737539418910077,2,101,1,0,0,1,0
30,8,100.77813720703124,92128,2,1.6000982277029638,1,0,0,1,0,1,0
50,29,21.205596923828125,95336,2,0.1235990779857074,3,109,0,0,0,0,0
39,16,176.17372131347656,94325,1,6.831251627762754,1,0,0,0,0,0,0
55,30,91.455322265625,91483,3,2.9143761128342063,1,0,1,0,0,0,0
39,3,170.62939453125,95804,1,6.390174324754845,2,374,1,0,0,0,1
47,34,147.307373046875,95315,2,6.133241729685981,3,0,0,0,0,0,1
59,35,77.6004638671875,91980,4,0.5607810797144126,2,0,1,0,0,1,0
53,23,57.6316032409668,95239,1,2.588563098069465,1,0,0,0,0,1,0
31,5,26.194299697875977,95054,4,1.896116491206348,1,0,1,0,0,1,0
31,23,174.5773162841797,92219,1,2.008879704335086,1,0,0,0,0,1,0
42,21,58.66621017456055,90191,1,1.4633423662314295,2,0,0,0,0,1,0
61,31,98.50525665283205,94970,1,2.329608955097177,2,0,0,0,0,1,0
54,33,69.64388275146484,94319,4,1.96228721796934,3,0,0,0,0,0,0
51,35,38.42936706542969,93203,4,2.3003604276664107,1,0,1,0,0,0,0
31,5,55.632118225097656,92234,1,0.7212743177499382,3,110,0,0,0,0,0
55,24,44.70257186889648,94561,1,1.6796533520333037,3,0,0,0,0,0,0
26,5,80.9808120727539,93040,4,1.2602313026978438,1,0,1,0,0,0,0
37,22,115.41780090332033,95718,4,4.7082282763418455,1,0,0,0,0,0,0
43,3,112.1982879638672,94349,2,2.35546466279854,1,373,0,0,0,0,0
30,8,13.98275089263916,94480,3,0.3668199695927197,1,0,0,0,0,1,0
35,14,198.3003387451172,94880,1,5.030398224832167,1,0,0,1,0,0,0
61,35,135.6626739501953,92636,3,2.288864030955826,2,0,0,0,0,0,1
50,23,73.78141021728516,91107,1,1.9965223494443396,3,0,1,0,0,1,0
46,20,58.765869140625,91185,2,3.4435593774239868,3,0,0,0,0,0,0
33,5,75.07801818847656,94064,3,0.4775335332159987,1,0,0,0,0,1,0
66,34,103.25349426269533,92024,1,1.0984759041111531,3,0,0,0,0,1,0
28,0,28.850252151489254,92441,4,1.1215708389922567,1,135,0,0,0,1,0
44,20,142.3012237548828,91449,2,3.2293349054188014,1,0,0,0,0,0,0
53,22,155.30950927734375,95549,1,0.424404229712934,1,114,0,1,0,0,0
45,19,13.226091384887695,92623,4,0.6721131192853829,3,0,0,0,0,1,0
52,28,26.30430030822754,94157,1,0.4734183203724666,2,91,0,0,0,1,0
60,27,53.37279891967773,94475,4,1.995803049897948,3,0,1,0,0,0,0
33,5,33.13755416870117,94317,4,0.449089590729798,3,171,0,0,0,1,0
53,35,25.87630271911621,94836,1,1.0196022716477302,2,0,0,0,0,0,0
48,24,44.62158966064453,94163,3,1.8298447183937945,3,0,0,0,0,0,0
55,21,43.90670776367188,93676,3,2.06217606753765,1,0,1,0,0,1,0
55,36,31.951435089111328,92064,2,1.675358133719487,2,178,0,0,0,1,0
54,24,54.25765228271485,94226,1,0.5036160770902958,2,0,1,1,0,1,0
61,28,48.01887512207031,92767,4,0.7978948522950036,3,0,0,0,0,1,0
55,34,76.78549194335938,91030,1,1.8403213623571288,1,0,0,0,0,1,0
60,35,24.91365623474121,94688,2,1.0505888655010212,3,143,0,0,0,0,0
44,21,32.22283935546875,95928,3,1.1092673391079817,3,0,1,0,0,1,0
28,23,145.8820343017578,94437,4,5.605875399491095,2,0,1,0,0,0,1
43,30,118.86251068115234,92021,1,0.171831717861462,1,0,0,0,0,1,0
33,6,117.43624114990234,94659,2,6.211726652549702,2,0,1,0,1,1,0
42,13,59.03642654418945,95237,1,1.5455223456511915,1,0,0,0,0,0,0
33,6,45.90956497192383,93096,4,1.8263229681665287,3,0,0,0,0,0,0
28,13,48.57413864135742,93681,2,2.1657967735265387,1,227,0,0,0,0,0
31,3,67.28353118896484,90833,2,2.3447093081087838,1,0,1,0,0,0,0
30,8,27.9111270904541,94261,1,1.3550861983787397,3,156,1,0,0,0,0
51,27,34.02608871459961,94598,4,0.7009381672225095,2,0,0,0,0,0,0
48,31,27.264558792114254,90010,3,0.4770806936569094,2,98,0,0,0,1,0
42,19,136.225830078125,94582,4,1.1286915368279145,3,0,1,0,0,1,0
28,3,47.20295333862305,94842,2,0.623487513393507,2,0,0,0,0,0,0
49,36,128.22044372558594,92854,3,6.232295778098963,1,0,1,0,1,1,0
48,7,57.75872039794922,91738,2,0.041268682359342,1,0,0,0,0,1,0
66,39,46.73514175415039,92132,2,1.874045072294056,1,72,0,0,0,1,0
26,2,86.06595611572266,92835,4,2.476436847518125,2,0,1,0,0,1,0
40,13,177.5135498046875,92712,2,2.188235423888401,1,0,1,0,0,0,0
40,14,193.27072143554688,94103,2,8.01816512712243,1,0,1,0,0,1,0
54,23,63.82931518554688,94126,2,0.7151600093535917,3,0,0,0,0,1,0
36,9,110.95092010498048,91366,4,3.769289236821173,3,0,1,0,1,1,1
37,8,49.48344039916992,94540,3,1.2224660966690195,2,0,1,0,0,0,0
57,34,52.06401062011719,92534,1,0.093747480649729,3,0,0,0,0,0,0
52,30,30.37945938110352,93052,2,1.3938735715362305,2,0,0,0,0,0,0
56,26,160.68922424316406,94212,1,7.916934470974861,1,0,0,0,0,0,1
34,5,75.79570007324219,95697,1,0.6382580780048079,3,0,0,1,0,1,0
30,-1,67.79077911376953,93078,1,5.272226731420714,1,0,1,1,0,0,0
34,9,131.00303649902344,91694,4,2.499486449824458,1,0,0,0,0,0,0
59,23,126.81721496582033,94259,1,0.1384930009900163,3,0,1,0,0,0,0
49,17,65.98933410644531,94030,1,0.8905096373296987,3,0,0,0,0,0,0
36,9,82.85440063476562,94100,2,2.5019069177999627,2,0,0,0,0,0,0
50,31,109.3758316040039,95927,2,0.9971935430114164,1,0,0,0,0,0,0
41,8,75.75247192382812,94800,2,2.134455437280475,1,0,0,0,0,0,0
54,27,48.39631271362305,94131,4,0.7448444155573302,2,0,0,0,0,1,0
55,35,24.85238647460937,92974,1,0.402589820309661,3,0,1,0,0,0,0
52,31,67.86074829101562,92531,3,1.418992429897805,3,0,1,0,0,1,0
31,8,142.40115356445312,92017,1,1.0306306741148263,1,0,0,0,0,1,0
33,10,28.750879287719727,93159,3,0.9564543984549352,2,0,0,1,0,1,0
63,37,70.24598693847656,92028,1,0.626832182009702,2,0,0,0,0,1,0
57,31,155.42564392089844,92512,2,4.706013919156862,3,379,1,0,0,0,1
32,8,28.673948287963867,94630,2,2.874800466463145,1,0,0,0,0,1,0
45,20,45.49983215332031,94070,1,2.346402992206503,1,0,0,0,0,0,0
45,18,55.358924865722656,94308,1,2.1032074084256727,2,223,0,0,0,0,0
36,14,68.35608673095703,91808,2,1.2246286103600836,2,100,0,0,0,1,0
50,24,142.1205291748047,93793,2,2.059138627618464,1,0,1,0,0,0,0
31,13,56.52944564819336,94458,3,0.3061870316424969,2,0,0,0,0,1,0
47,16,43.95068740844727,90103,2,0.5662777528636007,2,91,1,0,1,1,0
50,31,127.9223175048828,90993,2,5.500979459885556,2,0,1,0,0,1,1
49,10,19.30938720703125,94123,4,1.4210375765783574,1,0,0,0,0,1,0
35,6,57.21192169189453,92085,1,1.3670148010830152,1,0,0,0,0,1,0
40,22,109.364501953125,93774,2,1.82983575119106,1,235,0,0,0,0,0
42,6,76.05219268798828,92830,1,1.2241368879282242,2,0,1,0,0,0,0
54,31,110.25041198730467,91304,1,1.9670092869816196,1,0,0,0,0,1,0
26,-1,40.87358093261719,93976,4,1.2868537036817564,2,0,0,0,0,1,0
53,21,17.967453002929688,92956,1,0.2584378898053702,3,0,0,0,0,0,0
30,8,131.94882202148438,91422,2,1.772339727044804,1,0,0,0,0,0,0
64,37,165.10899353027344,93014,1,6.331482121129483,1,379,0,0,0,1,0
38,21,78.71419525146484,90297,2,1.2287891926027923,3,0,0,0,0,0,0
47,20,47.81928253173828,91194,4,2.9528190020626424,3,0,1,0,0,0,0
41,31,89.01041412353516,94928,4,3.6735130023263216,1,0,1,0,0,1,1
54,28,59.2922248840332,92049,3,2.595773628641957,2,334,0,0,0,0,0
32,3,70.25540161132812,94647,3,2.8257973765163023,1,0,1,0,0,1,0
38,7,32.84645080566406,93843,1,2.2883274407275147,2,0,0,0,0,1,0
45,19,68.13125610351562,92534,2,0.2493857241470193,3,0,0,0,0,0,0
27,4,134.3107147216797,91412,2,6.026046223725686,1,0,0,0,0,0,0
30,7,32.43536376953125,96281,1,0.6289618075898005,2,0,1,0,0,1,0
46,29,92.52000427246094,91989,1,0.1534408147983953,1,0,0,0,0,0,0
60,38,49.96894836425781,92189,3,0.361959388624326,2,0,0,0,0,0,0
28,4,46.72597122192383,95085,1,0.7071403641020009,3,0,0,0,0,0,0
48,27,57.77046203613281,95439,3,1.5500133530787958,3,128,0,0,0,1,0
42,24,64.44505310058594,92060,2,3.3040385288232827,2,192,0,0,0,1,0
40,12,53.37807846069336,94372,1,2.21701959514498,2,0,0,1,0,1,0
30,7,20.983226776123047,94122,4,0.8265890309729996,2,109,0,0,0,1,0
47,11,38.02652359008789,95010,1,1.6007305403871712,2,0,1,0,0,1,0
40,5,23.846010208129883,94088,3,0.5100107156892475,1,0,0,0,0,0,0
60,39,15.737668991088867,94199,2,0.1963973606820933,3,0,1,0,0,1,0
61,34,56.39833068847656,94089,1,0.915945172494556,3,0,0,0,0,1,0
38,10,15.041333198547363,91867,2,1.9229568919264823,3,0,1,0,0,0,0
45,26,189.5337371826172,94686,1,0.9780700153243356,3,629,1,0,1,1,1
48,9,89.87759399414062,92180,1,1.6908288049211522,1,0,0,0,0,1,0
44,18,183.9625396728516,95622,3,5.1926729720116125,3,229,0,0,0,1,1
55,33,13.089086532592772,91847,2,0.5471903709571786,3,0,0,1,0,1,0
52,30,26.504919052124023,94203,1,1.440299777488033,3,0,1,0,0,1,0
59,37,57.971710205078125,93830,2,1.0880738490256467,2,0,1,0,0,0,0
29,16,42.90341567993164,92017,2,1.328499204030678,1,0,0,0,0,1,0
47,24,162.91976928710938,94053,2,6.153529288624098,1,115,0,0,0,0,0
55,20,81.22941589355469,91488,1,1.7952438409626057,2,165,0,0,0,1,0
59,34,24.78190422058105,90155,3,1.952366144655036,2,0,1,0,0,1,0
51,28,31.552051544189453,94845,2,2.752785811066484,3,0,0,0,0,1,0
29,24,59.55720520019531,93899,2,2.242770154222887,1,0,0,0,0,1,0
32,8,107.55950164794922,94757,1,2.2796189331496017,2,0,0,0,0,1,0
46,16,145.48614501953125,93742,2,3.4225274312769094,1,0,0,0,0,1,0
33,7,23.106075286865234,92409,1,0.5489445714516356,3,0,1,1,1,1,0
52,21,105.28515625,94378,1,0.5903719016283143,1,0,0,1,0,0,0
37,18,151.17030334472656,90144,2,0.508812543500314,1,0,1,0,0,0,1
62,35,48.63330841064453,94869,4,1.2642161706097743,2,0,0,0,0,0,0
27,3,36.53182220458984,90306,4,0.9363942654902456,2,0,0,0,0,1,0
58,36,111.16918182373048,89894,2,0.0799120831879517,1,0,0,0,0,0,0
56,28,78.29299926757812,90857,3,0.7962887653452311,3,223,0,0,0,1,0
61,38,81.44495391845703,93687,1,0.3421312057911343,1,0,1,0,0,0,0
33,8,16.1706485748291,92941,4,0.6480878078578189,3,122,1,0,0,1,0
31,1,79.74279022216797,94023,2,1.4492336841748092,1,0,1,0,0,1,0
41,14,56.53326416015625,91009,3,0.8043141203029064,1,0,0,0,0,0,0
63,38,115.5039291381836,92198,2,7.44151828775632,1,0,1,0,1,1,1
45,21,41.21123504638672,94794,4,1.9254267942686103,1,150,0,0,0,0,0
37,12,29.33121490478516,92408,4,2.398702403149427,1,93,1,0,0,1,0
47,19,33.81184387207031,94075,2,0.6022377546865985,3,106,0,0,0,0,0
43,8,168.26805114746094,92012,3,2.666238974419766,2,0,0,0,1,1,1
32,14,42.85141754150391,93156,4,0.4548817310387332,2,0,0,0,0,1,0
58,26,47.42886352539063,92327,4,2.810556744659676,3,0,0,0,0,1,0
33,3,39.43460464477539,94749,1,0.3283993854704844,2,0,0,0,0,0,0
40,12,36.05205535888672,94426,4,1.5585550757818971,2,0,0,0,0,1,0
42,5,57.51748275756836,93736,2,0.2901424598413594,2,0,1,0,0,0,0
53,28,25.276552200317383,94646,3,0.6058952886077282,2,0,1,0,0,0,0
56,27,85.73041534423828,91340,4,2.6307428660592898,1,0,0,0,0,1,0
29,8,37.02046203613281,94944,4,0.6870693978801514,2,0,0,0,0,1,0
33,4,18.04537010192871,93957,2,2.394306938216786,3,0,1,0,0,1,0
41,19,71.44448852539062,94089,4,1.7144239702130872,1,36,0,0,0,0,0
62,36,204.7996368408203,92067,2,4.075406426698588,1,0,1,0,0,0,0
51,14,26.246150970458984,94517,4,0.2481313700028247,3,0,0,1,0,1,0
52,25,64.33428192138672,92596,3,0.5284227272925354,2,0,0,1,0,0,0
45,23,51.58329391479492,94321,3,0.95284331971973,2,103,0,0,0,1,0
54,28,94.43059539794922,92065,4,1.1134723611201531,1,147,1,0,0,0,0
38,22,121.4553680419922,92148,4,1.93462759388358,1,102,0,0,0,1,0
24,2,65.17129516601562,90639,2,1.6041304340725373,3,0,0,0,0,0,0
48,35,16.64375114440918,96380,4,0.4924230572793698,2,104,1,0,0,1,0
61,38,37.946319580078125,90873,2,0.2694126658557304,2,0,0,0,0,1,0
51,28,104.33502960205078,92096,2,2.288674839177137,1,0,1,0,0,0,0
66,39,19.084545135498047,92803,4,0.4827469744693002,2,0,0,0,0,0,0
31,5,42.98759078979492,91508,1,2.551626626409305,3,0,0,0,0,1,0
44,23,58.16576385498047,91989,3,0.5392916273350674,1,0,0,0,0,0,0
43,12,48.02556991577149,94414,4,1.296450983544664,3,0,0,0,0,0,0
58,31,46.77672958374024,94780,2,0.9724087734515529,3,0,0,0,0,0,0
33,8,109.20331573486328,92666,2,1.4333926584455696,2,0,0,0,0,0,1
53,19,83.29185485839844,90365,2,2.1495560066515678,3,0,0,0,0,1,0
28,5,105.00611114501952,92844,3,1.4457168921362429,3,146,1,0,0,1,1
42,19,59.51852416992188,94080,2,3.105865372858186,3,155,0,0,0,1,0
62,21,57.37212753295898,96300,4,1.254134703779629,2,0,0,0,0,1,0
51,28,65.4287109375,93084,2,2.284085679072861,3,0,0,0,0,0,0
40,8,80.78990173339844,92928,4,3.280043479100323,1,0,0,0,0,0,0
60,26,114.0318374633789,92532,4,3.885204853134181,2,0,0,0,0,1,1
27,12,48.98725128173828,92476,4,1.8891417702397448,2,0,0,1,0,1,0
44,19,56.4777946472168,93970,1,1.4133827458640624,3,0,0,1,1,1,0
29,2,65.33977508544922,94002,4,1.4728825207666087,1,0,0,0,0,1,0
54,18,146.89944458007812,94503,1,2.701000067071719,1,157,0,0,0,0,0
56,40,110.3798599243164,95595,2,2.715794324856177,1,0,0,0,0,1,0
44,13,76.78579711914062,90429,4,1.2623360452095604,1,0,1,0,0,0,0
51,30,22.88855743408203,96339,4,0.2700783108664085,2,0,0,0,0,0,0
61,36,85.80445861816406,91298,4,2.4365546524986907,1,0,1,0,1,1,0
66,38,55.54751968383789,94335,1,0.7788348861774331,3,0,0,0,0,1,1
58,37,31.903858184814453,90245,4,0.7614382257805739,2,0,0,0,0,0,0
42,16,188.6633453369141,93184,1,4.882009238369312,1,0,0,0,0,1,0
34,12,57.2874755859375,91517,3,2.873318537117897,1,0,0,0,0,0,0
63,40,49.15756988525391,94189,4,0.5849281865799298,2,0,1,0,0,0,0
57,30,45.67562103271485,94468,4,0.6276200343036038,2,0,0,0,0,1,0
32,20,48.69622039794922,93933,1,2.0065982101628888,2,0,0,0,0,1,0
39,20,89.98924255371094,91468,2,1.1736098727591846,1,0,0,0,0,0,0
33,5,183.0810394287109,90402,2,2.8049303546280115,1,105,1,0,0,0,0
57,30,46.73704147338867,94169,2,1.794170252898909,2,0,1,1,1,1,0
28,4,75.33963775634766,96203,1,1.6970484459661357,1,0,0,0,0,1,0
50,20,59.33381271362305,90086,1,0.0497936266042594,3,0,0,0,0,1,0
58,27,201.3502960205078,92161,2,8.263547574913874,1,0,0,0,0,1,0
40,24,49.69296646118164,94068,2,2.4848084614749517,2,214,0,1,0,0,0
46,17,48.87582778930664,91216,4,0.2327789967563011,2,0,0,0,0,1,0
59,36,44.14583969116211,92073,2,1.8618540352846733,1,116,0,1,0,0,0
41,21,42.662235260009766,94147,2,0.7623983834393192,1,0,1,0,0,1,0
63,37,95.68174743652344,93990,3,0.8966667837106888,3,0,0,0,0,1,0
52,25,78.71033477783203,96115,1,1.6153698410188626,2,0,0,0,0,0,0
32,7,80.86767578125,94179,4,1.644831942828842,3,0,0,0,0,1,0
43,22,44.18971252441406,91536,1,1.725234242996699,3,0,0,0,0,1,0
47,32,13.427919387817385,90026,4,0.3990538636254737,2,81,0,0,0,1,0
31,8,69.05180358886719,91108,4,2.885687284359941,3,0,0,0,0,1,0
29,8,101.33195495605467,91610,2,4.715786749566443,2,0,1,1,1,1,1
54,24,60.03450393676758,90480,4,2.454764159460437,1,0,0,0,0,0,0
59,32,36.09822845458984,90139,3,1.1180770103319877,3,0,0,0,0,0,0
27,6,92.97589874267578,91269,1,0.7711185058765228,2,353,0,0,0,0,0
39,12,36.67951202392578,92128,1,2.1588242161728326,2,0,0,0,0,1,0
61,36,81.04642486572266,90191,3,0.6676439219615985,3,0,0,0,0,1,0
64,34,163.90304565429688,94988,4,5.863994351740958,2,0,0,0,0,0,1
62,29,39.60198211669922,92247,2,0.7435622461395875,3,153,0,0,0,1,0
56,28,24.878868103027344,94744,3,0.7990105546772568,2,0,0,0,0,0,0
62,37,54.08435821533203,95103,3,1.369425255117319,2,0,0,0,0,1,0
51,21,56.662574768066406,94299,4,1.4068700456926473,3,0,0,0,0,0,0
53,28,84.68022155761719,94043,4,3.2464385172114185,3,236,0,0,0,1,0
46,12,36.641876220703125,94606,4,0.4175915897038327,3,0,0,0,0,0,0
42,26,139.87353515625,94454,1,3.34831982519773,2,0,0,0,0,0,1
26,17,43.644325256347656,94204,1,1.2660416504175136,1,0,0,0,0,0,0
66,30,181.3646240234375,90564,2,2.0599375262624813,1,396,0,0,0,1,0
42,19,38.96549224853516,95811,4,1.121785036086815,1,0,0,0,0,1,0
61,27,142.49586486816406,92858,2,2.6278794455290906,1,293,0,0,0,1,0
40,8,107.93941497802734,94057,1,3.683217375887327,1,0,0,0,0,1,0
40,16,36.4228630065918,94358,2,2.3340549618963697,3,0,0,1,0,0,0
63,34,202.9457550048828,90849,3,5.003413633299962,1,0,0,0,0,0,0
47,20,19.432371139526367,93881,4,0.8785204388688955,2,0,0,0,0,1,0
27,2,57.07583618164063,93646,1,1.1933787830690783,3,0,0,0,0,1,0
36,12,66.01132202148438,95554,2,1.7108471592690992,2,0,0,0,0,1,0
60,21,57.37250518798828,95951,1,1.714613604352902,1,361,0,0,0,0,0
39,10,82.04703521728516,94698,3,1.615798513310172,1,0,1,0,1,0,0
42,8,54.16703414916992,95119,2,1.2273029849071897,3,0,0,1,0,0,0
40,18,66.38317108154297,94639,1,0.958547972547716,3,0,0,0,0,1,0
28,-2,119.50605010986328,91007,2,0.6264467317863895,1,0,1,0,0,0,0
63,31,62.58027648925781,95231,4,3.270172138134148,1,0,1,0,0,1,0
63,37,41.85837936401367,92919,4,0.8677936074599083,2,0,0,0,0,1,0
28,1,22.80768585205078,92069,1,0.1184049554215086,2,122,0,0,0,1,0
60,35,96.35025787353516,90321,2,4.31064253969914,1,0,0,0,0,0,0
38,15,118.80915832519533,94850,1,3.339414903680698,3,0,1,1,1,1,1
30,6,81.55970001220703,91721,2,0.8183705645254115,1,273,1,0,0,0,0
35,2,73.7484359741211,91939,3,2.201838823973417,2,0,1,0,0,0,0
54,33,64.4537582397461,95556,3,0.264382945485985,2,0,0,0,0,1,0
58,21,24.91012191772461,94477,3,1.765815831027851,2,133,0,0,0,1,0
47,32,46.523231506347656,94447,1,1.920006592337816,3,122,1,0,0,0,0
29,3,73.69367218017578,94877,4,1.5071503862783324,2,0,0,0,0,1,0
54,28,69.17535400390625,94817,3,5.199319204082376,1,53,0,0,0,1,0
50,25,111.90716552734376,91936,2,3.38098640996728,1,0,0,0,0,0,0
53,29,67.22810363769531,92441,2,1.8325488670513737,1,193,1,0,0,1,0
55,24,95.13092041015624,91541,2,2.688354220541798,1,0,1,0,0,1,0
55,31,54.13682174682617,95019,3,0.4750949397890537,3,183,0,0,0,0,0
38,18,152.18850708007812,94123,2,2.1421261173825497,1,0,1,0,0,1,0
46,21,39.20532989501953,90210,4,4.448280831269963,1,123,0,1,0,0,0
61,42,70.1134033203125,96098,3,1.868706339490364,2,0,0,0,0,0,0
44,22,47.56689453125,95806,4,2.309673829370318,1,0,1,0,0,0,0
23,1,28.958637237548828,96231,1,1.8527936885415084,3,0,0,0,0,1,0
58,32,56.10826110839844,93473,4,3.529076121659555,1,0,0,0,0,0,0
38,19,102.81326293945312,91599,2,1.686500393611103,2,100,0,0,0,0,0
34,5,104.39227294921876,95105,2,1.583074992442144,1,0,0,0,0,1,0
59,34,64.30813598632812,94104,1,3.243971493670875,1,0,0,0,0,0,0
32,6,24.935361862182617,92574,4,2.9862069371269464,1,0,0,0,0,0,0
49,22,67.8773193359375,93434,1,1.3615657641922008,2,0,0,1,0,1,0
60,33,81.55130767822266,90499,2,0.082330621969727,3,387,0,0,0,1,0
40,19,25.555679321289062,95314,1,1.4995509692108049,3,239,0,0,0,0,0
66,40,45.700984954833984,91711,2,0.5856621127955599,2,0,0,0,0,0,0
56,29,65.74732971191406,93031,3,0.1442883323622222,3,0,1,1,1,1,0
36,17,21.733943939208984,96120,4,0.7576466591139469,2,0,1,0,0,1,0
39,13,135.47543334960938,94303,2,0.4610987170105449,1,0,1,0,0,0,0
62,36,56.49188995361328,94803,1,1.9510274337063664,2,0,0,0,0,0,0
25,1,29.87035179138184,93353,4,0.4889422312037741,2,0,0,0,0,1,0
40,26,211.8762664794922,92268,2,1.2059924650753255,1,0,0,0,0,1,0
60,34,157.0030975341797,92849,4,1.3493762383687948,3,0,0,0,0,1,0
63,37,85.43741607666016,91056,1,2.8195427493308083,2,148,1,0,0,1,0
57,38,31.393932342529297,94428,2,1.3662828375483609,2,152,0,0,0,1,0
50,19,23.714046478271484,94108,2,1.012731367349018,1,0,0,0,0,1,0
41,9,68.74392700195312,93150,4,1.0035610355785407,1,0,1,1,1,1,0
28,3,81.0500717163086,94339,4,1.8397254642740728,2,143,0,0,0,0,0
55,32,113.29241180419922,92885,2,2.6519392684922223,1,0,1,0,0,1,0
66,40,11.610464096069336,92981,3,0.8233112435102832,2,0,0,0,0,1,0
48,16,65.40496826171875,93901,3,2.2344826544661727,1,0,0,0,0,0,0
38,26,18.296367645263672,91287,2,1.1192407457695146,3,0,0,0,0,1,0
59,39,140.91200256347656,95283,1,7.311976313148089,1,0,1,0,0,0,0
30,16,178.3154296875,95184,2,7.278858016477416,1,0,0,0,0,1,0
35,6,126.78453826904295,94311,2,0.1716401739037872,1,0,0,0,0,0,0
31,5,20.72419548034668,94584,4,0.7880171167047992,2,116,0,0,0,1,0
35,15,41.10277557373047,94250,4,0.7104404633990882,2,0,0,0,0,1,0
55,37,28.675724029541016,95057,3,0.4768813795166156,1,0,0,0,0,1,0
61,33,200.38890075683597,90406,4,5.609143871871483,2,0,0,0,0,1,1
39,20,45.89600372314453,94266,4,2.106546904628552,3,0,0,0,0,1,0
39,9,34.966819763183594,93824,4,0.3548117778810012,2,0,0,0,0,1,0
42,11,190.32666015625,91238,2,2.5711922733254524,1,0,0,0,0,1,0
57,34,124.21443176269533,95858,2,2.246754539674255,3,0,0,0,0,1,1
48,30,142.59300231933594,95246,1,3.264667911228886,1,227,0,0,0,0,0
65,38,71.74363708496094,93016,3,1.7204838111468,3,106,0,0,0,1,0
51,19,59.54461288452149,95820,4,0.6187746785900909,3,0,0,0,0,1,0
50,23,14.427530288696287,96346,3,1.2689368724260075,2,0,1,0,0,1,0
56,24,143.36993408203125,94354,2,3.935465858234634,3,0,0,0,0,1,1
35,3,99.53605651855467,95287,1,7.251982902939765,1,0,0,0,0,0,0
51,32,18.34967422485352,93046,1,0.6309495531230358,2,0,1,0,0,1,0
41,7,34.13859176635742,94270,1,0.5060022224656533,3,0,0,0,0,1,0
28,-2,45.10869598388672,94010,3,1.6461704039947056,2,0,0,0,0,1,0
50,23,22.337705612182617,92164,2,0.5235694071309178,3,0,0,0,0,1,0
26,9,85.60340118408203,91986,2,1.7751504205582755,2,0,1,0,0,0,0
58,26,121.25814056396484,94757,3,2.415629564595616,2,0,0,0,0,0,1
42,21,36.225379943847656,91277,1,2.0364313722921,3,0,1,0,0,1,0
43,27,68.79302215576172,95690,1,0.2392580043381048,1,410,0,1,0,0,0
45,24,182.33502197265625,91002,2,7.251531365035722,1,0,0,0,0,0,0
40,19,105.31758880615234,92736,1,0.1538764182832126,3,0,0,0,0,1,1
46,19,70.14238739013672,93905,2,0.5870139271740219,1,0,1,0,0,1,0
40,13,50.249542236328125,91770,3,0.0786793299295483,2,0,1,0,1,1,0
45,22,38.33579635620117,94220,4,0.325037833623524,3,0,1,0,0,1,0
53,32,10.394161224365234,90916,2,0.2012828191806896,2,0,0,0,0,1,0
29,1,24.86343765258789,94624,3,1.653632509209214,2,0,0,0,0,1,0
49,22,186.2523193359375,95738,3,6.939826574118614,2,0,1,0,1,1,1
42,26,44.29042434692383,93911,4,0.4328212234954547,3,0,0,0,0,1,0
53,42,74.6435775756836,90953,2,0.199653262803113,1,0,0,0,0,1,0
43,17,64.23347473144531,95518,1,0.3634348801505932,1,111,1,0,0,1,0
50,21,66.57015991210938,94943,4,1.450552537390403,2,0,0,0,0,0,0
62,37,66.05715942382812,94359,1,2.7984322823282994,3,0,1,0,0,1,0
39,12,92.67546844482422,91091,2,1.2447418212897456,3,0,0,0,0,1,0
56,35,30.749141693115234,92259,4,0.3603327498209721,1,387,0,0,0,1,0
27,1,34.78135681152344,94334,3,0.9419391853988344,1,0,1,0,0,0,0
63,33,139.4717254638672,91764,2,1.949603222103209,1,0,0,0,0,1,0
47,16,81.54192352294922,90678,4,2.6204016089487334,1,0,0,0,0,0,0
39,26,177.32913208007812,91294,2,6.608727569009631,1,0,0,0,0,1,0
50,28,81.01647186279297,95204,1,0.6876348485981152,3,120,1,0,0,1,0
57,30,45.34117126464844,95348,2,0.9742427287696462,3,0,0,0,0,1,0
48,20,57.35000228881836,96641,1,0.1463177917815836,3,0,1,0,0,0,0
31,14,146.2904510498047,94716,3,0.6693060621118464,1,0,0,0,0,0,0
63,39,36.70941162109375,91618,3,1.299416084289231,3,0,1,0,0,0,0
66,37,79.97341918945312,94859,4,2.6656469016329587,1,0,1,0,1,1,0
42,14,45.06252670288086,92373,3,1.526628786695727,3,0,1,0,0,1,0
53,35,38.58689880371094,95054,4,2.8428181766423286,1,0,0,1,0,0,0
64,42,149.7528533935547,92260,1,1.4740697884000102,1,0,0,0,0,1,0
40,7,90.61373901367188,94817,1,2.150368108050664,2,0,0,0,0,0,0
52,31,65.53349304199219,92094,4,1.6271506859885088,1,111,0,0,0,1,0
39,27,37.121089935302734,94745,4,2.089572089764672,1,0,0,0,0,1,0
53,27,194.23220825195312,93182,2,5.528987535171021,1,0,0,0,0,1,0
47,21,15.959066390991213,93921,1,0.4787404547426219,3,119,1,0,0,1,0
29,6,94.68419647216795,96452,4,1.843156468407924,2,236,1,0,1,1,0
58,36,19.36224937438965,92936,1,0.3152983440455396,1,0,0,0,0,1,0
46,33,19.496273040771484,93905,4,2.378488302142111,1,0,1,0,0,1,0
45,10,103.45926666259766,94318,3,2.143601284678128,2,0,0,0,0,0,0
29,7,124.76087188720705,94162,2,1.390024133681086,3,0,0,0,0,0,0
61,37,97.8813705444336,89875,2,0.9916824220270026,1,0,1,1,0,0,0
32,7,70.22476196289062,94423,2,1.852704378699229,1,0,0,0,0,1,0
50,32,123.35545349121094,91313,1,1.0627419360755297,1,0,0,0,0,1,0
54,27,63.6522216796875,91632,1,1.242147673301317,3,0,0,1,0,0,0
59,40,76.51912689208984,91584,2,4.072784744526308,1,134,1,0,0,0,0
61,36,75.41381072998047,89961,1,0.8344077981265146,2,0,1,0,0,0,0
32,4,68.56802368164062,93117,4,1.963747548166243,3,0,0,0,0,0,0
62,37,90.52276611328124,95251,3,2.601391180984423,1,0,0,0,0,0,0
53,16,137.32156372070312,91704,1,6.8160224743847895,1,0,0,0,0,1,0
43,14,79.99968719482422,93976,1,2.427946619525154,3,0,0,0,0,1,0
46,9,86.395263671875,91706,2,1.3205296963455615,1,0,0,0,0,1,0
29,7,15.980110168457031,91270,2,0.2974045442631323,2,0,1,0,0,0,0
43,23,136.58299255371094,92680,2,3.2955222407921387,3,141,1,1,1,0,1
42,22,56.63353729248047,92932,1,0.2149284831437964,1,0,0,1,0,0,0
44,23,194.30426025390625,95163,2,1.3214228946814786,1,409,1,0,0,1,0
33,8,48.97525405883789,95334,4,0.8981652777678943,2,231,0,0,0,1,0
60,37,19.95231819152832,92661,4,0.8480487010625639,2,197,1,0,0,1,0
30,5,32.35813903808594,94139,4,1.680041233491748,1,0,0,0,0,0,0
51,32,44.63539123535156,90211,4,1.473541497765355,1,0,0,0,0,0,0
46,4,23.473812103271484,94082,1,0.9377393704744854,2,0,1,0,0,0,0
52,35,57.98665237426758,92331,2,3.255585223140016,1,0,0,1,0,0,0
59,15,59.57712936401367,90734,4,1.1943015977369422,2,0,0,0,0,1,0
46,20,65.0642318725586,90388,3,0.1851438926710054,1,0,0,0,0,1,0
56,29,46.36082077026367,90308,2,0.4415165782151287,2,0,1,0,0,1,0
59,27,13.450090408325195,95934,2,0.9546102826338878,1,0,1,0,0,1,0
47,26,59.8981819152832,90376,4,1.8755896417422768,2,0,1,0,0,0,0
53,22,31.025867462158203,91465,3,0.2003379614661773,2,143,0,0,0,1,0
39,8,35.570777893066406,92352,3,1.2452430854247936,1,0,1,0,0,1,0
59,35,107.41710662841795,95388,3,0.7750946622348982,1,0,1,0,0,0,0
51,26,111.5250015258789,92499,1,1.238415971815087,1,0,0,0,0,1,0
56,32,47.73472213745117,91942,4,3.182225164922145,1,125,0,1,0,0,0
48,32,123.31211853027344,92560,1,4.633655285130613,1,0,1,0,0,0,0
58,37,78.77742767333984,91986,4,2.50077923243055,1,0,1,0,0,0,0
30,12,47.58367538452149,94535,3,2.29923666131876,2,0,0,0,0,1,0
62,35,80.765869140625,93941,4,2.232063182186075,2,0,0,0,0,0,0
40,14,163.96340942382812,90740,1,2.08780634259611,1,157,0,0,0,0,0
51,15,93.18669891357422,95660,2,0.9149613995924472,2,214,1,0,1,1,1
54,23,72.10286712646484,95033,1,2.162857540757021,1,0,1,0,0,0,0
61,37,69.74885559082031,89654,4,3.8755801294907046,1,164,0,0,0,1,1
43,12,61.158721923828125,92049,4,2.9049933999496726,1,0,0,0,0,1,0
63,36,81.88008117675781,95099,4,2.6767324766178677,1,0,1,1,1,1,0
29,18,33.95839309692383,90228,2,0.1750267481827949,3,0,0,0,0,0,0
41,22,39.62013244628906,93119,1,1.8759245755068203,1,0,0,0,0,0,0
24,0,79.61724090576172,90388,3,3.933373933898794,1,154,0,1,0,1,1
51,22,122.52635192871094,94334,4,0.3843603281330001,1,0,1,0,0,0,0
28,6,45.5455436706543,95784,1,2.384544999879365,2,274,0,0,0,1,0
43,16,143.2464141845703,96621,4,0.6284801991128984,2,0,0,0,0,1,1
49,27,52.10431671142578,94150,4,1.88820565921776,3,0,1,0,0,1,0
37,13,77.13639831542969,95234,2,2.963461064137709,3,0,1,0,0,1,0
49,28,82.7860107421875,93895,1,0.303358422268144,3,0,0,0,0,1,0
42,20,34.26865768432617,93927,2,0.6444198434104516,2,151,0,0,0,0,0
53,26,39.53211212158203,94109,4,2.057089184673648,2,124,0,0,0,1,0
49,33,56.109107971191406,92048,2,1.9042968674054723,1,0,0,0,0,0,0
59,30,92.4940414428711,91569,2,2.3521695280220034,1,0,1,0,0,0,0
37,16,74.75035095214844,90256,4,2.3599632459305275,1,0,1,0,0,0,0
65,38,28.355693817138672,92164,3,0.2734519416660241,2,0,0,0,0,1,0
42,25,68.0947036743164,94556,4,1.363898510795563,2,0,0,0,0,0,0
44,24,63.02089309692383,92037,3,1.3645883859274093,3,0,1,0,0,1,0
28,2,101.68376922607422,94827,3,1.5856972498067812,1,0,0,0,0,1,0
37,5,31.42319107055664,94316,1,1.8066412008330728,3,71,0,0,0,0,0
35,7,72.30702209472656,92204,1,0.7467508749922352,2,0,1,0,0,1,0
61,35,34.55594253540039,93125,3,0.7637381346572065,3,283,0,0,0,0,0
52,29,78.57460021972656,90287,3,1.8413061523160388,3,0,0,1,0,0,0
39,23,195.7532196044922,93411,2,4.059903183946068,1,413,0,0,0,0,0
29,23,60.07484817504883,95272,4,0.8581825467530472,1,132,0,0,0,1,0
44,14,139.43646240234375,96465,1,2.348955815510273,1,0,0,0,0,1,0
60,35,60.5433349609375,90337,3,0.0348981590440602,3,0,0,0,0,1,0
27,2,85.19258880615234,94954,4,1.3926863039028288,1,0,0,0,0,1,0
60,36,43.72949600219727,92175,3,2.403658107080957,2,0,0,0,0,1,0
27,11,24.16390419006348,92737,2,0.854074651901342,3,134,1,0,0,0,0
27,3,49.07162094116211,95079,1,2.196029084434015,3,0,1,0,0,0,0
41,19,80.01944732666016,94721,1,1.0761222240041413,3,0,0,0,0,1,0
46,19,47.94629669189453,95343,2,1.6028119071301845,3,0,0,0,0,1,0
42,30,15.62968921661377,94419,3,0.0104869978710557,2,0,1,0,0,0,0
63,34,30.882129669189453,92993,4,2.562540154137296,3,0,1,0,0,1,0
31,19,109.08513641357422,92489,3,0.4544771769606624,1,0,0,1,0,0,0
55,28,120.30438232421876,95421,1,0.7338502310959242,1,0,1,0,0,1,0
62,37,33.76689147949219,93601,1,1.6646749017369418,1,0,0,0,0,0,0
42,21,17.126510620117188,92689,2,0.3922604809087307,3,85,0,1,0,1,0
29,3,78.74124908447266,92591,4,0.558419732386886,2,0,0,0,0,0,0
66,38,28.48290252685547,94675,4,0.1721580954278575,3,0,0,0,0,1,0
61,34,30.62550544738769,90075,2,0.2022598288236339,1,0,1,0,0,0,0
46,29,44.38089370727539,94369,3,0.2614016600386776,2,0,0,1,0,1,0
58,33,84.2929458618164,92076,3,2.009057649606069,1,0,0,0,0,1,0
43,21,64.77944946289062,92456,2,0.3713037080780845,2,0,1,0,0,0,0
54,29,67.64683532714844,94203,2,2.595584098777513,3,0,0,0,0,0,0
36,8,47.65686798095703,94019,1,4.053874108229501,1,225,0,0,0,0,0
31,8,56.81026077270508,95122,2,0.7459906454086831,2,0,0,0,0,1,0
47,20,137.1216583251953,91323,2,0.4283910818633788,1,0,0,0,0,0,0
60,37,26.717927932739254,90912,2,0.3142812796252365,3,91,1,0,0,1,0
38,20,132.35931396484375,92200,2,7.192433378860359,1,0,0,0,0,1,0
53,26,48.14012908935547,93059,1,0.6398629824898141,3,0,0,0,0,1,0
26,1,34.934852600097656,89750,2,0.4269896302954553,3,0,0,0,0,1,0
63,35,62.48395538330078,92737,4,1.6082966738958016,2,0,0,0,0,1,0
36,18,129.93490600585938,90621,1,3.631452918937972,3,209,0,0,0,0,1
60,35,86.89775085449219,94138,4,0.6043188296731978,1,0,0,0,0,1,0
33,10,38.18475341796875,92077,3,0.3159020376930477,2,166,0,0,0,1,0
45,21,42.41539001464844,94499,1,2.8066209328305343,3,0,1,0,0,0,0
36,15,64.45977783203125,92809,4,4.819235522277827,1,144,0,1,0,0,0
39,5,42.96592330932617,92044,1,0.7154247255800305,3,0,0,0,0,1,0
44,22,83.98485565185547,94880,1,1.1649792813496251,3,263,0,0,0,0,0
45,10,92.735107421875,91404,3,2.6358836269694628,1,0,0,0,0,0,0
56,30,16.624767303466797,90322,4,1.826386375531828,2,0,1,0,0,0,0
33,11,102.1791534423828,94394,2,2.335535242057521,1,0,1,1,0,1,0
49,24,138.04409790039062,94529,3,0.87472408943448,1,232,0,0,0,1,0
52,26,74.52306365966797,92068,1,0.7646373002399799,2,0,1,0,0,1,0
45,13,60.91003036499024,92021,4,1.5102412736544162,1,98,0,0,0,0,0
43,17,172.38780212402344,95484,2,3.9356894231427337,1,0,0,0,0,1,0
46,22,34.2116813659668,91833,4,0.1774180128555419,1,0,1,0,1,1,0
31,4,22.938396453857425,92505,4,0.5202253774908749,2,124,0,0,0,1,0
55,29,29.59499740600586,90180,3,0.7169650806420538,2,123,0,0,0,1,0
60,29,29.595338821411133,95252,1,0.511129214657108,3,0,0,0,0,1,0
32,9,80.74898529052734,95337,1,1.3208402513082411,3,292,0,0,0,0,0
59,27,22.42257499694824,92484,4,0.6326769861733023,2,0,1,0,0,1,0
59,21,53.70336151123047,95259,3,0.5333539756618451,3,0,1,0,0,1,0
43,2,28.92126846313477,94331,2,0.834494838737896,3,0,0,0,0,1,0
63,37,92.75148010253906,95701,2,2.388203934391796,2,0,1,0,1,1,0
35,11,64.12580871582031,94628,4,2.134605069076117,1,0,1,0,0,0,0
54,30,81.93260955810547,94706,1,0.1160902510223379,2,0,0,0,0,0,0
61,38,47.70279312133789,94609,3,0.7819584473863764,2,0,0,1,0,1,0
34,7,40.523681640625,91435,4,0.0631213914367305,1,99,1,0,0,1,0
50,25,36.78901672363281,92649,4,0.2921814648732585,2,0,0,0,0,0,0
24,-1,116.91387939453124,92709,2,1.854769333156296,1,0,0,0,0,0,0
29,3,83.2317886352539,94050,2,0.4729381367727152,2,0,0,0,0,1,0
58,40,61.60498046875,91655,3,1.159729891839723,3,229,1,0,0,1,0
64,35,115.06497192382812,94307,4,3.672569160172667,2,239,1,0,0,0,1
50,26,56.09087753295898,91961,4,2.5752285394004373,1,0,0,0,0,1,0
27,4,65.09254455566406,95374,4,1.2489318486805243,2,0,0,0,0,1,0
43,17,75.440673828125,92172,1,2.868144065337956,1,0,0,0,0,0,0
30,5,40.16169357299805,95517,4,2.510493019667906,3,107,1,0,0,1,0
56,28,27.507631301879883,95477,4,1.4312667569838426,3,0,0,0,0,0,0
51,22,146.2496337890625,94811,2,0.4619643769122842,1,0,1,0,0,1,0
43,17,108.5466079711914,94997,3,2.2003040537937486,1,0,1,0,0,0,0
53,22,105.14067840576172,92132,2,0.1953445657462258,1,0,0,0,0,1,0
41,13,14.51776123046875,93777,1,2.0226008733465037,3,0,1,0,0,1,0
48,30,41.648284912109375,92164,4,0.6006883460699264,3,154,1,0,0,0,0
55,26,104.43009948730467,89830,1,1.8191177957908256,1,0,0,0,0,0,0
40,11,205.82290649414065,91521,2,8.48887588449435,1,305,0,0,0,1,0
59,31,113.23109436035156,95260,3,0.7416006827239945,2,455,1,0,0,1,0
59,39,96.01472473144533,92610,1,0.2355614573352619,1,0,0,0,0,0,0
33,4,28.603891372680664,94591,4,0.5208590183874964,1,106,1,0,0,1,0
61,35,69.80148315429688,95593,4,2.9268444713085358,1,0,1,0,0,1,0
65,41,41.743255615234375,91276,3,1.3936345793474652,1,0,0,0,0,0,0
31,14,54.842872619628906,90195,2,0.971905493873032,2,146,0,0,0,0,0
43,19,51.364044189453125,90541,2,2.355798061104905,1,0,0,0,0,0,0
30,5,120.86505126953124,94429,1,3.6608211204081815,1,0,1,0,0,1,0
34,20,21.288238525390625,92033,2,2.445538939163561,3,0,1,0,0,0,0
52,20,63.90562057495117,91846,4,2.050464445093349,3,0,0,1,0,1,0
47,23,37.306732177734375,93257,3,0.6705633904727945,3,0,0,0,0,1,0
59,22,15.350915908813477,94187,2,2.1814430957664426,2,0,0,0,0,0,0
41,16,168.21246337890625,91668,2,8.175332920945584,1,0,0,0,0,1,0
26,2,9.927386283874512,92061,4,0.544474300697281,1,0,0,0,0,0,0
32,14,56.33953094482422,94162,1,1.2411184219495852,1,0,0,0,0,1,0
50,25,80.02000427246094,95597,4,4.067032530477424,1,135,0,0,0,1,0
63,36,199.24591064453125,93277,2,6.4504606070460735,3,0,0,0,0,0,1
42,30,87.24533081054688,93800,1,0.9995370468426348,2,0,0,0,0,1,0
52,24,35.34507751464844,92046,1,0.8078678804735434,2,0,0,0,0,0,0
27,2,115.70651245117188,94335,4,2.024373931616498,2,0,0,0,0,0,0
28,0,38.32527160644531,93949,1,1.935844139569647,3,0,0,0,0,1,0
30,4,74.91692352294922,95816,3,1.4309710890763996,2,0,0,0,0,0,0
57,39,16.23911476135254,96589,1,0.3776058963346188,3,106,0,0,0,0,0
50,22,53.844825744628906,93237,4,0.2650615745526752,1,0,0,0,0,1,0
41,19,178.38340759277344,92554,2,4.507970009911936,1,0,0,0,0,1,0
42,23,48.49412155151367,90029,2,0.2054041249558229,2,168,1,0,0,1,0
37,7,38.92221832275391,92186,1,0.3586518884216846,3,0,0,0,0,1,0
58,35,37.214637756347656,94306,1,0.52880373525179,2,0,1,1,1,1,0
64,39,65.8845443725586,93833,2,0.2977776742469306,3,0,0,0,0,1,0
44,32,94.63899993896484,91360,2,4.311617106043364,1,0,0,0,0,0,0
42,26,140.78433227539062,94788,1,3.0670011237830463,1,270,0,0,0,0,0
34,18,163.43923950195312,94247,1,3.358397121085425,1,0,0,0,0,1,0
37,13,159.38815307617188,95546,2,6.987180665729794,1,0,0,0,0,1,0
30,9,139.4909210205078,91664,2,3.135835834935624,1,0,0,0,0,0,0
40,16,21.51129150390625,90942,3,0.234531905306539,2,0,0,0,0,1,0
57,33,104.21005249023438,90416,3,1.8223938263373476,2,0,0,0,0,0,1
48,31,44.10457229614258,92771,3,0.9876570602602612,2,0,1,0,0,1,0
32,6,122.52400207519533,93131,1,2.632094399520069,1,0,0,0,0,1,0
30,9,26.773361206054688,91161,4,1.1848248210084842,3,109,1,0,0,1,0
38,18,66.47184753417969,94958,2,1.8617720708661365,1,0,0,0,0,0,0
34,10,29.5850830078125,92038,3,1.5354772052171552,1,0,0,0,0,1,0
46,36,68.66376495361328,91791,3,2.307519483051878,2,0,0,0,0,0,0
50,25,61.85231018066406,90228,1,1.046618508183108,1,196,0,0,0,0,0
44,13,37.88727569580078,89947,3,0.7390093450452073,2,140,0,0,0,1,0
32,3,62.7111930847168,90003,2,1.7879083646241185,2,0,1,0,0,1,0
27,3,70.03558349609375,94683,4,0.5189297137715113,1,0,0,1,0,1,0
43,21,51.1675033569336,94083,3,2.836797317505513,1,0,1,0,0,0,0
34,18,117.0002670288086,92065,1,2.135019715892395,1,0,0,1,0,0,0
46,17,154.31190490722656,93954,2,2.0644859279724006,1,0,1,0,0,1,0
45,19,55.93756866455078,94159,3,0.0209377487367939,3,0,1,1,0,1,0
51,24,48.18575668334961,95157,2,1.2242591316334726,2,0,0,0,0,0,0
65,38,54.59637451171875,92912,1,1.9120948368254769,1,0,0,1,1,1,0
52,26,58.84501266479492,92489,1,1.815472715303106,3,0,0,0,0,1,0
59,34,50.11914825439453,90481,1,1.1922092000583406,2,0,0,0,0,0,0
41,9,41.38112258911133,93543,4,0.5018965249795804,1,172,0,0,0,1,0
30,22,24.729394912719727,94961,3,0.3852390435610008,1,0,0,0,0,0,0
59,36,68.45610046386719,91980,4,1.5671978980757202,1,0,0,0,0,0,0
34,9,66.42340087890625,92094,2,1.509739459997195,2,105,0,0,0,1,0
27,5,67.54927062988281,92229,4,0.4698921265981007,3,0,1,0,0,1,1
55,33,49.55760192871094,92974,2,0.2265141768946103,3,249,0,0,0,0,0
36,17,106.13249969482422,89823,1,0.5715683797662238,3,0,0,0,0,1,0
28,4,158.75839233398438,91838,4,3.7790642143124793,2,0,0,0,0,0,1
37,7,16.350505828857422,94554,3,1.016822839224732,1,156,0,0,0,1,0
59,39,41.96411895751953,95027,3,1.3159287760467504,3,0,0,0,0,1,0
46,18,18.274887084960938,94281,2,1.819429658804335,2,0,1,0,0,1,0
35,3,53.38909149169922,92943,2,2.412545627625667,1,0,1,0,0,1,0
31,10,14.861346244812012,93054,4,0.4589354080241252,1,105,0,0,0,0,0
59,32,57.17682647705078,94227,1,0.8156869521159714,3,0,0,0,0,0,0
33,5,71.41423034667969,92243,3,1.880877115224952,1,0,0,0,0,1,0
47,22,42.529632568359375,95482,1,0.0206418135312721,2,0,1,0,0,1,0
63,39,107.16533660888672,90365,2,2.3828450546854905,1,0,0,0,0,0,0
56,25,47.42051696777344,91610,4,1.6720256033346097,1,149,1,0,0,0,0
61,38,51.2639274597168,94545,1,2.2593597648090022,2,0,0,0,0,1,0
32,5,167.1947479248047,90348,2,3.1512038900674897,3,0,0,0,0,0,1
51,18,24.36922836303711,93753,1,0.0912932015837256,3,0,0,0,0,0,0
51,21,54.56383514404297,95209,3,2.1030119533799905,3,0,1,0,0,1,0
41,14,114.822021484375,90060,1,3.5757727418533896,1,0,0,0,0,1,0
30,6,153.50344848632812,89961,1,2.9622481700091448,1,0,1,0,0,1,0
63,36,33.01166534423828,92515,2,0.1635819511246335,3,93,0,0,0,0,0
32,6,90.2254409790039,94565,2,2.1708723716091805,1,0,0,0,0,0,0
30,2,88.758056640625,94863,3,1.8145019734941847,2,0,0,0,0,1,0
55,20,82.139404296875,92191,2,1.2653562463978942,1,0,1,0,0,1,0
62,35,74.86827087402344,90101,1,1.003206343994044,1,0,1,0,0,0,0
53,29,161.84146118164062,95160,2,5.243161713109903,1,0,0,0,0,0,0
60,39,26.074520111083984,94141,2,0.5152872007705536,3,0,1,0,0,0,0
57,32,173.03598022460938,93229,1,0.3655192003852494,1,0,1,0,1,0,0
48,29,74.23383331298828,94512,1,0.7640683761294522,1,0,0,1,0,1,0
55,37,46.55086135864258,91099,3,0.9375326899483836,2,154,0,0,0,1,0
66,39,54.30410385131836,92182,4,6.474165873970667,1,0,0,0,0,0,0
25,0,118.36027526855467,91428,4,0.2530096485336073,2,0,0,0,0,0,0
51,25,31.142183303833008,95162,1,0.9546524108031712,3,0,0,1,1,1,0
52,25,20.19254493713379,92052,4,0.6462182014036288,2,0,0,0,0,1,0
49,22,27.323169708251957,93061,1,0.5744974940369729,1,0,1,0,0,0,0
38,10,82.50190734863281,92266,1,2.1050527038831577,3,142,0,0,0,1,0
46,19,59.59652328491211,94437,4,2.072358400199784,2,0,0,0,0,1,0
62,35,64.88021850585938,92124,2,0.7002474580237572,3,0,1,0,0,0,0
47,18,178.12753295898438,95616,2,0.4101293791463039,1,0,0,0,0,1,0
58,36,27.693134307861328,91026,4,0.6013516906396841,1,133,0,0,0,1,0
60,29,45.934669494628906,94001,4,1.3340527105045354,1,0,0,0,0,0,0
61,32,22.599586486816406,95335,3,0.1616936293582956,1,0,0,0,0,0,0
34,6,95.04481506347656,91409,1,4.624225851428517,1,0,1,1,0,1,0
36,6,69.38903045654297,94182,4,1.9275194954123185,1,0,1,0,0,1,0
48,8,16.94202423095703,92564,1,0.5753308782738733,3,0,1,0,0,1,0
40,8,22.972023010253903,94642,2,0.2843158711875046,1,136,1,1,0,1,0
63,37,116.77157592773438,92271,2,2.64878382449353,1,0,0,1,0,0,0
28,3,14.810742378234863,93650,2,0.2990112460379459,1,89,0,0,0,0,0
54,25,73.13204956054688,95125,1,1.8600437094200264,2,120,0,0,0,0,0
36,21,72.3078842163086,92984,1,0.5500657795955601,1,0,0,1,0,0,0
63,38,31.70207405090332,92148,3,0.7937578288778814,1,0,0,0,0,1,0
57,33,102.1924285888672,90700,3,1.1991581077642453,2,0,1,0,0,1,0
57,20,31.65936851501465,92791,4,0.4141153390921315,3,0,1,0,0,0,0
62,29,26.908138275146484,94295,4,2.2163765559976705,3,122,0,0,0,0,0
30,10,45.47132110595703,94091,3,0.7731612925282187,2,0,0,0,0,0,0
33,10,65.25605010986328,94160,4,1.1746889844375952,3,146,1,0,0,0,0
28,1,57.35786056518555,94323,3,0.1372861672526092,3,110,0,0,0,0,0
29,9,36.05963897705078,91397,4,0.688935117353291,2,138,0,0,0,1,0
62,35,74.30220031738281,92170,4,1.7439012432107552,2,0,0,0,0,1,0
28,12,59.532447814941406,95532,2,0.7250966554767952,1,0,1,0,0,0,0
31,6,190.57850646972656,89812,2,3.011142984916817,1,232,1,0,0,0,0
57,31,130.65380859375,92105,4,8.531843096984364,1,0,0,1,0,1,0
36,9,143.98696899414062,92115,2,6.446283964605134,1,102,1,1,0,1,0
60,41,90.77030181884766,91821,3,2.7366722715571155,1,0,0,0,0,1,0
46,25,74.41963958740234,92691,4,1.542372796783123,2,0,1,0,0,1,0
52,15,62.81196975708008,93076,2,0.5730739349282097,1,0,0,0,0,0,0
26,-1,59.83235549926758,92336,2,1.9691620703300423,2,0,0,0,0,0,0
54,26,124.93858337402344,91967,1,0.905015196559749,1,243,0,0,0,0,0
40,15,143.3567657470703,91440,4,4.608408208304903,1,0,0,0,1,1,1
36,20,44.49160003662109,95032,1,3.005512322563664,1,0,0,0,0,0,0
44,17,61.067195892333984,90852,4,1.1832230138302722,1,0,0,0,0,0,0
41,15,61.11604309082031,94593,4,0.312456112269668,1,386,0,0,0,0,0
25,19,86.27993774414062,95473,4,1.24335726827772,1,0,1,0,0,0,0
43,31,65.39212036132812,94036,3,1.3517704292499455,3,103,1,1,1,1,0
66,38,15.773338317871094,90408,4,0.5216049834839858,1,0,0,0,0,1,0
40,12,214.62222290039065,94642,2,6.973859049988459,1,0,1,0,0,1,0
59,35,150.4449005126953,92068,2,0.1308344598296036,1,0,0,0,0,0,0
60,37,64.16365051269531,92120,3,1.9957724515042152,2,0,0,0,0,1,0
58,26,63.709617614746094,92152,3,0.7712286876453041,2,0,0,0,0,0,0
35,20,101.72433471679688,92401,2,4.114665940482382,1,0,0,0,0,1,0
43,20,150.48863220214844,91491,3,4.80985695286962,1,0,0,0,0,0,1
31,12,14.003743171691896,93867,2,0.8600783377250124,2,108,1,0,0,0,0
42,20,172.24569702148438,91834,2,7.606697406967437,1,0,1,0,0,1,0
33,17,56.63705062866211,92960,1,3.851161003886571,1,107,1,1,1,1,0
61,38,44.41154861450195,95375,4,0.1766674799116353,3,0,0,0,0,1,0
50,12,23.563573837280277,95663,2,1.5901175562111518,2,0,0,0,0,1,0
29,6,82.34017944335938,94647,4,2.2506260232973183,1,0,0,0,0,1,0
26,1,158.5923309326172,95239,1,9.337311530791473,3,0,0,1,1,1,1
58,28,61.68831253051758,95469,2,1.01059514123506,1,0,0,1,0,0,0
30,4,117.2219009399414,92057,2,0.4956367021847213,1,0,1,0,0,1,0
46,25,79.92012786865234,95058,4,2.1419099835189925,1,0,0,0,0,0,0
45,28,148.5524444580078,95938,1,2.2752793354660388,2,0,1,1,0,0,0
40,6,32.58256530761719,92265,1,1.9074807119446495,3,116,0,0,0,1,0
64,34,173.32232666015625,92955,1,5.476889758837578,3,0,1,1,1,1,1
62,37,58.36415863037109,94605,4,0.8114276649409567,1,0,1,0,0,0,0
34,12,94.79826354980467,94098,1,0.9926863841810912,1,362,0,0,0,0,0
52,8,58.30705642700195,90433,4,1.3064737184610036,1,0,0,0,0,0,0
49,12,124.65274047851562,91819,2,6.635046431764034,3,0,0,0,0,1,1
55,33,46.079864501953125,93767,3,1.0018812735894662,3,246,0,0,0,1,0
56,37,48.42689895629883,91840,2,0.7442917151399474,3,156,0,0,0,0,0
54,29,23.621580123901367,93033,2,2.998883892984798,2,0,1,0,0,1,0
28,4,89.50089263916016,91864,2,0.9019576825975508,2,61,0,0,0,0,0
50,30,54.86436080932617,93750,4,0.7288162868013928,3,0,1,0,0,0,0
55,16,14.240179061889648,91756,1,0.2223207435568474,3,0,1,1,0,0,0
46,14,24.953632354736328,92056,4,0.2687097404308194,2,0,0,0,0,0,0
42,12,60.60714340209961,92799,1,2.30076162272141,1,0,0,0,0,0,0
48,19,106.61140441894533,94772,1,4.142544193152324,1,0,0,0,0,1,0
55,30,21.184816360473636,94559,3,0.0978496551312803,2,120,0,0,0,0,0
40,17,184.6851501464844,95570,2,6.4273368100535295,3,0,0,0,0,1,1
51,21,17.282093048095703,91189,2,0.9962265124158268,1,155,0,0,0,1,0
38,9,82.8348159790039,94339,3,2.005988293507861,3,0,0,0,0,0,0
60,35,85.38001251220703,93978,2,2.3244665666194053,2,0,0,0,0,0,0
33,8,91.9944839477539,92025,2,1.6671411754984409,3,0,1,0,0,1,0
49,15,43.75310134887695,91433,4,1.8019966826021685,3,135,0,0,0,0,0
34,12,169.6666717529297,95281,2,4.066857400164721,1,251,0,0,0,0,0
47,21,72.61114501953125,92042,2,6.4606632927079,1,103,0,0,0,0,0
51,15,96.3927993774414,91027,4,4.324027321764952,1,193,1,0,0,0,1
31,8,93.22301483154295,94347,2,1.7863569636161538,1,0,0,1,0,1,0
43,29,48.07834243774414,94815,2,2.077193952944468,1,137,0,0,0,1,0
55,31,52.47249603271485,91018,1,1.862275256519544,2,87,0,0,0,0,0
56,32,99.09994506835938,94186,2,0.6698212285410526,1,0,0,0,0,1,0
44,14,66.78578186035156,91325,4,2.120609836773492,3,0,0,0,0,1,0
37,16,99.54664611816406,94801,2,0.945079387213584,1,218,1,0,0,0,0
26,0,53.06203079223633,90466,4,0.6660383390071583,2,0,1,0,0,1,0
38,19,61.968238830566406,91449,3,0.6443814718942812,1,314,1,0,0,1,0
36,3,28.43058013916016,93659,3,3.383727663717323,3,0,1,1,0,1,0
56,17,27.26934814453125,94669,1,0.8153429601863336,1,0,1,0,0,1,0
40,17,49.46685791015625,92088,1,0.6012967700071589,3,0,0,1,0,1,0
39,13,57.74561309814453,90127,1,0.8096831530093291,3,0,0,0,0,1,0
25,3,35.241249084472656,91507,2,1.2415729766999144,3,206,0,0,0,1,0
44,7,59.08627700805664,94836,3,1.2494966368278897,3,0,0,0,0,0,0
36,34,45.11186981201172,90658,2,4.846046587824367,1,0,0,1,1,1,0
42,14,70.4087905883789,93000,2,1.8774797107677343,1,168,0,0,0,1,0
34,12,43.76852416992188,91126,3,0.1229256064307446,1,0,1,0,0,1,0
61,40,124.98989868164062,92050,2,2.817566800642351,1,0,1,0,1,1,0
40,6,20.86124038696289,93078,4,0.9316925166355228,3,0,1,0,0,1,0
67,42,37.96542739868164,93156,4,1.164828758214829,3,0,1,0,0,1,0
36,9,60.230072021484375,95603,1,2.4320385936325906,1,0,1,0,0,0,0
26,27,43.204708099365234,94938,1,2.010424486098692,2,66,0,1,0,0,0
38,10,55.80370330810547,92420,4,2.26247472048196,2,148,0,0,0,1,0
44,24,29.69729804992676,92145,4,0.2015428349584035,1,0,0,0,0,1,0
62,38,61.08188629150391,91824,2,1.923550425830061,1,0,0,1,0,1,0
35,10,103.3278350830078,91935,3,1.7153215826795287,1,185,0,0,0,1,0
35,23,125.92398834228516,89998,3,2.950218720974004,1,0,0,1,1,1,1
66,36,28.649904251098636,93363,1,0.2939038862381687,1,0,1,0,0,1,0
64,41,42.54284286499024,90177,3,1.089316670234979,1,157,0,1,0,0,0
47,19,49.27201843261719,93060,1,1.6039308388768458,2,0,0,0,0,1,0
44,13,73.98064422607422,93149,1,0.9089926363552636,1,0,0,1,0,1,0
45,24,93.28738403320312,95507,3,2.845470310285417,1,0,1,1,1,0,0
60,37,163.70819091796875,94435,1,6.622534344721268,1,0,0,0,0,0,0
48,10,106.48196411132812,90491,4,4.108148506692962,2,0,0,0,0,0,1
43,15,112.0705108642578,92907,1,6.191581462373281,3,0,0,0,0,0,0
58,33,96.7288055419922,92494,1,1.4361423175303991,1,117,1,0,0,1,0
62,32,48.69167709350586,94412,1,1.347138059535778,3,336,0,0,0,0,0
39,17,57.90100860595703,91906,4,1.136463422767323,2,0,0,0,0,0,0
43,28,74.21430206298828,93169,1,3.775269151291385,3,0,0,1,0,0,0
56,28,47.45888900756836,93033,2,2.187063043310236,2,0,0,0,0,0,0
37,12,63.98057556152344,90001,3,1.5220527282226852,2,0,0,1,0,1,0
53,14,34.387733459472656,92077,2,0.2684274588019831,1,0,0,0,0,1,0
37,4,30.092309951782227,94002,3,0.7734440992114988,1,0,0,0,0,0,0
37,10,49.33842086791992,94481,3,2.583734171707091,2,0,0,0,0,0,0
36,12,43.83847427368164,94762,4,1.5738648634393706,2,0,0,0,0,1,0
52,31,105.48095703125,90241,1,0.5588808803096361,1,0,1,0,0,0,0
55,34,61.01946258544922,94093,3,2.5616699108412484,2,0,0,0,0,0,0
44,15,34.62444305419922,90074,4,1.8763083917664949,3,90,0,0,0,0,0
49,25,166.8268585205078,90069,4,7.107283011316586,2,0,0,0,0,1,1
63,42,59.39124298095703,94565,2,0.3421735984694873,2,0,0,0,0,0,0
39,23,66.18798828125,94659,2,2.5492915741947995,1,0,1,0,1,1,0
37,13,94.08946228027344,94509,4,1.857577079232657,1,0,0,0,0,1,0
44,16,34.53483581542969,95625,4,0.0119904603376947,1,0,0,0,0,0,0
30,2,90.93695831298828,94148,2,0.729992858154423,2,0,0,0,0,1,1
32,9,54.71293640136719,93163,4,1.5286922549450983,2,0,0,0,0,0,0
52,29,120.0071029663086,95603,3,1.0261710810364402,3,0,0,0,0,1,0
53,26,65.49934387207031,94158,4,1.5944073136319752,2,261,0,1,1,1,0
31,7,61.48117446899414,90015,1,1.3373133774063029,1,85,1,0,0,1,0
45,15,91.82830810546876,94756,1,5.197264951974808,1,148,1,0,0,0,0
35,9,36.48979949951172,93163,1,1.517868466569969,1,0,1,1,0,0,0
53,34,15.817143440246582,94300,1,1.1467525461962398,3,154,0,0,0,1,0
38,23,110.02082824707033,95754,3,1.8006183184477038,2,0,1,0,0,0,0
39,13,17.59550666809082,93790,1,0.9275899390996644,2,95,0,0,0,0,0
54,34,46.834617614746094,92668,1,1.470997659712656,2,0,0,0,0,1,0
32,7,72.26728820800781,95793,4,1.3557710778544665,3,0,0,0,0,1,0
60,37,59.38468551635742,90458,4,1.4576665015745014,2,0,1,1,0,0,0
53,33,48.90450668334961,92224,1,1.5724725116331162,3,0,0,0,0,0,0
42,13,87.55355072021484,95205,3,0.7214726166457424,1,0,0,0,0,1,0
41,16,56.36319732666016,91445,1,2.873873381442253,1,0,1,0,0,1,0
51,33,60.43499374389648,89844,2,2.438405499542911,3,139,1,0,0,0,0
24,0,75.53195190429688,93640,4,2.3067399001961606,3,0,1,0,0,0,0
61,37,117.15689849853516,94242,2,2.072232414000215,3,0,0,0,0,1,0
40,3,110.44173431396484,90956,3,6.466611996859249,1,0,1,0,0,1,0
27,27,117.798583984375,94563,3,1.0429860772447197,2,165,0,0,0,0,0
41,32,94.37909698486328,94461,2,5.7084032810373335,2,0,0,0,0,1,0
60,28,87.09697723388672,93100,1,2.2620079864468727,2,0,1,0,0,0,0
31,18,117.69971466064452,92107,2,6.294908975213304,1,0,0,0,0,0,0
50,22,106.5442352294922,90533,1,4.2385488451828826,3,0,0,0,0,0,0
40,16,91.8962860107422,89939,4,0.2851966122778738,2,0,0,0,0,0,0
47,21,68.66807556152344,94685,2,0.0806924821929863,1,132,1,0,0,1,0
42,3,151.8475799560547,91413,2,1.6273618461281172,1,0,0,0,0,1,0
52,33,158.01376342773438,90122,2,0.6171758105141771,1,0,1,0,0,0,0
45,22,21.984561920166016,94816,2,0.2429100713589365,3,0,0,0,0,0,0
26,1,47.951881408691406,94295,1,0.4053803758546013,2,0,0,0,0,0,0
36,22,101.19585418701172,92359,4,1.7132210111457566,3,0,0,0,0,1,0
47,31,27.19994163513184,92811,4,1.1688623508789755,3,0,1,1,0,1,0
33,13,81.57335662841797,92740,1,3.05198044291334,1,0,0,0,0,0,0
29,3,61.89460754394531,94403,2,2.709148278834423,2,0,0,0,0,0,0
57,22,115.09944915771484,91448,2,0.5943552923813404,1,0,0,0,0,0,0
59,36,71.42732238769531,90131,2,1.4713934655470178,3,0,0,0,0,0,0
35,15,37.60432434082031,90108,4,1.083849311837757,2,0,0,0,0,1,0
31,11,37.6757926940918,92599,1,1.0838195360961247,2,62,1,0,0,0,0
43,21,48.12857437133789,91369,4,1.998915855493924,3,0,0,0,0,0,0
31,14,66.7005615234375,92869,2,0.940481784973526,3,227,1,0,1,0,0
64,39,62.3927001953125,93148,4,0.8280435995578156,1,0,1,0,0,0,0
47,33,51.79931640625,95863,3,0.8945190695247042,1,0,1,0,0,0,0
52,20,175.5397186279297,94142,4,0.5653038008649041,2,0,0,0,1,1,1
62,40,62.0117301940918,93982,2,0.0439388098182861,2,0,0,0,0,0,0
57,36,30.075984954833984,94431,2,0.8681739737005933,3,98,1,1,1,1,0
30,2,51.60230255126953,94769,2,1.91773460786694,3,0,1,0,0,1,0
55,26,25.07503318786621,89934,4,0.2418702882831068,3,0,0,1,0,0,0
45,33,33.34093475341797,92967,4,1.2814213107543326,1,162,0,0,0,1,0
50,24,121.95982360839844,92180,4,2.744274519222189,2,0,0,0,0,1,0
28,4,32.506004333496094,94573,3,0.9935518398945112,2,185,1,0,0,0,0
61,36,93.08151245117188,90946,1,1.781029970604343,1,104,1,0,1,1,0
46,19,101.0102310180664,91495,4,1.590579142347469,3,228,0,0,0,0,0
51,28,90.93685913085938,90272,1,2.0309196487939856,3,0,0,0,0,1,0
32,23,111.12370300292967,94872,1,2.067190645942415,3,275,0,1,1,0,1
65,41,119.20316314697266,96273,3,1.3851340708073512,1,206,0,0,0,1,0
42,12,33.446083068847656,94138,3,0.7417973891100421,2,0,0,0,0,1,0
24,3,22.326292037963867,90472,4,0.8256703415938554,2,94,1,1,1,1,0
40,19,83.96984100341797,91372,3,1.99790577151528,2,153,0,0,0,0,0
65,40,91.3368682861328,93092,4,1.9431283022499384,1,0,0,1,0,0,0
61,28,96.16786193847656,92074,2,3.645897052297408,1,0,0,0,0,0,0
32,10,40.95596694946289,91973,1,0.1866996368754724,1,0,0,0,0,0,0
45,3,26.95240020751953,96351,3,0.9605110760878762,3,213,0,1,0,1,0
40,14,66.26904296875,91816,3,1.6794728277384516,2,132,0,0,0,1,0
44,19,98.34416198730467,94520,4,1.3353648217368244,2,235,1,0,0,1,1
63,31,15.288235664367676,95738,3,0.7207794035100167,2,99,0,0,0,1,0
43,15,58.09672164916992,92415,1,0.2577685278728945,2,0,0,0,0,1,0
51,31,65.827392578125,93230,1,2.475034486943492,3,0,0,0,0,0,0
56,28,99.5294418334961,91911,1,1.823857137284139,3,0,0,1,0,1,0
31,6,176.2357177734375,89857,1,3.7579589569003513,1,0,0,0,0,0,0
63,39,62.9437141418457,91807,2,1.6557981729713684,1,0,0,0,0,0,0
60,39,113.92235565185548,92295,4,1.5918100220587958,3,114,0,0,0,0,1
63,35,23.31127548217773,95385,4,0.7371534944584488,3,67,0,0,0,1,0
55,31,118.74312591552734,93962,2,1.5020784964462728,1,0,0,0,0,0,0
62,37,65.8409194946289,94576,3,0.3460168741230564,3,0,0,0,0,0,0
61,37,31.351356506347656,94714,1,2.5239812804891693,2,0,1,1,0,0,0
43,13,47.07003021240234,94669,3,0.2500371255776318,2,115,1,0,0,1,0
44,12,94.54602813720705,92379,2,0.2927061886434797,1,0,1,0,0,0,0
61,31,12.125743865966797,95282,4,2.442332128801093,2,0,1,0,0,0,0
45,28,54.7588005065918,91872,4,2.2919243131336797,3,0,0,1,0,1,0
63,37,31.41708755493164,91014,4,0.6963617761259259,3,0,1,0,0,0,0
50,15,129.06103515625,94956,4,6.85136028487151,1,0,0,0,0,0,1
48,25,32.543846130371094,96139,2,1.7023695117100173,3,177,0,0,0,1,0
36,13,32.301513671875,95935,4,0.0122707440878135,1,0,1,0,0,1,0
57,31,17.116153717041016,91179,4,0.3535903428223484,2,94,0,0,0,0,0
29,36,103.92034912109376,91668,3,1.9587959409464764,2,0,0,0,0,1,0
62,37,43.591758728027344,93884,3,0.1973185338403017,3,0,1,0,0,0,0
36,22,74.75582122802734,94301,3,1.2365575877385682,3,0,0,0,0,0,0
27,3,70.237060546875,89959,4,1.3136929411195435,3,229,0,0,0,1,0
28,2,71.65675354003906,92305,2,0.3840403913721989,1,0,1,0,0,1,0
51,27,44.99331665039063,90260,1,2.5039748854730117,2,0,0,0,0,1,0
60,35,82.43185424804688,89863,1,0.5851378878185783,2,0,0,0,0,1,0
55,33,100.67991638183594,92869,4,4.6421878013239,1,0,0,0,0,0,0
37,21,62.12952423095703,93991,3,1.150877251236084,3,0,0,0,0,1,0
51,31,62.36417007446289,94658,3,1.9505172523251448,3,0,0,1,0,0,0
34,16,47.31056213378906,91688,3,0.1616798620549323,1,0,1,0,0,1,0
56,30,45.11860656738281,94154,2,3.253224763233157,3,0,1,0,0,1,0
54,33,51.46627807617188,94234,4,1.3997183393265646,2,106,0,0,0,1,0
55,33,194.93316650390625,94851,2,4.387984157270393,1,0,1,0,0,1,0
42,10,106.43406677246094,90812,3,2.641903508104974,1,0,1,0,0,0,0
41,18,83.16631317138672,94743,1,4.153814666174739,1,103,0,0,0,1,0
38,10,46.287574768066406,92887,2,0.8980012859326022,1,0,0,0,0,1,0
43,19,41.90247344970703,95469,4,0.4189804278442149,3,210,0,0,0,0,0
43,11,68.28453063964844,90321,3,4.321611836410078,3,337,0,0,0,1,0
34,10,49.56975555419922,94722,4,0.2708924247860657,1,191,0,0,0,1,0
56,34,27.60931396484375,94463,1,1.7271321239994069,3,90,0,0,0,1,0
38,0,142.8706512451172,93260,1,1.1349691893341602,2,0,0,0,0,1,0
50,32,135.0242462158203,95891,1,2.864332499851592,1,0,0,0,0,1,0
34,6,31.55324935913086,93066,1,1.161822319343946,3,0,1,0,0,1,0
30,2,11.49997329711914,94490,4,0.9988741122712812,2,112,0,1,0,1,0
63,36,63.75561141967773,93971,4,1.1987755903751618,3,0,0,0,0,1,0
27,1,32.37718963623047,95016,4,1.483369227245063,2,198,1,1,1,1,0
40,15,101.55690002441406,90003,2,2.215129031191231,3,0,0,0,0,0,1
29,4,65.45561981201172,95269,4,0.4634056248189135,3,0,1,0,0,1,0
45,21,23.1614990234375,95138,2,2.246746970984108,1,0,0,0,0,1,0
31,9,18.04447555541992,91356,2,0.2590001187317267,3,0,0,0,0,1,0
52,18,110.62244415283205,90876,3,3.1031825332723395,3,0,1,0,0,0,0
26,5,46.19194412231445,91851,3,2.0126524737932243,3,135,0,0,0,1,0
57,28,25.96088981628418,91709,1,0.2820379993893588,3,157,0,0,0,1,0
32,18,66.51726531982422,90159,2,1.2811857321614974,3,0,0,0,0,0,0
51,23,136.48231506347656,93965,2,6.596416465821188,2,0,0,0,0,0,0
31,4,37.35118103027344,91438,4,2.3917543879700456,1,0,0,0,0,0,0
55,25,38.998477935791016,95517,1,0.1240369677616675,3,0,0,0,0,0,0
43,20,77.29676055908203,94293,4,2.007616527706946,2,0,0,0,0,0,0
57,27,30.611820220947266,94796,1,1.824432804636199,2,0,0,0,0,0,0
34,3,60.54584503173828,94380,1,1.875778515011021,3,0,0,0,0,0,0
52,31,34.67839813232422,92845,2,0.5447908314506749,3,0,0,0,0,1,0
47,17,115.7864990234375,96292,2,2.2862501165742466,1,0,1,0,0,0,0
37,12,66.67715454101562,93556,1,0.228103466840448,2,0,0,0,0,1,0
47,4,23.20233917236328,94222,2,0.5594451034275487,3,149,0,0,0,1,0
54,30,56.60026168823242,95309,1,2.441444847868273,1,0,1,0,0,1,0
44,20,168.5697479248047,95822,2,7.732635894519007,2,0,0,0,0,1,1
42,22,78.70590209960938,90819,1,1.0523434131253004,1,0,1,0,0,0,0
30,6,59.279422760009766,92072,4,1.4996789579205907,2,0,0,0,0,0,0
41,19,55.774169921875,95404,4,0.2655680569715621,2,0,0,0,0,0,0
57,27,57.5432243347168,92117,2,1.6043211182666253,1,0,0,0,0,0,0
62,36,41.25064086914063,92705,2,1.6061987730866254,1,0,0,0,0,0,0
39,6,50.19044876098633,95298,1,1.8892428823196068,3,276,1,0,0,0,0
47,13,182.0281982421875,91999,4,4.304583721746443,3,0,0,0,0,1,1
32,4,31.832931518554688,91257,2,0.1804923272014994,1,0,1,0,0,0,0
40,25,60.21165466308594,95933,3,2.457883168682834,1,0,1,1,0,1,0
43,16,77.12276458740234,94857,4,0.0895651640512477,3,0,0,0,0,0,0
37,21,42.05508804321289,93288,4,0.2008476056758791,3,0,0,0,0,1,0
34,8,36.21794891357422,94123,1,1.4688070894824596,1,0,0,0,0,1,0
59,32,56.35895538330078,95795,4,0.6170755871698932,3,0,0,0,0,1,0
27,4,65.82473754882812,92474,3,1.253041854149777,1,0,0,0,0,0,0
33,14,147.9716339111328,93447,2,3.170181153136772,1,0,0,0,0,0,0
53,28,111.26226043701172,94760,4,0.3865141817158167,3,88,0,0,0,0,0
38,14,145.2115478515625,94726,3,1.938525279722991,2,420,1,0,0,0,0
54,22,56.6713752746582,92812,4,1.7347348163239849,3,0,1,0,0,1,0
49,12,28.367061614990234,90350,4,0.1001557110068623,1,88,0,0,0,0,0
46,19,80.49981689453125,92752,3,0.4930823165352145,3,0,0,0,0,0,0
63,40,61.52788162231445,94483,4,0.3978766142748638,2,0,0,0,0,0,0
55,23,39.597312927246094,92352,1,1.976814910682998,2,0,0,0,0,0,0
54,17,62.15998458862305,92394,1,1.4971540159371644,1,0,0,0,0,1,0
52,33,214.44102478027344,94635,1,8.540186692390131,1,0,0,0,0,1,0
33,2,84.47791290283203,94478,1,8.007536977812023,1,0,0,0,0,1,0
55,35,14.753167152404783,92078,2,1.7425974170450371,1,103,1,0,0,0,0
29,12,44.74318313598633,91450,4,1.419766906466038,1,78,0,0,0,1,0
46,25,57.680511474609375,94744,4,0.9319472560152372,3,0,0,1,0,1,0
50,27,42.99702072143555,94272,4,1.49979456989234,2,0,1,0,0,1,0
27,3,84.88130950927734,93422,1,1.0535346732854274,2,0,1,0,0,0,0
49,29,184.2983856201172,92557,4,4.366633738829436,2,0,1,0,1,1,1
29,4,166.6967010498047,94768,2,6.808230388988549,1,236,0,0,0,1,0
51,25,36.64836883544922,92325,1,0.3159979765907351,1,0,0,0,0,1,0
32,6,109.8666000366211,90282,4,1.7303604548321694,2,0,0,0,0,1,0
56,35,50.89199066162109,92204,2,0.3728577787350909,1,0,0,0,0,1,0
43,19,135.3766632080078,95190,1,2.4526053138661,1,0,1,0,0,1,0
26,3,138.9337921142578,95989,1,2.457014811745864,1,148,0,0,0,1,0
53,19,31.696712493896484,91704,1,1.3446927291777149,3,0,0,1,0,1,0
39,14,33.94084548950195,91939,4,0.6534754779049864,1,0,0,0,0,0,0
27,5,20.368946075439453,94712,4,1.3980685738496037,3,0,0,0,0,0,0
63,37,66.09346771240234,94316,3,2.0975546986348594,1,0,0,0,0,0,0
28,11,32.2435302734375,93079,3,0.9322991999888682,3,0,1,0,0,1,0
27,4,195.29400634765625,89987,1,8.211119108820533,1,236,1,0,0,1,1
62,13,87.77033233642578,95496,2,6.690659096747014,1,0,0,0,0,1,0
36,11,32.599952697753906,93394,3,0.427711782015115,1,0,1,0,0,0,0
46,14,68.14485168457031,91260,2,0.8005994410856414,1,0,1,1,1,1,0
58,31,47.18276596069336,92310,3,0.8367570211107813,1,0,0,0,0,0,0
55,31,132.21864318847656,95022,3,5.11972261136685,2,0,0,1,0,0,0
44,16,68.58206176757812,95600,2,2.674845474574376,1,0,1,1,0,1,0
41,14,82.11852264404297,94777,2,2.5982703211164457,1,236,1,0,0,1,0
58,31,103.78303527832033,91119,4,0.5035653891810707,1,149,1,0,0,0,0
60,34,10.310386657714844,93379,4,0.5560583988996918,2,0,0,0,0,0,0
55,22,127.01329803466795,94874,1,2.8734782513942685,1,0,0,0,0,1,0
35,3,58.231971740722656,96320,4,0.4721753526714785,1,217,0,0,0,0,0
32,10,81.54166412353516,95035,2,3.293298486646146,3,0,0,1,0,1,0
28,28,65.25233459472656,93902,3,0.3182666160046984,1,115,0,1,1,1,0
33,9,95.4788589477539,92934,2,2.531052075701305,3,201,0,0,0,0,0
61,32,106.5576171875,92309,1,2.677592773907376,2,251,0,0,0,1,0
45,32,71.19331359863281,92262,1,1.1351893306305616,1,0,0,0,0,1,0
29,2,10.58872890472412,96217,3,0.4166771977465767,3,97,1,1,0,1,0
47,27,167.21609497070312,94494,2,5.59375390645862,1,0,1,0,0,1,0
50,25,25.60439682006836,92866,1,2.142039592618557,2,0,0,1,0,1,0
41,31,152.25843811035156,94649,1,5.375508220186049,3,0,0,1,0,1,0
53,32,55.9507064819336,89950,3,0.9189887238670492,3,155,0,0,0,1,0
62,41,78.31385040283203,95274,3,2.653206343085646,2,0,0,0,0,0,0
38,15,181.68418884277344,94548,1,7.887136296166695,1,0,0,0,0,1,0
29,9,69.13786315917969,94323,1,1.685378234988366,2,0,0,1,0,1,0
56,23,56.68983840942383,90882,4,2.2686220291118104,1,0,0,0,0,1,0
51,25,54.25402069091797,95075,2,1.390078746256323,3,0,0,0,0,0,0
27,2,195.05340576171875,95704,1,2.385279605463393,3,0,0,0,0,0,1
35,8,50.77459335327149,94346,4,1.5677981511367796,1,0,1,0,0,0,0
58,18,73.4343490600586,90557,2,0.3235323539278326,1,0,0,0,0,1,0
29,4,25.021699905395508,94721,3,0.5206096858402175,2,0,1,0,0,1,0
38,10,26.56596946716309,94990,3,1.2817799607147684,1,237,1,0,0,0,0
32,8,84.68148803710938,92647,3,4.770055332752401,1,0,0,0,0,0,0
49,21,82.87152099609375,91955,2,2.137179477352366,1,0,0,0,0,1,0
52,34,96.55496978759766,92906,4,1.467532447823525,3,0,0,0,0,0,1
42,12,109.88794708251952,90524,2,2.883008018017545,3,0,0,1,0,1,1
37,12,67.47383117675781,91057,3,0.1308907403573551,2,115,0,0,0,0,0
24,0,105.6090850830078,94238,4,3.016075885784613,2,0,0,0,0,1,0
60,35,89.1233139038086,94311,4,1.4793887883620296,3,0,0,0,0,0,0
27,0,96.6241683959961,94028,2,0.5095303440149876,3,0,1,0,0,1,0
37,6,73.96851348876953,95841,3,1.4581130341815949,2,222,0,0,0,1,0
53,27,21.25850486755371,92387,4,2.68148422851866,2,0,1,0,0,1,0
26,4,35.18809127807617,89966,3,1.5810099006045335,3,104,0,0,0,1,0
56,22,156.8099822998047,94883,2,1.9477574770366728,1,0,0,0,0,1,0
34,10,35.055721282958984,95860,4,0.5656101979185457,3,0,0,0,0,1,0
57,33,78.47737884521484,94556,2,1.584256315244763,1,0,1,0,0,1,0
64,39,178.28453063964844,94988,1,2.2540067836197464,1,0,1,0,0,1,0
50,22,56.18976211547852,90273,3,0.987267262066232,2,0,0,0,0,0,0
29,3,56.88858413696289,94670,1,3.949511613271217,1,0,0,0,0,0,0
58,28,36.858055114746094,91765,3,1.2506291288157954,3,178,0,0,0,1,0
52,31,94.11380767822266,95398,3,2.3982680938671974,1,196,0,0,0,1,0
45,14,127.58759307861328,90271,1,2.474014847339923,1,210,0,0,0,1,0
64,37,87.81493377685547,95402,3,0.7544126856413891,1,0,0,0,0,1,0
29,8,38.615421295166016,92701,1,0.2747104483781412,3,0,1,0,0,0,0
33,7,105.17597198486328,90508,2,2.704010438610692,1,103,0,0,0,0,0
66,40,92.1765594482422,96269,3,1.9800020308953203,3,0,0,0,0,1,0
60,16,39.101192474365234,93357,2,0.7466328354450499,2,0,1,0,0,0,0
59,22,44.06187438964844,94454,2,1.3989785326118025,2,62,1,0,0,1,0
45,25,123.19888305664062,94353,3,0.490178895656941,1,0,1,0,0,1,0
47,18,38.56379699707031,91610,3,0.985425786458728,2,71,0,0,0,1,0
49,23,41.868953704833984,94031,4,1.6726597175773052,2,0,0,0,0,0,0
52,33,39.498802185058594,90103,1,0.7663908944538129,3,0,0,0,0,1,0
50,15,32.11811065673828,95287,3,0.6141589719706884,2,0,0,1,0,0,0
56,26,136.1085205078125,94087,1,1.3794708373124431,3,0,0,0,0,1,1
41,15,79.5217056274414,91734,3,2.651531853313005,2,0,0,0,0,0,0
47,15,128.307373046875,90747,4,0.1416009729805253,3,96,0,0,0,0,1
41,24,180.74478149414065,92056,2,5.076173947138547,1,0,1,0,0,0,0
65,40,26.234737396240234,90100,4,0.4122033771596587,2,0,1,0,1,1,0
50,26,41.12889862060547,95090,3,1.136671707988367,1,147,0,0,0,1,0
34,10,95.22113800048828,94976,2,0.5326816431875204,1,0,0,0,0,0,0
48,24,201.86590576171875,89878,1,5.816794127347034,1,0,1,0,0,1,0
48,32,36.51813507080078,94812,2,0.0441457231401697,1,0,0,0,0,0,0
41,17,46.91366958618164,93947,3,1.418139471571932,2,104,0,1,0,0,0
38,7,73.97444152832031,94326,2,5.217666746925303,1,393,1,0,0,1,0
43,14,82.07616424560547,93090,4,1.3242401449936072,1,153,1,0,0,0,0
38,14,199.8857879638672,92129,1,6.599769939442678,1,179,0,0,0,0,0
49,17,80.97940826416016,92049,2,0.1071566661982338,1,0,0,0,0,1,0
38,12,145.98170471191406,92812,2,5.417611789603761,1,363,0,0,0,1,0
55,23,118.30635833740234,91000,3,1.7127597680705116,2,272,1,0,1,1,0
48,26,145.01710510253906,94211,2,3.0023534298235286,2,351,1,0,0,1,0
57,39,152.22366333007812,95607,2,0.1491160710832831,1,0,1,1,1,1,1
58,24,109.70958709716795,90102,2,3.074361249138585,2,388,0,0,0,1,1
26,1,66.48342895507812,95732,4,1.6430665966029825,1,121,1,0,0,1,0
45,0,74.77069091796875,94369,1,2.394151289009508,2,0,0,0,0,0,0
31,6,65.65040588378906,91438,3,1.0195448574801915,1,0,0,0,0,1,0
25,4,100.05055236816406,91194,3,0.3730025633558929,1,0,1,0,0,1,0
47,21,27.576934814453125,95901,2,0.9609457579121494,3,0,0,0,0,1,0
47,15,149.05111694335938,96176,1,3.64980323881016,1,0,1,1,1,1,1
44,19,75.76158905029297,94017,4,2.197536636191376,3,162,0,1,0,1,0
57,34,94.65755462646484,95048,2,1.6350713549673823,1,0,0,0,0,1,0
57,22,30.944061279296875,93069,4,0.9972123059988538,3,0,0,0,0,0,0
35,-1,158.18663024902344,95530,2,4.808311794868638,3,454,0,0,0,0,1
35,14,116.86504364013672,92251,1,0.6411373199794306,2,0,0,0,0,1,0
54,31,46.52566146850586,94400,1,0.4325463197261057,1,0,0,0,0,1,0
27,3,61.42438125610352,95100,4,0.1793785445838918,1,128,0,0,0,1,0
51,14,82.43741607666016,94862,1,0.3136781240682867,2,0,1,0,0,0,0
48,25,77.36275482177734,91126,1,2.536532146764761,1,0,0,0,0,0,0
62,28,40.90945053100586,94519,2,1.4958059880898318,3,0,0,0,0,0,0
31,7,90.5280303955078,95203,1,2.4815015977808508,2,0,0,1,1,1,0
29,6,63.89458847045898,95667,1,2.8585086376253224,2,0,0,0,0,1,0
29,7,42.85077667236328,93297,4,0.2423029489104724,1,84,1,0,0,1,0
52,27,82.84226989746094,92259,4,0.6854755261086777,2,92,0,1,0,0,1
56,28,29.35883140563965,95017,2,0.5219399993918823,1,156,0,0,0,1,0
31,15,63.73370742797852,93135,2,3.487877826960257,3,118,0,1,0,0,0
52,26,129.84332275390625,90209,3,3.446914883002912,1,0,1,1,1,1,1
26,13,188.7003936767578,95921,1,7.89280260199221,1,0,0,0,0,1,0
59,24,53.40046691894531,94426,1,0.8979162752473084,2,79,1,0,0,1,0
61,38,17.322662353515625,92396,4,1.0443755629613851,1,0,1,0,0,1,0
38,12,42.09568786621094,94318,4,1.980549007349565,2,164,0,0,0,1,0
56,37,37.53439331054688,95574,1,1.562278100994224,1,0,1,0,0,0,0
60,35,40.45203399658203,95599,1,0.865943912616194,1,0,0,0,0,0,0
49,26,34.08511734008789,94106,4,0.5357429288833524,2,99,0,0,0,1,0
44,25,60.74111557006836,93372,4,2.95225160688471,3,0,0,0,0,1,0
45,22,65.10089874267578,94558,4,2.4022868185987765,2,0,1,0,0,1,0
35,2,39.05867767333984,90781,2,1.5559376142471346,3,0,0,0,0,1,0
34,14,58.58365249633789,95798,2,0.4271179431594299,1,0,0,1,0,0,0
44,23,139.61053466796875,95359,1,5.983988241732451,1,0,0,1,1,0,0
32,5,27.235654830932617,95284,3,1.903288893870206,1,0,0,0,0,1,0
62,31,55.85220336914063,94455,4,1.0758128603414487,3,137,1,0,0,0,0
39,14,71.42915344238281,93619,4,1.9616291439656712,2,0,0,0,0,1,1
43,18,135.74696350097656,95310,3,6.777459191167043,1,283,1,0,0,0,0
44,18,61.3776741027832,95275,2,1.7785199157062808,3,0,0,1,0,0,0
47,22,18.962480545043945,91174,3,0.7588302081742,3,94,1,0,0,1,0
61,35,101.51300811767578,90033,2,5.194773301112889,1,0,0,1,0,1,0
56,8,100.90764617919922,93741,4,1.0816828062386263,1,0,0,0,0,0,0
41,26,74.5236587524414,94056,2,0.8370765956488435,3,105,1,0,0,0,1
29,4,117.37562561035156,95580,3,1.787798566347178,2,0,0,0,0,1,0
31,14,20.79135513305664,92459,1,0.4740604370695683,3,0,0,0,0,0,0
54,21,65.90945434570312,94849,2,1.0097187812247723,3,0,0,0,0,0,0
41,13,77.46009826660156,95586,3,1.148521363546101,1,97,0,0,0,1,0
46,29,90.91136932373048,94549,3,1.378773801262028,3,0,0,0,0,1,0
58,33,10.030221939086914,92309,2,0.1660040456999927,3,68,0,1,0,0,0
34,16,16.796045303344727,92292,4,0.2617517624329601,2,0,0,0,0,0,0
62,38,137.98353576660156,92131,1,2.096850512607991,1,0,0,0,0,0,0
54,33,63.30679702758789,92075,1,2.692836347902341,1,0,1,0,0,0,0
35,6,65.53977966308594,90361,2,1.5300808350309825,2,0,1,0,0,1,0
28,3,27.907150268554688,92345,4,1.914901309009527,2,167,0,0,0,1,0
60,34,58.45500946044922,92150,4,0.149485925715551,1,0,1,0,0,0,0
29,1,184.2819061279297,95115,4,5.897641452610178,1,0,0,0,0,0,0
47,27,98.84382629394533,92129,1,2.20684948837311,1,0,0,1,0,0,0
37,16,146.39712524414062,95191,1,2.6547019807679826,3,0,0,0,0,1,1
50,24,54.24446105957031,92906,4,0.641979820502873,1,73,0,0,0,0,0
48,30,17.43854522705078,92195,1,0.2774961358723416,2,0,0,0,0,1,0
66,38,108.88157653808594,91608,4,1.4775831584141348,3,244,0,0,0,1,0
37,15,59.626075744628906,90408,2,0.5973271879900481,1,0,1,0,0,0,0
31,3,63.86637878417969,93732,1,2.348361539188221,3,0,0,0,0,0,0
51,22,62.30873107910156,90262,4,1.3302481829016075,3,368,0,0,0,0,0
25,0,19.102632522583008,93959,4,0.1880680965601386,2,94,1,0,0,0,0
33,10,119.83927154541016,94264,2,5.146956752380195,1,0,0,1,0,0,1
48,33,83.79044342041016,92257,2,1.0856370678835927,3,222,0,0,0,1,0
61,39,33.22934341430664,95026,3,0.9845175944503456,1,0,1,0,0,1,0
64,34,37.684417724609375,89978,3,1.6495421331294633,1,0,1,1,0,1,0
52,33,31.8752498626709,91997,4,1.4306666038359055,1,0,0,0,0,0,0
44,12,57.24530029296875,93062,4,2.203230934819386,3,228,1,0,0,1,0
56,25,15.342966079711914,94678,2,0.4102436594866165,2,195,0,0,0,1,0
56,33,21.52157211303711,94692,2,0.9347034915954932,1,96,1,0,0,0,0
65,40,78.26495361328125,95654,4,1.0750965848586955,2,118,0,0,0,0,0
46,23,46.02436828613281,91455,1,0.9673229318011418,1,302,0,0,0,0,0
48,25,83.7893295288086,89924,2,0.9280410070111694,1,0,1,0,0,0,0
58,29,53.5425910949707,92809,4,0.4323551629427548,1,0,0,0,0,1,0
29,26,135.94964599609375,89980,4,4.563015842867213,1,0,1,1,1,1,1
57,27,25.89354133605957,94247,4,1.4145266380444648,3,136,0,0,0,0,0
52,29,76.2008285522461,94466,1,0.3704843987584101,3,0,1,0,0,1,0
29,12,130.833984375,90184,2,3.524133678541501,1,0,0,0,0,0,0
41,14,171.4426727294922,94740,2,1.1888181986408677,3,316,1,0,1,0,1
56,26,74.10887145996094,91679,1,1.5960763998089789,2,193,0,0,0,0,0
37,2,72.56786346435547,92299,1,1.7575414071500028,3,0,0,0,0,0,0
26,4,46.69911193847656,92458,3,1.5365199485190146,2,0,0,0,0,1,0
33,16,74.72846221923828,94161,2,1.2905216143179432,3,0,0,0,0,1,0
30,5,155.4228515625,95634,3,4.314730062859072,1,0,0,0,0,0,1
42,20,39.09983825683594,92118,4,0.9055876671475964,1,0,1,0,0,0,0
61,39,35.269439697265625,94947,4,0.5305515356636799,1,96,1,0,0,1,0
52,31,20.708038330078125,96370,3,0.6345251146998547,3,0,0,0,0,1,0
52,30,103.74920654296876,93041,1,3.442147570197561,1,0,1,1,0,0,0
44,20,70.51783752441406,94515,3,1.3887868196272146,2,148,1,1,0,0,0
41,17,31.057802200317383,96005,2,0.754763672721037,2,0,0,0,0,1,0
55,31,102.61572265625,95565,4,1.65252738265156,2,0,0,0,0,0,1
29,5,63.44945526123047,94663,1,1.2350366562486532,3,0,0,0,0,1,0
59,39,97.69146728515624,90616,4,0.5197624916038084,1,0,0,0,0,0,0
29,8,61.2906608581543,94344,1,2.437606351185652,3,0,0,0,0,1,0
58,38,51.011505126953125,94299,4,2.293276927263482,1,0,0,0,0,1,0
36,7,107.83626556396484,92195,4,2.196557436770392,1,304,1,0,1,1,0
30,25,132.67889404296875,92587,2,7.384679820873492,1,0,1,0,0,0,0
39,19,73.54419708251953,92380,2,1.4612754384901954,1,0,0,0,0,0,0
28,4,50.70882415771485,94193,2,1.627263768909348,3,0,0,1,0,1,0
29,-2,20.42261505126953,93783,4,0.3425506624414094,1,0,0,0,0,1,0
28,0,134.2120361328125,91272,2,1.2799228428897216,1,380,0,0,0,1,0
38,19,161.03265380859375,92159,2,3.5496695109495384,3,0,0,0,1,1,1
55,31,74.1917953491211,92109,2,2.683972864776216,2,334,1,0,0,0,0
57,35,66.37171173095703,92987,4,1.972374471784465,3,0,0,0,0,1,0
65,40,72.86319732666016,95816,1,2.460632665907731,1,0,1,0,0,0,0
31,6,105.5836944580078,90100,1,1.123104656382648,1,0,0,0,0,1,0
66,37,37.23358917236328,94978,3,2.256791327488086,1,0,0,0,0,1,0
60,39,106.63312530517578,92944,1,0.700160928167972,3,0,1,0,0,0,0
35,4,38.49040985107422,92928,2,1.2902154805109296,3,0,0,0,0,1,0
63,38,87.3560562133789,90114,4,6.246760013874927,1,0,0,0,0,0,0
29,4,103.94450378417967,90150,3,7.0648842342299965,2,0,0,0,0,1,1
52,32,85.72354125976562,92131,2,0.4245660300908609,1,384,0,0,0,1,0
58,32,62.767364501953125,90181,2,0.2350862834835082,1,0,1,0,0,1,0
28,2,49.75894165039063,90749,4,2.317456774149878,2,0,0,0,0,0,0
63,34,202.59898376464844,92169,3,4.01417483699633,1,0,0,0,0,0,0
42,19,36.36627197265625,92022,2,2.16250140043225,3,0,1,0,0,1,0
57,38,96.65914916992188,93734,1,2.002939069903815,1,483,0,0,0,1,0
44,6,56.5974235534668,94387,4,1.431562949435178,2,0,0,0,0,1,0
41,20,40.1472282409668,93431,2,3.4552382887182387,2,0,0,0,0,0,0
36,5,42.7514877319336,90192,3,1.1848300664474098,3,0,0,0,0,1,0
48,27,64.42692565917969,92062,1,0.0247577911860324,3,0,0,0,0,1,0
45,17,66.2835693359375,94273,2,4.5676165950954175,2,232,1,0,0,1,0
43,13,99.80461883544922,91224,4,3.380930764222999,1,0,1,0,0,1,1
57,22,92.77066802978516,95004,1,6.018351656876599,1,173,0,0,0,0,0
64,38,75.3546371459961,94047,1,2.4658733685650818,2,0,0,0,0,0,0
45,18,61.44870376586914,89990,3,1.3567934888359183,1,173,0,0,0,0,0
51,25,130.80148315429688,94819,1,4.3442881104238165,2,200,0,1,0,1,1
53,27,59.18220138549805,95514,1,0.8333880424926489,3,0,0,0,0,1,0
61,31,102.26050567626952,90273,3,1.7933429152689624,3,212,0,0,0,1,0
65,36,116.55663299560548,93236,3,2.550156729587361,2,0,0,0,0,0,0
38,18,65.52154541015625,93643,2,1.1457494745903705,1,0,1,0,0,0,0
53,31,132.1337890625,94667,1,7.648332711556297,1,0,0,0,0,0,0
40,10,125.77902221679688,95183,4,1.3601734998099284,3,0,0,0,0,0,1
31,7,51.71981430053711,91208,3,0.7576899188033206,3,151,0,0,0,1,0
60,42,36.57312774658203,96015,1,0.0118122017626413,3,0,1,0,0,1,0
54,26,37.14002990722656,91597,3,1.934901980295953,2,132,1,0,0,1,0
50,19,69.49386596679688,94670,3,1.3311620511781848,2,0,0,1,0,0,0
29,4,26.822895050048828,96349,4,0.5046266712093571,1,0,0,0,0,0,0
60,38,61.76958465576172,95795,1,5.929874680095755,1,0,0,0,0,0,0
42,11,61.48413848876953,91364,2,0.7692031933446157,3,0,0,0,0,0,0
38,16,60.57313537597656,95228,1,0.2318878276174406,3,0,0,0,0,1,0
38,22,58.558895111083984,96341,2,0.3852526955612735,2,0,1,0,0,1,0
34,8,95.20825958251952,92936,1,0.5969012964005496,3,0,0,0,0,1,0
63,36,59.66189956665039,89876,1,0.3535966733416682,1,0,0,0,0,0,0
46,9,80.52685546875,90126,3,0.3238512289144059,2,0,0,0,0,1,0
58,31,56.19189453125,96136,3,2.135761632829446,3,0,0,0,0,0,0
33,3,18.37531471252441,92223,1,0.5640500622090199,2,0,0,0,0,1,0
53,23,77.25064086914062,90475,4,1.782195944253535,3,299,0,0,0,1,0
55,35,126.2631607055664,91409,1,2.8928231726149765,1,0,0,0,0,0,1
27,-1,54.37738037109375,92599,2,0.6719818556762145,3,0,0,0,0,1,0
27,2,29.21564674377441,93135,4,1.6481793009455397,3,0,1,0,0,1,0
33,3,92.69483184814452,92139,3,1.4015371973051745,3,108,0,0,0,0,0
52,30,50.08357620239258,94340,4,1.565970278030012,3,158,1,0,0,0,0
55,36,151.96099853515625,89929,4,1.3981900600827375,1,0,0,0,0,1,0
44,20,56.17335510253906,94693,3,0.6592807421617406,1,0,0,0,0,0,0
41,15,104.66053009033205,90243,1,1.2017943372249196,1,0,0,0,0,1,0
62,35,82.08771514892578,93988,4,0.2713771816969013,3,0,0,0,0,1,0
41,14,59.64360809326172,94969,1,2.8622758471769245,2,217,0,0,0,1,0
50,28,10.989501953125,94635,1,1.0925594182267548,1,0,1,0,0,0,0
44,10,77.6364517211914,92619,1,3.4658427195982875,1,0,0,0,0,0,0
55,22,77.036376953125,90040,4,2.0632482150998426,1,0,0,0,0,1,0
30,3,19.55146026611328,93486,4,2.180860686454855,3,0,0,0,0,0,0
39,21,148.63528442382812,95253,1,0.2773200736185082,1,0,1,0,0,0,0
62,35,29.782360076904297,95581,3,0.4490634237695234,3,0,0,0,0,0,0
56,24,32.484832763671875,91594,1,1.7730153895349898,3,0,0,0,0,1,0
48,24,42.21235275268555,95202,4,0.5985277517598053,1,0,1,0,0,0,0
61,39,45.01888656616211,91107,4,0.2490509618329318,2,180,0,1,0,0,0
55,31,111.27505493164062,94524,1,2.1727345346233022,1,0,0,0,0,0,0
34,9,106.57025146484376,95024,4,1.24873571853156,2,0,0,1,0,1,1
35,16,80.66082763671875,90335,1,0.5053015600809225,1,0,0,0,0,1,0
56,36,77.93817901611328,95501,2,0.3814801613797909,1,0,0,0,0,0,0
55,28,105.29680633544922,92110,2,6.5117364329334055,1,0,1,0,0,0,0
39,13,79.02261352539062,95689,1,0.2729533598505113,3,0,1,0,0,0,0
42,24,24.02479362487793,91823,3,0.7745945094009626,2,0,0,0,0,1,0
52,30,79.15648651123047,95573,3,2.203252266271017,1,0,0,0,0,0,0
32,5,119.79438018798828,95045,1,1.1291254533628183,2,0,0,0,0,1,0
42,26,209.66497802734372,94858,1,5.91590262188277,1,114,0,0,0,0,0
34,10,32.43614959716797,90997,3,2.1135636798499653,1,0,1,0,1,1,0
56,36,57.50746536254883,92247,4,0.1095443867062254,1,0,1,0,0,1,0
25,3,35.93354797363281,94614,2,2.354226290277689,2,389,0,0,0,0,0
41,26,123.88532257080078,93881,2,3.688529454197,1,0,1,0,0,0,0
33,10,27.9066219329834,90579,3,0.1914855267915284,1,0,0,0,0,0,0
34,7,94.17681884765624,91974,2,1.3857119932855555,1,0,0,0,0,1,0
29,1,73.84539794921875,93466,2,2.057943516804954,1,0,0,0,0,1,0
39,10,98.6395492553711,93078,1,0.4035643885948379,3,0,1,0,1,1,0
28,2,48.9515380859375,94625,4,2.2026707685042464,3,0,0,0,0,0,0
42,8,59.14582824707031,96180,3,1.215747282953967,2,0,0,0,0,1,0
53,26,152.37069702148438,95414,1,0.8168740620594713,1,0,0,0,0,1,0
45,20,22.79669761657715,90228,1,0.4235225752525096,2,0,1,0,0,0,0
65,35,120.55416870117188,89772,1,7.024339224425464,1,0,1,0,0,1,0
45,19,85.22852325439453,94701,3,3.748589575630599,2,0,0,0,0,0,0
27,0,71.44819641113281,96212,1,2.3256677642608605,1,0,0,0,0,1,0
50,27,89.53590393066406,94267,4,0.5386405589394377,2,0,0,0,0,0,0
58,34,48.62234878540039,94508,4,1.8846403343799905,3,239,0,0,0,0,0
55,28,126.3105239868164,90152,1,2.2266484225762837,1,0,0,0,0,1,0
32,7,29.113222122192383,94044,3,2.750860497290752,2,0,1,0,0,1,0
63,38,29.904939651489254,94868,1,1.6745849653887004,2,102,1,0,0,1,0
54,24,23.072420120239254,93024,1,0.69813279365374,3,146,0,0,0,0,0
54,34,73.62774658203125,93786,4,2.646642053110188,2,0,0,0,0,1,0
56,36,65.89373016357422,94329,4,0.7400169422481431,3,0,0,0,0,0,0
48,25,158.046142578125,95784,1,0.12171245562415,2,0,1,1,1,1,1
48,24,13.651719093322754,95387,4,0.9769688681669462,1,0,1,1,0,1,0
56,33,35.48796081542969,91739,3,0.8077147860672679,1,0,0,1,0,1,0
54,29,31.3851261138916,95644,3,1.9122148449746117,1,0,1,1,1,1,0
25,4,48.6802978515625,92748,3,1.862072008424134,3,0,0,0,0,0,0
45,21,38.54945755004883,91951,2,0.2237534418237007,1,0,0,0,0,1,0
37,16,16.11591148376465,92337,3,1.1338548410113132,2,0,0,0,0,0,0
62,36,65.37179565429688,94752,1,1.578471420393023,1,0,0,0,0,1,0
53,33,163.26223754882812,91050,1,3.6358943121936114,1,0,1,0,0,1,0
39,25,107.66315460205078,90101,1,1.8770301780618632,1,0,0,0,0,1,0
28,11,37.13680267333984,96146,3,1.287361212386954,1,0,0,0,0,1,0
60,36,14.002925872802734,91263,4,0.4196051457387033,3,130,0,0,0,0,0
36,14,170.7319793701172,93068,1,2.7212006903311807,1,0,0,0,0,0,0
35,8,26.488645553588867,92700,4,1.1002278136942112,2,62,0,0,0,1,0
58,24,65.54740905761719,94743,1,2.2435752042065724,2,0,0,0,0,1,0
60,36,167.0709228515625,94591,2,1.6704911282340356,1,0,1,0,0,0,0
44,13,112.18859100341795,93138,2,2.813595857976873,1,0,0,0,0,0,0
46,14,55.36849212646485,94897,2,2.718992080279732,2,0,0,0,0,1,0
64,35,52.79401016235352,94560,3,2.7608674066395147,2,145,0,0,0,1,0
37,16,87.45999908447266,91691,1,4.147853515666602,3,0,0,0,0,0,0
56,25,48.26259994506836,94468,3,1.7021131369796696,3,0,1,1,0,1,0
41,23,144.91041564941406,95694,1,1.711031235537112,1,0,0,0,0,1,0
27,2,36.82723236083984,94517,4,0.595277523162989,2,0,0,0,0,0,0
47,19,34.9567985534668,92872,2,0.2686678428218971,1,146,1,0,0,0,0
30,7,157.234375,94631,2,2.731114612345376,1,0,1,0,0,1,0
54,27,65.88156127929688,94455,4,2.230213550087171,1,0,0,0,0,1,0
47,18,116.60256958007812,94349,2,0.6645946086627752,1,0,0,0,0,0,0
45,16,48.985050201416016,92033,1,0.2316799911329348,2,0,0,1,0,1,0
54,32,205.20599365234372,94325,1,7.458163726490524,1,0,1,0,0,1,0
50,28,63.06617736816406,91686,1,4.255684061207747,2,0,0,0,0,0,0
47,15,20.13520812988281,95281,4,0.0742477951829541,1,0,0,0,0,1,0
50,24,30.51994132995605,94170,2,0.178376657410745,1,0,0,0,0,0,0
41,22,23.8995361328125,95977,4,1.425691230080078,3,0,1,0,0,1,0
58,37,98.06555938720705,92120,2,2.6389768134640543,1,0,0,0,0,0,0
48,16,29.38202476501465,92636,4,1.425647193371383,3,0,1,1,0,1,0
32,13,48.123172760009766,92018,2,2.8721544357778783,2,88,0,0,0,1,0
31,12,139.73812866210938,90661,2,2.9314888751933363,1,422,1,0,0,0,0
49,22,19.619850158691406,92398,2,0.0244117199936336,3,0,1,1,0,1,0
61,39,33.507911682128906,92322,4,0.4130354631985579,2,0,0,1,0,0,0
38,16,82.53581237792969,95707,4,0.8813465150645001,3,0,1,0,1,1,0
28,4,84.96501922607422,92176,3,1.3493926445508098,2,168,0,1,0,1,0
52,26,70.62709045410156,92349,1,6.596616098139145,1,0,0,0,0,1,0
41,23,57.27006912231445,94009,2,0.9905209795166596,1,0,1,1,0,1,0
45,23,57.76683044433594,94632,2,0.9032861971923206,1,364,0,0,0,1,0
37,18,61.40901184082031,95259,3,1.8886382081028816,2,0,1,0,0,0,0
59,36,96.7328872680664,94612,4,2.3011457947649845,2,218,0,0,0,1,0
51,34,17.012035369873047,92036,3,0.3947045484649547,2,0,1,0,0,1,0
62,35,37.82833862304688,94662,4,1.5693125343328973,3,97,1,0,0,0,0
60,38,145.4413604736328,91746,2,2.7676391134095057,1,0,0,0,0,0,0
62,38,58.31943893432617,92851,4,1.573464424133958,3,0,0,0,0,0,0
34,13,50.013145446777344,92261,2,0.271278700542,1,104,0,1,0,1,0
46,31,34.97498321533203,91374,3,1.3671275530416362,1,151,1,0,0,0,0
52,27,70.156494140625,94255,1,0.9288791738093398,3,0,0,0,0,0,0
41,16,41.35055923461914,92549,2,1.1146372400989182,3,181,0,0,0,1,0
45,15,46.71516036987305,95496,2,0.3805314589961835,1,0,0,0,0,1,0
29,6,33.85529327392578,90366,4,0.2192315534503971,2,0,0,0,0,0,0
54,28,36.90684509277344,91805,2,0.3294842183670408,2,0,1,1,0,1,0
41,22,51.14311218261719,91829,2,1.6900785432348169,3,0,0,0,0,0,0
49,26,90.72710418701172,91198,2,2.3552000578661247,2,0,1,0,0,0,0
47,21,46.32928466796875,91149,4,1.481593146603116,2,80,0,0,0,1,0
33,7,18.217002868652344,91409,3,0.81663424397221,2,183,0,0,0,0,0
51,25,58.77766799926758,94877,3,3.1098274859258783,1,291,0,0,0,0,0
61,37,44.93887710571289,92155,2,0.891759192492894,2,0,0,0,0,1,0
53,32,14.120534896850586,94250,2,0.2774474455962789,1,99,0,0,0,1,0
30,8,81.28181457519531,91798,2,0.924718403036733,1,0,0,0,0,1,0
48,28,125.40160369873048,94712,2,7.065767972671591,1,0,0,1,0,0,0
56,34,48.75285720825195,92057,3,0.0798477923559728,1,0,1,0,0,0,0
56,33,67.25042724609375,91798,2,0.0472493969186542,1,0,1,0,0,0,0
45,12,68.20394897460938,95553,2,2.828112743131212,1,0,0,0,0,1,0
42,23,75.97246551513672,93846,1,3.0483552139246606,1,0,0,1,0,0,0
56,36,19.23024559020996,95531,3,1.284321905160306,3,0,0,0,0,1,0
27,1,51.29903411865234,91935,1,0.4665830401805642,2,0,0,0,0,0,0
62,35,91.20802307128906,95199,2,1.748340348385372,1,0,0,1,0,1,0
30,6,79.14886474609375,92954,4,0.4947473650893379,3,0,0,0,0,1,0
28,-1,107.24896240234376,92969,4,1.0582656216446995,3,0,0,0,0,1,1
50,28,91.3039779663086,94862,4,1.9430112934460944,3,257,0,0,0,0,0
61,33,31.40001678466797,91359,4,0.9802496373291596,2,0,0,0,0,1,0
50,30,83.30949401855469,91669,1,1.2231193726897691,3,0,0,0,0,1,0
58,29,138.35768127441406,90164,1,4.617649470406273,2,0,0,0,0,1,1
44,6,47.10308074951172,95599,3,3.356370236915678,3,190,0,0,0,1,0
36,11,163.1569061279297,90264,2,2.9712386488809086,1,0,1,0,0,0,0
45,19,18.042911529541016,92165,4,0.9082236846376832,1,0,1,0,0,0,0
34,9,50.0982780456543,92936,2,0.4306981984492156,2,0,0,0,0,1,0
46,19,52.484134674072266,95050,2,3.5623296617717104,3,0,1,0,0,0,0
32,9,101.54351806640624,91948,4,2.7051931767673585,2,0,0,0,0,1,0
55,26,49.50049209594727,96015,1,1.7204556247182872,3,0,0,0,0,1,0
41,13,64.21115112304688,92849,2,1.9119169258623576,2,0,0,0,0,0,0
60,36,63.57355880737305,90460,2,1.6569054695171497,2,0,0,0,0,1,0
43,25,49.42904281616211,94665,1,0.7479179384333966,2,0,0,0,0,0,0
57,20,129.64199829101562,95517,2,1.254081699971087,1,0,0,0,0,1,0
49,23,44.188358306884766,95051,4,1.6566897784535712,2,0,0,1,0,0,0
33,12,93.71328735351562,94831,1,0.9670554006390792,1,137,0,0,0,0,0
28,4,63.33791732788086,96016,1,0.6536386485606513,3,98,0,0,0,0,0
58,27,26.81490707397461,94939,2,0.1243524189168587,2,82,1,0,0,0,0
59,25,89.05167388916016,95574,1,2.3463897202451136,3,0,0,0,0,0,0
32,6,95.59364318847656,92043,1,0.6036012783034175,2,0,0,0,0,1,0
46,14,148.5377197265625,92572,2,2.226188022908294,1,0,0,0,0,0,0
47,23,54.46177291870117,91425,3,2.0970459659939125,2,0,0,0,0,1,0
54,25,150.8919219970703,95175,2,2.295321284569509,1,369,1,0,0,1,0
26,5,59.34351348876953,95034,3,1.9057664300789283,1,0,1,0,0,0,0
59,33,12.620399475097656,95391,1,0.5533039320962725,2,0,0,0,0,1,0
64,36,82.60692596435547,95374,3,1.9242980507466507,1,181,0,0,0,1,0
27,1,44.27105331420898,95009,2,4.693710031093337,1,0,0,0,0,1,0
34,8,179.82684326171875,95611,1,2.957704581842941,1,0,1,0,0,1,0
59,40,70.62687683105469,94645,4,2.2242386679338364,2,0,0,0,0,1,0
62,40,12.75889778137207,94558,4,0.3241501730630395,3,0,0,0,0,0,0
46,26,182.55978393554688,92783,3,5.610048195251604,3,0,0,0,0,0,1
54,26,46.2498664855957,94201,4,0.5413906599645795,3,175,0,0,0,0,0
57,25,17.059478759765625,91859,3,0.2865181484160499,3,0,0,0,0,1,0
25,2,14.825664520263672,89876,4,2.151112753096617,1,0,0,0,0,1,0
54,28,122.52752685546876,91392,3,1.8218544780663493,2,0,0,0,0,1,1
64,38,57.08893585205078,93084,3,0.6355854747488083,1,0,1,0,0,0,0
48,20,161.1863250732422,96079,1,0.9670480352814552,1,0,0,0,0,1,0
30,5,131.804443359375,95037,2,0.8318888792146493,1,0,0,0,0,1,0
51,19,38.99994659423828,94771,1,2.1784038227752,1,0,0,1,0,1,0
42,11,39.57207489013672,94898,1,0.8401218711211772,2,176,0,0,0,0,0
30,10,71.61215209960938,96340,1,2.507092018037888,2,0,1,0,0,1,0
61,29,34.97145080566406,90175,2,0.7909412658326646,2,0,0,0,0,1,0
32,5,56.07181167602539,94383,4,2.4161137173984946,2,0,0,0,0,0,0
28,1,84.6296615600586,92792,3,1.0518009121042862,1,143,1,0,1,1,0
44,20,48.49202346801758,92036,2,1.6657337649112705,1,0,0,0,0,1,0
42,21,25.32584381103516,92120,3,0.2142236954365078,2,116,0,0,0,1,0
31,5,57.02796173095703,95080,1,0.0490244282359335,3,99,0,0,0,1,0
47,19,66.36346435546875,94218,2,1.4522533085163458,3,239,0,0,0,0,0
44,22,62.541969299316406,91045,2,2.5468737175434986,3,0,0,0,0,0,0
36,3,40.155723571777344,94148,4,2.2924839764887666,1,0,0,1,0,0,0
59,32,67.34597778320312,95849,2,0.3886196484170969,3,0,1,0,0,1,0
37,5,70.22566223144531,91012,3,1.422168443254168,1,316,1,0,0,1,0
31,4,71.38728332519531,94663,1,2.5711164138821543,2,0,0,0,0,1,0
37,13,51.85031127929688,94772,1,0.064807645138376,2,97,0,0,0,1,0
42,10,70.27991485595703,95095,1,0.2711225842713153,1,483,1,1,1,1,0
64,37,19.788219451904297,90463,3,1.817383678660284,3,0,0,1,1,1,0
39,23,173.28866577148438,92868,1,2.471019707943223,1,0,1,0,0,0,0
40,11,80.9742660522461,95592,4,0.7448289304953553,3,0,0,0,0,0,0
26,0,50.94024658203125,94120,3,0.2914701636967947,2,0,0,0,0,1,0
60,34,37.3232536315918,91060,4,0.8645437691327527,2,0,0,0,0,1,0
63,37,28.91855812072754,92109,3,0.3511690138842258,3,0,0,1,0,1,0
38,11,117.78058624267578,92914,3,2.505417973672185,2,0,0,0,0,1,1
52,26,54.69863128662109,94410,3,1.2918465872122835,2,0,0,1,0,1,0
36,13,87.9034423828125,92984,4,0.3957114762685666,2,239,0,0,0,1,0
57,32,25.974092483520508,92584,3,0.4404931797391694,1,0,0,0,0,0,0
34,10,34.42205047607422,94775,2,1.171994014424245,2,0,0,1,0,1,0
58,28,148.7471923828125,91623,2,2.484602283357814,1,0,0,0,0,1,0
52,25,27.184234619140625,94584,4,1.047925036713903,2,71,0,1,0,1,0
57,27,43.66214370727539,93175,2,0.1893606470652226,1,0,1,0,0,0,0
34,10,39.48917388916016,95258,4,0.692263158910383,3,0,1,0,0,1,0
47,26,38.45904541015625,94218,3,1.0051952146084084,2,0,1,0,0,1,0
54,23,130.90000915527344,91260,2,1.7244503870841013,1,0,0,0,0,1,0
42,10,168.72811889648438,94970,2,4.328286172551144,1,0,1,0,0,0,0
39,12,54.73273849487305,94492,3,1.8378329848445372,3,0,0,0,0,1,0
42,22,195.5106201171875,90108,2,4.65326890245332,1,144,1,0,0,1,0
60,38,98.5414581298828,92621,4,2.3314148216377,1,0,0,1,0,1,0
29,7,114.8975830078125,95388,4,1.8734960371973637,2,0,0,0,0,1,1
52,19,122.04071044921876,92793,1,0.974748574301103,1,0,1,0,0,1,0
49,19,55.17571258544922,96236,2,2.163194697588538,1,293,0,0,0,0,0
34,9,185.86068725585935,91820,3,7.158757667005877,3,0,0,0,0,0,1
45,14,62.98661804199219,94439,2,0.9186744513372608,1,0,0,0,0,0,0
40,14,32.40959167480469,94566,3,1.1092221830747533,2,0,0,0,0,1,0
38,14,57.53863525390625,95382,3,2.233455684398379,2,0,0,0,0,0,0
36,9,215.6299591064453,95198,1,5.994411082272157,1,0,0,0,0,1,0
35,10,138.57952880859375,95640,2,0.033066078730819,1,415,0,0,0,0,0
57,20,11.08335781097412,96522,3,0.8268975273531419,3,0,0,0,0,1,0
25,-2,31.889476776123047,90035,4,1.7492950233531812,2,0,1,0,0,1,0
43,15,39.75452423095703,92107,3,0.3230166694277478,1,0,0,0,0,0,0
34,7,38.41682434082031,90944,2,1.750378376255954,3,93,1,0,0,1,0
63,33,47.602027893066406,91935,2,3.175981861962284,2,0,0,0,0,0,0
36,6,40.80443572998047,94988,3,0.2793068407213139,2,101,1,0,0,1,0
53,26,45.17500305175781,94526,4,1.121934905770405,2,0,0,1,0,0,0
41,20,51.73186111450195,91905,2,2.043894495809176,3,0,0,0,0,1,0
49,32,61.03916931152344,94671,3,1.5097411108770196,3,248,1,0,0,1,0
33,10,160.57313537597656,94540,4,4.900484615759764,3,0,0,0,0,0,1
61,37,173.31732177734375,92557,4,3.4970097639881548,1,388,0,0,0,0,0
61,34,75.90158081054688,93028,3,1.2963144522629135,3,489,0,0,0,0,0
37,9,145.52584838867188,95418,3,3.766378428533752,3,181,0,0,0,1,0
62,36,131.6693115234375,91188,1,2.649144349062342,2,0,1,0,0,1,0
59,27,153.22665405273438,94846,3,4.387254441085778,2,0,0,1,1,1,1
56,36,117.15367889404295,95218,4,4.485608399726436,3,0,0,0,0,0,0
59,34,68.01008605957031,92129,4,0.1191116726525348,3,0,0,0,0,1,0
55,33,76.89002227783203,92095,1,1.524430073546056,1,0,0,0,0,1,0
56,27,122.75615692138672,90092,1,1.461102314027368,3,0,0,0,0,1,0
41,15,161.2928009033203,90252,3,3.318271691890736,1,0,0,0,0,1,1
52,33,73.83628845214844,92895,4,1.645852293102145,3,0,0,0,0,0,0
40,28,166.592529296875,95550,1,5.415274588159379,1,0,0,0,0,0,0
66,38,99.49903106689452,90994,3,3.1463799201515577,1,0,1,0,1,1,0
43,11,82.28736114501953,94538,1,0.9732819985397746,2,0,0,0,0,0,0
55,29,57.18241500854492,89946,2,0.0416078503627317,3,0,0,0,0,0,0
40,22,186.2400054931641,89879,2,4.678168776778749,1,0,1,0,0,1,0
43,18,34.99793243408203,94724,1,1.9581420545772104,3,0,0,0,0,1,0
41,23,54.67308807373047,92407,1,0.5863495922715551,2,0,0,0,0,0,0
38,6,23.89974975585937,95188,4,2.0753923195214687,2,0,0,0,0,0,0
31,1,48.77146911621094,93482,4,1.7259105096490466,1,390,0,0,0,1,0
54,28,31.315261840820312,95938,2,0.2889288310141038,3,0,1,0,0,1,0
58,36,38.34585571289063,94994,1,1.7379253420613754,1,153,1,0,0,1,0
31,8,44.639408111572266,92067,2,3.1091879381207685,1,98,1,0,0,0,0
30,5,207.45794677734372,95016,1,4.738281897070231,1,0,0,0,0,0,0
52,30,119.76238250732422,94863,1,2.1975930871055285,1,219,1,0,0,0,0
41,16,20.66280937194824,89910,1,0.4059394492641269,3,0,1,0,0,0,0
65,34,24.54962730407715,94105,4,2.10776029954346,1,0,1,0,0,1,0
45,24,123.95669555664062,96151,1,4.112846320470736,1,0,1,0,0,0,0
59,22,70.15077209472656,92498,2,2.2278551233119903,1,342,1,0,0,1,0
38,18,79.7975845336914,92886,2,2.1375740236681464,3,0,1,0,0,0,0
42,13,163.15090942382812,94529,2,3.282209527818848,1,0,1,0,0,0,0
27,1,54.77758407592773,94692,4,2.7948156592407303,2,154,0,0,0,0,0
51,33,23.296072006225582,95084,3,0.6969302916319764,3,155,0,0,0,0,0
66,42,69.99176025390625,91189,3,0.3181982858302828,1,150,0,0,0,0,0
57,21,51.06158447265625,95495,2,1.0584965146053236,1,0,0,0,0,0,0
35,12,59.83823776245117,92080,3,0.9133222617788472,2,0,1,0,0,0,0
53,27,55.42416763305664,93076,2,1.5552480513437956,3,0,0,1,0,0,0
32,11,49.564109802246094,91990,1,0.6301083517522895,2,0,0,0,0,1,0
31,7,85.91468048095703,94834,4,1.178217466311482,3,0,0,0,0,0,0
56,35,31.85457420349121,92045,4,0.2828355718505903,3,294,1,1,1,1,0
66,35,165.3758544921875,93446,1,0.6317401700376442,1,0,0,0,0,1,0
26,4,69.35161590576172,94246,4,1.1415299172907734,1,0,1,0,1,1,0
56,29,92.51110076904295,91441,4,6.75009573635041,1,0,0,0,0,0,0
47,7,48.894901275634766,92824,1,1.0416247879470966,1,363,1,0,1,1,0
27,1,197.6849365234375,94232,4,0.9458649041818414,3,536,0,0,0,0,0
63,37,114.95104217529295,94225,1,2.437284009770281,2,0,0,0,0,0,0
54,29,104.1935806274414,94680,4,5.741156829231641,2,0,1,0,0,0,0
58,33,39.94219970703125,94778,1,1.8352244030885276,2,0,0,0,0,1,0
62,36,34.65385437011719,95218,3,0.5491873362837412,3,162,0,1,0,1,0
40,25,174.59130859375,95004,4,4.8527480185636325,2,409,1,0,1,1,1
40,17,65.865234375,95049,2,1.133544510853159,3,412,0,0,0,1,0
39,23,131.12388610839844,91812,1,3.836039990095685,1,0,1,0,0,0,0
67,42,109.5491180419922,94840,1,2.530945116459942,1,224,1,0,0,1,0
63,36,73.47415161132812,90270,3,2.5936917820690377,1,0,1,0,0,0,0
60,35,41.552730560302734,94527,1,2.0140653452569905,3,109,1,0,0,1,0
27,1,128.17884826660156,91022,2,3.1934006314086574,1,230,0,0,0,0,0
62,38,63.86778259277344,91868,3,0.5938670624165032,3,0,0,0,0,1,0
52,20,92.66354370117188,95392,3,1.486129302272902,2,0,0,0,0,1,0
34,3,85.09046936035156,92921,1,3.866521839721668,2,0,0,1,0,0,0
40,13,55.42902755737305,91950,4,2.150510947714889,2,0,0,0,0,0,0
37,12,21.35103416442871,93005,1,0.980788838083244,1,0,1,0,0,1,0
57,16,52.53584671020508,93134,1,2.44038242085079,1,0,1,1,1,1,0
38,11,59.84366989135742,91464,2,1.6415466307611508,3,0,0,0,0,1,0
27,1,143.39981079101562,94048,1,1.027884285746496,1,0,1,0,0,1,0
33,7,63.86873626708984,91062,1,2.1138062923622942,1,0,1,0,0,1,0
46,27,103.9093017578125,92452,1,1.0613901048329757,2,0,0,0,0,1,0
59,29,33.821311950683594,93999,4,0.7543237251128175,2,0,0,0,0,0,0
36,11,47.36740112304688,96308,3,2.201315902117969,2,0,0,0,0,1,0
37,13,49.919700622558594,93455,4,3.322634442301644,3,0,0,0,0,1,0
24,3,55.98897171020508,91312,4,1.1075999704481247,3,0,0,0,0,1,0
62,37,72.55986785888672,90506,1,2.3965181036404157,1,0,0,0,0,0,0
48,19,46.99376678466797,92117,4,0.6295469096654938,2,0,0,0,0,1,0
54,21,48.798248291015625,95435,4,2.249575736554718,2,164,0,0,0,0,0
44,22,187.2074737548828,94388,1,1.0392103832904689,1,0,0,0,0,0,0
60,39,36.94226837158203,89986,1,0.2576166349925541,3,0,0,0,0,1,0
33,18,31.42096900939941,96134,4,0.7432287777396772,2,0,0,0,0,1,0
31,7,84.32441711425781,94444,2,1.501723392720146,1,0,1,0,0,1,0
45,25,88.01475524902344,95785,4,1.4290529999603667,1,388,0,0,0,1,0
61,34,99.22102355957033,94713,2,0.0963574331403298,3,0,0,0,0,1,0
53,24,31.76038932800293,90676,1,0.185410876762153,3,0,0,0,0,0,0
57,36,23.90411376953125,92046,2,0.3297288647805458,3,0,0,0,0,0,0
55,32,70.70648956298828,94116,2,1.1877267976484025,3,0,0,0,0,1,0
60,36,31.994365692138672,94664,4,1.249997153891354,2,0,0,0,0,0,0
56,34,142.7550048828125,93976,2,2.268146694740894,1,0,0,0,0,0,0
38,3,21.317058563232425,95032,4,0.148404938416268,2,0,0,0,0,1,0
62,28,107.17483520507812,94329,3,3.464139683274527,2,0,0,0,0,1,0
27,0,32.6785888671875,91224,3,0.726087657535036,1,0,1,0,0,0,0
47,20,36.31333160400391,91936,3,0.3916314050167293,2,0,0,0,0,0,0
52,29,78.32068634033203,91204,4,2.5031997164916024,3,0,0,0,0,0,0
40,15,41.80729675292969,91889,4,0.4355059513022288,3,0,0,0,0,0,0
56,20,32.05586242675781,96172,4,1.3870759572759102,2,0,1,0,0,1,0
38,12,133.55020141601562,92963,2,0.3235025236851382,1,0,0,0,0,0,0
51,28,40.83530426025391,89999,1,0.6884356455268172,3,0,0,0,0,1,0
64,40,46.64529800415039,93212,1,0.1867712087683753,3,0,0,0,0,1,0
