Age,Experience,Income,ZIP Code,Family,CCAvg,Education,Mortgage,CreditCard,Securities Account,CD Account,Online,Personal Loan
37,15,22.431304931640625,94966,4,0.0535591982204259,2,0,0,0,0,1,0
62,33,67.28285217285156,94306,4,1.4043603529495263,2,0,0,0,0,0,0
43,18,54.137813568115234,94421,1,0.6839616569983948,3,0,0,0,0,0,0
53,40,45.93164443969727,94783,2,3.732324069997247,3,0,0,0,0,1,0
48,27,68.9461441040039,94874,4,1.783240398567615,2,0,0,0,0,1,0
47,26,102.99994659423828,90221,2,6.28640258205382,1,0,0,0,0,0,0
48,32,135.04551696777344,94969,3,1.3475725972631916,3,155,0,0,0,0,1
57,23,20.350465774536133,95602,4,0.7932713145279957,3,0,1,0,0,1,0
42,15,104.99423217773438,94176,4,2.895918525844203,1,0,0,0,0,1,0
52,27,71.186279296875,94611,1,3.2270509228725226,3,0,0,0,0,1,0
41,33,58.73825073242188,92526,4,0.0835879271362099,1,83,1,0,0,0,0
51,28,56.17041015625,92502,3,2.4855373394669784,1,141,1,1,0,1,0
60,31,113.45038604736328,91392,4,1.3553913080762487,1,0,0,0,0,1,0
44,21,23.86673164367676,90862,4,0.0289793647876711,1,120,1,0,0,1,0
58,32,111.76732635498048,91117,4,4.031952450470191,2,0,0,0,0,1,1
26,3,40.83167266845703,94525,3,1.7877132155623736,2,0,1,0,0,1,0
40,12,75.90691375732422,92974,2,2.667690260919016,1,0,1,0,0,1,0
49,15,69.8919906616211,94161,2,2.121416464114696,2,0,1,0,0,1,0
35,14,25.762060165405277,92618,3,0.2482068361860674,2,165,0,0,0,0,0
52,29,73.48894500732422,94441,3,3.14681153490043,2,0,0,0,0,1,0
61,38,77.67973327636719,95494,3,0.4536685591776982,1,0,1,0,0,1,0
54,24,49.61869812011719,93096,3,1.1199813256685378,1,129,0,0,0,0,0
27,2,56.17235565185547,94358,2,1.628069855491678,1,0,1,0,0,0,0
35,22,215.4957275390625,96191,1,3.661596917195557,1,0,0,0,0,1,0
38,22,183.9677276611328,95582,2,8.20541837000694,1,0,0,0,0,1,0
37,19,103.10662841796876,91269,2,2.7449498150914797,1,0,0,1,0,1,0
61,34,40.93244171142578,90165,2,1.8866015040811712,1,0,1,0,0,0,0
38,24,101.68254089355467,92664,4,1.4039097434853742,1,0,0,0,0,0,0
48,19,136.6605987548828,90940,1,1.8226176492401247,1,308,1,0,0,1,0
55,26,49.32588195800781,90471,1,0.9016178284077208,2,0,0,1,0,1,0
59,26,70.61225891113281,92620,2,3.278779836458532,1,0,1,0,0,0,0
63,37,49.92824935913086,94116,2,0.0026058223526577,3,0,0,0,0,0,0
64,32,115.63793182373048,92870,3,0.4387445368387437,2,0,0,0,0,1,1
42,17,120.20447540283205,95064,1,0.4165003034391452,2,117,0,0,0,1,1
54,34,57.56410598754883,93823,1,0.5045642699717912,1,0,1,1,0,0,0
28,8,139.2486114501953,94354,2,1.981541250527517,1,0,0,0,0,1,0
36,16,59.762168884277344,93961,3,0.9609235570688984,1,218,1,0,0,0,0
34,8,54.64672088623047,91125,3,0.9446515647794514,2,0,1,0,0,0,0
47,17,127.62799072265624,96142,1,6.971254618614864,3,0,0,0,0,1,0
34,7,11.148329734802246,94518,2,2.801165744500929,2,0,1,0,0,0,0
48,18,31.328271865844727,94022,2,1.757111156266696,3,0,0,0,0,0,0
64,28,30.62609100341797,95049,2,0.6894082708606304,3,80,0,0,0,1,0
44,25,32.80655288696289,94716,4,1.3296019827068526,3,0,1,0,0,0,0
62,40,47.33194351196289,94436,2,1.6010931838691875,1,0,0,0,0,1,0
34,6,39.85599136352539,94974,3,1.9984652600224029,3,0,0,1,0,0,0
61,38,121.40145111083984,91997,1,1.1797486848687229,1,0,0,1,0,1,0
61,36,35.21373748779297,94359,4,1.0194379288316695,1,0,0,0,0,1,0
26,1,43.10029602050781,95747,2,1.2547060071163625,2,149,0,0,0,1,0
65,37,57.29636001586914,92926,3,1.8884756244744667,1,0,1,0,1,0,0
34,18,71.06103515625,90239,4,4.221946922618468,1,370,0,0,0,0,1
30,11,21.37299156188965,94582,3,0.9160118797946876,2,109,0,0,0,1,0
55,23,52.8273811340332,94087,1,0.2933793635396085,2,0,0,0,0,0,0
32,6,63.58446502685547,94209,3,1.286276034839025,1,0,1,1,1,1,0
47,23,43.0141716003418,90338,2,0.4818525454002178,3,107,0,0,0,1,0
38,14,86.39720916748047,92284,1,1.772695248778545,1,0,0,1,1,1,0
44,11,37.420021057128906,94705,3,0.7727236457022278,2,0,1,0,0,1,0
66,38,50.1370964050293,91524,2,0.2895438304319203,3,0,1,0,0,0,0
33,4,64.99786376953125,94345,2,0.6628316613114015,3,150,1,0,0,1,0
50,24,55.79932022094727,92581,3,0.6256806298231101,2,0,0,0,0,0,0
52,28,131.35633850097656,91106,2,2.9121580657127017,3,0,0,1,0,0,1
57,25,35.17974090576172,92944,4,1.7356683389716427,1,0,1,0,0,1,0
42,26,137.375,95047,4,2.1035627671934125,2,0,1,0,0,1,0
64,36,116.77193450927734,94981,3,1.7803001239789693,2,0,1,0,0,0,0
42,10,80.17152404785156,91647,1,1.816245749820303,1,0,0,0,0,1,0
63,34,106.0789794921875,90296,2,0.4791880288632242,1,95,0,0,0,1,0
58,38,24.869701385498047,92154,2,2.136721217113553,1,220,1,1,1,1,0
37,16,67.2348403930664,94680,4,2.4963528693022985,1,0,0,0,0,1,0
50,28,81.85468292236328,91466,4,0.9166574958224384,1,0,0,0,0,1,0
30,9,64.47821807861328,90706,2,2.0194553834490314,1,0,0,0,0,1,0
30,3,49.85905456542969,91990,4,1.0415813257388555,2,0,0,0,0,1,0
36,6,81.54125213623047,96311,3,0.363338743474978,2,0,1,0,0,0,0
63,39,19.75898742675781,91829,3,1.03614538872323,2,109,0,1,0,1,0
61,39,41.760887145996094,95028,3,0.8929434210780811,1,101,1,0,0,1,0
35,12,73.45228576660156,91958,3,0.6867103602693144,1,0,0,0,0,1,0
53,21,37.620887756347656,89851,2,2.0317902369258025,1,0,1,0,0,1,0
42,14,50.9448471069336,95390,2,0.8492389881677984,1,156,1,0,0,1,0
26,1,93.5753402709961,92645,3,6.012067095937855,3,0,0,0,0,1,0
33,6,90.92205047607422,93160,1,1.644518153178825,1,0,0,0,0,1,0
56,38,42.84347152709961,91429,2,0.730876043766717,2,0,0,0,0,0,0
32,6,95.54991912841795,92072,2,2.0964764868286787,2,387,0,0,0,1,0
45,13,51.740699768066406,91305,3,0.96341598151643,2,0,0,0,0,1,0
45,16,17.17287826538086,94619,3,1.3107918005617851,2,116,0,0,0,0,0
58,29,58.2326774597168,89886,1,0.6611650265119065,2,0,0,0,0,1,0
31,8,22.540512084960938,92091,1,0.5603949170525249,3,0,1,0,0,1,0
28,1,138.97286987304688,94206,1,3.552522267339036,1,0,1,0,0,1,0
50,21,114.63245391845705,93871,2,4.078188930387687,1,0,0,0,0,0,1
64,39,82.30197143554688,93902,2,0.153449801968992,1,144,0,0,0,0,0
27,-1,103.0932388305664,93223,2,1.7435276519265115,1,193,0,0,0,0,0
27,5,202.06051635742188,91688,1,3.229847812894539,1,0,0,0,0,1,0
33,4,98.4417495727539,93107,1,2.1004825668860883,1,134,0,0,0,0,0
57,37,26.934600830078125,89918,4,1.957299180225249,3,0,0,0,0,1,0
53,29,81.63431549072266,94960,3,1.177040845475359,1,179,0,0,0,0,0
34,11,67.84591674804688,92593,3,0.6291156557256998,1,0,1,1,1,1,0
46,28,71.24636840820312,95571,2,1.234231810075493,2,0,0,0,0,1,0
47,21,15.517827987670898,94506,1,0.0507585614145553,2,105,0,0,0,0,0
29,3,79.38328552246094,93957,4,1.3991212585071413,3,0,0,0,0,1,0
56,31,169.3389434814453,90638,2,4.3534159626668805,2,0,0,0,0,0,1
36,4,32.81383514404297,91871,3,2.293494378132499,2,257,1,0,0,0,0
55,26,19.83633041381836,94461,4,2.7902389628520927,2,0,0,0,0,0,0
40,25,26.33038330078125,93877,2,1.5340379067325165,3,92,0,0,0,1,0
62,29,117.72908782958984,91411,3,3.21502490315128,1,0,1,0,0,0,0
56,31,149.76856994628906,94445,1,6.84773504847576,1,0,0,0,0,0,0
46,15,105.85481262207033,90254,1,2.311841489580396,1,0,1,0,0,1,0
53,23,116.2372817993164,91563,1,1.8237244645457924,3,0,1,0,0,0,1
59,33,77.93917083740234,92832,4,2.4632524878900104,3,0,0,0,0,1,0
48,25,32.80589294433594,94885,2,0.6224368333842953,2,0,0,0,0,0,0
50,26,157.73683166503906,94919,2,8.505908735930163,1,0,1,1,1,1,0
30,1,20.30584716796875,89929,4,2.1190868757287533,2,0,0,0,0,1,0
39,21,77.89947509765625,92906,4,1.6278896996428622,3,197,0,0,0,0,0
50,18,93.56494903564452,91173,1,1.2357080264588565,3,155,0,0,0,1,0
51,27,67.4093017578125,92184,3,2.100740728281742,1,0,0,0,0,0,0
37,10,32.777740478515625,95110,2,0.1029847290369796,3,0,1,0,0,0,0
43,19,51.71181488037109,91571,1,1.61072652356499,3,0,0,0,0,1,0
43,22,55.30613327026367,91391,1,2.2369869828725086,3,0,0,0,0,1,0
29,2,11.856226921081545,92536,3,0.6489403034753913,2,0,0,0,0,1,0
30,1,93.4258041381836,95642,2,1.0029198431155806,3,0,0,0,0,1,0
53,29,41.166465759277344,91495,4,1.4588162948717178,3,112,1,0,0,1,0
63,37,19.083667755126957,94395,3,0.3764342362989457,1,0,0,0,0,0,0
50,18,41.13551330566406,96449,3,0.4530274063680807,2,177,0,0,0,0,0
43,16,119.96532440185548,94794,4,4.790871439959036,1,0,1,0,0,1,0
56,30,70.14653015136719,92184,4,1.0239905214971392,3,0,0,0,0,1,0
39,13,21.22762489318848,89952,2,0.4755664596104393,2,179,0,0,0,0,0
49,17,87.38623809814453,95378,1,0.2172162325436194,2,0,0,0,0,1,0
58,21,162.40032958984375,91038,3,3.1959439696835164,1,374,0,0,0,0,1
42,17,49.68901443481445,93172,4,1.6107008271588243,2,0,0,0,0,0,0
49,13,63.139156341552734,93138,1,0.1273579747699738,1,0,0,1,0,0,0
40,22,63.27141952514648,94663,4,0.3617687238463836,2,0,0,0,0,1,0
32,8,87.03688049316406,94931,2,4.071381065765547,1,0,0,0,0,1,0
61,40,53.42649841308594,95179,1,3.286138846213221,2,0,0,1,0,1,0
56,20,79.56063079833984,92177,4,1.3310929862323304,1,0,1,0,0,1,0
35,10,92.35591888427734,95674,2,2.250528058480812,1,0,0,0,0,0,0
51,19,207.77061462402344,94103,1,7.0946397004889405,1,0,0,0,0,1,0
48,21,105.15271759033205,90289,2,3.5244535068076246,1,0,0,0,0,1,0
33,2,156.17123413085938,94901,1,1.8087769499819255,3,0,0,0,0,0,1
64,35,22.633441925048828,94603,2,0.6414017691756797,3,102,0,1,0,0,0
50,25,122.87271118164062,92509,1,0.7423317075644783,1,0,0,0,0,1,0
32,7,173.9116668701172,91509,1,3.67838043805672,1,0,0,0,0,1,0
29,5,22.703510284423828,92437,1,0.1403646118289982,1,103,0,0,0,1,0
30,5,62.05106735229492,92047,4,1.626751451885135,2,0,0,0,0,0,0
49,23,32.74555969238281,93266,1,0.331108476872675,3,114,0,0,0,0,0
59,32,21.135269165039062,93981,4,0.1528634607244222,2,0,0,0,0,1,0
29,8,109.0997314453125,94744,1,2.43901124371907,1,0,0,0,0,1,0
25,-1,139.43833923339844,90452,1,0.1866288728259389,3,0,1,0,0,0,0
54,17,39.888519287109375,95110,3,1.8540165719943371,3,0,1,0,0,0,0
50,23,132.4993896484375,92296,1,2.0122987738724447,2,0,0,0,0,1,0
54,30,60.89193344116211,94533,3,1.7266545392543728,2,0,0,0,0,0,0
65,40,68.07203674316406,94488,2,0.9153762274299528,1,296,0,0,0,1,0
43,19,24.27323532104492,91863,3,3.556467551900864,1,0,0,1,0,1,0
56,38,49.95705032348633,94109,2,0.9181359944528652,3,102,0,0,0,1,0
39,12,42.86719512939453,92102,4,1.9279062177176625,2,0,0,1,0,1,0
39,16,32.343902587890625,92011,3,0.7986412574270836,2,0,1,0,0,1,0
61,43,20.35898208618164,94293,3,0.9431845594595702,2,0,0,0,0,1,0
60,24,67.79730224609375,92717,3,3.306398626890653,1,150,0,1,0,1,0
35,10,16.81283950805664,92491,2,0.1506395527980484,1,0,1,0,0,1,0
62,33,24.95670318603516,90453,1,1.2812753446626992,3,98,0,0,0,1,0
27,6,96.89244079589844,94631,3,1.9307930281592407,3,146,1,0,0,0,0
37,13,48.71834564208984,92070,1,2.508866902689529,2,0,0,0,0,1,0
56,6,174.5332794189453,90264,4,4.1110826114183645,3,0,0,0,0,1,1
48,31,53.60602188110352,90320,2,1.187948405787639,2,0,1,1,0,0,0
61,33,188.6429748535156,94051,1,4.764093251799864,1,0,0,0,0,0,0
52,21,78.83426666259766,91585,3,1.5754724780678218,3,0,0,0,0,1,0
65,38,80.58662414550781,89973,2,1.836730038619098,1,0,0,0,0,1,0
46,24,157.61973571777344,94115,2,3.7120993295974793,1,0,0,0,0,1,0
34,12,98.5928955078125,91929,2,0.9464087002320852,1,0,0,0,0,1,0
49,21,94.00322723388672,95414,4,2.798377173156737,2,0,0,0,0,1,0
37,14,101.54448699951172,94884,2,3.30705600769695,2,0,0,0,0,0,0
43,12,73.95704650878906,94256,2,1.051233532840799,1,0,1,0,0,0,0
44,17,87.38095092773438,93833,2,1.685204228480005,1,0,0,0,0,1,0
63,42,21.48909568786621,92679,3,0.6374206955647025,1,0,1,0,0,1,0
28,12,39.33370208740234,94448,4,2.092523223660808,1,0,0,0,0,0,0
31,1,90.06239318847656,94527,2,0.5526713704577101,1,512,0,0,0,1,0
34,12,118.36136627197266,94257,2,0.8615038618326987,1,167,0,1,0,1,0
54,32,56.84774398803711,94089,3,0.851137503388737,2,0,1,0,0,1,0
28,22,120.32755279541016,96104,4,2.5300318711131835,3,267,0,0,0,1,0
55,20,25.15186882019043,93613,4,0.0816010981652009,3,0,0,0,0,0,0
66,41,109.17233276367188,94708,1,1.4522554316701966,1,282,0,0,0,0,0
45,22,16.06365966796875,94427,3,0.3949738461620359,3,140,1,0,0,0,0
26,0,43.26848220825195,95170,2,2.638150608256671,2,159,0,0,0,0,0
54,28,144.4534149169922,92172,1,0.9130147030935944,3,0,0,0,0,1,0
26,11,154.90475463867188,93974,2,5.6228600114750105,1,168,1,0,1,1,0
52,34,64.18235778808594,93907,2,0.6884371033600503,1,0,0,0,0,0,0
31,8,134.24224853515625,92201,3,0.976298044386075,1,0,0,0,0,1,0
59,33,107.16388702392578,91508,2,4.348298480863739,2,173,1,0,0,1,0
35,10,38.481544494628906,91289,4,0.4736183060713682,3,0,0,0,0,1,0
41,23,61.82194519042969,92034,1,0.3349157191162557,2,0,0,1,0,0,0
57,23,42.703346252441406,95944,1,0.9053317235894202,1,0,0,0,0,0,0
59,28,18.919755935668945,92145,3,1.0607824797307486,2,0,0,0,0,0,0
30,11,68.23640441894531,91889,4,2.643528380061953,1,0,1,0,0,1,0
50,20,71.15027618408203,94298,1,0.5171063320084126,1,88,0,0,0,0,0
29,1,40.99486541748047,92309,3,1.9785181296804395,2,0,0,0,0,0,0
63,35,177.17080688476562,90497,2,3.329603393323836,1,0,0,0,0,1,0
45,22,105.4190902709961,94351,2,4.48750999493329,1,0,1,0,0,0,0
50,33,117.18073272705078,90335,4,4.367313416072364,2,126,0,0,0,0,0
54,19,79.2730941772461,95011,2,1.0845012555082236,1,0,1,0,0,1,0
46,24,23.88066864013672,94152,4,0.1978668181862214,1,137,1,0,0,1,0
57,31,115.81261444091795,95415,2,1.0536060698451544,3,0,0,0,0,0,0
35,16,213.6983795166016,92330,2,7.318500865360017,1,0,0,0,0,0,0
33,11,49.54436874389648,94287,3,2.043390845810697,1,0,0,0,0,0,0
45,26,143.0254364013672,90260,3,2.5714528785020354,2,561,1,0,1,1,0
54,24,68.46913146972656,95544,3,1.243482965904149,1,0,0,0,0,1,0
49,30,140.7564239501953,92939,2,4.777749810014399,3,214,0,0,1,1,1
59,40,21.41631507873535,92053,3,0.3815048565616045,2,0,0,0,0,1,0
30,8,60.04622650146485,93849,1,2.310349329826765,2,0,0,0,0,0,0
50,24,89.78821563720703,93319,4,0.9717064196764252,1,0,0,0,0,1,0
42,23,49.7354736328125,94903,3,1.141273090609661,2,0,0,0,0,1,0
61,37,146.4141082763672,92532,2,1.4633863529835631,3,0,1,0,0,1,0
31,3,77.13407135009766,94574,2,3.965691085104627,3,0,0,0,0,0,0
40,16,108.71897888183594,95019,3,1.6531739152372538,1,0,0,0,0,1,0
30,9,65.22945404052734,94919,4,2.4500898301684537,1,445,0,0,0,1,0
50,23,34.84852981567383,95062,4,2.3056930270102054,2,0,0,0,0,0,0
62,31,111.53014373779295,90231,4,2.7135955963030587,1,0,0,0,0,0,1
65,39,35.69282531738281,94696,2,0.5291011574029015,1,0,0,0,0,0,0
45,20,76.85631561279297,94397,2,1.1893369475723343,3,0,1,0,0,1,0
47,32,35.356712341308594,91368,4,0.8054351450203986,3,0,0,0,0,1,0
29,7,154.9504852294922,92112,2,0.895274820174566,1,0,0,0,0,0,0
27,-1,21.26178741455078,91792,1,0.5428631224323305,2,147,0,0,0,1,0
27,2,35.59168243408203,95795,3,0.3347554869819353,2,0,0,0,0,1,0
40,27,67.18428039550781,95972,1,1.3928879785403798,1,141,0,0,0,0,0
50,25,49.82341384887695,92878,3,1.0054735669957668,1,0,1,0,0,0,0
29,1,29.3013973236084,94017,3,1.4559955295373124,1,0,1,0,0,1,0
40,15,45.671146392822266,94912,1,0.3222002159131364,2,0,0,0,0,1,0
30,10,26.9946231842041,90977,1,1.3933636399378146,1,0,0,0,0,1,0
45,19,58.44345474243164,90537,2,2.042668854279489,2,0,0,0,0,1,0
54,23,79.06719970703125,90201,2,5.942234085114695,1,0,1,0,1,1,0
35,15,150.02244567871094,93101,2,8.409066871847543,1,0,1,0,0,0,0
60,39,34.95679473876953,89934,4,0.0520117376925177,1,143,0,0,0,1,0
62,39,72.48052978515625,95617,3,5.084970078505983,1,228,0,1,1,1,0
41,21,118.02259826660156,90335,1,2.350795681860057,1,154,1,0,0,0,0
49,27,81.74752044677734,94450,1,0.1419023167180992,3,0,0,0,0,1,0
38,13,100.05702209472656,91282,3,1.729434236122951,1,225,0,0,0,0,0
40,14,45.47260284423828,95590,4,4.716209378089661,1,0,0,0,0,0,0
52,29,23.966472625732425,92500,2,0.5628402786459352,1,0,0,0,0,0,0
53,24,87.47531127929688,94042,1,1.946288629246086,2,0,1,1,0,0,0
35,3,72.0955581665039,93352,4,1.9633447802374704,1,0,1,0,0,0,0
35,24,49.26645660400391,92085,1,2.8850930808772355,1,0,0,0,0,1,0
40,18,163.67205810546875,91851,2,1.82433524960332,3,0,0,0,0,1,1
39,16,19.669212341308597,93897,3,0.9295031928936296,2,0,0,0,0,1,0
50,27,14.028057098388672,92571,1,0.8546620470296381,2,0,0,0,0,1,0
29,18,11.957440376281738,95347,2,0.996732595253198,3,96,0,0,0,1,0
60,33,48.123783111572266,94255,3,1.618204102824329,2,86,0,0,0,0,0
61,33,190.9023284912109,94057,1,2.845814020023889,1,0,0,0,0,1,0
27,2,63.63697814941406,91842,3,3.1393182089917784,2,0,0,0,0,1,0
31,6,79.1702880859375,91170,3,0.3620302179485362,3,0,0,0,0,1,0
43,23,42.41043472290039,90746,4,1.1274645918767954,1,247,0,0,0,1,0
61,35,186.08914184570312,93842,4,1.3700927568968757,3,0,1,0,0,1,1
37,11,137.38308715820312,90701,2,3.3195343049421204,1,0,1,0,0,1,0
36,10,56.47351837158203,92424,3,1.3288443654375857,2,0,0,0,0,1,0
50,28,45.78907012939453,89959,4,0.4029870337127092,1,0,1,1,0,0,0
42,18,79.45736694335938,94630,1,0.4549071965030825,2,0,0,0,0,0,0
37,4,125.5469207763672,91390,3,2.831858951391641,1,0,1,0,0,0,0
32,7,45.83232498168945,95229,2,2.001887983856236,2,0,1,0,0,1,0
30,7,62.61149215698242,94763,2,0.2470679858355149,1,139,1,0,0,0,0
39,13,75.18490600585938,95204,1,3.3989746140237718,1,164,0,0,0,1,1
44,20,131.02630615234375,94691,1,0.3906653297646777,1,0,0,0,0,1,0
30,13,60.62125396728516,91169,3,0.8229690657452343,1,0,1,0,0,1,0
50,27,88.80148315429688,90961,4,0.3842333159676754,1,0,1,0,0,1,0
52,24,21.41108703613281,94816,2,1.1624398569101997,1,148,1,0,0,1,0
36,13,81.02396392822266,93049,3,0.9349467474608064,1,0,0,1,0,0,0
38,14,139.8458251953125,90092,2,2.374999332048458,1,0,1,0,0,0,0
31,7,36.772727966308594,94766,4,1.2894647582875456,1,160,0,0,0,0,0
36,10,35.05750274658203,90130,2,1.5814394520959836,2,0,1,0,0,0,0
53,22,127.0928192138672,94321,3,5.579404748806155,1,0,1,0,1,1,0
43,22,110.519287109375,94112,4,0.934727188776152,1,262,1,0,0,1,0
29,23,43.040828704833984,94398,4,2.412498053009573,2,0,0,0,0,1,0
36,19,13.572521209716797,91602,3,0.2390871959972272,3,0,0,0,0,0,0
29,17,125.23776245117188,91787,2,0.2607262904494393,1,0,0,0,0,0,0
30,9,67.25588989257812,92057,2,0.767654608569344,1,114,1,0,0,0,0
63,41,59.7595100402832,91916,4,0.4213000870385923,1,0,0,0,0,0,0
26,1,43.83198928833008,94789,3,0.0977769111489865,3,0,0,0,0,0,0
55,27,110.00560760498048,90722,3,0.122486185888104,3,0,0,0,0,0,0
37,3,36.39060592651367,91973,4,1.2293500049587869,3,0,0,1,0,0,0
55,28,126.79914093017578,89912,1,0.4816116082754645,1,0,0,0,0,1,0
53,28,80.0551528930664,95122,4,2.023934788465298,1,0,0,0,0,0,0
56,32,28.28612518310547,92639,1,2.626973365925685,1,0,1,0,0,0,0
54,20,59.79369354248047,94101,4,1.331795150678231,1,0,1,0,0,1,0
53,30,31.832429885864254,92746,4,0.4527936426990797,1,0,0,0,0,1,0
57,29,71.17562103271484,94381,3,2.124567560101086,3,0,0,0,0,0,0
62,36,56.85491561889648,94530,2,0.3201232091513643,3,367,1,0,0,1,0
42,13,48.971492767333984,95069,1,1.1239422326982904,2,0,0,0,0,1,0
33,4,18.48781967163086,92345,2,1.1956835190322646,2,100,0,0,0,1,0
39,28,47.98566436767578,94731,2,2.110096143453616,3,0,0,0,0,0,0
42,11,27.606096267700195,95669,1,2.595004806728448,1,0,0,0,0,0,0
59,34,61.914344787597656,95943,4,1.119777981284175,2,162,1,0,0,1,0
50,14,121.78763580322266,90172,4,1.0731644514424852,2,0,0,0,0,1,1
44,23,88.37042236328125,91451,2,2.923575913737902,1,188,1,0,0,1,0
57,33,22.12248039245605,91054,1,0.0333528606470493,1,0,0,0,0,1,0
35,9,68.2703857421875,93597,1,2.8671217653986605,1,0,0,0,0,1,0
59,35,31.144752502441406,95721,3,0.2058714145021254,1,0,1,0,0,1,0
30,8,130.7307586669922,94425,4,7.477860061042768,1,0,0,0,0,0,0
43,18,19.09924697875977,93264,2,0.5089330627605047,2,89,0,0,0,1,0
54,33,73.19300079345703,95463,3,1.572466916498262,1,0,0,0,0,1,0
57,36,38.5000114440918,91257,2,2.0653994586287245,3,171,0,0,0,0,0
59,31,20.701953887939453,94125,3,0.6512789354839992,3,64,0,0,0,1,0
47,16,102.8028793334961,96357,3,0.3470289272188854,2,0,1,0,0,0,0
29,7,74.02778625488281,92399,3,4.125160855493146,3,134,0,0,0,0,0
66,38,135.49810791015625,94082,3,1.098434186718669,2,0,0,0,0,1,0
60,35,18.120990753173828,90139,4,0.3735023542401505,3,0,0,0,0,1,0
59,40,32.609405517578125,90914,1,0.2561108475839564,3,0,0,0,0,0,0
49,19,88.58609771728516,94485,2,0.1132604384742403,2,134,0,0,0,0,0
37,16,60.666629791259766,95321,2,2.5134546633784725,3,0,0,0,0,0,0
64,32,61.37360382080078,92014,3,1.8221345601192336,2,90,1,0,0,1,0
53,30,60.10562896728516,94537,2,2.377469597967416,3,0,0,0,0,0,0
48,27,99.27605438232422,94492,1,2.943745723643512,1,0,0,0,0,0,0
37,9,25.39777374267578,94415,3,0.4502874514237843,3,0,0,0,0,1,0
47,26,63.62678527832031,90282,2,2.205148483335721,3,0,1,0,0,1,0
59,22,19.06142807006836,91563,3,0.3303924627394366,3,0,1,0,0,0,0
44,21,45.32579040527344,92969,2,0.5185438863748355,2,0,0,0,0,1,0
59,34,60.774017333984375,92751,3,0.7232819591780926,2,0,0,1,0,0,0
45,18,19.446481704711918,91965,3,0.4925329482334635,3,0,0,0,0,0,0
43,19,16.392070770263672,92817,4,0.4881433275665509,3,106,1,0,0,1,0
46,31,23.89717483520508,91689,1,0.3651899743483039,2,145,1,0,0,1,0
40,25,16.936595916748047,90410,3,0.0149128016682839,2,0,0,0,0,1,0
31,7,88.21527862548828,92401,4,1.916774317869336,1,0,0,0,0,1,0
59,33,28.25039291381836,92340,3,1.1458975360895782,3,150,1,0,0,1,0
48,27,124.78703308105467,95063,1,1.294402589687634,2,0,0,0,0,1,0
55,35,17.126047134399414,90205,4,1.09595957323552,3,0,0,0,0,1,0
42,20,40.74702835083008,94226,2,2.041172769652201,3,0,0,0,0,0,0
46,15,93.31080627441406,93315,4,0.7442867827068579,1,0,0,0,0,0,0
58,39,119.91803741455078,94318,2,2.745849501711575,1,130,1,0,0,0,0
49,8,32.31657791137695,96212,4,0.2128767674476781,2,0,0,0,0,0,0
35,6,16.41353416442871,95549,3,0.9586248949597724,1,0,0,0,0,1,0
62,34,193.8707275390625,93147,1,2.096869569376327,2,0,0,0,0,0,1
44,18,70.69868469238281,92570,2,0.5561629900070982,1,0,0,0,0,1,0
31,7,115.2541961669922,95338,2,1.452068893870688,1,0,1,0,0,1,0
53,26,170.27566528320312,93668,4,1.7132738768960718,3,0,0,0,0,1,1
53,26,36.962196350097656,93835,3,1.9551129811941577,1,0,0,0,0,1,0
61,37,72.97038269042969,93745,1,1.4754874806719318,3,0,0,0,0,1,0
56,36,18.277589797973636,91224,3,0.6984220961005008,1,0,0,0,0,1,0
32,13,56.72667694091797,94756,4,0.7467396488461553,2,0,1,0,0,1,0
64,37,31.306861877441406,90234,3,1.826006099892798,3,0,0,0,0,1,0
47,19,34.08845138549805,91763,2,1.593698367582892,3,0,0,1,0,1,0
41,11,65.91333770751953,96206,2,0.2401666528725318,1,0,0,0,0,0,0
61,35,53.177921295166016,95445,4,1.370857709553074,1,205,1,0,1,1,0
41,18,53.46137619018555,90414,2,0.53169763566538,3,0,0,0,0,1,0
40,13,26.40942001342773,94609,3,2.129393638673777,2,81,1,0,0,0,0
30,16,121.02857208251952,92153,3,0.791718874202787,2,0,0,0,0,0,0
63,38,162.44615173339844,90257,1,1.9767191378845117,1,0,0,0,0,0,0
57,31,204.2089080810547,92647,1,3.2873660248403564,1,0,1,0,0,1,0
26,9,175.05442810058594,94532,1,4.7860989855490255,1,0,0,0,0,1,0
32,3,107.12065887451172,92626,4,0.7646207046119906,3,0,0,0,0,0,1
28,11,41.14894104003906,94118,1,0.4212325299970376,2,136,0,0,0,1,0
38,13,43.87215805053711,91914,3,0.4551007283466549,1,0,0,0,0,1,0
62,33,36.35327911376953,92885,1,1.1593405814750437,2,0,0,0,0,1,0
31,10,48.32990264892578,92147,4,0.128350353777127,3,0,1,0,0,1,0
41,13,16.808551788330078,94117,3,0.3267027509355554,2,125,0,0,0,0,0
56,28,29.778491973876957,91133,3,0.9517919594463085,2,0,0,0,0,1,0
41,16,30.538164138793945,91397,4,0.7777227538458348,3,0,0,0,0,0,0
38,4,41.29818344116211,95629,1,2.235971018030529,1,0,0,0,0,1,0
54,17,77.49658966064453,93730,2,3.504243684899047,1,167,0,0,0,0,0
34,4,63.43611145019531,92909,4,2.732733597027382,3,0,0,1,0,0,0
27,2,51.40461349487305,89951,4,2.43455922735923,2,0,1,0,0,1,0
51,15,68.47989654541016,94555,1,0.3482648552929888,2,0,1,0,0,0,0
43,11,49.90914535522461,92087,2,1.120620448732197,3,153,0,1,0,1,0
38,9,37.06439208984375,94617,4,0.2634167009104294,1,0,0,0,0,1,0
34,3,77.57141876220703,94935,2,0.7169865376156157,1,132,0,0,0,0,0
58,28,103.15647888183594,94356,3,5.247774319597358,3,0,0,0,0,0,0
64,36,46.105743408203125,91708,3,1.4709386610138826,3,0,0,0,0,0,0
26,10,81.86913299560547,96032,4,1.7309533263236323,2,0,1,0,0,0,0
41,10,84.07495880126953,95029,2,1.5359208444588628,3,0,0,0,0,1,0
60,43,19.72579002380371,91992,4,0.7834891452387412,2,0,1,0,0,0,0
32,8,114.16822052001952,94485,1,1.4065747982852363,2,0,0,0,0,0,0
27,13,132.58547973632812,91732,2,0.2928935556833707,1,0,1,1,1,1,1
54,27,34.38316345214844,94411,1,1.7085243473865594,3,131,1,0,0,1,0
65,37,59.54937744140625,94320,3,1.3157758112938185,1,0,0,0,0,0,0
61,32,34.618431091308594,94164,4,2.224413465941464,1,0,0,0,0,1,0
32,6,92.8571548461914,92073,2,1.2362612953741103,3,0,0,0,0,0,0
57,36,27.86348533630371,93748,4,1.650323417818393,1,0,1,0,0,1,0
39,14,70.7957992553711,92169,3,1.0435842532449855,3,233,0,0,0,0,0
42,15,111.5499038696289,90314,1,5.047707385396088,1,0,0,0,0,0,1
59,31,119.03217315673828,91076,3,0.7932661519675843,3,0,0,0,0,1,1
32,10,101.04347229003906,94396,1,2.4038678091814303,1,0,0,0,0,0,0
27,4,90.66791534423828,94540,1,2.857980924534764,2,0,0,0,0,1,1
36,7,56.36383819580078,93278,3,1.3061769515092143,3,0,0,0,0,1,0
52,33,76.85247802734375,90802,4,2.775671978598667,1,0,1,0,0,0,0
41,27,64.2620849609375,94419,2,2.427327602607308,3,0,0,0,0,1,0
27,7,28.19291305541992,94511,3,0.5294421768087967,1,102,0,0,0,1,0
36,15,48.88009643554688,95286,2,2.507020860884888,2,0,1,0,1,1,0
32,8,90.6298828125,92939,2,0.2142020527494395,2,0,0,0,0,0,0
63,37,30.82085227966309,92763,1,0.4973236572066889,1,0,0,0,0,0,0
31,7,146.17279052734375,90019,2,0.459720944683411,3,103,0,1,0,1,0
41,20,33.50811767578125,92103,3,0.3139719711705322,1,0,0,1,0,1,0
46,18,190.8598480224609,89941,1,4.894720001258142,1,421,0,0,0,1,0
55,33,128.0643310546875,91264,1,1.5046505349777672,1,0,0,0,0,1,0
38,15,82.281982421875,92106,2,2.1760787328737843,1,0,0,0,0,0,0
60,29,66.18447875976562,90320,3,0.6805740845312345,3,0,1,0,0,0,0
53,33,88.56629180908203,91066,2,1.908299724295343,1,0,1,0,0,0,0
29,4,112.81705474853516,94197,2,1.989096056839639,1,0,0,1,0,0,0
48,28,28.392276763916016,92191,2,0.3863619729106088,3,103,1,1,0,0,0
42,22,42.91608428955078,92163,2,0.3906495045294965,3,0,0,0,0,1,0
39,23,72.41400909423828,95884,1,1.3267119956416216,2,0,1,1,0,0,0
64,36,56.896949768066406,90334,3,0.6996594866583783,1,0,0,0,0,1,0
43,23,96.67137145996094,94229,1,1.2342205369065726,1,171,0,0,0,1,0
66,37,60.401161193847656,92169,3,1.2141357842028828,2,0,0,0,0,1,0
44,12,44.38594818115234,94984,4,0.3197251618596384,2,0,0,0,0,1,0
26,0,18.21249008178711,94134,4,0.5146764378667537,3,175,0,0,0,0,0
43,16,35.4821662902832,91735,3,0.7743439615172906,3,0,0,0,0,1,0
41,13,106.66092681884766,94273,1,2.581558633541864,1,0,0,0,0,1,0
29,10,39.52471923828125,91095,2,1.056647003109772,3,208,0,0,0,1,0
58,35,29.19398498535156,92202,4,1.37568441258278,3,0,0,0,0,1,0
52,16,180.7091827392578,90613,2,7.606652078516948,1,0,0,0,0,1,0
60,34,63.59327697753906,95934,2,1.2966892483344843,2,0,0,0,0,0,1
32,8,13.728940963745115,96609,4,2.0198791399793827,1,0,0,0,0,1,0
62,32,85.83097076416016,92882,1,2.561032385470547,3,403,0,0,0,0,0
27,4,67.48863220214844,92506,2,0.9287351526783436,2,0,0,0,0,1,0
41,10,72.51602172851562,91292,3,3.5177951423691183,1,223,0,0,0,1,0
40,13,56.40964889526367,91917,2,1.825458020265969,1,0,0,1,1,1,0
32,1,82.10820770263672,91760,2,3.515257329421266,1,0,0,0,0,1,0
31,26,32.457176208496094,94708,4,1.8464357294871403,3,0,1,0,0,1,0
40,17,126.88661193847656,95528,2,0.8130400995325976,1,0,0,0,0,0,0
56,32,58.7452278137207,94973,2,0.1144511995036526,2,0,0,0,0,1,0
62,39,51.1289291381836,95927,3,0.2708273296674428,1,167,1,0,0,1,0
45,14,25.656450271606445,93016,3,0.0777020988635603,3,0,1,1,0,1,0
41,18,150.71958923339844,94053,2,2.19817548069596,1,0,1,0,0,0,0
49,20,141.70162963867188,92785,1,0.1931780129006095,1,0,0,0,0,0,0
54,21,63.92671203613281,95751,4,2.097549963698922,2,0,1,0,0,0,0
62,39,83.02174377441406,94478,1,1.010214678081775,1,0,0,0,0,1,0
27,3,55.51654815673828,91924,3,2.637784063662454,3,0,0,0,0,0,0
53,28,32.65534973144531,90400,3,2.23936355013496,2,0,0,1,0,0,0
48,35,35.728546142578125,94534,4,0.2377927503713869,2,0,1,0,0,1,0
24,5,56.20058822631836,95636,2,2.3002607831059443,2,84,0,0,0,1,0
51,27,117.15052795410156,90502,4,3.9074150778860144,3,0,1,0,0,0,0
33,6,77.54724884033203,92068,4,1.296533087152991,1,0,0,0,0,1,0
64,32,77.61703491210938,94591,3,1.85835030688686,1,269,0,0,0,0,0
28,2,92.75393676757812,94837,1,3.767414998727733,2,346,0,0,0,0,0
62,38,90.35931396484376,94249,2,2.1863955656886023,1,0,0,0,0,0,0
27,2,59.56167984008789,94925,1,2.2067205005321,1,0,0,0,0,1,0
42,13,83.88236999511719,91166,1,4.671072176249529,1,0,1,0,0,1,0
25,2,32.00086975097656,94982,4,1.5176350320486371,2,0,0,0,0,0,0
38,2,55.64637756347656,90220,4,2.025450670358252,2,0,0,0,0,0,0
44,30,132.0179443359375,90084,1,7.1628492874128495,3,0,0,0,0,0,0
39,26,43.31246948242188,92825,1,1.5035826135690646,3,204,0,0,0,1,0
39,9,65.57760620117188,94782,1,2.350069728462299,1,104,0,0,0,0,0
38,22,72.17391204833984,92045,2,2.644577904146181,1,96,0,0,0,1,0
26,4,176.14239501953125,94599,3,3.7677056788326535,1,0,1,0,0,0,1
63,41,34.15962219238281,94017,4,1.942174007039678,3,0,1,0,0,1,0
38,17,31.53395652770996,91522,4,0.7079618791185855,1,0,0,1,0,0,0
54,31,58.72578430175781,94529,1,2.1130888859534536,3,0,1,0,0,0,0
48,11,104.92155456542967,95227,2,2.2519032127408742,1,0,1,0,0,0,0
32,8,72.89822387695312,94595,3,1.651423411339384,1,0,0,1,0,1,0
32,6,55.89114761352539,94893,2,1.372580611435627,1,0,0,0,0,1,0
48,35,131.3626708984375,90522,1,2.925225433637771,1,0,1,0,0,0,0
39,14,86.83272552490234,94626,2,4.797749079886817,1,0,0,0,0,0,0
34,13,88.01628875732422,96044,1,0.4464917882353494,1,0,0,0,0,0,0
30,2,45.4517822265625,90277,4,1.665961024926256,2,0,0,0,0,0,0
49,27,45.407745361328125,91286,4,1.645078896844548,1,0,1,0,0,0,0
61,36,80.075927734375,94314,2,3.698639385211042,3,0,1,0,0,0,0
33,13,102.6423797607422,93075,2,0.277758758040902,1,104,1,0,0,0,0
27,4,72.0842514038086,92951,1,1.347229854716977,3,0,0,1,0,1,0
40,21,144.3781280517578,95627,2,6.088225442512331,1,0,1,0,0,1,0
38,25,82.55757141113281,90506,3,1.6225810781564316,1,0,1,1,1,1,0
38,4,71.2803726196289,92245,2,0.7548844404641725,3,0,0,1,0,1,0
56,34,29.10773086547852,91438,4,0.4627130926155716,1,0,0,0,0,1,0
60,35,44.70539855957031,95147,4,1.3164987269069894,1,0,1,0,0,0,0
31,10,25.56954002380371,94496,4,1.756050681507897,2,0,1,0,0,1,0
41,23,35.678749084472656,95314,1,1.949036862431298,2,197,0,0,0,0,0
35,16,111.32252502441406,94224,1,3.081754560344407,1,0,0,0,0,1,0
56,19,11.586278915405272,93537,1,0.2195208019683092,1,0,0,0,0,0,0
30,5,175.44935607910156,93910,2,4.117673621094236,1,158,0,0,0,0,0
37,10,53.83073043823242,95510,1,2.049337100355103,3,0,0,0,0,1,0
44,22,169.3999786376953,94245,4,4.973459761502226,1,537,1,0,1,1,1
36,2,36.85850143432617,93414,4,1.7942724745800838,3,0,1,0,0,1,0
58,30,49.85082244873047,95467,1,0.7888473748094882,3,0,0,0,0,1,0
55,32,74.62516021728516,91554,2,1.0599853016869407,3,395,1,0,0,1,0
57,31,69.37052917480469,91125,2,5.570514892936735,3,0,0,1,0,1,0
52,21,194.5162353515625,94692,1,4.638702429089394,1,0,1,0,0,1,0
41,19,29.48402404785156,92363,1,0.3182816774897798,1,0,0,1,0,1,0
42,29,18.579879760742188,95842,1,0.3138414235630063,3,0,0,0,0,0,0
45,22,99.9460678100586,90068,2,1.8175966269907329,2,0,1,0,0,1,0
65,40,34.54622268676758,94840,3,1.6523956846671053,1,0,0,0,0,0,0
49,22,114.7899932861328,91976,2,4.714102011810516,1,0,0,0,0,1,0
56,25,60.494625091552734,90022,1,2.472734043378906,1,0,0,0,0,0,0
32,8,94.34130096435548,91268,1,2.1007927329193654,1,148,1,0,0,1,0
65,38,109.78981018066406,92304,3,4.358801027107666,1,292,1,0,0,0,0
31,3,59.0400505065918,90326,2,1.6346894433016037,2,0,0,0,0,1,0
39,21,14.679311752319336,94546,1,1.4385187941369992,1,0,0,1,0,1,0
35,22,79.08820343017578,94823,1,2.948268876729824,3,0,1,1,0,1,0
56,24,51.59957504272461,92071,4,2.0235881648654344,1,0,0,0,0,1,0
39,24,150.8235321044922,95045,4,5.421729359508995,2,389,1,1,1,1,1
62,37,54.77386474609375,93942,1,2.9657759064232696,2,0,0,0,0,1,0
27,1,68.14016723632812,92803,4,1.7199443388287203,2,0,0,0,0,0,0
50,21,75.61814880371094,94193,4,3.5881028876651846,1,0,0,1,0,0,0
29,3,78.73252868652344,94063,1,2.4266071630936428,3,0,0,0,0,0,0
47,26,19.108200073242188,94348,4,0.9852689975869732,3,73,1,0,0,1,0
48,23,147.37646484375,95119,2,0.7045137392763664,1,0,1,0,0,0,0
56,24,55.32887649536133,89724,4,0.0536599847799585,1,0,1,0,0,1,0
29,6,132.06024169921875,94406,1,1.0463019130526905,2,0,1,0,0,1,1
32,3,153.70574951171875,94652,1,3.492436823602622,1,0,0,0,0,0,0
36,18,37.11701583862305,94568,2,1.2161946439594835,1,0,0,1,0,1,0
33,8,28.95747947692871,91821,4,0.2490664259408309,1,0,0,0,0,1,0
64,37,63.02834701538086,94118,2,1.8465805285797687,2,0,0,0,0,1,0
31,4,171.31700134277344,94399,1,4.137865556867469,1,0,0,0,0,0,1
28,13,70.59159851074219,91145,3,1.5121519622505075,1,0,0,0,0,1,0
39,19,51.96342468261719,91885,3,1.9795181261445505,2,229,0,0,0,1,0
61,37,93.0556640625,95646,1,3.538567384684345,1,155,0,0,0,0,0
41,20,35.867034912109375,94009,3,2.028755796447028,2,0,0,0,0,1,0
44,19,26.55223846435547,95197,3,1.236220561528194,3,0,1,0,0,1,0
62,35,194.1767578125,95823,2,4.737363075514968,1,0,0,0,0,1,0
40,18,28.824329376220703,94135,1,2.449903720380718,2,0,0,0,0,1,0
62,35,20.813024520874023,94364,1,0.8202723220340115,3,120,0,0,0,0,0
39,18,84.32708740234375,91129,2,2.936952619485509,1,359,0,0,0,1,1
30,6,67.49308013916016,94041,1,2.404611244594192,2,0,1,0,0,1,0
59,32,97.00872802734376,92800,1,0.4612322872054283,3,101,0,0,0,0,0
27,1,100.47193908691406,95641,1,1.084156255496599,1,386,0,0,0,0,0
60,28,50.37590789794922,94431,4,1.8304579851390457,1,0,1,0,0,1,0
42,11,79.78316497802734,94852,4,2.3191365012790808,2,0,0,0,0,0,0
63,37,48.90884017944336,95444,3,0.7087952227109278,1,102,0,1,0,1,0
42,21,58.84810256958008,94732,4,0.2142184510795573,1,127,0,0,0,1,0
56,23,45.80571746826172,94611,2,2.2305278992491377,3,0,1,0,0,0,0
44,24,186.3929443359375,90072,3,1.2474445283842095,2,0,0,0,0,0,1
59,29,17.1826114654541,94827,3,0.8041965967498362,1,90,1,1,0,1,0
59,36,33.18105697631836,91961,2,1.65453151499537,3,0,0,0,0,1,0
47,27,14.916868209838867,93185,4,1.2325163000181547,3,0,0,0,0,1,0
50,25,41.57057189941406,91117,1,0.3547166050468704,2,0,1,0,0,1,0
50,26,31.734363555908203,91993,1,0.5839374617331619,3,0,1,0,1,1,0
48,25,64.66346740722656,92863,2,1.9872068635588716,1,244,0,0,0,0,0
51,19,55.68648910522461,95681,3,0.9489003074706628,2,196,0,0,0,1,0
46,25,59.84235763549805,92063,1,0.5953504433465784,3,0,0,0,0,1,0
30,4,88.32878112792969,95659,1,0.2464356927969375,1,169,1,0,0,1,0
25,18,57.324466705322266,93821,2,2.5013529106234422,2,0,0,0,0,0,0
44,14,89.2205810546875,92395,1,0.3376758680673437,3,0,0,1,0,1,0
58,25,84.14582061767578,94421,3,4.238076331373999,1,0,1,1,1,1,0
45,15,86.84906768798828,92131,4,2.1943356751750844,2,0,0,0,0,0,0
41,28,94.39812469482422,90945,2,2.759049765478022,1,148,0,1,0,0,0
66,36,46.906517028808594,95326,4,1.2871013883121698,2,0,0,0,0,0,0
35,9,86.15380859375,96143,2,1.954102085609128,3,0,0,0,0,0,0
29,0,49.58860397338867,91863,4,0.0542333141644904,2,0,1,0,0,1,0
49,19,121.7715301513672,95267,2,0.5226676903894227,2,0,0,0,0,1,0
49,30,72.24325561523438,91173,3,2.841202569960867,2,0,0,0,0,0,0
46,23,44.84368896484375,92069,3,0.7587690013189515,2,0,0,0,0,1,0
62,30,51.270652770996094,92854,1,0.3540282333662579,2,0,0,0,0,1,0
53,24,102.26090240478516,94127,1,1.4567036388139956,3,268,1,0,0,0,0
30,0,31.56689071655273,95676,4,0.8843502975379713,2,0,1,0,0,0,0
28,4,126.0325698852539,94368,1,1.2134288489053875,3,0,0,0,0,0,1
42,15,65.70703125,93188,2,0.4289211251935113,3,0,0,0,0,1,0
65,35,26.961444854736328,94525,3,1.4510236027842076,3,0,0,0,0,1,0
40,14,177.46385192871094,94025,1,3.305589657175834,1,0,0,0,0,0,0
54,31,77.35367584228516,91642,2,2.210406895095929,1,0,0,0,0,1,0
62,40,109.72545623779295,90145,1,1.5021895134277607,1,0,1,0,0,0,0
44,16,59.84734725952149,94699,3,1.0822711556230913,1,0,0,0,0,0,0
41,18,213.90419006347656,94180,2,8.68318705822012,1,0,0,0,0,1,0
27,6,63.3720588684082,94321,4,0.8083939888591771,3,117,0,0,0,0,1
49,36,164.52877807617188,92282,2,6.472976433597328,1,0,0,0,0,1,0
40,13,62.02657318115234,90441,3,0.3085883555966807,3,0,0,0,0,0,0
30,11,84.87161254882812,95944,2,1.4145824086085628,1,138,1,0,0,1,0
30,15,148.5675048828125,95576,3,2.6540837521552523,2,0,1,1,0,0,1
63,40,75.97700500488281,92687,1,0.976887878728452,3,0,0,0,0,0,0
41,21,36.474945068359375,92401,2,0.2110868975348956,1,99,1,0,0,1,0
52,27,130.61029052734375,90043,3,4.30164822135444,2,0,0,0,0,1,1
48,28,11.183155059814451,91866,2,0.2195403799843591,1,0,0,0,0,0,0
44,17,69.1737060546875,94412,1,1.6551274436916008,3,0,0,1,0,1,0
28,4,141.0575714111328,91853,3,1.881961513698938,1,233,0,0,0,0,0
42,24,52.75748443603516,93920,2,0.7596952762372188,3,0,1,0,0,1,0
53,22,59.17247772216797,91235,3,1.2320675419747669,2,0,0,0,0,1,0
42,14,119.11054229736328,95598,2,3.616884212036541,1,0,0,0,0,1,0
55,24,18.82400703430176,94388,2,1.7723492625034225,2,149,0,0,0,0,0
26,1,53.24656295776367,93602,1,1.8269466883222107,3,119,0,0,0,1,0
30,6,45.08251190185547,91371,2,3.315211822097209,2,167,0,0,0,1,0
38,20,108.51145935058594,91212,4,2.1219135718830784,1,344,0,0,0,1,0
49,28,97.29820251464844,94132,2,3.2564335816677863,1,75,0,0,0,0,0
53,30,31.717220306396484,93253,4,0.8332145990595664,2,156,0,0,0,1,0
63,37,124.00345611572266,94331,3,2.850493379987721,1,0,1,0,1,1,0
30,6,57.63596725463867,94256,2,1.7192111419914613,3,0,0,0,0,1,0
30,3,181.2119598388672,95347,2,4.293778574306954,1,0,0,0,0,0,0
55,31,50.76082611083984,93210,4,2.1809601175432243,2,235,0,0,0,0,0
28,8,84.97148895263672,94769,3,1.506403648090704,2,0,0,0,0,0,0
58,36,22.738601684570312,90985,3,1.2502399405019358,1,244,1,0,1,1,0
48,20,50.23565673828125,96198,3,1.256907792594547,3,155,1,0,0,0,0
27,2,86.88191986083984,95193,4,4.166510218179125,2,0,1,1,1,1,0
58,25,44.6404914855957,91376,4,2.0338231152537376,1,0,1,0,0,1,0
39,20,121.1392059326172,90301,2,0.2773749132683651,1,0,0,0,0,0,0
62,40,14.113228797912598,94364,2,1.170525762336857,2,0,0,0,0,0,0
35,11,67.60971069335938,95827,3,2.112862144072043,3,293,0,0,0,1,0
33,7,109.876953125,92179,2,1.4207515502872257,1,0,0,0,0,0,0
27,5,55.705684661865234,92176,2,1.89784771264864,2,0,0,0,0,0,0
32,12,116.91232299804688,94864,3,4.767354252657952,1,0,0,0,0,1,0
60,15,44.85400390625,92519,1,2.0888954326193927,2,0,0,0,0,0,1
45,31,97.80583953857422,90757,2,4.299432368014815,1,0,1,0,0,1,0
61,36,35.55842208862305,89887,1,0.2214758127594628,2,0,0,0,0,0,0
24,6,81.24244689941406,90505,1,2.544766346712625,1,103,0,1,0,0,0
33,25,63.621543884277344,91835,2,2.543985312940498,1,0,1,0,0,1,0
47,23,135.9215545654297,94429,2,1.5511731196252587,1,0,1,0,0,0,0
56,20,98.97911834716795,90242,2,1.072510223289603,3,0,1,0,0,1,0
30,12,82.71440124511719,95451,3,1.4520440633156846,1,0,0,0,0,1,0
54,29,168.33282470703125,91248,2,3.020621361771067,1,126,0,0,0,1,0
51,32,53.77950286865234,96257,1,1.659430548881119,1,193,0,0,0,0,0
67,41,68.13372039794922,95868,1,4.116979457880159,2,0,1,0,0,1,0
56,33,10.927369117736816,95450,3,0.4371437003324219,1,0,1,0,0,1,0
55,29,44.314151763916016,92313,3,1.1307267642967858,2,105,0,0,0,1,0
66,41,70.80368041992188,92663,3,0.9384577914384092,2,0,1,0,0,1,0
27,3,84.58101654052734,91624,1,2.603746710091958,1,0,0,0,0,1,0
52,28,88.6727294921875,91410,2,4.946034831045127,3,0,1,0,0,1,0
56,16,104.1549301147461,94942,2,0.2594931692380368,1,0,0,0,0,0,0
31,5,50.746700286865234,91523,4,1.4305289631476286,1,260,0,0,0,1,0
57,29,109.3888702392578,92552,1,0.257166761979763,3,112,0,0,0,0,0
50,27,54.78639221191406,94171,2,0.290771033461236,3,0,0,0,0,0,0
47,31,34.244564056396484,93665,1,1.2822511340619498,3,0,0,0,0,1,0
57,32,37.42233276367188,93937,2,1.6255560849226387,1,0,0,0,0,1,0
36,11,70.76296997070312,95245,4,0.9788822476853656,3,0,1,0,0,0,0
54,23,16.106809616088867,90360,1,0.2758104480782171,3,0,0,0,0,0,0
40,23,54.4183464050293,94881,4,0.4831479263627171,3,0,1,0,0,1,0
35,18,195.3721160888672,92142,2,7.686481551345078,1,0,0,0,0,1,0
43,17,72.42886352539062,92191,3,2.81479571115637,1,122,1,0,0,1,0
62,37,37.64002990722656,92529,3,0.5236328957848384,2,0,0,0,0,1,0
27,2,38.31401062011719,94358,4,2.064803152136,3,0,0,0,0,0,0
50,27,35.082237243652344,90111,1,1.3307106187129305,3,69,0,0,0,0,0
58,25,120.29161071777344,91458,1,0.7008074242669042,1,0,1,0,0,1,0
40,11,28.12163352966309,94619,4,1.0135422481721623,1,0,1,0,0,0,0
42,20,72.54322814941406,94659,3,1.687903562573999,2,0,0,0,0,0,0
62,37,55.816436767578125,90512,1,1.8872168190454317,2,0,0,0,0,0,0
62,31,114.03028106689452,91967,1,4.825026298077973,1,0,0,0,0,0,0
44,18,36.92084503173828,91890,2,0.2827948674570959,3,0,0,0,0,0,0
63,39,64.1600112915039,94240,1,0.5961969670525638,1,0,1,0,0,0,0
27,0,39.07223129272461,90305,1,2.6646830887550577,2,161,0,0,0,0,0
30,4,115.09406280517578,95642,4,0.176474008270992,1,0,1,0,0,1,0
35,8,57.94388961791992,90155,4,1.7821809491282563,1,0,0,1,0,0,0
55,30,43.439579010009766,91937,1,2.8636508140637,2,0,1,0,0,1,0
64,36,88.3639907836914,95801,1,1.894414360556412,1,0,0,0,0,1,0
46,18,80.57939910888672,95629,4,2.1550036798132526,3,0,1,0,0,1,0
61,30,49.092384338378906,95755,4,1.2616543653000938,2,0,0,0,0,0,0
59,30,64.95498657226562,94284,2,1.359192128143499,2,0,0,0,0,1,0
57,26,110.67076110839844,95663,3,1.3521698592274771,3,201,0,0,0,1,0
34,12,96.17794799804688,92144,4,7.122934717341722,1,0,0,0,0,0,0
30,5,46.02042770385742,90219,3,0.2363177668156317,1,92,0,0,0,0,0
65,40,9.6182861328125,91993,3,0.0087402826535986,3,78,1,0,0,1,0
56,36,31.281911849975582,90431,2,1.0024663374530367,3,0,1,0,0,1,0
47,18,114.829345703125,92187,4,2.0500817953259105,1,0,0,0,0,0,1
59,36,70.030029296875,95794,3,0.6001597996058918,2,0,0,0,0,0,0
36,12,40.53835678100586,93286,2,0.3339909718240642,2,0,0,0,0,1,0
58,27,203.2403717041016,91453,1,4.943295499347548,1,0,0,0,0,1,0
27,2,24.964710235595703,94960,4,0.6014086857257079,3,0,1,0,0,1,0
52,22,10.2608642578125,95342,4,0.6913707143474046,3,0,0,0,0,1,0
53,30,95.13934326171876,94003,1,0.5658207845972598,3,140,0,0,0,1,0
59,29,51.04533386230469,90376,3,0.3272741575214505,1,0,0,0,0,1,0
42,17,173.80458068847656,94958,2,6.289261112660991,1,0,0,0,0,1,0
54,31,35.62872314453125,92330,2,2.909626089182101,1,0,0,0,0,0,0
27,3,77.54947662353516,95501,4,1.1942305923940442,1,0,0,0,0,0,0
56,34,119.85350036621094,91116,2,2.70347930669166,1,0,0,0,0,0,0
28,1,132.32278442382812,91807,2,6.907551552969973,1,0,0,0,0,0,0
48,24,36.57041931152344,94799,3,1.1714130207660889,2,0,0,0,0,1,0
48,27,35.51045227050781,92198,4,0.4247586368316834,1,0,1,0,0,1,0
46,13,50.17951202392578,90745,3,1.3661865962332151,2,0,0,0,0,1,0
37,10,56.33356475830078,94156,2,0.7347158125337987,1,135,0,0,0,1,0
57,27,20.636493682861328,94719,1,0.3616082941813677,2,153,0,0,0,1,0
49,16,57.57145309448242,94376,1,2.452665731183536,2,0,1,1,1,1,0
32,14,110.65161895751952,94783,1,2.7686172191570986,3,0,0,0,0,0,1
50,34,31.48234367370605,96238,3,1.6037979221183978,3,0,0,0,0,1,0
32,3,143.6983642578125,90377,3,2.8489604623621747,1,0,0,0,0,0,0
49,20,10.507811546325684,94202,3,0.3516977949061004,2,69,0,0,0,1,0
34,17,85.43185424804688,93916,2,1.1430479473158586,1,0,0,0,0,1,0
42,23,205.57861328125,91369,1,8.202313579077124,1,0,0,0,0,1,0
26,3,72.43997955322266,92840,2,1.497549234781932,1,0,1,0,0,0,0
51,11,161.74014282226562,94420,4,9.469326941709957,1,249,0,0,0,0,1
31,4,83.64141845703125,90601,3,0.7282019133005762,3,0,1,0,0,0,0
43,13,96.01667785644533,91213,1,0.0310688168269868,1,96,0,0,0,0,0
46,21,82.49715423583984,91869,3,1.1339149688293997,1,0,1,0,0,0,0
46,27,35.844505310058594,92006,3,0.96620510519946,1,97,0,0,0,1,0
31,7,94.57449340820312,91820,3,1.479223332231346,1,0,1,0,0,1,0
26,0,69.04022216796875,92493,2,3.52834709262614,3,321,0,0,0,0,0
65,38,12.223410606384276,95703,4,0.4051038184730355,3,100,0,0,0,1,0
45,11,58.97089385986328,95277,1,2.410741647719288,2,355,0,0,0,0,0
62,40,31.2694091796875,91460,2,0.527002166681541,3,80,1,0,0,0,0
31,7,30.634389877319336,93968,1,1.1599142815071,3,0,1,0,0,1,0
47,29,136.81069946289062,94675,1,4.895596784073031,1,0,0,1,0,0,0
61,30,31.43004608154297,94425,2,1.575820040184897,3,69,0,0,0,1,0
62,37,79.72101593017578,89929,2,3.992789244440056,2,0,0,0,0,0,0
34,8,86.24699401855469,93053,4,3.008525691314608,1,0,0,0,0,0,0
46,18,101.35094451904295,92263,3,2.6773016090349584,1,0,0,0,0,0,0
65,38,146.0543670654297,90535,1,6.683768465315221,1,265,0,0,0,1,0
47,29,70.57806396484375,92131,2,3.30679447929168,3,0,1,0,0,0,0
48,24,50.23783874511719,92097,3,0.8014869859264767,3,0,0,0,0,1,0
44,29,46.01044464111328,90335,4,1.961123156974918,2,0,0,0,0,0,0
57,34,45.58629608154297,94964,1,1.496181236799261,2,0,0,0,0,0,0
63,35,53.87224960327149,91707,1,3.304897155403112,1,595,1,0,0,1,0
54,24,104.86380767822266,91103,1,1.0962351025586736,3,100,0,0,0,1,0
60,40,72.97285461425781,90134,4,1.126650855103938,1,88,0,0,0,0,0
65,35,87.20667266845703,91867,3,0.913849497755682,3,0,0,0,0,1,0
41,22,132.91810607910156,96041,3,6.9604881967376,1,0,0,0,0,0,0
45,16,44.43168258666992,95813,4,1.4293607143479423,3,154,0,0,0,1,0
66,40,32.81133270263672,91729,3,0.5190662924372113,2,0,0,0,0,0,0
56,35,81.27873992919922,92131,2,1.8582453106843648,2,161,1,1,0,1,1
27,4,58.617706298828125,93804,4,2.64056226939477,1,0,0,0,0,1,0
52,19,57.4776611328125,93990,1,1.0835614866533363,2,0,0,0,0,0,0
32,19,166.56739807128906,95040,1,6.19524890828944,1,0,0,0,0,0,0
30,7,16.950031280517578,92882,4,2.358416546043093,2,100,1,0,0,1,0
51,22,42.55080032348633,92695,3,1.974104342607305,3,0,0,0,0,0,0
38,6,91.93629455566406,95696,2,0.2781810315367903,1,238,0,0,0,1,0
42,16,48.11216735839844,94687,3,0.5430722035889666,2,0,0,0,0,1,0
31,10,90.98023986816406,89883,1,1.5008916284653608,3,167,0,0,0,0,0
46,19,161.0471954345703,90870,2,1.6705115011441485,1,0,0,0,0,0,0
31,7,88.27029418945312,94580,2,1.535281250605861,1,0,0,0,0,1,0
32,8,170.81048583984375,94401,2,6.56655844914123,1,552,0,0,0,1,0
46,26,69.19053649902344,91414,2,2.51705418390951,1,0,0,0,0,1,0
49,24,59.453834533691406,91101,1,0.8077868673833938,3,0,1,0,0,0,0
62,33,75.61068725585938,90856,4,0.8556529259826837,1,180,1,0,0,1,0
41,14,108.89476013183594,94906,2,4.553781520291524,1,321,1,1,1,1,0
59,35,80.17457580566406,96120,3,0.6860517259352884,1,0,1,0,0,1,0
44,18,123.33159637451172,94121,2,6.369780705949598,1,0,0,0,0,0,0
46,8,44.999271392822266,95846,4,0.5610938612030446,1,0,0,0,0,1,0
35,21,53.06412887573242,92903,2,0.1885155274070066,3,0,0,0,0,0,0
38,7,190.1865997314453,92318,2,1.796689379255352,1,0,0,1,0,0,0
50,34,170.03936767578125,93130,1,2.875449397856581,1,263,0,0,0,1,0
58,32,187.014404296875,92020,1,7.24391344069512,1,0,0,0,0,0,0
26,3,89.17420196533203,92932,2,0.289913319553355,1,0,0,0,0,0,0
43,12,137.49143981933594,95630,4,3.683175438044403,2,98,1,0,0,0,1
46,25,203.6368560791016,94754,2,4.927693163715782,1,0,0,0,0,0,0
61,38,106.11941528320312,95493,1,0.4573871067282887,1,295,0,0,0,0,0
47,18,61.84613037109375,92256,2,2.0499242148405674,1,0,0,0,0,1,0
66,37,26.115732192993164,93422,1,1.273634776207831,1,144,0,0,0,0,0
58,28,17.842124938964844,92038,4,1.715032128899956,1,0,0,1,0,1,0
41,26,63.17195510864258,93060,2,0.4202025320856876,3,0,0,0,0,0,0
55,26,62.07283020019531,90110,1,2.4495229625964887,2,0,0,0,0,1,0
42,8,51.176795959472656,95813,4,1.7951579671164362,3,0,0,0,0,1,0
54,32,68.09243774414062,94365,2,0.5147512405733079,2,86,1,0,0,1,0
49,19,96.82769775390624,91828,4,0.5817954822425637,3,152,0,0,0,1,0
54,22,66.78025817871094,94237,1,1.4810564133096182,1,111,0,0,0,0,0
37,15,84.14614868164062,95600,1,0.764218485889564,2,0,0,0,0,0,1
49,23,161.25128173828125,91449,1,1.3777154724792098,3,374,0,0,0,0,1
54,31,31.17470359802246,91674,2,0.5032857982801011,3,0,0,0,0,0,0
62,34,39.46547317504883,92057,3,0.0286357422736378,3,0,0,0,0,0,0
28,6,60.97053527832031,91640,1,1.3777306333293984,2,0,0,0,0,1,0
36,9,65.68231201171875,94331,1,1.7627695650118185,1,129,0,0,0,0,0
51,16,52.99874877929688,95243,2,2.03866550464366,1,0,1,0,0,0,0
31,9,76.65943908691406,95794,2,0.6653268831280449,2,0,0,0,0,0,0
29,3,64.16458129882812,94493,2,1.6203381097381102,1,0,1,0,0,1,0
26,4,88.9383316040039,94420,3,1.4617593969516152,3,0,0,1,0,1,0
47,25,39.36178588867188,93100,4,2.2175971929055365,3,0,1,0,0,0,0
26,9,115.23908996582033,90466,1,8.657334205205329,3,130,0,0,0,0,0
61,38,36.783302307128906,94499,1,0.6010883607698082,1,164,0,0,0,1,0
46,27,63.15298461914063,91739,1,0.3917879884859054,3,0,0,1,0,1,0
31,5,126.81039428710938,95046,2,1.835103121047082,1,0,0,0,0,0,1
42,11,100.99483489990234,95280,1,0.2747522322089735,1,0,1,0,0,1,0
54,27,126.59518432617188,94505,2,1.2328233847456735,1,210,0,0,0,0,0
37,9,56.17919158935547,92287,4,2.121807959660578,1,0,1,0,0,0,0
54,33,104.41300201416016,90308,1,2.085886937825186,2,0,0,0,0,1,0
47,25,149.857177734375,92648,1,6.966145894316097,1,0,0,0,0,0,0
57,33,55.91886901855469,95798,2,1.42955222282529,1,0,0,1,0,1,0
60,39,67.41070556640625,95983,3,0.0981738705667787,3,0,0,0,0,0,0
39,3,63.161842346191406,90412,4,1.564565299702915,2,0,0,0,0,0,0
39,10,53.98295211791992,95244,3,0.3301158666738145,2,0,1,0,0,1,0
62,42,60.684452056884766,95245,3,0.4516596919361129,2,0,1,0,0,0,0
32,14,31.870750427246094,92325,4,0.6062370914912658,2,0,0,0,0,0,0
55,17,50.59786605834961,92721,2,2.254892663319448,3,0,1,0,0,0,0
28,10,25.52769660949707,92862,4,4.095391803814925,3,0,0,0,0,0,0
33,7,84.45695495605469,93148,2,1.0807332102797784,1,0,0,0,0,1,0
62,32,27.596923828125,95259,4,0.1392334656978775,3,0,0,0,0,1,0
42,19,60.51404571533203,90958,3,0.1920814152767466,2,0,0,0,0,0,0
44,17,131.83261108398438,95221,2,6.074041837668487,1,510,1,0,0,1,0
49,21,44.973445892333984,90394,2,0.4791446082836584,2,104,0,0,0,0,0
33,4,13.925786972045898,90655,2,1.2871508952643158,3,101,1,1,0,0,0
52,17,11.961026191711426,93045,2,0.1483733270205604,1,0,1,0,0,1,0
45,20,178.3767547607422,94866,2,7.253199701528119,1,0,0,0,0,1,1
48,24,68.46743774414062,93008,4,3.644929667961996,1,0,0,0,0,0,0
30,3,67.00997924804688,93015,2,2.373575016614327,1,0,0,0,0,0,0
63,38,76.9175033569336,94410,4,2.341446875914741,1,0,0,0,0,1,0
27,12,95.35657501220705,93070,4,3.844636120377324,1,0,0,0,0,1,0
43,28,72.50508117675781,89960,2,0.5237577523317084,3,0,0,1,0,1,0
55,29,72.0709457397461,95981,1,1.4588535444033777,3,0,1,0,0,0,0
46,18,82.3318862915039,94272,3,0.2302626993577564,2,0,1,0,0,1,0
63,32,20.049728393554688,95309,3,0.4007783518768101,2,0,1,0,0,1,0
52,28,64.05937194824219,93589,4,1.7005965108120111,3,0,0,0,0,1,0
48,16,40.696895599365234,95076,2,0.3338116061337923,1,0,1,0,0,0,0
64,39,48.62471771240234,94502,3,0.1368054680397193,2,0,1,0,0,0,0
55,36,72.24774169921875,92567,1,2.0626690996871675,2,0,0,0,0,1,0
32,7,70.19320678710938,92932,2,2.1072628807081437,1,0,0,0,0,1,0
26,5,60.20782470703125,94544,2,1.2732576866607406,2,0,0,0,0,1,0
48,22,49.672393798828125,92612,3,0.4010201849151718,3,0,0,0,0,1,0
43,16,108.44157409667967,91943,4,2.1777462563669987,2,0,0,0,0,0,1
43,31,29.80440139770508,94693,4,0.8152386302457747,2,98,0,1,0,1,0
45,20,57.89535140991211,91363,3,2.6528103330752355,3,170,0,1,0,1,1
38,18,166.34002685546875,90250,2,1.6589214072208271,1,0,0,1,0,1,0
27,3,63.336524963378906,95051,2,1.869030607529092,1,0,0,0,0,0,0
53,31,64.43113708496094,90746,2,0.7117668668707265,1,95,0,0,0,1,0
55,24,38.86661529541016,92275,1,2.5608810961892314,3,0,0,0,0,0,0
41,10,101.50537109375,94536,1,2.0320652097136565,1,0,1,0,0,1,0
24,4,21.954164505004883,94890,2,2.5951427885572462,3,181,0,0,0,1,0
60,38,40.44947814941406,90084,3,1.5165949739119422,1,0,1,0,0,0,0
63,39,76.35457611083984,90160,2,2.2139373386797017,3,0,0,0,0,0,1
57,36,90.58447265625,92055,3,2.090955635481335,3,171,1,0,0,0,0
43,18,96.1195831298828,92640,2,2.855456732259107,1,0,0,0,0,1,0
62,24,25.597999572753903,91193,4,0.1301605653085828,1,0,0,0,0,1,0
32,7,55.53970336914063,92664,1,0.5014025094827664,2,0,0,1,0,1,0
49,24,96.09410095214844,90519,3,1.570605485936826,1,0,1,0,0,1,0
44,22,14.361966133117676,92222,1,0.3643248770498107,2,72,0,0,0,1,0
33,16,22.162147521972656,92208,4,0.4634795927062902,1,178,0,0,0,1,0
51,20,89.25664520263672,94187,1,1.594573619024199,1,0,0,0,0,0,0
52,34,21.92684555053711,93865,2,0.164440812036443,3,0,1,0,0,1,0
30,3,34.00971221923828,95712,4,0.5954687500582295,1,0,0,0,0,1,0
29,5,33.31036376953125,94376,4,0.5697687018825651,3,0,0,0,0,1,0
56,32,83.36402130126953,94135,4,0.2636263136397133,3,0,0,0,0,0,0
62,35,68.3558578491211,90474,2,2.9997238423606016,3,458,0,0,0,0,0
52,23,66.69702911376953,93617,1,1.364279054900479,3,0,0,0,0,1,0
44,24,72.24668884277344,90426,1,1.3340051290324522,1,0,0,0,0,1,0
57,34,48.801544189453125,90216,1,3.805984994761237,2,98,0,1,0,1,0
41,17,147.12652587890625,93925,1,0.8631517584499596,1,0,1,0,0,1,0
58,35,56.4580192565918,94354,2,1.5641377339847724,3,172,1,0,0,1,0
25,2,54.62389373779297,94135,2,1.4905280524211162,2,0,0,0,0,0,0
59,32,39.88689041137695,92931,2,0.481365203502495,1,196,0,1,1,1,0
29,5,134.17739868164062,91332,2,2.932671883557128,3,302,1,0,0,1,1
61,31,39.53214263916016,94629,1,2.329444488159853,1,0,1,0,0,0,0
28,6,138.24693298339844,89825,2,2.582876689760617,1,0,1,0,0,0,0
61,32,108.69672393798828,94533,4,7.020560827769943,1,0,1,0,0,1,0
59,31,61.35678482055664,94852,1,0.5613076880212791,2,0,0,0,0,1,0
54,27,55.83650970458984,91136,3,2.0590703479478103,2,0,0,0,0,1,0
46,28,29.862667083740234,94430,1,0.0623776705076386,3,0,0,0,0,0,0
63,37,36.95592498779297,90227,2,0.0863472229573355,1,0,1,0,0,1,0
45,14,57.479713439941406,95477,2,1.0189346957485994,1,0,1,0,0,1,0
63,37,125.28190612792967,95095,4,2.3373918032101653,1,0,0,0,0,0,1
53,29,57.70315933227539,93939,4,2.3175333670941547,2,0,0,0,0,0,0
29,8,57.72243881225586,90818,3,1.1058249406825165,3,0,1,1,1,1,0
60,32,57.868751525878906,94017,2,1.422095806414188,3,0,1,0,0,0,0
56,30,53.01546478271485,92754,2,4.092075027984168,1,0,0,0,0,0,0
44,22,43.75,94613,3,0.0778331973367508,1,0,0,0,0,0,0
40,8,85.28390502929688,93101,4,0.5411589497950015,2,0,0,0,0,1,0
60,24,124.97018432617188,91972,2,2.8916738153236667,1,395,0,1,0,1,0
58,33,78.35005187988281,94660,4,2.7007163243217565,3,0,0,0,0,1,0
64,37,51.67955780029297,91066,1,0.1387848886611363,3,0,0,0,0,1,0
48,23,29.503400802612305,91468,2,0.3525234684111266,3,0,0,0,0,1,0
26,0,125.88585662841795,91853,1,0.3386325263275961,1,0,0,0,0,0,0
50,23,138.44224548339844,91279,2,2.9700511791548467,1,0,1,0,0,1,0
54,13,18.86935043334961,91135,4,1.5169367392362294,2,0,1,0,0,0,0
27,7,128.1513671875,94465,2,2.4958804367642,1,0,0,0,0,0,0
35,10,43.78492736816406,95339,3,0.5937767293959705,2,0,0,0,0,1,0
50,23,125.07025909423828,91701,3,4.414900001194693,2,274,1,0,0,0,1
61,41,70.85040283203125,94687,3,1.009699312588849,2,0,0,0,0,0,0
40,15,60.53737258911133,91764,1,0.0757517032686365,3,0,0,0,0,1,0
44,10,63.94319152832031,90094,4,0.3762756843747805,3,0,0,0,0,1,0
27,0,50.113651275634766,94855,2,2.8500637507812794,2,0,1,1,0,0,0
40,14,38.02623748779297,96050,2,1.3441188389512355,3,0,0,1,0,1,0
28,16,50.03374481201172,95243,1,1.431366345388588,2,0,0,0,0,1,0
28,1,139.42257690429688,94876,2,2.013691045722224,1,0,0,0,0,1,0
56,30,76.84053802490234,92959,3,4.88649621077513,1,139,1,0,0,0,0
27,1,65.68873596191406,95274,4,2.027126123590719,3,0,0,0,0,0,0
53,18,64.492919921875,90034,4,1.0465919593691402,2,0,0,0,0,0,0
28,3,149.8507080078125,94358,2,0.3886601747805823,3,385,1,0,0,0,1
27,4,45.85804748535156,91570,1,1.3143721396678738,2,0,0,0,0,1,0
63,41,157.5926513671875,93915,2,3.76127419491328,1,0,0,0,0,1,0
64,38,56.31751251220703,95180,2,0.7137865045072443,2,0,0,0,0,0,0
49,19,176.63510131835938,90590,2,0.7019211857778918,1,0,0,0,0,1,0
34,6,54.475040435791016,95605,2,0.2049331343544991,2,370,0,0,0,0,0
36,12,36.415260314941406,89971,4,2.307481036073148,2,0,0,0,0,1,0
40,9,65.10800170898438,94777,3,1.946959545862958,2,0,0,1,0,1,0
43,14,105.21258544921876,94496,3,2.567448730055916,2,0,0,0,0,0,0
56,7,22.85407257080078,93761,3,0.537869097040953,3,0,0,0,0,1,0
45,16,111.62820434570312,90496,2,2.208615702594221,1,0,0,0,0,1,0
49,21,53.39455795288086,94376,2,2.4950078755803267,3,0,1,0,0,1,0
42,14,53.03133773803711,92828,1,0.3162173238556243,3,0,0,0,0,1,0
28,1,60.50229644775391,90169,4,1.082913735906514,3,102,0,0,0,0,0
30,9,166.22877502441406,90118,2,5.148701131350122,1,0,1,0,0,0,0
57,28,27.625497817993164,91794,1,0.4929042746777277,3,0,0,0,0,1,0
25,-2,93.89617156982422,92820,4,0.2335001040602173,2,0,0,0,0,1,0
61,37,42.00621032714844,92765,4,1.4797176024478265,3,0,0,0,0,0,0
48,29,38.435302734375,93652,1,1.6204895967653692,2,0,0,0,0,1,0
27,0,198.25152587890625,95807,2,6.775310289927996,1,0,0,0,0,1,0
42,4,60.34867858886719,92853,3,2.665585487985133,2,0,0,0,0,0,0
54,19,119.09486389160156,94932,2,0.2977963450124398,1,0,0,0,0,1,0
37,11,45.66151809692383,94503,4,1.4787310602773134,3,0,0,0,0,0,0
33,6,49.9044189453125,90639,4,0.8404731648913971,2,0,0,0,0,1,0
61,33,39.591896057128906,91774,2,3.988828316781745,3,0,0,0,0,0,0
56,21,33.474159240722656,94514,4,1.0024220759398164,2,91,0,0,0,0,0
51,26,155.8619842529297,92712,1,4.760848792175564,1,355,0,0,0,1,0
33,9,90.13949584960938,95852,2,0.3147409415868476,2,0,0,0,0,0,0
51,20,63.03352355957031,90043,3,1.6242572706542655,3,179,0,0,0,1,0
56,20,114.95425415039062,92731,3,4.049052752111892,1,0,1,1,1,1,1
53,24,33.28285598754883,94483,3,0.7797688669570552,2,167,0,0,0,1,0
37,2,53.70146179199219,94816,3,2.576744911120577,2,113,0,0,0,1,0
49,20,94.71119689941406,95275,1,4.081545550543984,1,154,0,0,0,0,0
54,23,36.723541259765625,92753,2,0.2905576751379944,3,133,0,0,0,1,0
36,4,22.98767852783203,95672,4,0.7973007125735775,1,0,1,0,1,1,0
33,3,31.25979232788086,92884,4,0.7724731292496694,2,0,1,0,0,1,0
62,31,27.639667510986328,93231,4,0.4343396396401739,3,0,1,0,0,0,0
61,33,92.21702575683594,94617,4,2.0484089574046287,2,0,0,1,0,0,1
45,24,58.47237014770508,91600,3,2.024156170966241,3,0,1,0,0,1,0
28,3,169.19508361816406,94844,3,0.9062289718742628,2,163,1,0,0,0,1
62,38,27.020191192626957,94073,3,0.4012197977890561,2,0,0,0,0,1,0
36,12,100.87776184082033,95305,3,2.102461511987546,1,238,0,0,0,1,0
32,8,64.715087890625,91935,1,0.104033088999531,1,0,1,0,0,1,0
39,14,27.13182830810547,93991,4,1.5630960830775185,1,0,0,0,0,1,0
56,35,46.47799301147461,92404,4,2.084621661505785,2,0,0,1,0,1,0
34,12,35.44989013671875,95050,2,1.2598701695759968,2,0,0,0,0,1,0
46,16,50.99009704589844,92051,2,2.138301785323158,3,0,1,0,0,0,0
34,5,217.0075836181641,90800,2,5.478433171783857,3,0,0,0,0,1,1
41,26,31.466455459594727,94102,4,0.3952057239642199,3,0,0,0,0,0,0
40,14,63.7887077331543,94053,1,2.4199266099057724,1,0,1,1,0,0,0
61,27,66.76840209960938,94980,4,2.13670942736511,3,0,1,0,1,0,0
39,16,70.00755310058594,94050,4,0.2335088628638784,1,0,1,0,0,1,0
34,13,87.62537384033203,92164,1,0.4880985219624165,2,0,0,0,0,1,0
61,38,15.112445831298828,94734,4,0.9297284911160298,2,145,1,0,0,1,0
32,6,26.61077880859375,94221,1,0.251403878852121,1,101,0,0,0,1,0
31,7,64.79853820800781,95169,3,3.3143925916483075,2,0,0,0,0,0,0
50,21,84.21540832519531,94753,3,2.14651759885111,2,0,1,0,0,1,0
30,4,81.90568542480469,94674,2,3.032921272389116,1,0,0,0,0,1,0
58,23,153.63156127929688,93506,1,6.889826756499588,3,491,0,0,0,0,0
40,18,137.54055786132812,95995,2,8.489196260992118,1,0,0,0,0,1,0
51,26,46.3410530090332,94376,4,2.089231585843555,2,0,0,0,0,1,0
47,24,39.82025909423828,92454,2,0.0280003883871035,2,169,1,1,1,1,0
37,13,105.74252319335938,92013,2,4.013136538582483,1,0,0,0,0,0,0
46,18,89.13337707519531,95711,4,4.978278550060803,2,0,0,0,0,0,0
40,17,104.46785736083984,93912,1,1.92505651623702,1,0,0,0,0,1,0
64,38,65.29511260986328,93930,1,1.2486907091768615,1,0,0,0,0,1,0
63,36,99.24406433105467,94446,4,1.121076343758772,1,0,0,0,0,1,0
37,24,38.63952255249024,91297,2,1.538482363928146,2,0,0,0,0,1,0
58,30,37.44859313964844,92242,1,1.0048872324086304,1,0,0,0,0,0,0
53,30,58.79941940307617,95416,3,0.4220538459499027,1,103,0,0,0,1,0
29,5,86.71841430664062,93477,2,0.0927059066522224,1,295,0,0,0,1,0
37,9,41.039207458496094,91838,2,0.5513537991289978,1,0,0,0,0,0,0
43,8,149.80178833007812,93145,4,0.7683126870336437,2,0,1,0,0,0,1
32,7,25.917211532592773,92047,2,0.3886439978735082,3,0,0,0,0,0,0
52,25,38.09573745727539,95204,1,0.6465078627124258,3,0,1,0,0,0,0
37,4,141.2021484375,94074,2,0.1242562547242278,1,0,0,0,0,1,0
56,24,50.46980285644531,90222,1,1.2503022862903093,1,153,0,0,0,0,0
40,20,81.05110931396484,94191,4,0.3556742256550976,3,0,0,0,0,1,0
61,36,160.79347229003906,94880,2,3.102191306377664,3,0,1,0,0,0,1
37,15,157.788818359375,94205,4,4.298758312738058,1,0,1,0,0,1,0
56,36,85.06477355957031,94513,4,0.4730493745493381,3,106,0,0,0,1,0
61,23,56.20265579223633,95011,3,3.856061114841317,2,0,0,0,0,0,0
43,16,34.291786193847656,93067,2,0.7572298825473971,3,134,0,1,0,0,0
61,34,32.73104476928711,93159,1,0.3244152180744443,3,152,1,0,0,1,0
34,4,65.23362731933594,94243,4,2.490723899148771,1,0,0,0,0,0,0
60,30,142.15440368652344,93845,2,3.809322240368804,2,0,0,0,0,1,1
47,23,76.17613220214844,92941,2,1.7641554372924952,3,0,0,0,0,0,0
45,21,33.987281799316406,94170,2,2.093194949626373,3,86,0,0,0,1,0
56,32,170.85726928710938,94742,1,2.13280060519536,1,298,0,0,0,1,0
27,4,26.67508888244629,95658,4,1.013695023756665,1,0,1,0,0,1,0
48,24,57.534515380859375,93854,3,1.3162610657799,2,159,0,0,0,1,0
44,18,118.2363739013672,94844,1,0.2685379977441017,1,0,1,0,0,0,0
41,24,62.365753173828125,93036,2,1.845925098496868,3,0,0,0,0,0,0
47,24,50.518680572509766,90165,3,0.0487644254831046,2,103,0,0,0,0,0
35,6,96.01422882080078,92818,4,1.509529779820712,1,0,0,0,0,1,0
53,31,92.9121322631836,93788,3,0.9638080532276776,2,0,0,0,0,0,0
32,5,176.77114868164062,94443,1,1.421724704099338,1,0,0,0,0,1,0
44,28,60.02286529541016,95093,4,1.294762177015128,1,76,0,0,0,1,0
47,17,142.89120483398438,94957,4,6.387728295392887,2,0,1,0,1,1,1
46,31,20.5248966217041,95488,3,0.7615709855659694,3,141,0,0,0,0,0
28,7,83.76427459716797,94230,2,2.53974423111954,3,0,0,0,0,0,1
27,7,57.87759780883789,95262,2,0.3961861651682856,2,133,0,0,0,1,0
46,19,177.81671142578125,92990,1,6.323701617360271,1,0,1,0,0,1,0
43,29,62.79902267456055,92898,4,5.41147348569288,1,0,1,0,0,1,0
46,24,109.80057525634766,91962,2,3.434488242353089,1,0,0,0,0,0,0
49,23,129.29666137695312,90245,2,2.8409311488619613,1,0,0,0,0,1,0
36,13,88.8089828491211,94608,4,2.1317105970044965,2,0,0,1,0,0,0
44,33,43.77628707885742,96254,1,1.4541824061052382,2,91,0,0,0,1,0
63,37,40.86169052124024,95740,2,0.2957477915188092,1,0,0,0,0,0,0
41,4,41.86274337768555,94174,2,1.4709249978943952,3,0,1,0,0,1,0
59,20,57.15787506103516,94895,1,2.168835742522312,1,0,1,0,0,0,0
40,9,108.53034210205078,94654,1,2.730464656665576,1,0,1,0,0,0,0
49,4,14.125028610229492,95693,4,0.809583782234002,1,0,1,0,0,0,0
53,25,68.59217834472656,90932,4,1.3169168378398135,3,0,0,0,0,0,0
42,23,216.3487701416016,95837,2,7.285964020427634,1,0,1,0,0,1,0
50,22,68.19978332519531,94378,1,1.408113639348798,2,147,0,0,0,1,0
51,31,86.5068359375,94099,1,2.2744747393222053,1,217,0,0,0,1,0
58,29,62.244773864746094,92703,1,1.3727832352478408,1,0,0,0,0,1,0
58,38,137.22021484375,92011,4,0.7717783968683744,1,0,0,0,0,1,0
62,33,116.71309661865234,92885,1,2.034159822476204,1,0,1,0,0,0,0
57,29,190.1577911376953,94804,4,5.580749132427627,3,0,1,0,1,1,1
42,16,185.47454833984372,91958,2,8.227012344791028,1,0,1,0,0,1,0
41,22,71.85131072998047,91666,2,0.5162449309086491,3,246,0,0,0,1,0
59,17,54.77083969116211,91975,3,2.1326046703550445,3,0,0,0,0,0,0
61,34,162.7779083251953,92125,4,3.97229798987234,2,0,0,0,0,1,1
55,22,69.50602722167969,95007,2,0.2888201212691434,2,0,1,0,0,1,0
54,32,66.278076171875,91436,1,0.3511595122306746,2,0,0,0,0,1,0
63,38,20.64508819580078,91438,2,1.049967975282648,1,0,1,0,0,1,0
36,5,130.5287322998047,89750,1,1.133391144210285,3,108,0,0,0,1,0
62,36,64.74969482421875,95194,1,0.2364134215705047,1,0,1,1,1,1,0
60,37,41.50423812866211,91558,3,0.3743657222084868,3,0,0,0,0,1,0
38,9,167.67535400390625,94640,1,5.567015443644186,1,0,1,0,0,1,0
56,31,32.89965057373047,94112,1,1.2478996928175226,2,0,1,0,0,0,0
39,11,75.03445434570312,91702,2,2.0127866820948794,3,347,0,0,1,1,1
53,26,46.89529037475586,91488,4,2.006159469664801,2,0,0,0,0,0,0
33,6,44.674583435058594,91930,4,1.2325614125387578,2,138,0,0,0,1,0
26,5,60.53812026977539,91046,2,4.089700688948336,1,0,0,0,0,0,0
50,21,64.7671890258789,91745,2,3.170589618228561,1,0,0,0,0,1,0
41,13,111.63651275634766,93155,2,6.112301898503904,1,0,0,0,0,1,0
36,23,156.31044006347656,91368,1,5.0269168923215215,1,0,0,0,0,1,0
47,24,112.15667724609376,93633,2,0.4848514508125596,1,255,1,0,0,0,0
43,19,30.25373268127441,95586,1,1.493659229763805,3,0,0,0,0,1,0
36,3,158.47972106933594,92074,2,2.274909773770762,3,475,0,0,0,0,1
45,12,116.22389221191406,90294,1,2.8141964854701467,1,147,0,1,0,0,0
44,20,211.7740936279297,90189,2,8.041374790859173,1,0,0,0,0,1,0
37,17,60.20312881469727,95397,4,2.2202199209666498,1,0,0,0,0,1,0
53,33,115.91707611083984,95580,2,2.35300595072612,1,0,0,0,0,0,0
28,3,39.315696716308594,92784,4,0.3598308437523,1,0,0,0,0,0,0
40,16,43.85825347900391,95080,1,1.449607159426316,2,0,0,0,0,0,0
39,7,122.82746887207033,94734,2,3.531290656869613,1,215,1,0,0,0,0
52,34,20.11544609069824,94451,1,0.5817214724470356,2,0,0,0,0,1,0
48,23,37.63079833984375,95308,4,2.016680671148762,3,0,0,0,0,1,0
34,18,65.78326416015625,94570,2,3.0260097886431945,1,0,0,0,0,1,0
24,2,11.209142684936523,94040,4,0.2884382122846318,1,0,1,1,0,1,0
61,37,14.300006866455078,94045,3,0.127421731581671,3,0,0,0,0,1,0
26,2,73.37175750732422,94250,2,3.1556771650872677,3,0,1,0,0,1,0
37,8,48.30959701538086,90670,3,2.789444855221248,1,0,1,1,1,1,0
50,17,129.34396362304688,94145,1,2.650979437422378,1,0,1,0,0,1,0
24,0,152.0574493408203,94653,3,6.400944235285359,2,0,0,0,0,0,1
37,18,161.91954040527344,92057,1,1.18580187143237,1,0,0,0,0,0,0
49,19,63.7872200012207,94134,3,1.495316463746665,1,0,0,0,0,1,0
52,27,156.78810119628906,93193,2,5.127896952833636,1,399,0,0,0,0,0
56,24,70.32865142822266,91684,1,1.4859987408002142,3,0,0,0,0,0,0
45,27,66.73446655273438,91978,4,1.6469860447693647,1,0,0,0,0,1,0
37,18,114.13557434082033,92584,3,2.019043916232735,2,324,0,0,0,1,0
36,12,36.66815185546875,92658,4,1.414104779863439,3,0,0,0,0,0,0
29,3,47.9565315246582,95198,2,1.280984457176436,3,0,0,0,0,0,0
26,3,89.78929138183594,94325,4,0.2890224119163769,2,0,1,0,0,1,0
36,16,46.63459777832031,95204,3,0.5309488458938634,2,0,0,0,0,1,0
47,18,136.47665405273438,95580,2,2.166177104291983,1,0,0,0,0,1,0
40,12,164.0165557861328,94601,2,1.8110585473111924,1,0,0,0,0,1,0
45,28,68.28514862060547,90086,2,2.11987821263639,3,0,0,1,0,1,0
63,36,105.05093383789062,91716,2,0.2967657155815172,3,130,1,0,0,0,1
56,26,29.47000312805176,94441,4,1.155498400238457,3,0,1,0,0,1,0
55,35,42.51047134399414,95469,2,0.7888109094791745,1,130,1,0,0,1,0
27,2,22.91979217529297,93963,4,0.3425959069120336,1,81,0,0,0,0,0
45,21,29.99920082092285,93702,4,2.995167179184765,1,0,0,0,0,1,0
29,5,50.83199691772461,94454,4,0.7495591926086467,1,0,1,0,0,0,0
56,34,110.59819793701172,90770,2,1.055682612727726,3,0,0,0,0,1,0
34,12,170.1378631591797,95372,2,4.206151284945914,1,0,1,0,0,0,0
62,39,33.475074768066406,94218,3,0.7646164614116524,2,0,1,0,0,0,0
54,31,149.79029846191406,92625,2,3.012943027797008,1,0,1,0,0,0,0
51,26,172.36758422851562,91362,2,7.367152515055742,1,0,0,0,0,0,0
33,6,102.2571792602539,92375,2,4.081263280559927,3,491,0,0,0,0,0
46,19,109.67381286621094,90063,2,4.530547570485897,1,0,0,1,0,1,0
48,23,141.47413635253906,95200,1,3.256246892295345,1,0,0,0,0,1,0
35,8,91.97602081298828,90212,4,3.309082933140217,1,258,1,0,0,1,0
43,13,60.65261459350586,92051,3,0.8606228503372981,1,0,0,0,0,0,0
35,15,106.46800231933594,94445,2,3.002988564460243,1,0,0,0,0,1,0
59,32,29.22163963317871,92844,4,1.2808386339743023,3,0,0,0,0,1,0
63,38,62.15694808959961,94970,2,0.7325142201805572,2,0,0,0,0,1,0
43,22,76.78813934326172,94471,2,1.2831423308373289,3,227,0,0,0,0,0
27,4,60.82655715942383,96198,2,0.8204888463920088,1,0,1,0,0,0,0
62,39,88.99161529541016,95545,1,1.3602490840870192,3,152,1,0,0,0,0
26,2,70.56884765625,93245,2,0.541522575226306,1,0,0,0,0,1,0
38,9,73.01644897460938,94580,3,2.8968986118358035,2,196,0,0,0,1,0
44,18,95.67871856689452,94615,2,2.457903168719356,1,0,0,1,1,1,0
55,30,50.83388900756836,91315,4,0.1871905449384648,2,0,1,0,0,1,0
61,38,213.33706665039065,91948,2,4.664045046606633,1,0,0,0,0,1,0
26,5,37.80970001220703,94513,1,0.4360704462966353,1,0,0,0,0,0,0
44,13,53.179466247558594,95270,4,1.3541838829704045,1,0,0,0,0,1,0
44,12,50.90499496459961,90175,3,2.9515424529913625,2,253,1,0,0,0,0
33,9,32.426025390625,95036,2,1.5615334360038853,1,378,0,0,0,1,0
31,7,50.90607070922852,94374,3,0.7540115879620147,2,0,0,0,0,1,0
42,10,72.2020263671875,96372,3,0.8841553625717188,3,310,1,0,0,1,0
32,8,16.409748077392578,91664,4,0.2708928415823832,3,0,0,0,0,1,0
41,12,62.82777404785156,93098,2,2.5096728425195507,3,0,0,0,0,0,0
60,37,29.559572219848636,94426,2,0.0826755469722526,3,0,1,0,0,0,0
25,-1,98.29191589355467,89941,2,1.5210229236701758,1,0,0,0,0,1,0
30,3,126.65164947509766,89956,2,1.6909588168716667,1,0,0,0,0,1,0
35,15,56.37919998168945,93901,4,2.1962462264605147,2,149,0,0,0,0,0
50,26,44.67496871948242,92188,2,0.9684456511795098,1,0,0,0,0,0,0
33,7,31.379030227661133,95455,3,0.2487598565187834,2,0,0,0,0,0,0
58,33,59.1496467590332,92884,1,2.165671949675819,2,0,0,1,0,0,0
59,37,16.646163940429688,91984,3,1.5396741308581348,1,0,0,0,0,1,0
43,15,76.10260772705078,95089,1,0.2871920314919797,1,103,1,0,0,1,0
62,34,19.471729278564453,93310,3,0.8638095173646043,3,97,0,0,0,0,0
63,35,102.43067932128906,94919,2,4.9718721845060205,1,103,0,0,0,1,0
57,35,24.6933708190918,92699,2,1.4801148320441824,2,0,0,1,0,0,0
31,7,85.25235748291016,94112,1,1.8905890243067545,1,0,1,0,0,1,0
31,7,65.91831970214844,95164,2,2.6610323643062097,1,0,0,0,0,0,0
59,29,80.92513275146484,92066,4,1.9338205519229048,2,179,0,0,0,1,1
46,18,42.38478088378906,96375,2,1.814597302884508,3,0,1,0,0,0,0
65,42,12.924259185791016,92602,3,0.3905401931827819,2,101,1,0,1,1,0
32,9,18.71253204345703,93823,3,0.5930074843213294,2,103,0,0,0,0,0
48,22,99.03878021240234,94380,1,2.3239129210778744,2,0,0,0,0,0,0
47,14,73.00652313232422,92071,2,2.5297138120131617,1,0,1,1,0,1,0
50,14,151.90020751953125,92806,4,4.249622627223049,1,0,1,0,0,0,1
26,3,146.60763549804688,94144,4,1.7383057300520377,3,0,0,0,0,1,0
25,22,49.536712646484375,92095,1,2.600003950476026,1,0,0,0,0,0,0
34,7,34.34385681152344,94321,3,0.8575802032918406,2,105,0,0,0,0,0
30,17,78.77738189697266,94236,1,0.6702378898601858,2,101,0,0,0,1,0
36,6,24.474445343017575,90510,3,0.8067425981497859,1,0,0,0,0,0,0
62,37,97.27948760986328,91270,2,0.239248945530641,3,0,0,0,0,0,1
57,30,100.45025634765624,92425,2,0.8578723476351241,1,0,1,0,1,1,0
50,19,32.157257080078125,93075,1,0.1044691230720916,1,232,0,1,0,1,0
37,16,62.9742546081543,96019,3,0.1885088195912714,1,0,0,0,0,1,0
40,23,33.03466033935547,91491,3,1.2882668748848898,2,0,0,0,0,1,0
39,23,71.98966979980469,92754,3,0.1234140656651195,2,130,0,1,0,1,0
31,6,77.28956604003906,95743,1,1.788535112329256,2,0,1,1,0,1,0
32,0,79.82208251953125,91905,3,2.062558928559078,1,0,0,0,0,0,0
38,14,25.27595329284668,93267,2,0.9148989983548812,1,0,0,0,0,0,0
61,36,158.18612670898438,94010,1,1.601495412806514,1,0,0,0,0,0,0
37,10,172.5222930908203,94286,2,2.3837133899279297,1,0,0,1,0,1,0
29,4,54.54762649536133,92094,3,0.9319235143665257,3,0,0,0,0,1,0
26,2,28.559112548828125,92359,4,0.6530138177081927,1,0,1,0,0,0,0
59,28,13.849788665771484,93954,2,2.991341186607381,2,0,1,0,0,0,0
45,18,59.97440719604492,94739,1,0.3542213663598932,3,0,0,0,0,1,0
44,4,67.01676940917969,92833,4,1.922854068873062,1,0,0,1,1,1,0
34,9,210.3347625732422,91224,2,4.715259425970154,1,383,0,0,0,1,0
56,30,27.4948787689209,93796,1,0.297596735894553,3,0,1,0,0,0,0
57,32,92.84269714355467,94373,4,0.4084340319814601,2,0,0,0,0,0,0
38,5,41.19693756103516,92140,4,1.9243749123754823,2,0,0,0,0,0,0
47,21,154.48162841796875,94652,3,4.492195325785218,3,0,1,1,1,1,1
39,21,33.00251007080078,93234,3,0.8178842770407247,1,185,1,0,0,1,0
66,42,156.7017822265625,95123,1,3.244809539773207,1,0,0,0,0,0,1
53,22,158.5439910888672,93963,2,3.1620983098633086,3,0,0,0,0,0,1
27,4,90.81082916259766,95310,3,0.1165838811360271,1,0,0,0,0,1,0
43,25,123.3759536743164,94452,4,2.969727409249268,1,0,1,0,0,0,0
48,15,104.6816177368164,95462,1,1.632009024010593,3,0,0,0,0,1,0
59,26,16.166379928588867,91966,4,1.577832863138666,3,0,0,0,0,1,0
53,18,34.09681701660156,90001,4,0.7359041705544351,2,0,0,0,0,0,0
37,21,114.46259307861328,90948,3,2.045898215573722,1,234,1,0,0,0,0
50,9,85.07909393310547,95198,1,3.704595198586715,1,351,0,0,0,0,0
46,21,196.2085876464844,92042,2,3.460034620980243,1,0,1,0,0,0,0
49,29,85.15613555908203,94571,2,0.8262123081222347,3,101,0,0,0,0,1
62,36,57.308589935302734,92001,3,2.836637748871603,1,0,0,0,0,0,0
46,18,171.77671813964844,94476,1,0.6852669387616832,1,0,0,0,0,1,0
57,5,22.882732391357425,94989,4,1.2262801742732476,3,0,0,0,0,1,0
34,5,25.70877265930176,94102,1,1.7816472026516392,3,0,0,0,0,1,0
44,17,94.55419921875,94171,3,2.940676729812771,3,0,1,0,0,0,0
56,31,33.32856750488281,95147,1,0.6244167009283027,1,0,0,0,0,1,0
42,18,15.9198637008667,91219,2,0.2432842176907864,3,0,0,0,0,0,0
34,5,54.26597595214844,94565,4,1.633869194034174,3,0,0,0,0,0,0
61,33,113.70427703857422,91062,1,1.870916317844585,1,395,1,0,0,0,0
60,36,69.57211303710938,94433,1,1.321113359191806,2,0,0,0,0,1,1
49,23,97.17616271972656,91055,2,3.688571182043792,1,0,0,0,0,1,0
59,34,90.92933654785156,93199,4,1.8893001075604576,3,0,1,0,0,0,0
50,19,40.11625289916992,94576,4,1.1362470736434132,3,0,0,0,0,1,0
28,20,31.395715713500977,94453,4,0.322736907924491,2,121,0,0,0,0,0
52,30,41.5307502746582,96616,4,2.2758180082898667,1,0,0,1,0,1,0
64,18,45.04840087890625,94135,4,1.595572006188398,3,0,1,1,0,1,0
29,3,49.0110969543457,91916,3,2.298292787112306,1,0,0,0,0,0,0
33,6,184.6517639160156,91457,2,4.2153760208799165,1,0,0,0,0,1,0
61,35,45.79559326171875,94892,3,1.5355321074779105,1,0,0,0,0,1,0
53,23,116.14222717285156,92880,2,0.7990914720088192,1,0,1,0,0,0,0
32,4,109.20919036865234,94736,2,1.8602683890540088,3,0,1,1,0,1,0
36,17,114.5494155883789,92130,1,3.26570045880071,1,320,1,0,0,1,0
49,17,154.78317260742188,95703,1,4.938565005429734,3,0,0,0,0,0,1
61,35,15.524625778198242,94169,2,1.2522533630430224,2,144,0,0,0,0,0
46,19,106.9292984008789,90420,4,3.845123844437712,3,0,0,0,0,0,0
41,10,52.59930419921875,94266,2,1.7153820285574342,2,133,0,0,0,0,0
52,29,20.97959518432617,90093,3,0.4176534058076763,2,0,0,0,0,1,0
32,9,22.37632369995117,95061,4,1.8824589811353352,3,113,0,0,0,1,0
60,32,190.7472381591797,93239,1,4.741383750659065,3,420,1,0,1,1,1
33,5,129.7967529296875,95792,4,2.814123258048822,2,0,0,0,0,0,0
50,16,136.90609741210938,90213,1,3.27613695659376,1,246,1,0,0,0,0
42,21,42.22556686401367,92235,2,0.1408339896069612,1,0,1,0,0,0,0
56,26,66.57786560058594,92362,4,2.289698137384276,2,365,0,0,0,1,1
57,33,37.43090438842773,94950,4,0.4911782825345768,1,104,0,0,0,1,0
62,37,75.99159240722656,93951,1,1.946721003283244,2,0,0,0,0,0,0
41,14,58.32340621948242,95913,1,0.0637664618874172,2,107,0,0,0,1,0
28,1,110.78629302978516,94483,2,2.967231379922321,1,143,0,0,0,1,0
62,36,27.06664276123047,92059,2,0.2880991761347631,3,89,0,0,0,0,0
33,8,97.08098602294922,92237,3,2.4880368469985763,1,164,0,0,0,1,0
36,14,89.59608459472656,94825,3,1.4462900687411335,1,0,1,0,0,0,0
46,23,80.62725830078125,94465,4,1.9125867965510015,3,0,0,0,0,1,0
30,6,75.32501220703125,92664,2,0.453941800325401,3,0,0,0,0,0,0
27,14,44.5645751953125,90408,3,1.8151077680917609,1,0,0,0,0,0,0
55,32,34.706382751464844,94313,4,0.7912050671692448,1,137,1,0,0,1,0
31,7,51.023887634277344,94597,4,2.6762751065867034,1,0,0,0,0,1,0
39,6,155.1522979736328,95600,2,5.462997961091974,3,0,0,0,0,0,1
28,3,102.17477416992188,94342,1,3.2493638325022145,3,0,0,1,0,1,1
61,38,103.24934387207033,90123,2,2.5080691584460983,1,0,1,0,0,1,0
48,28,104.53126525878906,94280,2,1.8422157988497296,1,0,0,1,0,0,0
44,22,64.89616394042969,94783,1,2.23333276033409,2,149,0,0,0,1,0
54,29,19.39215087890625,90607,1,1.228093047922516,3,105,0,0,0,1,0
46,21,107.39071655273438,91147,4,0.3411440409118775,3,0,1,0,0,1,0
58,29,36.62657928466797,93036,2,0.5438120291412629,2,152,0,0,0,1,0
57,35,104.51750183105467,90005,3,1.4047372002689138,2,242,1,0,1,1,0
55,28,67.19729614257812,94683,3,2.326519629134052,1,0,0,0,0,0,0
49,27,99.88644409179688,94718,4,3.451513281381068,1,0,1,0,0,0,0
32,12,215.9366912841797,91134,1,4.340333922341385,1,0,0,0,0,1,0
45,11,116.18829345703124,90469,4,5.04849516165512,1,0,0,0,0,0,0
63,38,70.61946105957031,94391,2,1.3045459696992636,3,0,0,0,0,1,0
41,27,59.96473693847656,95309,4,0.5031134269530328,1,0,1,0,0,0,0
25,2,150.33396911621094,91043,3,3.347338464812054,2,0,1,0,1,1,1
65,40,81.45442962646484,94039,2,1.2757794830653482,1,233,0,0,0,0,0
44,22,46.3181037902832,95312,1,0.1853252641935554,1,0,0,0,0,0,0
38,7,55.13018798828125,94540,3,1.7986819273383303,2,0,1,0,0,0,0
46,20,32.621307373046875,95935,2,2.00871759046373,3,0,1,0,0,1,0
43,17,73.91459655761719,92187,2,0.2200441760207306,2,0,0,0,0,1,0
37,19,57.0514030456543,90291,1,1.6864765799428374,3,0,0,0,0,0,0
59,35,43.12646865844727,92480,4,2.960952421228044,2,0,0,0,0,0,0
50,25,35.356910705566406,94097,4,0.2557371538668576,2,125,1,0,0,1,0
50,22,62.89059448242188,91198,4,2.422387771048276,2,152,1,0,0,0,0
30,14,65.34523010253906,93706,2,1.5319325873740022,3,0,0,0,0,0,0
35,14,52.28031921386719,94059,2,0.5464683063798825,2,0,1,0,0,1,0
58,35,94.33109283447266,90133,3,6.0946887389374975,1,0,0,0,0,1,0
51,26,54.70777893066406,92949,3,0.1991774956240138,1,0,1,0,0,1,0
41,11,59.4489631652832,92392,1,0.2640125731145415,3,0,0,0,0,0,0
51,23,21.62716293334961,93286,3,1.251915876699088,2,0,0,0,0,1,0
43,19,74.73980712890625,95304,3,1.282468344011113,1,0,0,0,0,0,0
45,15,62.13983917236328,95316,1,5.596835575720113,1,0,0,1,0,1,0
40,14,54.15327835083008,95956,3,0.5126641517669699,1,0,0,0,0,0,0
65,40,86.21797943115234,95502,1,0.562761056780505,1,87,0,0,0,0,0
40,10,25.59313201904297,90666,3,0.5233748694917097,3,0,1,0,0,0,0
55,28,19.478912353515625,94576,4,1.0596310311283357,2,95,1,0,0,1,0
44,17,33.586395263671875,94586,4,0.7801915054262945,3,0,0,0,0,1,0
61,39,65.27862548828125,92057,3,1.7265710868188937,2,0,0,0,0,1,0
33,7,74.61656951904297,94573,4,1.3709596209379151,2,148,1,0,0,1,0
34,5,48.98440170288086,92867,3,2.543877782059808,2,0,0,0,0,0,0
40,13,30.263826370239254,91248,3,0.4490615122683009,2,0,0,0,0,0,0
57,38,73.74417114257812,94473,1,2.820489274435535,1,0,0,0,0,1,0
56,16,101.03407287597656,93811,2,5.321591742804224,1,0,0,0,0,0,1
51,18,127.60233306884766,91740,1,3.249134788105642,2,0,1,0,0,1,0
42,8,49.35406875610352,95927,3,1.4078106830917452,2,0,0,0,0,1,0
61,33,72.0040054321289,95089,3,1.484459629106304,1,0,0,0,0,1,0
50,32,22.294137954711918,92905,4,2.252364018529626,1,0,0,0,0,1,0
60,34,148.82717895507812,95642,1,2.270930060716936,1,0,0,0,0,1,0
32,7,81.2675552368164,94747,1,1.5095037274740477,1,199,1,0,1,1,0
62,38,127.30816650390624,96054,3,1.3311672216822688,2,0,1,0,1,1,1
41,24,187.61508178710935,94543,2,6.216936201461507,1,0,0,0,0,1,0
29,5,43.75449752807617,94449,4,3.1000059509378306,2,0,0,0,0,0,0
44,22,99.25300598144533,91526,1,0.8390486112193437,1,154,0,0,0,0,0
30,5,70.34178161621094,94248,4,1.5217159460653775,1,0,0,0,0,1,0
46,8,115.62765502929688,93706,1,2.2366114094454312,1,0,0,1,0,1,0
30,5,119.60681915283205,94576,1,4.374968842540392,1,0,1,0,1,1,0
30,7,129.02459716796875,95079,4,6.710862257437179,2,0,1,0,0,0,1
40,17,107.21656036376952,93323,1,1.423262424944792,1,378,0,0,0,1,0
65,41,131.19595336914062,91231,1,5.40400219265175,1,0,1,0,0,1,0
35,13,26.325756072998047,91491,2,0.9681388206483892,3,0,0,0,0,0,0
48,30,35.81344985961914,92342,3,2.016706213962296,3,0,0,0,0,0,0
57,35,35.53031921386719,95565,4,0.5493201432158072,1,0,0,0,0,1,0
30,7,97.06375885009766,91877,2,5.192399254707835,1,231,0,0,0,0,0
49,11,34.72611999511719,94755,4,2.2294575299689368,1,179,0,0,0,0,0
65,34,34.08892822265625,93187,4,0.0165065786869776,3,0,0,0,0,0,0
43,15,53.40237045288086,94080,3,1.8791819181448115,1,231,0,0,0,0,0
28,3,155.47885131835938,94787,2,1.524726715606442,1,0,0,0,0,0,0
62,38,78.6134262084961,91945,2,2.253783973476413,2,0,0,0,0,1,0
47,8,37.9111557006836,90851,1,1.857755711406356,2,0,0,1,0,0,0
38,21,66.72615051269531,92191,3,3.7440700453382183,1,89,1,0,0,1,0
44,29,61.773685455322266,94595,4,0.3452219555005852,2,0,1,0,0,0,0
64,37,44.95293045043945,91227,4,0.733516757457495,2,0,0,0,0,1,0
64,33,39.06417846679688,90069,4,1.8757153199611076,3,0,0,0,0,1,0
62,32,47.84391021728516,93633,2,2.5920384258240623,1,0,0,0,0,0,0
48,3,36.81686401367188,91726,2,0.133261412687039,1,0,0,0,0,0,0
41,18,43.95135116577149,92969,3,0.2703882282344828,1,0,0,1,0,0,0
61,33,42.13142395019531,96362,1,0.5683643178180451,2,98,0,0,0,1,0
44,26,17.04686164855957,93329,1,0.8551838978090066,2,0,0,1,0,1,0
38,17,67.91184997558594,95251,4,2.135380701321301,2,0,0,0,0,1,0
41,19,67.14246368408203,95313,2,1.9532846824134864,2,0,0,0,0,1,0
30,7,82.4046630859375,91492,2,2.5096510956632385,2,0,0,0,0,0,0
39,15,160.59861755371094,91739,2,0.4915312043340509,1,0,0,0,0,1,0
31,5,101.40560150146484,91102,2,2.978910841499549,2,0,1,0,0,1,0
35,13,35.84665298461914,90507,1,0.3551191521886368,2,0,0,0,0,0,0
57,27,92.27263641357422,93889,1,2.501320536522829,1,0,1,0,0,0,0
45,22,39.8779296875,91707,2,0.8823709142057715,1,0,0,0,0,0,0
62,36,30.19108390808105,90209,1,0.2710864304469908,2,87,0,0,0,1,0
30,1,24.22481346130371,94967,1,1.8641837220486623,3,0,1,0,0,1,0
33,17,32.806522369384766,93962,1,0.1051477977258791,1,104,0,0,0,0,0
50,12,168.9364013671875,94370,1,3.263326468860243,2,0,0,0,0,0,1
50,27,57.933197021484375,92774,4,2.7980311216352742,3,0,0,0,0,0,0
41,21,136.74720764160156,94460,1,2.246338601345731,1,0,0,0,0,1,0
40,10,43.19927597045898,94415,4,0.5311959254641122,2,100,0,0,0,0,0
36,16,91.25379180908205,92925,3,1.8782325311666883,2,0,1,0,0,1,0
36,16,74.99507141113281,91994,2,1.8095553731184928,3,0,0,0,0,0,0
27,10,138.47901916503906,95725,2,4.5892426740664565,1,0,0,0,0,1,0
49,27,33.702110290527344,91174,2,0.8556218851387284,1,145,0,1,0,0,0
31,7,116.80906677246094,95624,2,5.65737442442074,1,0,1,0,0,0,0
56,19,66.51521301269531,92066,4,1.603666150880356,1,0,1,0,1,1,0
29,6,12.015846252441406,94890,1,1.0915043386048886,2,0,1,0,0,1,0
35,5,74.36190032958984,89983,4,0.929777342823096,1,0,0,0,0,1,0
62,39,127.51564025878906,93266,4,4.948931330956398,2,0,1,0,0,0,1
59,29,34.00312805175781,94378,3,1.0563010264954733,3,0,1,0,0,1,0
56,30,182.8736114501953,95602,2,7.360198382207529,1,0,0,0,0,0,0
43,5,52.6265869140625,91182,3,0.8188652343943815,1,0,1,0,0,1,0
30,4,13.647045135498049,92273,4,0.5588090497379854,2,0,0,0,0,1,0
61,32,47.21751403808594,96286,1,1.059809559853675,2,0,0,0,0,1,0
55,35,81.40682983398438,92207,1,1.704465691554689,3,0,0,0,0,1,0
40,11,39.77645111083984,94606,3,0.6028337724170632,2,314,1,0,0,0,0
60,38,27.688474655151367,91988,4,1.1698024905043984,3,144,1,1,1,1,0
61,36,19.22418975830078,94355,4,0.5629751600314999,2,0,1,0,0,1,0
59,21,76.17816925048828,90566,3,2.3517897029747608,2,0,0,0,0,0,0
52,35,113.47097778320312,91626,2,3.9729674704641273,3,376,1,0,0,1,1
65,38,33.99531555175781,93850,2,0.1723527393081439,3,99,0,0,0,1,0
50,26,35.20328521728516,94037,1,0.6731240309139108,3,0,1,0,0,1,0
52,17,39.16693878173828,94033,2,1.32789602587756,1,0,1,0,0,1,0
37,23,74.60016632080078,94690,4,2.3351705396739733,1,142,0,0,0,1,0
43,16,33.483089447021484,94180,3,0.1190647830668128,1,0,1,0,0,1,0
50,24,68.43922424316406,94613,2,4.116064365812337,1,101,0,0,0,0,0
33,12,14.461454391479492,92070,3,0.9179108114778812,3,0,1,0,0,0,0
53,29,99.51499938964844,90194,1,2.177381212013896,2,0,0,0,0,0,0
49,21,109.15059661865234,92213,4,1.1429353452269213,3,100,0,0,0,1,0
56,26,50.53226089477539,92153,3,0.5438808423260064,3,222,0,0,0,0,0
45,18,25.242685317993164,92036,2,0.0573197690451069,2,118,1,0,0,1,0
54,27,33.144775390625,91415,4,0.4590555423873599,2,148,0,0,0,0,0
56,37,11.362279891967772,94294,1,0.1461418646609313,2,73,0,0,0,1,0
42,21,75.24285888671875,94555,1,3.4150668437718017,1,0,0,0,0,0,0
58,34,54.20256042480469,92248,3,0.8970522129799254,2,0,0,0,0,1,0
60,38,20.028549194335938,95605,3,0.5403692737659316,1,114,0,1,0,0,0
54,20,82.79798126220703,89756,2,1.7339950564434985,2,143,0,0,0,0,0
42,10,15.972558975219728,94033,3,0.3062961117975041,2,110,0,0,0,1,0
49,34,100.95396423339844,95059,2,2.74655664812856,2,186,0,0,0,1,0
30,12,178.78326416015625,94779,4,8.315511611525507,3,0,0,0,0,0,1
51,23,113.74678802490234,94422,1,0.0743634561610686,3,0,0,0,0,0,0
28,1,93.18832397460938,92009,2,1.7053097935189472,1,166,0,0,0,1,0
57,24,69.41009521484375,91963,2,1.198024382649939,1,0,0,0,0,1,0
61,34,44.305782318115234,95187,1,0.4683523144987077,1,0,1,0,0,1,0
41,3,87.72791290283203,94573,1,2.05061266621042,3,0,0,0,0,1,0
46,14,62.96623992919922,94531,1,1.988917439314386,2,185,0,1,0,1,0
56,34,52.11208724975586,92115,3,1.3717833296972075,1,0,0,0,0,1,0
47,11,125.06697845458984,93587,1,1.0137510555369522,1,0,0,1,0,0,0
45,20,79.99417114257812,92256,3,1.705593858819909,1,0,0,0,0,0,0
47,30,81.84587860107422,94663,3,2.099478875502474,2,0,0,0,0,1,0
54,27,18.89606094360352,92386,1,0.7560648778441775,3,0,0,0,0,0,0
44,20,73.80213928222656,89838,1,1.6313893940483593,1,0,1,0,0,0,0
40,4,67.8709487915039,94067,4,2.6660400526967645,3,0,1,0,0,0,0
59,37,110.43523406982422,90196,1,2.2441045658803125,1,0,0,0,0,0,1
27,0,11.676291465759276,94825,1,1.224871917921501,2,98,1,0,0,1,0
61,38,86.29090118408203,90877,4,1.2249612711010929,1,0,0,0,0,1,0
44,24,213.22509765625,94986,2,4.856420629358324,1,0,1,0,0,1,0
30,3,86.5531005859375,92167,4,0.1726588892282543,1,0,0,0,0,1,0
58,33,54.78885269165039,95049,3,0.3561005153720352,2,0,1,0,0,0,0
34,8,69.04533386230469,93304,4,2.0976676069611155,2,0,0,0,0,1,0
30,4,45.93767166137695,91002,4,0.352431037315272,3,0,0,0,0,0,0
33,9,51.560157775878906,93029,3,2.2657401423727674,2,0,1,0,0,1,0
34,10,19.057275772094727,96064,4,0.6279147743330201,2,96,0,0,0,1,0
39,17,61.32394790649414,91143,3,1.1243551512907035,1,106,0,1,0,1,0
25,1,58.13225555419922,94054,2,1.4555866350839173,3,116,0,0,0,0,0
34,11,74.89884948730469,94494,2,1.1447634805562328,1,0,0,0,0,1,0
65,40,160.1980743408203,90684,4,1.8623364158395888,1,0,0,0,0,1,0
42,18,203.0505828857422,94406,2,3.3538789978792027,1,0,0,0,0,1,0
54,30,16.3719482421875,92598,4,0.2701987324399622,1,0,0,0,0,1,0
37,15,62.400169372558594,91443,4,2.4024890975791338,1,0,0,0,0,1,0
40,12,94.82575988769533,94187,3,0.535872236484769,2,211,0,0,0,1,0
43,19,85.68785095214844,91281,4,1.9332980999204517,3,244,0,0,0,0,0
55,34,116.25331115722656,91105,3,0.9322380350434444,3,0,1,0,1,1,1
34,9,42.559566497802734,95159,3,1.241762561849656,2,0,1,0,0,1,0
31,8,216.8418884277344,89906,2,4.585877171933926,1,0,0,0,0,1,0
64,36,59.74128723144531,94746,1,2.026948512782952,2,0,0,0,0,1,0
37,14,57.0090446472168,92223,4,2.230313470275413,1,0,0,1,0,0,0
45,19,24.513429641723636,94960,1,0.0809911688540359,3,90,0,0,0,0,0
60,28,63.23963928222656,91214,3,2.7982684671097773,2,0,0,0,0,1,0
60,24,82.3205795288086,91130,2,1.1273808384360462,3,0,0,0,0,1,0
41,16,64.18899536132812,92038,2,0.2138779871001178,1,0,0,1,0,1,0
28,10,11.648334503173828,92351,4,0.6650410756681591,2,0,0,0,0,1,0
28,4,37.90283203125,91905,4,0.3184600795047886,2,0,0,0,0,0,0
60,34,13.41866970062256,90025,2,2.237391410504216,3,145,0,0,0,1,0
38,18,90.25988006591795,91292,1,2.2528380403198445,2,0,0,0,0,1,0
50,16,54.099517822265625,90035,4,3.4808268417567607,1,0,0,0,0,0,0
53,35,25.946849822998047,93455,3,0.8923888781845606,1,0,0,1,1,1,0
33,6,54.238990783691406,94589,3,1.7689503117481489,2,0,0,0,0,0,0
58,24,28.89507484436035,91753,3,2.339677440285709,2,107,1,0,0,0,0
39,10,53.923099517822266,93047,4,1.5579793139249645,3,119,1,0,0,0,0
59,23,84.1554183959961,92041,4,7.014063181528167,3,0,0,0,0,1,0
50,23,87.3344497680664,91448,2,3.021800882818179,3,0,0,0,0,0,0
52,26,62.80506134033203,92568,4,2.0904129477047824,3,0,0,0,0,1,0
48,23,52.094383239746094,93016,1,1.8517024998644285,3,0,0,1,0,1,0
38,10,86.44037628173828,94367,4,1.5814756081571495,3,111,1,0,0,1,0
31,7,123.32208251953124,92932,4,0.4956697467621697,3,0,0,0,0,0,0
57,28,53.27953720092773,89846,2,1.3255620205811534,3,104,0,0,0,1,0
49,24,55.87797164916992,91858,4,0.2234340175216683,2,0,0,0,0,1,0
42,17,15.000604629516602,92546,3,0.8922833744131892,2,0,0,0,0,0,0
51,30,49.754425048828125,94666,2,0.6000190742845876,3,0,0,1,1,1,0
34,5,80.30965423583984,90547,2,3.215709064088052,2,0,0,0,0,0,0
55,16,105.27278900146484,91995,1,1.2694064246403582,2,0,0,0,0,1,0
45,20,65.20185852050781,95267,2,0.2847890701410818,1,0,1,0,0,1,0
63,35,26.95338630676269,90740,2,0.0181131461426654,3,0,0,0,0,1,0
52,29,47.173336029052734,95524,4,0.2655443777307724,2,0,0,0,0,1,0
52,28,134.65350341796875,90575,1,6.500771896617491,2,0,0,0,1,1,1
46,31,57.80508041381836,90319,4,1.433452811060655,1,0,0,1,0,1,0
53,20,53.097843170166016,94571,4,0.4883814745624794,1,0,0,0,0,0,0
38,13,15.379549026489258,89635,4,0.231621169148416,3,0,0,0,0,0,0
47,21,26.95406150817871,94459,3,1.0778253712806205,1,0,0,0,0,1,0
54,29,34.92824935913086,94307,1,1.9576271950060669,2,185,0,0,0,0,0
36,11,21.57364273071289,91796,4,1.2136737664868025,3,0,0,0,0,1,0
59,17,136.96502685546875,91316,2,1.8090582638114707,1,0,0,0,0,0,0
26,4,84.75247192382812,94383,1,3.0827827643757644,3,174,0,0,0,1,0
46,25,92.8821029663086,95594,3,0.7875177676645768,1,0,0,0,0,0,1
35,7,48.52143096923828,94776,3,2.8625369220515022,2,0,0,0,0,0,0
61,28,16.724822998046875,92328,2,0.185836217404192,3,0,0,0,0,1,0
50,23,115.4990005493164,91223,1,2.4688990279301213,1,0,0,0,0,0,0
47,27,32.926422119140625,94871,3,0.0945034840453031,3,0,1,0,0,1,0
52,26,16.817256927490234,90228,3,1.7515295221733254,2,0,0,0,0,1,0
32,6,123.98112487792967,92764,3,0.5729441034748993,3,0,1,0,0,1,1
61,29,74.74544525146484,90386,2,2.6210107429060274,2,0,0,0,0,1,0
55,29,119.55503845214844,94808,2,2.831226422964688,1,331,0,0,0,0,0
42,20,24.455507278442383,94345,1,1.619067939191403,3,83,1,1,1,0,0
46,19,71.85186767578125,94868,1,0.8837670303625969,2,91,0,0,0,0,0
61,34,84.2182846069336,92855,1,1.397785669843547,3,161,1,0,0,1,0
40,15,55.34728240966797,91617,3,0.1323867395649332,3,0,0,0,0,1,0
58,32,77.75732421875,94831,1,0.0559504368434029,1,0,0,0,0,1,0
55,33,23.42505645751953,89891,2,1.24888426930074,1,0,0,0,0,0,0
52,23,55.95706558227539,95016,2,2.3353020250867984,1,0,0,0,0,0,0
65,41,74.80577850341797,90096,3,0.9521732688600814,3,0,0,0,0,0,0
33,7,83.28482055664062,94517,3,2.015267175227981,1,151,0,0,0,0,0
62,38,26.55561828613281,95272,1,1.318110472505073,3,380,0,0,0,1,0
58,32,35.57500457763672,90026,1,0.2185076889583699,1,0,1,0,0,1,0
32,11,125.53707122802734,95007,1,2.6091451806831696,1,394,0,1,0,0,0
45,20,126.22166442871094,95183,3,3.357630728378881,1,0,1,0,1,1,0
39,13,114.55860900878906,91694,2,6.323050904581349,1,0,0,0,0,1,0
41,14,158.18902587890625,95889,2,2.1863057954635896,2,238,0,0,0,1,1
54,28,40.92254257202149,95140,4,1.142064052843089,2,0,0,0,0,1,0
40,23,71.0345458984375,95166,4,2.214443999682886,1,0,1,0,0,0,0
42,13,28.240562438964844,94483,3,2.179444817597417,2,0,1,1,0,0,0
57,31,166.3990936279297,95195,2,3.158081085548661,1,0,0,0,0,0,0
38,12,146.4309844970703,92415,2,3.2180750549699577,3,0,0,0,0,0,1
57,32,118.6653289794922,95738,3,1.9937042498706703,2,257,1,0,0,0,0
46,17,129.25244140625,95146,4,1.3322931676368013,1,386,0,0,0,1,0
51,27,66.45592498779297,95731,4,1.07146943708476,3,0,0,1,0,1,0
43,19,36.489933013916016,93879,1,2.988975141881405,1,0,0,1,0,0,0
44,19,71.59603881835938,94709,2,0.8764414540513515,3,184,0,0,0,1,0
32,6,27.075315475463867,96387,4,0.453300940872844,3,144,1,1,0,1,0
42,24,52.063743591308594,94642,1,4.073708830890002,1,0,0,1,0,0,0
42,30,63.82433319091797,92895,2,3.670275501650765,2,0,1,0,0,1,0
37,7,171.1178436279297,92160,4,3.912771956447427,3,0,0,0,0,1,1
42,12,19.686168670654297,94231,2,0.1569766151839635,2,150,0,1,0,0,0
32,11,20.38367462158203,92144,1,0.0371483902628631,1,0,1,0,0,1,0
39,14,75.9161148071289,91607,2,1.1392249830718597,1,0,1,0,0,1,0
65,39,71.20082092285156,93845,2,4.190975891848958,3,0,0,0,0,0,0
35,10,94.80966186523438,93993,2,1.5707212718912242,2,185,0,0,0,0,0
33,5,78.4714584350586,94128,2,0.786485834757573,1,0,1,0,0,0,0
54,28,79.17919158935547,90068,4,3.0368194717045904,2,0,0,0,0,0,0
41,21,35.220394134521484,92843,2,0.3042693098663476,2,51,0,0,0,0,0
53,25,77.30838012695312,93188,3,0.088780528484793,2,0,0,0,0,0,0
42,13,56.362403869628906,94269,2,1.3791873916321755,1,0,0,0,0,1,0
45,25,16.984798431396484,92295,4,0.1824666621262585,2,0,0,0,0,0,0
49,35,23.20074844360352,95689,4,1.420836697320354,1,130,0,0,0,0,0
35,6,100.64918518066406,96054,1,3.397737355582299,1,0,1,0,0,1,0
49,21,176.9695587158203,94116,1,6.47992205696464,3,0,0,0,0,1,1
49,24,52.81611251831055,94047,1,1.0495646839574608,2,228,0,0,0,0,0
63,36,29.972003936767575,95248,4,1.481732650300258,2,0,0,0,0,0,0
41,27,68.8693618774414,90216,2,1.2361511411566717,3,261,1,0,0,1,0
27,7,49.34541702270508,94471,4,0.9177038375947192,1,0,0,0,0,0,0
52,27,44.84896087646485,92079,4,0.2419484506175285,3,0,1,0,0,0,0
52,35,37.0444564819336,93863,3,1.227393615212847,1,0,1,0,0,0,0
30,6,62.20940399169922,90272,1,0.7567063240108554,3,0,0,0,0,1,0
57,25,32.765380859375,94281,1,0.1569732938383082,1,0,0,0,0,0,0
61,10,28.77479553222656,95375,2,0.2786468307276208,1,0,1,0,0,0,0
49,26,25.66717529296875,92218,4,0.9560382924188092,1,88,1,0,0,1,0
63,38,134.61587524414062,92030,3,0.242237325023228,2,227,1,1,1,1,1
40,5,41.17202758789063,92053,4,0.7966769464083087,3,0,0,0,0,1,0
38,16,33.91822814941406,94346,2,1.1055778711754178,3,95,1,0,0,1,0
28,8,62.80656051635742,92311,3,2.490002899858044,2,0,0,0,0,0,0
44,13,54.76448059082031,94512,1,0.2215171386725996,3,0,1,0,0,0,0
53,31,42.71954727172852,94696,1,0.6326594266578287,2,0,0,0,0,0,0
40,8,142.97189331054688,95249,4,1.2398697077459118,2,0,1,0,1,1,1
55,24,125.45402526855467,92521,3,2.005278410773255,2,0,0,0,0,1,0
55,31,62.830322265625,94787,3,1.097801940144048,3,0,0,0,0,0,0
38,8,151.41050720214844,91437,1,2.942495618919585,1,0,1,0,0,0,0
54,32,109.72633361816406,94377,1,0.7624655307750411,1,0,0,0,0,0,0
62,36,96.77574920654295,94818,1,1.7924268793832316,1,0,0,0,0,1,0
32,7,198.57374572753903,93267,2,4.083661446690929,1,0,0,1,0,0,0
60,33,38.775909423828125,96620,1,1.562778977788506,2,0,0,0,0,1,0
46,29,182.3848876953125,91504,1,4.086378899056088,2,0,0,0,0,1,1
35,5,102.17804718017578,95060,3,0.6203318295864481,1,0,0,0,0,0,0
62,33,24.99469566345215,92967,4,0.1233696727644613,1,0,0,0,0,1,0
34,13,55.1978759765625,92114,1,3.3321194614006417,3,0,0,1,1,1,0
47,22,139.51429748535156,90448,4,6.03993773037115,2,0,1,0,0,0,1
62,31,26.252002716064453,95493,1,0.2865918037604814,1,0,0,1,0,1,0
56,29,47.78909683227539,92548,1,0.6090851801485508,1,0,1,0,0,1,0
46,29,71.39291381835938,92977,4,1.4965959067241803,3,0,1,1,1,1,0
43,21,78.57530212402344,96453,2,2.1390473311597877,2,232,0,0,0,1,0
47,27,87.09613037109375,95733,3,0.3296068525316394,3,0,0,0,0,1,0
58,38,28.161745071411133,94920,3,0.0848454667506214,2,0,0,0,0,1,0
33,8,91.03767395019533,94124,3,3.75115862308006,2,0,0,0,0,1,0
37,17,59.78540802001953,93917,2,0.4875410829374904,1,0,0,0,0,1,0
39,22,164.40029907226562,93802,4,2.4592943151836604,1,0,1,0,0,0,1
46,14,52.30491638183594,95657,3,2.224653921512984,1,0,0,0,0,0,0
38,8,60.16773223876953,95286,3,1.4706305789009824,2,0,0,0,0,0,0
49,20,35.394813537597656,90179,1,0.5913830590499718,3,0,0,0,0,1,0
33,13,77.25729370117188,94178,1,1.65821898050298,3,108,0,0,0,1,0
30,0,117.49701690673828,92783,1,1.0963829503359293,1,0,1,0,0,1,0
53,31,28.46284866333008,92000,2,1.498308337218457,3,0,0,0,0,0,0
48,23,86.81269836425781,91796,3,1.614403719876989,2,0,0,0,0,0,0
35,8,77.89971160888672,93818,2,1.9538655122409183,2,0,0,0,0,0,0
55,18,60.71625900268555,92012,2,2.128038742580093,2,0,0,1,0,0,0
46,22,107.58670043945312,94463,2,0.7473154773246407,2,141,1,0,0,1,0
37,30,133.93077087402344,94017,3,3.788536461379835,2,0,0,0,0,1,1
44,15,47.90748977661133,94402,4,4.7619452692101145,2,0,1,1,1,1,0
64,39,78.57061767578125,93707,2,2.0518672003534726,3,0,0,0,0,1,0
56,38,59.54682159423828,91770,3,2.2493088454015324,1,0,0,0,0,1,0
49,22,33.24847412109375,92810,4,1.1633492428434171,2,0,1,0,0,1,0
35,9,71.83325958251953,91762,3,1.250112568940552,1,0,0,0,0,0,0
41,21,110.97714233398438,94538,2,0.5983629680593407,1,307,0,0,0,1,0
33,5,27.372390747070312,90919,2,0.3935516051889157,3,0,0,1,1,1,0
29,12,72.0234603881836,91830,3,3.558449437242298,3,0,0,0,0,1,0
45,26,76.20040893554688,92330,1,2.7797560342968533,2,0,0,0,0,0,0
61,34,98.26583099365234,91419,3,0.097158971533594,1,0,0,0,0,0,0
31,8,23.48233413696289,94191,3,1.593291483881085,2,0,1,0,0,1,0
28,6,122.8774871826172,94129,4,1.178835059165022,3,0,0,0,0,1,0
43,25,11.638124465942385,91793,1,1.4075503046051514,3,0,0,0,0,0,0
32,3,55.70561981201172,93048,2,0.0542779374202359,1,0,0,1,0,1,0
27,7,126.90852355957033,92351,1,4.078286772414187,1,192,0,0,0,1,0
39,16,143.09466552734375,94698,1,0.5639606226321251,1,153,1,0,0,1,0
51,23,83.08331298828125,91473,1,1.390786955446129,1,0,1,0,0,1,0
50,28,35.693843841552734,91701,4,3.5080664257901084,2,0,0,0,0,0,0
65,37,201.13150024414065,94972,2,8.365483026087942,3,0,0,0,0,1,1
26,3,142.60000610351562,91895,2,2.720204544528683,2,0,0,0,0,1,0
44,15,37.50178527832031,90854,1,1.3997641245149013,1,216,0,0,0,1,0
34,4,53.08484649658203,94424,1,1.0754333903025983,3,97,1,0,1,1,0
57,30,54.57583618164063,95371,1,4.823424589733987,2,0,0,0,0,1,0
38,17,137.3989715576172,90266,2,3.012566042740767,1,0,0,0,0,0,0
30,3,65.79705047607422,91595,1,0.845773582167166,3,136,0,0,0,1,0
24,6,65.99681854248047,93492,4,0.0190865182132432,1,0,0,0,0,1,0
53,35,38.35232162475586,94628,3,1.3036083100238811,1,0,0,0,0,1,0
38,14,108.67435455322266,95381,3,2.070203631249331,2,0,0,0,0,1,0
33,6,48.89913177490234,93936,4,0.4826505251964469,2,0,0,0,0,1,0
63,34,107.66374206542967,90255,3,0.2343684820754126,1,393,0,1,1,1,0
55,34,58.96677017211914,90019,4,0.6798575393379692,3,236,0,0,0,0,0
66,38,72.7743148803711,90271,2,1.4963805401872787,2,0,0,0,0,0,0
57,20,77.85875701904297,90200,1,0.393821578491153,2,0,0,0,0,0,0
53,17,24.346683502197266,92989,1,0.2456661174712738,2,0,0,0,0,1,0
28,0,188.7176971435547,90310,4,2.1079314007655583,3,0,0,0,0,1,1
50,19,22.340633392333984,90753,1,1.6398752091149111,3,0,1,0,0,1,0
47,26,91.67498016357422,92658,2,1.2373982067938256,2,0,1,0,0,1,0
63,38,179.42697143554688,94153,2,3.1817690045241744,1,0,0,1,0,0,0
43,24,109.3922348022461,90682,4,6.888832150490099,2,149,1,0,0,1,0
28,12,22.300556182861328,93661,2,0.9900159548601136,2,0,0,0,0,0,0
48,17,42.48995971679688,92029,3,1.0848779893241856,2,0,0,0,0,1,0
60,34,78.06937408447266,90384,1,2.885591784331957,1,134,0,0,0,0,0
38,14,59.69447326660156,91855,1,1.58202496797149,3,0,0,0,0,0,0
58,35,88.08932495117188,93301,1,7.060756309476898,1,0,0,0,0,0,0
47,7,64.20855712890625,90555,2,0.8905803528611644,1,146,1,0,0,1,0
58,35,92.22821044921876,90764,3,1.807601556605132,2,0,1,0,0,0,0
59,37,101.2166976928711,90172,2,1.9900138302506056,1,0,1,0,0,1,0
52,28,179.28941345214844,94181,2,6.501486734598847,1,376,0,0,0,1,0
56,29,60.06690979003906,91983,1,3.0074138144685887,1,0,0,0,0,0,0
39,14,70.80388641357422,95582,3,2.1640384325463,2,157,1,0,0,1,0
64,41,64.4991683959961,95604,1,1.2496315052696194,1,0,1,0,0,1,0
59,37,27.317859649658203,94045,3,2.205720974415188,3,0,0,0,0,0,0
61,32,62.16426849365234,96027,1,1.855223837394248,1,0,0,1,0,1,0
55,27,34.99650573730469,91862,1,1.7200159851237604,2,0,0,0,0,1,0
26,1,144.2450714111328,94975,4,1.2785340486575554,2,0,0,0,0,0,0
59,32,21.314876556396484,94447,3,0.4548140667615592,3,0,0,1,0,0,0
32,11,25.13321876525879,93020,1,0.1889418449154148,3,0,0,0,0,0,0
41,24,47.1861457824707,93020,4,0.4636886305659132,2,0,1,0,0,1,0
39,10,50.22951126098633,89715,3,3.58532327853145,2,177,0,0,0,0,0
54,21,30.452560424804688,93696,4,1.060224215159375,3,0,0,0,0,0,0
46,24,36.75381088256836,92943,4,0.4054952423147355,3,0,0,0,0,0,0
32,6,84.93848419189453,90838,3,0.3451335712090966,1,0,1,0,0,1,0
31,7,60.06974792480469,94311,3,2.060024382426762,2,0,1,1,1,0,0
38,11,57.64298248291016,94785,2,1.9982182317212205,1,0,1,0,0,0,0
43,17,79.8484878540039,90377,1,2.622564812715928,3,0,0,0,0,0,0
52,27,49.53471755981445,90130,2,1.2113126193238073,2,98,1,0,0,0,0
44,30,70.22821807861328,92051,1,2.565468198979271,3,406,0,0,0,0,0
25,0,114.250244140625,95714,2,5.189045947429284,1,0,0,0,0,0,0
44,13,35.308475494384766,95741,2,2.531971117039107,2,0,0,1,0,0,0
63,37,57.58365631103516,94098,4,2.526088783422604,1,0,0,0,0,0,0
49,35,96.43375396728516,94266,4,2.525314804369592,1,0,0,0,0,1,0
56,30,60.46599578857422,94813,2,1.7520791871723924,2,223,0,0,0,0,0
37,8,47.80963897705078,95105,2,6.105912520721621,1,0,1,0,0,1,0
53,30,96.38558959960938,92227,2,0.5868536813678374,3,223,1,0,0,0,0
36,14,29.840850830078125,95545,2,2.5663153218329784,1,0,0,0,0,0,0
58,37,80.16243743896484,94212,2,0.989419350415528,1,0,1,0,0,1,0
31,5,85.842041015625,94339,2,2.109346486750737,1,0,0,0,0,0,0
28,1,115.66425323486328,92013,4,1.810369609139693,3,328,0,0,0,0,0
36,18,36.75503540039063,95713,4,1.099809694338545,2,0,0,0,0,1,0
62,39,156.62255859375,90161,1,2.7852075170554844,1,266,1,1,0,1,0
35,13,20.259679794311523,91929,4,1.7393633291862831,2,87,0,0,0,1,0
48,22,133.35189819335938,94470,1,1.5814023468601548,1,0,0,1,0,1,0
63,41,34.80028533935547,90730,4,1.0099272300707174,3,127,0,0,0,1,0
29,3,106.79741668701172,91447,2,5.131589739428106,1,94,0,0,0,1,0
47,23,58.75045776367188,96039,2,1.2737126802155168,1,228,1,0,0,1,0
48,15,83.68427276611328,91354,4,1.2612285855290142,3,0,1,0,0,1,0
50,33,95.96727752685548,93206,1,2.5140492853226712,2,0,0,0,0,1,0
35,15,43.14189910888672,89548,1,0.5862766370648905,2,0,0,0,0,1,0
30,5,45.78137969970703,94007,4,2.024307806313001,2,0,1,0,0,1,0
55,25,45.93331909179688,94344,2,0.0113162401945508,2,94,0,0,0,0,0
57,31,47.61102294921875,95058,4,2.0743879428586083,3,0,1,0,0,1,0
32,2,30.357391357421875,92508,2,1.7137333207545424,1,0,0,0,0,0,0
44,26,31.47969055175781,90302,1,0.5688825963956025,2,144,1,1,1,1,0
29,1,23.79290771484375,93168,4,0.7797740164211693,1,0,0,0,0,0,0
31,5,50.52845001220703,90246,1,0.2783679842225298,1,0,1,0,0,1,0
32,9,82.93212890625,94603,2,0.7990344632776808,3,98,0,0,0,0,0
49,16,52.71284866333008,94773,3,0.600548793319398,3,0,0,0,0,1,0
25,6,24.875572204589844,94638,4,0.6077596146348309,2,0,1,0,0,0,0
38,13,190.9237823486328,94138,2,0.9157063798473766,1,388,0,1,0,1,0
46,7,27.31509780883789,89912,1,2.043437455282294,2,0,0,1,0,1,0
47,19,41.9640998840332,93379,3,1.9783500508302927,3,0,0,0,0,1,0
60,38,46.36399841308594,94798,1,1.0898321195442078,1,0,0,0,0,1,0
44,17,41.96804428100586,94348,1,2.1769260680567224,2,0,0,0,0,0,0
32,12,59.18153762817383,92588,3,1.5830456429624409,3,0,0,0,0,0,0
28,2,105.16384887695312,89860,3,3.0728635663018995,3,0,0,0,0,0,1
48,13,52.87984848022461,91915,3,0.5051725248824905,2,0,0,0,0,1,0
53,31,14.118121147155762,92585,1,0.2518297437457781,2,0,0,0,0,1,0
63,40,13.044958114624023,90436,4,0.5508661587740663,3,0,1,1,0,1,0
58,30,19.78655242919922,93163,2,3.050357131121443,3,0,0,1,0,1,0
39,18,101.38340759277344,90106,4,3.090571037952042,3,0,0,0,0,0,0
57,31,53.81753158569336,94175,4,0.9930224770789884,2,0,0,0,0,0,0
48,20,66.95341491699219,94752,1,0.4010323631825746,1,0,0,0,0,1,0
51,28,187.5922393798828,90207,2,2.434760431912869,1,433,0,0,0,0,0
58,39,52.01924896240234,92358,4,1.6316398138004982,3,0,0,0,0,0,0
30,3,49.79729080200195,91080,1,1.2522250144176492,3,0,0,0,0,1,0
61,37,53.0919189453125,91379,2,1.959900343431921,3,245,0,1,1,0,0
43,21,74.39329528808594,94262,2,0.6072691216298134,1,138,0,0,0,0,0
27,9,128.22232055664062,91370,3,7.391108143696034,1,0,1,0,0,1,0
44,16,27.535459518432617,92766,2,0.51328765951186,3,131,0,0,0,0,0
53,25,125.14651489257812,89996,1,2.0408482566720285,1,0,0,0,0,1,0
41,24,98.54371643066406,96092,1,2.2167232574601545,2,281,0,0,0,0,1
43,11,35.88541793823242,90281,4,0.4492834578385823,1,100,1,0,0,1,0
47,18,22.83940887451172,96522,2,0.3383131871870032,3,0,0,0,0,1,0
46,14,87.4341049194336,94951,1,0.4408994258999116,1,0,1,0,0,1,0
41,9,30.97638320922852,94108,4,0.7671213640112896,3,209,0,0,0,1,0
63,38,33.093170166015625,94615,1,0.4633492164470105,3,0,0,0,0,1,0
51,11,16.039051055908203,92148,4,1.375516593678777,1,105,0,0,0,0,0
29,19,100.3026885986328,95381,2,1.6960880435662684,2,0,0,0,0,1,0
49,22,24.24845695495605,95615,4,0.0629509998921704,3,0,0,0,0,0,0
27,1,49.05595779418945,91585,4,2.9032692093865227,3,0,0,0,0,1,0
42,20,51.14707565307617,94817,2,0.99704439190027,3,0,1,0,0,0,0
31,7,47.871707916259766,93166,2,2.0509791372597657,2,0,0,0,0,0,0
33,8,85.70685577392578,92705,3,1.1197768322832675,2,0,0,0,0,1,0
47,27,42.92342376708984,90482,3,0.9565275072252064,1,0,0,0,0,1,0
51,37,17.88312530517578,95883,4,1.3709773305388595,3,0,0,0,0,0,0
46,22,66.81771850585938,94235,3,1.8802989672643848,1,0,0,0,0,0,0
63,36,50.60681915283203,94428,4,4.20832702579361,2,0,1,0,0,1,0
43,13,38.36907196044922,90380,1,1.5264229781527368,2,0,0,0,0,1,0
30,8,52.673919677734375,94467,4,0.6694969223107614,1,0,0,0,0,0,0
44,11,41.16839599609375,95349,3,0.5330248798049719,1,0,1,0,0,0,0
53,26,60.276832580566406,95831,4,1.4468545769169046,2,0,0,0,0,0,0
36,8,104.22434997558594,94044,2,2.79360549243184,2,0,1,0,0,1,1
46,28,45.00346374511719,94991,4,3.3828719640495426,2,0,0,0,0,0,0
33,8,133.4469451904297,91935,2,3.5099258959296376,1,0,0,1,0,1,0
38,18,50.94757080078125,92494,4,1.1788486674622023,1,126,0,0,0,1,0
37,7,50.37548828125,94690,1,2.216027008230562,1,0,1,1,0,1,0
47,20,44.19321823120117,90877,4,1.2735911858586864,1,0,0,0,0,0,0
50,20,35.00204086303711,94753,4,0.47427479479753,2,0,0,0,0,1,0
64,38,52.36635971069336,91905,1,0.9348755664655036,3,0,1,0,0,1,0
61,37,46.64845657348633,94391,3,1.4877864113643589,1,0,0,0,0,1,0
50,21,62.37504959106445,92634,1,1.1502521282944107,3,0,0,0,0,1,0
36,3,53.18352508544922,94777,4,1.104577198843233,1,0,0,0,0,1,0
39,10,43.202781677246094,94059,3,1.7916132493601609,2,0,0,0,0,0,0
42,14,37.60026550292969,95738,4,0.9468977159747628,3,0,0,0,0,0,0
46,19,54.2254524230957,95113,2,1.5833346291798236,2,0,0,0,0,0,0
28,6,88.58193969726562,92010,3,2.3970211780997266,2,0,0,0,0,0,0
41,19,101.81869506835938,91029,4,0.5619099066005697,3,0,1,0,0,0,0
56,19,65.75508117675781,93044,2,3.5499192199004423,3,0,0,0,0,0,1
50,30,57.35491561889648,91880,3,0.1816106191131122,1,0,0,0,0,0,0
33,8,34.26343536376953,92310,2,1.9054154322780883,3,107,0,0,0,1,0
43,19,14.092790603637695,89595,2,0.576369743095316,3,0,0,0,0,0,0
31,4,86.42839050292969,94744,2,1.5317263542002415,3,381,0,1,0,1,0
57,32,133.08340454101562,94410,3,0.548814395643648,1,150,0,0,0,1,0
29,9,22.95552444458008,93897,2,1.280025940636754,3,0,0,0,0,1,0
33,9,194.98606872558597,95862,3,5.315163170467276,3,0,1,0,0,0,1
39,21,71.49713134765625,95383,3,0.5666786043325851,2,143,0,0,0,1,0
51,27,31.287357330322266,92121,2,0.381167258056848,3,0,0,0,0,0,0
63,36,59.6517448425293,90632,2,2.33053557272798,2,0,0,0,0,0,0
30,5,74.36358642578125,90841,3,2.486565094943775,3,0,0,0,0,1,0
42,13,31.200729370117188,91460,2,0.4134366904881139,1,133,0,1,0,1,0
56,31,11.441844940185549,94989,2,0.0248010338039761,2,102,1,0,0,1,0
32,7,172.1485137939453,90359,1,1.734233186881583,1,0,0,0,0,0,0
31,8,70.15103149414062,94106,3,2.2144884460588248,1,0,0,0,0,1,0
27,0,74.06873321533203,93115,4,0.3198613568648764,3,0,0,0,0,0,1
57,35,16.159273147583008,94546,2,2.713917426831293,2,143,0,0,0,1,0
52,18,44.76639175415039,94337,4,2.57437108962506,2,0,1,0,0,0,0
35,12,15.32634449005127,95862,2,0.4581260084499592,3,147,0,0,0,1,0
60,36,20.54610061645508,92038,2,0.5119007947876129,2,100,0,0,0,0,0
38,10,29.599348068237305,90040,4,0.1454159487495288,3,0,0,0,0,0,0
55,39,44.897274017333984,90796,3,1.5853811246875282,2,0,0,0,0,1,0
32,6,99.82068634033205,94429,1,0.3551832736487694,1,167,0,0,0,1,0
42,18,42.82461166381836,92102,4,1.2626439024903926,2,0,0,0,0,1,0
42,17,84.62239074707031,94791,3,0.2839446114957757,2,0,0,0,0,0,0
44,17,12.842904090881348,95089,1,0.2758130044754578,3,92,1,0,0,1,0
28,3,59.7170295715332,94559,3,2.1517044438859063,2,0,0,0,0,1,0
55,26,59.836158752441406,94716,3,1.840759864830212,2,125,1,0,0,0,0
42,16,67.86917114257812,95029,4,2.6771336115171582,2,0,0,0,0,0,0
44,25,128.22894287109375,95497,1,8.925605274863997,1,0,1,0,0,0,0
35,9,55.31168365478516,90602,4,0.4698368916544393,1,355,0,0,0,1,0
54,24,107.23346710205078,96177,1,4.904503461131548,1,0,1,0,0,0,0
33,5,134.66647338867188,90044,4,4.248214556943801,2,0,1,0,1,1,0
43,21,90.168212890625,94854,1,1.2960629459555686,3,0,0,0,0,1,0
45,19,45.67588424682617,91994,2,3.2107500657099086,3,0,1,0,0,1,0
35,9,38.23039245605469,94104,1,1.1498690249275816,2,0,0,1,0,0,0
43,12,62.26075744628906,92195,1,0.7967333390646549,1,249,1,0,0,0,0
39,32,121.33765411376952,95748,1,5.982706610984179,1,230,0,0,0,0,0
28,3,23.35700035095215,91288,3,1.6894362704612207,2,0,0,0,0,1,0
41,32,95.5718765258789,95214,1,8.233560101842748,2,0,0,0,0,0,1
36,14,54.06441116333008,91638,4,0.4724589589685994,1,229,0,0,0,1,0
40,14,48.80247116088867,93979,3,1.621929076342543,3,0,0,0,0,1,0
35,30,97.5589599609375,94342,2,0.8937802602450814,1,0,0,0,0,0,0
24,3,66.10149383544922,92937,4,1.6070121507121888,2,0,0,0,0,0,0
45,16,84.2478256225586,94170,4,3.0350398291099108,1,0,1,0,0,0,0
50,27,77.13955688476562,93041,1,1.3797292954297573,3,0,0,0,0,0,0
32,8,47.38695907592773,92940,2,4.588666295787762,1,0,1,0,0,1,0
39,18,32.944576263427734,94176,1,1.0173830673938258,1,90,0,1,0,1,0
33,8,89.93282318115234,90324,3,0.7328858302368406,2,0,0,0,0,0,0
61,17,155.5847625732422,92372,2,3.4184891087364573,2,0,0,0,0,0,1
26,4,19.971662521362305,93127,4,1.70193022259199,2,96,0,1,0,1,0
52,24,102.84986877441406,92070,2,0.5936473050449516,3,172,1,0,1,1,0
31,1,51.48078536987305,95182,1,1.347598179412238,1,200,0,0,0,1,0
27,2,55.9909782409668,95055,3,1.2283274964606097,2,0,0,0,0,1,0
26,0,37.53025817871094,92573,4,1.0436071142519443,1,0,0,0,0,1,0
57,28,46.82255554199219,94007,3,3.467346614974678,1,99,1,0,0,1,0
37,13,12.106534957885742,95905,3,1.0474595838293996,1,0,0,0,0,0,0
44,20,47.66814041137695,94706,4,1.955580118333166,1,0,0,0,0,1,0
30,8,76.81774139404297,92101,2,2.563768186324633,1,0,0,0,0,1,0
44,13,40.86109161376953,94469,2,1.138941537289269,1,0,0,0,0,0,0
62,34,108.5449447631836,90442,3,1.5317883253144065,2,169,0,0,0,1,0
52,26,81.67520141601562,92515,1,1.746439151535908,3,0,1,0,0,1,0
42,22,53.83185577392578,91794,2,0.8306881294774697,3,229,1,0,0,1,0
24,-2,80.40868377685547,92962,2,2.0034713340970414,3,208,0,0,0,1,0
57,39,49.30253219604492,94003,4,1.167418156651339,2,0,0,0,0,1,0
55,29,62.930267333984375,90936,1,1.8609872265022087,2,0,0,1,0,0,0
32,6,55.373809814453125,94997,4,1.8004728394175866,3,0,0,0,0,1,0
38,11,46.903717041015625,92808,2,3.3178488824477737,3,0,0,1,0,1,0
55,35,94.53445434570312,90282,2,2.1715109663309584,1,219,0,0,0,0,0
27,3,62.11920547485352,94254,3,0.5922229218173194,2,203,1,0,0,1,0
44,18,57.28318786621094,93132,2,1.838525295358742,1,0,0,0,0,1,0
45,24,13.769631385803224,92608,4,0.9989320502907136,1,0,0,0,0,0,0
65,38,13.170942306518556,90688,3,0.8793664858696576,2,110,1,0,0,1,0
60,36,107.16075134277344,91072,2,3.578994065878041,1,0,1,1,1,1,0
39,18,34.4771614074707,92960,3,2.054296672106259,2,0,0,0,0,1,0
55,27,30.170658111572266,94504,3,0.9794865213216736,3,158,0,0,0,1,0
30,4,78.15509033203125,90338,4,2.469218831139619,3,287,0,0,0,1,0
42,5,47.88058853149414,94827,1,2.0447744926861637,3,132,0,0,0,1,0
28,7,86.52496337890625,94340,2,0.6012525988154903,1,257,1,0,0,1,0
56,15,49.566680908203125,91980,3,0.4274334696319843,2,0,0,0,0,1,0
38,17,132.66287231445312,92140,1,3.822416914252458,1,0,0,0,0,0,0
27,8,40.02728271484375,92031,4,0.8227216207018097,2,81,1,0,0,1,0
58,27,50.6645622253418,95355,4,1.239358901907675,1,0,0,0,0,1,0
36,5,11.56096076965332,90269,2,1.1035797114665378,3,0,0,0,0,1,0
32,8,110.32403564453124,92265,4,1.055413248084036,1,0,1,0,0,1,0
31,6,38.57883071899414,90450,4,1.455397149847298,1,0,1,0,0,1,0
53,26,18.166553497314453,93313,3,0.5429125127959578,2,0,0,0,0,0,0
52,35,26.138017654418945,94060,4,0.1169035639115724,1,0,0,1,0,0,0
55,28,38.99497604370117,93351,2,1.30876030520182,3,0,0,1,0,1,0
44,26,20.017772674560547,91155,1,1.402915908939084,2,0,0,0,0,0,0
58,28,67.46434020996094,94493,3,1.1599646148047782,1,0,1,0,1,1,0
30,4,26.92828750610352,94509,3,0.9449676151038996,3,0,0,0,0,0,0
50,26,55.096134185791016,95700,2,0.3791412306946638,1,0,0,0,0,0,0
65,39,50.34410858154297,90039,1,0.6593154940622792,3,0,0,0,0,1,0
55,30,46.57275390625,95067,4,2.292308731708795,1,0,0,0,0,1,0
41,14,88.89376068115234,94687,2,1.7194632469969693,2,0,1,0,1,1,0
27,2,49.80976104736328,91240,3,1.584407096635595,2,152,0,0,0,1,0
42,15,180.2833251953125,95079,1,3.493013854204956,1,0,0,0,0,1,1
40,5,27.787132263183597,95368,4,1.9009412290107504,1,0,1,0,0,1,0
60,34,26.223716735839844,91209,2,0.4969895168088794,1,0,1,0,0,1,0
40,17,33.66111755371094,95350,4,2.410033862906666,1,0,0,0,0,0,0
58,32,143.6480712890625,91761,2,2.1509119025129024,1,372,0,0,0,0,0
46,14,107.56624603271484,92237,2,0.3035097246206245,1,0,1,0,0,1,0
57,40,58.482547760009766,91701,3,0.7728595433604661,1,0,1,0,0,0,0
36,12,78.60537719726562,93920,4,3.682026991813235,1,0,0,0,0,0,0
28,-1,31.07990264892578,94981,2,1.761483473149467,3,0,0,0,0,0,0
43,19,66.07550811767578,93931,4,0.936507553700756,2,0,0,0,0,1,0
48,30,41.65547561645508,92130,4,0.9972402317165628,2,0,0,0,0,1,0
32,3,63.506195068359375,89933,4,2.295313416201827,3,0,0,0,0,0,0
61,36,36.152130126953125,95743,3,0.4185517493626425,2,0,0,0,0,0,0
46,21,20.15624618530273,95654,4,0.550058225162305,1,0,0,1,0,0,0
42,20,30.943998336791992,94402,1,2.365010633452987,1,0,0,0,0,0,0
26,21,66.88121032714844,91402,4,1.3853393672955892,2,0,0,0,0,1,0
30,7,127.41193389892578,95190,2,0.6604341064418013,1,0,0,0,0,1,0
38,20,69.52796936035156,94169,4,1.4666757927121234,3,230,0,0,0,1,0
42,15,134.06402587890625,92185,4,7.603233897492743,3,0,0,0,0,0,1
57,37,40.960716247558594,94239,1,0.7722940923879931,1,206,0,0,0,1,0
26,3,22.754262924194336,92614,2,0.5055123372332294,2,134,1,1,0,1,0
63,37,71.49563598632812,89879,4,0.1461195127998131,3,0,0,0,0,1,0
62,35,115.8063735961914,92459,4,2.24583426413502,1,0,0,0,0,0,0
57,26,90.3315200805664,95128,4,2.5298380535670524,3,0,1,0,0,0,0
67,40,84.56201934814453,91370,3,1.4769370702081774,1,0,0,0,0,1,0
46,31,130.9064178466797,95201,2,1.2017490953379046,1,0,0,0,0,0,0
53,32,30.725032806396484,94499,4,1.717578773886937,3,0,0,0,0,0,0
52,29,43.42130279541016,91999,2,2.387766690598007,1,0,0,0,0,1,0
48,18,81.69763946533203,94190,3,1.6444999701929208,2,156,0,0,0,1,0
46,23,127.40064239501952,95621,2,0.8414434892057676,1,0,0,0,0,1,0
31,8,22.671924591064453,94630,1,1.8772145912974632,3,0,0,0,0,0,0
38,5,56.39574432373047,95702,1,1.1923414696755377,3,101,0,0,0,0,0
36,12,88.21748352050781,94823,2,4.342096086799113,2,0,0,0,0,0,0
58,32,97.13970947265624,91555,2,1.814337177688824,1,0,1,0,0,1,0
37,18,84.60044860839844,92957,2,1.0173739942790283,1,0,0,0,0,1,0
44,15,18.64004898071289,92724,1,0.9024219149071422,3,91,0,0,0,1,0
48,29,98.35806274414062,94902,3,5.221427012200628,1,157,0,0,0,1,1
45,14,30.54607582092285,93740,2,0.9056252430439244,2,0,0,0,0,0,0
40,20,25.12701988220215,94501,3,0.5178168637628188,3,0,1,1,0,0,0
65,37,115.9817123413086,94605,1,6.019225414741939,1,0,0,0,0,0,0
31,9,104.11104583740234,92005,4,2.564776009990217,1,0,0,0,0,1,0
31,7,93.8402328491211,92890,2,1.4877995749182342,3,0,0,0,0,0,1
60,32,88.34883880615234,92502,3,2.107931675526645,3,0,0,0,0,0,0
60,36,105.3035125732422,95418,2,1.7989207655516664,2,0,0,0,0,0,0
58,36,112.86729431152344,92278,1,1.3497343519777334,3,0,1,0,0,0,0
64,38,116.13806915283205,92353,1,3.770040234680709,2,0,0,0,0,1,1
55,31,60.74544143676758,92867,1,0.5759744638876788,1,0,1,0,0,1,0
44,11,185.3650665283203,91953,2,7.268252240292114,1,387,0,1,0,0,0
52,29,19.94990539550781,95184,4,0.2836267701133364,1,0,0,0,0,1,0
27,2,130.751220703125,90332,3,6.702500197965342,1,0,1,0,0,0,1
51,28,56.500579833984375,92044,4,2.019772402473505,2,0,0,0,0,1,0
43,23,39.89936065673828,95659,3,2.0684132130743205,1,0,1,0,0,1,0
54,26,48.94356155395508,90285,2,1.2157946961254669,3,0,0,0,0,0,0
32,8,19.633724212646484,92173,1,1.114080469352322,3,107,1,0,0,1,0
47,15,83.82691955566406,91340,2,1.25480317262789,3,335,0,0,0,1,0
61,37,99.50867462158205,90329,1,5.87185014648229,3,404,0,0,0,1,0
50,10,29.123483657836918,96098,4,2.4806945076906137,2,0,0,0,0,1,0
58,32,96.62554931640624,94634,2,1.802417379828459,1,0,0,0,0,0,0
58,7,25.149513244628903,93246,4,1.004029474957712,3,0,0,0,0,0,0
31,5,26.08091354370117,93901,4,1.0803494573366017,1,92,0,0,0,1,0
66,37,101.40828704833984,95393,4,0.8222014334642218,2,0,0,0,0,1,0
35,15,27.092199325561523,92166,1,1.7653856800576664,3,0,0,0,0,1,0
44,19,92.42745971679688,90507,2,2.2113840454329377,1,514,0,1,0,1,0
38,12,164.95289611816406,91684,4,1.4864257445070432,2,385,0,0,0,0,1
44,10,107.80851745605467,94590,1,1.480434529057561,3,0,1,0,0,1,0
59,32,40.04777908325195,91802,3,1.1162889451194455,1,276,0,0,0,1,0
50,15,90.76956939697266,94953,4,3.715713020574685,1,0,1,0,0,0,0
61,35,37.702449798583984,94640,3,0.5353297354637547,2,0,0,0,0,0,0
27,5,16.054397583007812,92081,1,0.4851904428808177,2,0,0,1,0,0,0
59,33,73.89266967773438,95543,2,2.0211421190374868,3,0,1,1,0,0,0
44,28,15.32526969909668,95457,4,0.1977197902731903,3,0,0,0,0,1,0
36,9,33.68706512451172,94321,1,0.3876430208548166,2,0,1,0,0,0,0
65,39,86.37638092041016,95794,3,2.4678403149159545,2,0,1,0,1,1,0
65,40,44.54885482788086,94966,3,1.8275561290130984,1,0,1,0,0,0,0
65,35,56.07390213012695,91240,4,1.8767651446055165,3,160,0,1,0,1,0
63,41,165.216552734375,91303,2,1.6826749839877455,1,0,0,0,0,1,0
51,23,87.58346557617188,89923,3,2.607891344405345,2,0,0,0,0,1,0
45,21,116.2987289428711,94301,1,2.2225133082890824,2,0,0,0,0,0,1
46,17,37.40125274658203,92566,3,2.525399776563524,3,183,0,0,0,0,0
60,29,80.80486297607422,92850,1,2.154205888117456,2,0,1,1,1,1,0
40,23,37.32906723022461,90966,4,0.5419361153226049,3,134,1,1,0,0,0
56,30,85.39356994628906,94564,2,0.1763790840410872,1,0,0,0,0,0,0
56,33,34.306304931640625,90498,3,0.2793432941179916,1,0,1,0,0,0,0
46,23,175.90435791015625,92715,2,5.927379399166679,1,0,0,0,0,0,1
46,25,16.281143188476562,92886,4,0.8356298385142797,2,0,1,0,0,1,0
40,6,169.7056884765625,90398,4,8.033808682343626,2,0,1,0,1,1,1
59,35,80.90809631347656,94489,3,1.8091256780019296,2,304,0,1,0,1,0
67,39,142.28224182128906,94976,2,2.283508734154119,2,0,0,1,0,1,1
67,42,112.16643524169922,92565,4,2.809395934321734,1,0,1,0,0,0,0
48,22,123.81328582763672,90247,2,0.6481006736603259,1,0,1,0,0,0,0
46,15,70.76315307617188,94516,4,3.09192493793738,1,0,0,0,0,1,1
27,1,50.83677291870117,91858,4,1.011178212203574,1,0,0,1,0,1,0
39,12,161.35475158691406,95994,3,2.649629921575813,2,0,0,0,1,1,1
59,35,39.05895614624024,91051,1,0.8393824764370633,3,491,1,0,1,1,0
62,33,60.834354400634766,94332,1,0.1451538099155725,3,0,0,0,0,0,0
49,22,68.30744171142578,94439,4,1.5600636765060565,3,0,1,0,0,0,0
64,38,63.78935623168945,90251,1,0.1673990890245343,3,0,0,1,0,0,0
53,15,55.18256759643555,91287,2,2.402560839122202,2,0,1,0,0,0,0
61,34,83.4473876953125,94648,4,0.653643445776151,1,0,0,0,0,0,0
50,18,109.9902572631836,95256,3,1.513134795146352,1,297,1,0,0,1,0
41,18,76.76255798339844,92016,3,2.122048793431879,1,94,0,0,0,0,0
35,19,40.01408004760742,94014,1,0.1750558588005974,2,140,0,0,0,1,0
62,34,122.82842254638672,90148,3,3.2390711531619405,3,93,1,0,0,0,0
43,23,23.108062744140625,93740,1,0.8601678116284396,1,0,0,0,0,0,0
63,38,46.31571578979492,92528,1,0.5638066163927979,3,0,0,0,0,1,0
47,28,77.33731079101562,92275,3,0.4775768766480435,1,0,1,1,1,1,1
52,23,83.5150375366211,94848,2,1.3968703474636035,3,0,0,0,0,1,1
39,10,56.58161544799805,94575,4,0.075647501416298,1,150,1,0,0,1,0
66,37,46.92866134643555,94456,4,6.186926916672691,1,255,0,0,0,1,0
42,22,77.84558868408203,95383,3,2.0678529026107078,1,158,0,0,0,0,0
31,6,15.450385093688965,92191,4,0.6715491540120991,1,0,1,0,0,0,0
54,27,44.610595703125,92824,1,0.2856303832766791,1,0,0,0,0,1,0
59,35,110.5701675415039,92624,2,3.4467144368488136,1,0,0,0,0,0,0
60,36,67.72352600097656,94521,2,0.2808358319624015,3,112,0,0,0,0,0
34,1,45.338016510009766,92572,2,1.9502713574464792,3,0,0,1,0,1,0
46,20,39.57044982910156,90251,4,1.2755682667246082,2,0,0,1,0,1,0
62,37,45.21118927001953,94685,1,1.033689026240054,1,0,0,0,0,0,0
39,20,155.21841430664062,94264,1,1.995408817695264,1,0,1,0,0,0,0
53,20,121.50013732910156,90262,2,2.945108151721928,1,0,0,1,0,0,0
66,40,31.894916534423828,91169,1,1.190081350290727,3,0,0,0,0,0,0
34,10,49.78251647949219,94136,1,0.6996554844299112,3,0,0,0,0,1,0
46,10,120.72791290283205,89782,4,2.991250647045369,2,0,1,0,0,1,1
50,15,45.32038497924805,94857,2,1.2573330081767518,3,85,0,0,0,1,0
30,3,56.47531509399414,95059,2,1.891227668985093,2,0,0,0,0,0,0
35,9,153.1345672607422,92816,2,2.3634737986027226,1,0,1,0,0,1,0
51,29,32.04363250732422,93256,4,0.2026851499283455,3,101,0,0,0,1,0
30,3,85.24809265136719,91954,2,2.077835819821004,1,0,0,0,0,1,0
35,12,78.88560485839844,94157,1,1.9629311580431656,1,170,1,0,0,0,0
56,32,36.16573333740234,90062,4,1.3525157657241629,3,111,1,0,0,1,0
44,29,40.68780517578125,91926,2,2.064415189481746,3,0,1,1,1,1,0
46,18,95.5281982421875,94003,4,3.237447682757256,1,0,0,0,0,0,0
67,38,46.38002395629883,91511,1,1.7414777781063555,3,0,0,0,0,0,0
53,30,51.51405334472656,89989,4,2.512478882683733,1,0,0,0,0,0,0
40,17,81.45496368408203,94464,1,0.6054974545256511,3,0,0,0,0,1,0
46,23,134.74667358398438,90386,2,8.410777875303427,1,463,1,0,0,1,0
61,39,23.355995178222656,90082,2,1.1840622209919895,1,146,0,0,0,0,0
47,15,82.24664306640625,92211,2,0.6154217349243121,3,0,0,0,0,1,1
47,21,33.39263153076172,90829,4,0.758508116808977,3,152,0,0,0,0,0
24,-3,34.82925033569336,94087,3,0.9076862859341124,2,0,1,0,0,0,0
60,37,84.05974578857422,95555,2,0.6531023277241357,1,0,0,0,0,0,0
65,38,40.28715515136719,92311,3,0.9133505759736964,3,0,1,0,0,0,0
55,31,22.047338485717773,94991,3,2.0309653002139174,2,0,1,0,0,1,0
60,31,48.86577224731445,94477,3,2.754575126403793,2,0,0,0,0,1,0
61,37,66.61882781982422,92308,4,1.1062438995944397,1,0,1,0,0,0,0
38,17,69.66680908203125,95905,3,1.7085336143286614,1,0,0,0,0,0,0
44,20,48.8247184753418,95011,3,0.793076829273977,3,0,0,0,0,1,0
62,38,14.517800331115724,92038,3,0.3851800036785194,2,0,1,1,1,1,0
52,28,79.37368774414062,90327,1,1.9341743825001616,2,0,0,0,0,1,0
31,18,30.97588157653809,91979,3,0.981280934075056,1,0,1,0,0,1,0
32,6,34.51005554199219,91586,3,1.4206680728734655,3,0,0,0,0,1,0
66,35,63.55997085571289,92133,2,4.929530504887579,3,0,0,0,0,0,0
31,5,18.20892906188965,94435,4,0.2942442476466395,2,0,1,0,0,1,0
55,26,36.64811706542969,89857,4,0.3645262287458323,3,0,0,0,0,1,0
57,33,137.80650329589844,94312,2,2.8448766489818107,2,0,1,0,0,1,0
59,35,86.61455535888672,92415,3,1.386909282752684,3,0,0,0,0,1,0
26,0,154.2971954345703,91835,2,4.030381803786025,3,0,0,1,1,1,1
50,23,69.46730041503906,95707,2,1.7459749333132724,1,338,0,0,0,1,0
44,35,181.85354614257807,92698,4,3.664467906775797,1,0,0,0,0,1,1
58,33,35.423797607421875,92122,3,2.6521870929363303,3,0,0,0,0,1,0
41,15,87.90031433105469,92072,4,2.8990031843226363,3,0,0,0,0,0,0
48,19,110.13459777832033,91923,1,1.2319847139963027,3,0,0,0,0,1,0
50,19,45.37195587158203,95169,1,0.2256650260345107,2,179,1,0,0,0,0
33,8,77.6633529663086,95798,4,1.2169505866435129,1,183,0,0,0,0,0
27,4,73.3727798461914,93317,2,1.44307061815481,3,0,1,0,0,1,0
40,18,45.90749740600586,91859,2,0.3998529607908943,3,0,0,0,0,0,0
57,32,59.72822570800781,90340,1,1.3248876569615586,1,163,0,0,0,1,0
30,10,76.05777740478516,91265,1,0.6866274449915951,1,107,0,0,0,0,0
45,19,26.554595947265625,94870,4,1.0121702800628185,2,0,0,0,0,0,0
47,22,158.89083862304688,94866,1,7.184553547564548,1,76,0,0,0,0,0
37,12,39.88565444946289,90136,2,2.2109001090081284,2,92,1,0,0,1,0
62,25,37.4668197631836,95285,4,2.0119069470522053,3,200,0,0,0,0,0
30,6,151.3210906982422,94637,2,1.8086464072429485,3,0,0,0,0,1,0
37,16,56.3789176940918,91664,2,0.5368405458928764,2,0,1,0,0,0,0
50,27,131.51919555664062,94391,1,1.7402459866877875,1,0,1,0,0,0,0
66,37,38.82165145874024,92242,3,1.9726851398717624,2,0,0,0,0,1,0
52,24,53.76850128173828,92888,2,2.590594065884193,3,0,0,0,0,0,0
46,17,79.69715881347656,92324,1,0.9861274945914716,2,0,0,0,0,1,0
25,1,49.1087646484375,94337,4,1.0396898704188249,1,0,1,0,0,0,0
61,38,72.78910064697266,90149,4,2.119823016883847,3,0,0,0,0,1,0
47,14,80.40438842773438,94140,3,2.6759441457950643,3,0,0,0,0,1,0
33,4,123.58232879638672,93992,2,5.218081266324353,2,0,0,1,1,1,1
34,11,72.5715560913086,94675,4,1.2182948677487555,1,0,0,0,0,1,0
53,25,77.06266784667969,94883,3,3.5285204202028173,1,279,0,0,0,0,0
65,39,62.18110656738281,90492,1,1.4880614971685886,2,0,0,0,0,1,0
34,4,35.19406509399414,94974,1,0.3142841377734217,2,0,0,0,0,1,0
60,36,53.2661018371582,93909,4,2.046255479921121,1,0,1,0,0,1,0
44,15,107.82029724121094,91679,2,3.6324231395336417,1,0,0,0,0,0,0
60,39,32.452880859375,93279,4,0.5779848787981234,3,0,0,1,0,0,0
53,25,25.57920837402344,93301,3,0.3725069143850406,1,0,0,0,0,0,0
54,18,31.601337432861328,90625,2,0.1426248591843067,1,0,0,0,0,1,0
50,21,51.96485900878906,94046,3,1.1901190804021202,2,0,0,0,0,1,0
35,12,34.21889877319336,91704,3,1.361731994649583,2,0,0,0,0,1,0
65,39,101.77404022216795,94054,3,0.2332718193271251,3,0,0,0,0,1,0
29,22,98.43772888183594,91757,1,1.7712486819015223,2,148,0,0,0,1,0
47,27,31.82308959960937,94116,4,1.2209516076297593,3,0,0,0,0,0,0
64,38,159.54624938964844,94041,4,1.1844637349841542,3,0,1,0,0,0,1
42,16,86.48011016845703,95617,4,3.2734042265508707,1,176,1,0,0,0,0
34,8,54.1865463256836,94659,4,1.8622194807261183,3,0,1,0,1,1,0
32,3,26.46475601196289,91395,4,1.5219146857549584,1,0,0,0,0,1,0
42,18,37.457157135009766,94831,1,1.6086483243746357,3,0,0,1,0,1,0
35,13,46.74783706665039,92207,3,2.2321312304873744,2,0,0,0,0,1,0
30,8,16.807477951049805,92249,1,0.789022854716807,1,0,0,1,0,1,0
56,34,44.22457504272461,92288,2,0.57492763723891,1,101,1,0,0,1,0
49,22,80.47227478027344,95217,3,2.7270536935598737,2,0,0,0,0,0,0
62,33,111.00250244140624,91578,2,2.935540961856627,1,222,0,0,0,1,1
40,23,134.29493713378906,92290,2,1.5092925236224484,1,0,1,1,0,1,0
63,29,56.33815002441406,94988,1,2.653274265526877,3,263,0,0,0,0,0
43,18,182.50254821777344,90192,2,7.887765571499536,1,0,1,0,0,1,0
50,33,44.97005462646485,91439,2,0.5140419566475092,2,0,0,0,0,1,0
54,17,39.911720275878906,94171,3,2.4340117911289747,3,0,0,0,0,1,0
54,29,45.54522705078125,93057,3,2.215353344002824,2,0,1,0,0,1,0
42,15,71.55757904052734,91653,3,0.4617559523437333,1,0,1,0,0,0,0
31,10,61.81754302978516,93954,4,1.8497407502905852,1,0,0,0,0,1,0
27,9,11.525362014770508,90760,4,0.9859122877123164,3,0,0,0,0,1,0
36,3,120.91925811767578,95950,2,2.1033061225905976,1,0,0,0,0,0,0
60,37,32.91069030761719,92590,1,1.258600394494057,3,0,1,1,0,1,0
41,25,48.37092590332031,95973,1,0.3199352144748311,3,0,0,0,0,0,0
44,8,88.84153747558594,95733,3,3.0182465687084643,1,0,1,0,0,0,0
40,12,155.6533660888672,92891,3,3.2727175734221774,1,0,1,0,1,1,0
48,27,68.9449234008789,94835,3,1.5250616368818453,2,0,0,0,0,1,0
65,38,56.52592468261719,91796,4,1.0042052796532046,1,0,0,0,0,1,0
51,28,99.0669937133789,92725,2,0.0069629329068029,1,100,0,0,0,1,0
63,35,73.56023406982422,93163,2,1.2772134361979393,3,0,0,0,0,0,0
31,3,17.43732261657715,89676,4,1.225405185103887,3,108,0,0,0,0,0
42,18,56.12902069091797,94631,1,1.9884684337680645,1,80,1,0,0,1,0
33,6,19.54322052001953,93294,3,0.9454599415905446,2,0,1,0,0,0,0
56,28,58.28678512573242,90330,1,1.2554577034926897,3,166,0,0,0,1,0
65,41,103.90164184570312,92488,2,1.5824630245674838,1,106,0,0,0,0,0
25,1,65.71627807617188,92010,2,2.500814437405525,1,245,0,1,0,0,0
41,17,49.21776580810547,91546,2,2.387128776378637,3,0,0,0,0,0,0
66,41,55.14030075073242,95494,1,2.347569727693253,1,100,0,0,0,1,0
30,1,42.203834533691406,90303,4,0.7479049154753217,1,0,0,0,0,1,0
54,34,28.54001235961914,91108,4,1.4218294380298868,1,0,0,0,0,0,0
40,12,32.83915328979492,92855,3,0.0663874855302023,2,0,0,0,0,0,0
26,8,93.767822265625,92210,1,1.4769899742064847,3,0,0,0,0,1,0
51,24,49.57637405395508,90153,4,1.7437155229417471,2,0,1,0,0,1,0
35,10,172.70428466796875,89915,1,3.7769675095474646,1,231,0,0,0,0,0
48,20,56.95363235473633,94705,2,2.509171072355146,3,544,0,0,0,0,0
42,19,46.03708267211914,95584,1,0.0952690867810654,2,0,0,0,0,1,0
42,20,205.8418884277344,90241,2,3.6595678279543504,1,0,0,0,0,0,0
27,5,76.1634292602539,94422,3,0.5766374479114758,3,172,0,0,0,1,0
53,31,52.655155181884766,93883,1,0.1447446592054926,1,0,1,0,0,0,0
53,22,163.31101989746094,92533,1,3.6179446464657374,1,0,0,0,0,0,0
54,30,44.386138916015625,95456,4,0.7226329171589574,1,0,0,0,0,1,0
53,19,49.26058197021485,95445,4,2.348605446542897,1,0,0,1,0,1,0
63,38,14.3707914352417,95728,1,1.0577695339014583,1,0,1,0,0,0,0
36,15,49.04988098144531,95925,3,0.9857028622022922,2,0,1,0,0,1,0
40,16,45.49752807617188,95086,1,2.4023703268464285,3,152,0,1,0,1,0
49,23,53.14469909667969,95453,1,1.0087864901872097,1,0,1,0,0,1,0
33,7,32.216697692871094,94333,3,2.8159073383234405,2,179,0,0,0,0,0
27,2,52.254638671875,94385,4,2.4000240710277425,2,0,1,0,0,1,0
64,38,119.48797607421876,93964,3,1.8574881815320072,1,138,0,0,0,0,0
57,25,53.58551406860352,91845,3,1.4082023122449223,2,0,0,0,0,0,0
41,13,75.0373764038086,94196,4,2.381095026390208,1,0,0,0,0,0,0
50,26,56.79601287841797,94631,4,1.1583604326276369,1,102,1,0,0,0,0
32,6,98.43084716796876,94589,2,3.734247531184037,1,0,0,0,0,0,0
28,5,26.99515724182129,93662,2,2.8648898360474497,3,0,1,0,0,0,0
25,1,25.69087028503418,91997,3,0.9596176990685272,3,131,1,0,0,0,0
61,36,156.88021850585938,94558,4,3.719030558852937,2,396,1,0,1,1,1
46,20,53.64187240600586,92359,1,1.6969525574692037,3,121,1,0,0,0,0
54,33,54.880184173583984,95729,2,2.0197926401936708,1,380,1,0,0,1,0
34,10,128.7421112060547,94659,1,0.508299271110947,1,0,0,0,0,0,0
51,17,63.24427795410156,94049,2,2.7833449650446087,2,0,1,0,0,0,0
52,23,70.36235046386719,90120,2,2.563814104079701,1,245,0,0,0,0,0
28,14,62.33755874633789,95847,3,0.5066784733521421,1,0,1,0,0,1,0
29,3,152.8310089111328,94318,2,8.571091214076102,1,0,0,0,0,1,0
41,25,107.6874771118164,95300,4,0.8776568637837735,2,371,0,0,0,1,1
33,5,65.95057678222656,92172,3,1.17698928425446,1,0,0,1,0,1,0
36,20,92.56958770751952,89779,1,0.6964854142017777,1,0,0,0,0,1,0
66,39,39.64620208740234,93996,1,0.8146654363397433,3,0,0,0,0,1,0
67,40,46.606292724609375,94312,4,0.4001765110191823,1,0,1,0,0,0,0
60,33,116.49771881103516,93106,1,7.303148493451045,2,0,0,0,0,1,0
43,20,50.5971908569336,93452,3,1.6817503785862615,2,0,0,0,0,0,0
27,12,139.86251831054688,91809,1,2.9888538204472423,1,0,1,0,0,0,0
34,11,159.3270263671875,95164,3,2.0313340067003107,2,0,0,0,0,1,1
60,33,52.45204162597656,95267,1,1.2615562506139035,3,0,0,0,0,1,0
29,8,30.077472686767575,92377,3,0.5601499060004913,2,0,1,0,0,0,0
59,37,28.316490173339844,94617,4,1.934492386450701,2,175,0,0,0,1,0
35,7,154.47265625,90575,2,4.614841285823063,3,0,0,0,0,0,0
30,4,120.9266586303711,90907,2,2.140891890581623,3,134,0,0,0,1,0
27,2,57.71183013916016,91779,3,0.3275301359927947,2,0,0,0,0,1,0
56,19,51.00334930419922,95469,2,0.3092796131033589,1,0,0,0,0,1,0
51,24,104.87810516357422,95066,2,0.9388431159372672,1,0,0,0,0,0,0
63,28,51.60846328735352,94530,1,2.486790027236691,2,142,0,0,0,1,0
34,13,166.61904907226562,92039,2,3.8097354352196287,1,0,0,0,0,0,0
61,31,51.34431457519531,90158,4,1.9015167847748744,2,0,0,0,0,0,0
47,15,29.566036224365234,94990,4,0.6218355150159193,1,106,0,0,0,1,0
63,39,36.664093017578125,95683,4,1.9444079145867124,2,237,1,0,1,1,0
65,32,71.20547485351562,92149,2,2.0757784192882496,2,0,1,0,0,0,0
33,4,41.77287292480469,89904,3,0.2608455430395713,1,0,0,0,0,1,0
40,26,79.81826782226562,95928,1,0.5538711589266648,3,0,0,0,0,0,0
66,38,174.3488311767578,94630,2,1.6963027918573153,3,204,0,0,0,1,1
30,6,108.4408187866211,94255,4,1.5935073961385773,1,0,1,1,0,1,0
38,13,33.818931579589844,95545,2,1.4722159004139994,1,0,1,0,0,1,0
31,6,43.801246643066406,95881,3,2.7829859356183118,3,0,0,0,0,1,0
48,14,22.437129974365234,93029,1,0.1013203441171195,3,0,1,1,0,1,0
57,28,68.52262115478516,92069,2,0.7231438613419011,3,0,0,1,0,0,0
60,34,36.85048675537109,96381,1,2.1620458811545977,1,132,0,0,0,1,0
38,17,33.212310791015625,92395,4,2.033060351777973,1,0,0,0,0,1,0
58,34,210.71165466308597,92102,2,2.2800264508511066,1,0,0,0,0,0,0
49,24,16.656251907348633,94531,1,0.4664817669544481,2,166,0,0,0,1,0
44,9,141.38735961914062,94409,2,3.914120247920684,2,88,0,0,0,1,0
59,27,75.69678497314453,91973,3,0.4623614405291557,2,0,0,0,0,1,0
62,38,52.15174102783203,93838,1,0.7192389016943852,1,0,0,1,0,1,0
62,35,179.34060668945312,90017,3,3.471454850073551,2,0,1,0,0,1,1
64,29,30.053056716918945,91444,3,1.0645902322346878,1,0,0,0,0,1,0
34,8,92.0207748413086,94151,3,1.2530477320544806,1,276,0,0,0,1,0
55,19,27.382837295532227,95532,4,0.1719303422900974,2,0,0,0,0,0,0
47,25,54.639427185058594,95303,3,0.1900032558126588,2,0,1,0,0,0,0
53,29,98.04112243652344,92916,2,0.8879305842588706,3,0,0,0,0,0,1
49,15,74.94315338134766,92821,1,0.0975556834785727,3,0,0,0,0,0,0
32,4,124.21189880371094,95554,1,0.9426692987370232,1,0,0,0,0,1,0
37,18,112.85829162597656,91628,3,4.004786963144118,3,0,0,0,0,0,1
47,31,129.5480194091797,94578,4,0.3062484223203763,2,0,0,0,0,0,1
42,32,60.13212203979492,95570,4,1.7342180032092642,1,0,0,0,0,1,0
49,26,124.35721588134766,90211,2,4.160156833664852,1,0,1,0,0,0,0
38,14,174.16668701171875,95568,1,4.286012154896559,1,0,0,0,0,1,0
39,6,16.792266845703125,92919,4,2.408985921640339,1,0,0,1,0,0,0
50,24,83.73680114746094,95033,4,2.031925252579592,3,0,0,0,0,1,0
43,29,34.62923049926758,94759,3,0.0557083042326881,1,0,0,0,0,0,0
40,16,197.2854766845703,95062,1,9.117644370405444,2,232,1,0,0,0,1
35,11,64.14047241210938,94613,4,1.3898095553263148,3,157,0,0,0,0,0
42,13,81.42975616455078,94420,1,1.9963368357543356,3,0,1,0,0,0,0
29,2,173.56253051757812,94798,1,5.30637668699022,1,180,0,0,0,0,0
54,26,167.9077911376953,92737,1,3.312407385137278,1,0,1,0,0,1,0
39,21,45.71282958984375,92936,4,2.4820533352865803,1,0,0,0,0,0,0
55,30,43.3038215637207,94811,1,1.7885550085968192,3,0,0,0,0,1,0
61,35,42.49513626098633,89860,4,0.0426948030593093,1,0,1,1,0,1,0
65,38,139.9579315185547,89578,4,2.7261976386452016,1,0,1,0,0,1,1
32,9,136.6583251953125,95294,2,0.4666566077624567,1,0,0,0,0,0,0
46,12,62.62649154663086,91994,3,2.4962949064664377,2,340,0,0,0,1,0
60,32,78.59654235839844,91926,2,0.3267464116518145,2,0,0,0,0,0,0
35,7,20.132762908935547,92068,4,0.5575554092943684,3,0,1,0,0,0,0
41,14,56.5473747253418,93469,1,2.896749441219371,1,0,0,0,0,1,0
40,13,46.2164192199707,94958,1,0.63711761581314,1,117,0,0,0,1,0
42,14,116.00019073486328,96117,4,1.5415779954259987,2,0,1,0,0,1,0
58,33,95.87281036376952,89799,1,1.8722988157191436,1,0,0,0,0,1,0
46,10,125.32857513427734,90332,1,2.53098440723762,1,431,0,0,0,0,0
41,22,76.96058654785156,91269,2,2.4370857158522554,3,0,0,0,0,0,0
55,23,150.96047973632812,91862,2,1.3795027923812913,1,0,0,0,0,1,0
58,24,84.87409210205078,93014,1,0.8723376664176189,3,0,0,0,0,1,0
40,18,87.38536071777344,93658,1,1.032529396676252,3,0,0,0,0,1,1
55,28,50.28389739990234,92740,3,0.4363622946635989,3,0,0,0,0,1,0
45,26,88.28480529785156,94551,1,0.4568161966196715,1,366,1,0,0,0,0
39,16,38.978759765625,95968,4,1.8758064657070108,3,0,0,0,0,1,0
31,10,25.287946701049805,90076,1,0.6472920139692102,1,0,0,0,0,0,0
36,15,96.66580963134766,92458,1,0.7882848888387329,1,0,0,0,0,1,0
59,33,78.34046936035156,92227,4,1.008102255797862,3,102,0,0,0,1,0
61,31,45.09015655517578,92710,3,1.3953595294490273,3,0,0,0,0,0,0
59,31,20.88723945617676,90346,3,0.4215394233903854,3,147,1,1,0,1,0
27,15,189.7710723876953,94938,2,2.3318000067647127,3,0,0,0,0,0,1
34,5,122.27825164794922,94866,4,0.0562806958255055,3,0,0,0,0,1,0
61,32,22.96629524230957,95466,1,0.1882704641971841,3,0,0,0,0,0,0
48,25,63.810646057128906,94783,1,7.454099219982375,3,378,1,0,0,1,0
23,-1,187.46739196777344,89991,3,4.12690874699071,3,0,0,0,0,0,1
65,38,54.598514556884766,94395,4,1.4114884548404436,2,0,0,0,0,0,0
39,13,72.17249298095703,92918,1,0.6297704672809161,1,380,0,0,0,0,0
66,39,129.4259033203125,94216,3,1.614153462483674,2,103,0,0,0,1,0
40,17,169.36123657226562,92212,2,6.453362563556386,1,0,1,0,0,0,0
35,9,81.8228988647461,95261,2,1.383925271896074,1,0,1,0,0,0,0
42,13,32.55952453613281,91146,1,0.002576229814113,1,0,1,0,0,0,0
40,20,213.8134765625,94054,2,4.012556768338303,1,0,0,0,0,1,0
35,12,108.832275390625,90185,2,2.2931940545213547,1,245,0,0,0,0,0
41,19,51.54622268676758,93269,4,1.7994814577052076,3,0,0,0,0,0,0
32,-3,55.70034790039063,90898,4,0.6544216487181727,1,185,0,0,0,1,0
37,19,149.6404571533203,95338,1,3.850183331226959,2,0,1,0,0,1,1
61,33,45.28784942626953,94569,1,1.384141404360108,2,0,0,0,0,1,0
26,3,36.73908233642578,94071,2,1.174028278005632,3,90,1,0,0,1,0
46,4,151.07203674316406,92263,1,1.4701241442618505,1,128,0,0,0,1,0
50,16,95.87152099609376,92123,2,2.0428069583584505,2,0,0,0,0,0,0
49,22,72.75004577636719,92018,2,1.7647061694610588,3,0,0,0,0,0,0
62,36,39.35415267944336,91237,2,1.6689710281339458,3,0,1,0,0,1,0
27,1,62.2431640625,94142,4,1.7441664620859596,2,0,0,0,0,1,0
29,13,140.09902954101562,91926,2,2.919804974708996,1,523,0,0,0,1,0
61,26,27.890316009521484,92732,4,0.4128113803125507,1,0,0,0,0,0,0
43,25,174.60885620117188,94660,1,2.921571475094569,1,0,1,0,0,0,0
28,4,80.02796173095703,91840,4,1.665881520807865,1,98,0,0,0,1,0
33,7,117.02923583984376,91353,1,1.3239831684428112,2,362,0,0,0,1,0
39,12,123.5111083984375,95021,2,1.7270529381464892,3,0,0,0,0,1,0
32,19,62.36227798461914,91693,1,0.5297153867949373,1,0,1,0,0,1,0
51,17,45.8348274230957,91582,2,0.2124419153880694,3,0,0,0,0,1,0
34,9,156.83407592773438,89960,4,2.6392338862543463,1,387,1,0,0,1,0
45,20,46.19090270996094,95065,2,1.313125859215119,1,152,0,0,0,1,0
42,28,44.52089309692383,91605,4,0.0824760057352353,3,0,0,0,0,0,0
36,5,61.86772155761719,93112,1,0.6050220694092451,1,0,1,0,0,0,0
34,11,82.9781723022461,91982,3,0.8665263101974251,1,0,0,0,0,1,0
37,7,69.90633392333984,92243,4,0.7083979229577821,3,0,1,0,0,1,0
27,1,74.75096130371094,94414,3,0.5731587570268217,3,156,0,0,0,1,0
55,23,156.94078063964844,95602,2,8.59838942087547,1,0,1,0,0,0,0
54,23,75.2916259765625,91293,3,0.5151742614544295,3,0,0,0,0,0,0
57,30,19.179134368896484,90227,2,0.4910782900106303,2,0,1,0,0,1,0
32,5,51.33976364135742,93163,2,0.8759839179002078,2,0,1,0,0,0,0
43,18,78.45299530029297,94923,1,2.4551780042058464,1,233,0,0,0,0,0
46,21,135.0875244140625,95334,2,0.388571996309655,1,0,1,0,0,1,0
36,19,134.53668212890625,90243,2,2.6958377707087244,2,0,0,1,0,1,0
33,6,160.3260955810547,90328,4,0.3032419869199181,1,0,0,0,0,1,1
59,37,104.10397338867188,95310,2,0.9243094632945116,1,388,0,0,0,1,0
56,29,143.31402587890625,91351,3,0.3250455264461815,2,0,1,0,0,0,0
49,27,135.69818115234375,94708,1,6.9569342382906,1,0,0,0,0,0,1
35,15,22.19264030456543,92096,1,0.3260379428998788,2,0,0,0,0,1,0
47,23,70.4105224609375,94726,2,1.9741145145153247,1,0,0,0,0,1,0
40,6,104.47925567626952,92484,1,2.070088407698033,1,0,1,0,0,0,0
32,12,59.86220932006836,95571,2,1.0445011407373197,2,0,0,0,0,1,0
40,15,31.117759704589844,94514,2,2.0127031002012714,1,0,0,0,0,1,0
30,10,35.54084014892578,94092,1,0.1834569616753439,2,0,0,0,0,0,0
37,10,41.32638549804688,94600,3,0.6153489503745049,2,148,0,0,0,1,0
56,31,110.54574584960938,94422,1,4.974709059812174,1,0,1,0,0,0,0
51,11,39.3494873046875,94985,1,0.8673192648087705,3,0,0,0,0,1,0
35,7,30.61216735839844,94734,4,0.8322257736059436,2,0,0,0,0,1,0
59,37,34.297325134277344,90332,4,0.1753225172696219,2,0,0,0,0,0,0
60,43,57.98081970214844,95178,2,0.2955184268459518,1,309,0,0,0,1,0
42,17,170.4530029296875,91646,3,3.1750232374879683,3,0,0,0,0,0,1
67,40,90.54500579833984,91583,2,2.207809353739944,3,226,1,0,0,1,0
48,13,64.18909454345703,94385,4,0.6839411324812035,2,0,0,1,0,1,0
32,21,59.6397819519043,94352,3,1.813728271514733,2,84,1,0,0,1,0
59,35,55.40771865844727,91949,1,2.68205259781993,2,0,0,0,0,1,0
58,35,34.587581634521484,94697,4,0.3225321534772833,2,0,0,0,0,1,0
36,15,213.67225646972656,94099,1,3.936063099135783,1,0,0,0,0,0,0
64,40,63.865028381347656,94520,4,1.9778980688428656,3,0,1,0,0,0,0
29,1,53.744590759277344,94234,1,1.03217836310336,1,0,0,0,0,1,0
60,32,63.5584831237793,91875,2,1.778978623065632,1,137,0,1,0,1,0
50,29,30.37522315979004,93935,1,1.8175918226725103,3,0,0,0,0,1,0
61,37,52.52735137939453,94589,3,2.5676588511251857,1,0,0,0,0,0,0
35,4,31.227025985717773,90647,3,0.4220660284213626,1,146,0,0,0,1,0
55,28,47.34248352050781,91708,3,2.0980358552540257,1,91,0,1,0,1,0
33,7,70.10224914550781,92852,3,1.616838608914288,1,0,1,0,0,0,0
59,12,36.21646881103516,94478,3,0.5652914026101752,2,209,0,0,0,0,0
35,4,107.24781799316406,94138,1,0.2678182849341437,3,0,0,0,0,1,0
55,31,82.91806030273438,94911,3,0.8056418622161329,1,0,0,1,1,1,0
32,15,89.46868896484375,92296,3,0.0745621377556809,1,0,0,0,0,1,0
55,35,48.15428924560547,95060,2,1.2237982823564328,1,101,1,0,0,1,0
36,14,66.6500244140625,95923,4,0.6894098948015005,1,0,0,0,0,1,0
39,17,59.18586730957031,92503,2,0.4147489085694313,1,132,0,0,0,1,0
61,35,81.48514556884766,92639,2,1.0773790984480889,1,388,1,0,1,1,0
44,22,91.24586486816406,94488,2,3.352690226104265,3,92,0,0,0,0,0
63,37,96.47132110595705,95689,3,2.1510424399501917,2,0,0,0,0,1,0
41,18,50.08749771118164,96024,4,2.0607334158998274,1,0,0,0,0,1,0
43,19,98.95840454101562,90483,2,4.2872048812352,1,0,0,0,0,0,0
27,5,49.777565002441406,91797,1,1.7705207961624907,1,0,0,0,0,0,0
33,5,81.53773498535156,94470,1,0.2269449814758744,3,192,1,0,0,0,1
46,28,22.906982421875,91895,2,0.6745497986127277,1,104,0,1,0,0,0
59,35,145.0166473388672,92044,4,7.5862180130365635,2,0,0,0,0,0,0
56,28,70.6873779296875,94820,2,1.949042402444896,2,0,0,0,0,1,0
55,27,66.28923034667969,90398,4,0.8706083370234975,2,155,0,0,0,1,0
53,25,50.25531768798828,89958,1,0.1192187111568304,3,0,0,0,0,1,1
60,29,55.20866012573242,92229,2,2.481577688856037,3,0,1,0,0,0,0
44,29,45.62252807617188,94496,4,1.4365759404815868,2,231,0,0,0,1,0
29,4,77.59225463867188,92277,3,1.8653544381711675,2,154,0,0,0,1,0
35,3,147.56568908691406,94630,2,6.658332717216396,1,0,0,0,0,0,0
35,5,56.460594177246094,95189,1,3.5523174661882297,3,0,0,0,0,0,0
55,26,192.5332794189453,92254,2,4.110169121782564,1,0,1,0,0,1,0
38,29,44.67673110961914,94185,3,1.5194846112812448,2,0,0,0,0,0,0
37,7,39.06438446044922,92121,2,2.150139667535408,1,0,0,0,0,0,0
42,21,66.75929260253906,93296,2,8.571406267599867,2,175,1,0,0,0,0
30,7,33.16461563110352,92338,1,2.0193598403442183,2,116,0,0,0,0,0
44,13,32.357513427734375,92202,4,0.8866761423218563,3,113,1,0,0,1,0
45,26,54.69780731201172,90119,3,1.2352604457776,1,0,0,0,0,0,0
63,37,28.31553268432617,90492,3,0.7089553956659156,1,91,1,0,0,1,0
58,37,61.905250549316406,91807,4,1.527592536185194,2,99,0,0,0,0,0
44,25,85.78172302246094,95672,4,4.296031748805308,2,0,0,0,0,0,0
61,32,40.82548904418945,91412,2,0.2091669740616425,3,153,1,0,0,1,0
40,10,93.01851654052734,90068,2,1.817001173760341,1,235,1,0,0,1,0
53,32,28.280988693237305,95593,2,0.6877054064641738,1,0,1,0,0,1,0
32,12,62.67842864990234,92009,2,1.316934772245283,3,177,1,0,0,1,0
51,26,58.84395217895508,94111,2,0.4826256737160141,1,0,0,0,0,0,0
51,34,52.04671478271485,92251,3,2.134278141444788,2,0,0,0,0,1,0
47,22,112.4474639892578,94455,3,2.0129085761042,1,0,0,0,0,1,0
53,25,12.563016891479492,91644,2,0.9886571040021854,3,0,1,0,0,1,0
45,21,156.61279296875,95694,2,3.065596398923618,2,0,0,0,0,1,0
29,5,55.85452651977539,93933,2,1.99787487338218,1,0,0,0,0,1,0
55,27,111.15680694580078,93927,2,1.9511939639031155,1,0,1,0,0,1,0
52,33,29.757518768310547,94419,3,0.4938741501035077,2,165,0,0,0,1,0
55,31,133.54554748535156,91448,2,0.8911993624512394,1,256,0,0,0,1,0
53,26,218.0509796142578,90400,2,6.560023198999128,1,403,0,1,0,1,0
49,27,84.13299560546875,94967,4,2.120242570815478,2,0,1,0,0,1,0
54,26,21.20494079589844,90322,2,1.422138519274011,1,0,0,1,0,1,0
54,21,43.23277282714844,93868,4,1.3538714046801186,3,0,1,0,0,1,0
48,22,51.5091438293457,93660,2,0.2197123931270921,2,0,0,0,0,1,0
33,12,34.45009994506836,94585,1,1.6251042483199092,2,0,1,0,0,1,0
33,5,102.07784271240234,93610,3,1.2154825223050316,3,0,0,0,0,1,0
60,37,93.1213150024414,92736,2,0.7585022716502862,1,0,0,0,0,1,0
37,15,96.93378448486328,91685,2,2.2244664026312635,1,0,1,0,0,1,0
31,4,38.58757019042969,91773,4,1.4805652903564932,3,82,0,0,0,1,0
51,15,87.01216125488281,94141,3,0.8064595215523965,2,0,0,0,0,1,0
36,10,63.68514251708984,91920,3,2.292948087193245,2,0,0,0,0,0,0
45,15,178.54135131835938,92054,4,5.718856104891536,1,0,1,1,1,1,1
29,2,107.30347442626952,90830,2,0.8364691893782119,1,0,1,0,0,1,0
53,26,124.41266632080078,94968,1,2.9779786003612454,1,0,1,0,0,0,0
36,10,80.6774673461914,94323,3,1.369442426202082,2,0,1,0,0,0,0
49,20,34.312774658203125,95215,4,1.617016029641378,2,0,0,0,0,0,0
37,21,31.217042922973636,90202,1,0.1072527233284831,2,0,1,0,0,1,0
43,38,76.01854705810547,92769,4,1.9516088531438545,1,104,1,0,1,1,0
38,20,138.36962890625,91937,1,1.165669826879137,1,0,0,0,0,0,0
64,36,80.1280746459961,92862,1,0.4023969868883789,1,0,1,0,0,1,0
56,33,35.68379592895508,94669,4,4.553609360126994,3,165,1,1,1,1,0
34,12,43.70838165283203,92004,1,0.7405469965481654,2,0,0,0,0,1,0
39,10,22.16929244995117,94432,2,0.2071143271707686,1,0,0,1,0,0,0
59,27,65.71097564697266,90387,3,1.9941680709500689,2,232,1,0,0,0,0
51,29,59.281436920166016,94315,2,0.2237991005577976,2,0,0,0,0,0,0
24,-2,56.223514556884766,94768,2,1.5422910428707242,3,0,0,0,0,0,0
43,11,41.09310531616211,93212,4,7.654541711215647,1,0,0,1,0,1,0
61,36,35.28531646728516,93432,4,2.2245881640359686,2,152,0,0,0,1,0
41,19,34.59049987792969,95592,1,1.2947905273636071,3,0,1,0,0,0,0
43,16,26.856149673461918,95715,4,0.267897697657518,3,103,1,0,0,0,0
42,16,85.81243133544922,91818,1,1.2095014638903454,2,168,0,0,0,1,0
41,17,75.55892944335938,91883,4,1.1768735349021673,1,0,0,0,0,0,0
61,37,133.78488159179688,95595,4,1.8200730292415093,2,0,1,0,0,0,0
60,36,40.96256256103516,92168,3,0.3645636989324648,3,0,0,0,0,0,0
50,30,29.715103149414062,91397,1,3.2279239745138595,3,0,0,1,0,0,0
35,16,88.71057891845703,91367,2,0.1226148978009112,3,0,0,0,0,0,0
60,28,119.95986938476562,91533,1,0.836500964924448,3,230,1,0,0,0,1
52,23,110.486328125,90331,4,3.839526752949265,1,0,0,1,1,1,1
47,17,45.249813079833984,93963,3,2.299629163523613,1,0,0,1,0,0,0
26,2,86.91974639892578,89839,2,0.1991707168664931,1,0,0,0,0,1,0
35,12,65.98260498046875,94499,2,4.265159603599021,1,0,1,0,1,1,0
52,30,86.79532623291016,90903,1,0.4040202654667262,3,0,0,0,0,1,0
29,5,16.4412841796875,91415,4,2.927545209243288,2,0,0,0,0,1,0
34,2,50.58399200439453,94859,4,0.714964938581859,2,0,1,0,0,1,0
60,33,46.66460418701172,90034,1,2.01752634526684,2,96,1,0,0,0,0
39,12,43.526947021484375,94546,1,2.2920479656767347,1,0,1,0,0,0,0
43,10,34.8891487121582,92085,2,0.3096799899253328,1,0,1,0,0,1,0
39,9,14.838191032409668,94068,3,0.381176277789657,2,0,0,0,0,0,0
65,36,74.87904357910156,94020,1,0.9751011323606896,3,0,0,0,0,1,0
45,30,57.07331466674805,91049,4,0.8692447741177864,3,0,0,0,0,0,0
61,33,51.40282440185547,94646,1,1.475016415278127,3,0,0,0,0,1,0
57,35,47.66239929199219,94582,4,0.3800955249383027,1,183,0,0,0,0,0
35,11,25.926307678222656,92178,4,0.7292566786113062,3,0,0,0,0,1,0
60,25,71.32003021240234,91396,4,2.194241451458278,2,0,0,0,0,0,0
42,17,142.50442504882812,94377,1,2.976057515307996,3,0,0,0,0,1,0
56,38,29.726543426513672,93791,1,2.4454594122153708,1,0,1,0,0,1,0
63,39,58.98608016967773,95119,4,4.005816835867007,3,157,0,0,0,1,0
58,21,36.08218383789063,94856,2,0.1468549380357999,3,0,1,0,0,0,0
45,16,35.37815856933594,93598,1,2.39770157529806,2,0,0,0,0,1,0
26,0,61.03695297241211,90951,1,0.610112547800134,2,132,1,0,0,1,0
26,6,51.77585220336914,91948,4,1.7896208068516708,2,0,1,0,0,0,0
49,28,31.083770751953125,92472,4,0.7285518568425403,2,0,1,1,0,1,0
65,38,68.77730560302734,94184,3,0.4979075627977781,2,0,1,0,0,0,0
31,9,69.03913879394531,92648,2,1.7108533410032616,1,0,1,0,0,1,0
33,11,59.29534149169922,94307,3,0.0882197976378017,3,0,0,0,0,0,0
37,19,47.03520965576172,91709,4,1.616728367272867,3,0,0,0,0,1,0
37,5,136.265869140625,94219,2,5.103676755751132,1,0,1,0,0,1,0
56,32,103.8013153076172,95857,4,0.8387720444238316,2,0,0,0,0,1,0
46,19,110.9950942993164,94236,1,1.0210717181174356,1,0,0,0,0,1,0
60,38,125.98245239257812,91451,3,6.621220588993178,2,283,1,0,1,0,1
42,26,99.5390167236328,95491,4,1.2142392750829836,1,225,1,0,0,0,0
64,40,88.38265991210938,90223,1,0.5712718031365316,1,0,0,0,0,0,1
56,34,39.87770462036133,94320,4,0.3805732842297135,2,0,0,0,0,1,0
59,19,63.28691864013672,90367,4,1.4525694086573182,3,0,0,1,0,0,0
44,21,22.111671447753903,92283,3,0.5432612093521781,2,0,0,1,0,1,0
57,37,63.05335998535156,89904,3,1.457913361921655,3,178,0,0,0,0,0
44,26,100.6764144897461,89878,4,2.000287525505176,2,197,0,0,0,0,1
54,37,68.53324127197266,90654,3,2.6142554884342983,2,151,0,0,0,1,0
63,33,87.91229248046875,94761,3,0.7319396699006923,1,0,0,1,0,0,0
39,16,56.3060188293457,92218,2,0.3033975227691684,2,0,0,0,0,0,0
57,29,153.94570922851562,91191,3,1.3392387282531055,1,0,0,0,0,1,0
54,27,69.17045593261719,95703,1,0.2016653665633148,3,0,0,0,0,0,0
62,37,57.61906814575195,91234,3,1.463290661190591,2,0,1,0,0,1,0
60,38,47.51131439208984,91401,4,0.2760626365750654,1,0,0,0,0,0,0
31,10,81.61261749267578,93031,2,2.649933992633065,1,0,1,0,0,1,0
51,12,54.3890380859375,92182,4,0.0955350158565342,1,0,0,0,0,1,0
34,12,137.40032958984375,92009,3,5.282710864822661,3,405,1,0,0,0,1
57,26,17.846200942993164,94233,2,0.0979379768759418,2,0,0,0,0,0,0
62,36,32.765892028808594,91254,4,2.2080037846761216,3,0,0,0,0,0,0
52,23,127.9244155883789,92849,2,7.776180566516808,1,156,0,0,0,0,0
42,22,155.3299102783203,92175,1,4.554266357256409,1,0,1,0,0,0,0
58,27,100.1800765991211,95082,4,0.4886456973780234,1,0,0,0,0,1,0
55,32,82.50733184814453,91560,1,0.3483403829609712,1,0,0,0,0,0,0
27,3,67.756591796875,95425,4,0.6636129654566333,2,0,0,0,0,0,0
37,15,123.90914154052734,94146,2,0.0392020956623518,2,258,1,0,0,1,1
45,13,26.08521842956543,94445,2,2.320833325836689,3,0,1,1,0,1,0
39,11,58.011905670166016,94768,4,1.3644412638546848,2,0,0,0,0,1,0
63,39,55.27288436889648,91798,3,0.2400559674004578,1,0,0,0,0,1,0
46,27,27.231046676635746,92557,2,0.8157777513646894,1,0,0,1,0,1,0
50,23,66.88931274414062,94851,1,0.7180940548120314,1,0,0,0,0,0,0
37,11,106.30706787109376,94721,1,0.6036486764227506,2,0,1,0,0,1,1
30,3,53.11066436767578,94835,1,0.7931983524362548,2,134,0,0,0,1,0
62,35,39.53791046142578,92140,4,0.1806350244573166,1,0,0,0,0,1,0
32,7,44.599098205566406,91558,4,0.211713628947611,2,0,0,0,0,0,0
53,26,75.9896240234375,91767,2,0.75945249564184,2,223,1,0,0,0,0
53,25,116.69380950927734,94665,2,7.253176164002452,1,0,0,0,0,0,0
38,16,154.42453002929688,91869,2,4.816609682689839,2,0,1,0,1,1,1
39,20,23.677778244018555,95945,3,0.1364782336408479,2,0,0,0,0,1,0
57,35,143.47857666015625,92142,4,2.604321929183381,1,0,0,0,0,0,0
32,5,22.992996215820312,94411,4,0.7617064536656549,2,0,0,0,0,1,0
39,26,134.16354370117188,94933,2,6.39164824745162,2,0,0,0,0,0,0
24,8,18.41722869873047,94367,2,0.8755744634518833,1,0,0,1,0,1,0
37,1,65.23844909667969,90208,4,2.2051809392291397,3,179,0,1,0,0,0
61,33,40.25936508178711,92643,2,0.8505060811280432,3,109,1,1,1,1,0
61,37,91.4892349243164,92936,2,0.366385036122935,1,0,0,0,0,1,0
54,25,61.058570861816406,95767,1,0.9585573177285344,1,0,0,0,0,1,0
30,6,99.49325561523438,91508,1,2.178192322377427,3,104,0,0,0,1,0
27,3,34.94739532470703,92982,1,1.1189389442165727,3,111,0,0,0,1,0
42,12,66.43718719482422,94419,2,1.9235305369333344,1,0,1,1,0,1,0
46,18,32.803348541259766,92304,4,0.3693070388065163,1,120,0,0,0,0,0
32,6,31.9020938873291,94701,4,1.7970605814833245,1,0,0,0,0,1,0
27,8,23.61367416381836,92166,4,2.356209522502178,3,101,0,0,0,1,0
46,22,40.7972526550293,93792,1,0.4895098333682266,3,0,0,0,0,1,0
50,24,39.375030517578125,89920,2,0.0103401292686662,3,0,0,0,0,0,0
61,39,138.62948608398438,92090,1,3.8363086817619863,3,0,0,0,0,1,1
55,26,17.3038387298584,92177,2,0.481510281527014,2,82,0,0,0,1,0
33,4,55.26659393310547,91342,4,0.4740145476436888,1,0,0,0,0,0,0
40,6,57.06150817871094,95198,3,0.5937119866234781,1,0,1,1,1,1,0
61,35,164.38424682617188,90352,1,5.212954584189712,2,0,0,0,0,0,1
65,39,37.96158599853516,94668,3,1.7210375187431068,2,0,0,0,0,1,0
36,15,51.12257766723633,92114,3,0.2243263609243575,2,0,0,0,0,0,0
30,6,55.14948654174805,92813,1,2.17120156905208,3,0,1,0,0,0,0
51,15,51.2433967590332,93714,3,0.8037463277124689,2,89,1,0,0,1,0
41,11,64.11537170410156,95415,1,0.1758748114650035,1,0,0,0,0,1,0
27,17,51.41642761230469,95480,3,2.596790172667532,2,218,0,0,0,0,0
38,11,60.150672912597656,95485,1,0.83053988070121,1,0,0,0,0,1,0
41,23,36.84292602539063,94163,4,2.2241221692331257,3,0,1,0,0,0,0
51,32,21.101903915405277,94690,3,0.2737258108987411,2,0,0,1,0,1,0
37,15,66.6243896484375,92833,4,1.7972547501475558,1,0,1,0,0,0,0
32,2,36.32527160644531,94496,4,0.2341869868164559,2,0,0,0,0,0,0
59,37,170.26206970214844,92081,2,0.2459007672856005,1,388,0,0,0,0,0
63,29,91.36166381835938,91640,1,1.555377801022364,1,0,0,0,0,1,0
61,34,55.035457611083984,94988,4,1.6570031970399903,1,0,1,0,0,0,0
32,7,25.693767547607425,92521,2,1.110734166318219,2,0,0,1,0,1,0
48,19,121.84862518310548,95863,2,5.422851425794399,1,0,0,1,0,1,0
58,29,31.414493560791016,91815,3,0.3634592934162971,2,85,0,0,0,1,0
47,26,79.51309967041016,90527,2,1.6858976224271307,3,0,0,0,0,1,0
44,32,62.7877311706543,94281,4,1.2846720007411727,2,0,1,0,0,1,0
51,20,47.05979537963867,91863,2,0.3455273598730027,2,0,0,0,0,1,0
59,38,44.14851760864258,90736,1,0.4233162741002173,1,0,1,0,0,1,0
30,8,72.03763580322266,91327,2,1.678027122324839,3,152,0,0,0,1,1
61,29,25.478504180908203,94520,1,0.6945465035901401,3,0,0,0,0,1,0
62,35,66.31423950195312,92495,2,2.718936604442572,1,0,0,0,0,1,0
31,17,190.8960418701172,95861,1,4.114978743962456,1,0,0,0,0,0,0
34,6,70.62433624267578,94359,1,0.9965405401204412,3,80,0,0,0,0,0
65,35,32.599788665771484,94519,3,1.7358908673512086,2,153,0,0,0,1,0
61,30,29.58255386352539,94753,3,1.9850239976233708,3,136,0,1,0,0,0
56,14,149.6966094970703,94610,2,5.914685532194277,1,93,1,0,0,1,0
63,35,31.1823844909668,93895,2,0.2688579345049029,2,88,0,0,0,1,0
46,23,65.30497741699219,91601,1,0.0714368947677643,3,0,1,0,0,0,0
54,31,33.74512481689453,94007,4,1.0175936349009782,3,0,0,0,0,1,0
55,35,119.9280014038086,89912,2,2.354011400227878,1,0,0,0,0,1,0
25,0,144.34552001953125,89993,4,4.669054455875839,3,0,0,0,0,0,1
61,36,64.02276611328125,90181,1,0.3832190287511197,3,160,0,0,0,0,0
58,32,47.12705993652344,96097,2,2.1941052786572195,2,114,0,0,0,1,0
38,12,210.22853088378903,94618,1,6.14360483231823,1,0,0,0,0,0,0
62,32,78.1075439453125,92130,3,1.2004900995554335,3,233,0,0,0,1,0
34,6,111.94670867919922,91903,2,0.7702845546159839,1,0,0,0,0,1,0
62,37,17.21949005126953,91926,3,0.3351964118987845,2,207,1,0,0,1,0
44,16,63.58341979980469,90943,4,0.896884559419897,3,0,0,0,0,0,0
43,13,96.503173828125,94695,3,0.9170350568362332,1,0,0,0,0,1,0
38,18,98.34070587158205,95204,2,1.0783768808448713,2,0,0,1,0,1,0
57,32,45.955352783203125,94694,3,1.6655633662033136,3,0,0,0,0,1,0
38,15,44.075313568115234,91747,4,1.6871073642685006,1,0,0,0,0,1,0
57,29,31.589704513549805,95581,4,0.2623949475315542,3,0,0,1,0,1,0
66,37,24.395164489746094,91762,3,0.562348871272238,2,0,0,0,0,1,0
35,11,116.89962768554688,93845,2,6.306534932634747,1,401,0,0,0,0,0
25,1,34.005699157714844,94751,3,0.8766003319088144,1,169,1,1,0,1,0
42,12,52.43014526367188,91546,3,2.1290249539482864,1,0,1,1,1,1,0
34,6,48.85055541992188,93748,4,0.6785225656493515,2,0,1,0,0,1,0
59,35,64.55317687988281,94112,3,1.8172089805657792,2,0,0,1,0,0,0
55,20,152.7310333251953,95364,2,6.75497844218275,1,0,0,0,0,1,0
41,11,113.08907318115234,94450,2,1.9228787248006889,3,0,0,0,0,1,0
41,12,68.64635467529297,92033,2,0.3590540056939063,1,0,0,0,0,1,0
29,7,84.46519470214844,94371,3,1.283062769231821,1,138,0,0,0,0,0
37,27,75.50696563720703,92986,2,0.9887837349068632,3,0,1,0,0,0,0
46,16,41.7744369506836,93094,1,2.789903030003296,1,0,0,1,0,1,0
28,0,73.30233001708984,90116,3,0.6870315862504712,3,157,0,0,0,1,1
49,21,148.96432495117188,93599,1,0.3421735985353368,1,0,0,0,0,1,0
31,8,67.20982360839844,90135,1,4.90047355332382,1,0,0,1,0,1,0
34,12,100.57587432861328,93050,2,1.737242310978413,2,0,0,0,0,1,0
46,17,45.89542388916016,89778,4,2.310806744265137,2,0,0,0,0,1,0
56,24,72.00680541992188,91584,4,0.5239038132257177,3,0,0,0,0,1,0
36,11,53.41938781738281,93109,1,1.2057829225512466,1,0,0,0,0,1,0
61,34,44.62338638305664,95652,4,0.7848655346580671,1,160,0,0,0,1,0
55,35,49.43221282958984,92343,4,0.5769357082256171,2,0,0,0,0,1,0
45,34,26.102155685424805,94586,1,1.1052725493377509,1,0,1,0,0,0,0
56,30,41.14655303955078,91968,3,1.2581049563271636,2,176,0,0,0,1,0
55,26,110.9822998046875,95412,2,3.0262764741568358,1,259,0,0,0,0,0
33,7,111.05489349365234,94268,2,2.204511830223297,1,0,0,0,0,0,1
53,18,131.40377807617188,94792,1,2.388040981358635,1,0,0,0,0,1,0
41,17,97.71565246582033,91834,1,1.976338386534501,1,0,1,0,0,1,0
29,4,55.42965316772461,90575,1,0.474483038869175,3,117,0,1,0,0,0
64,37,20.861793518066406,94460,3,0.2199398922795962,2,107,0,0,0,0,0
50,31,53.67000961303711,95906,1,3.846062091035178,1,0,1,0,0,1,0
58,26,155.6954345703125,94727,1,0.5015104283158138,3,0,0,0,0,1,1
39,22,83.74417877197266,90441,1,3.299334796385295,1,188,0,0,0,0,0
31,1,39.40978240966797,92446,4,1.0864134620865604,3,0,1,0,0,0,0
55,25,31.35458755493164,95500,1,1.3720852171965197,2,0,0,0,0,1,0
62,37,38.23435974121094,94334,2,0.930695217877521,3,115,0,0,0,0,0
30,9,122.1887664794922,95944,2,7.9231061266447265,1,0,0,0,0,1,0
52,15,105.201171875,90387,2,3.468147882677516,1,0,0,1,0,1,0
45,18,150.93763732910156,90060,1,5.359635287513521,1,0,0,0,0,0,0
42,14,180.87744140625,93907,3,0.9640072321946632,2,0,0,0,0,1,1
63,31,33.22325134277344,93349,2,0.7132936634978748,3,108,0,0,0,1,0
42,20,39.91893005371094,93091,1,0.8122802758059456,2,0,0,0,0,1,0
54,22,26.09766960144043,92102,1,3.022430355342077,2,155,0,0,0,1,0
50,18,106.80968475341795,92158,2,2.1625351134387905,2,0,0,0,0,1,0
34,6,50.0654182434082,94656,4,2.392300932501931,3,0,0,0,0,1,0
54,24,91.13522338867188,93959,2,4.418489914148332,1,0,0,0,0,0,0
56,33,37.05487823486328,90378,3,1.743297036828602,3,0,1,0,0,0,0
50,21,133.98153686523438,91384,1,4.169473114989585,1,0,1,0,0,0,0
52,31,71.93128204345703,93816,1,2.994641580694167,1,259,1,0,0,0,0
41,18,100.58890533447266,93089,4,5.334638601598423,1,0,0,0,0,0,0
60,33,91.5145034790039,92049,4,0.5466468641405284,2,0,0,0,0,1,0
62,33,41.070194244384766,92582,2,0.9187392413394616,2,0,1,0,0,0,0
46,18,78.42623901367188,95096,2,2.3812943423062936,1,0,0,0,0,0,0
36,10,96.60345458984376,93078,1,1.4095208906994297,3,0,0,0,0,1,0
53,24,91.06942749023438,95391,1,3.0163401867970165,2,0,1,0,0,1,0
53,18,35.93867492675781,90026,3,1.5767304966810185,1,0,1,0,0,1,0
36,11,39.29149627685547,90404,2,1.6663288662019564,2,0,0,0,0,1,0
54,26,50.13870620727539,91655,2,2.067803539281701,1,391,1,1,1,1,0
52,29,39.13636016845703,94097,1,0.3345421621604485,1,0,0,0,0,1,0
54,31,46.8848876953125,94807,3,0.0255376170961304,1,0,0,0,0,1,0
44,9,39.67817306518555,91515,4,0.4315197658509896,1,187,0,0,0,0,0
59,22,186.94302368164065,93923,2,8.254255991106874,3,426,0,0,0,0,1
31,5,88.39570617675781,95113,4,1.9347274679747948,2,0,0,0,0,0,0
56,22,161.0093994140625,94319,1,1.9539961023554824,1,0,0,0,0,0,0
64,37,131.3394317626953,95253,3,3.1098048889483665,2,0,0,0,0,0,1
44,26,60.07040023803711,94466,1,1.9868390321208325,1,0,1,0,0,0,0
27,2,98.82364654541016,95026,2,0.3677468725033659,3,117,0,0,0,1,1
27,0,30.41289520263672,90450,3,1.2581165915058248,3,0,1,0,0,0,0
52,28,30.054420471191406,90482,4,0.3793204140365468,2,0,0,0,0,0,0
62,29,67.1927261352539,92873,2,2.729783157833616,1,0,0,0,0,0,0
60,39,106.5564956665039,91158,2,0.1946673563919921,1,0,0,0,0,0,0
63,32,33.472129821777344,90215,4,1.1503304649374348,1,159,1,0,0,1,0
63,36,35.1099853515625,93800,4,0.9380539854447448,2,0,0,0,0,1,0
35,13,102.17117309570312,94472,2,1.5499131402170352,1,0,1,0,0,1,0
39,7,83.5450210571289,92722,4,1.9968046980867769,1,168,0,1,0,0,0
57,34,42.55489349365234,91451,2,2.1266378848884813,3,150,1,0,0,1,0
42,20,61.52473449707031,92259,2,1.890665108149457,2,0,1,0,0,1,0
41,11,46.891075134277344,90215,3,0.7133581717679216,1,215,0,0,0,1,0
39,16,81.05994415283203,94663,1,1.3371402529434755,1,0,0,0,0,0,0
28,8,50.580753326416016,90127,1,0.1463271045743034,2,147,1,0,0,1,0
57,35,171.90475463867188,91706,2,0.8525135889739646,2,0,0,1,0,1,1
45,12,144.790283203125,94209,1,7.417686168747178,2,0,1,0,1,1,1
28,4,95.88452911376952,94055,4,2.4357975121294664,3,0,0,0,0,0,0
40,19,74.67870330810547,94889,4,0.369294105095788,1,0,1,0,0,1,0
42,19,73.08522033691406,92269,2,0.838767772261577,3,99,1,0,0,1,0
42,22,30.48317146301269,94396,3,1.1543811289197825,2,105,0,0,0,0,0
38,16,68.78211975097656,94613,4,1.9917105084915891,2,0,0,0,0,1,0
42,30,23.00061798095703,96153,2,0.3932742923640243,2,0,1,0,0,1,0
32,9,111.31774139404295,93387,4,0.1198683663670099,3,0,0,1,0,0,0
40,20,67.25830841064453,90981,4,0.1272054839620218,3,280,1,1,0,0,0
47,28,32.909149169921875,96055,1,0.9204178199621308,1,135,0,0,0,0,0
52,16,17.59433364868164,96004,2,0.2496818490478137,1,0,1,0,0,0,0
38,8,167.78358459472656,95476,3,6.01488744044442,1,0,0,0,0,1,0
25,4,58.39326858520508,91204,2,0.1781442413641825,1,0,1,0,0,0,0
56,34,63.14724349975586,91924,4,3.6818207368430538,2,0,0,0,0,1,0
59,33,50.81721496582031,90294,3,0.6880658060899341,2,0,0,1,0,1,0
51,32,135.97628784179688,90004,2,2.110572202581646,3,0,0,0,1,1,1
42,16,31.943330764770508,92680,2,0.0927760847321865,2,0,0,0,0,0,0
36,16,23.00876808166504,94508,3,0.0287933694309735,2,0,0,0,0,1,0
44,24,19.546554565429688,95421,1,0.367225597071428,3,0,0,0,0,0,0
57,35,24.37244033813477,92718,4,0.0876316068595729,3,0,0,0,0,1,0
63,38,85.35334014892578,92085,4,1.3985268253854612,1,243,0,0,0,0,0
55,34,102.23956298828124,91330,1,5.515477993495961,1,0,0,0,0,1,0
43,21,39.40926361083984,94506,1,1.0655287027403668,2,0,0,0,0,0,0
54,31,54.724586486816406,94211,1,1.248064881783991,2,0,0,0,0,1,0
43,18,24.031063079833984,93233,3,0.6179371978104141,1,0,0,0,0,1,0
54,39,151.04232788085938,90338,3,5.850937429199036,1,259,0,1,1,1,1
29,6,52.95183181762695,94200,4,1.5218812398372372,1,171,0,0,0,1,0
38,3,64.59811401367188,92181,4,2.2622999724308936,2,0,0,0,0,0,0
61,33,164.80828857421875,92292,3,6.231278778171503,3,0,0,0,1,0,1
57,26,50.562950134277344,95207,1,3.327959892518864,2,146,1,0,0,1,0
60,35,90.90428161621094,92615,4,2.016904951130255,3,0,0,0,0,0,0
57,39,53.604522705078125,92017,4,0.8958657670187007,2,0,1,0,0,1,0
49,20,55.77457427978516,94489,4,1.8704842060793732,2,0,0,0,0,0,0
28,5,34.1771125793457,93523,3,2.6620897638746275,2,0,0,0,0,0,0
32,7,38.23845672607422,95224,3,0.1651000498740162,2,0,0,0,0,0,0
53,31,57.82887268066406,94729,1,1.5255975958486443,3,0,0,0,0,0,0
58,32,57.40372085571289,94395,2,0.1922065909332971,1,0,0,0,0,0,0
65,39,134.96194458007812,92977,4,2.2201633770491176,2,0,0,0,0,0,0
33,13,115.05809783935548,91940,2,1.8967907691942605,1,0,0,0,0,1,0
36,15,17.78435707092285,92079,1,0.6145705843840188,3,0,0,0,0,0,0
40,7,42.73797607421875,90138,4,1.2873780515905575,1,0,0,0,0,1,0
44,17,86.19202423095703,91994,4,3.895963374970937,1,0,0,0,0,0,0
43,5,66.01802062988281,93500,2,2.1619033704381634,3,0,1,0,0,0,0
32,6,88.81968688964844,94294,2,2.244416728454618,1,0,1,0,0,0,0
56,31,19.136943817138672,93064,3,2.357896448284474,2,76,1,0,0,1,0
63,38,89.61050415039062,93090,1,0.3703653377000322,3,0,1,0,0,0,0
50,24,29.036869049072266,90380,1,0.3702224728116091,3,220,0,0,0,1,0
40,17,189.39295959472656,94402,2,7.206860052321731,1,0,0,0,0,1,0
61,36,55.82603454589844,95643,4,1.7273351833503954,2,0,0,0,0,1,0
64,38,27.844528198242188,95198,3,2.457906840174937,1,0,0,0,0,1,0
51,20,86.03025817871094,91329,4,4.241730083151778,1,0,0,0,0,1,0
32,10,91.20040130615234,95612,3,1.5311608709057754,1,275,0,0,0,1,0
62,36,43.2258415222168,89920,1,0.3266911164570981,1,0,1,0,0,0,0
31,6,41.818603515625,94316,2,0.1651767831590059,1,103,1,0,0,0,0
35,6,129.3140411376953,91456,2,5.874961799058281,1,460,0,0,0,0,0
56,35,67.54877471923828,95783,4,2.596368359310523,2,0,1,0,0,1,1
62,36,182.4362945556641,90781,2,0.4981753023322511,1,0,1,0,0,1,0
53,9,95.71601104736328,90396,1,0.8614716842301342,3,0,0,0,0,0,0
53,30,26.028114318847656,95545,1,0.281323361545615,1,165,1,0,1,0,0
39,13,28.515520095825195,93612,3,0.7529200272942782,1,0,1,0,0,0,0
58,32,33.610382080078125,93691,4,0.1917317882907638,1,0,0,0,0,1,0
42,16,141.99874877929688,93733,1,0.470639927137239,1,0,0,0,0,1,0
43,17,71.87081909179688,94406,1,1.7313720372413028,3,0,0,0,0,1,0
32,7,58.6298713684082,91914,1,1.1344484176896923,2,240,1,0,0,0,0
58,30,42.977195739746094,91814,3,2.3818973573212143,2,126,0,0,0,0,0
65,39,38.36981964111328,91805,1,0.1310779340034656,1,0,0,0,0,0,0
55,20,60.137969970703125,94333,4,1.5965365213697542,1,0,0,0,0,1,0
53,26,31.776657104492188,92460,1,1.9156272493095217,2,0,1,0,0,1,0
26,8,125.63455200195312,94048,3,4.103009791817769,1,0,1,0,0,1,0
56,35,45.61060333251953,92410,4,2.337901934144216,2,0,1,0,0,1,0
43,19,54.16252899169922,91171,2,0.4871975646225365,3,0,1,0,0,1,0
36,26,120.83917999267578,94309,1,3.424546082094999,1,0,0,0,0,1,0
43,15,68.05747985839844,95959,1,1.9423407963411552,3,0,0,0,0,1,0
58,37,125.97917175292967,92929,1,4.077158660270021,1,0,1,0,0,0,0
46,20,29.584156036376957,92835,2,0.2120107851846822,1,0,0,0,0,1,0
33,7,22.894996643066406,93445,3,2.1487546037049383,2,0,1,0,0,1,0
52,23,59.66172790527344,94998,1,2.185847653326133,2,0,0,0,0,0,0
42,13,82.57730102539062,94681,1,0.6784680221901896,3,162,0,0,0,1,0
32,14,53.84814834594727,95362,1,6.974601480104585,1,0,0,0,0,1,0
50,24,67.68045043945312,94374,2,1.8476505606531823,3,223,1,1,1,1,0
32,6,106.8723373413086,94807,3,1.3798531627232444,1,0,0,0,0,1,0
55,19,20.17404556274414,91919,3,0.3145697498921748,1,0,1,0,1,1,0
28,4,156.27154541015625,91748,2,0.9237780469795658,1,307,0,0,0,0,0
32,8,109.18478393554688,91741,4,3.1021543987497804,3,0,0,0,0,0,0
29,14,24.393199920654297,91557,4,0.5424977744102459,1,0,0,0,0,1,0
46,17,66.64323425292969,92173,4,1.62148063502639,2,0,1,0,0,1,0
47,30,95.88673400878906,91287,2,2.28105556559232,1,127,1,0,0,0,0
47,23,129.88650512695312,94465,4,3.939235294244984,2,0,0,1,1,0,1
36,21,54.54379653930664,95216,4,1.0199060847919437,1,0,0,0,0,0,0
30,-1,44.75912857055664,91982,4,0.7597266863967591,3,181,1,0,0,1,0
55,26,22.550535202026367,91142,3,1.8179463518981835,3,0,0,0,0,1,0
38,17,38.81230926513672,91184,3,1.467278768405768,2,0,1,0,0,0,0
57,23,106.4419174194336,95250,2,2.080219472160225,1,244,0,0,0,0,0
59,31,12.049358367919922,92023,4,0.4584465913451672,2,0,0,0,0,1,0
60,38,57.65892791748047,94312,1,1.795848447971587,1,0,0,0,0,0,0
53,16,54.64291000366211,94560,3,2.48601259725812,2,295,0,0,0,0,0
45,20,68.14659118652344,90409,4,2.5410019263950065,3,0,0,0,0,1,0
60,34,50.97440719604492,92213,2,1.3529726057297151,2,0,1,0,0,1,0
47,20,52.61285018920898,95079,4,1.2720839464508198,2,0,1,0,0,0,0
37,9,34.36228942871094,94347,4,1.11994365024035,2,0,0,0,0,0,0
41,18,10.534082412719728,94532,2,0.5440835280998271,3,0,0,0,0,1,0
30,8,79.92972564697266,95250,2,3.408018326830534,1,372,0,0,0,0,0
37,9,116.84992980957033,91776,2,2.2198284888129183,1,324,0,0,0,1,1
65,39,80.8358154296875,94385,1,2.0523902387210584,2,0,0,0,0,1,0
42,20,108.56462860107422,93139,3,0.7026931444053417,2,0,0,0,0,0,0
36,16,144.68836975097656,90273,1,1.4690193798892652,1,148,0,0,0,0,0
45,19,40.02357864379883,95799,3,1.1669323688415798,2,0,1,0,0,1,0
58,35,33.10801315307617,90463,4,0.5307993804715808,3,0,0,1,0,1,0
46,26,35.0190544128418,92365,2,0.5076622253001752,2,0,0,1,0,1,0
46,19,62.7611198425293,91698,1,1.6348205605410344,3,0,1,0,0,1,0
58,31,12.397333145141602,93288,3,0.2385068201499521,3,0,0,0,0,1,0
61,33,42.68839263916016,94171,3,0.8646988214354805,2,0,0,0,0,1,0
47,21,98.33426666259766,92914,2,0.2861350356992342,3,0,0,0,0,0,0
63,36,108.81559753417967,94827,2,5.4915878208016045,2,0,0,0,0,0,1
26,-2,129.1363525390625,95305,2,1.6838127025181528,1,0,0,0,0,1,0
43,23,146.24862670898438,94655,1,4.580494033607697,1,0,1,0,0,1,0
37,22,85.42557525634766,90454,2,1.7474541675291422,2,0,0,0,0,1,0
37,19,107.19539642333984,92465,1,3.2629173244565566,3,0,0,0,0,0,0
45,26,86.02913665771484,92948,4,1.8712824823165344,1,0,0,0,0,0,0
31,8,59.26917266845703,91623,4,2.4342520641731724,3,0,1,0,0,0,0
62,25,62.10647201538086,95446,1,0.4988333846429757,3,0,0,0,0,1,0
40,16,166.6814727783203,89936,1,5.7397129725335,1,0,1,0,0,1,0
59,35,38.54119110107422,94219,3,1.5404288246281337,1,0,1,0,0,0,0
47,23,88.2037582397461,95642,2,1.1292172955424091,3,403,0,0,0,0,0
42,23,156.13726806640625,94879,2,1.842472825357087,1,265,0,0,0,1,0
31,7,112.09354400634766,90086,2,2.292417881801765,1,213,1,0,0,0,0
49,30,95.97509765625,95048,2,0.3971356106735832,1,102,0,0,0,0,0
60,38,87.347900390625,94545,4,3.403757796075285,1,0,1,0,0,0,0
59,27,64.17723846435547,94061,3,2.2095368009263794,2,0,0,0,0,1,0
32,5,18.29560089111328,95309,3,0.2549661458038523,2,0,0,0,0,1,0
29,2,131.2484588623047,91424,1,1.6029902504980638,1,0,0,0,0,1,0
35,11,19.28693962097168,95697,4,0.6243844526057326,3,0,0,0,0,1,0
60,30,20.404930114746094,92914,4,1.0724964774159154,3,0,0,0,0,1,0
43,17,148.9853057861328,90274,1,1.8730346309425112,1,293,0,0,0,1,0
50,9,76.21395111083984,92257,2,0.7288569900935257,1,0,0,0,0,0,0
48,17,11.770353317260742,95359,2,0.3700082074365655,1,0,0,1,0,0,0
63,39,63.39413833618164,95243,1,1.880532818494413,2,0,0,0,0,0,0
57,26,174.22357177734375,90554,1,3.4996615046837043,2,0,1,0,0,0,1
33,9,62.34101104736328,92640,2,1.6997867290052948,2,0,0,0,0,1,0
30,3,190.31629943847656,91213,3,6.848750613695382,1,0,1,0,0,1,0
23,2,79.9167709350586,92212,2,1.5175372295909544,2,297,1,0,0,0,0
29,4,67.66615295410156,92928,4,0.006720643997469,1,0,1,0,0,1,0
35,12,130.03131103515625,93004,2,1.782952742443674,1,0,1,0,0,1,0
44,20,52.71979141235352,89945,3,0.1366078833453694,1,0,0,0,0,0,0
57,35,28.924699783325195,91752,4,0.8136984502715647,1,0,0,0,0,1,0
51,22,86.42864227294922,94487,2,0.7967947816532555,2,0,0,0,0,1,0
55,35,139.73907470703125,92250,4,4.002580698550953,1,0,0,0,0,0,1
38,18,55.61018753051758,94295,4,1.619316035963446,3,0,0,0,0,0,0
44,16,20.039512634277344,91482,1,0.0890304143758572,3,0,1,1,0,1,0
27,10,69.6675796508789,94043,3,0.7794611249236397,1,0,1,0,0,0,0
36,7,74.79212951660156,91926,2,3.068541830010584,1,0,0,0,0,0,0
47,26,157.3768310546875,92927,2,5.920005179337888,1,0,1,0,1,1,0
63,38,78.03021240234375,92539,4,1.8329984761021445,2,108,0,0,0,1,0
29,1,42.56877136230469,90301,1,1.3427594169034456,2,0,0,0,0,1,0
58,29,33.35752868652344,93819,2,1.3919136507490797,3,0,1,1,0,1,0
39,13,50.4800033569336,94492,4,3.007946179527207,3,0,0,0,0,0,0
34,0,128.5602569580078,94865,4,5.360542022866236,3,0,0,0,0,0,1
35,24,125.84970092773438,96391,1,0.5758384840890848,2,0,0,0,0,1,1
59,31,177.17054748535156,92418,3,5.694189277021648,3,0,0,0,0,1,1
66,40,41.63572692871094,95219,1,0.5867800907680236,2,0,0,0,0,0,0
63,38,69.32078552246094,94031,3,0.352276312732437,3,0,0,0,0,0,0
40,11,21.522239685058597,95032,4,2.0957580336769897,1,83,0,0,0,1,0
60,9,38.23131561279297,92246,4,1.9773623596588723,2,0,1,0,0,1,0
35,9,80.47773742675781,92365,2,2.413126142176363,1,0,1,0,0,1,0
30,10,108.91478729248048,96281,1,1.1382685531496055,3,352,0,0,0,1,0
58,34,33.37053298950195,94804,4,1.6433132009227598,1,201,0,0,0,1,0
49,15,49.83097839355469,91395,1,0.9438525040271534,2,117,1,0,0,1,0
26,2,68.41276550292969,94482,4,1.709451165317305,3,0,0,0,0,0,0
58,38,27.405033111572266,92712,4,0.6509980615407123,2,0,0,0,0,1,0
44,22,87.93726348876953,95201,1,0.3793304551908356,1,0,0,0,0,0,0
38,16,38.9924201965332,92624,2,0.932620184999827,3,0,0,0,0,0,0
64,38,149.305419921875,91503,3,1.463117836467131,1,0,0,0,0,1,1
39,6,161.6942901611328,90211,2,1.524716438492578,1,231,0,0,0,0,0
30,1,147.23162841796875,95156,3,0.9017463345510772,1,221,0,0,0,1,0
47,21,48.14780807495117,94760,1,0.2321517573730737,1,0,0,0,0,1,0
60,40,159.2014923095703,91984,2,0.4361863642436516,1,0,1,0,0,0,0
60,33,60.75984573364258,96228,3,1.9135192607440197,1,0,0,0,0,0,0
47,21,45.993263244628906,89808,2,1.5419710086505576,3,0,0,0,0,0,0
41,13,58.45895767211914,91218,3,2.3851324918654138,1,0,1,0,0,0,0
50,23,73.5757064819336,94544,2,1.0523110181242,3,0,1,0,0,0,1
25,6,198.9352569580078,94978,1,2.228404453568655,1,0,1,0,0,0,0
46,19,49.3330307006836,89882,4,0.4920267621307087,1,0,1,0,0,1,0
43,11,59.84092712402344,94495,2,1.004866757916294,1,0,1,0,0,1,0
30,13,87.23703002929688,94180,1,0.3060474154588434,1,108,1,0,0,1,0
34,7,31.50350952148437,91675,1,0.2726032694704455,3,0,0,0,0,1,0
60,38,42.81248474121094,89946,3,0.5082958984149661,2,103,0,0,0,1,0
57,35,34.53047180175781,90951,2,1.632505173842688,3,115,0,0,0,1,0
44,20,63.67390441894531,93657,3,3.433567433780259,2,0,0,1,0,0,0
63,36,69.80654907226562,94235,2,1.9738251290766664,1,74,0,0,0,0,0
37,8,26.343149185180664,94358,4,0.7434156252330872,2,0,0,0,0,0,0
37,5,43.12852096557617,89671,4,1.851392491546565,3,0,1,0,0,1,0
52,20,21.493497848510746,91854,1,0.2574803751589342,3,0,0,0,0,0,0
63,37,9.68583869934082,94001,2,0.93843218555785,3,87,0,0,0,0,0
62,38,50.33842086791992,89993,1,2.002238354198189,3,0,0,1,0,1,1
41,10,17.29935073852539,95886,3,0.2681047477406933,3,0,0,0,0,0,0
30,0,84.22078704833984,96153,4,1.218965173510001,1,156,1,1,0,1,0
33,6,113.95802307128906,91878,2,1.7134395679787071,2,0,0,0,0,1,0
40,18,134.54769897460938,93174,1,1.851277396235138,2,0,0,0,0,1,1
36,21,40.290565490722656,93145,2,0.5022435079139238,3,0,1,0,0,0,0
26,3,10.685513496398926,93270,2,0.1398328578771399,3,0,0,0,0,1,0
26,0,67.64128112792969,95835,4,0.5750792895967045,3,0,0,0,0,1,0
31,9,96.2830047607422,91526,1,3.5002470902053866,1,0,0,0,0,1,0
44,34,115.24888610839844,95165,2,7.06443760344261,1,0,0,0,0,0,0
51,18,171.32113647460938,92636,1,2.6272108786898847,1,0,0,0,0,0,0
60,39,94.5548858642578,95409,2,2.056992301070527,1,0,0,0,0,0,0
56,40,53.22101593017578,95164,2,0.1981946645525907,3,0,1,0,0,0,0
30,4,25.23517417907715,92519,2,1.1161292960163514,2,0,0,0,0,1,0
32,5,100.28572082519533,94936,4,1.838331176651072,3,0,0,0,0,1,0
63,36,69.66697692871094,93008,4,2.6663400031232007,3,0,0,0,0,1,0
52,32,40.21864318847656,94321,3,0.1782304270277167,2,0,0,1,0,0,0
36,18,55.71250915527344,94938,4,2.227205638059872,1,0,1,0,0,1,0
64,38,46.5363655090332,92292,3,0.5952605503616364,2,147,0,0,0,1,0
55,32,68.12275695800781,95094,1,1.007713125205846,3,0,0,0,0,1,0
45,17,107.91588592529295,94818,3,0.4180522041969035,2,211,1,0,0,1,0
60,31,149.6699981689453,89953,2,7.497218885774675,1,0,0,0,0,0,0
41,8,28.57411193847656,92406,3,0.7977186075639201,2,0,0,1,0,0,0
66,43,61.13368225097656,91630,4,1.0637266696648782,3,0,0,0,0,0,0
41,3,129.57632446289062,91768,1,1.0166313608805826,1,0,0,0,0,0,0
44,21,78.92736053466797,94686,4,5.880612551819134,2,0,1,0,0,0,0
42,12,26.48492431640625,94558,2,2.820077329991283,2,0,1,0,0,1,0
33,11,26.608346939086918,95319,3,0.0768656928533577,1,0,0,0,0,0,0
33,7,42.78863143920898,92549,1,2.3921192404888583,3,0,1,0,0,1,0
39,19,53.072059631347656,93791,2,3.7607705918815473,3,223,0,0,0,0,0
35,10,76.60616302490234,92237,1,2.5365605715362305,3,368,0,1,0,0,0
31,15,14.827910423278809,89883,4,0.2955394348768651,2,0,0,0,0,1,0
31,10,78.4173355102539,91683,4,1.4353598728906551,3,0,0,1,0,0,0
28,4,61.47845458984375,89944,2,2.5465375649832445,2,0,0,1,0,1,0
30,3,50.02295684814453,94362,2,1.3113575606068757,1,303,0,0,0,1,0
59,37,52.96811294555664,90761,3,2.539347034743267,3,0,1,0,0,1,0
62,27,38.47100830078125,95005,1,1.5885134884985457,2,0,0,0,0,0,0
49,26,18.218263626098636,92277,1,0.4129440893403335,3,0,0,0,0,1,0
40,17,43.58495330810547,94330,3,3.345802162915902,1,0,1,0,0,0,0
59,36,43.07166290283203,94147,2,0.4124303878789782,3,0,0,0,0,0,0
45,16,67.0765380859375,91686,3,2.121946963792108,2,0,0,0,0,1,0
59,24,60.66187286376953,93815,3,1.982141897749805,2,0,0,0,0,1,0
53,19,132.73147583007812,92024,1,7.627956866104063,2,0,0,0,0,1,1
61,40,32.97872543334961,92791,2,1.6023945185057926,3,0,0,0,0,1,0
31,8,76.94033813476562,95546,2,2.774511584433826,1,199,0,1,0,1,0
46,16,34.88754653930664,92158,2,0.6671351884336457,2,0,0,0,0,1,0
42,18,47.957740783691406,95106,4,1.384009223897165,1,0,0,0,0,1,0
43,20,36.185546875,93970,1,0.204178311524794,2,103,0,0,0,1,0
41,18,43.0677604675293,93931,4,1.0251873709965584,2,115,0,0,0,0,0
47,21,29.721797943115234,94761,2,0.8523411945542991,1,0,1,0,0,1,0
52,24,77.50190734863281,94819,2,0.7782365634986366,2,0,0,0,0,0,0
26,0,33.743743896484375,91091,2,1.583823141902626,1,0,0,0,0,1,0
45,17,32.201324462890625,91351,2,1.750760284799448,2,85,1,0,1,1,0
42,27,206.94290161132807,89967,2,5.088277035674507,1,0,1,0,0,1,0
52,24,119.19287872314452,94253,2,1.2714492982973764,1,0,0,0,0,0,0
55,16,34.97031021118164,95475,3,0.5420137713149813,3,0,0,0,0,1,0
29,5,50.64889526367188,94390,3,2.6392783724452675,1,0,0,0,0,0,0
48,18,36.1475715637207,93763,4,0.0275579157713644,3,0,0,0,0,0,0
42,20,119.2367935180664,94822,1,3.3712378596815133,3,0,0,0,0,1,1
47,16,29.29920196533203,94602,3,0.3627215423174994,1,93,0,0,0,1,0
59,38,50.68342971801758,95498,4,1.109813795457558,2,0,0,0,0,1,0
45,22,135.77947998046875,94142,1,0.1472992038356317,1,0,0,0,0,1,0
33,9,49.1630859375,92129,4,1.7010749381637364,3,0,1,0,0,1,0
39,16,65.77349853515625,92279,1,0.5349077571694121,2,0,0,0,0,1,0
31,7,65.93912506103516,91077,2,1.7693818802357573,1,0,0,0,0,1,0
38,20,172.81333923339844,94647,3,8.96646974628014,1,0,1,0,1,1,1
62,36,115.90354919433594,90520,3,4.650877707599872,2,0,0,0,0,1,0
66,39,27.881851196289062,95864,4,0.1213432460074024,1,0,0,0,0,1,0
25,4,52.42707443237305,92215,2,2.605415907287436,2,91,1,0,0,1,0
37,18,83.84648895263672,95633,4,4.016679050563056,1,0,0,0,0,1,0
27,1,74.85568237304688,91477,3,0.9735464704067786,1,105,0,0,0,1,0
33,7,18.85109519958496,94834,4,0.3423432411490138,1,122,0,0,0,1,0
45,26,21.576976776123047,92497,3,0.2400191134885687,2,0,1,0,0,0,0
51,24,18.82769012451172,94647,2,1.1398774042029467,3,99,0,1,0,1,0
42,17,118.4080047607422,94296,3,3.0514272189699443,2,0,0,0,0,0,0
38,12,47.87666320800781,94543,1,1.1934046106112173,2,0,1,0,1,1,0
47,26,40.13778305053711,90641,2,2.311586990477748,2,0,0,1,0,0,0
61,36,25.44482421875,94145,4,0.4985855483101105,3,0,0,0,0,1,0
42,8,79.9136962890625,91434,1,0.9839442180562048,1,0,1,0,0,0,0
27,-3,107.79029083251952,93156,3,0.0551669221554663,3,156,0,0,0,1,0
40,20,73.94082641601562,93116,1,0.1277272302575353,1,0,0,0,0,0,0
25,30,14.884333610534668,95497,1,1.2553604753025065,1,0,0,0,0,0,0
64,38,36.218170166015625,92546,2,0.2993508853913933,3,0,1,0,0,1,0
55,26,29.293376922607425,94625,3,1.4007472946175337,1,0,0,0,0,0,0
40,21,134.40213012695312,95791,4,1.5630162987605636,3,0,0,0,0,0,1
35,8,53.7485580444336,96161,1,0.6561113853861755,3,0,0,0,0,1,0
57,31,80.52252197265625,93033,4,0.8395134708415775,2,0,0,1,0,0,0
33,8,162.978515625,91910,4,1.0179038390382935,3,0,0,0,0,1,1
35,7,106.2149658203125,95656,1,0.6535390001856045,1,0,0,0,0,0,0
40,18,80.20997619628906,90484,4,1.2782105192028648,2,0,1,0,0,0,0
64,40,57.86161422729492,95019,2,1.9180868515799383,3,102,1,0,0,1,0
33,6,108.27012634277344,91251,2,0.6087668141936218,1,204,0,1,0,1,0
58,16,144.99691772460938,91466,2,1.9041524705575583,1,0,0,0,0,0,0
31,11,49.04227828979492,90640,1,2.238652157133363,2,188,0,0,0,1,0
59,37,93.03914642333984,94760,2,2.142671707334812,3,0,0,0,0,1,0
35,2,90.78131103515624,91756,2,0.1360165405449893,3,0,0,0,0,0,0
52,23,158.89303588867188,91613,2,2.108236789849399,1,0,1,0,0,1,0
63,38,22.820714950561523,93076,3,0.8365345949063876,2,132,0,0,0,0,0
27,2,78.94345092773438,91653,4,0.4383629207353905,1,0,0,1,0,1,0
28,3,62.33658599853516,95964,4,1.8296693084182925,1,163,1,0,0,1,0
54,30,88.91878509521484,94305,1,1.0104037047990622,2,135,0,0,0,1,1
53,20,38.88912963867188,93030,4,2.92237168528941,3,0,0,0,0,0,0
41,15,44.37133407592773,96315,4,1.6423106226961026,3,142,1,1,1,1,0
38,10,150.52755737304688,94447,2,1.8825324547477156,1,0,1,0,0,0,0
64,35,94.2733154296875,91995,3,0.7130460398556377,1,0,1,0,0,0,0
60,35,34.881866455078125,92890,1,1.4396961273808122,1,0,1,1,0,1,0
54,18,41.44540023803711,92412,1,2.893455223663533,3,0,1,1,1,1,0
60,41,98.94573974609376,94459,2,3.658781192135852,3,0,0,0,0,1,0
43,26,88.03143310546875,89960,1,3.374929759679711,1,0,0,0,0,0,0
31,2,62.80417251586914,91401,1,3.4312713471441505,2,0,0,0,0,1,0
52,20,161.4632568359375,92596,3,5.530041899880833,1,0,1,0,0,0,0
61,38,69.95892333984375,91485,4,0.3994079800383929,1,0,1,0,0,1,0
54,32,37.62579345703125,92258,1,0.6037125653996942,3,0,0,0,0,1,0
53,28,98.04058837890624,94591,1,3.087182328981425,1,0,1,0,0,1,0
29,4,34.224403381347656,92119,3,0.7125814879963914,3,0,0,0,0,0,0
45,29,52.68951797485352,93099,3,1.5212942002866143,2,0,1,0,1,1,0
30,6,61.05904769897461,91131,2,1.6530433902167314,3,124,0,0,0,1,0
28,2,187.86854553222656,90093,2,6.036034243826574,1,157,1,0,0,0,0
33,8,161.19390869140625,91900,1,2.625285509397845,1,0,0,0,0,0,0
31,16,115.2032470703125,95347,2,3.433673741663223,1,0,0,1,0,1,0
63,36,38.90345764160156,94565,4,2.3255280935882747,1,0,0,0,0,0,0
51,25,51.29354476928711,94485,1,0.1019101239313088,1,104,0,0,0,1,0
52,23,65.84331512451172,94605,4,1.7191894499159042,1,0,1,0,0,0,0
32,8,98.78741455078124,92226,2,1.6938579241316012,3,169,0,0,0,1,0
39,11,17.659530639648438,93923,4,1.0441569071809955,2,0,0,0,0,0,0
61,33,26.50429344177246,95111,4,2.045782541156272,2,0,0,0,0,0,0
32,11,98.78685760498048,91217,2,0.309785611973393,2,0,0,0,0,1,0
39,10,75.26940155029297,95011,1,4.120044134969755,3,0,0,1,0,0,0
60,36,23.631519317626957,92595,2,3.416055066184931,3,0,0,1,0,1,0
27,6,84.8911361694336,92312,2,3.196269521840956,1,0,0,0,0,0,0
45,20,74.21658325195312,92968,1,1.1696033565512065,3,298,0,0,0,1,0
57,19,40.496883392333984,94814,2,0.2117113756425193,3,0,0,0,0,0,0
24,19,62.32241821289063,94588,3,1.5624537857308125,3,264,0,0,0,1,0
52,37,57.9920539855957,93942,3,0.7706957521598669,3,0,1,0,0,0,0
29,5,137.21788024902344,93889,4,0.3375758970778719,2,0,1,0,0,0,1
58,33,65.76152038574219,92179,1,1.6649170438259755,3,0,0,1,0,0,0
46,24,185.4210662841797,94478,2,2.590573830265095,1,129,0,0,0,0,0
36,13,56.75996398925781,94600,4,1.5209536963654977,3,0,0,0,0,0,0
62,40,70.00914764404297,91807,3,1.7286902738065673,1,198,1,0,0,1,0
43,19,15.699450492858888,91098,1,0.1815745271569911,1,0,1,0,0,0,0
34,7,37.55750274658203,91383,4,1.32045783383228,3,0,0,0,0,1,0
28,-1,97.32923889160156,91259,2,0.9593603515872764,1,222,0,0,0,1,0
49,31,199.64292907714844,92703,1,6.547706970368923,1,0,0,0,0,1,0
60,33,165.854248046875,92223,2,3.038817342597737,1,0,0,0,0,0,0
38,8,19.19225311279297,92172,3,0.33756830531143,2,0,1,0,1,1,0
28,-1,137.8188934326172,94090,2,2.940198868608478,2,0,0,0,0,0,1
63,34,27.05143165588379,92509,3,0.1438738414493239,1,0,1,1,1,1,0
56,27,37.170040130615234,93226,1,0.8088451471757854,1,303,0,1,0,0,0
65,39,104.89879608154295,92867,3,0.6672546161883491,3,0,0,0,0,1,0
59,35,79.1844482421875,94590,1,1.9675915806589288,3,160,0,0,0,1,0
44,14,35.058387756347656,93282,1,1.0927521119072974,3,0,0,0,0,0,0
59,40,68.52291870117188,94964,2,1.688411606751087,1,0,0,0,0,1,0
64,39,161.51068115234375,90760,4,3.714441846142533,3,0,1,0,0,1,1
30,15,115.03478240966795,92306,2,7.403675518972676,1,227,0,0,0,1,0
58,35,102.02383422851562,90235,1,5.301437632487776,1,0,0,0,0,0,0
54,30,191.0611724853516,94453,1,3.946372940006109,3,239,1,0,1,1,1
33,9,26.15256690979004,90926,3,2.4109032171895617,2,161,0,0,0,1,0
28,0,84.64387512207031,92843,1,1.5476180608608154,3,0,0,0,0,1,0
57,32,72.35625457763672,90911,2,3.681715412475351,1,158,0,1,0,1,0
32,7,55.651615142822266,93259,3,1.53940969829058,2,115,0,1,0,0,0
45,25,34.888221740722656,95595,3,0.3805438610146729,3,0,0,0,0,0,0
44,10,27.694698333740234,95205,4,1.1592387656210033,1,0,0,0,0,1,0
32,15,40.62548065185547,90169,4,0.8398088879495663,1,0,1,0,0,1,0
32,4,67.28755950927734,94549,2,2.611540267272843,1,135,0,0,0,0,0
31,16,95.22956085205078,92007,2,0.3028458364695879,1,0,0,0,0,0,0
46,24,99.49537658691406,94799,2,0.5559571955438416,1,0,0,0,0,1,0
32,6,94.57396697998048,94401,4,2.3387201181984234,1,0,0,1,1,1,0
50,33,25.200971603393555,94595,3,0.6999883608771817,1,0,0,0,0,1,0
64,39,61.83936309814453,90209,4,0.3766785492728158,2,0,0,0,0,1,0
29,0,81.40363311767578,94304,2,3.349157225158118,2,0,0,0,0,0,0
40,19,196.52426147460935,94141,1,2.886164252791471,1,0,1,0,0,0,0
51,22,15.964409828186035,95400,3,1.0714302083176015,2,0,1,0,0,1,0
46,14,60.62191009521485,92599,1,2.455551484155289,3,161,0,0,0,0,0
30,8,46.00503540039063,90742,3,0.0652633337622852,1,84,1,0,0,1,0
48,18,42.393165588378906,92116,2,2.304400015117901,3,0,0,0,0,1,0
41,37,69.4295654296875,95034,4,0.6778627218041703,3,0,0,0,0,0,0
42,21,64.25833129882812,92245,1,1.555178224560383,2,0,0,0,0,0,0
33,7,75.97933197021484,93945,3,6.760680886011453,1,0,0,0,0,0,0
25,0,43.36554336547852,92212,4,0.2916902429319621,1,0,0,0,0,1,0
60,27,94.76578521728516,91485,2,2.0494722431443746,2,276,1,0,0,1,0
59,33,116.2784652709961,92528,3,1.6543813330832724,1,228,1,0,0,0,0
63,40,26.41529083251953,95593,3,1.9070722162418403,2,0,0,0,0,0,0
27,23,19.48273086547852,93804,3,0.4262629198660725,3,0,0,0,0,1,0
54,25,105.68160247802734,90001,3,0.6558652692895234,1,0,0,0,0,0,0
41,17,78.95571899414062,91871,4,4.004417680099859,1,0,0,1,0,0,0
34,12,138.7171630859375,95092,1,1.986467167741503,3,0,0,0,1,1,0
54,18,126.65421295166016,94594,2,1.944968068161606,1,0,1,0,0,1,0
36,16,154.26278686523438,94399,2,0.3764625328614405,1,0,0,0,0,0,0
52,37,178.19830322265625,90318,2,4.625547702773395,1,240,0,1,1,1,0
66,41,88.40182495117188,93327,1,1.9883103063992351,3,0,1,0,0,1,0
25,7,167.60826110839844,94701,1,3.915040534969743,3,0,1,0,1,1,1
45,36,128.50238037109375,89902,4,1.163888915064206,3,0,0,0,0,0,0
42,20,148.07830810546875,93080,2,5.9932526700548925,1,0,1,0,0,0,0
35,13,34.09386444091797,92308,4,0.4620058087429058,2,0,0,0,0,1,0
36,9,40.83438491821289,95814,1,2.001271757689222,1,0,0,0,0,1,0
35,16,106.08544158935548,95727,2,0.0878691286610251,1,381,0,0,0,0,0
36,7,72.83711242675781,91627,1,3.108060289042202,1,241,0,0,0,1,0
64,40,64.28608703613281,91559,3,2.2549496637557733,1,0,0,0,0,1,0
53,19,75.63156127929688,90368,2,3.755124874947996,3,0,0,0,0,1,0
64,30,40.456050872802734,94331,1,0.9318042332903524,3,0,0,0,0,0,0
44,16,27.57676124572754,95925,2,0.5799154616127288,3,175,1,0,0,0,0
45,18,116.61359405517578,93050,1,2.780399688378901,1,0,0,0,0,0,0
56,30,81.13831329345703,92303,1,0.5604994418122796,1,0,0,0,0,1,0
29,18,113.22573852539062,94424,3,1.215570336814208,2,0,0,0,0,1,0
56,39,28.42303466796875,94064,4,1.4187278349714263,3,0,0,0,0,1,0
60,33,57.94596099853516,92617,4,0.6978514901822509,1,0,1,0,0,0,0
61,32,118.30179595947266,89705,2,1.8132681447466343,1,0,1,0,0,1,0
39,22,80.82950592041016,92429,4,0.2088676915919789,2,0,0,0,0,1,0
36,-2,63.200801849365234,94285,4,1.0081124604327496,1,0,0,0,0,0,0
34,6,20.194477081298828,94796,4,0.6477088114898357,2,0,0,0,0,0,0
41,16,109.72417449951172,94071,2,0.0064010654210032,1,83,1,0,0,0,0
35,8,77.64915466308594,93337,3,2.4895304212479474,3,135,0,0,0,0,0
39,12,89.18582916259766,89954,4,2.13200401886599,2,301,0,0,0,1,0
63,36,37.64348983764648,94120,4,1.4142885200955204,3,0,0,0,0,0,0
55,22,30.721099853515625,95718,3,0.4844391284438158,2,0,0,0,0,1,0
38,11,73.55014038085938,94623,4,2.760873377594848,2,107,0,1,0,1,0
39,19,28.05802726745605,92951,3,0.6639029698649315,1,217,1,0,0,0,0
49,26,39.19823455810547,92439,2,1.9981738384226615,3,0,1,0,0,1,0
53,26,33.937129974365234,90361,4,2.52661453070452,1,0,0,0,0,1,0
43,6,24.521398544311523,93847,1,1.6354930632787246,3,0,0,0,0,1,0
24,1,125.86692810058594,96467,1,3.70761510450096,1,0,0,0,0,1,0
59,36,144.55657958984375,92316,2,0.3981832217052515,1,0,0,0,0,0,0
31,7,176.33966064453125,90231,1,5.4455267128441855,1,0,0,0,0,0,0
44,27,59.60411834716797,95969,2,1.3041475911020002,1,0,0,0,0,0,0
49,22,138.89964294433594,93542,2,2.1153046644805484,1,0,1,0,0,0,0
38,12,110.8876495361328,95141,1,2.390159345052857,2,0,0,0,0,0,0
33,18,144.64683532714844,91790,1,2.562867246332087,3,0,0,0,0,1,0
31,3,92.60492706298828,92093,1,2.6800863905392043,1,532,0,0,0,1,0
43,27,167.57998657226562,91949,1,2.420587179126532,1,0,0,0,0,1,0
53,30,149.35589599609375,93987,2,1.6372334437131262,1,105,1,0,0,1,0
49,16,50.009071350097656,94157,4,0.9167452246602652,2,0,1,0,0,1,0
66,41,102.95230865478516,92383,2,0.3299074489777223,3,0,1,0,0,1,1
42,19,78.9852066040039,94498,2,0.3463603904357613,1,260,1,1,0,1,0
26,4,81.16535186767578,90454,1,1.390405287318586,3,0,0,1,0,1,0
56,35,26.75832939147949,94038,1,1.1611733925722274,2,0,0,0,0,0,0
40,25,56.32057571411133,90764,1,2.52997104990284,1,0,1,0,0,1,0
29,2,69.39750671386719,92642,4,1.8104807060124,2,0,0,0,0,1,0
64,33,33.867889404296875,94657,4,0.9800682064643294,1,144,1,0,0,0,0
38,11,58.94935607910156,94366,1,1.6828494463497277,2,0,1,0,0,1,0
30,10,164.83363342285156,95634,3,3.3189373731678886,3,0,0,0,0,1,0
28,4,124.87980651855467,90645,4,7.198169964577,1,378,1,0,0,1,0
44,27,57.53300094604492,95176,3,0.096731937656515,3,0,0,1,0,0,0
33,5,71.63392639160156,96043,1,2.472452762960116,1,0,1,0,0,1,0
62,40,68.31100463867188,94427,1,1.5935631476608727,3,0,1,0,0,0,0
62,36,51.33277893066406,94319,4,2.1787623684536324,3,107,0,1,0,0,0
37,17,60.50914764404297,92811,4,1.495278047151105,3,0,0,0,0,1,0
49,27,39.11276245117188,94432,4,1.4635649913331452,2,0,1,1,1,1,0
36,0,59.6790771484375,95783,1,2.14334380856172,3,0,0,0,0,0,0
29,5,51.07754135131836,95270,4,2.138762891813102,2,0,0,0,0,0,0
28,6,86.51148223876953,94857,4,0.1011555141984214,1,0,1,0,0,0,0
44,19,72.27539825439453,91106,4,2.02618327326495,1,169,0,0,0,0,0
35,13,142.67530822753906,90440,4,1.8270095292313275,2,0,0,0,0,1,1
44,20,25.172197341918945,92122,4,2.0152871855430607,2,0,0,0,0,1,0
38,4,73.70862579345703,94015,3,2.972111158744871,1,152,0,0,0,0,0
36,11,31.37147331237793,92266,1,0.191120647665301,2,163,1,0,0,1,0
54,34,42.52716064453125,94049,2,2.3894319437141154,3,197,1,0,0,1,0
52,33,113.25141143798828,92661,2,1.591319198845038,1,0,0,0,0,1,0
41,16,69.521728515625,91293,3,0.658768968383354,1,154,0,0,0,0,0
49,22,43.23501586914063,92501,2,0.1536074421512127,1,0,0,0,0,0,0
36,10,42.833946228027344,94326,4,1.6526849269118642,3,0,0,0,0,0,0
42,16,67.5052719116211,91477,1,0.6496667184192114,2,365,0,0,0,1,0
26,2,58.46613311767578,93148,4,1.8194065447145429,2,0,0,0,0,1,0
44,20,120.95601654052734,92471,4,2.996788502931949,3,380,0,0,0,0,0
35,22,50.49217224121094,94957,4,1.413176599666892,1,0,1,0,0,1,0
38,12,117.48592376708984,93366,2,1.7438182867104135,1,0,1,0,0,1,0
25,9,70.1834716796875,94122,2,1.8281102954365416,1,0,0,0,0,1,0
59,37,54.91352081298828,91823,3,1.4879372052443312,1,0,1,0,0,1,0
50,24,48.406883239746094,90335,4,1.7423417429199264,1,0,1,0,0,0,0
44,13,156.32122802734375,91657,1,0.7601530075448104,2,353,0,0,0,1,0
60,33,66.9581298828125,95948,3,0.6043496950267688,2,0,0,0,0,1,0
32,16,166.8499755859375,94242,2,7.0734018659342,1,218,0,0,0,0,0
33,19,67.4959945678711,92523,2,0.1925327486648075,2,104,0,0,0,1,0
50,29,112.61634063720705,90455,4,3.4834579963699506,2,0,1,0,0,0,0
44,22,110.2052764892578,89947,1,1.4463722560014274,1,0,0,0,0,1,0
48,17,103.78248596191406,94741,2,2.056981234213658,2,0,0,0,0,1,0
55,32,186.99240112304688,94222,3,3.96776183859341,1,436,0,0,0,0,1
27,0,44.310203552246094,94318,4,1.8424724631720184,3,0,0,0,0,1,0
59,25,57.30504989624024,94524,2,1.4447621473169312,1,0,1,0,0,1,0
48,27,64.83280944824219,91659,4,2.0091407773239003,3,237,1,0,0,0,0
44,12,12.693655014038086,92529,4,0.7641910046192256,2,0,0,1,0,1,0
49,26,146.52713012695312,92852,2,1.7410665836399746,1,149,1,0,0,0,0
37,12,47.83709335327149,93966,4,1.8112801795949416,2,0,0,0,0,0,0
36,5,59.9980697631836,89757,4,2.483898411958355,1,0,0,0,0,1,0
66,37,43.00544738769531,92223,4,0.2146293731739868,1,0,0,0,0,0,0
53,25,35.60041427612305,94176,4,2.4235760877694625,1,191,1,1,1,1,0
42,10,60.02099990844727,94138,2,0.1037418134980024,3,108,0,1,0,0,1
41,24,56.17858123779297,93897,4,0.4181629523307412,1,0,0,0,0,1,0
66,40,50.09031677246094,95051,2,2.6016887443155694,3,0,1,0,0,0,0
59,26,92.05754089355467,94041,2,1.3463110036868855,3,187,0,0,0,0,1
59,34,37.57392120361328,90141,4,1.4270755763474008,2,0,0,0,0,1,0
40,10,21.130022048950195,92407,3,0.4400495782084687,2,0,1,0,0,0,0
55,21,19.019302368164062,95652,4,1.2725931037225369,3,0,0,0,0,1,0
28,6,64.670166015625,91176,2,1.0008809659834583,1,0,1,0,0,0,0
61,33,53.24114227294922,93098,3,0.9124029645678028,2,0,0,0,0,1,0
48,20,32.26625061035156,92760,4,1.468184780599632,3,0,1,0,0,1,0
52,24,170.64187622070312,90528,1,3.000673892740997,2,0,0,0,0,1,1
29,6,108.13705444335938,94105,2,5.134083246682007,1,121,0,0,0,1,0
38,26,129.59938049316406,94424,3,0.0399690148345853,1,0,1,1,1,1,0
63,39,117.07463073730467,92649,1,1.6952431547861713,1,0,1,0,0,0,0
35,11,64.04546356201172,94377,3,0.2281043850948351,3,0,0,0,0,1,0
39,14,54.13688659667969,92978,4,1.6779887806641205,1,0,0,0,0,0,0
47,35,88.5053939819336,95893,1,1.1684906740636718,3,0,0,0,0,0,0
66,40,82.78987121582031,91977,3,0.1203176858221918,1,134,0,0,0,0,1
64,37,57.2462272644043,92540,1,4.624954182628632,2,167,0,0,0,1,0
28,16,60.33368682861328,91901,4,1.7662330494932554,1,0,1,1,0,1,0
38,11,204.57041931152344,94237,2,4.986928382814643,1,0,0,0,0,0,0
28,1,18.304832458496094,91263,2,0.1943825998453674,2,0,0,0,0,1,0
53,22,30.868881225585938,91792,3,0.934605489383238,2,0,0,0,0,0,0
47,19,75.267578125,95497,1,1.436725921508184,1,0,0,0,0,0,0
30,5,197.2138671875,89996,2,6.839224112074794,1,575,0,0,0,0,0
31,8,64.25855255126953,92798,4,1.854971707185704,3,0,1,0,0,0,0
30,15,45.140869140625,90308,1,0.9797082363971216,3,0,0,0,0,0,0
55,32,54.694068908691406,95435,2,1.7142832956590424,3,109,0,0,0,0,0
46,22,35.32941055297852,94931,1,1.1228562248606262,2,95,0,0,0,1,0
41,18,65.01966857910156,95549,1,1.372845284286618,1,0,0,0,0,1,0
47,14,40.43960189819336,94408,4,0.387135261691386,2,0,0,0,0,0,0
38,15,55.20941162109375,95744,1,2.608495318118914,2,0,0,0,0,1,0
56,21,54.12871170043945,94747,4,0.2094010310877039,2,338,0,0,0,1,0
44,21,102.0771942138672,91280,2,0.1864890897609474,1,99,0,0,0,0,0
33,11,53.678653717041016,95595,3,0.9351168421706588,1,0,0,0,0,0,0
58,30,97.97828674316406,92989,2,0.7923870603893738,1,0,1,0,0,1,0
62,39,72.03202056884766,91203,2,0.1480697169530099,3,378,0,0,0,0,0
36,9,196.8491668701172,91051,3,5.269023299128916,3,0,0,0,0,1,1
34,8,47.31062316894531,90372,1,1.8619564587242672,3,0,1,0,0,0,0
56,25,32.10044860839844,94737,2,0.2288013206372843,1,0,1,0,0,1,0
56,37,51.84016036987305,91169,4,1.3101828432601776,3,0,0,0,0,1,0
36,14,23.493167877197266,90734,3,1.481718787354526,3,0,0,0,0,0,0
33,9,68.26902770996094,95889,4,2.614394405662352,1,0,0,0,0,1,0
46,19,38.04233932495117,95064,1,0.3514100556608284,1,145,0,0,0,1,0
56,32,62.33866500854492,91473,1,1.811201085869427,3,0,0,0,0,0,0
49,19,23.6260929107666,94387,3,1.8442123148106404,2,0,1,0,0,1,0
52,32,75.11109924316406,92101,1,2.3417210765963024,2,0,0,0,0,0,0
52,34,44.68439865112305,92929,1,1.0356590865333613,3,0,1,0,0,1,0
30,1,124.79347229003906,94308,2,6.340783851855675,1,0,0,0,0,0,1
34,10,132.99581909179688,94335,2,2.2920468847279243,1,0,0,0,0,1,0
40,14,110.23330688476562,90055,1,0.2239131855248364,3,0,1,0,0,0,0
39,15,81.05791473388672,91674,4,1.2692391201169104,1,0,0,0,0,1,0
36,21,114.0436553955078,95112,1,2.828725995079137,1,0,0,0,0,0,0
35,1,25.91130256652832,92687,1,0.5877084524657812,3,0,0,0,0,1,0
41,11,83.24996185302734,94153,3,0.3927186428060031,2,0,0,0,0,1,0
54,24,76.12028503417969,90548,2,0.3493682641925215,1,0,0,0,0,0,0
26,-1,53.73443222045898,94627,2,1.2305334259369765,3,0,0,0,0,1,0
27,2,96.1878433227539,94812,2,0.9592141235696962,3,313,0,0,0,1,0
54,22,168.79908752441406,94731,4,2.59841293538,1,410,1,0,0,1,0
42,15,81.09223937988281,92117,2,1.48146850498293,3,0,1,0,0,1,0
44,18,47.89972686767578,94054,1,2.062565827557989,1,0,0,0,0,0,0
61,37,18.32275390625,90352,3,3.223482047009583,1,106,1,0,0,1,0
40,25,51.07680130004883,94431,4,3.168330705989738,1,219,1,0,0,1,0
28,5,181.69171142578125,95940,2,4.745435365589551,3,0,0,0,0,1,1
34,9,33.88847351074219,92290,1,1.7734582482054289,3,0,0,0,0,0,0
34,20,161.7427520751953,90413,2,5.769985848499768,2,0,1,0,0,0,1
35,25,69.55235290527344,95187,4,5.403339981417268,1,0,1,0,0,1,0
30,4,27.579355239868164,95632,4,1.9630575830658707,2,0,1,0,0,0,0
26,4,135.19036865234375,94112,4,2.3746915444194494,1,0,0,0,0,0,0
62,35,32.68104553222656,93068,3,0.4499106404342119,1,0,1,0,0,1,0
32,8,32.41600036621094,90443,2,1.3950465016365683,3,0,0,0,0,1,0
30,4,55.229740142822266,92093,1,2.431558391211514,1,0,0,0,0,1,0
31,16,152.21629333496094,95925,1,4.113508848575198,1,133,1,0,0,1,0
59,30,42.73566055297852,91359,3,1.4788074470190582,2,0,0,1,0,1,0
61,35,71.7749252319336,90898,2,0.1485648449284652,1,0,0,0,0,0,0
33,8,50.44757843017578,92299,4,1.256746932467494,1,0,1,0,0,1,0
43,24,28.951988220214844,94704,1,2.57554548903376,3,0,1,1,0,0,0
60,20,24.93379783630371,95372,1,1.7518590137949834,1,0,1,0,0,1,0
42,15,83.00897216796875,94573,2,2.581378723322896,1,0,0,0,0,0,1
56,25,74.2248764038086,95502,3,1.7774843973419572,2,0,0,0,0,1,0
33,6,27.57370376586914,94687,3,4.030897714205269,1,0,1,0,0,1,0
34,12,60.55452346801758,95629,2,0.9286323310286676,1,0,0,0,0,1,0
43,23,51.90290451049805,90444,1,2.123931463207368,3,0,0,0,0,0,0
58,34,42.898658752441406,90088,2,2.410471801135895,1,0,1,0,0,1,0
60,23,70.78515625,95211,2,1.3819799384247924,1,101,0,0,0,0,0
44,12,121.51253509521484,93907,1,5.076645695709506,3,457,1,0,1,1,0
36,16,25.45865631103516,91817,3,0.8814350512730378,2,0,0,0,0,0,0
61,36,63.84720993041992,94038,4,2.3803298417423573,2,0,1,0,0,1,0
63,36,80.03834533691406,95077,1,1.5094124590449505,1,153,0,0,0,0,0
42,19,46.02460479736328,91611,2,0.2447933869987943,1,0,0,0,0,1,0
29,6,20.698505401611328,90857,3,0.4197469216110879,1,0,0,0,0,1,0
43,19,36.7293701171875,94491,2,1.643663477596161,3,0,0,0,0,1,0
50,18,105.05992126464844,95738,4,2.5757991323852667,3,0,0,0,0,1,0
62,36,66.08436584472656,90011,2,1.126826502373106,3,0,0,0,0,1,0
55,35,21.16329002380371,95810,2,0.1746749460410301,1,102,0,0,0,1,0
50,25,37.15666198730469,94386,1,1.6972721935980228,2,0,1,0,0,0,0
49,22,67.73351287841797,90338,4,0.4629284586060693,3,0,0,1,0,0,0
32,11,42.83612060546875,96033,1,0.3950399772250842,2,0,0,0,0,1,0
40,15,85.7749252319336,95623,2,2.6242205110166594,1,325,0,0,0,1,0
45,26,129.61077880859375,92271,2,2.841038927669524,1,0,0,0,0,0,0
56,39,46.67290878295898,91812,4,0.2686372310861072,3,0,0,0,0,1,0
53,22,84.36972045898438,90425,1,0.1591979051084679,1,0,0,1,0,1,0
35,14,48.24542999267578,90306,3,0.2013562925565392,2,0,0,0,0,0,0
42,24,24.94026756286621,91285,1,0.6959074740079831,3,0,1,0,0,1,0
44,27,37.75011444091797,93948,2,2.5313249412824006,3,0,1,0,0,0,0
64,40,124.17552947998048,91878,4,2.3441321168041838,3,0,0,0,0,1,1
38,9,40.97266387939453,94773,3,0.8223715229509444,2,0,0,0,0,0,0
36,15,60.594970703125,90535,2,0.08891942933143,3,0,0,0,0,0,0
28,-1,9.622361183166504,95042,2,0.9332022368388084,1,152,1,0,0,0,0
39,21,99.32292938232422,95262,1,3.8869529513971672,1,0,0,0,0,1,0
42,17,64.5206527709961,92325,3,2.7805275234441647,1,0,1,0,0,1,0
44,16,67.6385726928711,95742,2,2.226219545498409,3,0,0,0,0,1,0
41,19,85.7000732421875,92948,2,2.132120817078027,3,0,1,0,0,0,0
44,34,41.27282333374024,95325,1,3.589238075063646,3,0,1,0,0,1,0
49,21,176.30445861816406,94632,2,7.853050964828436,1,0,1,1,0,0,0
42,9,17.414541244506836,91661,2,0.483897332305682,2,0,1,0,0,1,0
55,31,67.05261993408203,92268,1,1.4362984068058582,2,0,0,0,0,1,0
39,17,154.8101806640625,95356,2,6.593910758981045,3,0,1,0,0,0,1
56,30,34.05045318603516,91797,3,1.3294433206684917,2,0,0,0,0,1,0
38,21,86.6751480102539,91891,1,0.6907542303878165,1,0,0,0,0,0,0
45,12,30.332035064697266,95586,4,2.3349908190658133,1,0,0,1,0,1,0
43,19,55.69843673706055,92720,1,3.120609143136054,1,0,1,0,0,0,0
30,11,132.81410217285156,94654,2,3.999742599085484,1,0,1,0,0,1,0
65,36,24.84211158752441,93379,1,0.3813171949284352,3,0,0,0,0,0,0
39,21,13.787752151489258,94126,2,0.428023754058786,3,82,0,0,0,0,0
32,7,72.1518325805664,92866,4,1.5387257804786565,2,0,0,0,0,1,0
29,2,89.09078216552734,93315,4,1.105613074022668,2,0,0,0,0,1,0
39,15,36.78813934326172,95251,2,1.2012253691687569,3,0,0,0,0,1,0
49,12,90.4751434326172,94321,2,1.0285704274795164,3,0,1,0,1,1,0
25,0,16.805461883544922,93668,4,0.5433041652074535,3,0,0,0,0,0,0
29,3,48.05733108520508,92871,4,1.4989201302451525,3,0,1,0,0,1,0
62,32,9.623113632202148,95440,2,0.1596145711771483,2,97,0,0,0,0,0
27,5,36.89334487915039,94245,2,0.4264822384095059,3,148,0,0,0,0,0
50,19,37.43318176269531,95311,4,1.53045141280194,2,0,0,0,0,1,0
60,34,32.930213928222656,90438,1,0.2297508347481565,1,0,1,0,0,0,0
34,12,135.71896362304688,91596,1,4.97238368903906,1,0,0,0,0,0,0
47,19,150.38888549804688,93866,2,1.8497666415882807,1,0,1,0,0,0,0
52,35,47.60363006591797,94245,4,0.7213464416786494,1,0,0,0,0,1,0
38,21,70.35368347167969,95178,2,2.051033125607732,3,0,1,0,0,1,0
33,12,63.23069763183594,93660,4,1.5493848370932397,2,0,0,0,0,1,0
51,33,111.08299255371094,95601,2,6.699493902847436,1,0,0,0,0,0,0
59,32,34.43904113769531,95284,4,0.1308751886447572,3,104,0,1,0,0,0
36,11,24.491233825683597,93886,2,0.0738873184678306,3,0,0,0,0,1,0
54,26,119.83434295654295,96134,2,5.020773265436638,1,0,1,0,1,1,0
25,5,52.689002990722656,91347,2,0.2362186539538116,2,0,0,0,0,0,0
45,20,123.53551483154295,94350,4,0.5614866663069431,2,0,0,0,0,0,0
26,1,32.603370666503906,93416,1,1.9179819428014253,2,104,1,0,0,0,0
33,4,69.43800354003906,93802,1,1.7193829090408523,3,0,0,0,0,0,0
63,34,105.65430450439452,95638,2,4.690960382335241,1,0,1,0,0,0,0
59,38,31.213232040405277,90734,1,0.9413372586190096,1,101,1,0,1,1,0
61,37,86.07498168945312,94227,1,2.968701430383645,2,0,0,0,0,0,0
29,6,167.09544372558594,92992,1,1.0661619136399485,1,0,0,0,0,0,0
30,4,96.31462097167967,95049,1,2.284828724610197,3,0,1,0,0,1,0
28,5,39.49346923828125,94937,1,2.0388205220933573,3,0,1,0,1,1,1
65,36,67.49808502197266,95336,3,1.007490418856031,3,0,0,0,0,0,0
62,37,31.0650634765625,90232,2,0.2310590151151479,3,0,1,0,0,1,0
50,9,32.504493713378906,92962,4,1.8474611836708,2,0,1,1,1,0,0
46,22,20.73799705505371,95448,2,0.1976462452604737,3,78,0,0,0,1,0
36,23,95.27867126464844,95077,4,0.8955329848647711,1,0,0,1,0,1,0
46,15,110.7255859375,94496,1,1.7941954235640645,1,0,0,0,0,1,0
60,38,61.739219665527344,95128,2,0.0008329199347538,1,139,0,0,0,0,0
29,1,50.47229766845703,91092,3,0.793474275705653,1,0,1,0,0,0,0
41,18,97.5327377319336,89848,1,2.978002020918803,3,0,1,0,0,0,0
65,40,20.532331466674805,92288,3,0.6602873755264034,1,399,1,0,0,0,0
29,7,132.45921325683594,93940,2,2.657441117778808,1,0,0,0,0,0,0
32,10,32.669044494628906,92864,1,0.9983896749941538,3,169,0,0,0,0,0
52,28,87.64454650878906,92079,1,1.9692336528254653,1,0,0,0,0,1,0
59,35,32.97435760498047,95537,2,1.24954337242704,2,0,0,1,0,1,0
34,7,26.076875686645508,91788,2,1.0714279452774216,1,0,1,0,0,1,0
64,41,29.0636043548584,90347,2,0.3433312692461965,3,0,1,0,0,0,0
59,33,22.009151458740234,92159,2,1.4993617970062452,2,0,0,0,0,1,0
45,9,98.82250213623048,91298,4,1.9571467877353184,2,0,0,0,0,1,1
52,29,50.42984390258789,95468,1,1.0862656520362617,3,0,0,0,0,1,0
57,35,60.57148742675781,92369,4,0.1912510716678448,2,0,1,0,0,0,0
57,24,127.86862182617188,94735,4,8.8467499062783,1,0,0,0,0,0,0
42,16,58.40870666503906,91060,2,0.1852050835803727,2,0,1,0,0,1,0
60,38,91.29725646972656,91052,1,0.5655206611528912,1,0,0,0,0,0,0
63,42,46.97625732421875,94679,1,0.1915200818112286,2,0,0,0,0,1,0
34,9,112.93553161621094,92027,1,2.9401046352672564,3,0,0,1,0,1,0
38,16,148.17193603515625,91734,4,5.660786284413318,2,0,0,0,0,0,0
25,2,39.41956329345703,95595,4,1.0737831205288293,3,0,1,0,0,0,0
31,7,68.44355773925781,93879,1,1.286429472564074,1,397,1,0,0,0,1
33,9,163.69239807128906,90293,2,1.916506700571005,1,0,0,0,0,1,0
62,35,60.730106353759766,93752,2,0.081136761017703,1,0,0,0,0,0,0
45,21,35.15364456176758,94068,1,0.4213659017821072,3,0,1,0,0,1,0
36,3,38.371612548828125,95285,4,2.554782280284721,1,172,1,0,0,0,0
61,37,167.24891662597656,92034,3,1.0469149874008108,3,0,0,0,0,1,1
50,14,34.616355895996094,92336,1,0.5343682576982375,2,0,0,0,0,1,0
54,35,88.81348419189453,95151,1,1.9126111878420065,2,282,1,0,0,0,0
45,18,44.60978317260742,95226,3,0.9659268560276544,3,103,0,0,0,1,0
58,31,25.77718734741211,92805,2,2.0345278169986627,2,85,0,0,0,0,0
34,4,73.4261703491211,91333,2,1.867997358012492,1,302,0,0,0,0,0
37,10,63.68012237548828,90434,2,0.518424636729776,3,0,0,0,0,0,0
41,16,76.13745880126953,90072,4,3.0348835547961848,2,0,0,0,0,0,0
35,4,61.47060394287109,95632,4,0.5118166432194247,2,0,1,0,0,1,0
42,19,93.11614990234376,91521,2,1.168299894686866,2,0,0,0,0,1,0
59,32,121.04598236083984,94678,2,7.535425779248669,1,0,0,0,0,0,0
38,25,107.2182159423828,92326,4,5.033204655361813,1,579,0,0,0,1,0
57,34,69.3707046508789,94595,2,2.056926157298084,2,0,0,0,0,0,0
61,30,57.9918212890625,92127,3,0.939462721081674,2,0,0,0,0,1,0
57,36,122.57526397705078,92073,3,6.204101949734395,3,0,0,0,0,0,1
47,25,109.18462371826172,92084,2,2.7549488875320622,1,230,0,0,0,0,0
31,3,23.22687721252441,92088,4,0.6320186929297261,2,181,0,0,0,0,0
35,5,78.72119903564453,94176,3,1.939612865360088,1,0,1,0,0,0,0
66,35,50.763816833496094,92829,3,0.9169428484259212,2,0,0,0,0,1,0
34,11,57.47356033325195,93464,2,1.8196843906187787,2,0,0,0,0,1,0
52,19,80.3573989868164,90829,2,2.408605543475037,2,0,1,0,0,0,0
47,28,133.86080932617188,94190,2,2.6184505992935434,1,0,1,1,0,0,0
29,4,131.54896545410156,94402,1,3.348931023786102,1,406,0,0,0,1,0
52,32,22.19124412536621,91219,1,0.2435248850019474,3,0,0,0,0,1,0
31,13,175.16920471191406,94017,2,6.344235254683444,1,483,0,0,0,1,0
31,17,93.23953247070312,91150,2,3.8823050714688834,1,88,0,0,0,1,1
53,30,82.82395935058594,90160,1,1.5601026784528735,2,0,1,0,0,1,0
46,25,43.1898307800293,94051,2,1.0207790106333663,1,0,0,1,0,1,0
44,26,11.921810150146484,92936,4,1.0610418042399208,2,0,0,0,0,1,0
30,3,63.58531951904297,92253,4,0.2518522963340219,1,0,0,0,0,1,0
49,28,83.82575988769531,91138,1,1.0561902252126267,1,0,0,1,0,1,0
27,4,29.450763702392575,95734,4,1.0436136727673304,2,0,0,0,0,1,0
34,19,24.131498336791992,95696,3,0.6689787280176103,2,0,1,0,0,1,0
30,7,11.25837516784668,94764,3,0.4365853717539704,1,0,0,0,0,1,0
62,33,31.700136184692383,92291,4,3.0048984465868864,2,0,0,0,0,1,0
47,16,89.58248138427734,94676,4,2.4551739828189034,1,0,0,0,0,0,0
56,32,68.88582611083984,94709,4,0.726123520435672,3,0,0,0,0,0,0
63,36,40.755638122558594,91442,1,0.5600217878257501,3,0,0,0,0,0,0
33,8,35.29711151123047,94785,2,1.028875623746884,3,0,0,0,0,1,0
34,8,150.5074920654297,91764,1,2.55471611534958,2,0,1,0,0,1,0
48,21,64.92289733886719,94775,1,2.51863327473546,1,480,1,0,0,1,0
55,29,63.86043167114258,94898,4,2.2391376627885893,1,179,1,0,0,0,0
42,15,77.5970687866211,94974,1,2.297486914037308,1,158,0,1,0,0,0
55,28,57.0677604675293,94571,3,1.3417804431519538,1,0,1,1,1,0,0
55,33,82.30404663085938,94662,1,4.985095117299641,2,0,0,0,0,0,0
43,22,73.14708709716797,91117,4,3.013294787471726,1,0,0,0,0,0,0
62,40,102.6706085205078,92109,3,0.8534649488529948,3,227,0,0,0,0,0
64,37,202.46823120117188,95168,1,8.238341629583308,1,93,1,0,0,0,0
39,14,55.246238708496094,96038,3,2.559009812943025,2,0,0,0,0,0,0
48,20,87.77511596679688,93817,3,0.8361973233417297,2,0,1,0,0,1,0
32,4,158.9449920654297,94131,4,3.3202204283699777,2,0,1,0,1,1,1
49,18,38.39918518066406,93175,4,0.728934499219703,2,0,0,0,0,1,0
56,38,27.24150657653809,89814,2,1.0059494587693565,3,0,0,0,0,1,0
61,37,136.6290740966797,90997,1,0.647368747794585,1,0,0,0,0,0,0
47,23,67.8949966430664,92970,2,0.9531926660705354,3,0,1,0,0,0,0
64,37,36.757057189941406,91380,3,0.2681238225648633,2,100,0,0,0,1,0
47,25,133.21762084960938,94409,4,1.7504614977292152,2,0,1,1,0,0,0
63,39,84.04598236083984,90962,4,1.8646255698304688,1,0,1,0,0,1,0
57,34,42.63087463378906,95021,4,2.385843373821863,2,0,0,0,0,0,0
40,9,204.408935546875,95466,3,5.334098652423059,3,0,0,0,0,0,1
59,29,26.407045364379883,92483,2,0.2273427069946668,2,0,0,0,0,0,0
33,3,189.8348388671875,92249,1,8.40164514900181,1,0,0,1,0,1,0
48,30,40.53676223754883,91952,3,0.6298428952712181,2,0,1,0,0,0,0
39,14,195.73666381835935,94474,2,5.642437078141015,1,0,1,0,0,1,0
42,5,100.19512939453124,94238,2,0.9857061100840324,1,0,0,0,0,1,0
57,29,54.44169998168945,92061,1,1.4349578474644245,2,0,0,1,0,0,0
55,25,47.44047927856445,95244,1,1.2815229389495757,3,88,1,0,0,0,0
40,20,80.14142608642578,93726,2,2.174368002697011,3,0,1,0,0,1,0
33,8,117.99630737304688,91916,2,1.9265433733679185,1,0,0,0,0,0,0
64,35,131.47711181640625,91461,2,4.591974477472659,1,0,0,0,0,0,1
47,26,59.987823486328125,94224,3,1.520048171758824,1,0,0,0,0,1,0
34,8,180.22341918945312,94939,1,2.2741831396427608,1,100,1,0,0,1,0
36,16,114.12704467773438,95702,3,1.916158890502813,1,0,0,0,0,0,1
31,11,116.78781127929688,92115,2,0.7555439438056228,1,0,0,0,0,1,0
41,18,103.5611343383789,93086,2,1.0063541568716112,1,0,0,0,0,1,0
29,13,64.92277526855469,91472,2,1.9806790628002031,2,0,0,0,0,1,0
63,37,56.86713409423828,90302,4,0.2262168773838049,1,0,0,0,0,0,0
41,19,64.51515197753906,93802,3,0.6510436945526582,2,115,0,0,0,1,0
28,8,28.45168685913086,94423,4,0.3999928921087133,2,0,1,0,0,1,0
31,9,30.127864837646484,93110,4,0.2438875694350653,3,0,0,0,0,1,0
60,37,87.09027862548828,93179,2,1.9074847783711268,1,0,0,0,0,1,0
28,5,38.650840759277344,91435,2,0.4407178088477642,3,0,0,0,0,1,0
46,26,93.2581787109375,94397,4,1.323185298201381,3,0,1,0,1,1,0
62,34,103.04957580566406,90682,1,1.9996014344084552,1,0,0,0,0,1,0
57,23,86.48826599121094,92978,1,0.9968626100704766,3,167,0,0,0,0,0
57,33,141.5432586669922,92376,2,0.3401409382505057,1,0,0,0,0,1,0
41,12,24.06507873535156,94394,3,0.0993191096233858,2,0,1,0,0,0,0
40,13,43.12482833862305,90401,1,0.3191553462338571,3,150,0,0,0,1,0
26,3,81.45945739746094,91146,3,4.344592830964958,1,198,1,0,0,1,0
56,30,72.94316864013672,95490,1,2.310602349059018,1,83,0,0,0,0,0
37,17,12.25271987915039,91850,2,0.3726699507666696,3,0,0,0,0,0,0
29,5,140.10598754882812,92284,2,2.5915968637284243,1,0,0,0,0,1,0
53,34,124.7441864013672,95250,4,0.1503198048980785,2,0,0,0,0,0,1
50,14,162.70864868164062,90285,2,9.906039365099971,2,160,0,0,0,0,1
56,31,107.27645874023438,92898,4,2.89081474882547,1,0,0,0,0,0,0
53,38,131.07855224609375,94162,2,5.764402339871429,1,0,1,0,0,0,0
43,9,33.66778564453125,95008,2,0.6774365578116871,3,0,0,0,0,1,0
39,15,154.38645935058594,94866,3,2.2037053394632644,1,86,1,0,0,0,0
33,3,20.13153839111328,95950,3,0.3298222466929998,2,0,0,0,0,1,0
59,32,132.71746826171875,93881,2,2.2780250741287293,1,0,1,0,0,1,0
33,3,70.96112060546875,96173,3,2.593246128119543,1,301,0,0,0,1,0
51,26,55.22702407836914,94510,1,1.6361911212193645,3,0,1,0,0,1,0
61,39,49.28789520263672,94154,1,1.2077356493217244,2,0,1,0,0,1,0
54,20,17.785972595214844,95613,4,1.1490578507473768,1,0,1,0,0,0,0
28,9,33.23722839355469,92485,2,1.3475941879177848,2,159,0,0,0,1,0
26,14,192.19937133789065,94552,2,9.8268790899097,2,0,0,0,0,1,1
28,2,102.10099029541016,95717,3,2.1525914138585573,2,0,0,0,0,0,0
33,11,76.1871566772461,92055,4,0.4692852479310732,2,110,1,0,1,1,0
57,9,33.647552490234375,91935,3,1.226942473962077,2,89,0,0,0,1,0
27,8,154.58740234375,95814,1,6.715421239120133,3,370,1,0,0,1,1
30,6,68.49436950683594,94353,4,2.1671237811266613,2,0,0,0,0,0,0
46,16,118.89627075195312,94425,3,2.714177585752152,1,0,0,0,0,1,0
59,34,73.66656494140625,91478,2,1.1657610975164432,1,231,0,0,0,1,0
34,8,70.20681762695312,91198,4,2.408700010679999,1,0,0,0,0,0,0
45,19,140.39230346679688,91308,1,0.1851644198896437,3,0,1,0,0,1,0
37,15,42.66866683959961,93916,3,0.878641411986685,2,174,0,0,0,1,0
35,11,64.78109741210938,90270,2,2.841217831451184,3,250,0,0,0,1,0
66,38,55.84705352783203,94221,1,0.9560538822511628,3,0,1,0,0,0,0
26,3,153.1229705810547,93040,1,5.9981799973802365,1,141,0,0,0,1,0
46,22,122.75743103027344,90520,3,0.962193625507899,3,0,0,1,0,1,0
62,38,46.87752914428711,92706,2,0.7586646081135945,2,0,0,0,0,0,0
47,20,97.88324737548828,95063,1,2.142531864572589,2,237,0,0,0,1,0
47,19,36.579322814941406,91342,3,0.7672834699797647,2,0,0,0,0,0,0
47,19,124.23469543457033,94388,3,2.977026478273787,3,0,1,0,0,0,1
43,16,37.55345153808594,91274,3,0.9776111734507296,2,0,1,0,0,1,0
39,5,50.06264114379883,92247,4,1.4593905622715604,1,135,0,0,0,1,0
56,34,82.67182159423828,90122,2,1.976676780791289,1,0,1,0,0,0,0
47,27,86.02195739746094,92748,4,0.8395787480260393,1,0,0,0,0,1,0
32,4,78.25485229492188,94176,3,0.3101119846554567,3,0,0,0,0,0,0
53,31,85.5955581665039,94913,1,1.3694241542480332,1,0,0,0,0,0,0
28,8,82.29595947265625,94980,2,1.8418012967723405,1,277,1,0,0,1,0
32,6,59.50780487060547,94516,4,0.4353873434273781,2,0,1,0,0,0,0
26,13,24.943782806396484,95504,3,2.5502036607815444,1,0,0,0,0,0,0
60,35,82.44135284423828,94458,3,0.4997504063347998,3,0,0,0,0,0,1
62,39,48.85076141357422,92378,1,1.8477382718855035,2,0,0,0,0,1,0
39,25,91.56324768066406,95359,4,3.746876381955468,1,0,0,0,0,0,0
52,24,58.08003616333008,93086,4,0.4241079320869437,3,0,0,0,0,1,0
59,32,72.04215240478516,93149,4,2.0209147079972887,1,0,1,0,0,0,0
43,16,51.28561401367188,89806,2,0.4746317708988065,1,0,0,0,0,1,0
56,25,156.9920654296875,95302,1,4.0333422501019776,1,0,0,0,0,1,0
60,35,99.2317886352539,92841,4,0.971726671790632,1,0,0,0,0,0,0
55,21,97.62146759033205,95223,2,0.9549776803359824,3,0,1,0,0,1,0
37,15,44.17502212524414,92698,4,1.9871156005950252,1,0,0,0,0,1,0
53,27,114.46771240234376,94784,3,1.9576240976992727,2,0,0,0,0,0,0
58,32,44.447357177734375,94796,2,0.4056858680180231,2,84,1,0,1,1,0
57,39,29.68197059631348,90010,3,1.0176315198699235,2,129,1,0,0,1,0
39,26,87.15084838867188,94648,3,1.7979468733246555,1,0,1,0,1,1,0
48,22,59.65875244140625,93253,1,0.3183808865763474,3,0,0,0,0,1,0
37,8,101.68712615966795,94269,1,1.0285548166930871,1,0,0,0,0,1,0
30,11,70.77732849121094,93958,4,1.7930200885691625,1,0,1,0,0,0,0
32,5,110.9816436767578,94796,4,1.4995066202736025,2,0,0,1,0,0,1
43,24,27.80500221252441,91228,2,2.955850339090321,3,0,1,0,0,1,0
48,19,25.78110885620117,95068,2,0.3488534856610837,1,0,1,0,0,0,0
47,19,63.3321533203125,90541,2,2.368444764778269,2,0,0,0,0,1,0
57,33,171.57420349121094,92068,1,4.714204167024022,1,0,1,0,0,1,0
52,22,77.8203125,94407,1,0.7785713389078825,1,145,0,0,0,0,0
26,5,27.652727127075195,92135,4,2.077398724888813,3,0,1,0,0,1,0
28,5,208.3301696777344,94967,4,8.197510260411741,2,0,0,0,0,0,1
29,18,41.6217041015625,90247,1,1.843648540535712,1,0,1,0,0,1,0
61,29,15.159553527832031,94742,1,0.5896720145443861,2,0,0,0,0,0,0
58,36,29.269166946411133,94387,2,1.7447242570454604,2,0,1,0,0,0,0
34,9,201.28225708007807,94459,1,6.552852498042629,1,0,1,0,0,1,0
62,35,100.1147232055664,90539,3,1.8404906239436425,1,228,0,0,0,0,0
58,41,119.57916259765624,91080,4,4.7029107916564215,3,0,0,0,0,1,1
61,40,66.7999496459961,94093,3,1.877434916180713,3,0,0,0,0,0,0
51,33,45.864200592041016,91208,1,0.7104283414662702,2,105,0,0,0,1,0
43,17,102.81765747070312,93123,2,4.163464460125671,1,0,0,1,0,0,0
41,16,56.12683868408203,93937,2,0.3652053546399001,3,0,1,0,0,0,0
65,37,32.24030303955078,91931,2,0.347470946226068,1,0,0,0,0,0,0
62,35,76.92877197265625,94506,3,0.6978275504437628,1,0,0,0,0,0,0
35,10,79.26814270019531,91766,4,2.276539602212183,1,0,0,0,0,0,0
43,23,22.298444747924805,91903,4,1.8013542729833418,3,0,0,0,0,0,0
27,14,82.20585632324219,90267,4,2.213353322333236,3,234,0,0,0,1,0
32,9,67.52732849121094,92748,4,3.2367786156963128,1,0,0,0,0,0,0
45,13,67.91270446777344,92147,3,2.2265646272196733,1,0,0,0,0,0,0
26,1,13.284696578979492,91847,3,1.8236460708130828,1,0,1,0,0,0,0
48,27,196.0437469482422,93834,1,5.730113903806394,1,0,0,0,0,1,0
59,15,155.01681518554688,91028,1,1.966675254277456,3,0,0,0,0,0,1
38,1,75.02042388916016,94606,1,1.9427832647208616,3,132,0,0,0,0,0
62,37,40.823543548583984,94020,1,0.3198191367003991,2,0,0,0,0,1,0
34,8,81.45121765136719,95299,2,2.108894392779243,2,0,0,0,0,0,0
59,35,64.86557006835938,93839,3,1.26088799285119,2,0,1,0,0,0,0
62,38,29.7357234954834,94029,3,1.7203763998567994,1,0,0,1,0,1,0
45,29,68.50694274902344,91654,4,0.7147135652033519,3,0,0,0,0,1,0
40,19,45.94316864013672,90961,2,1.157938499511769,3,0,1,0,0,0,0
29,7,167.9498748779297,92101,2,6.399077079995935,1,366,0,0,1,1,0
37,27,52.81004333496094,95118,2,2.334425606920219,2,0,1,0,0,1,0
61,39,55.18037414550781,94128,3,1.197724903980072,2,0,0,0,0,0,0
51,23,75.52127838134766,93992,2,0.8732898196194301,1,0,0,0,0,0,0
57,32,44.93320846557617,91253,3,0.3774440751643379,3,0,0,0,0,0,0
39,15,82.49371337890625,92942,4,1.858364669398204,3,0,0,0,0,1,0
45,26,52.78683090209961,92683,2,1.2694566592289152,2,0,0,0,0,0,0
25,3,54.84594345092773,93376,4,2.559660698548119,3,0,0,0,0,0,0
45,14,116.84442138671876,91686,3,4.56711041353638,3,0,0,0,0,1,1
56,31,15.389172554016112,90897,4,0.5949273386491539,3,99,1,0,0,1,0
56,22,34.70767593383789,92513,2,2.736420912844792,1,0,0,1,0,1,0
39,17,148.2752227783203,92115,1,4.477455587433086,1,0,1,0,1,1,1
34,5,55.36932373046875,95173,1,1.5172305585376216,3,179,0,0,0,0,0
49,36,106.1536636352539,94249,4,0.1166801480604916,1,0,0,0,0,1,0
26,5,124.36581420898438,92187,1,2.786652901723689,1,0,0,0,0,1,0
58,32,90.34709167480467,92998,2,2.245265134758736,1,0,0,0,0,0,0
63,37,27.185192108154297,92564,4,2.6846523737166343,1,0,1,0,0,0,0
63,36,119.1351318359375,94497,2,2.467395621161488,1,0,1,0,0,0,0
29,9,56.404632568359375,91759,1,1.9600407963037256,3,164,0,0,0,0,0
42,24,68.74931335449219,94609,1,1.0183807993272356,1,0,0,1,0,1,0
53,21,46.63633728027344,93846,1,1.7705009758968355,3,151,0,0,0,0,0
26,5,73.08808135986328,90732,1,0.2616362186788099,1,0,0,0,0,0,0
63,37,60.30767822265625,93947,2,1.7437131781056558,3,164,0,0,0,1,0
28,0,87.24443054199219,90217,4,2.726483686088983,2,0,0,0,0,0,0
59,32,69.86856079101562,93963,3,0.8479762588938273,1,0,0,0,0,0,0
46,17,34.4037971496582,93706,2,1.2874415005319109,2,0,0,0,0,0,0
48,23,129.19078063964844,92218,2,9.197842625526174,1,0,1,0,0,0,0
48,13,41.043243408203125,90231,1,1.7591134683183074,2,0,1,0,0,1,0
41,19,34.569828033447266,94566,1,1.1879089702170886,3,0,1,0,0,1,0
42,32,168.62417602539062,95504,1,2.876799732761654,2,0,0,1,1,1,1
39,4,24.472585678100582,94334,2,1.5912464745810757,1,99,0,1,0,1,0
64,36,69.85501098632812,94552,1,1.0716861986037929,1,0,0,0,0,1,0
49,21,134.617431640625,95347,2,3.373026432275919,1,0,0,0,0,0,0
34,5,44.74989318847656,94375,2,1.4521998549958652,2,0,0,0,0,0,0
33,6,102.4708251953125,90902,3,2.1886286306917238,1,0,0,0,0,0,0
63,37,122.98279571533205,95048,4,1.587843595991178,2,485,0,0,0,1,1
36,9,103.99108123779295,90144,2,2.2322551278105425,2,0,1,0,0,1,0
35,13,106.84835815429688,96056,4,1.5132236179121596,1,385,0,0,0,1,0
60,33,82.11567687988281,90517,2,1.209091070740114,3,0,0,0,0,1,0
33,0,185.8173675537109,94093,3,0.3127333143830375,2,0,1,0,1,1,1
45,22,59.7718620300293,94875,1,1.5350015063522997,3,248,0,0,0,1,0
45,27,27.962034225463867,94162,4,0.296061502791645,3,0,0,0,0,1,0
29,3,29.61018180847168,93494,4,1.177353217802778,3,0,1,0,0,1,0
49,15,52.78119659423828,95348,1,0.3418690100244713,3,201,0,0,0,1,0
55,35,14.239477157592772,91973,2,2.0107194296359974,3,0,0,0,0,1,0
38,15,125.01580047607422,90994,2,2.3115573544645307,2,0,0,0,0,0,0
51,21,179.80902099609375,92258,2,1.0422693011757416,1,0,0,0,0,1,0
54,15,88.38520050048828,94758,1,3.579739801398756,1,0,0,0,0,1,0
49,11,77.72450256347656,92454,1,1.3600660182685136,1,0,0,0,0,1,0
47,38,34.87431335449219,94545,4,0.8433129777932816,2,0,0,0,0,1,0
36,12,52.75724029541016,93211,4,1.90566136842886,1,0,0,0,0,1,0
62,35,117.62823486328124,91439,1,3.80519623636645,2,0,0,0,0,0,0
46,25,33.07276916503906,91754,3,1.0915094513993702,3,0,0,0,0,1,0
34,15,39.80507278442383,93266,4,1.8632603124823612,2,0,0,0,0,0,0
55,38,79.75996398925781,92015,4,1.635479300246115,3,219,0,0,0,1,0
47,20,102.8486557006836,94910,3,1.8227716951571968,3,0,0,0,0,0,0
31,13,123.0747528076172,94129,1,2.219370912886743,1,0,0,0,0,0,0
44,22,40.63150787353516,95688,4,0.2662713909887296,1,0,0,0,0,1,0
53,27,13.724615097045898,89443,2,0.4078206596817552,3,0,0,0,0,1,0
33,10,179.42088317871094,95633,2,0.4855615634854509,1,104,0,0,0,0,0
33,23,54.47015380859375,91546,1,0.2177963348683111,2,0,0,0,0,1,0
44,25,118.03306579589844,92865,1,4.51798378124433,1,0,0,0,0,1,0
55,30,20.557565689086918,92881,2,0.37414700356587,3,0,0,0,0,0,0
43,20,56.07528305053711,95390,1,0.4095407843541111,1,0,0,0,0,1,0
52,24,63.72564697265625,93771,1,0.0876195718659043,3,0,0,0,0,1,0
26,4,59.66599655151367,92349,3,2.1158245124563617,2,0,0,0,0,1,0
28,20,81.87960052490234,90246,2,1.2023893980555722,1,103,0,0,0,1,0
38,14,18.716291427612305,91614,4,1.65716723565325,1,0,1,0,1,1,0
56,33,89.02823638916016,94382,2,0.7046043446998838,1,0,1,0,1,1,0
57,28,84.5965347290039,93953,2,2.676007503414464,1,243,0,0,0,1,0
44,17,66.45254516601562,92100,2,0.3590823543559407,1,0,1,0,0,0,0
45,11,59.9666748046875,91036,1,0.1870646073261463,1,0,1,0,0,1,0
56,36,40.81193161010742,90689,1,6.07102932548329,2,0,0,0,0,1,0
27,21,91.71143341064452,96033,2,1.479204149581045,1,0,1,0,0,1,0
39,13,42.69425582885742,91766,1,0.1707887371763837,3,0,0,0,0,1,0
55,30,48.280540466308594,93119,2,1.8966394133029745,3,0,0,0,0,1,0
30,6,133.4626007080078,92105,2,2.6330135285593683,1,95,1,0,0,1,0
56,36,192.217041015625,90145,3,3.960363153702339,2,0,0,0,0,1,1
45,14,72.01681518554688,90100,1,1.867268339876316,3,0,1,0,0,1,0
53,16,112.67935943603516,93235,2,7.766451251269582,1,386,0,0,0,1,0
59,34,61.74836730957031,90868,3,0.950458043938516,2,169,0,0,0,1,0
34,8,70.07807159423828,95079,2,1.5525658211274416,2,0,0,0,0,1,0
46,18,35.94349670410156,92155,2,0.676423323479082,1,84,1,0,0,0,0
36,0,23.637176513671875,92669,1,2.121900529168476,3,0,0,0,0,0,0
58,39,120.4113540649414,94199,3,4.500105648509319,3,0,0,0,0,1,1
35,12,133.21551513671875,95602,1,3.837370228363006,1,0,0,0,0,0,0
43,23,21.706172943115234,92595,4,0.5261227327866811,2,103,0,0,0,1,0
32,13,119.48374938964844,92939,3,2.667569723947803,1,0,0,0,0,1,0
46,29,122.6075439453125,92105,2,2.767994024935573,1,84,1,0,0,1,0
37,22,211.35675048828125,91246,2,7.343565502365114,1,0,1,0,0,1,0
34,5,36.94274139404297,92057,4,0.1943994866086698,3,0,0,0,0,1,0
47,17,44.073055267333984,91935,2,1.5888436763897755,2,0,1,0,0,0,0
55,27,50.64337158203125,90283,1,0.6795423062224752,3,0,0,0,0,1,0
61,36,75.73312377929688,92231,3,1.762516137715105,1,220,0,0,0,0,0
40,21,116.38065338134766,91570,2,6.803618364701376,1,124,1,0,0,1,0
34,8,116.05726623535156,92732,3,3.256330198956628,1,196,0,0,0,1,1
29,4,66.50457763671875,90972,2,0.1653349834112782,3,0,0,0,0,0,0
64,36,164.19419860839844,94564,2,2.3000710251159737,1,0,0,0,0,0,0
57,38,29.700973510742188,94364,2,0.2812730806054812,3,0,0,0,0,0,0
55,29,78.86467742919922,95346,3,1.1330554860756044,1,404,1,0,0,0,0
50,31,21.37984085083008,94068,4,1.6251954423844,1,103,0,0,0,0,0
56,22,45.76024627685547,93301,1,0.3295906340770135,3,369,0,0,0,1,0
31,7,90.15045166015624,91050,1,1.6741973243298092,1,0,1,0,0,0,0
53,28,93.72828674316406,94354,1,2.311839895907247,1,0,1,0,0,1,0
58,26,121.46990203857422,90194,4,0.1322591868668843,2,103,1,0,1,1,0
49,12,95.06324005126952,94999,1,1.948198043949867,2,138,0,0,0,0,0
58,40,37.51661682128906,95580,3,1.407504289454817,1,0,1,0,0,0,0
31,10,156.11753845214844,93970,2,2.875406545722805,1,0,0,0,0,0,0
35,6,15.114911079406738,92111,1,0.0940644933238651,1,0,0,0,0,0,0
46,4,18.724910736083984,92278,2,0.5918700132736376,3,0,0,0,0,1,0
37,16,135.20542907714844,95986,1,1.7693123469471417,1,103,0,0,0,0,0
57,29,90.07286834716795,91086,1,1.0951182237199983,3,0,0,0,0,1,0
32,14,60.02040863037109,94461,2,0.9091788604649204,2,0,0,0,0,0,0
33,9,68.91153717041016,94355,1,2.8455156586617,3,0,0,0,0,1,0
31,12,24.578601837158203,91945,4,1.4184345639852038,2,0,0,0,0,1,0
57,35,72.23086547851562,94384,2,1.2814802260897522,1,0,1,0,0,1,0
59,35,167.08779907226562,92574,2,3.4048257394815566,1,0,0,0,0,0,0
62,36,145.84483337402344,95178,3,6.768365513870021,1,156,1,0,1,1,0
49,28,70.5874252319336,90991,4,0.9231887345533392,1,0,0,0,0,1,0
59,24,140.1955108642578,92208,2,2.582090306523803,3,0,1,0,0,0,0
37,9,73.07837677001953,92080,4,1.6208493714299677,3,127,0,0,0,1,0
28,5,48.936744689941406,96082,3,0.317210717889998,1,0,0,0,0,1,0
54,28,24.921123504638672,91956,4,1.765353895195605,2,0,0,0,0,1,0
54,22,58.74858474731445,92161,3,2.494053618797703,1,0,0,0,0,0,0
50,8,55.31467056274414,94279,1,0.7154042848791421,3,0,0,0,0,1,0
27,-2,118.72855377197266,92121,4,2.827560017972849,3,0,0,0,0,0,0
40,23,42.42292404174805,89970,3,1.372458094875019,3,0,0,0,0,1,0
60,32,69.62979125976562,92368,4,1.6947778086380525,3,0,0,1,0,1,0
61,38,50.96015548706055,94922,4,2.381237802242108,1,0,1,0,0,0,0
28,6,39.29527282714844,94906,1,2.2925868370482707,1,91,1,0,0,0,0
37,6,174.3151397705078,90213,3,7.0676612879870575,3,0,0,0,1,1,1
41,15,99.60723876953124,92197,1,2.32182491402941,1,0,1,0,0,1,0
35,15,29.25562286376953,92635,4,0.4145736457179101,1,0,0,0,0,0,0
29,9,47.29066848754883,94927,2,0.7804601628699283,3,70,0,0,0,0,0
40,32,66.5669937133789,94990,3,1.1400642417418223,1,0,0,0,0,1,0
45,30,144.49005126953125,90322,2,2.359342536813056,3,0,0,0,0,1,1
35,16,76.24942779541016,95667,1,1.5128408507402702,2,0,1,0,0,1,0
29,5,47.47928237915039,94552,4,0.4542100963112283,1,0,1,0,0,1,0
44,20,53.38365936279297,91508,3,0.3062973198555807,2,0,0,0,0,1,0
40,15,17.634201049804688,90294,2,0.6175860494090948,3,125,0,0,0,1,0
31,9,178.8589630126953,89981,1,7.003097563983158,1,144,0,0,0,0,0
36,8,94.13753509521484,92397,4,0.7221087823853327,3,0,0,0,0,1,0
38,16,48.03982162475586,94261,4,1.8005654963494662,1,0,1,0,0,1,0
25,0,120.78781127929688,94603,1,2.041378420677729,3,0,0,0,0,0,0
28,10,76.65526580810547,96057,2,0.5224628014367971,2,248,0,0,0,0,0
34,27,161.939453125,94968,2,0.2115904526108961,1,0,1,1,0,1,0
50,25,71.57180786132812,92272,3,0.5263238832497049,1,0,1,0,0,1,0
63,34,42.29677963256836,94609,1,0.2343912560867002,1,0,1,0,0,1,0
33,13,104.2832260131836,90501,1,2.290683962699322,3,0,0,0,0,0,0
56,23,144.6168975830078,91674,2,2.0364878481845325,3,0,0,0,0,0,0
50,20,40.43228912353516,95615,1,0.4704309949581923,3,0,0,1,0,0,0
57,36,136.5421905517578,95117,4,3.992905885983921,1,0,0,0,1,1,1
34,7,120.43746185302734,94659,1,0.2353552799193764,1,0,1,0,0,0,0
43,17,100.96991729736328,94887,3,1.441842996338761,1,367,0,1,0,1,1
44,25,70.34127044677734,91912,2,2.1045389755860917,1,0,0,0,0,1,0
31,4,52.86678695678711,90275,1,1.6458075070450322,1,96,0,0,0,1,0
63,38,49.73490524291992,90176,4,2.576668195926137,3,102,0,0,0,0,0
44,16,93.20684814453124,90280,4,0.9539552477490898,1,125,1,0,0,0,0
50,24,141.04136657714844,90285,1,1.0014753198030382,1,154,0,0,0,0,0
63,38,54.047550201416016,95879,4,3.35232169240966,3,0,1,0,0,1,0
35,3,51.18863677978516,90057,2,1.7720411866350922,3,146,0,0,0,0,0
36,10,17.8772029876709,96196,4,0.3052013254467007,1,0,1,0,0,0,0
65,40,79.57640838623047,94774,2,5.497291553788074,1,0,0,0,0,0,0
29,5,66.15996551513672,94376,4,1.438013915117354,1,0,0,0,0,1,0
42,20,40.56124114990234,92563,4,0.8037596492661232,2,0,0,1,0,0,0
43,18,115.1818618774414,95401,1,2.3095379104548948,2,0,0,0,0,1,1
25,0,45.05234146118164,95414,1,0.2018484313209047,2,0,0,0,0,0,0
46,31,112.11151885986328,94299,4,2.5274793406188367,2,0,1,0,1,1,0
41,18,129.7802276611328,92089,2,2.9071304610863304,1,0,1,0,0,1,1
55,28,70.2439956665039,92842,2,0.173183648816909,1,85,0,0,0,0,0
42,21,40.237247467041016,93251,2,2.4168855148490898,1,0,0,0,0,1,0
30,3,144.47958374023438,96228,2,2.608300193990206,1,0,0,0,0,0,0
39,10,157.0720977783203,93704,2,1.3461495403397463,1,131,1,0,0,1,0
38,27,59.55723190307617,92063,3,1.1800330875716158,3,0,0,0,0,0,0
58,30,71.03113555908203,94094,3,5.725816267671236,1,0,0,0,0,1,0
32,8,80.75995635986328,93083,1,1.6604770108245024,3,0,0,1,0,1,0
34,12,55.14458465576172,95472,2,1.1893387506214104,3,0,0,1,0,0,0
32,7,38.19160079956055,94520,4,1.1320677949041835,3,0,0,0,0,1,0
56,35,46.95915985107422,95211,2,1.1696564104191975,3,0,0,0,0,1,0
63,38,58.20932388305664,94475,4,1.997656763035995,1,0,0,1,0,1,0
56,21,41.71635818481445,92013,1,2.8000563668427363,1,0,1,0,1,1,0
51,21,66.770751953125,93435,4,1.6905933315476662,2,0,0,0,0,0,0
34,21,73.88680267333984,94004,4,1.9402105892932435,1,0,0,0,0,0,0
50,17,30.18275451660156,91927,1,0.1536941878847985,3,0,0,0,0,0,0
62,35,82.0447006225586,93021,1,2.128392159491466,3,0,0,0,0,0,0
60,39,139.2288818359375,92780,1,4.149901940705506,3,362,0,0,0,0,1
30,10,110.56088256835938,95760,4,2.138104214553723,1,0,1,0,0,0,0
45,32,24.08603858947754,92539,2,2.2621340456676613,2,93,1,0,0,0,0
42,24,68.56290435791016,95020,1,1.2948272704143673,3,100,0,0,0,0,0
44,10,47.28479766845703,94379,4,1.367125108187458,2,0,0,0,0,1,0
41,20,32.001220703125,91282,4,0.1232310009075295,3,0,1,0,0,1,0
44,14,61.043418884277344,94475,2,0.3981095203939158,1,112,1,0,0,1,0
41,20,26.32066345214844,94451,4,0.2707153351944341,1,0,1,0,1,1,0
52,19,88.58171081542969,94338,3,6.051963097978575,1,0,0,0,0,1,0
56,32,93.85881042480467,95568,2,2.297856032319169,3,0,0,0,0,1,0
57,30,70.34100341796875,93537,2,1.21725312357812,1,0,1,0,0,1,0
36,5,40.962100982666016,94724,4,0.3420760226099376,3,0,0,0,0,0,0
36,22,147.22647094726562,90350,1,2.766397772385192,1,0,0,0,0,0,0
53,23,55.03125381469727,93099,4,1.4315168894857546,1,0,0,0,0,0,0
40,12,69.68350982666016,93918,1,2.3565758965458,1,0,1,0,0,1,0
27,4,141.3094940185547,95190,2,5.604968497795442,1,548,0,0,0,1,1
47,5,151.77003479003906,91210,3,2.8971823046309937,3,185,0,0,0,1,1
25,2,61.4583854675293,92361,1,0.1595657148338028,1,0,0,0,0,1,0
56,22,85.73689270019531,90099,1,2.018999163757829,2,0,0,0,0,1,0
49,24,27.274999618530277,91347,3,0.3627301622394026,1,0,1,0,0,0,0
38,4,70.75718688964844,94158,1,1.5487173050333884,2,0,0,0,0,0,0
32,6,48.03359222412109,92497,4,1.7771191087219165,3,0,0,0,0,0,0
31,7,62.12322235107422,91649,4,2.365375067623336,3,146,1,0,0,1,1
45,22,53.57251739501953,92794,2,1.834988308380312,2,0,0,0,0,0,0
41,11,183.19943237304688,93053,1,2.2010053352300023,1,0,0,0,0,0,0
53,21,55.39281845092773,95181,2,0.8076966961517521,1,0,1,0,0,1,0
27,6,73.01361846923828,95543,1,2.891718370557176,1,0,0,0,0,1,0
47,24,75.3355484008789,94816,3,0.051612188929937,1,0,1,0,0,0,0
51,30,18.031286239624023,92108,2,0.4356788146209784,1,123,0,0,0,0,0
55,15,20.664457321166992,94205,4,0.8155561967188838,1,109,0,0,0,1,0
45,7,65.63713073730469,94571,4,1.7447637833213336,3,0,1,0,0,0,0
32,6,62.31170654296875,90138,1,3.5337980042247708,1,0,1,0,0,1,0
58,35,78.79118347167969,90180,1,0.2957537174344214,1,0,0,0,0,0,0
60,30,38.686973571777344,94433,4,0.6484963704266772,2,0,0,0,0,0,0
40,18,166.87220764160156,91977,2,5.152011355807842,1,389,0,0,0,1,0
28,5,68.53170776367188,90443,4,1.7821725446839851,3,0,1,0,0,1,0
49,24,69.56263732910156,94414,2,0.3962481473243366,2,0,0,0,0,0,0
53,25,65.14839172363281,94020,2,2.1327029594861577,1,0,1,0,0,1,0
46,12,32.60110092163086,94670,1,0.2312573906249647,1,0,0,0,0,1,0
54,34,31.86460876464844,93128,4,0.4317260645732073,1,0,0,0,0,0,0
50,19,30.29705619812012,95752,2,0.2285177493551876,1,0,0,0,0,0,0
34,4,57.11298751831055,92020,3,2.0282016283136723,2,100,0,0,0,0,0
28,-1,80.98751831054688,95041,4,1.194866268170094,2,132,0,0,0,0,0
53,25,199.73876953125,93996,1,4.6773852415064505,1,0,0,0,0,0,0
34,6,53.568603515625,91559,4,1.4867966969522095,2,0,1,0,0,1,0
37,6,41.31987380981445,96309,4,0.5433669436183828,2,0,0,0,0,0,0
41,24,54.51128768920898,93301,4,2.01687720026051,3,109,0,0,0,1,0
54,22,122.65213775634766,92283,2,3.922773226725999,2,125,0,0,0,0,0
57,38,33.48265838623047,95553,1,0.4570918684401607,2,0,0,0,0,1,0
53,21,140.9818878173828,91788,2,3.6163482591006666,2,0,1,0,0,0,0
39,15,154.48477172851562,91771,1,4.448191146768032,3,0,0,1,0,1,1
54,27,46.5013542175293,89918,3,2.9615753117948147,2,0,1,0,0,0,0
29,4,124.6063003540039,94727,4,3.987690357434341,1,0,1,0,0,0,1
64,39,59.5977783203125,95476,2,1.1809904551103902,1,237,0,0,0,1,0
60,22,70.40708923339844,92292,2,3.188800628009304,3,0,0,0,0,1,0
35,5,110.59507751464844,94631,4,1.173334362833291,2,95,0,0,0,0,0
34,7,87.29596710205078,95567,1,1.3378887271216058,2,232,0,0,0,1,0
64,39,48.48179626464844,94436,4,0.8186713468308604,2,0,0,0,0,0,0
36,8,32.70304107666016,94878,3,0.3901764105204279,1,0,0,0,0,0,0
29,8,89.22541809082031,94636,4,1.3828779325905844,3,0,0,0,0,0,0
27,6,91.80747985839844,92983,2,2.6505087228207818,2,0,0,0,0,0,0
49,22,32.279884338378906,95387,2,0.0651164912096655,2,0,0,0,0,1,0
63,33,42.63409423828125,95879,3,1.417363475449469,2,0,0,0,0,0,0
55,31,59.5711555480957,91407,1,1.9122479911529653,3,0,1,0,0,0,0
59,34,150.8999786376953,93024,2,2.391305678397803,1,0,0,0,0,0,0
43,27,104.40436553955078,91391,2,2.6728264567238984,2,235,0,0,0,1,0
63,25,52.96598815917969,91870,4,2.0786944588623246,1,0,0,0,0,1,0
42,8,29.14071083068848,95042,4,0.6117433825612204,2,100,1,0,0,0,0
38,23,61.4615592956543,94805,4,2.4835298819268594,1,0,1,0,0,1,1
33,3,36.03488540649414,91982,4,1.5789843618742507,3,115,1,0,0,1,0
35,6,106.22750091552734,95776,2,1.2597689047674068,2,0,1,0,0,1,0
41,12,78.81903076171875,89860,1,2.079635649946308,1,0,1,0,0,1,0
58,30,21.05551147460937,91056,4,1.700010117574399,3,72,0,1,0,1,0
37,14,43.14060592651367,94056,3,0.6089909581310193,1,518,0,0,0,1,0
41,16,21.38058853149414,91047,2,0.1283640689809507,3,0,1,0,0,0,0
43,18,41.93442916870117,94469,1,4.250303611388191,2,149,0,0,0,1,0
52,26,28.564815521240234,93173,4,0.3606760054433619,2,0,0,0,0,0,0
40,11,209.78118896484372,94946,3,4.494298117529803,3,0,1,0,1,0,1
36,10,44.54652404785156,93942,2,1.470648338458488,3,0,0,1,0,1,0
26,6,115.62906646728516,94778,4,2.5603723939580143,3,0,0,0,0,0,1
31,9,95.8368148803711,91492,2,0.3047911982772792,1,0,0,0,0,1,0
33,5,119.56781005859376,92160,2,4.604525862286334,2,0,0,0,0,0,1
58,33,52.314674377441406,94147,2,1.0417927845392454,3,0,0,0,0,1,0
53,25,30.33025932312012,91935,4,1.7580348874283596,3,142,0,0,0,0,0
43,14,90.01139831542969,94236,2,2.41886848118165,1,222,0,1,0,0,0
59,37,67.90106201171875,93156,1,1.336299459040254,3,0,0,0,0,0,0
45,18,41.56594467163086,94087,4,2.1110367046369896,3,0,0,0,0,0,0
37,13,79.44660949707031,91358,3,0.8498127160001904,1,0,1,0,0,0,0
34,4,70.32435607910156,95954,1,1.7594890885796606,3,0,1,1,0,1,0
60,34,28.157546997070312,94674,2,0.3091086688152449,1,0,0,0,0,1,0
51,30,25.004898071289062,94735,1,0.225238715038545,3,113,1,0,0,1,0
44,17,41.80342864990234,91568,3,0.3003340925334572,3,0,0,0,0,0,0
49,28,56.42767333984375,94474,1,0.7350910581222238,2,0,1,0,0,0,0
60,32,85.2076416015625,92996,3,3.9877462874810776,1,0,1,1,1,0,0
26,6,100.7590789794922,91996,4,2.2834888979928047,3,0,0,0,0,0,1
52,37,60.27449417114258,90707,4,1.4117125849522527,1,88,0,0,0,1,0
54,28,45.52936553955078,95134,1,2.3984981702291024,1,103,0,1,0,0,0
61,38,14.492700576782228,95596,3,0.1992477460359266,2,151,0,0,0,1,0
62,34,42.67827987670898,94117,2,0.632695027632518,2,0,0,0,0,0,0
36,9,32.70160675048828,94242,3,0.6120440316399964,2,0,0,0,0,1,0
52,25,35.206966400146484,94384,1,0.3945107251524185,2,0,1,0,0,0,0
62,36,41.28312301635742,94149,2,0.2347433708257032,2,0,0,0,0,0,0
60,31,48.789493560791016,90515,1,2.755442716508488,2,0,1,0,0,1,0
52,35,103.21199798583984,95041,1,3.9926247625466016,1,0,1,0,0,0,0
60,38,21.05634117126465,94407,2,0.6692539493254709,2,0,0,0,0,1,0
53,27,64.15260314941406,92095,2,0.4284565449350008,1,56,0,0,0,0,0
44,18,18.979320526123047,94081,1,2.826711370209212,2,124,0,0,0,1,0
47,30,87.79768371582031,91353,2,3.0844319319441,1,0,1,0,0,1,0
39,16,53.7354621887207,94812,4,1.1344551229939306,2,0,1,0,0,0,0
64,37,71.74967956542969,94828,1,0.7018079499525707,1,0,0,0,0,0,0
43,30,149.35206604003906,90241,1,4.487290754941567,1,0,1,0,0,1,0
46,17,32.640045166015625,92027,3,1.0049190173811997,1,0,0,0,0,0,0
31,7,46.32459259033203,95930,1,1.9132518461693964,1,0,1,0,0,0,0
36,14,45.07947540283203,92079,2,2.3081057433602385,2,0,0,0,0,1,0
46,15,48.56107711791992,95232,1,2.2854551882415084,3,232,0,0,0,0,0
26,3,90.9441909790039,93257,4,1.7055481009508382,3,0,0,0,0,0,0
35,9,44.12441635131836,90204,4,1.4053163466828678,1,0,0,0,0,0,0
33,10,49.79053115844727,93067,4,1.519921094245561,3,92,0,0,0,1,0
55,20,143.1680145263672,95165,1,3.5736370359605902,1,0,0,0,0,0,0
42,17,144.1839599609375,94083,2,7.360457877190145,1,0,1,0,0,0,0
53,19,13.347949028015137,93147,4,0.3975708104934546,2,0,0,0,0,0,0
53,28,19.189189910888672,91408,2,0.9402642213542308,3,0,0,0,0,1,0
31,9,173.42367553710938,91623,1,7.182259761626873,3,0,0,1,0,1,1
28,2,62.56281280517578,93704,1,1.848179525701414,1,0,1,0,0,1,0
31,10,22.32938766479492,94907,1,3.123710008549796,2,101,0,0,0,1,0
23,8,87.33876037597656,93134,1,2.803199193523362,3,0,0,0,0,0,0
37,17,80.76110076904297,92043,2,2.1064437942862417,2,189,0,0,0,0,0
40,14,71.05101013183594,94779,3,0.6928340631810684,1,0,1,0,0,1,0
63,38,40.45445251464844,94441,1,0.239710645138942,2,0,0,0,0,1,0
53,31,22.0441837310791,95161,3,1.0418396797607603,2,0,0,0,0,1,0
63,35,25.630939483642575,94666,3,2.311133776952129,1,0,0,0,0,1,0
35,15,16.77912139892578,94415,4,1.7792771572307735,3,238,0,0,0,1,0
47,17,22.997896194458008,94183,1,0.795525781872118,3,0,0,1,0,1,0
39,7,15.624211311340332,91653,4,0.2870494461171289,1,0,0,0,0,1,0
62,39,95.8508758544922,91395,1,3.8176448458423935,3,116,0,0,0,1,1
46,24,42.95821762084961,91899,4,1.3817898786877194,1,0,0,0,0,1,0
52,33,56.76431655883789,92617,2,1.9530698827235156,3,290,0,0,0,0,0
60,37,78.2301254272461,92043,1,1.6971792525382017,3,174,0,0,0,1,0
53,20,42.0901985168457,91634,2,0.717588820614728,2,0,1,0,0,1,0
40,11,13.346365928649902,95523,3,1.3072926375451293,1,0,1,0,0,1,0
39,25,71.09246826171875,94431,2,1.897827517708776,3,0,0,0,0,0,0
28,3,73.01815795898438,95066,2,3.296149135677965,3,0,0,0,0,1,0
27,7,55.17070007324219,93359,4,1.1483195548426095,3,0,1,0,0,0,0
43,13,171.38330078125,94227,1,7.4219507026377585,1,0,1,0,0,0,0
26,5,63.87657165527344,92973,4,0.4247110742031614,3,100,1,0,0,1,0
28,2,26.24234771728516,93696,2,1.6299465424033048,2,0,0,0,0,1,0
54,36,92.53092193603516,92677,1,0.2172401722821075,1,0,0,0,0,1,0
62,32,65.11717224121094,94305,1,2.075991248733656,1,0,0,0,0,1,0
60,26,39.79676818847656,94128,2,0.7256826362049786,3,95,0,0,0,0,0
60,37,21.10355758666992,95125,3,0.4314227671028949,2,0,0,0,0,0,0
53,33,125.10990142822266,91714,2,1.906743889642572,1,0,1,0,0,0,0
59,31,25.77682113647461,96135,2,0.257063507040409,3,0,0,0,0,1,0
63,18,117.49607849121094,95602,3,1.298954581587319,1,378,0,0,0,1,1
58,31,102.44532012939452,93055,4,5.489231489919402,1,0,1,0,1,1,0
56,34,11.66567039489746,95535,3,0.1979992912787487,3,0,0,0,0,1,0
30,3,103.47173309326172,94277,3,0.7734119504207885,2,0,1,0,0,1,0
56,25,131.22134399414062,91618,2,1.7722828639890218,2,214,1,0,0,0,0
31,4,24.196977615356445,91817,4,0.4585467518272239,2,0,1,0,0,1,0
57,29,43.74748229980469,94299,3,1.646904784178008,1,0,1,0,0,1,0
30,5,53.18193435668945,92657,1,0.2279401076941306,2,0,0,0,0,0,0
41,20,144.50723266601562,91766,1,2.567514481460213,1,0,0,0,0,1,0
34,8,21.07077407836914,91696,2,0.2905000095215467,2,0,0,1,0,0,0
47,24,63.51917266845703,96452,4,0.1899956710818653,3,513,1,0,0,1,0
34,17,79.1217041015625,91364,4,1.0724053062323529,1,0,1,0,0,0,0
33,12,151.67413330078125,95239,1,3.0959380143453226,1,136,0,0,0,1,0
36,25,31.86827850341797,96074,3,0.9943956290936118,1,0,0,0,0,0,0
56,25,61.09064102172852,92266,2,2.307584455796444,3,151,0,0,0,1,0
47,30,17.089109420776367,90265,1,0.7472001408532263,3,0,0,0,0,1,0
29,4,63.04708480834961,93104,3,0.8751502534269632,2,0,1,0,0,0,0
52,28,34.90586853027344,93100,4,2.568768438447937,2,0,0,1,0,0,0
29,0,24.60907554626465,90170,4,1.2009459531763538,2,0,0,0,0,0,0
45,10,218.44125366210935,92023,2,7.760702605689968,1,399,1,0,0,1,0
54,24,59.27443313598633,90769,3,0.8609590325112393,2,0,0,1,0,0,0
33,13,141.6317596435547,92957,2,3.9636444692631687,1,0,0,0,0,0,0
40,16,12.703865051269531,90871,3,1.3703556467311606,2,0,1,0,0,0,0
40,19,28.800048828125,95531,2,0.5277288834460514,3,0,1,0,0,1,0
53,28,35.38849639892578,90042,2,2.2242811310108537,3,0,0,0,0,1,0
62,39,42.87287139892578,91233,3,1.4644636412474905,3,0,0,1,0,0,0
30,7,65.39979553222656,95728,2,3.1862702943263064,3,231,0,0,0,1,0
40,17,67.61729431152344,94066,3,0.9353209977306336,1,0,0,0,0,0,0
50,21,153.2395782470703,96033,1,2.9503299607712106,1,0,0,0,0,0,0
42,15,134.64657592773438,91717,1,1.481504831501654,1,0,0,0,1,1,0
45,24,46.92145156860352,94555,1,0.177431649910056,1,18,1,0,0,1,0
36,9,58.87779998779297,95347,2,0.369875724766196,1,91,0,0,0,0,0
40,9,91.70133972167967,95343,1,0.1248931194974131,2,0,0,1,0,1,0
56,35,62.61792755126953,94622,2,1.3446843431194782,2,0,0,0,0,0,0
29,8,23.520212173461918,94486,1,1.1587959640923793,3,0,0,0,0,0,0
51,32,130.32968139648438,92292,2,6.872322364421488,1,0,0,0,0,1,0
44,17,22.23660659790039,95749,2,0.0632149882597858,1,145,0,1,0,1,0
49,19,180.92263793945312,91237,2,0.4354398890859003,1,0,1,0,0,0,0
50,20,144.20462036132812,95083,3,0.8562656493500355,2,222,0,0,0,0,0
32,7,39.75446319580078,90194,2,1.4265487594313004,2,153,0,0,0,0,0
42,17,26.508323669433597,95036,4,0.1165030096255415,1,0,0,0,0,0,0
57,34,133.18344116210938,92748,3,5.941257652071136,1,0,0,0,0,1,0
40,16,118.07227325439452,92622,1,2.9761914044244007,1,0,1,1,0,0,0
52,30,86.45539855957031,92704,2,2.422018926293372,2,0,0,0,0,0,0
26,3,44.21380615234375,94540,4,0.2256340697503427,1,0,0,1,0,1,0
56,24,53.61763381958008,92010,2,2.2588397769574677,2,0,0,0,0,0,0
60,35,42.43461990356445,92989,4,0.840414604797841,3,0,1,1,1,1,0
47,21,98.31652069091795,94375,2,0.0520295103024561,1,149,0,0,0,1,0
59,40,67.28555297851562,94631,1,0.373777164128987,1,0,0,0,0,0,0
53,31,181.4687347412109,94836,2,3.490125289563819,1,0,0,1,0,0,0
29,3,132.4352569580078,91247,4,3.1314652582521445,1,0,0,0,0,0,0
38,5,27.34653091430664,95162,3,2.3775634603557823,2,0,1,0,0,1,0
52,32,72.72508239746094,94860,3,0.5502624553578944,3,0,1,0,0,1,0
50,30,101.41179656982422,91213,1,4.967252788535257,1,0,0,1,0,0,0
26,3,54.95376968383789,94066,3,0.5470348888740243,1,0,0,0,0,0,0
60,32,25.81041717529297,91988,2,1.812251901334796,3,0,1,0,0,0,0
29,2,148.9174346923828,93047,3,1.8244678312664888,3,0,0,0,0,0,0
27,4,35.45690155029297,92013,3,0.4276614147851186,2,108,0,0,0,0,0
44,23,77.80377197265625,94911,1,1.299854873754926,3,156,0,0,0,0,0
30,4,55.005279541015625,91480,1,3.737589409629348,1,130,0,0,0,1,0
41,3,28.724796295166016,93701,3,1.0519895197400586,3,0,0,0,0,0,0
39,16,162.16587829589844,94701,3,6.773952474114314,3,0,0,0,0,1,1
61,35,110.43911743164062,91216,2,2.7048950107146323,3,157,0,0,0,0,0
41,22,101.91259002685548,93177,1,1.8581266638515224,1,0,1,0,0,0,0
56,32,23.254499435424805,94685,1,0.2462468036005555,3,0,0,0,0,1,0
28,2,144.48641967773438,94213,4,1.6107829119527393,3,0,0,0,0,0,1
53,29,61.7724609375,94195,3,1.3904449028716148,2,0,0,0,0,1,0
42,22,99.84280395507812,94709,1,1.778571492406661,3,90,0,0,0,1,0
31,3,83.74642944335938,94628,2,0.5380564055240293,2,230,1,0,0,0,1
58,24,96.12408447265624,94485,1,3.8697929979311274,1,0,1,0,1,1,1
61,35,40.36247253417969,90870,2,0.3395170407466524,3,0,0,0,0,0,0
27,3,85.26636505126953,91934,2,0.936225794721263,1,0,0,0,0,0,0
43,22,57.6094970703125,94485,4,1.5703879117583586,2,0,0,1,0,0,0
38,11,23.90573501586914,91786,3,0.3788122608976844,3,0,1,0,0,1,0
53,30,138.6434326171875,94064,2,1.8468119773277936,3,0,0,1,0,0,1
48,20,31.411056518554688,93240,1,0.3442456037412985,1,0,0,0,0,0,0
59,32,32.9605598449707,95130,1,0.9801006538506192,1,0,0,0,0,0,0
37,25,44.102088928222656,94432,2,2.0758769231433574,1,0,0,0,0,1,0
42,31,46.61300277709961,94780,4,2.0175297828194227,1,0,1,0,0,0,0
60,25,70.8605728149414,94761,4,3.452879432217677,2,0,0,0,0,1,0
54,31,156.95469665527344,95064,4,7.595841035146679,3,0,0,0,0,1,0
44,23,64.78536987304688,94458,1,2.5969177065038536,2,0,0,0,0,1,0
51,20,85.85919189453125,92164,4,1.7413210001969035,1,0,0,0,0,0,1
29,5,50.22040557861328,90457,1,0.8197009901692178,2,0,0,0,0,0,0
46,14,19.10713195800781,92486,2,0.4804904047523979,3,108,1,0,0,0,0
31,20,134.21145629882812,94471,4,5.842640077129915,1,442,0,0,0,0,0
61,34,77.81094360351562,92781,4,0.3910500913777397,1,0,0,0,0,0,0
63,38,34.81900787353516,91115,4,1.152404049011101,3,0,0,0,0,0,0
55,23,69.19392395019531,93871,4,2.1238284028216188,3,0,1,0,0,1,0
62,31,97.0928726196289,94412,1,2.7485944682679726,1,0,1,0,0,0,0
41,17,113.16727447509766,94279,3,1.619414751467221,1,0,0,0,0,0,0
30,9,53.977012634277344,91515,2,0.1792423694120239,1,0,1,0,0,0,0
65,25,135.12179565429688,91954,2,4.486285544569808,1,0,1,0,0,0,0
63,40,30.87817001342773,91159,3,0.3478516081901647,3,169,1,0,1,1,0
33,24,75.72483825683594,94304,4,0.6346051383151214,3,0,0,0,0,0,0
62,37,55.51951217651367,95484,3,0.7801382925509424,2,0,0,1,0,0,0
42,18,106.76371002197266,91953,1,3.620678628108013,3,0,0,0,0,0,0
63,39,63.378379821777344,94477,2,1.1427475585133826,3,0,0,0,0,0,0
30,8,69.6323471069336,95288,1,1.1786043798779504,2,0,0,0,0,0,0
51,20,10.124296188354492,89922,3,0.2252860214205846,3,0,0,0,0,1,0
62,36,17.043140411376953,90490,1,0.4601785479654038,2,0,0,1,1,1,0
46,30,130.4503936767578,94665,1,7.843339697789937,1,0,0,0,0,1,0
32,8,92.1196746826172,92094,2,1.507136186125812,1,102,0,1,0,0,0
51,29,104.88592529296876,90157,4,1.067445386123802,1,0,1,0,0,1,0
58,28,30.973487854003903,95640,1,2.007531532250004,2,0,0,0,0,0,0
60,37,34.61133575439453,95784,3,1.1791126587604797,1,132,0,0,0,1,0
43,13,151.4088134765625,94130,4,4.934215292443747,1,236,1,0,1,1,1
41,16,60.47879409790039,90261,4,1.6997737777668045,1,0,0,0,0,1,0
29,3,79.3802261352539,94119,4,1.424950149473005,1,0,1,0,0,1,0
44,16,93.51477813720705,95762,2,6.824066610917189,2,408,0,0,0,1,1
28,4,124.5003890991211,95173,2,5.140994629395263,1,0,0,0,0,1,0
60,35,34.91883850097656,91904,2,1.808507078393771,3,0,1,0,0,0,0
27,0,48.64533615112305,94053,4,1.2200055802303766,3,148,0,0,0,0,0
43,15,113.10973358154295,94559,1,2.0311790890579275,1,117,0,0,0,0,0
28,17,123.41678619384766,91060,1,0.4182304082097564,1,0,0,0,0,1,0
34,16,82.92498016357422,94731,2,2.288867376749763,1,0,1,0,0,1,0
42,14,137.40994262695312,94233,1,4.900017025762244,1,0,0,0,0,0,0
47,27,64.13280487060547,92270,4,1.6147708506452236,1,135,0,0,0,1,0
49,23,122.4687271118164,92862,2,4.172472454205729,1,0,0,0,0,0,0
59,39,42.0465087890625,90541,1,1.199783463997306,3,0,0,0,0,0,0
45,29,37.14401245117188,92216,2,1.3156832604741828,3,0,0,0,0,0,0
60,36,118.54297637939452,93929,2,7.17570268937065,1,416,1,0,0,0,0
65,37,64.7238540649414,90245,4,1.210011020814552,3,0,1,0,0,0,0
51,26,129.11715698242188,95212,2,3.028805526184414,1,0,0,0,0,1,0
51,19,41.28246688842773,93951,1,1.303644952039599,3,0,1,0,0,1,0
36,24,85.47093200683594,89808,2,1.7628237153998416,1,0,0,0,0,1,0
55,28,172.04934692382812,94341,1,3.518594058115277,1,0,1,0,0,1,0
41,22,32.31843185424805,90174,3,0.3107812887185975,2,0,1,0,0,0,0
47,23,34.42802429199219,95311,4,0.0946457157886601,3,0,0,1,0,1,0
50,24,185.10650634765625,90146,1,2.132697266065717,1,0,0,0,0,1,0
50,31,72.53640747070312,94181,1,3.439276205854993,1,0,0,0,0,0,0
59,32,20.01926612854004,94933,1,0.4118115234967562,2,0,0,0,0,0,0
44,18,86.73453521728516,92055,4,3.1678918866443087,3,0,0,0,0,0,0
64,37,89.0793685913086,94874,2,1.215476818131648,2,0,0,1,0,0,0
61,35,60.64170837402344,95732,1,2.9296682699174594,1,95,0,0,0,0,0
54,35,43.65740585327149,90171,1,1.3797289207555483,3,0,0,0,0,0,0
43,29,73.6945571899414,92624,2,0.839494246786712,1,149,0,0,0,0,0
57,30,44.224246978759766,94273,4,2.6415148831232544,3,0,1,0,0,1,0
35,15,11.112248420715332,92836,4,0.3852243403867966,1,142,1,0,0,1,0
63,36,14.048752784729004,93558,1,1.141140960895671,3,0,1,0,0,0,0
26,5,49.717864990234375,93460,2,0.5489318070644112,3,0,0,0,0,1,0
62,36,49.30870056152344,94749,3,2.14080786364569,2,0,0,0,0,0,0
40,35,185.9799346923828,94457,2,4.086077279996282,3,0,1,0,0,0,1
57,33,131.3406524658203,95119,4,2.2514018968777783,1,0,0,0,0,1,0
40,24,48.71034622192383,91795,1,1.610040969278811,1,0,0,0,0,0,0
54,26,37.03948974609375,94642,1,3.723659797586115,2,0,0,1,0,1,0
65,34,132.88092041015625,94060,3,0.3137278237729309,2,0,0,0,0,1,0
31,6,41.62964630126953,94378,3,1.9932292926451496,3,0,0,0,0,1,0
49,29,121.98078155517578,94294,2,2.4659432763557043,2,0,1,0,0,1,0
33,4,38.340850830078125,94005,4,0.8118493499997497,3,0,1,0,0,0,0
62,41,44.970458984375,90303,4,1.812666817619509,3,217,0,0,0,0,0
57,15,31.35965347290039,94174,1,1.5405088050826097,2,0,0,1,0,1,0
29,4,80.43067169189453,94279,2,2.5954567720155595,2,0,0,0,0,1,0
60,32,43.15552520751953,93188,1,1.0802959615812266,1,0,1,0,1,1,0
62,39,110.4760971069336,91332,3,3.719285306776072,1,0,1,0,0,0,1
54,29,60.082637786865234,91808,1,0.6499016136083027,3,0,0,0,0,1,0
40,14,102.587646484375,95414,2,1.3670261412224067,1,272,0,0,0,0,0
26,1,121.353271484375,95540,4,0.0524153788762753,2,0,1,0,0,0,1
41,16,18.601205825805664,92948,1,0.5188583860976785,3,157,1,0,0,1,0
41,22,112.95951080322266,95066,3,1.9694560844141935,3,0,0,0,0,0,0
52,26,100.24398040771484,94067,2,0.9474141815566652,3,0,0,0,0,1,0
28,3,34.63463592529297,93195,4,0.0366641250414333,3,246,0,0,0,0,0
34,10,40.07136535644531,95123,4,0.3173236908574865,1,0,0,0,0,0,0
60,37,36.65642547607422,90946,3,0.3452442925453284,2,103,1,0,0,1,0
49,28,35.21642303466797,95834,2,0.7015493347497372,3,0,1,0,0,1,0
25,3,55.0356330871582,91759,2,0.460840055820863,1,106,0,0,0,1,0
51,15,54.26874923706055,92028,1,1.8521423299183448,3,173,0,0,0,0,0
31,5,160.04173278808594,94483,4,0.8359097129365853,2,0,0,0,0,1,1
31,7,24.40944099426269,96117,4,0.3579072166759933,3,0,0,0,0,1,0
50,22,47.730716705322266,92178,2,1.6086106166339436,3,0,0,1,0,1,0
54,35,17.077857971191406,90247,4,1.134546461810099,1,143,1,0,0,1,0
32,6,170.05213928222656,94304,2,1.0814807678860243,1,421,0,0,0,1,0
49,24,11.44713020324707,93568,2,0.3042115263843314,3,0,0,0,0,1,0
47,30,26.475906372070312,95081,4,0.0230222773696089,2,0,0,0,0,0,0
28,10,46.5995979309082,91247,3,2.063845110183649,2,0,0,0,0,0,0
62,36,18.588008880615234,92058,2,2.7354263627286337,1,0,0,1,0,0,0
34,7,95.98592376708984,92595,2,2.0140912227556904,1,0,0,0,0,1,0
61,36,35.28193664550781,91881,3,1.7614851716725477,2,304,0,1,0,1,0
26,2,95.6625518798828,94294,3,3.1796928107019946,3,0,0,0,0,0,0
33,9,191.4917755126953,95214,2,6.711183091378024,1,0,0,0,0,1,0
40,17,136.44163513183594,92650,1,0.453005027415186,1,0,1,0,0,1,0
51,13,114.69940185546876,91619,3,1.8576801021509848,2,91,0,0,0,0,0
49,10,44.562591552734375,94243,1,0.6109716263314598,3,0,0,0,0,0,0
52,29,38.87158584594727,91066,3,0.9606958082436832,2,0,0,0,0,1,0
59,25,29.12632942199707,90139,3,0.2261610266772559,3,0,1,0,0,1,0
44,17,70.85903930664062,95816,2,1.3678696577582137,3,0,0,0,0,1,0
60,38,166.26414489746094,90156,2,0.4407041568251489,1,0,1,0,0,1,0
33,15,65.28453826904297,92933,1,2.522580736795642,3,0,0,0,0,0,0
38,8,60.439937591552734,94761,4,1.9469306210140247,1,0,0,0,0,1,0
33,9,86.12616729736328,91674,3,0.4836548480230742,2,0,0,0,0,0,1
41,28,78.21907043457031,91052,1,0.8648707915351123,3,0,1,0,0,0,0
56,29,177.72439575195312,90158,2,5.950183697272818,1,255,0,0,0,1,0
45,16,92.08531188964844,96047,2,3.33073667050343,1,0,0,0,0,1,0
42,23,92.7144546508789,95384,3,2.272707572694693,1,0,1,0,0,1,0
58,28,23.55477905273437,92767,2,0.2042536782076163,3,0,1,0,0,1,0
43,15,111.9689712524414,93130,3,3.889144716565093,2,147,1,0,0,0,0
58,36,62.237213134765625,94372,2,0.9175693752906694,1,0,0,1,0,1,0
54,22,166.6744842529297,91792,3,0.9117997748845944,3,0,0,0,0,1,1
61,35,214.4715881347656,94792,3,5.86821563646777,2,406,1,0,1,1,1
41,15,69.40230560302734,92132,1,0.9359371104197368,1,0,0,0,0,1,0
38,17,90.01174926757812,90104,4,2.041493720420971,1,0,0,0,0,0,0
48,24,17.836017608642578,96271,3,0.6413370354976133,3,0,0,0,0,0,0
25,9,64.76732635498047,95301,4,0.8560300626764448,1,121,0,0,0,1,0
34,10,84.29019165039062,95826,3,0.8694742814901519,1,223,0,0,0,1,0
29,4,148.06741333007812,90377,1,3.2902964853251904,3,0,0,0,0,1,1
59,37,23.11273193359375,95004,1,1.3484641314744648,3,0,0,0,0,0,0
43,12,60.57505798339844,94557,1,1.9521614736520188,3,159,0,0,0,1,0
53,27,43.54546737670898,94537,3,1.35525570099088,2,0,0,0,0,0,0
35,9,57.66083908081055,92696,1,0.1743402064985141,2,0,0,0,0,1,0
38,8,67.04592895507812,94672,3,0.5021841925879854,2,152,0,0,0,1,0
37,12,14.262471199035645,91523,3,0.2695258017604257,1,0,1,0,0,1,0
46,25,111.13468933105467,94512,2,8.819696389940102,1,0,0,0,0,0,0
57,19,39.467533111572266,93996,4,1.7617757065433275,1,120,0,0,0,0,0
61,35,81.44732666015625,94222,2,0.5169096151453272,3,226,0,1,0,1,0
53,34,56.95439910888672,92159,3,1.5106497434770412,2,0,0,0,0,1,0
62,28,10.151500701904297,95428,2,0.4416104022683076,3,0,0,0,0,0,0
52,34,100.34484100341795,95317,3,2.148888936818489,3,411,0,0,0,1,0
57,30,17.44919204711914,95452,2,2.273196733161626,3,0,0,0,0,0,0
62,25,46.41365051269531,92501,4,1.1120692971624049,3,0,0,0,0,0,0
55,36,82.71277618408203,91010,1,4.810192946680886,1,0,0,0,0,0,0
47,26,89.09534454345703,91490,1,1.3536099537378037,2,0,1,0,0,1,0
56,31,22.65145301818848,92658,4,0.7817416460416903,1,123,0,0,0,0,0
60,25,58.296756744384766,92117,2,4.676064217223261,1,136,0,0,0,0,0
29,8,200.49874877929688,91228,1,3.2007172269947586,1,0,1,0,0,0,0
64,36,29.240694046020508,92780,3,0.989094467948154,2,0,0,0,0,1,0
35,13,100.4624252319336,95630,4,3.969466208185307,2,0,0,0,0,1,0
53,26,38.13832092285156,95772,4,2.2167173079931786,2,0,1,0,0,1,0
46,17,80.48104858398438,95574,3,3.752318021417191,1,0,0,0,0,0,0
37,10,48.81438446044922,95130,2,0.4316922649968326,2,0,0,1,0,1,0
40,1,109.37026977539062,94119,2,3.556718998038661,1,0,1,0,0,0,0
33,10,80.25458526611328,90030,2,0.4161647135605398,1,0,0,0,0,0,0
44,24,65.89161682128906,90266,4,2.7220859359331104,3,0,0,0,0,0,0
60,35,78.1988754272461,94780,4,1.9524572933097863,2,0,1,1,1,1,0
47,30,53.9193000793457,95582,4,2.155468333380448,2,0,1,0,0,0,0
30,0,84.04605865478516,92008,4,2.845972247263318,3,0,0,0,0,0,1
63,23,23.356163024902344,95799,1,1.1026720856756829,1,0,0,0,0,1,0
35,11,107.47076416015624,90192,4,3.41218664020743,3,0,0,0,0,0,1
51,18,45.93958282470703,94689,1,1.1195180572962684,1,403,0,0,0,0,0
34,3,71.86167907714844,92709,4,0.3489351434468913,1,0,0,0,0,0,0
40,11,20.57513427734375,91813,2,0.3851369108467523,2,0,0,0,0,0,0
31,1,40.42454528808594,92098,4,1.8336018514482784,2,0,0,0,0,1,0
57,32,39.00386047363281,91248,3,1.7611463475408011,2,0,0,0,0,0,0
30,5,81.94358825683594,94399,1,2.201126115026484,3,0,0,0,0,1,0
54,30,90.2455825805664,93411,2,2.126979387009067,1,0,0,0,0,1,0
40,18,171.04501342773438,90426,1,5.368971617570729,1,0,1,0,0,0,0
60,32,15.14171028137207,95608,2,0.2863102659885432,2,0,0,0,0,0,0
44,25,24.377281188964844,94253,3,1.9577881725262003,2,137,0,0,0,1,0
61,37,34.167564392089844,93939,1,0.7354195551676638,2,103,0,0,0,0,0
39,19,43.866966247558594,90810,1,1.93995288837231,1,0,1,0,1,1,0
36,13,35.445106506347656,91286,2,0.5077531659889046,3,146,0,0,0,1,0
48,20,70.3720703125,90383,2,2.7815851546444703,2,0,0,0,0,1,0
55,25,194.01437377929688,92993,4,4.362493629456161,3,0,0,0,0,1,1
42,23,34.12474060058594,94316,4,0.7116609230637645,2,94,0,0,0,1,0
50,33,40.0959358215332,95535,2,0.4316161996688835,3,0,0,0,0,1,0
47,25,53.1208610534668,92355,2,2.440766202718,1,230,0,0,0,1,0
60,34,49.90502548217773,94036,1,0.5622043643552538,3,122,0,0,0,0,0
42,26,62.559837341308594,90378,4,2.152035703222528,1,0,0,0,0,1,0
47,21,45.11796951293945,94228,1,0.2077549626481391,3,173,0,1,0,0,0
31,12,80.10113525390625,91795,2,1.813073963593263,1,0,0,0,0,1,0
28,13,37.15370941162109,91730,4,1.0050768853878556,3,140,1,0,0,1,0
40,12,168.4074249267578,94693,4,2.974310821217064,3,159,1,0,1,1,1
30,6,66.44828033447266,95067,4,2.9442866870493427,2,266,0,0,0,0,0
37,7,24.43364524841309,94610,4,0.7956221758590597,3,154,0,0,0,0,0
61,32,85.25091552734375,92930,1,1.3280164114110296,1,0,0,0,0,1,0
62,40,23.473920822143555,94076,4,0.5563057710792185,3,100,0,0,0,0,0
63,30,28.305644989013672,90173,2,1.0930520203489014,3,0,0,0,0,1,0
58,34,75.5803451538086,94529,2,2.3213523745075237,1,0,1,1,0,0,0
35,7,121.48435974121094,95219,2,2.509310945522123,3,0,0,0,0,1,1
57,35,34.377174377441406,92980,3,0.2557376553249271,2,0,1,1,0,1,0
58,37,137.71820068359375,90161,1,1.34107940272868,1,0,1,0,0,0,0
57,39,112.754150390625,91517,2,3.836022014426782,1,0,0,0,0,1,0
54,24,107.67491149902344,93165,2,5.400480629491843,1,0,1,0,0,0,0
43,21,167.4503631591797,95163,2,6.537781193715988,1,0,0,0,0,0,0
28,6,22.889652252197266,92694,4,0.9537690603090658,2,43,0,0,0,1,0
30,12,38.71132278442383,92697,2,0.7098413654194891,3,0,1,0,0,1,0
34,13,39.169898986816406,91102,1,1.6042332196971996,2,0,0,0,0,1,0
39,15,104.91588592529295,91348,1,6.447778046473989,1,0,0,1,0,0,0
58,35,35.49579620361328,96456,3,1.0141321682665856,3,220,0,0,0,1,0
56,36,62.57695770263672,92067,3,1.3210133008362266,1,232,0,0,0,1,0
34,6,59.463356018066406,91340,3,0.6979058191052802,1,0,0,0,0,0,0
61,36,99.57376098632812,95607,4,0.785384040643095,1,0,0,1,0,0,0
35,14,33.664306640625,95906,2,0.2555929162912225,3,0,0,0,0,0,0
51,37,46.24121475219727,91349,2,3.006749524645542,3,378,1,0,0,1,0
38,18,22.395782470703125,94601,1,0.7065254643961301,3,0,0,1,0,0,0
38,7,99.18767547607422,95205,4,2.877012854597438,1,0,1,0,0,1,0
29,4,102.87003326416016,94825,1,2.711808519144556,2,163,0,0,0,1,0
25,3,61.71554946899414,94331,4,0.6172972184290383,1,101,1,0,0,1,0
62,34,63.47605895996094,92403,1,2.116281107948575,2,0,0,0,0,0,0
31,9,51.17660903930664,94425,3,2.6819813699960733,3,0,1,0,0,0,0
43,11,40.542625427246094,93874,3,2.188934096759098,2,0,1,0,0,1,0
32,5,41.26315307617188,96330,2,0.1612017055045313,1,0,0,0,0,1,0
34,13,47.79964828491211,95620,2,0.4721180361562432,2,0,0,0,0,1,0
30,7,41.8786506652832,91968,2,2.5541125518379326,2,0,1,0,0,1,0
32,19,66.58665466308594,94283,2,0.4425175855031807,3,98,0,0,0,1,0
48,23,109.37601470947266,95410,2,2.7818659182295224,1,0,0,0,0,0,0
57,26,39.40848922729492,95369,1,2.412040065293376,3,0,0,0,0,0,0
53,20,21.217260360717773,91193,1,0.3950425312038165,2,0,0,0,0,0,0
52,19,66.7216567993164,91557,3,1.206953501038614,3,0,0,0,0,1,0
57,28,27.091453552246094,93106,2,0.5497988181221051,2,0,0,1,0,0,0
50,27,51.73020553588867,95102,2,0.9539361690631248,3,0,1,0,0,1,0
50,30,157.4989013671875,90253,2,4.200505882673868,3,0,0,0,0,0,1
44,25,54.481101989746094,95170,1,0.7097044480592382,1,387,1,0,1,1,0
33,0,37.193824768066406,94209,2,1.790613837130569,1,0,1,0,0,1,0
61,32,83.9540023803711,93955,4,1.763044109876683,1,0,0,0,0,1,0
50,28,95.1619644165039,93031,1,1.935497257949028,1,0,0,0,0,1,0
27,2,45.58482360839844,95070,4,2.1760750525004537,2,112,0,0,0,0,0
65,37,169.53126525878906,95115,2,1.1896896056656694,1,0,0,0,0,1,0
31,2,66.41019439697266,90656,2,1.0275015185746068,2,0,1,0,0,1,0
36,14,160.55987548828125,91517,4,5.005298970216996,3,307,0,0,0,1,1
64,35,23.160816192626957,94538,3,1.644040762035459,2,137,1,0,0,0,0
31,7,60.8952751159668,94388,4,1.866221287821053,3,0,0,0,0,0,0
39,11,41.17692565917969,95150,3,2.248319678736549,2,0,1,0,0,1,0
26,5,132.99342346191406,94840,2,4.412628993178664,1,0,0,0,0,0,1
49,20,45.95600891113281,91960,4,2.032899043763001,2,0,0,0,0,1,0
44,34,30.06879425048828,94931,1,1.1846765106765031,3,201,1,1,0,0,0
27,9,63.49141311645508,89919,3,2.115421113224698,1,0,0,0,0,1,0
44,19,57.73810195922852,95161,2,0.4759594724880999,1,0,0,0,0,1,0
64,33,66.45753479003906,94726,2,2.117930815991316,3,0,1,0,0,0,0
36,11,121.32806396484376,94899,2,3.186477411647081,1,0,1,0,0,1,0
43,12,16.509733200073242,91519,1,0.2108542991399442,2,0,0,0,0,1,0
62,38,47.11429977416992,90221,3,0.5190350289562011,1,58,1,0,0,0,0
52,23,54.20675659179688,94976,3,1.7465065054695414,1,0,0,0,0,1,0
47,33,65.34959411621094,92067,4,2.4918980862282414,2,0,0,0,0,1,0
60,34,32.01530456542969,92215,1,0.2196380991834924,3,0,0,0,0,1,0
38,11,40.72721481323242,92066,2,1.3454470549175492,3,0,1,0,1,1,0
54,27,96.92640686035156,92173,3,4.377357293316297,2,125,1,0,1,1,1
60,40,115.84869384765624,94564,2,2.3226146768958422,2,0,0,0,0,0,0
37,18,28.862850189208984,94458,4,2.0372914244496627,2,0,0,0,0,0,0
58,36,42.796234130859375,95340,4,0.9206400065042832,3,83,1,0,0,1,0
27,4,100.77095794677734,94928,4,2.661067019010332,1,0,1,0,0,0,0
61,38,97.35095977783205,91196,1,4.60830863568764,3,0,0,0,0,1,0
32,9,92.1755828857422,91109,1,2.5141138636032103,2,102,0,0,0,1,0
41,5,46.326507568359375,93973,4,2.260638617031735,2,0,1,0,0,1,0
30,6,43.1998291015625,94552,3,0.0505953856562425,1,101,0,1,0,0,0
35,12,55.545318603515625,91092,1,0.0622494535404585,2,0,0,0,0,1,0
40,15,105.30738067626952,94558,1,4.165411681419224,1,0,0,0,0,0,0
42,19,133.66415405273438,92174,2,8.031152185630571,1,0,1,0,1,1,0
42,14,87.68148040771484,91358,3,1.7693254230770348,1,0,0,0,0,0,0
64,40,122.91326141357422,95484,3,6.799287709493109,2,0,1,0,1,1,0
54,22,84.7974624633789,94698,2,1.4458344649030193,2,0,1,0,0,1,0
52,25,165.61599731445312,94372,2,1.737849108348989,1,0,1,0,0,1,0
52,25,51.70169448852539,94300,3,1.563584689874044,3,0,0,0,0,1,0
54,34,62.518653869628906,93943,2,0.6513880610710232,2,121,1,0,0,0,0
63,39,47.099571228027344,94688,3,1.6048977730970893,1,0,0,0,0,0,0
39,15,67.11285400390625,94505,1,2.172245477650234,2,0,0,0,0,1,0
34,7,58.050411224365234,92954,2,1.2333025680806726,3,0,0,0,0,0,0
60,35,33.98698043823242,90874,3,2.977912765431319,3,0,1,0,0,1,0
54,31,34.457275390625,94739,3,1.0706992463393452,2,119,0,1,0,0,0
35,9,35.360069274902344,95825,4,0.5478807658447946,1,0,0,0,0,1,0
61,39,158.22410583496094,92179,1,2.3707132303757814,1,0,0,0,0,0,0
47,25,51.772403717041016,90315,1,0.2046775633334725,2,0,1,0,0,1,0
49,22,160.02615356445312,91119,2,3.025175115107269,1,329,0,0,0,0,0
61,37,30.86036491394043,90204,4,0.5912580494915316,2,158,0,0,0,1,0
63,41,47.20272445678711,92849,4,3.1454076366513406,3,0,1,1,1,1,0
59,34,126.13571166992188,94749,4,1.101125400290783,3,163,1,0,1,1,1
53,15,25.651519775390625,90486,4,2.2589835561592877,1,99,0,0,0,0,0
36,11,124.2223892211914,94859,2,2.7544507896296984,2,0,0,0,0,1,1
63,38,100.2910614013672,92995,3,1.3395549033289198,3,0,0,0,0,1,0
35,12,39.85235977172852,91936,3,1.899406075805031,1,0,1,0,0,1,0
30,1,73.11170959472656,90982,4,0.0577396652852481,1,0,0,0,0,1,0
37,25,61.32256317138672,94242,4,1.0616269953977795,2,165,1,0,0,0,0
29,2,33.1506462097168,89986,2,1.0057332927646148,2,0,0,0,0,1,0
33,12,61.78179931640625,92029,3,1.0909228420489143,3,0,0,0,0,0,0
54,4,32.71128845214844,93997,4,1.672007078817261,2,0,0,0,0,1,0
46,23,64.86398315429688,95375,3,1.2317083542997624,2,0,0,0,0,1,0
36,10,56.32761001586914,96198,4,0.9203221331752456,3,0,1,0,0,1,0
38,8,24.47734832763672,94774,3,1.0697814578217544,1,0,0,0,0,1,0
33,13,101.41979217529295,92233,2,2.2925824176528278,3,0,0,0,0,0,0
41,10,33.01512908935547,94389,4,1.5312868459038134,1,0,1,0,0,1,0
32,8,69.71556854248047,92669,2,1.7440447520337683,2,0,1,0,0,1,0
58,19,29.111536026000977,94774,4,2.988827208517006,3,0,0,0,0,0,0
28,7,164.22433471679688,95506,2,5.998257596360615,1,0,0,0,0,1,0
30,6,129.5970458984375,94079,3,2.2823182658942818,2,0,0,0,0,1,0
62,36,96.6682357788086,91953,2,0.3781883301137116,1,0,0,0,0,0,0
55,32,20.645294189453125,94565,1,0.954342688609598,3,123,0,0,0,0,0
55,33,100.4015655517578,94008,3,3.580481779116744,3,0,1,0,0,1,1
54,27,32.64970397949219,93954,1,2.1989710153057858,3,0,0,0,0,0,0
61,40,114.32850646972656,94551,1,2.1434617580134887,3,303,0,0,0,0,1
50,32,100.4143295288086,94745,1,1.9753732892182636,1,0,0,0,0,0,0
25,4,100.49925994873048,94236,3,1.810342379524423,1,445,0,0,0,1,0
28,3,117.5816421508789,93661,2,1.8244675814836824,1,0,1,0,0,1,0
49,30,64.43038940429688,95002,4,1.39739258664177,2,0,0,0,0,0,0
42,20,200.36746215820312,93113,2,5.026255928659072,1,0,0,0,0,1,0
56,23,45.75458908081055,90682,3,1.109371929673773,2,0,0,0,0,1,0
35,4,83.8025894165039,94866,2,2.072628019717339,3,0,0,0,0,0,0
26,8,55.94926452636719,96061,2,1.6474729776159194,3,0,1,0,0,1,0
62,37,122.44120025634766,94847,4,5.294456385740739,2,0,0,0,0,0,1
60,29,195.9882659912109,95523,4,2.658579762880844,2,0,0,1,1,1,1
40,19,22.241294860839844,91650,2,1.9412996367417692,2,0,0,0,0,1,0
26,1,69.03035736083984,91940,4,0.8950455721088879,3,0,1,0,0,0,0
52,28,56.98321914672852,91375,4,3.085971851280714,1,0,1,0,0,0,0
32,5,87.58847045898438,92544,4,0.500573496243777,1,103,0,0,0,1,0
57,35,84.88553619384766,90038,3,0.850488936589383,1,0,1,0,0,0,0
44,20,51.34452819824219,92945,1,2.153936783337429,1,0,0,1,0,1,0
48,19,53.11117935180664,94889,4,2.3732510969339025,3,90,0,0,0,1,0
30,17,67.0668716430664,92115,4,1.9379341936909116,3,0,1,0,0,0,0
65,38,27.331867218017575,91042,4,1.1986432054879903,3,0,1,0,0,1,0
35,11,37.459754943847656,91415,1,0.2499061395721993,2,0,0,0,0,1,0
30,2,25.61603546142578,94124,4,0.6641833773065388,3,0,1,0,0,1,0
41,18,51.76337814331055,95048,4,0.8252408040747715,1,104,1,0,0,0,0
47,18,64.51094818115234,90251,2,2.186319489853384,3,0,1,0,0,1,0
62,33,80.04470825195312,93294,4,1.641628134890743,1,0,0,0,0,1,0
61,38,134.19918823242188,89847,2,4.802729362606926,1,437,0,0,0,0,0
40,5,112.44833374023438,93781,2,1.9922591668247305,2,0,0,0,0,1,0
35,12,48.7933349609375,94434,3,0.2525218568245847,2,0,1,0,0,1,0
49,16,50.44960021972656,93798,3,1.8861802204005995,2,117,1,0,0,1,0
36,8,26.533056259155277,94951,4,1.3969645988963004,2,395,0,0,0,0,0
29,3,34.44255065917969,95704,3,0.4895195788527509,2,149,0,0,0,1,0
49,20,31.875328063964844,90263,2,0.3434816356285941,3,223,0,0,0,1,0
34,7,25.66459274291992,93762,4,1.35921136141956,3,0,1,0,0,1,0
41,8,204.0925750732422,95135,2,6.43081723192658,1,586,0,1,0,0,0
31,0,83.22071838378906,94451,3,0.7131591813876179,2,0,0,0,0,0,0
65,39,140.7780303955078,90181,2,0.5554792343667145,1,0,0,0,0,0,0
30,6,162.64556884765625,93038,1,4.593227086450162,1,0,0,0,0,0,1
23,2,24.5452938079834,95646,4,0.5866271265194902,2,89,0,0,0,0,0
30,6,66.60614776611328,95658,1,2.873663745841548,2,0,0,0,0,0,0
59,33,45.50735092163086,91865,3,2.154604037595937,2,0,0,0,0,0,0
46,33,57.24687194824219,95010,3,0.3284993921650322,1,0,1,0,0,1,0
62,37,182.26182556152344,94240,2,3.5949164415496653,1,0,1,0,0,1,0
29,3,46.49391174316406,95797,4,2.073278699427421,1,107,0,0,0,1,0
45,5,68.60910034179688,94149,1,3.2376027386880493,1,0,0,1,0,0,0
65,41,80.99787902832031,91122,3,1.615667264934768,3,168,0,0,0,0,0
67,39,144.77532958984375,95762,3,1.2894157509010116,3,0,1,0,0,1,1
34,4,8.783496856689453,91873,1,0.8220614740047524,1,102,0,1,0,1,0
26,4,43.01458740234375,95528,4,1.072207545276442,3,0,1,0,0,1,0
44,29,59.617130279541016,92928,1,2.2118667756837818,2,150,0,0,0,1,0
31,8,74.66355895996094,94603,1,2.6906208564022047,2,0,0,0,0,0,0
27,17,66.35600280761719,94302,3,0.3530243732365007,3,0,0,0,0,1,0
58,37,42.15988159179688,90224,3,1.1150058013371809,2,0,1,0,0,1,0
43,17,47.96391296386719,89835,1,1.5275627199299688,3,0,1,0,0,1,0
26,3,60.49603271484375,91780,3,1.7353225271658987,3,0,0,0,0,1,0
39,19,49.02048110961914,93123,1,0.1035807738208168,2,158,0,0,0,1,0
56,32,189.91378784179688,95224,2,6.355205046396542,1,0,0,0,0,1,0
28,3,117.49491119384766,93940,3,1.9808186543018296,1,0,0,0,0,1,0
61,37,206.22027587890625,90586,1,2.5746127299408177,1,0,0,0,0,0,0
53,26,100.07920837402344,95066,4,5.731424977254616,1,0,1,0,0,1,0
37,9,48.83631134033203,96199,4,1.4271100963311878,3,0,0,0,0,1,0
24,2,101.75772094726562,94529,2,1.4649677529065266,1,0,1,0,0,1,0
42,11,39.703311920166016,91658,2,0.6088234581109121,2,0,0,0,0,0,0
29,10,84.97181701660156,94240,2,1.384569661578951,2,0,0,0,0,0,0
48,30,83.33782958984375,94869,1,2.7618404922007245,1,0,1,0,0,1,0
57,31,74.65784454345703,91461,3,0.6981756028304853,2,0,0,0,0,1,0
40,16,132.01058959960938,94322,3,0.6126968349157277,3,0,1,0,0,1,1
32,13,100.7977294921875,91832,3,2.274111241592065,1,0,1,0,0,1,0
27,2,116.4989776611328,94409,2,1.5166565453736172,1,0,0,0,0,0,0
54,19,58.8788948059082,91589,1,2.151546162095818,3,0,0,0,0,1,0
40,18,81.06729125976562,95781,2,1.6652890859486331,2,98,0,0,0,1,0
56,32,75.21099090576172,95353,2,2.2399200071404066,1,0,0,0,0,1,0
54,25,83.10201263427734,92066,1,1.5387490852144547,3,0,0,0,0,1,0
30,4,32.820762634277344,93809,4,0.1203222184821449,3,140,1,0,0,1,0
31,6,52.96338653564453,92368,1,0.3273915654622553,1,0,0,0,0,1,0
41,14,138.1841583251953,95788,3,2.429375852615896,1,0,1,0,0,0,0
40,29,45.33228302001953,91893,2,2.357787868146582,1,102,0,0,0,1,0
60,6,57.86881637573242,93351,4,1.3600108162683913,2,0,0,0,0,0,0
53,26,41.214942932128906,93149,1,0.0599725994568735,3,0,0,0,0,1,0
59,40,194.28890991210935,91867,2,1.6945642310692248,1,344,0,0,0,1,0
56,32,22.33638000488281,94599,2,0.4590737642013669,1,89,1,0,0,0,0
64,38,47.4582633972168,90767,2,0.971268814758586,2,0,1,0,0,1,0
28,16,181.41851806640625,92287,1,0.3254998344322888,1,0,0,0,0,0,0
44,27,84.88005065917969,90505,2,1.3362583697686696,3,0,0,0,0,0,0
47,7,13.921319961547852,91352,4,1.748001642364712,1,0,1,0,0,1,0
61,39,88.10928344726562,95770,2,2.588083967627942,2,0,0,0,0,0,0
39,20,199.90599060058597,94083,2,0.5918681839138064,2,125,0,0,0,1,1
34,10,40.308815002441406,91253,4,0.5898418682823677,2,103,0,0,0,1,0
26,7,72.59571075439453,95680,3,1.0170485577532409,1,120,0,0,0,1,0
33,4,77.87251281738281,95063,4,0.2685327649965839,2,0,1,0,0,1,0
40,21,81.10931396484375,89943,1,2.793735328115408,3,0,0,0,0,1,0
51,27,69.64712524414062,90208,2,1.2958075829053424,1,0,0,0,0,1,0
31,4,71.95310974121094,91997,2,1.9433430932571207,2,0,0,0,0,0,0
34,4,46.49177551269531,94946,2,1.9963517477878527,1,0,0,0,0,1,0
31,5,55.39889526367188,94060,4,2.036071617794865,2,0,0,0,0,0,0
40,26,185.69769287109372,90336,1,7.7591806509826355,1,0,0,0,0,0,1
49,25,73.63866424560547,91508,2,1.8477996809883543,1,108,0,0,0,0,0
25,1,16.208112716674805,90952,4,1.102049791534235,1,0,1,0,0,1,0
43,21,9.522557258605955,90119,3,0.4234272721695294,1,104,1,1,1,1,0
36,14,136.9392852783203,95084,2,2.504749353124537,1,0,1,0,0,1,0
47,25,25.60526657104492,94553,2,0.0106278750263807,3,0,0,0,0,1,0
57,39,41.98306274414063,94853,4,0.0651127921423474,1,97,0,0,0,0,0
36,17,175.36935424804688,89858,3,1.259983866390984,3,141,0,0,0,0,1
33,3,22.340126037597656,95483,4,0.1739384669479552,2,0,0,0,0,1,0
41,14,87.88301086425781,92807,4,1.0262662544484698,1,0,0,0,0,0,0
61,31,116.87577056884766,90266,2,2.4658251633955155,2,0,0,0,0,0,0
34,8,196.26663208007807,94584,2,3.047187840683227,3,0,1,0,0,1,0
58,27,52.2888298034668,94332,3,1.1368754644840735,2,0,0,0,0,1,0
62,36,70.3903579711914,93909,2,2.5834396710642404,2,0,0,0,0,1,0
54,25,14.726736068725586,95185,2,0.9629823369189064,3,127,0,0,0,0,0
32,8,68.19007873535156,95483,1,1.4901825028873183,3,0,1,1,0,1,0
40,11,49.97726440429688,94639,3,2.449181672906777,1,0,0,0,0,1,0
50,34,11.743374824523926,94534,4,0.1317126496706386,3,0,0,0,0,1,0
35,12,34.78209686279297,90523,4,0.2593948994158473,1,0,0,0,0,1,0
43,18,23.50010299682617,94300,4,0.9690538956131712,3,0,0,0,0,0,0
48,17,36.396785736083984,90220,3,0.614772273255952,1,117,0,0,0,1,0
59,31,61.499210357666016,90217,4,1.8725339612526963,3,0,0,0,0,1,0
63,37,31.572959899902344,95567,4,0.3599192878739827,1,0,1,0,0,0,0
28,1,40.94166946411133,94113,4,1.976232042505235,3,138,1,0,0,1,0
63,34,60.54012298583984,90408,1,1.0847056420511905,3,0,0,1,0,0,0
63,37,72.65475463867188,96080,2,2.388342810577051,3,0,1,0,0,1,0
65,35,37.5745735168457,92945,3,0.8411162127352396,3,0,0,0,0,0,0
59,36,35.40627670288086,91344,3,0.6857593172687715,1,0,0,0,0,1,0
52,30,48.67778396606445,92651,2,0.2730726146861961,1,0,1,0,0,1,0
57,35,141.04005432128906,94317,2,3.81602008315382,1,0,0,1,0,0,0
54,28,54.20549774169922,95404,4,2.1996853680481734,1,0,1,0,0,1,0
63,36,45.697662353515625,92806,2,0.5850284027728154,1,109,0,0,0,0,0
60,40,63.347198486328125,92149,4,1.3011923193819055,1,0,0,0,0,1,0
55,35,180.5578765869141,91258,1,1.5921723819754363,1,0,0,0,0,1,0
47,29,211.13038635253903,94584,2,5.122324891002174,3,110,0,0,0,1,1
38,11,45.02089691162109,95632,4,2.0780038572333748,3,0,1,0,1,1,0
29,3,64.70629119873047,92125,4,1.282239915515871,2,0,1,0,0,1,0
63,39,61.61833953857422,93909,1,1.9883848502561616,2,0,1,0,0,1,0
60,34,37.41844177246094,91651,4,0.8588634335096678,1,287,0,0,0,1,0
50,24,37.14111328125,93001,1,1.3683692483484615,2,0,0,0,0,1,0
41,21,97.6178970336914,90110,3,0.0296642194651597,2,0,0,0,0,1,1
43,22,100.52894592285156,94671,1,1.3606554183551034,1,0,1,0,0,1,0
58,19,16.55511474609375,94122,3,0.2273322718649463,1,0,1,0,0,0,0
61,36,75.5842514038086,92997,3,0.5042826471937907,1,0,0,0,0,1,0
61,37,48.53129196166992,95641,1,0.3010413636464627,1,0,0,1,0,1,0
59,33,36.23006439208984,92806,4,1.7250881527465265,1,0,0,1,0,1,0
51,23,82.69503784179688,92122,1,1.917080851328839,3,231,0,0,0,1,0
62,37,22.50544166564941,90079,4,0.0518318119321941,3,0,1,0,0,1,0
62,38,55.09201431274414,90330,4,1.0990657911857644,2,0,0,0,0,0,0
39,10,65.33370971679688,94479,3,0.9391028731372288,2,132,1,0,0,1,0
26,4,63.396522521972656,95844,3,0.9134782439186862,2,321,0,0,0,1,0
54,37,40.50419616699219,95098,1,0.6778431821285389,3,0,0,0,0,1,0
41,21,207.11029052734372,91997,2,6.1909690084700015,1,0,0,0,0,1,0
42,7,72.68590545654297,95198,3,2.793693729575814,3,238,0,0,0,0,0
49,34,24.910951614379883,94387,4,0.1004663284625012,1,0,0,1,0,0,0
63,35,37.07852935791016,94770,3,0.7659075520271431,1,0,0,0,0,1,0
63,39,63.83643341064453,94212,3,1.269165584058829,2,0,0,0,0,1,0
61,33,68.61990356445312,95675,1,2.538126221331973,1,0,0,0,0,1,0
37,4,72.22037506103516,92090,1,3.297921270421297,1,0,1,0,0,0,0
43,17,52.5572624206543,94872,4,1.5570204227110738,1,0,0,0,0,1,0
36,11,105.70650482177734,90079,2,1.485946835933131,1,0,1,0,0,0,0
42,16,105.0509033203125,94794,1,3.878175449071639,1,132,1,1,0,1,0
63,37,176.28494262695312,89918,2,4.223072295120788,3,0,1,0,0,1,1
49,30,59.85830307006836,95440,4,1.0321040389966958,2,0,0,0,0,1,0
61,35,30.177791595458984,92571,1,0.2871858052654963,1,0,0,0,0,1,0
60,39,12.663167953491213,93242,2,0.0773403978092542,1,97,1,0,0,0,0
46,14,65.82266235351562,92959,4,0.1629757208807866,2,0,0,0,0,0,0
43,18,89.4835433959961,95538,1,3.964122536765245,3,0,1,0,0,1,0
65,39,31.322834014892575,94608,3,2.0367038603551477,1,0,0,0,0,1,0
60,34,23.02598190307617,92895,2,0.3360742923988025,1,0,0,1,0,0,0
55,6,19.27945327758789,95149,4,0.7744244565992615,3,0,1,0,0,1,0
61,33,58.86282730102539,91408,3,0.5588403341730713,3,0,1,0,0,0,0
30,5,33.70549774169922,94217,4,1.5744446093320588,1,0,0,0,0,1,0
62,42,67.5168685913086,92229,3,0.2752834553967712,2,0,0,0,0,1,0
61,37,54.48247528076172,94527,4,0.9004937558242331,2,0,0,1,0,0,0
54,34,15.498767852783203,93132,2,1.0401521432707108,1,0,0,0,0,0,0
56,40,54.61260986328125,90478,1,2.070974888670032,1,0,0,0,0,0,0
43,17,180.79653930664065,95731,2,5.411362701296455,1,0,0,1,0,1,0
59,36,39.67258071899414,95084,1,0.1763643742799149,2,0,0,0,0,1,0
41,7,12.56894588470459,95789,4,1.074569891142313,1,0,1,0,0,1,0
40,18,200.6156005859375,91936,4,6.066682035981266,3,0,0,0,0,0,1
57,33,26.02049827575684,94601,2,1.7365759375598748,3,215,0,1,0,1,0
49,12,115.09928894042967,94499,1,1.0870926522071818,3,0,1,0,0,0,0
55,34,65.71859741210938,94733,1,2.2647255432298645,3,0,0,0,0,1,0
45,27,59.33977890014648,95569,2,0.4449281531951744,1,0,1,0,0,0,0
28,1,63.42610549926758,95353,3,1.7019525538846887,2,0,1,0,0,0,0
43,8,48.07994842529297,92140,4,0.3866592269986319,2,0,0,0,0,1,0
28,1,28.52489852905273,92866,4,0.7923549692223717,2,0,0,1,0,0,0
36,24,62.132080078125,91745,1,3.0628453842012577,1,153,0,0,0,0,0
56,38,66.12797546386719,94952,2,1.9745813437306257,3,141,0,0,0,1,0
65,39,18.974098205566406,90465,3,1.1511893680940903,2,0,0,0,0,1,0
61,32,54.52946090698242,93875,1,2.070711339780773,2,0,0,0,0,1,0
49,25,71.617431640625,91771,1,1.1511432422735794,1,179,1,0,0,0,0
45,19,140.8867645263672,93961,4,5.087110051630945,2,151,0,0,0,0,1
41,5,72.203125,93884,1,2.952151902225393,1,0,1,0,0,1,0
49,27,17.480438232421875,93523,3,1.322628571307681,1,0,0,0,0,0,0
36,5,27.196413040161133,95119,4,0.9860218146662308,2,0,0,1,0,0,0
29,4,18.888900756835938,94616,3,0.1773605731130323,1,86,0,0,0,0,0
58,32,62.67212677001953,92116,4,1.3088942137641078,3,0,0,0,0,1,0
61,23,41.35670471191406,95885,1,0.1734105683620341,1,0,0,0,0,0,0
26,2,156.8419952392578,95054,2,4.476174623950471,1,0,1,0,0,0,0
50,29,38.255252838134766,95428,3,1.920963400330208,2,0,0,0,0,1,0
53,24,190.8633575439453,94545,3,2.8747629420973,3,0,0,0,0,1,1
55,32,74.2044677734375,92295,1,1.4032862119489549,2,0,0,0,0,0,0
40,6,21.46490478515625,94806,3,0.6205943852626555,1,111,1,0,0,0,0
43,12,35.01944732666016,91493,2,0.4993102777795392,3,0,0,0,0,1,0
58,17,66.43881225585938,94247,2,1.6725741544771155,2,0,0,0,0,1,0
49,26,36.621768951416016,90288,4,0.3564473224494211,3,0,0,0,0,1,0
36,9,57.14769744873047,91779,4,2.074637051251016,3,0,0,0,0,0,0
33,9,79.52890014648438,91353,2,1.584715253683337,1,0,1,0,0,1,0
64,40,131.57730102539062,92115,2,1.4404240644281057,1,0,1,0,0,1,0
35,17,82.2903060913086,92087,1,0.5126013404954386,2,0,0,0,0,1,0
50,16,25.368194580078125,89776,3,1.7535052160220186,2,0,0,0,0,1,0
42,15,78.36967468261719,92438,1,2.7986549835201093,2,0,0,0,0,1,0
63,38,31.562217712402344,94731,4,0.6766389618725643,2,120,0,0,0,1,0
40,22,69.8779296875,91300,1,0.1955121829902973,1,0,0,0,1,1,0
35,16,59.93121719360352,91467,3,1.3548666143139994,3,0,1,0,0,1,0
39,13,48.55179977416992,93908,2,2.055789489799273,2,0,0,0,0,0,0
46,27,60.328269958496094,92897,1,0.4125568302004115,3,234,0,0,0,0,0
27,4,148.25857543945312,91654,2,3.2157395619878435,1,0,0,0,0,0,0
56,26,84.80748748779297,93200,2,1.071340378194887,1,0,0,0,0,1,0
51,33,54.36438751220703,94782,2,0.3480125774000308,2,0,1,0,1,1,0
40,20,93.5189971923828,96011,1,0.9882339469195716,2,160,1,0,0,1,0
43,15,51.10677337646485,91452,1,1.3934002830754524,3,0,0,1,0,0,0
49,25,62.13116455078125,93558,4,1.0095177560225168,2,0,0,1,0,1,0
44,25,61.458473205566406,92693,4,0.6192341922367457,3,128,1,0,0,0,0
26,5,61.39154052734375,92772,4,0.6021384323675715,3,0,1,0,0,1,0
56,25,108.02188873291016,89859,1,2.732877609144026,2,0,0,0,0,1,0
28,10,104.60994720458984,92136,1,1.4562581761578044,3,0,1,0,1,1,0
31,7,140.4783935546875,90018,1,0.1877937143343548,1,0,0,0,0,1,0
60,35,49.4326171875,89999,4,1.8234929039964536,1,0,0,1,0,0,0
63,38,59.84950256347656,91418,3,1.350787736027128,3,0,1,0,0,0,0
36,16,60.54990768432617,95338,1,2.266204101044299,1,199,0,0,0,1,0
39,18,72.3668441772461,92981,1,1.828920896685864,2,189,0,0,0,1,0
38,9,34.318885803222656,92683,4,0.590932189633484,1,0,1,1,0,1,0
54,31,60.79916763305664,90304,1,0.5058068257093397,3,286,0,0,0,0,0
53,28,50.57033157348633,95534,2,0.8743725952909109,1,0,1,0,0,1,0
36,20,21.3918399810791,92565,4,0.6966138955652786,3,0,0,0,0,1,0
33,11,21.33937644958496,92557,4,0.1250073998377258,2,103,1,0,0,0,0
57,30,83.33560943603516,94429,4,3.3040966040612765,1,105,1,0,0,0,0
36,9,54.08598327636719,90188,4,1.998828194439497,2,0,0,0,0,1,0
46,27,57.083587646484375,91136,1,2.277528230980494,3,139,0,0,0,1,0
39,20,33.81690216064453,95066,4,0.1276414613903186,1,0,0,0,0,0,0
47,21,88.35736846923828,90077,1,0.8518786176166916,1,121,0,0,0,0,0
51,29,60.41380310058594,90526,1,1.1440316594608706,3,0,0,1,0,1,0
60,36,50.70504760742188,92550,3,0.5209036874478845,2,0,0,0,0,1,0
42,11,125.32131958007812,95079,3,5.264044821350269,2,108,1,0,1,1,1
27,4,67.81159973144531,95416,3,0.9691449114823256,3,208,0,0,0,1,0
44,15,28.2588005065918,96435,2,1.425843472700325,3,0,0,0,0,1,0
42,10,160.4703369140625,94881,2,0.1740494098998599,3,319,0,0,0,1,1
57,23,27.24232482910156,95819,1,1.342580597392642,2,0,0,0,0,1,0
49,15,26.426267623901367,95722,3,0.493138850631572,2,0,0,0,0,1,0
29,15,61.94186401367188,92358,3,2.764818712068271,1,0,1,0,0,1,0
50,21,27.340904235839844,94008,2,0.4300562912928713,3,226,0,0,0,1,0
62,27,102.88834381103516,92784,1,0.2083900388412033,3,105,0,0,0,1,0
38,10,46.03204727172852,91987,2,0.2417668837217046,2,0,0,0,0,1,0
55,33,166.41929626464844,91721,2,5.120963945538495,1,0,1,0,1,1,0
30,4,60.755836486816406,94783,1,1.474369203049543,3,0,1,0,0,0,0
49,6,51.853763580322266,91463,4,1.818185206706405,3,0,0,0,0,0,0
38,20,37.60211181640625,94648,4,1.1890103583463492,2,0,0,0,0,1,0
59,28,51.36653518676758,92229,3,0.3762349229974145,2,0,0,0,0,1,0
63,36,80.48094177246094,90387,2,0.1348255841423032,1,0,0,0,0,1,0
44,24,67.93437194824219,94618,4,0.9722468776750548,2,0,0,0,0,1,0
37,9,56.42594528198242,92007,3,2.293728789603088,3,0,0,0,0,0,0
52,21,48.93737030029297,94265,1,2.693881948257641,3,0,0,0,0,1,0
62,37,52.53157424926758,92014,2,0.2431235361979362,1,392,1,0,1,1,0
25,6,77.81959533691406,90611,4,0.9346774561563812,2,0,0,0,0,0,0
30,22,135.441650390625,90115,2,5.50286662051233,1,0,0,0,0,1,0
50,23,57.0307502746582,91968,3,0.3081487543337619,1,0,0,0,0,1,0
61,37,30.0994873046875,94269,2,2.765582711245306,1,0,0,1,1,1,0
41,26,88.11265563964844,91812,1,1.312036131767454,1,163,0,0,0,1,0
59,33,122.41361236572266,90904,1,2.479191529745377,1,0,0,0,0,1,0
45,14,143.57089233398438,90207,3,1.6573515378966452,1,275,0,0,0,1,1
43,14,32.44358825683594,91763,3,0.8306710312790699,3,0,0,1,0,0,0
33,12,55.69293212890625,95882,3,1.401187287030274,3,0,1,0,0,0,0
49,25,79.03634643554688,92172,4,1.711029399633488,2,0,1,0,0,1,0
27,1,55.47958755493164,91272,3,0.6570665978830453,2,157,0,0,0,1,0
26,2,119.24352264404295,90414,1,3.996160296194171,1,0,1,0,0,0,0
59,38,42.83003234863281,91149,4,1.4536196204650764,2,0,1,0,0,1,0
39,18,208.81768798828125,91472,1,5.175450988655779,1,0,1,0,0,1,0
46,19,71.3232192993164,92835,2,0.2701841445688487,1,0,0,0,0,0,0
63,39,128.99453735351562,94189,2,2.151560471799117,1,0,0,0,0,1,0
30,0,192.7139129638672,94988,2,7.68528978736883,1,537,0,0,0,1,0
62,35,115.71918487548828,94656,3,2.123340527260257,3,297,0,0,0,0,1
47,19,35.94654083251953,95800,2,1.9710282173950548,3,139,1,0,1,1,0
59,15,42.72592544555664,92106,4,1.688271620660901,3,0,0,0,0,0,0
59,30,83.89143371582031,90003,2,0.194866552469559,1,0,0,0,0,1,0
50,27,20.135948181152344,95992,1,0.3474460719520867,2,0,0,0,0,1,0
59,23,79.65762329101562,94434,2,2.2986748932916328,1,0,1,0,0,1,0
63,37,24.03365135192871,90531,4,0.8842905731835817,1,0,1,0,0,1,0
41,14,27.919740676879883,91097,2,0.4480342624873482,3,0,0,0,0,1,0
40,12,37.552581787109375,89763,2,0.9418364370884232,3,0,1,0,0,1,0
63,37,110.45116424560548,92630,4,0.5406112102550511,3,0,0,0,0,1,0
51,25,100.98883819580078,92961,2,2.5443250686634538,1,0,0,0,0,0,0
62,33,65.12474822998047,94288,1,1.98407669317284,3,0,0,0,0,1,0
61,36,78.90377044677734,91677,4,2.473786478253637,1,0,0,0,0,0,0
41,21,22.30575180053711,93083,4,0.6740403840773133,2,0,0,0,0,1,0
64,38,88.48644256591797,95267,3,1.8609113267705744,1,0,1,1,1,1,0
62,35,72.34203338623047,90462,1,1.9347198136955488,1,0,0,1,0,1,0
53,24,23.742382049560547,92023,4,0.308546791072442,1,0,0,0,0,0,0
41,24,108.7834014892578,95167,4,1.3139701001210633,2,184,0,0,0,1,1
59,26,84.98008728027344,95985,1,2.659929024413352,2,233,0,0,0,1,0
58,14,49.88021087646485,90145,1,2.804600140380884,2,0,0,0,0,0,0
44,18,213.2035369873047,94322,3,6.671297402599434,3,0,0,0,0,1,1
56,32,57.55859756469727,91942,3,1.656674748117732,2,0,1,1,0,0,0
47,17,60.35125350952149,94091,4,2.0850445183856468,2,229,0,0,0,0,0
27,14,17.965362548828125,90057,2,0.2753951226195462,3,0,1,0,0,1,0
43,16,67.91995239257812,94046,3,0.6523238385272343,1,0,0,0,0,0,0
58,35,34.50202941894531,93656,4,1.1361491971556126,3,0,0,0,0,0,0
48,17,146.1206817626953,95989,1,4.532250922166654,3,0,0,0,0,1,0
40,20,28.02189445495605,92619,3,0.1428857867039651,3,0,0,0,0,1,0
30,3,84.66776275634766,91968,2,0.3875213895544544,2,0,0,0,0,0,1
47,31,111.59911346435548,94466,1,1.6208189603733392,1,0,1,1,1,1,1
47,33,90.33804321289062,90074,1,0.6278306018107561,2,0,0,0,0,1,0
65,31,140.09719848632812,90134,2,2.418969519813269,2,0,1,0,0,0,1
63,36,60.878562927246094,92315,2,0.5796917139919335,3,267,0,0,0,1,0
38,24,37.52825927734375,94210,1,0.9449776206750672,3,0,0,0,0,1,0
48,25,21.720787048339844,92771,2,2.296940134097402,2,153,0,0,0,1,0
54,23,139.11219787597656,94085,3,2.8270257976286444,2,0,0,0,0,0,1
60,34,134.48300170898438,92542,4,1.2954021215396945,3,0,1,0,0,1,0
28,-1,82.41127014160156,92158,4,5.364991530103399,2,0,1,0,0,0,0
60,25,18.63343811035156,94261,3,0.1531418522039279,2,0,0,0,0,1,0
60,28,128.48300170898438,92341,1,2.3180165769492613,1,0,1,0,0,1,0
30,4,37.73848724365234,93885,1,0.3121157817952989,1,93,0,0,0,0,0
46,19,140.4127655029297,95638,2,6.837787782394577,1,0,0,0,0,1,0
32,10,96.44701385498048,94463,2,1.144898688038514,1,0,1,0,0,1,0
61,35,82.01498413085938,90062,4,1.824333685410535,1,0,0,0,0,0,0
37,20,131.2686004638672,91451,1,0.2675487381968875,1,0,0,1,0,1,0
32,19,38.252098083496094,90027,1,2.336859625137663,3,0,1,0,1,1,0
46,22,76.42765045166016,94673,3,0.6358129941032377,2,0,0,0,0,1,0
55,35,32.46849822998047,91484,1,0.3524209796713741,3,148,1,0,0,1,0
30,2,58.48630905151367,93042,4,2.615067530494708,3,227,0,0,0,1,0
25,1,26.96787643432617,95661,4,0.2249454858042779,2,0,0,1,0,1,0
33,4,43.39566421508789,91329,4,1.9675193684497188,2,100,1,0,0,1,0
31,7,43.9084587097168,94946,4,1.632360018809561,1,0,0,0,0,1,0
29,10,39.65967559814453,92356,2,1.783001300221157,1,0,1,0,0,1,0
64,40,83.488037109375,91358,3,2.624304568971338,1,0,1,0,0,0,0
64,32,75.35540008544922,93040,4,1.82902842818384,3,166,0,0,0,1,0
42,8,53.02497863769531,95875,4,0.6190209216538224,1,192,1,0,0,1,0
39,19,162.97689819335938,91453,2,1.1746127290862862,1,0,1,0,0,1,0
46,30,23.659103393554688,92904,4,0.2169309875638101,3,0,0,0,0,0,0
45,22,78.3778076171875,95975,2,0.0403649630498456,3,0,0,0,0,1,0
55,17,60.879356384277344,89948,4,0.3015665986179779,2,0,0,1,0,0,0
45,23,37.01538848876953,95569,3,1.566502040645671,1,100,0,0,0,1,0
61,31,92.91043090820312,90301,4,2.81338281184197,1,0,0,0,0,0,0
64,43,42.86392974853516,92620,2,2.053350160872598,3,0,0,0,0,0,0
58,34,21.29110336303711,93056,2,0.8824130251346846,3,0,1,1,0,1,0
56,34,24.094831466674805,94104,1,2.7089638093235267,2,0,0,1,0,0,0
45,19,66.76107788085938,95778,2,6.319627067897266,1,0,0,0,0,0,0
60,37,67.48089599609375,92952,2,1.7590248797238803,2,0,1,0,0,1,0
48,17,74.5074691772461,92053,1,2.2767307743941108,3,257,0,0,0,0,0
30,8,42.672645568847656,94790,4,2.3311913097342822,2,0,0,0,0,1,0
45,18,71.53076171875,92952,1,2.3081480290482244,1,0,1,0,0,1,0
29,1,50.02030563354492,93103,4,1.844503913620673,1,0,0,0,0,1,0
32,26,95.28194427490234,94841,1,2.6365186159985017,2,201,0,0,0,1,0
44,17,34.47753143310547,90228,3,1.0602535348105406,3,68,0,0,0,1,0
61,31,32.91026306152344,93055,3,1.6533936231781414,3,0,0,0,0,1,0
29,2,45.826568603515625,93867,4,0.540716933994291,1,0,0,0,0,1,0
48,22,32.91714096069336,94913,4,0.4265122446459714,2,155,0,0,0,1,0
52,19,64.69145965576172,95387,2,0.529924331998869,1,0,0,0,0,1,0
45,21,42.68614959716797,94592,3,0.2258286641762383,2,0,1,0,0,1,0
49,11,85.31143951416016,96062,1,1.6853225682273592,1,0,0,0,0,1,0
64,42,76.47077178955078,96240,4,1.7716328666821508,3,0,0,0,0,0,0
61,38,61.31874084472656,92641,2,0.5263093620752143,2,0,0,0,0,1,0
53,20,89.73619079589844,94561,2,0.3699557274273869,1,0,1,0,0,0,0
46,15,79.73413848876953,95504,1,3.49644221112604,2,119,1,0,0,0,0
41,16,48.97238159179688,92353,1,1.0927769843952055,3,0,0,0,0,1,0
36,10,58.15376281738281,90173,3,1.995151991014152,3,0,0,0,0,0,0
25,-2,28.74950790405273,94354,3,0.5760392757150546,2,0,0,0,0,0,0
28,11,83.88214874267578,90465,1,3.8776710448238942,3,130,0,0,0,1,0
59,36,96.3682098388672,93845,2,2.3197512681579973,1,0,1,0,0,0,0
41,16,34.83930587768555,92359,4,0.8058861644756035,3,0,0,0,0,1,0
57,34,164.6400146484375,90406,1,2.5250478618147394,3,391,0,0,0,1,1
35,20,117.08935546875,90223,1,1.5376926536115505,2,0,1,0,0,0,1
51,23,167.9480438232422,95051,3,1.5434540815719453,2,0,0,0,0,0,1
57,35,70.3096923828125,90113,3,2.645846321112818,1,0,1,0,0,1,0
58,32,42.55812072753906,90168,3,0.4961052573714704,3,0,1,1,1,1,0
59,31,27.81443977355957,94631,2,0.6452943781122237,3,0,1,0,0,0,0
39,18,78.29273223876953,94338,3,1.1395244168142424,1,0,1,1,0,0,0
63,28,40.116920471191406,96239,1,1.407127022243443,2,0,0,0,0,0,0
39,4,63.79280090332031,94458,1,0.4921234198017208,1,0,1,0,0,0,0
56,34,25.80858993530273,92121,1,0.940582471856632,1,129,0,0,1,1,0
59,31,74.42943572998047,94348,3,1.926880405308032,2,0,0,0,0,0,0
63,40,14.284377098083496,90206,2,1.122396974382543,1,107,0,0,0,0,0
66,40,65.99012756347656,94491,2,0.9232319942427129,2,0,1,1,0,1,0
24,0,60.26649856567383,95630,3,1.2458251555025552,2,141,0,0,0,1,0
37,16,126.05606842041016,94289,1,2.780413186500335,1,0,1,0,0,1,0
47,22,13.292948722839355,91557,3,1.3197796741788466,1,0,0,0,0,1,0
38,9,39.65562438964844,94268,2,0.8112988130906875,3,146,1,0,0,0,0
50,34,91.56358337402344,94621,1,2.8733735368228435,1,0,0,1,0,0,0
36,20,45.97459411621094,90155,4,1.359715048447826,3,0,1,0,0,0,0
57,23,109.82415771484376,94266,2,0.9722326266167732,2,0,0,1,0,0,0
30,6,90.14225769042967,94561,1,1.475423036707988,3,0,0,0,0,1,0
39,16,25.155183792114254,94054,4,0.1582756781315089,2,0,1,1,0,1,0
34,17,129.49375915527344,96143,3,5.553779713185169,1,322,1,0,0,0,0
48,18,43.82159423828125,91936,1,1.0909606888275225,3,179,0,0,0,0,0
64,39,176.46438598632812,90359,2,1.7061746001804614,3,458,1,0,0,0,1
39,28,116.07298278808594,93289,2,1.473542222135492,1,134,0,0,0,1,0
35,8,40.433868408203125,94173,3,1.491314843281684,2,0,0,0,0,0,0
32,6,77.11568450927734,91571,3,1.4080758222319725,2,0,0,0,0,1,0
30,3,112.97132873535156,90004,2,3.395380358996264,1,470,1,0,1,1,1
38,15,13.204442977905272,91901,3,0.933815447388421,2,0,0,0,0,0,0
64,39,43.25858688354492,94517,1,1.0347416123269066,3,0,0,0,0,1,0
50,30,138.20787048339844,94648,4,4.291488957402916,2,0,1,0,0,0,1
27,1,61.87395858764648,95725,4,0.4430697781255831,1,0,1,0,0,1,0
34,21,187.7438201904297,96047,3,1.17371737927888,3,324,0,0,0,0,1
62,42,55.01171112060547,89746,3,4.258729870952557,3,0,1,0,0,0,0
48,28,33.91925048828125,94400,2,1.0199388445578392,3,475,1,0,0,1,0
34,5,56.73845291137695,95907,3,0.499792398302591,2,0,1,0,0,0,0
62,35,69.99545288085938,95258,4,1.401185163876423,1,0,0,0,0,0,0
25,1,45.76317596435547,95112,4,1.594879677896371,2,0,0,0,0,1,0
35,33,56.89591598510742,94056,2,2.296834329798369,2,0,0,0,0,1,0
58,25,86.7036361694336,92662,4,1.0327585973790228,2,149,1,0,0,0,1
59,37,67.80210876464844,94584,4,2.532969688542208,1,108,0,0,0,0,0
52,21,79.86209869384766,94303,1,0.3729555630586489,1,0,1,0,1,1,0
52,28,62.96405029296875,91189,3,0.7407154096934395,2,0,0,0,0,0,0
62,39,46.93124771118164,94076,2,2.3672293838337515,2,0,1,0,0,1,0
39,11,60.02801513671875,95199,3,0.8310672902039845,2,0,0,1,0,1,0
63,35,75.49530029296875,91251,4,2.8005914003663595,2,0,0,0,0,0,0
29,4,114.73313903808594,95610,2,5.108585951696281,2,0,0,0,0,0,1
31,6,66.90634155273438,93134,3,3.000206898078492,1,0,0,0,0,1,0
56,24,21.58745765686035,96417,3,1.3103316909665963,2,0,0,0,0,1,0
47,25,49.995147705078125,89969,1,1.3824343682837186,3,133,1,0,0,1,0
61,37,59.23231506347656,94603,2,2.558552621422572,1,256,0,1,1,1,0
48,18,33.392913818359375,91966,4,1.779883467524878,2,0,0,0,0,1,0
31,16,15.895691871643066,92283,2,1.5880095766657545,3,107,0,0,0,0,0
32,10,72.04829406738281,94846,2,1.3966680916130143,2,150,0,0,0,0,0
28,3,63.72504425048828,91279,1,0.4331372109576755,1,109,0,0,0,0,0
65,33,21.52054214477539,92758,2,0.310137602161934,3,0,1,0,0,0,0
59,27,34.80744171142578,89959,1,0.243448025156018,2,0,0,0,0,1,0
62,40,35.75120544433594,94642,3,0.3207225339569053,1,0,1,0,0,1,0
47,19,63.771968841552734,95006,2,0.1872613737380197,1,0,0,0,0,0,0
29,4,37.222412109375,93917,3,1.1289320267552292,2,0,0,0,0,1,0
62,37,47.119606018066406,94659,1,1.196568259718684,1,0,1,0,0,1,0
48,29,62.16323852539063,91978,3,1.393284758527685,2,0,0,1,0,1,0
59,33,43.6740837097168,94111,1,1.896419105399496,3,0,1,0,0,0,0
26,1,75.73322296142578,91869,2,1.1684002027313445,2,0,1,0,0,0,0
59,11,35.61327362060547,94065,4,2.287073104672075,2,0,0,0,0,0,0
32,9,125.16128540039062,95314,4,2.029766958121577,2,0,0,0,0,1,0
54,28,42.04693222045898,92458,3,0.7359096668728999,1,0,0,0,0,0,0
56,21,23.75588798522949,91967,4,0.1288601998725451,2,0,0,1,0,1,0
61,36,44.643253326416016,95196,2,0.0013507444414965,3,0,0,0,0,0,0
59,36,58.70497894287109,95842,4,0.3796473227242376,2,113,0,0,0,1,0
36,7,66.49884033203125,94837,3,0.2100211884256271,2,0,0,0,0,1,0
63,37,97.40182495117188,94806,2,1.971962529980837,1,0,1,0,0,1,0
46,20,37.70881652832031,94076,3,0.8768784460624754,3,366,0,0,0,1,0
56,36,174.09613037109375,95503,2,7.377400570753791,1,0,0,0,0,1,0
42,17,129.0787811279297,95481,1,3.543589606948316,1,0,1,1,1,1,0
37,7,28.16506576538086,90022,2,0.6907673522133916,2,0,0,1,0,1,0
29,4,134.40753173828125,93084,2,3.957111121294445,3,0,0,0,0,0,1
45,21,51.42007446289063,95095,4,1.6490685589576923,3,0,0,0,0,0,0
60,35,126.06097412109376,94277,2,2.1651628227861406,1,0,0,0,0,0,0
26,6,87.21585845947266,91709,1,0.9119905464490076,1,58,1,0,0,1,0
28,1,166.44625854492188,95914,2,0.3379445630865134,3,165,1,1,1,1,1
57,22,49.08760833740234,93315,1,0.5451365153149708,3,172,0,0,0,0,0
29,10,90.5216827392578,92813,4,2.2869674233054944,1,0,1,0,0,1,0
52,30,21.145427703857425,94609,1,1.1969047171583442,1,0,0,0,0,0,0
61,31,24.17337989807129,92860,1,1.3009955606106685,3,85,0,0,0,1,0
52,27,33.733787536621094,93136,2,1.1279362052595674,3,0,1,0,0,0,0
29,8,20.372133255004883,96021,4,0.7262653547906512,1,157,0,0,0,1,0
37,8,10.4951171875,93522,3,0.7256518860988241,2,0,0,0,0,1,0
58,32,135.53713989257812,95764,2,3.741429909351997,1,0,0,0,0,0,0
44,20,87.41838073730469,92158,2,4.932664488748114,3,0,0,0,0,1,0
32,3,39.025875091552734,95873,4,0.9484354689947804,3,151,1,0,0,1,0
34,17,65.96775817871094,91821,3,1.9171083773940585,3,0,0,0,0,1,0
60,34,119.20672607421876,90316,4,1.5730891974605106,2,0,0,0,0,1,1
48,23,96.4519500732422,94154,2,0.4079259375528175,1,176,0,0,0,1,0
45,17,61.12249755859375,96182,2,2.0945476541150296,3,248,0,0,0,0,0
64,41,34.4241828918457,95652,4,1.4423118279467926,1,0,0,0,0,1,0
34,12,71.20329284667969,93039,1,1.448544355493059,3,140,0,0,0,1,0
30,5,47.1124382019043,91276,3,1.3434453454669573,3,0,0,0,0,0,0
48,22,125.4048309326172,94604,3,0.5487514705541885,3,0,0,0,0,1,0
48,16,47.13242721557617,92985,3,1.397727045818982,1,0,0,0,0,1,0
37,10,202.0668792724609,91936,1,3.784113787764972,1,0,0,1,0,1,0
31,6,178.725341796875,92102,2,6.050890872195842,1,0,0,0,0,1,0
60,29,16.686538696289062,94235,2,2.557431248060975,3,86,0,0,0,0,0
41,22,62.92787170410156,95199,4,2.6045798898959105,3,220,1,1,0,1,0
41,19,126.66292572021484,95410,2,2.893165834611113,1,0,0,0,0,0,0
62,35,71.865478515625,94179,2,2.234772091378584,2,0,0,0,0,0,0
24,28,71.4761962890625,92452,2,0.4617595996715279,1,175,0,0,0,1,0
49,31,39.4751091003418,91272,4,0.1253011109927349,3,0,0,1,0,0,0
60,36,31.315860748291016,95221,3,1.685575930273589,1,0,1,0,1,1,0
43,24,21.21086883544922,92050,2,0.5140438192060531,3,0,1,0,0,0,0
26,4,126.783935546875,94853,2,2.253530347895613,1,0,0,1,0,1,0
54,29,89.33917236328125,95629,2,1.345790556232338,1,0,0,0,0,1,0
59,41,58.95914077758789,95097,1,1.539025720863486,1,0,0,0,0,0,0
41,18,99.78839874267578,91187,3,3.942941771205455,3,0,1,0,0,0,1
45,31,82.23917388916016,90447,2,3.014743902934041,3,234,0,0,0,0,0
33,11,117.0367660522461,91946,4,3.246444899189675,1,0,1,0,0,0,0
42,10,169.7152862548828,95699,1,0.3120713123960065,3,446,1,1,1,1,1
61,37,77.96192169189453,91557,3,0.2525020817930506,2,0,1,0,0,0,0
45,28,52.65011596679688,92053,3,1.172223356783264,1,218,0,0,0,0,0
40,12,50.473594665527344,91401,2,0.7228963832303257,3,0,0,0,0,0,0
42,14,20.26181030273437,92345,2,0.9586148055723018,3,98,0,0,0,0,0
34,7,69.21316528320312,94490,4,1.5422494040769668,1,0,0,0,0,1,0
42,16,55.08548355102539,94118,4,2.4839626994585853,1,0,1,0,0,1,0
40,16,95.06936645507812,95916,2,0.4517215483677094,2,0,0,0,0,1,0
30,5,15.618494987487791,93418,1,0.5909025189456298,3,0,1,0,0,0,0
64,35,17.274696350097656,94695,3,1.8021867303854135,3,97,1,0,0,1,0
49,31,64.7796401977539,95800,2,1.3617273486893915,2,0,1,0,0,0,0
36,16,51.641357421875,93145,3,0.6888817989810845,1,156,0,0,0,0,0
40,19,80.67112731933594,94527,2,2.3573443783266894,2,0,0,0,0,1,0
35,9,40.21162796020508,90122,2,1.7537863722710891,3,0,0,0,0,1,0
35,11,162.19837951660156,92290,1,5.198208834819957,2,164,1,0,0,0,0
61,38,17.953838348388672,94860,4,0.8810528103385956,3,0,1,0,0,0,0
34,6,68.07992553710938,90888,1,0.7501898264722406,2,0,0,0,0,1,0
32,7,115.39112854003906,94395,1,1.9860343429421503,1,0,0,0,0,0,0
52,27,109.0443115234375,95170,4,1.928215214656166,2,0,1,0,0,0,1
32,6,67.96981048583984,91487,3,1.145397454345502,3,0,0,0,0,0,0
63,33,33.88192367553711,93134,4,1.4736007962034954,2,0,0,1,0,1,0
45,21,188.41505432128903,95723,2,6.533371130547898,1,0,0,0,0,0,0
46,10,22.21824836730957,92350,2,1.5877197661651117,2,0,1,0,0,0,0
42,29,51.889984130859375,90095,3,0.5880502948062485,1,0,0,0,0,1,0
47,29,56.84619903564453,94908,2,2.421688061031784,1,0,0,0,0,1,0
55,29,54.187477111816406,91187,2,0.8360900643196078,3,0,0,0,0,1,0
28,4,66.91287231445312,91906,3,2.063268811293684,2,0,0,0,0,1,0
38,6,33.3952522277832,94745,3,0.4634986562566504,2,0,0,0,0,1,0
34,10,85.61495971679688,91214,1,1.822277032392076,2,0,1,0,0,0,0
34,10,78.3227310180664,91196,2,2.6892838077987857,2,0,1,0,1,1,0
38,21,190.3595123291016,93958,1,5.887035676424875,1,0,0,0,0,1,0
60,37,135.76280212402344,94632,2,5.291177267412346,2,0,1,0,0,0,1
56,28,30.704614639282227,92455,1,0.1205772066542786,3,0,0,0,0,1,0
29,5,147.58718872070312,94521,4,5.604254720250313,2,0,0,0,0,0,0
43,25,83.65371704101562,94836,1,3.084301548507874,3,213,0,0,0,1,0
47,19,39.84161758422852,94957,3,1.6803630942486834,3,105,0,0,0,0,0
61,32,124.9782485961914,94056,2,4.029987093439702,1,0,0,0,0,1,0
36,16,104.61318969726562,96094,1,1.4960155308857714,1,0,1,0,0,0,0
33,10,70.70616912841797,94434,2,1.920250269083922,2,104,0,0,0,0,0
29,2,28.492511749267575,90989,3,0.2899115025819082,1,85,1,0,0,1,0
43,23,77.90988159179688,90499,1,0.977694172544752,2,0,0,0,0,1,0
28,22,39.09540557861328,92265,1,1.305360504128919,1,0,0,0,0,1,0
36,5,70.65845489501953,93104,1,0.4246215164834312,1,0,0,0,0,1,0
38,20,118.27791595458984,96207,3,2.6100327747750742,1,207,0,0,0,1,0
38,12,28.03606986999512,94826,1,1.4074665302103264,1,0,0,0,0,1,0
45,16,43.18084335327149,91230,2,0.3194769127333843,3,0,1,0,0,1,0
61,34,56.74756622314453,94665,3,0.8875637464933379,2,235,0,1,0,0,0
38,32,19.46121597290039,90190,2,1.7091816750382147,3,99,0,1,0,1,0
38,6,81.73351287841797,95004,1,3.6190653933994112,3,0,1,0,0,0,0
33,10,163.9550323486328,94719,1,4.171691501205634,2,0,1,0,0,0,1
48,25,102.85594940185548,94382,4,1.9313499688817428,1,0,1,0,0,1,0
35,14,59.34944915771485,90163,4,1.8631784961242617,1,0,0,0,0,1,0
44,19,88.29460906982422,95526,4,3.883394364085329,3,0,0,0,0,0,0
63,34,43.45945739746094,93062,1,1.6327764067471358,3,0,0,0,0,1,0
49,28,28.38274383544922,92217,2,0.4512336300953605,3,171,0,0,0,1,0
43,19,54.5986213684082,94296,1,1.9257694463218584,3,0,0,0,0,1,0
45,21,189.69537353515625,95985,1,7.465352070194839,1,438,0,0,0,0,0
54,21,58.74613571166992,90376,2,2.6784331815001305,3,0,1,0,0,1,0
66,38,29.744966506958008,93080,2,0.6527899443629429,2,0,1,0,0,0,0
52,30,15.042588233947754,92385,1,1.797642856426923,3,72,0,0,0,1,0
42,14,35.976959228515625,94541,4,2.753570382461469,1,0,0,0,0,1,0
32,26,32.19683837890625,89884,2,0.2533733456515279,1,0,0,0,0,0,0
66,42,44.62541961669922,95260,4,1.966869633414794,3,0,1,0,0,1,0
46,20,78.1954345703125,93947,2,2.697236750101215,1,0,0,0,0,1,0
42,15,131.59317016601562,93422,4,3.206462953778517,1,0,1,1,1,1,1
47,20,20.821277618408203,92962,4,0.3060589876620697,1,0,0,0,0,1,0
42,15,67.29915618896484,91171,4,3.084677564692816,2,0,1,0,0,0,0
43,20,204.979248046875,95972,1,6.917387951483262,1,0,0,0,0,0,0
49,30,70.34315490722656,93519,2,0.995651804980394,2,163,1,1,0,1,0
31,3,43.220703125,95127,1,2.5323867756363394,3,352,0,0,0,1,0
51,20,91.15802001953124,90185,3,2.9566176455725426,1,0,1,0,1,0,0
63,33,102.92057800292967,91557,4,0.1006845994840375,2,148,0,0,0,0,0
58,34,41.87340927124024,94632,1,2.647199526722254,2,0,0,0,0,0,0
55,22,69.92536163330078,93898,3,1.8399877094909989,1,0,0,0,0,0,0
46,19,65.14495849609375,94519,2,1.3758445733179767,3,0,1,0,0,1,0
44,11,33.646827697753906,94352,2,1.6860516939368215,3,100,0,0,0,0,0
30,13,69.67842102050781,91248,1,1.087701372905364,3,0,0,1,0,0,0
54,30,52.098052978515625,95524,3,1.6711648517851898,1,0,0,0,0,0,0
64,41,19.55137062072754,92958,2,0.857220104880919,1,0,0,0,0,1,0
43,27,215.95675659179688,90312,4,6.332492862403916,2,320,1,0,1,0,1
61,37,21.858274459838867,90215,1,0.4007067540843895,2,0,0,1,0,1,0
56,10,135.15235900878906,92447,1,1.3560316512776684,1,0,0,0,0,0,0
44,17,61.74972534179688,95986,2,0.924787341945931,3,0,0,0,0,0,0
37,9,154.02572631835938,94281,1,3.222702051590588,2,0,1,0,0,1,1
47,29,36.23412704467773,92249,3,0.4024271134472054,2,0,0,0,0,1,0
41,24,83.48945617675781,91314,3,0.586552371747607,2,0,1,0,0,0,0
42,15,182.07638549804688,94701,2,6.545374093840918,1,380,1,0,0,0,0
59,33,33.76441192626953,94538,3,0.4058602256400422,2,101,1,0,1,1,0
58,20,36.22942352294922,95568,4,1.6421370361350842,2,166,0,0,0,1,0
39,17,27.44761657714844,95282,4,2.551181240644802,1,0,0,0,0,0,0
28,0,32.63991165161133,93902,4,1.6209334670561724,2,0,0,0,0,0,0
28,3,126.50485229492188,91935,2,3.335901597316028,1,0,0,0,0,0,0
31,3,132.6444549560547,93998,2,4.601406392359824,1,408,0,0,0,0,0
56,37,87.15384674072266,93072,4,1.2852160276926052,3,142,0,0,0,1,0
53,10,29.362796783447266,94274,1,1.8826787025806184,3,0,0,1,0,0,0
37,18,29.060134887695312,93384,4,2.2663398373306283,2,0,0,0,0,1,0
44,21,40.20783615112305,94471,4,0.5216652785190906,3,0,0,0,0,1,0
36,4,78.0589599609375,94246,3,1.697293767459553,1,0,0,0,0,0,0
43,22,23.55864906311035,94673,2,0.2419937381424051,2,0,0,0,0,1,0
50,24,63.93563079833984,92492,2,1.6568444788004983,1,0,1,0,0,1,0
61,37,87.61945343017578,91925,1,0.4955475425924302,1,0,1,0,0,0,0
51,28,61.54145812988281,93321,2,0.2607208590724265,3,0,0,0,0,1,0
43,15,121.45538330078124,92118,2,3.469699125767768,1,0,0,1,0,1,0
32,18,114.06084442138672,90368,1,2.599642604730849,2,0,0,0,0,1,1
48,25,28.93521881103516,90657,4,0.0084055170613127,3,0,0,0,0,1,0
50,25,68.10462951660156,90407,1,2.2660063388857563,3,0,0,0,0,0,0
62,40,62.11592102050781,95326,2,4.1776090759010165,3,0,0,0,0,0,0
50,21,37.95963287353516,95628,1,4.880150890112327,2,0,1,1,1,1,0
34,8,192.1667938232422,95698,1,4.674700692873272,1,0,0,0,0,0,0
60,38,128.0894775390625,92990,2,3.7015729601000498,1,0,0,0,0,1,0
56,30,23.41671371459961,91704,4,0.0588567575655371,1,137,0,0,0,0,0
52,16,13.188606262207031,95200,1,0.3847199272885169,1,472,0,0,0,0,0
30,9,59.80255126953125,90584,3,1.746560255607104,2,0,0,1,0,0,0
48,25,120.28173065185548,93010,1,1.0306992380568096,2,0,0,0,0,1,0
31,2,31.27767562866211,94338,1,1.7333131962174393,3,131,0,0,0,0,0
61,26,141.9667510986328,91416,1,5.484947410733656,1,194,0,0,0,0,0
47,23,13.32260513305664,93221,2,0.3010001463981245,1,0,1,1,1,1,0
62,38,63.72113037109375,94437,3,1.3885249473334214,2,0,0,0,0,1,0
57,30,53.96750259399414,93313,4,0.1479496535637915,3,0,0,1,0,0,0
28,11,80.39122772216797,94380,2,0.0736130143913564,3,0,0,0,0,0,0
34,7,11.63821506500244,91269,3,0.4048824866035423,2,105,1,1,1,1,0
54,26,37.7248649597168,91239,1,0.91039949247425,3,0,1,0,0,1,0
54,28,51.75912094116211,92012,3,1.9458467884405812,2,0,0,0,0,0,0
51,27,39.00114440917969,96546,3,0.9852722454687134,3,157,0,0,0,1,0
36,17,34.576324462890625,95372,1,1.5883988132123186,1,0,1,1,1,1,0
27,1,30.26646614074707,94158,1,0.1111962677365596,1,0,0,0,0,1,0
52,30,32.2408447265625,95929,3,0.5979969914146908,2,0,0,0,0,1,0
32,5,98.0430145263672,90334,4,2.9369235468588277,1,0,0,0,0,1,0
55,31,14.848735809326172,93835,1,1.2259126438525234,2,96,0,0,0,1,0
64,35,72.49237060546875,93137,2,0.6630714911853304,3,0,1,0,0,1,0
64,41,67.86201477050781,93062,1,3.1372587736941364,2,0,1,1,0,1,0
53,32,51.0938606262207,92106,3,0.585009690783176,2,182,0,1,0,1,0
32,6,48.46617889404297,93811,4,0.5217913280795778,2,0,1,0,0,1,0
60,37,21.996246337890625,94386,4,0.3521840789846932,2,0,0,0,0,0,0
58,39,177.90550231933594,90248,2,1.4520350982570385,1,0,0,0,0,0,0
37,11,14.04360294342041,95291,2,0.602816068587278,3,0,0,0,0,0,0
57,35,23.73247528076172,95265,4,0.1964113061768859,1,121,0,0,0,1,0
35,29,54.119415283203125,92674,2,0.7562462091771479,1,0,0,0,0,0,0
31,6,140.21469116210938,91266,2,4.83844468839047,1,0,0,0,0,1,0
34,7,31.536487579345703,94400,2,0.060522536148084,3,139,0,0,0,1,0
40,14,65.73428344726562,92028,2,2.754333354186544,1,0,1,0,1,1,0
54,31,157.29786682128906,94777,2,4.156393444521888,1,0,0,0,0,1,0
54,27,70.08456420898438,94945,2,0.5592222641116588,2,0,0,0,0,1,0
45,15,44.36254119873047,90130,2,0.1630433591081908,1,0,1,0,0,0,0
43,21,50.9156608581543,95022,3,0.3922048907769097,2,0,0,1,0,1,0
32,3,85.29473114013672,90255,4,1.4870986344080828,2,120,0,0,0,1,0
61,31,162.7113494873047,94102,3,7.192620098807786,1,0,0,0,0,1,0
52,25,98.2128677368164,91178,2,2.2798129443502657,3,0,0,1,0,1,0
58,32,28.762222290039062,94470,2,0.9475335254950656,3,0,0,1,0,1,0
59,31,71.82022094726562,91242,2,0.697155003140256,2,108,0,0,0,1,0
29,2,67.14445495605469,95243,4,2.145654299517069,3,120,0,0,0,1,0
51,21,36.5950927734375,92120,4,1.489388643173341,3,0,0,0,0,1,0
61,36,90.4169921875,92256,1,3.172836486381534,3,0,0,0,0,1,0
28,3,52.88187026977539,93683,1,0.5795096021196416,2,0,0,0,0,0,0
61,37,55.89995574951172,93127,4,0.435297450442436,1,0,0,0,0,1,0
24,1,35.086883544921875,93652,4,0.3175596431603055,2,0,0,0,0,0,0
47,14,114.14454650878906,94153,1,3.645067396348228,1,113,0,1,0,1,0
45,15,26.039817810058597,92288,4,1.315783947923275,1,124,0,0,0,1,0
55,36,47.11968231201172,92042,2,0.6238864999497502,2,0,0,1,0,1,0
59,36,63.23365783691406,94375,3,1.5741894312174658,3,0,0,0,0,1,0
27,11,65.20223999023438,91788,2,1.2536519736316727,1,249,1,0,0,1,0
36,14,82.20338439941406,90956,1,0.8891044106279784,1,0,1,0,0,0,0
62,35,96.60590362548828,92620,3,1.9523866768016875,2,0,0,0,0,1,0
58,27,33.03253555297852,94253,4,0.1253567533011251,1,0,1,0,0,0,0
32,7,29.13086700439453,94508,4,0.6910904431072896,1,0,0,0,0,1,0
37,6,195.41021728515625,94275,2,3.306817275179491,1,0,1,0,0,0,0
32,4,132.14846801757812,91401,2,0.1333490441127997,1,0,0,0,0,0,0
53,21,80.74993896484375,91758,2,1.024378103637246,1,234,1,0,0,0,0
55,33,13.777690887451172,93856,1,0.2033921146321853,1,227,0,0,0,1,0
58,22,112.9692611694336,91238,2,0.5589638584495827,1,0,0,0,0,1,0
36,9,41.26704025268555,91504,4,1.917776596356626,2,149,0,0,0,0,0
43,18,12.593902587890623,92710,2,0.5041199178415622,3,148,1,0,0,0,0
44,19,178.86221313476562,95029,4,6.335596088670475,1,0,0,0,0,1,0
27,2,14.10980987548828,90711,3,0.5480980596102607,1,0,0,0,0,1,0
65,40,29.051366806030277,94864,3,1.4867364992959675,2,0,0,0,0,1,0
60,24,159.34925842285156,91691,1,2.0395615130024742,1,0,0,1,0,0,0
59,32,49.11299896240234,93986,2,1.1783836218340222,3,0,0,0,0,0,0
27,5,107.21061706542967,91940,2,0.9470532895101248,1,0,1,0,0,1,0
45,28,93.16935729980467,95506,2,3.310570300205661,1,0,1,1,0,1,0
46,20,117.07262420654295,91397,4,3.700213529139665,3,0,0,0,0,0,1
49,22,70.049560546875,92656,1,3.209897814783571,2,0,0,0,0,0,0
59,36,82.40215301513672,92303,1,0.3237844831377258,3,105,1,0,0,0,0
59,41,22.70782470703125,92235,3,1.8368605928699837,2,0,1,0,0,1,0
60,25,62.29125595092773,92670,2,2.814463010554668,2,0,0,0,0,0,0
36,8,26.474082946777344,96637,2,0.1650909231175948,2,0,1,0,0,1,1
50,22,52.5068473815918,93123,2,1.6063767433358889,3,0,1,0,0,0,0
57,19,42.17500305175781,93202,1,0.9700496747621596,2,0,0,0,0,0,0
64,39,35.43115234375,93838,2,1.2988521956151464,3,0,0,0,0,0,0
64,34,14.264531135559082,90691,3,0.4530546047583965,2,0,0,1,0,1,0
27,5,105.63658905029295,93242,2,6.407043928141411,3,0,0,0,0,0,1
48,22,80.70394897460938,92050,2,1.8389274016555437,1,0,1,0,0,1,0
41,16,95.10442352294922,92120,1,0.2088897557470381,3,0,0,0,0,0,0
43,13,59.52703475952149,91381,1,0.7103256769721621,3,219,0,0,0,1,0
45,21,27.191333770751957,89564,1,0.5459598930218058,2,0,0,0,0,0,0
63,37,72.80485534667969,96060,4,1.7042344307291974,2,0,0,0,0,0,0
39,9,10.912672996520996,95688,4,0.7385070334581758,3,0,0,0,0,1,0
42,22,29.419734954833984,90093,4,0.5231653077801932,3,0,0,0,0,1,0
56,22,167.07798767089844,92844,2,2.8042765008036,1,0,1,0,0,1,0
46,23,66.71099853515625,94614,4,1.8717960653764,1,0,0,0,0,0,0
35,6,30.018835067749023,91780,2,0.3012627996895961,3,0,0,0,0,0,0
27,18,73.87308502197266,90557,3,1.47223011305566,1,153,0,0,0,0,0
61,33,69.67784118652344,93983,1,1.6023570385957548,3,0,1,0,0,0,0
55,28,49.66426849365234,94280,3,1.4493398970211633,1,0,1,0,0,1,0
54,34,17.243553161621094,93968,3,1.1235312177268857,2,0,0,1,0,1,0
58,31,82.30753326416016,94380,2,2.020198090409774,2,0,0,0,0,1,0
31,10,44.46394729614258,95157,1,1.5920372619665395,1,0,0,0,0,0,0
47,26,65.87303161621094,90847,1,2.182867194350336,3,0,0,0,0,1,0
38,17,49.77398681640625,90237,2,0.2735809108203085,3,89,0,1,0,1,0
58,27,43.376739501953125,92515,4,1.8588154399390224,2,0,0,1,0,0,0
59,39,33.65379333496094,94608,2,1.2598073713195284,3,159,0,0,0,1,0
31,5,90.56365966796876,93948,4,2.865002936733457,1,0,0,0,0,0,0
43,16,100.92630004882812,92172,1,3.101588585171608,3,0,1,0,0,0,1
32,16,116.19708251953124,90094,2,1.422604788837941,1,0,0,1,0,0,0
28,18,61.34627151489258,95260,4,1.7634519302640124,3,0,0,1,0,1,0
50,29,68.50282287597656,94008,1,0.5601684663559586,1,0,0,0,0,1,0
45,22,133.90594482421875,95588,2,1.436259740427492,1,0,0,0,0,0,0
39,20,21.88272857666016,95196,3,0.9053589376952929,3,0,0,0,0,1,0
37,14,94.52342224121094,95874,3,1.995183538582548,1,0,1,0,0,0,1
40,12,20.89356231689453,95271,1,0.104750719221298,2,0,0,0,0,1,0
34,15,70.53277587890625,92759,3,0.7191530423690238,2,98,0,1,0,1,0
59,34,17.12744903564453,93591,4,0.1498921718762932,3,0,0,0,0,1,0
33,8,47.09501266479492,93843,4,3.339424050197263,1,152,0,0,0,0,0
50,17,56.03712844848633,94533,1,1.8643977984740008,2,0,1,0,0,0,0
63,38,49.13801574707031,94416,2,2.9105025070354134,3,106,0,0,0,0,0
53,31,126.63273620605467,93985,1,2.99107138142422,3,0,0,0,0,1,0
33,8,46.50739669799805,92271,4,0.9804894881571642,3,0,0,0,0,0,0
51,28,51.03740310668945,94391,1,1.1272138655486257,3,157,1,0,0,1,0
30,10,66.52664184570312,96038,2,1.8377806928141047,1,0,0,0,0,1,0
45,19,33.231956481933594,94085,1,0.802361705960635,3,211,0,0,0,0,0
29,4,139.74490356445312,92242,2,4.049063865753342,3,107,0,1,0,0,0
48,33,23.72334098815918,93564,2,1.0348224321970516,3,0,0,0,0,0,0
48,22,21.04298973083496,92184,2,2.1527863479763205,3,0,1,0,0,1,0
39,6,59.52285003662109,94837,2,0.6002625815988096,1,147,0,0,0,1,0
44,9,72.32498168945312,91709,4,2.4541848696178925,1,168,0,0,0,0,0
38,16,84.41532897949219,96073,2,1.004792412855554,1,0,1,0,0,0,0
47,21,56.277130126953125,91679,3,1.0712268280584298,1,0,1,0,0,0,0
58,33,64.95487976074219,91303,3,1.2346290156591275,1,0,0,0,0,1,0
30,4,63.72309875488281,91841,3,1.4684593418599694,2,0,0,0,0,0,0
63,39,100.12451934814452,92300,4,0.1343026713246944,2,0,1,0,1,1,0
37,12,82.77621459960938,91948,1,1.0785510793737645,1,0,1,0,0,1,0
35,10,46.9298210144043,90087,3,0.1149833963015982,2,82,1,0,0,1,0
51,25,132.4645538330078,91374,4,5.098645081011216,1,0,0,0,0,0,1
59,36,123.78909301757812,94655,1,0.7819166020971156,1,0,1,0,0,0,0
37,12,55.19464492797852,90975,3,2.716494757672089,2,0,0,0,0,1,0
33,8,52.290321350097656,95608,3,3.659624478449356,1,0,0,0,0,0,0
48,25,50.104942321777344,92219,3,2.049272422035717,3,0,1,0,0,1,0
60,35,160.9737548828125,90117,2,4.0434362311838825,1,0,0,0,0,0,0
42,17,55.33120727539063,95595,2,0.9935394455587084,1,0,0,0,0,1,0
43,13,89.26432800292969,89850,3,3.480384017905403,3,0,1,0,0,1,1
44,28,58.06808471679688,95222,3,1.5541035964833396,3,0,0,0,0,1,0
37,14,84.19892883300781,95742,3,3.277241903670157,1,0,1,0,0,0,0
45,21,36.84251403808594,94581,2,0.9285233384036846,3,0,1,0,0,1,0
62,38,86.67640686035156,95046,2,3.069069811833337,1,232,1,0,0,0,0
42,12,18.346847534179688,94616,4,0.5091476998391475,3,161,1,0,0,1,0
40,15,29.25740623474121,94985,4,0.3843488792591529,1,147,1,0,0,1,0
29,2,26.02921485900879,92517,3,2.3681833340273304,2,0,1,0,0,1,0
57,37,146.683837890625,95676,2,4.042386939933667,2,0,0,0,0,0,1
53,20,115.06851959228516,94168,2,2.0064615320120773,1,0,0,0,0,1,0
62,37,72.81792449951172,93107,2,0.5800544919052908,1,0,1,0,0,0,0
59,35,114.9773178100586,91057,2,0.5489106377135407,1,0,0,0,0,0,0
55,32,38.25710678100586,92712,3,0.1791396812192925,2,0,0,0,0,0,0
36,16,31.878320693969727,94103,4,2.272277437672169,3,0,1,0,0,1,0
62,36,173.96192932128906,95012,2,5.572376260664847,1,417,0,0,0,1,0
24,0,70.14379119873047,94753,1,2.2418783003316283,1,0,0,0,0,1,0
45,18,114.65089416503906,95310,1,0.194177242997232,1,232,1,0,0,1,0
30,9,146.70567321777344,95121,4,3.545841947923561,1,0,0,0,0,1,0
36,7,103.778564453125,91601,1,2.27235477344718,1,0,0,0,0,0,0
42,27,18.92124938964844,95878,4,0.1261191388903114,3,0,0,0,0,1,0
25,1,68.29684448242188,95523,2,1.7179101599550644,1,410,0,1,1,1,0
31,5,30.14121437072754,92286,4,1.6347066346032253,2,0,0,0,0,0,0
31,2,191.02310180664065,94156,3,2.077262562004871,3,0,0,0,0,1,1
41,9,56.76436996459961,94717,4,0.9249777830633312,3,168,1,0,0,1,0
40,17,43.065032958984375,91649,4,0.5251139320540144,2,150,0,0,0,0,0
46,23,50.301490783691406,95974,4,0.7621061683760301,1,0,0,0,0,0,0
59,33,56.24371337890625,95290,4,4.054313975819805,1,0,0,0,0,0,0
62,39,31.214242935180664,94344,3,0.2458925120878745,1,381,1,0,0,1,0
26,0,41.54866790771485,93654,2,0.58390911958357,2,0,0,0,0,1,0
40,14,40.07034683227539,94337,4,0.5068547860724527,3,169,1,0,0,1,0
54,31,48.49427795410156,92447,2,1.0322854587879284,2,0,1,1,1,1,0
34,17,10.276042938232422,92246,4,0.1885458753888768,1,0,0,0,0,0,0
26,-1,68.18648529052734,94699,2,2.43272097739393,3,0,0,0,0,0,0
30,7,49.865272521972656,93879,4,1.6146966963746974,2,117,0,0,0,1,0
63,38,42.100341796875,96059,3,0.9085921096744536,1,284,0,0,0,1,0
38,26,53.8661994934082,92840,4,1.8954709293365828,1,0,0,0,0,0,0
29,1,22.447906494140625,94258,4,0.6646746770434724,3,150,0,0,0,1,0
52,27,32.1910400390625,90353,3,0.6735948301942007,3,0,0,0,0,0,0
48,20,113.2406997680664,95741,1,2.910800340567051,3,0,0,0,0,1,0
29,-3,69.6690902709961,92926,2,2.1328188269038773,3,0,0,0,0,0,0
50,38,198.3408203125,96032,3,4.734958255666463,2,513,1,1,1,1,1
41,31,121.81574249267578,92426,1,2.664221150428326,1,230,1,0,0,0,0
38,15,174.8760223388672,90103,1,1.5867997036884112,1,0,1,0,0,1,0
29,4,58.36927795410156,91249,2,0.8766212138286411,2,0,0,0,0,1,1
32,13,120.62641143798828,89896,1,3.089216569361793,3,0,0,0,0,0,0
35,26,93.84500885009766,95049,2,0.8486006576102577,1,229,1,0,0,1,0
41,13,40.75754165649414,95282,3,0.7233395828863888,3,0,0,0,0,1,0
56,21,83.10009002685547,92203,1,0.4114798969017368,1,0,0,0,0,1,0
51,18,24.096492767333984,94469,4,1.7454619793429045,2,0,0,0,0,1,0
27,4,111.49363708496094,90246,2,0.2483553491801784,1,0,0,0,0,1,0
43,12,125.08855438232422,93916,2,0.1120147384802235,1,0,1,0,0,1,0
59,40,46.77448654174805,95229,2,1.8741317425112716,1,0,1,0,0,0,0
42,21,143.4243621826172,91892,1,3.828507512837804,1,0,1,0,0,1,0
48,31,45.03406524658203,92044,4,1.8445855882432196,3,0,0,0,0,1,0
58,35,54.78757095336914,91900,4,0.9185410053058848,2,82,0,0,0,0,0
30,4,87.20948028564453,95108,3,0.6962609870215968,2,526,0,0,0,1,0
40,15,15.632451057434082,94055,4,0.3310423495319219,1,173,0,0,0,1,0
38,20,95.21623992919922,90363,2,1.5175256396687566,3,0,1,0,0,0,0
43,17,42.41006851196289,91861,2,0.2802406793831815,3,0,0,0,0,0,0
30,5,45.36271667480469,94489,2,1.8206352638045973,3,0,0,1,0,0,0
47,33,14.197473526000977,94278,2,0.5608066017786689,2,153,0,0,0,1,0
40,21,67.33185577392578,90086,1,0.1773961310488715,3,0,1,0,0,1,0
61,21,22.695697784423828,94612,2,0.1792352083813089,2,0,0,0,0,0,0
43,15,45.00619888305664,91769,3,0.5337559405459189,1,0,0,0,0,0,0
50,32,64.75331115722656,92123,3,0.5106332617917775,1,125,0,0,0,1,0
34,14,82.70657348632812,93504,2,0.2526799593902201,1,0,0,0,0,0,0
49,29,25.153541564941406,91672,2,0.5226100457270507,3,0,0,0,0,0,0
56,30,172.1249542236328,90177,2,5.246598249987728,1,0,0,0,0,1,0
26,2,106.01271057128906,95412,1,1.535058998619263,3,0,1,0,1,1,1
31,1,62.38196563720703,91537,1,1.542648319707263,3,0,0,1,0,0,0
34,14,42.84898376464844,94313,4,2.495705540211817,2,155,0,0,0,0,0
57,23,68.63138580322266,95686,3,0.4236988666202678,2,0,0,0,0,0,0
32,3,15.822100639343262,95569,3,0.8355257221056727,2,0,0,0,0,1,0
51,24,153.5626220703125,94612,4,4.249469261217782,3,0,0,0,0,1,1
33,14,24.84268569946289,92638,4,0.4946251022700241,1,0,1,0,0,1,0
62,36,79.9017333984375,96294,3,0.5964291801199596,1,155,0,0,0,1,0
31,5,34.630393981933594,90256,4,0.3995420442150036,3,0,0,0,0,0,0
28,5,50.09587860107422,91348,3,0.8315534820575482,1,0,1,0,0,1,0
28,3,83.59548950195312,94643,4,0.9777874286588508,2,102,0,0,0,0,0
41,13,30.67526054382324,95982,4,1.2283204002325223,1,0,0,0,0,1,0
64,29,53.26855850219727,91645,2,0.1273625204548119,1,0,0,1,0,1,0
40,14,60.03721618652344,94463,3,1.0382140037313898,1,221,0,0,0,1,0
54,18,34.11075210571289,91817,2,1.7907804489033805,3,0,0,0,0,0,0
52,27,36.01356506347656,95918,1,1.4077276749569922,3,0,0,0,0,1,0
28,7,117.1233367919922,95182,4,1.6619738960349395,2,223,0,1,1,1,0
55,30,73.81280517578125,92260,3,0.4902788707414135,2,0,0,0,0,1,0
38,10,176.36639404296875,95363,2,2.089584091599126,1,0,0,0,0,0,0
43,11,55.25227737426758,90325,3,0.4588978240558297,3,0,0,1,0,1,0
46,21,118.6956558227539,94552,3,1.9687090589763383,1,0,0,1,0,0,0
27,4,72.38379669189453,94429,1,0.8138521772290017,1,0,1,1,0,1,0
46,12,62.2523307800293,92001,3,0.6443459966440465,3,0,1,0,0,0,0
63,36,23.426658630371094,90690,4,0.9523000748290268,2,0,0,0,0,0,0
46,18,14.464473724365234,90618,3,0.3953197723918407,2,0,1,0,0,0,0
45,23,32.80406951904297,92404,3,0.671643478784061,2,0,0,0,0,1,0
54,30,85.93910217285156,94383,4,2.5187258404811184,1,237,0,0,0,0,0
36,19,37.05317687988281,92151,4,1.2205928442056502,2,0,1,0,0,1,0
61,32,36.45359802246094,92853,1,0.456589347795666,1,0,0,0,0,0,0
49,26,43.17990493774414,90087,2,0.4886269352260529,3,0,1,0,0,1,0
57,24,20.552391052246094,95364,4,0.2786296513369777,2,0,0,0,0,1,0
64,35,70.08540344238281,92598,2,1.4261986138938727,1,179,0,1,0,1,0
31,8,74.66641998291016,94856,2,1.2755399913109708,3,0,0,1,0,0,0
45,15,50.62678909301758,94328,4,3.6346788961767422,1,90,1,0,0,1,0
56,27,119.63558197021484,91263,4,2.7196046694126874,3,0,0,0,0,1,1
47,20,30.192102432250977,95227,4,0.2314189317602197,2,0,0,0,0,1,0
29,2,85.16398620605469,92785,2,1.497988053215484,2,0,0,0,0,1,0
63,41,71.87125396728516,95502,3,2.546261829740426,1,0,0,0,0,1,0
44,18,69.87418365478516,94807,3,0.8697721462961135,3,0,0,1,0,0,0
51,26,22.42295455932617,95683,1,0.373472575683971,2,0,0,0,0,1,0
50,35,38.71078872680664,90254,3,1.7259628578806108,1,0,1,0,0,1,0
57,35,172.7293701171875,90356,3,2.3522834520807683,2,0,0,0,0,0,0
41,18,174.59751892089844,93232,1,6.922683187800785,1,0,0,0,0,1,0
36,19,31.85645294189453,92120,4,0.2674004040538745,1,0,0,0,0,1,0
52,33,28.75136947631836,91511,2,0.8404874333073491,1,0,1,0,1,1,0
58,34,147.98446655273438,91922,2,4.682289510558409,1,267,1,0,0,0,0
28,2,142.39950561523438,94325,2,3.507073864154057,3,0,0,0,0,1,1
45,24,45.22057342529297,95207,3,1.4935052224600796,1,0,1,0,0,1,0
28,4,132.6842498779297,93983,1,2.235533439657346,1,0,0,0,0,0,0
63,36,66.65978240966797,93817,4,0.5863001894460269,1,0,0,0,0,0,0
50,23,161.0296173095703,95328,2,2.229954122372685,1,0,0,0,0,0,0
43,24,51.8065071105957,92131,1,0.8449899547387861,3,0,0,0,0,0,0
41,4,67.31639099121094,94989,1,2.028447239746796,3,172,0,0,0,1,0
42,16,56.37115097045898,90063,3,1.4693761696493324,3,0,0,1,0,0,0
54,34,27.28150749206543,94544,3,0.7445635209334618,1,0,1,1,0,1,0
58,35,78.07373046875,90298,4,0.8239449337222688,2,336,1,0,0,1,0
62,34,40.0653190612793,95866,4,2.061412150718527,3,0,0,0,0,1,0
53,27,79.07916259765625,91229,2,0.4245906301757844,1,231,0,0,0,1,0
46,21,144.9149627685547,92131,1,1.6245895317427852,3,0,0,0,0,0,1
47,20,136.51199340820312,95041,1,1.4533978383116437,1,0,0,1,0,1,0
52,22,88.14445495605469,95528,3,0.2054047954862466,1,0,1,0,0,1,0
49,28,136.38833618164062,94211,2,1.8650347820252096,1,0,0,0,0,0,0
50,18,29.395381927490234,95129,1,0.5436842721414512,1,0,1,0,0,1,0
57,35,42.11805725097656,92308,4,1.4279227646904555,3,258,0,0,0,1,0
55,7,155.19403076171875,92056,1,2.6026393778727344,1,0,0,0,0,1,0
50,22,75.20454406738281,90133,2,1.0513637891301888,3,0,1,0,0,0,0
55,14,32.81059646606445,94586,1,0.5619964960355366,2,110,1,0,1,1,0
47,23,147.7040252685547,96395,2,4.689423744690066,1,391,0,0,0,0,0
64,34,38.65940856933594,92905,4,1.076413255162151,3,135,0,0,0,1,0
29,4,82.58831787109375,92958,4,2.936058235952495,1,0,0,1,0,0,0
59,34,125.5541000366211,94729,1,1.964515380236832,2,0,0,0,0,0,0
60,28,91.1123504638672,91523,1,0.297060269647353,1,265,0,0,0,0,0
59,36,49.69247817993164,90210,3,0.4276078494503266,1,0,0,0,0,1,0
55,26,51.97544860839844,93832,4,2.868583749696643,1,0,1,0,0,0,0
32,8,38.09806060791016,95365,4,1.565935508263419,1,0,0,0,0,0,0
63,38,45.79218292236328,91141,4,1.6635359853248366,2,0,0,0,0,0,0
28,4,54.91041946411133,91887,1,1.1639861408971233,3,0,0,0,0,1,0
29,9,53.69740676879883,95717,4,2.3719209719079064,1,0,1,0,0,1,0
25,0,57.49248504638672,92306,4,0.869608471391217,2,0,0,0,0,0,0
48,17,53.941200256347656,93170,1,0.7279664942595914,3,0,1,0,1,1,0
32,5,33.64656448364258,92218,4,2.5392327493804,3,207,0,0,0,0,0
67,41,34.07476043701172,95644,1,0.1370384078916077,1,0,0,0,0,1,0
49,30,70.57324981689453,91628,1,3.2464154868083503,1,218,0,0,0,1,0
59,36,42.96644592285156,90305,1,2.027132283142976,3,104,0,0,0,0,0
56,13,13.754554748535156,89690,3,0.2548889180049238,2,0,1,0,0,0,0
28,3,182.8653564453125,94700,2,3.6795181454087658,3,237,0,0,0,0,0
31,2,66.99365997314453,95257,4,0.5168386855989335,1,0,0,0,0,0,0
51,31,22.734790802001957,92003,3,0.2843540324722178,3,0,0,0,0,0,0
56,24,128.15296936035156,91525,2,7.205737902864859,1,0,1,0,0,0,0
43,17,119.87348175048828,92075,1,1.0805516398234487,1,0,0,0,0,1,0
64,41,49.34305953979492,92943,4,1.9466254715304012,2,91,0,0,0,1,0
28,5,100.84654998779295,95019,4,1.8605055328500093,3,0,0,0,0,1,0
49,18,34.98748016357422,91844,4,0.0976600909561139,3,0,1,0,0,0,0
44,15,61.02716827392578,93881,1,2.3363589914172085,2,0,1,0,0,1,0
52,22,77.09114837646484,94848,2,2.131894873039786,1,0,1,0,0,0,0
35,11,45.92615509033203,91402,2,0.4417037125438946,3,122,0,0,0,1,0
32,10,30.70976448059082,92006,4,0.1273919045951977,3,0,1,0,0,0,0
63,38,77.46597290039062,94543,4,0.5585487163009409,2,0,0,1,0,1,0
55,29,76.41285705566406,90324,3,0.6534207144280292,1,0,1,0,0,0,0
33,8,114.39611053466795,94437,2,1.8054691886845464,1,91,0,0,0,0,0
40,27,143.7916259765625,93586,2,0.8394528328291676,1,0,0,0,0,1,0
57,37,38.061824798583984,92345,3,1.0772247226994165,2,144,0,0,0,1,0
40,15,46.47705078125,93793,4,0.2785582398468418,3,0,0,0,0,1,0
26,12,79.27057647705078,95064,2,1.8056877798626327,3,0,0,0,0,1,0
58,32,90.31311798095705,92299,2,3.4010198600443067,2,0,1,0,0,0,0
27,13,134.17071533203125,94211,2,4.970853500356318,3,375,1,0,0,1,1
64,37,61.799407958984375,96040,4,1.8517409688535231,2,161,0,0,0,1,0
42,16,59.41228866577149,92286,2,0.232834860487735,3,0,0,0,0,1,0
66,40,65.50712585449219,90340,3,4.791411823075484,1,0,1,0,0,0,0
40,11,50.413185119628906,93332,4,1.9262972623691828,3,154,1,0,0,0,0
34,25,92.8662338256836,90512,1,3.53703746917184,3,302,0,1,0,0,0
31,9,59.79795455932617,90872,3,1.5001471882795472,1,0,0,0,0,0,0
64,38,198.10763549804688,90282,1,8.078709797825873,1,0,0,0,0,1,0
45,24,94.3306655883789,94841,2,3.498648858105064,1,296,0,1,0,0,1
43,28,61.194732666015625,94605,4,1.3538822452538983,2,0,0,0,0,1,0
30,8,22.401235580444336,94656,4,2.427408847492001,1,0,0,0,0,1,0
60,37,169.09011840820312,93739,1,2.5901745097587354,3,0,0,0,0,1,1
43,23,64.46156311035156,92121,3,3.664758357272088,2,0,1,0,0,1,0
64,29,19.15879249572754,93302,2,2.2501316018674733,1,0,0,1,0,1,0
49,18,123.5514678955078,91899,1,4.329188083323295,2,0,1,0,1,0,1
46,19,67.9150390625,94461,3,2.830382040737299,2,99,0,0,0,1,0
50,31,19.14826011657715,91236,4,1.0861991857080016,3,0,0,0,0,1,0
31,10,67.89945983886719,92052,2,1.6172584563437256,2,0,1,0,0,1,0
59,28,11.512423515319824,91003,2,0.2016585415236152,1,85,0,0,0,1,0
54,33,51.47893905639648,95205,4,2.395120192207769,3,237,0,0,0,0,0
28,0,124.64054870605467,95688,2,1.3028178973126263,1,0,0,0,0,0,0
61,33,54.66643142700195,93176,4,1.5515966513510846,2,0,1,0,0,1,0
36,19,20.582143783569336,92162,4,0.6127365009811112,2,118,0,0,0,0,0
48,27,97.5121612548828,93985,1,1.7692842838488894,3,105,1,0,0,0,0
27,2,61.315425872802734,92108,4,1.465657802886337,1,0,0,0,0,0,0
55,27,46.00770950317383,93964,2,1.4106495343082668,3,0,0,0,0,0,0
55,25,106.08151245117188,92476,4,1.911577971199681,3,0,0,0,0,1,0
61,33,21.26901626586914,91930,4,0.0231706829084193,2,147,0,0,0,0,0
43,15,39.70701217651367,94756,4,2.116813655395811,3,0,1,0,0,0,0
48,12,34.94086456298828,91150,2,0.1849330067592203,1,0,1,0,0,1,0
52,21,59.44007110595703,94278,1,1.085877958421683,1,0,0,0,0,0,0
59,40,17.745643615722656,94296,4,2.151661025775357,2,0,0,0,0,0,0
49,22,35.63652038574219,94175,3,1.4480150188426957,2,0,0,0,0,1,0
46,13,69.72831726074219,92947,4,1.9972185191028968,3,0,0,0,0,0,0
31,4,57.6643180847168,95638,3,1.664220012416738,2,0,1,0,0,1,0
61,37,86.96006774902344,89958,3,0.2668458893566833,1,0,0,1,0,0,0
33,16,42.2042236328125,92454,2,2.9566750038379523,2,103,0,0,0,1,0
40,5,55.58399200439453,94043,3,1.4850683498044863,1,0,0,0,0,1,0
54,36,22.959226608276367,90265,1,1.7604805826943024,2,0,0,0,0,1,0
51,11,84.25577545166016,92691,2,1.4475347614416307,2,0,0,0,0,1,0
52,30,78.36597442626953,94289,1,0.2199106383880596,3,0,1,0,0,1,0
29,2,89.67848205566406,91449,4,0.8730334936493716,3,0,0,0,0,0,0
63,36,19.1035270690918,91324,3,1.0381247945343193,1,0,1,0,0,0,0
60,31,27.803373336791992,92998,3,1.8522909756661856,2,0,0,0,0,1,0
25,2,145.60836791992188,92263,3,1.58411508122117,3,0,0,1,0,0,1
27,3,38.69757843017578,91886,4,1.5881649290819355,3,0,0,0,0,0,0
38,34,151.7568359375,96568,2,5.8001739311536085,3,0,1,0,1,1,1
37,3,29.06864547729492,94899,4,0.2074993948686263,1,105,0,0,0,1,0
24,2,110.75520324707033,94656,3,1.4586615863169792,2,0,0,0,0,1,0
57,28,106.51457214355467,92357,2,1.0693345283402087,1,0,0,0,0,0,0
30,7,178.19232177734375,94511,2,7.046464789652303,1,0,0,0,0,0,0
64,37,66.98506164550781,95035,3,1.2633715118165303,1,207,0,0,0,1,0
59,26,188.1530303955078,94625,3,3.215464150445316,2,470,0,0,0,0,1
52,24,79.61811828613281,92117,3,3.493988249180468,2,0,0,1,0,0,0
47,29,31.556346893310547,92377,2,2.363294202558083,1,0,0,1,0,1,0
31,5,92.6687469482422,93809,1,1.824174186599774,1,0,0,0,0,1,0
30,5,131.3751983642578,92145,2,6.9739297041511925,1,0,0,1,0,1,0
31,7,72.9112548828125,93396,3,2.7760709259203185,3,0,0,0,0,0,0
61,32,34.08599853515625,90049,3,0.7461171032557986,2,0,1,0,0,0,0
60,36,85.4175796508789,90192,2,1.5676690259152264,2,0,1,1,0,0,0
23,18,143.79782104492188,93241,2,1.74119888623662,3,0,1,0,0,1,0
53,28,18.133066177368164,94566,2,0.6170238934650325,1,130,0,1,0,1,0
55,23,59.093563079833984,92989,4,1.150735712561863,3,0,0,0,0,1,0
44,16,127.8278350830078,91396,4,2.968757050282249,3,0,0,0,0,0,1
51,23,43.23659896850586,93887,4,0.5594245501591405,2,0,1,0,0,0,0
36,3,28.472318649291992,94218,1,0.9523324698301272,2,102,0,1,0,0,0
63,34,61.20562362670898,93040,4,1.813678388027182,2,0,0,0,0,0,0
51,16,63.3245849609375,94362,1,2.03386854117185,1,0,0,0,0,1,0
62,37,10.239530563354492,94390,3,0.6828738261561408,2,169,1,0,0,1,0
61,38,71.86357116699219,91193,4,1.5799720030891102,1,233,1,0,0,1,0
63,36,56.570430755615234,91227,3,2.526723473696061,1,0,0,0,0,0,0
43,14,112.86099243164062,94616,1,0.7094724689160145,1,0,0,0,0,0,0
52,28,59.40465545654297,92342,3,1.2183936318702415,3,257,0,0,0,1,0
38,19,92.91007995605467,91623,4,0.6412186392936652,1,0,0,0,0,0,0
63,36,12.062232971191406,91822,2,1.8638788746230996,2,96,1,0,0,0,0
62,36,157.0177764892578,93934,2,5.882789315500225,2,400,0,0,0,1,1
31,6,208.19786071777344,90289,1,5.8368201951872845,1,0,0,0,0,0,0
38,13,164.03082275390625,95809,2,3.4507070610647954,1,0,0,0,0,1,0
33,8,161.940185546875,91959,2,3.573411668111683,1,0,0,0,0,0,0
46,26,56.663818359375,94886,1,0.7565376803707481,3,0,0,0,0,0,0
37,13,51.009220123291016,94960,4,0.9540498763551502,3,0,0,0,0,0,0
38,37,32.85283660888672,91623,2,0.5610746988797801,3,0,0,1,0,1,0
39,19,78.92118835449219,94952,2,1.8617992490076536,3,0,0,0,0,0,0
31,9,124.14611053466795,90008,1,4.161027419475522,1,0,1,0,0,1,0
33,21,180.958740234375,91335,2,5.261270637008881,1,98,0,0,0,1,0
52,30,172.2415771484375,90004,2,0.6282746128564647,1,0,0,0,0,0,0
25,2,70.7161636352539,92070,4,1.023689112672705,2,0,0,0,0,0,0
40,13,47.66672897338867,94049,2,2.603924616153384,2,0,0,0,0,1,0
60,36,93.0502471923828,92117,1,0.964417858739982,3,0,1,0,0,0,0
39,11,63.67272186279297,94211,1,2.5197078688026124,2,0,0,0,0,0,0
28,2,50.70606231689453,95507,2,3.208094483325377,1,0,1,0,0,1,0
61,27,54.295677185058594,91585,1,1.288943153416035,3,162,1,0,0,1,0
29,2,124.49004364013672,90095,1,0.6159555289591446,1,255,0,0,0,0,0
34,16,90.97664642333984,95476,4,1.0857268389325785,3,0,0,0,0,0,0
56,27,112.44452667236328,92708,2,3.713013930597425,1,100,1,0,0,1,0
32,9,55.134727478027344,94533,3,0.1384443009452899,2,0,0,0,0,0,0
34,13,44.520782470703125,93067,1,0.6703710006263501,3,0,0,0,0,1,0
48,20,62.20969009399414,92244,1,0.4553430412785594,3,139,1,0,0,0,0
43,14,201.9434814453125,90204,1,5.42748482514905,1,0,0,0,0,1,0
48,20,89.90291595458984,89778,1,2.7395754174474947,2,0,0,1,0,0,0
58,40,132.22848510742188,90512,4,0.0631805504640499,1,0,0,1,0,1,0
48,37,42.71938705444336,95340,3,2.125754228255753,2,0,0,1,0,1,0
34,16,62.034576416015625,91567,3,1.983297946765607,3,227,0,0,0,0,0
33,10,26.270658493041992,92889,4,0.628081193315361,2,138,0,0,0,0,0
42,9,59.19322204589844,91465,3,2.556112599894064,1,0,0,0,0,0,0
50,32,204.4317169189453,94766,2,7.79253806562607,1,497,0,0,0,0,0
39,8,197.67169189453125,92571,1,6.718300843298208,1,0,0,0,0,0,0
41,24,58.55489730834961,94649,2,2.6293955405778084,1,0,1,0,0,1,0
36,9,51.46083068847656,89957,1,0.8025133034601246,1,0,0,1,0,0,0
32,16,164.01380920410156,92292,2,5.421890296301098,1,0,0,1,0,1,0
57,27,37.12271118164063,89917,2,1.2473136073189606,1,0,0,0,0,1,0
34,11,32.91807556152344,95337,4,0.654474830162411,2,0,0,0,0,0,0
41,9,27.373090744018555,90859,3,0.9071688302721312,2,99,1,0,0,1,0
52,26,53.892578125,90750,1,0.8392238462259023,3,94,1,0,0,1,0
62,38,19.727527618408203,94822,2,0.0586161618912431,3,98,0,0,0,0,0
34,22,55.5008544921875,94591,2,0.0802493495581427,2,0,1,0,0,0,0
42,8,48.30867767333984,91334,2,0.7270941282182891,1,0,1,0,0,1,0
29,-1,109.60223388671876,90209,1,1.1266696361512163,1,0,1,0,0,0,0
40,16,59.62441635131836,89823,3,2.5237922179980705,3,0,0,1,0,1,0
38,16,43.502540588378906,95381,4,1.5426785184485063,3,0,1,0,0,1,0
43,23,79.6699447631836,93882,1,2.190359404976184,1,0,0,0,0,1,0
26,3,32.550689697265625,92867,3,1.76307029335932,2,0,0,0,0,0,0
65,42,33.504676818847656,91423,2,1.2724092635773327,3,0,0,0,0,0,0
42,8,58.3153076171875,92362,1,2.45901187870164,2,0,0,0,0,1,0
42,15,167.68963623046875,92494,2,1.3682371477652824,1,0,0,0,0,1,0
51,33,122.92777252197266,94554,2,6.454559135883173,1,0,0,0,0,0,0
27,6,55.92659759521485,95138,4,1.6819398341611724,2,0,0,0,0,1,0
44,16,118.04763793945312,94243,2,3.985581325781009,1,0,0,0,0,0,0
35,9,63.78633880615234,92879,1,5.14637216388115,1,0,0,0,0,0,0
25,2,19.099498748779297,93895,2,0.4698956721878652,3,89,0,0,0,0,0
26,1,69.08616638183594,90582,3,0.2387058794662273,2,102,0,0,0,1,0
54,37,114.87554931640624,92187,2,1.7219954389263392,3,0,0,0,0,1,1
45,28,36.19181442260742,95260,2,0.2386482378380015,1,0,0,1,0,1,0
41,18,90.33151245117188,94306,1,3.8744389135878983,1,0,0,1,0,1,0
35,8,85.94805908203125,92039,3,1.8546584920361409,1,100,0,0,0,1,0
42,13,96.4863739013672,95869,2,6.197864359882648,1,0,1,0,0,0,0
57,33,17.265838623046875,93879,2,0.7384038660662499,3,0,1,0,0,1,0
56,30,14.641209602355955,93313,1,1.7741334610865638,2,0,0,0,0,1,0
33,4,41.4213752746582,95148,4,4.897363689565004,1,124,0,0,0,0,0
44,20,103.931396484375,95852,2,1.8104947857642035,3,0,1,0,0,1,0
59,35,51.567359924316406,90446,4,1.417104046906288,2,132,1,0,0,0,0
57,21,39.56972503662109,94184,1,0.5538998450563585,2,130,0,0,0,0,0
36,10,199.86978149414065,90159,2,3.59411701535137,1,0,0,0,0,0,0
63,38,48.30558776855469,93837,1,0.426515555389939,3,0,0,0,0,1,0
55,-1,67.56245422363281,93099,2,0.0808373449630976,1,0,0,0,0,0,0
55,35,106.41946411132812,95276,2,0.8800038774226789,1,127,1,0,0,1,0
38,22,15.765181541442873,91927,3,0.8032967213477471,2,0,0,0,0,0,0
43,19,39.02212524414063,95228,2,2.3694729960371546,1,0,1,0,0,0,0
46,19,25.636680603027344,93574,4,2.228822082510514,3,0,0,0,0,0,0
60,27,97.29907989501952,91189,1,3.988197191175797,3,200,1,0,0,0,0
45,32,205.23129272460935,95037,2,7.600421454275713,1,0,0,0,0,0,0
63,39,101.6891098022461,91465,3,1.4444385536917794,1,0,0,0,0,0,0
60,35,14.408475875854492,92408,2,0.2444790229469672,1,0,1,0,0,1,0
40,13,193.46682739257807,92354,4,5.1746825674556565,3,0,0,0,0,1,1
44,13,101.28632354736328,90110,1,1.4313113931712718,2,115,1,0,0,1,0
37,4,51.414306640625,92493,2,1.6503421452842717,3,0,1,0,0,0,0
36,11,46.6744384765625,93377,2,1.1322135181931945,3,0,1,0,0,1,0
27,5,91.53411865234376,95363,3,2.2710667494421863,1,0,0,0,0,1,0
39,10,47.55207061767578,92076,2,0.2632728019818023,3,292,0,0,0,0,0
48,12,86.39078521728516,95019,1,1.66690675121274,2,0,1,0,0,0,0
36,18,67.85871887207031,91599,3,2.4816907702568822,1,0,0,0,0,0,0
64,42,74.48749542236328,95556,1,2.2978889267143248,1,0,0,0,0,0,0
35,15,15.844489097595217,94122,1,2.7759095814419346,3,0,0,0,0,1,0
55,27,29.60359001159668,95089,3,0.2413798167040113,3,0,0,0,0,1,0
39,19,68.865966796875,95609,1,1.7841828790511525,3,130,0,0,0,1,0
40,18,34.52251434326172,91532,2,1.7103400147003984,3,0,1,0,0,0,0
23,5,53.61826705932617,91388,4,1.2775413011090733,1,355,0,0,0,1,0
33,15,42.29765319824219,95200,4,0.7363349234895062,2,114,1,0,0,1,0
62,36,46.01306915283203,92001,3,0.4471602275846037,2,157,0,1,0,1,0
34,6,96.36438751220705,92894,1,2.160640313121739,3,0,1,0,0,1,0
48,25,115.8000030517578,92822,2,2.563830867156987,2,0,1,0,0,0,0
47,27,113.67462921142578,95196,1,1.967989384755738,3,0,0,0,0,1,0
37,16,167.19712829589844,89992,3,7.477371179149238,1,0,0,0,0,0,0
56,22,19.007837295532227,94951,1,0.6041278961350177,3,0,1,1,0,1,0
40,14,48.80533599853516,95547,2,0.1690104496378737,1,0,0,0,0,1,0
38,17,24.244632720947266,95521,4,1.1245261808811269,2,0,0,0,0,1,0
56,37,23.275684356689453,92188,4,0.92466544161029,2,0,1,0,0,0,0
55,35,118.0107192993164,92880,1,5.159315845351115,1,0,0,1,1,1,0
40,5,145.85914611816406,91994,1,6.867073121926205,1,0,0,0,0,0,0
32,16,87.48358917236328,91497,2,7.808004465618749,2,0,0,0,0,1,0
62,24,75.70438385009766,94390,4,1.464398209201033,1,165,0,0,0,0,0
28,13,78.30657196044922,92087,4,1.890185812412195,1,150,0,0,0,1,0
59,30,24.37370109558105,95717,2,0.955817080241179,2,114,0,0,0,1,0
63,35,95.44882202148438,91347,2,2.29832634799918,1,0,1,0,0,1,0
46,18,118.65119171142578,95131,2,0.9723493251437288,1,0,0,0,0,1,0
45,15,140.4326629638672,90015,1,5.374311668687096,1,0,0,0,0,1,0
38,9,17.325313568115234,95106,3,0.5989512726334447,2,190,1,0,0,0,0
39,15,77.6821517944336,90112,4,3.7691088986043946,3,0,0,0,0,1,0
37,6,26.800371170043945,94306,2,0.8992991132834446,3,140,0,0,0,0,0
59,28,78.63866424560547,94395,2,2.173148538017669,1,0,1,0,0,1,0
31,8,121.84571075439452,90241,1,5.255848728216808,1,174,0,0,0,0,1
49,28,16.75936508178711,94500,1,2.145918669638922,3,109,0,0,0,1,0
64,34,116.92455291748048,92038,2,1.9685472678257128,1,0,0,0,0,1,0
55,27,37.33711242675781,94258,1,1.7484934090443087,2,0,0,0,0,0,0
44,21,75.21995544433594,89792,1,2.390414423235225,2,0,0,0,0,1,0
40,13,56.77796936035156,90192,4,0.0931015766064073,2,0,0,0,0,0,0
43,29,30.894386291503903,93198,4,1.1498805496692408,1,208,0,0,0,1,0
51,27,33.51938247680664,94953,4,2.168909178667271,2,0,1,0,0,1,0
64,39,80.86013793945312,92049,2,2.331953803304046,1,253,0,0,0,0,0
55,26,189.3098907470703,90903,2,6.254876031349226,1,0,0,0,0,1,0
32,7,136.02593994140625,89999,1,3.3016951012180877,2,0,0,0,0,0,1
28,18,36.93714904785156,94971,4,0.1411894908160441,2,0,1,0,0,1,0
38,12,44.954566955566406,91723,4,3.035736886671333,3,0,0,0,0,1,0
44,20,197.130615234375,91241,1,3.217664418841234,1,399,0,0,0,0,0
39,14,29.54310607910156,90683,3,0.2328449222113378,2,124,0,0,0,0,0
47,20,52.974891662597656,92897,4,1.3700470144779735,3,140,0,0,0,1,0
46,19,123.16676330566406,89925,2,0.4191936244995674,3,0,0,0,0,1,0
29,6,184.14907836914065,94849,4,2.613895635427955,2,0,0,0,0,1,1
62,38,35.0241584777832,94544,4,1.514792716031928,2,155,0,1,0,0,0
36,21,117.7971420288086,93428,1,4.755269537402448,3,0,0,0,0,0,1
51,23,39.064430236816406,94124,4,1.7664326431613555,3,0,0,0,0,1,0
33,18,187.0660552978516,90578,1,6.951197902088366,1,383,0,0,0,0,0
41,26,136.8397216796875,93029,1,3.911259751685627,1,0,1,0,0,0,0
50,32,22.64166831970215,91969,1,0.0972620895475278,1,98,1,0,0,1,0
55,35,45.55201721191406,94789,1,0.0303776382836735,1,0,0,0,0,1,0
30,8,20.499025344848636,91242,4,0.2870896555649962,1,0,1,0,0,1,0
44,19,111.2014389038086,92806,1,0.2348546814922534,1,0,0,0,0,0,0
29,5,77.09310150146484,95006,2,2.19798094984666,3,0,0,1,0,0,0
60,35,36.18730926513672,93999,2,0.2130166987654971,1,104,1,0,0,1,0
26,1,38.78398895263672,89731,4,1.3128975077738887,2,282,1,0,0,0,0
55,34,20.030216217041016,90360,4,1.43921842288298,2,0,0,0,0,0,0
39,10,36.19779586791992,92812,4,0.2680962880779359,2,93,0,0,0,1,0
42,22,115.33322143554688,91820,3,1.0148082557663731,1,0,0,0,0,0,0
42,20,77.35167694091797,91708,2,1.107886421370027,1,0,0,0,0,1,0
37,16,38.20653533935547,95240,2,0.4288217236335814,3,0,0,0,0,0,0
41,16,156.26535034179688,93988,2,3.629390925019188,1,398,1,0,0,1,0
48,30,119.61186981201172,92506,1,2.4012772124099024,1,0,0,0,0,0,0
64,38,8.766341209411621,95220,2,0.1651801826539708,3,96,1,0,0,0,0
46,14,95.1188735961914,94515,1,2.014122745345805,1,197,1,0,0,0,0
41,14,65.60140991210938,92207,1,2.0912434614543507,3,0,0,0,0,1,0
49,32,30.78463554382324,94401,4,1.6808015411303117,2,0,1,0,0,1,0
49,16,55.48793411254883,94526,4,1.3877105554727922,3,272,0,0,0,1,0
37,11,38.25086975097656,94735,3,2.247633825107879,2,0,1,0,0,1,0
55,27,47.546119689941406,92992,2,0.6492622628491992,3,0,1,0,0,0,0
46,25,155.33609008789062,94285,2,1.204566245097242,1,0,0,0,0,0,0
32,6,185.20346069335935,90036,2,6.405730241289692,1,0,0,0,0,1,0
27,5,50.349571228027344,94268,4,1.1195795103120694,1,0,0,0,0,0,0
65,38,43.12682342529297,93962,2,0.4332977123124171,2,103,0,0,0,1,0
50,17,84.44760131835938,95474,2,5.742511151843632,1,0,0,0,0,1,0
25,1,141.5380859375,94789,1,1.3893815703334256,1,0,1,0,0,0,0
48,28,18.754240036010746,93155,3,0.6386225584871559,3,0,1,1,1,1,0
56,26,81.64627075195312,90193,2,1.944101206279245,3,0,0,1,0,0,0
41,21,59.97513961791992,94445,4,2.159435518461966,1,0,0,0,0,0,0
37,12,54.009403228759766,90296,1,4.2923911783232,3,359,1,0,0,0,0
26,-2,115.78240966796876,94350,2,2.4233303359844234,1,0,1,0,0,1,0
30,4,32.07514953613281,91335,4,1.3577040970334129,3,0,0,1,0,0,0
55,34,40.10615158081055,94310,3,0.832527539144068,2,83,0,0,0,1,0
25,7,96.48552703857422,92921,4,2.7410834050768456,1,0,0,0,0,1,0
28,6,74.38333129882812,93946,4,1.06375898404992,3,0,0,0,0,1,0
45,8,56.76902770996094,95544,2,1.9357472453114015,1,247,0,0,0,0,0
63,38,65.79322052001953,91425,1,2.5312147657357604,3,76,0,0,0,0,0
55,23,16.24103355407715,93332,4,0.9811396302652758,1,0,1,0,0,1,0
34,24,43.78152847290039,92677,1,1.8821097847725696,1,0,0,0,0,1,0
41,18,177.07740783691406,90548,1,2.8198189025251708,2,0,1,0,0,1,0
64,37,107.88494110107422,91769,2,3.3744317134687027,3,225,1,0,0,1,0
46,19,141.27273559570312,94727,3,1.4582098041557965,2,457,1,1,1,1,1
61,34,44.365352630615234,92033,2,0.5569715868359867,1,0,0,0,0,1,0
29,6,33.237152099609375,91350,1,1.4827010582390567,3,0,0,0,0,0,0
45,9,22.43863677978516,93261,3,0.2164298941910601,1,0,0,1,0,1,0
43,25,68.84860229492188,95577,4,1.822701176115759,1,0,1,0,0,0,0
53,22,47.82168960571289,95407,4,0.4017090710787387,2,0,0,1,0,0,0
60,34,49.24583053588867,92110,1,2.5632223573189465,3,0,0,1,0,1,0
48,27,111.15184783935548,95426,2,3.7483229903870368,1,0,0,0,0,1,0
66,40,32.47420883178711,95715,3,0.3667600616345173,3,0,1,0,0,1,0
55,20,60.97529220581055,92142,3,0.8985671559865901,2,0,1,0,0,1,0
55,22,119.97620391845705,94509,2,2.203912730709463,1,501,0,0,0,0,0
62,36,74.09276580810547,91918,3,0.5788003066557044,3,110,0,0,0,1,0
38,21,76.24309539794922,91831,2,1.49963927992186,1,0,1,0,0,0,0
29,4,78.50518035888672,95109,3,2.777659534618398,2,139,0,0,0,1,0
30,8,30.52415657043457,92945,4,1.617459687616796,3,93,0,0,0,1,0
41,14,40.159122467041016,90867,3,1.6790065363185265,3,149,1,0,0,0,0
45,20,96.8015365600586,96011,1,1.92185542659355,2,0,0,0,0,0,0
30,12,71.94145202636719,90439,2,2.001094548773029,1,497,1,0,0,1,0
50,30,10.758989334106444,95397,2,0.7247706310122931,1,85,0,0,0,0,0
35,6,37.21269226074219,94615,1,0.4694101175028281,3,170,0,1,0,1,0
50,28,76.17385864257812,93443,2,1.2544176676184773,1,0,0,0,0,0,0
61,35,91.05509185791016,92517,4,2.1055503711457995,1,0,1,0,0,0,0
64,40,67.96183776855469,94288,2,0.3421511273526237,1,0,0,0,0,0,0
45,20,27.39089012145996,90411,3,0.4518777400483058,3,0,0,0,0,1,0
62,33,75.70881652832031,94887,4,1.2141202477123507,1,161,1,0,0,0,0
39,4,28.528400421142575,92070,1,1.990667315580679,3,123,1,0,0,1,0
39,15,34.46196365356445,94661,4,0.6997647913660302,2,0,1,0,0,1,0
48,15,137.14566040039062,91532,1,3.423186069606865,1,0,0,0,0,0,0
47,24,65.6045150756836,91917,4,0.5639230176477836,1,0,0,0,0,0,0
37,15,62.38064956665039,94414,3,1.998216975913255,2,0,0,0,0,1,0
30,10,99.65441131591795,92203,1,2.0871478388755915,3,0,0,0,0,1,0
37,9,36.66645050048828,89972,3,0.8652182022531707,2,102,1,0,0,1,0
50,23,71.09940338134766,92551,1,1.4846479765512068,3,0,0,0,0,1,0
57,31,73.0356216430664,95433,3,0.7687928392022815,1,0,1,0,0,0,0
34,7,88.97245025634766,92039,3,1.2240003566464734,2,0,0,0,0,1,0
29,4,69.26225280761719,94110,1,1.3145799202829522,2,163,0,0,0,0,0
51,15,17.17894172668457,90743,4,0.6425696148728417,3,0,0,0,0,1,0
47,18,75.84773254394531,93139,1,0.7891924727214364,2,0,0,0,0,1,0
51,22,55.29376602172852,92972,3,0.4722188427622357,1,109,0,0,0,1,0
25,2,51.32469940185547,96020,3,0.8904195669994612,2,0,0,0,0,1,0
45,16,14.78988552093506,94631,4,0.2593807156378346,3,0,1,1,0,0,0
28,5,83.01776123046875,93979,1,3.710540861072436,3,0,1,0,0,1,0
63,38,114.48887634277344,90200,3,0.5504316486130416,1,369,1,0,1,1,0
53,30,84.2287368774414,92114,1,1.578866314520143,3,249,0,0,0,0,0
43,13,41.32994079589844,95276,2,0.0121366255962984,3,0,1,1,0,0,0
49,20,70.94798278808594,94647,2,1.7053569249522806,2,0,1,0,0,0,0
28,2,74.33428192138672,94577,2,4.980656253654304,1,385,0,0,0,1,0
50,25,70.36186218261719,93934,4,7.189131471549517,1,0,0,0,0,0,0
57,35,23.96242904663086,93068,4,0.848893575944714,3,0,1,0,0,1,0
56,35,24.18056869506836,91766,2,0.0718179527210481,3,99,0,0,0,1,0
61,35,20.33416557312012,94455,1,0.9951693897715757,2,0,1,0,0,1,0
43,22,136.18946838378906,93901,2,3.058939710254424,1,0,0,0,0,1,0
56,31,130.38922119140625,92781,2,0.4345213481513746,1,0,0,0,0,0,0
45,23,176.8035125732422,92734,2,6.910058465796414,1,0,1,0,0,1,0
37,25,111.53428649902344,91682,2,2.2149399442125217,1,0,0,0,0,1,0
61,35,106.1056900024414,95829,4,1.1921734311605237,1,224,0,0,0,1,0
36,7,98.2667007446289,94380,3,0.3552466367854638,1,149,0,0,0,1,0
62,37,74.08720397949219,92333,3,2.1917379783070263,1,221,0,0,0,0,0
37,20,37.87849044799805,94474,1,2.2417944753250723,2,161,0,0,0,0,0
62,38,163.57333374023438,92357,2,7.256426089145301,1,290,0,0,0,0,0
66,33,33.94477844238281,95726,4,0.4895015373935352,2,0,0,0,0,1,0
42,25,148.79920959472656,95312,1,5.33203067702314,1,0,0,0,0,0,0
55,33,42.83256912231445,92172,1,0.8564295710206538,1,0,0,0,0,1,0
53,23,59.87648391723633,92369,1,1.4630662563176953,1,147,0,0,0,0,0
52,38,120.52800750732422,90098,2,4.787074608194233,1,235,0,0,0,0,0
59,33,34.92700958251953,94167,1,1.192387945815538,3,153,0,1,0,1,0
32,8,65.43496704101562,94065,2,0.7248847154776817,2,0,0,0,0,1,0
41,16,18.09280776977539,90143,2,0.0406466399051989,2,0,0,0,0,1,0
58,36,48.45181655883789,90273,3,0.3842676821265442,1,104,0,0,0,0,0
42,25,45.923954010009766,95496,2,2.468731172021999,2,121,0,0,0,0,0
43,15,65.92887878417969,92582,3,1.336639463395759,2,250,1,0,0,1,0
44,24,17.269378662109375,90787,4,0.6362016880693306,3,106,0,0,0,1,0
61,33,44.51067352294922,93091,4,0.6594106002644209,1,0,0,0,0,1,0
33,15,161.9111785888672,93597,2,7.101201014490073,1,0,1,0,0,1,0
49,18,29.10804748535156,90053,3,0.9419362099200786,2,0,0,0,0,1,0
54,27,116.58750915527344,92197,4,0.5221753590624373,1,0,1,0,0,0,0
34,12,195.5113067626953,92264,2,7.154911984632107,1,0,1,0,0,0,0
28,5,151.71151733398438,94291,2,1.1248094171229597,1,0,0,0,0,0,0
46,19,96.42571258544922,91411,2,1.9701065687975363,2,0,0,0,0,1,0
34,7,113.23542022705078,91399,3,2.7582103572530263,1,0,1,0,0,0,0
55,34,34.515811920166016,91636,1,0.2237812265567479,2,0,0,0,0,1,0
40,10,76.44934844970703,94846,1,1.471218677039429,2,0,0,1,0,0,0
43,14,23.48855209350586,91547,2,0.768169130660721,1,0,0,0,0,0,0
42,23,65.3099136352539,91341,4,2.551680536047681,1,0,1,0,0,1,0
57,28,178.3189239501953,94479,2,1.34934766321579,3,0,1,1,1,1,1
25,2,120.55616760253906,89844,1,4.821346963209004,2,407,0,0,0,0,1
43,23,26.27158546447754,90104,1,0.9847088322801064,3,0,1,0,0,1,0
59,37,197.39566040039065,91762,2,2.6459763173273902,3,387,0,1,1,1,1
46,23,60.370147705078125,95267,2,2.126138099992091,2,0,0,0,0,0,0
44,16,164.05226135253906,93320,1,2.8196129805774133,1,411,0,1,1,1,0
49,14,72.3392562866211,92896,3,1.4121090152436293,3,0,0,0,0,1,0
30,2,81.85863494873047,94079,3,1.5562089408201345,1,0,1,0,0,1,0
36,25,78.01993560791016,94427,3,0.9823047083077604,2,0,0,0,0,0,0
65,41,108.89962768554688,96016,4,0.7632439484963391,1,0,0,0,0,1,0
66,42,48.330223083496094,91844,4,1.7327145089823448,2,0,0,0,0,0,0
62,36,133.02642822265625,93844,2,0.8340097656355326,1,0,1,0,0,1,0
61,28,161.85476684570312,90562,2,3.6646645180774535,1,427,0,0,0,0,0
40,20,62.462364196777344,93279,1,0.2075381699510415,3,0,0,0,0,0,0
59,36,47.539432525634766,94325,2,0.1460944098170717,2,0,0,0,0,1,0
36,14,108.31768798828124,92196,3,1.781220654798431,2,0,0,0,0,1,0
51,20,137.10765075683594,90486,2,2.5946077253303383,1,313,0,0,0,1,0
41,19,103.06390380859376,95380,3,2.276527242781798,1,0,0,0,0,0,0
44,8,130.94522094726562,94632,2,1.8296722683445437,1,387,0,0,0,0,0
29,6,161.80430603027344,90925,1,1.4823482150473242,1,100,0,0,0,1,0
58,36,50.33125305175781,90553,4,1.5218524773471285,1,0,0,0,0,1,0
30,8,21.3408317565918,92297,3,0.3517868674312067,2,0,0,0,0,1,0
29,26,136.32330322265625,92151,4,3.323726923363272,3,204,0,1,0,0,1
39,20,161.598876953125,90030,1,3.453249012487232,1,0,0,0,0,0,0
49,20,20.71342658996582,92031,4,1.608503600216849,3,233,0,0,0,0,0
53,30,36.65715408325195,92588,4,2.232025657820229,3,0,0,0,0,0,0
39,21,46.135162353515625,92955,4,0.5772775530173061,3,0,1,0,0,0,0
28,-1,75.74646759033203,94284,3,0.4419486093488202,1,158,0,0,0,1,0
56,31,43.67454528808594,94555,1,2.170109424700472,2,0,1,0,0,0,0
46,21,49.235137939453125,90326,4,0.2070583006282732,2,0,0,0,0,0,0
61,36,157.84654235839844,94020,3,2.433786278183414,1,0,1,0,1,1,1
53,30,41.09357452392578,94079,1,1.3696051736724688,2,116,0,0,0,0,0
46,18,123.19764709472656,95136,2,3.680079552298876,1,0,0,1,0,0,0
63,38,104.31371307373048,94571,1,3.822993298712847,1,0,0,0,0,0,0
47,18,26.013397216796875,90371,4,1.6845884092667054,3,0,0,0,0,1,0
45,22,98.29412841796876,91152,4,0.9366003599947846,3,233,0,0,0,1,0
56,34,78.169677734375,95482,1,1.849913496205231,2,0,0,0,0,1,0
52,31,56.55040740966797,90255,4,1.0963820912188238,2,0,0,0,0,0,0
46,23,89.88363647460938,95761,1,2.567074971477896,2,395,1,0,1,1,1
45,26,36.5420150756836,93214,4,1.8703552931732053,1,83,1,0,0,0,0
35,7,72.08905029296875,92064,4,3.2354370957906364,3,0,0,0,0,0,0
64,39,64.93629455566406,90909,3,0.1852112704007111,3,0,0,0,0,1,0
60,33,26.848283767700195,93665,4,2.5864813773717383,2,0,0,0,0,0,0
45,13,48.97195816040039,94964,2,0.3923521560212391,2,119,1,0,0,0,0
58,36,87.43492126464844,95896,2,2.132043374816828,2,115,0,0,0,0,0
39,17,109.66399383544922,90633,2,4.503157875070862,2,0,1,0,0,0,1
38,12,17.487520217895508,95780,4,1.6578090237360672,1,0,0,0,0,1,0
56,29,101.36595916748048,95897,3,6.459861675695298,2,0,0,0,0,1,1
31,5,23.454879760742188,95309,4,0.5668437014953727,3,0,1,0,0,1,0
29,5,37.96702575683594,93565,4,1.6636460646074336,3,0,1,0,0,1,0
47,27,161.2556915283203,92076,2,2.6025352559184616,1,108,0,0,0,0,0
50,14,170.07025146484375,94102,4,1.2811525610048629,1,241,1,0,0,1,1
41,14,80.99166107177734,94399,2,1.8850173602953488,3,211,0,0,0,0,0
29,2,52.2687873840332,93596,2,2.4272528112443816,3,139,0,0,0,0,0
62,34,27.88413619995117,95677,3,1.89344621488956,3,0,0,0,0,1,0
61,35,47.102386474609375,94804,3,1.3192673051187522,2,0,1,0,0,0,0
64,38,35.67021942138672,92939,1,1.3538824324523433,2,96,1,0,0,0,0
64,38,79.97349548339844,94593,3,1.9210166617904652,1,0,1,1,0,1,0
38,8,53.5948600769043,94132,1,0.1364487453013826,3,0,0,0,0,1,0
39,12,174.29237365722656,94711,3,3.982129840777623,1,0,0,0,0,1,0
36,9,52.20478439331055,92371,2,0.1369007739326285,1,0,0,0,0,0,0
63,37,128.265380859375,90538,3,6.354385014700929,1,0,0,0,0,1,0
39,18,72.93303680419922,90209,2,2.353343914337482,1,101,0,1,0,1,0
28,22,64.5329818725586,90579,2,0.8398862124179511,1,0,0,1,0,1,0
60,39,39.839454650878906,90709,2,1.5545321863109869,2,88,0,0,0,1,0
50,20,61.19218826293945,95869,2,3.0778828261201485,3,0,0,0,0,1,0
35,8,145.8166961669922,95414,3,0.3253165547640976,1,0,1,0,0,0,0
47,18,69.53742218017578,90980,3,2.9679194435564398,1,0,0,0,0,0,0
31,10,90.94882202148438,95600,4,1.0810500564345085,1,313,1,0,0,1,0
27,3,71.50308227539062,90301,1,1.8723262543603807,3,236,0,0,0,1,0
31,17,63.07886505126953,94011,4,1.4710537859091604,2,0,1,0,0,0,0
32,9,136.6818084716797,91940,2,0.0909241304334128,3,0,1,0,0,0,0
31,17,71.93971252441406,92175,1,0.1640113164561137,3,0,0,0,0,1,0
35,26,69.16377258300781,92613,4,3.4750776182055905,1,0,1,0,0,0,0
58,29,149.88629150390625,92300,2,1.838981436229889,1,152,0,1,0,1,0
27,3,89.73822021484375,90382,1,1.1619408193686067,3,0,0,0,0,0,0
64,40,124.0261688232422,95373,1,4.299875311240775,1,392,0,0,0,0,0
40,35,108.58509063720705,92984,3,4.225100560531017,2,0,0,0,0,1,1
54,28,21.48248291015625,95275,2,0.8422753529165103,3,0,1,0,0,1,0
29,7,103.39654541015624,92118,1,2.344975855518075,3,0,0,0,0,0,0
55,29,34.72847366333008,90019,3,1.6900015679797251,1,250,0,0,0,0,0
49,15,73.56639862060547,95699,3,5.164993830613387,1,171,0,0,0,0,0
62,32,90.3473129272461,90350,1,0.2175829025915236,2,0,0,0,0,1,0
65,38,150.6788330078125,95450,3,5.279057770495122,1,0,0,0,0,1,1
52,27,50.02206039428711,91169,2,1.560467038270299,2,0,1,0,0,0,0
33,1,66.46858978271484,96172,3,1.0040940221299488,3,0,0,0,0,0,0
40,16,94.6919937133789,95185,3,1.9846349609030511,3,358,0,0,0,0,0
41,26,32.606529235839844,94660,1,0.5844574932885898,2,94,1,0,0,1,0
44,19,134.600341796875,90873,3,5.459042575550874,1,0,0,0,0,0,0
32,7,165.97116088867188,92515,4,4.281824896637844,3,0,0,0,0,0,1
55,36,56.864139556884766,91612,2,0.0535696181283641,2,0,0,0,0,1,0
55,17,37.58974456787109,95987,4,2.9372189289896955,1,104,0,0,0,1,0
46,26,66.51588439941406,90354,3,0.4009133352717076,1,0,0,0,0,1,0
55,28,100.39167785644533,95901,2,6.70011026580975,1,0,0,0,0,1,0
37,21,170.72134399414062,90212,2,5.078119410964941,1,0,0,0,0,1,0
55,23,66.34725952148438,94567,2,1.1404530037010554,3,0,1,0,0,0,0
25,1,157.64236450195312,94865,4,7.955667923017746,2,0,0,0,0,1,1
40,9,78.58782958984375,90158,1,6.066904415695936,1,177,0,0,0,0,0
38,6,42.37191390991211,94513,2,1.0690927602142737,2,0,0,0,0,1,0
43,8,59.50862121582031,90335,4,1.984966522599714,2,0,0,0,0,1,0
27,9,90.05586242675781,90042,1,0.8013252204617324,1,0,1,0,0,0,0
61,36,63.06839370727539,91312,3,1.9714627145860637,1,0,0,0,0,1,0
27,5,31.02803039550781,95831,1,0.9664092607594346,1,132,0,0,0,1,0
62,42,27.291189193725582,92625,2,0.1595653660314283,3,0,0,0,0,0,0
52,33,32.132415771484375,92864,2,0.1514475124595796,2,0,0,0,0,0,0
40,27,83.31817626953125,94302,1,1.7918260643108588,3,0,0,0,0,0,0
44,14,208.44564819335935,90579,1,5.446792665770591,1,400,0,0,0,1,0
31,7,75.13465881347656,91612,1,1.2951932022251331,3,0,1,0,0,1,0
53,23,55.888938903808594,90857,4,0.2221136869612296,1,0,0,0,0,0,0
28,3,64.51649475097656,95568,4,0.8238066741468053,3,245,0,1,0,0,0
64,41,37.46739196777344,91503,3,0.4183483485427323,1,105,0,0,0,1,0
45,27,13.52888298034668,92728,3,1.2035690825407326,2,123,0,0,0,1,0
35,9,142.1197967529297,89837,2,2.5175126843525435,1,386,0,0,0,1,0
48,33,100.77247619628906,95792,3,2.0541062706943776,2,0,0,1,0,1,0
45,23,12.99531364440918,92701,3,0.7002312500461693,1,0,1,1,0,1,0
37,10,58.31777191162109,94539,1,0.9249373207430692,2,0,0,0,0,1,0
42,18,72.40026092529297,94696,4,1.5423076839495655,1,0,0,0,0,1,0
46,20,44.212188720703125,94075,3,1.9036966704758576,1,0,0,0,0,1,0
59,36,57.46444320678711,92510,1,3.980439610987208,1,0,1,0,0,1,1
58,37,28.31482315063477,95435,4,0.21725302616683,1,163,1,0,0,1,0
53,25,46.91503143310547,94642,2,1.6478564067122443,1,0,0,0,0,1,0
31,7,34.763465881347656,94305,2,0.0902350208579424,1,0,0,0,0,1,0
44,20,66.90721893310547,90090,4,2.6073930656090853,1,336,0,0,0,0,0
56,34,34.43523406982422,90848,1,0.9129710714693764,3,0,0,0,0,0,0
26,2,123.4713363647461,92866,2,2.188087507945576,2,184,1,1,0,1,0
62,34,151.5726776123047,93887,2,0.8952373264551128,1,0,0,0,0,1,0
57,18,36.21178436279297,95132,4,1.7112051581340617,2,0,0,0,0,0,0
46,10,96.82200622558594,91266,1,4.694991937513087,1,0,0,0,0,0,0
61,35,28.86012077331543,91175,2,0.2542679468475656,1,0,0,0,0,1,0
38,11,21.926870346069336,91893,2,0.7843594203895824,1,90,0,0,0,1,0
27,6,142.49362182617188,91911,2,4.00535864369115,1,0,0,0,0,1,0
42,11,131.63058471679688,90355,2,6.570194310692117,1,0,0,1,0,1,0
29,8,30.639759063720703,94520,1,1.4337418797866153,2,104,0,0,0,0,0
49,19,73.17987823486328,92862,4,1.9162282052314736,2,112,1,0,0,1,0
28,5,88.01780700683594,95115,4,2.0970406955767062,1,0,0,0,0,1,0
44,21,60.21780776977539,94037,3,4.139994813243815,2,199,0,1,0,0,0
49,35,25.74999618530273,92105,2,0.4279458912967175,1,0,0,0,0,0,0
34,23,110.033447265625,94234,2,4.611495097610981,1,0,1,1,1,1,1
54,28,77.48553466796875,93023,2,1.0931995023785093,2,0,0,0,0,0,0
42,13,46.11141204833984,92145,1,0.6300249126226766,3,0,0,0,0,1,0
43,21,113.61273193359376,94045,1,3.460697465446618,1,0,1,1,1,1,0
30,-1,76.95179748535156,92956,2,2.153470508347019,2,0,1,0,0,1,0
43,20,72.05848693847656,90928,3,0.6140788190732772,2,151,0,1,0,1,0
30,16,44.3542366027832,94161,4,1.3052309660326689,2,0,1,0,0,0,0
53,29,53.51521301269531,92031,2,2.453884829112389,1,0,0,1,0,0,0
38,16,54.94937133789063,92084,2,1.3142317725886117,3,0,0,0,0,1,0
63,36,30.281856536865234,94313,2,2.2865193757755318,3,0,0,0,0,0,0
37,8,77.10294342041016,95422,1,1.323460772682377,3,0,0,0,0,0,0
45,38,17.18975067138672,95299,4,1.0610199929931077,2,91,0,0,0,1,0
58,38,168.2194061279297,92183,2,7.029606639886677,1,0,0,0,0,0,0
58,36,30.703628540039062,95173,4,0.4599517226058647,2,0,0,0,0,1,0
48,23,71.31082153320312,93072,2,1.8499065989568264,3,151,0,0,0,1,0
26,1,14.974565505981444,92955,1,0.7513804632486142,1,0,1,0,0,0,0
42,4,50.13475799560547,95942,4,0.1213646191646613,2,104,0,0,0,1,0
40,11,104.42787170410156,92697,3,3.329118696029336,2,0,1,0,0,0,0
31,7,49.8166389465332,94759,1,0.6809292210435396,2,0,0,0,0,0,0
36,14,21.01627540588379,94521,4,0.3194278040328935,1,0,0,0,0,0,0
58,36,18.91777992248535,92188,3,0.6814852833728833,2,0,0,0,0,0,0
67,37,46.271671295166016,92447,1,1.732007184960358,2,0,0,0,0,1,0
26,4,127.06719970703124,91916,3,0.1270158631425915,3,0,0,0,0,1,0
62,29,41.47339630126953,91591,1,1.2611453927176304,2,0,0,0,0,1,0
37,4,38.74165344238281,94670,2,2.2736119862785986,2,0,0,0,0,1,0
61,40,10.451305389404297,95758,3,0.8404459795973785,2,0,0,0,0,1,0
28,4,209.4642639160156,91610,3,6.253205168523465,2,557,0,0,0,1,1
52,24,73.00333404541016,95304,1,0.081013259058865,3,0,0,0,0,1,0
56,6,12.958582878112791,94071,3,0.1910822112298938,2,0,0,0,0,1,0
41,26,21.055124282836918,94103,4,1.1731681760585646,2,154,0,0,0,0,0
59,36,111.94829559326172,91519,1,4.639171504836873,1,181,0,0,0,0,0
56,30,40.78719329833984,94483,1,2.1608946975110404,3,0,0,0,0,0,0
39,10,68.36642456054688,95980,1,1.453832585285458,1,0,0,0,0,1,0
27,0,165.7852783203125,91120,1,1.938382928008907,1,0,0,0,0,0,0
57,33,31.053682327270508,90115,4,0.8555424194257284,3,0,0,0,0,1,0
28,1,77.19876098632812,92379,4,0.9513902497198836,3,0,0,0,0,0,0
34,8,63.92070388793945,94023,3,1.2800598611418066,1,250,0,0,0,1,0
34,8,209.2643280029297,91190,1,2.6466028944526894,1,0,0,0,0,1,0
47,35,46.12273788452149,92170,2,4.100554839792914,1,103,1,0,0,0,0
61,33,115.2269058227539,90403,1,1.9757998433160413,2,0,0,0,0,1,0
60,24,209.4345550537109,94590,1,7.030973646147659,1,390,0,0,0,0,0
28,2,77.20063018798828,95816,3,0.4303889162912329,2,0,0,0,0,1,0
54,34,20.36048889160156,92582,2,0.2734892644737704,2,0,1,0,0,1,0
52,34,111.57307434082033,90276,2,3.853644023997509,3,0,0,0,0,1,0
60,35,28.823808670043945,94148,1,1.4238244533012785,3,0,0,0,0,0,0
59,23,45.10548400878906,92531,3,0.5271590288925612,2,0,0,0,0,1,0
58,27,19.945932388305664,91126,3,0.9835586316314,2,89,0,0,0,1,0
30,8,48.53030014038086,91258,4,1.005581878392071,3,0,0,0,0,0,0
60,34,29.41559600830078,94377,3,0.4632550907387681,2,0,1,0,0,0,0
52,19,24.290531158447266,93770,2,0.1953321986179916,3,0,0,0,0,1,0
44,22,158.87884521484375,91181,2,7.422616490245398,1,0,0,1,0,0,0
63,39,40.13337326049805,91095,4,0.7816047583033732,2,125,1,0,0,1,0
63,39,87.57493591308594,90032,1,1.0247962708726812,3,0,0,0,0,1,1
61,26,23.07293510437012,95499,3,0.4568774663371472,3,0,0,0,0,1,0
34,24,106.69390106201172,95717,4,2.3736661508937904,1,0,0,0,0,0,0
37,15,105.16419982910156,93455,3,1.7613232040298068,3,0,0,0,0,0,0
64,37,78.81782531738281,93043,3,1.670883540144521,3,103,1,0,0,1,0
26,3,132.24578857421875,92150,1,3.799329668116185,2,0,0,0,0,0,0
40,13,64.58000183105469,91945,2,0.3987309441660251,1,0,0,0,0,0,0
47,25,44.19737243652344,90568,2,0.0171921304800043,3,0,0,0,0,1,0
34,4,81.92066955566406,93081,2,1.243562696575819,2,0,1,0,0,0,0
56,24,71.65507507324219,91895,4,1.2653749301517818,3,179,0,0,0,0,0
47,23,58.815879821777344,92144,4,0.071170718219482,3,0,0,0,0,0,0
31,9,161.17327880859375,95346,1,6.297671879424238,3,0,0,0,0,1,1
56,25,42.02685546875,94871,2,1.998789752865656,1,138,0,0,0,0,0
33,6,38.31847381591797,92756,3,0.3503431938492441,2,0,0,1,0,0,0
40,14,35.35114288330078,92985,1,0.3121904461340636,1,185,0,0,0,1,0
49,36,14.202352523803713,91944,2,0.962165580230652,3,66,0,0,0,1,0
43,22,88.34159088134766,96151,1,2.8996864406606857,3,240,0,0,0,0,0
35,11,52.49288558959961,92831,3,1.7512671887208024,1,0,1,0,0,1,0
52,2,64.30870056152344,92500,4,0.9015199048085868,1,0,0,0,0,1,0
42,18,100.3983154296875,93106,4,2.4313947239800315,1,0,0,0,0,1,0
37,3,95.90907287597656,91010,2,0.7896593269097552,1,148,0,0,0,1,0
57,20,9.93943691253662,91339,1,0.2917687803490879,3,0,0,1,0,1,0
32,8,94.78956604003906,91699,2,0.6278619324025706,1,98,0,0,0,1,0
36,11,49.66416549682617,95088,2,0.4678051260582159,1,0,0,0,0,1,0
39,19,54.44965744018555,91376,1,0.1391213344635772,1,151,0,0,0,1,0
39,12,57.98405075073242,92226,1,0.2014720512212905,1,0,1,0,0,1,0
44,16,19.358007431030277,92120,3,0.2298310873055797,1,0,1,1,0,1,0
38,16,47.35124588012695,92265,4,1.0354944084520885,3,149,0,0,0,1,0
27,4,110.57955169677734,90239,2,3.740738369474216,1,0,0,0,0,0,0
33,7,28.44979476928711,93948,3,0.9334306572184946,2,0,1,0,0,0,0
48,20,16.34900665283203,90808,1,0.3546233403583806,1,0,0,0,0,0,0
29,3,36.16027069091797,91492,3,1.9712807478119043,2,0,0,0,0,0,0
50,21,93.39002990722656,92195,2,1.5939064249389483,3,0,0,0,0,1,0
57,29,69.51779174804688,95313,3,2.4634379587242505,3,315,1,0,0,0,0
29,4,78.37808227539062,94930,2,0.4959248835884297,1,0,0,0,0,1,0
29,3,33.33344268798828,94890,3,0.8063821042306847,1,0,1,0,1,0,0
40,11,109.27238464355467,96305,3,0.3751150818652468,3,0,1,0,0,1,0
43,14,113.1395492553711,94332,1,3.4486659405960056,1,0,0,0,0,1,0
49,28,67.62248229980469,90763,1,0.4578033690255365,3,0,0,0,0,0,0
66,41,44.534950256347656,94953,3,0.20627851379283,3,0,0,0,0,0,0
25,3,101.44441223144533,95284,2,4.943397600452129,3,0,0,0,0,0,0
57,24,110.99088287353516,95591,1,0.4963024550792623,1,0,0,0,0,0,0
57,29,99.2263412475586,93749,1,0.3618534702601337,2,0,0,0,0,0,0
32,10,56.20542907714844,94988,1,0.3640083137342045,1,0,0,0,0,0,0
44,19,35.49871826171875,95453,4,0.5474496147822844,1,125,1,0,0,0,0
43,7,74.68388366699219,91292,2,4.238759070798492,1,0,0,0,0,0,0
42,14,41.25457382202149,92212,2,0.7525952967439532,3,0,0,1,0,0,0
34,8,20.889036178588867,96148,4,1.356936889144834,1,100,0,0,0,1,0
61,27,66.2245101928711,92252,1,0.3675265500624542,1,104,0,0,0,0,0
46,22,26.829551696777344,93324,3,1.314128512376618,2,0,1,0,0,1,0
45,13,37.02482604980469,94103,4,1.5240375773338737,2,0,0,0,0,1,0
44,15,40.23665618896485,92560,1,2.0976780818698257,2,0,1,0,1,1,0
64,38,39.82268524169922,94493,4,1.0633273300895918,2,0,0,0,0,0,0
52,20,134.74269104003906,92410,2,5.182116183821426,1,400,0,1,0,0,0
30,12,169.89756774902344,90305,2,7.509702008353436,3,0,1,0,0,0,1
32,12,151.66958618164062,94436,3,2.472094454166359,2,198,1,0,1,1,1
37,15,42.82797622680664,93150,4,2.2601896761265925,2,0,0,0,0,1,0
45,28,48.12859344482422,95788,4,0.429827221336837,1,0,0,1,0,1,0
25,4,54.75397872924805,90406,3,1.3529683399233652,3,164,1,0,0,0,0
59,39,37.87519073486328,94955,1,0.4101489099612456,3,0,0,0,0,1,0
56,38,22.83959579467773,95070,4,1.003349368521286,3,133,0,0,0,0,0
45,27,108.6707763671875,90418,1,2.300615264604169,3,256,0,0,0,1,0
33,9,43.303443908691406,95986,4,0.8477726939768628,1,0,0,0,0,1,0
35,1,21.184978485107425,92338,2,0.5620357530386939,3,101,0,0,0,1,0
31,12,136.6729278564453,92678,2,4.331453538276067,1,0,0,0,0,1,0
62,38,46.33396911621094,91317,2,1.1750730005235146,3,138,0,0,0,1,0
44,20,68.39013671875,91172,2,0.9791981408542456,3,176,1,0,0,0,0
49,33,71.21949005126953,89936,4,4.384259795100892,1,235,0,0,0,0,0
42,25,79.57305145263672,92668,2,0.3472399587191949,1,0,1,0,0,1,0
47,20,81.66555786132812,95839,2,1.7131054007351496,3,0,0,0,0,0,1
52,35,23.248422622680664,91590,3,0.3189719395730379,2,0,1,0,0,1,0
35,23,62.5855827331543,92973,1,1.3468599673237738,1,157,0,0,0,1,0
56,15,22.701244354248047,94479,3,0.9953401131037006,3,0,0,0,0,1,0
57,30,41.38150405883789,94457,1,0.1481636263733033,3,0,0,0,0,0,0
51,23,93.85076904296876,92012,4,1.5257578689861038,1,482,0,0,0,1,0
47,24,103.37460327148438,92058,1,0.3226422625602753,1,0,1,0,0,1,0
53,25,120.04095458984376,89843,3,0.7388764912189948,1,0,0,0,0,0,1
27,4,17.058307647705078,92333,4,0.7168310478965567,3,157,0,1,0,1,0
51,22,29.180858612060547,94160,4,1.74411158792577,1,0,0,0,0,1,0
27,2,31.990367889404297,94003,2,1.345865915704903,2,0,0,0,0,1,0
28,20,99.51998901367188,96031,1,2.391098290647473,1,0,0,0,0,1,0
46,28,188.9793701171875,94799,1,5.185089896516434,3,0,1,0,0,1,1
48,33,102.5598602294922,92607,2,1.170305430230408,3,189,1,1,1,1,1
65,41,115.34071350097656,91278,4,1.430418869248931,2,0,0,0,0,0,0
62,34,39.8671875,91362,2,0.1436392893216341,3,0,1,0,0,1,0
28,6,44.45657730102539,94233,2,2.340953538598757,1,93,0,0,0,1,0
60,38,84.38319396972656,95538,1,1.717471759127141,2,0,0,0,0,1,0
48,31,67.37115478515625,94497,1,1.231307802592087,3,0,1,0,0,0,0
60,20,30.606529235839844,93920,2,0.5673419684624912,2,0,0,1,0,1,0
52,23,75.68739318847656,91346,3,1.439010798296035,3,0,0,1,0,1,0
31,7,12.974605560302734,94570,3,0.1233984097534423,2,0,0,1,1,1,0
61,36,68.10954284667969,90714,3,1.5730795587864983,2,0,0,0,0,1,0
50,22,41.11211395263672,96119,1,0.3183980983346141,1,0,0,0,0,0,0
38,18,157.39918518066406,92790,2,4.4047520546891725,1,398,0,0,0,1,0
38,8,88.64142608642578,96226,2,3.677091682102252,1,544,1,0,0,0,0
41,15,48.16471481323242,95003,2,0.2910502918783126,1,0,0,0,0,1,0
41,13,84.88290405273438,91019,1,0.7556686362718569,2,0,0,0,0,1,0
32,8,107.59342956542967,89840,1,0.97037154488595,1,0,1,0,1,1,0
53,16,37.42844009399414,91924,1,0.7600812817435384,3,233,0,0,0,0,0
33,2,26.324132919311523,94431,1,1.683036544599407,3,0,1,0,0,1,0
47,12,83.44847106933594,95571,1,0.2031727104456607,1,0,1,0,0,0,0
50,17,107.968994140625,89969,1,6.4199716048199456,1,0,0,0,0,0,0
41,26,143.017822265625,92809,2,0.4682464352091703,1,0,0,0,0,0,0
29,7,33.10468292236328,93676,3,1.5348399782272637,2,0,0,0,0,0,0
43,15,64.42864990234375,94876,1,2.4325747275935763,2,0,0,1,0,0,0
51,29,55.9146842956543,92146,1,0.5851702199574514,3,0,0,0,0,0,0
53,18,104.95455932617188,92841,2,1.8564743381008,3,0,0,0,0,1,0
25,6,42.08221054077149,94986,2,1.191288550592046,2,0,1,0,0,0,0
63,31,78.63896942138672,93912,2,0.5462630064269727,3,0,0,0,0,0,0
37,-1,49.75737380981445,90261,2,1.6242964116199632,2,0,1,0,0,0,0
57,33,114.79861450195312,90291,3,1.114269370345155,2,0,1,0,0,0,1
30,4,65.18122863769531,94401,1,0.2839604101144241,2,0,0,0,0,0,0
27,15,71.24510955810547,96271,1,0.1626398351483975,3,115,0,0,0,0,0
55,22,72.455078125,92251,2,2.345294680494906,2,0,0,0,0,1,0
48,33,101.45559692382812,93628,2,1.983669900053853,3,0,1,0,0,1,0
44,18,26.790870666503903,91264,1,1.2479357440732977,1,110,0,0,0,1,0
29,11,75.94117736816406,94780,2,0.4012995463639629,3,0,1,0,0,1,0
29,7,145.4582061767578,92261,1,2.373746488553589,3,0,0,0,0,1,1
41,7,64.49172973632812,92138,4,0.5684738028638079,3,0,0,0,0,1,0
40,15,164.2541961669922,94758,2,1.1284190290728624,1,0,0,0,0,0,0
32,11,107.28339385986328,94542,3,1.4119693866550844,3,0,0,0,0,1,0
38,15,35.201881408691406,91494,4,2.295328516631788,1,268,1,0,0,1,0
32,9,107.44642639160156,95331,1,2.5057364882838025,3,0,0,0,0,1,0
48,17,176.14657592773438,91472,4,5.050172217194628,3,0,0,0,1,1,1
54,29,146.3596954345703,96251,1,2.702279504985916,1,230,0,1,0,1,0
30,6,83.75743865966797,95543,4,2.3059133492262336,2,156,0,0,0,1,0
60,33,29.654664993286133,90811,3,0.5715282994390989,2,127,1,0,0,0,0
48,15,142.6439971923828,90090,1,0.4210388990212353,1,0,0,0,0,1,0
27,3,46.22320556640625,91837,2,1.3606150908326269,2,0,0,0,0,1,0
61,39,74.68304443359375,92003,2,1.4314593145489751,3,0,1,0,0,0,0
61,40,40.69477081298828,93050,4,1.340986233742048,2,0,1,0,0,1,0
39,16,27.522520065307617,95474,4,0.6552854595366467,1,0,1,0,0,1,0
30,11,106.68419647216795,92310,3,2.014552271858975,1,108,0,0,0,1,0
61,37,58.05964279174805,94080,1,1.4719221558341626,2,89,0,0,0,0,0
49,19,41.72918701171875,93952,4,3.987571286396763,3,0,0,0,0,0,0
47,14,37.15856170654297,95857,3,0.0592870737136166,3,0,0,0,0,0,0
46,28,20.34668731689453,91958,4,1.6698739773661513,2,0,1,0,0,1,0
39,1,134.43167114257812,91622,4,2.002140222847715,1,0,1,0,0,1,0
57,29,26.83466911315918,91228,4,1.3491688936615476,1,151,1,0,0,1,0
61,36,74.84164428710938,90297,1,0.3994975377581232,1,0,0,0,0,0,0
64,35,47.91926574707031,94605,4,0.2647731938318207,3,0,0,0,0,0,0
52,34,62.85414123535156,92872,3,0.2223313327882896,2,0,0,0,0,0,0
44,33,41.07740020751953,91758,3,0.0354166536630671,2,0,0,1,0,1,0
48,20,55.59531784057617,93021,4,2.2989269952214686,3,0,0,0,0,0,0
29,9,40.45108795166016,92630,4,2.100717373589383,1,0,0,0,0,1,0
44,27,62.61869430541992,95320,2,2.500062716181987,1,117,0,0,0,1,0
47,16,45.28597640991211,95486,2,2.3035875715631584,1,0,0,0,0,1,0
35,8,47.03056335449219,90199,2,1.9388511847388037,1,0,1,0,0,1,0
42,25,17.065414428710938,92602,4,0.4776178524167929,1,94,1,0,0,0,0
64,36,159.60781860351562,94148,2,3.4864512102104714,3,207,1,0,1,1,1
54,32,144.64686584472656,95302,2,2.148121381685211,1,0,0,0,0,1,0
39,14,53.58613586425781,94470,3,1.6867553916123643,2,0,1,0,0,1,0
61,37,44.03803634643555,92236,4,0.9377356092178892,1,84,0,0,0,1,0
58,36,130.52169799804688,91057,4,5.292510506057001,3,358,1,0,0,1,1
64,37,45.496395111083984,96130,3,0.482046747774214,2,318,0,0,0,1,0
51,25,50.463478088378906,94450,3,0.0471783591962852,2,0,1,0,0,1,0
56,28,39.09199905395508,94940,4,1.9326786067153912,1,0,0,0,0,1,0
47,28,60.52431869506836,91074,3,0.5550214878109876,3,219,0,0,0,1,0
61,34,30.51886558532715,95077,3,0.6846137478355507,1,157,0,0,0,1,0
58,7,49.78031539916992,89902,3,0.933413338674892,2,0,1,0,0,1,0
63,38,61.3575439453125,95258,3,0.4431997353033479,2,0,1,0,1,1,0
58,38,92.59765625,92180,2,1.0678424408721936,2,0,0,0,0,0,0
38,22,43.49956130981445,94302,4,1.4031108644191543,1,0,1,0,0,0,0
51,22,45.47964859008789,92929,4,2.0722444373109203,1,0,1,0,0,1,0
42,10,185.2039794921875,94964,1,7.572787650599788,1,0,1,0,0,0,0
31,21,146.88638305664062,90546,1,2.744092548104721,1,0,0,0,0,1,0
45,26,62.20629119873047,91730,2,0.2959880908769712,1,0,1,0,0,0,0
57,30,51.34273910522461,90209,2,0.233586161899852,3,0,0,1,0,1,0
61,34,77.15841674804688,94397,1,3.875007466807917,1,0,0,0,0,1,0
30,8,34.96135711669922,93545,4,0.4529083034015513,3,160,1,0,0,1,0
61,37,82.88766479492188,91518,1,2.638899654308496,3,0,1,0,0,0,0
39,18,143.03648376464844,92012,3,5.011628576707704,1,0,1,0,0,0,1
44,26,58.65599060058594,94732,2,3.641287444164188,3,0,0,0,0,1,0
57,39,52.007904052734375,92095,2,3.206985635740962,1,0,1,1,0,1,0
58,31,135.8277587890625,95128,2,1.113028799909935,1,0,0,0,0,0,0
53,24,105.2407684326172,94722,2,4.834247357046669,1,0,0,0,0,0,0
61,35,53.28514099121094,94212,4,1.866475841478631,1,0,0,0,0,1,0
49,36,41.92475891113281,94478,2,0.3180167726621092,2,0,0,1,0,0,0
57,24,106.09747314453124,93444,1,0.4214906020303581,3,0,0,0,0,1,0
43,23,50.21187973022461,92781,1,1.1877983354440362,3,0,0,0,0,1,0
42,17,66.33574676513672,91284,1,1.3515012951010883,2,144,1,0,0,0,0
39,26,40.61474990844727,89948,2,2.2956323888450685,2,0,0,0,0,1,0
30,9,138.52127075195312,90323,3,1.3049995502966492,1,0,0,1,0,1,0
61,33,27.501754760742188,94246,1,0.2536162043995772,1,107,0,0,0,0,0
46,9,13.157926559448242,91122,3,0.3514650532374149,1,0,0,0,0,1,0
26,5,51.20161437988281,96368,1,1.8633003265889705,3,0,1,0,0,1,0
36,7,53.11057662963867,94211,3,2.6646902178698304,3,0,0,1,0,0,0
34,13,45.21713638305664,94709,2,2.171055062753477,1,0,1,0,0,1,0
52,25,41.48553085327149,90098,3,1.7529697823217674,2,0,0,0,0,0,0
45,25,40.32174301147461,92712,2,0.3491253226383446,1,0,1,0,0,0,0
43,22,145.55599975585938,94225,1,2.432688642381243,3,0,0,0,0,0,1
45,9,173.54806518554688,94263,4,1.2791383222938633,2,0,0,0,0,0,1
62,36,44.98509216308594,94782,4,0.1421482004956718,1,0,0,0,0,1,0
52,20,69.45407104492188,94378,4,2.1768542879083395,2,0,1,0,0,1,0
60,35,74.34970092773438,92767,2,2.025470952722097,3,0,1,0,0,1,0
49,17,110.35842895507812,95828,2,3.606723968372293,1,227,0,0,0,0,0
32,7,32.15971374511719,91842,2,0.0070084939542629,2,0,1,0,0,1,0
63,36,77.1871109008789,93176,4,1.803107273694016,3,0,0,0,0,0,0
42,22,89.82696533203125,95603,3,1.4967590843426235,2,199,1,0,0,0,0
38,11,94.25211334228516,92324,4,0.8864751351117622,2,118,0,0,0,1,0
30,4,118.11139678955078,91375,1,6.707188178596384,1,129,0,1,0,1,0
53,28,45.68766021728516,94665,2,1.1129441507787965,2,0,0,0,0,1,0
45,20,167.16317749023438,95013,1,1.0456113924406198,1,0,0,0,0,0,0
26,8,15.598501205444336,96104,4,0.1766711529291835,1,0,1,0,0,0,0
34,7,69.43215942382812,90046,4,3.039797410699524,2,0,0,0,0,1,0
48,29,65.52713012695312,91968,2,1.9453909250414672,1,0,0,1,0,1,0
45,22,43.55929565429688,93541,2,2.3284487040255195,1,0,1,0,0,1,0
48,29,70.63221740722656,92161,1,1.8004427843014563,2,0,0,0,0,1,0
62,36,86.72502136230469,89972,4,4.339372934495831,3,0,0,1,1,0,1
61,37,36.58650588989258,90335,2,0.5521238195044413,3,0,1,0,0,1,0
45,16,157.30703735351562,92178,2,3.988471904885024,1,231,0,0,0,0,0
61,26,115.49411010742188,92721,3,0.3544060559718772,2,0,0,0,0,0,0
48,15,49.01487350463867,92838,2,0.2670232068838011,3,0,0,0,0,1,0
49,23,60.1458625793457,95427,3,0.9812033263108708,2,0,0,0,0,1,0
27,11,91.56175994873048,94703,3,0.2388950463824036,1,0,0,1,0,1,0
51,20,53.28483200073242,91272,2,0.9289674705161184,3,0,0,0,0,0,0
48,25,73.46195220947266,93853,3,1.0511151357907629,3,0,0,0,0,0,0
43,15,136.5269012451172,94468,1,1.7456691148570511,1,0,1,0,1,1,0
28,9,40.0780029296875,96146,1,0.742912004499616,3,0,0,0,0,0,0
61,36,39.649444580078125,93114,3,1.1526166490636005,3,0,0,0,0,1,0
31,8,158.8340301513672,95936,1,1.8744906689900631,2,0,1,0,1,1,0
42,18,89.51627349853516,94806,3,2.4744698649139965,1,185,0,0,0,1,0
50,29,83.45609283447266,93276,4,0.4000456125632854,1,0,0,0,0,0,0
38,6,140.11451721191406,93384,2,4.390637191064281,1,191,0,0,0,1,0
44,16,176.35401916503906,95977,2,1.8555334187598,3,95,0,0,0,1,1
36,7,35.98435974121094,94547,2,0.7008529469964584,1,111,0,1,0,1,0
29,2,141.71792602539062,96083,1,1.667533587408926,1,0,1,0,0,1,0
29,8,132.67343139648438,94826,3,1.2476589723953744,1,0,1,1,1,1,1
37,12,28.496484756469727,95775,4,0.4566712363236739,3,0,0,0,0,1,0
52,32,64.95980834960938,94516,4,2.476999934052617,3,139,0,0,0,0,0
52,38,12.26012897491455,93690,2,0.7023556475843695,3,0,1,0,0,1,0
42,23,63.9420051574707,90704,2,2.378140738494266,2,0,0,0,0,1,0
61,37,48.86611557006836,92092,1,0.3637696978424187,2,0,0,0,0,1,0
45,20,62.54167938232422,94545,1,0.2338572488297502,3,0,0,0,0,0,1
57,31,23.844562530517575,94344,1,0.4362081488981869,2,0,1,0,0,1,0
26,4,40.46559143066406,94539,4,0.4573083712989304,3,0,1,0,0,0,0
27,3,71.5928955078125,94250,3,1.5004540130583326,1,0,0,0,0,0,0
44,25,36.28411865234375,96053,1,2.3205318879464283,3,98,0,0,0,0,0
27,2,107.62015533447266,93883,2,1.5492731217332634,1,0,0,0,0,1,0
55,36,93.6826629638672,95600,1,1.861748951658196,1,0,0,0,0,1,0
34,12,185.5063018798828,94635,1,6.061016811384845,3,295,1,0,1,0,1
60,32,84.61602020263672,90574,3,2.0983999240432567,2,98,0,0,0,1,0
47,26,59.11859893798828,93150,2,0.4835581643022923,3,0,1,0,0,1,0
39,14,161.8512420654297,89869,2,1.9018274896072371,1,0,0,0,0,1,0
35,9,50.95928192138672,94353,3,2.450172979582003,2,0,0,0,0,0,0
38,4,81.85054016113281,95229,4,2.2273391785160475,2,175,0,0,0,0,0
29,16,122.10521697998048,95948,4,2.1418720048225106,1,395,0,0,0,0,0
41,23,109.81068420410156,92412,1,2.349790146968764,2,0,0,0,0,1,0
53,18,131.8070068359375,92781,1,3.0581763030255478,1,0,0,1,0,0,0
51,26,56.06469345092773,94886,1,0.8546403909923566,2,0,0,0,0,0,0
25,2,76.85459899902344,94227,2,2.101128616001154,1,0,0,0,0,1,0
27,-1,17.067338943481445,92253,2,0.9958742744025688,3,150,0,0,0,1,0
50,22,14.654605865478516,91761,3,0.0555528392062495,1,0,0,0,0,0,0
48,26,17.714859008789062,95844,4,0.9197046584712188,1,82,0,0,0,1,0
52,26,61.36798477172852,95984,4,2.544577113111512,2,0,0,0,0,1,0
56,22,64.66188049316406,92220,1,2.0508846047512943,3,0,0,1,0,1,0
46,22,156.215087890625,94473,2,2.438003599967024,1,0,0,0,0,1,0
42,17,73.06204223632812,90157,3,1.9687210485510256,2,145,0,0,0,0,0
58,35,169.09719848632812,91083,2,6.6172686758609,1,240,1,0,0,0,0
30,5,79.44873046875,91642,1,0.3836923394140271,3,0,0,0,0,1,0
30,9,94.0786590576172,94781,2,3.2379850143985047,3,154,0,0,0,0,0
63,39,50.536922454833984,91996,3,1.043273106174262,2,0,1,0,0,1,0
56,19,200.8800506591797,91140,1,2.323905604393727,1,360,0,0,0,1,0
45,22,37.46826171875,91272,2,1.5366476250002932,3,158,0,0,0,1,0
44,22,90.73748016357422,94273,2,0.4962157474702705,1,0,1,0,0,0,0
63,36,29.53843307495117,92830,4,0.5613952017663202,1,0,0,0,0,0,0
32,3,107.27066802978516,90713,2,4.420760067286592,1,139,0,0,0,1,0
41,12,27.37947654724121,93609,4,1.597832235554501,3,0,0,1,0,1,0
31,11,60.99691390991211,92325,3,1.0954277545731732,1,253,0,0,0,1,0
53,12,70.96514129638672,93276,2,2.548291810295451,1,0,0,0,0,0,0
51,36,195.88247680664065,90559,2,5.007935250200563,1,0,0,0,0,0,1
56,19,101.22817993164062,91830,4,2.184632847021426,3,0,0,1,0,1,0
45,29,58.80391693115234,94947,1,0.0252022784089079,1,0,0,0,0,1,0
36,5,76.6469497680664,94684,2,2.6637668688223357,2,149,0,0,0,0,0
60,33,53.43184280395508,91417,3,0.9718872952582484,3,154,1,0,0,1,0
53,29,93.7078094482422,92094,4,0.5355408477768764,2,146,0,0,0,1,0
64,36,144.3349609375,94468,2,0.3765472929423549,2,532,1,0,0,1,1
43,26,128.58084106445312,92973,3,3.250440190836064,1,0,0,0,0,1,0
50,18,74.3043212890625,92683,3,0.7776497341303856,2,0,0,0,0,1,0
35,10,74.59693145751953,94667,4,0.7870347241524299,1,0,1,1,0,0,0
57,32,81.37157440185547,89850,4,5.89672361386638,2,0,1,0,0,1,0
46,23,105.55712127685548,90246,4,1.1751024748946206,3,0,0,1,0,0,0
59,31,91.13367462158205,95954,3,1.3342410488927037,3,290,0,0,0,1,0
54,37,17.873817443847656,90191,1,0.7690866834449598,2,118,1,0,0,1,0
31,6,38.07158660888672,90431,1,0.4998293822462793,2,127,0,0,0,1,0
34,6,45.50176239013672,95210,3,1.5857701988752688,3,0,0,0,0,0,0
54,33,19.29792022705078,92013,3,2.100893745228688,1,169,0,1,0,1,0
39,10,46.24458312988281,93496,1,0.2982889648834922,1,0,1,0,0,1,0
61,33,99.6250457763672,92036,1,4.268004954266893,2,0,0,0,0,0,0
29,13,101.10309600830078,94758,4,0.4351705995901215,3,0,0,0,0,1,1
63,38,73.0506591796875,90510,3,0.3405432606646649,2,0,1,0,0,0,0
60,36,69.06072998046875,92160,4,2.076289862496808,2,0,0,0,0,1,0
52,23,48.686012268066406,90115,3,1.4270923391283878,2,0,0,0,0,0,0
26,5,94.32637786865234,93986,2,0.8720800046252317,1,0,1,0,0,0,0
53,21,124.5622787475586,91679,4,2.854695628739554,1,0,1,0,0,1,0
34,16,82.33869171142578,95252,3,2.659172681957057,1,0,0,0,0,0,0
43,12,53.09733581542969,95004,4,1.0776997725506106,2,0,0,0,0,1,0
24,0,44.30992126464844,92746,2,0.2952614907520827,2,0,1,0,0,0,0
50,30,67.38087463378906,91955,4,1.7460652329199204,1,0,0,0,0,1,0
31,8,57.15942001342773,92270,2,0.8660689115357859,1,0,0,0,0,1,0
35,3,129.6328125,92909,1,2.0926524113280625,1,309,0,0,0,0,0
37,12,14.65557098388672,92589,2,0.3577075582150117,2,74,0,0,0,1,0
37,32,20.64289283752441,92773,1,2.1767168896167086,3,0,0,0,0,1,0
44,31,82.9645004272461,91844,2,1.950198985349938,3,351,0,0,0,0,1
60,40,58.371395111083984,91769,3,2.208220977381657,2,109,0,0,0,0,0
48,29,44.02638244628906,93416,1,1.835332833804605,3,0,0,0,0,0,0
53,23,57.84454345703125,94809,3,3.667474285708429,2,0,0,0,0,0,0
49,31,26.63980484008789,92901,4,2.8034353766864104,1,0,1,0,0,0,0
43,11,54.833984375,94210,1,2.281907335958267,1,107,0,0,0,0,0
61,36,53.044715881347656,90831,1,2.581863969409694,3,0,0,0,0,0,0
59,27,70.9530029296875,94129,4,1.7116698509440285,1,0,1,1,0,1,0
53,24,59.59667205810547,90876,1,0.3206960480051647,3,179,0,0,0,1,0
27,4,12.70584774017334,90360,4,0.1270178819997546,1,104,0,0,0,1,0
58,31,55.726593017578125,92170,3,1.7663475811543692,3,0,0,0,0,0,0
42,16,21.20656967163086,92735,2,0.5482839432161866,3,145,1,0,0,1,0
35,8,80.55319213867188,90447,1,0.4670329327306827,2,0,0,0,0,0,0
37,5,211.4374237060547,94323,4,9.070265077839222,3,0,0,0,0,1,1
40,26,24.55276107788086,94494,3,0.657956727020654,1,0,0,0,0,1,0
36,18,177.6127471923828,93174,2,1.8405434155396871,1,103,0,0,0,0,0
46,32,96.08789825439452,90723,1,2.062745566271709,2,294,0,1,1,1,0
36,7,98.28799438476562,94363,1,1.5716315678602109,3,0,0,0,0,1,0
58,34,33.80499267578125,90056,2,0.2992647412326453,1,0,1,0,0,1,0
47,24,37.15646362304688,94483,3,2.40755912068442,1,0,0,0,0,1,0
39,13,116.79100036621094,95039,2,2.209584414147788,2,0,0,0,0,1,0
33,6,41.43772506713867,92259,4,2.130638656091922,3,147,0,1,0,1,0
49,31,55.95216751098633,92458,1,0.1397396253580118,2,0,0,0,0,1,0
26,1,188.63421630859372,94783,3,3.8565939979690738,1,308,0,0,0,1,1
41,20,142.67984008789062,90253,1,1.0660562631900468,1,159,0,0,0,1,0
53,30,12.277059555053713,93133,1,0.4365507975289927,2,0,1,0,0,1,0
61,36,34.445465087890625,92660,2,1.6701423970917464,3,0,0,1,0,0,0
38,19,74.21515655517578,90257,4,1.098307650413043,1,0,0,0,0,0,0
33,9,65.12992858886719,94423,4,1.0122812530747978,1,0,0,0,0,1,0
55,31,132.9483642578125,95405,2,5.2625533905719815,1,0,1,1,1,1,0
53,38,22.24574279785156,92248,1,1.025395130657561,1,0,1,1,0,1,0
41,14,26.539995193481445,94273,3,0.1820761675749079,1,0,0,0,0,1,0
57,26,20.451557159423828,91799,2,1.861213683594957,1,0,0,0,0,1,0
54,37,68.31080627441406,92665,4,4.466413176671487,3,275,0,0,0,0,0
59,27,31.01198959350586,91171,2,1.1414687205033074,2,0,0,0,0,0,0
39,16,63.939109802246094,90830,2,0.3755567518737805,1,0,1,0,0,0,0
25,-2,61.35326385498047,93045,1,2.12363089070022,2,217,0,0,0,0,0
59,37,67.10842895507812,95280,2,0.7794791873369311,2,208,0,0,0,1,0
55,26,104.1183853149414,94744,1,0.5553634170899809,1,0,0,0,0,1,0
52,27,54.638275146484375,94620,3,1.950546202152358,2,0,0,0,0,1,0
48,23,63.66138458251953,94675,2,2.5792191193026373,1,0,1,0,0,1,0
64,38,54.583778381347656,93959,4,1.6705525810488775,3,0,0,0,0,1,0
32,8,38.33292007446289,92933,1,0.5818053516122392,3,0,0,0,0,0,0
32,2,47.99983978271485,93107,2,1.9073494505882589,1,0,0,0,0,1,0
47,17,58.578643798828125,95253,4,5.657538688071594,3,0,0,0,0,1,0
30,15,36.96900939941406,94204,4,0.5520415957112217,1,0,0,0,0,1,0
26,0,119.87964630126952,92447,2,1.7629425981443312,1,0,0,0,0,1,0
31,3,175.06394958496094,90292,4,6.19779135612592,3,0,0,0,0,1,1
26,3,38.71051025390625,89881,2,1.123989419306182,2,0,0,0,0,1,0
67,40,44.17647552490234,95177,2,0.6483248341591565,1,0,0,0,0,1,0
28,5,156.30612182617188,95510,1,3.920932367370048,1,0,1,0,0,1,0
52,23,169.4134521484375,95477,1,0.4389504081698335,1,0,0,0,0,1,0
35,5,140.82424926757812,96144,4,4.725101438557586,1,0,0,0,0,0,0
65,41,51.19667434692383,93980,3,2.8057163588344,1,0,0,0,0,1,0
59,37,81.236083984375,94451,1,1.614904353310452,3,184,0,0,0,1,0
33,7,46.3067741394043,91628,1,1.280563123539303,1,0,0,0,0,1,0
53,27,84.5612564086914,94669,1,2.6379437466718274,1,0,0,0,0,1,0
44,24,34.103065490722656,91736,3,1.1695566471664876,2,0,0,0,0,0,0
51,15,20.965768814086918,91126,4,0.4464151260177099,3,0,0,0,0,1,0
51,18,130.12445068359375,93691,1,3.359185916745448,1,308,0,0,0,1,0
53,31,9.92999267578125,91943,4,0.4167991817548993,1,93,1,0,0,1,0
43,23,41.89974594116211,92346,4,1.8638450665203097,2,0,0,0,0,1,0
31,9,33.62895202636719,94388,4,1.2491649752181044,2,0,1,0,0,0,0
40,16,53.3348503112793,94005,1,4.1668628049155325,3,149,0,0,0,1,0
51,27,25.374496459960938,92818,1,0.1527632539633838,3,127,0,0,0,1,0
46,24,39.20541763305664,91536,1,1.771800933043157,2,0,0,0,0,1,0
40,10,24.221981048583984,91914,4,0.9059098463629384,1,0,0,0,0,1,0
44,17,205.88348388671875,90283,2,8.314711668338713,1,0,1,0,0,1,0
57,32,56.02389144897461,93094,3,0.7060193105726545,1,0,1,0,0,1,0
49,20,38.01307678222656,94670,2,0.0111646305340494,1,0,1,0,0,0,0
60,29,100.86480712890624,91681,3,1.518125380675064,1,0,0,0,0,0,0
36,22,34.05049133300781,93685,4,1.5558232511894148,3,0,0,0,0,0,0
33,9,30.932525634765625,93934,4,1.6066615144684206,2,0,0,0,0,1,0
45,12,64.55606079101562,90381,1,2.563873333003108,1,0,0,0,0,0,0
46,14,44.57563400268555,90928,3,0.5188753611935115,1,0,0,0,0,0,0
37,6,57.80462265014648,95427,3,0.6601815260127821,2,0,0,0,0,0,0
43,14,121.61420440673828,91135,4,2.84786177307517,1,402,0,0,0,1,1
40,8,67.79275512695312,92311,4,3.728188522478369,3,0,0,0,0,0,0
63,37,35.8795166015625,96073,2,3.873918329945858,3,0,0,0,0,0,0
52,25,44.527740478515625,90214,2,1.7284121734360978,3,0,0,0,0,0,0
37,23,71.28091430664062,91866,3,2.624900884647931,2,0,0,1,0,0,0
49,16,110.6520538330078,94354,1,5.638666000574747,1,0,0,0,0,0,0
43,25,106.72428131103516,94053,2,8.03732434032925,1,0,1,0,0,1,0
51,29,82.24441528320312,93629,2,2.828238853825753,1,0,0,0,0,0,0
50,21,119.59483337402344,91427,1,2.820842184600222,2,0,0,0,0,0,1
28,19,32.54766082763672,91921,3,1.0713737161293957,2,162,0,0,0,1,0
58,33,38.66240692138672,91162,1,1.1818889480721162,3,218,1,0,0,1,0
63,40,90.28604888916016,92051,2,0.1126846994859977,1,0,0,0,0,0,0
29,5,44.769813537597656,94003,2,2.2893472040112237,2,0,0,0,0,1,0
61,31,39.95576858520508,94058,1,0.2250234006658862,3,0,1,0,0,1,0
35,11,160.0038299560547,94151,2,0.6003942989189369,1,0,1,0,0,1,0
40,20,77.86943054199219,93145,4,2.145282972397694,1,0,1,0,0,1,0
27,4,30.352479934692383,94363,3,0.114125499231273,1,0,0,1,0,1,0
53,26,156.13111877441406,91751,2,7.416060332875331,1,0,0,0,0,0,0
28,5,41.908790588378906,91500,4,1.167553488975621,3,0,0,0,0,1,0
57,35,158.5906982421875,94300,1,6.496081670356791,1,102,0,0,0,0,0
28,3,22.153881072998047,91801,3,1.086121928030733,2,0,0,0,0,1,0
59,34,124.9151611328125,92276,2,3.956919553130668,1,0,0,0,0,0,0
46,19,60.41303634643555,94358,3,1.8518605749131951,2,244,0,1,0,1,0
43,28,143.9552459716797,91932,2,0.7450273341615381,1,0,1,0,0,1,0
57,33,72.62857055664062,95159,1,4.273316654583529,2,0,0,0,0,0,0
63,35,27.82610321044922,93941,1,0.42913323980628,3,0,0,1,0,1,0
56,22,59.628753662109375,90257,2,4.31692704885391,1,0,1,1,0,0,0
62,31,31.54767608642578,96176,2,0.6539169488498006,1,0,0,0,0,1,0
47,20,62.01015853881836,95878,2,0.1087306179460186,3,0,1,0,0,0,0
52,27,85.9896469116211,89840,1,0.9581372829619924,1,0,0,0,0,0,0
26,2,28.56070899963379,94339,3,1.6597207371782554,2,0,0,0,0,1,0
51,21,58.97195816040039,94378,1,1.7742891881769542,3,0,0,0,0,1,0
43,17,145.9759063720703,92798,1,2.67540054351725,1,0,0,0,0,1,0
31,4,33.88134002685547,95901,4,1.050056087171152,1,232,0,0,0,1,0
43,18,41.44759368896485,92911,2,0.5844942755636117,1,0,0,1,0,1,0
56,36,92.14081573486328,94117,1,2.187845113275771,2,0,0,0,0,1,0
47,23,126.59407043457033,90707,1,0.2357486440201635,1,0,0,0,0,0,0
61,30,14.576167106628418,92301,1,0.4839053686596794,2,0,0,0,0,0,0
65,38,68.41824340820312,94719,1,1.493587017554595,3,0,0,0,0,0,0
65,41,56.4308967590332,90368,4,2.396763801896441,3,0,0,0,0,0,0
50,25,40.56596755981445,93743,3,0.7672636027137638,1,149,1,1,0,1,0
63,38,142.16464233398438,94419,1,2.0615373668391666,1,192,0,0,0,1,0
35,0,66.593017578125,94428,2,0.8666394019634753,1,0,1,0,0,0,0
35,7,45.22946548461914,94901,4,0.8447212517729752,2,0,0,1,0,1,0
28,9,45.56703567504883,94812,4,1.1511874197882035,1,217,0,0,0,0,0
40,14,189.5379943847656,90259,1,1.3566694217161863,1,0,0,1,0,1,0
50,19,39.646514892578125,91994,1,0.5762613641600209,3,75,0,0,0,1,0
62,39,49.91105651855469,96109,1,0.9581616118072952,1,0,0,0,0,1,0
53,18,25.844039916992188,92273,2,2.3248653914010577,2,158,0,0,0,1,0
46,22,46.43453979492188,94928,4,0.925435325784241,3,122,0,0,0,1,0
50,31,26.760608673095703,94576,1,0.5763132932440606,1,0,0,0,0,1,0
59,35,182.9283447265625,95448,2,5.911638711778205,1,0,0,1,0,1,0
33,6,204.61328125,90072,2,2.5663723092673294,1,118,0,0,0,1,0
33,13,56.79676055908203,94366,3,1.2131708232668066,2,0,0,0,0,1,0
41,13,45.06512069702149,95666,3,0.137676783551444,1,0,0,1,0,1,0
49,18,28.997215270996094,93053,3,0.2790879233398633,2,100,1,1,0,0,0
48,21,93.50283813476562,95100,1,0.4442914007414632,1,0,0,0,0,1,0
41,6,138.01214599609375,93046,3,1.67215961805459,3,0,0,0,0,0,1
28,7,43.751163482666016,94108,3,1.36398938178038,2,0,0,0,0,1,0
30,5,40.914283752441406,94456,1,0.5898145651216732,3,0,0,0,0,1,0
47,15,36.10793685913086,94501,4,1.6491557144232702,3,0,0,0,0,1,0
41,13,49.03374862670898,96269,1,0.4759808593491431,3,123,0,0,0,1,0
41,16,26.75464630126953,94194,2,0.545880112600901,2,0,1,0,0,1,0
60,35,63.93430709838867,92903,4,1.894681608871228,1,137,0,0,0,0,0
60,34,208.45433044433597,96091,1,6.409607670473008,1,0,0,0,0,1,0
42,19,61.3179931640625,92287,3,2.111056213189329,2,0,0,0,0,1,0
53,17,104.90689086914062,95408,1,2.488833831199875,3,0,0,0,0,1,0
56,27,27.41790771484375,93026,1,0.6662052659323288,2,249,1,1,0,1,0
30,7,64.92549133300781,91020,2,2.7096798092260066,1,0,0,0,0,1,0
37,8,38.45174407958984,95669,4,1.0086402726466672,1,0,0,0,0,0,0
59,31,17.021705627441406,90713,4,1.714273141987979,1,0,0,1,0,1,0
40,13,188.49331665039065,94414,2,2.3679257722363865,1,303,1,0,0,0,0
50,22,35.76234436035156,91387,4,1.0526358634701525,3,0,0,0,0,1,0
39,25,27.282062530517575,94515,4,1.361533268404326,1,0,1,0,0,1,0
58,31,111.86096954345705,94537,1,0.7446835249252481,2,0,0,0,0,0,0
42,17,61.76866149902344,94811,2,2.820621979425453,3,0,1,0,0,1,0
48,31,89.00572204589844,94793,2,1.276661566066399,1,0,0,0,0,1,0
30,8,48.560279846191406,89746,2,1.2714660837019385,1,0,0,0,0,0,0
52,23,41.28780364990234,94154,2,0.2929784934001183,3,0,0,0,0,0,0
49,27,89.2397689819336,92625,1,0.6187950367173012,2,0,0,0,0,1,0
26,4,88.79785919189453,91994,1,0.2673412648049522,1,0,0,0,0,1,0
42,13,169.77867126464844,95255,3,2.6816578854928568,1,0,1,0,1,1,1
29,4,33.924095153808594,90315,1,0.0810816918042494,2,0,0,0,0,1,0
52,25,126.04695129394533,94508,1,3.237091115786469,3,0,0,0,0,1,0
66,38,125.50082397460938,92079,4,2.321495100402862,1,0,0,0,0,1,0
45,11,41.22283172607422,92341,4,2.970801443395417,1,0,0,1,1,1,0
59,35,35.66649627685547,92833,3,0.1360410794281839,2,0,0,0,0,1,0
41,7,65.17352294921875,94251,2,1.1513950892130986,3,243,0,0,0,1,0
43,11,152.42738342285156,95486,3,2.685061187201673,3,0,1,0,1,0,0
58,37,60.1991081237793,92031,1,1.0021041523843603,2,96,1,0,0,0,0
64,41,89.94275665283203,89962,3,1.2747010707787942,1,0,1,0,0,1,0
34,12,30.48008728027344,90918,2,1.2855670724481345,2,0,0,0,0,0,0
40,13,16.150699615478516,90172,2,0.5193623944815509,1,0,1,0,0,1,0
56,24,39.05265045166016,92130,2,7.734587429862623,1,0,1,0,0,0,0
58,32,29.32211303710937,90933,3,1.8056069439020463,1,0,1,0,0,1,0
32,3,63.944732666015625,92870,4,1.573586542947803,3,0,0,0,0,0,0
40,23,41.249267578125,92812,4,0.914358121274737,3,234,0,0,0,0,0
42,10,30.41351318359375,95082,2,0.4939068130951206,1,0,0,1,0,0,0
31,10,56.08026885986328,94559,1,0.667236522343944,2,0,1,0,0,0,0
62,34,52.48749542236328,95649,3,0.0752841592264915,1,165,0,0,0,1,0
33,10,50.59488296508789,91123,3,0.6965907727426951,1,0,1,0,0,1,0
29,11,52.78824234008789,90201,4,0.8110308117715503,2,0,0,0,0,0,0
49,29,32.356136322021484,92138,4,1.6414408852102376,3,0,0,0,0,0,0
44,21,191.994140625,94670,2,7.826951258894287,1,0,0,0,0,1,0
33,3,35.022743225097656,90027,4,1.954808845649592,1,155,0,0,0,1,0
64,34,128.28900146484375,91075,2,0.2134754660564635,1,0,0,0,0,1,0
26,3,41.63336944580078,95587,4,0.9750101335515784,2,180,0,0,0,1,0
53,20,127.77594757080078,92869,2,3.49458705476634,1,205,0,0,0,1,0
47,25,87.08619689941406,92646,1,7.975254803917067,1,110,1,0,0,1,0
41,18,130.63232421875,91184,1,2.698498825757939,1,118,0,0,0,1,0
24,4,51.01617431640625,91420,1,0.8478051557690796,3,0,1,0,0,0,0
29,6,67.71206665039062,94748,2,0.9883200996019934,2,0,0,1,0,1,0
59,39,75.19432067871094,94342,4,1.7118749335557388,2,0,0,0,0,0,0
26,0,26.958555221557617,92249,2,1.2643468241223532,2,103,1,0,0,0,0
39,13,93.31871795654295,91326,2,3.1543040512555955,1,0,1,0,0,1,0
27,0,83.11582946777344,95092,4,1.3718818158839052,1,0,0,0,0,0,0
51,22,45.75572204589844,92324,4,2.8181894528939933,2,0,0,0,0,0,0
42,19,119.60091400146484,94646,1,5.902095035249311,1,115,0,0,0,1,1
30,7,107.36611938476562,91873,2,1.2211002783558809,1,0,0,0,0,0,0
43,24,114.89993286132812,94414,2,2.450758351968126,1,199,0,0,0,1,0
43,20,92.69891357421876,92595,2,2.3029533236450392,2,0,0,0,0,0,0
50,27,24.65550804138184,95833,2,0.1834189029615995,3,0,1,0,0,1,0
46,15,86.50196075439453,94090,2,1.9509990418908612,2,0,1,0,0,0,0
52,24,31.948326110839844,94279,1,2.3958221207178827,2,0,1,0,0,0,0
37,13,68.34927368164062,94044,1,1.5132505444986446,2,247,0,0,0,1,0
44,25,41.60136795043945,93797,1,0.528317621648603,1,0,1,1,1,1,0
27,5,37.23677062988281,93051,4,1.0748195740351745,3,0,0,0,0,0,0
50,18,59.04700469970703,91896,1,0.7494764868716848,2,0,0,1,0,0,0
43,21,72.47822570800781,90908,3,1.873781976064513,3,0,1,0,1,1,0
50,28,44.00778198242188,90813,2,0.6925528804386586,2,165,0,0,0,0,0
56,31,58.59664916992188,89951,4,0.000762853235621,2,0,0,0,0,1,0
34,9,46.25580978393555,92287,1,3.190312765098044,2,0,0,0,0,0,0
52,30,45.24920654296875,90439,2,0.8145070143597098,2,0,0,0,0,1,0
56,29,47.27718353271485,94435,4,2.10367565127377,1,0,1,0,0,1,0
37,1,113.65777587890624,90409,1,4.078875433571526,1,0,0,0,0,0,0
34,7,76.27910614013672,92096,4,4.653604219841268,2,379,0,0,0,1,1
57,31,25.31310272216797,96113,3,0.5675576697182009,1,0,0,0,0,1,0
29,8,77.0246353149414,94808,4,1.068302037211995,1,0,0,1,0,0,0
43,17,69.56532287597656,94272,1,0.5480746958158061,1,0,1,1,0,0,0
53,24,82.54837036132812,90053,1,1.942079039616843,3,0,0,0,0,0,0
62,33,105.80738830566406,94294,1,0.2714354908504794,1,0,1,0,0,1,0
62,30,83.89295196533203,95118,2,0.7319829812497143,2,233,0,0,0,1,0
29,0,160.70388793945312,91456,4,3.401218897608965,3,0,0,0,0,1,1
38,15,40.275760650634766,95599,4,1.966141516535352,3,109,0,0,0,1,0
42,11,19.043590545654297,91407,1,0.7369151523238977,1,114,1,1,1,1,0
27,3,55.714881896972656,93772,2,0.5978398923153543,1,0,0,0,0,1,0
30,8,56.4328727722168,94859,3,2.905536962780024,2,0,0,0,0,1,0
41,23,105.67042541503906,91365,1,7.106947164925624,1,0,1,1,1,1,0
37,7,39.32494354248047,91847,1,0.2411767522356224,3,104,0,0,0,1,0
34,10,116.37258911132812,92945,1,1.8083447695264423,1,0,1,0,0,1,0
53,36,54.400840759277344,92134,4,1.1788742951780966,1,0,1,0,0,0,0
44,9,151.64735412597656,94621,4,5.425875207713617,1,0,0,0,0,0,1
39,20,29.834779739379883,94099,4,0.365500112416395,1,0,0,0,0,1,0
30,11,82.61695098876953,94860,1,1.94368229553533,3,0,0,0,0,1,0
41,16,41.58746337890625,94960,2,1.099825013496183,1,219,1,1,0,0,0
60,35,26.91907501220703,94947,3,1.216511618872975,2,0,1,0,0,1,0
63,39,88.75904846191406,95191,3,0.1532435659411244,2,0,0,0,0,0,1
32,5,84.20911407470703,95259,1,1.1338970543055245,2,0,0,0,0,1,0
45,18,93.3130340576172,94954,2,3.833018268522575,1,0,0,1,0,0,0
66,40,39.23027038574219,91819,2,1.550975141773236,3,0,0,0,0,1,0
55,39,111.4140625,90288,3,2.9921665144835266,2,0,0,0,0,0,0
59,31,36.40528869628906,92273,1,1.754666410175416,3,141,0,0,0,0,0
36,30,52.03684616088867,94677,1,2.3452286268015308,3,0,0,0,0,0,0
25,0,46.72823715209961,94440,4,1.6052145414070675,1,108,0,0,0,0,0
42,16,81.66776275634766,95820,2,1.035239334488056,2,290,0,0,0,0,0
29,17,142.13812255859375,92406,4,3.596158798051082,1,0,0,0,0,0,1
49,28,39.16889190673828,94241,3,0.121333858581469,2,103,1,0,1,1,0
49,15,65.9032974243164,92157,2,0.3188138418917344,1,0,0,0,0,0,0
26,1,185.52801513671875,92839,3,5.472629050834562,3,0,0,0,0,1,1
42,16,90.39171600341795,93983,1,2.865063150895061,1,144,0,1,0,0,0
34,11,71.85908508300781,90011,4,0.4479863178859474,3,0,0,0,0,0,0
39,20,94.2107925415039,94412,2,2.4076915497821267,1,0,0,1,0,0,0
46,24,174.2689666748047,91769,2,1.762224884718758,3,0,0,0,0,1,1
27,7,32.08723068237305,91683,4,1.3947456132684806,1,0,1,0,0,0,1
46,22,40.15324020385742,93218,2,2.820572533230809,2,0,0,0,0,0,0
48,22,200.4597625732422,92821,1,5.37789358737044,3,132,1,0,0,0,0
33,7,67.87803649902344,95598,1,1.7532599987194697,2,204,1,0,0,1,0
42,15,41.41001892089844,92926,3,0.3215819444194732,2,0,0,0,0,1,0
31,11,22.12430191040039,90315,4,0.8586968093186103,2,0,1,0,0,1,0
63,34,77.21784210205078,93480,3,0.8777767315740675,2,329,0,1,0,1,0
27,6,124.88021850585938,91664,4,3.395844211375556,2,0,0,1,0,1,0
60,32,64.98209381103516,90276,3,0.8363377510092179,1,0,0,1,0,0,0
33,7,166.7482147216797,95834,3,2.4118770221811463,2,0,0,0,0,1,1
40,14,24.279491424560547,94974,1,0.4440058870037695,3,0,1,0,0,1,0
59,31,81.13160705566406,94687,4,1.9421711595156896,3,0,0,0,0,0,0
60,37,96.26960754394533,90177,2,4.444449131369422,1,0,1,0,0,0,0
29,8,77.12469482421875,94441,1,0.1836959539338609,1,0,0,0,0,1,0
57,33,106.04386138916016,92237,2,3.252662904043686,3,0,1,0,0,1,0
43,34,9.481571197509766,93094,4,0.3858721525757595,1,89,1,0,0,1,0
31,6,39.76684188842773,94423,4,0.4422269872956681,3,0,0,0,0,1,0
43,17,89.83332824707031,91427,2,2.5680661178921453,1,285,0,0,0,0,0
34,6,29.19525909423828,91744,4,1.1744195534620014,2,0,0,0,0,0,0
29,2,127.70989990234376,94320,2,0.2811228401860073,1,0,0,0,0,1,0
52,26,49.0918083190918,94100,3,2.005895541962404,1,142,0,0,0,1,0
57,33,42.14009475708008,90392,4,2.262090679030865,2,143,1,0,0,0,0
40,25,99.3797378540039,94914,1,2.3396272272768868,3,0,1,1,1,1,0
42,19,15.33261489868164,93093,4,0.4831222366658548,1,158,1,0,0,1,0
33,10,36.27902221679688,90276,1,0.2352222502572173,2,0,0,1,0,0,0
34,12,147.6810760498047,95104,2,2.808229803986963,1,229,0,0,0,1,0
65,40,54.40345001220703,95245,3,0.4969657982550928,2,0,0,0,0,1,0
38,12,154.02894592285156,94524,2,5.984547902545918,1,434,1,0,0,0,0
58,33,128.8140869140625,94742,3,2.253327174561226,2,151,0,1,0,1,0
46,25,73.63026428222656,94135,3,1.795698253570349,2,173,0,0,0,1,0
43,28,49.69493103027344,90179,4,0.6822401644286018,1,0,1,0,0,0,0
35,13,66.8735122680664,91404,2,0.6356507451628279,1,0,0,0,0,1,0
56,29,200.8902587890625,90421,1,4.456656706872091,1,0,0,0,0,0,0
44,5,154.1768798828125,90837,2,2.8698497466485837,1,0,1,0,0,1,0
44,26,23.665470123291016,92277,3,0.1812890998287928,2,0,0,0,0,1,0
62,30,94.84808349609376,94631,2,1.4101704259081096,2,0,0,0,0,0,0
36,9,44.23819732666016,94028,1,1.2374495121821747,1,0,0,0,0,0,0
43,16,76.27101135253906,93320,2,1.9800168265163416,1,0,0,0,0,0,0
63,35,49.83364868164063,94071,1,0.0432929318247343,3,0,0,0,0,1,0
59,27,140.53379821777344,92016,1,3.214524660057659,2,0,1,1,1,1,1
31,16,23.179710388183597,95112,3,0.6925007362211695,2,0,0,0,0,0,0
37,13,134.98663330078125,92164,4,2.1642587223854672,3,0,0,0,0,0,0
31,18,12.821178436279297,95516,2,1.6690991885694109,2,75,0,1,0,1,0
61,36,63.69741439819336,94461,4,1.3542842897169631,2,0,0,0,0,0,0
28,1,81.19628143310547,94518,4,2.603369529636608,1,0,1,0,0,0,0
26,1,28.56060028076172,94366,4,1.855488545278705,1,134,0,0,0,1,0
43,27,15.478985786437988,95016,3,0.1548469813746609,2,0,1,0,0,0,0
62,36,65.37481689453125,92029,4,2.4780092548524872,2,0,0,1,0,0,0
32,4,119.19921112060548,91673,2,2.8580147306813126,1,0,0,0,0,1,0
43,16,106.03095245361328,92090,2,1.7987336954080746,3,0,0,1,0,1,0
58,32,12.72917652130127,92501,2,0.7333337550369841,3,117,0,0,0,0,0
27,3,158.81130981445312,96000,2,3.1296018882662158,1,0,0,1,0,0,0
36,3,45.35611343383789,96042,3,1.0036348678032991,3,0,0,0,0,0,0
57,34,33.91953659057617,90224,1,1.4061344377071237,3,186,0,0,0,1,0
41,37,91.46522521972656,91247,3,0.5828756229390197,3,107,0,0,0,0,0
60,32,86.00932312011719,91446,1,4.580625123441629,1,0,1,0,0,0,0
40,5,30.47563934326172,93400,3,0.7962380763881461,2,0,1,0,0,1,0
54,33,41.24174880981445,92294,4,0.6923275628848691,2,0,0,1,0,1,0
47,36,11.08305549621582,93403,4,1.1595714296276067,2,0,1,0,0,0,0
30,4,136.16323852539062,92774,2,3.3096145270409965,1,0,0,1,0,1,0
45,17,52.2573127746582,94445,4,3.254793828486094,1,0,0,0,0,1,0
36,7,35.44432067871094,90542,2,1.4942149465505574,3,0,1,0,0,0,0
51,32,87.82540130615234,94715,2,1.182316327400993,1,338,0,0,0,0,0
33,9,116.04898834228516,93000,2,3.2541896857677592,1,0,1,0,0,0,0
60,26,17.545230865478516,91973,3,0.5844475943760483,1,103,0,0,0,0,0
46,27,82.56851959228516,91409,2,1.6752941428498953,1,188,0,0,0,1,0
42,19,13.256880760192873,94225,3,0.5402380610752193,3,115,1,0,0,0,0
44,20,76.41813659667969,94823,1,1.6952742977130404,2,0,0,0,0,1,0
62,37,167.00567626953125,92123,4,4.168773730948595,2,395,0,0,1,1,1
42,16,147.5835418701172,94245,1,7.609480490655985,1,0,0,0,0,0,0
47,22,136.0917510986328,94607,3,7.3283258277963474,2,581,0,0,0,1,1
53,31,55.439918518066406,95524,3,2.3576009052684346,2,0,1,0,0,1,0
28,16,212.4434356689453,94803,2,7.603063479153199,1,0,0,0,0,1,0
65,42,52.84629821777344,94405,4,0.3387012000333516,3,0,1,0,0,0,0
51,19,39.7781982421875,90537,3,0.4958745309444166,3,0,1,0,0,1,0
60,34,23.07888412475586,89896,4,1.896107122983325,1,162,0,1,0,1,0
29,6,47.7293586730957,94422,1,1.160478291083011,3,0,0,0,0,1,0
67,40,21.741308212280277,96382,4,1.157289994668652,1,0,0,0,0,1,0
31,5,64.19528198242188,91284,3,1.881852383591004,2,0,0,0,0,1,0
64,33,73.50746154785156,95306,1,2.661475305854984,3,0,1,0,0,0,0
35,12,51.48458480834961,91168,3,1.308204238719139,3,0,0,0,0,0,0
27,-1,29.247556686401367,92064,3,0.249750477166472,3,0,1,0,0,0,0
60,32,128.62655639648438,92152,1,2.782505711240872,1,0,0,0,0,0,0
36,9,72.2831802368164,94288,1,1.694340088468275,2,101,1,0,0,0,0
28,3,86.18511962890625,94353,1,1.9263789913033007,1,0,0,0,0,1,0
57,27,46.24949264526367,94594,4,1.8901631398964271,2,0,0,0,0,0,0
64,26,25.895994186401367,94852,3,0.7862738790429028,3,0,0,0,0,0,0
25,1,63.90824890136719,94653,1,2.225470037864804,3,0,0,0,0,0,0
63,38,91.59056091308594,91786,1,3.490224666194921,3,0,1,0,0,1,0
53,27,17.278919219970703,94662,2,1.0729401799697962,2,154,0,0,0,1,0
34,8,64.77639770507812,91559,2,3.927522162299064,3,0,0,0,0,1,0
33,4,17.787986755371094,95675,3,0.828235842562026,1,84,0,0,0,0,0
63,38,61.952369689941406,92721,4,1.0210471808947392,3,0,1,0,0,1,0
58,36,91.8634796142578,92440,3,2.423219591772145,2,0,0,1,0,0,0
37,11,73.05894470214844,91901,3,0.5928206787360709,2,0,0,0,0,0,0
63,34,49.78909683227539,95272,2,3.016220983419725,3,0,0,0,0,1,0
43,13,204.91966247558597,91002,2,0.1704270751967323,1,0,0,0,0,0,0
42,21,167.50909423828125,93123,2,6.434437636579815,1,0,1,0,0,0,0
40,22,36.12854766845703,91520,1,0.2336204694467386,2,0,0,0,0,0,0
46,17,42.20447540283203,93539,2,0.7882646707748994,2,0,0,0,0,0,0
29,11,57.28701400756836,93914,2,2.611379913664201,2,0,0,0,0,0,0
62,36,108.7696762084961,95786,1,2.47901150351181,1,137,1,0,0,0,0
50,30,23.50517463684082,94628,1,0.2289488600212474,2,0,1,0,0,1,0
31,3,73.07337188720703,93308,1,1.7650190925670346,1,0,0,0,0,1,0
42,24,70.96229553222656,95918,1,1.6707863804156924,2,0,0,0,0,1,0
34,6,92.97917938232422,94943,4,3.4635463569723477,2,0,0,0,0,1,0
64,35,151.9483642578125,94824,1,5.124624987251558,1,0,0,0,0,1,0
41,14,193.00949096679688,91460,2,0.7584263236027518,1,0,1,0,0,0,0
55,35,48.52791213989258,93112,4,0.3199419060094602,3,0,0,0,0,1,0
53,16,34.746681213378906,95638,3,1.86480217627658,2,0,0,0,0,1,0
51,22,50.2430534362793,92145,4,0.7638252040804422,1,0,0,0,0,1,0
47,13,62.03165817260742,90397,4,0.1608164919859561,1,0,0,0,0,0,0
54,28,100.21656799316406,94653,2,1.8342569443243917,1,0,0,0,0,1,0
46,32,49.39518356323242,92292,3,1.7535933550731606,3,98,1,0,0,1,0
45,18,50.1900634765625,95278,1,0.6971851036700624,1,0,0,0,0,0,0
37,9,123.98562622070312,92179,2,2.184841959142477,1,0,0,0,0,1,0
47,26,44.18753433227539,94278,2,3.0212671514746265,2,371,1,0,0,1,0
52,31,16.52118492126465,92973,3,0.9295436133057398,3,0,1,0,0,1,0
55,25,174.9580078125,90251,2,6.541987965021496,1,0,0,0,0,0,0
36,11,37.51220703125,92099,4,2.8897532230071112,1,0,0,0,0,0,0
48,24,96.01756286621094,92429,1,2.891193912778467,1,98,0,0,0,1,0
61,30,65.28982543945312,90438,1,0.2516404270434252,1,0,0,0,0,1,0
32,9,25.833553314208984,90992,4,1.752535918954629,1,85,0,0,0,0,0
31,6,39.79464340209961,92008,4,1.2119229583246736,2,0,0,0,0,0,0
57,23,60.88758850097656,91342,3,1.2209749873003992,2,140,0,0,0,0,0
32,3,53.25034713745117,94484,1,1.4813643705311157,2,90,0,0,0,0,0
34,11,44.781551361083984,93117,1,0.1927653845462552,3,179,0,0,0,0,0
61,36,49.11970520019531,94377,1,0.7862825356954445,3,0,1,0,0,0,0
28,5,42.93406295776367,94268,1,1.9092236958729567,3,0,0,0,0,1,0
63,36,42.71870422363281,95263,1,1.6013006446635485,1,270,0,0,0,1,0
28,0,76.82394409179688,91247,2,2.8356716074542843,2,0,0,0,0,1,0
33,12,107.03236389160156,90359,3,1.7510737715878126,1,0,0,0,0,1,0
43,16,48.09424591064453,94463,3,3.763155773179212,3,0,0,0,0,0,0
38,13,32.359947204589844,93147,4,1.1577346192018656,3,0,0,0,0,0,0
34,8,41.37005615234375,95807,4,1.5424340039362965,2,393,0,0,0,0,0
26,-1,43.52163696289063,90218,4,2.863161169989484,3,0,0,0,0,1,0
42,17,28.638221740722656,92830,4,0.2612088689482716,1,146,0,0,0,1,0
59,33,117.01146697998048,94614,4,2.6841871435213607,3,238,1,0,0,1,1
54,28,64.87153625488281,90454,1,2.7538644028920047,2,0,0,1,0,0,0
46,29,110.1722640991211,94806,2,2.5124974261032063,2,0,0,0,0,1,0
50,19,124.88115692138672,91943,4,2.355273497228485,2,0,1,0,0,0,1
45,33,83.19380187988281,92898,4,0.4387375648736453,1,100,1,0,0,1,0
50,17,55.81590270996094,93124,3,0.9478607024337335,2,0,1,0,0,0,0
59,24,123.95883178710938,94935,1,0.2636853163684136,1,0,0,0,0,0,0
55,17,30.851184844970703,94604,3,0.8490468157198899,2,196,0,0,0,1,0
38,16,76.67707061767578,94913,2,1.9672134844255111,1,0,0,0,0,1,0
50,26,25.168901443481445,91929,2,1.1711817840587786,2,0,0,0,0,0,0
35,13,37.51676559448242,95110,2,2.597776243662261,3,0,1,0,0,1,0
36,4,78.67833709716797,94295,2,1.527453194846876,2,0,0,0,0,0,0
28,1,68.03070068359375,95676,1,0.4250330581321219,3,0,0,0,0,1,0
38,14,69.75025939941406,94511,1,1.6836007024838593,1,0,1,0,0,1,0
29,13,23.188465118408203,94198,1,0.4873333772681434,1,0,0,0,0,1,0
37,13,103.05867767333984,91963,2,0.6088970018662198,1,0,1,0,0,1,0
48,28,46.982669830322266,93968,1,1.958662744563114,3,0,0,0,0,1,0
29,18,55.37324905395508,92348,1,0.9326574308694622,1,0,0,0,0,1,0
60,33,20.549789428710938,95818,3,0.3414486293568935,2,0,1,0,0,1,0
54,33,39.78644180297852,91320,3,2.8259700194834423,2,0,1,0,0,1,0
35,11,53.54782104492188,90562,4,1.108120040598766,2,109,0,0,0,1,0
56,-2,32.92458724975586,94525,2,0.8583403857287223,1,89,0,0,0,1,0
32,14,90.9827117919922,95708,1,0.1286040785354232,1,0,1,0,0,0,0
39,12,22.513011932373047,95136,2,2.74418494349113,2,103,0,0,0,1,0
43,25,41.93496322631836,93665,4,0.7586278956117878,3,121,0,0,0,1,0
36,14,147.2194366455078,95323,2,1.6051514960210005,3,0,1,0,0,0,1
44,11,71.99772644042969,91633,1,1.340074101869437,1,162,1,0,0,0,0
40,20,38.38921356201172,94686,1,1.1291861368317777,1,0,1,1,0,0,0
43,18,25.37761878967285,92998,4,0.6655309339176407,1,0,0,0,0,0,0
46,21,80.42942810058594,90106,4,1.8103957063324003,1,0,0,0,0,0,0
45,22,38.32489776611328,92700,4,0.9726324536228216,3,0,0,0,0,0,0
45,18,84.32373809814453,94062,2,1.9645052913812688,2,0,1,0,0,1,0
44,18,167.29051208496094,90027,4,4.089969122157861,2,0,0,0,0,1,1
32,10,90.66158294677734,95946,2,4.0366644793707485,1,0,0,0,0,1,0
45,12,66.38542175292969,95807,3,0.2698943376230951,1,0,1,0,0,1,0
30,2,136.9436798095703,92639,2,6.07475915000104,1,0,0,0,0,1,0
48,25,14.45920753479004,90065,3,0.114946822424735,1,112,0,0,0,1,0
46,19,33.635215759277344,95988,2,1.380659645845708,1,0,0,0,0,0,0
59,33,24.265535354614254,90516,4,0.4259836793582126,1,103,0,0,0,1,0
43,29,70.36381530761719,92625,4,1.55464753601079,1,95,0,0,0,0,0
43,10,139.6768035888672,94663,1,0.5342023815015329,1,0,0,0,0,0,0
44,16,108.25261688232422,95799,1,1.5927599086025308,3,0,1,0,0,1,0
36,19,124.37796783447266,93009,4,0.4138954184670951,2,0,0,0,0,1,1
44,21,94.56099700927734,94644,4,2.875200391786101,2,0,1,0,0,1,0
45,21,151.4876708984375,96021,2,3.0983493022987134,1,0,0,0,0,1,0
57,24,96.47570037841795,94847,2,3.649576165146519,3,0,1,0,0,1,0
33,10,33.49856948852539,94210,2,1.0912234073113878,2,0,0,0,0,1,0
34,6,48.33542251586914,91424,4,1.4819553066935118,2,0,0,0,0,0,0
43,20,21.60700035095215,94196,2,1.1035531392952609,1,101,0,0,0,1,0
61,41,15.183520317077637,94750,1,0.6193865283674052,2,0,1,0,0,1,0
64,38,39.83396911621094,94522,4,1.7865442694977909,2,0,1,0,0,1,0
63,37,45.97090148925781,95236,1,2.4236382278042705,2,0,0,0,0,1,0
51,24,76.29083251953125,93841,2,0.7146245522895911,3,186,0,1,0,1,0
57,14,8.539825439453125,94683,3,0.5574193125724105,3,0,0,1,0,0,0
49,34,17.19240951538086,94355,4,0.1272806069535324,2,99,0,0,0,0,0
58,35,49.022193908691406,93252,1,1.9747687149146604,3,0,1,0,0,1,0
29,4,15.610770225524902,94476,4,0.2810457491483704,2,0,1,0,0,0,0
35,14,24.628252029418945,95979,3,1.5620806726643746,2,0,0,0,0,1,0
26,5,133.67044067382812,94284,2,1.8010177780762608,3,174,1,0,0,0,1
58,40,104.98670196533205,92447,3,2.4867681219377338,3,125,0,0,0,0,1
51,30,74.94725799560547,90285,1,1.1809557373547777,1,238,0,0,0,1,0
63,38,46.70271682739258,92073,2,0.6624274676673361,2,0,0,0,0,0,1
67,41,32.847469329833984,95239,3,0.384252703508883,1,0,0,0,0,1,0
53,19,40.21570587158203,92015,4,1.8713810262659771,1,0,0,0,0,1,0
40,11,58.51056289672852,92245,3,1.9131318608514465,2,0,0,0,0,0,0
27,1,84.3782730102539,91333,2,1.8275173920773224,1,0,0,0,0,0,0
45,30,77.7386245727539,94722,4,3.481185905511663,2,0,0,1,0,0,0
39,14,22.103759765625,94786,4,0.5822825459046407,3,0,0,0,0,1,0
57,30,20.02893447875977,92249,1,2.1311072985925086,3,0,0,0,0,1,0
35,12,151.82225036621094,91731,2,3.0688343577086723,3,0,0,0,0,1,1
26,-2,62.28469467163086,94133,1,1.0093089375967146,3,0,0,0,0,0,0
31,5,42.560245513916016,92338,1,2.72039996463147,3,433,0,0,0,0,0
52,19,35.19108581542969,93298,4,1.2797239468027588,3,0,0,0,0,1,0
34,13,162.5123748779297,92127,2,0.6434793570253469,1,0,0,0,0,1,0
59,37,64.34333801269531,92954,4,0.3092840285393478,3,0,1,0,0,0,0
39,17,31.181303024291992,95679,2,1.0420396864137378,1,0,1,0,0,0,0
50,27,83.89630126953125,94990,2,0.5402047221396916,1,0,0,0,0,0,0
56,34,97.29132843017578,90583,3,2.3584693360692985,1,0,0,0,0,1,0
43,21,93.27310180664062,90132,3,2.3994120220788218,1,228,1,0,0,1,0
34,11,68.7662353515625,93509,3,3.012676248710862,2,0,1,0,0,1,0
54,27,79.47158813476562,92742,2,4.2570763161789245,2,0,1,0,0,0,0
52,21,97.52620697021484,91978,4,2.956278604467068,1,0,0,0,0,1,0
59,36,52.500614166259766,94418,1,2.3421157129911503,1,0,0,0,0,0,0
32,2,107.29781341552734,90387,2,1.4507687993438236,1,0,0,0,0,1,0
62,36,28.371227264404297,90418,4,0.3344652567274218,3,0,0,0,0,1,0
57,37,142.59521484375,93965,1,4.670205622364595,1,273,1,0,0,0,0
39,12,84.68165588378906,95880,3,0.1294735112124099,1,233,1,0,0,1,0
56,24,39.348182678222656,94334,4,0.85456149889718,2,129,0,0,0,1,0
61,34,87.8934555053711,95518,3,1.270551383962089,1,0,1,1,0,1,0
50,20,121.6326141357422,94695,1,3.215996836814126,1,0,1,0,0,1,0
30,8,53.09131622314453,94058,1,0.4347894398300965,1,0,0,0,0,0,0
25,0,29.53723526000977,91784,4,2.034146633944048,3,0,0,0,0,1,0
50,23,22.270158767700195,93450,1,2.0702307576620607,2,0,0,0,0,0,0
56,23,43.66242599487305,91963,3,0.1030867138859251,3,0,0,0,0,1,0
43,9,55.010719299316406,92019,1,2.284902739619012,2,0,0,0,0,0,0
34,13,131.85836791992188,92075,3,2.630098054357035,2,0,0,0,0,0,0
62,33,46.29955673217773,92849,4,0.7681543842299161,1,0,0,0,0,1,0
24,3,46.88932418823242,96239,4,0.8606592931440589,3,0,0,0,0,1,0
52,32,67.41767120361328,91399,1,0.2678153380539299,3,0,0,0,0,1,0
62,38,65.49491882324219,91494,1,0.199901458940972,3,0,0,0,0,1,0
62,36,30.382587432861328,91995,1,2.019886483593879,3,0,0,0,0,1,0
26,3,83.0673599243164,91824,1,3.0861022168794854,1,0,1,0,0,1,0
42,24,102.127197265625,93117,3,1.6544504643085332,1,321,0,0,0,1,0
36,17,42.99330520629883,91623,4,2.284501501715358,2,0,0,0,0,0,0
33,15,77.07289123535156,95833,4,5.207592436425549,1,249,1,0,1,1,0
57,29,23.392322540283203,94217,1,0.4581390274213955,3,0,0,0,0,0,0
30,6,64.96678161621094,92489,4,1.75493811454491,1,0,1,0,0,1,0
57,34,179.6893310546875,92041,2,3.325231286777568,2,0,0,0,0,0,1
42,17,150.14869689941406,94375,4,3.251409983121473,2,0,0,0,0,1,1
52,36,110.35604095458984,90157,1,3.816801126613787,2,0,1,0,0,0,0
34,5,48.36941146850586,93614,4,1.4449937209563588,3,0,0,0,0,1,0
41,13,44.69196319580078,92510,1,3.2778415565810266,2,0,1,0,0,0,0
38,22,198.13116455078125,90261,4,3.077047028591784,1,322,0,0,0,1,1
29,4,22.909801483154297,90646,1,0.4271462730698359,3,0,0,0,0,0,0
48,30,68.59468078613281,94006,4,0.7988978217497537,1,191,1,1,0,0,0
43,14,159.3810577392578,90035,2,3.067401990245565,1,0,0,0,0,1,0
43,19,62.95487594604492,89909,2,6.327543603801897,2,0,1,0,0,0,1
45,20,41.11961364746094,94346,2,1.6719854569931178,2,0,1,0,0,0,0
32,11,80.71654510498047,95426,4,0.1130402918692751,3,224,1,0,0,0,0
45,18,18.98622703552246,91964,2,1.779351165341446,2,110,1,0,0,1,0
45,15,49.597564697265625,91821,3,1.1261245627317304,1,0,1,0,0,0,0
33,9,209.75575256347656,94643,4,2.913045207479892,2,487,1,0,1,1,1
47,27,48.36671447753906,91625,2,1.8549779392667127,2,57,0,0,0,1,0
52,18,15.331674575805664,93758,1,1.9754622118971932,3,0,0,0,0,1,0
63,38,67.31674194335938,90201,1,0.3480428591543645,1,148,1,0,0,0,0
41,20,119.06458282470705,94733,2,0.4256618344517701,1,0,1,0,0,1,0
59,36,101.42529296875,94806,1,0.3800070468950221,2,0,1,0,0,1,0
43,22,43.25298690795898,91994,2,2.405965245373765,2,226,0,0,0,0,0
59,36,58.58427047729492,93090,4,2.369118040756413,2,0,0,1,0,1,0
35,11,163.3380889892578,91712,1,3.1114845333578094,3,0,0,0,0,1,1
51,23,24.99262809753418,94049,1,0.4048035167262553,3,0,0,0,0,0,0
62,35,130.46266174316406,94313,1,4.05907164818734,3,0,0,0,0,0,0
46,31,156.05953979492188,96053,1,4.133642841829619,1,0,1,0,0,0,0
48,15,95.13475799560548,92450,2,2.894198633339418,3,176,1,0,0,0,0
33,5,72.64031219482422,93852,3,1.4674260903047371,3,0,0,0,0,1,0
33,7,58.34703826904297,91210,4,2.0507997512309992,1,0,0,0,0,0,0
57,41,32.67321014404297,89936,3,0.5416054916437245,1,0,1,0,0,1,0
65,25,120.96865844726562,95323,1,0.9535905106296504,1,434,0,0,0,1,0
56,39,34.007137298583984,94153,4,1.9008677741100868,2,93,0,0,0,1,0
55,21,39.22705841064453,95177,4,2.615412528319842,2,0,0,0,0,1,0
25,8,24.83177375793457,91480,2,0.2775123127794157,2,0,1,0,0,0,0
58,39,50.94547271728516,91216,2,4.414706882290248,1,0,1,0,0,0,0
32,5,110.66754150390624,95510,3,0.623469346209837,2,0,0,0,0,0,0
55,30,16.27347183227539,94626,3,0.8221090862485471,2,0,0,0,0,1,0
39,7,20.428466796875,89518,1,1.6288722140656289,3,0,0,0,0,0,0
57,8,92.17530822753906,93721,1,1.133258309714063,2,0,0,0,0,1,0
58,22,73.33396911621094,90347,4,4.137722526886581,1,262,0,0,0,1,0
52,29,76.35389709472656,92132,4,0.3830558384092248,2,112,0,0,0,0,0
35,11,50.440067291259766,91379,2,0.3801123856518352,3,388,0,0,0,0,0
63,39,120.22676849365234,95140,4,1.3622246010188253,1,0,1,0,0,1,0
57,27,82.59910583496094,93463,2,0.0790841694027188,1,0,0,0,0,0,0
53,25,37.23169708251953,92124,2,1.5376619977244963,1,0,1,1,0,1,0
55,36,86.62152862548828,90009,1,0.968127945483078,1,0,0,0,0,0,0
33,6,60.384422302246094,90036,3,2.444134336263569,2,0,0,0,0,0,0
59,29,157.4295196533203,94011,1,5.988564668630983,3,0,1,0,1,1,1
43,29,39.45497894287109,92979,2,1.0740680774850917,3,141,1,0,1,1,0
37,13,34.436710357666016,94209,4,2.231744868498301,2,0,0,0,0,1,0
59,26,91.9019775390625,92197,1,0.6631828620979102,2,371,0,0,0,1,0
31,7,30.80746841430664,94601,1,1.0681906453453391,2,0,0,0,0,0,0
46,25,71.98983764648438,95249,3,0.7666759432231975,3,96,0,0,0,0,0
61,29,165.13815307617188,95323,2,1.138940130025344,1,0,0,0,0,0,1
31,3,46.07208251953125,91885,2,0.956288295496512,2,118,0,0,0,1,0
43,26,119.20679473876952,95337,1,4.851545824379046,1,0,0,0,0,0,1
55,21,65.43006896972656,91424,3,2.0191920174228253,3,0,0,0,0,1,0
43,28,186.8605499267578,90956,2,9.430527784206731,1,0,1,0,0,1,0
64,38,100.43708038330078,94235,3,2.00174455856904,2,0,1,0,0,1,0
56,35,17.061248779296875,94868,4,0.1815122682070601,2,95,1,0,0,1,0
32,7,13.711174011230469,94025,1,0.3847081055853238,3,81,0,0,0,0,0
60,35,111.13185119628906,89777,1,1.2881063644537647,3,0,1,0,0,1,0
54,20,83.09131622314453,91977,3,2.7040782822773517,1,0,1,0,0,0,0
40,11,104.8829574584961,93954,1,1.407671973391258,2,0,0,0,0,1,0
60,35,25.558088302612305,94917,4,0.911420323185784,2,130,1,0,0,1,0
59,33,40.927730560302734,94389,4,0.9548093358764188,2,142,1,0,0,0,0
62,39,39.81562805175781,93051,3,1.4760586839926553,3,0,0,0,0,1,0
64,31,40.82094955444336,94413,2,2.041050081179263,3,0,1,0,0,1,0
51,31,17.011211395263672,94955,2,0.1424077994770682,3,0,0,0,0,1,0
51,15,54.48445129394531,90285,1,3.0385087968962834,3,0,0,0,0,0,0
60,35,34.20002746582031,95623,1,2.658204293375797,2,199,0,0,0,1,0
46,19,59.16510391235352,93229,3,1.0155061898753526,1,0,1,0,0,1,0
64,38,103.1318817138672,93897,4,1.3683730450471123,3,0,1,1,0,1,0
32,14,200.24349975585935,90235,3,3.844051764205049,1,295,1,0,1,1,1
54,31,75.81837463378906,91407,2,1.2854687579356994,3,0,0,0,0,1,1
33,6,93.64095306396484,92789,1,0.2871579857394118,1,102,1,0,0,0,0
43,15,124.7637939453125,90829,1,3.269358875902045,1,0,1,0,0,0,0
41,24,31.497541427612305,92268,4,0.326085939184361,2,0,0,0,0,1,0
59,38,100.6763687133789,94150,2,0.7135485106025075,2,0,0,0,0,0,0
32,8,87.4518051147461,90384,1,3.0430433693731374,1,0,0,1,0,0,0
40,14,58.77378082275391,95246,1,2.4614834102485506,1,0,0,0,0,1,0
43,7,88.16228485107422,94551,1,0.8293955745322327,2,238,1,0,1,1,0
46,22,133.5592041015625,95255,2,1.5128824263116352,1,0,0,0,0,1,0
39,18,170.07611083984375,90270,4,0.7215751763694718,2,0,0,0,0,1,1
40,15,66.29695129394531,94986,2,1.732835950260329,1,0,1,0,0,1,0
61,33,161.97219848632812,94645,2,2.896237128194223,3,513,0,0,0,1,1
62,39,24.13531494140625,94163,3,1.7580461932226157,3,90,0,0,0,0,0
51,23,108.96089935302734,92018,3,1.992731420776206,3,240,1,0,0,0,1
37,14,84.42976379394531,91626,2,1.7698970326247991,3,0,1,0,0,0,0
49,21,95.96466827392578,94372,2,2.153088598837569,3,99,0,0,0,0,0
60,35,115.50726318359376,90235,1,6.920009391422222,2,0,0,0,0,0,0
35,19,85.4458236694336,94246,2,2.072800323343776,1,133,0,0,0,0,0
54,28,99.71501159667967,92204,2,2.397289000300335,2,0,0,0,0,0,0
44,15,35.83943176269531,91364,3,0.1535333435808868,1,158,0,0,0,0,0
29,4,110.20868682861328,91490,1,3.260428186244257,1,0,1,0,0,1,0
40,11,53.73416519165039,94817,1,1.5764675228091485,2,253,1,0,0,0,0
37,20,94.85044860839844,93211,4,5.330782356448117,1,0,0,0,0,1,0
55,28,61.3045654296875,95400,1,1.4118431464249404,3,103,0,0,0,0,0
57,33,70.55369567871094,94384,2,1.2552252056568802,3,0,1,0,0,0,0
37,9,126.10763549804688,93142,2,1.4156037764387082,1,0,1,0,0,0,0
39,12,116.23725128173828,93994,2,2.761422010589857,1,0,0,0,0,0,0
38,8,108.05075073242188,93936,1,1.8762380779066103,1,0,0,0,0,1,0
27,4,141.29078674316406,90000,4,2.9456096654457147,3,230,1,0,0,0,0
33,13,64.04857635498047,91356,3,1.8037037066687347,1,181,0,0,0,1,0
44,25,78.96082305908203,91514,4,0.359313031580366,2,0,0,0,0,0,0
45,18,35.46765899658203,94507,2,0.2292525938252047,1,0,0,1,0,1,0
28,14,68.5008544921875,94303,3,0.1638081803508576,2,0,0,0,0,0,0
35,7,37.682804107666016,92117,3,0.120915423841069,1,101,0,0,0,1,0
51,21,200.4120635986328,91896,2,3.2915999922968795,2,385,0,0,0,0,1
50,29,193.71397399902344,94605,1,5.094192491024311,1,0,1,0,0,1,0
26,14,50.730987548828125,94079,1,0.8507436151383639,2,102,0,0,0,0,0
30,5,53.87533187866211,93487,2,1.1267596604942245,3,147,0,0,0,1,0
32,4,55.97306442260742,94269,4,3.248408880997689,1,261,0,0,0,0,0
64,34,104.25574493408205,95509,1,4.776838065666118,3,0,0,1,0,1,1
33,4,119.0451431274414,93665,4,1.8893924772421105,3,0,1,0,0,0,0
35,8,119.60948181152344,94821,2,4.741103961838066,3,0,0,0,0,0,1
29,7,17.49547576904297,91615,4,0.5284048749735448,3,106,0,0,0,0,0
59,32,35.46154022216797,91919,4,2.8744370743489123,1,0,0,0,0,0,0
64,41,30.81927490234375,91147,2,0.2413316571920092,3,0,0,0,0,0,0
43,20,166.1471405029297,93227,2,3.803553976154012,3,0,0,1,1,1,1
44,20,83.84697723388672,94979,4,0.4447078001346496,2,207,1,0,0,0,0
48,22,163.05796813964844,92244,1,3.258912615009193,1,0,1,0,0,0,0
62,36,16.636817932128906,92196,3,0.7957560278756535,3,0,0,0,0,0,0
64,43,83.3993148803711,95566,2,2.3174370339656507,2,0,0,0,0,0,1
31,6,119.14117431640624,95532,3,1.6355339527240642,1,0,0,1,0,1,0
51,27,87.43312072753906,91503,1,2.4679619963669888,3,0,1,0,0,0,0
30,4,37.85042572021485,95332,2,1.1290993260813125,3,0,0,0,0,0,0
64,37,62.30037689208984,93904,3,1.8453207614869307,2,0,1,0,0,1,0
33,4,191.295166015625,95291,2,6.10541571674569,1,0,0,0,0,1,0
39,9,154.32601928710938,91446,2,3.297954973185134,2,0,0,0,0,0,0
41,23,86.66397857666016,94397,4,1.2939310616061566,3,0,0,0,0,1,0
34,8,127.8743133544922,91511,2,0.5422807052858852,1,0,0,0,0,0,0
43,15,76.0689926147461,94428,4,1.50355778515815,3,0,1,0,0,0,0
54,33,55.59961700439453,94762,2,0.1836809636462462,1,0,0,0,0,1,0
27,1,68.19158935546875,91426,4,1.3583725907570667,3,114,0,0,0,1,0
56,31,107.1340560913086,92230,1,3.436014495991897,3,0,1,0,0,1,0
27,-1,205.7430725097656,95150,2,6.266776246688994,2,0,1,0,1,1,1
42,18,81.40457916259766,92776,2,0.8224449217434947,3,173,1,0,0,1,0
59,13,14.245296478271484,92444,2,0.1544960909748406,3,99,0,0,0,0,0
50,1,53.49942779541016,95465,4,2.0253831540657945,1,0,0,0,0,1,0
50,31,118.61192321777344,95653,2,1.6272876793684503,3,115,0,0,0,0,0
57,30,186.925048828125,90338,4,6.8758245486291685,2,0,0,0,0,0,1
28,3,77.21757507324219,94735,4,2.52895805483026,2,0,0,0,0,0,0
43,20,70.08483123779297,94253,3,0.2533382076383228,2,0,0,0,0,1,0
31,4,79.93180084228516,91751,2,0.0799084889984449,1,0,0,0,0,1,0
42,26,64.73389434814453,95582,3,2.033522576581578,3,0,0,0,0,1,0
48,25,62.09885787963867,90321,3,1.0226874240358348,2,103,0,0,0,1,0
55,31,88.578369140625,92080,1,1.155720877803685,2,0,1,0,0,1,0
57,36,60.137451171875,92555,3,0.3633509608447002,2,0,1,1,1,0,0
65,40,90.40921020507812,89766,2,0.6470620455161211,1,0,0,0,0,1,0
62,35,67.52010345458984,94680,1,2.665966599651413,1,211,1,0,0,1,0
52,25,128.86761474609375,94048,1,2.4539786014216878,1,107,0,0,0,1,0
28,4,25.96493911743164,94100,4,1.088167422996719,3,0,0,0,0,1,0
45,25,73.66948699951172,90161,4,2.071489317356256,2,0,0,0,0,0,0
60,37,65.45330810546875,95131,1,0.3177506514695878,3,0,0,0,0,0,0
46,24,137.3126983642578,94883,1,4.287375307634546,2,279,0,1,0,1,1
37,14,89.75457763671875,95664,3,1.0479196096082852,3,0,0,0,0,0,0
56,27,10.216266632080078,92833,1,0.4255534280480736,3,150,0,0,0,1,0
52,31,43.72333526611328,90202,4,1.6026027249637202,1,0,1,0,0,0,0
55,25,47.87525939941406,95902,1,0.9791602035001108,3,222,0,0,0,1,0
28,-1,70.78759765625,92212,2,0.8138010217819618,1,0,0,0,0,0,0
47,22,110.75269317626952,92293,1,1.6179181006286516,3,0,0,0,0,0,0
51,34,55.68783187866211,91872,2,0.0908176500103092,3,369,0,0,0,1,0
27,2,31.950353622436523,90051,2,1.5544915466484532,2,160,0,1,0,1,0
48,22,13.805692672729492,91716,2,0.4261927938856481,2,150,1,0,0,1,0
41,33,130.92825317382812,94326,1,3.779817499514501,1,0,1,0,0,0,0
63,35,52.28290557861328,91334,1,2.408081965329239,1,0,0,0,0,0,0
26,4,64.62306213378906,95507,4,0.9833552304181524,3,0,0,0,0,0,0
54,20,60.60489654541016,91543,2,0.6842637309543216,3,0,0,0,0,1,0
59,34,110.51822662353516,94854,2,2.800709455418576,1,0,0,0,0,0,0
28,5,37.69424819946289,90457,2,1.3173772375078028,1,132,0,0,0,1,0
46,23,33.26028060913086,95271,1,1.991409901376059,2,0,0,1,1,1,0
40,10,76.96302795410156,91183,3,0.5313510384236954,2,0,0,0,0,0,0
60,26,57.68051910400391,94851,1,1.129268968293194,2,0,0,1,0,0,0
37,5,42.34452438354492,95105,2,0.4400264081645124,1,0,1,0,0,1,0
40,22,45.954246520996094,93722,3,2.3190282163513736,2,0,0,1,1,1,0
41,22,72.58872985839844,94496,2,1.2891615367934397,1,0,0,0,0,1,0
40,16,46.19562149047852,94625,1,0.5125067447499803,3,0,0,0,0,1,0
38,17,94.56016540527344,94877,3,0.6354214974624549,1,0,1,0,0,1,1
62,33,135.134033203125,92648,4,5.098697862115141,2,0,0,0,0,0,1
31,10,113.5119400024414,94651,2,2.34680319421825,2,0,1,0,0,1,0
38,4,41.49774169921875,90550,3,0.3122330375077611,1,0,0,0,0,0,0
56,29,90.42162322998048,93514,3,2.0740562619383383,3,0,1,0,0,1,0
27,4,104.35246276855467,89861,4,1.1905160223296998,1,0,0,0,0,1,0
52,18,64.74188995361328,92095,2,0.3715838172045507,1,161,0,1,0,1,0
62,40,48.07935333251953,92887,1,0.5563294728047051,3,0,0,0,0,0,0
61,38,28.18472671508789,92240,2,1.043898145299632,1,0,1,0,0,1,0
59,36,75.2862319946289,90269,4,2.10045842375442,2,0,1,0,0,1,0
41,15,79.3739013671875,90953,2,1.4943362161028626,1,0,0,0,0,1,0
58,30,27.91014862060547,90070,3,0.9125847673674774,2,0,0,0,0,0,0
58,32,96.00804901123048,91913,1,3.7751527165129417,3,0,1,0,1,1,1
59,31,34.789005279541016,91389,4,1.3159340923679517,3,0,1,0,0,1,0
52,14,79.74687957763672,95232,4,1.630743518157787,2,0,0,0,0,1,0
51,20,122.6671371459961,91547,1,2.351507588203696,1,240,0,0,0,1,0
40,12,128.7679443359375,91388,2,6.76804784044499,1,0,0,1,0,1,0
47,23,37.58756256103516,91966,3,0.2721610290402191,3,0,1,1,0,1,0
59,41,83.90898895263672,92840,3,1.428053650880791,2,0,1,0,0,0,0
43,12,34.34867477416992,92029,4,1.932250860528084,3,0,0,0,0,1,0
28,14,95.82459259033205,95929,2,1.5323020286331923,2,0,0,0,0,0,1
35,15,103.09935760498048,89890,4,2.423712800403747,1,0,0,0,0,1,0
27,9,159.76150512695312,96169,4,3.8165850520099167,2,0,1,0,0,0,1
65,37,45.749881744384766,90215,3,0.3060100739278251,3,0,0,0,0,1,0
44,7,83.93596649169922,92041,3,1.625978392834326,1,0,0,0,0,1,0
44,22,128.35153198242188,92038,2,4.271478561670478,1,0,0,0,0,1,0
44,24,78.45038604736328,92922,1,0.408644871891597,1,258,0,0,0,1,0
32,5,118.61927032470705,94985,2,3.0006552688967885,1,0,0,0,0,1,0
55,30,26.970766067504883,92615,1,0.0363005744534681,1,0,0,0,0,1,0
46,25,35.04117965698242,95738,3,1.8704316018204332,3,0,0,0,0,0,0
28,3,38.21085357666016,95225,4,2.682538396043798,1,239,1,0,0,1,0
66,41,184.8790740966797,90338,4,5.702992270035259,2,0,0,0,1,1,1
56,28,79.49492645263672,94524,3,0.5021541181286987,2,0,1,0,0,0,0
44,14,65.81232452392578,91864,4,1.50491070874848,2,0,0,0,0,1,0
33,11,92.97796630859376,94869,1,2.8830509218426763,3,0,0,0,0,0,0
58,36,41.80452346801758,94380,4,1.9190457178155484,2,0,1,0,0,0,0
49,22,88.6647720336914,95224,1,2.4514119142083697,2,0,0,0,0,1,0
27,2,31.135873794555664,91261,2,1.1687268187284483,3,150,1,0,0,1,0
36,15,33.97005081176758,93984,1,2.811557368678673,3,0,0,0,0,1,0
36,14,90.88107299804688,92190,1,2.295845750637544,3,0,0,0,0,0,0
54,36,63.17802429199219,95632,3,0.4579996410164382,1,0,0,0,0,0,1
62,36,127.50678253173828,91962,3,0.668661954777549,3,0,0,0,0,0,0
46,23,65.27964782714844,92780,1,0.1989918461218483,1,115,0,0,0,0,0
33,7,69.90629577636719,95102,2,0.8773091256582815,1,0,0,0,0,1,0
46,17,181.2378692626953,90431,2,1.1982008159677044,1,151,0,0,0,0,0
63,39,16.052928924560547,92121,4,2.544353836057091,2,0,0,1,0,1,0
48,35,54.4190788269043,95410,2,2.612041576586304,2,0,1,0,0,1,0
37,19,24.307674407958984,95234,1,2.673842508499623,3,0,0,1,0,1,0
57,35,39.46595001220703,92229,2,2.660436517011376,2,0,0,0,0,1,0
61,30,23.203998565673828,92294,1,0.2522893723310284,3,176,1,0,0,0,0
33,5,30.990114212036133,94011,3,0.3689359763772253,2,0,1,0,0,1,0
39,8,20.080066680908203,92211,4,0.3886920792362007,3,0,0,0,0,0,0
58,31,35.81666564941406,92034,2,0.2526938992733087,3,0,1,1,0,0,0
54,31,63.70394134521485,91983,4,1.689879499122441,2,0,1,0,0,1,0
51,27,138.95884704589844,93169,2,2.2543213337195427,1,0,0,1,1,0,0
64,37,49.33825302124024,91993,4,0.8476589973107104,3,0,0,0,0,1,0
63,40,82.58875274658203,94262,3,0.228815302851249,2,0,0,1,0,0,0
60,35,170.18197631835938,90053,1,2.05704459844278,1,0,1,0,0,0,0
41,12,103.78639221191406,95413,2,1.0393807392181396,1,261,1,0,0,1,0
30,6,101.33743286132812,92807,1,1.7603423716231814,1,167,0,0,0,1,0
48,25,67.38153076171875,95859,2,2.051115542704882,3,91,0,0,0,0,0
35,8,128.29379272460938,92058,4,1.1510098067192411,3,0,0,0,0,0,0
62,39,43.5286979675293,95977,4,1.9343868146782732,1,0,1,1,1,0,0
34,8,50.09812545776367,92173,4,2.755520004348428,2,87,0,0,0,1,0
37,7,47.02278900146485,94152,2,1.1093756764158629,3,65,1,0,0,0,0
44,21,41.359004974365234,95677,3,0.2222317564717758,1,0,0,0,0,0,0
30,9,36.379425048828125,90648,4,1.466058429528854,1,0,1,0,0,0,0
45,15,48.97216796875,92208,2,2.2317093719214407,3,0,0,0,0,1,0
38,0,109.12918090820312,94238,1,2.9518537919856223,1,0,0,1,0,1,0
47,29,90.46026611328124,95835,4,1.7051500076531023,3,262,1,0,0,0,1
45,16,62.54693984985352,94315,4,0.290321648428813,2,0,1,1,1,1,0
41,21,210.85122680664065,91247,2,5.843561159560996,1,0,0,0,0,0,0
28,6,65.45896911621094,94598,1,1.799309186490855,1,0,1,0,0,0,0
52,13,115.96704864501952,92636,2,6.166221712204061,3,325,1,0,0,0,1
50,30,49.655250549316406,94730,1,0.826483705311272,3,80,1,0,0,0,0
29,4,53.92519760131836,95405,2,0.8181785030404704,1,0,0,0,0,1,0
52,32,40.62773895263672,95932,4,0.5942968305100145,2,0,0,0,0,0,0
60,33,58.62353897094727,90101,3,2.2748731560821085,1,0,1,0,0,0,0
37,4,146.61563110351562,94980,3,0.7240925466441767,2,0,0,0,0,1,1
27,12,137.01478576660156,93401,2,1.7466457094273162,1,0,1,0,0,1,0
60,34,88.4876480102539,92108,2,0.3050334631005829,1,167,1,0,0,1,0
26,2,36.599388122558594,93356,4,1.0326965993046628,2,135,0,0,0,1,0
37,11,55.06111145019531,92949,1,2.796877646307117,3,0,0,0,0,0,0
58,27,119.44320678710938,94476,2,1.6870952728025927,1,364,0,0,0,0,0
34,5,130.07725524902344,92107,2,2.457678207939874,1,615,0,0,0,0,0
42,23,40.26905822753906,91293,3,2.163737485474116,1,350,0,0,0,0,0
45,26,32.23982620239258,94269,2,0.2715035067995463,1,0,0,0,0,0,0
38,9,165.56492614746094,95534,3,0.9549168721931374,2,0,1,0,0,0,1
63,38,43.10711288452149,90397,2,1.226560630407806,1,0,1,0,0,1,0
57,33,73.33790588378906,95779,3,1.4050662141809556,1,245,0,0,0,1,0
55,16,106.0400390625,91839,2,6.785805364888343,1,0,1,0,0,0,0
48,25,43.939430236816406,94200,3,1.3178216415250166,3,0,1,0,0,0,0
39,33,95.7747039794922,96369,1,2.9901660073312453,2,0,0,0,0,0,0
34,17,183.792724609375,93090,1,1.581279079045402,1,0,1,0,0,0,0
63,35,103.35696411132812,89844,1,0.6872207614566495,1,0,0,0,0,1,0
38,6,39.38655090332031,96108,3,1.6619545416898824,2,0,1,0,0,0,0
51,30,41.18316268920898,95821,1,0.3196594079699534,2,0,0,0,0,1,0
42,14,49.74079132080078,89996,1,0.3441223850737075,3,0,1,0,0,0,0
46,21,72.30699157714844,92774,1,3.4656439663360845,3,165,0,0,0,1,0
42,19,92.42514038085938,90168,1,2.190208689827768,3,0,0,1,1,1,0
46,23,73.63382720947266,95591,2,1.7298229904362843,1,0,0,1,1,1,0
38,17,19.20342254638672,93331,4,2.1190573014445246,3,0,0,0,0,1,0
43,12,47.06468963623047,94652,4,1.8407098333341736,2,0,0,0,0,0,0
28,4,128.23358154296875,94585,3,0.8808889618665523,1,0,0,0,0,1,0
58,32,60.86588287353516,90342,4,0.2232140835426584,3,0,0,0,0,1,0
57,23,125.7330322265625,94147,2,1.1043605871938835,1,0,0,0,0,0,0
52,31,92.61776733398438,91442,4,2.744013664578441,3,161,0,0,0,0,0
32,6,109.75658416748048,91876,2,2.83796054710984,1,0,0,0,0,1,0
29,5,52.81687927246094,94746,4,2.854675001195636,1,0,0,0,0,1,0
29,8,20.436359405517575,91961,3,0.1932313953914656,2,0,0,0,0,1,0
54,31,70.29264831542969,95296,1,0.0776833169795017,1,143,0,0,0,0,0
38,18,130.3934326171875,93966,3,6.759090813871185,1,151,0,0,0,1,0
41,24,41.74615859985352,93071,2,0.496715238782175,1,374,0,0,0,0,0
28,1,38.11249923706055,91208,1,0.4382314475469798,1,0,1,0,0,0,0
56,32,49.535789489746094,92469,1,2.0294568868268628,2,0,1,0,0,1,0
56,22,128.98538208007812,91508,1,6.598312401037921,1,0,1,0,0,0,0
41,16,41.95486831665039,90142,1,0.3116193710150999,2,0,0,0,0,1,0
32,8,24.59469985961914,94230,1,0.4070699216505202,1,0,1,1,1,1,0
27,2,115.7322006225586,94085,1,1.2952948888054494,3,0,0,0,0,0,0
53,31,107.87804412841795,95823,4,2.0289778654900164,1,168,0,0,0,0,0
30,16,30.823884963989254,91292,1,2.2220490219000224,2,0,1,0,0,1,0
46,19,87.38909149169922,95141,4,1.6280152841931408,1,0,1,0,0,1,0
41,17,215.05740356445312,91386,2,5.92729116634656,1,399,0,0,0,1,0
56,28,19.394899368286133,92747,4,1.5264454486112942,3,130,1,0,0,1,0
61,35,50.901832580566406,91229,3,2.768089915638832,2,0,0,0,0,0,0
35,15,48.90086364746094,94818,4,2.0791179799423984,3,209,1,0,0,1,0
54,35,62.52091979980469,90069,3,0.5582078773048876,1,0,1,0,0,0,0
30,8,123.99372863769533,94158,2,1.398968791082369,3,0,1,0,0,1,0
33,9,34.54597473144531,91611,4,2.324890896645607,1,0,1,0,0,1,0
57,34,30.647798538208008,95970,2,2.172793240438456,1,0,0,0,0,0,0
32,18,36.33831024169922,95552,4,0.5312373835168595,1,159,1,0,0,0,0
36,8,31.908626556396484,92026,4,1.75537309256782,3,0,0,0,0,1,0
27,4,23.046619415283203,96354,3,0.2712240618875035,2,0,0,0,0,0,0
44,15,54.56274032592773,94432,3,1.947123078666036,3,0,0,0,0,1,0
32,4,68.18524169921875,91416,1,1.012473129319548,2,206,1,0,0,1,0
46,19,109.58091735839844,94280,2,0.2628141046094761,2,0,0,0,0,1,0
32,10,94.1581039428711,90957,4,0.7698330885770397,2,0,1,0,0,1,0
31,2,97.16951751708984,91198,2,1.3615200789169863,1,345,1,0,0,1,0
57,36,133.8874053955078,91215,1,0.354705520869801,1,0,0,0,0,0,0
35,9,87.20824432373047,92246,3,2.131811686105382,1,0,0,0,0,1,0
45,20,78.1597671508789,94888,2,1.412834259620803,2,0,0,0,0,1,0
38,19,35.91193389892578,95082,1,2.4299324383057246,1,0,0,0,0,0,0
35,5,108.01383972167967,94829,1,2.137580420009576,1,0,0,0,0,0,0
54,34,20.54674530029297,92084,2,0.2828936563249035,1,0,1,0,0,1,0
29,13,74.30802917480469,95068,4,1.0593381560116604,3,0,0,0,0,0,0
64,40,144.1963348388672,95328,2,0.4001686968042062,1,0,0,0,0,1,0
54,24,66.04612731933594,92535,2,0.266839956521601,3,0,0,0,0,1,0
44,25,185.7852935791016,92732,2,9.017123832258378,1,0,0,0,0,0,0
43,30,32.1519775390625,92881,4,2.3855557127539258,1,0,1,0,0,1,0
33,7,110.37120819091795,93198,2,2.3547356359308176,1,374,0,0,0,0,0
43,11,78.75003814697266,92872,3,1.5001347148521442,3,0,0,0,0,0,0
36,12,134.3610382080078,94188,4,4.106463570230615,1,0,0,0,0,0,0
52,28,27.09297180175781,94059,2,1.103613028446971,1,0,0,0,0,1,0
45,17,58.8187370300293,94873,4,0.9546338140609484,1,0,0,1,0,0,0
30,9,102.8576431274414,94541,1,4.385360294055625,1,0,0,0,0,1,0
55,24,58.69113540649414,94293,1,0.6349617976383615,2,155,1,0,0,1,0
59,21,22.48139190673828,89855,1,1.894827639908132,2,105,0,0,0,1,0
51,26,96.17767333984376,95094,1,2.783880229101761,1,133,0,0,0,1,0
42,17,22.78257369995117,94966,3,1.4266314631510777,2,0,1,0,0,1,0
26,-3,23.844188690185547,95330,4,0.9318742513344512,3,0,1,0,0,0,0
41,12,41.57460403442383,91839,3,0.4441920647088561,2,0,0,0,0,0,0
63,35,109.86699676513672,93223,3,3.427360598869268,2,251,0,0,0,1,1
44,25,77.55624389648438,92255,3,1.5339269906775193,1,0,0,0,0,1,0
27,0,104.33168029785156,91404,3,5.24871823259662,1,0,0,0,0,1,1
51,16,168.2633056640625,90523,1,2.230527549553209,1,0,0,0,0,1,0
54,25,58.88178253173828,94775,2,1.7939879344966476,3,0,1,0,1,1,0
52,19,46.160377502441406,90019,1,0.4335219696964883,2,0,0,0,0,0,0
31,5,110.97982788085938,91413,1,1.9308698613503616,1,0,1,0,0,1,0
29,5,51.86412048339844,94982,2,2.1794141548494013,1,195,0,1,0,1,0
46,25,81.89274597167969,93837,2,3.121673552464835,1,0,0,0,0,0,0
50,36,35.20384216308594,95501,4,2.333214704354452,1,0,0,0,0,0,0
28,1,31.980518341064453,94161,4,2.6888050662747847,2,130,0,1,0,0,0
33,7,47.69141006469727,91805,2,0.1657537204366614,1,0,0,0,0,0,0
55,31,42.43906784057617,90300,3,0.7841518624115589,1,0,0,0,0,0,0
42,28,122.9323959350586,91058,4,3.2359486334454517,3,0,0,0,0,1,0
35,13,76.3098373413086,92067,2,1.0789505003776991,1,0,1,0,0,0,0
31,10,58.4819450378418,90171,2,1.1234198645519782,2,0,0,0,0,1,0
36,12,92.60563659667967,96096,3,5.076081460465256,1,0,0,0,0,0,0
37,15,51.34270477294922,95117,1,2.046621472288944,3,118,0,0,0,0,0
64,31,47.56055450439453,94054,3,0.3524192042073196,1,0,1,1,1,1,0
48,27,63.12844467163086,91907,1,1.0463576225983142,3,0,1,0,0,0,0
26,2,123.33116912841795,91829,2,1.417437756735082,2,0,0,0,0,1,1
40,8,201.15725708007807,90231,2,6.214475989414789,1,0,0,0,0,1,0
28,15,82.12147521972656,94461,2,1.1021781562022432,1,289,0,0,0,0,0
60,37,104.25653076171876,94546,4,3.003795467010298,2,0,1,0,0,1,0
29,6,33.314674377441406,93084,4,0.5408761535887593,2,111,0,0,0,1,0
63,39,38.16973114013672,94310,2,1.4333226942816135,3,168,0,0,0,1,0
27,7,35.253509521484375,95766,4,2.1138096471780745,1,0,0,0,0,1,0
33,6,143.4883270263672,92434,1,2.4224979252657146,1,0,0,0,0,1,0
60,28,68.6790542602539,94760,4,0.6229551541451529,1,0,0,0,0,0,0
32,9,67.18046569824219,94222,4,1.9389383205709656,3,0,0,1,0,1,0
31,6,76.97949981689453,94783,4,1.512282935864825,1,0,1,0,0,1,0
52,19,49.50186920166016,93174,3,1.9973849231359404,2,140,0,0,0,0,0
30,8,86.24588775634766,94003,4,1.576477641546521,3,0,0,0,0,0,0
56,38,49.69469833374024,92138,2,2.489393727295435,1,262,0,0,0,1,0
43,22,31.02297782897949,93946,2,2.5473262586932206,2,122,1,0,0,0,0
26,1,42.60289001464844,92219,3,0.622148066009718,1,0,0,0,0,0,0
59,36,23.79395294189453,93161,2,1.27985042560395,2,0,1,0,0,0,0
31,6,138.75759887695312,93017,3,2.089035175498476,3,0,0,0,0,0,1
47,19,40.36017227172852,92801,4,0.2685099128359869,3,0,1,0,0,1,0
37,15,68.39374542236328,93737,4,1.2913608845460482,1,0,1,0,0,1,0
35,9,37.698272705078125,92761,2,1.7078253555237948,3,113,1,0,0,1,0
38,18,61.34504318237305,94277,4,0.0949320809085728,1,0,1,0,0,1,0
35,10,94.94598388671876,94499,4,2.3592533327993253,2,0,0,0,0,1,0
28,2,58.27487564086914,94642,3,0.0309687075614702,2,0,0,0,0,1,0
65,39,23.09330940246582,91985,3,1.091555990401598,1,0,0,0,0,1,0
61,36,163.83802795410156,92209,1,1.7817458272726583,2,0,0,0,0,0,1
33,9,96.66446685791016,91935,1,2.3213164434300806,1,0,1,0,0,1,0
50,32,82.79393768310547,94143,1,0.8854115900432955,1,0,0,0,0,0,0
26,1,36.459381103515625,94250,4,1.5379631061480064,3,130,0,0,0,1,0
41,8,142.90603637695312,91489,3,0.8634898969895014,2,103,1,0,0,1,0
30,2,14.140149116516112,95297,1,0.9689406074026607,2,0,1,0,0,1,0
44,18,111.56000518798828,92153,1,1.8558249478803128,1,0,1,0,0,1,0
58,36,20.28939437866211,90155,3,0.1833983641501434,3,0,0,0,0,0,0
35,14,109.81744384765624,89800,3,4.528099055852255,1,223,1,0,1,1,1
25,0,45.063575744628906,90053,3,0.4304438297769821,2,0,1,0,0,1,0
50,12,48.56163787841797,91826,2,2.3021233351168195,1,292,0,0,0,0,0
34,4,73.00468444824219,92322,1,3.2059294731432595,3,0,1,0,0,0,0
33,14,50.27958679199219,89981,1,1.334601185742371,3,0,0,0,0,0,0
50,21,88.89759826660156,92967,1,0.4309371993929729,3,0,0,0,0,0,0
49,17,39.59223175048828,94503,1,1.4091288316071575,1,147,0,0,0,0,0
42,12,51.1447639465332,93771,4,1.7709301839369278,2,147,0,0,0,1,0
52,30,27.965425491333008,89995,2,0.4890310974390048,2,0,0,0,0,1,0
48,23,21.50459671020508,94007,1,0.610995722368567,3,0,0,0,0,1,0
60,35,58.78546142578125,94848,3,3.3086006919224085,3,153,0,0,0,1,0
40,18,65.26826477050781,91780,4,1.6097960326561396,1,0,0,0,0,0,0
38,10,185.54244995117188,90201,1,5.403611120405514,1,0,0,0,0,1,0
64,39,32.467926025390625,91891,3,0.2227263645231132,1,179,0,0,0,0,0
64,40,27.132272720336918,90163,2,0.1219294111323091,3,0,0,0,0,1,0
43,19,60.70695114135742,94563,2,1.7610454352871836,3,0,0,0,0,0,0
41,21,133.76486206054688,93654,2,2.151045411775176,1,148,0,0,0,1,0
61,39,69.50312805175781,91916,2,0.9873112153090282,1,182,0,0,0,1,0
36,15,110.21942901611328,94679,1,4.634902804306169,2,0,1,0,0,0,1
49,12,68.63044738769531,93988,4,0.1222697644002268,2,0,0,0,0,1,0
43,19,134.33248901367188,94546,1,1.700464315603658,1,0,0,0,0,1,0
45,20,79.1190414428711,94083,1,2.286012899784126,1,0,1,0,0,1,0
63,37,36.23750305175781,94961,4,0.7130961620048176,2,0,1,0,0,1,0
44,23,17.975139617919922,94436,3,0.6841750323516969,3,0,0,0,0,1,0
45,21,31.20477867126465,90727,3,0.346489859794143,3,154,0,0,0,1,0
39,20,57.4937858581543,93667,3,0.328028423913989,2,0,0,0,0,0,0
40,16,149.26426696777344,95980,1,0.8567252796207414,1,281,0,0,0,1,0
49,34,79.80000305175781,90012,2,1.6759878546173803,2,0,1,0,0,1,0
37,21,24.482440948486328,94729,3,0.2184815089396751,2,0,0,0,0,0,0
61,39,12.6442232131958,94322,2,0.5084216015793561,3,116,0,0,0,0,0
34,10,56.44706726074219,92086,1,2.5023096146628,1,389,0,0,0,1,0
47,37,15.903081893920898,95590,4,1.3010199930629862,1,0,0,0,0,0,0
42,22,55.08554458618164,94667,2,1.543524732638618,3,0,1,0,0,0,0
32,5,132.00698852539062,90368,3,1.2851803462183669,2,0,0,0,0,0,1
65,41,114.42374420166016,92902,1,2.6411570614776694,1,0,0,0,0,1,0
43,27,174.62669372558594,91908,2,6.014677806757343,1,367,0,0,0,0,0
66,41,86.41771697998047,95194,4,2.487532963885645,2,0,0,0,0,1,0
31,17,79.31790161132812,94676,2,2.93949793382682,2,0,0,0,0,1,0
34,10,50.586212158203125,94734,1,0.3106272995744318,3,0,0,0,0,0,0
41,18,63.20083236694336,96170,1,0.0653723259993192,1,0,0,0,0,1,0
61,37,49.631046295166016,94366,3,1.1109742162099434,2,0,0,0,0,0,0
44,22,48.15608215332031,92510,3,0.744127990469121,3,0,1,0,0,1,0
46,13,16.789363861083984,92008,1,0.547058568114814,2,0,0,0,0,1,0
42,7,123.22897338867188,90045,1,2.0497313075795063,1,185,1,0,0,0,0
60,36,44.64834976196289,90595,2,0.6630215576228322,1,86,0,0,0,0,0
39,14,32.125640869140625,95356,1,0.8355614365532728,3,156,0,1,0,0,0
43,17,22.59510803222656,95054,3,0.3918503077451843,1,0,0,0,0,1,0
61,37,150.4936981201172,89942,2,0.0076806040660493,2,0,1,0,0,1,0
50,23,78.86735534667969,90281,2,2.628516896484685,2,169,0,0,0,0,0
53,28,93.5206527709961,94894,2,2.53479113071864,3,0,0,0,0,1,0
56,30,88.36466217041016,92110,1,4.030810510888406,2,0,0,0,0,1,1
51,7,60.52589797973633,94052,2,1.9390709052843815,1,0,1,0,0,1,0
44,17,80.5550308227539,93982,3,2.101699119930021,1,0,0,0,0,1,0
36,13,47.0663948059082,95349,2,1.0134387965542873,2,0,1,0,0,1,0
51,29,54.41680908203125,90244,1,0.6374599701021828,1,0,1,0,0,0,0
30,3,38.01499176025391,94367,4,2.315689748339312,2,0,1,0,0,1,0
63,38,129.99343872070312,94396,1,0.537182110475092,1,0,1,0,0,1,0
39,9,19.064395904541016,94520,3,0.5123987474435953,2,0,0,0,0,1,0
45,7,121.06327056884766,95006,1,1.117856309985103,1,0,0,0,0,0,0
40,19,42.251312255859375,91853,1,1.3143144007408312,3,0,1,0,0,1,0
33,20,73.51289367675781,94500,2,2.4451420203847394,1,0,0,0,0,0,0
54,31,99.80201721191406,94311,2,2.849384914928375,1,0,1,0,0,1,0
43,24,211.6404266357422,91154,4,6.251129052716038,2,0,1,0,1,1,1
36,14,89.0743637084961,94421,2,1.6468097355757612,1,160,0,0,0,0,0
63,37,47.03240966796875,94147,1,1.221181486101453,1,0,0,0,0,1,0
54,24,128.75885009765625,94639,1,5.455342692761887,1,0,0,0,0,0,0
47,27,55.73191452026367,92174,2,1.595348382842659,1,0,0,1,0,0,0
56,29,60.57317352294922,91717,3,4.168168425174759,2,0,1,0,0,1,0
44,27,76.20470428466797,94917,1,1.168457175979401,3,0,1,0,1,1,0
28,9,29.727296829223636,94948,4,1.6709039630111953,2,0,0,0,0,0,0
65,37,67.5422134399414,95124,2,0.5926526270486034,3,0,1,0,0,0,0
35,6,47.15745544433594,90833,1,0.3372645614204663,3,0,1,0,0,1,0
48,29,37.17091369628906,92829,2,1.359112722189477,3,0,0,0,0,1,1
45,15,25.251176834106445,95201,4,0.1966522251178203,2,0,0,0,0,0,0
62,37,33.35013198852539,89935,1,1.104767933285682,2,130,0,0,0,1,0
34,18,36.69523620605469,95587,1,2.819801044622731,1,0,0,0,0,0,0
57,32,27.65669250488281,92688,4,2.2039504060006982,2,97,0,1,0,0,0
51,30,99.59762573242188,92567,1,0.3628965551442913,1,240,0,0,0,1,0
45,18,149.80471801757812,95827,2,3.611507647953104,1,0,0,0,0,1,0
25,7,49.438777923583984,91670,4,0.0444317300702573,2,0,0,0,0,1,0
57,37,70.0889892578125,90010,2,3.140587737379709,1,0,1,1,1,0,0
56,16,133.97238159179688,94543,1,5.154099774042301,1,0,1,0,0,0,1
52,30,166.53085327148438,95087,4,3.39015794513597,1,101,1,0,0,0,1
52,29,29.92105865478516,94401,4,0.5798475284991664,3,0,1,0,0,1,0
64,40,56.576419830322266,93590,4,0.5991117208967173,1,0,0,0,0,1,0
28,1,77.43174743652344,94370,1,1.148670608235112,2,0,1,0,0,1,0
61,32,34.28932189941406,96139,3,0.6358389450242307,1,68,0,0,0,1,0
27,2,53.6489143371582,90344,2,1.275626865770892,1,124,0,1,0,0,0
41,19,132.82806396484375,92402,1,2.3707349522994945,1,180,0,0,0,1,0
43,25,131.91030883789062,94772,3,1.196076827033981,2,103,0,0,0,1,0
47,22,67.26985931396484,91209,4,0.9188783198668043,2,87,1,0,0,0,0
64,38,30.27327537536621,92071,4,0.5425909722854279,3,177,0,0,0,1,0
35,9,175.69717407226562,94542,2,6.263925606974923,1,0,0,1,0,1,0
53,30,48.70064926147461,91868,1,0.4732719437828989,1,101,0,0,0,1,0
33,13,77.88419342041016,95596,3,0.2977761865992253,1,0,0,0,0,1,0
33,5,118.87213134765624,94394,4,4.540851003125578,2,0,0,1,0,1,0
49,20,40.36003875732422,93327,1,1.372296583406943,3,179,0,0,0,0,0
37,10,175.02658081054688,94270,2,5.056192583962769,1,0,0,0,0,1,0
38,13,86.6945571899414,92673,4,0.7099864514399411,2,0,1,0,1,1,0
34,6,86.43292236328125,95355,3,2.3315863836560298,2,0,1,0,0,0,0
32,5,179.8153076171875,90098,2,5.369038321088696,1,0,0,0,0,0,0
48,22,105.25,95537,4,2.795559789549156,3,0,0,0,0,1,0
65,38,139.43096923828125,90061,2,5.846904902120636,1,0,1,0,0,1,0
32,6,85.30196380615234,94512,2,3.0581528559917293,3,0,1,0,0,0,0
38,13,35.86308670043945,94120,3,2.047953818908339,1,0,1,0,0,0,0
59,30,49.52054977416992,93089,2,1.8385795107167808,3,113,1,0,0,0,0
61,34,31.54314994812012,91641,4,2.0959980815235184,3,0,0,0,0,1,0
61,34,147.29530334472656,91776,2,5.120507417346323,1,0,0,0,0,0,0
46,10,40.10918426513672,92280,3,0.297794541065878,2,0,0,0,0,1,0
34,7,65.54591369628906,92243,3,1.6947954042755915,2,224,1,0,0,0,0
31,9,157.5205078125,91553,2,3.7329328521334015,1,0,0,0,0,0,0
63,37,140.28382873535156,92232,2,2.225401157112884,2,0,0,0,0,0,0
31,13,57.22238159179688,94189,1,2.5638072825268416,2,0,0,0,0,0,0
60,32,158.6339874267578,92749,2,5.340635347669429,1,600,0,0,0,0,0
53,5,114.1429443359375,92288,4,3.865266809777343,1,219,0,0,0,1,0
62,34,56.15696334838867,90216,1,1.7329555041169855,2,151,0,0,0,1,0
56,39,171.4307098388672,94548,3,1.995747506482465,1,0,1,1,0,1,0
62,37,100.02943420410156,95845,1,3.24914380824719,1,120,0,0,0,0,0
53,27,60.32550811767578,94311,3,2.6736232913297164,1,0,1,0,0,1,0
64,39,33.261322021484375,94417,3,2.0615655922962426,3,0,0,0,0,1,0
35,5,46.52021408081055,94591,3,0.5843272584443426,2,0,0,0,0,1,0
41,22,34.69940948486328,93687,3,0.5814021113786201,3,0,0,0,0,0,0
56,38,49.34670639038086,92686,4,0.8817948589461584,1,0,0,0,0,1,0
39,12,144.47125244140625,94436,1,2.381069758082289,1,242,0,0,0,1,0
61,36,20.791305541992188,95523,4,0.0292249099182357,2,0,0,0,0,1,0
57,31,50.50336456298828,95640,2,2.696767695528149,3,0,1,1,1,1,0
42,22,156.53900146484375,94765,1,3.4598588119708573,3,0,0,0,0,1,1
41,13,108.10363006591795,94809,1,4.916304660837725,1,163,0,0,0,0,0
43,24,41.28947067260742,94400,2,0.8548267647112178,1,95,1,0,0,1,0
50,23,28.93387985229492,90179,1,2.316120296761815,3,0,0,1,0,1,0
55,36,55.01251983642578,92081,4,0.963448659397553,3,0,0,0,0,1,0
56,19,52.381717681884766,94025,1,2.481980509577592,2,0,0,0,0,1,0
39,17,52.29561996459961,94776,3,1.8805957262941,2,0,0,0,0,0,0
55,25,94.84268188476562,92717,4,0.4844449417431244,3,167,0,0,0,1,0
57,30,48.52128982543945,90199,1,3.970402545400274,3,203,1,0,0,1,0
30,6,157.4121856689453,95301,2,6.689111150955687,1,0,0,0,0,1,0
35,11,57.62902069091797,92107,2,1.2723434603360262,3,78,1,0,0,1,0
55,24,149.76841735839844,94524,1,3.164379573843309,1,0,0,1,0,0,0
52,3,93.36236572265624,93170,1,4.051074142571828,2,101,1,0,1,1,1
52,27,62.24005889892578,91690,2,0.4406406344613804,1,133,0,0,0,1,0
30,0,124.01644897460938,91768,4,2.4533977501670488,3,0,0,0,0,1,1
60,40,22.25768280029297,90265,3,0.5780866527440124,1,270,0,0,0,0,0
42,22,191.83364868164065,91399,1,1.099393988158127,1,0,1,0,0,0,0
53,28,33.202247619628906,92752,2,1.003710700603417,3,0,1,0,0,0,0
28,8,71.89611053466797,95338,1,2.2798890781495293,1,0,0,0,0,0,0
35,6,60.93259811401367,91314,4,1.624122912482927,3,0,0,0,0,1,0
54,24,48.90840911865234,96108,1,2.8415212697017878,2,0,0,0,0,1,0
56,25,52.87789916992188,94180,4,1.133800688098976,1,0,1,0,0,1,0
30,6,72.33171844482422,95702,4,1.0291834061204173,2,0,0,0,0,1,0
36,9,66.70579528808594,95755,1,1.8840683817108488,2,0,0,0,0,1,0
61,36,119.94866943359376,92125,2,2.26084321262996,3,0,1,0,0,0,1
57,32,47.98059844970703,93854,1,0.6511670931047151,1,0,0,0,0,1,0
56,20,64.38554382324219,95535,3,0.7702073309053963,2,0,0,0,0,0,0
47,17,143.8640899658203,95506,2,4.031931799773636,1,0,1,0,0,1,0
36,16,132.597412109375,91916,4,1.577691023972288,3,101,0,0,0,0,0
29,4,46.99260330200195,92850,1,0.9498003164549847,2,0,0,1,0,0,0
42,16,78.85071563720703,92006,3,3.9044531115199543,1,242,0,0,0,0,0
49,23,41.24884796142578,90263,3,2.84754733455918,1,0,1,0,1,1,0
49,28,51.7794303894043,91842,1,0.4153977418816429,2,0,0,0,0,0,0
45,20,85.1496810913086,91976,4,1.108103989776746,1,0,0,0,0,1,0
44,18,44.67009353637695,95288,4,1.1615284384316351,1,0,1,0,0,0,0
64,36,54.343788146972656,90959,1,1.8250317034618564,3,0,1,0,0,0,0
57,36,68.32514953613281,91637,1,2.2039635060708047,2,0,0,0,0,1,0
61,32,35.94377899169922,94649,2,1.335720887126754,2,77,1,0,0,0,0
37,12,185.7709197998047,94549,2,5.976717558274036,2,0,0,0,0,1,1
60,36,20.064617156982425,94538,1,1.0828785933248366,2,109,0,0,0,1,0
28,5,41.277469635009766,92629,4,1.821500598868507,1,0,0,0,0,0,0
43,17,33.26841735839844,92659,1,0.4339171237398058,1,0,0,0,0,0,0
58,35,22.217405319213867,95580,4,0.7311733793507311,1,156,0,0,0,1,0
25,-1,24.916637420654297,94168,3,0.4873808768529399,1,0,0,0,0,1,0
36,15,61.06986618041992,94346,4,3.802519735511578,3,0,1,0,0,0,0
60,23,30.031530380249023,95482,2,0.1750403331377694,3,103,0,0,0,0,0
42,17,73.68685913085938,90883,1,1.8587867648728955,2,0,0,0,0,1,0
61,36,55.31468200683594,94141,3,0.8932752325575498,2,0,0,0,0,1,0
52,28,15.499185562133787,92914,2,0.1856508211922008,2,0,0,0,0,0,0
41,26,30.35761070251465,93408,2,1.229660510943145,3,319,0,0,0,1,0
58,30,67.79582977294922,91773,3,0.8683470084335019,2,0,0,0,0,0,0
25,1,120.3473129272461,90329,2,0.7104103628692818,1,0,0,0,0,1,0
61,38,42.25200653076172,94879,1,2.418549708364653,3,0,0,0,0,1,0
63,40,50.744930267333984,93974,1,0.2994417841719711,3,0,1,1,1,1,0
38,19,69.04145812988281,95442,3,1.3468789598311313,2,0,0,0,0,0,0
54,26,46.225547790527344,92222,4,1.5941688334979622,3,0,0,0,0,0,0
47,29,92.42837524414062,91029,2,0.3272375120077202,2,103,0,0,0,0,0
53,35,138.23696899414062,92388,2,2.494889280698622,1,0,1,0,0,0,0
50,17,111.61812591552734,92130,3,1.967928687533884,1,274,0,0,0,1,0
58,39,33.63501739501953,92115,1,0.2289453302774333,1,0,0,0,0,0,0
48,21,52.657203674316406,92934,1,0.4898839911840162,2,0,0,0,0,0,0
54,21,93.268310546875,92049,4,0.1486305684977857,2,207,1,0,0,0,0
32,3,36.34140396118164,94675,4,1.884825823091714,3,0,0,0,0,0,0
33,14,108.41727447509766,91067,2,3.6047415725787233,2,0,0,0,0,0,0
52,24,45.42462539672852,94511,2,2.106736414843452,3,0,0,1,0,1,0
30,11,104.57234954833984,93412,3,0.0790621052476595,2,0,0,0,0,0,0
39,7,172.0111083984375,90086,3,2.362732315071708,1,0,0,0,0,0,0
32,6,92.27886962890624,91432,4,2.406050038934531,1,0,0,0,0,1,0
49,27,93.40375518798828,90748,2,0.0580793021844951,1,0,0,1,0,1,0
44,17,42.662086486816406,95267,3,0.7138771413618754,2,146,1,0,0,1,0
43,26,19.551326751708984,94584,2,0.6496582739266866,3,0,1,0,0,1,0
62,34,82.62248992919922,92914,2,0.2509146837117479,1,0,0,0,0,0,0
62,38,44.952396392822266,90214,4,0.8174158886211726,2,0,0,0,0,0,0
46,20,72.10240936279297,92928,1,3.600990632107449,1,0,1,0,0,1,0
39,12,28.893524169921875,92462,2,0.42693518171079,3,0,0,0,0,0,0
59,30,23.85882568359375,91752,3,1.4634834588303829,2,0,1,0,0,1,0
51,26,57.21349334716797,89965,2,1.8701811071334529,3,245,1,0,0,1,0
44,14,96.58186340332033,94886,2,0.6504158685352139,3,0,1,0,0,1,1
50,21,58.11048126220703,94177,1,1.2048255797188925,1,0,0,0,0,0,0
53,19,45.2562255859375,95957,4,1.1539452631902298,1,95,0,0,0,1,0
29,11,37.51360321044922,91014,4,0.5321335264742066,2,184,1,0,0,0,0
26,1,88.39009094238281,90134,1,3.043980768510402,3,0,0,0,0,0,0
42,17,100.82009887695312,94475,1,2.8962249490950627,1,0,1,0,0,1,0
54,32,38.477821350097656,95502,3,0.5234761195857052,1,0,1,0,0,0,0
56,23,79.18425750732422,95427,3,1.388150489076466,2,0,0,0,0,0,0
40,13,85.4488754272461,89868,2,3.372496518344196,3,0,0,0,0,0,0
44,27,53.29350280761719,94904,1,1.1912815706162505,2,163,0,0,0,0,0
65,40,70.41165161132812,92887,2,4.461790382611496,2,0,1,0,0,0,0
54,23,152.1529541015625,94462,2,3.9886114198537337,1,229,0,0,0,0,0
45,15,151.19232177734375,90562,3,1.7397533681601116,3,216,0,0,0,1,0
44,7,73.66288757324219,94632,1,1.265173854992965,2,0,0,0,0,1,0
37,7,182.37396240234372,92385,2,4.506991081724314,1,0,0,1,1,1,0
63,41,65.8382797241211,92032,3,1.8961662247553188,1,288,0,0,0,1,0
55,31,120.07169342041016,92677,2,1.96592145788328,1,0,0,0,0,0,0
37,4,39.743125915527344,94172,4,1.0755925259234067,2,0,0,0,0,0,0
37,11,52.18606948852539,94356,3,0.5935086639049765,2,0,1,0,0,1,0
49,19,44.141971588134766,92828,2,1.1150176705242996,1,0,1,0,0,1,0
47,16,158.4547576904297,92091,2,7.420910061220296,1,0,0,0,0,0,0
48,22,126.4709930419922,95559,1,2.6601215092523574,1,265,0,0,0,1,0
59,34,48.38547897338867,91405,4,2.171774986756883,3,0,0,0,0,1,0
23,0,52.4549674987793,94326,4,0.0448346353535065,3,0,1,0,0,0,0
30,17,149.08067321777344,94940,3,6.812261460566244,1,0,0,0,1,1,1
32,17,31.884010314941406,95500,1,0.4306959354090352,2,0,0,0,0,1,0
56,36,151.25741577148438,90229,1,2.5606811753501777,1,0,0,0,0,0,0
54,21,86.17395782470703,95893,2,1.897446024429197,1,0,0,1,0,0,0
48,28,49.073204040527344,92717,1,1.3710699250250378,2,0,0,0,0,0,0
51,18,46.05474472045898,92182,3,1.8868433402048077,1,233,0,0,0,1,0
38,16,73.18605041503906,91255,2,2.4580420117004422,2,0,0,1,0,1,0
55,33,35.349609375,91993,1,2.296415358028705,2,139,1,0,0,0,0
31,14,79.6563949584961,94220,2,2.076567563393564,3,106,0,0,0,0,0
42,21,178.1805419921875,89902,4,7.457853995940761,1,379,1,0,0,1,0
34,8,86.95577239990234,90050,3,1.592659733208191,3,0,0,0,0,0,0
39,23,43.17324066162109,91223,1,1.399193870368841,2,0,0,0,0,0,0
34,3,68.39837646484375,90221,4,0.4706025116739766,1,0,1,0,0,1,0
38,10,87.85697937011719,91769,3,0.2764626128818279,1,0,0,0,0,0,0
61,30,96.5456085205078,94565,4,3.9356207245147337,1,0,0,1,0,1,0
32,5,143.2501220703125,95055,2,3.1558684370730816,3,0,0,0,0,1,1
48,27,71.11283874511719,95658,1,0.0070677311308918,1,0,0,0,0,0,0
41,16,117.05409240722656,91837,3,3.942613272640747,1,0,0,0,0,1,0
30,6,45.51404571533203,90766,4,2.44014962655553,1,0,0,0,0,1,0
47,25,157.54542541503906,95564,2,2.748434432753803,1,372,0,0,0,1,0
61,39,48.063358306884766,94304,3,2.521102356909096,2,148,1,0,0,0,0
49,24,60.21691131591797,91928,4,1.836889916095525,1,0,0,0,0,1,0
37,18,71.30437469482422,95018,1,1.934920464223596,1,0,0,0,0,1,0
29,4,75.23094940185547,93098,3,0.9751214520789688,2,0,0,0,0,1,0
62,36,116.56742095947266,94720,1,5.284154811149419,1,0,0,0,0,0,0
30,5,39.53171920776367,95997,2,0.3940089528821723,1,0,0,0,0,1,0
63,35,76.5732421875,89876,2,1.0989370031709993,3,419,0,0,0,0,0
47,23,61.6979866027832,95374,2,0.1387523112171022,3,0,1,0,0,0,0
66,30,49.10270690917969,95823,4,1.8721759600460204,3,0,0,1,0,0,0
24,0,29.03086471557617,93605,2,1.160772335402215,3,0,1,0,0,0,0
62,39,89.80801391601562,90231,4,2.186193140782241,2,0,0,0,0,0,0
63,38,135.08399963378906,91246,4,4.463725794786265,2,367,0,1,0,1,1
38,20,44.32240295410156,95042,2,0.4541465544341506,2,0,0,0,0,0,0
51,31,62.460086822509766,94335,4,1.340741821266393,3,0,0,0,0,0,0
45,17,14.301287651062012,93899,3,2.06519720949072,2,66,0,0,0,0,0
58,33,67.92469787597656,92075,3,0.3319379471316562,1,0,0,0,0,0,0
39,9,108.85485076904295,90395,2,1.606530328538718,1,141,0,0,0,1,0
42,9,74.00669860839844,93063,1,1.918559389763412,1,0,0,0,0,1,0
64,36,97.16861724853516,91122,3,1.914562553568052,3,0,0,0,0,1,0
40,16,103.49249267578124,95134,2,3.739582641223331,1,0,0,1,0,0,0
28,1,69.12893676757812,95886,4,0.2121362085027307,1,0,0,0,0,1,0
38,12,64.67953491210938,95064,3,2.07209376272049,1,199,1,0,0,1,0
36,12,43.95216751098633,89922,3,1.8063829503899664,3,0,0,0,0,1,0
51,28,93.59811401367188,92658,2,4.335629188067987,1,388,0,1,0,0,0
61,41,25.06611633300781,90119,2,0.7058215250517061,2,203,0,0,0,0,0
54,36,92.62459564208984,94503,2,1.287357115948936,3,0,1,0,0,1,0
33,9,126.13331604003906,95428,3,0.1527383957793935,2,276,0,0,0,1,0
32,7,99.7046356201172,93981,2,0.607090739583004,2,0,0,0,0,0,1
54,26,106.752197265625,93039,4,2.365284345133895,3,255,0,0,0,0,1
65,42,137.31593322753906,94073,4,0.5737246755149634,1,0,0,0,0,0,0
48,24,35.10790252685547,93178,4,1.9314658336239228,2,0,0,0,0,0,0
27,14,33.365928649902344,90743,2,0.207604994123138,1,104,0,0,0,0,0
46,27,90.8657455444336,91651,2,2.782618132963933,1,0,1,0,0,0,0
29,3,14.488226890563965,94547,4,0.6238367759280095,1,86,0,0,0,1,0
42,18,170.55262756347656,95548,4,6.904322379108586,1,0,0,0,0,0,0
51,23,47.61583709716797,94670,4,2.938307933442378,3,267,0,0,0,1,0
37,8,66.00729370117188,95014,1,1.667701600691086,1,0,0,0,0,1,0
57,30,46.767066955566406,91967,2,2.2312277906715043,3,0,1,1,1,1,0
66,38,56.34246826171875,92148,3,0.7969052190247572,1,105,0,0,0,0,0
43,28,44.61296463012695,95601,1,2.004392456904725,1,0,1,0,0,0,0
35,15,115.78133392333984,92053,4,2.49155758091876,1,0,0,0,0,0,0
32,7,112.90225219726562,94443,4,1.0728225228344932,2,0,0,0,0,0,0
40,11,62.99794387817383,92446,1,2.5387879051652877,3,262,0,0,0,0,0
31,6,64.9192886352539,94121,4,1.8796871413373344,1,0,1,0,0,0,0
34,7,25.102237701416016,89978,1,1.346776698750361,1,0,0,0,0,1,0
54,25,22.548583984375,90227,2,0.5121112258558627,3,0,1,0,0,1,0
28,5,116.90948486328124,94237,2,0.4440771331242973,1,151,1,0,0,1,0
58,33,31.279890060424805,90478,4,1.049404352553284,2,0,0,0,0,0,0
52,30,35.490386962890625,93390,4,2.229162147210963,1,0,1,0,0,1,0
42,14,43.93722152709961,93968,2,0.9604816879966452,3,0,1,0,0,0,0
42,20,132.33619689941406,91895,1,0.8921787507129989,2,128,0,0,0,0,0
58,24,55.87734603881836,94655,1,0.6320520937264622,2,0,1,0,0,1,0
59,34,49.35234832763672,90162,3,0.627323282682916,1,0,0,0,0,0,0
37,19,87.68443298339844,94159,3,4.696774048688045,1,0,0,1,0,1,0
57,33,88.43772888183594,91266,2,2.370769195213594,1,0,0,0,0,0,0
58,27,118.38735961914062,94570,1,4.402680009661638,1,0,1,0,0,0,0
45,37,105.42658996582033,92363,3,1.0160175740938868,2,0,0,0,0,0,1
41,18,29.81078720092773,94345,2,0.2211849996413489,2,165,0,0,0,1,0
53,20,79.74080657958984,91466,1,3.2395372282695227,3,0,0,0,0,1,0
31,11,89.83872985839844,94401,3,0.5374819172762451,2,0,1,0,0,1,1
31,3,40.28570175170898,91462,4,1.5577776517765536,2,0,0,0,0,0,0
26,1,88.81271362304688,91444,2,2.3424147101433617,1,0,0,0,0,0,0
24,7,14.06611442565918,94884,4,0.415997643361635,2,139,1,0,0,1,0
65,38,27.24690818786621,95554,1,0.8873542633596053,2,97,0,0,0,1,0
62,40,38.98970031738281,90278,4,0.1213464824075891,3,0,0,0,0,0,0
25,8,60.45628356933594,91854,4,1.422714793185696,2,0,1,0,0,1,0
31,0,64.25994873046875,90074,4,2.4405301054820048,2,0,0,0,0,1,0
60,37,127.45343780517578,94761,2,3.166308488468113,1,0,1,1,1,0,0
31,9,32.98234558105469,94602,1,0.1697711940915597,2,0,0,0,0,0,0
42,5,114.6637191772461,95332,2,2.2506073995021656,1,0,0,0,0,1,0
60,32,94.361083984375,94741,2,2.6713386367958147,1,406,0,0,0,0,0
29,1,31.202667236328125,91614,1,0.8540376391457996,3,0,1,0,0,0,0
59,38,45.76622009277344,91889,1,1.4006895698110708,3,221,0,0,0,1,0
37,16,144.20614624023438,93061,4,0.4174152002942833,1,0,0,0,0,0,1
35,5,206.4263153076172,95221,1,2.8307835874834706,1,241,1,0,0,0,0
29,6,20.357643127441406,90568,2,0.004319272014022,2,0,0,0,0,0,0
23,-2,88.70462036132812,94535,1,0.6392609244046994,1,0,0,0,0,1,0
53,28,34.74260711669922,94788,4,1.380372496174661,1,0,1,0,0,1,0
38,8,103.66138458251952,94599,4,2.83206353382244,2,0,0,0,0,1,0
52,28,18.18204689025879,96393,4,0.5483481674583421,2,127,0,0,0,0,0
42,15,28.02628517150879,94066,1,2.249045447657615,3,102,0,0,0,0,0
55,25,94.93286895751952,90356,2,5.074464607112038,1,0,1,0,0,0,0
65,33,60.8852653503418,91309,2,0.0659599306577264,1,142,1,0,0,1,0
62,36,24.61378669738769,92828,3,2.3141741661857256,2,0,1,1,0,1,0
45,12,46.73872375488281,95109,1,4.054704969233408,1,172,1,0,0,0,0
53,26,71.16694641113281,90042,2,0.1710729531902842,1,90,0,1,0,1,0
45,17,66.077880859375,93877,1,3.07845639544669,2,0,1,0,0,0,1
66,39,141.1002655029297,95365,2,1.5871177771135507,1,0,0,0,0,0,0
31,10,72.24088287353516,94962,2,0.0848209929918515,1,102,0,0,0,1,0
60,34,98.90726470947266,95986,2,4.710700797765943,2,0,1,1,1,1,0
57,32,10.374186515808104,95815,3,0.7883842321118356,1,0,1,0,0,0,0
60,33,53.50666427612305,94063,3,0.940642243357692,2,0,0,0,0,0,0
32,3,129.98794555664062,92705,2,0.8362484493221007,2,0,0,0,0,1,1
42,21,64.64128112792969,92877,3,0.972146251722464,3,0,0,1,1,1,0
26,8,129.04171752929688,90786,2,1.7118762301750534,1,0,0,0,0,1,0
45,21,39.15691375732422,90993,2,2.6601673092838443,3,0,1,0,0,0,0
57,20,174.9979248046875,94537,2,6.87207476295891,1,0,0,0,0,0,0
42,22,160.29110717773438,90392,2,2.271070656791874,1,0,0,0,0,1,0
44,9,85.009765625,95126,3,1.6034097688193143,2,158,0,1,0,0,0
39,14,58.54743194580078,91984,1,0.4905702543742165,2,0,1,0,0,1,0
60,32,38.49207305908203,94897,1,3.6636796879095335,3,90,0,0,0,1,0
38,20,124.25479888916016,94621,1,1.5469560115335557,3,0,0,0,0,0,1
61,37,82.8745346069336,89906,2,2.4553778960909143,1,0,0,0,0,0,0
26,2,96.60872650146484,94038,2,2.157391094004629,2,229,0,0,0,0,0
27,3,31.10502052307129,95042,2,0.3622254336201825,1,0,1,0,0,1,0
56,24,137.16827392578125,94966,4,1.5360022361861927,1,0,1,0,0,0,0
33,7,51.47294616699219,92643,2,0.970389508401099,1,0,0,0,0,1,0
61,39,97.72352600097656,94143,2,2.983672935746704,1,0,1,0,0,0,0
61,36,141.1889190673828,94793,1,1.8029531514581536,1,0,0,0,0,1,0
28,3,59.79853820800781,94368,1,1.203185106162314,3,0,0,0,0,1,0
38,4,62.28084564208984,96163,1,0.3468978205704455,1,91,0,0,0,1,0
35,10,19.943254470825195,93166,2,1.6005507966799852,3,0,1,0,0,0,0
57,33,73.22232818603516,90858,4,1.6175680791091072,1,276,1,0,0,1,0
51,24,39.532073974609375,92149,3,0.7103272066196914,2,0,0,0,0,0,0
63,37,75.59725189208984,95339,2,1.4368325423581738,3,178,1,1,0,0,0
54,33,24.655467987060547,94195,2,0.6485921515069033,3,0,0,0,0,1,0
62,27,124.96885681152344,94817,3,0.6220161181947574,2,0,0,0,0,1,0
45,21,113.18478393554688,93931,1,3.681632002011704,3,143,1,0,0,0,0
44,30,110.76067352294922,91891,3,2.6552293678284338,1,350,0,0,0,1,0
31,10,182.34927368164065,94434,2,8.304722941280342,1,0,1,1,0,1,0
39,9,142.3641815185547,95711,3,3.8717501360360767,1,242,1,0,0,0,0
48,28,33.30283737182617,92160,2,1.3152776910052302,1,0,0,0,0,1,0
38,14,92.21759796142578,90267,2,0.8742236984664409,2,117,0,0,0,0,0
48,6,190.69741821289065,93009,1,7.09299016074849,2,0,0,0,0,0,1
30,5,129.60804748535156,92141,1,2.9892357556935685,1,150,0,1,0,0,0
49,23,99.71540069580078,92439,2,3.251485426654941,1,0,0,1,0,0,0
38,16,28.08216094970703,92406,3,0.6812931030671965,3,109,0,0,0,0,0
31,6,95.49983215332033,91914,2,0.0137136005134416,1,0,0,0,0,1,0
43,15,115.08528137207033,95339,1,2.3910486313443875,3,0,0,0,0,1,0
58,32,39.86803436279297,95948,3,0.125882164134026,2,0,0,0,0,0,0
42,14,140.28311157226562,91458,2,4.235983865300142,1,0,0,0,0,0,0
48,28,54.03506088256836,90239,4,2.1118014606266278,2,0,1,1,1,1,0
42,12,103.45960235595705,92180,2,0.6807585122097755,3,0,0,0,0,0,0
52,27,89.4086685180664,92783,4,1.934648925335211,1,0,1,0,0,1,0
28,4,19.532283782958984,96228,2,0.3129194017279849,3,0,0,0,0,1,0
48,30,57.48447036743164,94564,1,0.8315248800715649,3,0,0,1,0,1,0
63,35,93.98593139648438,92089,2,1.3258986528687775,3,0,0,0,0,1,0
46,24,65.55030822753906,90219,1,2.0717984687160187,2,0,1,0,0,1,0
51,34,170.61085510253906,92930,2,7.132702374636058,1,0,1,0,0,0,0
59,32,49.82614135742188,93988,2,2.097587024800992,2,0,0,0,0,0,0
62,37,42.36845779418945,90233,2,0.2580700605427078,3,0,0,0,0,0,0
48,13,33.714683532714844,93714,2,1.575929418243948,2,98,0,0,0,0,0
48,30,146.78390502929688,94202,2,8.266791927568313,1,239,1,0,0,0,0
63,39,65.48538208007812,91844,2,2.036440684602973,3,0,0,0,0,0,0
54,30,47.77362060546875,91885,4,6.05534478752085,1,0,1,0,0,0,0
44,16,113.76302337646484,94157,1,4.434860566460352,3,0,0,1,0,1,0
54,19,61.12764739990234,92962,4,1.5753655960051414,1,0,1,0,0,1,0
54,23,29.204368591308597,94366,4,0.1388366104791647,2,115,0,0,0,1,0
45,18,121.4895248413086,94132,3,2.52377878334857,1,0,0,0,0,0,0
51,26,96.6469497680664,91037,4,3.7764556488216776,2,325,0,0,0,0,0
64,36,14.627864837646484,94789,2,0.5671024332736636,1,69,1,0,0,1,0
36,5,31.887474060058597,94491,2,2.8047199556631384,3,0,0,1,0,0,0
33,20,23.10586929321289,95401,4,1.822687953925891,1,0,0,0,0,1,0
61,37,143.80943298339844,89805,1,1.836471656062786,1,0,0,0,0,0,1
63,27,40.61686706542969,91374,4,0.956892537701706,3,0,1,0,0,1,0
47,21,168.26719665527344,90125,1,8.476393344115872,1,0,0,0,0,0,0
44,18,39.72427368164063,94782,1,0.4377303932488845,3,0,1,1,1,1,0
39,11,43.66102981567383,95401,3,1.3991585760583551,2,0,0,0,0,0,0
52,23,104.44474029541016,90265,2,2.4483571979098326,1,0,0,1,0,1,0
51,27,80.84970092773438,92915,3,2.8271535644434405,3,0,0,1,0,1,0
52,30,43.79361724853516,94195,1,0.1186508652488511,3,0,0,0,0,1,0
65,38,143.61917114257812,90243,2,7.052529611570511,3,0,0,0,0,0,1
41,24,59.21148300170898,94352,3,2.1810125044443325,3,0,0,0,0,0,0
54,27,31.54807472229004,92126,3,0.6768361509565493,2,0,1,0,0,0,0
49,24,28.25453758239746,94258,4,0.7530940404162949,2,0,0,0,0,1,0
60,38,54.51434326171875,90776,4,0.7504384570579821,1,0,0,0,0,1,0
43,23,40.79996871948242,91857,2,0.0750912867305547,1,0,1,0,0,1,0
62,34,104.16643524169922,95399,3,2.1430087769178603,2,0,0,0,0,1,0
58,33,103.3302230834961,95566,2,2.280533069578831,3,0,0,0,0,1,0
40,15,17.631046295166016,89934,4,0.3365308634586652,3,0,0,0,0,1,0
37,16,35.75432205200195,92981,4,0.5150881192490455,2,0,1,0,0,0,0
59,29,17.757808685302734,95564,4,0.5341076518582083,3,0,1,0,0,1,0
59,25,31.080326080322266,89770,1,0.7572452628389933,2,73,0,0,0,0,0
44,20,120.86911010742188,95253,2,5.851157500905447,1,0,0,1,0,0,0
48,35,168.26051330566406,94880,4,6.976185148041757,2,166,0,0,0,1,1
48,19,67.81494903564453,94014,2,0.4203238458638585,1,0,1,0,0,1,0
48,21,190.96804809570312,92598,4,3.6884430779418262,3,0,0,1,0,0,1
46,18,92.8603286743164,95558,4,3.191696439304195,1,0,1,0,0,1,0
60,36,28.648662567138672,94353,4,0.4533973296212668,3,0,0,0,0,1,0
59,41,30.77235412597656,92117,4,1.2551702534395637,2,0,0,0,0,0,0
52,28,179.00262451171875,94234,4,2.030823098862471,1,0,0,0,0,1,0
36,13,27.14260482788086,96382,4,0.8192454400499481,3,0,0,0,0,1,0
54,28,50.57535552978516,91175,2,1.3165647689747797,3,245,0,0,0,0,0
59,33,53.472801208496094,95646,4,3.023317145156593,1,481,1,0,0,1,0
61,31,116.28131103515624,91422,1,2.184576005867618,3,179,1,0,0,0,0
44,17,147.296875,95174,1,8.278012756765296,1,411,0,0,0,1,0
54,24,67.9940185546875,91867,1,2.646423559897676,1,219,0,0,0,1,0
40,10,161.1009979248047,95083,1,3.089167568682277,1,0,0,0,0,1,0
43,22,85.17886352539062,94354,1,2.234049514691276,1,0,1,0,0,1,0
57,35,25.21176147460937,90313,2,1.5443201160277116,2,0,0,0,0,0,0
51,20,140.5751953125,91983,2,7.689183210165684,1,0,1,1,1,1,0
54,23,90.6909637451172,91803,2,0.3742696268171244,2,0,0,0,0,0,0
38,12,99.85907745361328,94577,1,1.65809830622722,1,0,0,0,0,1,0
50,24,32.55546569824219,94106,2,0.4341529392813332,1,0,0,0,0,1,0
49,31,99.70970153808594,90074,2,3.3573319232434464,1,376,0,0,0,0,0
56,23,40.29068756103516,93768,1,1.0507878244502111,3,0,1,0,0,1,0
43,13,85.91123962402344,92069,4,1.3756998580252349,1,284,0,0,0,1,0
37,10,26.28666877746582,96200,1,0.1018314536263751,3,0,0,0,0,1,0
44,22,89.07240295410156,92684,1,2.6241526997686453,3,468,0,0,0,1,0
43,18,69.82131958007812,93973,1,2.1952005674766943,1,238,0,0,0,1,0
52,33,66.83293151855469,92090,2,1.926333380962928,3,0,0,0,0,1,0
63,41,70.03221130371094,94563,2,1.4117893432085316,3,0,0,0,0,0,0
45,19,24.20138168334961,92099,4,2.744421722754351,3,108,0,0,0,1,0
60,36,35.6397705078125,94079,4,3.075442787371375,1,131,0,0,0,1,0
33,6,65.52009582519531,94294,1,3.1063720515255766,1,0,0,0,0,0,0
47,17,59.423709869384766,90442,3,1.1317871243457394,1,0,1,0,0,1,0
36,15,105.94436645507812,92118,1,1.7521905598802208,1,262,0,0,0,1,0
53,16,53.39692687988281,92408,1,2.0300013181184133,2,0,0,0,0,1,0
45,18,48.98564147949219,94290,2,2.1685156708347244,1,0,0,0,0,0,0
46,34,67.97549438476562,94222,3,0.9892292475196156,2,0,1,0,0,0,0
33,10,60.21608352661133,94852,3,1.16508303711132,3,0,1,0,0,1,0
52,32,12.500452995300291,96038,4,0.98260770424302,1,163,1,0,0,1,0
38,26,182.864501953125,90436,3,5.86905795551791,3,0,0,0,0,1,1
26,1,64.18206787109375,92708,4,1.562380711770922,1,0,0,0,0,1,0
34,13,44.02708435058594,92128,2,1.1989600659482154,3,0,0,1,0,0,0
57,39,21.94913673400879,94819,3,1.4622938751903576,1,0,1,0,0,0,0
24,11,39.87320709228516,92942,1,1.3712234415375952,3,0,0,0,0,0,0
54,29,109.81005096435548,95251,2,1.8604369961378389,2,0,0,0,0,0,1
43,27,96.17835998535156,93933,2,3.933801007878592,1,0,0,0,0,1,0
58,38,56.756874084472656,90022,3,2.12028190539072,3,0,0,0,0,0,0
29,8,37.50798034667969,95124,1,0.8512747421078228,2,0,0,0,0,0,0
54,19,202.48611450195312,91504,2,5.611621549926646,1,0,0,0,0,1,0
61,34,71.36920928955078,91874,3,2.872638594579306,3,0,1,0,0,1,0
61,36,40.70319366455078,95800,4,0.2563327965110613,2,0,0,0,0,0,0
62,41,161.32373046875,90064,2,2.9190048900614163,1,0,0,0,0,1,0
42,16,43.09067153930664,91654,3,0.6772542992608651,3,0,0,0,0,1,0
28,2,87.36029052734375,91872,2,0.426373905837909,1,0,1,0,0,1,0
30,2,83.11876678466797,92011,2,1.390452096616427,1,0,0,0,0,0,0
45,20,121.9943389892578,90342,2,2.47213121607724,1,0,0,0,0,0,0
48,25,46.94976806640625,94751,1,2.3113152021449976,3,0,0,1,0,1,0
32,12,149.05532836914062,91301,3,0.3673205847699624,1,0,0,0,0,0,0
30,1,65.41323852539062,92946,4,1.4730078867569318,3,0,0,0,0,0,0
45,17,68.99427795410156,94188,4,1.3070364791228848,3,0,0,0,0,0,0
39,7,22.61878967285156,93470,3,1.076568357230809,1,0,0,0,0,1,1
56,29,111.00115203857422,94593,4,0.5896291634594895,3,0,0,0,0,0,0
29,3,29.23981285095215,94094,1,1.5163137309615449,3,0,1,0,0,1,0
29,10,64.01065063476562,90886,3,2.2334228098944933,3,0,0,0,0,0,0
55,38,108.00477600097656,90211,1,0.1933907222962838,1,0,0,0,0,1,0
36,10,36.27969741821289,91192,1,0.6285026199739446,2,0,1,0,0,0,0
49,23,83.15580749511719,93034,1,0.4932974939390305,1,0,0,0,0,1,0
55,23,41.90020751953125,94815,4,1.5985661973516032,1,196,0,0,0,0,0
24,1,47.27172470092773,91316,4,1.9632499558384429,3,0,1,0,0,0,0
26,0,74.48824310302734,95280,3,1.4057209948285612,1,234,0,0,0,1,0
43,18,122.84007263183594,95210,1,2.5258961445110275,2,0,0,1,0,0,0
34,-1,23.228912353515625,94295,4,0.9051185843901433,3,0,1,0,0,1,0
42,19,21.81639862060547,92780,4,0.0392142151609289,3,105,0,1,0,0,0
45,15,82.587646484375,90641,4,1.0663653567613478,2,0,0,1,0,0,1
56,9,15.63420867919922,92418,4,0.8180855959426955,3,91,0,0,0,0,0
37,14,44.62752532958984,91884,2,1.6168074547538116,3,0,0,0,0,1,0
48,23,43.855506896972656,90014,3,0.2139375368739848,3,0,0,0,0,1,0
57,24,89.91422271728516,91189,3,1.1989408720148338,1,0,0,1,0,0,0
34,10,102.55877685546876,93848,2,1.7012376697104066,1,348,0,0,0,0,0
43,12,93.1583251953125,93817,3,0.5327986088383239,3,0,0,0,0,1,1
59,30,17.373149871826172,93133,3,0.3498479258562759,2,0,1,0,0,1,0
40,22,97.50701904296876,95678,1,1.8781176125650831,1,0,0,0,0,1,0
57,21,106.45433044433594,95164,2,6.288981833265239,1,0,1,0,1,1,0
62,35,78.99274444580078,91748,4,1.64628205066441,2,0,0,0,0,1,0
65,37,55.03667449951172,94454,1,2.1595461201415342,2,0,0,0,0,1,0
30,6,207.5338134765625,94434,2,2.3851979088047344,1,0,1,0,0,1,0
33,8,75.78445434570312,94895,2,3.0991800371963496,1,0,0,0,0,0,0
53,30,41.03204727172852,92738,1,1.421681716478428,3,0,1,1,1,1,0
29,15,10.298219680786133,91859,3,0.2297713815041223,3,80,0,0,0,1,0
40,16,59.98283386230469,94665,4,0.5685732032791462,2,203,0,0,0,0,0
33,6,53.482688903808594,94892,4,0.5997321501254238,2,0,0,0,0,1,0
54,33,44.17643737792969,90305,4,0.2754452830794945,1,98,0,1,0,0,0
59,34,15.704639434814451,92025,2,1.9247222057861244,1,87,1,0,0,1,0
61,41,60.20095443725586,92076,2,2.113118637782615,1,0,0,0,0,0,1
44,28,110.9566879272461,90712,3,2.4715654095428308,3,0,0,0,0,0,0
51,19,176.49319458007812,91687,1,2.0794151866731605,2,421,1,0,1,1,1
65,36,62.94070053100586,90681,2,0.797774416125405,3,0,1,1,0,1,0
54,27,23.97671890258789,95800,4,2.613100365946049,1,0,0,0,0,1,0
42,24,86.6090087890625,94646,4,5.0366680761158245,1,0,0,0,0,1,0
33,6,42.29150390625,91303,3,2.43856613087531,2,0,0,0,0,1,0
58,32,40.22821044921875,90223,1,1.305647911526141,1,0,1,0,0,1,0
25,3,116.86837768554688,92970,3,2.816686445046944,2,0,1,0,0,0,1
41,18,135.35049438476562,92285,3,0.1694010268620537,3,0,1,0,0,1,0
45,17,189.32595825195312,91812,1,6.41645750889847,1,0,0,0,0,0,0
47,17,45.32272720336914,96324,2,1.0502474402793367,3,151,1,0,0,0,0
29,9,44.72724533081055,91945,3,2.13065903836889,2,114,1,0,0,1,0
29,4,99.51239776611328,91220,1,1.5065260432193015,3,0,0,0,0,1,0
29,6,137.3368682861328,94391,4,4.722344211552545,3,127,0,1,0,1,1
42,19,140.922607421875,93854,1,2.485502440262529,1,0,0,0,0,0,0
57,28,96.8973388671875,90377,1,0.1074566018521797,1,0,0,1,0,0,0
53,27,91.84683990478516,93103,2,0.5105495421536188,1,0,0,0,0,1,0
26,5,50.59439468383789,94151,1,0.4495302130345446,1,122,0,0,0,0,0
41,20,18.056655883789062,93326,4,0.423552545512717,3,0,1,0,0,1,0
35,14,53.04366683959961,93888,1,0.2730091574468523,3,0,0,0,0,0,0
57,35,67.30354309082031,93822,1,0.9522154937022858,1,113,0,0,0,1,0
51,22,90.90126037597656,95321,1,7.285603388938973,1,388,0,1,0,0,0
54,34,52.293399810791016,94595,2,1.2762907884691963,3,0,0,0,0,1,0
40,10,105.70513153076172,93166,4,2.201907829791957,3,0,0,0,0,0,1
52,28,93.30436706542967,90281,3,2.613983222769,2,0,0,0,0,0,0
37,5,134.40997314453125,93636,2,5.76110962300789,1,0,0,0,0,1,0
57,36,44.04482269287109,92275,1,0.2065442344701401,3,0,0,0,0,0,0
34,10,67.02909851074219,92179,3,2.3153400833526243,2,0,0,0,0,0,0
63,40,43.03361892700195,91431,2,1.0594951229930594,3,119,1,0,0,1,0
33,9,105.79859924316406,91045,2,2.452072476879004,1,0,0,0,0,1,0
32,6,89.07369232177734,94227,4,2.0248590387325307,1,183,0,0,0,0,0
37,19,104.45226287841795,96007,3,1.3510384430294935,2,0,1,0,0,1,0
43,21,123.69852447509766,95919,4,0.7378826439091536,1,0,0,0,0,1,0
54,22,142.61846923828125,91799,2,7.775754894939556,1,0,1,0,0,1,0
37,4,178.87637329101562,90263,2,7.064521024425804,1,0,0,0,0,0,0
54,15,51.51894760131836,95169,3,0.0701734027809431,2,0,0,0,0,1,0
46,14,48.47926712036133,94009,3,0.8243469678544992,2,0,1,0,0,1,0
65,40,36.39778900146485,91096,4,0.2141301983505377,3,0,0,0,0,1,0
47,30,111.64888763427734,95376,2,1.9755216851832984,1,0,1,0,0,1,0
48,25,48.707801818847656,92174,1,0.0500434952322935,3,110,1,0,0,1,0
62,26,53.351524353027344,95463,3,1.2593676070233506,3,274,1,0,0,1,0
52,26,36.448360443115234,94321,4,2.2989895615680878,1,0,1,1,1,1,0
41,7,89.33966827392578,93660,4,1.5434134294202717,2,0,0,0,0,1,0
50,27,79.60792541503906,93197,2,2.395600094752969,3,103,0,1,0,0,0
34,8,27.478290557861328,92050,2,1.2401196903781402,3,0,0,0,0,1,0
58,31,49.39579391479492,94304,2,0.2320481444135128,3,0,0,0,0,1,0
55,22,24.38483238220215,91253,2,0.2724157469459907,3,0,1,0,0,1,0
62,37,50.02791976928711,96006,4,0.8935617668587789,1,154,1,0,1,1,0
44,11,47.23125457763672,92809,3,1.3083432749029376,3,0,1,0,0,0,0
57,29,21.09019470214844,92531,1,0.3318170403811391,3,0,1,0,0,1,0
40,15,75.96217346191406,92836,1,2.7816368242696123,3,0,0,0,0,1,0
58,34,121.3285903930664,96286,3,1.6193567630499617,1,0,1,0,0,1,0
33,11,91.78727722167967,89698,2,1.910636310364601,1,0,0,0,0,1,0
64,34,51.6985969543457,92093,2,0.784377299454711,1,0,1,0,0,1,0
63,36,148.26235961914062,94988,4,0.2816357230432239,3,0,0,0,0,1,1
28,4,51.90407180786133,94096,1,2.7490715784833637,3,0,0,0,0,1,0
30,8,38.85243988037109,94463,1,0.3847399384040751,2,145,0,0,0,1,0
39,23,144.7567138671875,91126,1,1.7701036526319278,1,0,0,0,0,0,0
60,37,34.026695251464844,92820,2,0.5731123647031243,1,101,0,1,0,0,0
28,2,79.38088989257812,94005,4,3.891141321020028,3,0,1,0,0,0,0
27,4,154.1861572265625,90450,3,0.781810836186342,2,89,0,0,0,1,1
48,30,209.15110778808597,92641,2,8.289674394746848,1,404,0,0,0,1,0
56,31,138.52284240722656,92726,1,7.422782334154158,3,0,0,0,0,1,0
33,17,104.03665924072266,91409,1,1.5268580498441993,1,0,1,0,0,1,0
52,24,159.10110473632812,95761,2,5.868208816407329,1,0,1,0,0,0,0
58,28,35.170188903808594,92126,1,2.2777634845166226,3,0,1,0,0,0,0
48,24,60.10498809814453,91266,1,1.0088199119380212,1,0,1,0,0,1,0
55,29,82.22286224365234,91824,3,1.6758905457704412,2,59,1,0,0,0,0
42,18,58.62406539916992,96267,4,1.6042267753008053,1,0,0,0,0,0,0
62,36,34.42131042480469,90182,4,1.5401177950781229,3,0,0,0,0,0,0
45,30,24.616195678710938,91936,1,1.3921226939794071,2,0,0,1,0,1,0
40,24,47.5132064819336,95018,3,0.853559966232391,2,0,1,0,0,0,0
52,28,142.0828094482422,92635,4,3.4102717597856658,1,0,0,0,0,0,0
60,34,47.23081588745117,93704,4,0.9517008930331248,2,0,1,0,0,1,0
46,10,25.64407157897949,93596,4,0.8128025247127534,3,0,1,0,0,0,0
35,8,53.6976203918457,91985,3,1.6015321183898534,2,0,1,1,1,1,0
49,21,78.34916687011719,91031,1,0.683857169499697,1,371,0,0,0,0,0
41,24,91.13226318359376,94800,2,1.84506568328546,3,0,0,0,0,0,0
52,21,140.45416259765625,96032,1,8.54865354791264,1,0,0,0,0,1,0
37,10,14.112018585205078,93249,3,0.6613268653159159,2,0,1,0,0,0,0
53,30,67.66705322265625,94700,3,2.154975594357645,1,0,1,0,1,1,0
48,22,82.39895629882812,95443,2,2.166596804330585,1,354,1,0,0,1,0
30,7,22.47317886352539,94761,4,0.7446576204491095,1,0,0,0,0,0,0
40,5,58.30735778808594,94819,3,2.8873877035697366,2,0,0,0,0,1,0
52,24,51.86661148071289,92005,4,0.0410346512270491,2,0,0,0,0,1,0
33,4,92.1030044555664,93681,2,3.2649726834613824,1,0,1,0,0,0,0
45,19,42.27915191650391,91519,2,1.6342051643973623,1,121,1,0,0,1,0
55,35,25.6984920501709,95810,1,0.7732096126268846,2,106,0,0,0,0,0
27,4,128.59423828125,94681,1,0.1257493493824682,1,0,0,1,0,0,0
36,13,61.61531829833984,92251,2,0.7033291320352882,1,151,0,0,0,1,0
56,27,164.86880493164062,92180,3,2.684219812458087,2,400,1,0,0,0,1
44,26,39.79817962646485,93777,3,2.3553106749610517,2,0,1,0,0,0,0
39,11,35.26251220703125,92116,4,0.6077589860125585,1,0,1,0,0,1,0
31,6,68.57288360595703,92279,4,1.5505383965369737,3,0,1,0,0,1,0
48,13,167.83042907714844,91364,3,2.662824967149164,2,0,1,1,1,1,0
58,33,57.761268615722656,90201,3,1.6890146355235778,2,0,0,0,0,0,0
51,26,65.20248413085938,93949,2,1.1431224202061832,1,0,0,0,0,0,0
55,31,54.22379302978516,95549,2,0.8883403359715272,1,0,1,0,0,0,0
34,11,85.04798889160156,93053,2,2.99245893248204,1,0,1,0,0,0,0
27,0,84.33711242675781,91009,2,2.3814308738923677,1,0,0,0,0,1,0
42,26,91.8296356201172,91466,3,1.328281056293969,2,167,0,0,0,1,0
61,37,128.82122802734375,89964,1,2.489651379020003,1,0,0,0,0,0,0
55,34,70.18849182128906,92145,4,1.2627246346671728,2,0,1,0,0,1,0
42,18,42.22701644897461,91024,2,1.0784289534324287,3,0,1,0,0,0,0
31,12,54.64438629150391,91782,4,1.1909369563143437,2,0,1,0,1,1,0
59,30,57.50182723999024,90256,2,4.306883366773462,1,0,1,0,0,0,0
32,8,58.7847785949707,92929,2,1.2216683344132488,1,106,1,1,0,1,0
57,32,41.81949615478516,91789,1,1.1262921275226108,1,0,1,0,0,0,0
32,19,122.47246551513672,92105,4,4.538846825887051,1,111,1,0,0,1,0
31,6,135.4736328125,90195,2,2.161997438642897,3,210,0,0,0,1,0
44,21,80.00328826904297,95731,2,4.16677635887908,1,320,0,0,0,0,0
45,22,83.54751586914062,94695,2,3.376788126776085,3,0,0,0,0,1,0
58,10,18.867084503173828,90242,4,1.2990897640419174,1,86,0,0,0,1,0
54,24,102.01329803466795,95836,2,5.198822670413718,1,0,1,0,0,0,0
53,24,26.96769523620605,95367,2,2.2163842255868484,3,0,0,0,0,0,0
27,2,70.45252990722656,95547,4,0.9966972038963542,1,0,0,0,0,1,0
52,18,25.930646896362305,90610,4,0.4180817030985927,3,0,0,0,0,1,0
41,10,46.35892105102539,95686,2,1.027801707550838,2,0,0,0,0,1,0
41,15,61.31004333496094,94071,4,0.325374254955789,3,0,1,0,0,0,0
52,30,36.485111236572266,95897,3,0.7401195019718725,1,0,0,0,0,0,0
38,13,54.7481803894043,92913,1,1.2974607305378532,1,91,0,1,0,1,0
54,31,154.30865478515625,90249,4,6.1865197299543775,1,0,0,1,0,1,0
29,8,107.2909927368164,94040,2,2.1387488040628444,1,0,0,0,0,1,0
28,4,34.51216125488281,94073,4,0.1144807529675424,2,0,1,0,0,1,0
29,10,88.6233901977539,91842,2,1.371167115514846,1,0,1,0,0,1,0
37,2,104.79322814941406,93982,2,0.2592892581521279,1,0,1,0,0,1,0
45,24,135.16653442382812,91604,1,1.4503079500667837,1,0,1,0,0,1,0
58,34,50.69962692260742,91700,4,3.7730694127318607,1,104,1,1,1,1,0
49,28,91.40779876708984,95276,4,2.476965820756646,1,0,1,0,0,0,0
52,25,158.34945678710938,91131,1,7.481756977041311,1,0,0,0,0,1,0
33,12,116.56333923339844,92101,2,0.319480401774433,1,107,0,0,0,0,0
35,12,63.009071350097656,94367,1,2.228717336775501,1,0,0,0,0,0,0
28,5,87.78289794921875,93922,4,1.6281628808531965,3,0,0,0,0,1,0
31,22,63.05709457397461,92354,1,0.0644163515455253,3,112,0,0,0,0,0
24,-1,66.92977905273438,94632,2,2.267338127388192,3,0,0,0,0,0,1
34,13,99.06438446044922,92077,2,0.5290417525981671,1,0,0,0,0,1,0
58,33,88.94078063964844,90108,2,4.698314070919506,1,0,1,1,0,1,0
42,22,55.36408996582031,93923,4,1.3166237808310302,1,0,0,0,0,0,0
42,25,104.27389526367188,95543,2,1.3445992421174795,1,0,0,0,0,1,0
50,0,64.86381530761719,91157,3,2.4789638420337576,1,103,0,0,0,0,0
54,35,46.81172180175781,94052,4,1.43047309709611,1,0,0,0,0,1,0
50,28,61.800907135009766,93931,1,0.7394565516849622,2,0,0,0,0,0,0
62,37,42.49868392944336,91276,3,0.0510888724961975,1,0,0,1,0,1,0
43,13,56.62633895874024,96139,3,0.4814771321791868,3,0,0,0,0,1,0
31,3,97.57920837402344,91334,1,1.609981471411302,3,0,0,0,0,1,0
45,18,54.372589111328125,93742,3,0.7190080087337611,1,0,1,0,0,1,0
57,21,66.42921447753906,92229,2,1.0263395289611708,1,0,0,0,0,0,0
35,14,37.25680160522461,93827,2,0.9029895922501632,3,0,1,0,0,0,0
62,36,47.128360748291016,95376,4,1.1457482592539774,1,115,0,0,0,1,0
66,39,83.37532043457031,93035,4,1.1008679741309364,3,0,0,0,0,0,0
35,10,97.9789581298828,90034,2,3.423653101004525,1,0,0,0,0,1,0
43,7,115.64552307128906,94788,2,0.9289846528582284,3,233,0,0,0,1,0
30,5,30.40372085571289,94049,2,0.5274493173160685,1,0,1,0,0,0,0
45,25,87.20167541503906,95156,3,2.133823646033734,1,285,0,0,0,0,0
34,9,88.50069427490234,92834,4,2.108069036888782,2,0,0,0,1,1,1
54,29,86.71068572998047,94696,2,1.2158763207515382,2,0,0,0,0,0,0
52,30,24.888601303100582,93023,4,0.6746660488297915,1,0,1,0,0,1,0
61,37,30.05505752563477,93782,2,0.5240811475687399,3,0,0,0,0,0,0
48,24,170.2572021484375,95033,4,1.8949667219883977,2,0,1,0,0,0,1
26,5,59.053993225097656,94397,2,1.6281838200068652,2,0,0,0,0,1,0
27,6,55.957767486572266,95509,4,0.6094602683762964,2,0,0,0,0,1,0
35,7,40.53995513916016,92909,1,0.8966650026142505,2,0,0,0,0,1,0
58,34,114.3209457397461,91024,1,3.6760475490266433,2,0,1,0,0,0,1
63,40,81.5611801147461,90763,2,2.8371182048809307,1,0,1,0,0,1,0
43,22,47.9166259765625,92381,3,2.4123385591545023,2,0,1,1,0,1,0
60,36,27.86557006835937,89977,3,0.6486425879672193,2,115,0,0,0,0,0
28,11,169.9059600830078,95835,2,2.3922580418493333,1,0,0,0,0,1,1
37,11,145.78529357910156,91258,2,1.9062001993943989,1,0,1,0,0,1,0
26,-1,74.81716918945312,92910,4,1.4544218479030542,3,0,0,0,0,1,0
54,23,61.53641891479492,91951,3,2.1553703011476606,1,0,1,0,0,1,0
38,10,86.94527435302734,94268,4,3.098395403372041,1,122,0,0,0,1,0
56,30,72.7500991821289,91191,2,1.8672083795137395,2,141,0,0,0,0,0
54,31,87.17827606201172,92625,1,1.1684389459335036,3,94,0,0,0,1,0
32,13,74.08343505859375,91391,1,3.015607663819864,2,0,0,0,0,0,0
39,11,14.447105407714844,93273,3,0.32551007687617,1,0,0,0,0,1,0
45,26,39.240867614746094,94633,4,0.5076822309618284,3,0,0,0,0,1,0
57,28,77.78329467773438,92141,1,0.8155585330983293,3,0,0,1,1,1,0
34,8,45.89419937133789,90178,4,1.3981706351041283,2,0,0,0,0,1,0
29,0,99.14588165283205,92002,3,2.913757449798412,1,0,1,0,0,1,0
37,11,88.78907775878906,92019,4,2.803009276960118,2,0,0,0,0,1,1
60,37,44.50360870361328,94110,4,0.2140109255880823,1,0,0,0,0,0,0
58,36,27.717140197753903,90440,2,0.7847226592926061,3,0,0,0,0,1,0
61,27,40.67044448852539,90336,4,1.994898436487798,2,0,0,0,0,1,0
46,27,87.13131713867188,89977,1,1.592597526639547,1,0,0,1,0,1,0
33,8,102.06500244140624,94633,3,1.9069062734447424,3,0,1,0,0,0,1
40,14,169.8739776611328,95087,2,6.50613172597696,1,0,0,0,0,1,0
42,20,78.37493133544922,94360,2,0.2803195320365041,1,156,0,0,0,0,0
62,35,34.09588623046875,92983,2,1.3670249922214994,3,0,0,1,0,1,0
64,40,83.74577331542969,94886,3,1.5972362537794238,3,0,0,0,0,1,0
41,12,148.67132568359375,91316,4,0.2208623081173865,3,0,0,0,0,0,1
29,4,17.33333969116211,92710,4,0.0422414589146863,3,0,0,1,0,0,0
35,12,32.97346496582031,91185,2,1.5529837951858343,1,0,1,0,0,1,0
40,10,36.34674835205078,91244,4,1.878388470572464,1,0,1,1,0,0,0
44,24,101.3494644165039,92668,2,2.028633402872096,3,0,0,0,0,1,0
49,16,31.76972961425781,90841,2,0.2275178745267614,2,0,0,0,0,1,0
25,2,100.73613739013672,96175,3,1.745565158375486,1,233,1,1,1,1,0
36,10,72.64685821533203,94576,2,0.714373847250351,2,167,0,0,0,0,0
63,40,70.5933837890625,95379,1,3.5381658785413004,1,0,0,0,0,1,0
55,32,81.54817962646484,93961,1,4.788609117775965,3,0,0,0,0,0,0
27,1,196.48280334472656,93064,4,5.603054140098374,3,0,0,0,0,0,1
60,36,142.69998168945312,91577,2,1.8846734126786435,3,426,1,0,0,0,0
41,14,98.1992416381836,94822,2,2.71757334949761,1,0,0,0,0,0,0
60,39,122.16361236572266,93149,2,1.8632193481590027,3,0,1,1,0,0,0
55,25,80.97520446777344,91401,1,2.035162900161624,2,0,0,0,0,1,0
26,-1,111.88521575927734,94753,2,3.795989773326645,2,0,1,0,0,0,1
48,30,30.935970306396484,90214,2,2.020677520762149,2,0,0,0,0,1,0
47,16,67.38229370117188,90167,3,2.9794651730473154,1,0,0,0,0,1,1
48,21,55.51246643066406,94129,3,0.324336022410821,1,151,1,0,0,0,0
61,36,77.22034454345703,89854,1,0.4154756072271079,2,0,1,0,0,1,0
32,7,44.5477409362793,92337,4,1.2320635954064325,1,538,0,0,0,0,0
54,26,120.89379119873048,93902,2,0.3864583612285491,1,0,1,0,0,1,0
36,13,145.04722595214844,92255,1,0.7439940310628891,1,154,1,0,0,0,0
66,38,82.20429229736328,94350,1,1.8157537834055395,2,249,1,0,0,0,0
46,24,113.16031646728516,92249,2,0.7622361622234275,1,0,0,0,0,1,0
67,39,99.48723602294922,94774,2,3.9880539544294864,2,0,0,0,0,1,0
47,29,83.73431396484375,90050,2,0.4432146126971262,2,0,1,1,1,1,0
29,4,59.38687515258789,95798,4,1.5917059875201036,1,0,1,0,0,1,0
55,19,34.63676834106445,94072,2,0.3711069862569184,2,105,0,0,0,1,0
56,30,103.49909210205078,92062,1,0.4850160266468165,3,0,0,0,0,1,0
34,9,116.82032012939452,94990,1,3.935837130374867,1,0,0,0,0,1,0
35,7,33.773704528808594,94051,4,0.2813346129747814,3,0,0,0,0,0,0
52,29,81.57908630371094,92122,4,2.147643320001117,3,0,0,0,0,1,0
44,11,42.11601257324219,93178,2,2.1174999549428826,2,0,0,0,0,0,0
66,37,19.91849708557129,92598,2,1.0304699773079449,1,153,1,0,0,0,0
31,5,56.11555480957031,92841,3,1.1619338754066004,1,0,1,1,1,1,0
66,39,141.6884765625,91151,4,0.0340391939331714,3,0,0,0,0,1,0
48,31,140.31275939941406,95538,2,6.917191167788112,1,276,0,0,0,1,0
35,14,49.25416946411133,92542,1,1.704872249563134,2,0,0,1,0,0,0
32,22,37.74671936035156,92264,4,0.4062242646611921,2,104,0,0,0,1,0
29,1,157.47811889648438,94999,2,1.133661309293237,1,0,0,0,0,1,0
63,37,38.83042526245117,94142,1,0.1588379103140866,1,0,0,0,0,0,0
44,21,199.1997985839844,92364,1,5.77373812931409,1,0,0,0,0,1,0
48,23,176.8856201171875,93481,1,7.388132434885775,1,0,1,0,0,0,0
42,16,95.74881744384766,90349,2,3.206205448068648,3,235,0,0,0,1,0
41,19,19.961406707763672,90001,2,0.279034947876661,1,0,0,0,0,1,0
24,2,17.007020950317383,95986,3,1.160685414056299,1,0,0,0,0,1,0
56,31,89.01148223876953,94772,4,2.716905360075089,1,0,0,0,0,0,0
49,30,105.38253021240234,92622,2,3.025236679511764,1,423,1,0,0,1,0
59,34,69.62057495117188,93915,2,2.0369634596254063,3,0,0,0,0,1,0
57,34,35.61083984375,91393,3,0.5866006078537874,2,0,1,1,1,1,0
48,23,48.66762161254883,95017,4,1.2201587176643842,2,99,0,0,0,0,0
28,15,48.91986083984375,94689,1,1.243988237406526,2,0,0,0,0,1,0
50,26,57.480125427246094,94389,3,1.2937638950527337,2,220,0,0,0,0,0
49,24,84.76436614990234,92996,2,0.8904794136101746,2,0,1,0,0,1,0
32,12,19.416547775268555,93488,4,0.7800503063868929,3,113,1,0,0,0,0
60,39,25.00559425354004,92062,4,1.7043354050382309,2,0,0,0,0,0,0
63,37,44.31803894042969,91727,3,0.1617145733732515,2,0,0,0,0,1,0
33,6,59.75371170043945,93061,4,2.600391625045797,3,0,1,0,0,1,0
55,26,75.59532165527344,93230,1,0.7883235517277403,3,0,1,0,1,1,0
51,38,119.38175964355467,94541,3,2.5310011568998294,1,0,0,1,0,1,1
38,13,29.06705474853516,91779,1,0.3941164879355751,2,0,1,0,0,1,0
64,40,146.09620666503906,90211,2,0.0695616239361191,1,0,0,0,0,1,0
55,28,60.15528869628906,94402,2,0.3939991011602084,2,0,0,0,0,0,0
34,11,142.7619171142578,94230,1,2.765152750987548,1,0,0,0,0,0,0
60,32,48.143741607666016,93281,1,0.2961962273169546,3,0,1,0,0,0,0
36,12,124.90670013427734,90161,1,0.334837162779065,2,0,1,0,1,1,0
60,34,66.40674591064453,92070,4,1.7370182027225995,3,0,0,1,0,1,0
32,8,87.42244720458984,96231,3,0.9265042246190603,1,0,1,0,0,1,0
43,17,131.7892303466797,91747,1,8.170063010340307,1,0,0,0,0,0,0
60,39,22.71928977966309,95773,1,1.630153120426277,1,0,1,0,0,1,0
51,27,32.33742904663086,94372,3,0.0670676710706408,2,295,0,0,0,1,0
59,35,87.67121124267578,95508,1,1.8907695521790375,1,0,1,0,0,0,1
54,27,26.96040344238281,89752,1,1.5245763338680995,3,100,1,0,0,0,0
59,34,60.25005722045898,94157,1,0.7055530404791972,3,0,0,0,0,1,0
60,36,36.90047073364258,90130,4,0.5669942146214424,2,0,0,1,0,0,0
36,0,57.434844970703125,95056,4,1.9892549936390864,3,0,0,1,0,0,0
49,21,33.65229797363281,91598,4,2.75566034753564,3,221,0,0,0,0,0
28,5,153.28903198242188,95057,2,4.071632337445019,1,446,0,0,0,0,0
30,3,122.1786117553711,92085,3,2.415216757429958,1,0,0,0,0,0,0
55,29,62.20148849487305,92911,4,1.2290743446541037,2,0,0,0,0,0,0
48,19,170.6727294921875,95061,4,4.770842918560456,1,281,1,0,1,0,1
35,12,80.34658813476562,94253,3,1.5603665506474518,2,0,0,0,0,1,0
60,26,96.8168487548828,94128,1,1.6994509647129217,1,0,0,0,0,1,0
58,24,96.02239990234376,94216,2,0.3056074371433648,3,0,0,0,0,1,0
49,19,69.80470275878906,95626,2,2.643930428677215,1,0,0,0,0,1,0
61,31,86.69144439697266,90329,1,2.447982563756543,1,0,0,0,0,0,0
43,24,115.00205993652344,94513,1,4.287876248561466,3,141,0,0,0,0,1
59,36,37.55263519287109,95532,4,1.8466123009526905,2,0,0,0,0,1,0
66,41,115.64643096923828,93259,2,4.3756480669527065,1,169,0,0,0,1,0
32,7,105.6727294921875,93119,2,1.3729583829513967,1,0,0,0,0,0,0
45,3,14.468535423278809,90161,4,1.630772286892466,3,0,0,0,0,0,0
48,28,62.0897216796875,95636,2,1.11499474046271,3,0,0,0,0,1,0
61,33,29.086566925048828,91675,1,1.86588260731442,3,0,0,0,0,1,0
66,39,32.98844528198242,94283,1,0.3287232427216474,2,0,0,0,0,0,0
64,38,65.64393615722656,94435,2,0.2621659016739655,1,0,0,0,0,1,0
41,19,60.547359466552734,90891,2,1.423733557338181,2,0,0,0,0,1,0
55,27,180.5196533203125,95205,1,6.172750547746632,1,448,0,0,0,1,0
60,35,60.22372817993164,90513,2,0.3150467872764082,3,243,0,0,0,0,0
58,34,12.562707901000977,94411,2,1.899832278478829,3,107,0,0,0,0,0
34,6,44.14352416992188,93183,1,3.180391643221675,3,0,0,0,0,0,0
48,25,20.09520721435547,92098,4,1.2357203657294722,2,0,0,0,0,0,0
28,3,34.681671142578125,95938,1,2.2010232480960026,1,0,1,0,0,1,0
58,37,70.71839141845703,92956,1,0.9290604123190812,3,0,1,0,0,1,0
27,4,47.37370300292969,94585,4,1.045345778576488,2,0,0,0,0,1,0
42,13,117.55107879638672,94754,4,2.258861562236845,1,0,1,0,0,0,0
59,35,87.04828643798828,90129,1,4.436204842697387,3,200,0,0,0,1,1
58,37,97.15230560302734,92692,4,0.4730430184054958,1,223,0,0,0,1,1
33,11,106.03341674804688,91578,2,2.120632182036252,1,0,1,0,0,0,0
36,10,48.16218948364258,92007,4,1.2027261000735483,3,130,0,1,0,0,0
58,28,50.36240768432617,96240,2,0.6097111724792561,3,98,0,0,0,1,0
32,25,15.485416412353516,92365,4,0.8889509115461152,1,119,0,1,0,0,0
53,25,24.343027114868164,95011,4,0.5239602632424881,1,150,0,0,0,1,0
38,18,86.32981872558594,91913,4,1.3544716077846168,3,212,1,0,0,1,0
54,28,50.021263122558594,94968,2,0.9188936833547334,3,0,0,1,0,0,0
49,23,29.10590362548828,92025,4,0.8731579294281778,1,0,0,1,0,0,0
29,2,50.69922637939453,95462,4,0.2334117616768802,2,0,0,1,0,1,0
52,18,167.2557830810547,91633,2,4.811138663473034,1,491,0,0,0,1,0
48,27,65.62142944335938,92995,1,0.2662032708405834,1,0,0,0,0,0,0
58,32,38.95838928222656,94468,1,1.4309247437302828,1,127,1,0,0,0,0
28,4,39.0609130859375,92426,3,2.013190659588496,2,114,1,0,0,0,0
65,36,104.1495361328125,94134,2,4.1231021438744815,2,0,0,0,0,1,0
39,19,160.2498779296875,92228,2,0.185216675727954,1,0,0,0,0,1,0
39,29,108.90072631835938,93884,2,1.6520616703851485,3,359,0,0,0,1,0
24,1,70.82158660888672,95291,4,1.2709427887234026,1,377,0,0,0,1,0
58,32,100.76044464111328,90153,2,1.6124791780049548,2,469,0,0,0,1,1
49,30,69.44598388671875,94143,2,0.0130580841050469,2,0,0,1,0,0,0
44,24,158.30624389648438,91356,2,5.360775402007652,1,0,0,0,0,0,0
56,36,64.80769348144531,95131,1,2.250747614004995,1,0,0,0,0,0,0
55,30,33.3115348815918,95555,4,1.799307539330763,3,119,0,0,0,1,0
37,20,137.2330780029297,90556,2,3.480993498428673,1,0,1,0,0,0,0
54,22,23.710813522338867,91089,1,0.1254004387651562,3,0,0,0,0,0,0
42,17,21.384708404541016,92246,3,0.2585297543187307,3,0,0,0,0,0,0
46,28,75.62149047851562,92984,4,0.3925367647677132,1,0,0,0,0,1,0
63,37,128.9249725341797,93229,2,3.291872244608675,3,432,0,0,1,1,1
56,30,87.63580322265625,91628,4,0.2900023421996364,2,295,0,0,0,1,1
29,9,165.5745391845703,91144,2,3.9674223319856954,1,417,1,0,0,1,0
58,33,67.18959045410156,89991,2,0.3362768065658035,1,0,1,0,0,0,0
66,38,49.761512756347656,92932,3,0.8945370481216925,2,0,0,1,0,1,0
30,6,199.99658203125,96416,2,4.639450129257309,1,0,0,1,0,0,1
47,30,21.76161193847656,93684,4,1.09235511598825,2,0,1,0,0,1,0
53,26,30.99193572998047,92280,4,1.207154005079711,2,0,1,1,0,1,0
37,18,69.94092559814453,90437,2,1.0481397740821283,1,0,1,0,0,0,0
37,17,62.9169921875,92458,2,0.1566612045706729,2,0,0,0,0,1,0
31,7,118.65499877929688,92454,1,2.679766532638844,3,0,1,0,0,0,0
62,39,30.65508460998535,94901,1,0.2398527092953998,3,0,0,0,0,0,0
66,34,35.810699462890625,94029,3,1.145979508433889,2,0,0,0,0,0,0
59,37,113.47695922851562,91923,1,3.823624786158284,3,0,0,0,0,1,0
45,28,38.03111267089844,94320,2,0.3785298837729571,3,0,1,0,0,0,0
34,7,77.78190612792969,92840,2,2.2580063654246816,1,0,0,0,0,0,0
27,3,115.5306167602539,95545,3,3.1029435754034544,2,0,1,0,0,0,1
62,37,108.94050598144533,95390,1,0.9903699425386964,1,0,0,0,0,1,0
28,-1,45.83465576171875,92845,4,0.4920851266400478,1,0,1,1,0,1,0
57,29,116.25531768798828,94019,2,1.9306073396212728,1,0,1,0,0,1,0
32,7,119.42159271240234,92296,1,3.0625663156224605,1,0,0,0,0,1,0
58,28,72.65108489990234,91947,2,1.031707910983933,3,0,0,0,0,0,0
49,22,46.49946212768555,90142,1,4.080152985424673,1,0,1,0,0,0,0
44,15,94.9780044555664,89865,1,3.021840208765375,3,0,0,0,0,1,0
36,5,148.1556396484375,95633,2,0.5496142127147997,1,0,1,0,0,0,0
42,13,46.18492889404297,91553,4,1.7977662607484517,3,0,0,0,0,1,0
30,5,75.2005615234375,94856,2,0.5259999961009286,1,0,1,0,0,1,0
39,7,124.35062408447266,92896,4,4.53838814484844,1,0,0,0,0,0,1
54,31,53.4237060546875,95665,4,0.4969949453744528,2,0,1,0,0,1,0
65,37,94.67123413085938,91765,2,1.4839663580210476,3,0,0,0,0,1,0
60,35,30.093830108642575,94857,3,0.2524564425962812,3,0,0,0,0,0,0
45,27,72.52964782714844,91095,1,1.7266060017717426,1,287,1,0,0,0,0
62,38,65.80377197265625,91375,1,0.0379001770282204,2,108,0,0,0,1,0
38,10,100.27416229248048,95834,2,0.7884530138654655,1,0,0,0,0,1,0
44,28,170.4144287109375,94318,2,6.083214507067989,1,0,0,0,0,0,0
37,23,119.87528228759766,94259,3,1.756091720630193,2,0,1,0,0,1,0
45,11,86.138671875,94329,3,0.3368133536753133,2,0,0,0,0,0,0
31,15,79.19034576416016,95146,2,3.791248538810184,3,0,0,0,0,0,0
32,19,87.83269500732422,92202,3,1.272497936473457,3,0,1,0,0,0,0
51,21,60.522491455078125,95704,4,0.5626235506405142,1,124,0,0,0,1,0
48,20,60.131649017333984,91889,4,2.8844542658671903,1,0,1,0,0,0,0
51,30,40.2855339050293,92154,4,2.26421460759532,3,115,0,0,0,0,0
62,37,60.72587203979492,90008,3,1.7300502131714603,1,0,0,1,0,0,0
31,5,46.31120681762695,92335,2,1.0176334057367404,1,0,1,0,0,0,0
49,20,71.80986785888672,94520,2,4.089308506633555,1,471,0,1,1,1,0
55,30,182.46958923339844,95482,1,0.9663148722905304,2,0,0,0,0,0,1
51,23,131.13836669921875,93366,2,1.6470042712177553,3,476,1,0,0,0,0
35,3,134.84817504882812,94313,2,1.9359265893660984,3,397,1,0,0,0,0
27,0,122.8260498046875,92432,2,7.658440623329441,1,0,0,0,0,0,0
44,25,92.52904510498048,94650,2,1.8001417772865358,3,332,0,0,0,1,0
59,31,30.6125545501709,92735,3,1.6967009418818808,1,134,0,1,0,1,0
28,1,53.88517761230469,93379,4,0.6497257460505825,2,207,0,0,0,1,0
35,7,131.7327117919922,95330,3,4.887592206383102,1,0,1,0,0,0,0
35,2,78.94310760498047,94180,2,2.013821407368667,2,0,1,0,0,0,0
42,25,140.29930114746094,94668,2,1.6715983529672596,1,248,0,0,0,0,0
34,13,56.04015350341797,92078,2,2.8409939725773445,1,0,0,0,0,1,0
39,16,34.974700927734375,93239,3,0.2243813454760591,1,0,1,0,0,1,0
26,-1,131.01895141601562,92244,2,3.6884557100168474,2,0,0,1,1,1,1
40,22,177.57676696777344,93940,2,2.642844512649705,1,0,0,0,0,1,0
56,27,99.2709503173828,91242,2,1.4439573221377713,3,0,0,0,0,0,0
53,29,106.05587768554688,94604,4,2.2069629845982885,2,0,0,1,1,0,1
51,23,166.10589599609375,94305,1,4.321075236057897,2,0,0,1,1,1,1
35,8,145.11337280273438,90323,1,0.8682818662365996,1,144,1,1,1,1,1
30,6,25.75202369689941,90009,2,0.2239753012010333,1,0,1,0,0,1,0
29,7,112.04842376708984,93975,2,1.855305042340289,1,0,1,0,0,1,0
63,40,35.36646270751953,91445,1,0.0317928441300755,3,0,0,0,0,1,0
61,35,122.41893005371094,95370,4,3.945625069473585,2,0,0,0,0,1,0
31,20,108.55023956298828,91407,1,1.8072615614100136,1,0,0,0,0,1,0
37,18,24.29033851623535,95711,2,1.4296467905956354,1,0,0,0,0,0,0
28,2,18.311843872070312,94109,3,2.2750304528772185,2,0,0,0,0,0,0
39,18,70.74182891845703,96205,3,1.7718030027462242,2,0,0,0,0,0,0
64,39,21.41326332092285,94260,3,0.4947239635993847,2,0,0,0,0,0,0
55,25,107.0395278930664,95297,2,1.6828757547237678,1,215,0,1,0,0,1
42,15,194.72645568847656,94378,2,3.0680719775943484,1,391,0,1,0,1,0
51,21,46.673583984375,94579,3,1.1100790790482318,2,0,1,0,1,1,0
60,36,64.62474060058594,95130,3,0.8420040722845193,1,0,0,0,0,1,0
57,31,62.90607070922852,92738,4,1.9527600619241925,3,0,0,0,0,1,0
57,28,53.52489471435547,94254,1,0.0734435085389711,1,0,0,0,0,1,0
41,22,123.07536315917967,95814,2,3.5577295575788206,1,0,0,0,0,0,0
45,28,98.419189453125,93038,2,3.131860645430972,1,0,1,0,0,0,0
65,41,156.76437377929688,91813,2,3.511007944871856,1,192,1,0,0,1,0
60,35,87.79203033447266,95650,3,2.123521719492432,2,0,0,0,0,0,0
47,26,42.40536880493164,95494,1,0.1358097704968399,2,0,0,0,0,1,0
60,23,56.5989990234375,91690,1,2.020753286308275,2,119,0,0,0,1,0
29,11,172.0596466064453,95390,1,5.800194141820524,2,0,0,0,0,1,1
56,21,28.452369689941406,93224,4,0.1853849181665018,1,100,0,0,0,0,0
59,38,61.23495101928711,90095,4,0.916655473754129,3,0,0,0,0,0,0
28,6,86.32876586914062,93313,4,2.454003883002573,1,0,1,0,0,1,0
30,9,51.26774215698242,94538,1,0.1035204635262114,1,118,1,0,0,1,0
53,34,87.41728973388672,95882,3,2.339156461201538,1,0,0,0,0,0,0
40,16,63.562461853027344,91586,3,0.9848213032816628,2,0,1,0,0,1,0
43,18,75.76615905761719,94904,2,1.775756980635186,1,401,0,0,0,0,0
59,33,42.7200813293457,94726,1,0.8980323974965633,1,75,0,0,0,1,0
58,39,40.84623336791992,89993,4,2.484654977751038,1,0,1,0,0,1,0
41,13,57.95542526245117,93054,1,2.0366947682610097,3,0,0,0,0,1,0
62,37,85.30207824707031,90901,2,2.590173602533841,1,0,0,0,0,0,0
60,38,49.437156677246094,90813,2,0.4113400617372056,1,0,0,0,0,0,0
45,21,24.39808654785156,96169,1,1.3807399418639594,3,0,0,0,0,0,0
57,33,58.596954345703125,90236,1,2.3136760656065847,2,0,1,0,0,1,0
40,15,34.16630554199219,94288,1,2.365331250591202,1,0,0,0,0,1,0
64,39,40.9326286315918,91615,3,0.3793699606987931,2,87,0,0,0,0,0
37,18,82.04722595214844,92865,4,1.8029862140274215,3,0,0,0,0,1,0
51,30,63.64339828491211,91276,2,0.5610397400886473,3,107,0,0,0,0,0
37,13,76.41777801513672,94105,4,1.3974726945644962,1,0,1,0,0,0,0
46,30,65.30892944335938,94242,4,1.0154212227722574,3,100,0,0,0,1,0
59,30,64.58872985839844,95097,1,1.889572583134365,3,421,0,0,0,0,0
31,5,69.2489013671875,95044,3,1.5301214122478146,1,154,0,0,0,0,0
30,4,83.1714859008789,91988,1,1.0414274595303696,3,0,0,0,0,1,1
41,10,185.03323364257807,94275,2,6.07433339525232,1,0,0,0,0,0,0
39,20,87.06401062011719,89933,1,1.157645204540983,1,0,0,0,0,0,0
57,32,69.73892211914062,94002,2,0.5843132557129547,3,0,1,0,0,1,0
60,31,73.70276641845703,91022,4,6.951843271100418,1,0,0,0,0,1,0
26,5,26.491315841674805,94503,3,2.726900584881949,2,0,0,0,0,1,0
29,6,146.2889862060547,92178,2,2.6714577295289628,1,0,0,0,0,0,0
41,11,10.664308547973633,94210,4,0.0183115411898095,1,173,0,0,0,1,0
57,36,39.243141174316406,92648,1,0.7878462624097009,1,0,0,0,0,0,0
51,27,95.22396087646484,90698,4,5.137066128403618,1,0,0,1,0,0,0
50,25,40.0632209777832,95867,1,2.5639012414284945,1,173,0,0,0,1,0
43,24,154.13136291503906,91138,1,5.441850034894991,3,0,0,0,0,1,1
60,33,120.17819213867188,95986,4,3.220542709294165,3,0,0,0,0,0,0
45,20,32.31475067138672,91710,3,1.8791840537878024,2,309,1,0,0,1,0
48,34,33.2257080078125,89926,3,0.1470172541517078,3,0,0,0,0,0,0
38,11,95.28175354003906,94342,1,1.0468740221827313,1,0,0,0,0,0,0
44,17,20.603347778320312,96024,3,0.5654510517132694,1,103,1,0,0,1,0
60,38,41.02565002441406,91895,2,2.729731911527232,3,96,0,0,0,0,0
40,22,15.171778678894045,95544,2,0.8580829570504278,3,0,0,0,0,0,0
57,32,83.69884490966797,93154,4,1.821003520272216,1,0,0,0,0,1,0
41,13,24.556507110595703,95146,3,1.3058558584795088,2,0,0,0,0,1,0
39,15,131.91372680664062,90234,2,0.8300537913261731,1,100,0,0,0,1,0
51,27,73.90312957763672,95418,3,0.897082538766046,2,176,0,0,0,1,0
30,7,67.17999267578125,92111,1,1.939665859825543,2,0,1,0,0,1,0
50,33,115.62947845458984,95847,2,6.548252575204165,1,0,0,0,0,0,0
41,26,38.386749267578125,92002,1,0.496859498228843,1,98,0,0,0,0,0
39,15,172.39088439941406,91808,1,4.81972018042774,1,0,0,1,0,0,0
59,28,33.64751434326172,94590,4,0.9127654124544672,2,0,0,0,0,1,0
30,6,59.25540542602539,94643,4,0.2469000169195505,2,0,0,0,0,0,0
48,21,38.18787384033203,90302,1,0.9626597698769018,3,0,0,0,0,0,0
61,34,35.28593444824219,91185,2,1.7045816778103615,2,0,0,0,0,0,0
42,24,35.81565856933594,90229,1,0.7174316694378488,2,0,0,0,0,0,0
41,18,56.58854675292969,93914,2,0.8206635706843416,3,0,0,1,0,1,0
49,25,125.32435607910156,93013,2,0.7097952978839657,1,0,0,1,0,1,0
24,1,40.47180938720703,95466,4,2.297306550007237,3,0,0,0,0,1,0
49,26,59.82735443115234,93863,2,0.0454245844911999,3,0,1,0,0,1,0
39,22,182.5242156982422,92318,2,4.2596501838472935,1,0,0,0,0,1,0
53,23,116.13202667236328,94766,1,4.560711338852769,3,100,0,0,0,1,0
61,33,49.73408126831055,91540,1,4.245270269021351,1,0,1,0,0,0,0
53,36,61.29039764404297,92955,4,2.6442872704690155,3,0,0,1,1,1,0
50,35,36.90509796142578,91270,3,0.5706094841717965,2,0,0,0,0,0,0
29,5,67.50244903564453,92480,3,0.7006670114716846,2,0,1,0,0,1,0
25,0,25.572185516357425,92114,3,2.237206877100162,2,0,0,0,0,1,0
61,35,171.66571044921875,90467,4,7.787104224055814,2,0,0,0,1,1,1
58,31,119.7491455078125,91818,1,0.6578954468261404,1,0,0,0,0,1,0
34,9,41.86635971069336,94298,4,1.2245847984559142,2,0,0,0,0,0,0
47,17,84.1803970336914,95322,4,2.4134310092347526,3,155,0,0,0,0,0
55,29,127.27865600585938,94619,3,2.1123523737604537,1,378,1,0,0,0,0
26,11,137.5064239501953,94448,3,2.839427317434866,1,0,0,0,0,0,1
32,6,80.99749755859375,94753,4,0.8273927663744636,2,171,0,0,0,0,0
61,36,77.61234283447266,92472,2,0.8585531586523467,2,0,1,0,0,1,1
28,8,31.739410400390625,92901,1,1.902487865389697,2,0,0,0,0,1,0
38,16,87.95563507080078,92328,2,2.5397876518582265,2,0,0,0,0,1,1
34,9,35.558597564697266,91185,1,2.3611193721569577,1,0,1,0,0,1,0
65,39,61.615570068359375,91603,3,1.235412833138745,2,0,0,0,0,0,0
43,12,209.2911834716797,92680,2,3.3783762808129723,1,0,0,0,0,0,0
40,26,165.6092529296875,89952,1,1.091682573973168,1,150,0,0,0,0,0
65,36,165.80206298828125,91888,3,1.3145743464988042,1,0,0,0,0,1,0
37,13,35.09334182739258,95128,1,0.1425341408608194,3,152,0,0,0,0,0
60,34,113.64691925048828,92198,4,4.933403738161148,1,149,0,0,0,1,1
60,37,102.85753631591795,92000,4,1.259667642817861,3,257,0,0,0,0,0
45,31,26.30860710144043,92175,1,2.1421682362703014,3,0,0,1,0,0,0
41,3,134.7632293701172,92245,2,4.172602044434166,1,0,0,0,0,0,1
29,2,23.021404266357425,93552,4,0.7223870210801006,2,0,0,0,0,1,0
34,9,24.363208770751957,92216,3,0.2055081178994162,3,0,1,0,0,1,0
64,38,27.26947021484375,92920,4,0.58814777316661,2,0,0,0,0,0,0
55,32,198.7501220703125,91785,2,2.2388561218791265,1,0,1,0,0,1,0
51,34,140.45948791503906,94153,3,2.33132294098882,2,0,0,0,0,0,1
52,28,145.68743896484375,92202,3,4.372708896474458,1,238,0,0,0,0,1
32,3,30.374753952026367,92073,2,1.3253747084549463,3,126,0,1,0,0,0
32,22,28.01409912109375,93293,3,1.9050025163215167,2,0,1,0,0,0,0
56,30,115.04754638671876,92161,1,0.1053761890830004,1,0,0,0,0,1,0
55,26,140.16867065429688,94700,1,2.3387107808265526,1,0,0,0,0,0,0
66,39,47.34012222290039,94927,2,1.521039571694195,3,108,0,0,0,0,0
37,7,38.81048583984375,94987,2,0.3354162621876177,3,0,1,0,0,0,0
65,38,25.51340103149414,92842,1,0.0400168867191814,1,0,0,0,0,1,0
60,29,11.16557502746582,96333,1,1.2366846104896223,2,0,0,0,0,1,0
63,38,154.99871826171875,90000,2,6.763057635489243,1,0,1,0,0,0,0
51,28,24.665098190307617,94461,2,1.6394135980003128,3,0,1,0,0,1,0
60,34,77.08738708496094,94560,2,0.6027462262886043,2,120,0,0,0,0,0
47,22,42.90156173706055,91643,2,0.6159378646732924,1,0,1,0,0,0,0
64,38,35.0202522277832,94170,4,0.3729912121686826,2,0,0,0,0,1,0
57,30,88.36192321777344,96313,2,2.4405933216847533,3,428,0,0,0,1,0
38,11,26.720478057861328,94249,3,0.0370336410266932,3,99,0,1,0,1,0
29,4,68.63066101074219,93890,4,0.0705099397575784,3,0,0,0,0,1,0
62,33,56.21230697631836,91793,2,1.350539000126617,3,0,1,0,0,1,0
53,28,66.87615203857422,91824,3,0.458975882191172,1,0,1,0,0,0,0
61,34,128.35997009277344,90163,2,2.4919665784906595,1,0,0,0,0,0,0
61,31,48.38948440551758,93273,2,1.5900697727603672,3,0,0,0,0,0,0
51,35,43.55400848388672,94061,3,1.9466932524134988,3,152,0,0,0,1,0
64,41,25.022106170654297,89964,4,0.1372585675214578,1,0,0,0,0,0,0
53,26,69.23373413085938,94599,3,3.794264845713797,3,157,1,0,0,1,0
38,5,197.18116760253903,92779,2,2.961809047423375,1,0,0,0,0,0,0
59,39,41.623836517333984,94719,1,1.9755392879322249,3,297,1,1,1,1,0
43,16,49.63658142089844,93012,1,0.3716353672353162,3,0,0,0,0,1,0
45,15,148.96339416503906,90253,2,8.636909787615323,1,0,0,0,0,1,0
60,34,59.78244018554688,94775,4,1.5800805462074503,2,0,1,1,0,0,0
56,23,152.66925048828125,91346,1,3.3366831706123894,1,280,0,0,0,1,0
36,19,27.00010681152344,93893,4,1.8741039086340048,2,0,0,0,0,1,0
44,14,111.6310806274414,95332,1,5.78073322411068,1,0,0,0,0,1,0
30,3,34.866844177246094,93881,4,2.015139036648512,1,174,1,0,0,1,0
40,5,46.86864471435547,92119,4,1.6373627437826437,3,0,0,1,0,0,0
61,29,31.68837547302246,91781,2,0.5236585038609818,2,0,0,0,0,1,0
45,16,62.8116340637207,96219,2,3.59278443158879,1,0,0,0,0,1,0
40,15,176.6746368408203,90915,1,8.226067184219733,1,0,0,0,0,0,0
59,36,43.32233810424805,94376,1,2.01504212091979,1,0,0,0,0,0,0
60,37,52.83695983886719,94491,2,2.281551798306903,2,0,1,0,0,1,0
45,24,72.31494903564453,91177,2,2.1352439696861745,1,0,1,0,1,1,0
41,16,47.28923416137695,94873,4,2.467638705959436,2,0,0,0,0,0,0
36,10,31.678422927856445,92471,3,0.8079019465621843,1,0,0,0,0,1,0
54,28,33.917137145996094,94119,4,0.4324326511148564,3,0,0,0,0,1,0
54,15,127.34947967529295,92640,4,3.610477986841704,1,0,1,0,0,0,1
57,23,46.30281448364258,94185,4,1.915752756149424,3,0,0,0,0,1,0
52,29,64.48809814453125,95059,2,0.0455210988884778,1,0,0,0,0,1,0
40,21,104.10397338867188,95605,1,1.7039777175683335,2,0,0,0,0,0,0
57,27,14.744894981384276,93194,1,0.7334941375327293,1,168,1,0,0,0,0
39,19,122.05379486083984,92295,1,2.630962208804553,1,0,1,0,0,1,0
35,9,170.76531982421875,94528,2,2.473654102444228,1,0,0,0,0,0,0
60,24,25.435760498046875,95373,4,0.7100714621252349,2,0,0,1,0,0,0
44,18,115.19929504394533,92938,4,1.9015463544495392,3,0,0,0,0,0,0
49,25,31.156248092651367,93745,1,2.9910281232424003,2,0,1,1,1,1,0
58,24,59.32148361206055,94245,2,1.981523080292752,2,0,0,0,0,0,0
45,8,101.93355560302734,96260,1,1.1139097838666396,2,0,0,0,0,1,0
47,26,87.03352355957031,95109,2,2.264990864689054,1,0,1,1,1,1,0
48,19,69.06710052490234,91803,2,2.526748966072172,1,0,0,0,0,0,0
45,25,24.06280517578125,90001,2,2.2952063093346213,2,0,0,0,0,0,0
37,13,74.32462310791016,94141,4,3.0886898344484384,1,0,0,0,0,1,0
38,10,88.70660400390625,94103,2,1.6284528218393857,2,311,0,0,0,1,0
32,2,130.076904296875,90035,2,1.593456627783261,1,0,0,1,0,0,0
47,21,131.22935485839844,94760,2,2.0435155915561705,1,0,0,0,0,1,0
44,26,38.20763397216797,94853,3,2.2697081767712084,1,0,0,1,0,0,0
60,34,26.806596755981445,94426,2,1.0644517467480952,3,175,0,0,0,1,0
46,21,145.0072479248047,91751,1,0.3839622225253347,2,0,0,0,0,1,1
33,10,63.824337005615234,91085,4,2.212215700920963,1,0,1,0,0,1,0
57,30,88.94131469726562,94515,4,1.8567548192136392,2,0,0,0,0,0,0
59,35,63.28650665283203,95260,4,0.6388859721733348,3,222,0,0,0,1,0
56,25,49.89638519287109,92988,4,0.7770182778193186,2,126,0,0,0,1,0
35,10,115.63845825195312,92932,4,0.3144845598182819,1,0,0,0,0,1,0
43,15,49.48383331298828,91900,4,1.1258423581175303,1,0,0,0,0,1,0
56,24,54.94955825805664,95621,2,0.8133681904645028,3,0,1,0,0,0,0
39,16,76.39576721191406,94947,1,2.210200880732996,1,185,0,1,0,0,0
28,8,36.16656112670898,95982,3,0.8914580981400084,1,229,0,0,0,1,0
51,31,65.37017822265625,91130,2,0.2704276154864893,1,0,0,0,0,1,0
29,2,133.92901611328125,94945,1,1.8720728122362893,1,0,0,0,0,0,0
60,29,77.9788818359375,90480,4,1.8752510236813449,3,0,0,0,0,1,0
45,29,202.419677734375,92670,4,4.969726194268381,3,166,0,0,0,1,1
42,16,146.0777587890625,91609,1,3.4652072389956325,3,0,0,0,0,0,1
45,25,78.00170135498047,90262,1,2.636199370186443,1,0,0,1,0,1,0
48,30,35.09764862060547,92248,3,2.0623883518808723,2,0,1,0,0,1,0
55,37,85.92646789550781,94432,3,0.7227746295732147,3,169,0,0,0,1,1
43,21,35.27812957763672,90176,4,0.3071272382520087,1,0,0,1,0,0,0
36,13,60.904144287109375,96040,3,0.7370735022742958,3,0,0,0,0,1,0
29,4,143.34194946289062,92249,4,3.931322303995844,1,0,1,0,0,1,0
62,34,101.71202850341795,90619,3,0.7007795448691267,2,0,0,0,0,1,0
39,10,90.39403533935548,94516,2,2.3052163157163994,1,0,1,0,0,0,0
47,28,60.491024017333984,94294,4,1.6311445694310742,3,0,0,0,0,1,0
59,37,41.69789123535156,92590,2,0.2763205683711917,1,0,1,1,0,1,0
61,36,121.9587631225586,95357,1,2.4469092734125777,1,0,0,0,0,0,0
55,27,47.54598617553711,89960,2,0.0436351997507356,3,0,0,0,0,0,0
36,5,169.6384735107422,94314,2,1.3735143898332782,1,0,1,0,0,1,0
54,26,125.4441375732422,90886,1,4.583364972052763,3,0,0,0,0,1,0
55,34,57.07870864868164,90496,1,0.7724347361443873,1,0,0,0,0,0,0
59,35,39.8162841796875,95671,2,0.3472796725347555,1,0,0,0,0,0,0
51,20,19.589731216430664,92133,3,0.2757867581156262,2,132,0,0,0,1,0
55,23,33.61088562011719,92905,4,0.3635676678960455,2,117,0,0,0,0,0
46,18,46.012786865234375,90295,4,5.023351165111689,1,0,0,0,0,0,0
44,26,154.67709350585938,92280,4,4.858204187891237,2,0,1,0,0,1,1
45,15,93.91961669921876,91451,2,1.9653785435987792,2,0,0,0,0,1,1
38,11,97.15110778808594,94082,1,2.6722234894206243,3,107,0,1,0,1,1
59,39,55.7329216003418,94784,4,1.8273588049738032,2,0,1,0,0,0,0
64,33,14.609886169433594,92062,2,0.6438548114688005,3,165,1,1,0,1,0
64,40,39.4730110168457,95668,3,0.1896573018442243,3,0,0,0,0,1,0
31,3,62.30176162719727,93041,4,2.84413523555712,3,0,0,0,0,1,0
39,7,60.74532318115234,94303,1,1.4866242469029585,1,219,0,0,0,1,0
58,40,36.29091644287109,90089,1,1.2875057457281422,3,0,1,1,0,1,0
57,29,94.86629486083984,94057,4,3.812893117980751,1,0,0,1,0,1,0
62,34,192.38705444335935,92909,1,0.5711669254488163,1,0,1,0,0,0,0
60,31,153.43238830566406,94454,4,2.149119836123848,2,0,1,1,0,0,0
47,14,91.99224853515624,95125,2,7.01910066946392,1,226,0,0,0,0,0
28,3,59.760250091552734,94174,2,0.2923517334954671,1,0,0,0,0,1,0
59,32,32.625736236572266,92260,4,0.1120642981673548,1,0,0,0,0,0,0
29,6,39.25269317626953,94249,4,1.079135063876853,1,164,0,1,0,1,0
54,20,38.25006103515625,94310,2,0.8201545627475891,2,135,0,1,0,1,0
47,28,168.363037109375,94908,1,7.878256244787252,1,227,0,0,0,1,0
54,20,141.38299560546875,95282,2,1.804601224656604,2,0,1,0,0,0,1
47,8,22.449373245239254,95260,3,0.1909703014186372,2,0,0,0,0,0,0
45,17,9.866643905639648,92709,1,0.5926516567916826,1,0,0,0,0,1,0
48,35,82.48152923583984,93178,3,0.5393228805610035,2,0,1,0,0,1,0
51,19,63.84105682373047,95286,4,0.6784157732023218,1,0,0,0,0,1,0
58,38,53.670841217041016,94337,4,1.686367740207415,1,0,0,0,0,1,0
49,19,103.85305786132812,92204,3,3.7632174926577737,1,0,0,0,0,0,0
59,35,54.64569091796875,94600,3,0.4260811706218597,1,0,1,0,0,1,0
59,32,14.329992294311523,96390,4,1.903105266040387,2,0,0,0,0,1,0
52,31,57.59366226196289,93240,3,1.99903666439192,2,0,0,0,0,1,0
53,14,31.65616226196289,95105,4,2.222063509302769,1,0,0,0,0,1,0
28,18,65.86244201660156,95098,3,1.5560742454420076,2,0,0,1,0,1,0
41,34,14.974855422973633,95774,4,0.2981581374918886,2,128,0,0,0,0,0
62,41,19.741039276123047,94196,4,0.9058405566492328,2,0,0,0,0,1,0
63,24,33.24000930786133,90449,1,1.650830689229925,3,0,0,0,0,0,0
52,24,99.88629150390624,92852,1,1.3462007940090164,1,129,1,0,0,1,0
64,36,31.333236694335938,93935,1,1.0457307177118564,1,0,0,1,0,0,0
34,11,150.57662963867188,89847,2,1.6795914683267237,1,0,0,0,0,1,0
39,21,194.5991668701172,95676,2,7.414350826505884,1,162,1,0,0,1,0
28,1,70.75569152832031,93962,2,0.2092368493929034,1,128,0,0,0,0,0
41,10,59.13282775878906,90690,2,2.430067582643896,1,0,0,1,0,1,0
42,27,66.10194396972656,94444,2,3.2705909393622825,3,0,0,1,0,1,0
55,26,41.0544319152832,94030,1,1.50351438539561,2,0,1,1,0,0,0
56,28,15.204383850097656,92197,2,0.0714038636596001,2,0,0,0,0,1,0
43,19,59.38317108154297,92127,4,1.035744683932776,2,0,0,1,0,1,0
26,-1,64.71694946289062,91679,4,0.8768180983243326,3,0,0,1,0,1,0
42,20,88.03848266601562,94318,2,6.070901054285554,3,0,0,0,0,0,0
46,20,68.52128601074219,93472,2,1.6286864693265293,1,0,0,0,0,0,0
62,35,26.462303161621094,91935,2,0.2548511165326566,2,0,0,0,0,1,0
58,35,11.373841285705566,94126,2,0.0889997919333791,3,54,1,0,0,0,0
42,15,45.989444732666016,95001,1,0.1721062303360949,3,0,0,0,0,1,0
30,3,33.31945037841797,93966,1,0.2704159614707047,3,0,0,0,0,0,0
50,30,35.28587341308594,93109,1,0.6485190217825565,3,172,0,0,0,1,0
34,3,49.23374176025391,94359,4,1.005599563853216,3,166,0,0,0,0,0
53,19,33.279754638671875,94358,3,1.0319471029989429,3,0,0,0,0,0,0
28,4,191.0679473876953,93798,1,6.790604732908958,3,499,0,0,1,1,1
48,19,90.26622772216795,92726,3,1.272574370012088,3,0,1,0,0,1,1
31,7,64.62437438964844,93799,4,2.1719168134341205,1,0,0,0,0,1,0
49,31,98.51976776123048,94594,1,1.7468287346561155,1,0,0,0,0,1,0
42,8,15.179747581481934,91022,4,0.2835488682766132,2,83,1,0,0,1,0
44,14,15.89559555053711,92599,3,0.9741153735632304,1,156,0,0,0,0,0
29,8,85.70577239990234,90313,2,0.398969195361033,3,0,0,0,0,0,0
58,27,59.84927368164063,94225,4,1.3646762844968348,2,0,1,0,0,1,0
56,37,55.82707977294922,95227,3,2.876794070648838,2,0,0,0,0,1,0
53,19,105.46595764160156,94718,4,1.5303732182945269,2,0,0,0,0,1,0
39,11,191.15647888183597,90004,2,1.760668706614629,1,0,0,0,0,1,0
33,5,127.3381118774414,92017,1,4.817883173033156,1,416,1,1,1,1,0
47,16,50.39637756347656,92653,4,1.325767841613284,1,97,1,0,0,0,0
28,1,64.08837890625,94161,4,1.8991981758783307,2,95,0,0,0,0,0
51,28,77.30521392822266,93936,1,0.9734144989415656,2,0,0,0,0,1,0
62,38,37.91224670410156,93719,4,0.8377056108100862,3,100,0,0,0,0,0
41,19,119.67807006835938,91982,1,1.8363313229293343,1,0,0,0,0,1,0
33,6,26.546161651611328,92157,4,0.3609475048520009,1,0,0,0,0,0,0
52,34,14.668806076049805,90258,1,2.520755719788802,2,0,0,1,0,1,0
53,27,55.38784790039063,90083,2,0.3717534614017748,1,0,0,0,0,0,0
58,32,21.344301223754883,95762,1,0.3396332939588806,1,155,1,0,0,1,0
43,26,162.98208618164062,91818,2,5.65440428809889,3,0,0,0,0,0,1
63,38,14.455815315246582,90067,3,0.6895746566990762,2,151,1,0,0,1,0
53,18,12.714550971984863,91333,3,0.2017802655856612,3,154,0,0,0,0,0
60,31,33.921913146972656,93538,1,2.616264663430236,1,0,0,0,0,1,0
60,34,40.07320022583008,92722,4,0.0241395519982868,2,0,0,0,0,0,0
46,25,87.33160400390625,94286,2,2.182832295145888,1,0,1,1,0,0,0
61,33,47.220611572265625,92343,2,0.1109146957742985,2,0,0,0,0,0,0
54,22,29.136938095092773,94429,3,0.906298319387938,3,101,1,0,0,0,0
27,9,123.76641082763672,90123,1,2.614289575593237,1,0,0,0,0,1,0
56,32,46.92594528198242,90483,4,0.5796413336902252,2,0,0,0,0,0,0
66,40,34.33317947387695,95957,4,0.045295664180234,1,0,1,0,0,1,0
30,8,26.44247055053711,94375,3,1.0130625046080015,2,0,0,1,0,1,0
49,22,19.20806312561035,90492,1,0.696588153483227,1,0,1,0,0,1,0
58,25,40.57338333129883,92965,4,1.4988635794178775,3,185,1,0,0,1,0
40,16,66.824462890625,94529,3,2.2701139279504807,1,0,0,0,0,0,0
52,26,15.442621231079102,94866,4,0.1730578211274984,2,0,1,0,0,1,0
65,36,98.5143051147461,90184,1,2.1997322606370417,1,0,0,0,0,0,0
42,16,78.0914535522461,92683,3,2.1695016634830644,2,0,1,0,0,0,0
62,31,23.55816650390625,91790,1,0.9759457644646656,1,129,0,0,0,0,0
49,16,81.83953094482422,95429,1,1.9377831750064136,1,0,0,1,0,1,0
53,33,49.64352798461914,89947,4,0.0339181667024687,1,122,1,0,0,1,0
58,31,15.017000198364258,92741,4,0.3917300033955949,2,0,0,0,0,0,0
47,27,34.74836730957031,94423,3,0.7933008686698403,2,132,0,0,0,0,0
30,4,72.10852813720703,94120,1,0.5809012251520335,3,0,0,0,0,0,0
37,11,42.12156677246094,94121,2,1.734840833229843,2,0,0,0,0,1,0
43,13,62.88694381713867,94819,3,2.9424556098103665,1,0,0,1,1,0,0
42,27,27.475078582763672,92205,2,0.4256964545958949,2,0,1,0,0,1,0
32,2,44.49013900756836,94817,4,1.565986151727332,2,0,1,0,0,1,0
58,36,51.45248031616211,94000,4,0.4997301870445654,3,127,0,0,0,0,0
44,16,9.715283393859863,95919,3,0.2330191105098529,1,0,1,0,0,0,0
55,31,96.00725555419922,94904,4,1.898878029255901,1,0,0,0,0,0,0
28,2,104.49006652832033,95264,3,3.5108756573269693,2,0,0,0,0,0,1
50,26,44.19622039794922,89765,2,1.9017405134453809,1,125,1,0,0,0,0
51,21,31.432846069335938,95651,3,0.0492413446694379,2,0,0,0,0,1,0
24,1,16.45069122314453,92169,2,0.1423565856295517,2,99,0,0,0,0,0
29,3,58.15938186645508,94206,1,1.90912237147771,2,0,0,0,0,0,0
41,20,46.5696907043457,92564,1,1.724754808722913,3,0,0,0,0,0,0
51,24,28.72335433959961,95390,4,1.9535877083966564,2,0,0,0,0,0,0
54,27,40.95082092285156,94309,1,0.9526163242171944,3,154,1,0,0,1,0
63,36,24.665607452392575,94919,2,1.3231407079281976,3,0,0,0,0,0,0
44,24,58.87677764892578,92782,4,1.8084619488853,2,0,1,1,0,1,0
36,16,33.38728332519531,94262,4,0.582188392116841,2,102,0,0,0,0,0
57,37,98.34964752197266,92367,2,1.5902469062372306,3,0,1,0,0,0,0
56,26,100.91010284423828,94511,2,5.592885671038999,1,0,1,0,0,0,0
55,33,133.53204345703125,94813,2,1.187142302493764,1,0,0,0,0,1,0
56,5,28.721410751342773,92084,3,1.1642205370822585,3,0,0,0,0,0,0
26,8,67.12726593017578,93660,2,2.627665134558999,1,396,0,0,0,0,0
30,11,140.40582275390625,94113,1,2.0794594617775406,1,400,0,0,0,0,0
42,15,202.3822021484375,89890,1,2.49076949202538,1,0,0,0,0,0,0
30,18,50.978271484375,95622,4,0.2817908246654944,1,0,1,0,0,1,0
55,22,131.85353088378906,95251,1,2.952617019056364,1,0,0,0,0,1,0
34,7,170.0262908935547,90218,2,1.0307204695953185,1,568,0,0,0,0,0
63,37,34.529937744140625,92706,4,0.8770327204451412,2,148,0,0,0,0,0
42,16,60.636940002441406,94581,1,1.1893970490010393,1,403,0,0,0,0,0
45,10,117.56098175048828,95360,2,1.3451558561598105,3,257,1,0,0,0,0
42,12,79.46742248535156,94753,3,2.0819356066595525,2,0,0,1,0,1,0
62,40,34.87797546386719,94062,3,1.5898193030516672,2,123,0,0,0,0,0
32,17,92.16048431396484,92191,2,6.315969534980543,1,118,0,0,0,1,0
48,10,40.18092727661133,92774,4,1.5484334768309491,3,0,0,0,0,0,0
59,38,25.253082275390625,93247,4,2.2062653962595977,3,0,0,0,0,1,0
46,19,34.840335845947266,92826,3,0.7422275658080303,2,0,0,0,0,1,0
47,19,79.8135986328125,92103,1,0.2275275064291618,1,181,0,0,0,0,0
59,37,25.15629005432129,95021,3,1.159206328711751,1,0,0,0,0,1,0
32,8,28.28653717041016,94847,3,0.7201851353697987,2,0,0,0,0,1,0
30,6,128.82489013671875,94304,1,0.2338338040368892,1,359,1,1,1,1,0
44,19,41.895729064941406,95405,1,2.507210388851526,2,0,0,0,0,1,0
64,38,99.00074768066406,91595,2,2.8578446661214563,3,115,1,0,0,0,0
48,20,54.9896240234375,92322,1,0.687381477407246,3,0,1,0,0,0,0
33,7,162.73390197753906,90255,1,5.427098077819191,1,0,0,0,0,1,0
50,17,88.65531921386719,92822,4,0.6034984147455897,1,0,1,1,1,1,0
60,36,37.25066757202149,95511,2,5.750626815839189,1,0,0,1,1,1,0
43,21,46.04691696166992,94895,1,0.7737963162706811,1,0,0,0,0,1,0
25,1,84.4275894165039,95410,4,1.1203712391099838,1,0,0,0,0,0,0
50,23,28.857223510742188,94905,1,2.5212034976619355,2,154,1,0,0,1,0
29,4,100.7251434326172,90870,2,2.526590021717097,3,0,0,0,0,0,0
41,11,37.89443588256836,90341,4,0.5969843793108749,2,0,0,0,0,1,0
52,17,87.93763732910156,93071,2,3.3747665466057053,1,0,1,1,0,0,0
61,35,64.16895294189453,94990,4,1.8140020191197548,2,0,0,0,0,1,0
36,12,143.62098693847656,92257,2,2.8120389916709705,1,0,0,0,0,1,0
63,37,128.18569946289062,94444,2,3.3076947876318084,1,0,1,0,1,1,1
60,38,142.6709747314453,96199,2,2.1136370814215635,1,0,0,0,0,0,0
53,28,72.16242980957031,93243,2,0.0272275957213347,2,0,0,0,0,1,0
53,24,64.60203552246094,94381,4,2.64434524278319,2,0,0,0,0,0,0
40,20,118.71295166015624,92469,1,0.7081325186344075,3,0,1,0,0,0,0
50,33,36.16372299194336,96170,3,1.2488783744265186,2,0,1,0,0,1,0
46,25,103.16910552978516,92014,1,5.369807490832037,1,0,0,0,0,0,0
29,4,24.689044952392575,95500,4,0.2027762980730352,2,0,0,0,0,1,0
63,37,53.61891174316406,92976,4,0.4273977650645112,3,0,1,1,1,0,0
43,11,67.35942840576172,92938,1,2.967599008843202,3,103,0,0,0,1,0
59,34,76.74767303466797,89951,2,0.3717125171377709,1,0,0,0,0,0,0
27,2,129.88540649414062,92686,1,3.613880879025922,3,0,0,0,0,0,1
42,18,131.17913818359375,94322,3,1.7005627780343486,1,0,0,0,0,1,0
30,8,146.947265625,95174,1,3.550099655038512,3,101,0,0,0,0,1
49,36,76.61189270019531,92219,3,2.113101754979737,3,157,0,0,0,1,0
47,21,103.4423599243164,95052,1,1.5138387580284556,1,0,0,0,0,1,0
56,12,50.087162017822266,95133,2,1.6630176922469906,2,0,0,0,0,1,0
29,6,81.49812316894531,90142,4,1.7672863710969484,2,0,0,0,0,1,0
32,7,31.685104370117188,92824,3,0.7134245647569167,1,0,0,0,0,1,0
38,20,42.33121871948242,95176,2,0.4903050937669581,3,0,1,0,0,0,0
27,2,71.0824203491211,94466,4,0.2737474437427102,2,0,0,0,0,0,0
29,4,10.876675605773926,92813,4,0.1897373918616146,2,0,1,0,0,0,0
26,4,81.63069152832031,92432,1,1.8660063017775657,2,0,0,0,0,1,0
37,20,61.515567779541016,95934,3,1.5407366819365087,3,0,0,0,0,0,0
48,32,39.67234802246094,95084,1,1.5119517113749503,3,0,0,0,0,1,0
66,38,27.84844207763672,95887,4,0.5334139252725489,1,0,0,0,0,1,0
62,37,193.3204345703125,96051,3,7.012201720885247,3,356,1,0,1,0,1
47,23,25.580612182617188,90556,3,1.4300887562925428,3,0,1,0,0,0,0
51,25,106.6337890625,92776,1,2.50053059811862,1,0,0,0,0,1,0
50,23,153.55235290527344,92112,1,3.9292247204777846,1,0,0,0,0,0,0
62,28,79.4295883178711,95528,1,2.3538298610498614,3,262,1,0,1,1,0
41,23,179.35079956054688,91929,2,2.143992294682615,1,0,0,0,0,1,0
53,30,135.1643524169922,89717,1,3.880431983508106,2,0,1,0,0,1,0
38,9,95.6954574584961,91232,2,0.5539034316892143,1,0,1,0,0,1,0
51,24,118.94409942626952,94239,1,0.2114915220974649,1,0,0,0,0,1,0
37,30,105.24887084960938,94453,4,2.8409654818551284,2,0,0,1,0,1,1
60,33,80.18719482421875,95047,2,0.183617389182938,2,0,1,0,0,1,0
50,14,46.39937210083008,94584,4,0.208469494810119,1,94,0,1,0,1,0
33,11,43.835575103759766,90257,3,2.197583514560186,2,0,1,0,0,0,0
31,6,71.18336486816406,93044,3,2.6635125554543797,1,0,0,0,0,1,0
32,8,82.17326354980469,92440,4,2.408361094622637,3,0,1,0,0,0,0
54,16,29.552234649658203,94658,4,1.4969520665385263,1,215,1,0,0,1,0
36,0,58.02225112915039,96077,4,3.466054977227136,1,0,0,0,0,0,0
29,3,76.86711120605469,94884,2,1.7460560190566647,3,122,1,0,0,1,0
58,25,191.2266998291016,90158,3,2.9949723212643806,1,0,0,0,0,0,0
62,37,141.93475341796875,91602,1,3.2361942966128425,1,0,0,0,0,1,0
51,36,71.03669738769531,89863,2,1.4107578287956013,1,0,0,0,0,1,0
47,23,108.16395568847656,92198,4,1.4983273956465533,2,0,1,0,0,0,0
55,32,31.59777069091797,91925,1,1.2278603462959707,2,0,0,0,0,0,0
47,16,16.38819694519043,91959,3,0.4104843007480077,3,0,0,0,0,1,0
48,22,53.66368865966797,92603,3,0.5973722392528978,2,0,0,0,0,1,0
58,30,59.39018249511719,91913,4,0.700621425413562,3,0,1,0,0,0,0
63,35,123.22063446044922,93045,4,3.671205742516483,1,0,1,0,0,0,1
27,6,96.00109100341795,94113,2,1.45613610730052,3,0,1,0,0,0,0
35,13,55.953121185302734,94439,1,1.7663594989585216,2,0,0,0,0,0,0
29,3,42.316593170166016,93897,3,1.7127234750190878,2,0,0,0,0,0,0
61,37,34.01816940307617,94393,2,0.5963087989548099,2,0,0,0,0,0,0
49,13,52.13979721069336,90173,2,1.7895278351271873,1,325,0,0,0,0,0
30,20,28.346830368041992,92892,1,0.8000330978580112,2,61,0,0,0,0,0
49,24,51.727874755859375,91310,3,3.229520580768043,1,0,1,0,0,1,0
36,12,48.676795959472656,93882,4,0.8880504887187972,1,0,0,0,0,1,0
44,21,148.1305389404297,93380,1,2.237637721830181,1,0,0,0,0,1,0
27,7,20.29471778869629,92517,3,0.1951924220654425,1,0,0,0,0,1,0
48,25,28.71280288696289,95585,1,2.647098612429744,2,0,0,0,0,1,0
59,37,45.21916580200195,94162,1,0.2980312516612161,2,83,1,0,0,1,0
47,18,130.02053833007812,91885,2,2.08721931058027,1,0,1,0,0,1,0
65,35,90.6029815673828,92213,4,1.620567903675045,1,0,0,0,0,0,0
45,7,14.85525608062744,95125,2,0.0989332604324328,3,153,0,0,0,0,0
42,21,83.22997283935547,91999,1,0.6875974091577888,1,0,0,0,0,1,0
42,16,29.290918350219727,96326,4,3.205358542120884,1,171,0,1,0,0,0
50,31,28.989484786987305,92038,4,1.085805416716619,1,89,0,0,0,1,0
32,9,71.33953857421875,91289,3,1.380453590632268,2,0,0,0,0,0,0
24,-1,99.5699691772461,94751,1,3.092570447011036,2,0,0,0,0,0,0
35,14,62.57729721069336,95173,3,1.3751911414975235,3,0,0,0,0,1,0
44,20,150.51443481445312,94694,2,6.181686469560232,1,381,0,0,0,1,0
54,34,24.04557991027832,94115,1,0.5819077541804005,2,0,0,0,0,1,0
39,5,201.2779541015625,94148,1,0.889337472335442,1,0,1,1,1,1,0
65,38,16.28726577758789,94963,2,1.282821336371098,1,0,1,0,0,0,0
28,5,45.62450408935547,92664,1,1.4870086376630869,1,0,1,0,0,1,0
65,39,189.108642578125,93778,1,0.9813124070968235,1,0,0,0,0,0,0
38,7,41.32772064208984,95710,3,0.9631786137464012,3,0,0,0,0,1,0
65,38,27.46799087524414,93896,4,1.0339999847240962,1,0,0,0,0,0,0
48,23,56.83194732666016,95268,1,1.417558226982408,2,0,1,0,0,0,0
42,3,40.01354598999024,94109,3,0.489952653405832,2,0,0,0,0,0,0
43,28,132.29656982421875,92932,3,0.2314059956385051,1,192,0,0,0,0,1
38,21,42.308719635009766,91988,4,2.042389042958865,2,0,1,0,0,0,0
62,35,74.90313720703125,94925,4,4.291803536647151,3,0,1,0,0,0,0
65,41,46.288761138916016,91290,3,0.2257629015322631,2,0,0,0,0,1,0
62,36,98.14102935791016,92483,1,2.001408780819373,1,0,0,0,0,0,0
52,17,46.596588134765625,92026,1,0.695500406457276,3,0,0,1,0,1,0
28,2,106.19813537597656,95009,2,1.070405462244392,2,0,0,0,0,1,0
63,37,34.59434509277344,93040,3,1.67753291455406,2,0,1,0,0,1,0
34,24,49.76920318603516,91877,2,2.1584874748815297,2,0,1,0,0,1,0
35,3,28.93497467041016,94808,4,1.9656156987504756,2,0,0,0,0,1,0
67,40,73.39337921142578,90463,3,1.4365788879186971,1,0,0,0,0,1,0
63,40,104.04208374023438,95069,4,1.4369770916679965,3,570,0,1,0,1,1
33,11,212.9054107666016,91629,1,9.459802145104478,1,156,0,0,0,1,0
39,10,112.0026397705078,91568,2,2.308597497858322,1,0,1,0,0,0,0
59,37,144.8311309814453,94304,2,2.0433177838819736,1,94,0,1,0,1,0
31,6,98.33873748779295,91920,3,1.9127822765749647,1,167,0,0,0,0,0
37,12,68.42943572998047,95776,1,0.8287035367141153,1,233,0,0,0,0,0
41,18,29.75330352783203,95590,2,0.2781890174193586,3,99,0,0,0,0,0
45,12,50.27316665649414,95601,4,1.828663586806186,2,0,0,0,0,0,0
64,35,136.15362548828125,92931,1,2.5711782613609757,2,0,0,0,0,0,1
60,34,65.16153717041016,93046,1,1.7503723721017552,1,0,0,0,0,1,0
35,9,70.15481567382812,94662,4,5.194589908024214,1,340,0,0,0,0,0
28,5,66.47579956054688,93155,1,1.344511268613212,2,0,1,1,0,1,0
32,23,25.42947006225586,93373,3,0.6208314166603385,1,0,0,0,0,1,0
66,37,193.458251953125,94002,1,3.4146198040059117,1,0,0,0,0,0,0
54,25,73.07247161865234,90349,4,0.9517316528591022,1,90,0,0,0,1,1
65,42,36.946922302246094,90883,2,0.2432193342265435,3,143,0,0,0,0,0
58,35,90.43032836914062,90842,2,0.8195482598400085,3,0,1,0,0,1,0
62,34,34.470359802246094,91788,1,0.6851253179702692,3,0,1,1,1,1,0
33,7,34.68060302734375,94924,3,0.7105503989574795,2,103,0,0,0,0,0
27,1,60.672454833984375,92816,1,0.043909139130432,2,0,1,0,0,1,0
30,6,24.935317993164062,93334,1,0.436136603205306,2,0,1,0,0,0,0
63,34,42.14697647094727,96174,2,2.2521779666498625,2,0,0,0,0,0,0
45,6,29.8571891784668,90926,2,0.1396559929647732,2,75,1,0,0,1,0
53,30,32.71723175048828,95015,2,0.9046671598386776,3,192,1,0,0,0,0
26,3,189.32699584960935,95949,2,2.1497806123722336,2,0,1,0,1,1,1
45,19,41.3187255859375,95342,2,1.3271256283287531,1,0,0,0,0,0,0
46,22,41.39775848388672,92830,3,2.0862653900442183,2,0,1,1,0,1,0
38,8,86.58869934082031,90016,1,1.368619980329108,1,0,0,0,0,1,0
48,10,65.62928771972656,90229,4,1.2697211834811084,2,0,1,0,0,1,0
37,14,60.11391067504883,92469,1,1.205804128839614,3,0,1,0,0,0,0
63,34,35.5325927734375,92425,2,1.3100176369123,3,0,1,1,0,1,0
58,22,191.3622131347656,92002,1,8.284782914324552,1,0,0,0,0,0,0
30,3,134.27218627929688,91866,2,2.0489249742038163,1,0,0,0,0,0,0
37,25,118.0248794555664,95781,2,1.2085997370453725,1,293,0,1,0,1,0
58,26,30.65777587890625,92766,2,0.6656383759410186,2,0,1,1,1,0,0
39,5,39.89150619506836,92801,4,1.0893035320294877,3,0,0,0,0,1,0
55,28,29.491182327270508,90605,1,0.0402407472888346,3,0,0,0,0,0,0
60,32,43.35483932495117,90334,3,2.157626289494744,3,0,0,0,0,1,0
65,37,31.508337020874023,92987,3,1.1989794694223543,2,177,0,1,0,1,0
37,14,18.51113510131836,92071,4,0.2707627262382256,3,0,1,0,0,1,0
50,15,77.19715881347656,92006,4,1.6074705110204406,1,0,1,0,0,1,0
46,31,15.676315307617188,96229,2,0.2466816482113772,3,104,1,0,0,1,0
51,33,50.96793365478516,94159,1,0.1793428824489731,1,0,1,0,0,0,0
62,36,56.2392463684082,90647,2,1.2442950050754191,1,0,1,0,0,1,0
38,29,111.50090026855467,92285,1,0.7483678067240653,1,228,0,0,0,1,0
30,1,49.16814041137695,94127,3,1.0560569572908942,3,0,0,0,0,0,0
28,6,33.015899658203125,94183,3,0.5922118371112508,2,99,0,0,0,1,0
38,13,175.0437774658203,94300,3,8.830144223506178,2,503,0,0,0,0,1
56,34,19.150861740112305,95054,3,0.8836755710604929,3,0,0,1,0,1,0
47,26,137.03501892089844,95023,1,2.7879571780076704,1,0,0,0,0,0,0
33,3,23.58025360107422,90877,1,0.2881416144660628,3,0,0,0,0,0,0
29,4,189.7959442138672,90091,1,3.5223126373143727,1,0,0,0,0,0,0
28,4,85.6744155883789,92259,4,3.2971249650885945,1,0,0,0,0,0,0
54,21,52.86460113525391,90386,2,1.4937068133883449,3,0,0,0,0,1,0
35,16,114.71041107177734,95118,2,0.650250876142805,1,123,0,0,1,1,0
50,28,35.45744705200195,95766,1,0.2892160828104419,1,0,0,0,0,0,0
52,28,131.9989013671875,94375,2,3.8319185737011385,3,0,0,1,1,1,1
62,40,69.41365051269531,91973,4,1.6376627141989195,3,85,0,0,0,1,0
44,17,41.43177032470703,89906,2,0.3813263309054596,3,0,0,0,0,0,0
50,26,13.068145751953123,93771,4,0.6618785337450682,3,0,0,0,0,0,0
44,18,101.32218170166016,92697,2,0.8713275699578563,1,0,0,0,0,0,0
60,34,86.65934753417969,94893,2,0.050313032200886,1,308,0,0,0,1,0
61,34,86.3609619140625,94471,1,4.058246740973708,3,0,0,0,0,1,0
54,25,71.48492431640625,92918,1,0.5399235882536432,3,113,1,1,0,0,1
34,5,138.68260192871094,93000,4,0.410026080748344,1,0,1,0,0,0,0
63,36,72.79740142822266,93131,1,0.0069610833731439,3,0,0,0,0,1,0
36,8,69.64276123046875,90352,2,2.1407801877107877,3,0,0,1,0,1,0
45,18,27.561954498291016,93450,1,0.656910563358017,3,0,1,0,0,1,0
29,14,95.8331298828125,95397,2,8.228483315387994,1,0,0,1,0,1,0
57,34,79.6656265258789,92887,1,1.5148027448115884,3,0,1,1,0,0,0
40,17,72.5548324584961,95507,4,4.577198503480266,2,0,0,0,0,0,0
62,37,67.10725402832031,94136,4,1.6823521849841454,2,0,1,0,0,1,0
54,29,11.519491195678713,96145,2,0.3673158399866156,3,161,1,0,0,1,0
28,4,67.12836456298828,92970,4,1.416659058837428,2,0,0,0,0,1,0
61,34,36.90971374511719,93457,4,0.0070952136380789,2,0,1,0,0,0,0
53,31,23.799880981445312,94309,4,1.319669794057682,3,0,0,0,0,0,0
59,33,88.96617889404297,94190,3,2.1373183978460983,3,0,1,1,1,1,0
43,21,63.58666610717773,94322,2,0.4634661331189982,3,144,0,0,0,1,0
46,19,77.46849060058594,91940,2,0.2902508480493551,1,0,0,1,0,1,0
40,22,119.72818756103516,92663,2,1.9303960483456912,1,0,1,1,0,0,0
45,19,182.58985900878903,94821,1,2.9794461506284624,1,0,0,1,0,0,0
29,4,129.60598754882812,95456,1,0.6995803563525334,1,238,1,0,0,1,0
47,18,77.42222595214844,90223,2,3.656657564251354,1,0,0,0,0,0,0
56,22,52.331642150878906,93827,4,2.3335823901237798,2,0,1,0,0,0,0
52,29,60.497802734375,91332,4,0.1704697316948545,1,338,1,0,0,1,0
45,10,111.6310577392578,93180,4,0.364162637922723,1,0,0,0,0,0,0
62,34,71.72703552246094,91615,3,2.776707347400855,3,0,0,0,0,1,0
28,8,85.92947387695312,92008,2,0.4811882173828274,1,0,0,0,0,1,0
38,3,30.753137588500977,96431,4,0.3912619573684259,3,0,0,0,0,1,0
35,11,50.89326477050781,94210,4,2.44687440447563,1,0,0,0,0,0,0
35,10,197.01356506347656,95390,2,8.884172243287226,1,0,0,0,0,0,0
54,32,140.5760040283203,93502,1,0.3245756960534675,1,0,1,1,1,1,0
28,9,41.91281127929688,94586,1,0.1837482972150697,2,0,0,1,0,1,0
63,36,73.62154388427734,94825,2,2.4872880518812965,1,0,0,0,0,1,0
25,6,105.20338439941406,94302,1,0.4253209080889158,3,148,0,1,0,0,0
65,28,14.61601448059082,95793,3,0.3077028457703192,1,100,0,0,0,0,0
42,11,58.39268493652344,91832,2,1.0688646331916476,1,0,0,0,0,1,0
42,19,85.6184310913086,91301,2,0.8451834498771674,1,0,0,0,0,1,0
27,3,82.44769287109375,92173,2,1.7338935102819468,3,0,0,1,0,1,0
50,27,77.8485336303711,94566,2,1.555309435468366,2,0,1,1,1,1,0
30,6,67.53491973876953,95738,1,2.4213968327003776,3,0,0,1,1,1,0
60,31,18.14632797241211,92448,2,0.9317835935257444,2,0,1,0,0,1,0
34,4,27.42693901062012,92040,2,1.3422365465556798,1,100,0,0,0,0,0
39,13,41.05356597900391,94544,4,1.5985826580385176,2,147,0,1,0,1,0
65,34,62.88180541992188,92105,4,1.6563654796803189,2,0,0,0,0,0,0
49,33,60.97973251342773,91885,4,0.6058010790831828,1,0,0,0,0,0,0
54,35,163.39935302734375,91717,1,4.221155011050991,1,0,0,0,0,1,0
36,9,37.174560546875,92152,4,0.528611649239444,2,100,0,0,0,1,0
50,34,46.69692993164063,90382,2,0.1465718421620028,1,0,0,0,0,1,0
59,22,53.41390228271485,94843,3,0.8385177685222215,1,150,1,0,0,1,0
56,29,50.87147521972656,93996,4,2.0390002136036776,2,0,0,0,0,0,0
61,27,59.77015686035156,90235,3,1.5978024864223082,3,0,0,0,0,1,0
47,22,108.73310089111328,90197,4,2.2742106657079804,1,0,0,0,0,0,0
41,11,37.471435546875,92955,2,1.46768084378856,1,0,0,0,0,1,0
45,23,47.10123062133789,94347,2,0.4783029097834103,2,0,1,0,0,0,0
66,41,86.49088287353516,95120,1,1.9044745753827896,1,0,1,0,0,1,0
28,13,21.325084686279297,92072,4,0.4142972576598482,2,0,0,0,0,0,0
28,5,45.81987380981445,90278,1,2.2055143072973977,3,0,0,0,0,0,0
49,18,100.49720001220705,91633,2,1.0757291884054097,3,177,1,0,0,1,0
54,27,37.81630706787109,94006,3,0.85528171143458,1,0,0,0,0,1,0
42,24,196.68528747558597,95541,2,7.28004869922457,1,382,0,0,0,0,0
58,36,83.05850219726562,91777,1,0.4567671091810785,1,0,0,0,0,1,0
26,8,60.02233123779297,92332,4,0.5753762849546666,1,0,0,0,0,0,0
36,4,161.4119110107422,90332,2,5.696087333110834,1,0,0,0,0,1,0
51,21,68.98222351074219,94774,2,1.919857412021873,3,118,0,0,0,0,0
38,16,86.7682113647461,94341,2,2.9611930095489774,3,0,0,0,0,0,0
57,26,15.113984107971191,93646,4,1.0638631509900676,1,107,1,0,0,0,0
25,-1,29.778440475463867,90943,2,1.4127552283409897,3,0,0,0,0,0,0
47,22,82.1987075805664,95004,1,1.197178928722753,1,0,0,0,0,1,0
42,6,35.27449035644531,93953,1,2.361811194289534,3,0,0,0,0,1,0
34,11,73.9395751953125,94616,1,2.617903375392519,2,0,0,0,0,0,0
55,32,89.63334655761719,94406,3,1.2425267473662824,2,0,0,0,0,0,1
31,10,152.3174285888672,94090,2,3.354441157282033,1,0,0,0,0,1,0
41,16,87.5173110961914,92893,2,0.4798383558233935,2,242,1,0,0,1,0
27,1,35.706573486328125,92678,1,1.590713787769035,2,228,1,0,0,1,0
53,27,203.40660095214844,95268,1,3.273082464121654,1,425,0,0,0,1,0
39,30,81.60281372070312,94196,3,2.9278680011475617,2,206,0,0,0,0,0
32,9,154.9587860107422,94455,3,6.933765993945315,1,517,1,0,0,0,1
56,30,160.29928588867188,91036,1,2.164176765839206,1,0,0,0,0,0,0
63,40,25.8140869140625,92277,1,0.1525817585133119,1,400,0,0,0,1,0
31,10,169.56060791015625,92814,1,2.4612029380941274,1,0,0,0,0,1,0
33,4,126.14454650878906,94279,2,0.879515799374891,1,0,0,0,0,1,0
59,41,16.68051528930664,90194,3,0.4582554063580781,1,0,1,0,0,1,0
31,6,120.62721252441406,91331,1,0.9065085463913594,1,0,0,0,0,0,0
42,15,54.6966438293457,91378,3,1.112546069659091,2,0,1,0,0,1,0
31,8,37.18405151367188,94582,3,0.3285999377641938,2,95,0,0,0,0,0
60,30,16.737022399902344,91724,2,0.0983815784066426,3,0,1,1,1,1,0
41,21,17.45075035095215,95601,3,1.980139568763,1,0,0,1,0,1,0
44,18,69.58927917480469,94860,4,2.484951084057162,1,191,1,0,0,1,0
42,8,65.209228515625,95904,2,1.723694192044941,2,0,0,0,0,0,0
43,21,111.13457489013672,94647,1,1.0485023005465768,1,0,0,0,0,1,0
57,31,20.090578079223636,94487,1,0.9930813999399808,2,98,0,0,0,0,0
40,21,103.26261138916016,90352,1,0.5951313684846741,1,0,1,0,0,0,0
33,7,24.441795349121094,92899,4,0.45118453731454,3,0,0,0,0,0,0
62,37,58.58291244506836,90539,3,0.8680958621447383,2,0,0,0,0,0,0
30,7,37.80590438842773,95731,3,0.4682815544282589,3,147,1,1,1,1,0
65,38,91.0954360961914,90250,1,1.3554383921351767,1,379,0,0,0,0,0
43,21,124.52275848388672,90769,2,0.9691123155763456,1,0,0,0,0,1,0
42,23,52.55481719970703,90140,4,0.8808823875252876,3,0,0,0,0,1,0
55,28,93.62957763671876,91882,2,1.1406184919710682,1,0,0,0,0,0,0
33,9,133.63851928710938,94807,2,4.454989645545201,1,238,0,0,0,1,0
54,26,171.6809539794922,94355,2,1.6683416066857175,1,0,0,0,0,1,0
60,38,152.14743041992188,90114,4,4.780281050495459,2,0,0,0,0,1,1
25,-1,111.35980224609376,90083,2,7.036529375505423,1,0,0,0,0,0,0
30,6,150.55006408691406,92291,1,5.5585801101083465,1,381,1,0,0,1,0
55,32,102.42111206054688,95519,2,2.0923381947466586,1,0,1,0,0,1,0
58,36,48.10537338256836,92207,2,1.3248686648303578,1,0,0,1,0,0,0
28,2,97.51976013183594,95842,3,2.176787423503356,2,0,0,0,0,0,0
28,3,152.63027954101562,93152,1,2.371347374142753,2,0,0,0,0,0,0
51,33,54.22589492797852,94435,1,0.5321160088668846,2,0,0,0,0,1,0
37,18,58.09540939331055,94145,4,1.047127377912553,1,0,0,0,0,1,0
39,12,57.21600341796875,91867,2,1.9863634146442752,2,0,0,0,0,1,0
57,35,94.8834457397461,94082,2,2.58656446424305,1,0,1,0,0,0,0
43,18,81.80164337158203,93676,1,0.5676873754470568,1,125,0,0,0,0,1
50,20,38.469215393066406,93093,1,0.5548286153150508,3,0,0,0,0,1,0
59,33,74.39292907714844,92801,3,1.3042247240324878,2,0,0,0,0,0,0
28,7,90.8279266357422,94489,1,1.6981193429125143,1,0,0,0,0,0,0
63,37,110.2459945678711,91968,3,0.5308654696264776,3,395,0,0,0,1,0
32,4,38.51275634765625,94597,3,1.1926173929449355,2,0,0,0,0,1,0
27,1,44.1447868347168,96054,2,1.299368496675115,3,103,0,0,0,1,0
53,29,42.30459976196289,95068,4,1.9085584743040611,2,0,0,0,0,1,0
57,28,41.34897613525391,92979,1,1.8045377173781827,3,227,0,0,0,1,0
29,6,85.92276000976562,90128,1,1.8748708917180588,1,0,0,0,0,1,0
29,19,54.19007110595703,90400,2,1.6427896186939972,3,142,0,0,0,0,0
61,24,60.53763198852539,94566,3,1.3137426978544955,3,0,0,0,0,1,0
55,29,59.64689636230469,94425,4,2.296104378435255,1,0,0,0,0,1,0
45,15,69.95143127441406,92074,1,1.3177826100236336,3,264,0,0,0,0,0
52,20,69.17202758789062,94339,1,0.5626472497001808,3,0,0,1,1,1,0
50,18,54.07816696166992,94415,3,3.1847580338798247,2,0,0,0,0,1,0
26,2,92.09224700927734,93417,4,1.5808119102633706,1,0,0,0,0,0,0
36,13,109.80381774902344,94348,4,1.553152510982136,3,0,1,0,0,0,0
58,25,166.01962280273438,92086,1,6.188510293509722,1,0,0,0,0,0,0
51,28,51.274932861328125,91645,1,0.0596105337057895,3,0,0,0,0,0,0
46,24,77.03929138183594,90830,3,2.1861577569503234,1,0,0,0,0,1,0
32,17,37.2043571472168,91681,1,0.5152091165854413,2,0,0,1,0,0,0
28,4,59.26998519897461,92075,3,0.5816252841616663,2,0,1,0,0,1,0
63,39,13.886635780334473,95454,4,1.037468659560545,2,0,0,0,0,0,0
59,34,99.53919982910156,90235,2,0.6704082399982977,1,109,0,0,0,1,0
61,35,48.40894317626953,94613,3,2.9342442350742206,2,0,0,0,0,0,0
34,24,161.02813720703125,91805,2,5.516630916396285,1,466,0,0,0,0,1
58,37,29.812597274780277,91333,4,0.2884649238580037,1,122,1,0,0,1,0
52,25,64.29689025878906,95008,1,0.109401350608243,2,178,0,0,0,1,0
50,19,65.45439910888672,94483,1,1.818583687675848,2,0,0,1,0,0,0
31,20,167.94952392578125,92300,2,3.1416793150405824,2,0,0,0,0,0,1
57,34,27.450359344482425,93712,2,1.48495747121691,3,0,0,0,0,0,0
48,26,133.90335083007812,95589,1,0.2427793145391965,2,0,1,0,0,0,0
56,32,89.15702819824219,91302,2,0.6866510392808829,3,178,1,0,0,1,0
30,6,36.687686920166016,94397,1,2.5830517519941423,3,0,0,0,0,1,0
38,10,88.1114730834961,94489,3,0.891650131767165,2,0,0,0,0,1,0
62,37,29.01693344116211,91934,3,0.981967410550508,3,239,0,1,0,1,0
55,31,74.96429443359375,92503,1,2.1183900066783394,3,102,0,1,0,0,0
38,11,35.48323440551758,93550,2,0.8156264832370781,3,101,0,0,0,1,0
51,24,58.54029083251953,94489,2,1.6870967655414262,2,0,0,0,0,1,0
58,31,22.462635040283203,94930,2,0.8987283908646629,3,93,0,0,0,1,0
59,37,67.42880249023438,91261,2,1.5761618786123368,2,0,0,0,0,0,0
24,4,88.31559753417969,92981,1,0.9724696299772522,3,0,1,0,0,1,0
49,15,73.76244354248047,92242,2,3.2208824900285125,3,0,1,0,0,0,0
41,19,200.92678833007807,95349,2,6.474398457784912,1,0,0,0,0,1,0
51,28,40.91764450073242,95613,1,0.8474132110296224,3,0,0,0,0,0,0
48,39,103.22960662841795,92409,2,7.633316269209756,1,0,1,0,1,1,0
55,32,138.0847625732422,92044,1,1.662767206926865,1,0,1,0,0,0,0
63,37,24.7661190032959,91903,1,1.3342927603962595,3,0,1,0,0,1,0
61,36,73.2471694946289,94836,4,2.1789440530279816,1,0,0,1,0,0,0
56,31,69.3518295288086,93746,3,7.053036749601439,3,0,0,0,0,1,0
62,37,68.38314819335938,95209,3,1.9342105685484323,2,0,0,0,0,0,0
37,9,173.64451599121094,90560,2,1.0712612181376922,1,161,0,0,0,1,1
34,11,139.0454864501953,94579,2,7.129464925213528,3,0,0,1,0,1,1
60,35,32.60619354248047,92459,1,2.554142303667094,3,0,0,0,0,1,0
27,5,39.877098083496094,92400,3,1.709524376462596,2,0,0,0,0,1,0
32,9,75.10592651367188,94224,2,1.5853201776828685,1,0,0,0,0,1,0
60,25,66.7555160522461,93344,2,6.541449554518304,1,0,0,0,0,1,0
46,21,75.15045166015625,95224,1,0.2789430459167563,3,152,0,0,0,0,0
43,19,65.308837890625,93964,3,3.7576173123546734,1,0,0,1,0,0,0
35,11,53.85759353637695,93686,2,2.442201805685661,2,0,0,0,0,1,0
36,7,51.319461822509766,95164,1,2.4522816304173767,3,0,0,0,0,0,0
42,23,45.76731872558594,90126,2,0.9119965497917084,2,0,0,0,0,0,0
48,23,29.89527130126953,91299,3,0.3487168025187038,2,0,1,0,0,0,0
45,18,100.63792419433594,94459,2,0.2908463579988551,1,0,1,0,0,1,0
49,30,135.926025390625,89662,2,0.4365777300078713,1,84,0,0,0,0,0
36,5,10.172428131103516,93720,3,0.4131941671308513,2,0,0,0,0,1,0
42,24,120.06354522705078,90010,3,4.868670697234077,1,0,0,0,0,0,1
35,9,71.98558807373047,90171,2,0.4023949835357121,1,0,0,0,0,0,0
45,27,101.76348114013672,93920,4,2.702442908414415,1,0,0,0,0,1,0
51,25,53.25665664672852,89725,4,1.7317625998604618,1,0,0,0,0,1,0
27,3,25.450210571289062,92965,4,0.9382872357388904,3,141,0,0,0,1,0
50,32,32.93553161621094,96230,4,1.3629347238386749,3,102,1,0,0,1,0
44,13,34.76933288574219,94181,2,1.060657388501512,2,0,0,0,0,1,0
60,25,47.582763671875,94826,2,1.2271663053991753,3,0,0,0,0,0,0
56,34,128.17515563964844,92265,2,7.414393493469372,1,0,0,0,0,0,0
65,38,32.497047424316406,91446,1,1.715619991172696,2,0,1,0,0,0,0
45,10,47.359676361083984,91916,3,0.20591619405649,2,0,1,0,0,1,0
33,4,61.32888412475586,90095,2,1.16329763957071,1,0,0,0,0,1,0
30,6,32.68920135498047,95777,1,1.835740217072024,3,0,1,0,0,0,0
61,39,66.00424194335938,91112,4,1.8948025207167287,1,0,0,0,0,0,0
52,19,60.60304641723633,91756,3,2.60032544266804,1,0,0,0,0,0,0
55,29,18.900604248046875,95335,3,1.640979548856726,1,0,1,0,0,1,0
42,24,50.26924896240234,93993,3,2.1080449986461898,2,163,0,0,0,1,0
47,30,69.88860321044922,91882,2,2.073294244500789,1,0,0,0,0,1,0
28,4,70.00485229492188,92715,2,0.5828971637288847,3,0,0,0,0,1,0
57,37,59.385379791259766,94494,2,2.044011556083567,2,0,0,1,0,1,0
34,8,32.163326263427734,94164,4,1.3978522119830603,1,0,0,0,0,1,0
36,8,64.32008361816406,91860,1,3.46767821502072,1,0,0,0,0,1,0
63,32,104.57418823242188,94556,1,1.007211099910542,2,0,0,0,0,1,0
53,28,105.71949768066406,92152,1,2.7793957185659672,1,242,1,0,0,0,0
64,42,20.345481872558597,92030,3,0.3465612166261925,2,0,1,0,0,1,0
53,24,20.88197326660156,91631,1,0.557866695773064,3,0,0,0,0,1,0
30,6,36.25008392333984,93965,3,1.7858897136547107,2,212,0,0,0,1,0
63,35,123.9312744140625,93199,3,0.6622806319815593,3,0,1,0,0,0,0
57,36,82.183837890625,91909,1,0.8762939164040374,1,0,0,0,0,0,0
52,26,88.77734375,91795,2,0.9203612304293682,2,0,0,1,0,1,0
36,4,207.9750518798828,93103,2,3.531238468068981,2,0,1,0,0,1,1
63,40,179.23095703125,95840,2,4.047398577041993,1,252,1,0,0,0,0
63,37,44.523468017578125,91947,2,1.3762114543034056,1,239,0,0,0,1,0
48,30,42.12106704711914,96118,3,0.5769461203029198,2,0,0,0,0,1,0
46,24,62.3916244506836,95096,2,1.168584242702793,3,0,0,0,0,0,0
42,21,20.33135986328125,89825,1,0.6384405615884808,1,0,1,0,0,1,0
43,25,81.6366958618164,95268,1,1.511504737532783,2,172,0,0,0,1,0
55,29,19.46646881103516,95441,1,1.4530980739661823,2,0,0,0,0,0,0
38,24,96.15798950195312,92941,2,0.0557555064156483,1,330,0,0,0,0,0
64,40,107.05037689208984,90463,2,1.7917404343944836,1,0,1,0,0,1,0
65,38,48.08604431152344,92166,4,1.6812295283569392,3,90,0,0,0,1,0
57,35,36.97335433959961,95247,1,1.463805788271371,3,177,1,0,0,1,0
32,2,86.2865219116211,94200,2,1.4535003741534998,1,0,1,0,0,1,0
44,19,36.717529296875,95736,3,0.163263154041263,2,0,0,0,0,1,0
59,3,56.09251403808594,93537,4,0.782307865794996,2,0,0,0,0,0,0
26,8,75.43385314941406,95372,2,1.8404881635830035,3,0,0,1,0,0,0
64,39,99.40377044677734,92557,1,0.0408072888358367,3,0,0,1,0,1,0
49,17,120.07111358642578,95474,1,0.5718305967494897,1,207,0,0,0,1,0
59,32,67.06963348388672,94792,3,1.6120704674634447,2,136,1,0,0,1,0
53,2,33.08557891845703,95543,4,0.1901104506155735,1,90,0,0,0,0,0
46,16,118.81505584716795,91458,2,5.276703768414045,2,228,0,0,0,1,0
37,9,70.9784927368164,92684,4,2.0901070246219664,3,0,0,0,0,1,0
25,0,129.13638305664062,94343,3,3.6696683382188384,3,178,0,0,0,0,1
38,15,67.6370849609375,90797,1,1.7563671132135554,2,0,1,0,1,1,0
50,27,154.00816345214844,92950,1,4.127143989601547,1,0,0,0,0,0,0
54,37,36.06192779541016,92251,2,0.51889363085308,3,0,0,1,0,0,0
32,6,56.22281646728516,92215,4,2.264679525694796,3,0,0,0,0,0,0
30,5,63.40186309814453,93091,3,0.3962286228119839,2,0,1,1,1,1,0
64,35,106.09771728515624,95038,1,4.02146316305897,1,0,0,0,0,0,0
54,25,126.1598663330078,94447,1,4.534797531856377,3,0,0,0,0,1,0
52,23,123.42984008789062,94421,2,0.2998698484871952,1,155,0,0,0,0,0
55,25,105.55162811279295,90651,2,4.443404165401883,3,226,1,1,1,0,1
29,6,26.50780868530273,95114,4,1.8501102468785453,2,0,0,0,0,1,0
63,34,24.24472427368164,93921,2,0.9868885485782712,3,0,0,0,0,0,0
66,34,16.001907348632812,94168,4,2.6433358038840127,3,0,0,0,0,1,0
62,37,89.11685180664062,89697,1,1.3284578525640445,3,440,0,0,0,1,0
50,19,92.12841033935548,95886,1,5.764961543241818,1,0,0,0,0,0,0
43,20,71.2699203491211,94116,4,1.5966642636428614,1,0,0,0,0,0,0
41,18,76.47943878173828,94821,4,1.9614052598596925,2,0,0,0,0,0,0
49,30,37.93086242675781,95355,2,1.1838108978075152,1,111,0,0,0,0,0
41,27,38.29579925537109,94492,1,3.2707520613176237,3,139,1,0,0,1,0
35,15,90.1965103149414,95325,1,1.8536951698813908,1,0,0,0,0,0,0
52,21,169.1880340576172,95675,1,4.260280884605156,3,383,0,0,0,1,1
57,18,176.31187438964844,91964,4,1.874023628440162,2,144,0,0,0,1,0
57,25,92.90398406982422,93447,2,0.8374825265167511,2,193,1,0,0,0,0
26,0,72.2585220336914,92084,4,2.467169468011125,1,151,0,0,0,0,0
49,25,89.58525085449219,92741,4,1.764674773213556,1,0,1,0,0,1,0
35,11,89.20694732666016,91834,1,2.540285082001269,1,0,0,0,0,0,0
28,28,81.7671127319336,95942,4,4.552442582848854,1,99,0,0,0,1,0
44,19,199.25344848632807,91413,2,7.278258267015994,1,0,0,0,0,1,0
56,31,90.75418090820312,94274,2,1.5743091021598126,1,0,0,0,0,1,0
58,35,48.57353973388672,93130,2,1.043404390526608,3,0,1,0,0,0,0
53,23,42.31827926635742,94484,4,0.5041941277048475,1,0,1,0,0,1,0
53,33,16.482728958129883,92637,3,0.198287076111118,2,134,0,0,0,1,0
43,19,63.22987365722656,92040,1,1.042948287122882,1,0,1,0,0,0,0
26,0,29.60022354125977,92001,1,0.819844155617665,1,0,0,0,0,1,0
31,6,100.74493408203124,94956,1,4.7550223493400665,1,0,1,0,0,0,0
29,6,106.3481216430664,92962,4,3.217729265646809,2,0,1,0,0,1,0
60,35,42.60560607910156,95374,2,2.201691634777074,1,0,1,0,0,1,0
36,16,67.79087829589844,94109,4,1.677669292843842,3,0,0,0,0,0,0
44,29,29.25004768371582,92241,3,2.170517030589388,3,0,0,0,0,1,0
26,2,33.25314712524414,95198,3,0.4619807101179773,1,0,0,0,0,1,0
38,15,36.834842681884766,94443,2,0.4062502102319583,2,0,0,1,0,1,0
60,36,85.84458923339844,93961,1,1.2837457463766238,3,0,0,0,0,0,0
42,14,82.36294555664062,92959,1,0.2283042780037453,2,0,0,0,0,1,0
59,38,98.63529205322266,91362,2,0.0438894976039684,1,291,0,0,0,1,0
64,38,69.38343811035156,92333,3,2.0770600642610635,1,0,0,0,0,1,0
52,17,105.2100067138672,94845,3,2.7834519145294303,2,0,1,0,0,0,0
46,23,67.77597045898438,90972,2,0.4245846113442298,1,0,0,0,0,0,0
59,34,102.12944793701172,92148,1,0.5072837108759342,1,0,0,0,0,0,0
62,38,32.33537292480469,94610,3,1.052221628037076,2,171,0,0,0,0,0
47,23,67.22895812988281,96487,1,1.221668883935422,1,226,0,1,0,1,0
28,1,29.030548095703125,89915,3,0.6907006030051088,3,0,0,0,0,0,0
40,14,50.44241714477539,94959,2,0.3636391298835101,2,0,0,0,0,0,0
36,15,104.76182556152344,94914,2,6.561625143866566,1,0,0,0,0,0,0
35,13,42.0313606262207,93023,2,0.9458107966348036,3,0,1,0,0,1,0
33,19,95.99634552001952,91396,3,0.7669010004737269,1,0,1,0,0,1,0
55,27,31.77882575988769,92110,2,1.317192573079339,1,246,0,0,0,1,0
45,21,105.91442108154295,95428,4,2.042068310004706,2,131,0,0,0,0,0
33,16,167.31105041503906,91432,2,2.523247968813462,1,412,0,0,0,0,0
50,27,95.41483306884766,90262,3,2.433509272182321,2,0,1,0,0,0,0
45,16,124.02982330322266,94308,1,2.3935482225208338,1,417,0,0,0,1,0
45,18,49.26800155639648,92379,3,2.9100933578967907,2,360,1,1,1,1,0
43,17,82.30464935302734,91486,2,1.4706042018366705,1,0,1,0,0,1,0
50,13,165.46176147460938,91679,3,3.1534060676586977,2,0,0,0,0,1,1
43,14,39.48849868774414,94936,1,0.2880060973346373,2,303,0,0,0,1,0
31,7,65.82725524902344,94516,4,2.373726233787445,1,191,0,0,0,0,0
52,21,36.86648941040039,93835,2,0.7869587211004466,3,141,0,0,0,0,0
33,19,36.4591064453125,93043,4,2.0833248317758737,3,0,1,0,0,1,0
29,5,64.8393325805664,93929,2,0.0565029003622885,1,0,1,1,0,0,0
36,8,92.97311401367188,94453,1,4.72694069241834,1,396,1,0,0,0,0
30,14,74.836181640625,91220,4,1.6359343108500648,3,212,0,0,0,1,0
57,37,61.50899505615234,92789,2,0.8124239539744337,1,143,0,1,0,0,0
65,36,85.67769622802734,93957,2,2.3566649236622945,3,0,0,0,0,1,0
27,5,73.96597290039062,92201,2,0.7937906036716046,3,0,0,0,0,1,0
47,31,108.71754455566406,93016,1,2.2554571794563825,1,405,0,0,0,0,0
38,14,43.0677490234375,93741,2,1.8714096560380264,2,0,0,0,0,0,0
54,29,139.90386962890625,94798,1,6.228028229242638,1,380,0,0,0,1,0
50,26,21.495990753173828,93965,1,0.5124305557305748,1,0,0,0,0,0,0
67,41,41.14200210571289,92018,3,0.4699488137183502,3,0,1,0,0,0,0
41,8,68.18323516845703,92930,2,1.1571556801978162,3,0,0,1,0,0,0
29,1,199.2347412109375,90075,2,6.03813561257121,1,0,1,0,0,1,0
52,34,63.10341644287109,93983,2,2.23405655473988,1,0,0,0,0,1,0
59,36,10.59532070159912,96089,3,1.0231444743359646,3,0,0,0,0,0,0
65,38,96.77804565429688,90273,4,3.8108403508679785,1,0,1,0,0,1,0
32,4,150.70501708984375,95478,3,3.765743778433332,1,0,0,0,0,0,0
49,25,63.00754165649414,90168,2,0.5603773465410133,1,0,1,1,0,0,0
37,10,64.80269622802734,94705,1,0.6230467234561545,1,0,0,0,0,0,0
60,28,41.97564697265625,92044,4,1.1549496983684908,1,142,1,0,0,1,0
39,19,72.98929595947266,93778,2,1.5902689121024376,3,113,1,0,0,0,0
55,27,35.0919303894043,90402,2,0.3723589503744759,2,102,0,0,0,1,0
34,9,45.022342681884766,93325,3,0.6153021389692925,3,0,1,0,0,1,0
34,5,89.21936798095703,91882,4,0.8354342400749871,1,101,0,0,0,1,0
41,17,78.35293579101562,93836,4,0.4390082915322588,1,0,0,0,0,0,0
40,15,72.253173828125,91922,3,0.2067536093418933,1,0,0,0,0,1,0
56,32,46.02099990844727,90378,3,1.1945186918824655,1,193,0,0,0,1,0
64,38,196.56719970703125,95309,2,7.844238115995774,1,0,0,1,0,1,0
49,35,44.21205520629883,90545,3,1.774289802695081,2,146,0,0,0,1,0
56,15,89.41624450683594,91204,1,3.6870802482748126,1,211,1,0,0,0,0
30,4,97.44188690185548,96160,2,0.8462397435613556,3,481,0,0,0,1,0
43,12,68.32149505615234,91054,1,0.3981331759782744,3,0,0,0,0,1,0
56,34,83.41852569580078,91971,2,1.3912712593286507,1,0,1,0,0,0,0
51,24,45.44033050537109,93239,4,1.018119540294003,1,0,0,0,0,0,0
54,25,36.43658065795898,94544,2,1.7254607819514431,3,0,0,0,0,0,0
65,39,53.24367904663086,90305,2,1.329329744426611,3,122,0,0,0,1,0
42,30,78.94667053222656,94764,1,1.8220497213891813,1,0,0,0,0,1,0
47,16,65.74392700195312,92670,1,1.183145780986662,3,0,0,0,0,1,0
40,12,76.39470672607422,94108,1,0.6619872539670664,2,0,0,0,0,1,0
58,28,29.742694854736328,90044,3,2.002296328787458,2,0,1,1,1,0,0
44,13,56.02857208251953,91443,1,0.8126595065976513,3,0,0,0,0,1,0
58,36,50.49478530883789,94084,1,1.0165598865282195,2,0,0,0,0,1,0
38,25,25.1413688659668,94978,1,0.7679120856843002,3,0,0,0,0,1,0
38,25,180.4917449951172,94521,3,4.0703418627529775,2,272,0,0,1,1,1
30,23,88.94133758544922,91198,4,0.6005710255937625,1,0,1,0,0,1,0
52,29,157.0166473388672,90067,2,6.732693520421716,1,0,0,0,0,1,0
29,8,37.56071472167969,91259,1,1.9168213450362088,2,0,0,1,0,1,0
62,37,184.42808532714844,91998,2,3.697512920728835,1,114,0,1,0,1,0
54,21,102.09857177734376,91153,3,0.879269560930117,2,229,0,1,0,1,1
34,14,60.71258544921875,94261,1,0.2438709040948066,2,0,0,0,0,0,0
50,36,40.84499740600586,92868,2,1.5953300987412609,1,0,1,0,0,1,0
43,18,146.13510131835938,95236,1,4.421698655045928,1,0,1,0,0,1,0
52,29,39.400840759277344,92243,4,0.80326061747524,2,0,0,0,0,0,0
57,32,193.81057739257807,94383,1,4.640606325098097,1,0,0,0,0,1,0
59,30,10.647746086120604,94197,3,0.4759159042480331,1,0,0,0,0,0,0
48,26,54.880767822265625,92768,1,2.514448895000785,1,0,1,0,0,1,0
29,12,16.46612548828125,91861,2,0.3808853734973487,3,107,0,0,0,0,0
40,9,26.896074295043945,94401,4,0.3037803088735125,2,92,0,0,0,0,0
31,20,45.65336608886719,94024,4,1.5006228246987017,1,0,0,0,0,1,0
50,23,154.54953002929688,95539,1,4.28933683950472,1,0,0,1,0,0,1
59,36,20.604841232299805,93085,3,2.1793368614686712,2,0,1,0,0,1,0
63,29,66.27847290039062,95210,2,4.209636264447727,1,0,0,0,0,1,0
51,38,100.5338897705078,92337,4,1.047193027031859,1,0,0,0,0,1,0
37,14,100.45255279541016,94143,3,3.104343941189416,1,0,0,0,0,1,0
35,5,32.24198913574219,94522,3,0.5292384065990253,1,0,0,0,0,0,0
27,3,89.85214233398438,92392,3,2.651565478967288,1,0,1,0,0,1,0
57,37,30.27127456665039,95051,4,0.0488671397256058,1,96,1,0,0,0,0
56,22,38.41585540771485,93982,4,0.7807173898652437,3,0,1,1,0,1,0
56,27,63.23166275024414,92122,1,3.1530295995160125,2,160,0,0,0,1,0
66,40,31.81907844543457,94154,3,1.7657901471108255,2,114,1,0,0,1,0
32,4,68.64131164550781,94553,4,1.3601722508958989,3,0,0,0,0,0,0
30,8,34.989166259765625,92221,4,0.6350665680170818,3,145,0,0,0,1,0
56,29,18.77632522583008,92162,3,0.9886232736468966,3,83,0,0,0,0,0
60,36,36.96346282958984,94352,2,1.6566367843973229,1,0,0,0,0,0,0
49,37,91.78694915771484,90205,3,4.659805321622004,1,0,0,1,0,0,1
31,7,49.71626281738281,94760,3,1.5755046500932326,1,122,0,0,0,1,0
45,30,29.734235763549805,91173,1,1.0551337914431116,1,0,0,0,0,1,0
41,26,170.7294464111328,94081,4,4.871221067152959,1,0,0,0,0,0,0
63,38,117.5811538696289,95402,2,0.8846855260802441,1,0,0,0,0,0,0
29,4,111.89080047607422,95774,1,2.0954279793721047,1,0,0,0,0,1,0
40,23,44.67066955566406,95372,3,3.141459368322592,3,0,0,1,0,1,0
36,7,23.89658737182617,91208,4,0.2226522333905751,3,0,1,0,0,1,0
57,21,150.8104248046875,94403,1,2.5684215613679218,1,0,0,0,0,1,0
46,12,62.25928115844727,95379,4,1.2564020323689915,1,228,0,0,0,0,0
55,25,35.101078033447266,91153,4,1.2961498953503314,2,0,0,0,0,1,0
37,13,114.27818298339844,92610,2,8.192145201646174,1,0,1,1,0,1,0
37,8,31.73808479309082,95494,4,1.858971591660183,2,77,1,0,0,0,0
28,6,110.4707260131836,91686,2,3.0744844747799074,1,172,0,0,0,1,0
59,28,41.31432342529297,93286,2,1.5859499800498755,3,0,0,0,0,0,0
41,3,121.52239227294922,95499,1,3.36079023550289,1,0,1,0,0,1,0
28,3,111.27918243408205,91384,1,2.8449737770389447,3,0,1,0,0,0,1
40,24,52.11205291748047,94227,4,0.2832548201027066,1,0,0,0,0,0,0
30,10,48.10281753540039,92839,4,1.5910344589353569,3,0,0,0,0,0,0
51,30,93.97435760498048,95451,2,0.3519191821313545,1,0,0,0,0,1,0
42,11,134.57424926757812,95194,2,7.450217108505276,3,0,1,0,0,0,1
49,21,56.63066482543945,93745,3,0.4201943003584164,1,0,0,0,0,1,0
60,34,18.603065490722656,92106,4,0.424913085917098,2,0,1,0,0,0,0
43,3,34.31763458251953,94676,1,0.2913116785251647,3,240,0,0,0,1,0
61,39,90.6412124633789,94183,2,1.776584854522768,2,105,0,1,0,0,0
39,17,44.93526077270508,92700,3,0.5193057033913608,2,0,0,0,0,0,0
33,7,97.38815307617188,94605,1,0.3607648178160737,1,0,0,0,0,1,0
45,33,30.305849075317383,90245,4,0.9620061688438734,3,0,0,0,0,1,0
34,14,64.06771087646484,94339,4,0.0972076194787807,3,0,1,1,1,1,0
54,23,98.23113250732422,95474,2,2.5465859535280555,1,0,0,0,0,1,0
65,38,72.0953598022461,93160,3,1.4524265079140148,2,0,0,0,0,1,0
53,26,33.17887496948242,90287,2,0.1451244388000716,3,274,0,0,0,1,0
32,7,28.557361602783203,90513,3,1.454529329444469,2,0,0,0,0,1,0
64,30,127.84890747070312,94542,3,5.494089036382434,1,0,0,0,0,0,0
31,4,20.72969436645508,94609,3,2.3347581319659456,2,0,1,0,0,0,0
63,39,71.75767517089844,95109,2,2.402905352950189,1,0,0,0,0,1,0
36,14,75.15668487548828,91044,2,1.5653941040314494,1,0,0,0,0,1,0
55,31,70.50992584228516,91730,2,0.9164980772141774,3,0,0,0,0,0,0
61,36,213.0323638916016,96132,2,3.877812188070304,1,0,0,0,0,1,0
51,25,89.08396911621094,91398,1,3.2947885675077577,3,0,0,0,0,1,0
46,21,56.61285400390625,94975,1,1.1631173463413509,3,0,0,0,0,0,0
32,9,27.444982528686523,90884,1,0.688724696524669,3,0,1,0,0,1,0
63,37,73.04473876953125,91579,1,1.9038856749502624,1,0,1,0,0,0,0
64,37,57.919464111328125,93057,4,2.370699834331596,1,0,1,0,0,1,0
39,21,98.92857360839844,96176,3,2.263991578987632,3,230,0,0,0,1,0
37,21,161.8540802001953,91988,2,1.7191007442357866,1,0,0,0,0,1,0
57,8,34.89497375488281,94433,4,1.6694711151675206,1,0,1,0,1,1,0
31,6,167.5562744140625,93301,4,7.655720666785702,3,0,0,0,0,1,1
65,39,28.55751609802246,91538,3,0.3724571007126533,2,0,0,0,0,0,0
32,6,102.5344696044922,91342,2,2.629341994955269,1,0,1,0,0,1,0
33,6,35.27409362792969,91918,4,2.56141521680304,2,0,0,0,0,1,0
28,3,47.45285034179688,93937,4,0.8657522483046223,1,0,0,0,0,1,0
50,28,55.7719955444336,91400,1,0.5664450502043414,3,0,1,0,0,0,0
27,0,16.710620880126953,90756,4,0.1647438099344021,3,0,1,0,0,0,0
63,12,12.653300285339355,93399,2,0.137364655209154,2,144,0,0,0,1,0
39,8,108.98181915283205,90231,1,1.842235918854752,1,0,0,0,0,1,0
56,35,14.101648330688477,95245,4,1.4727048502567126,2,0,0,0,0,1,0
35,14,181.08778381347656,91131,1,2.105282603977785,1,0,0,0,0,0,0
34,9,74.8384017944336,92925,4,1.7406964793452344,2,0,0,0,0,1,0
56,25,42.0270881652832,91647,1,0.782143365216131,3,0,0,0,0,0,0
59,35,145.3622589111328,92454,1,2.962519436686792,3,145,1,0,0,0,1
30,4,61.370304107666016,96324,1,0.604216636645794,3,0,0,1,0,1,0
43,11,69.59614562988281,94082,3,2.18886237873142,2,0,0,0,0,1,0
41,5,184.47952270507807,93825,2,8.115937180911963,1,0,0,0,0,0,0
49,34,124.48965454101562,92667,4,4.047025579090851,1,0,0,0,0,0,1
64,36,86.09063720703125,93226,3,0.2860667557163708,1,252,1,0,1,1,0
39,11,15.036839485168455,91914,4,0.1993307536275396,3,0,0,1,0,1,0
31,16,113.78087615966795,96144,1,1.319041915018281,1,0,0,0,0,1,0
33,6,35.685211181640625,95387,1,3.0806571528654545,3,122,0,0,0,1,0
53,31,32.25669860839844,91099,3,0.3874706945358973,2,0,1,0,0,0,0
31,5,39.54713439941406,94757,1,0.2079172396893923,3,0,0,0,0,0,0
36,11,39.11606216430664,91271,3,1.4286259139885509,2,0,1,0,0,0,0
26,0,72.51725006103516,90825,2,2.35069665872824,3,229,0,0,0,1,0
32,8,43.79332733154297,94719,4,2.441644827508467,1,0,1,0,0,0,0
34,20,55.73991012573242,95253,4,1.5134563030850736,1,0,0,0,0,1,0
56,17,177.61134338378906,94214,2,0.3262138602518674,1,0,1,0,0,0,0
44,27,82.9327621459961,94513,2,2.03354887790418,1,0,0,0,0,1,0
44,26,187.2611389160156,93507,3,6.996145759936072,1,0,0,0,0,1,0
63,30,24.97212600708008,92674,3,1.3673273543081426,3,0,0,0,0,1,0
38,10,102.00911712646484,94382,1,0.0659664951997275,1,0,1,0,0,1,0
37,16,155.6662139892578,94566,1,0.1875468797401828,3,0,0,0,0,0,1
53,8,118.1066436767578,92267,2,1.947638930116953,1,423,0,0,0,1,0
35,16,159.3348846435547,94670,2,3.607869607116711,1,289,0,1,0,0,0
39,13,179.87770080566406,93723,1,5.474239167298808,3,0,1,0,1,1,1
53,25,40.99533462524414,94186,3,2.6147779148548755,2,0,0,0,0,0,0
63,37,103.9154815673828,95322,1,3.186657669345019,1,148,0,0,0,0,0
59,36,16.264175415039062,90463,2,0.0814867136258089,1,0,0,1,0,0,0
67,42,26.956218719482425,92329,2,0.5763995143814018,2,151,0,0,0,0,0
62,37,61.48119354248047,92894,3,1.4267309260317045,3,0,0,0,0,1,0
53,32,71.71760559082031,94530,4,0.3924434479796838,3,118,0,0,0,0,0
50,33,56.25089263916016,92791,4,2.9880436750507555,3,0,1,0,0,1,0
32,8,150.89849853515625,93655,2,0.1816193718357803,1,0,0,0,0,0,0
61,38,88.1978759765625,92631,2,0.060910417221085,3,0,0,0,0,1,0
34,11,137.82110595703125,91872,4,6.889853246612397,1,0,0,0,0,1,0
35,7,90.6908187866211,94082,4,2.561778188348848,3,0,0,0,0,0,0
32,11,127.81843566894533,92208,2,0.4386947766509758,1,0,0,0,0,1,0
37,17,50.69755935668945,91805,3,1.6262232861418826,2,161,0,0,0,1,0
33,16,51.80323028564453,95290,3,0.225218292018986,1,0,0,0,0,0,0
59,26,54.46745681762695,95822,4,1.6978107823094264,1,0,0,0,0,0,0
40,10,63.6151123046875,95701,3,2.2520614251701843,1,100,0,0,0,1,0
45,18,58.22382736206055,90187,2,4.1195830377170655,1,0,1,0,0,1,0
34,20,173.73231506347656,92343,2,5.602368474509694,1,0,0,0,0,1,0
35,5,71.344482421875,92060,1,0.9388628441995802,2,0,0,0,0,0,0
38,15,80.88485717773438,95849,3,1.0892697121512365,2,0,0,0,0,0,0
52,24,14.136113166809082,94901,1,1.6481444574927533,1,0,0,0,0,1,0
54,17,60.37657165527344,91471,3,0.3323040408284026,2,0,0,0,0,0,0
43,17,16.12679672241211,94613,1,0.5258727419989349,1,114,1,0,0,0,0
31,15,112.86360168457033,92937,2,6.779048265249687,1,0,0,0,0,0,0
42,19,76.19081115722656,94748,1,2.607892873722988,1,0,0,0,0,0,0
44,25,51.31924819946289,94487,4,1.619571089186636,3,0,0,0,0,1,0
59,22,64.4130630493164,91081,4,0.66287927944853,3,0,0,0,0,1,0
53,27,63.560672760009766,90146,1,0.6449395627476491,3,0,0,0,0,0,0
34,11,107.46663665771484,95626,1,1.5830263597298189,1,0,0,0,0,1,0
26,0,57.20444869995117,90172,3,0.5305566065500098,1,0,0,1,0,1,0
51,30,53.95581817626953,93240,2,4.769846809823994,2,0,0,1,0,0,0
51,21,42.43405151367188,90401,4,0.8179321132312039,2,0,0,0,0,1,0
50,25,43.62364196777344,94106,1,1.077400946476424,3,0,0,0,0,1,0
53,26,60.30233383178711,95196,2,2.3289368237005847,3,199,0,1,0,1,0
31,2,23.877649307250977,94480,1,0.379849471837226,3,0,0,0,0,0,0
44,30,17.590072631835938,93250,4,0.8422700109368254,2,0,1,0,0,0,0
51,22,39.96646881103516,91281,1,2.584097222520332,1,0,1,0,0,0,0
63,36,22.750999450683597,93205,3,0.1257064063368777,2,0,0,0,0,0,0
37,17,116.82270050048828,94560,2,1.8681974195123123,3,0,0,0,0,1,1
44,29,14.213740348815918,92901,3,0.2589821671840818,2,0,0,0,0,1,0
30,5,137.4873046875,92147,1,4.6705848695688825,1,0,1,1,0,0,0
56,32,86.24922180175781,92976,3,1.9680167859295543,1,0,1,1,0,0,0
44,18,47.73380661010742,90431,1,0.9053506870279686,3,0,0,1,0,0,0
42,20,35.992130279541016,94604,4,0.1505391960597182,2,0,1,0,0,1,0
45,18,143.08682250976562,91196,1,7.462290112571449,1,0,0,0,0,1,0
65,41,52.4911994934082,92045,4,1.3807652124793066,3,228,1,0,0,1,0
57,37,143.398193359375,91934,1,2.7874256240143382,2,0,1,0,0,1,1
61,33,34.84708404541016,93753,4,2.332455852552704,2,0,0,0,0,0,0
42,19,46.22692489624024,90535,3,0.7244379117205907,1,0,0,0,0,0,0
48,19,32.970176696777344,93947,2,1.6011297932242554,1,146,0,0,0,0,0
37,20,40.054447174072266,92789,1,0.1841867069029137,3,0,0,0,0,0,0
63,35,48.01139450073242,91963,4,1.8722463363516064,3,76,0,0,0,1,0
36,10,35.18394470214844,92875,1,1.3359069785752808,1,107,1,0,0,0,0
55,20,76.42573547363281,90022,1,0.7570736227660545,1,0,1,0,0,0,0
36,14,34.50406646728516,95355,1,1.622451565771529,3,0,1,0,0,1,0
38,14,75.01657104492188,91441,2,0.4327640567273601,1,0,0,0,0,0,0
28,4,51.269527435302734,92183,1,1.7364394122491442,1,0,0,0,0,0,0
41,20,106.03634643554688,95483,3,4.820669854012446,1,0,1,0,0,0,1
60,36,68.0924301147461,95457,1,0.8473299173312038,1,0,0,1,0,1,0
61,34,51.06209564208984,94406,1,1.7450013673595302,3,0,1,0,0,1,0
29,6,43.03791809082031,92254,3,1.4478025785662063,1,0,0,1,0,1,0
61,39,88.7782211303711,92972,1,5.411073113417263,1,0,1,1,1,1,0
64,39,92.66453552246094,92938,2,0.5746446943541377,1,155,0,0,0,0,0
37,7,141.87242126464844,91255,2,7.454976678978078,1,0,0,0,0,1,0
41,16,80.6856460571289,91906,1,1.4196978165419027,1,0,1,0,0,0,0
30,3,41.02920150756836,90972,4,0.1558737981775499,1,91,0,0,0,1,0
65,37,27.676416397094727,92144,3,0.588409133353366,2,0,0,0,0,1,0
56,31,21.20795249938965,92077,2,0.1024506175809503,1,0,0,0,0,0,0
38,6,57.57586288452149,95239,4,0.8414376233741889,1,0,0,1,0,0,0
51,28,18.10445785522461,95762,3,0.1455422510586252,2,0,0,0,0,0,0
42,19,48.42721176147461,92154,2,0.2981654775776497,3,0,0,1,0,0,0
58,33,93.66471099853516,92828,4,2.158411139306017,3,0,0,0,0,0,0
53,23,50.57734298706055,94428,3,0.8423083202258045,1,0,0,1,0,0,0
27,-1,154.1008758544922,94329,2,6.664711012400463,1,0,0,0,0,1,0
31,3,79.43276977539062,91880,2,2.9860814081047105,1,119,0,0,0,1,0
44,16,103.52197265625,95190,1,2.942109277727984,3,0,0,0,0,0,0
50,26,27.662080764770508,95329,1,0.9212457154947796,2,0,0,0,0,0,0
55,33,63.0434684753418,94759,1,1.2783229714221185,3,0,0,0,0,0,0
33,8,51.38561630249024,91519,3,0.8981382574872223,2,0,1,0,0,0,0
57,34,61.0963134765625,90282,4,2.158869917284619,1,0,0,0,0,0,0
38,13,155.58682250976562,94562,4,3.120692314527181,1,0,1,1,1,1,1
53,22,30.582130432128903,92389,2,1.5957038819432614,1,0,0,1,1,1,0
32,6,66.54249572753906,95582,1,1.7921808433193378,2,0,0,0,0,0,0
57,34,84.83301544189453,93018,4,0.7854404725883333,1,0,1,0,0,1,0
42,15,44.95777893066406,90413,3,1.7482330292027812,1,0,1,0,0,0,0
44,27,64.82559204101562,90717,1,2.142833920579347,3,383,1,0,0,1,0
62,36,95.0562744140625,96177,4,0.5334112641049293,3,0,0,0,0,1,0
31,4,34.6202507019043,90017,1,2.1417627333564044,1,0,0,0,0,0,0
44,19,139.5651397705078,95541,2,7.315465356263701,1,0,0,0,0,1,0
57,34,154.01939392089844,95266,3,8.847868396190545,1,401,1,0,0,1,0
49,17,195.85198974609372,92330,4,4.7355300560646025,3,110,0,0,0,1,1
51,14,155.32276916503906,90011,1,4.039849390553422,1,291,0,0,0,0,0
35,21,25.9984188079834,92989,1,0.9693003574520732,1,0,0,0,0,1,0
50,34,156.633544921875,92809,3,0.4453620282875314,3,0,0,0,0,0,1
54,20,191.0656280517578,91213,2,8.69252937662308,1,0,1,0,0,1,0
26,0,61.66411590576172,94010,3,0.4434540226295904,3,252,0,0,0,0,0
33,2,30.98036193847656,91579,2,0.2122745586416963,3,163,0,0,0,1,0
63,37,118.47799682617188,92051,3,1.800134483628601,1,0,0,0,0,1,0
54,22,27.39750862121582,94924,1,0.7155894560464926,3,0,0,0,0,0,0
65,40,105.47998809814452,95456,2,4.557302500717725,1,149,0,0,0,1,0
59,35,97.38187408447266,92025,2,2.898856210131361,1,0,1,0,0,0,0
27,4,115.5194854736328,89842,2,1.828215884715975,1,117,1,0,0,0,0
63,37,121.97293853759766,93028,1,2.7033876962799823,1,0,0,0,0,0,0
59,33,88.51183319091797,93303,1,0.7736544990860451,3,0,0,0,0,0,0
59,37,106.03215026855467,92734,4,0.2421507075430522,1,147,0,0,0,0,0
43,22,163.7306671142578,94764,3,2.9586214485915043,1,0,1,0,0,1,0
43,17,37.18708038330078,92014,4,1.312301415994692,2,103,0,0,0,1,0
28,3,152.22703552246094,93019,2,1.368042032872623,1,0,1,0,0,1,0
57,23,70.64006805419922,92062,1,0.124329949523121,3,0,0,0,0,0,0
59,16,179.65394592285156,95338,2,0.519001650477723,1,0,0,0,0,1,0
60,35,138.6770782470703,92716,1,0.3663044706972451,1,0,1,0,0,0,0
49,27,29.02611351013184,90094,2,1.5446259750736386,2,0,0,0,0,0,0
49,22,66.34341430664062,95422,3,1.753468206393702,2,152,0,0,0,0,0
26,1,30.867658615112305,93192,3,0.6758403077526165,1,109,0,0,0,0,0
43,19,175.15553283691406,95272,1,1.622275693697836,1,0,1,0,0,0,0
54,23,52.17837142944336,90273,1,0.5798478637643784,2,0,0,0,0,0,0
47,21,142.49249267578125,90545,4,4.373203686130064,2,0,0,0,0,0,1
38,11,81.64915466308594,94646,4,0.7732209540203812,3,149,1,0,0,1,0
40,17,88.67550659179688,94833,1,2.0732086569416888,3,0,0,0,0,1,0
28,7,66.69129943847656,94623,4,0.8803919521439784,2,0,0,0,0,1,0
50,32,134.43609619140625,94433,2,1.3926948214965127,1,491,1,0,0,0,0
61,35,71.28448486328125,95770,2,1.2633610812568192,2,0,0,0,0,1,0
38,16,154.6755828857422,94798,1,2.191596955094519,2,0,0,0,0,0,1
32,8,117.57920837402344,92400,1,2.9259115867483203,1,0,0,0,0,1,0
29,6,32.39102554321289,93708,3,1.5707972932882257,2,97,0,0,0,1,0
62,28,39.82572937011719,95282,4,0.1918529146313664,3,0,0,0,0,1,0
41,16,161.4499053955078,95116,4,6.692054235757313,2,0,0,0,0,1,1
28,3,51.07671737670898,94533,3,1.2837960623971492,2,0,0,0,0,1,0
53,32,30.008129119873047,93967,1,0.992181280633853,2,0,1,0,0,0,0
26,1,62.18624877929688,91461,4,0.3642883878346994,2,0,0,0,0,0,0
46,33,58.097618103027344,94072,2,2.1694952913549304,2,0,1,0,0,1,0
61,36,68.414306640625,92905,2,0.2774554268404307,3,0,0,0,0,0,0
41,5,175.53463745117188,95410,4,9.002464195512932,3,0,0,0,0,0,1
46,19,136.2989501953125,91168,2,7.610218387927063,1,104,0,0,0,0,0
63,41,172.2810516357422,91346,2,2.0581599316807244,1,172,0,0,0,0,0
28,5,56.51637649536133,91485,1,0.7237555527210224,1,0,0,0,0,0,0
64,28,76.37893676757812,92806,2,1.9004172262064916,3,0,0,0,0,0,0
52,24,119.04458618164062,92094,2,0.2398877640365647,1,0,0,0,0,0,0
35,9,42.56334686279297,90573,2,1.535775283528676,2,122,0,1,0,0,0
52,32,18.749849319458008,91550,2,0.3541807254627128,3,120,0,0,0,1,0
30,5,176.90724182128906,95019,2,2.9012545496235447,1,0,0,1,0,0,0
42,13,23.124813079833984,92153,3,0.0105270103175386,2,0,0,0,0,1,0
35,7,45.19713592529297,94283,2,2.037834799725817,2,147,1,0,0,0,0
58,28,154.2374267578125,91422,1,4.106608983049738,2,0,1,0,0,0,0
33,7,12.501965522766112,93273,4,0.2340850475546076,3,103,0,0,0,1,0
64,34,58.594146728515625,92459,2,0.0357283652090396,3,0,0,0,0,0,0
65,38,39.63945770263672,94670,4,1.2406608139946682,2,0,0,0,0,1,0
63,26,159.211181640625,92083,2,2.376416187614846,1,386,1,0,0,1,0
54,34,48.00856399536133,94730,3,1.9682177861535295,2,0,0,0,0,0,0
32,2,42.92792510986328,92303,3,1.6265401106529922,1,0,0,0,0,1,0
54,36,68.14210510253906,94196,4,1.424726518926808,2,0,0,0,0,0,0
41,22,33.93062210083008,92288,1,2.3034414486216583,3,178,1,0,0,1,0
32,1,38.35839080810547,91200,2,0.1631704298854976,1,0,1,0,0,1,0
60,34,115.4520263671875,92816,2,1.906819943379004,3,0,0,0,0,1,0
43,5,45.20099258422852,95170,1,0.5759566290364748,3,0,0,0,0,0,0
37,3,81.0576400756836,93909,1,0.382631991028169,2,0,1,1,0,1,0
64,35,123.92015075683594,94618,4,2.1536208723311123,3,0,0,0,0,1,0
40,25,67.54930114746094,91981,2,0.0603349778051957,1,0,1,0,0,0,0
60,37,74.88471221923828,91844,4,0.7437977280427995,3,0,0,0,0,1,0
63,34,16.894317626953125,95348,3,0.0222826723041525,3,0,0,0,0,1,0
59,40,85.02154541015625,92393,4,1.5016056201271248,3,0,0,0,0,0,0
42,20,123.65907287597656,90210,2,1.8000769689887262,1,0,0,0,0,1,0
34,8,31.741289138793945,92099,1,0.7672659942805942,3,91,0,0,0,1,0
39,10,104.00885772705078,93412,1,3.1109371219022224,3,0,1,0,0,1,0
45,21,79.0838394165039,94028,1,1.5675421062939074,3,0,0,1,0,0,0
50,24,155.76365661621094,95156,2,2.9674498275909995,1,214,0,0,0,1,0
42,25,137.00270080566406,92160,1,6.293370427797949,1,0,0,0,0,1,0
35,12,63.1745491027832,95151,4,1.6986231407819006,3,0,0,0,0,1,0
60,32,156.4283447265625,93327,1,5.901049320372254,1,0,0,0,0,1,0
31,4,134.57879638671875,89961,1,2.921381716128237,1,0,0,0,0,0,1
42,23,69.00904846191406,92494,4,2.877379191234429,1,481,1,0,0,0,0
58,30,28.19837951660156,90617,1,0.6258346632339049,1,0,1,0,0,1,0
46,21,44.68856430053711,90404,3,1.9272106014213204,3,0,0,0,0,0,0
55,31,44.15849685668945,91973,3,2.068338969259098,2,104,0,0,0,0,0
40,18,25.848840713500977,94815,4,0.3917723212467091,3,0,1,0,0,1,0
47,26,49.0287971496582,94247,4,0.3553256942529578,2,160,0,0,0,0,0
62,32,38.771461486816406,91935,3,1.2968420437166763,2,224,0,0,0,1,0
37,14,29.905139923095703,93942,4,1.0097913847976685,3,0,1,0,0,1,0
57,36,143.50669860839844,94865,4,6.232581815176554,2,0,0,0,1,1,1
66,41,30.10013198852539,92316,4,0.1421680634451791,1,0,0,0,0,0,0
58,32,41.306766510009766,92929,2,0.1601782230721825,1,0,0,0,0,1,0
30,16,42.26137161254883,95254,1,0.4404833068763979,1,0,1,0,0,1,0
50,24,96.41686248779295,92601,2,0.700433184474115,1,0,0,1,0,0,0
29,11,29.528196334838867,93874,2,0.4378380178730016,3,0,0,0,0,1,0
39,26,78.16580200195312,91994,3,0.3801047082895795,1,0,0,1,0,0,0
63,28,47.49418640136719,94983,3,0.3136729961624745,3,0,0,0,0,0,0
63,36,90.60804748535156,90438,4,1.4953680688743811,2,0,0,0,0,0,0
48,32,131.9505157470703,94502,1,1.0287632259304378,1,0,1,0,0,1,0
30,17,67.60945129394531,94228,4,1.3658053853670298,1,0,1,0,0,1,0
47,32,101.12845611572266,91424,3,4.784360915409021,1,0,0,1,0,0,0
58,35,68.76829528808594,93077,2,0.4869542727970635,3,110,0,0,0,1,0
55,18,39.75703811645508,94835,1,1.0081345087995404,3,0,0,0,0,1,0
59,29,16.896892547607422,94151,4,0.3408502213838618,3,0,0,0,0,0,0
50,24,96.51288604736328,94294,2,1.518618564336338,3,0,1,1,1,0,0
35,6,76.12401580810547,94509,2,2.6743740650771164,2,0,1,0,0,0,0
58,36,137.23031616210938,89916,2,1.6345011008213215,1,0,1,0,0,1,0
30,5,69.87374877929688,93172,3,1.5465807753132668,3,0,0,0,0,0,0
39,9,51.06246948242188,94192,3,0.6658557561703103,1,0,0,0,0,1,0
37,20,112.6032485961914,95404,2,2.466051673645038,2,0,0,0,0,0,0
47,23,33.39371871948242,94505,4,0.5963426397871365,1,0,1,0,1,1,0
39,17,141.2179412841797,92333,1,0.5821909694681576,1,0,1,0,0,1,0
36,16,185.1221923828125,94990,1,5.3993008422071,1,0,1,0,0,1,0
55,33,78.96316528320312,91215,3,0.14851929927848,2,0,1,0,0,1,0
53,22,173.14215087890625,92897,2,7.183562476342483,1,0,0,0,0,1,0
50,26,54.7620735168457,94986,2,1.0445332089834094,2,0,0,0,0,1,0
37,9,43.479923248291016,95558,3,0.4694605564540755,1,0,0,0,0,1,0
33,20,34.604591369628906,92655,4,1.794665077786533,1,0,1,0,0,0,0
41,13,41.44643020629883,92405,3,0.4130146451419603,1,182,0,0,0,1,0
57,33,124.04916381835938,95328,3,2.0950830326186742,1,0,0,0,0,1,0
26,5,158.2638702392578,92538,1,0.4005984000667167,1,0,1,0,0,1,0
43,14,26.401805877685547,92972,2,0.4083684038162296,3,0,1,0,0,0,0
34,8,105.8888702392578,93824,2,1.722966749029115,1,370,0,0,0,1,0
26,3,63.44828796386719,96344,1,0.6861690745846932,1,0,0,0,0,0,0
32,18,59.15433120727539,91934,3,1.0747305514431216,3,0,0,1,0,0,0
52,15,95.9930648803711,90229,2,1.016717461177815,1,0,0,0,0,1,0
32,4,131.64657592773438,92944,4,1.0739949243264504,3,102,0,0,0,0,1
37,1,48.50228500366211,95159,1,2.0292917054572657,2,0,0,0,0,0,0
42,32,91.15272521972656,95435,4,0.4501698095944058,1,101,0,0,0,1,0
25,-1,82.42119598388672,95850,2,0.534459009800285,3,0,0,0,0,1,0
65,31,18.02484893798828,92964,1,0.3547153448892541,1,0,0,0,0,0,0
33,5,37.30848693847656,91857,2,2.1425468515409487,2,120,0,0,0,0,0
53,23,125.71844482421876,91492,4,2.71281609066092,1,233,0,0,0,1,0
54,23,51.90558242797852,94747,2,0.1477252236240822,3,0,0,0,0,0,0
27,1,77.37531280517578,92044,4,1.754868397041475,2,87,0,0,0,0,0
46,16,169.4730224609375,94091,1,0.4001489438502431,1,0,1,0,0,1,0
31,3,36.40547943115234,95859,4,0.2983245966695995,2,0,0,0,0,1,0
29,22,22.68436813354492,91978,2,0.175709551725103,3,96,1,0,0,0,0
47,24,152.82589721679688,91889,4,0.7649024426374077,1,225,0,0,0,1,0
57,33,47.78497695922852,94986,1,2.1937780085364453,1,329,0,1,0,0,0
63,34,43.10271453857422,94542,3,1.2383858480086851,3,89,0,0,0,0,0
53,31,61.98595428466797,93318,2,1.080642810547633,3,0,0,0,0,1,0
44,24,95.06963348388672,95726,1,2.7680275241726475,1,0,0,0,0,1,0
39,24,29.131446838378903,95757,3,0.0144013925866751,1,0,1,0,0,1,0
43,20,104.67927551269533,95977,2,1.6952509286292354,1,0,0,0,0,0,0
46,23,37.96067810058594,93445,3,0.7487814087481399,1,121,0,0,0,0,0
43,18,42.2140007019043,94598,3,2.17301380956144,3,68,0,0,0,0,0
43,14,85.66326904296875,94185,1,1.0151862840009676,1,0,0,1,0,1,0
37,14,74.04566955566406,94266,1,3.731598872585564,1,0,0,0,0,1,0
52,39,80.09024810791016,94832,3,0.64458710898263,2,152,1,0,0,0,0
41,20,32.46128845214844,91995,3,0.7211818464043613,2,0,1,0,0,1,0
60,33,25.33981132507324,93781,2,0.9931832681792104,2,0,0,0,0,1,0
66,40,25.58778381347656,90770,4,0.2759889336356192,2,0,0,1,0,0,0
67,41,34.750606536865234,94424,4,0.7954183608028159,2,0,0,1,0,1,0
52,25,45.79619216918945,92175,1,1.2497698992176356,1,0,0,0,0,0,0
66,40,85.4027328491211,95455,4,1.2026522998187774,3,406,1,0,0,0,0
34,8,133.38626098632812,91322,2,0.2486336323589965,1,0,0,0,0,1,0
63,22,213.1439514160156,90627,2,7.524041019086709,1,381,0,1,0,0,0
43,9,125.7408447265625,90517,3,5.47254080590618,2,319,1,0,1,1,1
64,40,23.03852844238281,94771,4,1.8409261327550157,1,0,1,0,0,1,0
57,21,37.586158752441406,94442,1,1.5947626921191884,3,0,1,1,0,0,0
45,22,59.00334548950195,91699,4,2.1878769802963207,1,0,0,0,0,0,0
50,20,87.2777099609375,95305,3,0.2544299796722264,1,266,0,0,0,1,0
32,6,117.17877197265624,95411,2,3.610309686249356,1,0,0,0,0,1,0
45,14,54.050331115722656,90348,2,0.0149815730606763,2,0,0,0,0,0,0
51,5,46.940067291259766,94537,4,1.6461939148013187,2,112,0,0,0,1,0
40,21,186.184326171875,94012,2,0.9116725473955156,1,0,0,0,0,1,0
58,33,54.9335823059082,95355,2,0.1586414689996809,1,0,1,0,0,0,0
41,16,153.889404296875,95649,1,1.3524840831616376,3,594,0,0,0,0,1
56,34,34.8780517578125,90098,3,2.326907625414779,1,0,0,0,0,0,0
41,27,62.555938720703125,94406,1,2.039611906717252,1,0,0,0,0,1,0
44,19,78.21836853027344,94489,4,0.4972552997655731,2,0,0,0,0,0,1
28,1,71.3631591796875,92967,1,1.1948283726053242,3,0,0,0,0,0,0
51,26,36.952728271484375,92714,3,1.2446989585602388,3,0,1,0,0,1,0
41,16,124.60684204101562,92973,4,2.0544365911872235,1,0,0,0,0,0,0
40,21,176.91600036621094,92076,1,9.284992684693991,3,0,1,0,1,1,1
32,5,26.271785736083984,93875,4,1.8857660430408572,2,0,1,0,0,1,0
30,6,58.44425201416016,91214,2,2.835982076207492,1,0,1,0,0,1,0
65,38,185.09410095214844,93005,3,7.863226661348642,2,496,1,0,1,0,1
57,26,25.750337600708008,95067,4,0.8880860946763615,3,0,1,0,0,1,0
46,15,129.19781494140625,91244,2,1.7140825483401585,1,0,0,0,0,1,0
45,24,82.78312683105469,92207,1,0.2705950699194994,1,0,0,0,0,0,0
38,12,28.56159210205078,94671,4,0.2223079921945079,1,113,0,0,0,1,0
64,38,26.300386428833008,92745,3,2.569003612570352,1,0,0,0,0,0,0
59,38,66.04623413085938,93966,3,1.8368285082685547,1,0,0,0,0,0,0
37,5,149.79835510253906,92126,4,4.835811147002801,2,224,0,0,0,1,1
60,38,59.59152221679688,94780,3,0.8000489915244632,1,230,1,0,1,1,0
59,31,186.364013671875,93113,1,8.66651267581478,2,0,0,0,1,1,1
32,15,43.10590362548828,90880,2,1.7552209391528204,1,0,0,0,0,0,0
45,23,82.35934448242188,93016,1,0.6471839957087494,2,0,0,0,0,0,0
25,0,155.87623596191406,93856,4,3.37580750031008,2,0,1,0,0,1,1
57,25,68.16527557373047,94391,1,0.2320721257064095,3,186,1,0,0,0,0
34,7,35.79317855834961,92868,4,0.6033713701843533,1,0,0,0,0,0,0
40,10,31.84154510498047,92506,3,1.2839942900319778,2,0,0,0,0,1,0
53,36,185.4334259033203,91198,1,4.454248494888902,1,0,0,0,0,1,0
26,6,155.426513671875,95144,2,4.339127104329286,2,0,1,0,1,1,0
37,20,51.64737701416016,91141,2,1.1564831150144248,2,0,1,0,0,0,0
60,36,125.13894653320312,92127,1,2.943721016242132,1,0,0,0,0,1,0
38,15,111.17796325683594,95124,4,2.44399312831563,1,432,1,0,0,1,0
29,5,122.68509674072266,91322,2,3.07624560581488,1,0,1,0,0,1,0
41,12,74.75804901123047,95310,3,1.7476422710106343,2,0,1,1,1,1,1
50,27,35.374244689941406,92667,2,0.2176206942951272,1,103,1,0,0,1,0
31,-2,62.428802490234375,92277,4,1.6468493386396497,1,228,0,0,0,0,0
60,27,107.45567321777344,90177,2,0.9409806831120726,1,0,1,0,0,1,0
57,31,64.24134826660156,90286,1,1.0643812504862389,3,0,0,0,0,1,0
28,11,46.63636779785156,94043,1,0.4401321843388685,1,103,0,0,0,1,0
34,25,60.77397155761719,94501,2,0.8520773554091944,2,232,1,0,0,1,0
57,27,71.4849853515625,91985,3,0.8655658267585573,3,0,0,0,0,1,0
51,27,96.29822540283205,94725,2,2.8942409962380333,1,0,1,0,0,1,0
42,24,111.68907165527344,89877,2,2.354143261798325,3,0,0,0,0,1,0
43,15,23.196596145629883,95199,4,0.3874157110411448,2,104,0,0,0,1,0
56,29,69.4732666015625,91948,1,3.809743124308771,1,0,0,0,0,0,0
44,24,31.611146926879883,94700,3,0.3370352228213096,1,0,0,0,0,1,0
45,16,35.27750015258789,90857,4,0.9297512654981512,1,0,0,0,0,1,0
55,32,15.802833557128906,94568,3,0.7623747262878041,2,0,0,0,0,1,0
29,6,78.12252044677734,91240,1,0.9225006201626184,3,0,0,0,0,0,0
29,4,25.139894485473636,93868,4,0.3102419599821013,2,0,0,0,0,0,0
36,11,23.20416641235352,91960,1,1.3630237963872889,2,102,0,0,0,0,0
42,24,49.62458419799805,92348,4,1.1943101232394693,2,0,0,0,0,0,0
57,34,61.296043395996094,94885,2,1.81547668047861,1,104,1,0,0,1,0
58,29,87.59429168701172,94564,3,2.366290515449765,3,215,1,0,0,1,0
28,3,44.26462173461914,94862,4,2.088029855785687,1,0,1,0,0,1,0
45,25,61.576446533203125,95832,2,0.9787286857412753,2,0,1,0,0,0,0
39,12,107.54995727539062,94223,1,0.4389587831708388,3,0,0,0,0,1,0
58,30,133.72113037109375,92647,4,0.2615784923888321,2,397,0,0,0,0,0
50,28,59.55342102050781,94587,2,1.3389823012244828,3,0,0,0,0,0,0
30,7,40.23308181762695,90331,4,1.7900382488606876,2,0,0,0,0,1,0
27,-1,33.14960479736328,92180,4,0.4804733896318308,2,122,0,0,0,1,0
42,18,50.86205291748047,95250,4,1.0767402225600615,3,0,0,0,0,0,0
29,11,110.15375518798828,95855,2,1.5198720993481674,1,362,0,0,0,0,0
42,3,43.374786376953125,93392,1,0.5759702701397842,3,142,0,0,0,0,0
60,39,18.89793968200684,95826,3,0.4542015470483247,1,0,0,0,0,0,0
62,35,61.91973876953125,91972,3,0.4088794318154763,3,0,0,0,0,1,0
51,27,35.666053771972656,90107,2,0.4777823572325856,1,104,0,0,0,1,0
38,23,93.14096069335938,93047,1,3.4897557609856205,3,0,0,0,0,1,0
64,40,92.1314926147461,92286,2,1.20703166146134,3,0,1,0,0,1,1
49,14,25.947023391723636,90736,4,0.4242692365620217,2,0,0,0,0,0,0
63,33,27.11097717285156,93346,2,0.8773811972018033,3,0,0,0,0,0,0
50,17,19.413516998291016,92734,4,2.7019903254422686,2,0,0,0,0,0,0
30,15,85.43965148925781,90425,1,2.082693795658019,1,232,0,0,0,0,0
32,7,56.03056335449219,90724,1,2.189923036236193,1,0,0,0,0,1,0
60,36,106.3518295288086,93888,3,1.1632613824038225,2,0,0,1,0,0,0
60,31,31.914981842041016,94285,1,1.0185879057950349,2,0,0,0,0,0,0
54,32,149.29299926757812,91051,1,2.6489672640803352,1,0,0,0,0,1,0
32,10,32.15596008300781,90584,2,0.9740308552987168,1,0,1,0,0,1,0
26,2,100.68038177490234,90111,1,2.5633692119358966,3,0,0,0,0,0,1
43,18,189.76898193359372,94679,2,4.257954578623186,1,0,1,1,1,0,1
29,3,107.77182006835938,91289,1,2.6288383243345077,1,0,0,0,0,1,0
31,7,36.24653244018555,94569,3,0.6625870224770893,2,0,0,0,0,1,0
32,7,79.7074966430664,92068,4,2.9154551988283384,1,0,1,0,0,0,0
28,6,110.6010513305664,95061,1,3.033629598151781,1,0,0,0,0,1,0
30,7,138.82801818847656,91774,2,2.969393525943499,1,0,1,0,0,0,0
28,6,57.670745849609375,94433,2,1.6606717415000474,2,0,0,1,0,0,0
33,9,67.222900390625,91284,3,2.109851547213938,1,0,1,0,0,0,0
40,4,69.70703887939453,94294,4,1.1984121064358944,1,0,0,1,0,1,0
39,19,46.55894088745117,92438,1,0.7845209977897284,3,0,0,0,0,0,0
31,4,31.35326194763184,94434,3,0.690523897284359,2,0,1,0,0,0,0
28,5,36.445709228515625,93426,1,2.5320259727784,1,131,0,0,0,1,0
64,38,30.23994445800781,90125,4,0.4121154954570897,3,0,1,0,0,1,0
54,7,23.06338882446289,90009,2,0.3622876678239203,3,122,0,1,1,1,0
66,39,82.34037780761719,91801,3,1.416140050783075,2,0,0,0,0,0,1
49,28,40.67991638183594,91036,1,1.8590911127328464,1,0,1,0,0,1,0
41,17,56.37468719482422,90172,1,2.9152804037247,1,265,0,0,0,0,0
45,12,90.56140899658205,94660,2,1.844394634843321,3,0,0,0,0,0,0
36,6,61.955963134765625,94286,4,2.486254088955984,1,0,1,0,0,1,0
58,38,32.037742614746094,89787,2,0.5052926965068828,3,207,0,0,0,1,0
37,19,140.43507385253906,91323,1,1.0031198166215096,3,0,1,0,1,1,1
45,24,33.6627082824707,94699,1,0.9469367429408362,1,110,0,0,0,1,0
49,28,110.96369171142578,93040,1,3.5430517235211005,1,0,0,0,0,1,0
45,29,62.49730682373047,93856,2,1.3273204174168702,1,0,0,0,0,1,0
57,30,34.60855484008789,96115,1,0.478379886853304,2,0,0,0,0,1,0
44,17,84.3231201171875,91214,1,1.366438677041014,1,0,1,0,0,1,0
28,4,207.67437744140625,91924,4,2.718322200859828,2,0,1,0,1,1,1
48,23,138.743408203125,94305,1,0.8539023910639094,1,165,0,0,0,0,0
37,11,188.16256713867188,92106,1,7.980722995303932,1,396,0,1,1,1,0
36,12,68.18392944335938,90682,3,0.6309306473899223,2,0,0,0,0,0,0
36,10,83.7503433227539,90577,1,1.3665507046294976,1,78,0,0,0,1,0
52,27,211.8763427734375,89907,1,5.48193265747272,1,0,1,0,0,1,0
63,40,33.52570343017578,90852,3,1.0300939354646417,3,234,0,0,0,0,0
45,22,127.37025451660156,95623,2,1.65304615738262,3,299,0,0,0,0,0
53,20,133.09706115722656,90668,3,5.389963098234923,1,0,0,0,0,1,0
49,27,57.18125534057617,90411,4,2.8379152244704344,1,118,0,0,0,1,0
27,4,35.15550994873047,92842,4,0.6982849411977179,3,0,1,0,0,1,0
29,6,72.58445739746094,90773,4,1.0389800560898896,1,0,1,0,0,0,0
26,0,58.96866226196289,90053,1,1.4090728053237755,3,0,0,0,0,0,0
47,13,17.797914505004883,94680,3,0.7241181001395466,1,100,1,0,0,1,0
30,1,93.8220443725586,95012,1,2.902531791328558,2,0,0,0,0,1,0
32,10,137.885009765625,91770,2,4.149927941457363,3,0,0,0,0,1,1
36,23,77.82372283935547,94782,1,1.0625225666703533,2,0,1,0,0,0,0
40,16,51.91095733642578,94451,2,0.7048344623597054,2,0,0,1,0,0,0
64,35,47.63564300537109,92012,3,0.6520086192636354,3,141,1,0,0,1,0
48,16,148.4385223388672,95572,3,5.10888836315679,1,0,1,0,0,1,1
32,9,63.96135711669922,92393,3,2.530422019272023,1,0,0,0,0,0,0
43,20,37.97420501708984,94492,2,0.8359243984696076,3,0,1,0,0,0,0
61,32,34.92658233642578,90059,1,1.2368215082513705,3,0,0,0,0,0,0
53,22,165.88192749023438,90449,4,0.6551329348193056,2,0,0,0,0,0,1
59,36,45.92931365966797,94727,3,0.2383845881173941,1,0,0,0,0,0,0
33,12,85.03862762451172,91675,1,3.2689393488601626,1,0,0,0,0,1,0
36,13,47.3337287902832,95327,4,1.9965299428416412,2,0,0,0,0,0,0
63,39,38.40758514404297,92375,3,1.1460403800239256,1,0,1,0,0,0,0
34,6,219.2308654785156,92769,1,8.010338691909581,3,0,0,0,1,1,1
37,17,98.82908630371094,94772,4,0.4904343006253923,3,112,0,0,0,1,0
34,7,63.01163482666016,92869,3,2.4546041230235627,1,0,0,0,0,1,0
43,21,184.1498260498047,94009,2,6.887224196484041,1,0,1,0,0,1,0
54,17,166.726318359375,91866,1,1.9179758498394237,2,0,0,0,0,1,1
33,17,72.21340942382812,90472,2,1.4703749012207774,2,0,0,0,0,0,0
57,31,55.12237930297852,92470,1,2.2151275403462147,1,0,0,0,0,1,0
53,33,45.94539642333984,95012,1,3.7776027833846975,3,0,1,0,0,0,0
61,35,23.307876586914062,95301,2,0.1170262192528904,1,0,0,0,0,0,0
50,28,55.434532165527344,90776,4,1.229800263444853,2,177,0,0,0,1,0
45,26,9.90159797668457,91813,2,0.2692345562119057,3,0,0,0,0,1,0
31,8,46.70614242553711,91299,2,1.7632233352845463,2,0,1,0,0,1,0
42,23,83.397216796875,93703,1,1.5022507099125553,1,370,0,0,0,0,0
36,8,62.430908203125,89904,1,0.3471068584300685,3,100,1,0,0,1,0
29,4,29.40167236328125,93058,4,0.8916858846589034,2,117,0,1,0,0,0
64,40,33.21297836303711,92650,3,1.955030054425944,2,0,0,0,0,0,0
47,24,24.218929290771484,92855,1,0.591730459129182,2,191,1,0,1,1,0
52,31,38.427833557128906,89932,2,1.670001788105688,1,0,1,1,1,1,0
45,5,22.94579315185547,92876,4,0.3299149193532289,2,0,0,0,0,1,0
37,6,101.51457977294922,95577,2,1.1170026445268904,3,371,0,0,0,0,0
51,27,61.27576446533203,90119,1,1.0427810416135634,1,0,0,1,0,0,0
52,25,79.58091735839844,90906,1,3.1772063185081563,1,0,0,0,0,0,0
27,3,59.98648834228516,92645,4,1.962403891518015,1,112,1,0,0,0,0
56,28,22.986591339111328,92133,4,0.6693721198356296,2,0,1,0,0,1,0
26,15,48.46783828735352,95767,4,0.954562276846358,1,0,0,0,0,1,0
40,17,157.23785400390625,90705,2,4.498751284311593,3,0,0,0,0,1,1
31,5,213.2469482421875,92442,1,4.948888090490403,1,0,0,0,0,0,0
25,2,110.86439514160156,91482,1,1.150108425242958,3,231,0,0,0,1,0
24,2,81.93827819824219,92433,1,1.3362035674210369,3,0,1,1,1,1,0
43,20,50.21514129638672,91778,2,1.876483064882719,3,136,0,0,0,1,0
37,0,82.48645782470703,95249,3,0.5245053628321789,2,150,0,0,0,1,0
34,6,12.975467681884766,90182,1,0.737091910429837,3,92,1,1,0,1,0
31,13,75.45294189453125,94455,2,1.4348406743501374,1,0,1,0,0,0,0
62,27,97.69266510009766,90139,1,0.0771446858884041,1,0,0,0,0,0,0
44,23,67.74382019042969,92820,2,1.061145738401648,1,0,0,0,0,1,0
38,9,90.37838745117188,95092,1,1.6042843939495754,1,0,1,0,0,1,0
55,19,65.24726867675781,94483,1,0.8275940406671716,3,0,0,1,0,1,0
64,37,58.34632110595703,90282,1,1.835807321222852,3,0,0,0,0,1,0
36,9,40.15161895751953,92616,4,1.2050323998822468,3,150,0,0,0,1,0
29,6,15.275155067443848,94372,1,0.7071093178876795,2,0,0,0,0,1,0
28,1,58.01786422729492,94757,3,1.4332243697268932,2,0,0,0,0,1,0
34,8,124.3056411743164,93214,1,0.5213270067151647,1,353,0,0,0,1,0
53,25,135.79766845703125,94189,2,5.612544004686962,1,0,0,0,0,1,0
41,24,33.01136779785156,94067,3,0.2253061384649478,1,0,1,0,0,1,0
61,34,84.14688873291016,94638,4,1.2760912120072156,3,0,0,0,0,1,0
40,9,51.19655227661133,94589,1,1.1397181926424127,2,0,0,0,0,0,0
31,10,71.88494873046875,93688,1,1.806270860355781,1,0,1,0,0,1,0
57,31,48.847633361816406,90131,4,4.392657779493756,1,0,1,0,1,1,0
60,36,166.93930053710938,89830,1,2.2195021709565723,1,0,0,0,0,0,0
49,28,29.615917205810547,94915,1,3.2144555487152493,3,107,1,0,0,1,0
37,24,163.8594512939453,92263,1,7.88320794135295,3,389,0,0,0,0,1
29,7,48.28326416015625,94201,3,0.8625620636118506,2,0,0,0,0,1,0
57,23,70.63377380371094,90543,4,1.8910075853547408,2,0,0,0,0,0,0
54,27,21.374666213989254,92878,1,1.2980098530585276,3,87,0,0,0,1,0
46,12,69.25506591796875,91975,3,1.7676585537224343,2,0,0,0,0,0,0
51,33,106.43167114257812,90117,1,4.63857454467569,3,151,0,0,0,0,0
39,13,59.06518173217773,92955,1,0.6846780454169714,3,0,0,0,0,0,0
35,8,17.236459732055664,93428,4,0.9136594285731264,3,94,1,1,0,1,0
43,22,84.40802764892578,95496,3,0.2190519142375418,2,0,0,0,0,1,0
41,22,147.29750061035156,92037,3,3.9235793266152057,1,0,0,0,0,0,1
34,7,45.07902526855469,94572,2,2.584837465922478,3,0,1,0,0,1,0
24,3,105.99109649658205,94401,3,0.3973191834016852,2,0,0,0,0,0,0
49,25,28.723861694335938,94404,1,1.1418849772631163,2,78,1,0,0,0,0
39,16,176.9707794189453,90446,1,2.8363554323972453,1,0,0,1,1,1,0
38,9,88.8843765258789,92282,4,3.418054255207645,2,260,0,0,0,1,0
47,23,28.487079620361328,92882,2,0.1200815446585414,2,0,1,0,0,1,0
36,10,111.29349517822266,91648,2,3.4407658085715664,3,0,1,0,0,0,0
42,25,177.9846649169922,94386,2,5.760479599131829,1,132,1,0,0,0,0
56,25,176.21295166015625,90682,2,3.5866567056872984,1,551,0,0,0,0,1
35,9,85.8721923828125,95383,1,2.0595342336265805,1,0,0,0,0,0,0
54,25,49.20088577270508,90881,2,1.5561840749417986,3,0,0,0,0,0,0
63,38,141.1469268798828,89605,3,0.415091435202416,2,0,1,0,0,0,1
52,27,49.40738296508789,95655,4,0.1541644122802815,1,126,0,0,0,1,0
61,34,70.34648132324219,94337,2,2.496997193612456,1,0,0,0,0,0,0
61,35,51.06624221801758,92867,1,2.126206859678476,3,219,0,0,0,1,0
27,5,10.885584831237791,95269,1,1.2745441572200753,3,0,0,0,0,1,0
54,37,44.18751525878906,94795,1,2.1821798394098164,1,116,1,1,0,0,0
25,2,124.22980499267578,94636,2,2.5186398151726967,1,0,1,0,0,1,0
37,14,95.2845687866211,90197,2,8.2631014431553,3,0,0,1,0,1,0
57,32,19.344165802001957,93566,2,0.4527495313271008,2,86,0,0,0,1,0
62,37,52.779544830322266,92701,4,2.38082447702162,1,0,0,0,0,0,0
36,15,63.57224655151367,94893,3,0.6607438914976018,2,188,0,0,0,0,0
36,2,32.64756774902344,94758,2,1.1711332262812952,2,0,1,0,0,0,0
65,39,65.19886779785156,94380,2,0.5340428828100834,2,156,1,0,0,0,0
33,8,47.82329940795898,91242,1,2.965055535691914,1,0,0,0,0,1,0
57,26,67.96891021728516,94387,1,0.3638749714748073,3,0,1,0,0,0,0
67,39,115.47372436523438,91902,3,0.5893211676671526,3,103,0,0,0,1,0
57,32,23.87813949584961,94279,3,1.0938866284303093,2,106,0,0,0,0,0
28,2,25.68312644958496,92073,2,0.4965379160283986,2,0,0,0,0,1,0
57,37,27.27113151550293,95917,2,1.8689068276595864,3,0,1,0,0,0,0
42,16,23.40513229370117,93961,4,1.2293445234809244,3,0,0,0,0,0,0
32,7,116.9050750732422,91153,2,0.3133516444568633,1,0,0,0,0,1,0
66,34,164.02198791503906,92218,3,6.652208344526537,3,0,1,0,0,0,1
64,39,120.45211791992188,93969,1,0.68847078551184,1,0,0,0,0,1,0
53,38,120.18549346923828,90225,2,6.330610011098868,1,0,0,0,0,0,0
31,8,33.56696701049805,93349,2,2.3679674911954915,1,0,0,0,0,0,0
60,25,79.39371490478516,94508,4,2.052742782454493,1,0,1,1,1,0,1
52,20,143.33229064941406,95747,1,0.5253758598354379,1,0,0,0,0,1,0
60,34,52.03184509277344,94214,3,2.139680993494776,1,166,0,0,0,1,0
53,33,58.93860626220703,92538,2,1.4836031225183035,2,0,1,0,0,0,0
40,21,121.18635559082033,92990,4,3.087857293475476,3,0,0,0,0,0,1
44,13,82.03982543945312,91074,2,1.0811589617379174,2,194,0,0,0,0,1
41,14,71.45034790039062,90421,3,2.1583014487386425,2,0,0,0,0,1,0
37,14,51.39720916748047,94873,4,1.2833674414931402,2,0,0,0,0,1,0
55,17,104.29953002929688,92930,1,1.7456117962408448,1,0,0,0,0,0,0
48,37,43.84663391113281,92405,2,1.4389280691444326,2,64,0,0,0,0,0
30,5,114.07212829589844,94942,2,2.2260505588497197,3,0,0,0,0,0,0
34,8,125.48249053955078,92498,3,4.359576449132714,1,0,0,1,1,0,0
58,33,38.6102294921875,95307,4,1.0920355042416705,2,0,0,0,0,0,0
63,40,31.28526496887207,92443,3,0.7460808265121667,3,0,1,0,0,1,0
47,19,77.8574447631836,93070,1,0.1410374383094554,3,0,0,0,0,0,0
53,26,87.30754089355469,95692,4,2.7786118461411013,2,0,0,0,0,1,1
52,29,152.5526580810547,95034,3,0.9463723972958586,2,0,0,0,0,1,0
46,17,106.58231353759766,95249,2,2.6089180913539267,1,0,1,0,0,0,0
30,2,57.368560791015625,94403,1,1.1804114342832497,1,0,0,0,0,0,0
39,3,167.0938720703125,92005,2,3.100270558987042,1,0,0,0,0,1,0
36,11,56.92535781860352,90947,1,0.9121908936057158,2,0,0,0,0,1,0
58,37,28.13414192199707,95484,3,0.1895640176184072,2,146,1,0,0,1,0
63,39,158.62649536132812,94184,2,5.22840252011632,3,0,1,0,0,1,1
61,33,137.28372192382812,95619,2,3.0710545727308896,1,0,0,0,0,0,0
26,1,28.60101890563965,94166,2,0.0189702096203556,1,124,0,0,0,1,0
63,31,28.564359664916992,90504,3,0.18732380253611,3,0,0,0,0,1,0
29,0,24.678804397583008,91813,3,0.6846400766317232,3,101,0,0,0,0,0
44,22,36.78678894042969,91584,1,1.4243548670897848,1,0,0,0,0,0,0
59,29,35.47565841674805,95758,4,0.2379645375301003,2,0,0,0,0,1,0
37,11,53.07175827026367,91262,1,2.447946855586139,1,0,0,0,0,0,0
65,36,36.06698226928711,92981,1,0.8224903420552289,3,91,0,0,0,1,0
47,30,67.33839416503906,93037,1,1.788294772380405,3,0,0,1,0,0,0
47,27,62.85523986816406,95203,1,2.2996659781546067,3,0,0,0,0,1,0
41,17,32.214691162109375,91300,1,0.2469259201594407,3,0,0,0,0,1,0
39,15,64.83935546875,91418,1,0.0584123484919711,1,0,1,0,0,1,0
49,23,35.72998809814453,91564,2,0.5592488705113018,3,0,0,0,0,0,0
48,21,27.026243209838867,90367,2,0.3827634707290222,1,140,0,0,0,1,0
40,31,191.7174530029297,93184,1,5.643847416737235,1,0,0,0,0,0,0
42,20,152.4462432861328,90449,3,2.694196349940196,1,157,1,1,0,1,0
62,35,32.46574401855469,96044,1,1.255087775157028,3,213,0,1,0,1,0
54,29,45.70381546020508,92067,3,1.43521245052534,2,0,1,0,1,1,0
29,6,65.6378173828125,94473,1,1.043200793658869,2,0,1,0,0,0,0
48,25,96.15987396240234,94738,4,4.458994691775498,1,149,0,0,0,0,0
41,14,82.09846496582031,93746,2,3.904474671878188,3,0,0,1,0,0,1
36,3,117.76094818115234,95570,4,0.2491984366180186,2,0,0,0,0,1,1
54,26,71.37934112548828,91476,3,1.2215982953144509,2,269,0,0,0,1,0
45,16,53.43791198730469,93029,4,3.649248425798597,3,214,1,0,0,0,0
44,9,74.50489807128906,94325,4,3.348401316619801,1,0,1,0,0,0,0
45,15,73.56855010986328,94635,3,0.669796796088735,2,0,0,0,0,1,0
38,12,171.4703826904297,92014,3,2.568324911836049,1,0,0,0,0,1,1
46,16,68.16384887695312,91556,4,1.91209330066122,1,148,1,0,0,0,0
49,16,58.97713470458984,91601,3,1.8576590606427252,1,0,1,0,0,1,0
61,38,94.80597686767578,95345,1,2.3205043291625462,2,0,0,0,0,1,0
26,2,64.19329071044922,92181,4,2.17564956768674,3,0,0,0,0,1,0
38,19,46.59489440917969,92225,2,0.3641756835054625,3,100,0,0,0,1,0
33,6,13.94276237487793,90957,2,0.7768287324886566,2,136,0,0,0,1,0
29,3,108.3588638305664,93271,2,0.550062881384632,3,388,0,0,0,1,0
53,25,125.9774932861328,91952,1,2.5843885041928667,1,0,0,1,0,1,0
65,41,65.15505981445312,95215,3,0.3926987783421977,2,0,0,0,0,1,0
52,13,86.47660064697266,94209,2,0.7014240922390148,3,191,0,0,0,1,0
31,3,53.093238830566406,91869,2,0.9380680037214176,1,0,0,0,0,0,0
59,33,47.23527145385742,94267,1,1.5990448061861486,2,0,0,1,0,0,0
32,10,124.74076080322266,91447,4,1.6186910356708837,1,0,1,0,0,0,1
63,40,99.98511505126952,92959,1,1.0590409434013064,2,0,0,0,0,1,0
62,18,68.52703094482422,95046,2,3.6700880171040784,3,0,1,0,0,0,0
27,7,64.13929748535156,94504,3,2.1435402254912583,1,0,0,1,0,1,0
26,5,85.05728149414062,94983,1,2.01528630859092,3,0,0,0,0,0,0
52,32,19.093433380126957,94002,1,1.828888762127874,2,110,0,0,0,1,0
54,41,135.54867553710938,90344,3,2.0597488719917623,1,0,1,0,0,0,0
56,29,33.788360595703125,95247,1,1.7877941701697928,1,0,0,0,0,1,0
35,2,76.76239013671875,94810,3,2.489064456132518,2,0,0,0,0,1,0
30,6,71.51325225830078,94831,2,0.9927663554111684,2,0,0,0,0,1,0
58,34,32.65333557128906,94035,3,1.4604301984530272,1,0,0,0,0,0,0
56,35,60.401702880859375,92779,1,0.1017527963463263,3,0,0,0,0,0,0
26,6,32.49623107910156,91979,4,0.2424684065705338,3,0,0,0,0,0,0
36,3,90.61524200439452,94737,1,2.975488866408474,3,163,0,0,0,0,0
49,21,77.6122055053711,94689,4,1.6632241689589868,2,0,0,0,0,0,0
37,13,97.39669036865234,95382,3,2.6650212713114407,3,0,0,1,0,1,0
47,19,17.265464782714844,95918,4,0.5768845802808016,3,0,0,0,0,0,0
40,29,83.83289337158203,93938,2,1.8128169801938483,3,0,0,0,0,0,0
33,9,106.29305267333984,91901,2,1.5860197130250202,3,0,1,0,0,1,0
47,29,35.86077117919922,94220,4,0.9700497590169844,3,0,0,0,0,0,0
45,15,86.46321105957031,94787,1,1.2608599061073822,1,148,0,0,0,0,0
38,28,159.4687957763672,94783,3,5.856430821540944,2,0,1,0,1,1,1
39,13,46.86660003662109,95333,4,0.4431947883449719,1,0,0,0,0,1,0
50,26,52.73092269897461,94138,2,1.9531929007645608,3,0,0,0,0,1,0
57,37,37.78475189208984,92901,4,2.040494164566266,3,0,0,0,0,1,0
49,24,37.48130035400391,91260,1,1.3220208247624423,2,0,1,0,0,1,0
40,34,19.48497772216797,96218,4,0.5571078659774615,3,0,0,0,0,1,0
31,10,16.954660415649414,96133,2,0.8974235034865538,2,0,0,0,0,1,0
32,9,201.1828155517578,89898,1,6.364377973107776,1,0,0,0,0,1,0
30,6,46.26957702636719,90410,3,0.2151213947143881,2,0,1,0,0,1,0
56,32,114.92292022705078,90181,4,6.288417338110149,1,0,0,0,0,0,0
53,23,79.97115325927734,95203,2,2.727451658390712,2,0,1,0,1,1,0
33,5,98.71752166748048,92362,1,2.1370738789483448,1,0,0,1,0,1,0
35,12,81.6297836303711,93262,4,2.058990631305918,2,0,0,0,0,0,0
26,-3,45.18892288208008,93077,1,0.6619243288776069,3,239,0,0,0,1,0
37,17,208.263427734375,94925,1,7.9379119788323,1,0,0,0,0,1,0
29,4,142.81307983398438,93787,4,1.5570470870256126,1,0,1,0,0,1,0
39,11,15.52561092376709,92702,1,1.362513541975786,2,0,0,1,0,0,0
43,22,47.17536926269531,93631,1,3.295068140204409,3,229,0,1,1,1,0
46,23,44.28536987304688,94359,1,2.3815928128623343,3,224,0,0,0,1,0
62,36,96.77022552490234,90301,2,2.019173453885061,2,0,0,0,0,0,0
56,34,111.42904663085938,96005,1,7.76166847595699,1,0,0,0,0,0,0
30,14,37.48796081542969,91362,1,0.0925051541009073,3,0,0,0,0,0,0
46,8,84.27336120605469,94165,1,3.282910979514061,1,0,1,0,1,1,0
60,32,48.31761932373047,94652,3,0.6524919669288242,3,0,1,0,0,1,0
63,39,13.389585494995115,92991,4,1.143426118484118,3,0,0,0,0,0,0
29,12,87.43000030517578,94722,3,1.647297511439286,1,486,0,0,0,1,0
65,34,56.717552185058594,95572,2,1.331833087169116,1,0,0,0,0,1,0
31,14,102.8479461669922,92318,1,2.655611955391604,3,339,0,0,0,0,0
43,23,117.07594299316406,94194,2,2.398280680754771,1,347,0,0,0,1,0
64,41,16.959171295166016,90771,3,0.719951340269684,3,0,0,0,0,1,0
43,14,72.98746490478516,91611,1,0.2692396841133265,1,0,0,0,0,1,0
61,40,28.85175895690918,92003,2,0.074194836000858,3,0,1,0,0,1,0
54,26,54.6013069152832,94122,2,0.3856645370230602,3,112,1,0,0,1,0
52,27,198.39097595214844,92289,1,7.144793343739489,1,150,0,0,0,0,0
38,22,162.30271911621094,91059,1,0.2806749925428217,1,0,1,0,0,1,0
37,15,85.6941909790039,91321,2,5.58383288097584,1,0,0,0,0,0,0
35,5,71.82688903808594,92005,1,2.0455562229732127,2,0,0,0,0,1,0
35,12,28.55486488342285,90099,1,0.4950749653221739,1,120,1,0,0,1,0
63,39,120.62687683105467,91249,2,4.9053419958798585,1,609,0,1,1,1,0
54,31,91.77747344970705,94865,1,4.843797910473949,2,0,0,0,0,1,0
51,15,76.25687408447266,91802,1,0.2843351594139647,1,0,0,0,0,0,0
46,21,100.92447662353516,92195,4,0.998621180937724,3,368,0,0,0,0,0
58,26,167.27120971679688,90272,4,5.831735216342855,1,0,0,0,0,0,0
33,9,131.54879760742188,95107,2,5.883949599075537,1,283,1,1,1,1,1
30,2,119.24396514892578,93863,2,0.6603604633425987,1,0,0,0,0,0,0
64,38,68.12957763671875,90234,4,2.118570324885979,1,0,0,0,0,0,0
39,12,163.845947265625,90538,1,5.249933700441472,2,0,1,0,0,0,1
53,24,111.80670928955078,95167,2,3.4628855450998137,1,0,0,0,0,0,1
39,21,86.74661254882812,94286,2,0.9758439800417386,1,0,1,0,0,0,0
57,20,40.2256088256836,92073,1,0.1709811668262332,1,0,0,0,0,0,0
46,19,167.30926513671875,89993,3,1.6027978365580442,1,0,0,0,0,1,0
36,5,70.62222290039062,96572,1,1.2069068200149091,3,0,0,0,0,1,0
37,10,101.91942596435548,94340,3,3.127927450184929,2,0,1,0,0,1,0
60,34,19.860759735107425,90534,2,0.515735160153947,1,102,0,1,0,1,0
39,12,79.41979217529297,94529,4,0.3150966520743993,3,106,0,0,0,0,0
34,0,76.66368103027344,94226,4,2.376768345295135,1,0,1,0,0,0,0
42,12,56.31737518310547,90164,3,0.806315526583897,2,0,0,0,0,0,0
34,4,125.06522369384766,95584,1,2.5726881906630434,2,290,1,0,0,0,0
60,35,51.38509368896485,91317,2,0.5157524366351112,3,0,0,0,0,1,0
30,8,104.74983215332033,94385,1,2.5814312488719384,1,0,0,1,0,1,1
65,40,131.32305908203125,90296,2,2.602538801173191,2,0,0,0,0,1,1
52,23,53.39293670654297,90205,4,1.0293259895426967,1,0,0,0,0,0,0
58,30,95.57546997070312,94809,2,0.6725492705819077,3,0,1,0,0,0,0
33,7,98.43171691894533,93533,4,2.030544314737483,3,0,0,0,0,0,0
54,25,103.1821060180664,95566,3,2.171682866858036,3,0,1,0,0,0,0
43,9,12.04261875152588,91843,3,3.387650581371369,2,0,0,0,0,0,0
38,11,29.434303283691406,93522,4,0.1282743665984874,3,0,0,0,0,0,0
55,32,63.86016082763672,91297,1,2.291367070873715,3,104,1,0,0,1,0
31,5,40.71800994873047,90475,3,0.8128634958346497,3,0,0,0,0,0,0
57,23,146.52932739257812,91943,3,7.1595130302854,3,393,0,0,1,1,1
42,16,107.8834457397461,93749,4,3.0469380028679174,1,0,1,0,0,1,0
30,6,116.06095123291016,94502,4,1.3401800597357356,3,0,0,0,0,0,0
42,19,11.700308799743652,95273,3,0.2314465314913711,3,0,1,1,1,1,0
29,-2,26.262134552001957,90267,2,0.2124291835630574,3,0,0,0,0,1,0
52,27,37.45970153808594,93067,4,0.6461503730604452,1,0,0,0,0,0,0
64,40,36.707706451416016,94821,4,0.2806860050830239,3,0,1,0,0,1,0
52,20,121.3030776977539,91230,2,5.686486850468759,1,0,0,0,0,1,0
65,40,50.14977645874024,90428,1,0.4833326155863254,3,0,1,0,0,1,0
44,26,59.3046875,90234,1,2.343537383943136,2,135,1,1,1,1,0
32,11,39.055809020996094,92242,4,0.5801400825836891,2,187,0,0,0,1,0
39,14,40.10051727294922,91801,4,0.4798368471299399,1,0,0,0,0,0,0
55,24,73.30025482177734,91348,1,4.291538942943761,2,0,1,0,1,1,0
37,15,63.22846221923828,92657,2,0.2297073446573993,1,119,0,0,0,1,0
62,35,40.35881042480469,92680,1,1.447271914994894,2,0,0,0,0,1,0
48,14,31.831785202026367,92145,3,0.9932913154236443,2,0,0,0,0,0,0
44,22,103.96414184570312,94638,2,3.22685857077687,1,0,1,0,1,1,0
36,1,62.61955261230469,94364,4,1.1123685739971592,3,0,0,0,0,0,0
61,33,159.2671661376953,91814,3,4.687322129604626,3,0,1,1,1,1,1
34,7,22.595712661743164,95746,4,1.233820967316211,1,0,0,0,0,1,0
29,3,51.00067901611328,92989,4,1.0448414349274036,2,0,0,1,0,1,0
30,5,29.416915893554688,94065,3,2.058721715136996,2,56,0,0,0,1,0
26,10,28.96996116638184,93702,2,2.7569737003402244,2,0,0,0,0,1,0
51,37,110.68071746826172,91739,2,4.947414449708663,1,0,0,0,0,1,0
61,38,33.4371337890625,90159,3,1.6194288815906193,2,0,0,0,0,0,0
35,7,189.8992919921875,89790,2,8.24918186613912,1,364,0,0,0,1,0
51,19,62.57535171508789,93042,4,1.9487109979202348,3,0,0,1,0,0,0
54,8,143.58055114746094,92300,1,0.2988514970454507,1,146,0,0,0,1,0
62,34,165.81103515625,91651,2,2.7199879560994398,2,391,1,0,1,1,1
54,33,122.56554412841795,94098,1,0.4632521212348316,1,100,0,0,0,0,0
60,35,128.41207885742188,89924,4,1.983860184595451,1,0,1,0,0,1,0
63,38,65.37857055664062,96298,2,0.9853552161119312,3,0,0,0,0,0,0
37,7,59.2648811340332,91483,3,3.627699299966011,1,192,0,0,0,1,0
63,37,204.904052734375,93043,1,4.142646645419082,2,255,1,0,0,1,1
61,38,61.03221130371094,92925,4,0.5715845192243202,1,128,0,0,0,1,0
45,18,25.819589614868164,89820,2,0.3822391018869152,3,0,0,1,0,0,0
60,33,26.754737854003903,93118,1,0.6093571743236356,3,0,0,0,0,1,0
53,42,97.18516540527344,91897,2,1.8587378823777645,1,152,0,0,0,1,0
44,22,134.9231414794922,91939,2,2.2755686317889783,3,480,0,0,0,1,1
33,7,75.59425354003906,91749,3,1.6822461879130812,3,0,0,1,0,1,0
57,24,27.6334285736084,94662,4,1.6035874989859642,2,0,1,0,0,0,0
29,5,86.60765075683594,94661,1,0.9117412139017288,3,0,1,0,0,0,0
44,18,77.09869384765625,91611,2,0.2384454534046383,2,0,1,0,0,0,0
29,4,70.25747680664062,91043,4,1.3925983054202806,1,101,0,0,0,0,0
41,20,130.9140625,94175,3,0.973301527738368,3,0,0,0,0,1,0
40,21,29.045541763305664,92020,2,1.186121543467468,1,0,1,0,0,1,0
44,18,61.010929107666016,89942,1,2.1217102423510674,1,0,1,0,0,1,0
40,14,205.67465209960935,90116,2,5.723662292972592,1,0,0,0,0,1,0
54,30,20.72138977050781,95698,3,0.4169848035784999,2,0,1,0,1,1,0
49,22,54.64669036865234,90174,3,1.0988950896161551,2,0,0,0,0,0,0
53,11,41.70182418823242,94415,1,1.2348186997564323,2,112,0,0,0,0,0
29,4,149.3054656982422,92810,1,3.0391466165327783,1,0,0,0,0,0,0
29,2,144.4369659423828,94311,3,1.3197298453867272,2,518,0,0,0,1,1
60,38,59.61505889892578,91488,4,2.976857189084264,1,0,1,0,0,0,0
42,10,56.51680755615234,93944,1,3.0269654968991198,2,0,0,0,0,0,0
60,26,60.66946792602539,96150,1,2.172190096739152,1,0,0,0,0,0,0
49,19,155.64622497558594,91561,1,2.396595980409563,1,0,0,0,0,0,0
36,7,44.17319869995117,96191,2,0.1016348299635805,1,0,0,0,0,1,0
30,3,86.90890502929688,91649,1,0.2360210664495327,3,0,0,0,0,0,0
54,27,21.20144462585449,94774,1,1.4750233085722826,2,0,0,0,0,1,0
51,25,53.18255615234375,92528,2,1.9534652139796445,3,0,0,0,0,0,0
29,3,70.12654113769531,91477,4,1.7730635351708433,1,0,0,0,0,1,0
49,25,23.63408660888672,93200,3,0.7321472409750132,3,0,1,0,0,0,0
59,23,112.45613098144533,95329,4,2.051519611664945,2,0,0,0,0,0,1
54,33,36.40773010253906,95125,2,2.305652234061053,3,145,1,0,0,1,0
43,11,124.09905242919922,91291,2,6.952655523664592,1,0,1,0,0,1,0
37,9,71.90634155273438,95020,4,0.7113859086032321,1,0,0,1,0,1,0
37,16,66.25993347167969,95316,1,1.2283106074755596,1,0,0,1,0,1,0
34,14,52.31926345825195,93705,4,1.2195456301714382,3,99,0,1,0,0,0
30,4,31.050323486328125,91773,4,2.469485574561232,2,0,1,0,0,1,0
67,34,140.57467651367188,92638,2,1.36361453272344,1,0,0,0,0,0,0
30,7,52.84675598144531,92175,4,1.3908520738236487,1,122,0,0,0,0,0
41,27,125.91429138183594,92377,1,2.441662309281787,1,0,1,1,1,1,0
31,5,104.33584594726562,94586,4,3.961173992893736,2,222,0,0,0,0,0
45,22,51.15044784545898,95157,1,3.2025340826448976,3,156,0,0,0,1,0
25,0,61.60336685180664,91816,4,1.419730088480436,2,0,0,0,0,0,0
34,13,51.38680267333984,90042,2,1.3392435240829803,2,0,0,1,0,0,0
63,41,155.7904815673828,94857,2,3.971937726969629,1,0,0,0,0,0,0
64,35,166.60519409179688,91285,3,4.595745051714048,2,0,0,0,0,0,1
39,11,50.40166091918945,95952,3,0.5807673089420315,1,0,1,0,0,0,0
49,20,26.532026290893555,95449,2,0.535569051962828,3,0,0,0,0,1,0
23,0,139.89242553710938,91913,1,1.494433331657829,1,0,0,0,0,1,0
59,32,36.24425506591797,94310,2,2.0548225306007493,3,0,0,0,0,0,0
27,10,35.462493896484375,95642,4,0.7405349636701694,1,0,1,0,0,1,0
41,21,76.37429809570312,91584,2,0.6492514295920395,1,0,0,0,0,1,0
54,28,88.20680236816406,91116,1,3.7933578821116383,2,348,0,0,0,0,0
62,37,15.321876525878906,90495,2,0.4653245990755568,1,143,1,0,0,0,0
52,21,38.24191284179688,92404,2,0.284602563557651,2,0,0,0,0,0,0
52,25,18.20958709716797,90307,3,0.239430909685455,1,0,0,0,0,1,0
48,24,46.52329254150391,94532,2,0.029777086889653,3,0,0,0,0,0,0
61,26,31.813838958740234,92956,3,0.4328368918838484,2,0,0,0,0,0,0
29,4,63.10188674926758,93318,4,1.2346216211225112,3,0,0,0,0,0,0
29,2,34.91862487792969,94069,3,0.1785381269091329,2,0,1,0,0,1,0
29,3,66.2896957397461,92256,3,1.603744750686388,3,0,0,0,0,1,0
45,7,36.66232299804688,90249,4,2.4175178377320536,1,0,1,0,0,0,0
42,19,75.8218002319336,94731,1,1.7716007133904506,3,0,1,0,0,0,0
53,29,56.788455963134766,90415,4,1.888259774662676,3,152,1,0,0,1,0
48,24,131.6042022705078,94098,1,0.887569875560493,1,0,0,0,0,1,0
58,29,98.98040771484376,90633,2,2.379734906357656,3,0,0,0,0,1,0
30,5,33.355751037597656,94709,2,0.3112411941490004,1,0,0,0,0,0,0
56,25,39.78241729736328,93180,3,0.3726867098965149,1,0,1,0,0,1,0
44,19,123.89900970458984,94617,2,2.485964544774653,3,278,0,0,0,1,1
27,3,29.465240478515625,95197,4,0.0264316451972315,2,0,0,0,0,1,0
30,4,87.25175476074219,95135,4,0.0572944747185868,1,0,0,1,1,1,0
62,42,112.79768371582033,91154,1,0.2811596257172505,1,0,0,0,0,0,0
29,22,113.18865203857422,92181,4,3.5391963102633284,1,0,0,0,0,0,0
47,28,42.67017364501953,91478,2,1.4975146523524436,1,0,0,0,0,1,0
33,10,23.73033142089844,96401,1,0.5782888386208671,2,116,0,0,0,0,0
59,30,97.72049713134766,92192,2,1.7125232510732395,1,247,0,0,0,0,0
52,13,76.52154541015625,93718,1,3.475490794811647,3,0,0,0,0,0,0
37,15,91.85152435302734,95117,2,2.204694811932133,2,0,0,0,0,0,0
45,16,62.70855331420898,94906,1,0.4931362732802555,2,0,1,0,0,1,0
37,9,53.21653366088867,92856,1,3.845476738124596,2,0,1,0,0,1,0
26,0,46.112449645996094,94764,3,3.301418610657628,2,0,0,0,0,0,0
42,14,145.01345825195312,92104,1,0.1651537291126925,1,153,0,0,0,0,0
34,7,101.40690612792967,91427,1,0.4126384343658501,1,158,0,0,0,0,0
55,36,36.95233917236328,91660,2,1.76467409255541,3,0,0,0,0,1,0
64,35,37.7319450378418,94075,2,0.6057406684828126,2,0,0,0,0,1,0
35,11,54.85482025146485,94632,3,1.9186911511224547,1,0,1,0,0,1,0
32,7,130.71365356445312,92685,3,0.1804067420245826,2,0,0,0,0,1,1
36,3,74.27876281738281,94983,1,2.09978660120881,3,0,1,0,0,0,0
55,35,52.45500183105469,95245,4,1.1156657569927046,1,0,0,0,0,0,0
56,30,113.11217498779295,91473,3,1.5815541523604912,1,0,1,0,0,1,0
59,31,80.63375854492188,90317,3,0.4104308296754168,2,0,1,0,1,1,0
39,22,117.19223022460938,95147,2,0.1525351424501732,1,0,1,0,0,1,0
60,34,69.03387451171875,92111,1,0.7385305020230092,2,0,0,0,0,1,0
59,35,72.12516784667969,91433,3,1.8504417461295064,1,0,0,0,0,0,0
63,36,40.52402877807617,91768,1,1.4495433648976677,3,141,0,0,0,0,0
44,28,64.59971618652344,92080,3,0.4428659621002109,2,0,1,0,0,1,0
33,7,51.80207824707031,96045,3,2.0529218083386165,3,0,0,0,0,1,0
63,41,115.91170501708984,92153,3,3.998870215510425,2,0,0,0,0,0,0
30,7,130.30369567871094,93931,2,2.9995486603565427,1,0,0,0,0,1,0
42,17,50.24103927612305,94799,3,0.2327613052576325,2,0,1,0,0,0,0
41,23,21.912071228027344,96040,3,0.460448459925454,3,0,1,0,0,1,0
65,34,34.90534973144531,93973,4,1.9597866422986372,1,86,0,0,0,0,0
55,31,147.00051879882812,89968,3,0.5600768884956141,2,0,0,0,0,0,1
28,7,17.61334991455078,94711,4,0.3766007138655865,3,102,0,0,0,0,0
63,38,161.5570068359375,92860,2,2.2183814586721198,1,0,0,0,0,1,0
55,36,36.8171272277832,91229,3,1.6740782247656312,2,0,0,0,0,0,0
54,30,125.22413635253906,94378,2,0.6015935006737708,1,0,1,0,0,1,0
44,19,90.85477447509766,91977,4,1.6225274310542763,2,0,0,0,0,0,1
31,7,70.21409606933594,91188,2,2.3726196766294203,1,0,0,1,0,0,0
37,13,169.37417602539062,91857,2,4.784781791357395,1,0,0,0,0,1,0
44,8,63.95154571533203,90202,2,1.5486040659982958,1,0,0,0,0,1,0
39,10,112.30046081542967,90501,3,2.024809203134205,3,0,1,0,0,1,0
45,17,186.11245727539065,90106,1,7.576744366884389,1,376,0,0,0,1,0
35,12,61.72083282470703,91198,3,1.5532773024720057,3,103,0,0,0,0,0
64,31,68.90887451171875,94178,1,0.7980892773060545,1,0,0,0,0,0,0
45,25,206.45509338378903,94804,2,5.207652153540138,1,288,1,0,0,1,0
35,5,117.87123107910156,91947,1,0.2651391670483816,1,0,1,0,0,1,0
30,0,77.6077880859375,90013,2,4.074310156429458,1,0,1,0,0,0,0
24,0,71.09800720214844,91500,4,1.3652252571478258,3,146,0,0,0,1,0
44,22,36.21030426025391,94192,1,1.260586843543881,2,131,0,0,0,0,0
45,27,52.377098083496094,93268,4,1.403025988221681,3,0,1,1,1,1,0
39,22,138.5528106689453,90828,2,0.1785471010548447,1,0,0,0,0,0,0
35,1,161.94264221191406,94585,4,2.316989948841925,3,109,0,1,0,1,1
58,33,38.72606658935547,90068,4,1.806298124149054,2,0,0,0,0,1,0
57,35,50.80622863769531,91410,4,3.3862323847252966,1,122,0,0,0,0,0
46,31,112.3469696044922,94472,2,0.132214511511599,1,0,0,0,0,1,0
27,3,33.16046142578125,94889,2,0.1370572418752061,1,0,0,0,0,1,0
58,29,43.3535385131836,93959,4,3.211383810555296,1,238,0,0,0,1,0
62,37,125.87271881103516,94813,1,3.299977035632692,1,0,0,0,0,0,0
52,34,60.39684677124024,95321,3,0.545030948681372,2,0,0,0,0,1,0
50,28,17.71050262451172,94849,4,0.3502621855774668,3,0,0,0,0,0,0
46,25,88.7363510131836,95123,2,2.0884268106209563,3,0,1,0,0,1,0
26,0,203.59439086914065,92200,4,2.4635250171694683,3,0,0,0,0,0,1
39,12,113.1286392211914,95384,2,1.7110479959633935,1,0,1,0,0,1,0
30,3,51.850074768066406,93926,2,0.880494244703242,3,0,0,0,0,1,0
31,8,142.01881408691406,94243,2,3.5111654675592723,1,407,0,0,0,0,0
38,21,61.411617279052734,93503,2,1.1464869532861837,3,0,0,0,0,0,0
53,32,32.202415466308594,93532,1,0.7312302064752945,2,0,0,0,0,0,0
64,42,57.4496955871582,92209,3,2.7756987192132856,3,119,0,0,0,0,0
44,15,183.62667846679688,93610,2,4.9158722013855245,1,0,0,0,0,1,0
36,1,184.70843505859372,94927,2,4.006804709363486,3,0,0,0,0,0,1
61,36,85.93031311035156,90316,2,2.668845590991857,1,0,0,0,0,0,0
64,36,127.05772399902344,93475,2,6.848673139472207,3,0,0,0,0,0,1
33,1,110.9332504272461,92989,2,2.785665247402918,1,0,1,0,0,1,0
26,-2,64.38228607177734,94322,2,2.614897642804061,3,0,0,0,0,1,0
53,27,48.953269958496094,94518,3,0.0404570757300324,3,0,1,0,0,1,0
49,19,20.57793426513672,94079,3,0.4723868768026248,1,131,0,0,0,0,0
44,21,45.52068710327149,95540,2,2.1989810784244725,1,103,0,0,0,1,0
35,12,60.17622756958008,90068,4,0.6959779603205214,2,0,0,0,0,1,0
29,7,50.62671661376953,94875,4,1.9032098625903928,2,0,0,0,0,1,0
50,25,57.34910583496094,94675,4,0.4098894601744927,3,143,0,0,0,1,0
48,19,181.93960571289065,93125,3,5.333391195909557,2,0,0,0,0,1,1
54,13,59.42592239379883,91708,2,0.6603924392621842,3,0,0,0,0,0,0
65,30,28.271263122558597,95769,2,1.75455804190504,3,79,1,0,0,0,0
45,27,202.65298461914065,90637,1,3.665989748744703,1,0,0,0,0,1,0
29,8,80.81531524658203,93752,1,1.7374467550828256,2,0,0,1,0,0,0
59,34,80.62205505371094,90403,3,1.6314701113621128,1,140,1,0,0,1,0
43,24,151.807373046875,94694,2,4.384140956674415,1,0,0,0,0,1,0
40,14,111.42383575439452,94768,1,2.4813204552102675,1,0,0,0,0,1,0
37,21,65.69633483886719,94264,4,1.818129380249268,1,144,0,0,0,1,0
38,11,122.19537353515624,94767,4,3.731304587236831,3,122,0,0,0,0,1
47,24,71.27928161621094,92714,4,1.637743956056566,3,185,1,0,0,0,0
29,5,48.204708099365234,91218,4,0.9433599450735484,3,0,0,1,0,1,0
43,15,41.81422424316406,93996,2,1.7918383224020624,3,0,0,0,0,0,0
36,12,169.09576416015625,92974,2,1.3095647057502098,1,132,1,0,0,1,0
37,15,90.61956787109376,94143,2,6.561552847067324,1,0,0,0,0,0,0
58,36,51.53219985961914,94239,2,4.550998636522096,1,0,0,0,0,0,0
65,34,43.57216262817383,93057,4,0.1865401344509084,2,0,0,0,0,1,0
48,37,35.56310272216797,93495,4,1.0526394732614888,1,0,0,0,0,0,0
53,26,118.24177551269533,90133,1,4.791211363998547,1,387,1,0,0,0,0
56,35,32.18219757080078,93336,4,0.0935080181404233,1,0,0,0,0,0,0
62,22,12.423256874084473,94605,3,0.597317691566427,2,0,0,0,0,0,0
43,19,47.542110443115234,95667,3,0.3509779844095055,2,0,0,0,0,1,0
64,42,123.21326446533205,90420,2,0.8059853073753568,2,0,0,0,0,0,1
40,15,124.6295928955078,94288,2,0.9233570691208292,1,0,0,0,0,0,0
40,19,142.2484893798828,92656,2,8.798060496735745,1,0,0,1,0,1,0
32,5,12.926422119140623,94343,4,0.218733677224223,1,156,0,0,0,1,0
40,19,50.09362411499024,94643,2,0.0312168055694797,2,0,1,0,0,1,0
37,20,71.09727478027344,91359,3,2.5027421114377946,1,192,0,0,0,1,0
56,33,23.7573299407959,94071,2,1.0626144095705508,2,127,0,0,0,0,0
37,7,69.06147766113281,94472,2,1.6362032832201183,1,0,1,0,0,1,0
34,13,46.36808776855469,91648,1,0.4625766396743261,2,208,1,0,0,0,0
58,35,9.18460464477539,95777,4,0.9515928119104368,1,0,1,0,0,0,0
36,23,58.85566711425781,93038,3,1.805853273460737,3,109,1,0,0,0,0
48,33,85.44247436523438,95158,2,6.169902340798023,1,394,0,0,0,0,0
40,13,180.1586761474609,90681,1,4.638241962493892,1,0,1,0,0,0,0
49,24,106.77175903320312,94949,1,2.406174541074296,1,0,0,0,0,0,0
48,30,52.78813171386719,95140,4,1.8492645946997472,2,0,0,0,0,1,0
35,13,65.44729614257812,89789,3,0.8748974686957055,1,0,0,0,0,0,0
57,31,22.006879806518555,91980,4,0.4214224428075571,1,0,0,0,0,0,0
63,36,42.49330139160156,96275,1,0.1088761059106063,1,0,0,0,0,1,0
27,1,97.78532409667967,95323,3,1.3201303186170743,3,0,0,0,0,1,0
34,7,15.94488525390625,92305,3,1.2181601848597694,3,0,0,0,0,1,0
48,11,79.86632537841797,95130,4,1.804092048651177,3,309,0,0,0,1,0
47,21,12.833428382873535,94798,4,0.7933507907180336,1,102,1,0,0,1,0
30,4,54.14266204833984,95381,4,0.0416749024703144,2,111,0,0,0,1,0
31,7,80.4158935546875,91269,1,3.3260769315091703,1,0,1,0,0,1,0
48,27,171.55999755859375,91975,2,2.512245609265649,1,0,0,0,0,0,0
61,39,47.88441848754883,94548,3,1.6427471306386994,3,0,0,0,0,0,0
64,39,119.47698211669922,94561,3,1.8171669046521115,1,0,1,0,0,0,0
37,19,56.42572784423828,92502,3,1.266842903702548,2,0,0,0,0,1,0
33,10,76.20882415771484,94513,4,0.5575536491520059,3,0,0,0,0,0,0
31,9,54.852935791015625,96072,2,0.1569216110949345,1,146,1,0,1,1,0
27,4,55.99197769165039,95910,3,0.646256091686868,2,154,0,0,0,0,0
60,37,45.323848724365234,91133,3,0.0471031795605108,3,0,0,0,0,0,0
45,18,55.30868148803711,95888,3,1.7740709654285067,3,138,0,0,0,1,0
38,27,73.27561950683594,91370,1,2.661847747157051,3,0,0,0,0,0,0
56,25,126.38387298583984,95692,2,6.710325198470355,1,0,1,0,0,1,0
31,1,69.81201171875,92680,3,1.472111691027343,2,85,0,0,0,0,0
34,10,82.97779083251953,94267,3,1.6240654050394026,2,0,0,0,0,0,0
54,27,191.6765289306641,91462,2,7.943293339205752,1,0,1,1,0,0,0
42,10,89.1095962524414,93933,3,0.4683903211129124,2,100,1,0,0,1,0
29,16,55.15467834472656,94136,2,0.3476438743669668,3,85,0,0,0,0,0
41,32,38.23163604736328,92367,2,1.801405166230061,3,0,0,0,0,1,0
62,36,64.52458190917969,94026,1,0.5756209237889789,3,0,0,0,0,0,0
56,23,106.7484359741211,90274,4,0.169153814546219,3,0,0,0,0,1,1
42,27,61.233097076416016,94524,3,2.4198886222761518,2,0,0,0,0,0,0
42,27,208.92898559570312,91494,1,2.6680130217432536,1,0,1,0,1,1,1
32,2,169.79661560058594,94439,4,1.128728080736012,1,0,0,0,0,1,1
30,5,160.8709259033203,90290,1,3.746891488754136,1,0,1,0,0,1,0
58,28,77.09468841552734,92108,4,1.2949053423119536,2,0,0,0,0,1,0
60,36,103.8792724609375,90472,3,0.4630289789063342,2,0,1,0,0,0,1
62,40,68.86546325683594,95566,4,0.8744161902454964,3,219,0,0,0,1,0
59,32,39.692115783691406,93573,4,0.7189940742733913,3,0,0,0,0,1,0
37,15,99.51665496826172,93984,1,2.496726584833713,2,0,0,0,0,1,0
39,19,21.95648193359375,93491,4,0.3437314920929085,1,0,0,0,0,1,0
44,27,96.01834869384766,90321,2,2.013191792011059,3,0,0,0,0,1,0
49,22,61.34404373168945,90216,4,1.6048730570884373,1,0,1,0,0,1,0
48,28,145.67755126953125,93542,2,2.416850721179825,1,0,1,0,0,1,0
37,14,47.88629150390625,93408,4,1.388962192135296,3,0,1,0,0,0,0
61,30,64.26744079589844,94654,2,3.258166301752488,2,0,0,0,0,1,0
29,4,33.6574821472168,90795,4,0.1667252479887273,1,165,1,0,0,0,0
27,2,49.66861343383789,93929,4,1.5578165304703049,2,87,1,0,0,0,0
43,17,184.47970581054688,92220,2,6.232867186882396,1,0,0,0,0,1,1
56,28,44.84103775024414,94009,3,1.2655885787547088,2,0,1,0,0,1,0
54,35,87.48583984375,92488,1,3.754949563715548,1,126,0,1,0,1,0
59,35,15.37510108947754,96095,3,1.0079268282757328,3,0,1,0,0,1,0
57,25,16.11310577392578,93334,2,0.8372821859081917,3,0,0,0,0,1,0
29,10,150.76492309570312,91855,2,2.1250306882680703,1,199,1,0,0,1,0
63,39,73.23100280761719,91999,1,2.464057503248063,1,0,1,0,0,1,0
58,34,73.65103912353516,94657,3,1.5601793743446564,2,0,0,0,0,0,0
40,13,38.41294097900391,93927,4,2.4715195952942604,1,0,1,0,0,1,0
25,3,29.051475524902344,94875,3,2.326748211202128,2,0,0,0,0,0,0
39,9,31.87198638916016,91390,4,2.184949050285332,2,105,0,0,0,1,0
42,16,122.4227294921875,92604,3,0.1473990105728984,2,0,0,0,0,0,1
47,34,22.276390075683597,94507,3,0.0734127437607835,2,0,0,0,0,0,0
40,22,30.083955764770508,91806,4,0.3328031186002109,1,0,0,0,0,0,0
52,29,28.28955078125,91966,4,0.8918264131678811,2,0,0,0,0,0,0
61,37,150.9127655029297,94536,1,3.267022613617036,1,0,0,1,0,0,0
60,37,48.36761093139648,95430,4,3.203962273392144,1,0,0,0,0,0,0
28,3,43.26311492919922,95441,3,0.0145289843593788,2,110,0,0,0,0,0
57,33,132.91909790039062,93375,2,4.760857851046711,3,0,0,0,0,0,1
45,12,75.63236236572266,94992,4,0.2954566006790326,1,0,1,1,1,1,0
54,37,103.05297088623048,94488,3,0.6822560580950536,3,241,1,0,0,0,0
43,17,184.4286193847656,94442,2,4.0081768513922285,1,0,0,0,0,0,0
56,36,66.6689224243164,95872,2,2.0193700321472874,1,0,0,0,0,1,0
54,26,77.25022888183594,90712,1,2.6131052945578865,1,0,0,1,0,1,0
53,30,81.44840240478516,94284,1,2.9825624156909267,3,0,0,0,0,1,0
35,12,93.4665069580078,93792,1,2.0586890303865184,2,106,1,1,0,1,0
45,19,31.309070587158203,95457,2,1.990614786315412,2,0,1,0,0,1,0
64,41,60.29435348510742,95674,2,1.171545767563658,2,0,0,0,0,0,0
44,24,23.30222511291504,90176,3,2.527989587670361,2,0,0,0,0,0,0
44,27,91.89171600341795,92357,3,5.676828397312939,1,0,0,0,0,1,0
30,8,83.63919830322266,96113,2,1.6301079645416718,2,0,0,0,0,0,0
43,19,114.83560180664062,95437,1,1.1807626245927203,1,154,0,0,0,1,0
54,24,129.34664916992188,91086,1,7.565258802902258,1,0,0,0,0,1,0
55,31,74.37447357177734,94487,2,0.2717390650995964,2,0,0,0,0,0,0
39,15,14.253021240234377,93617,3,0.4837955428300103,3,107,0,0,0,1,0
57,33,51.675411224365234,92952,4,0.908146401607716,1,0,1,0,0,0,0
33,9,56.38705825805664,92791,2,0.1917322311368512,2,0,1,0,0,1,0
59,31,47.30785751342773,95502,4,0.0937276177002217,2,0,0,0,0,0,0
33,5,120.8410415649414,94376,4,2.25431066518963,1,0,0,0,0,1,1
60,35,15.1783447265625,91485,1,0.4877023785419967,3,0,0,0,0,1,0
41,19,88.65827941894531,94552,2,1.6609824320745128,3,410,1,0,0,1,0
37,19,88.87291717529297,95558,2,3.1121465445487155,2,105,1,0,0,1,0
64,37,92.86438751220705,90217,3,1.8690115968391243,3,0,0,0,0,1,0
53,26,63.77215576171875,93973,4,0.9993336561064248,3,0,1,0,0,1,0
38,11,72.9664077758789,94650,2,1.2447524120807194,2,111,0,0,0,0,0
40,14,47.12265396118164,90371,2,1.7837681896366584,1,0,0,0,0,0,0
62,31,33.70460891723633,93024,3,0.609389066426918,1,88,0,0,0,1,0
55,26,71.86613464355469,93000,2,1.3170325372355454,1,0,1,0,0,0,0
33,10,157.0832977294922,90380,4,1.4775178152320896,1,436,0,1,0,1,0
37,17,126.7526397705078,91394,2,2.2036753817390915,1,0,1,0,0,0,0
65,36,38.82857131958008,95539,4,1.0747467984722996,2,0,0,0,0,1,0
59,35,29.13065528869629,93058,3,0.1825185577913108,2,0,0,0,0,1,0
59,35,37.33111572265625,92845,4,0.3249990731941043,3,0,0,0,0,1,0
42,21,75.49578857421875,91544,2,2.707075121514629,2,0,1,0,0,0,0
63,37,80.15946960449219,94309,3,0.3807434304264107,2,0,0,0,0,0,0
36,3,96.42213439941406,95846,2,2.674584627938656,2,0,1,0,0,0,0
27,-1,12.006305694580078,96194,3,0.6617288273509147,1,121,0,0,0,1,0
29,2,69.69217681884766,93711,2,1.085171572646361,2,0,1,0,0,1,0
59,36,44.33967590332031,92231,4,2.204115147746772,2,118,0,0,0,1,0
47,24,124.53767395019533,95630,4,2.305971435671064,3,0,0,0,0,1,1
59,37,70.88688659667969,94851,1,2.4015040315019425,1,91,0,1,0,0,0
45,20,32.143707275390625,92208,2,1.7646696963780246,3,0,0,0,0,0,0
42,24,42.00476837158203,92642,2,0.6558400364609938,3,0,0,0,0,1,0
47,32,17.406661987304688,95971,3,0.5882934781969738,1,0,0,0,0,0,0
40,22,62.86861038208008,94818,3,2.5417428251168843,1,153,1,0,0,0,0
37,5,80.97193908691406,92724,2,0.0417422671751351,1,0,0,0,0,0,0
52,22,40.77244567871094,96586,3,1.2048546569957836,2,302,1,0,1,1,0
37,21,65.64697265625,92681,1,1.9049436736129877,2,0,0,0,0,1,0
49,25,49.33525085449219,94547,3,0.2775636755957246,2,0,1,0,0,1,0
65,33,55.62705993652344,91660,4,0.3971343790038569,2,0,0,0,0,1,0
63,35,107.42689514160156,93196,1,4.5474453514564,3,303,0,0,0,1,0
49,20,74.0331039428711,94123,2,0.8657121994828637,2,0,0,0,0,0,0
47,23,79.19384002685547,90172,1,0.7038952972841291,3,0,0,0,0,1,0
61,37,28.73257827758789,94354,1,1.0910485124621063,1,117,1,0,0,0,0
63,38,93.00069427490234,94772,2,0.1095186625585028,1,0,0,0,0,1,0
48,19,30.843660354614254,91850,1,0.2919404475183151,3,171,0,0,0,0,0
43,19,104.58916473388672,94370,2,1.757334487073526,3,93,0,0,0,1,1
34,15,34.39109802246094,92657,1,0.9530522423319364,2,0,0,0,0,1,0
46,18,66.34073638916016,95773,2,0.168993022341847,1,0,0,0,0,0,0
62,42,65.2513656616211,92226,4,1.6314848797705166,3,0,1,0,0,1,0
55,35,25.87874984741211,94246,1,0.7449772277279151,3,0,0,1,1,1,0
53,21,29.55125617980957,94569,1,0.3536925568038281,2,0,1,0,0,1,0
30,3,44.37620162963867,91700,4,0.9156674366976062,1,124,0,0,0,1,0
65,37,48.83737182617188,92179,4,1.2182727369921456,3,0,0,0,0,0,0
55,35,42.49702453613281,92406,2,1.7885848326638536,1,0,0,0,0,0,0
48,30,61.99394226074219,94352,2,3.3760194177506624,1,248,0,0,0,0,0
53,20,93.97907257080078,90042,4,3.546921525620818,1,378,1,0,0,0,0
47,22,29.64278030395508,94867,4,3.035180455402763,1,0,1,0,0,0,0
28,17,70.38429260253906,91677,1,0.7116056566889895,1,0,0,0,0,1,0
44,13,49.69939041137695,90545,3,0.5704022483626875,2,0,0,0,0,1,0
45,20,37.08697509765625,89994,1,2.4866992757932644,3,329,0,0,0,1,0
37,9,47.451419830322266,94091,1,0.3174069117315901,3,0,0,1,0,0,0
43,10,121.78497314453124,94887,2,4.806001660874879,1,0,1,1,0,0,0
34,21,47.290225982666016,94172,2,1.7712261078717466,2,138,1,0,0,0,0
58,30,81.35224151611328,94327,1,1.080753863983173,1,149,0,0,0,0,0
34,2,96.75313568115234,92551,4,4.989568050121628,2,0,0,0,0,0,1
36,8,102.55061340332033,92248,2,2.040919106998037,1,0,1,0,0,1,0
45,22,40.42177963256836,93077,1,0.4124897683293413,1,0,1,0,0,0,0
58,33,177.92218017578125,91025,2,3.630085863603599,1,0,0,0,0,1,0
32,4,44.918453216552734,94511,4,1.395310771845299,2,142,0,0,0,0,0
60,37,87.79205322265625,89564,2,2.68111057666858,1,0,1,0,0,1,0
40,18,73.2424545288086,90862,1,1.599872898633686,3,147,1,0,0,1,0
33,13,45.53162384033203,94110,4,0.2748886363780833,2,0,0,0,0,1,0
51,30,152.2100372314453,96002,2,7.031110130527939,1,318,0,0,0,1,1
53,27,179.62893676757812,93223,1,2.458104338530496,3,0,1,0,1,1,1
63,42,79.66992950439453,91003,1,1.1747698641101727,3,102,0,0,0,1,0
34,5,159.82774353027344,94581,3,4.317335846821237,3,0,1,0,1,1,1
29,9,47.898075103759766,90227,2,0.0593210165637254,3,0,0,0,0,0,0
40,13,80.21817779541016,91232,3,0.3679027934007768,2,0,0,0,0,1,0
59,25,173.2474365234375,92330,1,4.215561437772379,3,82,0,1,0,0,1
41,18,62.712364196777344,94670,1,2.2489859493932296,2,0,0,1,0,0,0
41,14,53.027320861816406,89881,1,1.9606423921230736,2,0,0,0,0,1,0
58,33,51.84157180786133,95366,4,1.9277125219855968,2,0,0,0,0,1,0
31,14,55.52188491821289,94354,2,1.1887397668397883,1,0,0,0,0,1,0
40,12,76.20774841308594,92092,3,2.2415459857830724,1,0,0,0,0,0,0
59,32,132.35125732421875,90138,1,2.432230657726708,1,0,0,0,0,1,0
52,35,67.04179382324219,95001,3,0.8980570185355625,2,96,0,1,1,1,0
35,5,29.21737289428711,91672,3,0.862280579654602,2,0,0,0,0,1,0
42,18,59.48270034790039,89973,4,1.3010719404770814,1,0,0,0,0,1,0
61,40,14.144031524658203,94047,3,0.4058088634640898,2,132,0,0,0,0,0
56,37,163.00880432128906,93052,2,4.158424191117184,1,0,1,0,0,0,0
61,36,111.42325592041016,92386,3,2.041832663164048,2,0,0,0,0,0,0
40,25,53.83990097045898,91757,3,2.830226590003619,3,175,0,0,0,0,0
36,22,61.8779182434082,94477,2,1.9777583403411985,2,0,1,0,0,1,0
39,9,37.7021598815918,95482,3,1.4615095349359633,3,0,0,0,0,1,0
49,14,38.95742034912109,94364,2,0.1594009370146445,1,0,0,0,0,0,0
35,2,69.6427230834961,91588,4,2.475635922357622,2,0,0,1,0,0,0
54,21,93.57268524169922,90426,2,4.988165663644757,1,0,0,0,0,1,0
55,31,130.74801635742188,93861,4,0.6738419383109561,3,235,0,0,0,0,1
32,16,32.65834045410156,95423,4,0.1456050483321443,1,0,0,0,0,0,0
53,38,128.58062744140625,94772,2,2.039258084745222,3,392,0,0,0,0,1
59,33,45.90314102172852,94509,3,0.3291394090099404,2,0,0,0,0,1,0
63,39,124.90425872802734,94593,1,2.385301936129003,3,0,0,0,0,0,1
63,35,57.68206405639648,93976,3,1.36412339025579,2,151,0,0,0,1,0
52,31,44.8101692199707,92010,4,3.0973820977286164,2,208,0,0,0,0,0
36,11,81.96621704101562,91477,2,4.25970880184452,1,0,1,0,0,1,0
30,5,155.01844787597656,94008,2,2.771712694738215,1,265,1,0,0,0,0
57,41,25.4973201751709,90365,2,2.077299461201715,3,0,1,0,0,0,0
42,20,83.99235534667969,94157,3,3.856335360271432,1,0,1,0,0,0,0
27,-2,111.02555084228516,93150,2,2.017672134040553,1,210,0,0,0,1,0
32,1,33.42242431640625,92353,4,0.6611382891112569,3,0,0,0,0,1,0
26,1,41.146270751953125,92208,1,0.9630902504089884,3,0,1,0,0,0,0
40,24,172.66177368164062,91373,1,1.0445052686902412,1,0,1,0,0,1,0
46,23,100.8559112548828,94402,1,3.168202097897056,3,0,0,0,0,1,0
54,18,28.7443790435791,90890,2,1.2168820961981122,3,0,0,0,0,1,0
34,21,155.72482299804688,94724,4,4.09485150244446,2,0,0,0,0,0,1
58,35,151.39137268066406,91861,2,1.8346441162576248,1,0,0,0,0,1,0
58,32,114.02642822265624,95654,1,1.6804603721624738,1,94,0,0,0,1,0
32,19,14.92796516418457,91545,1,0.0265441541531946,3,0,0,0,0,1,0
43,13,139.4337158203125,95366,1,2.611221900405017,1,0,1,0,0,1,0
46,28,146.9290771484375,94057,1,8.163804856342903,1,166,0,0,0,1,0
51,17,48.94392395019531,91950,4,0.3596069446210915,3,88,0,0,0,1,0
35,17,105.612548828125,94309,1,2.19416017541466,2,0,0,0,0,0,0
52,22,84.4311294555664,93169,2,4.865605662266342,2,0,0,0,0,0,0
61,34,47.84116744995117,91830,4,2.282671429642546,3,0,0,0,0,1,0
34,12,90.94374084472656,94766,2,0.9156526431201308,1,0,1,1,0,1,0
51,7,53.66706085205078,92835,2,1.236110126819929,3,0,0,0,0,0,0
34,13,186.53099060058597,93143,1,4.996847744868047,1,0,1,0,0,1,0
42,14,22.401704788208008,94236,4,0.659440369876676,3,96,1,0,0,1,0
27,11,25.992477416992188,91576,4,1.4632549422493353,1,0,1,0,0,1,0
30,5,62.63442993164063,92259,2,0.2054746113829523,1,0,0,0,0,1,0
32,7,34.805381774902344,95018,1,2.365836825791932,1,0,0,0,0,1,0
41,21,14.386871337890623,94143,4,0.222963879812123,2,0,0,0,0,0,0
55,24,132.74127197265625,94997,1,6.545894695253356,1,0,1,0,0,1,0
27,4,126.43244934082033,95192,1,3.464224340792128,3,196,0,0,0,0,0
44,20,88.6750717163086,92975,2,2.6478885672466657,3,208,0,0,0,1,0
32,7,147.54690551757812,93942,2,2.907637323529178,1,0,1,0,0,0,0
56,23,12.333224296569824,91359,2,0.4232230414682711,3,83,0,1,0,0,0
28,6,122.0607681274414,90726,4,3.633062044284765,1,241,1,0,0,1,1
44,25,142.0648956298828,92059,4,9.086139849743644,3,0,0,0,0,0,1
58,29,46.790775299072266,96397,3,0.8254053879468132,2,154,1,0,0,1,0
31,9,127.94415283203124,91101,4,3.3477249869234,2,0,1,0,1,1,1
57,32,112.17562866210938,91792,4,0.6765357450106898,2,0,0,0,0,0,1
30,3,15.28227424621582,91576,1,0.4416724528200798,2,0,0,0,0,0,0
34,11,144.70484924316406,91374,3,3.136463553879902,1,0,0,0,0,0,0
29,4,143.73220825195312,94647,2,3.079075810915567,3,0,0,0,0,0,1
31,6,37.47151947021485,94287,4,1.552020208055191,2,0,0,0,0,1,0
27,6,56.10863876342773,94762,2,0.7176343119131683,2,0,0,0,0,1,0
61,37,29.709909439086918,92092,4,1.2912325211620532,2,0,0,0,0,0,0
58,35,89.00497436523438,91613,1,2.430121192557514,3,0,1,0,0,0,0
55,21,35.79265594482422,94311,3,0.3351655298966325,2,0,0,0,0,1,0
35,9,12.82114028930664,94468,2,0.8519359505871869,2,0,0,0,0,1,0
47,14,86.20592498779297,94979,1,2.535176405324684,2,0,0,0,0,0,0
35,6,119.9522705078125,94061,1,1.788467297364498,1,0,1,0,0,1,0
59,24,30.045942306518555,94361,2,1.110189611797782,2,0,1,0,0,0,0
63,40,144.90594482421875,92149,1,2.0999721898247983,2,0,1,1,1,1,0
33,7,133.05726623535156,94382,1,0.0980146283237125,3,0,0,0,0,0,0
59,36,103.79580688476562,92050,1,4.364503717513803,2,144,1,0,0,1,0
33,11,92.5888442993164,91541,2,1.0326296095380127,1,0,1,1,1,1,0
35,23,47.38014602661133,92180,2,0.3798004005832794,2,0,0,0,0,1,0
37,9,52.23774337768555,95019,1,1.9802873163169408,1,178,0,0,0,1,0
30,7,132.88995361328125,91259,2,1.488496693751454,1,0,1,0,0,1,0
42,14,71.17623138427734,94582,3,0.1970977608439321,2,0,0,0,0,0,0
35,5,123.05101013183594,94152,1,0.6868376877105733,3,105,0,0,0,1,0
38,18,173.4944305419922,92143,2,3.026435246973585,1,0,0,0,0,0,0
38,22,42.95917510986328,90176,1,4.157346377748018,3,0,0,0,0,0,0
51,25,48.90577697753906,91024,2,1.5953922946599508,1,0,1,0,0,0,0
38,17,101.34564971923828,95052,2,4.109110086367416,1,0,0,0,0,1,0
39,27,56.04812240600586,91224,3,2.9245498486160337,3,236,0,0,0,0,0
53,27,27.20710563659668,93839,2,0.3070141220107861,2,0,1,0,0,0,0
61,25,184.8042449951172,90328,2,7.569969468551412,1,386,0,1,0,1,0
37,15,41.74355697631836,94142,4,2.0076688642226714,2,0,0,1,0,0,0
47,28,125.74909973144533,91995,2,2.382518046482915,1,0,0,0,0,0,0
36,12,135.71176147460938,93262,2,2.2145679742166835,1,581,1,0,0,1,0
59,30,65.49293518066406,92602,3,2.1196247399877755,2,0,0,0,0,0,0
39,12,35.64183807373047,94031,3,0.1713567524078671,2,0,0,0,0,0,0
41,12,81.49085998535156,94595,1,2.411550806492261,2,0,0,0,0,0,0
57,27,41.07335662841797,91900,4,0.8618050766715198,1,0,0,0,0,1,0
29,20,108.90904235839844,92353,2,2.668415231812514,1,0,0,0,0,0,0
48,19,69.63575744628906,94745,1,2.1228729835887314,3,0,1,0,0,0,0
55,27,102.6161880493164,94251,2,2.842798759870227,1,485,1,0,0,0,0
56,34,46.7292594909668,93837,2,2.0941128664163684,1,0,0,0,0,0,0
62,36,79.21013641357422,94492,2,2.058561941690672,2,0,0,0,0,0,0
36,15,69.00338745117188,95394,2,2.199232012969734,1,0,0,0,0,0,0
52,18,50.18090057373047,90187,3,2.7682127369115355,1,0,0,0,0,0,0
44,12,48.48382186889648,94397,3,0.3873671488671986,3,0,0,0,0,0,0
31,4,62.05754852294922,95761,1,2.14107835676382,1,116,0,0,0,1,0
28,-1,105.18407440185548,91434,2,0.7989985506111149,1,181,0,0,0,1,0
50,26,58.97776412963867,90895,1,2.6051397441690467,2,0,0,1,0,1,0
31,8,197.2241058349609,93152,2,4.185133476384587,3,385,1,0,0,1,1
46,16,41.953102111816406,92103,4,1.5916813111036507,1,0,0,0,0,0,0
26,2,26.79728126525879,89742,4,2.075930601468364,2,0,0,0,0,1,0
47,25,89.1085205078125,91839,1,0.5955776064817201,3,0,0,0,0,1,0
25,1,66.61192321777344,91035,1,1.9025430407264416,3,0,0,0,0,1,0
65,39,147.89756774902344,94641,1,2.6201002043887787,1,0,0,0,0,1,0
37,13,78.5514907836914,93837,4,1.2100639248128595,1,367,0,0,0,0,0
24,3,38.2014045715332,94499,3,0.2509895214442931,2,0,0,0,0,1,0
49,23,63.843482971191406,94881,4,2.3851302564495445,2,0,0,0,0,0,0
40,16,189.5751190185547,94713,2,6.343756311780434,1,313,0,0,0,0,0
55,27,39.30431365966797,92028,4,2.1515675494401374,2,0,1,0,0,0,0
65,37,77.88761138916016,95147,2,1.931165129605315,1,0,0,0,0,1,0
48,19,11.558025360107422,93684,2,1.793253548068775,3,129,0,0,0,1,0
48,27,61.84330368041992,94876,4,1.1966011810925128,2,0,0,1,0,0,0
63,37,55.34683609008789,90115,1,1.2558775384329872,2,0,0,0,0,0,0
32,12,64.04010772705078,94228,4,0.3321488786305385,1,161,1,0,0,0,0
62,34,137.83880615234375,90404,4,2.7058186318561264,1,0,1,1,1,1,1
44,15,86.57337188720703,95070,3,3.028110329550484,2,142,0,1,0,1,0
35,6,81.15162658691406,93078,1,2.3945831795329986,3,206,0,0,0,0,0
30,1,55.01275253295898,94478,3,1.9402401885557523,2,0,0,0,0,0,0
36,14,69.25779724121094,94324,1,1.3291720065846324,3,0,0,0,0,0,0
56,29,35.443634033203125,92590,2,1.332263022895233,1,0,0,0,0,0,0
47,21,40.44575881958008,94413,4,0.4002223065145708,3,0,0,0,0,0,0
50,34,64.28993225097656,94367,2,1.217475730014813,3,170,0,0,0,1,0
36,6,71.4796142578125,94063,2,1.1147625923228288,2,0,0,0,0,0,0
43,16,17.152111053466797,93299,3,0.1479461628946322,2,0,1,1,0,1,0
30,4,136.4839324951172,92081,1,6.56589785975039,1,0,0,0,0,0,0
51,16,28.695756912231445,93177,4,1.2818191448364098,3,0,0,1,0,1,0
42,17,57.1395149230957,92375,4,1.584507409410478,1,0,0,0,0,0,0
29,1,82.06281280517578,92139,3,0.1117288422561681,3,0,0,0,0,0,0
61,38,27.459917068481445,89933,2,0.2761566567068807,2,0,0,1,0,0,0
29,3,133.00808715820312,93321,2,1.5182374280802162,3,0,0,0,0,1,0
41,13,46.236793518066406,91997,1,0.205182472742602,1,0,1,1,0,1,0
29,9,65.75837707519531,93324,2,1.1395803624900709,1,0,0,0,0,1,0
51,27,35.298553466796875,91759,1,1.597370349678816,2,124,0,0,0,0,0
27,2,121.58452606201172,94147,1,3.29635827890264,2,0,0,0,0,0,0
57,29,59.851112365722656,90440,3,1.4126393371648138,2,0,0,0,0,0,0
63,41,62.27155303955078,93919,4,0.4541982363043572,3,0,0,0,0,0,0
45,13,83.19882202148438,90271,3,1.2326812583290687,2,0,0,0,0,1,0
30,11,56.66710662841797,94932,3,1.29921927642682,3,0,0,0,0,1,0
47,16,73.20506286621094,95643,1,3.927723422592012,2,0,0,0,0,0,0
38,16,36.13045501708984,94870,2,0.6953663946658546,3,0,1,0,0,1,0
44,22,22.33638572692871,96157,1,1.293876497192919,1,0,0,1,0,1,0
38,13,43.98968505859375,90699,4,2.321163630726235,1,0,0,0,0,0,0
61,34,12.15860652923584,94389,2,0.8996170649471418,1,0,1,1,0,0,0
48,11,106.76931762695312,92420,4,1.0606395040526038,2,0,0,0,0,1,0
49,24,26.259824752807617,93970,4,0.5849218093895053,1,0,1,0,0,1,0
57,27,60.8272705078125,91875,1,0.0407458634785408,2,0,0,0,0,1,0
30,5,143.5717315673828,93566,1,2.371416707575955,1,0,0,0,0,0,1
67,35,17.032873153686523,91020,3,0.2485440016134003,2,0,0,0,0,1,0
43,29,25.03573226928711,96041,3,0.4228526991335701,2,136,1,0,0,1,0
59,35,58.6623420715332,94729,1,0.9518735794494622,1,0,1,1,1,0,0
63,41,21.56702423095703,90904,3,0.4590940722856594,2,0,0,0,0,0,0
29,7,101.24163818359376,94723,1,4.588008820055313,1,0,0,0,1,1,0
44,24,114.94400024414062,91731,2,3.1491253514290944,3,67,1,0,0,1,1
28,10,28.79167366027832,92212,4,1.1786189172372588,1,0,0,0,0,1,0
56,27,22.12602806091309,94453,2,0.3544628705363321,2,111,0,0,0,1,0
62,42,61.82954025268555,94035,2,1.8170357062332685,1,0,0,0,0,0,0
49,22,112.3774185180664,91365,1,2.5126641713042552,1,204,0,0,0,1,0
28,12,94.68707275390624,95109,1,0.8012138443106336,1,0,0,0,0,1,0
53,24,26.2362117767334,91895,3,0.1139846775038979,2,0,0,0,0,1,0
55,28,55.28544998168945,91288,1,1.4330447109968345,3,0,0,0,0,1,0
58,36,44.30003356933594,95951,2,1.8409220610531705,1,0,1,0,0,1,0
62,37,144.52999877929688,95725,1,5.718169482830966,3,0,0,0,0,1,1
58,27,151.04110717773438,92287,2,2.5510159455558847,1,0,0,0,0,0,0
49,17,111.36743927001952,91626,2,0.4403173437927116,1,0,0,0,0,1,0
63,39,20.009353637695312,95420,2,0.2479630331338612,3,0,0,0,0,0,0
30,9,92.09756469726562,95287,2,1.1028945119924431,1,0,0,0,0,1,0
39,14,60.07550430297852,94389,4,0.4564105269065469,1,0,0,0,0,1,0
60,31,56.53868865966797,91124,1,2.0878800530102266,1,0,0,0,0,0,0
48,21,48.2257194519043,94554,4,1.5173619624913322,1,0,1,1,0,1,0
47,19,24.81477928161621,94304,4,0.4265873957992693,2,104,0,0,0,1,0
61,38,32.75599670410156,91197,2,0.6258484935916643,1,113,0,0,0,1,0
30,8,138.02322387695312,94179,2,2.23156602294394,1,0,1,0,0,0,0
56,32,66.92185974121094,94491,1,0.3527235534370895,1,0,1,0,0,1,0
58,23,17.807254791259766,89606,3,2.137427812473107,2,0,0,0,0,0,0
31,1,42.73579025268555,95949,4,0.9632814458731151,1,0,0,0,0,0,0
44,25,196.93795776367188,90066,1,3.470801225805088,1,0,0,0,0,0,0
60,39,52.05513381958008,90237,3,0.181865919882484,3,73,0,0,0,1,0
38,6,181.6521148681641,94331,2,6.391719067957292,1,230,1,0,0,1,0
44,9,199.61769104003903,90700,2,5.899465111820534,2,239,0,0,0,1,1
59,33,45.40679931640625,92035,3,0.7407896447452819,3,0,0,0,0,0,0
38,12,77.87040710449219,92791,2,0.4526835918932718,3,0,1,0,0,0,0
41,19,67.97763061523438,96167,3,1.0626438500469713,3,0,0,0,0,0,0
29,7,27.87489128112793,93005,4,0.2946390681032755,3,113,1,0,0,1,0
26,5,42.50767517089844,91622,2,0.5513659105847779,3,77,0,0,0,0,0
30,4,75.69037628173828,92266,3,2.512872738125237,2,0,0,0,0,0,0
34,6,69.13878631591797,95155,2,2.2821738328735117,1,244,0,0,0,0,0
39,10,42.64723587036133,94460,3,2.087683182229262,3,0,0,1,0,1,0
33,7,39.68193054199219,94496,1,1.2037357093510497,1,0,0,0,0,1,0
50,30,18.278844833374023,94982,4,0.4298135555955678,1,128,0,0,0,1,0
36,11,40.40627670288086,92278,1,2.348127268247134,2,0,0,0,0,0,0
26,10,67.73324584960938,94931,3,2.01977857932385,2,0,0,0,0,1,0
33,8,86.83123779296875,91983,4,1.7595196057939817,1,0,0,0,0,0,0
33,6,149.77748107910156,91134,2,3.558741913393586,1,213,0,0,0,1,0
33,8,27.76962280273437,94721,4,1.463395020446931,2,0,0,0,0,0,0
39,18,78.4761734008789,90539,4,1.7932332719494992,3,0,0,0,0,0,0
45,20,44.36294555664063,94104,2,0.9450572461628948,3,0,0,0,0,1,0
43,17,25.897216796875,94396,1,0.193965595129679,3,0,1,0,0,0,0
40,22,49.88268661499024,93005,1,1.289725756341518,3,109,0,0,0,0,0
32,10,139.05995178222656,91787,1,3.535021254308881,3,0,0,1,0,1,1
58,32,147.5577392578125,94382,2,8.230397922599469,1,0,0,0,0,1,0
62,36,35.996578216552734,93773,2,0.3381692083773434,2,0,0,0,0,1,0
43,22,17.26310920715332,92762,4,0.2263973241395254,1,0,1,0,0,0,0
63,33,178.8895263671875,90274,2,2.60691172811174,1,0,0,0,0,0,0
48,12,125.023193359375,90426,2,5.415699428021943,1,0,1,0,0,1,0
56,31,36.67537307739258,95877,1,4.005527519349828,1,154,0,0,0,0,0
31,11,187.43988037109372,94774,4,6.021416483915662,1,0,0,0,0,1,0
40,22,110.74565887451172,95109,2,8.306939128237637,1,0,0,0,0,0,0
29,2,106.62419128417967,93915,2,2.3560239853599434,1,0,0,0,0,0,0
57,29,34.7045783996582,90863,4,0.4259828848402323,3,0,0,1,0,1,0
38,20,62.68052673339844,89845,1,0.6837265836996599,2,0,0,1,0,0,0
44,16,66.08486938476562,94882,1,1.6348272921876557,2,0,0,0,0,1,0
63,33,44.35921859741211,94799,4,1.687593924001989,3,0,0,0,0,0,0
62,35,82.5958480834961,93176,3,0.3816029247052815,2,0,1,0,1,1,0
52,11,155.82484436035156,90724,4,6.630667952961216,2,0,1,0,0,0,1
45,16,42.64910888671875,90696,2,0.1705143289008301,1,0,0,0,0,1,0
49,15,23.343894958496094,94140,4,1.50222364523483,3,0,1,0,0,0,0
47,33,22.51186752319336,90539,3,7.070991432011551,1,0,1,1,0,1,0
26,4,24.77876281738281,94740,1,0.4590682807248144,3,0,0,0,0,1,0
59,36,44.22351837158203,95348,4,1.9025231097436213,2,0,1,0,0,1,0
29,1,73.8004150390625,94240,2,1.7478241441162412,3,0,1,0,1,1,0
57,39,114.83051300048828,94506,1,0.3364600080846851,1,0,0,0,0,0,0
49,10,23.11182403564453,94035,4,0.0194290242166462,2,0,0,0,0,1,0
36,7,84.90791320800781,92665,2,0.508882395958155,1,0,0,1,0,1,0
29,3,77.3319320678711,94796,4,3.1869527236026665,1,0,0,0,0,0,0
49,25,39.11103439331055,93997,3,2.784906421338047,2,0,1,0,0,0,0
41,17,31.222740173339844,94523,3,0.9543699079539896,2,0,0,0,0,1,0
62,34,13.207802772521973,90244,4,0.6640091661352652,1,92,1,1,0,1,0
44,15,114.62572479248048,94239,1,1.4784062926729735,3,338,1,0,0,0,0
61,25,24.189472198486328,91813,1,0.6594578770069601,2,0,0,0,0,1,0
34,17,148.19639587402344,92163,3,4.455276170729178,2,0,1,0,0,1,1
35,33,117.42324829101562,95939,1,1.1586908952799533,3,131,0,0,0,1,1
48,17,168.76284790039062,95774,2,5.941902064611297,1,0,0,0,0,0,0
52,28,71.28675842285156,92430,2,0.1267669966663716,2,0,0,0,0,1,0
44,26,82.88992309570312,95442,1,1.5762497888344904,2,0,0,0,0,1,0
57,33,29.987388610839844,94003,3,0.1535430210703845,3,0,0,0,0,0,0
61,36,53.85798645019531,95843,2,2.790072327176499,1,0,0,0,0,0,0
33,7,17.11532211303711,91902,4,1.2354681350519898,3,0,0,0,0,1,0
64,34,43.10750961303711,91534,4,2.7474991325436866,1,0,1,0,0,1,0
30,4,55.7785530090332,92013,4,0.9517671812517412,2,0,0,0,0,1,0
63,37,68.39077758789062,92201,2,3.017828344466362,1,105,0,0,0,0,0
57,34,13.070037841796877,90034,3,0.5415325522881568,3,105,1,0,0,1,0
37,7,31.33622360229492,94169,3,2.3166486619666298,2,164,0,0,0,1,0
46,30,73.12596130371094,90040,2,0.6668960709982921,1,216,0,0,0,1,0
25,2,83.2104721069336,93182,4,1.2670444284704154,3,148,0,0,0,0,0
53,30,39.71350860595703,89924,2,1.1541213686272878,1,0,0,0,0,1,0
40,33,215.7599334716797,95466,2,8.701431052584407,1,0,0,0,0,0,0
42,10,126.62286376953124,94794,3,2.0628013177940048,2,585,1,1,1,1,1
64,35,155.96829223632812,92277,2,5.630827588670392,1,0,0,0,0,0,1
55,37,51.88599395751953,94288,1,0.884218171613367,1,235,0,0,0,0,0
35,15,25.63848876953125,96105,4,0.913379194002644,3,0,1,0,0,1,0
62,31,43.06668472290039,90135,2,1.53475104913274,3,0,0,0,0,0,0
41,15,47.41541290283203,91580,1,0.0848641965351404,1,0,0,0,0,1,0
33,5,37.49134063720703,94391,4,0.2008237375742581,1,0,1,0,0,1,0
45,20,61.10885238647461,90245,1,2.113431418041955,3,0,0,0,0,0,0
67,36,24.92656898498535,92892,3,0.2532053018424752,2,0,1,0,0,1,0
45,25,27.46025848388672,94566,2,1.6688699816220702,3,0,0,0,0,1,0
57,22,94.05895233154295,95851,1,0.7308945120336909,1,0,0,0,0,1,0
61,39,38.48809051513672,94661,1,0.5569215840732957,3,0,0,0,0,0,0
62,21,67.24873352050781,95224,2,1.0263996267042903,1,0,0,0,0,0,0
43,28,131.2725830078125,93915,2,1.6007774620872752,1,308,0,0,0,1,0
54,31,33.38914489746094,94232,2,0.3576101255633467,3,147,0,0,0,0,0
46,25,18.940444946289062,94675,1,0.9728109509170476,3,0,0,0,0,0,0
34,7,28.0627384185791,96010,1,0.5399268710953251,3,0,1,0,0,1,0
60,38,59.14848709106445,95073,2,1.4538854143489237,3,162,1,1,1,0,0
39,24,31.019969940185547,96487,1,0.8134767849620465,3,0,0,1,0,1,0
62,33,27.951000213623047,91049,1,1.185921266592005,3,0,1,0,0,0,0
54,32,35.68714904785156,90388,1,2.4605295630024777,3,0,0,0,0,0,0
59,37,25.054536819458008,95659,2,0.961510344528998,1,0,1,0,0,1,0
58,38,47.97233963012695,92982,4,2.475091918783262,3,0,0,0,0,1,0
50,18,64.92086029052734,95516,2,3.439796737805679,3,104,1,0,0,1,0
27,-3,58.97802734375,94991,2,3.431871509628106,3,102,0,0,0,1,1
37,3,193.903076171875,91245,2,1.7425974170450371,1,367,1,0,0,0,0
32,6,48.33872604370117,95683,3,0.5443786902116101,1,0,1,0,0,0,0
42,7,85.74299621582031,94061,2,6.179166186920183,1,0,0,0,0,1,0
35,11,51.79336929321289,93988,3,1.5072059629526635,1,415,0,0,0,1,0
46,21,19.509431838989254,95826,2,0.7774840450149582,2,0,0,0,0,1,0
40,21,95.5625991821289,94719,1,2.0457616093571303,2,156,0,1,0,1,0
34,7,78.80095672607422,93010,2,2.1199762542461533,1,123,0,1,0,1,0
44,9,33.67247772216797,93097,4,0.7342958509477358,3,0,0,1,0,1,0
53,22,35.5770149230957,90422,4,0.9805459698683324,2,0,0,0,0,0,0
30,2,106.820068359375,93085,4,1.2392655830513597,1,0,0,0,0,0,0
60,36,74.64250183105469,94501,4,0.0425020347624519,2,0,1,0,0,1,0
61,37,60.04299545288086,92139,3,0.4269482989622058,1,131,0,1,0,0,0
32,8,92.15535736083984,89861,3,2.06186688031682,2,0,0,0,0,0,0
61,25,68.576904296875,94355,2,1.9756402480242683,1,0,1,0,0,1,0
40,18,113.39836883544922,95895,2,1.1187223209815302,1,0,0,0,0,0,0
35,18,97.63578033447266,92409,2,2.1906874917381813,1,0,0,0,0,0,0
60,33,46.94925308227539,93399,3,0.0957528310070982,2,0,0,0,0,0,0
41,8,48.776248931884766,91794,3,0.1744894977294993,1,0,0,0,0,0,0
45,27,93.32582092285156,92985,2,0.539954551429383,2,192,0,1,0,0,0
59,38,12.653261184692385,94996,2,0.5347696673394606,1,0,1,1,0,1,0
51,33,36.52753448486328,95460,4,1.022642288956682,2,0,0,0,0,1,0
29,4,123.80968475341795,90449,1,3.5460247220954706,3,0,0,0,0,0,0
55,30,147.9145965576172,94804,4,1.5783133078768352,2,0,1,0,0,0,1
28,1,18.425146102905277,92268,3,0.5809657560887154,2,128,0,0,0,0,0
38,16,214.38986206054688,94944,2,8.310885614431578,1,0,1,0,0,1,0
44,23,81.65433502197266,95778,2,1.397551873137146,1,0,1,0,0,0,0
31,6,62.84771728515625,92894,2,0.4219372574724626,1,0,1,0,0,0,0
44,17,24.164810180664062,92402,2,1.030105254544181,1,0,1,0,0,1,0
62,40,65.82908630371094,95639,4,1.0862383950107175,1,0,0,0,0,0,0
42,16,98.19021606445312,89985,2,0.32896386118949,1,0,0,0,0,1,0
35,10,33.32966613769531,94485,2,1.2150806126447966,3,0,1,0,0,1,0
62,36,62.60358810424805,92134,2,0.6374858417861908,1,84,0,0,0,1,0
62,28,189.1469573974609,95183,1,6.319871046202736,1,0,1,1,0,1,0
30,6,70.90113830566406,93076,4,0.6388794554557784,3,0,0,1,0,0,0
45,24,40.48912048339844,94146,4,2.427099039841889,3,0,1,0,0,0,0
50,22,126.94161224365234,94726,3,3.2513605144941837,2,0,0,0,0,0,0
50,25,57.56806564331055,91645,1,0.1160743606627321,1,0,0,1,0,1,0
31,6,121.14618682861328,93045,2,0.5600944565604304,1,0,0,0,0,1,0
47,36,186.28094482421875,92734,2,4.760713050675811,1,0,0,0,0,0,0
61,36,76.92959594726562,90252,1,0.3216186824792137,1,0,0,0,0,1,0
67,42,41.42810821533203,94727,1,1.0769715028652849,3,0,0,0,0,0,0
61,34,109.90970611572266,94694,4,4.327984191651849,1,137,0,0,0,1,0
45,7,57.1375846862793,90837,3,0.792754038901195,3,239,1,1,1,1,0
27,2,88.7359619140625,95067,1,1.3183126241596506,3,0,0,0,0,1,0
61,35,35.66925430297852,94183,3,0.5992462879711458,2,0,0,0,0,1,0
58,31,142.4566192626953,90067,2,2.378606614563092,3,276,0,0,0,1,1
27,7,85.1959457397461,95303,4,2.706345573534904,1,113,0,1,0,1,0
36,12,89.48066711425781,92218,1,0.6956560742859788,3,0,0,1,0,0,0
41,10,88.9209213256836,95135,2,1.0056243525248212,1,0,0,0,0,1,0
55,26,27.83915138244629,94401,1,0.2345262069193853,1,75,0,0,0,1,0
62,30,17.458293914794922,93305,1,0.3367383531317066,2,0,0,0,0,0,0
24,5,130.2854766845703,95065,4,3.319582377902809,2,0,0,0,0,0,0
41,23,86.09136962890625,90135,4,1.954226901668211,3,0,0,1,0,1,0
38,17,102.36534118652344,93245,1,0.8481987597471159,3,0,1,0,0,0,0
26,1,140.21607971191406,92804,1,1.5851049214889406,3,0,0,0,0,0,1
41,17,82.43948364257812,95316,3,1.3279538408181306,2,0,1,0,0,1,0
64,33,156.3958740234375,95928,4,1.3593424973927013,2,0,0,0,0,1,1
54,36,95.36973571777344,93029,1,1.038418025870282,1,145,0,0,0,1,0
31,8,90.85116577148438,92762,1,2.1211102090955007,1,0,0,0,0,0,0
40,26,61.71967315673828,92283,3,1.6522788112921856,1,0,0,1,0,1,0
57,34,50.540626525878906,92317,2,0.2972296501786655,3,0,0,0,0,0,0
44,18,110.64202117919922,94555,3,1.73587748692354,2,0,0,0,0,1,0
34,7,89.84344482421875,91891,2,1.70744422447807,1,0,1,0,1,1,0
52,21,83.30886840820312,93227,1,3.79483779269904,2,0,1,0,0,0,0
36,10,36.17124938964844,91887,2,0.1267682210055543,3,156,0,0,0,1,0
30,5,90.79724884033205,94276,2,1.875904280653834,1,0,0,0,0,0,0
60,40,67.21887969970703,94437,1,0.3757172600939802,3,0,0,0,0,0,0
37,14,80.5262451171875,89701,1,0.4023983545012958,1,0,0,0,0,0,0
31,4,78.33517456054688,89856,3,1.5303990333475253,1,0,0,0,0,1,0
67,40,73.6878890991211,92675,3,0.8483932934574347,1,0,0,0,0,0,0
38,32,203.2955017089844,95425,2,7.954967120221747,1,0,0,1,0,1,0
25,-1,123.4774398803711,95955,4,4.982060689432419,1,242,0,0,0,1,0
44,26,23.52144241333008,94645,4,2.3085424852849377,1,101,0,0,0,0,0
52,33,57.454227447509766,95832,3,0.9799822880421002,2,0,1,0,0,1,0
41,13,167.2813720703125,95614,2,4.93072925501238,1,0,0,0,0,1,0
31,4,141.64764404296875,94833,1,9.145160985481848,3,0,1,0,0,0,1
41,22,86.3541259765625,93215,2,0.4327078152742635,3,0,1,1,0,1,0
34,7,30.24905204772949,94778,3,0.4922955306310907,2,0,1,0,0,1,0
42,20,58.1505012512207,91661,3,6.6683596615646765,1,201,0,0,0,0,1
56,33,80.33490753173828,90690,2,1.3769057006343566,3,260,0,0,0,0,0
53,17,148.70079040527344,94618,1,3.331824932712575,2,0,1,0,0,1,0
57,36,43.02908706665039,94082,1,0.1113407397601234,2,0,1,0,0,1,0
36,18,102.73082733154295,92913,4,2.5882893643880505,3,0,1,0,1,1,0
60,37,202.81988525390625,92010,3,5.894940459161322,2,0,1,0,0,1,1
52,15,78.48104858398438,95881,2,2.184103825526262,1,0,1,0,0,1,0
58,35,85.69353485107422,89934,2,1.0971438124068422,1,450,0,0,0,1,0
32,8,54.57911682128906,91262,2,2.113373718498892,1,0,1,1,1,1,0
32,9,102.84807586669922,92187,1,2.801707685908065,1,0,0,1,0,1,0
43,21,79.96807098388672,94528,4,1.1498923049057337,1,0,1,1,0,1,0
56,38,73.84721374511719,94770,2,3.0647862008878213,1,0,1,1,1,1,0
36,8,65.14772033691406,94421,4,1.3475408343104267,2,0,0,0,0,0,0
50,24,37.05677795410156,94270,2,1.1618037385646829,3,83,0,0,0,0,0
36,25,90.8699188232422,91169,2,0.2015603338912973,1,0,1,0,0,1,0
29,2,123.72648620605467,94280,3,0.9104053810960056,3,244,0,0,0,0,1
47,25,44.58709335327149,94735,1,1.898680295889505,1,148,1,0,0,0,0
35,13,146.58099365234375,92825,1,4.471314447624822,1,0,0,0,0,1,0
61,37,61.361061096191406,91905,2,0.6585728917657261,1,0,0,0,0,1,0
65,39,84.7284927368164,94197,2,1.5166704208084896,2,0,1,0,0,0,0
64,41,25.29942321777344,94677,1,0.4782113766122441,3,425,0,0,0,1,0
58,26,38.192020416259766,94307,4,0.7004262067668922,2,0,0,0,0,0,0
54,28,13.737309455871582,95706,4,0.776286661026195,2,0,0,0,0,1,0
60,35,149.95034790039062,90028,2,0.6297259236838727,1,0,0,0,0,0,0
48,19,88.60123443603516,95508,2,6.176962330133135,1,0,0,0,0,0,0
36,16,72.95307922363281,92348,1,2.348042496879183,1,0,0,0,0,1,0
63,23,43.624755859375,91032,1,0.207870293946447,3,0,0,0,0,0,0
59,26,42.0596923828125,92067,2,0.7531426172023886,1,0,0,0,0,0,0
43,14,58.370391845703125,94398,1,2.5518423920464848,3,0,0,0,0,1,0
42,24,59.70157623291016,90715,3,1.2542397256072584,3,0,1,0,0,1,0
49,28,174.10354614257812,96147,4,0.6892079681493213,3,105,0,0,0,1,0
47,24,26.94379997253418,91420,1,0.5241771591437994,3,0,0,0,0,1,0
63,39,150.6425323486328,92560,4,0.5348201742498101,3,0,0,0,0,1,1
45,20,56.09817123413086,92133,3,1.3691488596009074,2,0,1,1,0,1,0
32,12,127.53865814208984,95034,2,3.1254579990548312,1,0,1,0,0,0,0
55,30,54.44198226928711,92064,3,1.7917163446781386,2,0,0,0,0,1,0
58,28,60.6354866027832,92163,3,2.1181522560761805,2,0,0,0,0,1,0
31,7,159.10182189941406,94586,1,7.297289229817943,1,0,0,0,0,0,0
46,29,183.193115234375,94510,1,7.659809958391548,1,0,1,0,0,1,0
52,0,89.84375,91264,2,1.6093567958363877,1,0,1,0,0,1,0
47,25,145.25509643554688,92659,1,4.106989224661381,1,0,1,0,0,0,0
51,27,36.64720153808594,90161,1,0.1589670390232112,3,0,0,1,0,1,0
51,29,83.01212310791016,89940,1,1.754366736376222,2,0,0,0,0,0,0
40,10,143.90806579589844,95712,2,6.746542069003551,1,0,1,0,1,1,1
49,27,71.59567260742188,90377,3,1.342865799400514,3,0,0,0,0,1,0
35,15,63.68613052368164,92679,1,2.36504838945072,2,395,0,0,0,1,0
57,36,95.90486907958984,91194,1,0.7867544371967581,3,0,1,1,1,1,0
30,4,62.12546157836914,93907,3,0.1161496965971256,1,0,0,0,0,1,0
44,32,43.18851852416992,94363,4,2.051211695675251,1,0,1,0,0,1,0
30,6,24.67523193359375,96344,4,1.4536329089103548,1,0,0,1,0,1,0
27,1,64.69355773925781,94796,1,1.7335206751829444,2,0,0,0,0,0,0
47,36,126.57788848876952,94340,3,3.8777891061179024,1,0,1,0,0,0,0
33,10,46.847049713134766,91641,3,3.813485113230525,2,0,0,0,0,0,0
28,12,156.04901123046875,94632,1,1.8510059305533817,1,0,0,0,0,0,0
26,7,20.44049835205078,91055,1,0.2193802129744634,2,0,0,1,0,1,0
35,23,110.53653717041016,94451,4,2.0775681616756847,1,525,1,0,1,0,0
45,13,83.83319854736328,95861,2,0.2399111292585742,1,0,0,0,0,1,0
42,14,15.842422485351562,94130,3,0.2389281035403377,2,123,1,0,0,1,0
61,37,10.105396270751951,93295,2,1.970535096179482,3,100,0,0,0,0,0
48,23,63.44306945800781,90529,1,0.1128303697989743,1,0,0,0,0,0,0
55,31,85.44060516357422,94742,1,2.4093104379153343,2,0,0,0,0,0,1
44,13,78.8960952758789,91392,1,3.768048773515654,1,0,0,0,0,1,0
27,3,116.3748016357422,95343,1,1.5309108459686616,3,0,0,0,0,0,1
40,19,67.11386108398438,94898,3,0.6173460204714463,1,0,1,1,1,1,0
66,39,158.77020263671875,93768,2,5.157675166489294,1,0,0,0,0,1,0
28,3,77.50028991699219,94345,4,1.7776183308825255,3,0,0,0,0,0,0
36,18,130.24014282226562,94465,4,2.3288252672096683,2,0,0,0,0,1,0
33,10,20.90563201904297,91210,1,1.1036163391909386,1,0,0,0,0,0,0
61,36,31.441749572753903,92760,4,0.3267894513233929,2,0,1,0,0,1,0
65,39,29.521604537963867,95091,4,0.2513241502752873,1,0,1,0,0,1,0
29,8,122.89710235595705,91125,3,1.6814386715003893,3,0,0,0,0,0,1
59,19,15.989418983459473,93994,2,0.2070666632335099,3,0,0,0,0,1,0
61,34,38.362396240234375,92124,4,1.5347322826702616,1,391,0,0,0,1,0
54,29,60.51313018798828,91557,3,1.0384917622116436,1,0,0,0,0,1,0
65,38,57.95973205566406,95137,1,0.4774254102612763,1,0,0,0,0,0,0
65,41,9.03566551208496,94042,2,0.7135690095651428,3,0,1,0,0,1,0
34,15,50.989593505859375,93879,3,0.724769824280377,3,153,1,0,0,0,0
37,11,94.3700942993164,94530,1,1.97116676710948,1,0,0,0,0,0,0
60,25,32.38801956176758,91480,1,0.4232582443155211,3,0,0,0,0,1,0
36,12,148.15151977539062,94469,3,1.820614841964263,3,115,0,0,0,0,1
63,37,16.042396545410156,95272,1,0.3904510378454853,3,0,0,0,0,1,0
43,26,75.18840026855469,94191,2,3.940568646916479,3,0,0,0,0,1,0
47,20,13.875409126281738,93492,4,2.920540763899676,1,103,0,0,0,1,0
43,18,78.72901153564453,94649,2,3.001806006461712,1,0,0,1,1,1,1
31,13,133.39927673339844,93704,3,2.250800718763072,1,323,1,1,0,0,0
47,26,63.75231170654297,94836,3,1.8460248085968456,2,0,1,0,0,0,0
51,24,112.96393585205078,95269,1,3.754416767990752,3,0,0,0,0,1,0
62,30,146.53729248046875,92714,3,3.0387658081854605,3,0,1,1,1,1,1
64,36,46.81818389892578,91996,2,1.602532835734606,1,0,0,0,0,0,0
64,37,69.8517837524414,91339,1,1.3207053436147294,1,405,0,0,0,0,0
60,39,55.30234146118164,90604,3,1.855172420159452,2,0,1,0,0,0,0
52,29,32.60072326660156,92803,4,1.4839450765259776,2,0,0,0,0,1,0
41,12,66.29805755615234,91142,2,0.3564502269987589,1,0,1,0,0,1,0
46,26,85.26113891601562,94781,3,1.2206534014845507,1,0,0,0,0,1,0
43,24,23.91055679321289,91528,2,0.6802867311943974,3,0,0,0,0,1,0
40,16,181.95355224609372,95078,1,1.723732199071197,1,0,0,0,0,0,0
35,5,62.494850158691406,92358,1,2.642210716330565,2,0,0,0,0,0,0
60,32,76.43892669677734,92190,1,0.6045644509900053,2,0,0,0,0,1,0
35,13,48.47027206420898,91192,3,2.870641104125271,1,291,0,0,0,1,0
47,23,112.48224639892578,92949,3,0.7376404939467482,3,378,1,0,0,1,0
61,32,74.11182403564453,94495,1,1.5529096721381586,2,0,0,0,0,0,0
35,17,75.54112243652344,92426,2,2.643455068569422,3,296,1,0,0,0,0
59,36,46.38756561279297,91348,4,0.5366626451759117,3,0,0,0,0,1,0
58,34,34.767356872558594,92298,1,1.7949449023829325,3,0,1,0,0,0,0
27,3,129.19741821289062,92219,4,1.9216609687724784,3,0,0,0,0,0,1
51,29,106.6563949584961,90389,4,2.097205501344688,2,0,0,1,0,1,0
39,22,29.62407493591309,95090,1,2.442406696958977,2,0,0,0,0,0,0
32,6,64.67649841308594,91291,4,2.342570174961806,1,0,0,0,0,0,0
45,24,159.99986267089844,91980,2,2.948032435089769,1,0,0,0,0,0,0
26,6,30.73855209350586,94333,4,0.6794413913936918,1,186,0,0,0,0,0
41,19,111.6587371826172,96327,1,2.5689184080446497,1,0,0,0,0,1,0
56,23,62.84767532348633,91489,1,4.337309053741609,3,0,1,0,0,0,0
29,2,12.846985816955566,90202,3,1.635588717604276,1,100,1,1,0,1,0
42,25,133.22586059570312,92578,4,0.9679281694778178,3,0,0,0,0,0,0
42,21,85.26313781738281,93155,2,2.6989133274429564,1,0,0,0,0,0,0
61,31,33.0496711730957,95423,1,1.9262928162352364,1,0,0,0,0,0,0
41,15,12.129779815673828,91965,2,0.3720064983063065,3,65,0,1,0,1,0
47,20,167.82823181152344,91292,1,6.458444750958394,1,0,1,0,0,0,0
26,2,111.77195739746094,94596,2,1.792046394381568,2,0,1,0,1,0,1
54,25,12.478102684020996,90330,2,1.1548343027158998,1,105,0,1,0,1,0
32,8,201.19175720214844,95140,1,6.016260476636888,1,0,1,0,0,1,0
52,17,74.14115905761719,91178,3,1.5627922913894816,1,0,1,0,0,0,0
40,10,76.5443115234375,90296,4,1.55225936260278,1,0,0,0,0,0,0
29,4,42.986663818359375,90108,4,0.2254149808062052,3,0,0,0,0,1,0
32,-1,51.737003326416016,92188,2,1.8789904529925705,3,0,1,0,0,1,0
52,19,91.90463256835938,91926,2,1.71967609942183,2,0,0,0,0,0,1
49,27,68.04522705078125,94879,1,0.6664908086963637,1,0,1,0,0,1,0
42,10,124.20807647705078,93972,2,1.1175272383760175,1,0,0,0,0,1,0
53,26,124.56997680664062,94447,1,0.7498014164857294,1,0,0,0,0,0,0
30,8,69.25202941894531,94582,2,0.7182474281694402,3,0,1,0,0,0,0
37,9,142.60618591308594,91873,1,1.86788131937134,1,0,1,0,0,1,0
57,30,68.19525909423828,94901,2,1.8260199566445905,1,0,0,0,0,1,0
