Age,Experience,Income,ZIP Code,Family,CCAvg,Education,Mortgage,CreditCard,Securities Account,CD Account,Online,Personal Loan
47,29,39.2282829284668,91738,1,1.9456763984749075,2,0,1,1,1,0,0
42,25,127.46897888183594,92397,2,3.2313273873088284,2,0,1,0,0,1,0
25,5,31.296188354492188,95414,4,1.0166332189034515,3,0,0,0,0,1,0
27,14,52.648536682128906,90397,1,0.4610821623818081,2,0,0,0,0,0,0
40,16,113.64383697509766,91383,2,1.628995113450743,1,0,0,0,0,1,0
60,35,95.68251037597656,93221,4,1.8204064377760358,2,0,0,0,0,1,0
51,14,13.15516471862793,92827,4,0.4412250232052255,1,0,0,0,0,0,0
56,26,78.61481475830078,94426,2,1.8911483990001916,1,0,1,0,0,0,0
60,37,158.6132049560547,94544,1,1.6044738979199051,1,381,0,0,0,0,0
64,35,83.25465393066406,94783,4,0.22042962214148165,2,0,0,0,0,1,0
32,7,53.90810012817383,90223,3,3.848468039334947,2,0,0,0,0,1,0
38,16,35.66727066040039,92383,4,1.064836589303211,3,0,0,0,0,1,0
56,19,99.64970397949219,92677,2,1.99836884392213,3,0,0,0,0,0,0
35,0,49.32692337036133,94307,3,0.1010215272072206,2,0,0,0,0,0,0
45,19,30.244609832763672,91387,4,2.711873581968189,1,172,0,0,0,1,0
36,11,35.24898910522461,90917,1,4.091685998842077,3,0,0,0,0,1,0
60,38,35.64521026611328,95271,4,1.3308987051658363,2,0,1,0,0,1,0
35,7,57.92716979980469,95170,3,1.864319506895879,2,0,0,0,0,1,0
49,16,72.33453369140625,92453,2,0.5213589826347502,1,0,1,0,0,1,0
27,12,199.79901123046875,90199,2,2.41988545664035,1,0,0,0,0,1,0
45,20,191.00442504882812,90343,2,7.142295122331536,1,513,1,0,0,1,0
62,34,35.113990783691406,93387,4,2.4337587332914072,2,0,0,0,0,0,0
34,7,38.801883697509766,90453,3,1.84612012891178,3,151,0,0,0,0,1
62,37,61.247955322265625,95031,3,1.6523582609581988,3,0,0,0,0,0,0
34,9,156.83407592773438,89960,4,2.6392338862543463,1,387,1,0,0,1,0
63,38,123.67382049560547,93854,1,1.328948591010337,1,0,0,0,0,1,0
42,21,217.69622802734375,91427,2,6.646679334003121,1,367,1,0,0,1,0
56,36,179.16787719726562,95155,3,5.523300020620965,2,0,0,0,0,0,1
25,0,63.939186096191406,91449,3,2.540358499658415,2,0,0,0,0,1,0
33,2,87.49222564697266,95808,2,3.020051959116773,1,0,0,0,0,1,0
46,31,55.043212890625,94594,1,2.6841125645415165,1,0,0,0,0,0,0
56,28,92.93170928955078,92573,3,1.9365640058252993,2,158,1,0,0,1,0
34,12,164.91831970214844,94552,2,0.5208401260094613,1,0,0,1,1,1,0
28,1,154.50408935546875,92283,4,2.590114967495098,1,0,0,1,1,1,1
47,20,162.5586395263672,93544,2,4.496727727225138,1,0,0,0,0,0,0
35,6,75.88846588134766,91383,1,2.4101606684968715,1,0,0,0,0,0,0
27,7,44.390602111816406,91745,1,2.659860571289392,3,0,0,0,0,0,0
29,8,157.15487670898438,92435,3,0.8964909364017836,1,0,0,0,0,1,1
49,27,73.85952758789062,92920,2,1.4094017942575365,3,0,0,0,0,0,0
33,3,68.85537719726562,96441,1,2.2527769924489354,3,0,0,0,0,0,0
51,22,55.293766021728516,92972,3,0.4722188427622357,1,109,0,0,0,1,0
51,22,143.0291748046875,94885,2,2.5420484312219176,1,0,0,0,0,0,0
57,28,15.828929901123047,93390,4,1.0139467246962506,2,0,1,0,0,1,0
32,22,58.77433776855469,91579,3,3.9049391911821463,1,0,1,0,0,1,0
61,36,23.373210906982422,90214,3,0.8068590163753606,1,0,0,0,0,1,0
26,-1,69.39143371582031,94422,4,1.3503488176804535,2,0,0,0,0,1,0
64,33,31.783119201660156,95736,1,1.5611320225455292,3,0,0,0,0,0,0
42,0,66.65733337402344,95795,4,1.7111622892226888,2,0,0,0,0,1,0
37,11,42.12156677246094,94121,2,1.734840833229843,2,0,0,0,0,1,0
32,3,22.542102813720703,95521,4,0.8952721461782669,1,0,0,0,0,0,0
45,17,66.25528717041016,91462,2,1.2017178320034048,1,478,1,0,0,0,0
48,25,92.33643341064453,94175,4,1.5724949296399533,1,0,0,0,0,0,0
50,24,67.68045043945312,94374,2,1.8476505606531823,3,223,1,1,1,1,0
45,26,61.463294982910156,95112,1,1.0257540880205063,2,0,1,0,0,0,0
61,38,91.46781158447266,92084,3,1.8994577876377299,1,0,0,0,0,1,0
28,2,187.86854553222656,90093,2,6.036034243826574,1,157,1,0,0,0,0
43,16,15.597780227661133,92011,2,0.4453691105344447,2,0,1,0,0,1,0
54,31,124.19361877441406,91576,4,4.0498588529564765,2,0,0,0,0,0,1
29,6,49.65826416015625,92165,2,0.29605037343450613,2,0,1,1,0,1,0
34,7,47.851768493652344,93529,2,2.185626592349585,2,0,1,0,0,1,0
32,14,93.75089263916016,91344,1,3.4584406467076954,1,0,1,1,1,1,0
57,23,29.3538818359375,94517,4,0.8138400566058135,2,0,0,0,0,0,0
59,30,102.33989715576172,94193,1,0.39631234025982526,1,0,0,0,0,0,0
61,35,102.28290557861328,90317,2,1.5773709522847006,3,0,1,0,0,1,0
34,12,156.6454315185547,91204,2,1.4725596515115942,1,426,1,0,0,0,0
46,16,111.05050659179688,95925,4,1.3133169930182578,1,0,1,0,0,1,0
45,24,49.656288146972656,91383,4,0.9381800863729478,2,239,0,0,0,1,0
64,37,80.59329223632812,95798,4,2.4675794803357003,3,155,0,0,0,0,0
47,17,138.38816833496094,92384,1,2.154975189091037,1,0,1,0,0,1,0
33,11,64.95992279052734,92316,1,2.136861292348974,2,136,0,0,0,1,0
42,19,169.07627868652344,91886,2,3.1800393320063436,1,189,0,0,0,1,0
58,28,35.431983947753906,95638,4,2.030693691568324,1,0,1,0,0,1,0
56,39,151.3532257080078,94787,1,1.599037225277987,1,0,0,0,0,0,0
59,37,60.171478271484375,93430,2,2.3960872340879495,1,0,1,0,1,1,0
34,7,87.29596710205078,95567,1,1.3378887271216058,2,232,0,0,0,1,0
30,3,37.853599548339844,95818,1,2.382474625744228,1,0,1,0,0,1,0
63,38,165.3601531982422,91698,1,2.178891001362065,2,0,0,0,0,1,1
49,25,38.82299041748047,94443,1,1.2603422649025111,1,108,1,1,1,1,0
53,24,136.00816345214844,94602,3,0.5101905242256067,2,0,0,1,0,1,1
48,23,51.0993766784668,93768,4,0.7975464488776067,1,0,1,0,0,0,0
35,4,115.53924560546875,89944,1,4.435214104161196,3,0,0,1,0,0,0
49,24,43.85371017456055,89980,2,1.6459380934960004,2,0,0,0,0,1,0
33,10,37.36735534667969,93126,4,1.2688244806589775,3,0,1,0,0,1,0
59,39,70.94636535644531,91264,2,1.5417989832320766,3,0,1,0,0,0,0
34,8,59.15605926513672,95419,1,0.10258554236386563,1,0,0,0,0,1,0
38,20,162.15548706054688,91375,1,3.786228842961217,1,0,0,0,0,0,0
40,22,67.0640869140625,95042,1,0.03127763178206927,1,0,0,0,0,1,0
26,1,126.71791076660156,90624,2,1.026852570441865,1,353,0,0,0,0,0
61,33,59.372005462646484,90451,1,1.5474799184799661,2,360,0,0,0,1,0
41,20,73.29611206054688,91327,2,4.289212831942685,1,0,0,0,0,0,0
38,21,106.677490234375,92069,3,1.5241503417816347,3,200,1,0,0,1,0
32,6,71.86279296875,92211,3,3.4213329603550178,1,173,0,1,0,1,0
59,20,122.11432647705078,92095,1,3.1093749057538997,1,203,0,0,0,1,0
34,8,54.52275848388672,95758,2,2.1152358493175,2,0,1,0,0,1,0
45,23,13.861413955688477,94351,3,0.5052457569135145,2,0,0,0,0,1,0
29,3,85.1836166381836,92524,1,1.369354591561506,3,0,1,0,0,1,0
59,31,109.46376037597656,94718,1,1.9320238605788318,1,0,0,0,0,0,0
46,18,44.6265983581543,90409,4,1.5380884471600489,3,0,0,0,0,1,0
41,13,106.1767578125,91962,4,1.0928873495121496,3,0,0,0,0,0,1
36,7,155.048828125,94502,1,0.49591765443229796,2,0,1,1,1,1,1
35,4,34.275596618652344,95595,3,1.3215852784836486,2,126,0,0,0,1,0
51,28,99.41020965576172,92129,1,1.8633783723256097,3,125,0,0,0,0,0
42,14,66.64967346191406,94393,1,0.1852626796215014,1,229,0,1,0,1,0
40,16,19.058807373046875,94067,3,0.13536009780304392,3,100,1,0,0,1,0
31,12,136.6729278564453,92678,2,4.331453538276067,1,0,0,0,0,1,0
60,42,19.625774383544922,90343,3,0.5777624940401112,2,116,0,0,0,0,0
64,36,34.257606506347656,92714,4,0.18892822855531022,1,109,0,0,0,1,0
47,13,24.215085983276367,94999,1,2.7395152961041376,3,0,1,0,0,1,0
33,13,168.37814331054688,91214,2,5.957397449860848,1,0,1,0,0,0,0
36,12,110.11791229248047,94561,1,2.149139609727692,2,0,1,0,0,1,0
29,1,61.57051086425781,92483,4,1.5313703387668733,3,0,0,0,0,0,0
47,25,46.957969665527344,95010,2,0.1250174593728245,2,0,0,0,0,0,0
53,38,128.58062744140625,94772,2,2.0392580847452226,3,392,0,0,0,0,1
35,14,12.111781120300293,93439,2,0.28502544575266087,3,0,0,0,0,1,0
62,35,33.892005920410156,95221,1,2.1194138262853737,3,0,0,0,0,1,0
41,13,20.34368133544922,93986,4,0.6612102746639743,3,0,1,0,0,0,0
32,17,31.884010314941406,95500,1,0.4306959354090352,2,0,0,0,0,1,0
57,10,40.86442565917969,89983,4,1.7399842299185422,3,167,0,0,0,0,0
55,22,75.24222564697266,91309,4,3.0443820720999346,1,0,1,0,0,0,0
65,39,24.8193359375,90636,1,1.0062504603080544,3,0,0,0,0,1,0
41,8,107.65513610839844,91853,4,1.9999990763208262,1,360,0,0,0,0,1
51,29,25.489717483520508,94997,1,0.13728731344248246,1,0,1,0,0,0,0
57,26,36.28131103515625,95696,1,1.5644551579746164,3,0,0,0,0,0,0
60,35,60.65780258178711,93985,2,1.2345810563948194,2,0,0,0,0,1,0
60,35,114.58837890625,90400,4,3.4055928133526785,1,0,1,0,0,0,1
43,14,41.31161880493164,93159,3,0.3727287737623731,2,97,1,1,1,1,0
60,28,66.93360900878906,94384,4,0.8662311982331643,3,111,1,0,0,0,0
29,6,41.57324981689453,90346,3,0.1485547376177652,2,0,0,0,0,1,0
40,19,27.41881561279297,93829,3,0.794477569948577,2,0,0,0,0,1,0
63,39,67.10057067871094,95950,2,1.575802553556789,3,0,1,0,0,0,0
31,8,152.57394409179688,92101,2,2.387649832310544,1,0,1,0,0,0,0
33,10,126.70994567871094,95370,2,1.7350354830098325,1,0,1,0,0,1,0
63,34,61.205623626708984,93040,4,1.813678388027182,2,0,0,0,0,0,0
53,34,195.136474609375,95917,2,7.838330113881963,3,0,0,0,0,0,1
24,2,24.561098098754883,94528,4,0.28015524753486226,1,0,0,0,0,1,0
38,18,52.7355842590332,94470,3,2.4792377660438967,2,0,0,0,0,0,0
61,31,45.04338073730469,95454,1,0.6725359966863046,3,0,0,1,0,0,0
59,31,12.049358367919922,92023,4,0.4584465913451672,2,0,0,0,0,1,0
43,11,109.81195068359375,96009,1,1.5007117723559122,1,0,0,0,0,1,0
62,25,92.98285675048828,95039,4,1.080751565981358,2,185,0,0,0,1,0
34,10,125.84968566894531,94537,4,2.6098958103689816,1,0,0,0,0,1,1
49,11,48.737857818603516,91963,1,2.28701427017254,2,0,0,0,0,1,0
41,22,65.30398559570312,92165,1,2.598916869854857,3,0,0,0,0,1,0
52,30,63.78607940673828,94561,4,0.43631482270570465,2,0,0,0,0,0,0
65,37,97.00489044189453,95242,1,1.8015603910728069,2,0,0,0,0,1,0
58,35,55.695892333984375,94556,2,1.8901254648862695,3,0,0,0,0,0,0
58,32,88.51422882080078,92741,2,1.7217851374151263,1,0,0,0,0,0,0
32,11,97.53890228271484,91436,1,1.7902735018128464,2,445,0,0,0,0,0
46,23,25.786792755126953,92618,2,0.08189242088989479,3,135,0,0,0,0,0
59,35,48.44789505004883,90165,4,1.2258209236061661,1,172,1,1,0,1,0
54,28,164.51458740234375,94655,1,1.948010475798987,1,0,1,0,0,0,0
36,17,29.818809509277344,94380,4,1.0856176053357245,2,0,0,0,0,1,0
48,24,28.14082908630371,94710,4,0.20109075422761802,2,155,0,0,0,1,0
37,20,136.35336303710938,95014,2,1.0375851013594546,1,0,1,0,1,1,0
38,17,110.25953674316406,92210,1,2.0509129301214926,3,0,0,1,0,0,0
47,17,81.40972900390625,90435,2,2.7581289397273117,2,229,0,0,0,1,0
37,2,91.63872528076172,90386,1,2.1293008790005685,2,0,0,0,0,0,0
44,27,33.65186309814453,94378,2,0.5381671478143368,2,0,0,0,0,0,0
29,4,42.986663818359375,90108,4,0.22541498080620528,3,0,0,0,0,1,0
35,9,63.786338806152344,92879,1,5.14637216388115,1,0,0,0,0,0,0
44,24,129.01473999023438,95053,4,3.271987256911755,1,0,0,0,0,0,1
37,13,49.14466857910156,92284,3,0.931121392347042,2,134,0,0,0,0,0
37,10,51.92192077636719,94408,3,1.8911615762809273,1,0,0,0,0,1,0
31,8,49.32422637939453,95670,2,0.8659615826363578,3,99,0,0,0,1,0
59,30,60.40817642211914,94995,1,0.25810913845369754,1,0,0,0,0,0,0
28,11,109.18396759033203,92629,1,2.116841536951747,1,104,1,1,0,1,0
44,14,24.449268341064453,89926,4,1.1737155803333033,1,0,0,1,1,1,0
51,27,158.3056640625,92713,3,2.287892161107259,3,0,0,1,0,1,1
50,25,111.49871826171875,92670,1,4.976908549626945,2,0,0,0,0,1,1
57,7,69.0381851196289,91281,2,2.406528333046238,2,0,1,0,0,0,0
56,31,62.108219146728516,91497,4,4.114902757669754,1,0,1,0,0,0,0
34,4,44.31724548339844,94344,1,2.3870122655390063,1,0,0,0,0,0,0
64,37,160.6317901611328,91942,2,1.5376383635219468,1,199,1,1,1,1,0
33,5,105.9332504272461,90105,1,2.2880560227044455,1,0,0,0,0,0,0
60,31,37.88010025024414,95093,3,0.22893788655569997,1,0,1,0,0,0,0
44,24,57.973602294921875,95934,3,0.9935377273244975,2,0,0,0,0,0,0
52,28,52.063690185546875,90201,4,0.18610997443549945,2,0,0,0,0,0,0
64,39,74.5564956665039,91803,1,2.518730640408574,2,0,1,0,0,1,0
58,26,137.05447387695312,94803,2,5.176434574445653,1,0,0,0,0,1,0
41,22,81.46211242675781,92947,1,0.2812854802959277,1,0,1,0,0,1,0
27,33,36.820106506347656,95366,3,0.326112467044253,2,129,0,0,0,1,0
44,16,48.954872131347656,96012,2,0.09348195534569281,1,0,0,0,0,1,0
42,15,64.74345397949219,90853,1,0.8165973353322313,3,0,1,0,0,0,0
47,23,59.762569427490234,92203,1,2.256470079796399,2,0,0,0,0,1,0
60,27,23.932668685913086,90266,3,0.13035266933630926,1,0,0,0,0,0,0
31,10,117.29688262939453,91973,4,0.5420994473795369,1,156,0,0,0,0,0
45,6,59.384857177734375,92833,3,1.8542950964711395,2,0,0,0,0,0,0
54,22,24.56402587890625,91142,2,0.480033186819662,3,0,1,0,0,1,0
44,31,29.4694881439209,92325,3,1.8464484309428246,2,0,0,0,0,0,0
41,8,60.22550582885742,92054,2,1.553365690729196,2,0,0,0,0,1,0
65,35,90.60298156738281,92213,4,1.620567903675045,1,0,0,0,0,0,0
36,15,90.74763488769531,94699,1,2.9237678407931407,2,0,0,1,0,0,1
46,18,43.39244079589844,93412,1,0.1279395098320071,2,0,1,0,0,1,0
65,39,17.640830993652344,91728,4,0.03817271931273192,1,0,1,0,0,0,0
42,20,110.00611877441406,94401,4,1.9371306424040617,3,257,0,0,0,0,0
43,23,41.89974594116211,92346,4,1.8638450665203097,2,0,0,0,0,1,0
65,39,43.904945373535156,90205,3,1.7871712118516696,1,0,0,0,0,0,0
56,24,22.21734046936035,94205,4,0.48673395686859433,3,0,0,0,0,1,0
50,25,69.27006530761719,91180,1,2.437162115675802,3,0,0,0,1,1,1
64,39,13.619294166564941,94590,2,0.47204748737619134,2,0,0,0,0,0,0
56,34,45.447227478027344,91022,3,0.508023795544044,3,0,1,0,0,1,0
41,12,50.176910400390625,94373,4,0.8173872980944495,1,0,0,1,1,1,0
52,22,68.58041381835938,92953,1,1.7227805031632608,1,87,0,0,0,0,0
51,38,24.673112869262695,92068,4,0.7649339680443646,1,0,0,0,0,0,0
58,31,55.31147766113281,93126,3,0.12545753687160177,1,0,0,0,0,1,0
62,35,34.40956497192383,92004,1,0.24157924071706435,1,0,0,0,0,0,0
41,16,23.714012145996094,96504,2,0.9249409981770789,3,0,1,0,0,1,0
32,12,147.32972717285156,94846,1,1.9238620279018441,2,193,0,0,0,1,1
42,14,180.87744140625,93907,3,0.9640072321946631,2,0,0,0,0,1,1
63,40,41.034751892089844,93057,3,1.1221262477239295,3,0,1,0,0,1,0
28,1,60.0621452331543,91203,2,0.0398137870414732,1,0,1,0,0,1,0
56,22,59.628753662109375,90257,2,4.31692704885391,1,0,1,1,0,0,0
49,32,66.21913146972656,90108,1,3.0840168325213426,1,156,1,0,0,0,0
55,35,62.81672668457031,94702,4,1.651824170489387,2,0,0,0,0,0,0
31,7,105.96969604492188,93997,3,1.8984240240277457,2,0,0,0,0,0,0
41,12,26.10447883605957,95238,3,2.910239296000091,2,0,0,0,0,0,0
25,11,177.8578643798828,92613,1,2.6582591730935397,1,0,0,0,0,0,0
54,35,103.73615264892578,91629,2,3.1173101739074442,3,491,0,0,0,1,1
37,12,109.62735748291016,91156,1,5.055312380308598,1,0,1,0,0,1,0
66,40,80.37616729736328,92714,1,1.403716188071175,3,0,0,0,0,1,0
33,11,55.78246307373047,90912,3,1.8429273240438897,2,0,1,0,0,1,0
56,36,66.6689224243164,95872,2,2.0193700321472874,1,0,0,0,0,1,0
31,10,92.72940063476562,90139,4,2.04634685981736,1,0,0,0,0,1,0
34,12,58.39377212524414,94619,4,0.8814304151837794,2,138,1,0,0,1,0
32,7,39.70555877685547,92186,4,0.10538634849324022,1,0,1,0,0,1,0
49,23,108.66273498535156,95434,3,0.7311847259827465,2,0,1,0,0,0,0
34,6,131.4665985107422,94814,3,2.0274630444166823,3,0,1,0,0,0,1
34,29,174.8106689453125,89490,2,0.17512877210639527,1,0,0,0,0,0,0
39,19,196.83837890625,95822,1,3.0347229052134645,1,0,1,0,0,1,0
41,15,153.79608154296875,90842,2,6.460727449099636,1,0,1,0,0,0,0
48,19,27.523414611816406,91832,1,0.2087147533932154,3,0,1,1,1,1,0
52,29,44.51575469970703,92545,2,1.2250383770992122,3,0,1,0,0,1,0
56,36,56.510005950927734,94529,4,0.24149020911617455,2,0,1,0,1,1,0
37,15,72.0357437133789,90894,1,0.5000040135135305,3,154,1,0,0,0,0
50,1,53.499427795410156,95465,4,2.0253831540657945,1,0,0,0,0,1,0
46,20,110.67196655273438,94793,1,2.942017054863862,1,403,1,0,0,1,0
42,7,73.87242889404297,94581,2,3.0109113015551303,1,0,0,0,0,1,0
39,6,76.62544250488281,94676,2,0.3571871937401235,2,0,0,0,0,1,0
31,4,113.76072692871094,90072,4,3.3868845487129655,1,0,0,1,0,1,0
61,36,87.56275177001953,92120,4,1.7622439743697054,3,0,0,0,0,0,0
65,37,151.05101013183594,90355,1,0.256292762895452,2,0,0,0,0,0,1
58,31,82.995849609375,91832,2,2.0212460763851285,2,0,0,0,0,1,0
43,25,154.00979614257812,95720,3,1.4352243906966895,3,0,0,1,1,1,1
59,36,157.95558166503906,91958,1,0.7238775578270424,1,0,0,0,0,1,0
65,38,54.598514556884766,94395,4,1.4114884548404436,2,0,0,0,0,0,0
61,36,59.233375549316406,90337,2,0.502273738044054,3,156,0,0,0,1,0
55,35,54.9006233215332,90484,1,5.200171628465974,1,0,1,0,1,1,0
48,14,58.1406135559082,92364,3,1.2141346304287177,2,0,0,0,0,0,0
46,18,79.17813110351562,92235,4,1.597422067208795,1,114,1,0,0,1,0
42,24,134.3861083984375,91926,2,3.470416848884999,1,380,0,0,0,1,0
35,8,51.042327880859375,90287,4,2.3150327078373363,1,0,1,0,0,0,0
60,33,57.945960998535156,92617,4,0.6978514901822509,1,0,1,0,0,0,0
65,41,58.889610290527344,91584,1,2.112999443942406,3,0,1,0,0,1,0
58,36,14.287698745727539,95485,2,0.2782599200085465,1,0,1,0,0,0,0
41,17,113.16727447509766,94279,3,1.619414751467221,1,0,0,0,0,0,0
47,32,201.5045623779297,93115,2,4.118587731026304,1,0,1,0,0,0,0
52,25,81.42874145507812,92234,2,2.4465130413313902,3,292,0,0,0,0,0
32,10,96.44701385498047,94463,2,1.1448986880385141,1,0,1,0,0,1,0
42,19,187.19952392578125,90115,2,1.1743521273454456,1,447,0,0,0,1,0
26,3,68.64005279541016,94684,4,0.3401199063175766,3,135,1,0,0,1,0
54,22,30.751502990722656,91247,2,0.267475210104281,2,0,0,0,0,1,0
49,4,14.125028610229492,95693,4,0.809583782234002,1,0,1,0,0,0,0
39,9,42.816131591796875,89921,1,1.6134079641524526,2,0,0,0,0,1,0
57,31,20.823490142822266,93525,3,0.05044927249717851,2,0,0,0,0,0,0
33,4,61.32888412475586,90095,2,1.16329763957071,1,0,0,0,0,1,0
33,8,64.50794982910156,94379,4,1.1153952747430362,1,0,1,0,0,1,0
60,32,24.051288604736328,90350,2,1.0730281817072205,2,0,0,0,0,1,0
33,6,74.94245910644531,91050,2,2.5368640607831767,1,0,1,0,0,0,0
59,38,51.260372161865234,91107,3,1.4942916548502752,2,0,0,0,0,0,0
44,23,95.75677490234375,91710,2,1.7579015502442403,2,180,1,0,0,1,0
27,2,53.6489143371582,90344,2,1.275626865770892,1,124,0,1,0,0,0
57,32,55.87229537963867,94905,4,0.7104953106923483,1,82,1,1,0,1,0
31,14,181.58816528320312,91472,1,7.669666858671894,1,0,0,0,0,0,0
45,18,38.125,94629,1,2.276769690555283,3,0,1,0,0,0,0
33,4,111.38308715820312,95268,3,3.9069592635125145,1,308,1,1,1,1,1
28,5,126.71129608154297,90504,3,1.4342202638166353,3,0,0,1,0,0,1
47,32,64.35916900634766,92232,2,0.4460315948238579,1,0,0,0,0,1,0
43,20,41.87655258178711,93983,2,2.013993495712074,2,199,0,0,0,0,0
56,35,38.78076171875,94566,4,2.338518701403427,1,0,1,0,0,0,0
41,24,41.586910247802734,95261,3,2.9370612391477655,2,0,1,0,1,1,0
45,21,26.06548309326172,91924,1,0.5838162094910202,2,0,0,0,0,1,0
52,15,50.1214714050293,94526,3,1.5472219053305254,3,206,1,0,0,0,0
58,35,111.36222839355469,94377,2,0.343952452656341,1,0,0,0,0,1,0
33,8,91.67005920410156,92158,1,1.328202574536329,2,0,0,0,0,0,0
36,13,13.870877265930176,94389,4,0.49583987290313597,1,55,1,0,0,1,0
37,0,94.77086639404297,95258,1,2.4950848616568866,3,0,0,0,0,1,0
40,33,71.12322998046875,94018,2,1.6679167948230111,2,0,0,0,0,1,0
63,39,50.096946716308594,94260,4,0.297464180411396,2,0,0,0,0,0,0
66,39,109.38397216796875,94406,1,1.0906265304638176,1,157,1,0,0,0,0
27,11,25.992477416992188,91576,4,1.4632549422493353,1,0,1,0,0,1,0
34,7,114.57926940917969,94096,2,1.1973098648696496,1,0,0,0,0,0,0
50,19,133.65960693359375,95058,2,5.523114298731164,1,0,0,0,0,1,0
27,4,65.82473754882812,92474,3,1.253041854149777,1,0,0,0,0,0,0
32,5,80.17500305175781,90062,3,2.1399217341631824,3,249,0,0,0,0,0
59,34,37.98698425292969,94388,4,2.494745649625446,3,0,0,0,0,1,0
46,22,33.870445251464844,94826,1,0.775750283833817,1,149,0,0,0,0,0
39,16,97.7630386352539,93250,4,0.2763061677327989,1,93,1,1,0,0,0
41,17,24.777610778808594,95983,3,0.5585965754099405,3,0,0,0,0,0,0
45,17,204.32078552246094,95884,1,6.595453257041167,1,0,0,0,0,1,0
60,37,60.95444107055664,90347,1,2.4521840591067967,3,0,0,0,0,1,0
39,8,115.4224853515625,94827,1,2.564933945606975,3,0,1,1,1,1,1
57,33,93.5523910522461,89934,1,0.6442874300023418,1,0,1,0,0,1,0
52,23,63.00410461425781,94490,4,1.7005838846814543,1,0,1,0,0,1,0
64,37,79.29225158691406,92590,4,2.213062824326008,1,0,0,0,0,1,0
44,15,125.01339721679688,91077,1,4.10160029745951,1,0,0,0,0,0,0
62,38,149.29302978515625,91089,1,4.459804230095228,1,269,0,0,0,1,0
64,40,50.5992431640625,94665,2,0.23383606385442335,3,144,0,0,0,0,0
61,30,13.058032989501953,93986,2,1.270151412564286,3,0,1,0,0,0,0
35,7,83.408935546875,90388,3,1.684851508618533,1,141,1,1,0,1,0
35,10,14.05609130859375,92248,4,0.2918088269858937,2,0,0,0,0,1,0
63,35,37.078529357910156,94770,3,0.7659075520271431,1,0,0,0,0,1,0
41,23,125.25018310546875,94413,3,2.1461804919761542,3,152,1,0,1,1,0
42,17,85.3312759399414,91905,2,0.6668485681085803,1,92,1,0,0,0,0
40,10,181.1320037841797,94261,1,9.47480960493239,1,0,0,0,0,1,0
29,1,76.849365234375,92967,1,2.6069435646278927,1,0,0,0,0,0,0
50,31,104.86561584472656,96399,4,1.9011019454906966,2,118,0,0,0,0,0
45,21,113.46722412109375,90601,1,4.389950693760913,3,613,0,0,0,0,0
52,25,51.11738586425781,90181,3,1.9600118964330735,2,204,0,0,0,0,0
52,30,100.94764709472656,92035,1,1.8695072890793027,2,0,1,0,0,1,0
43,21,167.4503631591797,95163,2,6.537781193715988,1,0,0,0,0,0,0
64,39,120.47706604003906,90899,1,0.05243546324882631,1,383,0,0,0,1,0
41,14,95.3648452758789,90298,2,0.22096155774049833,1,0,0,0,0,0,0
29,6,41.349700927734375,94328,4,2.4636998507446553,2,0,0,0,0,0,0
34,6,28.46369171142578,94615,2,0.44701098845315823,3,118,0,0,0,0,0
39,15,17.739940643310547,90358,2,0.20708190171975338,3,102,1,0,0,1,0
47,27,14.6415376663208,91618,4,0.21138226285029002,1,0,1,0,0,0,0
50,27,133.23660278320312,91181,1,3.9013426358893155,1,0,1,0,1,1,0
62,31,172.08035278320312,92902,3,4.7229433052855025,3,227,0,0,0,1,1
34,7,88.36994934082031,94100,4,2.05371719172771,2,0,0,0,0,0,1
43,24,35.80579376220703,92745,1,0.43444989363268816,1,0,1,0,0,0,0
26,6,9.623043060302734,94130,1,0.19550300044642677,1,107,0,0,0,0,0
28,6,44.45657730102539,94233,2,2.3409535385987574,1,93,0,0,0,1,0
63,29,60.133995056152344,92183,1,1.3930735921435065,3,0,0,0,0,1,0
30,7,22.42105484008789,94279,1,0.9474365875536518,2,0,0,0,0,0,0
29,7,36.55870056152344,94338,4,1.5288783056681354,2,0,1,0,0,1,0
41,20,64.52970886230469,95843,2,1.6382602258936834,1,151,0,0,0,1,0
65,39,27.428909301757812,94603,3,0.23259918821994183,2,97,0,0,0,0,0
58,38,129.7420196533203,92862,2,2.9634997292716827,1,152,0,0,0,0,1
54,36,113.23356628417969,94936,1,1.7033096883374554,1,0,0,0,0,0,0
54,36,68.14210510253906,94196,4,1.424726518926808,2,0,0,0,0,0,0
38,6,54.47835922241211,94881,3,2.1251919652974784,2,0,0,0,0,1,0
32,7,73.3100814819336,94266,4,0.8846037894692854,3,0,0,0,0,1,0
57,28,32.681884765625,94679,3,0.018124399643238753,3,0,0,1,0,1,0
45,28,54.27165222167969,94478,2,1.3696110435684095,1,0,0,0,0,0,0
40,13,62.406089782714844,95061,1,0.2541855188633316,1,104,0,0,0,0,0
28,2,55.515403747558594,90258,4,1.7549523802654166,2,0,0,0,0,1,0
32,19,89.78209686279297,92259,4,2.743429488957072,1,0,1,0,0,1,0
60,31,103.79944610595703,93928,4,1.2044536531207826,3,0,0,0,0,1,0
60,34,101.46733856201172,93849,2,1.9985290817148273,3,0,1,0,0,0,0
62,35,19.064769744873047,91786,2,0.1305201302817617,3,0,0,0,0,1,0
59,38,42.095096588134766,94170,3,0.19634919829638042,3,0,0,0,0,1,0
58,21,36.082183837890625,94856,2,0.14685493803579994,3,0,1,0,0,0,0
67,38,65.22936248779297,91486,1,0.33167673632075073,1,100,0,0,0,0,0
36,13,31.072370529174805,92924,4,0.42798129293393766,2,0,0,1,0,1,0
43,12,56.131229400634766,95336,1,2.6887956346366932,2,151,0,0,0,1,1
42,32,75.3436508178711,94445,3,1.5031234253476846,1,0,0,0,0,0,0
42,19,58.194190979003906,92329,4,1.6865186123491434,1,0,0,1,0,0,0
34,14,52.24911117553711,91525,2,0.6027080898707501,3,0,0,0,0,1,0
34,11,63.0047607421875,91953,2,1.2396258198141492,3,165,0,0,0,1,0
64,33,90.93328857421875,94950,2,0.10014340249061027,1,0,0,1,0,0,0
46,28,83.56197357177734,90827,2,1.0566599108204302,1,0,1,0,0,0,0
35,12,49.138671875,91994,2,2.7847016072753608,1,101,0,1,0,1,0
55,28,49.15955352783203,94589,2,2.962808667704192,2,0,1,0,0,1,0
43,18,186.8854217529297,96211,2,5.391511917326673,1,0,0,0,0,0,0
42,8,176.66744995117188,90879,1,0.0637345248695865,1,0,1,0,0,1,0
55,27,33.01031494140625,92287,3,2.5941062229903045,1,0,0,0,0,1,0
44,20,136.05902099609375,90291,2,2.370115119242464,1,0,0,1,0,1,0
55,32,37.43931198120117,95732,2,0.6392677763874677,2,0,0,0,0,0,0
37,14,95.08761596679688,93964,3,1.992774624986012,2,0,1,0,1,1,0
54,26,144.9253692626953,91546,2,2.6833193490438925,2,0,0,0,0,0,0
27,4,153.24208068847656,93039,1,2.2233455944893223,1,226,0,0,0,0,0
54,31,33.468624114990234,96264,4,2.7649827074449282,2,0,0,0,0,1,0
62,38,63.795955657958984,90352,2,1.643588973629706,3,143,0,0,0,1,0
32,3,150.88150024414062,94659,2,3.8613543065957434,1,0,1,0,0,1,1
38,13,89.70701599121094,92886,1,1.1681861888231775,3,0,0,0,0,0,0
42,11,89.32655334472656,96116,2,0.03493366661697905,3,0,0,0,0,1,0
46,32,58.137420654296875,92252,1,0.14035320202980586,2,0,0,0,0,1,0
60,17,21.198734283447266,93519,1,1.892376495044654,2,0,0,0,0,1,0
42,23,123.6348876953125,90389,1,1.664624881800256,1,0,0,0,0,1,0
41,13,123.43951416015625,94202,2,2.0890982018251596,1,0,0,0,0,1,0
44,19,66.85914611816406,96180,4,1.9430425380140888,3,0,0,0,0,1,0
29,8,141.74758911132812,94692,2,4.068217336651885,3,0,0,0,0,0,0
61,35,195.0175018310547,92860,3,1.8015532150760658,2,372,0,0,0,0,1
55,30,81.5611343383789,90333,2,6.094430034083836,1,0,0,0,0,0,0
39,19,16.614749908447266,94522,2,0.21405530788345684,3,0,0,0,0,1,0
66,40,48.98649978637695,91646,3,1.8473127333675108,3,0,0,0,0,0,0
42,21,57.725135803222656,90434,2,2.006673773632108,3,0,1,1,0,1,0
57,27,113.05912780761719,89891,1,3.2233670867257955,1,0,0,0,0,0,0
51,24,51.871246337890625,96464,4,4.130751585747199,1,0,0,1,0,1,0
35,11,54.771663665771484,92679,4,2.3574309560525677,1,0,1,0,0,1,0
64,31,130.34686279296875,92059,1,2.1929364848830057,2,0,0,0,0,0,1
33,9,90.7209243774414,92739,1,0.06223569926198008,1,0,1,1,0,0,0
41,16,139.6156768798828,94978,4,2.5343489808327795,2,0,1,0,1,1,1
42,20,83.52143096923828,92567,2,0.4038979941642099,1,105,1,1,0,1,0
31,8,90.85116577148438,92762,1,2.1211102090955007,1,0,0,0,0,0,0
53,24,65.91583251953125,92093,4,2.749273280072147,1,0,0,1,0,0,0
40,25,121.3558578491211,92055,2,0.10339182181524181,1,0,1,0,0,1,0
33,13,140.17691040039062,94212,3,5.660654485561649,2,0,1,1,1,1,1
42,15,52.2178840637207,92609,2,0.35284926962636437,1,244,1,0,1,1,0
36,11,43.00050354003906,95461,1,2.2377380298135403,2,232,0,0,0,0,0
41,18,52.257381439208984,95532,1,2.043017520428874,3,0,0,0,0,1,0
48,18,47.83957290649414,96332,2,1.5687357608556005,1,0,1,0,0,1,0
40,16,77.45851135253906,93282,1,0.2913256135239215,1,0,1,0,0,1,0
31,5,30.746732711791992,91654,4,0.4052459950814522,2,0,1,0,0,1,0
39,23,135.13648986816406,95242,2,4.510756089141785,2,0,0,0,0,0,1
33,8,28.991519927978516,91520,4,1.0104489962797851,1,0,0,0,0,1,0
58,33,53.892784118652344,92686,1,2.0560541596604933,3,129,0,0,0,1,0
38,7,35.68837356567383,93997,2,1.2827446266536415,3,0,0,0,0,0,0
51,30,17.678020477294922,92665,4,0.38609100971711735,3,0,0,0,0,0,0
55,36,46.31015396118164,90167,1,2.923081122288399,2,0,1,0,0,1,0
44,16,88.78388977050781,95221,1,2.4839238734390863,3,0,1,0,1,1,0
46,31,97.7051773071289,95020,2,3.3709008677648544,1,0,0,0,0,0,0
31,21,59.65666198730469,91353,4,3.6284799683607707,1,0,0,0,0,1,0
26,0,109.28243255615234,90136,1,0.9317143585269381,1,0,0,0,0,1,0
46,19,66.23294067382812,94363,2,3.732081101241765,3,0,0,0,0,0,0
25,2,83.35802459716797,95344,4,0.9182605070744844,1,0,0,0,0,1,0
55,32,84.8782958984375,92786,4,3.202904960236949,3,444,0,0,0,0,0
32,8,62.26839828491211,94387,1,1.3549055554534521,1,0,0,0,0,0,0
54,22,21.1436824798584,93051,4,0.5138541127744006,1,0,0,0,0,0,0
41,17,49.72367858886719,95231,3,1.485449793127504,2,137,0,0,0,0,0
63,32,108.4421157836914,92846,4,1.8458260169632459,3,0,0,0,0,1,0
63,39,52.61844253540039,93907,4,0.19491594934562873,2,0,0,0,0,1,0
49,25,14.455493927001953,95538,3,0.36784716411727153,2,0,1,0,0,1,0
49,31,49.853919982910156,93781,1,6.353244835229089,1,0,0,0,0,0,0
49,33,57.88496017456055,90372,1,0.10620614777516624,2,0,0,0,0,1,0
45,3,88.1403579711914,94525,1,1.9370399777964198,3,0,0,0,0,0,0
60,33,208.49200439453125,94054,1,4.4033069224221055,1,0,0,0,0,0,0
59,37,26.61094093322754,92201,1,0.5571416291606499,3,0,0,0,0,1,0
41,23,37.57252502441406,90255,3,1.900484759770262,2,0,0,0,0,0,0
28,-1,27.4525089263916,92023,3,0.06904055038989756,3,0,0,1,0,1,0
47,30,78.74173736572266,95267,1,5.354638869197947,2,0,0,1,0,1,0
35,14,33.153663635253906,94171,3,1.588501898576348,2,0,0,0,0,1,0
30,3,90.7669448852539,95813,2,2.2011183717594984,1,0,0,0,0,1,0
29,4,126.878173828125,91854,1,1.3183260125180511,2,0,0,0,0,1,0
35,10,41.938053131103516,94643,2,1.6996070633552358,3,0,0,0,0,1,0
31,3,155.60821533203125,91192,4,0.7261604834252846,1,208,0,0,0,1,0
38,14,155.60140991210938,90428,4,5.561374006087838,2,0,0,1,0,0,1
59,33,80.3366470336914,89965,2,2.734531414324287,1,0,1,0,0,1,0
44,18,67.15276336669922,91835,1,1.8170564614280713,1,154,0,0,0,0,0
51,11,29.39101219177246,92521,3,0.9602236909390461,3,0,0,0,0,1,0
42,13,10.549236297607422,92536,3,0.6666846024658828,2,0,0,0,0,0,0
42,7,97.29389190673828,94669,4,2.440533736034829,2,0,0,0,0,0,0
57,35,57.59059524536133,90065,4,1.9696304078344897,2,0,1,0,0,0,0
42,8,42.575294494628906,92495,2,0.9480460307566523,3,0,0,0,0,1,0
56,30,29.949474334716797,94557,4,0.8755037853543984,2,0,1,0,0,0,0
45,22,95.78302001953125,93191,4,0.098621939633008,1,171,0,0,0,1,0
30,7,45.386940002441406,92238,3,2.043250250318203,2,0,1,0,0,1,0
45,8,101.71267700195312,95147,1,1.8007962706839145,1,0,1,0,0,0,0
51,23,82.08765411376953,92683,1,2.745357866652424,3,0,1,0,0,1,0
48,19,118.3539810180664,89803,2,3.6982857452632647,1,363,0,0,0,1,0
50,33,47.402000427246094,90703,2,0.6179212098506214,1,0,0,0,0,0,0
64,38,65.29511260986328,93930,1,1.2486907091768615,1,0,0,0,0,1,0
41,18,52.871795654296875,92703,1,0.2630528524184921,2,108,0,0,0,1,0
56,28,94.54363250732422,92852,1,5.0761993144365265,1,0,0,0,0,0,0
28,14,94.45779418945312,95533,2,1.2940070086577975,2,0,0,0,0,1,0
59,35,146.0057373046875,93832,1,0.5819373832435026,1,0,0,0,0,0,0
58,30,30.473636627197266,95903,1,0.9938568998062314,3,0,0,0,0,0,0
60,39,35.53790283203125,90942,1,0.09186481168344765,3,137,1,0,0,1,0
29,9,44.72349166870117,94322,3,1.384067073595031,2,0,0,1,0,1,0
56,27,140.0102996826172,92172,2,0.018719506635361538,1,0,0,0,0,1,0
50,23,165.1276092529297,92227,2,4.114895826422108,1,0,0,0,0,0,0
63,35,48.01139450073242,91963,4,1.8722463363516062,3,76,0,0,0,1,0
27,4,49.21150207519531,93643,3,1.1194235394824843,1,0,0,0,0,0,0
40,16,214.55746459960938,95180,1,5.371511341541606,1,0,0,0,0,0,0
37,6,81.72858428955078,90028,3,2.6645040244372464,1,0,1,0,0,0,0
36,18,67.99034881591797,93125,3,0.6977927219014792,2,0,0,0,0,0,0
47,31,140.36195373535156,93859,2,2.460432547846748,1,133,0,0,0,1,0
45,12,116.22389221191406,90294,1,2.8141964854701467,1,147,0,1,0,0,0
27,0,32.6785888671875,91224,3,0.726087657535036,1,0,1,0,0,0,0
64,38,37.61440658569336,90805,1,0.37213232520710327,3,83,0,1,0,0,0
41,24,98.54371643066406,96092,1,2.2167232574601545,2,281,0,0,0,0,1
41,26,125.5450668334961,94600,4,1.658118954978324,1,0,0,0,0,1,0
43,19,25.566848754882812,91915,4,0.10156123936376671,1,0,0,0,0,1,0
61,38,58.33244323730469,92443,1,1.8942817009081543,3,148,1,0,0,1,0
40,13,54.889644622802734,92091,3,1.6688472513867256,3,0,0,0,0,1,0
42,12,42.54270935058594,95272,1,0.4615525430759101,3,0,0,0,0,0,0
36,23,107.15020751953125,90569,1,4.416429495249794,3,115,0,0,0,0,1
58,42,40.159820556640625,93383,4,2.3404796583613594,3,0,0,0,0,0,0
52,24,51.86661148071289,92005,4,0.04103465122704919,2,0,0,0,0,1,0
55,25,150.5801239013672,90301,2,4.756733544252505,2,0,0,0,0,0,1
30,6,51.61772155761719,94437,4,1.7977836465055157,3,0,1,0,0,1,0
57,34,57.696876525878906,94292,1,0.7905866102429175,3,0,0,0,0,0,0
35,11,104.98271179199219,95636,1,2.4065338502851397,1,358,0,0,0,0,0
56,28,18.698884963989258,94588,2,1.177396624727418,2,0,0,0,0,0,0
34,7,86.64064025878906,90259,3,1.9587100159664241,2,0,0,0,0,0,0
51,30,41.183162689208984,95821,1,0.3196594079699534,2,0,0,0,0,1,0
39,19,53.769073486328125,94827,2,0.30746992053216177,3,0,1,1,0,0,0
50,25,109.11608123779297,91632,2,4.139393915177887,3,101,0,0,0,0,0
64,33,55.55414962768555,91639,2,4.122424211746057,3,101,1,0,0,0,0
40,16,48.51886749267578,92568,3,1.150707337235103,3,0,0,1,0,1,0
31,14,48.83997344970703,93036,4,1.999135427290857,2,0,0,0,0,1,0
25,-1,21.06303596496582,91510,2,0.9046673903335108,2,0,0,0,0,1,0
40,22,151.12734985351562,91877,3,4.582052735300023,3,0,1,1,1,1,1
31,3,30.335988998413086,90544,1,1.6186602499400462,2,0,1,0,0,1,0
40,11,161.6113739013672,90391,2,4.121024254762898,1,224,0,0,0,1,0
60,35,29.715940475463867,94204,2,0.8247004309587772,3,0,1,0,0,1,0
66,39,46.70899963378906,92268,3,1.7475729718933992,3,0,0,0,0,0,0
45,3,42.05189514160156,95286,3,0.13022846403368543,2,0,1,0,0,1,0
66,40,80.47339630126953,90366,3,0.04879789943735624,2,0,0,0,0,1,0
58,18,62.23417663574219,90118,4,2.4611711511609586,1,0,1,0,0,0,0
47,21,53.03668212890625,95889,2,3.926386735828083,2,0,1,0,0,1,0
43,22,79.55459594726562,92959,1,3.131596967826161,1,0,1,0,0,0,0
27,4,46.6345100402832,91368,2,0.5261904361385099,1,0,0,0,0,0,0
49,16,39.78325653076172,93094,2,2.3920426071239826,1,109,1,0,0,0,0
42,21,42.22556686401367,92235,2,0.14083398960696122,1,0,1,0,0,0,0
62,28,60.46432876586914,89974,1,3.920108846538633,3,0,0,0,0,1,0
62,38,38.070716857910156,94086,3,1.1484233194256943,2,0,0,0,0,0,0
53,33,29.433189392089844,93918,1,0.6673791988104208,2,0,0,0,0,1,0
34,9,83.51729583740234,91236,3,2.059123515758701,2,0,0,0,0,0,0
55,27,18.661291122436523,94308,4,2.4189468649277845,2,0,0,1,1,1,0
39,10,63.355037689208984,90240,3,2.3897178289375787,1,0,0,0,0,1,0
52,28,106.73832702636719,95297,2,2.823637203266308,1,0,0,0,0,0,0
62,40,34.87797546386719,94062,3,1.5898193030516672,2,123,0,0,0,0,0
26,10,107.8623275756836,91570,2,1.3492145539584814,1,0,0,0,0,1,0
59,38,121.03910827636719,90420,1,2.2341931660800083,2,0,0,0,0,0,0
36,14,215.2884521484375,91922,2,6.031442721306457,1,0,0,0,0,1,0
26,3,50.69199752807617,91901,4,1.3590112853919671,3,0,0,0,0,1,0
39,20,61.13237380981445,94419,2,0.7513505198743758,3,296,1,0,0,0,0
62,36,24.149639129638672,91451,4,1.4529862462039436,1,0,1,0,0,0,0
31,9,160.7573699951172,92478,1,2.502643380948638,3,0,0,0,0,1,0
62,33,27.22877311706543,96060,3,1.2921602326650241,1,0,0,0,0,1,0
60,36,19.432222366333008,95094,2,1.002845402045565,1,235,0,0,0,1,0
28,6,38.524391174316406,95970,4,0.8823453853781827,3,0,0,0,0,0,0
50,27,34.92479705810547,95837,1,0.5325379575070179,2,0,0,0,0,1,0
52,15,33.456451416015625,94310,4,0.3786123171069344,3,0,1,0,0,1,0
48,30,114.13653564453125,95173,3,2.580641364831427,1,0,1,0,0,0,0
40,15,41.34864044189453,92964,4,0.23605299695492102,2,0,0,0,0,1,0
40,17,58.75326919555664,93720,3,2.2512664179602138,1,0,1,0,0,1,0
39,22,134.65499877929688,95702,3,0.5126460536805627,1,0,0,0,0,0,1
54,21,101.48418426513672,90569,1,0.6164637288777535,1,242,0,0,0,0,0
57,35,46.5852165222168,94496,2,1.5133075449349702,2,0,0,0,0,0,0
62,42,52.7938232421875,90142,3,2.490387457048657,2,0,0,0,0,0,0
63,37,64.24217224121094,92225,4,1.0059974607975204,1,81,1,0,0,0,0
60,21,118.5150146484375,91242,2,2.6308406307362295,1,0,1,0,0,0,0
57,28,10.128487586975098,94775,2,0.2028463654414775,1,98,0,0,0,0,0
41,7,160.5514373779297,94321,1,0.0634233603687808,1,72,0,0,0,1,0
33,11,46.65043640136719,93046,1,1.12846262970886,2,0,0,0,0,1,0
55,28,32.90828323364258,95883,4,2.3402281061310637,3,0,0,0,0,1,0
24,-2,57.493316650390625,94717,3,2.1893119877821903,2,0,0,0,0,1,0
44,33,68.07498168945312,92650,1,1.9704468229358474,1,0,1,0,0,1,0
57,37,54.31477737426758,94260,4,0.306627375730884,3,0,0,0,0,0,0
64,40,53.46001052856445,96170,3,1.5488831857948422,3,0,0,0,0,1,0
40,18,27.000564575195312,93253,3,1.9350025428536421,1,0,1,0,0,1,0
61,36,54.12903594970703,92596,4,2.9451710833343503,2,0,0,0,0,1,0
50,34,68.04301452636719,92922,4,2.282184719572244,2,0,0,0,0,0,0
47,28,79.45143127441406,94434,3,0.0432332407539987,2,0,0,0,0,1,1
61,34,59.7423210144043,94122,4,1.6241049780774575,2,138,0,0,0,1,0
59,38,58.604148864746094,93842,2,1.2835804998355853,3,0,0,0,0,1,0
51,20,64.39494323730469,95883,3,2.7390607639078537,1,154,0,0,0,1,0
40,17,126.88661193847656,95528,2,0.8130400995325976,1,0,0,0,0,0,0
47,24,28.827754974365234,94270,4,0.7221852007284436,1,0,1,0,0,1,0
33,5,68.6451416015625,94272,1,1.4186895932238304,2,164,0,0,0,0,0
31,8,25.20635986328125,90601,4,0.5076622768381267,3,61,0,0,0,1,0
62,38,120.70195007324219,93385,2,3.444549424235618,3,481,1,0,0,1,0
29,6,107.2371826171875,91086,3,2.7544223523052627,1,0,1,0,0,1,1
32,11,37.070533752441406,92164,2,0.5610270177014209,1,105,0,0,0,0,0
46,19,81.6767807006836,91658,3,1.5077039137250283,3,161,0,0,0,1,0
29,5,86.71841430664062,93477,2,0.09270590665222248,1,295,0,0,0,1,0
61,33,147.9528350830078,95072,4,1.0266242548325575,2,0,0,0,0,1,1
44,24,35.83656692504883,95231,2,0.8517425628028853,1,0,1,1,0,0,0
65,35,161.09243774414062,91660,2,0.6091046278478627,3,268,0,0,0,1,1
47,23,43.0141716003418,90338,2,0.4818525454002178,3,107,0,0,0,1,0
46,20,62.18226623535156,94671,4,0.42303885514248063,2,0,0,0,0,1,0
51,31,132.31198120117188,94460,2,0.2678808810106864,3,0,0,0,0,1,0
38,20,122.12153625488281,90066,1,0.21368682086410584,2,0,0,0,0,1,0
55,22,32.48496627807617,92998,2,0.5284663117700831,2,0,1,0,0,1,0
32,10,77.43350982666016,94716,4,1.0389044533636898,1,0,0,0,0,1,0
32,8,140.32371520996094,91711,2,3.6111993704005574,3,0,0,0,0,1,1
48,28,36.003047943115234,95318,4,1.400943124337425,1,0,0,0,0,0,0
43,25,39.03026580810547,94380,2,0.08778093525549724,2,0,1,0,0,0,0
65,40,29.051366806030273,94864,3,1.4867364992959677,2,0,0,0,0,1,0
30,6,124.30525207519531,94078,1,6.486577978511517,1,385,0,0,0,0,0
37,14,53.46839141845703,94255,3,0.758703137420369,2,164,0,0,0,0,0
59,29,46.650962829589844,91986,4,0.4754016036419714,1,0,0,0,0,1,0
36,7,149.78790283203125,90923,2,2.491507638510033,1,134,1,0,0,0,0
42,20,36.79435348510742,94640,3,1.1962952970683052,2,0,1,0,0,0,0
51,22,146.2496337890625,94811,2,0.4619643769122842,1,0,1,0,0,1,0
54,29,34.2777214050293,96289,2,0.21811987952223602,3,0,0,0,0,0,0
62,39,35.01213455200195,95004,1,1.4172145008630939,3,0,0,0,0,1,0
45,15,73.56855010986328,94635,3,0.669796796088735,2,0,0,0,0,1,0
42,20,98.4830093383789,90856,3,3.630084261171576,1,0,1,0,0,1,0
23,0,84.67829132080078,95054,1,2.4472504864861615,1,0,0,0,0,0,0
32,9,124.85377502441406,95531,4,2.7946472283208332,2,0,0,0,0,0,1
56,32,23.254499435424805,94685,1,0.2462468036005555,3,0,0,0,0,1,0
44,17,155.91336059570312,94247,2,7.620233813026916,1,110,0,0,0,0,0
27,19,70.50318908691406,94660,4,1.7110837020252232,3,0,0,0,0,0,0
55,30,96.29924011230469,90795,4,4.571943973802901,2,0,0,0,1,1,1
55,34,80.96675109863281,94399,1,0.902851871587335,2,0,1,0,0,1,0
27,2,59.50825500488281,95850,4,2.2184950122233644,1,142,0,0,0,1,0
63,36,74.13996887207031,94103,2,2.740017113720908,1,0,0,0,0,1,0
39,12,107.54995727539062,94223,1,0.4389587831708388,3,0,0,0,0,1,0
66,39,60.33984375,93317,3,0.27156414653683003,3,0,1,0,0,1,0
35,9,75.35417175292969,92253,3,0.20979520667221654,3,453,1,0,0,1,0
26,4,91.617431640625,91871,2,2.6336520596242323,2,0,0,0,0,1,0
61,33,149.72677612304688,92232,4,2.668212553910572,2,0,1,0,0,0,1
45,28,49.146793365478516,91739,2,0.14862259726821297,2,0,1,0,0,1,0
58,34,28.687381744384766,92156,4,1.707862461347184,2,0,0,0,0,1,0
29,5,152.0049591064453,90456,4,1.746145694206298,3,388,1,0,0,1,1
59,26,24.97045135498047,90165,4,0.3197487551066081,3,101,0,1,0,0,0
48,9,53.04641342163086,95748,2,0.9345342065802489,1,0,0,0,0,1,0
29,4,135.18365478515625,95278,4,3.705392014371553,1,129,0,0,0,0,0
60,36,170.39218139648438,91417,2,1.9389073475030236,2,0,0,0,0,0,1
59,22,83.92308044433594,94330,4,0.5341136028157196,3,99,0,0,0,1,0
44,15,189.19178771972656,92878,1,5.805500315186192,1,0,0,0,0,0,0
44,13,18.308361053466797,94474,4,0.4900518379045191,1,132,0,1,0,0,0
42,19,194.02622985839844,94906,1,3.2475809718026007,1,0,0,0,0,0,0
60,40,16.035213470458984,94417,1,0.3770507236396693,2,0,1,0,0,1,0
65,38,30.846195220947266,90752,4,0.4001289678765954,2,0,0,0,0,1,0
34,10,32.301429748535156,95239,4,1.9720520127114098,1,0,1,0,0,1,0
50,26,119.577392578125,91340,3,1.4042589161520165,2,0,0,0,0,1,1
60,34,86.17677307128906,90744,2,0.8905022437586415,3,0,0,0,0,0,0
64,38,21.68736457824707,92892,2,0.09948081356970245,3,0,1,0,0,0,0
44,15,33.898170471191406,94325,1,0.5110352657349277,3,0,0,0,0,1,0
61,32,147.05941772460938,92794,2,6.226652011741488,1,138,0,0,0,0,0
63,37,70.24598693847656,92028,1,0.626832182009702,2,0,0,0,0,1,0
35,19,47.254737854003906,92702,2,1.8592378226639408,3,0,0,0,0,0,0
52,30,35.09845733642578,89890,4,1.182789241009401,1,0,0,0,0,1,0
51,25,106.01604461669922,94409,4,0.35506239294802217,1,0,0,0,0,0,1
61,36,44.643253326416016,95196,2,0.0013507444414965764,3,0,0,0,0,0,0
37,9,55.003639221191406,95450,1,2.5470711885536264,1,0,0,0,0,0,0
60,37,47.64206314086914,92836,2,1.05544405057538,3,0,1,0,0,1,0
59,34,57.976165771484375,90359,1,0.7668702765601672,3,241,0,0,0,0,0
30,4,131.984619140625,95331,4,2.333508477930543,1,0,0,0,0,0,1
58,35,78.07373046875,90298,4,0.8239449337222688,2,336,1,0,0,1,0
41,22,21.938587188720703,94413,4,0.399735937774226,2,0,0,0,0,1,0
43,13,17.54326629638672,94477,1,0.5054862874633839,2,0,1,0,0,0,0
59,31,38.17977523803711,93278,1,0.5132568686839024,3,0,0,0,0,0,0
46,12,78.15775299072266,94054,2,1.3289701820773976,1,0,1,0,0,1,0
28,0,193.85079956054688,92101,2,6.3942917276673645,1,0,0,0,0,0,0
61,35,34.65138244628906,96069,4,0.8566019386923928,1,162,0,0,0,1,0
47,31,40.39905548095703,92220,1,0.17794730510414977,1,0,0,0,0,0,0
59,33,70.77938842773438,91064,3,1.2603041893206297,3,0,1,0,0,1,0
45,20,58.92440414428711,92199,3,2.399212921893075,2,0,1,0,0,1,0
39,10,112.00263977050781,91568,2,2.308597497858322,1,0,1,0,0,0,0
53,30,43.4769401550293,94522,1,0.044986427362396886,1,0,0,0,0,0,0
37,16,89.46768188476562,93163,3,4.915316622695756,1,0,0,0,0,1,0
56,32,57.015899658203125,95892,4,1.928612349328162,1,0,0,0,0,1,0
30,6,90.14225769042969,94561,1,1.475423036707988,3,0,0,0,0,1,0
31,5,76.2464828491211,92159,4,0.9542103475560006,2,0,0,0,0,0,0
59,32,63.16875457763672,95602,2,1.2885930662512237,1,0,1,0,0,1,0
66,41,37.69301223754883,89846,2,0.366229338413362,3,85,0,0,0,1,0
51,21,53.08574676513672,91820,4,2.425595395007148,3,226,0,0,0,0,0
58,29,96.27523803710938,90159,4,6.072342623768303,1,66,1,1,0,0,1
63,37,78.88748931884766,94178,2,2.297674921919681,2,0,1,1,1,1,0
43,14,59.9331169128418,92915,1,2.766843905591173,1,0,1,0,0,1,0
41,24,22.451183319091797,91838,3,1.4634508469040683,2,0,0,0,0,0,0
37,1,73.51127624511719,96154,2,2.1349417144471636,3,0,0,0,0,1,0
25,-3,31.731691360473633,94520,4,2.147400830853068,3,0,1,0,0,1,0
26,2,172.3399658203125,91978,4,7.080052464507074,2,0,0,0,0,1,1
48,20,118.37619018554688,92880,1,2.3819186031127133,1,0,0,1,0,1,0
52,21,151.12977600097656,91862,2,2.838982712894415,1,0,1,0,0,0,0
38,23,30.037935256958008,96144,3,0.6043297467466605,3,0,0,0,0,1,0
59,40,154.15542602539062,90567,3,3.232831127464496,2,0,1,0,1,1,1
50,24,89.78821563720703,93319,4,0.9717064196764253,1,0,0,0,0,1,0
30,7,46.842979431152344,94631,3,0.6376389059712523,1,0,0,0,0,1,0
49,32,46.98101043701172,90639,3,1.3432082766057982,2,0,1,0,1,1,0
59,30,64.58872985839844,95097,1,1.889572583134365,3,421,0,0,0,0,0
63,37,35.8795166015625,96073,2,3.873918329945858,3,0,0,0,0,0,0
28,6,51.65419387817383,90635,4,0.46491058844700517,3,0,0,0,0,1,0
54,24,53.99224090576172,92123,4,1.6343617594830036,1,0,0,0,0,1,0
66,37,56.331729888916016,90173,3,0.18282205063489704,2,155,0,0,0,0,0
54,31,70.2713623046875,90201,3,1.0537039347485386,2,0,0,0,0,0,0
41,22,34.69940948486328,93687,3,0.5814021113786201,3,0,0,0,0,0,0
64,38,59.19114685058594,92945,1,1.2166846179117015,2,0,0,0,0,1,0
51,17,143.67727661132812,95060,1,0.1608964152268258,1,0,1,0,0,0,0
25,11,54.413963317871094,94063,4,1.4887946346824312,1,0,1,0,0,0,0
49,31,62.992889404296875,94842,1,0.24353827458364813,1,0,0,0,0,0,0
32,9,129.9609375,93139,2,5.339300029738055,1,257,0,1,0,0,0
55,32,178.88768005371094,95008,1,1.5426328456624323,1,0,0,0,0,0,0
54,23,18.90508460998535,94958,1,0.17810984264310142,3,0,0,0,0,0,0
47,27,40.178775787353516,92814,3,1.0837693929928691,2,0,0,1,0,0,0
47,18,80.45408630371094,95111,3,1.6554361565060862,2,0,0,1,0,0,1
37,12,14.655570983886719,92589,2,0.3577075582150117,2,74,0,0,0,1,0
43,10,116.996337890625,94996,3,2.2884977952041266,1,0,1,0,1,1,0
43,22,19.641326904296875,94456,4,1.3556933204669637,3,0,1,0,0,0,0
27,1,55.34849548339844,92942,4,2.0235627752139003,3,0,1,0,0,0,0
27,2,88.34632110595703,94124,1,2.6507298798000054,1,0,0,0,0,0,0
62,38,49.34858322143555,94371,4,1.0137691093369203,2,0,1,0,0,1,0
38,12,62.69691467285156,94619,3,0.7867207797125941,1,262,1,0,0,0,0
45,26,132.53668212890625,91178,1,2.1509544200047337,1,0,1,0,0,0,0
41,11,42.20295333862305,92251,1,2.047719531881833,3,0,1,0,0,1,0
32,10,81.83880615234375,94275,3,2.4996759869902423,2,325,0,0,0,0,0
28,1,53.67734909057617,94129,2,1.6401058398242458,3,0,0,0,0,0,0
56,35,20.798114776611328,94049,4,0.48792792821330605,1,0,1,0,0,0,0
58,37,45.98457336425781,94773,3,1.946416179251215,2,0,0,0,0,0,0
50,27,52.938724517822266,94425,3,2.613442974571556,2,146,1,1,0,0,0
40,18,38.15644073486328,94703,3,1.195625879148269,1,0,0,0,0,1,0
53,27,45.24197769165039,95671,3,2.1275411200741825,1,0,1,0,0,0,0
40,19,80.2134780883789,90273,1,2.737083804702744,1,0,1,0,0,0,0
32,11,146.6743927001953,91424,1,3.0802814084017474,1,139,1,1,0,1,0
61,34,86.15554809570312,91825,2,2.100267589690648,1,136,1,0,0,1,0
27,8,23.61367416381836,92166,4,2.356209522502178,3,101,0,0,0,1,0
56,32,130.541748046875,94698,2,3.4267793166529383,1,0,1,0,0,0,0
29,7,50.153602600097656,94784,3,0.6663856925753935,1,0,0,0,0,1,0
50,31,46.243995666503906,92963,4,0.790993103596796,3,0,0,0,0,1,0
41,21,147.87615966796875,94672,1,1.3877139192612566,1,0,1,1,0,1,0
37,15,90.5037841796875,91824,1,3.4433700528082194,1,248,0,0,0,1,0
27,1,50.83677291870117,91858,4,1.011178212203574,1,0,0,1,0,1,0
35,5,206.4263153076172,95221,1,2.8307835874834706,1,241,1,0,0,0,0
54,30,46.28337478637695,92764,3,1.476348956591489,1,0,0,0,0,0,0
65,40,71.26461791992188,91285,2,1.551740850964979,1,0,1,0,0,1,0
42,23,68.70587921142578,94974,3,1.6428102569983416,1,155,1,0,0,0,0
38,13,42.93873596191406,94804,2,0.3442302410037692,2,0,0,0,0,1,0
36,13,95.78907775878906,93692,2,4.08464935739718,2,0,0,0,0,0,1
42,7,45.68331527709961,94483,1,1.737329806773064,3,0,0,0,0,1,0
28,9,49.12822341918945,90187,3,2.8089329021777543,1,0,0,0,0,1,0
62,29,36.09459686279297,92865,2,1.2026888018187236,3,0,1,0,0,0,0
47,21,61.400856018066406,92154,2,0.29185124415175545,3,102,0,0,0,1,0
37,13,12.106534957885742,95905,3,1.0474595838293996,1,0,0,0,0,0,0
52,29,39.638919830322266,95092,4,0.17829872882815423,3,145,1,0,0,0,0
33,6,117.43624114990234,94659,2,6.211726652549702,2,0,1,0,1,1,0
54,27,49.082420349121094,94750,2,2.569297006166016,3,255,0,0,0,1,0
52,21,139.07931518554688,94790,2,1.7117228794434531,1,198,1,0,0,0,0
57,32,33.853240966796875,92279,2,0.0768294315737327,1,0,0,0,0,1,0
46,26,122.72086334228516,95247,2,5.703622585011461,1,0,0,0,0,0,0
58,22,33.60643768310547,92089,3,0.16809886399189672,2,0,0,1,0,0,0
47,31,23.975181579589844,92667,4,1.270070194566702,2,170,1,0,0,1,0
36,34,15.702701568603516,94546,2,0.0073729041846331,3,0,0,0,0,0,0
47,25,85.60689544677734,92255,2,2.9055960548873094,1,191,0,0,0,1,0
40,15,55.34728240966797,91617,3,0.13238673956493327,3,0,0,0,0,1,0
59,31,51.19648742675781,92077,4,2.097179749664797,1,0,0,0,0,1,0
59,36,32.65239334106445,94519,3,1.0876884547333607,1,177,1,0,0,1,0
28,12,38.919517517089844,94896,4,0.6601149653911811,2,0,0,0,0,0,0
62,33,42.20759582519531,91506,1,0.01131305901000601,3,0,0,0,0,0,0
44,21,24.031307220458984,95803,4,0.6542667038050829,1,0,0,0,0,1,0
65,38,44.692134857177734,92060,1,1.0472154059847538,3,0,0,0,0,1,0
54,29,39.4861946105957,90121,4,0.5582841291865204,3,0,0,0,0,1,0
60,34,45.47722244262695,91134,3,1.093326381782994,3,0,0,0,0,0,0
43,18,45.797969818115234,94111,1,1.869885951280762,3,0,1,0,0,0,0
51,24,46.02785873413086,94719,2,0.19798902766942955,1,0,1,0,0,1,0
56,38,73.84721374511719,94770,2,3.0647862008878213,1,0,1,1,1,1,0
43,20,65.5998306274414,91434,1,1.834580134382802,1,0,0,1,0,1,0
42,22,54.56607437133789,91206,2,0.7196867731898725,1,0,0,0,0,1,0
44,23,82.07172393798828,94076,3,2.4894939271509084,3,0,1,0,1,1,0
57,32,62.383445739746094,90250,3,1.990586610756066,1,228,0,0,0,1,0
32,5,43.5800666809082,90470,3,0.45959761204807703,1,0,0,0,0,1,0
41,18,88.50552368164062,95372,2,1.8602155045792212,1,110,1,0,0,0,0
61,40,172.06813049316406,91959,2,0.827610709634426,1,0,1,0,0,1,0
58,31,135.8277587890625,95128,2,1.113028799909935,1,0,0,0,0,0,0
44,28,12.15668773651123,95458,2,0.2212358292547602,2,103,0,0,0,1,0
45,18,19.446481704711914,91965,3,0.49253294823346355,3,0,0,0,0,0,0
47,29,35.86077117919922,94220,4,0.9700497590169845,3,0,0,0,0,0,0
35,6,182.69924926757812,92023,2,4.962998786844081,1,0,0,0,0,0,0
60,29,44.84265899658203,95718,1,0.470652675731308,1,0,0,0,0,1,0
55,37,14.657766342163086,94871,2,0.6752016484780126,1,0,0,1,0,1,0
42,20,22.37299346923828,93114,4,3.9866274280895597,1,0,1,0,0,1,0
51,20,47.05979537963867,91863,2,0.34552735987300276,2,0,0,0,0,1,0
44,24,171.57188415527344,92867,1,3.8255930211083538,1,0,0,0,0,1,0
43,23,60.78610610961914,94405,1,0.27671649719496444,1,0,1,0,0,1,0
62,21,206.3529510498047,91437,2,4.177756913177975,1,0,1,0,0,1,0
52,22,46.617454528808594,94700,3,2.335586113017803,1,351,0,1,0,0,0
64,37,202.46823120117188,95168,1,8.238341629583308,1,93,1,0,0,0,0
49,25,192.11148071289062,95076,2,1.8985984598503043,1,0,0,0,0,1,0
50,26,69.30838012695312,91773,1,1.3246775896217264,3,171,0,0,0,1,0
66,40,71.17364501953125,91200,4,1.7263811894406444,3,0,1,0,0,1,0
30,2,85.13553619384766,95495,4,0.4626537059219385,1,103,0,1,0,0,0
31,5,45.832847595214844,94050,2,2.091548098376917,1,0,1,0,0,0,0
61,37,133.78488159179688,95595,4,1.8200730292415095,2,0,1,0,0,0,0
45,18,61.663272857666016,95087,2,0.09542922774119128,3,0,0,0,0,0,0
38,15,46.69232940673828,89802,4,0.9662764433503308,3,0,1,0,0,0,0
46,24,62.15583419799805,93411,2,1.7459859456127311,1,0,0,0,0,1,0
34,4,31.841588973999023,96079,4,0.48332347960930105,2,137,1,0,0,1,0
35,11,47.5389289855957,96466,3,0.9491548156746504,2,0,0,0,0,1,0
57,32,62.554908752441406,94075,2,2.14887032793048,1,0,0,0,0,0,0
44,16,123.981689453125,91654,1,2.3696347651739997,1,0,0,0,0,0,0
33,7,85.8316879272461,90981,2,1.7374690419536896,2,0,0,0,0,1,0
35,8,124.83030700683594,90867,3,1.8395606950461054,2,319,1,0,0,1,0
66,40,123.81536102294922,95546,3,2.3529372104979136,1,0,1,0,0,0,0
55,28,14.160111427307129,91094,1,1.2155687692807942,3,134,0,0,0,0,0
56,37,159.72024536132812,92121,2,2.4609711820652618,1,0,1,0,0,0,0
29,4,159.99227905273438,92579,1,4.259637802808495,1,0,0,0,0,1,0
62,39,21.653478622436523,95142,3,0.726478304369133,1,0,0,0,0,1,0
33,9,139.72886657714844,91347,2,6.132416294444005,1,0,1,0,0,1,0
29,2,48.33618927001953,89841,2,0.732511852369998,3,0,0,0,0,0,0
28,-1,171.7454376220703,92967,3,5.578108438293642,2,386,0,0,1,1,1
29,14,24.34700584411621,91707,3,2.4093303582576966,2,134,0,0,0,1,0
39,17,105.96415710449219,93846,4,0.11756511084168642,2,0,0,0,0,0,0
35,7,72.08905029296875,92064,4,3.2354370957906364,3,0,0,0,0,0,0
51,28,25.050636291503906,92875,2,2.0652354012817544,2,0,1,1,1,1,0
35,16,88.71057891845703,91367,2,0.1226148978009112,3,0,0,0,0,0,0
32,12,190.64520263671875,91514,1,0.28631305168580606,1,275,1,0,0,1,0
36,11,31.360485076904297,92977,1,0.5419542198317167,1,0,1,0,0,1,0
46,17,19.162254333496094,92049,4,0.512160667234991,3,0,0,0,0,0,0
52,15,34.12849807739258,92866,4,0.605029830128297,3,100,0,0,0,0,0
37,9,45.69963836669922,93992,1,0.7979089910576119,3,89,0,0,0,1,0
44,26,11.921810150146484,92936,4,1.0610418042399208,2,0,0,0,0,1,0
50,20,59.33381271362305,90086,1,0.049793626604259456,3,0,0,0,0,1,0
44,18,61.3776741027832,95275,2,1.7785199157062808,3,0,0,1,0,0,0
52,26,111.64569091796875,90589,2,3.509536543716574,1,0,0,0,0,1,0
55,24,39.1697998046875,95065,2,1.6211945962461178,2,0,0,0,0,1,0
37,13,53.74159240722656,91330,1,3.208721330687879,3,233,1,0,0,1,0
66,43,85.83135223388672,95075,1,0.345387319566534,1,0,1,0,0,0,0
41,20,30.589508056640625,94846,2,0.5045541910613583,2,0,0,0,0,0,0
47,26,75.22027587890625,96164,3,0.5099106814438186,3,295,1,0,0,0,0
39,17,80.8499755859375,94395,2,2.7468155611055174,2,0,0,0,0,0,0
37,19,201.27685546875,91521,2,4.321282252326903,1,0,1,1,0,1,0
34,6,106.640380859375,95397,3,0.6989509769722815,1,0,1,1,1,1,0
38,8,36.00638198852539,91973,3,1.4578866351614148,3,119,0,0,0,0,0
35,3,39.19511413574219,94029,4,1.8977991923385775,3,0,1,0,0,1,0
45,17,66.077880859375,93877,1,3.07845639544669,2,0,1,0,0,0,1
31,7,94.35354614257812,94597,4,2.4179844151307623,3,149,0,0,0,0,0
34,5,121.49674987792969,95486,3,0.7923400996863719,2,252,1,0,1,1,1
33,8,48.97525405883789,95334,4,0.8981652777678943,2,231,0,0,0,1,0
58,33,90.95112609863281,92731,1,2.6937146328239234,3,0,0,0,0,0,0
45,9,47.08314514160156,94372,2,3.182985638147108,1,0,1,1,1,1,0
58,26,52.450218200683594,90938,2,0.2366097391485037,2,0,1,0,0,1,0
53,34,17.383358001708984,93021,3,0.9523632408903573,2,114,0,0,0,0,0
30,5,27.785078048706055,94709,3,0.6984396870470879,2,0,0,1,0,1,0
58,24,181.7857666015625,89983,2,0.3137034656100146,1,0,0,0,0,1,0
28,7,82.53939819335938,92907,4,2.475765629780646,1,0,1,0,0,0,0
29,15,79.11490631103516,90462,3,2.322834494481407,2,0,0,0,0,0,0
59,32,42.193336486816406,91126,2,2.706945201762375,1,113,1,0,0,0,0
50,22,68.75411224365234,91754,3,2.5206442752329234,1,0,1,0,0,0,0
56,29,87.54737091064453,94250,4,1.363257867854776,1,0,0,0,0,1,0
35,14,53.04366683959961,93888,1,0.2730091574468523,3,0,0,0,0,0,0
43,15,80.49669647216797,91913,1,0.46312584599957857,2,0,1,0,0,1,0
37,13,22.615816116333008,89937,4,0.30222624371137935,1,0,0,0,0,0,0
62,36,150.86170959472656,90489,4,6.63027139139804,2,0,1,0,0,0,1
42,6,12.759560585021973,91936,1,1.4256421727369828,3,0,0,0,0,0,0
60,37,109.2294921875,92076,2,6.208621695276948,1,0,1,0,0,1,0
34,12,43.768524169921875,91126,3,0.12292560643074463,1,0,1,0,0,1,0
63,37,110.2459945678711,91968,3,0.5308654696264776,3,395,0,0,0,1,0
37,6,27.956092834472656,91949,4,0.5089449290468494,1,139,0,0,0,0,0
60,39,139.2288818359375,92780,1,4.149901940705506,3,362,0,0,0,0,1
52,27,89.96183013916016,91183,1,2.621311432717864,3,0,1,0,0,0,0
40,15,38.714508056640625,92655,1,0.5448597330919165,2,0,1,0,1,1,0
29,4,34.224403381347656,92119,3,0.7125814879963914,3,0,0,0,0,0,0
54,25,56.75236892700195,90112,3,0.34474558674260886,2,0,0,0,0,0,0
43,25,35.53831481933594,92172,3,0.4669455644669676,2,0,0,0,0,0,0
47,15,54.71758270263672,96073,3,1.9016429500701766,3,140,1,0,0,1,0
53,33,35.15629577636719,93403,1,0.03585738971908492,1,0,1,0,0,0,0
29,6,33.314674377441406,93084,4,0.5408761535887593,2,111,0,0,0,1,0
49,25,136.2364501953125,94637,2,6.3475613700899185,1,403,0,1,0,0,1
61,32,90.26602172851562,90525,2,3.2533064097292947,3,0,0,0,0,1,0
55,27,35.55812072753906,94579,2,0.4706995290446717,3,104,0,0,0,1,0
47,34,28.55424690246582,92026,4,0.38365634031189877,3,0,0,0,0,0,0
53,31,74.24580383300781,92271,1,0.21884534607510867,1,0,0,0,0,1,0
47,15,55.76597595214844,95001,3,0.7902052551489376,2,0,1,0,0,0,0
57,28,31.933185577392578,91402,1,0.6344683363838043,1,0,1,0,0,0,0
33,9,50.310096740722656,95125,1,1.4965851855530978,1,0,0,0,0,0,0
35,10,40.988555908203125,95341,3,2.4798144811882086,2,0,0,0,0,1,0
58,26,45.73003005981445,94371,1,3.726639629776947,2,0,0,0,0,1,0
35,8,31.175334930419922,92201,3,0.03801996346235731,2,0,0,0,0,1,0
49,32,123.58924102783203,91501,1,2.374056798072791,1,0,0,0,0,0,0
26,6,49.04548263549805,94401,2,1.1002441665512728,1,0,0,0,0,1,0
57,36,63.2227897644043,91871,4,3.525451213658189,1,0,0,0,0,0,0
43,15,151.19174194335938,91290,2,2.9846850178250866,1,0,1,1,0,1,0
60,33,39.38214874267578,92158,2,1.9208792783440443,2,0,0,0,0,0,0
31,1,19.32556915283203,92308,4,1.126832009284157,2,113,0,0,0,1,0
29,3,93.06246948242188,90179,2,1.675952819746258,1,0,1,0,0,0,0
55,35,171.1804962158203,91383,1,9.43093998200604,1,558,0,0,0,0,0
55,22,48.7339973449707,94728,3,1.9311046937737575,3,0,0,0,0,0,0
34,21,52.1777458190918,91765,4,1.6661493285655855,3,0,0,1,0,0,0
34,9,122.36842346191406,94279,2,4.481289600782715,1,0,0,0,0,0,0
54,27,55.344757080078125,91664,3,2.4448026972077637,1,86,1,0,0,1,0
57,35,34.282806396484375,95085,4,1.3249195292476021,3,0,0,0,0,1,0
57,38,42.619834899902344,93207,4,1.1242262134062546,3,0,0,0,0,0,0
40,13,67.94477081298828,91069,3,0.2399552329404649,1,99,0,0,0,0,0
52,27,24.928918838500977,91535,1,0.5339862726108937,3,0,0,0,0,1,0
49,22,28.16012191772461,94017,4,0.06365734601436324,2,0,0,0,0,0,0
46,32,58.55514144897461,92498,4,2.1148339238043916,1,0,1,0,0,1,0
65,36,64.90000915527344,96308,4,1.9780828082061712,2,0,0,0,0,1,0
45,18,59.736656188964844,95083,1,0.9153337020236514,2,0,0,1,0,0,0
57,35,72.38748931884766,93738,3,1.2993315136395278,2,0,0,0,0,0,0
58,29,29.39580726623535,91136,4,0.4673279854488389,3,0,0,0,0,0,0
36,19,102.64649200439453,94221,2,3.2779612737605484,2,0,1,0,0,0,0
62,37,29.92544937133789,90485,1,2.3180602870812197,2,0,0,1,0,1,0
52,31,38.427833557128906,89932,2,1.6700017881056881,1,0,1,1,1,1,0
43,13,40.02840042114258,94639,4,0.16775261045110895,3,0,0,0,0,1,0
50,25,35.64778137207031,91394,1,1.15724234510041,1,0,1,0,0,1,0
53,22,41.70726776123047,92851,2,0.40641112617273706,3,0,0,0,0,0,0
27,5,65.82705688476562,94450,1,2.645222651506245,1,384,0,0,0,1,0
30,14,161.44908142089844,95690,2,7.911630959096194,1,0,0,0,0,1,0
58,29,41.595001220703125,94943,3,2.551753525829257,1,0,0,1,0,0,0
51,34,24.405044555664062,91065,2,1.037771655495804,1,150,1,0,0,0,0
46,24,78.3045654296875,89855,1,2.6784693559152926,1,0,0,0,0,1,0
35,11,129.6233367919922,94759,4,0.6849442564722622,1,0,0,0,0,1,0
57,30,30.42544174194336,90091,4,0.5973377697982989,1,0,0,0,0,1,0
36,13,46.265960693359375,91649,1,2.2008116884303117,2,0,0,0,0,1,0
52,24,108.93392944335938,91019,1,3.0799073180614185,2,0,1,0,0,1,1
23,2,56.16484832763672,94915,2,0.8387555802567302,1,0,0,1,0,0,0
57,37,124.57489776611328,94854,2,2.034858116558297,3,127,0,1,0,0,0
40,12,111.37777709960938,91730,4,3.241099041878275,2,138,0,0,0,1,0
31,6,114.4617691040039,92879,2,6.2555628093563005,1,0,0,0,0,1,0
50,22,71.26901245117188,92294,1,0.3076970194847164,2,0,0,0,0,1,0
56,20,120.40277862548828,94042,1,0.48604556072698774,2,136,0,0,0,1,1
28,17,97.1844482421875,90963,1,2.6664305425835435,2,0,1,0,0,1,0
67,37,40.24125671386719,92908,2,0.4551297118227784,1,0,1,0,0,1,0
28,7,53.65619659423828,95738,3,0.88690378740074,3,0,1,0,0,1,0
51,34,25.78898048400879,93337,4,2.7412939458978283,2,107,0,0,0,0,0
31,6,61.79035568237305,94517,1,0.5532182718346307,3,0,1,0,0,0,0
50,13,40.74654006958008,93856,2,1.253762527501601,2,106,0,1,0,1,0
61,37,91.54512023925781,94890,3,1.5763732642465276,2,244,1,0,0,0,0
33,9,32.09624481201172,92882,4,1.8015874015207365,1,0,0,0,0,0,0
40,12,75.45069122314453,91878,2,0.4382622253500523,1,0,1,0,0,0,0
65,37,91.37623596191406,91512,4,4.913595610703093,1,225,1,0,0,0,0
30,9,51.97534942626953,94103,4,1.6325738453806233,3,0,0,0,0,0,0
32,5,103.7602310180664,92279,4,2.6451836730068807,1,0,0,0,0,0,0
39,26,65.52577209472656,93791,2,0.3302849003741214,3,201,0,0,0,1,0
46,9,80.52685546875,90126,3,0.3238512289144059,2,0,0,0,0,1,0
29,5,58.91887664794922,92272,4,2.157934466617526,2,0,1,0,0,1,0
51,22,39.697265625,94592,4,2.840078037060657,2,0,0,0,0,1,0
40,22,71.43660736083984,93091,2,1.4790657688648312,3,0,1,0,0,0,0
51,28,83.19427490234375,92764,1,2.560487455200028,1,0,1,0,0,0,0
51,23,19.43829917907715,92009,1,2.847566321502454,1,0,1,0,1,1,0
44,24,91.98636627197266,92211,2,0.2733653359499512,1,0,0,0,0,1,0
43,18,19.099246978759766,93264,2,0.5089330627605047,2,89,0,0,0,1,0
54,19,44.74845504760742,94417,4,1.103716206315935,2,0,0,0,0,1,0
47,23,45.68035125732422,90668,2,1.6042561872262098,2,0,0,0,0,1,0
42,14,69.88646697998047,94251,3,0.7197988365064185,2,0,0,0,0,0,0
59,27,105.2144775390625,94443,4,3.197384030722331,3,0,1,0,0,0,0
62,39,69.70632934570312,94563,4,1.7957298823181567,2,0,1,0,0,1,0
42,11,167.86875915527344,94660,2,0.06612128293215014,1,0,0,0,0,1,0
26,1,42.60289001464844,92219,3,0.622148066009718,1,0,0,0,0,0,0
55,33,46.98749923706055,91924,1,1.2775421246199818,3,0,1,0,0,1,0
47,19,76.48323059082031,94695,3,3.098476196960812,1,0,0,0,0,0,0
61,36,34.58018493652344,95834,3,0.6219948990388646,3,0,0,0,0,0,0
29,21,87.61255645751953,90241,4,2.6802522775762796,2,0,0,0,0,1,0
61,29,19.546472549438477,94635,2,0.9033290482772173,1,0,0,0,0,0,0
57,35,35.30662536621094,89890,4,2.9744209754958035,1,372,0,1,0,0,0
31,17,190.8960418701172,95861,1,4.114978743962456,1,0,0,0,0,0,0
37,8,148.5937957763672,91986,2,0.8141507918570223,3,0,0,0,0,1,0
43,15,50.03868103027344,96339,2,1.4768247304640014,1,0,0,0,0,1,0
59,33,149.30389404296875,90937,2,2.564776536510572,1,0,0,0,0,0,0
36,20,106.2377700805664,90234,3,1.8133801348676972,2,0,0,0,0,0,0
37,19,147.98497009277344,94445,1,6.033833526762471,1,400,0,0,0,1,0
41,17,75.50159454345703,91947,1,6.796113761486997,1,0,0,0,0,0,0
56,30,98.38339233398438,90342,1,4.562276242951582,1,188,0,0,0,0,0
55,29,34.72847366333008,90019,3,1.6900015679797253,1,250,0,0,0,0,0
51,32,38.606201171875,94249,3,0.36819795683045486,1,0,1,0,0,1,0
66,40,66.64686584472656,94575,2,0.17494544685110686,3,0,0,0,0,0,0
31,13,70.73153686523438,92335,1,0.8093191296380947,1,0,0,0,0,1,0
53,27,173.56263732910156,91692,2,4.725708491739079,2,0,1,0,1,1,1
52,21,15.029378890991211,95656,4,1.7946420969318082,1,0,1,1,1,1,0
42,22,36.055782318115234,92783,1,0.9610269025704684,3,0,0,0,0,0,0
28,7,58.4747200012207,95209,4,1.7520672826986126,2,0,0,0,0,1,1
65,39,54.85655212402344,90286,1,0.7101242873501856,3,0,0,0,0,0,0
56,15,91.73204040527344,92587,4,1.3597593349393269,1,0,0,0,0,0,0
55,32,72.62014770507812,92024,1,1.1658043598984396,2,0,0,0,0,0,0
28,33,21.7706241607666,92990,4,0.46750059602527694,1,81,0,0,0,1,0
45,33,34.13963317871094,96458,3,0.3477879165693281,2,0,0,0,0,1,0
62,35,175.7008514404297,91246,2,2.371303193359103,1,0,0,0,0,0,0
28,1,14.189536094665527,91374,4,0.28610996302055514,3,0,0,0,0,1,0
58,37,15.923726081848145,94178,4,1.396227799460907,1,0,0,0,0,0,0
47,13,41.2491340637207,92292,2,0.25643530384960145,2,0,1,0,0,0,0
33,21,19.485923767089844,94944,1,0.4378290380575333,3,0,0,0,0,1,0
45,20,70.42466735839844,89948,1,1.840740731467274,1,0,1,1,0,0,0
59,30,38.43568420410156,90427,1,2.1345200601732452,3,160,0,0,0,1,0
28,0,65.34681701660156,92026,4,2.6639315756894093,1,164,0,0,0,1,0
50,21,74.68099212646484,92154,1,1.1375401864873576,3,0,0,0,0,1,0
31,7,60.06974792480469,94311,3,2.060024382426762,2,0,1,1,1,0,0
30,14,113.57856750488281,95902,1,1.6673803706357357,1,150,0,0,1,1,0
23,14,61.138092041015625,91517,4,2.0491905787686466,3,0,0,0,0,1,0
57,37,70.0889892578125,90010,2,3.140587737379709,1,0,1,1,1,0,0
24,3,38.2014045715332,94499,3,0.25098952144429315,2,0,0,0,0,1,0
57,33,37.346275329589844,94721,4,0.763896536992794,1,0,0,0,0,0,0
37,14,135.09121704101562,94531,1,2.0851848203504755,1,0,1,0,0,0,0
31,8,70.28952026367188,92989,1,1.108545387382295,3,0,0,0,0,1,0
34,18,117.0002670288086,92065,1,2.135019715892395,1,0,0,1,0,0,0
38,13,46.52549743652344,91541,1,1.5892427935349895,1,0,0,0,0,0,0
61,33,101.99235534667969,94283,4,0.52854746690544,1,223,0,0,0,0,0
49,26,145.35548400878906,91462,2,0.4994160137953425,1,0,0,0,0,0,0
56,26,50.53226089477539,92153,3,0.5438808423260064,3,222,0,0,0,0,0
32,6,55.83672332763672,94442,2,3.8534960833378404,1,0,0,0,0,1,0
58,23,56.46026611328125,94334,2,1.8103842086698783,3,0,0,0,0,0,0
26,14,87.8408203125,90336,1,2.820204933568638,1,197,1,0,0,1,0
52,30,49.933685302734375,92730,4,0.12530849610248618,1,0,0,1,0,0,0
62,29,102.06222534179688,91452,1,1.1914741385723384,1,0,0,0,0,1,0
59,31,100.71212768554688,95446,3,2.1871356038336742,1,0,0,0,0,1,0
46,20,43.097084045410156,91030,1,0.031518566103371226,3,0,1,1,0,1,0
43,17,103.60536193847656,94461,3,1.6284383912881963,2,0,0,0,0,0,0
50,24,84.87649536132812,89990,4,6.692800325418067,1,0,1,0,0,0,0
48,24,48.883506774902344,95825,2,1.3905232097812907,3,229,0,0,0,1,0
39,8,197.67169189453125,92571,1,6.718300843298208,1,0,0,0,0,0,0
60,32,59.75701141357422,94311,1,2.736267765561553,1,0,0,1,0,1,0
65,41,46.288761138916016,91290,3,0.22576290153226314,2,0,0,0,0,1,0
58,34,73.61873626708984,91963,1,1.657010484453355,1,0,0,0,0,1,0
31,-1,62.353248596191406,94365,2,1.540032681586984,3,0,0,0,0,0,0
36,15,55.35103988647461,91844,2,1.2439063069703664,2,126,0,0,0,0,0
62,36,40.758216857910156,90835,3,0.5481598742345766,2,0,1,0,0,0,0
51,29,68.43724822998047,92526,3,1.8423583846533713,1,0,0,0,0,1,0
37,14,23.763084411621094,89925,4,0.5204623522471603,1,110,0,0,0,0,0
53,23,34.658058166503906,94432,1,0.23860990560167367,2,0,0,0,0,1,0
32,9,34.38743209838867,94062,2,0.2316914514274595,2,0,1,1,1,1,0
55,31,80.96114349365234,94599,1,1.2252182976084498,3,0,0,0,0,0,0
52,31,21.01030731201172,94798,2,0.47559811000989644,2,0,1,0,0,1,0
57,28,118.03158569335938,95447,1,2.6088336293596797,1,0,0,0,0,1,0
40,14,103.59629821777344,94540,3,0.7306350796219034,3,0,1,1,1,1,0
52,29,50.42984390258789,95468,1,1.0862656520362617,3,0,0,0,0,1,0
58,40,8.758063316345215,91949,3,1.2591250845506887,3,119,0,0,0,1,0
54,30,61.71403503417969,90848,4,1.2616113027443423,3,0,0,1,0,1,0
55,34,93.77281188964844,91282,1,2.209696166337117,3,0,0,0,0,1,0
30,6,110.65450286865234,94653,4,1.9308931411078794,2,0,0,0,0,1,0
65,39,38.92170715332031,95767,3,0.9051342628566458,3,0,0,1,1,1,0
46,24,46.20338821411133,95313,4,0.5870080809868893,1,0,0,0,0,0,0
31,6,49.07208251953125,91969,2,1.5869160150520174,2,0,0,0,0,0,0
30,8,16.773521423339844,91995,1,1.2426102973855948,2,0,0,0,0,1,0
42,18,88.54357147216797,90051,4,1.1622868684680165,1,0,1,0,0,1,0
55,16,105.27278900146484,91995,1,1.2694064246403582,2,0,0,0,0,1,0
53,27,51.807884216308594,92701,2,0.07264682842778308,1,0,1,0,0,1,0
39,11,55.794593811035156,96367,3,0.23997197989453511,3,158,0,0,0,1,0
31,10,46.102542877197266,92174,3,2.50059921373571,2,0,0,0,0,1,0
45,19,17.234291076660156,96305,2,0.5935769185668287,3,87,1,1,0,1,0
42,26,53.12040710449219,93376,1,0.7104942420344853,2,0,0,0,0,0,0
35,14,145.28053283691406,91434,1,0.34096596051128575,1,0,0,0,0,0,0
31,6,21.38136100769043,92131,2,1.245368859549152,2,0,0,0,0,0,0
65,39,49.62982177734375,91362,3,2.856434425542628,1,0,0,0,0,1,0
45,18,44.60978317260742,95226,3,0.9659268560276544,3,103,0,0,0,1,0
51,20,63.52432632446289,93299,1,0.4048170232428193,2,0,0,0,0,1,0
49,22,69.81672668457031,95799,3,0.6070205643833371,2,0,1,1,0,1,0
30,7,41.02140808105469,92161,2,1.7599504811343034,2,0,0,0,0,0,0
25,0,11.237466812133789,92986,2,0.14449940062239627,1,107,0,0,0,0,0
35,9,15.178936958312988,92780,2,1.544114170104178,1,0,0,0,0,1,0
36,13,109.0277328491211,92784,4,1.9750103797794496,1,227,1,0,0,1,0
36,14,151.05831909179688,91374,4,3.047994574175962,1,0,1,0,1,1,1
44,20,41.28999710083008,93805,2,2.4083490439276685,3,254,0,0,0,1,0
31,13,33.548954010009766,94182,4,0.4525604620975614,1,0,1,0,0,0,0
33,6,59.75371170043945,93061,4,2.6003916250457975,3,0,1,0,0,1,0
59,32,15.109079360961914,92866,4,0.8935826947419283,1,0,0,0,0,1,0
63,38,159.5405731201172,95204,1,1.9563404888376033,1,388,0,0,0,1,0
64,37,61.920101165771484,90143,4,1.2790547351305284,2,0,0,0,0,0,0
61,35,160.66932678222656,92783,1,1.0224373161877534,1,518,0,0,0,0,0
52,16,94.90750885009766,94148,2,7.5518876585512595,1,0,1,0,0,0,0
46,28,95.63290405273438,94913,3,1.177766758216365,1,0,0,0,0,0,0
55,29,21.779468536376953,94807,4,0.6637100456895556,3,0,0,0,0,0,0
41,9,165.17645263671875,92097,2,1.2904438424126747,1,185,0,0,0,0,0
56,33,25.285017013549805,95423,1,0.05518829872703018,3,0,0,0,0,1,0
45,2,76.7150650024414,94409,2,2.363234107022101,2,0,0,0,0,1,0
46,21,126.91213989257812,94399,1,4.018382022272621,1,0,0,0,0,0,0
60,25,23.839946746826172,94408,4,0.5187723343537721,3,137,1,0,0,1,0
31,6,32.97858428955078,96277,4,0.44026344681890106,2,0,0,0,0,0,0
59,31,59.045013427734375,91413,4,2.1069389306444295,1,299,1,0,0,1,0
59,33,16.821529388427734,94451,2,2.40381182341976,3,106,0,0,0,1,0
56,32,89.57019805908203,94555,4,1.477149110832177,2,0,0,0,0,0,0
31,3,50.75474166870117,94287,4,2.8732845901778767,3,0,0,0,0,1,0
42,19,35.33252716064453,95436,2,0.08932940060926009,1,0,1,0,0,1,0
38,10,41.13660430908203,92759,4,1.2445011305778997,1,0,0,0,0,0,0
57,32,74.95413970947266,92265,4,0.9744299361483006,1,0,0,0,0,1,0
53,38,113.31490325927734,92020,1,2.5519037809310063,2,0,0,1,0,1,0
32,10,42.90336990356445,92726,1,0.3013625768205472,3,103,0,0,0,0,0
43,23,146.24862670898438,94655,1,4.580494033607697,1,0,1,0,0,1,0
29,1,126.67621612548828,94303,3,1.4799857692683305,2,0,0,0,0,0,1
30,2,51.08460998535156,94473,3,1.1339899844205634,2,0,1,0,0,0,0
44,17,34.47753143310547,90228,3,1.0602535348105406,3,68,0,0,0,1,0
62,37,84.96834564208984,95389,4,0.34050126192323127,3,131,0,0,0,0,0
27,8,86.36903381347656,93205,2,2.8925454250814817,1,0,0,0,0,0,0
52,8,106.19625091552734,94659,4,0.20709847152048955,2,160,0,0,0,1,0
57,35,41.914493560791016,96174,2,0.47366499573521437,1,0,1,0,0,0,0
54,21,70.95333862304688,95435,2,1.0567476881091333,3,0,0,0,0,0,0
43,20,116.66423797607422,90336,1,1.797396730676568,2,0,1,0,0,0,0
48,32,142.24920654296875,94843,2,3.7752737518220307,3,0,1,0,0,1,0
32,10,49.1624870300293,93061,4,0.9759713912993004,3,0,1,0,0,1,0
63,32,32.0313606262207,95330,1,0.26982507128507566,1,380,0,0,0,1,0
26,2,125.88716888427734,90421,3,6.204936117980593,1,0,0,0,0,0,1
46,20,61.161800384521484,95981,3,1.5072996190157673,3,0,0,1,0,1,0
55,33,92.35134887695312,94653,2,6.576836654496715,1,0,0,1,1,1,0
26,0,74.01886749267578,95363,2,1.4622949270128176,2,0,0,0,0,1,0
26,1,69.67552947998047,90839,4,1.1424504168873844,3,0,0,0,0,0,0
43,26,50.979347229003906,95392,4,2.2357321283434404,2,0,0,0,0,0,0
47,33,131.83877563476562,91970,1,2.0460105303160803,1,221,0,0,0,1,0
33,14,143.52313232421875,92583,3,3.361755726642403,1,0,1,0,1,0,1
51,23,73.16166687011719,90094,3,0.9530829295758636,2,0,0,0,0,1,0
47,16,48.72503662109375,91412,4,1.2849751871110757,3,99,0,1,0,0,0
47,29,56.869483947753906,92168,4,0.1961294843863286,1,0,0,0,0,1,0
48,26,32.09881591796875,94453,4,0.9423389577329178,2,138,0,0,0,1,0
49,31,64.7796401977539,95800,2,1.3617273486893917,2,0,1,0,0,0,0
36,10,79.37731170654297,94631,4,0.771202243601715,1,378,1,0,0,1,0
45,19,87.42066955566406,91695,1,0.10088838683353973,1,0,0,0,0,1,0
37,13,41.90507507324219,92345,2,0.9673253100887387,3,172,0,0,0,0,0
49,15,69.8919906616211,94161,2,2.121416464114696,2,0,1,0,0,1,0
29,5,78.16973114013672,92296,2,0.3633930366287943,1,0,0,0,0,1,0
42,24,132.94888305664062,91751,2,1.6513335644640716,1,0,0,1,0,0,0
41,11,87.42475128173828,95772,3,1.5141280689634862,2,0,0,1,0,1,0
61,39,12.384523391723633,91249,2,3.0465050928251043,3,0,0,1,0,1,0
50,22,61.07408905029297,91973,4,0.30125201508488,1,0,0,0,0,0,0
60,36,35.858360290527344,90630,3,0.23767160591671999,1,0,0,0,0,1,0
40,16,90.76143646240234,94430,2,2.2738867130820277,1,0,1,1,0,1,0
37,34,96.80699157714844,90318,4,1.6885833930060488,3,159,0,0,0,1,0
59,26,37.37117385864258,90187,4,1.3358119829160962,1,0,0,0,0,0,0
60,32,85.2076416015625,92996,3,3.9877462874810776,1,0,1,1,1,0,0
30,4,43.68379211425781,92707,1,1.5483339009153438,2,0,0,0,0,0,0
32,5,14.225083351135254,92076,3,1.0385069759218155,2,0,0,0,0,0,0
40,15,55.152732849121094,94367,3,2.424934903112924,2,145,0,1,0,1,0
43,28,73.95836639404297,92991,2,0.7017980701058574,1,0,1,0,0,0,0
56,28,49.39156723022461,91971,1,0.5002000206935007,2,0,0,1,0,0,0
43,16,51.285614013671875,89806,2,0.47463177089880654,1,0,0,0,0,1,0
42,17,27.170032501220703,95136,4,2.5545215365413942,3,0,1,1,0,0,0
47,21,81.29354858398438,94456,1,4.017239488240248,3,0,1,0,0,1,0
47,4,23.20233917236328,94222,2,0.5594451034275487,3,149,0,0,0,1,0
49,26,29.54883575439453,95267,1,0.27574389793365395,1,0,1,0,0,1,0
42,26,48.12561798095703,95574,4,3.1381692652313133,1,0,1,0,0,1,0
36,10,70.07929992675781,94387,3,2.1815577792878464,2,0,1,0,0,0,0
56,36,45.394222259521484,94357,2,0.6613035015214612,3,101,0,1,0,1,0
57,30,107.956298828125,94466,2,1.9186881951054493,1,0,0,0,0,1,0
56,38,24.897743225097656,92011,4,1.0091542551705939,3,155,0,0,0,0,0
42,24,33.338340759277344,94326,1,0.1402256623566418,1,0,0,0,0,0,0
54,25,24.06144142150879,93209,4,0.22520186112665597,2,0,0,0,0,0,0
60,33,92.4603042602539,94489,3,1.2647766004183287,1,0,0,0,0,1,0
29,2,64.38479614257812,94440,3,1.7142422571245903,2,230,0,0,0,1,0
43,10,86.15877532958984,92057,3,2.0320134785920176,1,0,0,0,0,1,0
56,33,89.02823638916016,94382,2,0.7046043446998838,1,0,1,0,1,1,0
61,26,28.704814910888672,92312,4,0.7528448388319895,2,230,0,1,0,1,0
27,-1,124.19194030761719,94183,2,2.4051304860763105,1,0,0,0,0,1,0
25,0,71.47052001953125,93085,3,0.9444499446626419,3,336,0,0,0,1,0
46,29,75.91084289550781,95751,3,3.322057954458544,1,0,1,0,0,1,0
64,29,81.51887512207031,90335,2,3.593250787768118,3,263,0,1,0,0,0
42,17,24.54627227783203,94091,1,2.1820163846890788,3,0,0,0,0,0,0
36,8,72.2326431274414,94747,3,0.20361007956892593,2,0,0,1,0,1,0
28,3,20.63593292236328,92599,4,0.8720585162205562,2,0,0,0,0,1,0
28,4,38.059226989746094,94042,2,2.3802444579057953,2,166,0,0,0,1,0
34,10,72.2269058227539,95590,4,1.6940302008940307,1,102,1,0,0,1,0
52,22,9.979515075683594,93073,4,0.4559976046966531,1,0,1,0,0,1,0
30,8,86.85826110839844,95835,2,0.852176173350036,1,0,0,0,0,1,0
63,39,84.04598236083984,90962,4,1.8646255698304688,1,0,1,0,0,1,0
61,37,77.85188293457031,92819,4,1.4028153540174122,1,0,0,1,1,1,0
63,39,84.66868591308594,90029,1,1.1313396291041486,1,0,1,0,0,1,0
40,24,161.51942443847656,94746,3,3.8069716405880216,2,620,0,0,0,0,1
59,25,71.34886932373047,90264,2,1.4890490634486062,3,0,1,0,1,1,0
53,25,25.579208374023438,93301,3,0.3725069143850406,1,0,0,0,0,0,0
41,17,40.544395446777344,90506,4,0.6363296377947838,3,0,0,0,0,0,0
39,8,116.49998474121094,92466,2,2.110618480394887,1,101,0,0,0,0,0
44,16,39.155113220214844,95599,3,0.4461167389290135,1,0,0,0,0,0,0
54,18,56.094566345214844,92210,2,1.7143428524127837,3,231,0,0,0,1,0
24,1,101.38053894042969,92093,3,1.2557597761698858,2,127,0,0,0,1,0
58,29,35.53437423706055,95205,1,2.3810980986234607,2,0,0,1,0,0,0
54,23,72.26419830322266,93070,4,2.34580925847668,2,0,0,0,0,0,0
41,6,75.75337219238281,95133,2,8.438510237169865,1,104,0,0,0,1,0
39,9,154.32601928710938,91446,2,3.297954973185134,2,0,0,0,0,0,0
61,35,73.6870346069336,94028,1,1.6326753446238347,2,0,0,0,0,0,0
62,40,90.10346984863281,94269,2,1.295739452243539,2,317,0,0,0,0,1
61,35,208.2361602783203,91743,1,4.554263979454052,1,0,0,0,0,0,0
30,7,82.90335083007812,90760,2,0.10759862519737798,1,0,0,1,0,0,0
42,17,83.03352355957031,92959,1,1.5497551108390097,1,208,0,0,0,1,0
23,8,87.33876037597656,93134,1,2.803199193523362,3,0,0,0,0,0,0
56,35,92.29661560058594,91014,1,3.8660344936212647,1,0,0,0,0,0,0
29,9,101.93425750732422,91616,2,1.624080792857268,1,0,1,0,0,1,0
33,5,57.08350372314453,92359,1,0.5660905039142412,1,0,0,1,0,1,0
34,8,123.4155502319336,94145,2,1.5696281099299771,1,0,1,0,0,1,0
66,38,56.34246826171875,92148,3,0.7969052190247572,1,105,0,0,0,0,0
49,20,196.17620849609375,95846,2,6.105563782752998,1,326,0,0,0,1,0
31,8,78.02218627929688,95298,2,2.6046502749874874,1,0,1,0,0,1,0
45,13,111.57604217529297,91367,4,1.5493468076610284,3,375,0,0,0,0,0
60,37,33.739906311035156,94382,2,0.3627886830473607,1,0,0,0,0,1,0
40,11,53.21108627319336,91845,3,0.3508038279217487,1,0,1,0,0,0,0
56,33,129.38258361816406,95463,2,1.516829107825131,1,302,1,1,0,1,0
43,31,70.21255493164062,95615,1,0.9349407441181056,1,0,1,0,0,1,0
29,5,33.4796257019043,92595,4,0.6149830712579374,3,0,0,0,0,1,0
60,35,37.45941162109375,94391,4,2.5413931920867894,2,131,1,0,0,1,0
39,10,82.3916015625,91331,3,1.5586698550678681,2,0,0,0,0,0,0
33,8,105.20067596435547,95430,1,0.7345131656672776,2,0,0,0,0,0,0
33,14,147.9716339111328,93447,2,3.170181153136772,1,0,0,0,0,0,0
55,30,51.02295684814453,96022,1,0.13196873193310582,3,0,1,0,0,1,0
41,7,51.08819580078125,94181,4,0.05439371676050975,2,0,1,0,0,0,0
52,20,55.630611419677734,94328,3,1.4820789491824737,1,0,1,0,0,0,0
43,13,44.59150695800781,91122,4,1.1335585986034165,2,0,0,0,0,0,0
42,20,24.455507278442383,94345,1,1.6190679391914027,3,83,1,1,1,0,0
47,20,59.63444137573242,91553,2,1.3890058042132205,3,0,1,0,0,1,0
63,35,25.064861297607422,94109,2,0.5199900947745407,2,0,0,0,0,0,0
44,16,21.530576705932617,96018,4,2.7665831036324158,2,0,0,0,0,1,0
63,40,75.69561004638672,91918,3,1.4677874011335925,3,0,1,0,0,1,0
40,14,111.42383575439453,94768,1,2.4813204552102675,1,0,0,0,0,1,0
39,15,81.63587951660156,92751,1,0.49338596097194276,3,0,0,0,0,1,1
32,13,33.400394439697266,94845,2,2.247726594442021,3,0,1,0,0,1,0
64,34,41.4365348815918,92947,1,0.8009386491953676,3,0,1,0,0,1,0
64,31,67.33645629882812,94926,1,0.6489470297337052,2,99,0,0,0,1,0
43,20,79.47026824951172,92377,2,0.3191909155664707,1,125,0,0,0,1,0
27,18,57.6038818359375,93348,1,2.3171739644831493,3,0,0,0,0,1,0
57,34,93.35752868652344,96340,2,1.238818992644915,1,0,1,0,0,1,0
54,27,68.2143783569336,94768,1,0.5756984538692319,1,0,0,0,0,0,0
48,10,106.48196411132812,90491,4,4.108148506692962,2,0,0,0,0,0,1
46,28,53.282814025878906,91915,2,0.3739120245604759,3,0,1,0,0,0,0
59,26,97.43424224853516,90352,1,0.643423828724625,1,0,0,0,0,0,0
42,8,127.87840270996094,94526,3,3.089923151900717,2,0,1,0,0,0,1
41,15,47.38923645019531,94012,2,2.1532424281480336,3,0,0,0,0,1,0
48,23,56.10356521606445,95422,1,2.6903917575755694,1,0,1,0,1,1,0
56,26,25.17926597595215,91441,3,0.23392702313828173,3,155,0,0,0,1,0
29,-1,21.923097610473633,94895,4,0.2268443968020581,2,0,0,1,0,1,0
59,29,120.93070220947266,94576,2,3.4000284198442925,1,0,0,0,0,1,0
58,37,20.794252395629883,94334,1,1.497139053947086,3,0,1,0,0,0,0
43,22,27.51752471923828,94501,1,0.1300465063913139,3,0,1,0,0,0,0
39,8,55.70394515991211,94115,2,2.2546070645217475,1,0,0,0,0,0,0
31,14,29.14751434326172,95311,3,0.8585019730838228,2,0,0,0,0,0,0
52,18,76.03482818603516,94609,2,0.18292868536776002,2,0,0,1,0,0,0
54,25,170.92880249023438,94533,1,3.3115163295497987,1,0,0,1,1,0,1
31,4,52.99254608154297,94411,1,1.5082729351867035,3,155,0,1,0,0,0
32,9,40.15858840942383,94574,3,0.33304295883117935,1,0,0,0,0,1,0
63,36,50.61372756958008,95396,3,4.292310177969007,1,0,1,0,0,1,0
52,16,54.748443603515625,95538,3,0.36831643769615513,1,316,1,0,0,1,0
36,14,49.224510192871094,94347,1,2.1133831613986356,3,0,0,0,0,1,0
53,26,85.61389923095703,90184,1,0.9047496507963632,3,0,0,1,0,0,0
65,29,32.612525939941406,91776,2,0.8219858042535365,1,0,1,0,0,1,0
48,30,48.73844528198242,92785,4,0.1959232027713637,1,0,0,0,0,0,0
26,20,39.737693786621094,93339,4,0.1746251859931559,1,0,1,0,0,0,0
63,30,208.95269775390625,90267,1,8.202608837791319,1,0,1,0,0,0,0
41,11,36.14918518066406,91686,1,0.26319366603723265,2,0,0,0,0,1,0
42,11,131.63058471679688,90355,2,6.570194310692117,1,0,0,1,0,1,0
33,13,17.43323516845703,95653,4,0.20867629742048083,1,0,0,0,0,1,0
34,20,97.30450439453125,95460,1,0.15893860569942478,1,0,0,1,0,1,0
63,39,71.75767517089844,95109,2,2.402905352950189,1,0,0,0,0,1,0
34,6,24.318740844726562,95051,2,0.33784864967828715,2,83,0,0,0,1,0
28,2,39.50257873535156,90767,2,0.11004715522267572,2,0,1,0,0,0,0
32,8,26.450908660888672,94715,1,1.1463828475151079,3,0,1,0,0,0,0
54,33,44.40927505493164,92069,4,1.4232240503705356,2,0,0,0,0,0,0
40,18,11.29792594909668,96248,3,0.3832969360047362,2,0,0,0,0,1,0
30,9,38.481685638427734,94981,1,1.8629240049123852,1,0,1,0,0,0,0
61,38,48.446983337402344,95635,2,1.1585492684289604,3,0,1,0,0,1,0
55,20,63.28919982910156,95101,2,1.4125844268582581,3,0,1,0,0,1,0
35,13,55.953121185302734,94439,1,1.7663594989585216,2,0,0,0,0,0,0
62,31,29.29859161376953,95217,4,2.188775995127145,2,0,0,0,0,0,0
26,3,109.44178771972656,92343,4,1.8024238804259847,2,0,0,0,0,0,1
33,8,119.59326171875,94961,1,8.15139999811627,1,0,0,1,0,1,0
47,22,74.16740417480469,91668,2,0.42033219481509404,3,0,0,0,0,1,0
29,8,49.381805419921875,94100,3,1.512959185344605,1,0,0,0,0,1,0
30,14,31.437610626220703,92019,1,0.7277358946560277,3,0,0,0,0,1,0
28,-2,73.67731475830078,91872,4,3.1856045712195935,1,0,0,0,0,1,0
31,8,64.65013122558594,93968,2,1.0634215349890885,1,0,0,0,0,0,0
46,26,141.1754608154297,91682,1,4.220376710967627,3,184,0,0,0,0,0
37,16,42.79718017578125,94529,2,2.777920712440481,3,0,0,1,0,1,0
49,17,87.38623809814453,95378,1,0.21721623254361944,2,0,0,0,0,1,0
64,33,23.307518005371094,94553,3,2.436353550910671,1,129,0,0,0,0,0
46,29,129.12640380859375,94828,1,1.5663469594140398,1,397,0,0,0,0,0
64,40,54.8468132019043,90726,3,1.9822948311929063,2,0,1,0,0,0,0
51,15,143.14108276367188,95023,2,4.245196907025959,1,449,0,0,0,0,0
58,32,44.447357177734375,94796,2,0.40568586801802314,2,84,1,0,1,1,0
48,14,43.221282958984375,90330,4,2.1534320317167457,2,0,0,0,0,1,0
53,27,113.2959976196289,92881,1,4.021600481145066,3,0,1,1,1,1,0
56,30,29.435853958129883,90810,4,1.3109795909886037,1,0,0,0,0,0,0
28,3,54.19961166381836,92352,1,1.7515191499423068,1,0,0,1,0,1,0
33,6,137.19444274902344,91067,2,2.431721427889524,3,235,0,0,0,0,1
65,41,137.66969299316406,91898,1,1.462739140754979,1,0,0,0,0,1,0
27,2,35.59168243408203,95795,3,0.33475548698193536,2,0,0,0,0,1,0
56,34,142.7550048828125,93976,2,2.268146694740894,1,0,0,0,0,0,0
61,37,176.4735107421875,90449,2,7.057392065150201,1,141,1,0,0,1,0
51,21,123.63262176513672,92865,2,0.784686230631925,1,0,1,0,0,1,0
43,14,106.4173583984375,92886,4,2.1727133017002416,1,0,0,0,0,1,0
46,14,113.60274505615234,95354,3,5.920190111098735,1,0,1,0,0,0,1
31,7,91.20895385742188,90403,3,2.929332377943079,2,0,0,0,0,1,0
49,21,32.37781524658203,96084,1,1.1184985943148107,1,0,0,0,0,0,0
64,34,46.68157958984375,92977,1,4.183102109493025,2,0,0,1,0,1,0
40,15,75.96217346191406,92836,1,2.7816368242696123,3,0,0,0,0,1,0
43,30,40.460601806640625,92100,2,0.49653222612412473,1,0,0,0,0,0,0
45,17,106.28660583496094,92881,1,1.694467395162985,1,0,0,0,0,0,0
42,34,50.12282943725586,96366,2,1.943086702494055,2,0,0,0,0,1,0
34,12,32.799835205078125,92119,1,0.9276943323050214,3,0,0,0,0,0,0
40,25,185.052734375,92130,1,3.336737943877277,1,0,0,0,0,1,0
42,19,28.55055809020996,95596,4,0.24184804177965866,3,103,0,0,0,0,0
40,17,30.071060180664062,94517,2,0.8124498610698317,3,0,1,0,0,0,0
57,32,34.8636589050293,89968,2,0.5356878696269783,2,101,0,1,0,0,0
50,25,58.27839660644531,94336,4,0.9037238754494251,3,0,0,0,0,1,0
50,32,124.44209289550781,94118,2,1.93796856429827,3,0,0,0,0,0,0
40,22,55.50099563598633,89938,1,1.0006973473558496,2,0,0,0,0,1,0
33,11,99.88694763183594,94946,3,5.853479814656915,1,91,1,0,0,0,0
33,16,56.948951721191406,94644,3,0.21512717776329382,2,0,0,0,0,0,0
60,10,122.74272918701172,95237,3,4.508314706417766,2,242,1,0,1,1,1
60,35,14.926897048950195,90460,2,0.4709525113505013,2,0,1,0,0,1,0
60,23,66.06048583984375,90372,1,0.48107301187438645,3,299,0,0,0,1,0
31,4,71.95310974121094,91997,2,1.9433430932571212,2,0,0,0,0,0,0
26,-3,45.18892288208008,93077,1,0.6619243288776069,3,239,0,0,0,1,0
65,40,36.432945251464844,94562,4,1.4622846109829306,3,155,0,0,0,0,0
43,10,98.76333618164062,91214,4,1.7294979606290095,1,0,0,0,0,1,0
57,34,34.28511047363281,92762,2,0.8001232842000139,2,0,0,0,0,1,0
30,7,24.895729064941406,95921,3,0.4924095230712235,3,103,0,0,0,1,0
31,11,70.24998474121094,93772,2,3.018446864882333,1,0,0,0,0,0,0
50,21,96.17029571533203,92069,2,1.257474949433814,1,0,0,0,0,0,0
47,27,100.32872772216797,94112,2,1.8990083909023445,1,0,0,0,0,0,0
40,14,42.995361328125,94835,4,1.5911691917809043,1,0,0,0,0,1,0
64,37,76.3124771118164,96316,1,2.3077782416075765,3,0,0,0,0,0,0
55,39,25.143339157104492,94834,1,0.2646844624803809,2,133,0,0,0,0,0
57,28,68.52262115478516,92069,2,0.7231438613419011,3,0,0,1,0,0,0
44,34,146.6856689453125,91994,1,0.46961012763570265,1,0,0,0,0,0,0
62,39,49.2491340637207,96147,3,1.1661488603444523,2,0,0,0,0,0,0
45,21,104.55062866210938,93405,2,6.07430594866762,1,0,0,0,0,0,0
27,2,216.8411865234375,94624,2,3.1393924138904645,1,0,0,0,0,0,0
33,8,74.84698486328125,95737,2,2.3367344959326166,2,101,0,0,0,0,0
51,20,102.74156951904297,90526,1,0.7545543368024119,3,124,0,0,0,0,0
56,36,77.09317016601562,91037,3,3.5549652944563315,1,337,1,0,0,1,0
50,26,102.83796691894531,90173,1,2.8728905071258724,1,0,0,0,0,1,1
43,12,90.96900177001953,90278,3,1.674112242061521,3,0,0,0,0,0,0
53,20,105.77806091308594,94309,2,2.1001404317860675,1,0,0,0,0,0,0
37,17,61.467037200927734,94597,1,0.5770511861370428,2,0,0,0,0,1,0
54,27,37.82939147949219,95364,1,0.7583358776918185,1,0,0,0,0,1,0
46,16,41.953617095947266,94316,3,1.3038256710216483,2,119,0,0,0,0,0
62,36,86.89903259277344,94572,2,0.09318058555834904,2,229,0,0,0,0,0
44,11,120.8209457397461,92224,2,2.4012489533195747,1,0,0,1,0,1,0
62,32,81.53661346435547,90497,1,2.298801888265108,3,114,0,0,0,0,0
28,3,123.21062469482422,90236,2,2.133247242949049,1,0,1,0,0,0,0
66,36,34.547264099121094,92221,1,1.971185194713009,1,0,0,0,0,0,0
48,24,156.90382385253906,95136,3,0.40796238345460023,2,0,0,0,0,0,1
42,9,63.706302642822266,90298,1,1.3321252886128998,2,158,0,0,0,1,0
51,15,17.17894172668457,90743,4,0.6425696148728417,3,0,0,0,0,1,0
61,33,83.85298919677734,90387,2,1.0177133796696471,2,381,1,0,0,0,0
32,4,53.55793762207031,95024,2,2.2837876894473754,2,228,0,0,0,1,0
36,12,63.94586944580078,94584,4,1.527182305393787,1,0,0,0,0,1,0
39,14,94.40424346923828,94213,4,0.9955358870333776,3,0,0,0,0,0,0
32,14,34.02262878417969,94235,4,0.3483169092455828,2,0,1,0,0,0,0
34,13,38.12180709838867,91092,3,0.3273665414020973,1,102,0,0,0,1,0
61,40,33.082061767578125,94499,4,0.5135489376152638,1,0,1,0,0,1,0
59,33,103.72323608398438,90146,1,2.016584478536749,1,156,0,0,0,0,0
60,35,22.1563663482666,92910,1,1.8228754658783426,3,0,0,0,0,1,0
36,11,86.60773468017578,95121,2,0.3363422826623104,1,0,1,0,0,0,0
36,10,23.906211853027344,90492,4,1.1619629501252167,3,0,1,0,0,1,0
64,37,44.50410461425781,92027,3,1.2524339827131352,1,0,0,1,0,1,0
43,20,42.62630844116211,95491,1,2.5905062516617905,3,0,1,0,0,0,0
58,37,50.86065673828125,90309,1,0.47883086290754223,1,0,0,0,0,1,0
56,20,51.8060188293457,95639,1,1.9674393380386817,1,0,0,0,0,0,0
41,21,42.662235260009766,94147,2,0.7623983834393192,1,0,1,0,0,1,0
52,33,113.30803680419922,92715,1,3.380245233465304,1,399,0,0,0,1,0
59,37,57.971710205078125,93830,2,1.0880738490256467,2,0,1,0,0,0,0
59,34,120.7421646118164,94769,2,0.4184142284106719,1,0,1,0,0,1,0
53,28,66.64901733398438,92236,2,2.9329643532469967,3,0,0,0,0,1,1
58,30,66.25650024414062,95774,1,4.215368990855557,1,0,1,0,0,0,0
57,34,41.32304763793945,94004,3,1.4353665670698554,1,0,0,0,0,1,0
34,36,28.385066986083984,92291,2,0.35935564722257574,3,0,0,0,0,0,0
40,14,43.70804214477539,89903,4,2.488954752696705,1,0,1,0,0,0,0
61,39,30.785478591918945,90402,2,0.14678245455120456,1,100,0,0,0,1,0
44,21,13.205080032348633,95546,3,1.4101297932373995,2,0,0,0,0,1,0
54,34,35.81155014038086,91159,2,0.26725842979306447,1,79,1,0,0,1,0
57,17,47.13749313354492,93897,4,2.1143821166649284,1,0,0,0,0,1,0
61,40,51.6442756652832,95911,4,1.4253094120828513,3,0,0,0,0,1,0
41,17,93.60172271728516,94785,2,0.6675254685714171,3,153,0,0,0,0,0
34,11,146.5433807373047,95345,1,4.444986489487527,1,0,1,0,0,1,0
59,37,83.63739013671875,90233,4,1.7758123137712816,1,0,1,0,0,0,0
48,13,52.87984848022461,91915,3,0.5051725248824905,2,0,0,0,0,1,0
30,13,42.31489944458008,92099,4,0.6776265065083072,2,0,0,0,0,0,0
36,9,40.15161895751953,92616,4,1.2050323998822468,3,150,0,0,0,1,0
59,40,57.28687286376953,94995,3,0.8733030490001463,1,98,1,1,0,0,0
61,40,46.99212646484375,91983,3,1.8942075279039174,1,0,0,0,0,1,0
32,5,42.5385627746582,93808,4,1.9840482460700761,3,107,0,0,0,1,0
37,34,202.0769500732422,90377,1,7.481671726285804,1,312,0,0,0,1,0
58,35,51.77874755859375,91845,1,2.113807922807353,1,0,1,0,0,1,0
39,22,182.5242156982422,92318,2,4.2596501838472935,1,0,0,0,0,1,0
49,30,19.103805541992188,92629,4,0.701985406308359,2,0,0,0,0,1,0
36,12,67.30998992919922,95285,2,1.5536044679912828,2,249,1,0,0,0,0
59,36,41.40471649169922,90167,4,0.4733766636698874,1,0,0,0,0,0,0
31,8,175.85569763183594,91135,4,4.440353269217541,3,0,1,0,1,1,1
33,14,19.431791305541992,94583,4,0.01513232307877288,1,0,0,0,0,1,0
42,18,22.985065460205078,91924,3,1.1799321726628307,2,0,0,0,0,1,0
43,11,24.029653549194336,90223,4,0.11276210637709391,1,102,0,0,0,0,0
64,36,52.92689895629883,90717,1,1.0956849309502141,1,0,0,1,0,1,1
52,32,106.40834045410156,93977,1,2.225336669371107,3,0,0,0,0,1,0
30,3,66.35494995117188,92715,4,4.014245473233729,3,0,1,0,0,0,0
44,18,35.37773895263672,92334,1,0.3063155701615235,1,0,0,1,0,1,0
40,12,55.42975616455078,94376,2,0.2904616745351027,3,0,0,0,0,1,0
47,30,94.3489761352539,93078,1,3.503954600992969,3,0,0,0,0,0,1
51,18,48.86484146118164,90274,4,1.5182472247278227,2,144,0,0,0,1,0
49,20,36.75712585449219,95366,3,0.374269584908973,3,0,0,0,0,1,0
62,33,41.82735061645508,94573,2,0.1453940929926284,1,0,0,0,0,0,0
35,8,70.49455261230469,95973,2,0.1301157987791032,1,0,0,0,0,1,0
47,20,29.35045051574707,92672,3,0.7055276860475468,3,0,0,0,0,1,0
40,12,49.584415435791016,94366,3,5.474360181785893,1,0,0,1,0,0,1
64,40,181.99252319335938,90209,2,5.313213132210098,1,389,0,0,0,1,0
25,10,21.846153259277344,90632,1,0.6318438102135661,1,0,0,0,0,1,0
47,25,17.56011962890625,92071,2,0.4125103346226344,3,108,0,1,0,0,0
34,13,88.89301300048828,92086,2,1.2009075365807935,3,0,0,0,0,1,0
54,26,120.89379119873047,93902,2,0.38645836122854915,1,0,1,0,0,1,0
60,40,19.71792221069336,95607,2,1.6624665308741624,3,0,0,0,0,1,0
29,6,76.50116729736328,94363,1,2.195745943255279,1,0,1,0,0,1,0
31,8,22.671924591064453,94630,1,1.8772145912974632,3,0,0,0,0,0,0
42,23,27.35019302368164,91706,3,0.5814326461136581,3,101,0,1,0,0,0
47,17,83.22086334228516,90167,1,1.9635560124307632,1,149,0,0,0,1,0
30,1,100.16295623779297,94716,3,0.779813996797689,1,0,0,0,0,1,0
63,36,66.90223693847656,92169,1,0.3958318262052533,1,0,0,0,0,0,0
39,10,144.9639892578125,91277,1,4.5175494704747505,2,0,1,0,0,0,1
38,8,132.60040283203125,93867,2,1.2610658270526351,1,336,0,0,0,0,0
66,42,48.330223083496094,91844,4,1.7327145089823448,2,0,0,0,0,0,0
29,7,87.54444885253906,94553,3,2.1493608181806687,2,0,1,0,0,0,1
32,3,25.81102180480957,95335,4,0.9329433492329902,1,0,1,0,0,0,0
55,34,35.21502685546875,90127,1,0.268482556341602,1,0,0,0,0,0,0
54,25,188.36265563964844,94439,2,1.857297147641991,1,0,0,1,0,0,0
66,41,165.73805236816406,94464,4,1.6041677516237514,2,0,1,0,1,1,1
31,20,167.29067993164062,92677,2,0.2835192849118596,1,0,1,0,0,0,0
35,8,37.515174865722656,94395,3,1.543666009793682,2,163,0,0,0,1,0
41,17,161.00526428222656,96038,2,6.483646267408247,1,0,0,0,0,1,0
34,13,131.85836791992188,92075,3,2.630098054357035,2,0,0,0,0,0,0
46,32,57.759395599365234,94304,1,1.7149514506147658,1,347,0,0,0,0,0
62,36,84.87641906738281,89948,3,1.1464031798355148,2,171,1,0,0,1,0
60,36,75.25955963134766,93910,3,1.468122834463748,2,0,1,0,0,0,0
50,23,17.701881408691406,94858,4,0.17194298945335748,1,0,0,0,0,1,0
51,29,30.423362731933594,93528,3,0.5456520903486539,2,0,0,0,0,1,0
27,2,37.12286376953125,93211,4,0.2471114368516174,3,0,0,0,0,0,0
38,13,49.21329879760742,91987,4,1.892811341931591,3,0,0,0,0,0,0
47,7,29.274065017700195,92223,1,0.572133369330285,1,333,0,0,0,1,0
42,22,63.004539489746094,91358,3,1.5941667727898128,3,0,1,0,0,1,0
55,32,20.645294189453125,94565,1,0.9543426886095979,3,123,0,0,0,0,0
63,22,53.60154342651367,90132,4,2.37274154073935,1,0,0,0,0,0,0
27,3,63.336524963378906,95051,2,1.869030607529092,1,0,0,0,0,0,0
55,27,160.35813903808594,94399,3,3.383663836263759,2,0,0,0,1,1,1
56,32,59.99208450317383,91703,4,1.095853484387692,1,0,0,0,0,1,0
52,25,64.33428192138672,92596,3,0.5284227272925354,2,0,0,1,0,0,0
41,15,121.16387176513672,91830,1,0.3184511476899528,1,223,0,0,0,1,0
38,18,72.61502075195312,91842,2,0.8385352429117623,3,0,0,0,0,0,0
26,1,37.951541900634766,92923,2,1.9261890065010694,2,112,0,0,0,1,0
39,12,22.66925811767578,92292,1,1.9316178356161602,2,0,0,0,0,1,0
33,9,62.44219207763672,91402,3,2.346875117734717,2,0,0,0,0,1,0
53,28,93.72828674316406,94354,1,2.311839895907247,1,0,1,0,0,1,0
61,38,24.273080825805664,93346,4,0.20493149973144134,2,0,0,0,0,1,0
53,20,133.09706115722656,90668,3,5.389963098234923,1,0,0,0,0,1,0
40,16,46.195621490478516,94625,1,0.5125067447499803,3,0,0,0,0,1,0
63,37,51.40898895263672,95696,3,0.6004221049774493,3,0,0,0,0,1,0
48,22,33.227149963378906,92930,1,0.16151113769564232,3,0,0,0,0,0,0
36,9,96.93247985839844,90141,1,1.2137715509151974,1,173,0,1,0,1,0
59,34,56.00849914550781,94506,4,1.5964536093134352,1,161,0,0,0,0,0
26,7,130.56024169921875,94476,3,2.043123007201098,3,0,0,0,0,0,0
53,22,33.329689025878906,91418,3,0.21768111022384162,3,0,1,0,0,1,0
47,16,100.71104431152344,91272,2,2.2192341471253565,1,0,0,0,0,1,0
57,32,79.54690551757812,94549,3,2.9504007262369987,1,0,0,0,0,0,0
60,34,48.56779098510742,91021,2,0.7155430532457573,3,197,1,0,0,1,0
43,18,42.72118377685547,95054,2,0.8342405269783685,1,0,0,0,0,1,0
61,35,51.19643783569336,95113,4,1.3317010075386557,3,0,0,0,0,0,0
57,25,47.97239303588867,94744,4,2.095272044239228,2,0,0,0,0,0,0
32,21,48.619964599609375,91564,2,2.416284804218941,3,0,1,0,0,0,0
35,4,72.2237777709961,91006,2,1.3403026031803513,3,0,0,0,0,0,0
51,24,23.01613998413086,94770,2,2.080522034458122,2,101,1,0,0,0,0
58,22,35.994537353515625,92643,4,1.7550915686117659,2,0,0,1,0,0,0
45,18,187.87368774414062,91417,1,4.040095415560303,1,0,1,0,0,1,0
56,22,32.307281494140625,94857,1,2.513474270683205,1,0,0,0,0,1,0
30,6,79.14886474609375,92954,4,0.4947473650893379,3,0,0,0,0,1,0
35,12,133.21551513671875,95602,1,3.837370228363006,1,0,0,0,0,0,0
36,23,35.295196533203125,92671,4,0.5984474347874783,2,0,1,0,0,0,0
66,39,144.00779724121094,94506,2,1.2118992496283387,1,0,1,0,0,0,0
34,16,115.9156494140625,91509,2,2.6009426322676585,1,0,0,0,0,1,0
55,33,10.615861892700195,95294,4,0.4027239766243659,2,0,0,0,0,1,0
60,30,39.441688537597656,96094,3,1.9899234124278986,2,0,1,0,0,0,0
25,0,156.8521728515625,89976,2,1.613388640020892,1,0,0,0,0,1,0
43,16,85.47245025634766,92106,4,2.1305030240282727,1,98,0,0,0,0,0
41,15,77.3030014038086,92106,2,1.4860397551369569,3,137,0,0,0,1,0
36,7,183.7498779296875,94454,2,6.334706751749387,1,0,1,0,0,0,0
67,36,33.38994598388672,94657,3,1.1124258098071147,2,0,0,0,0,0,0
55,26,71.60957336425781,94613,1,0.418967813490617,1,0,1,0,0,0,0
30,5,95.39989471435547,92176,2,2.2343592976174094,1,314,1,0,0,0,0
25,0,63.35281753540039,94059,4,1.9054310271052,3,0,0,0,0,0,0
35,9,40.81817626953125,91921,3,0.2710906179474935,2,0,0,0,0,0,0
52,27,39.5722541809082,91478,2,0.49819605395017946,3,373,0,0,0,1,0
33,12,128.5289306640625,91179,1,0.36885710523612464,1,0,0,0,0,0,0
55,22,27.87793731689453,89832,2,1.9131774329740308,3,0,0,0,0,0,0
57,32,25.849285125732422,93034,4,0.6384711233817534,2,0,0,0,0,0,0
64,37,110.63024139404297,94227,1,2.068445035403803,1,0,1,0,0,0,0
61,37,51.06993865966797,92297,2,0.8950250528302155,1,129,0,0,0,1,0
34,12,118.36136627197266,94257,2,0.8615038618326987,1,167,0,1,0,1,0
34,7,124.06144714355469,91239,2,0.5025891387921539,1,0,1,0,0,1,0
27,17,57.64039611816406,95302,4,2.235950093949986,2,0,1,0,0,1,0
50,19,25.49005126953125,95337,4,0.41104981307289706,2,0,0,0,0,1,0
47,11,21.405107498168945,94651,3,1.5766074911382115,1,0,0,0,0,1,0
49,28,73.09085083007812,94542,2,0.5143800435854503,1,0,1,0,0,1,0
37,2,43.23744201660156,90211,2,2.4853621337167295,1,261,1,1,1,1,0
59,34,29.973020553588867,90371,4,0.6309730007337934,2,102,1,0,0,1,0
34,6,87.12123107910156,94844,2,2.784557799390697,3,0,0,0,0,0,0
46,28,55.17033386230469,92127,4,0.520822118260111,1,0,0,0,0,0,0
54,36,28.245834350585938,93387,4,2.3120382734117593,2,0,0,0,0,1,0
53,22,17.02188491821289,92753,1,1.293131579800217,2,0,0,0,0,1,0
40,10,76.44934844970703,94846,1,1.4712186770394293,2,0,0,1,0,0,0
66,37,32.37830352783203,92846,4,0.12561766779589872,1,0,1,0,0,1,0
28,2,51.50923156738281,94368,3,0.1534770891029053,3,200,0,0,0,1,0
47,29,19.819427490234375,91355,2,0.5572357129607408,2,127,0,0,0,1,0
59,30,83.58062744140625,92053,1,1.5052999328059038,3,0,0,0,0,0,0
61,29,188.31529235839844,90429,2,4.441955650735189,1,0,0,0,0,0,0
60,30,69.072509765625,90338,2,2.2924406141936475,1,126,1,0,0,1,0
27,4,73.3727798461914,93317,2,1.4430706181548099,3,0,1,0,0,1,0
58,36,136.6572265625,94670,4,6.2604689695428375,2,0,0,1,0,0,1
44,19,33.741172790527344,95924,4,2.411973331632768,1,0,0,0,0,1,0
54,31,88.23432159423828,95289,1,0.9491658339194768,1,0,0,0,0,1,0
42,15,119.82366943359375,95539,2,2.5077539444433805,3,452,0,0,0,0,1
63,34,202.9457550048828,90849,3,5.003413633299962,1,0,0,0,0,0,0
33,14,27.573265075683594,91268,2,2.109575096520334,1,0,0,0,0,1,0
27,0,51.2257080078125,94624,1,1.7662185058893771,2,0,0,0,0,0,0
29,4,50.986297607421875,90113,1,1.9763971180865305,2,0,1,0,0,1,0
34,2,32.02021789550781,92799,1,0.5026228958081775,3,256,0,1,0,1,0
41,25,37.29840850830078,94275,3,0.40019518275594673,3,0,0,0,0,1,0
39,6,68.22052001953125,96040,3,1.1145362891006076,1,0,0,0,0,1,0
55,19,86.90534973144531,94616,1,1.519477854656343,1,138,1,0,0,0,0
28,4,76.20890808105469,92458,2,1.9056080453413344,1,164,0,0,0,1,0
38,15,69.86358642578125,94800,3,1.6184828736650636,2,267,0,0,0,1,0
55,30,67.17874145507812,92937,2,0.12458569313858026,1,151,1,1,1,1,0
42,22,115.33322143554688,91820,3,1.0148082557663733,1,0,0,0,0,0,0
52,24,65.53614807128906,90336,4,1.6955453396831366,2,0,0,0,0,1,0
29,12,38.969573974609375,93307,3,3.7221748406301254,1,0,0,0,0,0,0
42,2,187.4396514892578,94335,4,2.69814298246613,1,352,0,0,0,1,1
36,11,18.70341682434082,96168,3,0.20819024778981665,1,0,1,0,0,0,0
39,19,42.88136291503906,95972,1,0.5697126287758739,1,0,0,1,0,1,0
32,8,44.70686340332031,93010,2,2.485719569420591,3,0,0,0,0,1,0
45,27,44.758670806884766,95786,3,1.289754056733436,1,149,0,1,1,1,0
32,5,28.69025421142578,94723,1,1.620958251755096,3,0,0,0,0,1,0
50,36,27.680072784423828,94349,3,2.701525298690365,3,0,0,0,0,1,0
49,31,78.44104766845703,93194,1,0.17925560269510546,1,0,0,0,0,1,0
31,5,24.611804962158203,91340,3,0.37994365526341045,2,0,0,0,0,1,0
26,2,93.24970245361328,95949,1,2.0653415839525784,1,239,0,0,0,0,0
60,34,45.151039123535156,91848,3,1.173874043054793,2,0,1,0,0,1,0
49,33,83.90978240966797,92191,4,2.270921027073306,3,0,0,0,0,1,0
30,11,29.532548904418945,94883,3,1.1525608693139697,1,0,0,0,0,0,0
51,25,210.12071228027344,90294,2,9.914535829665368,1,0,0,0,0,1,0
52,16,110.75267791748047,95044,3,2.091756215598474,2,0,0,0,0,1,0
65,40,35.94779586791992,91057,1,1.597977384343058,2,157,1,0,0,1,0
57,31,97.96037292480469,95505,3,1.4926157371135276,2,0,1,0,0,1,0
61,37,41.748023986816406,94593,3,1.1028189776719137,2,0,0,0,0,1,0
63,39,60.441104888916016,91721,4,1.6614059967919468,2,0,0,0,0,0,0
43,15,113.87073516845703,90251,2,0.29558617264127235,1,0,0,0,0,0,0
29,0,147.07864379882812,89891,1,3.463262455124666,1,370,0,0,0,0,0
31,4,63.988922119140625,94544,4,1.262795772810317,3,126,1,0,0,0,0
29,6,43.79787826538086,91864,2,2.240009648681037,3,0,0,0,0,1,0
37,10,23.55154800415039,93950,4,1.7151808464603535,3,151,1,0,0,1,0
47,16,41.98246383666992,91932,2,2.2375224672519765,3,0,1,0,0,0,0
38,5,63.739383697509766,91894,2,1.4122148731968052,3,0,0,0,0,0,0
53,20,83.13667297363281,94615,1,1.6022677412426156,1,199,0,0,0,1,0
44,20,140.5204620361328,94451,1,2.1369410766659294,1,0,1,0,0,1,0
56,30,12.915864944458008,93602,3,0.5852623969366497,2,0,0,0,0,0,0
49,21,39.642208099365234,95286,4,2.693001373898784,1,0,1,0,0,0,0
63,38,186.78140258789062,94161,2,3.0942524896010957,1,0,0,0,0,1,0
59,39,74.75654602050781,92294,1,1.1828343959696892,2,0,0,0,0,0,0
54,24,67.21727752685547,95225,4,1.7173028872165856,2,0,1,0,0,0,0
49,24,147.45347595214844,91712,2,0.6823698806344956,1,180,0,0,0,1,0
31,5,76.36705017089844,92086,4,1.8343225248001025,1,0,0,0,0,0,0
54,17,30.366289138793945,91802,2,1.2020719361238719e-05,1,0,1,0,0,0,0
45,20,81.10655975341797,94221,3,1.6614797795105491,3,298,0,0,0,1,0
49,18,177.08775329589844,91946,1,4.843393390783293,1,0,0,1,0,0,0
44,15,20.618270874023438,93593,4,0.10976790675638562,1,0,1,0,0,1,0
38,23,59.51097106933594,91404,2,0.2798889912891971,2,0,1,0,0,1,0
56,25,50.41282653808594,95761,1,1.9146781323877868,2,0,0,0,0,1,0
44,21,72.49650573730469,90480,1,1.5422013833325163,3,0,1,1,0,0,0
30,2,39.79850769042969,93970,1,1.4119504090625,1,0,0,1,0,0,0
58,29,45.52461624145508,93041,4,1.1669798377833989,3,0,0,0,0,1,0
35,8,43.58023452758789,91888,1,2.290089775433019,1,250,0,0,0,1,0
40,20,35.71194076538086,91494,3,0.11302341161841517,2,0,0,0,0,0,0
53,33,49.64352798461914,89947,4,0.03391816670246872,1,122,1,0,0,1,0
51,21,37.52288055419922,94710,3,1.4068067257513304,2,0,0,1,0,1,0
40,15,190.85325622558594,91702,2,4.71604273486319,1,366,0,0,0,0,0
36,15,107.0350112915039,90151,2,3.147824693540004,1,0,1,1,0,1,0
32,2,81.55457305908203,95402,4,2.30358971969529,3,0,1,0,0,1,0
26,4,57.37699508666992,91568,3,1.8833692222020706,3,0,0,0,0,0,0
63,40,108.54627227783203,90342,1,0.3472989982077597,2,0,0,0,0,0,0
43,16,10.8211669921875,94387,3,0.23801193964731032,2,101,0,1,0,1,0
41,15,194.996826171875,91431,3,4.504817977587849,3,0,1,0,1,1,1
53,21,37.620887756347656,89851,2,2.0317902369258025,1,0,1,0,0,1,0
37,20,70.98827362060547,91304,1,1.7045891424544095,3,0,0,0,0,0,0
35,9,82.0611572265625,94265,4,1.6599315850893563,2,0,0,0,0,0,0
55,29,59.193477630615234,93186,3,0.24773293877303626,1,0,0,0,0,0,0
30,6,44.958744049072266,91937,1,0.43860710479806264,2,0,0,0,0,0,0
62,35,117.10448455810547,92313,1,1.1385934706236294,2,207,1,0,0,0,0
48,22,39.31873321533203,92125,2,2.66913147621532,3,0,0,0,0,1,0
55,22,74.09272766113281,95305,1,0.03373792834490702,2,0,0,0,0,1,0
32,5,21.923934936523438,92085,4,0.5139307371551534,2,0,0,0,0,0,0
30,6,105.65719604492188,94530,4,3.309190889972864,2,114,0,0,0,0,1
50,24,32.049156188964844,91998,4,0.9277865721464469,2,0,0,0,0,1,0
34,3,45.638702392578125,94395,1,0.23061825300936037,1,166,1,1,1,1,0
28,3,42.40851593017578,95378,3,1.4325642287912441,2,0,0,0,0,0,0
59,20,46.65287399291992,96112,3,0.1446556601668151,1,0,0,1,0,1,0
65,40,89.47000885009766,92216,2,1.8936869300706873,3,235,0,0,0,1,0
64,35,22.342784881591797,93893,4,1.8335677061387006,2,0,0,0,0,1,0
41,21,26.755992889404297,91379,2,0.45544106444489024,1,0,1,0,0,1,0
58,29,52.236385345458984,90428,3,5.862765285360959,2,0,0,0,0,1,0
33,11,13.313638687133789,91933,4,2.565533680027146,3,156,1,0,0,1,0
48,30,110.79130554199219,90269,4,0.8322410910353126,3,0,0,1,0,1,1
57,34,90.78819274902344,93932,4,3.511586635801695,3,0,0,1,0,1,0
53,32,44.45730209350586,91982,4,0.1955327017809365,2,0,1,0,0,1,0
45,18,44.38863754272461,91295,2,0.11777879009072778,2,0,0,0,0,1,0
54,28,71.78655242919922,93935,1,1.2022526669475768,3,0,1,0,0,1,0
45,17,36.737789154052734,95723,4,0.0066098282765458816,1,0,0,0,0,0,0
41,25,99.82832336425781,95618,1,1.5126465549380348,3,0,0,0,0,1,0
29,5,33.37297058105469,91718,4,1.9649186770906013,3,0,1,0,0,1,0
39,18,61.45744323730469,90805,2,1.5644012173776642,3,0,0,0,0,1,0
54,34,26.224477767944336,91987,3,3.1635187280738717,1,0,0,1,0,1,0
36,17,197.8942413330078,91953,2,6.741658573042258,1,383,0,1,0,0,0
39,12,72.3392105102539,94754,2,6.654090140593575,3,0,0,0,0,0,0
63,35,96.25662231445312,95479,3,2.303266927762685,2,109,0,0,0,1,0
40,14,145.10414123535156,92035,2,0.4239321273914509,1,102,1,0,0,0,0
27,5,77.28883361816406,90399,2,0.539559178023273,2,113,0,0,0,0,0
36,5,70.65845489501953,93104,1,0.42462151648343127,1,0,0,0,0,1,0
38,26,76.3345947265625,90284,3,3.7352098691508604,3,243,1,0,0,0,1
49,18,68.96765899658203,91321,3,2.172299555674639,1,0,0,0,0,1,0
44,22,14.361966133117676,92222,1,0.3643248770498107,2,72,0,0,0,1,0
50,28,60.23391342163086,92034,2,1.3852037102536596,2,0,0,0,0,1,0
56,25,85.63733673095703,95069,1,1.6654998995145982,2,0,0,1,1,1,1
37,6,67.93412780761719,94528,3,1.6852228216876255,3,0,0,0,0,0,0
28,4,70.00485229492188,92715,2,0.5828971637288847,3,0,0,0,0,1,0
30,6,75.32196807861328,91128,1,0.6756499504515193,3,268,0,0,0,1,0
45,16,79.09208679199219,89954,3,0.2402853616737182,2,0,0,0,0,0,0
42,17,40.17761993408203,93656,3,0.39489610654102536,1,244,0,0,0,1,0
48,35,28.013242721557617,94668,3,0.444660270247176,1,0,1,0,0,1,0
61,35,33.683441162109375,95304,2,2.5142052926503373,1,0,1,0,0,0,0
60,32,37.85480880737305,94431,3,0.356743104561133,2,0,0,1,0,1,0
34,6,80.28916931152344,91979,2,0.2810320925565289,1,96,1,0,0,1,0
35,9,144.6505889892578,94125,2,1.7509565048049733,2,0,0,0,0,0,0
43,20,12.19085693359375,95095,3,0.30654152505110893,2,92,0,0,0,1,0
58,28,128.13037109375,90745,2,1.0121929104646221,1,0,0,0,0,1,0
59,32,77.10787200927734,90002,3,2.2558559207139806,2,0,0,0,0,1,0
47,20,84.61508178710938,90458,3,1.8531091267580448,2,148,0,0,0,0,0
25,0,51.13249588012695,94107,4,1.7679823783966815,3,0,0,0,0,1,0
53,27,84.5612564086914,94669,1,2.6379437466718274,1,0,0,0,0,1,0
42,16,30.300756454467773,94713,1,0.40098376733692764,2,0,0,1,0,0,0
43,14,156.59446716308594,91882,2,6.2411076080811325,1,0,0,1,0,0,0
56,34,66.58279418945312,90220,3,2.1967350984284373,2,0,0,0,0,1,0
56,15,23.52518081665039,90872,2,1.5395185786157084,3,0,0,0,0,0,0
46,20,102.37940979003906,92010,3,1.479787888223124,3,0,0,0,0,0,1
64,40,39.5973014831543,91087,3,1.96096519251211,2,0,1,0,0,1,0
39,23,159.99546813964844,94885,3,1.290853225971167,2,0,1,1,1,1,1
65,39,20.786598205566406,95595,3,1.681467839887558,1,0,0,0,0,1,0
65,36,42.98318862915039,95834,1,1.6818301420419246,3,0,1,0,0,1,0
53,31,20.34847640991211,93163,1,0.6153867515271472,3,0,1,0,0,1,0
57,30,52.7196044921875,92143,3,1.2890816598567034,3,153,1,0,0,1,0
47,8,25.456005096435547,90472,2,0.6870341216936362,3,0,0,0,0,1,0
24,0,152.0574493408203,94653,3,6.400944235285359,2,0,0,0,0,0,1
42,20,67.3698501586914,95136,2,1.6793170444469296,2,126,0,0,0,1,0
36,18,189.84909057617188,91385,2,7.579102943396249,1,0,0,0,0,0,0
54,29,108.98828125,91482,2,1.3081931983191146,3,146,0,0,0,1,0
63,33,69.80259704589844,91287,2,1.2040414615343482,3,0,1,0,0,1,0
64,39,17.780532836914062,92766,3,0.018506367418484826,2,0,0,0,0,1,0
45,18,46.263084411621094,91689,4,1.1319641443776254,1,0,1,0,0,0,0
47,19,18.970165252685547,94167,2,2.5028912664617233,2,0,0,0,0,0,0
61,36,85.80445861816406,91298,4,2.4365546524986907,1,0,1,0,1,1,0
30,11,123.91421508789062,95134,4,3.5571879614007367,2,344,1,0,0,1,1
48,34,44.181556701660156,94759,2,2.044782785475322,1,212,0,0,0,1,0
27,13,134.8372344970703,95456,1,2.18079159653072,1,109,0,0,0,1,0
52,24,30.9595890045166,92106,2,0.8991139316390563,3,0,1,0,0,1,0
65,38,87.40276336669922,94284,2,0.12141979948481957,1,350,0,0,0,0,0
37,3,76.01825714111328,90617,4,1.1969163570371029,2,0,0,0,0,0,0
52,29,18.459514617919922,91890,4,0.3306387864974739,3,0,1,1,1,1,0
63,37,55.54301452636719,94911,1,0.46602669524597173,1,299,1,1,1,1,0
62,39,40.40079879760742,92904,3,1.0547183526801995,3,151,0,0,0,1,0
38,13,26.144371032714844,92506,2,0.6635311293138147,2,0,0,0,0,1,0
59,37,74.86161041259766,95326,1,0.5123579692758402,1,0,0,0,0,0,0
32,0,30.08832550048828,93026,1,0.37062946188517076,1,0,1,0,0,1,0
63,35,26.953386306762695,90740,2,0.01811314614266546,3,0,0,0,0,1,0
29,7,46.261085510253906,90237,3,2.0868339004568117,2,102,0,0,0,1,0
56,31,64.30335998535156,95122,1,0.30760813229540995,3,0,0,0,0,1,0
58,32,82.1526870727539,92978,2,0.7838039213103105,3,101,0,0,0,0,0
57,23,106.3739242553711,90953,4,0.4636109958891096,3,108,0,0,0,1,0
36,13,107.52227020263672,95455,2,0.876881185807879,1,0,1,0,0,1,0
25,-1,105.90448760986328,93110,1,0.9763020880918591,1,0,0,0,0,0,0
41,27,53.33557891845703,94407,2,0.33421800643988253,1,0,1,1,0,1,0
48,22,64.41871643066406,90433,3,4.7170968152822494,1,0,1,0,0,1,0
59,33,30.74007797241211,92012,1,4.5408983524072895,2,0,1,0,0,1,0
46,26,52.152774810791016,92946,1,0.15634536413617997,2,0,0,0,0,0,0
50,32,91.80116271972656,94366,4,1.2828190619298248,1,0,0,1,0,1,0
52,28,60.30745315551758,93486,2,2.081622552137997,3,0,0,1,0,1,0
31,5,178.07330322265625,94762,2,5.732097376994025,3,0,0,0,0,0,1
63,39,40.30691909790039,90284,3,0.8997717796085228,2,0,0,0,0,1,0
43,14,150.6832275390625,94760,2,1.2174846004260758,1,0,0,0,0,0,0
54,30,15.379020690917969,95313,3,0.3224283076979045,2,140,1,0,0,0,0
43,27,50.98334884643555,90670,3,0.7443137169194787,2,0,0,0,0,1,0
28,1,86.89599609375,95051,2,1.9483797192663672,2,0,0,0,0,0,1
46,24,48.51805114746094,92139,4,1.3923442763065954,3,0,1,0,0,0,0
48,34,88.94967651367188,91773,2,2.693793053086427,1,0,1,1,1,1,0
27,12,176.87001037597656,92211,1,4.773802492105771,1,0,0,0,0,0,0
32,3,37.204002380371094,91375,4,2.5807269142087037,2,0,1,0,0,1,0
31,5,157.6251678466797,90213,3,5.64491184519477,1,402,0,1,0,0,0
30,0,31.566890716552734,95676,4,0.8843502975379713,2,0,1,0,0,0,0
44,24,150.7202606201172,89964,3,2.6897379680489073,2,0,1,0,1,1,1
37,11,62.178279876708984,92019,4,2.106961141568795,1,102,0,0,0,0,0
27,18,23.06882095336914,93769,1,0.5259006845485172,2,0,1,0,0,1,0
60,33,137.83338928222656,90028,4,0.5147566451081083,1,0,1,0,1,1,0
39,9,77.8428955078125,92298,4,0.5282416631240308,1,0,0,1,0,0,0
54,32,109.72633361816406,94377,1,0.7624655307750411,1,0,0,0,0,0,0
64,36,55.20179748535156,92858,3,1.3631915505197874,2,76,1,0,0,1,0
60,18,56.684593200683594,93379,4,0.28126282431128224,3,0,1,0,0,1,0
44,17,13.817222595214844,91583,4,0.3914231361190494,1,72,1,0,0,0,0
30,8,21.340831756591797,92297,3,0.3517868674312067,2,0,0,0,0,1,0
30,6,81.9571533203125,91364,3,3.765128457459353,1,0,1,0,0,0,0
55,33,42.73741149902344,92710,3,1.6440888889376017,2,0,0,0,0,1,0
51,21,130.76210021972656,95281,1,5.399249941268202,1,415,1,0,0,0,0
60,36,104.0492172241211,94423,4,1.2288353524653384,1,0,0,0,0,0,0
39,22,21.736982345581055,91414,1,0.252858576149609,3,132,1,1,0,1,0
62,30,83.89295196533203,95118,2,0.7319829812497143,2,233,0,0,0,1,0
31,13,83.53446197509766,95811,3,5.542616178389385,2,0,0,0,0,0,0
52,29,120.0071029663086,95603,3,1.0261710810364402,3,0,0,0,0,1,0
39,21,86.74661254882812,94286,2,0.9758439800417386,1,0,1,0,0,0,0
54,23,56.29657745361328,94079,4,1.96273095712417,2,0,0,1,0,0,0
60,34,59.151859283447266,92932,1,2.613755903491559,1,0,0,0,0,1,0
35,10,23.980499267578125,93742,1,1.8016974308467724,3,0,1,0,0,1,0
63,40,111.04767608642578,95498,4,4.060210848127278,2,0,1,0,1,1,0
31,7,176.33966064453125,90231,1,5.4455267128441855,1,0,0,0,0,0,0
59,33,59.41609191894531,90400,3,6.183442136094855,3,0,1,0,0,0,0
32,8,24.06763458251953,96459,1,0.14615357403247695,1,0,1,0,0,0,0
64,41,68.16134643554688,92914,1,2.208416140115679,3,0,1,0,0,0,0
33,10,45.300106048583984,95964,1,0.9430762290227173,2,0,0,0,0,0,0
58,30,77.01983642578125,94289,4,1.20239639197414,1,0,0,0,0,1,0
45,14,92.4576644897461,90996,2,2.615881988248712,1,0,0,0,0,1,0
41,20,85.42196655273438,95978,4,2.594624319181421,1,0,0,1,0,1,0
62,35,120.74583435058594,95759,1,2.65899445408773,1,0,1,0,0,1,0
39,17,84.00929260253906,93928,3,0.8102743044785016,1,0,1,0,0,0,0
30,15,51.70829772949219,93301,4,0.5299426449870704,1,0,0,0,0,1,0
28,13,78.44168090820312,94850,3,2.2294335683098683,2,0,0,0,0,0,0
31,0,72.04694366455078,91205,3,1.5388893007925937,2,157,0,0,0,1,0
64,38,112.68598175048828,93284,2,0.9029210881380367,1,79,1,0,0,1,0
59,29,87.79117584228516,92996,3,1.7532168600584175,3,0,1,0,0,1,0
32,8,75.31957244873047,91568,3,0.3489849165186185,2,0,0,1,0,1,0
30,6,46.68075942993164,94542,4,0.38752433696980215,3,0,0,1,0,1,0
28,3,84.85868835449219,93118,3,2.1902999785284902,2,0,0,0,0,1,0
33,14,46.001708984375,94663,4,1.4044272697632494,2,90,1,0,0,1,0
39,22,48.99309539794922,95319,4,1.370696066645699,1,100,0,0,0,1,0
31,5,57.02796173095703,95080,1,0.04902442823593356,3,99,0,0,0,1,0
30,7,57.290931701660156,96209,4,0.9276671234376677,1,201,0,0,0,1,0
37,21,71.80024719238281,94891,3,2.1369028831412966,2,0,0,0,0,0,0
57,37,23.128984451293945,95673,4,2.5400258537475753,2,0,0,0,0,1,0
46,29,12.731435775756836,90773,1,1.1087124123200511,1,0,0,0,0,0,0
41,13,87.46229553222656,95720,1,1.8263532418426145,1,74,1,0,0,1,0
50,24,186.912841796875,95198,3,7.7892075473299665,3,0,0,0,1,1,1
39,10,80.84420776367188,92080,1,0.7043806389872399,2,0,0,0,0,1,0
41,24,83.48945617675781,91314,3,0.586552371747607,2,0,1,0,0,0,0
67,34,82.71214294433594,92693,1,1.3426315530850625,3,307,0,0,0,0,0
54,23,69.10696411132812,94197,4,0.5473258809650156,1,0,0,0,0,0,0
50,29,181.42800903320312,94581,2,7.370021348528609,1,0,0,0,0,1,0
59,33,43.95881652832031,92251,4,1.452012168195449,1,169,0,0,0,0,0
44,16,63.9260139465332,91929,3,2.689466697025791,2,0,0,0,0,0,0
40,16,132.01058959960938,94322,3,0.6126968349157277,3,0,1,0,0,1,1
41,14,95.5287094116211,91766,3,5.234568017421005,2,0,0,0,0,1,1
52,30,98.93724060058594,90452,2,4.162351803082553,3,212,1,0,1,1,0
37,15,81.69683837890625,94905,3,0.17476928528252597,2,0,1,0,0,0,0
42,16,56.12843322753906,94603,2,0.3025513271042417,1,0,0,0,0,0,0
61,33,88.78153991699219,94337,3,1.711842861833736,3,0,0,1,0,0,0
34,13,64.79505920410156,91315,4,3.355862033353298,2,0,0,0,0,1,0
30,5,140.6050567626953,90415,3,2.6823009259562656,1,283,0,0,0,1,0
35,5,68.98873901367188,92962,1,0.3848520956881454,3,0,1,0,0,0,0
32,9,63.52444839477539,94374,1,2.8103204091720193,1,0,1,0,0,1,0
32,4,187.70631408691406,95663,2,7.0624065145890995,1,194,0,0,0,1,0
55,32,60.05516052246094,90321,4,0.613316551705859,1,0,0,0,0,1,0
37,10,34.303504943847656,90444,2,0.4037470748226094,1,0,0,0,0,1,0
32,7,79.45761108398438,94824,1,3.580096604211353,1,0,0,0,0,0,0
64,37,149.61279296875,94888,2,2.5248902770055945,1,0,0,0,0,0,0
46,29,44.97184371948242,95009,1,0.5752446095426909,3,209,1,0,0,1,0
43,21,108.5710220336914,94510,3,3.857746445569629,1,0,0,0,0,1,0
57,6,15.446708679199219,91444,1,0.3400365761006512,3,152,1,0,0,1,0
53,26,85.13777923583984,91481,3,0.4863865464015712,2,0,0,0,0,1,1
32,7,183.80128479003906,94392,2,2.6023500096642005,1,0,1,0,0,0,0
45,25,39.825599670410156,92104,3,0.014952475467758797,1,96,1,0,0,0,0
41,23,62.67762756347656,94386,3,2.0128636651556837,2,256,0,1,0,0,0
55,29,47.44654846191406,95320,2,1.354765577168979,2,0,0,0,0,1,0
34,15,126.13162994384766,91364,2,4.936380922659389,1,0,1,0,0,0,0
39,25,54.99617004394531,90097,3,2.57448095713346,2,115,0,0,0,1,0
52,25,44.527740478515625,90214,2,1.7284121734360978,3,0,0,0,0,0,0
59,39,42.0465087890625,90541,1,1.199783463997306,3,0,0,0,0,0,0
43,21,25.401107788085938,95957,1,0.6101776311593952,1,0,0,0,0,1,0
54,6,22.858837127685547,93470,2,0.9092064465056374,3,209,0,0,0,0,0
48,19,29.456466674804688,92811,3,0.28035278880171666,2,0,0,0,0,1,0
53,30,37.61040496826172,90150,1,0.1884053629303296,3,0,0,0,0,0,0
57,33,36.18849182128906,92646,4,0.1105394618645576,1,0,0,1,0,0,0
29,13,41.529541015625,91261,4,0.48184931847255325,1,0,0,0,0,1,0
56,35,66.03998565673828,91877,2,0.28892710538704686,1,0,0,0,0,1,0
31,27,81.45187377929688,90947,1,0.6416990358879022,3,0,0,0,0,1,0
30,2,58.486289978027344,91859,4,1.2986247683702983,3,87,0,0,0,1,0
53,29,83.22671508789062,90884,3,2.348535146264909,1,402,1,0,0,1,0
31,8,46.70614242553711,91299,2,1.7632233352845463,2,0,1,0,0,1,0
30,3,138.47372436523438,92030,1,3.3104367814341993,3,0,0,0,0,1,1
33,12,81.74977111816406,92026,2,1.299377189116763,1,122,1,0,0,1,0
26,-2,53.4473876953125,90235,3,0.8800481533847262,3,0,0,0,0,0,0
61,37,140.25518798828125,94601,2,0.7361393591005867,1,0,0,0,0,1,0
29,6,99.52487182617188,95744,4,1.7416827244618784,1,0,1,0,0,1,0
59,32,36.59306335449219,94626,3,0.2590424365828409,2,0,0,1,0,0,0
32,30,60.68619918823242,91769,4,1.6839537657966897,3,175,0,0,0,1,0
43,16,87.28359985351562,94984,4,1.03828603614717,2,0,0,1,0,1,0
28,6,76.78793334960938,93794,1,1.2698270588856349,2,367,0,0,0,1,0
40,19,170.201171875,91501,1,2.218282757750983,1,0,1,0,0,0,0
29,8,106.47029113769531,92401,4,3.948096226418418,2,0,0,1,0,0,1
58,38,44.089393615722656,95534,3,0.5191544462338666,3,0,1,0,0,0,0
55,36,52.74319076538086,91890,2,0.19491289501011433,1,0,0,0,0,1,0
25,1,122.64012908935547,94537,4,1.8107489706983757,3,0,0,0,0,0,1
56,37,42.78658676147461,94511,2,1.5144218010541828,2,200,0,1,0,1,0
41,17,152.29727172851562,91981,4,5.811416883961288,1,0,0,0,0,0,1
32,18,56.912574768066406,90804,2,0.017908056304671016,3,0,0,0,0,1,0
32,3,46.263267517089844,90282,1,0.12056790688644375,2,0,0,0,0,1,0
39,11,21.89286231994629,94729,4,0.36227052679118377,1,0,0,0,0,0,0
63,37,64.8916015625,95786,4,0.6788063571741916,3,0,0,0,0,0,0
52,30,68.36785888671875,90103,4,1.698937097474169,3,85,0,0,0,0,0
41,12,25.344730377197266,94415,4,0.23992089283136592,2,0,0,0,0,0,0
35,8,23.51199722290039,92884,4,0.8910183820990377,2,104,0,0,0,0,0
43,35,31.5069522857666,94396,1,0.3060483076634607,3,0,0,0,0,1,0
46,22,35.329410552978516,94931,1,1.1228562248606262,2,95,0,0,0,1,0
34,9,76.7177505493164,95785,1,2.1453862271817123,1,491,0,0,0,1,0
61,22,85.15975189208984,95474,1,3.2319012519949335,1,0,1,0,0,1,0
66,40,59.569740295410156,92692,4,0.7706609495381841,3,0,0,0,0,0,0
63,38,64.88091278076172,92120,2,2.0758040017434283,1,0,0,0,0,1,0
32,8,114.16822052001953,94485,1,1.4065747982852363,2,0,0,0,0,0,0
36,12,135.13140869140625,94463,4,1.6132197993331876,3,0,0,0,0,1,0
59,36,39.67258071899414,95084,1,0.17636437427991492,2,0,0,0,0,1,0
56,26,53.4545783996582,91032,3,2.6276496216567264,1,0,1,0,0,0,0
38,18,43.055633544921875,93087,4,0.7777123763398225,1,108,1,0,0,1,0
53,31,44.17703628540039,91776,4,0.6960521482256934,2,0,0,1,0,1,0
59,32,94.28807830810547,92774,4,0.940321446935088,1,119,1,0,0,1,0
48,21,138.28402709960938,90544,2,2.0398118828317218,3,0,1,0,1,1,0
33,6,42.86846923828125,90724,3,0.454475654201495,2,0,1,0,0,1,0
60,36,17.223102569580078,91478,1,0.28268619270163187,1,0,0,0,0,1,0
58,24,49.81869888305664,95146,1,0.37937977494958247,2,0,0,0,0,1,0
38,21,42.46242904663086,90423,4,1.5816153616370976,3,0,0,0,0,0,0
65,42,55.013641357421875,93957,4,0.5958647656532885,1,0,1,0,0,1,0
47,22,60.43097686767578,90880,2,7.273569724977538,1,0,0,0,0,1,0
47,31,75.57623291015625,93368,3,3.6196880773195623,2,0,0,0,0,0,0
49,22,54.646690368652344,90174,3,1.0988950896161551,2,0,0,0,0,0,0
33,11,179.246337890625,95202,2,2.150703150708121,1,569,0,0,0,0,0
55,33,86.92901611328125,94785,3,2.0755096175271586,1,156,0,0,0,1,0
44,26,60.58649826049805,93151,2,2.2285622084791687,2,0,0,1,0,1,0
58,33,22.370542526245117,91459,1,1.280785564096257,1,154,0,0,0,0,0
63,35,145.35189819335938,95669,2,2.131527633098418,1,0,0,0,0,1,0
60,34,86.35594940185547,93080,3,0.7945244835049086,2,0,0,0,0,1,0
35,7,150.66001892089844,92715,4,1.9472909826682177,2,0,0,0,0,0,1
36,7,29.209575653076172,94856,4,0.4058933922056414,2,0,1,0,0,1,0
26,11,74.78597259521484,95832,4,0.6645502831728176,1,0,1,0,0,1,0
44,29,51.858985900878906,92843,2,0.6102285286093776,1,232,1,0,0,1,0
34,10,20.864208221435547,91959,2,3.9762211569953996,2,106,1,0,0,1,0
52,28,88.4298324584961,95121,2,2.71175631448883,3,239,0,0,0,1,0
61,35,54.67580032348633,93328,2,0.28931459554855243,1,114,1,0,0,1,0
60,32,181.2557830810547,94403,2,6.0508281401155095,3,387,0,0,0,0,1
49,23,25.723243713378906,93354,1,0.969625753294303,2,156,1,0,0,1,0
35,23,94.39788055419922,95565,2,3.6712946376343893,3,0,0,0,0,1,0
33,7,93.10871887207031,92343,2,1.9800750721506488,1,0,1,0,0,1,0
31,14,102.29078674316406,94438,4,1.5241311727843092,2,182,1,0,0,0,0
50,23,136.19456481933594,91596,1,2.6710431341864376,2,0,1,0,1,1,0
44,20,33.29016876220703,92919,3,0.7546496789600468,2,94,1,0,0,0,0
61,26,27.890316009521484,92732,4,0.4128113803125507,1,0,0,0,0,0,0
61,37,26.975078582763672,94767,1,0.3574386008537983,2,99,0,0,0,0,0
40,8,53.052215576171875,95249,2,0.40541777029921466,1,232,0,0,0,1,0
46,21,38.56976318359375,91332,4,0.291042868507962,2,0,0,0,0,0,0
58,27,122.30577087402344,90253,1,4.177392230664361,1,0,1,0,0,1,0
34,16,120.44245910644531,91393,1,1.6436929646953595,1,0,0,0,0,0,0
64,34,47.525360107421875,95475,3,2.925089731073055,2,0,1,0,0,1,0
65,39,111.00717163085938,90241,4,1.276381813629729,3,0,0,1,0,0,0
53,32,25.771554946899414,91919,4,0.5212380566636311,3,0,0,0,0,1,0
44,16,60.7271728515625,90131,2,0.16687934401657484,1,0,1,0,0,0,0
46,25,94.1537094116211,93147,1,0.9062117838188113,2,149,1,0,0,0,0
35,14,172.0029754638672,94300,3,0.6843613042704675,2,120,1,0,0,1,1
51,26,85.44398498535156,91722,1,1.65775978603703,3,0,0,0,0,1,0
55,28,38.760528564453125,95149,4,1.7838917946581996,2,0,1,1,0,0,0
47,20,20.821277618408203,92962,4,0.30605898766206974,1,0,0,0,0,1,0
45,15,57.45716857910156,90081,4,2.0616070062854748,3,0,1,1,0,0,0
64,38,123.52644348144531,91339,2,2.250047210649636,1,0,0,0,0,0,0
55,25,59.503028869628906,94236,1,0.7880356374884976,3,0,0,0,0,1,0
57,29,24.012035369873047,91037,3,0.927110981313344,3,0,1,0,0,1,0
40,26,63.77952575683594,94182,4,3.0982482078480684,1,224,0,0,0,0,0
46,11,151.92518615722656,91712,2,0.3984672677619381,3,148,0,0,0,1,0
37,26,55.31806945800781,91648,3,0.5042454062434281,1,0,1,0,1,1,0
47,24,118.26813507080078,95719,2,1.3709544504338314,1,226,0,0,0,1,0
31,20,74.53590393066406,95719,1,0.45580943709647126,2,0,0,0,0,1,0
38,14,202.37820434570312,92004,1,2.2474773578005163,1,0,0,0,0,1,0
27,12,84.58930206298828,94562,4,1.8327850491835715,2,0,0,0,0,1,0
26,1,85.90296173095703,95832,2,0.5207143316708769,1,0,0,0,0,0,0
49,32,48.22393035888672,94603,2,1.4040490841792064,2,0,1,0,0,1,0
52,21,55.544498443603516,92609,1,0.6017121426506338,3,0,0,0,0,1,0
61,33,109.48461151123047,96269,3,1.1467409861023272,3,0,0,0,0,1,0
39,21,108.58161926269531,95473,3,0.2696827219839202,1,158,1,0,0,1,0
29,3,17.619342803955078,96028,4,0.21777302251049524,2,128,0,0,0,1,0
45,18,108.37632751464844,96322,2,0.6359926962568189,3,244,0,1,0,0,0
47,15,103.64286804199219,94892,1,2.0208251951410405,2,0,1,0,0,0,0
36,30,52.03684616088867,94677,1,2.3452286268015308,3,0,0,0,0,0,0
57,36,74.998046875,92172,1,2.266101513854821,2,0,1,0,0,0,0
44,22,42.15686798095703,91936,3,0.49829253932144135,2,0,0,0,0,0,0
61,33,148.11474609375,93468,2,0.007577264629071878,1,0,0,0,0,1,0
34,12,196.17274475097656,94568,1,3.0340934246853957,1,0,0,0,0,0,0
37,18,94.75553131103516,94443,3,0.24677865995109183,2,380,0,0,0,1,0
52,30,45.57148361206055,94425,1,0.05597429843258153,1,0,1,0,0,0,0
61,30,35.61469268798828,94316,4,0.35739187315199167,2,0,1,0,0,0,0
53,26,46.64744186401367,90027,4,1.667060954628014,3,0,0,0,0,0,0
63,39,30.3664493560791,94693,3,0.2109341807591758,1,0,1,0,0,1,0
54,24,91.13522338867188,93959,2,4.418489914148332,1,0,0,0,0,0,0
56,34,14.278827667236328,91816,4,0.017769106832314585,1,0,0,0,0,0,0
45,11,57.58470153808594,95298,1,0.5314415181227583,1,0,0,1,0,0,0
62,31,37.59386444091797,95587,2,2.2066208128260576,2,0,0,0,0,1,0
40,11,89.94048309326172,91790,1,0.29265669245266246,1,0,1,0,0,1,0
54,25,65.20965576171875,94450,4,1.505990382438204,2,0,0,0,0,1,0
42,20,12.565224647521973,92943,1,0.5002161735304393,2,119,0,0,0,0,0
32,11,38.733577728271484,95399,3,0.7247540877694931,3,0,1,0,0,0,0
47,23,30.275117874145508,95920,2,0.9427638225727049,3,0,1,0,0,1,0
61,31,135.084716796875,90032,1,1.7095181318924464,1,223,0,0,0,0,0
33,7,26.748319625854492,96030,3,0.6121797104578195,1,152,0,0,0,1,0
37,15,63.22846221923828,92657,2,0.22970734465739934,1,119,0,0,0,1,0
31,4,78.42723846435547,92441,1,1.5684646925547892,2,0,1,0,0,1,0
58,38,96.2714614868164,95277,2,2.203221486186247,3,0,0,0,0,0,0
32,13,65.22050476074219,94567,2,1.5552655860967757,2,0,0,0,0,1,0
46,8,115.62765502929688,93706,1,2.2366114094454312,1,0,0,1,0,1,0
63,40,93.95149230957031,91981,1,2.475788159198857,1,0,1,0,0,1,0
50,27,52.012264251708984,94157,1,0.8670168241565184,2,0,1,0,0,0,0
35,15,30.62747573852539,95328,4,0.6192756603526433,3,0,0,0,0,0,0
31,5,167.2717742919922,91712,2,6.972965622070749,1,0,0,0,0,1,0
41,16,114.17949676513672,90155,2,0.797319968681454,1,0,0,0,0,1,0
47,25,51.723548889160156,94292,4,2.229973081680487,3,0,0,0,0,1,0
66,42,29.92100715637207,89950,1,1.5471362048497923,3,153,0,0,0,0,0
60,37,50.244136810302734,92050,3,2.353046087203352,2,0,0,1,0,1,0
44,11,117.07273864746094,94186,3,1.7336223242958395,3,109,0,0,0,0,0
32,10,35.4820556640625,91852,2,3.147100756105113,3,0,1,0,0,1,0
31,8,45.194515228271484,90132,2,3.568466679194367,1,242,0,0,0,1,0
44,14,13.355545043945312,94546,3,2.556995278242569,2,0,1,0,0,0,0
53,21,59.96208572387695,92023,1,0.968833490167457,3,0,1,0,0,0,0
49,21,80.6022720336914,95365,2,0.13455286910178957,2,0,0,0,0,1,0
30,6,71.51325225830078,94831,2,0.9927663554111684,2,0,0,0,0,1,0
45,27,37.30358123779297,95459,4,0.06053600387909422,3,0,0,0,0,0,0
29,3,16.014087677001953,95207,1,0.31695585019804984,1,99,0,0,1,1,0
56,38,28.434673309326172,92145,1,2.0279621115810147,2,151,0,1,0,0,0
53,36,173.3238983154297,90093,1,6.852935926761943,1,0,0,0,0,1,0
58,33,67.18959045410156,89991,2,0.3362768065658035,1,0,1,0,0,0,0
26,-2,32.163368225097656,93724,4,1.6364920383884056,2,0,0,1,0,0,0
59,34,142.7657012939453,94506,2,2.3535028781547958,1,0,1,0,0,0,0
28,0,56.54479217529297,91660,2,1.8657122322273956,2,0,0,0,0,0,0
35,13,102.67390441894531,90277,4,0.9818333673279731,2,0,0,0,0,1,0
38,9,80.73611450195312,94185,3,5.165506009789989,1,154,1,0,0,1,0
55,27,63.45317077636719,95820,1,0.3358605996243166,3,317,0,0,0,1,0
54,26,38.93928527832031,92927,1,0.5319314407157028,3,0,0,0,0,1,0
40,10,42.183231353759766,90670,3,2.485196959624769,3,0,0,0,0,1,0
54,36,29.024150848388672,95507,3,0.5959075074502349,2,0,0,0,0,1,0
27,16,42.88664245605469,90761,2,1.014099422119553,3,0,1,0,0,1,0
36,13,70.84237670898438,94606,2,1.4065870667517484,2,0,0,0,0,0,0
42,20,164.318603515625,92013,1,8.237071933940806,1,0,0,0,0,0,0
41,17,46.73657989501953,92848,1,0.0157138841905759,3,91,0,0,0,0,0
64,37,73.50279998779297,90818,4,1.3282889244523577,2,0,0,0,0,0,0
28,18,119.50225067138672,94024,2,4.77728754299088,2,0,1,0,0,1,1
29,16,172.57559204101562,95792,1,1.1696386296320798,1,0,1,0,0,1,0
46,15,86.9958724975586,92192,3,0.3947343754514279,1,0,0,0,0,0,1
59,36,49.298824310302734,92574,4,0.11270672456640218,3,0,0,0,0,1,0
63,38,123.34883880615234,93017,3,4.299777511196019,3,0,1,0,0,1,1
42,22,55.27073287963867,95008,2,2.4891216499061803,1,0,0,0,0,1,0
30,3,50.966304779052734,94166,3,2.1805759174517716,2,97,0,0,0,1,0
32,14,38.07148742675781,92558,2,1.6427900807921882,3,82,0,0,0,0,0
30,2,62.72666931152344,90862,1,2.5246933653703905,1,0,1,0,0,0,0
29,13,74.30802917480469,95068,4,1.0593381560116604,3,0,0,0,0,0,0
52,10,99.46510314941406,92779,2,4.474614924069627,3,0,0,0,0,0,1
47,17,58.578643798828125,95253,4,5.657538688071594,3,0,0,0,0,1,0
32,14,174.98109436035156,91405,2,5.869047517498577,1,0,1,0,0,0,0
34,7,67.89338684082031,92982,2,1.670886971535818,1,0,0,0,0,1,0
44,18,47.85912322998047,95429,4,0.8245808462122095,1,0,0,0,0,1,0
38,12,116.26859283447266,91357,2,2.7954057286068035,1,0,0,0,0,0,0
36,15,70.90219116210938,90027,4,2.1997313135739276,1,0,1,0,0,1,0
35,16,51.92439270019531,92304,3,1.0698218197399305,2,0,0,0,0,0,0
51,20,18.549835205078125,94915,2,0.8775112801040226,2,113,0,0,0,1,0
54,23,22.64887809753418,95587,3,0.3226119210585978,2,0,1,1,0,0,0
28,12,22.05385971069336,94548,3,0.49497303017490113,2,0,0,0,0,0,0
55,30,106.92828369140625,90628,2,3.4766610612562885,3,0,1,1,1,1,0
50,19,88.1744613647461,91365,1,1.0318803110766228,3,0,0,0,0,1,0
48,37,42.71938705444336,95340,3,2.125754228255753,2,0,0,1,0,1,0
27,3,34.94739532470703,92982,1,1.1189389442165727,3,111,0,0,0,1,0
42,13,56.661170959472656,95258,1,1.0547880832342114,2,0,0,1,0,0,0
60,37,142.16986083984375,92238,1,2.759360434582637,2,0,1,0,0,0,0
40,15,127.10569763183594,95963,1,1.1160950337230682,1,0,1,0,0,1,0
28,-1,104.76092529296875,92780,4,2.260570916477255,3,0,0,0,0,1,1
61,35,80.1452865600586,91699,1,0.9636889188300346,3,0,0,0,0,1,0
39,13,108.83303833007812,95002,1,3.580586098733723,2,478,0,0,0,0,0
63,37,50.70206069946289,93074,4,3.127023940233588,2,0,0,0,0,1,0
64,39,25.092174530029297,96394,1,0.4274732442726389,1,0,0,0,0,0,0
31,8,180.58209228515625,94944,1,7.41941721652704,1,158,0,1,0,1,0
40,9,108.53034210205078,94654,1,2.730464656665576,1,0,1,0,0,0,0
49,15,23.343894958496094,94140,4,1.5022236452348299,3,0,1,0,0,0,0
49,31,33.47886657714844,92419,1,0.04841106035514903,2,0,0,1,0,1,0
63,37,40.9733772277832,92966,2,0.2290709618049562,1,150,0,0,0,0,0
62,37,55.51951217651367,95484,3,0.7801382925509424,2,0,0,1,0,0,0
65,40,37.37043762207031,94307,3,0.3438296182228553,2,0,0,0,0,0,0
42,17,147.6421356201172,94435,3,6.539059851084251,1,0,0,0,0,1,0
56,26,28.168987274169922,91770,2,1.398508066696732,1,0,0,0,0,0,0
54,27,174.6467742919922,92197,2,7.209642387467062,1,0,1,0,0,1,0
49,16,124.61892700195312,94038,4,5.245913940183532,3,0,0,0,0,0,1
40,15,136.51699829101562,91904,3,2.973994883651762,3,0,0,0,0,1,0
34,9,115.6295166015625,94375,2,2.5080711723566798,2,155,0,0,0,1,1
47,6,63.10552215576172,92940,1,1.4437964620107178,3,0,0,0,0,0,0
29,2,12.156462669372559,92539,4,0.2641577256883424,2,163,0,0,0,1,0
57,34,48.801544189453125,90216,1,3.8059849947612374,2,98,0,1,0,1,0
44,22,68.69737243652344,94556,2,0.9940446378478605,3,0,0,0,0,1,0
37,10,141.3792724609375,92097,3,3.1881845286061252,3,0,1,0,0,0,1
34,8,61.28673553466797,93250,2,1.6408599522846707,1,0,1,0,0,0,0
44,18,16.145034790039062,95601,2,0.4327776937818743,3,0,0,0,0,1,0
36,16,124.37235260009766,94536,2,1.7620651486143315,1,0,0,0,0,0,0
34,7,68.03898620605469,93967,2,1.8686692717219557,2,0,1,0,0,0,0
51,34,85.82378387451172,91834,3,1.9742049800998358,1,0,0,0,0,1,0
64,37,73.13185119628906,93037,3,0.8631636734612795,1,149,0,0,0,0,0
32,11,21.055376052856445,94240,3,0.7175768977456295,2,0,0,1,0,0,0
50,29,107.82427978515625,92992,2,0.8483036833525153,1,160,1,0,1,1,0
46,22,58.946170806884766,90979,3,1.938573226473283,3,168,0,0,0,1,0
34,14,141.62188720703125,95570,3,3.892343946812677,1,0,1,0,1,1,1
31,4,31.201522827148438,92857,4,0.8503437341876969,3,0,0,0,0,0,0
35,11,147.69578552246094,95022,2,0.4108421594612617,1,380,0,0,0,0,0
44,19,36.717529296875,95736,3,0.16326315404126307,2,0,0,0,0,1,0
60,36,28.823692321777344,95321,3,1.4072696876227866,2,0,1,0,0,0,0
65,37,23.424856185913086,90224,1,0.01173697002732721,2,0,0,0,0,1,0
61,22,55.384708404541016,93430,1,0.0787750628337309,3,135,0,0,0,0,0
48,31,90.46598815917969,96213,1,0.6192410861276655,1,0,1,0,0,0,0
33,5,25.693342208862305,95487,4,0.7688995949796786,1,0,0,0,0,0,0
59,39,15.24081802368164,94752,3,0.6876191280572974,1,0,0,1,0,1,0
52,25,146.11338806152344,95493,2,7.726360773541971,1,0,0,0,0,0,0
25,3,46.50419998168945,90660,2,3.779285194857582,1,0,0,0,0,1,0
31,5,69.25118255615234,94936,4,2.1393869991321326,2,0,0,1,0,1,0
52,31,15.4457368850708,90301,4,0.5061096584557891,2,0,0,0,0,0,0
34,7,33.865760803222656,92882,4,1.299626946944466,2,0,1,0,0,1,0
50,28,32.469329833984375,94514,3,1.341618409045712,2,0,1,0,0,0,0
42,18,106.24779510498047,94661,4,1.6500931081802286,1,0,0,0,0,1,0
39,20,102.42569732666016,93251,1,3.8829197876844304,1,0,1,0,0,1,0
45,20,17.718929290771484,92074,4,0.3680747349066427,2,96,1,0,0,0,0
48,29,155.6566925048828,94806,2,1.9882456712766676,1,0,0,1,1,1,0
58,23,149.6199951171875,92102,1,1.187875695144807,1,0,0,0,0,1,0
42,21,55.936885833740234,94181,3,1.2987349091949423,2,97,0,0,0,1,0
29,4,42.10662078857422,92130,4,0.2764345930981378,1,0,0,0,0,0,0
37,10,54.663734436035156,91524,4,2.5363422633075174,2,0,0,0,0,0,0
54,24,178.3768310546875,92116,1,0.380741917414809,1,332,0,1,0,1,0
37,17,49.930728912353516,94303,1,0.18937329422848267,1,0,0,0,0,1,0
44,17,91.75760650634766,95271,2,0.9329178120861674,1,0,0,1,0,0,0
55,34,122.60569763183594,91020,2,1.2487585785927688,1,0,1,0,0,1,0
47,23,38.73809814453125,95007,2,1.951850867704572,3,0,0,0,0,1,0
40,18,23.52202033996582,95329,4,0.6858022315806416,2,103,1,0,0,1,0
52,7,41.195831298828125,95716,4,0.46847248796643903,3,0,0,0,0,1,0
41,24,49.73265838623047,94424,2,0.3631482284832122,1,154,1,0,0,0,0
42,19,136.225830078125,94582,4,1.1286915368279145,3,0,1,0,0,1,0
62,37,40.407508850097656,95790,3,1.122942929262233,2,104,0,0,0,1,0
45,13,51.740699768066406,91305,3,0.96341598151643,2,0,0,0,0,1,0
40,14,32.40959167480469,94566,3,1.1092221830747533,2,0,0,0,0,1,0
55,25,33.529991149902344,93917,3,0.257744412369868,3,0,0,0,0,1,0
59,36,15.449882507324219,92185,3,0.40456738207504744,2,72,1,1,0,0,0
56,24,83.50120544433594,94241,4,2.1247102695611146,2,179,1,0,1,0,0
48,22,132.318359375,94438,4,1.6733200715037693,3,384,0,0,0,1,0
32,8,118.6880874633789,95438,4,0.46836332052646745,2,103,0,1,0,1,0
40,13,38.828617095947266,94425,1,0.7913353281811079,1,0,0,0,0,0,0
57,32,27.266765594482422,91607,2,0.2128866175215462,1,0,1,1,0,1,0
54,30,201.1304931640625,92171,3,4.128616290942013,1,0,1,0,1,1,1
33,7,83.28482055664062,94517,3,2.015267175227981,1,151,0,0,0,0,0
54,32,25.226579666137695,91986,4,2.487871558343878,2,0,0,0,0,0,0
43,21,51.167503356933594,94083,3,2.8367973175055132,1,0,1,0,0,0,0
41,14,57.87311553955078,95433,3,2.7400730458406892,1,0,1,0,0,1,0
38,6,59.913753509521484,90031,1,1.373487747652118,3,0,0,1,0,0,0
32,4,109.20919036865234,94736,2,1.8602683890540086,3,0,1,1,0,1,0
50,25,45.27674102783203,96538,1,0.3206784844172826,1,0,0,0,0,0,0
34,6,14.125497817993164,90900,4,0.40000925847188856,1,0,1,0,0,1,0
63,38,70.61946105957031,94391,2,1.3045459696992636,3,0,0,0,0,1,0
49,23,22.04598617553711,96142,1,2.5859336580358425,1,0,0,0,0,0,0
59,38,177.6982879638672,94655,2,5.865968967167163,1,0,0,0,0,1,0
60,29,149.34564208984375,91175,1,3.812147185874061,3,0,0,0,0,1,1
51,23,45.59239959716797,92875,1,0.4954595354743051,2,0,1,0,0,1,0
59,33,89.58099365234375,90660,4,0.16974747577611535,1,0,0,0,0,0,0
67,39,92.95433044433594,94566,3,2.6239145067522784,3,0,0,0,0,0,0
58,28,72.41185760498047,95287,3,2.207283228551795,2,0,0,0,0,1,0
33,9,22.6663818359375,94170,4,0.8202485502898946,2,0,0,0,0,1,0
25,0,70.732421875,92826,3,1.3367566614883266,3,0,0,1,0,1,0
51,32,121.69636535644531,91859,2,4.050515901777247,1,0,0,0,0,1,0
33,6,131.08255004882812,94949,3,0.7382473600745173,1,0,0,0,0,0,0
63,37,70.43037414550781,94251,3,1.8467643562358327,1,0,0,0,0,1,0
56,36,57.13529968261719,91046,1,1.5790228534046529,3,0,0,0,0,1,0
31,5,158.25608825683594,91032,2,1.9108398780516536,1,0,0,0,0,1,0
61,37,73.6489028930664,92040,4,2.769792003123468,1,0,1,0,0,0,0
27,3,98.806884765625,96354,4,0.3924149625563576,3,0,1,0,1,1,0
27,8,40.02728271484375,92031,4,0.8227216207018097,2,81,1,0,0,1,0
59,33,73.71623992919922,93431,2,4.335216691050463,3,0,1,1,1,1,0
41,18,126.51957702636719,91770,2,4.849773534561647,3,0,0,0,0,1,1
33,11,80.99409484863281,96076,3,1.6945963632855008,2,218,0,0,0,0,0
56,33,117.00123596191406,90357,1,3.7641862532755277,3,0,1,0,0,1,0
48,23,97.01065826416016,96033,4,0.18055430094587305,3,0,1,0,0,0,0
49,12,115.09928894042969,94499,1,1.0870926522071818,3,0,1,0,0,0,0
41,16,87.13099670410156,90031,4,0.2348284558864614,1,0,1,0,0,1,0
52,15,35.140846252441406,92582,4,0.7474396302234243,2,0,0,0,0,1,0
65,32,57.10273742675781,96101,4,1.8122882717770412,2,0,0,0,0,1,0
43,18,114.9744873046875,91637,1,0.936525961856297,3,0,0,0,0,1,0
49,17,48.50354766845703,91393,3,1.041068842176363,2,0,1,0,0,0,0
58,24,11.644465446472168,94498,2,0.6322512925717847,2,354,0,1,0,1,0
51,22,65.26356506347656,92255,4,0.956238906739983,2,126,0,0,0,0,0
43,26,42.05821990966797,95808,3,0.7390773510147404,2,218,0,0,0,0,0
36,6,54.29428482055664,92442,1,1.9902836041894192,1,0,0,0,0,1,0
50,12,51.07615661621094,94874,2,1.852017485853963,1,0,0,0,0,1,0
40,6,63.82426834106445,92133,1,0.4032709241044866,3,113,0,0,0,0,0
27,4,184.57479858398438,94871,4,3.312500067737832,3,0,0,0,0,0,1
63,33,145.0474090576172,92978,2,2.5074062498461767,3,0,1,0,0,1,1
42,15,75.8056640625,95961,1,1.0194745775101457,1,0,0,0,0,1,0
37,18,107.69599914550781,91262,2,3.3377095800144536,2,0,0,0,0,1,0
51,31,47.271820068359375,92048,2,4.704457245015956,3,249,0,0,0,1,0
47,20,43.33097457885742,92407,3,0.9252143755325576,1,0,1,0,0,1,0
34,6,67.30533599853516,92983,2,2.186102267379132,3,121,0,0,0,0,0
34,8,34.452850341796875,94367,4,1.027717449918202,3,0,0,0,0,1,0
45,23,120.62373352050781,92522,1,0.21274242553300832,3,0,0,0,0,0,0
45,7,120.59635925292969,92166,1,6.806479962256459,3,631,0,1,0,0,0
63,37,59.87238693237305,95726,3,1.6003090943477751,1,0,1,0,0,0,0
59,33,26.759925842285156,90386,4,0.5802080433723434,1,0,1,0,0,1,0
50,26,40.20079803466797,95432,4,0.5837037431981071,1,0,0,0,0,0,0
62,11,66.80216217041016,90865,2,2.0137512602310483,3,300,0,0,0,0,0
63,37,192.37796020507812,94064,2,5.033713831093727,1,0,1,1,0,1,0
46,28,119.85223388671875,93511,2,0.3052120514394347,3,0,0,0,0,0,1
35,0,55.378604888916016,92647,1,1.8085168324123444,3,0,0,0,0,0,0
59,17,37.577701568603516,93048,4,1.0310296816251452,2,0,0,0,0,0,0
43,19,37.09558868408203,94933,4,0.4671433446801733,1,162,1,0,0,1,0
59,26,54.46745681762695,95822,4,1.6978107823094264,1,0,0,0,0,0,0
66,40,29.43500518798828,95152,2,0.2589872599140866,1,130,1,1,1,1,0
51,16,52.87596130371094,94374,3,1.880264479849959,1,0,0,0,0,0,0
57,35,94.54635620117188,90150,2,2.3807728745843635,2,0,0,1,0,1,0
33,12,120.01830291748047,93001,1,1.2481763348720212,3,0,0,0,0,1,1
43,4,145.2740020751953,92807,1,0.16744757688777745,3,0,1,0,1,1,1
29,15,19.172046661376953,92063,4,0.3826255762723445,3,0,0,0,0,0,0
34,7,48.45033645629883,90150,4,0.3316028168425926,1,0,0,0,0,1,0
49,38,106.90841674804688,91332,4,2.569665979062142,3,275,1,0,0,1,1
59,35,69.48216247558594,91525,4,2.556937396007462,1,145,1,0,0,1,0
53,28,56.52110290527344,92210,1,0.1643952509889831,3,0,1,1,0,0,0
61,25,61.13962936401367,90963,4,2.852244616479929,2,0,0,0,0,0,0
47,27,100.2823715209961,95455,4,0.25054457835044536,3,0,1,0,1,1,0
33,8,81.28349304199219,90251,2,2.655620742922052,2,152,0,0,0,1,0
58,37,66.22402954101562,91819,1,2.427187053525085,2,96,0,1,0,0,0
42,12,92.36546325683594,91505,3,0.8929145268901577,2,0,0,0,0,1,0
30,2,98.57254791259766,89586,3,1.7029771544392776,1,0,0,0,0,1,0
31,7,60.34083557128906,95700,1,1.5275003288623652,3,0,1,0,0,0,0
60,33,26.617454528808594,94498,2,1.5961538654908876,3,77,0,0,0,0,0
63,37,59.0335693359375,90341,4,1.598259489044136,3,0,0,1,0,0,0
62,11,166.318359375,92150,1,3.83905521148083,1,539,0,0,0,0,0
60,34,61.15827178955078,94513,4,0.45928408384450675,2,0,0,0,0,1,0
63,33,69.99302673339844,89908,3,1.8492964295183698,3,0,0,1,0,1,0
33,15,31.755420684814453,94163,4,0.6265085044016832,3,94,0,0,0,1,0
48,19,23.677011489868164,91231,4,1.614369574567411,2,0,0,0,0,1,0
51,22,122.66561889648438,92883,2,2.595261191057295,3,0,0,0,0,0,1
50,24,24.514646530151367,94206,4,0.09062329267749117,1,0,1,0,0,0,0
59,36,160.95265197753906,91889,3,1.5908814669666917,2,0,0,0,0,1,0
30,4,54.142662048339844,95381,4,0.04167490247031441,2,111,0,0,0,1,0
37,8,194.28372192382812,95108,2,7.7021657774145105,1,0,1,0,0,1,0
39,13,173.4923858642578,92394,1,6.424649753023912,1,0,0,0,0,1,0
40,23,89.86092376708984,91482,2,0.04607642788204647,1,216,0,0,0,0,0
47,25,115.60442352294922,92383,3,3.027225289843565,2,0,0,0,0,0,0
45,22,96.83284759521484,92935,3,2.184257345994209,2,0,0,1,0,1,0
51,40,44.287109375,90223,3,0.8616389737130965,3,146,0,0,0,0,0
32,6,36.81391143798828,93096,2,0.3525604753654136,1,0,1,0,0,1,0
54,22,38.902244567871094,89986,1,0.8028944842905041,1,105,1,0,0,1,0
53,31,35.613868713378906,91207,3,0.17342967215565297,1,149,1,0,0,1,0
57,27,41.07335662841797,91900,4,0.8618050766715198,1,0,0,0,0,1,0
44,30,31.136171340942383,91939,1,4.762561326785911,3,0,1,1,1,1,0
48,15,23.04311752319336,91174,1,0.7719338184866872,3,0,0,0,0,1,0
37,15,103.17803955078125,92133,4,2.1600559237470343,2,0,0,0,0,0,0
41,19,64.78417205810547,96187,4,1.359156559452513,3,0,0,0,0,1,0
35,22,104.13011169433594,91015,1,1.6919406287802914,2,0,1,0,0,1,0
55,38,48.625553131103516,91949,3,0.9734649276210204,1,0,0,1,0,1,0
62,38,39.91708755493164,94656,4,0.9046632728576272,3,0,1,0,0,1,0
59,27,19.174762725830078,92617,3,0.4391866795823331,3,0,0,0,0,1,0
47,30,40.465328216552734,93791,4,2.2362589622041074,2,0,0,0,0,1,0
31,6,65.65040588378906,91438,3,1.0195448574801915,1,0,0,0,0,1,0
30,6,37.37799835205078,92037,1,0.3934476340450195,2,0,0,0,0,1,0
32,2,64.16777038574219,94106,3,2.36683549380832,3,0,1,0,0,0,0
28,1,168.70761108398438,92035,2,5.435865321380291,1,0,0,1,0,1,0
36,4,42.287139892578125,94589,4,2.6480614933194464,2,0,0,0,0,1,0
26,3,81.82282257080078,94350,3,2.158787329933517,2,533,0,0,0,0,0
44,20,42.9121208190918,94631,3,0.37893002280336613,3,302,1,0,0,0,0
65,39,69.02056121826172,92650,2,1.2450699706127384,3,0,0,0,0,1,0
29,0,51.032318115234375,92753,2,1.463291210712764,1,148,0,0,0,1,0
40,21,52.90886306762695,91159,3,1.4623479367057772,1,0,1,0,0,0,0
49,26,16.54856300354004,91912,2,0.8097087968691506,1,0,0,0,0,1,0
60,31,53.27763748168945,95723,2,1.9564488446188388,3,0,0,0,0,0,0
32,7,18.388092041015625,95008,1,0.5369831587184932,3,0,1,0,0,0,0
40,15,60.79878616333008,95329,4,1.0652660011774344,3,0,0,0,0,1,1
65,41,21.005287170410156,95871,1,0.20930595943230382,3,199,0,1,0,1,0
43,23,25.363649368286133,90979,2,0.5694281771976479,3,0,0,0,0,1,0
54,30,31.82250213623047,90563,4,1.0981512863764968,2,0,0,1,0,0,0
39,15,64.04341888427734,92347,4,1.1384641830432523,3,0,1,0,0,0,0
38,14,170.32626342773438,91761,2,7.437905319152216,1,0,0,0,0,0,0
40,17,79.11860656738281,90073,3,1.8661222239602,3,0,0,0,0,0,1
32,13,108.477783203125,92157,1,0.2304602285930345,1,132,1,0,1,1,0
45,13,77.9490966796875,91807,2,1.4541027593493894,3,0,1,0,0,1,0
34,4,33.7923583984375,94245,1,0.24450277382462401,1,91,1,0,0,1,0
61,38,52.98722457885742,91861,2,2.7389696228499187,1,0,0,0,0,1,0
51,26,134.3338623046875,90134,3,0.4743888927894538,2,0,1,0,0,0,0
39,12,36.67951202392578,92128,1,2.1588242161728326,2,0,0,0,0,1,0
50,32,195.4927978515625,92900,2,6.505196421224717,1,0,0,0,0,1,0
53,24,61.43330001831055,92919,1,1.8239480457363768,3,0,0,0,0,1,0
58,27,15.234593391418457,94489,4,0.43343538534605114,2,153,1,1,1,1,0
37,23,46.905372619628906,94777,1,0.030168745179281642,1,82,1,0,0,1,0
55,31,58.52132797241211,92331,3,1.742796653177945,3,167,0,0,0,1,0
31,9,22.674022674560547,92768,2,1.9468346544599662,3,66,1,0,0,0,0
29,1,21.019603729248047,90042,3,0.9098669032575342,2,204,0,0,0,0,0
42,26,149.7294158935547,96233,1,5.2088177185037186,1,0,0,0,0,0,1
62,39,11.294205665588379,93462,3,0.32202118561365123,2,0,0,0,0,1,0
56,31,152.50436401367188,92184,2,5.67282369109085,1,75,0,0,0,1,0
53,16,105.80691528320312,92909,2,4.857207173691175,1,412,0,0,0,0,0
36,11,9.490795135498047,91858,1,0.2669031923379012,3,0,0,0,0,1,0
51,24,149.72071838378906,95870,2,7.429231366672428,1,224,1,1,1,0,0
37,12,20.461734771728516,95034,4,0.04951554454683271,1,0,0,0,0,1,0
56,31,28.80167007446289,95573,4,0.9165285758714229,2,0,0,0,0,0,0
32,6,96.92301940917969,91425,2,3.7537011657869477,2,0,1,0,0,0,0
30,5,178.03150939941406,92534,1,1.2127231125653615,1,186,1,0,0,1,0
27,2,188.01783752441406,91347,2,1.2138507320646943,1,0,0,0,0,0,0
38,6,175.7828826904297,94990,4,8.527896777133362,1,0,0,1,0,1,0
32,6,30.563282012939453,91441,4,0.3736248076957523,1,0,0,0,0,0,0
27,6,111.22749328613281,91150,2,3.9837502613923284,2,0,1,0,0,1,1
43,31,77.48094940185547,95572,3,3.9346201607904594,1,252,1,1,1,1,1
47,26,57.88883590698242,90935,2,0.23616207385370702,1,367,1,0,0,1,0
50,8,55.71675491333008,90787,1,0.22541502639330252,3,0,1,0,0,0,0
45,30,45.43880081176758,89657,4,2.194229911492642,3,0,1,0,0,1,0
38,14,149.57940673828125,90290,4,2.962601643659845,1,0,0,0,0,0,1
41,3,51.304443359375,94439,2,1.1599910588483673,3,120,1,0,0,1,0
51,27,44.04302978515625,91645,4,0.2640969940128197,1,0,0,0,0,1,0
54,32,49.869903564453125,94540,4,1.6013125650039373,2,0,0,0,0,0,0
47,20,52.213375091552734,93504,2,0.26617808071314275,2,0,0,0,0,0,0
52,27,101.81909942626953,92651,2,1.8483904922593477,2,0,1,0,0,1,0
29,8,19.940988540649414,94544,1,0.12230030775537079,1,0,0,0,0,1,0
37,15,151.59228515625,92035,3,0.2539720182058983,1,0,0,0,0,1,0
30,9,146.70567321777344,95121,4,3.545841947923561,1,0,0,0,0,1,0
53,34,42.38829040527344,96296,2,1.6630096024063619,2,0,1,0,0,1,0
53,26,36.10356140136719,94039,1,0.3913949056687435,2,0,1,0,0,1,0
40,24,62.70035171508789,91960,3,1.5785296697433784,3,0,0,0,0,1,0
37,11,94.3700942993164,94530,1,1.97116676710948,1,0,0,0,0,0,0
30,2,55.827735900878906,94515,4,1.9133425518979263,3,299,0,0,0,1,0
36,5,82.08445739746094,91654,2,2.932047644144068,3,0,0,1,0,0,0
36,8,25.6164608001709,91197,1,1.0938356681180996,3,131,1,0,0,0,0
63,38,14.3707914352417,95728,1,1.0577695339014583,1,0,1,0,0,0,0
60,34,49.090450286865234,94324,4,1.7557256907735046,2,0,1,0,0,0,0
47,15,83.82691955566406,91340,2,1.25480317262789,3,335,0,0,0,1,0
42,20,48.41864013671875,95028,3,2.2441501973622353,3,170,0,0,0,1,0
38,17,101.34564971923828,95052,2,4.109110086367416,1,0,0,0,0,1,0
51,30,64.08110046386719,91182,2,2.1267706694281423,2,193,1,1,1,1,0
52,28,52.1196174621582,94400,2,1.267902369706522,3,0,0,1,0,1,0
47,23,18.221996307373047,94066,3,1.3865821116901997,2,0,1,0,0,0,0
31,6,107.1067123413086,91482,1,0.6037726197807768,2,0,0,0,0,1,0
54,32,33.85929870605469,90159,3,1.0371099676919575,3,0,0,0,0,1,0
63,34,42.82520294189453,95619,3,0.21316873001653158,3,0,0,0,0,1,0
25,0,28.71497917175293,91472,4,0.7102747690451419,2,0,0,0,0,0,0
37,7,38.31433868408203,93734,3,0.12995711660608872,1,0,1,1,0,0,0
27,5,213.80870056152344,94460,2,5.2667829924456715,1,105,0,0,0,0,0
60,35,50.018978118896484,90416,4,0.8287714277558225,2,0,0,0,0,0,0
30,6,132.1427459716797,93597,2,1.4623842243659568,1,117,0,0,0,0,0
53,29,38.083885192871094,92087,4,2.2255355896890894,1,0,1,0,0,1,0
32,5,22.205245971679688,95233,4,0.046587810913885475,3,102,0,0,0,0,0
40,16,30.61252784729004,96347,4,1.3991261542501385,3,0,1,0,0,1,0
25,1,84.4275894165039,95410,4,1.1203712391099838,1,0,0,0,0,0,0
48,21,57.38649368286133,94738,4,0.8844238253897573,2,0,0,0,0,1,0
58,32,49.18526840209961,90394,2,1.0357411217398995,3,0,0,0,0,1,0
53,17,161.79110717773438,95120,2,3.3320667965653312,1,0,1,0,0,0,0
60,33,12.772383689880371,93152,3,0.807946717564271,3,0,0,1,0,1,0
46,25,41.25612258911133,91314,2,1.4613282425753802,1,358,1,0,0,0,0
61,37,57.43263244628906,95000,2,1.1403039084319222,1,63,0,0,0,1,0
58,28,72.01937866210938,91766,1,1.9974355553830159,1,0,0,1,0,0,0
42,16,74.67546081542969,91380,3,1.414160142074168,3,336,0,0,0,1,0
25,1,68.29684448242188,95523,2,1.7179101599550644,1,410,0,1,1,1,0
39,21,80.83995819091797,94567,2,5.1955649271528035,3,112,0,0,0,0,0
61,34,51.676307678222656,94027,4,2.3151358097643433,3,0,0,1,0,0,0
63,39,88.49623107910156,91010,2,0.9145164345555026,1,161,0,0,0,1,0
55,32,68.12275695800781,95094,1,1.007713125205846,3,0,0,0,0,1,0
32,3,125.32986450195312,95617,1,1.8830778292870498,1,435,0,1,0,0,0
51,27,91.3321304321289,91242,1,3.408822851088773,3,0,0,0,0,0,0
43,15,55.98765563964844,94559,4,0.9058225518596497,3,240,0,0,0,0,0
42,13,206.51821899414062,90238,2,4.79131474388767,1,0,0,1,0,1,0
31,5,30.177520751953125,92529,4,1.019639863259615,3,0,0,0,0,0,0
32,8,40.87394714355469,90162,2,1.2659641677910973,1,248,0,0,0,1,0
62,34,121.92037200927734,89999,1,2.1333882810319245,1,0,0,0,0,1,0
64,38,181.50189208984375,90225,1,5.099568334707465,2,0,0,0,0,1,1
35,3,178.55784606933594,94076,2,5.538569387404088,3,0,0,0,0,1,0
50,12,83.67532348632812,94526,1,2.405630862428,3,249,0,0,0,0,1
31,3,63.4107666015625,92179,3,2.638487092179209,1,0,0,1,0,1,0
55,36,14.080745697021484,94654,4,0.15918435922814816,3,170,0,1,0,1,0
45,19,44.76227569580078,92428,2,0.8531941275882026,3,0,0,1,0,1,0
33,9,70.11497497558594,92199,3,2.3346746415387836,1,0,0,0,0,0,0
34,11,83.95834350585938,93125,2,0.26655784077039435,1,149,0,0,0,1,0
61,36,30.4217586517334,95583,3,0.4836880814847273,3,0,0,0,0,0,0
39,9,104.17284393310547,94774,2,2.3617415331694334,3,0,0,0,0,0,0
41,16,35.406883239746094,91998,2,1.9504888855261253,1,0,0,0,0,1,0
40,15,131.44906616210938,93107,2,6.512264343038663,2,248,0,1,1,1,0
48,23,43.93381118774414,90471,3,1.4533643424373612,3,0,0,0,0,0,0
53,32,46.15027618408203,94291,2,2.7271848872875117,2,121,1,0,0,1,0
59,35,50.80141830444336,89976,4,4.5015014756042575,1,0,1,0,0,0,0
30,5,20.368701934814453,90427,4,1.065091932525824,1,0,1,0,0,1,0
66,37,57.29588317871094,95563,1,2.5097470644540856,2,0,1,1,0,1,0
36,12,74.88125610351562,91042,3,2.522019850616132,1,0,0,0,0,1,0
49,31,18.161937713623047,94845,2,0.27794418702935414,3,0,0,0,0,0,0
63,35,155.10092163085938,95542,3,0.379485810537739,2,0,0,0,0,1,0
55,40,52.09214782714844,92707,4,1.8394902671432225,1,0,0,0,0,0,0
58,35,48.25102996826172,90265,4,1.30064818394673,1,174,1,1,0,0,0
62,39,74.42677307128906,91509,1,1.2814344699138998,3,146,0,0,0,1,0
61,35,106.34425354003906,90961,1,2.1265722278741617,1,0,0,0,0,1,0
66,41,71.67166137695312,92172,4,2.245701505320789,2,0,0,0,0,1,0
37,10,103.32675170898438,89682,2,2.311674547331387,1,0,0,0,0,0,0
48,15,137.14566040039062,91532,1,3.4231860696068646,1,0,0,0,0,0,0
56,32,17.978551864624023,94472,4,0.3639508739916949,2,0,1,0,0,1,0
33,8,33.166385650634766,94605,4,2.1042620123893316,3,0,0,0,0,1,0
64,32,21.43661117553711,92981,4,0.6539944265448643,2,0,0,0,0,0,0
44,20,40.292236328125,94932,1,0.3902507555811679,3,152,0,0,0,1,0
45,24,87.9518051147461,92928,2,4.943199985042291,1,106,0,0,0,1,0
62,35,83.38739013671875,92902,1,3.451322579047496,3,0,0,1,0,1,0
28,9,52.17328643798828,93835,2,4.675246131365577,3,0,0,0,0,0,0
60,35,21.56328582763672,91445,4,2.444466200416787,2,0,0,0,0,1,0
41,13,71.10324096679688,91424,3,0.569340065309144,2,0,0,0,0,1,0
61,37,12.965116500854492,93734,2,0.08557230742885347,3,0,1,0,0,1,0
60,32,64.98209381103516,90276,3,0.8363377510092179,1,0,0,1,0,0,0
50,24,55.799320220947266,92581,3,0.6256806298231101,2,0,0,0,0,0,0
42,30,83.7804183959961,95279,3,2.706183737667669,1,0,0,0,0,1,0
56,29,110.8547592163086,94678,2,2.9972913505497427,1,0,0,0,0,0,0
46,4,151.07203674316406,92263,1,1.4701241442618505,1,128,0,0,0,1,0
63,36,77.50894927978516,90063,3,1.447954846164734,3,0,1,0,0,1,0
61,37,37.990867614746094,92509,3,0.21180189859273285,2,0,1,0,0,0,0
30,7,16.950031280517578,92882,4,2.3584165460430935,2,100,1,0,0,1,0
58,30,40.15839767456055,95500,4,0.5484046386924725,3,0,0,0,0,1,0
55,15,54.716644287109375,95520,4,4.300307192516641,1,0,1,0,0,1,0
44,12,104.4097900390625,95313,2,0.3449104003802007,3,0,1,0,1,1,0
49,27,31.219404220581055,92096,4,0.8111997435301992,2,109,0,1,0,1,0
53,34,65.48372650146484,90230,1,2.4117722087518563,2,0,0,0,0,0,0
52,29,48.252506256103516,89927,2,1.627519871220323,2,208,0,0,0,0,0
60,24,170.47897338867188,92411,1,5.523893033193415,1,0,0,0,0,0,0
27,10,134.82460021972656,91030,2,0.3325875860607296,1,0,0,0,0,1,0
41,19,34.09757995605469,94611,1,0.5636591010637868,3,0,1,0,0,1,0
42,17,76.59906768798828,89922,1,2.624964564199377,3,0,0,0,0,1,0
33,11,15.646549224853516,96078,1,0.4554274023875051,2,100,0,1,0,1,0
49,27,44.55888366699219,90072,1,1.3532922832444454,3,0,1,0,0,0,0
66,36,41.69511413574219,95779,4,0.31287143270492485,2,0,0,0,0,1,0
56,30,78.47591400146484,90063,4,1.5403358929351676,3,0,1,0,0,1,0
28,6,39.29527282714844,94906,1,2.2925868370482707,1,91,1,0,0,0,0
62,35,18.830148696899414,91041,4,0.31197001651860146,2,0,1,0,0,1,0
26,-1,34.59479522705078,94178,4,0.6115803388978557,1,73,1,0,0,0,0
56,17,9.056824684143066,95035,3,0.9759081833298184,2,105,0,0,0,1,0
38,9,71.327880859375,92844,4,1.0620992847273334,1,0,0,0,0,0,0
36,14,78.77436828613281,94989,2,0.994093471321382,1,229,0,0,0,1,0
50,37,196.13385009765625,91414,4,5.980057890803456,3,0,0,0,1,1,1
43,21,102.04246520996094,94372,2,1.8299517378370183,1,0,1,0,0,0,0
67,41,105.60076141357422,91120,1,2.60759957697143,2,596,0,0,0,1,1
53,31,64.79651641845703,94546,3,2.36186200972655,3,0,0,0,0,1,0
53,23,99.10454559326172,90038,2,3.198947031228355,1,154,0,0,0,1,0
42,12,25.916690826416016,95972,4,0.18100467541673365,1,0,1,0,1,1,0
33,5,81.47901916503906,94663,4,2.644691846377306,2,316,0,0,0,0,0
60,38,61.739219665527344,95128,2,0.0008329199347538729,1,139,0,0,0,0,0
40,17,133.47354125976562,90425,1,3.8181285218565515,1,0,0,0,0,1,0
39,21,104.4487075805664,95025,4,0.4642197325697227,3,259,0,0,0,1,0
34,7,123.7009048461914,92188,4,0.5801225297892318,2,521,0,0,0,1,0
59,36,96.36820983886719,93845,2,2.3197512681579973,1,0,1,0,0,0,0
63,36,77.14287567138672,91498,1,1.0805358647944208,1,125,0,0,0,0,0
25,0,24.231359481811523,95335,2,0.03494197475694061,3,0,0,0,0,0,0
36,6,34.25841522216797,95192,1,1.3237373571834428,1,106,0,0,0,0,0
49,20,141.70162963867188,92785,1,0.19317801290060954,1,0,0,0,0,0,0
48,21,34.44126892089844,90924,3,0.0028638192732085566,3,0,1,0,0,0,0
57,26,80.50740051269531,95456,2,0.11969927731094215,1,88,1,0,0,1,0
24,-1,77.77664184570312,96104,2,1.2600981185056932,3,0,0,0,0,1,0
32,7,54.639163970947266,92139,1,0.8159207229879359,1,97,0,0,0,0,0
32,14,117.17498779296875,92056,1,4.5430554326756205,1,361,0,1,0,1,0
37,14,31.62704086303711,91022,4,1.1556088751934817,3,134,1,0,0,0,0
59,33,63.38610076904297,92326,1,1.004755596869877,1,0,0,0,0,1,0
38,20,64.0309829711914,95933,2,2.2250255836858073,3,0,0,0,0,0,0
31,9,63.944427490234375,91423,1,0.40056041298983935,3,0,0,0,0,1,0
54,39,93.48314666748047,92267,3,1.3189706519837339,1,0,0,0,0,1,0
50,27,154.00816345214844,92950,1,4.127143989601547,1,0,0,0,0,0,0
50,39,89.37366485595703,92995,1,1.0380652830487072,1,390,0,0,0,1,0
64,38,78.36679077148438,95487,1,0.7939149923037404,1,0,0,0,0,1,0
44,8,39.1006965637207,94201,1,2.0909860049955307,3,0,0,0,0,0,0
41,18,50.695011138916016,95422,4,2.457076408185819,1,0,0,0,0,0,0
44,28,25.336772918701172,94675,4,0.5658409232465638,3,0,0,0,0,1,0
64,41,74.65689086914062,94211,3,0.19283746283427794,2,0,1,0,0,1,0
50,16,45.160648345947266,93149,1,0.3338152691040812,3,0,0,0,0,1,0
30,4,70.38365936279297,94140,3,2.5183267395424855,1,0,0,0,0,0,0
54,26,141.6683349609375,94620,1,2.5587030100732373,1,0,0,0,0,1,0
55,27,64.73204803466797,94765,3,0.3269226598363707,2,0,0,0,0,1,0
43,16,119.96532440185547,94794,4,4.790871439959036,1,0,1,0,0,1,0
33,5,83.59286499023438,94440,1,1.9974726858845908,2,0,1,0,0,1,0
41,16,77.6515884399414,94320,4,2.116115559381894,2,0,0,1,0,1,0
56,33,31.263919830322266,91224,1,0.024698319561475002,1,0,0,0,0,0,0
37,19,57.0514030456543,90291,1,1.6864765799428374,3,0,0,0,0,0,0
44,14,77.4316635131836,95865,1,0.6716669787800081,1,0,0,0,0,1,0
44,19,120.56420135498047,90449,1,0.4730468086470083,1,0,0,0,0,0,0
31,7,27.787099838256836,91917,1,0.0037783745929479418,2,0,0,0,0,1,0
65,40,105.83863067626953,91836,3,2.1981559026921467,2,115,0,0,0,1,0
38,6,131.1924591064453,92057,2,0.8149896666115098,3,433,0,0,0,0,0
50,19,50.63638687133789,92141,2,1.6121453523486786,3,0,0,0,0,1,0
30,12,97.36778259277344,93420,1,2.364931406722243,1,134,0,0,0,0,0
58,36,66.74038696289062,91865,1,2.4651107011932245,3,0,0,0,0,0,0
34,16,99.93513488769531,94838,2,2.8136437028301695,1,0,1,0,0,1,0
60,37,22.92384147644043,93924,3,1.4081768593769928,2,0,1,0,0,1,0
63,37,56.14678192138672,94240,3,1.6675246639181824,3,0,0,0,0,0,0
36,7,30.491256713867188,91290,1,0.834487965801052,1,0,1,0,0,1,0
38,11,79.22628021240234,95620,2,2.808047991155218,1,0,0,0,0,0,0
34,4,62.54084777832031,92335,1,1.5351873231116586,1,0,1,0,0,1,0
58,23,80.69190979003906,90737,2,0.6727075057962699,3,0,0,1,0,0,0
55,32,47.42679214477539,95479,1,0.3976766285759623,3,0,0,0,0,1,0
33,8,99.46165466308594,94692,1,7.502398056307506,3,0,0,0,0,1,0
44,24,67.93437194824219,94618,4,0.9722468776750547,2,0,0,0,0,1,0
41,8,97.50707244873047,94515,1,2.3454207397156956,1,178,0,0,0,1,0
31,3,92.60492706298828,92093,1,2.6800863905392043,1,532,0,0,0,1,0
48,34,48.8216667175293,90589,3,3.242796131510536,2,0,1,0,0,1,0
32,3,97.78044128417969,93058,4,2.698856899341368,2,139,0,1,0,0,0
43,19,16.631622314453125,93504,2,0.2812401895148299,2,0,0,0,0,1,0
36,9,53.01660919189453,94782,1,1.7040898818096604,3,0,0,0,0,0,0
57,29,128.33917236328125,91994,2,4.1622594827522,3,0,0,0,0,1,1
40,11,62.19248962402344,95089,2,2.2185767911140433,3,0,0,0,0,0,0
48,14,60.005653381347656,94249,2,1.7628636293102193,3,0,0,0,0,0,0
33,8,67.4169921875,91490,4,1.1660231696364813,3,0,0,0,0,0,0
49,30,69.44598388671875,94143,2,0.013058084105046941,2,0,0,1,0,0,0
33,8,138.90786743164062,90506,1,3.6609057068501683,2,0,0,1,0,1,0
28,0,43.63410949707031,90834,2,0.44990340512354676,1,0,0,0,0,0,0
30,7,48.086299896240234,90263,4,0.20447229438860307,2,0,0,0,0,0,0
57,27,29.66330909729004,92365,4,2.1485885480955202,1,0,0,0,0,0,0
64,39,41.560569763183594,93146,4,0.9034698387121417,3,0,0,0,0,1,0
61,28,54.831878662109375,89922,4,0.9936345669556272,1,0,1,0,0,0,0
43,22,73.14708709716797,91117,4,3.013294787471726,1,0,0,0,0,0,0
33,10,47.85275650024414,95655,2,1.5432300763515392,1,0,0,1,0,0,0
54,25,96.41098022460938,91418,2,6.09549936965803,1,0,0,0,0,0,0
43,7,37.27251434326172,94255,4,0.8660668606556224,2,0,0,0,0,1,0
39,25,188.90594482421875,95751,2,0.38310126684543794,1,0,1,0,0,0,0
62,42,51.294315338134766,92833,4,0.9377968160731378,2,0,0,0,0,1,0
53,25,65.14839172363281,94020,2,2.1327029594861577,1,0,1,0,0,1,0
37,3,124.21673583984375,91827,3,3.8617399499540443,2,0,0,1,0,0,1
51,19,27.727027893066406,91393,3,1.4102334320960297,1,0,0,0,0,1,0
35,20,14.355587005615234,91743,4,0.053800393039426325,2,111,0,0,0,1,0
51,28,140.45057678222656,89906,2,2.884943962666708,1,0,0,1,0,1,0
23,7,38.67578887939453,90319,4,0.8176755927811299,1,0,0,0,0,0,0
62,35,77.37445831298828,94430,1,1.3119576749880946,2,0,1,0,0,1,0
49,26,29.801137924194336,95245,3,0.3442563916902978,2,0,0,0,0,1,0
42,17,86.0931625366211,90238,4,1.5693291948460564,2,0,1,0,0,1,0
50,34,68.84603118896484,92200,4,2.3306056784683107,3,296,0,0,0,0,0
27,2,79.90058135986328,95013,2,1.4881433010375482,2,0,0,0,0,0,0
55,17,113.52144622802734,92688,2,1.8394480055331859,1,378,1,0,0,0,0
62,37,20.914939880371094,95171,2,0.23457425571986557,1,0,0,0,0,0,0
30,7,9.367997169494629,93836,2,0.9714000291808954,2,87,1,0,0,1,0
45,16,47.23030090332031,93272,4,1.3581869022190984,3,0,1,0,0,0,0
48,24,159.57852172851562,95178,4,7.211485550386849,1,0,0,0,0,1,0
30,7,167.17323303222656,94629,3,2.2744893162844786,2,375,0,0,0,1,1
44,26,198.62014770507812,90520,2,6.329754374217288,1,0,0,0,0,0,0
30,-2,63.594749450683594,93975,3,0.1727352411036718,2,0,0,0,0,0,0
53,29,39.72922897338867,90123,4,0.9321528986336961,1,77,0,0,0,0,0
62,37,68.24221801757812,90891,3,1.6050246877408096,2,147,1,0,0,1,0
61,38,45.767879486083984,94381,3,1.929464183631408,3,0,1,0,0,1,0
53,26,43.11878967285156,92318,3,1.765524715412047,2,0,0,0,0,1,0
65,38,48.08604431152344,92166,4,1.6812295283569392,3,90,0,0,0,1,0
45,8,53.14360427856445,94551,1,1.0983693548083169,3,0,0,0,0,1,0
55,31,85.35891723632812,90590,2,2.964947242301975,3,0,0,0,0,1,0
33,10,118.40604400634766,94847,4,5.421196563079946,2,0,0,0,0,1,0
48,27,184.0936737060547,92551,1,5.471142943030277,3,0,0,1,0,1,1
47,27,39.41844940185547,91483,3,1.3227401742653946,3,0,0,0,0,1,0
56,32,30.10468292236328,92661,1,0.12580595553234272,2,0,0,0,0,0,0
29,4,65.58560180664062,93765,2,2.3839770866855012,1,0,0,0,0,0,0
34,23,89.17972564697266,92402,2,3.066237092725643,1,0,0,0,0,1,0
39,15,70.17280578613281,94951,2,0.7012709388994013,2,0,0,0,0,1,0
30,12,13.485391616821289,92486,4,0.48316647996289386,1,0,1,0,0,0,0
59,33,40.927730560302734,94389,4,0.9548093358764187,2,142,1,0,0,0,0
52,31,14.821184158325195,92937,4,0.03835168123157118,1,0,0,0,0,0,0
27,5,49.533199310302734,94474,2,0.6230196507902932,1,101,0,0,0,0,0
46,22,49.256080627441406,91059,1,0.6945835503960557,1,0,0,0,0,1,0
55,23,156.94078063964844,95602,2,8.59838942087547,1,0,1,0,0,0,0
58,40,101.20460510253906,92166,3,1.9912170875366493,1,0,0,0,0,1,0
60,33,60.613494873046875,90991,3,0.9971706192525522,2,0,1,0,0,0,0
30,8,58.28067398071289,92456,1,3.0726801945637856,3,0,0,0,0,1,0
64,39,64.93629455566406,90909,3,0.1852112704007111,3,0,0,0,0,1,0
35,11,64.71356201171875,90229,4,0.5368963459826854,2,129,1,0,0,0,0
40,14,105.10829162597656,94741,2,1.4867041774008734,1,0,0,0,0,1,0
48,11,133.39691162109375,91828,4,1.689746566274239,1,0,1,0,0,1,0
47,16,67.38229370117188,90167,3,2.9794651730473154,1,0,0,0,0,1,1
31,4,115.4472427368164,94687,4,0.2232354986080689,2,0,1,0,0,0,1
38,15,30.050853729248047,95506,1,2.4285185443933384,3,0,1,0,0,1,0
54,20,171.3489990234375,91931,2,3.381689489940195,1,0,0,0,0,1,1
52,28,40.000308990478516,92197,3,1.6579794700148927,1,0,0,0,0,0,0
60,36,33.72574234008789,95006,4,0.10454903074109301,3,0,0,0,0,0,0
36,8,116.74569702148438,90243,1,3.2038553833463106,3,0,0,0,0,0,1
38,16,42.1085205078125,96599,3,0.91986323891645,3,140,0,0,0,0,0
46,6,155.9756622314453,90057,2,6.079645452999404,1,0,0,1,0,0,0
63,39,56.94643020629883,93789,1,2.5742650589632916,3,0,0,1,0,0,0
39,11,60.76707458496094,94635,2,1.9294991759478592,2,0,0,0,0,0,0
37,15,29.510507583618164,93395,4,0.38030674748790394,3,163,0,0,0,0,0
64,35,23.160816192626953,94538,3,1.644040762035459,2,137,1,0,0,0,0
57,34,36.3922119140625,90642,4,0.25628060090915533,1,0,0,0,0,1,0
52,21,66.86024475097656,91372,1,3.3986832815437253,3,0,0,0,0,1,0
56,21,15.748174667358398,93058,2,0.06250028677430186,3,0,0,0,0,1,0
44,11,90.30870056152344,90417,3,1.3813465352498762,1,375,1,1,0,0,0
45,19,158.55931091308594,92348,2,0.9906115849401771,1,0,0,0,0,1,0
39,14,140.15565490722656,92051,2,0.9229765535823545,1,0,1,0,0,1,0
43,17,180.79653930664062,95731,2,5.411362701296455,1,0,0,1,0,1,0
44,26,45.18812561035156,95109,1,0.6235969355770427,2,0,0,0,0,1,0
31,6,122.67008972167969,94071,3,6.710241964622966,1,0,0,0,0,0,1
46,21,52.57764434814453,92887,1,1.0378030656553445,2,0,1,0,0,1,0
35,7,88.36602783203125,94586,2,0.6877747435008109,3,0,0,0,0,0,0
45,20,35.22385025024414,93040,2,2.155985001174922,2,0,0,1,0,1,0
58,31,16.646480560302734,92756,3,1.7948160956344565,2,0,0,1,0,1,0
30,5,60.05772399902344,93839,4,1.1586742097885134,3,0,0,0,0,0,0
39,15,165.73912048339844,90425,1,0.27526028575460415,1,0,0,0,0,1,0
45,23,48.56401062011719,90287,2,0.7049745717871682,3,0,0,0,0,0,0
43,19,59.1671028137207,95381,3,1.6061705975861105,2,0,0,0,0,1,0
62,39,32.81968688964844,92977,2,0.13551660638699747,2,0,0,0,0,0,0
60,32,60.9099006652832,94557,3,0.1357115237898672,1,91,1,0,0,1,0
60,30,17.79442596435547,93458,3,0.3309770655524677,2,0,1,0,0,1,0
62,39,51.128929138183594,95927,3,0.2708273296674428,1,167,1,0,0,1,0
57,27,48.1071891784668,92838,4,1.1987700962975196,3,0,1,0,0,1,0
37,8,59.35590362548828,92013,3,0.8330552780187206,1,111,0,0,0,0,0
46,19,123.75802612304688,93142,1,6.9173020769417395,1,0,0,0,0,0,0
63,32,33.472129821777344,90215,4,1.1503304649374348,1,159,1,0,0,1,0
37,20,28.5462703704834,95703,3,0.6540081645459113,2,161,0,0,0,1,0
42,23,90.05708312988281,90355,3,2.2860960932662944,1,498,1,0,0,1,0
44,17,57.38041687011719,91875,3,0.21018089987874722,3,0,1,0,0,1,0
31,17,49.803951263427734,91105,1,0.3710709273347442,1,79,0,0,0,1,0
32,9,94.879150390625,91953,4,1.1500021004606888,1,0,1,0,0,1,0
43,30,54.4091796875,94588,2,0.38529059058733134,3,0,0,0,0,1,0
31,5,39.9017333984375,92123,3,0.7610031405903426,2,0,0,0,0,1,0
54,30,97.19171142578125,92342,3,2.470711052433244,3,0,1,0,1,1,0
33,9,106.29305267333984,91901,2,1.5860197130250202,3,0,1,0,0,1,0
31,7,46.32459259033203,95930,1,1.9132518461693964,1,0,1,0,0,0,0
42,20,28.383560180664062,93012,4,0.11684342801788383,3,0,0,0,0,0,0
49,27,47.73875045776367,91167,3,1.8984657627346255,2,0,0,0,0,0,0
43,14,39.48849868774414,94936,1,0.28800609733463733,2,303,0,0,0,1,0
33,7,28.79025650024414,92187,4,0.6556495366027002,3,0,0,0,0,1,0
31,8,88.92707824707031,94197,1,3.350911965760296,1,0,0,0,0,1,0
65,43,109.80166625976562,92101,4,1.4872881945795438,1,0,0,0,0,0,0
51,27,39.5775260925293,90162,3,0.2935805157920797,2,0,1,0,0,1,0
46,19,103.33726501464844,95897,1,0.4925377201066258,1,0,0,0,0,1,0
30,5,112.84400939941406,90347,2,1.5428143628275406,2,0,1,0,0,1,0
36,15,90.36576843261719,95235,2,4.407555931244917,1,0,0,1,0,1,0
57,28,136.00364685058594,92203,2,5.410497884364009,1,0,1,0,0,1,0
44,18,63.99441909790039,94514,3,1.4794762872789657,2,0,1,0,0,0,0
40,9,133.9973602294922,93136,4,3.0830646260602133,3,0,0,0,0,0,1
48,37,43.872718811035156,92183,3,1.8505461086280548,1,0,0,0,0,1,0
64,26,34.24934387207031,95747,3,0.7940599068636014,2,0,0,0,0,1,0
33,9,86.12616729736328,91674,3,0.48365484802307424,2,0,0,0,0,0,1
32,6,53.24575424194336,90014,2,1.9304270418171692,1,0,0,1,0,1,0
27,0,74.06873321533203,93115,4,0.3198613568648764,3,0,0,0,0,0,1
32,10,141.75857543945312,94695,2,7.072166021079495,1,0,0,0,0,1,0
63,40,129.81161499023438,91798,4,4.397040482767917,1,0,0,0,0,0,0
30,9,19.63095474243164,89835,4,1.1029079028441067,1,0,0,1,0,1,0
30,9,57.31414031982422,91566,4,3.621187422082595,3,0,0,0,0,0,1
52,28,49.88922882080078,95433,2,1.0836036360166408,3,316,0,0,0,0,0
26,4,81.09329223632812,90296,1,2.2113041810264837,2,0,1,0,0,0,0
55,32,82.4658432006836,90636,2,1.6283777315337633,2,146,0,0,0,0,0
57,31,76.5799331665039,94139,4,1.145551020814621,2,0,0,0,0,1,0
40,14,97.5579833984375,94471,3,2.3145325502490963,1,0,0,0,0,0,0
48,25,138.60496520996094,94971,3,3.097341145265967,3,0,1,0,1,0,1
53,33,29.533050537109375,90341,4,2.5918639561679218,2,0,1,0,0,1,0
39,22,173.93167114257812,92261,2,1.11862375300923,1,0,0,0,0,1,0
37,13,62.93803024291992,94187,1,0.20392459797759926,3,72,1,0,0,1,0
29,2,51.114253997802734,93173,4,0.18515347898630863,1,0,0,0,0,0,0
35,11,38.00678634643555,92517,1,1.5377156837895392,1,0,1,0,0,0,0
64,37,153.04519653320312,90654,1,1.0411859545056967,1,598,0,0,0,0,0
27,2,33.318748474121094,95392,4,0.7382103132686018,1,0,0,0,0,1,0
53,32,37.561370849609375,91517,3,1.16918856722359,3,0,0,0,0,1,0
48,25,20.159709930419922,92985,2,0.032884746282923816,1,95,1,0,0,0,0
48,22,25.504077911376953,92103,1,0.00887636665127206,1,0,1,0,0,0,0
63,35,11.051834106445312,95615,2,0.5858173865868075,2,95,1,0,0,0,0
59,38,108.93400573730469,94699,1,1.191700142699746,2,509,0,0,0,1,0
37,13,134.98663330078125,92164,4,2.1642587223854672,3,0,0,0,0,0,0
37,18,169.01893615722656,96533,2,7.358523724683504,1,0,1,0,0,1,1
59,38,35.705322265625,93861,1,0.18038452157090434,1,0,0,0,0,0,0
38,8,204.9976348876953,95824,2,7.103277390208339,1,0,1,0,0,1,0
43,8,59.50862121582031,90335,4,1.984966522599714,2,0,0,0,0,1,0
45,25,72.687255859375,95614,3,0.43163832401154967,2,0,0,0,0,1,0
39,28,116.87498474121094,96345,2,2.722898436253791,1,0,0,0,0,0,0
57,21,39.569725036621094,94184,1,0.5538998450563585,2,130,0,0,0,0,0
61,39,24.72300910949707,94770,4,0.4773929104136802,2,0,1,0,0,1,0
41,23,56.6768913269043,94203,1,0.7401468522792374,3,0,1,0,0,0,0
36,10,17.8772029876709,96196,4,0.30520132544670076,1,0,1,0,0,0,0
36,15,58.49342727661133,91130,4,0.6589971073583857,3,0,0,0,0,0,0
63,31,65.45228576660156,92262,2,0.32857532529090966,1,0,1,0,0,0,0
63,38,85.39258575439453,92445,2,2.3104893255661447,2,143,0,0,0,1,0
36,4,33.11992645263672,94006,2,1.9577319539148963,3,62,1,0,0,1,0
35,21,53.06412887573242,92903,2,0.18851552740700667,3,0,0,0,0,0,0
45,20,28.87140655517578,95675,1,0.14141443057866096,2,0,0,0,0,0,0
58,30,38.39679718017578,96073,4,1.2373226225167349,1,0,0,0,0,1,0
36,8,97.70472717285156,95211,4,1.1360713636750512,1,0,1,0,0,1,0
34,16,200.60841369628906,94399,2,7.907040226705031,1,0,1,0,0,0,0
46,16,152.61895751953125,91906,2,2.097625758800029,1,0,0,0,0,0,1
38,11,108.98847198486328,93784,1,3.4603435993491596,3,0,0,0,0,0,0
46,17,174.70468139648438,95700,2,3.483496131667529,1,0,0,0,0,0,0
25,12,13.200721740722656,94415,2,0.16473395009651562,3,100,1,0,0,1,0
54,23,98.05223846435547,94606,3,3.8619428643703713,1,0,0,1,0,1,0
57,32,45.09572219848633,94941,4,2.153892336284655,2,0,0,0,0,1,0
35,10,114.3138198852539,95762,1,0.45351212531444585,1,0,0,0,0,0,0
32,10,164.75579833984375,91436,3,2.8666149833485592,1,0,0,0,0,0,0
47,20,103.23797607421875,94635,2,2.6037084584888293,1,319,1,0,0,1,0
65,30,106.42552947998047,95827,4,0.2546024747357016,3,0,1,0,0,1,1
58,36,130.3467254638672,92015,3,1.757141626646741,1,158,0,0,0,1,0
45,15,36.122562408447266,94679,3,0.4054251228467536,2,0,1,0,0,0,0
45,21,36.03094482421875,90920,2,0.06918056790281768,2,0,0,0,0,0,0
24,1,197.781005859375,94640,3,4.65169815279563,3,0,1,0,1,1,1
42,28,77.23002624511719,94647,3,0.26686716473433914,3,227,0,0,0,0,0
62,35,53.043357849121094,91160,3,0.11403838880090936,2,0,1,0,0,1,0
52,26,59.79297637939453,95544,2,2.4698567743129747,3,226,1,0,0,1,0
64,38,24.718122482299805,92580,4,1.6729044016917616,3,0,0,0,0,0,0
52,33,119.90934753417969,90365,3,0.3708923746131475,2,0,0,0,0,1,0
47,21,44.58887481689453,92756,2,0.9888191942551039,2,0,1,0,0,1,0
55,28,79.01212310791016,92522,4,1.250608969619496,2,0,0,0,0,1,0
65,38,81.04757690429688,91157,3,0.27101966814309775,3,0,0,0,0,0,0
50,35,167.12620544433594,92972,1,7.307679176041743,1,0,0,0,0,1,0
27,1,197.6849365234375,94232,4,0.9458649041818414,3,536,0,0,0,0,0
54,22,53.7655143737793,92601,4,0.27094615243637227,3,0,0,0,0,0,0
55,33,34.2276611328125,92041,2,0.3427698257407095,2,0,0,0,0,0,0
42,17,78.417236328125,94310,4,0.7091063907357275,1,215,1,0,0,0,0
42,14,13.337971687316895,93595,4,0.684543965256625,2,0,1,0,0,1,0
54,30,57.330169677734375,91485,4,2.961664406177799,2,0,1,0,0,0,0
28,2,39.575401306152344,95858,3,2.499368849993243,1,0,0,0,0,1,0
41,10,145.94534301757812,94704,2,3.239298026521579,3,0,1,1,1,1,1
29,3,75.27837371826172,94917,4,1.1277611396765357,2,97,0,0,0,0,0
39,18,61.63960266113281,91483,1,1.215236521455796,3,0,1,0,0,1,0
39,23,44.000099182128906,95492,2,0.787114043055206,3,0,1,0,0,1,0
40,14,110.44918060302734,92466,2,2.6544335578721228,1,326,0,0,0,1,1
29,5,35.71531295776367,94845,3,0.5387066211557662,2,0,0,0,0,1,0
30,6,113.58409118652344,94604,1,2.9656315841584915,1,0,0,0,0,1,0
63,36,34.82917785644531,92291,2,1.8697870489261739,3,0,0,0,0,0,0
46,25,39.26664352416992,94994,4,0.11069503109007553,1,0,0,0,0,1,0
33,7,75.61119079589844,89947,2,0.27286857986388047,1,0,0,0,0,1,0
28,11,59.29771041870117,90644,1,0.5262414499157277,2,0,0,0,0,0,0
63,35,19.441204071044922,90178,2,0.5352401148817973,3,175,1,1,1,1,0
61,37,41.9528923034668,93123,4,1.3865185730563598,3,64,0,0,0,1,0
54,17,54.54039001464844,90952,4,0.8233349478377757,1,137,0,0,0,1,0
58,32,192.77931213378906,94379,2,6.662089239775627,1,0,0,0,0,1,0
55,23,66.34725952148438,94567,2,1.1404530037010554,3,0,1,0,0,0,0
63,37,147.62405395507812,95065,4,2.8388694931672087,1,0,0,0,0,0,0
46,13,38.2919921875,94928,2,0.3385856562792014,1,0,1,0,0,0,0
34,14,53.8195915222168,92497,1,1.5034715351552437,2,318,0,0,0,0,0
56,37,53.78362274169922,92444,1,2.808170970406783,3,148,1,0,0,1,0
35,9,46.1951904296875,94604,4,1.340005461554353,1,0,0,0,0,1,0
57,39,43.64012145996094,94614,1,0.09488435773021575,1,0,0,0,0,1,0
24,11,157.8303680419922,90110,2,0.24363129831176678,1,0,0,0,0,1,0
44,18,36.78594970703125,91097,2,0.9833361307781116,3,0,0,0,0,0,0
55,32,31.52004623413086,94333,4,2.175634720281492,1,0,1,1,0,1,0
57,31,119.83171081542969,90046,2,2.0901453099267133,3,0,0,0,0,0,0
39,30,54.685237884521484,90882,2,1.9419255061029663,2,145,0,0,0,0,0
66,40,22.389198303222656,90008,3,1.7806161054731087,1,0,0,0,0,0,0
59,39,22.793859481811523,92259,3,0.25141359867249463,3,0,0,1,0,0,0
44,15,104.88975524902344,89999,3,1.3834838806996201,2,104,1,0,0,1,0
61,32,34.08599853515625,90049,3,0.7461171032557986,2,0,1,0,0,0,0
58,34,62.23401641845703,90116,2,0.25791771497620836,1,0,1,0,0,1,0
40,15,60.92667770385742,92196,2,0.602985584695829,1,124,0,0,0,0,0
56,32,17.582645416259766,92053,2,2.10753414738579,2,128,0,1,0,1,0
54,23,130.90000915527344,91260,2,1.7244503870841013,1,0,0,0,0,1,0
43,17,27.49092674255371,95591,2,0.0902541153392393,2,0,1,0,0,1,0
46,22,26.965391159057617,93787,2,1.2042139615401606,2,0,0,0,0,1,0
31,20,16.677927017211914,93204,4,2.702123758278157,2,0,0,0,0,1,0
52,17,30.84731674194336,92278,4,0.9686183693273119,2,0,0,0,0,0,0
32,4,49.169944763183594,94295,1,1.7517444196881682,3,60,1,0,0,0,0
30,8,121.05508422851562,92069,2,0.36268069372646583,1,0,0,0,0,1,0
57,31,48.90047073364258,90161,1,1.4583964168901469,1,0,0,0,0,1,0
60,35,160.90664672851562,92475,2,2.5429302699048293,1,575,1,0,0,0,1
32,12,50.26347351074219,94059,3,2.168835732422477,2,0,0,0,0,1,0
58,35,169.09719848632812,91083,2,6.6172686758609,1,240,1,0,0,0,0
38,2,55.64637756347656,90220,4,2.0254506703582518,2,0,0,0,0,0,0
49,18,43.32378005981445,94919,4,0.08345148794155766,2,0,1,0,0,1,0
35,13,104.23381042480469,90158,4,6.881883673301765,1,0,1,0,0,0,0
35,8,93.03984832763672,91180,2,1.3945478851992639,1,325,1,1,0,0,0
45,22,133.90594482421875,95588,2,1.436259740427492,1,0,0,0,0,0,0
33,22,203.8417510986328,94790,1,6.468634706187279,3,0,0,0,0,0,1
53,28,168.29623413085938,90441,3,6.064671095416069,3,0,1,1,1,0,1
30,6,170.9662628173828,90434,1,3.9223852046099643,3,0,0,0,0,1,1
59,39,86.44825744628906,94098,2,1.5782446980839269,2,0,1,0,0,0,1
36,8,40.98515701293945,92859,2,1.5068307517106554,1,0,1,0,0,0,0
61,35,43.61138916015625,94082,2,1.656032625357635,2,0,0,0,0,0,0
42,11,73.45616912841797,92963,2,1.441632168931711,1,0,0,0,0,1,0
48,26,108.935546875,92009,2,0.9837053625467981,3,0,0,0,0,0,0
40,16,63.932315826416016,94170,3,0.4323039511816362,3,0,0,1,0,1,0
64,40,151.2156982421875,91625,4,1.5159692305155321,3,0,0,1,1,1,1
27,4,105.94583892822266,91064,2,1.4863167143122316,1,254,0,0,0,1,0
34,7,118.53974914550781,92394,2,1.3635010563946817,3,0,0,0,0,1,1
45,20,74.21658325195312,92968,1,1.1696033565512065,3,298,0,0,0,1,0
52,17,64.8719253540039,90452,2,0.6210796403753394,3,146,0,0,0,0,0
53,25,58.06462097167969,90500,2,2.3570158060596467,3,0,0,0,0,0,0
59,34,76.82836151123047,91066,3,2.97427169086089,1,308,0,1,0,1,0
45,21,46.876705169677734,93089,1,0.2859023217084292,3,0,1,0,0,0,0
40,11,90.04374694824219,91967,1,1.5844790890976563,3,172,0,0,0,0,0
49,26,108.67153930664062,91149,2,1.9940722930308454,3,0,0,0,0,0,1
43,30,57.74983596801758,95789,3,3.033749948336637,1,0,0,0,0,0,0
28,3,59.3123893737793,94025,2,2.162932902601002,1,455,1,0,1,1,0
47,15,47.026702880859375,94767,3,2.450126201609324,3,0,0,1,0,1,0
32,11,42.83612060546875,96033,1,0.3950399772250842,2,0,0,0,0,1,0
34,8,51.2120475769043,92306,4,1.3505656041777665,2,146,0,1,0,0,0
45,20,51.23497772216797,90274,3,0.9033506938374609,1,0,1,0,0,1,0
51,17,47.200374603271484,91253,2,0.9519227024019137,2,0,0,0,0,1,0
57,39,159.85174560546875,91340,1,0.18752334377312738,1,0,0,0,0,1,0
41,7,193.06210327148438,92208,2,2.0847268223829074,1,0,0,1,0,1,0
62,37,29.01693344116211,91934,3,0.981967410550508,3,239,0,1,0,1,0
63,36,113.08567810058594,91418,1,3.745061033238872,2,0,1,0,0,1,0
43,20,134.97640991210938,94866,1,2.888129700911071,1,0,0,0,0,0,0
61,22,65.85116577148438,95167,3,1.8371321192692278,3,118,0,0,0,1,0
60,37,76.04175567626953,95925,2,2.6668546248359983,1,0,1,0,1,1,0
43,17,86.0012435913086,96103,1,6.437018010606062,1,0,0,0,0,1,0
40,16,70.75802612304688,95537,1,2.3292506214718203,3,0,0,0,0,0,0
66,38,99.49903106689453,90994,3,3.1463799201515577,1,0,1,0,1,1,0
39,15,52.289161682128906,90100,2,0.40992700987822606,3,0,1,0,0,1,0
46,18,21.24403953552246,95604,4,1.7904243206710995,1,0,0,0,0,1,0
35,9,45.41289520263672,91625,1,1.6564154143855199,2,91,0,0,0,1,0
56,19,200.8800506591797,91140,1,2.323905604393727,1,360,0,0,0,1,0
66,39,86.96830749511719,94364,1,2.0684260113752084,3,0,0,0,0,1,0
59,40,73.58291625976562,92822,3,2.8962370765028673,1,119,1,0,0,0,0
60,34,69.58660888671875,93120,3,0.4164421566342804,2,0,0,0,0,1,0
33,8,141.8898162841797,90416,1,2.565333623168315,1,0,0,0,0,1,0
49,26,45.694461822509766,91316,4,4.031321308697441,3,237,0,0,0,1,0
41,6,44.37275695800781,93664,2,0.38786911533209534,2,0,0,0,0,1,0
64,36,76.41323852539062,91447,3,3.8494943453543,1,0,1,0,0,0,0
35,17,75.54112243652344,92426,2,2.643455068569422,3,296,1,0,0,0,0
48,26,26.79991340637207,91285,1,0.2614495753340874,3,0,1,1,1,1,0
59,31,25.145334243774414,95610,4,0.2994169685576114,2,0,0,1,0,0,0
38,16,148.17193603515625,91734,4,5.660786284413318,2,0,0,0,0,0,0
58,37,49.859344482421875,91439,1,1.2530917607544125,3,0,0,0,0,0,0
60,35,41.298988342285156,91019,4,1.4217802058388276,1,90,1,0,0,1,0
47,20,27.26236915588379,90514,3,0.279206855192204,3,108,0,0,0,1,0
60,34,13.974272727966309,92898,3,1.3417327564381054,2,108,0,0,0,1,0
39,14,25.630056381225586,94816,3,0.9514413453739206,2,78,0,0,0,1,0
55,17,38.02516555786133,94980,4,1.2518097754809818,1,0,0,0,0,0,0
48,26,19.77866554260254,95981,4,0.9203827742704489,3,133,0,0,0,0,0
40,22,49.60619354248047,92346,1,0.28255450623073053,3,0,0,0,0,1,0
49,34,41.72685623168945,94706,3,0.5714615397537781,1,0,0,0,0,1,0
45,24,145.4145050048828,92803,2,5.492277478620785,1,192,0,1,0,1,0
50,23,125.07025909423828,91701,3,4.414900001194693,2,274,1,0,0,0,1
61,25,64.00527954101562,90252,2,2.1934955463175485,2,0,0,0,0,1,0
50,28,30.791234970092773,94616,4,0.4607165799117949,2,77,0,0,0,0,0
39,29,75.17898559570312,91684,2,3.8692192755755497,3,0,0,0,0,0,0
58,33,70.34538269042969,95215,2,0.9631851933261848,2,0,0,0,0,1,0
30,11,26.770540237426758,92470,4,0.7026338548480238,1,0,0,0,0,0,0
30,19,78.35131072998047,92953,4,1.8594409460417667,3,0,0,0,0,0,0
45,13,61.47307586669922,94377,1,0.09620608397752684,1,101,0,0,0,1,0
60,36,37.250667572021484,95511,2,5.750626815839189,1,0,0,1,1,1,0
36,20,54.35289001464844,91622,4,1.874289784509078,1,0,0,0,0,1,0
56,28,107.50232696533203,94981,1,3.084478488018023,1,118,0,0,0,1,0
32,6,94.80986785888672,91524,2,1.5336667294828246,1,0,0,0,0,1,0
65,40,15.865751266479492,89943,3,0.11882727429024553,3,0,0,0,0,1,0
35,8,80.55319213867188,90447,1,0.4670329327306827,2,0,0,0,0,0,0
30,6,162.06466674804688,92178,4,3.5081233149778703,3,0,0,0,0,1,1
62,33,179.7587432861328,92820,2,6.015553103294856,3,0,0,0,0,1,1
38,20,132.35931396484375,92200,2,7.1924333788603585,1,0,0,0,0,1,0
64,41,89.88382720947266,92915,4,1.087519753469545,2,330,0,0,0,1,0
26,0,18.21249008178711,94134,4,0.5146764378667537,3,175,0,0,0,0,0
62,36,54.26113510131836,89854,2,1.1125931287397384,2,229,1,0,0,0,0
36,16,67.79087829589844,94109,4,1.677669292843842,3,0,0,0,0,0,0
63,39,92.58511352539062,94995,2,3.3218954611579132,3,479,0,0,0,1,0
33,11,34.380191802978516,91674,2,1.2813886557130787,3,0,0,1,0,0,0
41,13,74.4403305053711,94264,1,4.364141105978515,1,0,1,0,0,1,0
36,9,53.36717987060547,92896,2,1.1918096974384504,1,0,0,0,0,0,0
54,33,43.30440139770508,93922,4,0.15862324718567392,2,0,0,0,0,0,0
25,-1,33.55095672607422,94221,2,1.6392171750462574,3,0,1,0,0,1,0
41,12,68.12551879882812,95151,2,0.33920372288722184,1,0,0,0,0,1,0
61,33,188.64297485351562,94051,1,4.764093251799864,1,0,0,0,0,0,0
31,3,63.41450500488281,94802,1,1.5789624059656049,2,155,0,0,0,1,0
42,11,16.853504180908203,95627,1,0.28042045535732846,1,77,0,0,0,1,0
34,7,31.258705139160156,91251,4,0.043264824123070866,2,0,1,0,0,1,0
62,35,21.181154251098633,90961,3,1.323350122961184,3,153,0,0,0,1,0
62,35,37.05587387084961,92968,2,0.8309607187569724,2,152,1,0,0,1,0
54,29,49.86656188964844,90225,4,2.90304941646175,3,0,0,0,0,1,0
56,30,160.29928588867188,91036,1,2.164176765839206,1,0,0,0,0,0,0
25,3,105.54834747314453,94902,3,1.3183156964881642,3,151,0,0,0,1,0
51,18,33.30494689941406,95303,4,1.0624276668475197,1,0,0,0,0,0,0
65,39,59.487361907958984,93234,4,0.8476182454134423,3,104,1,0,0,1,0
60,28,99.38121032714844,90195,3,1.1719092761419359,3,0,1,0,0,1,0
60,33,61.187721252441406,90240,3,0.6210549547403763,1,0,1,0,0,0,0
55,26,42.90771484375,93303,1,0.2510907834121255,2,0,0,0,0,1,0
39,11,131.68475341796875,92005,2,0.31124672891103733,1,0,0,0,0,0,0
52,22,121.81917572021484,90327,1,0.09993680176596478,2,0,0,0,0,0,0
39,22,25.97353744506836,92985,1,1.1679462946586845,3,0,1,0,0,0,0
36,12,137.96588134765625,91667,1,1.5516586349543895,1,0,0,0,0,1,0
45,18,114.92072296142578,92701,2,1.0688166064500422,3,0,0,1,0,0,0
46,23,32.51564025878906,94756,2,0.039261495493198684,2,106,0,0,0,0,0
57,30,35.58014678955078,94782,1,1.1199273689234968,3,0,0,0,0,0,0
37,17,60.50914764404297,92811,4,1.4952780471511047,3,0,0,0,0,1,0
61,26,105.39237976074219,91112,3,3.0423363867028765,1,0,1,0,0,1,0
52,25,25.13714599609375,95486,4,1.1777229425489804,1,0,0,0,0,1,0
48,26,162.37843322753906,90336,1,6.167323484651082,3,222,0,1,1,0,1
44,19,153.85923767089844,95568,1,2.5067763637758453,1,0,0,0,0,1,0
59,26,15.507658004760742,90573,1,1.389598039246208,1,0,0,1,0,1,0
42,19,48.896827697753906,95124,2,0.23214867047534704,1,112,0,0,0,0,0
48,19,59.48954772949219,92679,4,1.0400244491331263,1,0,0,1,0,1,0
37,14,30.42704963684082,92868,3,3.2963760359310625,3,0,1,1,1,1,0
35,8,111.75160217285156,90332,2,1.8960815608732307,2,0,0,0,0,1,1
41,21,84.8985824584961,95127,4,2.3874150991289995,1,0,1,0,0,1,0
34,8,68.65080261230469,94220,3,0.5700549136031536,2,0,1,0,0,0,0
52,33,70.24150085449219,90834,3,1.7078603509233161,3,291,0,0,0,0,0
64,32,81.88602447509766,92653,4,0.09619716193135472,3,0,0,0,0,0,0
43,15,78.62539672851562,91806,1,2.8244617167006076,1,181,1,0,0,0,0
30,8,104.74983215332031,94385,1,2.5814312488719384,1,0,0,1,0,1,1
45,23,26.047727584838867,93661,3,1.2327951093320362,2,0,1,0,0,1,0
41,19,70.16116333007812,90462,4,0.016101713164037246,1,0,0,0,0,0,0
53,15,64.7064208984375,92783,2,0.5512933228999946,2,0,1,0,0,1,0
45,28,23.611093521118164,90338,3,1.3793681344705855,3,0,0,0,0,0,0
42,20,90.08037567138672,93205,4,2.359728525617421,1,0,1,0,0,1,0
32,5,20.13575553894043,90820,3,0.26724454763849004,2,156,1,0,0,1,0
59,33,26.787141799926758,91882,1,4.318727252003321,2,103,0,0,0,0,0
47,25,63.64892578125,94453,2,2.1423482142472263,3,0,0,0,0,0,0
59,36,20.510482788085938,95302,1,0.21217578442688428,3,0,0,0,0,0,0
27,2,179.91494750976562,95329,2,0.2582151838105177,1,148,0,0,0,0,0
25,-1,93.00444030761719,95669,4,1.872587221082529,2,0,0,0,0,1,0
38,15,43.751800537109375,94938,1,1.4616512617000783,3,0,1,0,0,1,0
61,32,31.63021469116211,92144,1,0.5916493459019767,2,0,0,0,0,1,0
37,19,83.2790298461914,95134,1,0.7842440158174219,1,0,0,0,0,0,0
60,34,102.13226318359375,94772,2,8.120667641370689,2,0,0,0,0,0,1
61,36,19.245220184326172,93972,2,0.20248370705812946,2,0,0,0,0,1,0
44,12,58.5040168762207,94096,4,1.4102934189617757,2,0,0,0,0,1,0
64,37,47.14967346191406,92992,4,1.4863333998036712,1,215,1,0,0,1,0
48,27,57.401100158691406,94642,4,2.218530481381814,3,141,0,0,0,0,0
47,26,67.29278564453125,95629,2,1.633273711824709,1,0,0,0,0,1,0
45,25,35.82749557495117,95897,4,0.018146802445305976,3,0,1,0,0,1,0
62,36,93.05130767822266,91985,2,1.7531974624717066,2,0,1,0,0,1,0
40,23,181.59625244140625,92783,4,5.372088967392331,2,0,0,0,0,0,1
31,15,15.607564926147461,92060,4,0.45588044013995876,3,0,1,0,0,0,0
43,15,101.75184631347656,90233,2,0.5294621830320382,2,90,1,1,1,1,1
38,14,39.67742919921875,90824,2,1.187378287294794,3,230,1,0,1,1,0
46,25,48.714569091796875,92906,3,0.7978642724407146,2,0,0,0,0,1,0
60,35,151.28439331054688,91960,2,1.8933768007096203,3,0,1,0,0,1,0
41,12,111.66026306152344,95148,1,4.384754843213276,2,0,1,0,0,0,1
47,22,39.4200439453125,93153,1,1.536044845974871,3,0,1,0,0,1,0
37,15,122.28880310058594,92299,3,0.9519969322152371,2,0,0,0,0,1,0
53,26,39.53211212158203,94109,4,2.057089184673648,2,124,0,0,0,1,0
29,5,61.30603790283203,92215,4,2.321781753287625,3,0,0,0,0,1,0
45,24,46.262020111083984,93212,1,0.1537444248659458,3,0,0,0,0,1,0
57,29,53.06797409057617,93947,1,0.8812045564398528,3,0,1,0,0,1,0
61,36,119.94866943359375,92125,2,2.2608432126299594,3,0,1,0,0,0,1
45,16,69.01891326904297,90143,1,1.634876817873512,3,0,0,0,0,1,0
43,16,42.013736724853516,90792,4,0.2713901019836996,1,0,1,0,1,1,0
46,23,40.35468292236328,91562,1,2.2865535028736867,1,149,0,0,0,0,0
51,6,11.020156860351562,91835,1,1.7520459866017886,2,0,0,0,0,1,0
26,-2,50.77945327758789,91620,2,0.7087515963252287,1,0,0,0,0,0,0
43,27,61.09217834472656,95829,3,1.2933946661089286,2,0,1,0,0,1,0
46,31,20.5248966217041,95488,3,0.7615709855659694,3,141,0,0,0,0,0
54,27,14.604896545410156,92361,2,0.7592853568919562,1,107,0,0,0,0,0
44,12,183.4855499267578,95177,1,5.4424845500303665,3,0,0,0,1,1,1
46,28,20.34668731689453,91958,4,1.6698739773661513,2,0,1,0,0,1,0
60,32,80.20948791503906,91866,3,2.2371316482103363,2,0,0,0,0,1,0
40,6,48.23152542114258,95469,2,1.0965586212489837,3,0,0,0,0,1,0
50,30,92.43533325195312,91807,4,3.361312266502887,3,0,0,0,0,0,1
48,28,70.7292251586914,93762,3,2.8398827471192774,1,0,0,0,0,1,0
39,25,36.63518524169922,91990,3,0.7546359837506181,1,118,0,0,0,0,0
46,24,26.769775390625,92206,2,0.5387694727216006,1,0,0,0,0,0,0
35,17,93.6004867553711,94382,2,2.9792399538110557,2,0,0,0,0,1,0
35,9,72.17475891113281,92676,4,1.4239805675550183,1,0,0,0,0,0,0
51,17,114.73856353759766,95677,1,3.0302008330759627,1,0,1,0,0,1,0
27,-2,60.400569915771484,94429,4,0.3891803626346292,3,0,0,0,0,0,0
36,11,145.53562927246094,90114,1,2.8449222407574317,1,0,0,0,0,0,0
57,29,14.746980667114258,93869,3,0.4670840163293499,2,0,1,0,0,0,0
52,32,85.72354125976562,92131,2,0.4245660300908609,1,384,0,0,0,1,0
49,29,42.65592956542969,91150,1,1.4854188949944038,3,0,1,0,0,1,0
64,36,31.398799896240234,90337,4,0.09828322750059057,2,0,0,0,0,1,0
30,5,74.07852935791016,93145,1,0.831074833343845,3,0,1,0,0,0,1
59,36,168.8543701171875,95941,1,2.6303962032021206,1,0,0,0,0,1,0
62,37,136.22589111328125,92106,2,3.7108031623949045,1,0,0,0,0,1,0
60,39,34.95679473876953,89934,4,0.05201173769251774,1,143,0,0,0,1,0
45,27,194.4319305419922,94144,2,4.5049444300339845,1,391,1,0,0,0,0
47,30,15.929152488708496,95362,2,0.07787814320817696,1,83,1,0,0,0,0
40,13,70.98849487304688,90431,1,1.203993653105283,3,0,1,0,0,1,0
58,36,130.52169799804688,91057,4,5.292510506057001,3,358,1,0,0,1,1
60,36,109.48912048339844,90195,3,7.636605118599997,1,0,1,0,0,0,0
32,4,42.3724479675293,91147,4,0.04522253688883904,1,0,1,0,0,0,0
35,15,22.463104248046875,93779,1,0.019053204187083728,3,0,0,1,0,1,0
42,16,104.84930419921875,92257,3,6.817771320858972,1,0,1,0,1,1,0
55,32,124.17353057861328,92076,2,6.406690034841276,2,0,0,0,0,0,1
28,1,59.418113708496094,94297,2,1.484003076093527,3,0,0,0,0,0,0
40,9,42.40195083618164,95630,3,1.896118704577722,2,0,0,0,0,1,0
32,10,110.83324432373047,90937,1,5.69256693435149,3,0,0,0,0,1,0
65,41,41.10184860229492,92108,4,1.7103436615293657,1,0,1,1,0,1,0
53,28,13.983922958374023,93260,3,0.6994862174060504,3,0,0,1,0,0,0
59,30,42.735660552978516,91359,3,1.4788074470190582,2,0,0,1,0,1,0
44,18,95.41429138183594,91451,2,3.5479897560549856,3,0,0,0,0,0,0
46,28,102.45233917236328,95042,1,3.0241234027866484,2,0,0,0,0,1,0
59,34,119.55191040039062,90337,1,1.7866672842587108,1,0,0,0,0,0,0
36,18,162.85157775878906,91761,2,2.551200742762922,1,0,0,0,0,0,0
30,4,194.82762145996094,90382,2,6.281018580986235,3,0,0,1,0,0,1
30,7,120.8150634765625,94704,3,2.012176111919346,2,0,0,0,0,1,1
44,22,66.12267303466797,91120,1,1.1273784724177687,3,0,0,0,0,0,0
50,22,77.63796997070312,92149,4,1.849785591905586,1,0,1,0,0,0,0
26,3,37.591102600097656,92008,2,0.060903566131615655,2,0,0,1,0,0,0
31,5,84.6250228881836,94290,4,3.118024886966102,2,0,0,0,0,0,0
39,15,183.71527099609375,91695,1,5.532436905496022,1,0,0,0,0,0,0
45,22,37.46826171875,91272,2,1.5366476250002932,3,158,0,0,0,1,0
58,32,91.14134979248047,94559,2,2.127958855315633,2,0,0,0,0,1,0
26,2,68.06815338134766,92234,2,2.4157120612705985,2,0,1,0,0,0,0
31,1,54.93679428100586,92176,2,0.9524220025782799,2,0,0,0,0,0,0
47,18,61.391258239746094,91721,2,0.49017700704862727,1,0,1,0,0,1,0
42,28,84.5181884765625,93339,1,1.4373752954172956,1,136,0,0,0,0,0
64,35,69.03623962402344,94554,2,2.475807757830264,2,385,0,0,0,0,0
28,11,92.43202209472656,92761,1,2.814466727877116,1,0,0,0,0,0,0
57,28,39.155250549316406,90079,3,0.7238396623810592,3,0,0,0,0,0,0
47,27,27.9661922454834,94145,4,0.458449063926105,2,136,0,0,0,1,0
49,27,72.97370910644531,94345,2,1.786686039973897,3,148,0,0,0,0,0
42,11,27.606096267700195,95669,1,2.595004806728448,1,0,0,0,0,0,0
45,30,36.14695358276367,95518,4,1.9419321673269248,3,0,0,0,0,0,0
40,13,18.31670379638672,93747,2,0.30069898680846463,2,0,0,0,0,1,0
38,20,153.54229736328125,96159,2,6.6999266024138,1,0,0,0,0,1,0
36,15,34.374176025390625,92227,4,1.0988327541933973,3,0,0,1,0,0,0
52,20,21.47683334350586,89890,4,0.39136521905369276,3,0,0,0,0,0,0
59,34,34.13900375366211,94511,3,2.0337416068972622,1,96,1,0,0,0,0
41,11,46.283443450927734,90378,2,0.480607894255095,2,170,0,0,0,1,0
47,23,101.6859130859375,92254,1,1.6320970599605618,1,0,0,0,0,0,0
64,35,18.81192398071289,94597,3,1.3282475604196868,1,0,1,0,0,0,0
28,2,68.18505096435547,93034,4,1.5817262402246737,3,0,0,0,0,0,0
59,41,26.559127807617188,92241,3,0.7495641011008898,1,0,0,0,0,1,0
63,33,121.48223876953125,91028,1,2.92554245672154,1,0,0,0,0,0,0
37,14,137.06890869140625,94725,2,1.1668118338680942,1,0,0,0,0,1,0
35,9,111.25035095214844,94587,2,6.7084948023710265,1,0,1,0,0,1,0
47,16,29.29920196533203,94602,3,0.3627215423174994,1,93,0,0,0,1,0
30,3,56.82670593261719,95087,4,1.7269976939955183,2,159,1,0,0,1,0
53,26,105.52350616455078,94736,1,1.862261480997794,3,0,1,0,0,1,1
49,26,65.10205078125,93286,2,2.151155347627121,2,0,0,0,0,0,0
64,40,118.76963806152344,94846,4,0.17543815219796657,3,0,0,0,0,0,0
61,30,85.44020080566406,90134,4,0.37671047457083096,1,143,0,0,0,0,0
33,12,93.71328735351562,94831,1,0.9670554006390792,1,137,0,0,0,0,0
49,29,120.44813537597656,90474,1,2.862541704528897,1,0,0,0,0,0,0
36,11,28.122278213500977,91737,2,0.72465297387699,3,138,0,0,0,0,0
28,-1,62.07085418701172,90339,3,2.5508173566001866,2,0,1,0,0,0,0
50,24,110.06460571289062,94295,4,0.8349924711894084,3,0,0,0,0,0,0
53,19,144.62889099121094,96071,3,1.0423798339252917,1,142,0,0,0,1,0
29,6,82.39885711669922,94404,2,1.630818665314967,1,115,0,0,0,0,0
63,39,65.76336669921875,91937,4,2.163800441231943,2,0,0,0,0,0,0
49,18,85.15475463867188,95308,4,2.107864943458636,3,0,1,0,0,1,0
54,27,43.0789680480957,94609,4,1.7459959675839696,2,0,1,0,0,0,0
32,15,59.15933609008789,90430,2,1.6190226036121165,1,0,1,0,0,1,0
48,31,45.03406524658203,92044,4,1.8445855882432194,3,0,0,0,0,1,0
42,23,34.12474060058594,94316,4,0.7116609230637645,2,94,0,0,0,1,0
45,22,84.09375,91261,1,0.9602234190010067,2,0,0,0,0,0,0
31,11,55.9653205871582,94348,4,0.7359068631531682,1,0,1,0,0,0,0
66,40,113.15052032470703,90266,3,6.095263329029612,3,0,1,0,1,1,1
32,16,47.80596160888672,90238,4,1.3728532993249192,2,0,0,0,0,1,0
29,6,77.10627746582031,93277,1,0.944391147526104,3,0,0,0,0,0,0
39,20,199.90599060058594,94083,2,0.5918681839138064,2,125,0,0,0,1,1
35,20,35.42304611206055,95342,1,1.592128720963633,3,0,0,0,0,0,0
48,23,69.24948120117188,94649,2,1.1723222923509,2,0,0,0,0,0,0
56,37,53.384212493896484,95594,4,2.5277746566024035,3,0,1,1,0,1,0
64,37,111.83304595947266,93000,4,2.3756584038934707,3,307,0,0,0,0,0
61,29,159.1334228515625,92839,1,6.055506659991977,1,0,1,0,0,0,1
59,36,45.5551872253418,94182,3,1.5072415070459553,2,173,1,0,0,1,0
42,15,99.0350112915039,92435,3,0.6573241025198644,1,187,0,0,0,0,0
55,27,46.734718322753906,91369,4,0.9347783605081268,3,240,1,0,0,0,0
66,38,66.11544799804688,95745,4,0.4779029155674311,1,0,1,0,1,1,0
35,10,197.01356506347656,95390,2,8.884172243287226,1,0,0,0,0,0,0
30,1,27.058887481689453,91973,3,0.13626478182673304,2,0,0,0,0,1,0
39,14,48.37290954589844,94492,4,0.2625956317022235,1,0,0,0,0,0,0
60,37,98.34370422363281,91557,4,3.023043053455037,1,0,0,0,0,0,0
56,31,95.24603271484375,94962,2,3.5559135174903442,2,0,1,1,1,1,0
58,38,75.71416473388672,95401,3,1.516428705987139,2,0,0,0,0,1,0
65,38,35.543304443359375,91374,4,2.2126768800098393,3,0,0,0,0,0,0
34,10,49.56975555419922,94722,4,0.2708924247860657,1,191,0,0,0,1,0
65,40,111.76160430908203,92166,1,2.127651016536569,3,172,0,0,0,0,0
62,40,35.321937561035156,94833,4,2.553692577488232,1,0,0,1,0,1,0
58,32,74.61174011230469,95868,4,2.402028823794087,1,0,1,0,0,1,0
30,10,117.46959686279297,95209,3,0.6634683404258477,1,224,1,0,0,0,0
38,29,57.61127471923828,90317,1,1.475806078640964,3,0,0,0,0,1,0
56,28,64.6677474975586,91267,3,0.3419800247177635,2,0,0,0,0,1,0
31,6,68.3858642578125,95333,3,1.3207799537388767,2,0,1,0,0,1,0
59,36,38.16408920288086,90212,2,0.4126004565861108,2,0,1,0,0,1,0
34,10,46.915401458740234,90143,1,1.6964236127158248,2,147,0,1,0,1,0
35,6,27.742843627929688,94445,4,1.9584076663616434,2,0,0,0,0,1,0
36,11,97.9392318725586,93084,2,0.4370067163090325,1,0,0,0,0,1,0
32,14,46.06901168823242,94790,1,0.001659955209563857,3,0,0,0,0,0,0
64,40,17.456485748291016,90310,3,0.3098521504120765,2,0,0,0,0,0,0
41,16,93.8930892944336,95178,3,2.463993540675898,1,0,0,1,1,1,0
52,34,14.861204147338867,96172,3,0.500042045161006,3,232,0,0,0,0,0
45,15,201.21800231933594,95001,1,4.045909943538338,1,0,0,0,0,1,0
40,11,113.94123840332031,91691,3,0.981789321860759,3,200,0,0,0,1,0
46,23,70.21440124511719,91424,4,3.51130184227813,2,0,0,0,0,1,0
31,2,43.27693557739258,94394,2,1.487311499315342,3,0,1,0,0,1,0
42,19,197.95907592773438,95564,1,2.2356785705782047,1,0,1,0,1,1,0
47,29,56.30305862426758,91722,4,0.15077781195150397,2,104,0,0,0,1,0
44,8,94.84222412109375,92139,4,1.023658909843915,1,0,0,0,0,1,0
37,19,46.541934967041016,92045,2,0.1707214115462178,3,0,0,0,0,0,0
56,24,46.834598541259766,96165,3,0.5471517316415064,1,0,0,0,0,1,0
47,29,61.75385665893555,90144,4,2.1876347461965713,1,0,0,0,0,1,0
42,10,160.4703369140625,94881,2,0.17404940989985995,3,319,0,0,0,1,1
47,20,40.20560073852539,91163,1,0.26258174391867456,3,0,0,0,0,0,0
38,16,38.94746398925781,94231,4,1.241080055310586,2,0,0,0,0,0,0
52,34,45.50577163696289,94957,2,1.65048692564319,2,104,0,0,0,1,0
29,7,29.568958282470703,91155,3,0.2088101671877174,2,0,1,0,0,0,0
63,36,90.2769775390625,90209,3,0.6043256397478147,3,0,1,0,0,1,0
34,12,46.88459014892578,91932,2,2.298721702589474,3,0,1,0,0,0,0
48,17,53.941200256347656,93170,1,0.7279664942595914,3,0,1,0,1,1,0
44,24,35.52141571044922,90882,3,0.5072179988944008,1,0,1,0,0,1,0
60,36,30.8247013092041,91344,3,0.7061887766602348,3,0,0,0,0,0,0
46,23,31.722492218017578,91960,4,2.101278439251486,1,0,0,0,1,1,0
37,15,172.12562561035156,94198,2,9.02166466176827,1,0,0,0,0,0,0
60,39,136.80816650390625,91925,1,3.0330791885975703,1,0,0,0,0,1,0
35,17,17.274444580078125,92243,3,0.6411971857738314,3,0,1,0,0,0,0
54,33,70.35548400878906,91330,2,1.310780098927565,3,0,1,0,0,0,0
28,4,128.12655639648438,94998,2,1.1475087185347985,1,0,1,0,0,1,0
56,24,45.17998123168945,94912,3,0.9509480864309049,2,137,0,0,0,1,0
40,25,146.32139587402344,95139,2,0.3535050178259186,1,123,0,0,0,0,0
34,2,65.20308685302734,90285,1,2.35926313943482,2,0,0,0,0,0,0
42,24,122.18753051757812,94625,1,1.020391108783192,2,0,1,0,0,0,0
65,42,124.10572052001953,91235,2,2.680087191962219,2,223,0,0,0,0,0
61,31,72.09098815917969,95179,2,2.386653871842829,3,0,0,0,0,0,0
58,22,73.33396911621094,90347,4,4.137722526886581,1,262,0,0,0,1,0
23,3,79.64584350585938,90616,2,2.322194482706608,3,0,0,0,0,0,0
32,5,103.87602996826172,95023,4,2.5581865695804744,1,0,0,1,0,0,0
63,33,113.23577880859375,95654,1,3.274849066469497,2,0,1,1,0,1,0
46,24,79.19176483154297,90465,3,0.33603812554959317,2,0,1,0,0,1,0
31,12,24.578601837158203,91945,4,1.4184345639852038,2,0,0,0,0,1,0
30,2,32.00821304321289,93283,4,0.854471074202566,1,0,1,0,0,1,0
32,6,36.823341369628906,94440,3,1.9992206315846919,2,0,0,0,0,1,0
55,25,117.82330322265625,94545,2,0.30210022776162304,1,0,0,0,0,1,0
59,27,44.133907318115234,94772,4,2.551324678691405,1,0,0,0,0,0,0
38,21,72.3775863647461,92103,3,2.379911165355935,1,205,0,0,0,1,0
37,8,166.66824340820312,94322,2,5.346656546152259,1,0,0,1,0,1,0
47,19,59.46931076049805,90137,1,0.11952971265990342,3,0,0,0,0,1,0
28,3,144.23855590820312,92723,2,5.54589313425959,1,0,0,0,0,0,1
36,16,76.92232513427734,95323,2,1.1777473251140593,3,0,0,0,0,1,0
31,16,152.21629333496094,95925,1,4.113508848575198,1,133,1,0,0,1,0
58,30,46.05610275268555,94346,2,6.861896155437297,2,310,1,0,0,1,0
40,11,13.346365928649902,95523,3,1.3072926375451293,1,0,1,0,0,1,0
33,13,106.98104095458984,91422,2,1.0545956593659005,1,0,0,0,0,0,0
44,16,33.15835952758789,92718,1,0.8139033326760418,3,105,0,1,0,1,0
33,-1,108.22419738769531,94376,2,1.7104144749548622,2,0,1,0,0,1,0
49,25,110.2373275756836,94093,2,3.1761185773126974,1,0,1,0,0,0,0
57,7,17.341426849365234,95133,3,0.9050145050752494,2,260,0,0,0,1,0
39,21,95.9970474243164,94964,1,2.9490547779887066,1,0,0,0,0,1,0
36,9,110.95092010498047,91366,4,3.7692892368211726,3,0,1,0,1,1,1
51,26,69.72621154785156,94445,2,0.4581758416596739,2,0,0,0,0,0,0
64,32,58.6019287109375,94323,3,0.6638788622007878,2,0,0,0,0,1,0
56,23,119.91436767578125,93969,2,1.3553919575115443,1,307,1,0,0,0,0
40,6,104.47925567626953,92484,1,2.070088407698033,1,0,1,0,0,0,0
42,18,45.47178268432617,94569,3,1.7801240021224702,3,0,0,0,0,1,0
48,22,33.012359619140625,92179,2,1.3409346036360512,3,0,0,0,0,1,0
58,35,108.09896850585938,93257,3,1.1755730543776375,3,0,0,0,0,0,0
44,24,27.417875289916992,95141,2,0.18840581880130192,1,0,1,1,1,1,0
50,27,77.13955688476562,93041,1,1.3797292954297573,3,0,0,0,0,0,0
28,2,64.51800537109375,94291,3,1.5686598268825813,3,0,0,0,0,1,0
60,34,45.52729415893555,92503,4,2.5402198213253984,2,0,0,0,0,0,0
63,40,135.825927734375,90767,1,2.8055473190299614,2,210,0,1,1,1,1
51,27,69.3984375,94612,4,1.9804898651943135,3,159,0,1,0,1,0
36,31,28.87761116027832,94463,2,0.21555865963857393,3,72,0,0,0,0,0
29,7,55.443809509277344,92762,4,1.1746042081532444,3,0,0,0,0,0,0
62,36,88.39749145507812,94194,1,0.43699955001512797,2,341,0,0,0,1,0
55,24,53.043479919433594,94508,1,0.5759183005838917,3,0,1,0,0,1,0
58,37,42.127540588378906,93896,1,1.2284932851078967,3,0,0,0,0,1,0
41,27,69.86373138427734,91903,2,0.994849310697687,3,139,0,0,0,1,0
32,7,40.64132308959961,90777,4,3.022158304212939,3,0,0,0,0,1,0
37,9,27.548255920410156,94149,3,0.5806173143672606,2,107,0,1,0,1,0
58,13,11.492963790893555,89753,3,0.4198057669796229,2,0,0,0,0,1,0
52,21,184.47398376464844,93442,2,7.1834961055103905,3,0,0,0,0,0,1
24,2,17.007020950317383,95986,3,1.160685414056299,1,0,0,0,0,1,0
65,26,11.776752471923828,95791,1,1.0357738729602874,3,0,1,0,0,1,0
33,11,93.81963348388672,94861,1,2.1935220769770454,1,0,0,0,0,0,0
62,41,53.9015007019043,95854,1,2.6535729381794155,1,0,0,0,0,0,0
31,6,69.72090148925781,93890,1,2.8896538205303317,1,0,0,0,0,1,0
28,5,26.841854095458984,94179,2,1.5040762093719688,2,0,0,0,0,1,0
47,27,161.2556915283203,92076,2,2.6025352559184616,1,108,0,0,0,0,0
51,25,51.042598724365234,94152,1,0.4572808742033723,3,153,1,0,0,1,0
43,24,101.00247955322266,94466,3,0.2521619987914951,3,0,1,0,1,1,0
62,37,147.9526824951172,94475,1,4.155234265873018,2,0,1,0,0,0,1
51,26,59.45827102661133,94975,1,0.6860046060441779,2,0,1,0,0,0,0
51,28,43.157405853271484,92252,4,1.1460875542818738,2,0,0,0,0,0,0
50,29,39.4453239440918,96003,4,2.0731281632766296,3,0,0,0,0,1,0
36,5,25.29534339904785,90771,3,0.8494954634356465,2,0,0,0,0,1,0
39,4,37.409244537353516,93842,3,0.019153678149378184,2,0,0,1,0,0,0
55,30,44.925392150878906,90963,3,0.34593858489103285,2,114,1,0,0,1,0
59,32,47.88435745239258,91543,4,1.8613565803374168,2,159,0,0,0,1,0
35,9,22.860748291015625,93036,4,2.536894092500869,1,0,0,0,0,0,0
32,5,20.063901901245117,94172,4,0.5044133168101308,1,0,1,0,0,0,0
40,22,18.536941528320312,91715,1,0.19672821561843945,1,0,0,0,0,0,0
60,35,71.0643081665039,96334,1,2.3822566055109613,1,299,0,0,0,1,0
35,10,92.64061737060547,94105,3,2.121998169267335,1,0,1,0,0,1,0
62,39,74.79550170898438,92830,2,0.3226164603011674,3,0,0,0,0,1,0
35,7,81.34063720703125,94324,1,3.352088693624385,2,0,0,0,0,0,0
38,11,120.74803924560547,95020,2,2.387956700768854,1,0,1,1,1,1,0
46,20,72.99535369873047,93409,2,0.8480486696314502,3,0,0,0,0,1,0
53,33,82.05580139160156,90413,1,0.2765016484619416,1,0,0,0,0,0,0
64,29,92.69567108154297,92370,1,2.28859456585953,3,287,1,0,0,0,0
51,19,38.99994659423828,94771,1,2.1784038227752,1,0,0,1,0,1,0
44,29,186.54916381835938,94182,3,6.3990354526758075,2,0,0,0,1,1,1
50,17,88.65531921386719,92822,4,0.6034984147455897,1,0,1,1,1,1,0
34,9,74.11495208740234,95321,3,1.4447008506163428,1,178,1,0,0,1,0
26,1,86.03457641601562,94398,4,1.763514235794649,1,0,1,0,0,1,0
51,27,69.44493103027344,94343,4,1.1355604923975826,3,153,1,0,0,1,0
30,7,56.96950149536133,91967,4,1.5783560956715004,1,0,0,0,0,0,0
47,25,100.73018646240234,91876,4,2.029675541247899,2,184,1,0,0,1,0
56,31,24.549381256103516,91792,1,1.2883257986488212,3,220,0,0,0,1,0
60,36,166.93930053710938,89830,1,2.2195021709565723,1,0,0,0,0,0,0
46,10,28.679637908935547,94507,2,2.372711116463927,1,0,0,0,0,1,0
50,23,46.24144744873047,94825,3,1.688922591029626,1,227,1,0,0,0,0
59,34,124.32599639892578,90326,1,0.36808017279609795,1,0,1,0,0,1,0
41,17,59.57475280761719,95393,3,3.1097075520816815,2,154,0,0,0,0,0
39,27,153.6241912841797,93141,3,7.077573746808552,1,0,0,0,0,1,0
51,27,41.218955993652344,94810,3,0.7330512937856608,2,0,0,0,0,1,0
34,12,138.7171630859375,95092,1,1.9864671677415027,3,0,0,0,1,1,0
50,14,78.00724029541016,92128,1,3.769462842238886,1,266,0,0,0,0,0
43,20,76.9771957397461,90222,2,2.015434760792551,2,0,0,0,0,1,0
31,17,89.87300872802734,91768,1,7.466038151640863,1,0,0,0,0,0,0
43,14,125.425537109375,94638,4,3.761270124219028,3,0,0,0,0,1,1
53,32,39.071807861328125,95251,3,1.7287106404721102,1,0,0,0,0,1,0
58,27,122.62490844726562,95571,2,8.45754901808988,1,0,0,0,0,1,0
47,26,51.34888458251953,91660,3,0.18563563081733925,2,234,0,0,0,1,0
51,29,14.807221412658691,91462,4,0.6272370776153049,1,0,0,0,0,1,0
45,15,47.489280700683594,92063,3,0.5719795245061718,3,0,0,0,0,1,0
56,30,34.17304992675781,92029,1,0.7894442254644637,3,153,0,0,0,1,0
41,21,95.17440032958984,91250,2,0.9731759080542823,3,159,1,0,0,1,0
35,9,24.069499969482422,94821,2,0.3551294515680472,2,106,0,0,0,1,0
59,38,117.4998550415039,92337,3,2.060206013357473,1,0,0,0,0,0,0
25,8,62.16826629638672,94889,1,2.651682142371136,3,127,0,0,0,1,0
63,38,130.43319702148438,93744,1,3.035136754186573,1,0,0,1,0,0,0
35,16,18.331348419189453,94751,3,0.15073946669029126,3,0,0,0,0,1,0
63,35,51.5062141418457,94245,2,0.1970915154116116,3,251,0,0,0,0,0
41,16,42.6333122253418,95587,1,0.10880379174951493,2,0,0,0,0,0,0
42,15,55.04474639892578,91676,1,1.431338994171333,3,0,0,0,0,1,0
54,30,54.675662994384766,94139,4,1.1485671481968738,3,155,1,0,0,1,0
31,5,34.618011474609375,93728,4,0.968294813265266,2,0,0,0,0,0,0
58,27,40.442298889160156,94122,2,1.9758028536095982,1,0,1,0,0,0,0
38,18,99.60057067871094,90127,3,2.850153871164275,1,222,1,0,0,0,0
59,36,84.98808288574219,95127,1,4.094472938278145,3,0,0,0,0,1,0
30,1,139.83656311035156,91667,4,5.104668575516416,2,0,0,0,0,0,1
49,19,74.94046020507812,90306,2,1.8926997015064566,3,0,0,0,0,1,0
47,24,25.139894485473633,93151,1,1.573803679141045,1,0,0,1,0,0,0
59,33,72.90483093261719,94156,4,2.2394041886628546,2,0,1,0,0,1,0
40,12,31.495023727416992,95866,1,0.8314650571675378,1,0,0,0,0,1,0
36,9,62.57781219482422,94327,1,1.912331543501567,2,0,1,0,0,1,0
55,19,81.73816680908203,94855,2,1.1633655368025007,2,0,0,0,0,0,0
46,22,57.26096725463867,92036,1,0.5695674448448433,2,0,0,0,0,1,0
30,5,81.32401275634766,90237,4,1.7824482873332796,2,0,0,0,0,0,0
36,7,51.477439880371094,92211,4,2.2976366769212953,3,0,0,0,0,0,0
51,20,14.881983757019043,96426,2,0.8122388744811646,3,0,0,0,0,0,0
54,22,66.19290161132812,92701,3,0.6937104359679511,3,0,1,1,0,0,0
39,17,59.6246223449707,94347,1,0.884611715758251,3,246,1,1,1,1,0
38,12,54.12637710571289,95728,4,0.07760691300454456,2,0,0,0,0,0,0
50,25,44.001827239990234,94404,3,1.1727970295519525,2,0,0,0,0,1,0
48,18,36.1475715637207,93763,4,0.02755791577136446,3,0,0,0,0,0,0
44,20,44.04622268676758,92006,1,0.24869392129508297,3,0,0,0,0,0,0
35,9,175.69717407226562,94542,2,6.263925606974923,1,0,0,1,0,1,0
34,10,178.6031036376953,95027,3,3.00995800708636,3,0,1,0,1,0,1
63,34,83.67212677001953,94065,1,4.2465410493069164,3,152,0,0,0,1,1
61,34,36.75379180908203,90912,3,0.17491281951437523,2,0,1,0,0,1,0
43,20,101.01386260986328,91695,4,3.3867412344296213,3,212,1,0,0,1,1
32,4,90.70292663574219,94587,2,0.8625706704984626,1,179,0,0,0,1,0
35,2,99.85913848876953,93106,4,1.9140584166676846,1,313,0,0,0,1,0
29,15,62.43973159790039,93157,4,0.68402804998739,2,0,1,0,0,0,0
60,25,76.8313980102539,94726,1,2.5170816036236747,1,0,1,0,0,1,0
40,21,111.05355834960938,95013,2,2.0675235220660655,2,0,0,0,0,0,1
38,20,212.52125549316406,90112,2,4.683659331481265,1,0,0,0,0,1,0
61,32,59.53569793701172,95271,4,1.5715336280219847,1,0,1,0,0,1,0
59,37,68.19482421875,95185,3,3.667401220161496,3,0,0,0,0,0,0
47,20,25.03585433959961,92413,2,0.6194357285372523,3,0,1,1,0,0,0
61,10,13.738809585571289,95313,3,0.06626932377418268,1,84,1,0,0,0,0
36,14,66.6500244140625,95923,4,0.6894098948015005,1,0,0,0,0,1,0
65,39,21.472911834716797,95812,2,0.4623008096898401,3,192,0,0,0,1,0
61,35,135.6596221923828,93236,2,0.364627764236248,1,410,0,1,0,0,0
39,13,57.74561309814453,90127,1,0.8096831530093291,3,0,0,0,0,1,0
56,31,109.98344421386719,95414,1,3.4452862046941526,3,0,0,0,0,1,0
54,20,41.28463363647461,91321,2,0.42577254597361397,3,67,1,0,0,0,0
27,4,59.56965637207031,96000,2,1.6695634669949078,2,236,0,0,0,1,0
41,14,122.64018249511719,90282,1,2.174863842997176,1,0,1,0,0,1,0
36,13,16.117630004882812,96005,2,0.43622952963968437,1,0,1,1,1,1,0
51,20,34.03028869628906,94169,4,0.49679347193617346,3,0,1,0,1,1,0
57,29,166.3592987060547,91223,1,5.518202524470483,1,0,0,0,0,0,1
54,15,127.34947967529297,92640,4,3.6104779868417034,1,0,1,0,0,0,1
40,14,156.00259399414062,91139,2,7.263362755985068,1,0,0,0,0,1,0
49,12,23.143566131591797,94898,4,1.8731255218721075,3,0,0,0,0,1,0
27,8,66.93077850341797,94458,2,0.7751495095281583,3,0,0,1,0,1,0
60,34,41.45152282714844,92211,1,1.8390402351024175,2,0,0,1,0,1,0
41,13,51.56278991699219,95116,3,1.8756017562083669,3,0,0,0,0,1,0
52,34,37.80277633666992,91322,2,1.6911659716011411,2,0,0,0,0,1,0
56,21,162.14187622070312,90178,1,3.598751923980114,1,407,0,0,0,0,0
39,21,203.5469207763672,95239,2,6.798595806044271,1,0,0,0,0,1,0
56,31,19.136943817138672,93064,3,2.3578964482844746,2,76,1,0,0,1,0
38,7,25.45050048828125,92113,1,0.20553382250981136,2,131,0,0,0,1,0
30,5,76.55425262451172,94242,1,0.33432265109414844,1,134,0,0,0,0,0
45,20,158.13124084472656,94166,1,5.070737028223945,1,516,0,0,0,1,0
61,40,28.85175895690918,92003,2,0.074194836000858,3,0,1,0,0,1,0
56,35,120.31822967529297,91994,3,1.2063472066163836,3,0,0,0,0,0,0
32,5,50.604591369628906,94417,2,0.053825739465486105,1,0,0,0,0,1,0
38,18,43.81490707397461,94742,4,0.12800522037644263,2,0,0,0,0,0,0
56,22,35.782142639160156,94507,2,1.3386944515188672,1,0,1,0,0,1,0
32,7,82.68582153320312,95491,4,3.047594999997332,3,238,0,0,0,1,0
62,40,33.019596099853516,92645,4,0.9079479342394099,1,0,1,0,0,1,0
54,26,33.73408508300781,94426,3,0.5334125003802745,2,114,0,0,0,1,0
35,5,55.473663330078125,94439,4,1.3530666544358003,2,0,0,0,0,1,0
36,14,69.99974060058594,92211,2,0.40769703522938916,3,242,1,0,0,1,0
58,17,122.87600708007812,91455,1,4.628608347937256,1,0,1,0,0,1,0
49,25,63.15503692626953,95051,3,1.9086685717397271,2,102,0,0,0,1,0
51,22,20.132678985595703,91400,3,0.513018589958181,2,0,1,0,0,1,0
53,28,59.29086685180664,90285,1,0.661143202842019,1,0,0,1,0,1,0
60,29,64.49395751953125,93908,3,2.1652557843838314,1,0,0,0,0,1,0
63,35,13.218063354492188,93558,4,0.4368964140543156,2,92,0,0,0,1,0
57,40,54.576454162597656,91913,4,0.7685793643171197,3,0,1,0,0,0,0
39,20,134.82827758789062,89934,1,0.08243544624358573,3,0,0,0,0,0,1
43,24,110.405029296875,95268,3,1.6106419845743047,2,0,0,0,0,1,0
49,20,88.89510345458984,94599,3,1.7500596144783742,3,98,1,0,0,0,0
33,9,162.00389099121094,94459,2,5.988343806795619,1,0,0,0,0,0,0
55,26,189.00131225585938,92970,2,9.59810498637738,1,0,0,0,0,0,0
57,37,43.08511734008789,94701,4,1.6194061513552747,3,0,0,0,0,0,0
40,19,118.05956268310547,91868,1,5.456855165921778,1,0,0,0,0,1,0
43,17,190.55943298339844,91067,1,4.306651014130132,1,0,0,0,0,1,0
53,22,29.114273071289062,90304,4,1.960513347424618,3,0,1,0,0,1,0
65,38,28.267412185668945,90194,4,1.3170436525704117,3,0,0,0,0,0,0
40,13,56.02180480957031,94576,1,1.2976692492242883,2,167,0,0,0,0,0
60,35,149.95034790039062,90028,2,0.6297259236838727,1,0,0,0,0,0,0
29,14,36.24518585205078,94746,4,1.264986467931916,2,214,0,0,0,1,0
44,18,172.61822509765625,94024,2,4.09537619302554,1,0,0,1,1,1,0
63,37,28.315532684326172,90492,3,0.7089553956659156,1,91,1,0,0,1,0
54,25,91.59884643554688,94120,2,2.0426800240838627,1,0,1,1,0,1,0
46,25,157.12461853027344,91888,1,9.178019038626687,1,0,1,1,0,1,0
33,4,105.91653442382812,94144,2,1.0640056271026008,1,0,1,0,0,1,0
40,10,131.297607421875,91957,3,3.5234832849827615,3,105,0,1,0,0,1
27,2,63.94096374511719,94040,1,2.369343359390541,1,0,0,0,0,1,0
53,21,58.02146911621094,95884,2,6.893151328035673,1,0,1,0,0,0,0
41,13,62.73728942871094,90383,1,1.2219366511034364,2,0,0,0,0,1,0
63,37,109.456787109375,91647,2,1.1638214341148578,3,408,0,0,0,1,0
58,33,84.62272644042969,96038,3,2.5305203823966558,1,0,0,0,0,1,1
57,36,39.63142395019531,92774,1,0.36202762714515835,3,0,1,0,0,1,0
45,22,48.51979446411133,94268,2,0.5352930029689753,3,0,0,0,0,1,0
60,38,134.6368408203125,92772,2,3.8168542911730006,1,0,0,0,0,1,0
55,33,161.06626892089844,92822,2,2.340196411167731,1,0,0,0,0,0,0
58,26,71.26222229003906,91851,3,0.19769004960324443,2,0,0,0,0,1,0
61,37,56.30663299560547,95914,4,2.5147497031907733,1,0,0,0,0,1,0
45,22,27.966753005981445,90288,3,1.758850259686502,2,0,0,0,0,1,0
37,9,61.99862289428711,92019,1,2.666210315002834,2,0,0,0,0,0,0
59,31,76.82978820800781,91838,3,1.9616914272066492,1,0,0,0,0,0,0
49,23,19.98630714416504,95031,1,1.2606403156758947,2,100,0,1,0,0,0
50,29,50.62590789794922,92662,4,1.2066116562469251,2,0,1,0,0,0,0
34,12,85.32891082763672,92648,1,0.2937017359538903,1,0,0,0,0,1,0
30,6,27.659860610961914,94684,2,1.4091837088896322,3,0,0,0,0,0,0
60,33,26.777711868286133,94457,2,0.3601785556851974,3,87,1,0,0,1,0
58,30,133.72113037109375,92647,4,0.2615784923888321,2,397,0,0,0,0,0
66,40,177.69802856445312,90859,2,6.547069783350112,1,0,0,0,0,0,0
30,30,86.8764877319336,94602,1,2.8583716917058006,1,0,1,0,0,1,0
34,13,181.96380615234375,94432,4,5.602065231334497,1,0,1,0,0,0,0
30,5,74.9460678100586,91102,2,0.37602349655290523,1,0,1,0,0,0,0
49,24,122.56814575195312,95450,1,6.662040293366246,3,166,0,0,0,1,0
57,24,58.70629119873047,91761,2,2.0969555705376073,2,261,1,0,0,1,0
62,39,164.22772216796875,90710,1,2.9437492893664543,1,0,0,0,0,1,0
65,37,45.749881744384766,90215,3,0.3060100739278251,3,0,0,0,0,1,0
26,0,150.66790771484375,91614,2,0.789366289398993,1,0,0,0,0,1,0
32,4,58.33857727050781,92883,4,0.8653220558910774,1,152,1,0,0,0,0
32,5,37.57294464111328,91506,1,0.8132071727983365,1,106,0,0,0,1,0
60,34,49.24583053588867,92110,1,2.5632223573189465,3,0,0,1,0,1,0
55,28,30.030834197998047,91265,3,0.5759167324762581,2,110,1,0,0,1,0
41,21,24.335947036743164,91407,2,0.7849012823112865,3,155,0,0,0,1,0
56,31,21.20795249938965,92077,2,0.10245061758095034,1,0,0,0,0,0,0
52,27,79.74188232421875,96100,1,0.4887308671005336,2,0,0,0,0,0,0
41,17,58.052974700927734,95927,2,3.311675682445359,1,0,0,1,0,1,0
31,4,66.05764770507812,91048,2,1.6248493495729992,1,0,1,0,0,1,0
57,19,53.64668655395508,92944,4,1.5034688125226585,3,229,1,0,0,1,0
43,20,21.237815856933594,95361,2,0.11547888897383149,1,106,0,0,0,0,0
30,4,25.23517417907715,92519,2,1.1161292960163514,2,0,0,0,0,1,0
37,8,65.8573226928711,91873,2,2.1238997381114815,3,0,1,0,0,0,0
49,22,47.870323181152344,94334,1,1.021688872853122,2,0,0,0,0,1,0
43,30,57.34115219116211,91426,1,0.854611285781148,3,220,0,0,0,0,0
56,26,27.43148422241211,93627,2,2.221229835998041,1,0,0,0,0,1,0
36,14,90.88107299804688,92190,1,2.295845750637544,3,0,0,0,0,0,0
39,18,32.63380432128906,91309,4,0.004459133228323087,1,0,1,0,0,1,0
59,33,138.97740173339844,93018,2,2.3084828272053564,1,0,0,0,0,0,0
28,5,125.42467498779297,92179,2,3.195318440493243,1,169,0,0,0,0,0
25,9,193.7979278564453,95791,2,6.211156470545433,1,0,0,0,0,0,0
56,23,19.784168243408203,92453,2,0.7449667925981945,3,232,0,1,0,1,0
26,0,46.244361877441406,92873,4,1.5666202628477426,1,98,0,0,0,1,0
51,18,44.698333740234375,90889,3,1.752274802253824,2,0,0,0,0,1,0
39,19,70.51268768310547,90888,3,0.9833731775840271,1,0,1,0,0,1,0
36,11,205.82801818847656,92050,2,6.693851571197799,1,0,0,0,0,0,0
42,26,68.71476745605469,90425,2,0.4792765141904674,2,217,1,0,0,1,0
51,27,35.839141845703125,92518,4,1.6397641119673796,3,0,1,0,0,1,0
48,23,59.16984176635742,94236,3,2.075272074078668,3,0,0,1,0,0,0
45,19,184.2197265625,96302,2,2.9109225906229965,3,0,1,0,0,0,1
64,38,73.44078063964844,91097,4,1.4743513685571956,3,0,0,0,0,1,0
58,34,120.81951904296875,89945,4,2.863631768775136,1,0,0,0,0,1,0
32,18,179.0191192626953,95821,1,6.959817252498896,1,241,0,0,0,0,0
48,1,89.572021484375,91705,3,0.12388821055096425,2,0,0,0,0,1,0
41,18,70.7223892211914,92172,4,1.3777402749457093,2,400,1,0,0,0,0
42,12,185.8094024658203,94975,2,2.7860473374930756,1,0,0,0,0,1,0
50,27,24.956546783447266,94327,4,1.2335079306986678,3,0,1,0,0,1,0
44,30,101.2022933959961,92217,2,1.4243324865503686,1,381,1,0,1,1,0
56,10,46.589576721191406,94454,1,0.351282796185107,2,108,1,0,0,0,0
51,13,61.57645034790039,92250,3,2.2318417678380866,1,75,1,0,0,1,0
41,12,129.88699340820312,96198,1,4.96759600660981,1,0,0,0,0,0,0
40,17,169.36123657226562,92212,2,6.453362563556386,1,0,1,0,0,0,0
45,18,50.91154098510742,94709,3,0.17410165573115302,1,0,1,0,0,1,0
31,10,24.799270629882812,90437,4,0.6776152856007462,1,0,0,0,0,1,0
50,17,94.02684783935547,94882,1,2.03113230703084,2,0,0,0,0,1,1
42,21,46.94990539550781,92651,3,1.9963272690728662,1,0,1,0,0,1,0
33,7,111.97675323486328,95160,3,0.5220409162002642,1,86,0,0,0,1,0
26,-1,52.04609680175781,94639,4,0.5754217972071828,3,0,0,0,0,1,0
51,23,136.48231506347656,93965,2,6.596416465821188,2,0,0,0,0,0,0
61,31,14.583550453186035,94728,1,1.0259746365763394,2,109,0,0,0,0,0
66,41,44.534950256347656,94953,3,0.20627851379283008,3,0,0,0,0,0,0
32,7,60.900516510009766,92022,4,1.4548190525211293,1,0,0,0,0,1,0
65,39,66.15728759765625,92709,4,0.37849522573167643,3,0,1,0,0,1,0
64,39,175.045654296875,94399,1,3.2353531297924363,1,0,0,0,0,0,0
29,10,32.773223876953125,94985,4,1.5289457720040316,1,0,1,0,0,1,0
63,39,154.24301147460938,90977,4,3.192099373420937,3,0,0,0,0,0,1
52,38,81.66455078125,94475,4,0.9168961434316404,3,0,0,0,0,0,0
63,36,110.37637329101562,91914,3,1.325196788162244,2,103,0,0,0,0,0
28,1,92.15806579589844,94251,2,4.908631760156256,1,200,1,0,1,1,0
61,30,24.955280303955078,94418,1,1.1312810205542925,3,120,1,0,0,1,0
32,9,21.344043731689453,92694,3,2.555142351823481,2,103,1,0,0,1,0
59,39,14.074179649353027,92292,4,0.6078505972317116,1,0,0,0,0,0,0
58,35,18.27561378479004,91980,3,0.8926405733038796,1,0,1,0,0,1,0
30,9,122.97286987304688,91873,3,2.956618834473721,1,0,0,1,0,1,0
50,33,55.82316589355469,95618,2,0.8534132495967773,2,0,0,0,0,1,0
55,40,115.94284057617188,95616,1,3.3151289091628593,2,152,0,0,0,1,1
32,8,20.035327911376953,95524,2,0.51186788193085,2,142,0,0,0,1,0
58,22,138.72254943847656,92091,4,1.5101656823597462,2,165,0,0,0,0,0
41,25,69.87184143066406,95770,4,2.7637965205468196,2,0,0,0,0,1,0
36,3,90.61524200439453,94737,1,2.975488866408474,3,163,0,0,0,0,0
52,30,59.4024658203125,95318,3,0.3712869398594086,1,0,0,0,0,1,0
45,18,149.80471801757812,95827,2,3.611507647953104,1,0,0,0,0,1,0
32,7,87.74340057373047,94612,4,1.0096837646646468,1,0,0,0,0,1,0
40,12,121.37201690673828,93960,2,1.3374679430066456,1,0,1,0,0,0,0
63,32,93.3011474609375,89988,4,1.8887131757517146,2,0,0,0,0,0,1
59,34,143.0960235595703,91561,3,4.8644657141151475,1,149,0,0,0,1,0
28,-1,80.98751831054688,95041,4,1.194866268170094,2,132,0,0,0,0,0
43,15,189.7287139892578,90565,1,6.137569889750184,1,0,0,0,0,1,0
65,36,58.027008056640625,94140,2,2.0883674872045352,1,0,0,0,0,0,0
51,32,90.2959976196289,95249,2,0.945124597901467,3,0,0,0,0,1,1
42,14,44.32550048828125,90333,2,2.482961103872502,2,0,0,1,0,0,0
43,11,71.46964263916016,94307,3,2.376598185936571,2,223,0,0,0,0,0
28,4,61.01474380493164,91711,2,2.6652636869506017,3,0,0,0,0,0,0
41,13,36.64363098144531,94035,4,1.825445044049198,1,0,0,0,0,1,0
44,14,85.02033233642578,95139,2,0.27382462269832025,1,0,0,0,0,1,0
40,20,53.37839889526367,91472,3,1.3181675253276546,2,0,1,0,0,1,0
62,34,51.293060302734375,94112,4,0.9012734482082037,3,0,0,0,0,0,0
53,25,23.07973289489746,92554,4,0.49311529083836203,3,0,0,0,0,1,0
53,28,18.133066177368164,94566,2,0.6170238934650325,1,130,0,1,0,1,0
60,32,50.83952331542969,94042,2,0.2660360410868383,2,0,0,0,0,0,0
33,12,41.87369918823242,94259,4,2.166057925611746,2,0,0,0,0,0,0
31,6,132.8917999267578,92005,2,1.0754113594591108,1,0,0,0,0,1,0
39,15,84.44119262695312,94593,1,3.2842687563510675,1,0,0,1,0,1,0
48,16,32.31662368774414,92154,4,1.533555334143868,3,71,0,0,0,1,0
32,15,163.07997131347656,95523,1,0.9293885531452335,1,382,0,0,0,1,0
42,17,53.781497955322266,94868,3,1.13503606390081,2,0,1,0,0,1,0
34,12,71.20329284667969,93039,1,1.448544355493059,3,140,0,0,0,1,0
40,19,38.25358581542969,96331,1,0.1908873927292305,1,0,1,1,0,1,0
57,24,44.88398742675781,94083,1,2.1608714560090205,3,0,1,0,0,1,0
60,37,90.53660583496094,95633,3,0.6547404440265431,3,0,0,0,0,1,0
31,11,127.31391906738281,92118,2,0.7651322931327634,1,0,0,0,0,1,0
62,34,64.75945281982422,95789,3,0.28899053006417846,2,0,0,0,0,0,0
55,28,41.891387939453125,90256,2,0.4194143051248144,3,0,0,0,0,1,0
56,32,99.09994506835938,94186,2,0.6698212285410526,1,0,0,0,0,1,0
65,33,69.82807922363281,94800,1,1.3360923391375323,3,0,1,0,0,0,0
65,41,102.3004150390625,92893,2,0.43778628303008826,1,0,1,0,0,0,0
58,25,29.92218589782715,94384,3,1.3523097625771088,2,215,1,0,0,0,0
45,23,39.568519592285156,90182,2,0.1990558438939165,1,0,1,0,0,0,0
40,13,80.2557601928711,95200,3,3.914381547723138,2,0,0,0,0,1,0
41,3,28.724796295166016,93701,3,1.0519895197400586,3,0,0,0,0,0,0
30,20,31.037235260009766,92876,1,1.1026107740500557,2,0,0,0,0,0,0
61,34,109.01054382324219,91177,4,2.5117078645779274,1,464,0,0,0,0,0
32,4,132.14846801757812,91401,2,0.1333490441127997,1,0,0,0,0,0,0
29,14,43.56752014160156,94805,1,1.8753404209476066,3,0,0,1,0,0,0
54,32,21.4039363861084,92623,1,0.11438422554537958,2,0,0,1,0,0,0
57,28,117.42015838623047,91800,2,3.4490580841422704,1,231,0,0,0,1,1
54,18,40.75382614135742,95681,2,0.9246046328824805,1,139,0,0,0,1,0
56,28,71.97994232177734,90431,2,1.9883200864122812,3,0,0,0,0,1,0
34,6,46.35739517211914,92225,3,0.3753919589576533,3,0,0,0,0,1,0
43,30,53.965763092041016,95512,2,2.5230381934692097,2,0,1,1,0,1,0
47,17,85.98703002929688,94427,1,0.9128754395602825,1,0,0,0,0,0,0
27,5,78.16036224365234,90430,1,1.4487710114832857,3,0,0,0,0,0,0
64,37,77.79904174804688,94898,1,0.008404292722130058,1,0,0,0,0,1,0
46,15,49.71866989135742,95491,1,1.4964143590920855,3,0,1,0,0,1,0
42,6,34.695823669433594,92830,3,1.9368018033399843,2,0,0,1,0,0,0
54,26,80.2080078125,90339,1,1.8898255381819846,1,0,1,0,0,1,0
27,1,40.42121124267578,95727,2,1.2320347704706218,3,114,0,0,0,0,0
28,10,166.58099365234375,90288,2,0.8208947196362082,1,0,0,0,0,1,0
49,25,64.95436096191406,94723,1,2.4780550375385593,1,0,1,1,0,1,0
34,9,58.64406204223633,91366,3,0.6745265081575381,3,167,0,0,0,0,0
56,27,48.08977508544922,90388,2,1.4457045029090658,3,0,0,0,0,0,0
59,36,47.23488998413086,95687,2,2.0869900203492793,1,0,0,0,0,1,0
40,18,55.379581451416016,90074,2,1.4996339902114437,2,0,0,0,0,1,0
40,17,49.20773696899414,92932,1,0.39364640546364815,1,0,0,0,0,1,0
62,38,123.88455200195312,94631,4,0.7042214299197365,2,143,0,1,0,0,0
53,26,45.32046890258789,91191,1,2.510738000147659,3,114,1,0,0,0,0
33,10,28.750879287719727,93159,3,0.9564543984549352,2,0,0,1,0,1,0
52,22,103.80962371826172,90489,1,2.7344888286974385,1,0,0,0,0,1,0
61,34,156.35012817382812,93146,2,0.08940868308378519,3,0,0,0,0,0,1
40,11,77.42779541015625,91152,3,1.4038447020342644,2,197,0,1,0,0,0
41,16,79.17060852050781,94784,1,3.0119382543987228,1,0,0,0,0,1,0
29,12,59.37971496582031,94468,4,2.643872958232131,2,0,1,0,0,1,0
37,13,21.97702407836914,92802,4,0.3946940673427009,3,0,0,0,0,1,0
55,29,123.1058120727539,92198,1,5.149975424163325,1,221,1,0,1,1,0
32,6,67.08953857421875,92222,2,1.3696775107730816,3,345,0,0,0,0,0
28,11,80.39122772216797,94380,2,0.07361301439135648,3,0,0,0,0,0,0
64,42,30.730987548828125,92032,3,0.5747222514512007,1,0,1,0,0,1,0
44,23,52.591575622558594,94433,1,1.93182825059253,3,0,0,0,0,1,0
47,19,65.46331787109375,94759,1,0.22265825088740948,2,0,0,0,0,1,0
34,11,45.12754440307617,94581,1,1.4502702828196414,3,0,0,1,0,1,0
41,16,57.756351470947266,94650,3,0.5678459978004395,2,0,1,0,1,1,0
63,40,75.97700500488281,92687,1,0.9768878787284521,3,0,0,0,0,0,0
48,27,35.51045227050781,92198,4,0.4247586368316834,1,0,1,0,0,1,0
35,4,32.84626007080078,92525,4,1.0303153218840129,2,149,0,0,0,1,0
52,37,121.56488037109375,91515,2,2.947567471346332,1,0,0,0,0,0,0
45,21,149.03932189941406,94508,3,2.2512725433368055,2,0,0,0,0,1,1
49,31,26.63980484008789,92901,4,2.8034353766864104,1,0,1,0,0,0,0
30,10,33.59724044799805,91531,4,1.869986851045239,3,0,0,0,0,1,0
39,2,64.98590087890625,90157,1,1.2621578275238345,3,123,0,0,0,1,0
47,16,92.35625457763672,91457,4,2.331278990264759,1,0,0,0,0,1,0
47,22,86.00581359863281,91583,2,2.002497502166415,3,241,0,0,0,1,0
62,37,142.92454528808594,96224,4,4.626926828140256,1,0,0,0,0,0,0
33,7,24.165802001953125,90875,4,0.5012523316219086,1,155,0,0,0,1,0
62,31,49.63656997680664,90942,4,3.4181189469391526,3,0,0,0,0,0,0
54,26,62.782955169677734,94814,1,2.9668015896621474,3,0,1,0,0,0,0
46,12,89.8350830078125,92786,1,0.1512216870047881,2,198,0,0,0,0,0
58,26,71.22723388671875,92212,2,0.5179495449704303,1,0,1,0,0,1,0
28,2,32.45109176635742,92306,4,0.8237193640791061,1,0,0,0,0,0,0
53,37,119.40666961669922,94395,2,6.300357205447661,1,373,0,0,0,0,0
38,14,84.82937622070312,91428,1,0.4524236356814474,1,163,1,0,0,1,0
30,1,44.498748779296875,94299,4,1.125803206073274,1,0,0,0,0,0,0
37,16,42.66202926635742,94849,1,1.7003051188739782,3,0,0,1,0,1,0
35,18,165.80369567871094,90320,2,7.627774803758888,1,219,0,0,0,1,0
30,13,37.05767822265625,91825,3,1.8782902185057304,2,129,0,0,0,0,0
33,7,19.027915954589844,94731,3,0.4390364245098637,2,0,0,0,0,0,0
52,28,22.277812957763672,93377,1,0.04324072808596369,1,422,0,0,0,0,0
28,3,76.22635650634766,95858,1,0.40978045707247196,1,0,0,0,0,1,0
40,17,20.46927261352539,92118,3,1.2335872209212835,3,0,0,0,0,0,0
46,25,71.9970703125,95777,1,0.0035301984356289062,1,100,0,0,0,0,0
28,5,208.33016967773438,94967,4,8.197510260411741,2,0,0,0,0,0,1
29,6,36.932247161865234,93187,2,3.875868593100516,3,0,0,0,0,0,0
30,7,163.5647735595703,91204,2,1.895711632537569,1,387,0,0,0,1,0
54,24,54.276371002197266,92067,3,0.9859586913711879,2,0,0,0,0,1,0
29,11,86.2450180053711,94714,3,2.8219420438997793,2,0,0,0,0,1,0
41,15,60.399391174316406,94845,4,1.131714686105892,2,0,1,0,0,1,0
43,11,125.25209045410156,91075,4,5.8721959318637715,2,0,0,0,0,1,1
41,19,14.053181648254395,91209,4,0.7711135973842796,3,0,1,0,0,1,0
52,30,39.997257232666016,91122,3,1.6663770461829457,3,183,0,0,0,0,0
46,21,92.73976135253906,90767,1,1.3715557276043953,1,0,0,0,0,0,0
50,23,22.337705612182617,92164,2,0.5235694071309178,3,0,0,0,0,1,0
43,19,39.022125244140625,95228,2,2.3694729960371546,1,0,1,0,0,0,0
32,9,88.20275115966797,95907,2,1.5938765376584,3,0,1,1,0,1,0
61,39,48.063358306884766,94304,3,2.5211023569090956,2,148,1,0,0,0,0
55,30,180.71388244628906,90260,1,0.8768710178426242,1,0,0,0,0,1,0
43,13,85.05322265625,92833,2,2.4888140612969107,1,0,0,0,0,1,0
60,36,40.442081451416016,94587,4,1.1180320494269105,1,116,1,0,0,0,0
26,7,67.56808471679688,93234,3,1.1090156597042196,2,0,1,0,0,1,0
42,17,71.78185272216797,94356,1,1.3855925471477342,3,0,0,0,0,1,0
37,15,98.37903594970703,93842,4,2.2672627359827855,1,0,0,0,0,1,0
43,14,44.76508331298828,91265,3,2.3654674887466216,2,107,1,0,0,1,0
44,20,52.719791412353516,89945,3,0.13660788334536947,1,0,0,0,0,0,0
32,9,115.22280883789062,94462,3,1.1978909470956007,3,0,1,0,0,1,0
39,16,54.977638244628906,92251,1,0.7356641416167866,2,0,0,0,0,1,0
35,16,183.01910400390625,90353,1,7.9067792346359775,1,0,0,0,0,0,0
60,15,44.85400390625,92519,1,2.0888954326193927,2,0,0,0,0,0,1
63,35,95.44882202148438,91347,2,2.29832634799918,1,0,1,0,0,1,0
25,3,34.808006286621094,91631,4,0.6409466169360837,3,0,0,0,0,1,0
65,38,12.573490142822266,96111,4,0.40561160179503497,1,0,1,0,0,0,0
31,7,133.306396484375,96441,4,1.267641910545023,1,209,1,0,0,0,0
28,5,83.43736267089844,95362,4,1.203118863762167,1,0,1,0,0,0,0
44,30,14.603545188903809,91511,4,1.6566798469530744,3,133,0,0,0,0,0
50,23,59.52064895629883,96161,1,0.7437059439525215,3,0,0,0,0,1,0
57,30,50.04927062988281,93112,1,2.000530139544628,2,0,0,0,0,1,0
34,16,91.16352081298828,95113,2,4.818315529514658,3,253,0,1,0,0,0
44,17,52.902103424072266,94607,1,2.4629798249789987,2,185,0,0,0,1,0
30,14,84.66436767578125,94552,3,1.1555458799698126,2,0,1,0,0,0,0
54,15,71.35252380371094,90214,1,1.390199041655685,3,0,0,0,0,1,0
60,34,86.53868103027344,95351,1,1.5040846645199515,3,0,0,0,0,0,0
58,33,34.14710235595703,91927,4,0.4430907322013272,2,0,0,0,0,1,0
35,13,102.20954895019531,94616,1,0.24715820270093272,3,0,0,0,0,1,0
47,27,34.74836730957031,94423,3,0.7933008686698403,2,132,0,0,0,0,0
31,9,32.131744384765625,94999,4,0.9321387965407203,3,0,1,1,0,1,0
36,4,22.98767852783203,95672,4,0.7973007125735775,1,0,1,0,1,1,0
58,26,50.314456939697266,92981,2,2.11210015237137,1,0,1,0,0,1,0
50,22,34.943695068359375,94025,2,1.1572249699481962,2,0,0,0,0,1,0
50,25,69.24559020996094,90449,2,0.5101693066880675,1,0,0,0,0,0,0
39,20,83.83689880371094,94535,3,0.17967586363202456,1,0,1,0,0,0,0
59,32,54.9326171875,91259,2,0.5391710156750844,3,0,1,0,0,1,0
56,29,111.51612854003906,91098,2,0.7623819082972654,1,0,0,0,0,0,0
59,41,87.09927368164062,91351,2,0.051767781597913676,3,0,0,0,0,1,0
45,7,67.43230438232422,92388,1,2.145224567557835,2,0,1,0,0,1,0
33,6,29.213483810424805,91618,3,1.7735277565157639,3,0,0,0,0,0,0
43,13,140.0831298828125,95387,1,2.080534388158812,1,0,0,0,0,1,0
41,29,97.05599212646484,95167,3,2.44664581144271,2,0,0,0,0,0,1
43,12,51.5031623840332,95776,1,1.0621953699638207,1,177,1,0,0,1,0
53,26,47.445735931396484,91767,2,2.2161971103214366,2,0,1,0,0,0,0
27,4,50.2105827331543,94354,3,0.9615301670846519,1,0,1,0,0,1,0
54,34,138.57241821289062,91963,2,3.111951190021961,1,236,0,0,0,1,0
32,9,51.208251953125,92851,2,0.12357100250355435,1,0,1,0,0,1,0
62,22,39.27690505981445,95275,3,1.2163751869716488,2,0,0,0,0,1,0
33,6,54.238990783691406,94589,3,1.7689503117481489,2,0,0,0,0,0,0
49,26,42.25855255126953,92323,2,2.191751719013124,2,107,0,0,0,0,0
55,23,153.17140197753906,91654,1,4.290057102145563,1,0,0,1,0,1,0
59,20,76.12760162353516,93839,3,1.5808875195187417,3,0,0,0,0,0,0
28,4,32.506004333496094,94573,3,0.9935518398945111,2,185,1,0,0,0,0
27,6,53.33873748779297,89980,4,0.10248466165402992,3,0,0,0,0,1,0
33,13,37.91315460205078,94790,1,1.9373524495357752,2,0,0,0,0,0,0
25,2,97.2490234375,94247,3,2.2465730154362697,3,0,1,1,1,0,0
58,37,159.8752899169922,92155,2,1.5873664858534686,1,241,0,0,0,0,1
30,18,152.63589477539062,91696,2,2.277678983071866,2,0,1,0,0,1,1
55,34,20.030216217041016,90360,4,1.4392184228829799,2,0,0,0,0,0,0
60,41,116.69307708740234,90702,2,5.039875838873213,1,0,1,0,0,1,0
46,24,94.63336181640625,94911,3,4.9083603102100035,1,0,0,0,0,1,1
54,24,96.25115966796875,90330,1,1.69384869465692,3,0,1,0,0,1,0
45,16,109.12123107910156,90828,3,1.4627464832264299,3,0,0,0,0,1,1
61,37,95.83375549316406,95918,2,0.09017105564808658,3,492,0,0,0,0,0
35,17,27.04498291015625,93804,4,0.19561136748898447,3,0,1,0,0,1,0
37,19,103.53606414794922,95869,3,0.5903494388591166,2,267,0,1,1,1,1
40,15,25.085346221923828,93396,1,1.1045519805810633,2,140,0,0,0,1,0
35,10,42.1495361328125,90063,3,0.930613172193945,1,0,1,0,0,0,0
58,31,50.64720153808594,94476,1,0.36089702903431053,1,0,0,0,0,1,0
35,18,105.44917297363281,90639,2,1.3198081987104777,1,0,0,0,0,1,0
59,23,30.407474517822266,91889,3,0.5674347321558103,3,105,0,0,0,1,0
45,19,58.77014923095703,92469,2,2.5220387929571895,3,0,0,0,0,0,0
58,36,50.940025329589844,94500,3,2.1330642537575817,2,0,1,0,0,1,0
50,29,100.61504364013672,93033,1,2.8994124764761144,2,233,1,0,1,1,0
53,25,133.85890197753906,96066,3,3.7228325089639185,3,0,0,0,0,1,1
64,36,45.17814636230469,95352,2,0.10819213012865528,2,0,0,0,0,1,0
64,39,20.2514591217041,95232,4,1.9676211299648765,3,0,0,0,0,1,0
50,18,29.395381927490234,95129,1,0.5436842721414512,1,0,1,0,0,1,0
40,17,90.841552734375,94595,1,0.9808161130050349,2,0,0,1,0,0,0
35,14,71.36358642578125,91583,3,1.795607400079156,2,0,0,0,0,1,0
31,17,19.80035400390625,93017,3,0.9841846346442547,1,152,0,0,0,0,0
53,30,79.38990783691406,93294,2,0.23281716882356618,2,113,0,1,0,1,0
45,18,56.461830139160156,92054,3,0.9431259928178656,3,0,0,0,0,1,0
56,22,194.41966247558594,92128,2,0.4267452574045337,1,0,0,0,0,0,0
26,6,49.28102493286133,92302,4,1.890044959887901,3,0,0,0,0,1,0
38,22,198.13116455078125,90261,4,3.077047028591784,1,322,0,0,0,1,1
33,10,70.70616912841797,94434,2,1.920250269083922,2,104,0,0,0,0,0
40,15,101.5726547241211,91882,2,2.4166104597590916,1,0,0,0,0,0,0
33,7,31.766414642333984,92787,4,0.5309191958766855,3,146,0,0,0,0,0
50,28,24.25436019897461,93697,1,1.1100496804799629,1,232,0,0,0,1,0
36,12,167.3246612548828,94500,4,2.8878587348251235,3,0,0,0,0,1,1
57,30,64.64543151855469,94207,4,2.114825584638552,2,165,1,0,0,1,0
31,9,192.1267852783203,91940,2,3.842905661365165,1,0,0,0,0,1,0
57,32,83.73053741455078,92236,2,1.43151169400339,3,374,0,0,0,1,0
27,3,17.51108741760254,96536,2,0.32818279628721375,3,0,0,0,0,1,0
34,13,65.84811401367188,91149,4,2.23528535162047,1,0,1,0,0,1,0
51,31,88.49182891845703,94301,2,2.6570917654180506,2,0,0,0,0,1,0
50,22,64.71415710449219,92095,2,2.2511174014456428,2,0,0,0,0,1,0
30,3,13.348302841186523,95753,4,0.1517908614510296,2,0,0,0,0,1,0
35,6,31.39897918701172,95080,4,0.840722285278659,2,0,0,0,0,1,0
51,26,116.15129089355469,91912,2,1.3168228445699222,2,245,1,0,0,1,0
42,19,70.72981262207031,94180,2,0.3567217763120719,1,0,0,1,0,0,0
43,16,89.54135131835938,93180,2,1.1555996831862216,3,0,1,0,0,0,0
33,3,151.0034942626953,93109,4,2.835021292873219,3,379,0,0,0,1,1
28,8,54.442989349365234,91514,2,1.910345432187109,1,0,0,0,0,0,0
36,15,105.94436645507812,92118,1,1.7521905598802208,1,262,0,0,0,1,0
61,34,63.51167678833008,94822,3,0.3203474455701953,3,0,1,0,0,0,0
32,16,123.92579650878906,91529,1,0.3453625820538444,1,173,0,0,0,1,0
40,25,67.54930114746094,91981,2,0.0603349778051957,1,0,1,0,0,0,0
59,38,40.827064514160156,95189,4,0.3459554319679311,3,0,0,0,0,0,0
45,32,80.1952133178711,96271,2,2.0434003198332285,2,0,0,0,0,0,0
42,17,170.79989624023438,91723,4,5.260944604851236,2,0,0,0,0,1,1
43,27,132.11734008789062,91675,3,2.5031760160455137,3,247,0,1,1,1,1
62,37,81.88602447509766,92230,1,1.942611702702532,1,0,0,0,0,0,0
37,20,48.68155288696289,91815,4,0.2975290961380511,1,0,1,0,0,1,0
46,27,82.56851959228516,91409,2,1.6752941428498953,1,188,0,0,0,1,0
32,19,61.04241943359375,93089,1,8.119132628742758,1,0,0,0,0,0,0
53,31,117.83397674560547,92131,3,2.443840871529995,2,0,0,0,0,0,0
28,9,81.75835418701172,93005,3,0.1366130411997989,1,184,0,0,0,0,0
31,10,37.46665954589844,90702,3,0.1602472679871583,1,0,0,0,0,1,0
42,24,47.47535705566406,90590,1,1.8092351203383714,2,214,0,0,0,1,0
35,15,19.07245445251465,90560,3,0.33387704171937477,2,0,0,0,0,1,0
41,16,41.0281867980957,94756,4,0.10485970029627165,1,146,1,1,0,1,0
50,19,64.73817443847656,91358,3,0.6695859790131212,2,0,1,0,0,0,0
55,34,72.59062194824219,90261,2,1.9061213684443592,3,184,1,0,0,1,0
58,36,45.02100372314453,91234,2,0.20293001776489417,1,0,0,0,0,1,0
58,31,43.029903411865234,91551,2,1.3705297197505368,3,223,1,1,0,0,0
38,13,34.781375885009766,90268,3,0.1148155185598283,2,0,1,0,0,1,0
61,28,134.02731323242188,93224,2,7.6391592312349745,1,0,0,0,0,1,0
45,25,82.60049438476562,94754,2,2.4415878524982544,1,0,0,1,0,0,0
35,30,97.5589599609375,94342,2,0.8937802602450814,1,0,0,0,0,0,0
46,20,76.67418670654297,91899,3,0.29538509080458525,1,0,0,1,0,0,0
34,16,95.18949890136719,91072,4,1.6440971317701993,1,136,1,0,0,1,0
33,11,61.56787109375,94196,3,0.46114996047321444,2,0,0,0,0,1,0
25,1,76.7317123413086,92337,2,1.9373920067923263,3,0,0,0,0,0,0
36,6,78.29707336425781,94762,3,1.0040927143583074,2,0,1,0,0,1,0
49,23,129.29666137695312,90245,2,2.8409311488619613,1,0,0,0,0,1,0
28,9,54.61305618286133,93537,1,1.3679357752669576,2,0,1,0,0,0,0
49,24,20.94567108154297,90520,3,1.397377310372156,3,0,1,0,0,0,0
43,28,143.40650939941406,94463,1,1.4118268855642708,1,0,0,0,0,1,0
30,3,58.159446716308594,90293,4,2.2704318719997425,2,0,0,0,0,1,0
56,34,24.3380126953125,91033,1,1.1680355697911695,3,0,0,0,0,1,0
31,12,194.9900665283203,93223,3,5.548025234861942,3,213,0,0,0,1,1
47,22,64.02830505371094,95167,1,0.14092172858703866,2,0,0,0,0,1,0
60,35,96.35025787353516,90321,2,4.31064253969914,1,0,0,0,0,0,0
44,13,57.72000503540039,92710,2,4.09173086693872,3,171,1,0,0,0,0
36,7,103.778564453125,91601,1,2.27235477344718,1,0,0,0,0,0,0
60,33,114.08069610595703,93432,3,1.6312999405809663,3,0,0,0,0,0,0
36,8,45.68986129760742,92807,4,0.8117066684594892,2,0,0,0,0,1,0
33,10,75.69987487792969,91872,2,0.953518998705599,1,0,0,0,0,1,0
49,29,38.042449951171875,92069,2,1.0950840700427809,1,0,0,0,0,0,0
31,7,81.23085021972656,94070,1,2.314159828652662,1,0,1,0,0,1,0
62,35,32.04133987426758,93645,3,1.568330950351083,3,0,0,0,0,1,0
45,17,139.9346923828125,93190,1,0.11274764875482962,3,223,0,1,1,1,1
29,9,19.493255615234375,96131,4,1.2239980086880973,3,0,1,0,0,1,0
62,36,155.74888610839844,92247,2,1.1545194225069033,1,0,1,0,0,1,0
46,18,16.128902435302734,94087,3,0.9116671202898978,2,0,0,0,0,1,0
34,14,36.42393493652344,94886,1,1.411672070181122,2,241,0,0,0,1,0
36,6,32.340911865234375,94016,4,0.8385220221995975,3,0,0,0,0,0,0
36,14,187.89276123046875,92687,2,7.1931591330969935,1,0,0,0,0,1,0
59,27,39.70494842529297,94273,3,0.6790014710504826,3,0,1,0,0,1,0
57,17,89.86787414550781,91581,2,0.4536350411534623,1,0,0,0,0,0,0
43,29,33.29518127441406,95340,3,0.39478924075473054,2,0,0,0,0,1,0
44,17,130.39328002929688,90054,1,6.681006902244221,1,319,0,0,0,0,0
52,24,88.73486328125,90073,2,1.4760029050044392,2,101,0,0,0,1,1
26,10,81.86913299560547,96032,4,1.7309533263236323,2,0,1,0,0,0,0
31,15,51.65791320800781,91875,1,1.6391791456140465,3,201,0,0,0,0,0
49,16,50.009071350097656,94157,4,0.9167452246602651,2,0,1,0,0,1,0
50,26,35.41820526123047,93999,1,1.5690369739413361,1,0,0,0,0,0,0
49,19,73.17987823486328,92862,4,1.9162282052314736,2,112,1,0,0,1,0
29,4,19.697677612304688,91826,2,0.0036973077091884687,1,0,0,0,0,1,0
48,36,51.941795349121094,92262,2,0.8038230824919195,1,0,0,0,0,1,0
41,23,182.6224365234375,95168,2,6.787712029224548,1,0,0,0,0,1,0
57,30,98.33677673339844,94907,1,3.3323462658792713,2,0,1,0,0,0,1
35,18,136.75926208496094,92828,4,2.908097442790448,3,0,1,0,0,1,0
35,12,87.67034912109375,93003,3,1.236671039089046,2,0,0,0,0,1,0
26,16,52.23745346069336,94280,2,1.5478836049618567,3,170,0,0,0,1,0
45,15,44.36254119873047,90130,2,0.1630433591081908,1,0,1,0,0,0,0
63,33,33.45210647583008,92769,4,0.6737708622780549,3,0,1,0,0,1,0
42,22,34.00944519042969,91423,1,2.2129354963974635,1,0,0,0,0,0,0
46,17,22.925752639770508,94108,2,2.066681693684961,3,0,0,0,0,1,0
62,36,118.96955108642578,92683,3,2.3166086539922084,2,0,0,0,0,1,0
61,24,61.81313705444336,94542,1,2.0714013398040225,3,0,1,0,0,0,0
36,22,209.85079956054688,94828,3,5.610965909238199,3,0,1,0,0,0,1
44,28,130.4333953857422,95650,1,3.033293966180003,1,0,0,0,0,0,0
33,15,41.57086181640625,94232,1,1.7571301521206766,3,0,0,0,0,1,0
46,24,54.58811569213867,94640,3,0.9988374216846534,2,0,0,0,0,0,0
57,30,49.844139099121094,90434,1,1.511456392070685,3,0,0,0,0,1,0
50,28,84.14022064208984,94318,2,1.6728976232108643,2,0,0,0,0,1,0
54,30,109.32357025146484,90353,1,1.3087676488163158,1,0,0,1,0,0,0
61,34,79.2153549194336,92287,4,2.877807717527313,3,0,0,0,0,1,0
51,30,40.25580596923828,90726,4,1.6087494364544979,1,189,1,0,0,0,0
50,23,27.738666534423828,94292,3,0.6588544205796063,3,0,0,0,0,1,0
58,36,52.1683349609375,95826,4,1.1308083594677332,3,0,1,0,0,1,0
55,23,33.61088562011719,92905,4,0.3635676678960455,2,117,0,0,0,0,0
46,23,77.46525573730469,96123,3,0.8183213522133368,1,106,0,0,0,0,0
57,21,118.53707122802734,94222,1,0.10344191552265491,3,0,0,0,0,1,0
60,28,91.11235046386719,91523,1,0.297060269647353,1,265,0,0,0,0,0
41,21,118.02259826660156,90335,1,2.350795681860057,1,154,1,0,0,0,0
41,18,177.07740783691406,90548,1,2.8198189025251708,2,0,1,0,0,1,0
36,8,51.86382293701172,93967,2,0.552238899288428,1,0,1,1,0,1,0
66,39,116.5704116821289,91813,3,2.2832742846059038,1,0,0,0,0,0,0
45,28,71.20625305175781,94844,4,0.5434013711648303,2,313,0,0,0,0,0
34,13,43.20993423461914,92383,3,0.33049769410782337,2,0,0,0,0,1,0
62,35,80.60225677490234,91116,3,3.1654847350255984,1,0,0,1,1,1,0
57,34,40.74158477783203,95708,4,1.1234688719385122,3,0,0,0,0,1,0
66,34,35.810699462890625,94029,3,1.145979508433889,2,0,0,0,0,0,0
43,18,141.56126403808594,95921,2,7.897122528081003,1,0,1,0,0,1,0
56,27,122.75615692138672,90092,1,1.461102314027368,3,0,0,0,0,1,0
44,16,95.8183364868164,91521,2,3.3434783803423973,1,0,1,0,0,0,0
30,3,50.58881378173828,92069,4,3.4497105195095554,1,0,0,0,0,1,0
57,35,50.17937088012695,92815,1,0.31669102009724637,1,376,1,0,0,0,0
60,37,51.95424270629883,91859,3,0.761187578365042,3,0,1,0,0,1,0
59,30,90.80352783203125,91436,2,0.6708317597978868,1,235,0,0,0,0,0
46,18,82.3318862915039,94272,3,0.23026269935775645,2,0,1,0,0,1,0
30,5,59.93743896484375,92352,4,1.9836180105609782,1,210,0,0,0,1,0
28,4,44.66154098510742,95353,2,0.6282424541695061,2,229,1,0,0,1,0
27,13,69.75238037109375,94965,2,1.5324196232385385,1,0,0,0,0,1,0
61,35,56.733726501464844,91457,3,0.7151248832331705,2,0,0,0,0,1,0
60,31,190.5430145263672,95232,2,5.540261843622433,1,0,0,0,0,1,0
34,2,20.605342864990234,94870,2,0.08628036622302679,1,135,1,0,0,1,0
31,4,18.58314323425293,91364,1,0.8647367221199826,3,0,0,0,0,0,0
28,4,123.64168548583984,90411,4,2.0498001976773965,3,0,0,0,0,0,0
61,21,66.02610778808594,94769,2,3.0183737216141875,1,0,1,0,0,1,0
31,10,182.34927368164062,94434,2,8.304722941280342,1,0,1,1,0,1,0
60,38,46.083431243896484,93024,1,0.3421712605684932,2,0,0,0,0,0,0
56,39,31.57771873474121,94489,4,0.7012302251302306,3,0,1,0,0,1,0
33,14,23.015419006347656,94811,3,2.292652653588624,3,0,0,0,0,1,0
59,35,30.380321502685547,95076,1,0.3928991170662655,3,0,1,1,0,1,0
33,13,68.4705581665039,94561,2,1.255315527119524,2,0,0,0,0,0,0
29,4,31.480798721313477,92639,2,0.14590094336451429,3,0,0,0,0,0,0
61,40,51.930355072021484,95154,1,0.10549076899566631,1,350,0,0,0,0,0
28,18,61.34627151489258,95260,4,1.7634519302640124,3,0,0,1,0,1,0
38,25,81.4695816040039,92118,2,0.9229216540603845,3,0,0,0,0,0,0
29,7,46.31227493286133,95621,4,2.3241388265108007,1,0,1,0,0,1,0
51,15,54.056358337402344,90404,3,0.9922040004033865,3,0,0,1,0,1,0
47,26,47.15992736816406,92092,2,0.7836569114269267,3,0,0,0,0,0,0
54,23,108.68385314941406,94340,1,3.512489761320702,1,0,0,0,0,1,0
39,22,84.04167175292969,95100,3,0.2923785005038524,1,256,1,0,0,0,0
48,34,33.2257080078125,89926,3,0.14701725415170788,3,0,0,0,0,0,0
34,7,76.2364730834961,94059,3,0.42843986005741475,3,0,0,0,0,0,0
50,31,61.881038665771484,95920,1,1.1159750949729506,1,0,0,0,0,0,0
40,33,157.2716064453125,94250,2,6.052034479891661,3,634,1,0,0,0,1
30,7,38.57954406738281,92235,1,1.7370032219988105,3,0,0,0,0,1,0
62,33,55.62803649902344,90290,1,1.5273496348955153,3,0,0,0,0,0,0
65,35,53.690040588378906,90212,2,2.142225732452262,3,0,0,0,0,0,0
55,38,51.67869567871094,95507,4,0.3313896808819371,2,98,1,0,0,0,0
48,19,53.470497131347656,94471,2,1.2379612172385128,2,0,0,0,0,1,0
27,-1,87.16405487060547,95816,2,1.520295955791641,2,0,0,0,0,0,0
47,25,145.25509643554688,92659,1,4.106989224661381,1,0,1,0,0,0,0
63,38,85.35334014892578,92085,4,1.3985268253854612,1,243,0,0,0,0,0
35,13,32.17816925048828,94747,4,1.0704689820009934,2,0,1,0,0,0,0
61,35,36.59878158569336,93934,3,1.6768704156177494,3,0,0,0,0,0,0
55,32,87.85121154785156,94319,2,2.3398792299025204,2,0,1,0,1,1,0
30,7,90.59413146972656,94619,3,1.8219824995781297,1,0,0,0,0,0,0
33,5,101.16069030761719,94240,3,0.9776477906980923,1,0,1,0,0,0,0
38,9,52.23136901855469,94182,1,0.7188963130330073,2,0,1,0,0,1,0
33,11,49.938358306884766,94630,1,1.992858660137574,2,0,0,0,0,1,0
31,15,63.733707427978516,93135,2,3.487877826960257,3,118,0,1,0,0,0
38,13,62.458824157714844,91367,1,0.6412254109138588,2,0,0,0,0,1,0
38,11,41.86796951293945,91988,3,2.411100167434331,2,0,1,0,0,1,0
33,7,79.01556396484375,94381,1,1.4865010040664863,1,0,0,0,0,1,0
32,8,180.7574462890625,95330,3,4.07202043614271,1,0,0,0,0,1,1
46,18,102.74397277832031,95929,2,1.96596848428047,2,126,0,0,0,0,0
26,5,80.9808120727539,93040,4,1.2602313026978438,1,0,1,0,0,0,0
67,38,66.41879272460938,90827,1,0.17526105837568595,1,0,0,0,0,1,0
30,14,74.836181640625,91220,4,1.6359343108500648,3,212,0,0,0,1,0
36,31,183.70004272460938,95427,2,1.853313636430444,1,0,1,0,1,1,0
59,29,153.8979034423828,94460,2,1.0476494906178682,1,0,0,1,0,1,0
40,17,68.05608367919922,92044,4,0.024790535746728404,2,0,0,1,1,1,0
48,23,41.628658294677734,94434,3,2.932256293001344,1,0,1,0,1,1,0
62,33,114.27995300292969,95239,1,1.7821155454128585,1,0,0,0,0,0,0
44,17,89.5775146484375,91192,2,5.132868277865967,1,0,1,0,0,1,0
31,3,35.621673583984375,91941,3,1.8384566050870965,1,155,0,0,0,1,0
55,23,58.2424430847168,92164,2,0.4654623139573818,1,0,0,0,0,1,0
28,1,197.1271514892578,96229,4,6.305552958292081,3,0,0,0,1,1,1
51,32,32.75831985473633,94044,4,0.20330829298526462,3,0,1,0,0,0,0
41,12,60.66477584838867,94340,2,0.5441013630191371,3,0,0,0,0,1,0
52,31,191.8107147216797,94924,2,6.479390638063043,1,0,0,0,0,1,0
49,23,189.5287628173828,89863,1,0.07731877650028235,1,0,0,0,0,0,0
43,16,110.48172760009766,94744,2,4.902666203386045,1,0,0,0,0,0,0
47,27,55.97482681274414,95410,4,2.1657656576429263,2,0,0,0,0,0,0
33,11,191.68292236328125,89956,2,2.7973204984659814,1,458,0,0,0,0,0
56,18,130.64385986328125,89872,1,1.9439607286605889,1,354,1,1,0,1,0
28,-1,37.483001708984375,91517,4,1.8800157431077462,2,0,1,0,0,1,0
55,32,37.525787353515625,92596,1,0.626491688458922,1,159,1,0,0,0,0
38,21,24.168113708496094,95164,3,1.616755300103922,1,0,1,0,0,1,0
59,32,23.14957046508789,94112,1,2.069155548874694,2,0,0,0,0,0,0
42,24,120.03523254394531,95808,1,1.925787558049361,1,0,0,0,0,1,0
49,35,16.775863647460938,93831,3,0.11540854157036343,2,125,0,0,0,0,0
63,39,160.2727813720703,92824,1,4.894816480161936,3,0,1,0,0,0,1
61,35,95.97444915771484,94394,2,2.334892362645003,1,0,1,0,0,1,0
57,27,89.15087127685547,92260,2,2.4800140426857658,3,0,0,0,0,0,0
63,35,50.08097457885742,94161,3,2.2592088602502844,1,386,0,0,0,0,0
56,20,29.748088836669922,94924,3,2.2311312246387107,2,0,0,1,0,1,0
60,26,47.405174255371094,94513,4,1.4992080798638905,1,0,1,0,0,1,0
61,36,74.13076782226562,91217,3,1.380859757269064,1,0,1,0,0,1,0
35,12,163.70118713378906,94021,2,6.091133927982943,1,148,1,0,0,0,0
61,36,96.40161895751953,91709,4,1.2665917221128509,1,133,0,0,0,1,0
66,37,45.829769134521484,91114,1,0.7014628782332171,3,0,0,0,0,1,0
60,35,121.5580825805664,93431,3,7.638011049108371,2,0,0,0,0,1,1
34,7,64.0544662475586,93191,3,0.15104506166052045,3,237,0,0,0,0,0
45,21,52.412696838378906,92103,2,2.466923909255929,2,0,1,0,0,0,0
37,2,62.76332092285156,91899,3,2.0612776676557854,2,0,0,0,0,1,0
39,21,34.131813049316406,93210,2,1.7847102704677065,1,0,1,0,0,1,0
58,31,98.39270782470703,90231,1,2.1030272857422627,1,0,0,0,0,1,0
32,4,111.83226013183594,92014,3,1.5235493143938768,1,261,0,0,0,1,0
40,17,70.0145263671875,94437,2,0.8796811270325118,2,0,0,0,0,1,0
54,25,156.1896209716797,95260,3,1.1632688645914606,3,0,1,0,1,0,1
41,24,84.8346176147461,92826,2,2.5398521320869927,2,122,0,0,0,0,0
41,14,49.54227066040039,93043,1,2.1499434699482984,1,0,0,0,0,0,0
54,33,48.4663200378418,90524,1,3.1645348714293604,3,0,0,0,0,1,0
36,22,38.82539367675781,94222,1,1.2117452128799355,3,0,0,0,0,0,0
55,25,161.61830139160156,94504,3,3.601112593883105,3,0,0,0,0,1,1
43,23,128.10284423828125,95847,2,6.314435655563874,1,0,0,0,0,1,0
54,25,54.159088134765625,94168,1,0.2670689177174377,3,0,0,0,0,1,0
60,35,15.1783447265625,91485,1,0.4877023785419967,3,0,0,0,0,1,0
36,3,28.430580139160156,93659,3,3.383727663717323,3,0,1,1,0,1,0
42,31,40.77989959716797,93819,1,1.3366968385062934,3,0,1,0,0,1,0
34,9,86.97744750976562,91309,4,3.7260035934922193,2,152,0,0,0,0,0
36,11,22.404285430908203,95357,4,0.36515229892011614,2,0,1,0,0,0,0
64,32,152.1598358154297,92792,4,0.2119842925687493,2,0,1,0,0,1,1
34,17,24.28755760192871,94641,4,0.5011232335612492,3,0,1,0,0,1,0
29,6,47.226951599121094,95738,4,0.7216319933458519,3,0,0,1,0,1,0
25,1,160.41122436523438,93078,4,2.1947306760620777,2,0,0,0,0,1,1
27,1,56.5484733581543,94022,4,2.062755765706095,3,0,0,0,0,1,0
34,4,86.23563385009766,95618,2,2.5015921855415737,1,0,0,0,0,0,0
48,12,137.84207153320312,90401,4,5.4980739477949525,1,0,0,0,0,0,0
29,5,31.230939865112305,95837,3,0.06318258234609789,2,94,1,0,0,0,0
64,38,45.19242477416992,92835,4,1.7811123364846162,3,0,0,1,0,1,0
49,25,73.63866424560547,91508,2,1.8477996809883546,1,108,0,0,0,0,0
42,12,86.48006439208984,95660,4,1.6239808235337432,1,220,1,0,0,1,1
38,15,60.20306396484375,91353,1,0.37214375454362303,3,160,0,0,0,1,0
37,6,14.676814079284668,92697,4,0.28585595474621467,3,0,0,0,0,1,0
31,18,68.58622741699219,94780,2,0.05111416682271763,2,0,0,0,0,0,0
48,21,145.74371337890625,92081,1,1.6496732019515667,1,0,0,0,0,0,0
38,19,157.4597625732422,90626,1,2.712278914093738,3,152,0,0,0,0,0
30,14,192.30470275878906,90061,2,7.3459564325783315,1,0,0,0,0,1,0
27,0,39.19575500488281,90773,4,1.0095826402951058,2,81,0,0,0,0,0
58,38,108.0396728515625,90495,3,6.071271541593265,3,0,0,0,0,0,1
44,22,83.72216033935547,94720,2,2.541521483307074,3,0,0,0,0,0,1
27,4,124.2755126953125,95854,2,2.51370197706693,1,0,0,0,0,0,0
63,39,31.031692504882812,94636,1,0.6291427669879264,2,0,0,0,0,1,0
54,23,31.365184783935547,92604,1,0.392331118129192,3,109,0,0,0,1,0
56,31,39.22675323486328,94515,1,1.4892280578073742,3,144,0,0,0,1,0
45,26,119.82318878173828,91342,3,2.1425220411106825,2,0,1,1,0,0,0
52,24,71.5225830078125,94570,3,4.96105856282022,1,0,0,0,0,1,0
37,9,38.675262451171875,94041,3,2.0981891647621134,2,0,1,1,0,1,0
40,16,59.98283386230469,94665,4,0.5685732032791462,2,203,0,0,0,0,0
64,38,114.76368713378906,90011,3,2.619174526153966,2,467,0,0,0,0,0
59,36,54.231895446777344,90472,1,0.41085498207662857,1,0,1,0,0,0,0
45,18,34.05571746826172,94460,2,0.6363202145221282,1,0,1,0,0,0,0
32,3,104.60128784179688,95512,4,1.5922794638643614,2,0,0,0,0,1,0
60,38,184.70797729492188,90524,2,0.30240131749855537,2,0,0,0,0,1,1
39,5,123.95751190185547,94191,3,2.1079333240931644,3,145,1,0,0,0,1
51,15,51.2433967590332,93714,3,0.8037463277124689,2,89,1,0,0,1,0
27,5,154.0095672607422,92309,3,7.938106766412199,1,0,1,0,0,0,0
44,15,34.31731033325195,94740,3,1.083369589527434,2,0,1,0,0,1,0
28,6,26.85305404663086,94957,3,0.9657294686341451,1,0,0,0,0,0,0
54,31,68.0076904296875,94332,3,0.40018389612893346,1,0,1,1,1,1,0
42,18,101.59564971923828,95141,3,2.443880789425349,2,0,0,0,0,1,0
51,30,64.79554748535156,92767,3,1.6826136638700193,3,181,0,0,0,0,0
59,35,98.76376342773438,94220,4,3.2710936377952926,1,0,0,0,0,0,0
46,23,88.28578186035156,92977,1,3.220574616314681,1,0,0,1,0,1,0
53,37,145.655029296875,94836,2,2.863243052841399,3,378,0,0,0,0,1
28,12,78.32107543945312,92747,3,1.7470573920812833,3,172,0,0,0,0,0
34,8,91.0022964477539,95587,4,3.6404294015840213,2,0,1,0,0,0,0
56,20,49.27357864379883,94290,3,1.5318559586010227,2,0,0,0,0,1,0
59,29,26.37019157409668,95657,4,0.7901109972509378,1,123,1,0,0,0,0
45,20,189.44723510742188,90213,2,4.235888189896389,1,0,1,0,0,0,0
30,7,41.433502197265625,91822,3,0.8103912396850218,1,109,1,0,0,1,0
60,32,68.18977355957031,93889,2,0.41570536494396737,3,0,0,0,0,1,0
64,36,44.05127716064453,93223,1,0.1907033824519142,3,0,1,0,0,1,0
50,28,76.17385864257812,93443,2,1.2544176676184773,1,0,0,0,0,0,0
58,33,50.6453971862793,94167,3,1.8567754107271344,1,0,0,0,0,1,0
32,7,87.6343002319336,94261,3,0.25170044245692824,1,150,1,0,0,0,0
30,8,107.86211395263672,91211,4,1.854482666826613,3,0,1,0,0,1,0
42,21,43.93532943725586,94616,2,0.06485206359698792,1,249,0,0,0,0,0
43,18,116.989013671875,90256,1,0.16341419060682788,3,502,0,1,0,0,0
60,38,98.54145812988281,92621,4,2.3314148216377,1,0,0,1,0,1,0
43,25,81.08698272705078,95478,4,0.9509474054234432,1,0,0,0,0,0,0
61,38,75.29104614257812,91512,2,4.386059599765186,3,0,0,0,0,1,0
30,12,66.22681427001953,93124,4,1.9038301357433518,1,146,0,0,0,0,0
49,19,35.62591552734375,92389,4,1.655854670719797,2,0,0,0,0,0,0
37,12,103.5698013305664,91660,1,1.6578103358323908,1,0,0,0,0,0,0
49,10,23.11182403564453,94035,4,0.019429024216646218,2,0,0,0,0,1,0
46,12,92.81770324707031,92517,4,2.9773200334821226,3,0,0,0,0,1,0
39,16,49.11396408081055,91321,3,0.34402707028535456,1,0,0,0,0,1,0
34,6,37.79265594482422,95048,4,1.7513207131143782,3,0,0,0,0,1,0
65,38,69.89762115478516,93956,2,2.1374132196641678,1,0,1,0,0,0,0
59,34,52.15032196044922,94518,3,1.9981295769094414,3,0,0,0,0,0,0
39,23,152.4005126953125,94863,1,4.973293917593464,2,0,0,0,0,0,1
35,12,16.601303100585938,93991,4,0.7516446365200388,2,140,0,0,0,1,0
37,15,101.49999237060547,91741,3,1.3870314459798838,3,0,0,0,0,0,0
51,25,29.528846740722656,95327,2,0.8994459856388538,3,193,1,0,0,1,0
58,37,28.314823150634766,95435,4,0.21725302616683007,1,163,1,0,0,1,0
36,20,43.95546340942383,95374,1,3.728238831090187,3,143,0,0,0,0,0
49,25,13.113277435302734,92081,3,0.22880423821150708,2,0,1,0,0,1,0
41,15,34.60158157348633,94747,4,1.7011012773703418,2,0,0,0,0,1,0
30,11,106.68419647216797,92310,3,2.014552271858975,1,108,0,0,0,1,0
52,30,17.611785888671875,95700,4,1.2493433867281385,3,0,1,0,0,1,0
42,14,49.15705490112305,94437,4,0.2191233869677469,3,0,0,1,0,1,0
43,13,78.15630340576172,94591,1,3.030294368507082,1,0,0,0,0,1,0
58,22,27.467126846313477,95063,2,0.7041934876597317,1,0,1,1,0,0,0
43,18,182.52073669433594,94338,4,6.731314620640697,3,0,0,0,0,0,1
43,13,29.772987365722656,92581,2,0.2567528767240136,1,0,0,0,0,1,0
65,42,37.70033264160156,92228,1,1.2255801237734996,3,0,1,0,0,1,0
24,2,90.89968872070312,94353,4,2.2807905942528857,1,126,1,0,0,0,0
41,16,178.65769958496094,90455,3,1.0820586393868947,2,0,0,0,0,1,0
46,18,15.482532501220703,95142,2,0.1688201169944968,3,232,1,0,0,1,0
65,31,44.56635665893555,90505,1,0.3122969408494136,3,0,1,0,1,1,0
37,11,179.923583984375,92155,1,1.9969131596225815,1,150,0,0,0,0,0
32,5,46.42934036254883,92281,2,0.22636958113463984,2,0,0,0,0,1,0
36,7,60.08696746826172,93031,4,1.0378163994608247,3,0,0,0,0,0,0
35,11,37.459754943847656,91415,1,0.24990613957219932,2,0,0,0,0,1,0
37,12,116.21880340576172,91445,2,0.32637180163455193,2,0,0,0,0,1,0
58,37,41.039154052734375,94644,2,0.48108990085943615,3,0,1,0,0,1,0
56,29,37.7297248840332,94834,3,0.6057508521636243,1,241,1,0,0,1,0
42,16,154.28883361816406,91202,2,2.860070016708131,1,0,0,1,0,0,0
26,0,47.685203552246094,92048,1,0.8602586711201254,3,0,0,0,0,1,0
66,43,37.63312530517578,91963,4,0.913048061982179,3,0,0,0,0,0,0
34,3,131.74676513671875,94523,4,1.455929242315698,1,0,0,0,0,0,0
60,38,183.22787475585938,89912,2,6.728585057792313,1,0,0,0,0,0,0
47,19,105.95672607421875,93040,4,2.9736098864354057,3,0,1,0,0,0,0
49,23,13.598560333251953,94135,3,1.277874540077586,1,93,0,1,0,1,0
54,27,69.49331665039062,90294,4,0.4134744510853965,1,0,0,0,0,0,0
56,35,76.86273956298828,90098,2,1.2891586994153739,2,0,0,0,0,0,0
58,35,178.1521453857422,93977,2,6.239219886046943,1,0,1,1,0,1,0
41,15,67.3798828125,90119,3,0.4991196886549029,2,0,0,0,0,0,0
30,1,125.79440307617188,94407,2,4.235854481837126,2,0,1,0,0,1,1
33,7,166.7482147216797,95834,3,2.4118770221811463,2,0,0,0,0,1,1
58,36,37.041358947753906,95480,3,1.5318702166073481,2,0,0,0,0,1,0
41,11,142.5948028564453,91614,1,0.26191373990186007,1,0,0,0,0,1,0
39,13,132.28468322753906,92019,4,4.330228371854332,1,0,0,0,0,1,0
51,26,66.900146484375,93988,3,1.1656341079378811,2,0,0,0,0,1,0
44,18,122.03921508789062,95123,1,0.8059000544085623,1,0,0,0,0,1,0
56,31,43.67454528808594,94555,1,2.170109424700472,2,0,1,0,0,0,0
49,11,58.19359588623047,94058,2,2.0679467907359497,1,0,0,0,0,1,0
49,23,59.3858642578125,95818,3,2.660499875074849,1,299,0,0,0,0,0
65,38,70.7928466796875,91973,3,1.8690583209314158,3,231,0,1,0,1,0
35,5,23.263872146606445,92123,4,0.7595458998697582,2,0,0,1,0,0,0
56,34,34.43523406982422,90848,1,0.9129710714693764,3,0,0,0,0,0,0
56,30,39.841712951660156,89967,4,1.5627605564839815,1,0,0,0,0,1,0
60,35,175.43194580078125,90228,2,7.613962185251569,1,0,0,0,0,0,0
58,33,72.9586410522461,96643,2,2.4845468171719824,3,0,0,0,0,0,1
49,25,53.22515869140625,92676,2,0.05642039496647755,3,0,0,0,0,1,0
32,6,17.303014755249023,94422,2,0.30504659266301143,3,0,0,0,0,1,0
31,6,153.06240844726562,94593,1,2.536405931514158,1,0,0,0,0,1,0
61,39,66.73812866210938,92275,3,0.4897876281138601,1,0,0,0,0,1,0
59,36,66.03823852539062,89963,2,1.7828014521606326,3,0,0,0,0,1,0
41,20,31.436824798583984,91378,1,2.6760900970504355,1,0,0,0,0,0,0
26,6,85.57857513427734,95364,2,1.5784588812961626,3,121,0,0,0,0,0
31,3,29.976593017578125,95708,4,1.8738338934207368,3,135,0,0,0,1,0
28,-1,56.18184280395508,93882,2,0.4210698070731572,2,0,0,1,0,0,0
60,33,119.79243469238281,94996,2,1.6888263835895632,1,0,0,1,0,1,0
58,30,75.86123657226562,93994,3,1.0237041704883594,1,249,0,0,1,1,0
53,30,38.03556823730469,92888,2,0.2872310479810152,3,102,1,0,0,0,0
48,28,33.91925048828125,94400,2,1.0199388445578392,3,475,1,0,0,1,0
61,34,161.59593200683594,94235,3,5.716424711758754,3,0,0,0,1,1,1
65,38,80.58662414550781,89973,2,1.836730038619098,1,0,0,0,0,1,0
44,20,70.32510375976562,95967,2,0.38827495729654804,1,0,0,0,0,1,0
64,38,127.6470718383789,90430,3,1.9328667250145175,1,0,0,1,0,1,0
30,1,126.36631774902344,92310,2,1.643990174144455,1,0,0,0,0,1,0
39,22,23.706829071044922,89514,3,2.202756549513411,2,100,1,0,0,1,0
65,32,55.794654846191406,92019,4,1.7709884395318531,1,0,0,0,0,0,0
53,25,35.635520935058594,94515,3,1.2949257515817283,2,0,1,0,0,1,0
58,31,33.23113250732422,91628,2,1.5198160231082238,3,0,1,0,0,0,0
60,29,75.80096435546875,91460,4,1.4833519422748889,2,0,0,0,0,0,0
57,24,148.2852325439453,95776,2,3.838907916963106,1,0,0,0,0,1,0
64,38,36.880340576171875,95352,2,2.6005739708153546,3,0,0,0,0,1,0
44,21,57.92730712890625,94540,3,1.1009768380857592,2,0,0,0,0,1,0
46,21,81.287353515625,90576,3,3.8288022957158354,1,0,0,0,0,0,0
64,38,39.266944885253906,95360,1,1.2284451417658306,3,0,1,0,0,1,0
55,25,83.38594055175781,92959,4,1.077777428355318,1,0,1,0,0,1,0
64,36,93.9174575805664,90223,1,2.694042108839709,1,0,0,0,0,0,0
61,31,37.59129333496094,95105,3,1.992839790757151,2,0,0,1,0,1,0
48,28,115.27840423583984,95027,2,5.812566979031673,1,456,1,0,0,0,0
28,15,95.4970703125,91863,2,3.264647131303943,3,0,0,0,0,0,0
62,40,102.67060852050781,92109,3,0.8534649488529948,3,227,0,0,0,0,0
30,9,60.9611930847168,93081,3,0.25812981804687396,1,0,0,0,0,1,0
31,8,42.2095832824707,95108,4,2.5826982752989363,1,0,0,0,0,0,0
58,38,36.455318450927734,94224,4,2.2726972318637353,2,0,0,0,0,1,0
60,36,82.42975616455078,90631,2,0.14087469237234498,1,0,0,0,0,1,0
47,20,105.6727294921875,93278,2,6.316666584664013,1,0,0,1,0,1,0
37,10,160.08291625976562,95712,1,4.618550554116735,3,0,0,1,0,0,1
37,3,19.95157814025879,94727,2,0.7070078295729196,1,95,0,0,0,1,0
53,29,66.27108001708984,94379,3,1.0913327247245446,2,131,0,0,0,1,0
39,14,107.30390930175781,95301,2,0.33923326007000554,2,0,0,0,0,1,0
44,18,130.91091918945312,90134,1,1.1148413537507413,1,0,0,0,0,0,0
51,22,145.3436737060547,95372,1,0.887476865656784,1,0,0,0,0,1,0
38,26,34.15319061279297,92660,4,1.3268291187993473,2,0,0,0,0,0,0
48,23,97.7950668334961,95929,3,1.0409855078171288,3,0,0,0,0,1,0
52,34,23.366785049438477,92030,3,1.5020927965119153,2,0,0,1,0,0,0
41,17,215.05740356445312,91386,2,5.92729116634656,1,399,0,0,0,1,0
39,14,118.08888244628906,94898,2,1.1832654269507281,1,0,1,1,1,1,0
60,38,72.69308471679688,91761,3,1.9593226707365228,1,0,0,0,0,0,0
52,26,55.22661209106445,93097,1,1.6636214297781935,3,242,0,0,0,1,0
64,30,44.40317153930664,90264,3,1.1243310222716454,1,0,1,0,0,0,0
52,16,56.15184783935547,94721,3,0.029248875706493704,2,140,0,1,1,1,0
48,30,57.48447036743164,94564,1,0.8315248800715649,3,0,0,1,0,1,0
56,30,100.8799057006836,90053,4,7.442504867719071,1,110,0,0,0,1,0
60,37,61.26631546020508,92051,2,2.905229535790983,3,139,0,0,0,0,0
52,29,59.84309387207031,92852,2,0.7653379311935969,3,153,1,1,1,1,0
43,28,186.8605499267578,90956,2,9.430527784206731,1,0,1,0,0,1,0
42,19,186.12559509277344,95087,2,8.328743693180694,1,0,0,1,0,0,0
28,2,28.409387588500977,94833,3,2.107518459830706,1,0,0,0,0,0,0
59,33,110.62629699707031,94739,3,1.7712297984127052,3,0,0,0,0,1,1
56,32,23.97484588623047,92134,3,0.19299369642302588,2,0,0,0,0,1,0
60,37,113.88741302490234,94282,1,2.1496380300767726,1,0,0,0,0,1,0
36,5,25.823400497436523,93236,3,1.479734537722072,2,0,0,0,0,0,0
42,20,43.5329704284668,95302,3,1.1530855193308736,3,191,0,0,0,1,0
61,37,41.6429557800293,90196,4,1.449679421592087,3,0,1,1,0,1,0
30,6,36.687686920166016,94397,1,2.5830517519941423,3,0,0,0,0,1,0
38,14,24.041034698486328,91880,1,0.3471009912888602,2,0,1,0,0,0,0
45,3,70.73848724365234,94113,4,1.2987603504773861,3,0,1,0,0,1,1
47,17,47.511688232421875,94986,3,0.7745502177233585,3,157,1,0,0,0,0
31,9,199.0365753173828,94490,2,5.911477733400368,1,0,0,0,0,1,0
64,39,73.96900177001953,95573,1,2.270924501551625,1,150,0,0,0,0,0
57,34,30.647798538208008,95970,2,2.1727932404384553,1,0,0,0,0,0,0
53,26,181.62728881835938,93065,2,6.521826483633627,1,0,0,0,0,0,0
60,37,28.20285987854004,94342,3,1.0663788302320514,2,182,0,1,0,0,0
47,11,173.9264373779297,94021,2,1.3298629807608249,1,262,0,1,0,1,0
42,0,83.59625244140625,91629,2,2.151644193858167,1,0,0,0,0,1,0
61,36,100.3492202758789,93001,2,0.12003259714100156,2,0,0,1,0,1,0
55,19,21.94230079650879,94226,2,0.06009662241110844,1,0,1,0,0,0,0
33,7,51.47669982910156,93004,3,1.1635435257649203,2,0,0,0,0,0,1
44,14,47.503082275390625,91064,1,2.2178441756396188,1,101,0,0,0,1,0
26,0,66.56832122802734,94055,3,1.0817821713115272,2,169,0,0,0,0,0
29,9,94.98887634277344,94495,3,2.1027340140352617,3,0,0,0,0,0,1
47,26,86.4839859008789,93444,2,3.424355198841683,3,0,0,0,0,1,0
53,30,81.44840240478516,94284,1,2.9825624156909267,3,0,0,0,0,1,0
64,39,21.41326332092285,94260,3,0.49472396359938475,2,0,0,0,0,0,0
38,6,94.26519012451172,94179,1,0.1500862869707742,2,0,1,0,0,1,0
36,16,91.488525390625,92195,1,0.47474567725455136,1,0,0,0,0,0,0
43,17,132.92709350585938,91853,4,2.283828714028416,2,0,0,0,1,1,1
28,2,163.26559448242188,92339,2,1.9232385220402293,1,0,0,0,0,1,0
33,10,124.64824676513672,91142,2,2.2095041408301808,1,0,1,0,0,1,0
57,27,21.508684158325195,92583,1,0.0783595429549237,2,0,1,0,0,1,0
38,17,132.66287231445312,92140,1,3.822416914252458,1,0,0,0,0,0,0
51,27,144.8206024169922,90147,2,0.6408048647494375,2,0,0,0,0,1,0
34,21,187.7438201904297,96047,3,1.17371737927888,3,324,0,0,0,0,1
45,20,64.55545043945312,95139,2,2.9976576337700767,2,0,0,0,0,0,0
40,36,74.41625213623047,95994,2,1.8607955623003603,1,0,0,0,0,0,0
38,13,185.87106323242188,93200,4,3.317524260734735,2,0,0,0,0,1,1
47,22,116.1423568725586,93947,4,2.6496905603872847,1,0,1,1,0,0,0
29,5,110.39559936523438,91047,1,1.6935617144811639,1,0,1,0,0,1,0
57,36,59.12427520751953,92091,4,1.1278594042324095,2,0,0,0,0,0,0
60,36,134.10223388671875,90220,3,2.8106578391103207,1,0,1,0,1,0,0
31,8,21.767805099487305,94960,3,2.4816206211830436,2,0,0,0,0,1,0
62,40,131.82359313964844,90084,1,0.7631634115062168,1,108,0,0,0,0,0
54,28,30.483943939208984,94614,4,2.5466126036440633,2,99,0,0,0,0,0
60,35,25.499746322631836,93071,4,1.3357219362145392,3,148,0,0,0,1,0
50,25,40.56596755981445,93743,3,0.7672636027137638,1,149,1,1,0,1,0
46,23,42.99818801879883,94930,3,0.5347933111247062,3,108,1,0,0,0,0
52,36,78.57233428955078,94290,3,1.3138803531588732,2,153,0,0,0,0,0
36,12,22.217939376831055,95058,4,0.9485195300062413,2,0,1,0,0,1,0
46,38,30.26420021057129,94579,1,3.2240569078660037,3,0,0,0,0,1,0
42,18,119.63346099853516,92193,2,0.35418694726693406,1,109,1,0,0,1,0
28,18,59.15019226074219,95021,2,1.09813345382359,3,302,0,1,0,1,0
67,41,42.660667419433594,92027,4,1.6865719829244403,3,0,0,0,0,1,0
47,25,44.587093353271484,94735,1,1.898680295889505,1,148,1,0,0,0,0
48,27,64.42692565917969,92062,1,0.024757791186032496,3,0,0,0,0,1,0
61,20,99.60749816894531,94849,1,1.3622818318062078,1,0,0,0,0,1,0
37,3,110.3512954711914,95686,2,1.3791355117433728,1,0,1,0,0,1,0
39,14,60.159549713134766,95370,2,1.3220324396629204,1,108,0,0,0,0,0
61,43,24.9309139251709,95350,4,0.1329802184464407,3,0,0,0,0,1,0
52,16,99.29679870605469,95838,4,4.219072262951983,1,0,1,0,0,1,0
35,10,79.63832092285156,91559,3,2.6762326922143354,1,245,0,0,0,1,0
34,8,63.92070388793945,94023,3,1.2800598611418066,1,250,0,0,0,1,0
50,18,165.69049072265625,91664,2,2.8489327694831283,2,0,1,0,1,1,1
59,31,17.540969848632812,91277,3,0.4809597388348482,2,148,1,0,0,1,0
41,12,49.6037712097168,94599,2,2.8996622118907416,2,0,1,0,0,1,0
39,19,155.01608276367188,95808,3,1.015941670226805,2,191,1,0,0,1,1
41,15,123.11795806884766,90511,4,7.54650272180465,2,110,1,0,0,0,0
39,13,38.558509826660156,92324,3,1.6390498205662485,1,0,0,0,0,0,0
32,11,20.38367462158203,92144,1,0.03714839026286315,1,0,1,0,0,1,0
32,15,46.39714431762695,91241,2,0.8244833891333312,3,0,0,0,0,1,0
61,38,105.0445556640625,92621,3,1.5003557444334032,2,267,0,0,0,0,0
60,31,21.755592346191406,91088,1,0.5680062039886868,3,0,0,0,0,0,0
64,35,106.8353042602539,90363,4,2.5417320687110885,1,0,0,0,0,1,0
48,25,12.186389923095703,92922,2,0.4948489965693497,3,0,1,0,0,1,0
25,-2,80.30593872070312,95166,4,2.2835469475169154,3,0,0,0,0,0,0
41,9,80.626708984375,93190,1,1.6685453609728258,3,150,0,0,0,0,1
49,29,145.3413848876953,92950,1,6.393977796958429,1,0,0,0,0,1,0
42,24,49.62458419799805,92348,4,1.1943101232394693,2,0,0,0,0,0,0
34,12,101.79383087158203,95336,3,1.6972713249032998,3,0,1,0,0,0,1
61,34,129.18865966796875,95769,2,1.7732951462776916,1,0,1,0,0,1,0
35,3,54.800785064697266,94909,3,2.227730131995876,2,0,0,0,0,0,0
51,29,66.860595703125,92992,1,1.0149816884054024,1,136,0,0,0,0,0
37,11,39.769447326660156,94073,4,2.50374597847687,1,0,0,0,0,1,0
35,7,42.1168212890625,95062,4,1.0351129185490917,3,0,0,1,0,0,0
58,36,27.693134307861328,91026,4,0.6013516906396841,1,133,0,0,0,1,0
43,20,36.30348205566406,95458,2,0.6454205426022788,3,0,0,0,0,1,0
28,3,29.858726501464844,95791,3,0.2915215077931604,3,0,0,0,0,1,0
45,17,48.75532150268555,91382,4,1.7949231088331101,3,187,0,0,0,0,0
34,9,41.929656982421875,96217,4,0.3379446202866196,2,97,0,0,0,0,0
38,20,57.33528137207031,93442,4,1.1889971430430744,3,0,1,0,0,0,0
42,19,46.02460479736328,91611,2,0.24479338699879438,1,0,0,0,0,1,0
58,23,18.668487548828125,91243,3,0.06424124499262315,2,0,0,0,0,1,0
47,23,34.07286071777344,94541,3,1.8560988911931091,1,0,1,0,0,0,0
58,30,47.9127311706543,94540,1,1.088101275177744,2,0,1,0,0,1,0
61,20,9.22073745727539,94779,4,0.027999137998150958,1,0,0,0,0,0,0
40,11,30.01418113708496,94240,4,0.3731561691402353,3,0,0,0,0,1,0
30,1,94.92390441894531,93859,2,2.3963464901483325,1,306,0,0,0,0,0
64,37,87.36299896240234,90141,4,2.161677689400289,2,0,1,0,0,1,0
38,16,113.57635498046875,92097,4,3.3376203348890456,1,0,1,0,0,1,0
49,22,157.39866638183594,94456,2,0.6360689900466031,1,0,1,0,0,0,0
40,19,109.73761749267578,92013,4,3.203704496279374,1,0,1,0,0,1,0
54,19,141.5530548095703,90198,2,9.606544894344003,2,0,1,0,0,0,1
63,40,70.27932739257812,91229,3,1.125788873485465,2,0,0,0,0,1,0
42,13,15.080928802490234,92324,2,0.4448055237638351,2,99,0,1,0,1,0
59,39,34.78050994873047,94522,2,1.0049849598575662,3,0,0,0,0,0,0
32,5,80.2647705078125,92805,1,2.4242336941145304,3,0,0,1,0,1,0
60,35,35.234413146972656,90486,4,1.8933404568495062,2,209,0,0,0,1,0
64,39,62.3927001953125,93148,4,0.8280435995578156,1,0,1,0,0,0,0
58,33,20.11574935913086,91846,1,0.05736131842801065,3,0,0,0,0,1,0
37,13,169.37417602539062,91857,2,4.784781791357395,1,0,0,0,0,1,0
54,32,34.77484893798828,91394,4,1.5774592130391951,1,0,1,0,0,1,0
43,8,51.5421257019043,92110,3,0.8188056683497138,2,0,0,0,0,0,0
43,8,46.80464553833008,94787,4,0.7543821031678406,1,0,0,0,0,0,0
63,39,36.664093017578125,95683,4,1.9444079145867124,2,237,1,0,1,1,0
37,9,33.31282043457031,90864,4,0.8790771781843779,1,0,0,0,0,1,0
28,17,62.91078186035156,91092,1,1.8323996547372992,1,0,1,0,0,0,0
45,6,130.1103515625,92637,2,0.5165938581779396,1,0,0,0,0,0,0
59,35,94.72626495361328,91895,2,2.3699001252385044,1,0,0,0,0,0,0
36,10,53.29058837890625,95231,3,2.170894862695579,2,0,0,0,0,1,0
38,16,73.38668823242188,93108,4,0.3426720540232876,1,0,1,0,0,1,0
47,20,77.2676010131836,90371,4,1.2902410582702624,3,110,0,0,0,0,0
44,31,46.84217071533203,95295,1,0.7343248094804141,1,0,1,0,0,1,0
43,26,26.97308349609375,91787,4,0.4087891197490193,2,0,0,1,0,1,0
32,16,69.03981018066406,90334,4,1.5713465656785837,1,0,0,1,0,1,0
24,-2,48.25477600097656,89955,3,0.3986633450132758,3,0,0,0,0,1,0
25,0,86.22150421142578,90296,1,1.1025611019030161,3,0,0,0,0,0,0
57,33,135.304443359375,91946,1,1.0350086091600377,1,0,1,0,0,1,0
51,20,26.938568115234375,92097,4,0.8116042776779955,1,0,0,0,0,1,0
40,20,73.94082641601562,93116,1,0.1277272302575353,1,0,0,0,0,0,0
31,6,68.79248809814453,90339,4,1.4426379943348462,2,157,0,0,0,0,0
58,33,45.16987991333008,94373,1,0.324885103011619,2,0,1,0,0,0,0
41,20,187.2059326171875,91235,2,1.4209240502930378,1,373,1,0,0,1,0
42,16,35.89928436279297,90418,3,0.16948503736980583,2,0,0,0,0,1,0
32,13,71.09370422363281,91823,3,0.8890790509578091,1,103,0,0,0,0,0
37,30,64.24925231933594,94713,1,0.3432500173562331,2,0,0,0,0,1,0
34,25,26.51068687438965,92195,2,0.19980467709034064,2,135,1,0,0,1,0
65,37,93.06077575683594,89960,1,2.452558614303805,1,0,0,0,0,0,0
42,13,90.46760559082031,92157,2,5.287767902563832,1,131,0,0,0,0,0
30,3,44.10305404663086,95387,3,0.8369283750296231,2,0,1,0,0,1,0
42,23,63.03663635253906,91717,3,2.5567177253328524,2,102,1,0,0,1,0
39,18,105.78056335449219,94082,1,2.5522389113922843,2,0,1,0,1,1,1
56,28,109.32951354980469,92075,3,2.79756303430636,1,0,0,0,0,0,0
58,30,32.696327209472656,90576,2,0.691953824367211,3,0,0,0,0,1,0
35,15,40.93451690673828,94721,1,0.22744414716565586,1,96,1,0,0,0,0
42,5,45.239585876464844,91883,4,1.8021181606589516,1,0,0,0,0,1,0
61,37,28.197124481201172,95658,4,2.0252184284750983,2,0,0,0,0,0,0
46,28,72.44097137451172,94783,2,0.526941399861883,2,160,1,0,0,1,0
30,4,96.31462097167969,95049,1,2.284828724610197,3,0,1,0,0,1,0
56,35,24.18056869506836,91766,2,0.07181795272104818,3,99,0,0,0,1,0
46,22,70.58782196044922,93015,3,0.3750341991328746,1,0,0,0,0,1,0
32,6,16.70194435119629,93890,3,2.649102279734124,1,0,1,1,1,1,0
29,3,42.98532485961914,96004,2,0.5177431892325026,3,0,0,0,0,1,0
53,30,37.482177734375,94703,3,0.019594205807237197,2,0,0,0,0,0,0
38,17,77.80257415771484,93288,2,1.4060702911044487,1,0,0,0,0,1,0
49,26,59.107791900634766,94677,2,1.8034181783526237,3,202,0,0,0,1,0
60,37,20.113025665283203,89966,2,0.7547312295008506,3,380,1,0,0,0,0
29,1,174.11424255371094,94296,3,0.4638036265335967,1,0,0,1,0,0,1
39,15,55.68606948852539,92038,4,2.851428631684221,3,0,0,1,0,0,0
57,29,26.83466911315918,91228,4,1.3491688936615476,1,151,1,0,0,1,0
52,18,167.2557830810547,91633,2,4.811138663473034,1,491,0,0,0,1,0
62,35,115.69654846191406,91356,2,0.3462960169442794,1,0,0,0,0,0,0
34,15,14.783293724060059,90802,4,0.42367971459503767,3,0,0,1,0,1,0
37,4,35.68523406982422,93999,4,0.9091786771167576,2,102,0,0,0,0,0
36,12,88.21748352050781,94823,2,4.342096086799113,2,0,0,0,0,0,0
27,2,143.9558868408203,94424,1,2.5277366393665615,1,0,0,0,0,1,0
38,18,152.24057006835938,93081,1,4.357828541771902,1,0,0,0,0,1,0
63,35,72.68899536132812,91089,3,0.6687475626540015,3,0,1,0,0,1,0
50,16,212.0781707763672,92114,2,6.738264366193931,1,385,0,0,0,1,0
46,30,138.00164794921875,96208,3,5.253602310758195,2,103,1,0,0,0,0
61,33,27.99695587158203,94514,2,0.3812750353280381,2,110,1,0,0,1,0
47,21,60.50107955932617,94864,1,1.2742647814491526,2,0,0,0,0,0,0
46,30,76.22301483154297,90487,3,1.5922522500276495,3,0,1,0,0,0,0
24,1,34.67127990722656,93914,1,1.333155292991654,3,0,0,0,0,0,0
63,39,43.1285400390625,90418,4,1.411400056705406,1,0,0,0,0,0,0
38,14,86.60212707519531,90315,4,2.473719936114123,1,0,1,0,0,1,0
47,19,63.3321533203125,90541,2,2.368444764778269,2,0,0,0,0,1,0
24,5,21.965288162231445,91983,4,1.8236532645578951,1,0,0,0,0,1,0
49,22,53.860084533691406,92259,4,0.13027080793456944,1,147,1,0,0,1,0
60,33,95.4416732788086,92145,3,1.4347927660079498,1,0,1,1,0,0,0
40,15,92.16114807128906,94751,4,0.4245185100532467,2,0,0,0,0,0,0
39,25,127.55570220947266,90311,3,0.1447785890307165,2,0,0,0,0,0,1
28,1,94.06124877929688,91823,4,1.30420811347589,2,0,0,0,0,1,0
36,3,66.02761840820312,92074,2,2.2252204142744745,3,247,0,0,0,0,0
33,10,29.880163192749023,92338,2,1.8758521010256641,1,0,0,0,0,1,0
47,25,142.29348754882812,92299,1,2.812832712435893,1,0,0,0,0,1,0
27,3,49.07162094116211,95079,1,2.196029084434015,3,0,1,0,0,0,0
65,37,34.302024841308594,92026,3,2.108904055012059,3,0,0,1,0,1,0
65,40,14.665111541748047,90346,3,0.5560451652391893,3,0,0,0,0,1,0
26,2,113.09477233886719,94315,4,3.3279327545571844,3,333,0,0,0,0,1
39,35,81.89303588867188,95145,4,3.9318590928778594,1,315,0,1,0,0,0
45,26,39.6149787902832,94367,1,3.1404913270405754,3,0,0,0,0,1,0
30,8,92.57254791259766,95666,3,2.2339395034258445,2,304,1,0,0,1,0
43,4,94.79380798339844,93163,1,1.335465958794967,1,153,0,0,0,1,0
39,20,71.4513168334961,90172,2,1.438800755934483,3,0,0,1,0,0,0
53,23,42.63623809814453,95010,2,1.4357930961893532,3,0,0,0,0,0,0
52,20,27.4556941986084,94017,2,1.9766641952123452,3,0,0,0,0,0,0
46,14,157.15785217285156,90089,2,3.455470073730932,1,0,0,0,0,0,0
40,18,128.1312255859375,94458,2,2.654464609413544,1,0,0,0,0,0,0
43,25,127.70121002197266,94963,1,3.0855529962264536,3,0,0,0,0,0,1
38,26,134.17401123046875,91719,4,1.7696414795060162,2,149,1,0,1,1,1
63,39,68.30583953857422,94016,2,2.0852739369022073,1,0,0,0,0,1,0
31,10,22.00963592529297,91849,4,1.4915737431600862,3,0,0,0,0,1,0
58,33,155.15863037109375,91348,3,3.58984924457563,3,0,0,1,0,0,1
27,0,56.712215423583984,90350,3,1.4724639597186218,2,0,1,1,0,0,0
62,36,81.22171783447266,94351,3,0.5250062917506383,2,0,1,0,0,1,0
41,27,40.35456848144531,95968,1,2.203456849921264,1,0,0,0,0,0,0
61,36,85.40966033935547,94531,3,1.8597928021206185,2,0,1,0,1,1,0
37,8,80.3265380859375,94605,2,1.908852206394758,2,214,1,0,0,1,0
43,21,73.214599609375,94934,2,0.11046335746195365,1,0,0,0,0,1,0
40,15,63.05646514892578,96007,2,0.42669278496258245,1,0,0,0,0,1,0
43,17,87.85810852050781,94888,2,1.762067015740806,1,160,0,0,0,1,0
45,29,54.54064178466797,94647,4,4.539630363454925,1,0,1,1,0,1,0
27,4,132.48068237304688,91792,2,0.9863408614235102,1,0,1,0,0,1,0
65,40,9.424394607543945,92075,2,0.40012527112189594,1,0,1,0,0,1,0
40,13,89.7928237915039,91678,2,0.3645294068177534,3,0,1,0,0,1,0
44,7,18.126075744628906,92241,2,0.43702471800865206,2,104,0,0,0,0,0
27,3,58.721126556396484,95816,2,2.249286454319032,1,0,0,0,0,0,0
41,10,173.36439514160156,91814,1,6.066689812513598,1,272,0,0,1,1,0
34,5,141.43252563476562,94360,1,2.258920667960109,1,0,0,0,0,1,0
45,27,65.84107971191406,92276,1,0.05630187428838998,1,0,0,0,0,1,0
50,22,62.72636032104492,94593,4,1.143675251854806,2,145,0,0,0,1,0
60,36,20.546100616455078,92038,2,0.5119007947876129,2,100,0,0,0,0,0
48,20,54.9896240234375,92322,1,0.687381477407246,3,0,1,0,0,0,0
61,34,63.98418426513672,94852,4,2.2580140350138596,2,0,0,0,0,1,0
49,23,61.49650573730469,90523,4,1.4391167107473006,2,0,0,0,0,1,0
43,12,19.332233428955078,95080,3,0.42458665625116276,3,0,0,0,0,0,0
39,24,114.64175415039062,94918,2,2.303507602714263,1,0,0,0,0,0,0
43,22,159.08187866210938,92128,3,4.577994065598899,1,389,0,0,0,1,0
48,31,95.08836364746094,95416,4,7.540573760480705,1,174,1,0,0,0,0
35,23,32.97954559326172,92422,1,0.438806561340746,3,0,0,0,0,0,0
42,18,32.5056037902832,92295,3,0.9450096804109558,3,151,0,0,0,1,0
41,22,89.8440170288086,94655,3,0.7646878781403071,2,0,1,0,0,1,0
30,12,33.71068572998047,92607,3,1.3259203498919534,3,0,1,0,0,1,0
45,23,51.06315231323242,94936,4,3.0643889276286957,1,0,1,0,0,0,0
24,0,35.223915100097656,90839,4,1.5730866651073285,1,0,1,0,0,1,0
46,19,65.14495849609375,94519,2,1.3758445733179767,3,0,1,0,0,1,0
35,8,100.7094497680664,90218,2,0.418927288308128,1,253,0,0,0,0,0
48,36,28.382511138916016,94800,2,0.11215672775228713,2,0,0,0,0,1,0
45,15,47.34406661987305,91658,1,1.147882343655989,1,231,1,0,0,0,0
29,7,50.62671661376953,94875,4,1.9032098625903928,2,0,0,0,0,1,0
38,11,18.13486099243164,90945,1,1.6610310665555952,3,114,0,0,0,0,0
65,39,54.25080871582031,92108,1,0.38882105899314906,2,0,0,0,0,1,0
56,29,158.22262573242188,91606,2,1.7033617177056561,1,0,1,0,0,1,0
37,4,82.34761810302734,95520,2,1.243554054090732,1,0,0,0,0,1,0
59,25,31.268720626831055,94120,3,0.3654151315547162,1,212,0,0,0,0,0
55,30,77.98881530761719,96150,3,3.3074125011389888,3,0,0,0,0,0,0
35,10,25.189983367919922,92096,3,1.6623280138191041,3,120,0,0,0,0,0
30,5,24.222824096679688,91806,4,1.587598009536335,2,0,1,0,0,1,0
41,16,93.01998138427734,91868,2,1.564482646572415,2,111,0,0,0,0,0
28,-2,93.00201416015625,91341,3,0.7023972833328731,2,0,0,0,0,1,0
41,16,82.85517120361328,90137,2,1.6241285950417632,1,0,1,0,0,0,0
32,8,93.12824249267578,94331,2,3.6339834677359697,1,0,0,0,0,1,0
44,25,38.76245880126953,94234,4,0.08483985302521974,3,0,0,0,0,0,0
39,17,141.25445556640625,94755,1,1.9066427276061488,1,415,1,0,0,1,0
32,10,35.13370895385742,92234,4,1.2643752539528235,2,0,1,0,0,1,0
50,19,51.90822219848633,92000,4,0.41106464855852387,3,130,0,0,0,1,0
31,4,24.238601684570312,91171,2,0.2237430219157625,1,0,0,0,0,1,0
34,8,42.05081558227539,95535,4,0.9292432471069862,1,0,0,0,0,0,0
44,6,15.229005813598633,91847,2,1.3691434251773273,3,103,0,0,0,1,0
33,11,16.87928009033203,95594,1,0.3740788161095064,1,0,0,0,0,1,0
41,25,51.485774993896484,93540,3,2.1613342822579886,2,64,0,0,0,0,0
56,37,139.74810791015625,91379,1,3.103471198078458,2,0,0,0,0,0,0
61,35,66.68473815917969,92786,4,2.8882321531778294,1,0,0,0,0,0,0
40,4,16.336246490478516,95149,4,3.0783171589451657,1,88,1,0,0,0,0
65,39,55.51900863647461,94090,4,2.2755902369333985,2,0,0,0,0,1,0
34,12,51.71893310546875,94923,2,0.9901181374104796,1,0,0,0,0,1,0
39,19,100.31068420410156,92506,2,1.7157356749570023,1,86,0,0,0,0,0
51,25,18.93291473388672,91414,1,0.10607537793054131,1,0,0,0,0,0,0
62,39,17.17504119873047,91569,2,1.4160972473502094,2,0,1,0,0,0,0
58,36,38.53209686279297,92849,4,0.7655056319002957,1,0,0,0,0,1,0
31,5,75.55309295654297,91410,4,4.090788119995661,1,0,0,0,0,1,0
43,11,161.6243133544922,94947,2,6.675646064430692,3,0,0,0,0,1,0
60,35,50.141937255859375,94811,4,1.4407778617786857,3,0,1,0,0,0,0
42,4,67.43806457519531,95676,3,2.2960357917331558,1,0,1,0,1,1,0
44,22,50.58134841918945,94075,3,2.4209544506716023,2,0,0,0,0,0,0
56,32,45.638092041015625,95478,4,1.1475495830018576,2,0,0,0,0,0,0
30,6,71.98421478271484,94938,2,1.1574622136573196,2,0,1,0,0,0,0
44,25,50.53090286254883,92134,2,2.2808612779120963,2,0,0,0,0,1,0
44,15,57.16843795776367,93671,3,4.608495039318316,1,0,1,0,0,0,0
61,35,46.538734436035156,96157,3,0.32092117859495917,2,0,1,0,0,1,0
61,36,145.6695556640625,89920,2,4.325194771030714,1,0,1,0,0,1,0
42,12,21.2229061126709,94838,3,0.4217282150060048,2,0,0,0,0,0,0
60,36,88.56576538085938,91483,2,1.7884288705033238,3,358,0,0,0,0,0
56,28,44.54747772216797,91419,2,1.2682769067917001,1,0,1,0,0,0,0
52,29,46.64623260498047,94084,3,0.9837654797901079,2,0,0,0,0,1,0
44,13,54.750091552734375,92046,4,0.7082947346117804,1,320,1,0,0,0,0
53,27,17.216657638549805,93477,2,0.45516753608859417,2,0,0,0,0,1,0
61,35,26.474411010742188,93492,2,2.7311084097581544,1,0,0,0,0,0,0
31,10,156.11753845214844,93970,2,2.8754065457228055,1,0,0,0,0,0,0
37,6,73.96851348876953,95841,3,1.4581130341815949,2,222,0,0,0,1,0
37,13,100.74897766113281,91140,2,1.8121570608690578,1,0,0,0,0,1,0
53,25,144.76608276367188,95055,2,3.225201096021755,1,252,0,0,0,0,0
61,36,68.83360290527344,93405,1,2.3216722552130244,1,0,0,0,0,1,0
62,30,81.26765441894531,94276,1,0.05576629253805021,1,0,0,0,0,1,0
63,37,102.60413360595703,92659,4,0.668843563752023,3,0,0,0,0,0,0
36,7,20.8148193359375,96024,4,1.5458464013745346,2,0,0,0,0,1,0
45,16,31.534677505493164,91692,4,1.08398105011196,3,136,0,0,0,1,0
52,13,38.210655212402344,90367,3,0.8780321984270205,1,0,0,0,0,1,0
43,14,66.7908935546875,91499,1,0.6763583344131616,1,105,0,0,0,1,0
58,29,175.95542907714844,94213,2,2.08502809825848,1,0,0,0,0,0,0
42,18,61.32343292236328,93231,3,1.0161465464300916,2,116,0,0,0,1,0
33,5,54.0494384765625,93999,3,1.6571008902176958,3,259,0,0,0,0,0
54,25,83.31686401367188,91387,1,0.7403176489506275,1,0,0,0,0,0,0
54,28,147.8730010986328,91311,2,0.87446338930111,1,0,0,0,0,1,0
43,21,57.66350555419922,91916,1,2.5014971207763383,1,0,0,0,0,0,0
53,25,96.3199234008789,92848,2,0.5854066028859204,3,0,0,0,0,0,0
41,12,46.584747314453125,94667,3,1.0149904053009118,2,0,0,0,0,1,0
42,17,36.18819808959961,94045,4,2.9009982131465906,1,0,0,0,0,0,0
66,40,105.5406494140625,90606,1,0.28498119696235685,2,0,0,0,0,1,1
34,11,72.88160705566406,92546,3,1.562977590498402,2,0,0,0,0,1,0
42,7,53.95002746582031,95437,2,0.07990421615745838,1,0,0,0,0,0,0
60,36,20.74142074584961,91921,4,0.7660100069804938,3,0,1,0,0,0,0
29,18,113.22573852539062,94424,3,1.2155703368142081,2,0,0,0,0,1,0
54,26,60.598045349121094,93253,4,1.6907648792565309,2,0,0,0,0,1,0
40,16,129.00372314453125,94593,2,2.600459711952412,1,0,0,0,0,0,0
43,17,50.89307403564453,91698,2,1.5692825229287584,1,499,1,0,0,1,0
49,32,44.472110748291016,92367,3,0.7413828598681158,3,0,0,0,0,0,0
65,37,53.18714904785156,91095,4,1.1695769198790134,3,0,0,0,0,1,0
59,37,72.9216537475586,90316,4,0.556502969886046,1,302,1,0,0,0,0
30,6,51.39861297607422,93367,2,0.6570825963198759,2,275,0,0,0,0,0
53,29,67.22810363769531,92441,2,1.8325488670513737,1,193,1,0,0,1,0
39,14,18.959550857543945,92184,2,2.5124655895870536,2,84,1,0,0,1,0
27,3,47.458091735839844,91987,2,1.0751140180068677,3,0,0,0,0,0,0
28,4,42.47561264038086,94495,4,1.932486580562091,1,0,0,0,0,0,0
60,32,128.6521453857422,94246,1,4.140259631200433,1,0,0,0,0,1,0
62,42,56.50288391113281,92284,2,1.7915273365640427,2,0,0,0,0,0,0
59,34,81.55280303955078,92341,4,2.049972123182755,1,0,0,0,0,0,0
51,26,56.31651306152344,92928,1,3.403103099211193,3,0,1,1,0,0,0
41,9,10.158864974975586,94574,3,1.749485886678749,1,0,0,1,0,1,0
42,17,116.06707763671875,94855,2,5.203654516892895,1,0,0,0,0,0,0
41,15,39.328857421875,91134,3,1.96200753616148,2,289,1,0,0,1,0
62,25,40.18941879272461,95442,2,1.5715800282263537,2,0,0,0,0,1,0
33,3,40.54600524902344,94429,2,1.251253727905575,3,111,1,0,0,1,0
51,30,18.031286239624023,92108,2,0.4356788146209784,1,123,0,0,0,0,0
51,25,55.268802642822266,92795,3,0.7183370277973219,3,116,0,1,0,1,0
29,7,38.03653335571289,91453,4,0.46009685053446825,2,0,0,0,0,0,0
37,17,81.76509094238281,90324,4,1.3161823265205381,3,0,0,1,0,1,0
31,6,141.5493927001953,90702,2,6.523741153223704,1,0,0,0,0,1,0
56,34,23.119342803955078,95821,3,1.5946528376411169,2,237,0,0,0,0,0
64,42,79.53694915771484,90951,3,0.5472946593921568,3,0,0,0,0,0,0
58,26,167.27120971679688,90272,4,5.831735216342855,1,0,0,0,0,0,0
56,35,67.54877471923828,95783,4,2.596368359310523,2,0,1,0,0,1,1
56,29,43.4217414855957,92977,4,1.3082472513183294,1,0,1,0,0,1,0
44,11,41.16839599609375,95349,3,0.5330248798049719,1,0,1,0,0,0,0
43,17,69.04219055175781,94958,1,1.8529732504973309,1,0,0,0,0,0,0
53,28,24.867733001708984,91806,1,0.22856356438790357,1,112,0,0,0,0,0
51,24,75.44821166992188,94253,2,0.6778363318697712,1,0,1,0,0,0,0
30,7,79.71406555175781,94151,4,1.9483985196299494,3,0,1,0,0,1,0
52,24,72.06907653808594,91402,2,1.610386612878037,2,0,0,0,0,0,0
31,5,23.40615463256836,93265,4,0.33609059955472587,2,0,0,0,0,0,0
37,4,27.429630279541016,96254,2,0.2626212939817426,2,0,0,0,0,1,0
44,9,65.48890686035156,91523,3,2.045212101846289,1,0,1,1,1,0,0
34,9,55.227210998535156,91811,4,0.9697887864806298,2,0,0,0,0,1,0
50,22,21.519718170166016,93597,2,0.346036346326016,2,0,1,0,0,0,0
51,14,36.738407135009766,90790,4,1.4555464450304345,1,131,1,0,0,1,0
40,13,104.76343536376953,95754,1,0.9516174434264739,1,0,1,0,0,1,0
48,17,22.462467193603516,94277,2,0.3353126492280568,2,99,0,0,0,1,0
58,30,46.87763214111328,92044,1,3.923317070522673,1,0,0,0,0,1,0
38,16,25.145797729492188,95732,2,1.5500671937626258,3,99,1,0,0,1,0
55,25,124.51593017578125,92107,4,4.542777539948026,1,0,0,1,0,0,1
54,32,20.54229736328125,95206,3,0.02164351515122087,2,0,0,0,0,1,0
61,22,77.95213317871094,95719,2,4.304946595062611,1,316,1,1,0,1,0
28,3,89.16481018066406,93398,3,1.7649426215609827,1,0,0,0,0,0,0
28,3,59.9596061706543,94916,4,1.8670997239931366,1,0,0,1,0,0,0
28,4,124.5003890991211,95173,2,5.140994629395263,1,0,0,0,0,1,0
29,3,135.83673095703125,95967,4,4.345774753810282,2,114,0,0,0,1,1
33,11,71.96571350097656,91841,3,0.5573322064795424,1,0,1,0,0,1,0
34,10,120.0949478149414,92787,1,1.5555571700553408,3,0,1,0,0,1,0
36,16,152.1688232421875,90462,1,2.651901486757613,1,245,1,0,0,1,0
28,8,58.56924819946289,91569,4,0.3473335239214688,1,184,0,0,0,0,0
48,30,23.921436309814453,93705,1,0.013523853989886259,3,0,0,0,0,0,0
57,7,40.386619567871094,91455,1,0.8362674324050952,3,142,0,0,0,0,0
56,24,72.00680541992188,91584,4,0.5239038132257177,3,0,0,0,0,1,0
42,11,35.40210723876953,94223,1,0.19081918670376286,2,0,1,0,0,1,0
33,8,118.83885192871094,95123,1,2.339632670626253,1,0,0,0,0,1,0
34,8,51.82029724121094,90972,1,1.1876716955614026,3,0,1,0,0,0,0
55,24,151.21572875976562,92913,2,4.700418808108628,3,0,0,0,0,0,1
50,26,121.32779693603516,93970,2,1.935167599331836,1,0,1,0,0,1,0
31,16,26.611886978149414,92257,3,0.15502636008981774,1,0,1,0,0,1,0
45,25,65.66410064697266,90982,4,0.7168245207019625,1,0,0,0,0,0,0
38,13,86.6945571899414,92673,4,0.7099864514399411,2,0,1,0,1,1,0
42,26,38.426666259765625,92074,4,0.06297955043992126,3,0,0,0,0,0,0
61,35,139.5821990966797,92089,4,1.2925190774608333,1,0,0,0,0,1,0
57,28,15.166074752807617,93456,4,1.8568787614419684,3,143,0,0,0,1,0
44,17,55.972599029541016,92395,1,2.803342438008279,2,0,0,0,0,1,0
26,5,106.93807220458984,94151,2,0.3331512770304186,1,0,0,0,0,0,0
55,35,160.58168029785156,94256,2,3.2464618022629494,1,0,0,0,0,0,1
54,33,93.9509048461914,90153,4,0.7970155137502835,1,153,0,0,0,0,0
33,5,18.324214935302734,94164,2,0.2650502168530226,3,227,0,0,0,0,0
35,16,28.968088150024414,94818,3,0.39924159129186604,2,116,0,1,0,0,0
52,30,46.994876861572266,96321,4,0.8965234581231226,1,0,1,0,0,1,0
62,36,14.771069526672363,94460,3,0.396168857101721,2,0,0,0,0,0,0
63,39,51.27138137817383,91532,3,0.9846724455275768,3,0,1,0,0,1,0
54,22,29.656389236450195,90376,2,2.0148359252134505,1,0,0,0,0,1,0
41,11,109.7202377319336,95189,1,3.7675978568980955,3,0,0,0,0,1,0
44,36,22.598255157470703,94062,3,1.2994194273892545,2,169,0,0,0,1,0
54,30,13.669486045837402,91932,3,0.21067853483035354,3,0,0,0,0,0,0
30,12,14.38376235961914,90689,3,0.5853511306431431,2,0,0,0,0,1,0
36,11,47.50276565551758,95767,4,0.27538536860884966,2,0,0,0,0,0,0
60,35,106.18415832519531,91313,3,0.30239052552698154,3,319,1,0,0,1,0
31,12,96.33821105957031,94869,3,0.577604518185262,1,0,0,0,0,1,0
29,2,14.319562911987305,92277,4,0.6431577748249024,3,102,1,0,0,1,0
60,19,95.96446228027344,92369,2,5.439021955441829,1,0,1,0,0,1,0
48,15,43.874412536621094,95523,2,0.6093552884568186,2,143,0,0,0,1,0
42,15,71.64091491699219,90191,1,1.057334677703195,1,0,0,0,0,1,0
58,33,55.95491027832031,94250,2,1.7827068125374728,2,107,0,0,0,1,0
59,41,15.026044845581055,92808,2,2.0457339584005076,3,0,0,0,0,1,0
32,9,27.692651748657227,92191,4,0.992840490931151,1,0,0,0,0,0,0
26,2,67.94960021972656,94333,4,0.7743867706940357,3,0,0,0,0,0,0
57,21,150.8104248046875,94403,1,2.5684215613679218,1,0,0,0,0,1,0
57,38,49.33696365356445,91764,2,2.632326739172105,3,264,0,0,0,0,0
58,29,39.05165100097656,94537,2,0.10515615970199954,3,0,1,1,0,0,0
37,9,34.218719482421875,94557,3,0.34565457334839755,2,0,0,0,0,1,0
56,28,18.434228897094727,95524,4,1.9663315013375828,3,261,1,0,0,1,0
28,2,171.5982208251953,92324,2,6.950659408413705,1,0,0,0,0,1,0
39,10,199.72694396972656,93426,2,7.991809752093229,1,0,1,0,0,1,0
54,29,163.5720672607422,90577,2,3.9559416757923502,1,0,0,0,0,1,0
33,3,161.0738983154297,93455,2,6.790750199807866,1,0,0,0,0,1,0
41,9,185.3433380126953,91577,1,5.569370111097013,1,498,0,0,0,1,0
56,34,134.20855712890625,91161,2,0.3312414381541882,1,0,1,0,0,0,0
50,15,86.41358947753906,91770,2,1.6006215726380608,3,0,0,0,0,0,0
45,21,79.0838394165039,94028,1,1.5675421062939074,3,0,0,1,0,0,0
61,39,104.1284408569336,94936,2,4.266791547181796,3,0,0,1,1,1,1
53,32,136.92063903808594,90034,3,6.235053629643168,1,0,0,0,0,1,0
63,38,58.055137634277344,92274,4,0.7934268513937252,3,164,0,0,0,0,0
38,9,156.7296600341797,91744,1,1.9556123737390476,3,402,0,0,0,1,1
64,38,68.44760131835938,95133,2,1.5234257967963178,3,0,0,0,0,1,0
40,12,15.6928071975708,92649,2,0.1364995423525816,3,98,0,0,0,0,0
40,19,78.06451416015625,91825,2,2.157419729088784,1,101,1,0,0,1,0
41,13,22.450918197631836,93173,2,0.42237620303091417,1,0,1,0,0,0,0
25,1,86.85803985595703,94231,4,1.8739397454130506,1,0,0,0,0,1,0
52,20,73.701171875,93864,2,1.5889831599254922,2,0,1,0,0,0,0
43,26,43.359718322753906,94398,2,1.0386458595358472,3,0,0,1,0,1,0
33,5,41.52573776245117,92556,4,0.17738580165613604,3,88,0,0,0,1,0
60,37,37.57914733886719,90075,2,0.22637683599554187,3,0,0,0,0,0,0
33,5,34.54463195800781,94749,4,0.8800632193651863,1,0,0,0,0,1,0
55,30,28.553268432617188,95392,1,1.786603049636609,3,152,0,0,0,0,0
48,22,10.897583961486816,91613,3,0.46049097588004706,3,153,0,0,0,1,0
55,23,43.32145309448242,91355,2,2.2056463632103966,3,0,1,0,0,1,0
36,6,74.70557403564453,93428,2,1.757009335428122,3,0,0,0,0,1,0
39,20,64.46261596679688,90406,1,2.0812194008620613,1,0,1,0,1,1,0
65,38,42.67702865600586,95065,3,0.08632827174977287,3,0,1,0,0,0,0
36,10,122.90599060058594,94872,4,2.78214060822109,3,0,0,0,0,0,1
62,39,71.79518127441406,91495,3,0.036520017714647524,2,0,0,0,0,1,0
57,23,12.0145845413208,92060,2,0.6341426882109644,3,0,1,0,0,0,0
58,36,181.4761962890625,92297,2,3.524028325097411,2,0,0,1,1,1,1
53,28,153.89315795898438,94836,1,5.13030726199908,3,488,0,0,0,0,1
54,25,61.15959167480469,92437,1,1.9043311251173132,1,120,0,0,0,0,0
62,40,114.53723907470703,92298,1,2.43214867448086,2,0,0,0,0,1,0
66,42,17.192705154418945,91302,1,0.2039916565976243,3,0,0,0,0,1,0
53,25,113.47306060791016,90229,3,0.1759140554432759,2,314,1,1,1,1,1
55,28,40.526615142822266,90125,2,2.027037615459508,3,0,1,0,0,1,0
53,35,84.85499572753906,93109,1,6.733202488224957,1,0,0,1,0,1,0
50,18,48.860107421875,94617,4,0.4272596622096748,1,0,1,0,0,1,0
57,35,131.89407348632812,91399,1,3.972622378974279,2,0,0,0,0,1,1
30,6,133.4626007080078,92105,2,2.6330135285593683,1,95,1,0,0,1,0
27,6,24.04468536376953,92881,3,0.513014501625259,2,0,0,0,0,0,0
63,39,22.66219711303711,91900,2,0.729566275080425,3,103,0,0,0,0,0
32,1,33.42242431640625,92353,4,0.6611382891112569,3,0,0,0,0,1,0
60,33,71.33505249023438,92251,4,2.0520234145203347,3,108,0,0,0,0,0
45,18,80.32892608642578,94421,4,3.739198949213703,3,0,0,0,0,1,0
28,8,63.13568115234375,89744,3,5.432545060481516,1,0,0,0,0,0,0
47,24,49.984893798828125,94413,4,2.986504506892312,2,112,0,0,0,1,0
36,17,148.6473846435547,94185,2,6.210951411289138,1,0,0,0,0,0,0
31,2,26.750791549682617,94158,2,1.0135535005108371,2,0,0,1,0,0,0
47,20,80.44993591308594,95300,4,3.751811226444251,2,0,0,1,0,0,0
36,10,49.335792541503906,92194,4,0.7858116949942155,2,0,0,0,0,0,0
29,4,129.4659881591797,95373,2,2.162671102870635,1,394,0,0,0,1,0
64,37,89.0793685913086,94874,2,1.215476818131648,2,0,0,1,0,0,0
41,19,219.151611328125,94353,1,7.176591043828763,1,392,0,0,0,1,0
64,39,62.19208908081055,96592,1,0.9915544869175472,3,277,0,0,0,0,0
40,28,83.41158294677734,94967,2,0.16066819319320846,3,118,0,0,0,0,0
35,7,118.10527801513672,91611,3,1.3348499444388502,2,0,0,0,0,1,1
56,31,20.426759719848633,93926,2,2.681253030279659,2,0,1,0,0,0,0
39,15,64.83935546875,91418,1,0.05841234849197116,1,0,1,0,0,1,0
53,28,111.26226043701172,94760,4,0.3865141817158167,3,88,0,0,0,0,0
44,21,45.520687103271484,95540,2,2.1989810784244725,1,103,0,0,0,1,0
40,25,41.98219299316406,94581,4,1.2491191362095253,3,78,0,0,0,1,0
58,33,20.445711135864258,90342,2,1.6350943537192433,2,0,0,0,0,0,0
55,28,54.79161071777344,91679,2,1.2427505028038826,3,0,0,0,0,1,0
49,23,155.31321716308594,93226,1,5.461233644724596,1,0,1,0,0,0,0
54,37,23.871694564819336,92134,2,0.24988283604705752,1,0,0,0,0,0,0
37,21,65.69633483886719,94264,4,1.8181293802492677,1,144,0,0,0,1,0
59,28,212.43951416015625,94330,3,3.005143525919043,3,0,1,0,1,1,1
39,18,57.185272216796875,91764,1,2.628384711887304,3,107,0,0,0,1,0
56,34,27.085634231567383,95087,4,0.6359698144061063,2,101,1,0,0,1,0
61,32,62.164268493652344,96027,1,1.8552238373942482,1,0,0,1,0,1,0
65,33,123.39353942871094,95150,2,0.5453368781872356,1,0,0,0,0,0,0
30,9,57.24380111694336,90374,2,1.419073084765857,2,0,1,0,0,0,0
35,8,31.170166015625,94211,1,1.7211202905204397,2,0,0,0,0,0,0
45,17,85.95024871826172,94482,1,6.925508439424007,1,0,0,0,0,1,0
48,13,33.714683532714844,93714,2,1.575929418243948,2,98,0,0,0,0,0
46,16,118.89627075195312,94425,3,2.714177585752152,1,0,0,0,0,1,0
61,39,30.592817306518555,92744,3,0.5835160004478348,2,0,0,0,0,1,0
60,34,52.3795166015625,89704,4,0.553039647370904,3,0,0,0,0,1,0
59,32,185.52963256835938,90097,1,5.957866994387885,1,0,0,0,0,0,0
54,26,78.70197296142578,91854,2,3.021516400959353,2,0,0,1,0,0,0
53,23,128.61837768554688,90217,1,1.242600951867813,3,0,1,0,0,1,0
39,16,35.13616180419922,96074,4,2.2886688424849275,1,0,1,1,0,0,0
55,25,80.97520446777344,91401,1,2.035162900161624,2,0,0,0,0,1,0
31,7,90.15045166015625,91050,1,1.6741973243298092,1,0,1,0,0,0,0
28,13,70.09284973144531,92405,2,0.1686203413095509,2,0,0,0,0,1,0
38,10,53.01832962036133,90352,4,2.104523293158921,2,0,1,0,0,0,0
26,0,174.2941131591797,95918,3,6.818129540375037,1,0,0,0,0,0,0
64,38,56.04719543457031,93117,4,1.580266084875735,3,0,0,0,0,0,0
59,32,49.69279861450195,93082,4,0.6549783146943899,2,0,0,0,0,0,0
42,17,53.75822067260742,90243,3,0.4393271529662255,1,137,0,1,0,1,0
43,19,201.41329956054688,94505,1,6.016252949618964,1,0,0,0,0,0,0
41,16,104.46391296386719,95155,3,0.14072237936805776,1,0,0,0,0,1,0
33,13,74.21297454833984,92994,2,2.1565075369772244,3,164,0,0,0,0,0
56,33,51.83205795288086,92538,3,2.1689638811017815,1,0,1,0,0,1,0
66,40,150.79360961914062,92380,4,5.900337538942375,3,0,1,0,0,0,1
44,15,34.62444305419922,90074,4,1.8763083917664947,3,90,0,0,0,0,0
65,31,125.57068634033203,90331,2,8.663477915261682,1,0,1,0,0,1,0
31,9,95.64778900146484,91669,1,2.101881788845801,2,0,0,0,0,1,0
55,34,31.767135620117188,90226,3,0.45416039988682355,1,0,0,0,0,0,0
58,21,68.81170654296875,89839,4,1.1139264693580793,2,0,0,0,0,0,0
51,22,49.233402252197266,90856,3,0.9051058124603043,1,155,0,0,0,1,0
28,1,105.57159423828125,92264,3,0.44693844531391036,2,0,1,0,0,1,0
50,26,122.07891082763672,91821,2,1.9087905645340388,1,0,0,0,0,1,0
63,33,180.71481323242188,91294,2,2.7235605418390985,2,0,0,0,0,1,0
42,15,56.03706359863281,95681,2,1.0456315712155615,1,0,0,0,0,0,0
59,22,39.88981246948242,90860,2,1.5061836536216435,2,139,0,0,0,0,0
43,14,97.931884765625,93956,2,2.6145599213829174,3,0,0,0,0,0,0
62,34,36.51960754394531,94172,2,0.4985081230002361,2,152,0,0,0,1,0
23,4,73.74414825439453,93219,2,1.5640160148234166,1,212,1,0,0,0,0
36,21,62.550594329833984,93316,2,0.959762229805972,1,169,0,0,0,0,0
34,11,45.97734451293945,91331,3,0.6930222412582883,3,0,0,0,0,1,0
53,18,48.72454071044922,94274,4,2.025985130628215,1,0,1,0,0,0,0
46,24,29.36058807373047,93831,2,0.9285114783968135,2,77,1,0,0,0,0
44,21,119.66328430175781,92073,3,3.0195064342890006,2,0,0,0,0,0,0
41,22,90.16577911376953,93513,2,3.4311441993322638,1,183,0,0,0,0,0
41,17,21.568750381469727,95040,4,0.21060124516322165,2,0,0,0,0,1,0
28,3,22.054851531982422,95882,4,1.5180396052594889,1,0,1,1,1,1,0
59,35,51.00898361206055,94318,3,4.4034507538885315,2,0,0,0,0,0,0
39,35,80.00843811035156,92868,1,1.551166750163706,3,131,0,0,0,0,0
39,7,126.22979736328125,90197,2,1.8495795708180927,1,0,0,0,0,0,1
56,28,51.54237747192383,89832,3,0.7204728767379164,2,271,0,0,0,0,0
55,32,18.687040328979492,92673,4,0.5691531493052189,3,0,1,0,0,1,0
47,11,108.86746215820312,95051,1,3.1820118053796023,1,0,1,1,0,1,0
26,5,50.59439468383789,94151,1,0.4495302130345446,1,122,0,0,0,0,0
52,30,85.91798400878906,95503,2,0.27491600548388223,1,0,0,0,0,0,0
63,39,24.772029876708984,95498,2,3.160593233738468,2,0,0,0,0,1,0
47,23,25.996917724609375,94634,1,1.6108731969152805,3,0,0,0,0,1,0
55,32,55.64131164550781,93005,2,0.516916457575777,1,0,0,0,0,1,0
30,9,31.284332275390625,93044,4,1.0899650941088797,2,0,0,1,0,1,0
55,37,16.85293197631836,90224,4,0.32830610450088854,3,145,0,0,0,1,0
37,9,11.052619934082031,92546,2,0.09601976299870618,1,0,1,0,0,1,0
60,36,29.790027618408203,94695,4,1.2220199005801253,3,131,0,0,0,0,0
36,9,39.665855407714844,95536,4,0.8624438119046484,2,101,0,0,0,1,0
41,36,39.03515625,92274,4,0.8971375327378364,1,0,0,0,0,1,0
30,8,71.78579711914062,92075,2,1.9526141040465357,1,0,1,0,0,1,0
26,3,108.70230102539062,94747,3,1.7934516508122005,2,241,0,0,0,1,0
61,35,53.947425842285156,92680,4,2.3212527111679355,2,126,0,0,0,0,0
51,34,84.7767333984375,95114,3,0.8030276002951874,2,0,0,1,0,1,0
55,30,61.26920700073242,94546,3,1.7898472224761548,1,0,0,0,0,1,0
33,11,84.60020446777344,90088,4,1.5150140610654506,3,409,0,0,0,1,0
27,2,31.181360244750977,91967,3,0.4830020538156284,1,0,1,1,0,1,0
61,30,35.32298278808594,91480,3,1.0879869745657258,2,0,0,0,0,0,0
43,18,189.76898193359375,94679,2,4.257954578623186,1,0,1,1,1,0,1
38,24,37.52825927734375,94210,1,0.9449776206750673,3,0,0,0,0,1,0
42,20,34.2488899230957,96249,3,0.7088910142681919,1,0,0,0,0,1,0
37,12,14.262471199035645,91523,3,0.26952580176042573,1,0,1,0,0,1,0
43,14,62.70762634277344,96346,2,1.6897019737988008,1,0,0,0,0,1,0
29,6,11.881280899047852,91973,4,0.343611728179203,1,0,0,1,1,1,0
41,12,102.15138244628906,95018,2,1.613592658227129,2,0,0,0,0,1,0
43,18,108.94456481933594,92065,2,0.17815589863618844,1,0,0,0,0,1,0
35,12,138.09561157226562,91670,2,7.444268851400573,1,0,0,0,0,1,0
36,11,101.20396423339844,91672,4,0.25209123784793075,1,0,1,0,0,1,0
62,38,29.59926414489746,90969,2,3.653790887668596,3,0,1,0,0,0,0
60,36,69.57211303710938,94433,1,1.321113359191806,2,0,0,0,0,1,1
44,24,58.123451232910156,95227,3,1.190919871170414,2,0,0,0,0,1,0
50,27,79.60792541503906,93197,2,2.395600094752969,3,103,0,1,0,0,0
29,7,16.03856086730957,90701,4,1.944006738422022,1,0,0,0,0,1,0
36,9,105.0077896118164,92007,2,1.647438026756792,2,0,1,0,0,0,0
60,35,140.27444458007812,90364,3,2.0699052157310223,2,0,1,0,0,0,1
43,22,145.40988159179688,92948,3,6.6813763707014395,2,0,0,0,1,1,1
61,36,24.891563415527344,95651,4,0.8191598446149783,2,0,0,0,0,1,0
63,38,195.76112365722656,94344,4,8.849604683772942,2,0,0,0,1,1,1
32,5,27.360023498535156,95000,4,0.5143486080078852,2,0,0,0,0,0,0
41,21,94.30574798583984,92710,2,2.073687915762771,3,0,0,0,0,0,0
31,6,64.41616821289062,94280,3,0.2995991468089713,2,0,0,0,0,1,0
62,34,69.72062683105469,92896,4,0.23425158373323055,1,0,1,1,1,1,0
43,21,51.8967399597168,94979,4,2.2540482475655397,3,0,0,0,0,0,0
65,41,72.3322525024414,95528,1,4.0581650851931865,1,0,1,0,0,1,0
24,6,90.2656021118164,92565,4,1.5874856697193438,1,0,1,0,0,0,0
52,35,69.37158203125,95956,2,2.231062892746471,2,308,0,0,0,0,0
50,23,28.857223510742188,94905,1,2.5212034976619355,2,154,1,0,0,1,0
62,36,73.41693878173828,94410,2,1.4551348029661733,3,0,0,0,0,1,1
31,5,90.36021423339844,95931,4,2.6744453562248474,1,0,0,0,0,1,0
30,0,83.14244079589844,93455,2,1.3822534505973445,2,0,0,0,0,1,1
47,13,11.849081039428711,96355,2,0.10695184848676645,1,0,1,0,0,1,0
35,9,19.062959671020508,92293,4,0.13760964026966702,1,0,0,0,0,1,0
27,4,65.02191925048828,96413,3,2.185975256759508,3,0,0,0,0,0,0
57,30,52.54680252075195,93093,4,1.2178141357603596,2,0,0,0,0,0,0
38,13,22.762792587280273,92198,4,0.14649865533362164,1,0,1,1,0,0,0
45,22,28.446395874023438,91030,3,0.240891266295442,2,0,0,0,0,0,0
66,35,63.55997085571289,92133,2,4.929530504887579,3,0,0,0,0,0,0
41,26,67.91486358642578,95980,2,2.6904061316210592,2,0,0,0,0,0,1
63,37,95.68174743652344,93990,3,0.8966667837106888,3,0,0,0,0,1,0
42,25,60.77650833129883,91385,1,4.0185864260826625,1,0,0,0,0,1,0
53,29,31.8848934173584,95431,4,2.7419050165550742,1,216,0,0,0,0,0
29,14,40.666893005371094,95077,4,1.925988955451757,2,88,1,0,0,1,0
46,-1,170.8375244140625,94322,1,5.6876020162869185,2,0,0,0,0,1,1
31,8,129.22555541992188,91821,2,2.7879873313425776,1,0,0,0,0,0,0
34,12,27.66927719116211,92796,4,0.55324092319051,1,0,1,0,0,0,0
50,27,127.25376892089844,94241,1,2.1473092802861156,1,0,0,0,0,0,1
61,22,208.325439453125,90032,2,6.569252830458316,1,0,0,0,0,0,0
61,36,13.15015697479248,92856,1,0.007167163102392515,1,0,0,0,0,0,0
29,6,92.23114013671875,91540,4,2.3611215597914548,3,0,1,0,0,0,0
33,9,35.76051330566406,92049,2,0.6011573206330819,1,135,0,0,0,0,0
32,8,78.61046600341797,94890,1,0.29072415038795635,2,0,1,0,0,1,0
27,1,62.2431640625,94142,4,1.7441664620859596,2,0,0,0,0,1,0
34,8,45.932674407958984,94945,3,0.19571793709742286,2,0,0,0,0,0,0
56,31,79.64523315429688,91348,3,0.7718926646819257,3,138,0,0,0,1,0
60,30,40.44565963745117,90643,4,0.43089951840089125,2,0,1,0,0,0,0
47,25,60.63783645629883,91948,2,1.1441182166829376,3,0,0,0,0,1,0
28,2,32.97773361206055,95657,1,1.3875870128969527,3,152,0,0,0,1,0
42,6,104.52207946777344,92244,4,2.095322128200775,3,0,0,0,0,1,1
44,20,93.41061401367188,91226,3,1.6363424621996123,3,0,0,0,0,1,1
54,24,64.95930480957031,94246,4,2.8591685054002927,1,0,0,0,0,0,0
32,8,80.71543884277344,90020,2,1.5750699655651195,3,0,0,0,0,0,0
60,34,86.65934753417969,94893,2,0.05031303220088601,1,308,0,0,0,1,0
62,29,94.18792724609375,92907,4,0.1313518994329318,3,0,0,0,0,0,1
50,19,86.43939208984375,94785,2,1.8930941068588354,1,0,0,0,0,1,0
41,2,102.59944152832031,92848,1,2.64820926159551,3,0,0,0,0,0,0
50,38,135.98660278320312,94628,2,3.0721296535334197,1,0,0,0,0,0,0
49,33,57.18585205078125,96625,4,1.7688281367331722,2,159,0,0,0,1,0
28,7,22.50790023803711,91787,1,1.118749775341624,3,0,1,0,0,0,0
26,3,63.33496856689453,94713,1,1.5524290900194462,3,0,0,0,0,1,0
60,36,38.56923294067383,90038,4,0.5678848257027933,1,0,0,0,0,0,0
43,21,168.48342895507812,90539,2,2.888176068057026,1,0,0,0,0,0,0
51,24,85.44892883300781,93055,2,2.0319893847401698,3,0,0,0,0,1,0
48,9,28.51329803466797,95072,4,1.6948484433127282,2,0,0,0,0,0,0
46,16,67.59523010253906,94180,2,1.3800249383589196,3,0,0,0,0,0,0
60,36,85.4175796508789,90192,2,1.5676690259152264,2,0,1,1,0,0,0
34,13,48.132537841796875,92058,4,0.22095382747129666,2,0,1,0,0,1,0
28,-1,58.95648193359375,94200,1,1.751692277527419,2,0,0,0,0,1,0
62,42,30.174707412719727,91243,3,0.39972790686685367,3,0,0,0,0,1,0
60,40,56.196372985839844,95820,1,2.5602760833492773,1,348,1,0,1,1,0
58,33,182.98277282714844,93612,4,0.8826632600018948,3,0,1,1,1,1,1
56,31,114.70368957519531,93862,3,1.1456682189071885,1,0,1,1,1,1,1
53,26,48.14012908935547,93059,1,0.6398629824898141,3,0,0,0,0,1,0
31,6,74.3187255859375,94069,2,0.7512074611607521,3,0,0,0,0,1,0
47,30,171.07766723632812,92781,3,4.9607353356583745,2,0,1,0,0,1,1
59,32,185.0943603515625,94920,1,4.317286303775187,1,0,0,1,0,1,0
48,24,89.5924072265625,94538,4,3.456280128964218,3,0,1,0,0,1,0
34,2,37.15501403808594,93225,2,0.6843263836407963,1,0,0,0,0,0,0
39,20,136.607421875,94407,1,5.076469954395959,1,216,1,0,0,1,0
64,37,67.36579895019531,92491,4,1.6674933099314613,2,0,1,1,0,1,0
46,20,49.575706481933594,94496,3,1.1128782921187326,1,225,1,0,0,1,0
64,38,105.85619354248047,94573,1,1.060958776435212,3,0,0,0,0,0,0
58,33,119.77842712402344,90739,4,0.5156835083572379,1,0,0,0,0,1,0
46,18,170.95240783691406,91970,1,3.9088266912698564,1,0,1,0,0,1,0
43,16,89.86637115478516,95060,1,0.6214145240054723,1,0,0,1,0,1,0
33,5,51.855072021484375,91845,3,1.6127913281523734,3,0,1,0,0,1,0
35,7,147.2199249267578,95194,1,2.779409223309314,1,231,0,1,1,1,1
54,25,30.55534553527832,90055,2,1.9921235743178447,3,0,0,0,0,0,0
53,30,30.79572105407715,91771,4,1.1537975788643855,1,0,1,1,1,1,0
24,-1,84.93780517578125,91948,3,1.699487856852794,1,0,0,0,0,1,0
59,32,111.6553726196289,91034,3,2.6416676953104843,2,0,0,0,0,1,1
52,25,24.039392471313477,94331,2,1.4780816999165975,2,0,0,0,0,1,0
44,13,57.17924118041992,95784,2,1.9294960875226868,3,0,1,0,0,0,0
55,37,132.30361938476562,90223,1,3.2283732135939234,3,0,0,0,0,1,1
53,31,64.43113708496094,90746,2,0.7117668668707265,1,95,0,0,0,1,0
40,10,31.34586524963379,94093,4,0.5515492377934629,2,161,1,0,0,0,0
51,22,90.90126037597656,95321,1,7.2856033889389735,1,388,0,1,0,0,0
34,6,70.63006591796875,92134,2,1.2662149996848662,3,0,0,0,0,0,0
44,21,62.46397018432617,89913,2,0.19657515687373206,3,318,1,0,0,0,0
48,23,84.10718536376953,90868,1,0.10910144944465572,1,0,1,0,0,1,0
25,-1,104.55888366699219,90537,4,2.7972404285561887,2,0,0,0,0,1,0
61,36,75.41381072998047,89961,1,0.8344077981265146,2,0,1,0,0,0,0
58,36,13.610616683959961,94331,1,0.8469122135468022,1,141,1,0,0,1,0
27,8,63.34256362915039,92846,2,3.101537359038228,3,143,1,0,0,0,0
54,31,40.98862838745117,95977,3,0.3200041863322466,2,0,0,0,0,1,0
40,18,163.67205810546875,91851,2,1.8243352496033196,3,0,0,0,0,1,1
35,9,58.90928268432617,94118,1,2.406722890963664,1,107,0,0,0,0,0
59,31,58.681095123291016,94710,4,2.0037211648476307,3,0,0,0,0,0,0
32,11,80.24642944335938,91758,2,0.5258433015225144,1,0,0,1,0,1,0
47,26,55.384578704833984,95242,3,1.593234758205846,1,0,0,0,0,1,0
51,17,22.855939865112305,94381,4,0.3464903938144248,1,0,0,0,0,0,0
54,27,53.39887619018555,95737,3,2.5567557528580345,1,182,1,0,0,0,0
36,4,27.23926544189453,96457,3,0.5462893965605828,3,183,0,0,0,1,0
49,1,147.58665466308594,95142,4,0.08104774895414063,1,0,0,0,0,0,0
59,36,24.692424774169922,90707,3,0.4127381667719009,3,123,0,0,0,0,0
48,22,24.43703842163086,91935,1,3.497969849163839,1,74,0,0,0,0,0
33,8,68.94121551513672,91345,3,0.21706151644806396,3,0,1,0,0,1,0
51,30,27.79377555847168,91489,4,0.31772761858871246,2,0,0,0,0,0,0
57,33,52.90988540649414,90614,2,2.575253645723402,1,0,1,0,0,0,0
30,6,113.62228393554688,91758,4,3.583649570768592,2,121,0,0,0,0,1
58,37,35.38349533081055,91736,4,0.540261675317564,1,0,0,1,0,1,0
31,10,65.739501953125,94219,4,0.9977234506329085,1,0,0,0,0,0,0
58,32,106.94267272949219,95520,1,1.491809837868302,2,0,0,1,0,1,1
49,22,117.75495147705078,92040,2,7.710194984668262,1,218,0,1,0,1,0
60,27,61.836124420166016,91368,2,1.1925113373404586,3,0,0,0,0,0,0
42,15,12.145055770874023,93070,4,0.7802235965932965,1,0,0,0,0,0,0
55,31,38.20947265625,91506,1,0.40201170427992,3,148,1,0,0,0,0
41,17,97.40620422363281,95202,3,1.133581358989478,1,0,0,0,0,1,1
34,7,69.21316528320312,94490,4,1.5422494040769668,1,0,0,0,0,1,0
24,11,110.29757690429688,94513,2,1.714103779878667,1,0,0,0,0,1,0
31,9,52.04725646972656,94381,4,0.28175943590641694,1,0,0,0,0,1,0
41,30,98.80433654785156,91773,1,2.0483739991530507,1,0,0,0,0,1,0
43,17,32.07990264892578,90348,2,1.6831358004807924,3,0,1,0,0,0,0
29,4,137.20907592773438,95914,3,3.036523487002542,1,246,1,0,0,1,0
61,34,46.960601806640625,94381,1,1.6933364603732617,2,206,0,0,0,1,0
65,41,51.19667434692383,93980,3,2.8057163588344,1,0,0,0,0,1,0
41,13,130.895263671875,91765,2,5.517620740046318,2,0,0,0,0,0,1
41,14,47.68055725097656,93052,2,2.595573540223955,3,0,0,0,0,1,0
65,42,14.115198135375977,93270,1,0.9194186981995393,2,0,0,0,0,0,0
42,14,48.41391372680664,95037,3,1.7803371605245264,1,0,0,1,0,1,0
55,23,23.58489990234375,94581,3,1.1676940285408015,1,0,0,0,0,0,0
40,9,124.3436050415039,94586,2,8.268745126341306,3,172,0,0,0,0,0
54,28,77.48553466796875,93023,2,1.0931995023785093,2,0,0,0,0,0,0
53,23,17.120691299438477,95210,3,0.3384698780771226,3,0,0,0,0,1,0
37,9,38.55995178222656,94915,2,1.1777345930150942,3,0,0,0,0,0,0
50,27,72.71539306640625,95639,3,1.460082800526465,1,0,0,0,0,0,0
41,24,34.55596160888672,91283,4,3.3051872614743107,1,106,1,0,0,1,0
51,24,33.98174285888672,94031,3,0.835602305513567,2,0,0,0,0,0,0
45,17,116.57592010498047,94286,4,2.5275430536684556,3,159,0,0,0,0,1
25,0,129.13638305664062,94343,3,3.6696683382188384,3,178,0,0,0,0,1
41,11,37.17924499511719,95991,2,3.886126510004163,1,0,0,0,0,0,0
34,5,42.81480026245117,94589,2,0.14937031683697624,2,0,1,0,0,0,0
65,38,62.769744873046875,91233,4,1.4659861673630832,2,0,0,0,0,1,0
41,8,90.78001403808594,94232,2,6.644414117464975,1,0,1,0,0,1,0
35,7,63.69982147216797,92073,3,1.7307890519778495,3,0,0,0,0,0,0
66,38,29.744966506958008,93080,2,0.6527899443629429,2,0,1,0,0,0,0
58,35,101.0875244140625,91265,2,1.9995568358628322,1,227,0,0,0,1,0
61,22,36.87224578857422,92015,4,2.5740878681683075,3,0,0,1,0,0,0
63,38,31.562198638916016,94724,2,0.48166203094355264,3,0,0,0,0,0,0
41,19,15.010852813720703,91454,4,0.05383733161306739,1,0,0,0,0,1,0
33,10,145.7744598388672,93965,2,2.674576768715935,1,0,1,0,1,1,1
25,-2,142.56484985351562,92696,2,5.749463870776875,1,0,0,0,0,1,0
43,17,69.56532287597656,94272,1,0.5480746958158061,1,0,1,1,0,0,0
57,25,52.06082534790039,92003,2,2.1987520202241826,1,0,1,0,0,1,0
39,13,24.418106079101562,93626,4,0.5102935962239659,2,102,0,0,0,1,0
51,34,68.21525573730469,91056,1,1.798138415981732,1,0,1,0,0,0,0
45,23,82.35934448242188,93016,1,0.6471839957087494,2,0,0,0,0,0,0
62,35,43.3840446472168,90522,4,0.5029299358800556,2,0,0,0,0,0,0
44,18,93.38955688476562,90170,1,0.08729932902030738,1,0,0,0,0,0,0
60,37,48.117610931396484,91735,1,0.7345246589778233,2,0,1,0,0,0,0
51,26,32.08477783203125,91043,1,2.881163773833181,3,0,0,0,0,0,0
55,25,94.93286895751953,90356,2,5.074464607112038,1,0,1,0,0,0,0
38,17,102.36534118652344,93245,1,0.8481987597471159,3,0,1,0,0,0,0
31,8,81.11566925048828,94878,3,0.37370539917121215,1,0,0,0,0,0,0
33,11,80.10182189941406,92333,2,1.011023047124497,1,176,0,0,0,1,0
28,1,96.51229858398438,93146,1,4.988744847692949,1,150,0,0,0,0,0
42,21,88.61973571777344,90376,2,1.110364326881336,1,133,0,0,0,1,0
41,17,51.269657135009766,94578,3,0.23522294708856073,1,0,0,0,0,1,0
60,37,26.766756057739258,96197,1,1.6757325893685073,3,0,0,0,0,0,0
67,40,48.27619552612305,90292,1,2.1322066926347647,3,0,0,0,0,1,0
41,12,120.95826721191406,92355,2,4.550627285823614,1,0,0,0,0,1,0
29,14,61.422767639160156,91895,2,0.8362167366380918,2,0,1,0,0,1,0
28,11,63.92765808105469,95131,1,0.10747701210820937,1,0,0,0,0,1,0
28,0,94.74988555908203,91385,1,3.8798104466486176,2,0,0,0,0,1,1
39,17,27.447616577148438,95282,4,2.551181240644802,1,0,0,0,0,0,0
38,17,50.340457916259766,94115,3,2.157710890371917,1,0,1,0,0,1,0
29,11,129.7123565673828,95310,2,5.026798705664375,3,0,0,0,0,0,0
28,15,112.0320053100586,94462,1,2.0971883801777196,3,0,0,0,0,0,0
46,19,102.08535766601562,92144,2,1.0478327968724774,1,0,0,1,0,1,0
62,38,35.37813949584961,94077,4,2.1178558211694627,1,0,0,0,0,0,0
41,16,82.44690704345703,91989,1,0.3018263603849966,1,0,0,0,0,1,0
39,13,62.06212615966797,91610,4,1.6077894087288398,3,159,0,0,0,0,0
64,35,35.04783630371094,91247,3,0.967298677458468,1,0,0,0,0,1,0
38,13,147.61074829101562,94599,3,0.9175291853733922,2,0,0,0,0,1,1
39,15,66.48492431640625,94911,4,1.6651066477094276,1,0,0,1,0,0,0
59,35,40.52117156982422,91889,4,0.8393011824809548,3,105,0,0,0,1,0
50,34,33.45924377441406,94236,2,1.9914204357190006,3,0,0,0,0,0,0
56,27,211.95570373535156,95574,4,6.088203547623173,2,377,1,0,1,1,1
49,24,100.6243896484375,94850,3,1.9045995542097636,1,0,0,0,0,0,0
28,4,31.035633087158203,90205,1,0.9571468782730879,2,98,0,0,0,1,0
30,8,13.67357349395752,94121,4,0.3898249967516709,3,0,0,0,0,1,0
49,13,66.41596984863281,94637,2,1.873932457715978,2,0,0,0,0,0,0
31,7,100.78697967529297,95580,4,0.6555420631482087,1,0,1,0,0,1,0
61,38,79.46240997314453,94451,1,1.5951339942602831,1,0,1,0,0,1,0
49,27,71.59567260742188,90377,3,1.342865799400514,3,0,0,0,0,1,0
59,32,60.914093017578125,92165,3,0.6130712213870473,2,0,0,0,0,1,0
58,32,20.32448387145996,92009,2,0.8383782671978259,2,0,0,0,0,1,0
65,39,38.935367584228516,90315,3,1.9810420065983902,2,155,0,0,0,1,0
62,39,145.28204345703125,92880,1,2.719789357911303,2,0,0,1,0,0,1
55,18,64.20822143554688,92852,3,1.20170869587987,3,110,0,0,0,1,0
40,18,54.493743896484375,95439,2,0.7985177514853885,3,0,0,0,0,0,0
57,19,198.68814086914062,91980,2,7.695204491819982,1,0,0,0,0,0,1
38,10,48.31390380859375,90402,3,2.338999363307766,2,215,0,0,0,0,0
29,3,133.00808715820312,93321,2,1.5182374280802162,3,0,0,0,0,1,0
54,32,31.52178382873535,90421,4,1.3811961449578962,1,0,0,0,0,1,0
56,31,133.6735076904297,91597,4,1.516829578223684,1,0,0,0,0,1,0
64,32,62.68858337402344,93894,1,0.11442003095403236,1,0,0,0,0,0,0
54,28,24.921123504638672,91956,4,1.765353895195605,2,0,0,0,0,1,0
36,11,142.64852905273438,92039,1,2.3627533935735103,1,0,0,1,0,1,0
49,24,163.37445068359375,95018,2,3.4158232692236736,1,0,1,0,1,1,1
62,36,66.5404281616211,93383,3,2.0059018936352713,3,169,0,0,0,1,0
37,8,195.6933135986328,90379,2,3.776782014878433,1,0,1,0,0,1,0
58,32,48.049007415771484,92225,2,1.3353016266869104,1,0,0,0,0,0,0
32,9,50.19826889038086,92152,2,2.09981318740217,2,0,1,1,0,0,0
27,-2,169.58433532714844,94843,4,5.060510846622186,3,0,0,0,0,0,1
62,33,50.53094482421875,92673,3,0.9384455752122505,3,0,0,0,0,1,0
61,28,71.90323638916016,92765,3,0.3835428407681479,2,0,0,1,0,1,0
54,27,29.74542999267578,92433,2,0.0632894645517744,2,0,1,0,0,0,0
65,33,107.58395385742188,91918,2,5.034753635070583,3,0,0,0,0,1,1
57,35,41.98929214477539,92280,4,2.031167074764591,2,0,1,1,1,1,0
65,33,30.99104118347168,95519,4,1.1297223343559968,1,0,1,0,0,1,0
39,15,55.53855895996094,93046,1,2.466107670653946,1,0,0,0,0,1,0
55,27,43.477455139160156,91161,3,1.328312354079559,2,90,0,0,0,0,0
35,6,55.33345413208008,94530,3,2.129587420174659,2,147,1,0,0,0,0
48,26,157.1258087158203,90120,2,3.1871039208177363,1,275,0,0,0,0,0
46,16,35.941314697265625,94733,4,0.335895115569362,3,0,0,0,0,0,0
62,38,11.927900314331055,90310,2,0.2114454335421656,1,0,0,1,0,1,0
62,38,61.081886291503906,91824,2,1.923550425830061,1,0,0,1,0,1,0
29,5,93.96023559570312,92241,1,1.9754679818800116,3,0,0,0,0,1,0
34,23,26.513866424560547,94665,4,0.09958131358176678,1,0,0,1,0,0,0
59,34,64.260498046875,94038,4,0.8608297142115626,3,0,1,0,0,1,0
34,19,153.6655731201172,90049,1,1.1022156023257796,1,0,0,0,0,0,0
60,37,54.493534088134766,91815,2,3.0912238480816554,2,222,0,0,0,0,0
28,6,75.81371307373047,94566,2,0.3290199707781991,1,255,1,0,0,0,0
48,17,61.75871658325195,91476,4,1.477174988330877,3,0,0,1,0,0,0
43,19,103.27567291259766,95121,4,2.3964988006610737,2,0,0,0,0,0,1
63,37,16.783737182617188,92047,2,0.7014213053469409,1,0,0,0,0,0,0
36,12,134.3610382080078,94188,4,4.106463570230615,1,0,0,0,0,0,0
42,25,99.88468170166016,91514,3,2.136510800077792,2,0,0,0,0,0,0
39,16,39.396400451660156,90945,4,3.821615375170004,1,111,0,0,0,1,0
52,17,54.42821502685547,93940,1,1.7245649374789254,1,0,0,0,0,1,0
39,16,52.01937484741211,90983,3,1.6324003899555781,3,0,0,0,0,0,0
31,10,68.28463745117188,94492,1,1.7038291095359275,3,0,0,0,0,1,0
54,19,103.35123443603516,94382,1,2.4465374334560335,1,0,0,0,0,1,0
67,40,17.98036003112793,94010,3,0.8921966874018359,3,0,0,0,0,0,0
55,15,20.664457321166992,94205,4,0.8155561967188838,1,109,0,0,0,1,0
41,16,106.63520050048828,93074,4,1.4440489766294706,2,0,1,0,0,0,1
27,1,68.60984802246094,94632,2,1.4179837070141206,2,245,0,1,0,0,0
51,28,70.10441589355469,92215,3,2.4198873225638913,2,0,0,0,0,0,0
60,33,120.17819213867188,95986,4,3.220542709294165,3,0,0,0,0,0,0
64,38,59.606754302978516,95431,3,1.2672619892944272,1,0,0,0,0,1,0
35,14,138.94650268554688,94026,2,2.0072819360223164,1,0,0,0,0,1,0
53,32,14.730243682861328,92941,3,1.4001075508948484,2,0,1,0,0,1,0
29,4,56.50629806518555,95308,1,1.363105500343126,3,193,1,0,0,1,0
40,30,55.85429000854492,94147,2,2.6318223864730053,1,0,1,0,0,1,0
50,34,58.83253860473633,95764,1,0.3704313989725922,1,0,0,0,0,0,0
50,13,165.46176147460938,91679,3,3.1534060676586977,2,0,0,0,0,1,1
56,27,98.84503173828125,94987,1,1.125704533330595,1,0,0,0,0,1,0
48,13,147.86595153808594,92234,1,2.266092158953304,3,0,0,0,0,0,1
45,16,141.26687622070312,91583,3,1.696245412198037,3,0,0,0,0,0,1
42,24,59.977901458740234,89857,3,1.8111446494367196,1,0,0,0,0,1,0
48,21,202.92538452148438,90442,2,7.110874438510274,1,0,0,0,0,1,0
30,5,110.09150695800781,92298,4,1.8039226521967286,2,0,0,0,0,0,1
51,33,36.52753448486328,95460,4,1.022642288956682,2,0,0,0,0,1,0
52,29,30.898704528808594,92096,1,0.491562768870405,1,149,0,0,0,1,0
63,39,81.32613372802734,90276,4,1.5544512317035675,3,0,0,0,0,1,0
55,31,59.5711555480957,91407,1,1.9122479911529655,3,0,1,0,0,0,0
37,8,25.09821319580078,95486,3,0.5844218051039012,1,0,0,0,0,1,0
47,25,53.820030212402344,95384,3,1.5535367518725807,2,0,0,0,0,1,0
50,24,54.78754425048828,94517,4,1.5477524779782674,1,0,0,0,0,0,0
61,41,50.775508880615234,90992,1,1.1152512364263714,1,100,1,0,1,1,0
54,31,43.14930725097656,90751,1,1.322666213576543,1,0,0,0,0,1,0
54,25,55.767669677734375,96046,1,0.9859400628679434,1,0,1,0,0,0,0
55,26,181.0389862060547,90351,1,3.2911854732584462,1,345,1,1,1,0,1
62,35,68.3558578491211,90474,2,2.9997238423606016,3,458,0,0,0,0,0
49,30,64.43038940429688,95002,4,1.39739258664177,2,0,0,0,0,0,0
31,5,111.05571746826172,93099,2,2.0439437900083037,1,211,0,0,0,1,0
40,19,41.762901306152344,90263,3,2.2915352613612314,1,0,1,0,0,1,0
42,15,46.82021713256836,91565,3,1.991281834678908,1,0,0,0,0,1,0
35,8,77.64915466308594,93337,3,2.4895304212479474,3,135,0,0,0,0,0
31,21,29.52389144897461,90820,2,3.26169069591293,1,0,0,0,0,1,0
55,16,34.97031021118164,95475,3,0.5420137713149813,3,0,0,0,0,1,0
26,4,51.54513168334961,94255,4,0.8762619261632677,3,207,0,0,0,1,0
57,17,59.75566864013672,95655,3,2.04426506065336,3,0,0,0,0,1,0
31,15,103.24362182617188,91660,4,1.8424242925578844,1,0,0,0,0,0,0
31,3,127.1898422241211,94795,3,3.0712165538305527,2,0,0,0,0,0,1
37,15,77.83516693115234,93833,1,0.252997410550421,1,0,0,1,0,1,0
55,33,114.20396423339844,93070,3,7.615805597685762,1,0,0,0,0,1,0
47,18,54.08741760253906,95238,1,2.361183328294904,3,0,0,0,0,0,0
28,0,29.56733512878418,96192,4,1.6732419921744723,1,366,0,0,0,0,0
59,31,50.21208953857422,95862,4,1.588654553338225,3,0,0,0,0,0,0
52,26,34.517181396484375,94639,4,1.6935176793601454,2,0,0,0,0,1,0
58,28,159.9307098388672,93408,2,2.873320441646754,1,0,1,0,0,1,0
52,19,159.0960693359375,92090,2,4.210452936174526,1,0,0,0,0,1,0
52,24,60.87732696533203,91663,1,2.0645337102656303,1,0,0,0,0,0,0
34,16,163.95449829101562,92035,2,3.250252225984881,1,0,1,0,0,0,0
47,15,18.842565536499023,96226,4,0.01648639011534725,1,0,0,0,0,1,0
63,38,56.24337387084961,92236,3,1.5528299789339095,2,107,0,1,0,1,0
38,1,28.781089782714844,91697,4,3.8088436171846545,2,171,1,0,0,0,0
39,20,212.3787384033203,92282,2,6.46229500256473,1,0,1,1,0,0,0
63,39,39.137149810791016,93403,2,0.6234681727815953,2,0,0,0,0,1,0
63,41,62.27155303955078,93919,4,0.4541982363043572,3,0,0,0,0,0,0
32,19,122.47246551513672,92105,4,4.538846825887051,1,111,1,0,0,1,0
53,20,77.87776184082031,90138,3,1.9891857288669872,2,235,0,0,0,1,0
33,8,85.70825958251953,92881,4,1.5103046310631538,3,0,0,1,0,0,0
43,15,53.89165115356445,94625,4,7.516800526871463,1,0,1,0,0,1,0
30,24,106.56089782714844,95306,1,2.0278064852128566,1,0,0,0,0,0,0
47,22,38.11283493041992,92406,1,2.6377328601467824,3,0,1,0,0,0,0
27,1,44.55454635620117,92001,4,1.8381089948451492,1,149,0,0,0,1,0
45,11,81.78026580810547,90417,2,3.2228444354295314,1,0,1,0,0,0,0
63,38,76.9175033569336,94410,4,2.3414468759147415,1,0,0,0,0,1,0
57,36,35.86341094970703,95477,2,0.24319820135075623,1,0,0,0,0,1,0
30,7,62.61149215698242,94763,2,0.24706798583551492,1,139,1,0,0,0,0
49,26,43.400394439697266,92646,3,0.23819693208786888,3,0,0,0,0,0,0
37,14,58.408023834228516,90301,4,2.5839818955770166,1,0,0,0,0,0,0
34,4,22.178131103515625,92194,4,1.050616713467685,1,106,0,0,0,0,0
63,39,41.975120544433594,92353,3,1.8891803242158483,1,0,0,0,0,0,0
33,5,71.95420837402344,91353,1,2.3816267469339167,2,0,0,0,0,1,0
49,24,71.74527740478516,92424,4,1.29883231290379,1,150,1,0,0,0,0
39,19,51.48574447631836,93877,4,0.5509422401273083,2,0,0,0,0,0,0
27,7,56.55044937133789,92859,2,1.5771949178521838,3,153,1,0,0,0,0
36,14,115.99276733398438,95050,1,3.7498317975044677,1,0,0,0,0,0,0
27,1,55.35478591918945,91084,2,2.692313890455397,2,0,1,0,0,1,0
42,18,153.4545440673828,92179,2,2.4600775076362984,1,0,0,0,0,1,0
29,23,43.040828704833984,94398,4,2.412498053009573,2,0,0,0,0,1,0
63,38,31.70207405090332,92148,3,0.7937578288778814,1,0,0,0,0,1,0
50,38,75.84911346435547,89830,4,7.11033989548038,1,0,1,0,0,1,0
52,22,38.318389892578125,93068,1,1.6061036495495367,2,0,1,0,0,0,0
66,39,68.92903137207031,96142,3,0.05189808254668138,3,180,0,0,0,0,0
62,36,45.26060104370117,90275,3,0.23417130501445182,3,0,0,0,0,0,0
27,2,183.02317810058594,91516,2,5.947503579862628,1,188,1,0,0,0,0
44,26,187.26113891601562,93507,3,6.996145759936072,1,0,0,0,0,1,0
51,27,43.957008361816406,92925,2,2.0414350963964063,1,114,0,0,0,0,0
28,10,35.5281982421875,94031,3,0.8212872254897126,2,0,0,0,0,0,0
56,31,112.5941162109375,94311,3,2.427413879051344,2,0,0,0,0,0,1
37,3,40.27727508544922,94961,3,0.6378735340956079,3,0,0,1,0,0,0
49,9,19.68914794921875,94889,4,0.6432807542954444,1,0,0,0,0,0,0
50,28,81.42213439941406,90289,1,4.7914527626291035,1,0,0,0,0,0,0
57,31,64.41566467285156,92866,3,1.6313942897913565,3,99,1,0,0,0,0
53,30,38.91594696044922,91394,4,0.08544502825338787,1,157,1,0,0,1,0
41,18,65.40254974365234,92120,3,1.8712231666313632,2,163,0,0,0,0,0
36,16,38.54108810424805,94399,3,1.844063192482785,3,153,1,0,0,0,0
40,21,85.36135864257812,91790,4,3.497637439196118,1,0,0,0,0,0,0
46,16,118.81505584716797,91458,2,5.276703768414045,2,228,0,0,0,1,0
35,11,111.46379852294922,91583,1,2.0955974355680222,1,0,0,0,0,0,0
63,39,27.242685317993164,94225,1,0.8274092886631879,3,0,0,0,0,0,0
34,6,111.84273529052734,94292,4,4.775109713500963,2,117,0,0,0,1,0
40,19,112.2113037109375,90302,2,1.7500730948327659,1,0,0,0,0,0,0
51,25,79.69056701660156,94966,2,0.8176247130667442,2,0,1,0,0,0,0
63,39,66.6490707397461,92056,4,1.1200703770368596,2,0,0,0,0,1,0
31,3,85.11761474609375,94431,3,0.6609327191511697,2,103,0,0,0,1,0
31,9,180.10023498535156,91429,4,1.6519785348919722,3,0,0,0,0,1,1
54,26,26.50884437561035,94594,4,0.4345793088892811,3,73,1,0,0,1,0
36,20,128.96499633789062,92839,1,2.655746766446955,3,0,0,0,0,0,1
64,30,43.05045700073242,94684,3,1.2430365041167337,2,0,0,0,0,0,0
44,24,112.1220474243164,94167,1,4.278994174623601,3,0,0,0,1,1,1
53,28,203.89112854003906,94193,1,4.838473597466551,3,0,1,1,1,1,1
27,8,20.449909210205078,95515,4,1.1461209252647533,1,94,1,0,0,0,0
52,29,108.51943969726562,96086,3,0.8972329261676614,1,0,0,0,0,1,0
46,18,52.71597671508789,94653,1,1.4539520576366378,1,158,1,0,0,1,0
31,5,78.63097381591797,92213,1,0.6067432371908641,1,0,0,0,0,1,0
61,36,87.39302062988281,94565,3,0.4357572273821595,2,0,1,0,1,1,0
27,4,56.38710403442383,95671,4,0.21676504765090177,1,0,0,0,0,0,0
48,30,138.50100708007812,91391,1,5.567877349575225,1,161,0,0,0,0,0
40,14,164.2621612548828,90187,2,2.3506752410015572,1,375,0,0,0,0,0
42,16,129.77853393554688,95868,1,5.335121328803263,1,285,0,0,0,1,0
51,26,42.422935485839844,91946,4,1.4781936026136784,3,143,0,0,0,1,0
36,8,79.45614624023438,94905,1,3.582271889528978,1,0,0,1,0,1,0
34,11,77.8946533203125,94424,1,1.2024563898041372,3,0,1,0,0,0,1
63,39,49.8438835144043,95972,4,1.5231025403779541,2,146,0,0,0,1,0
27,6,38.103248596191406,92152,2,1.5898396603503548,2,0,0,0,0,0,0
49,31,104.54908752441406,94168,1,4.0643648946900335,3,0,0,0,0,1,0
29,8,125.54838562011719,92778,2,1.5718272851778394,3,0,1,0,0,0,0
49,17,45.34678268432617,90327,1,0.620785359601853,1,233,0,1,0,1,0
64,37,150.15782165527344,90760,1,6.238702757043327,1,0,0,0,0,0,0
30,18,44.25773620605469,94983,2,1.7731045370184455,1,0,0,0,0,0,0
26,9,40.78395462036133,94581,4,2.2664341887196464,3,0,1,0,0,1,0
56,39,139.00521850585938,90447,3,3.59325668356789,3,468,1,0,1,1,1
62,35,57.87287902832031,91255,1,1.9368332509952577,3,0,0,0,0,1,0
47,35,69.47345733642578,95134,4,1.5039040340838044,3,0,0,0,0,0,0
45,22,59.598140716552734,95306,1,1.1200161242114,1,0,0,0,0,0,0
32,4,47.86375045776367,92413,4,0.5945562000595747,2,0,0,0,0,1,0
42,20,36.432411193847656,94073,3,0.5398299794490844,3,0,1,0,0,1,0
49,31,44.73838806152344,92022,3,1.1304154816426015,3,0,0,0,0,1,0
31,8,22.540512084960938,92091,1,0.5603949170525249,3,0,1,0,0,1,0
29,11,52.78824234008789,90201,4,0.8110308117715503,2,0,0,0,0,0,0
43,12,40.507747650146484,93491,1,0.7125807546037404,3,0,0,0,0,0,0
30,5,62.634429931640625,92259,2,0.2054746113829523,1,0,0,0,0,1,0
60,27,32.607269287109375,94449,3,0.7621259804546461,1,223,0,1,1,1,0
65,38,63.3739128112793,93821,2,1.7536608064545212,3,112,1,0,0,0,0
64,37,114.10848999023438,91362,3,1.5313081178699028,2,0,0,0,0,0,1
46,18,89.74339294433594,92024,3,2.2668500194322405,2,0,1,0,0,0,0
57,37,112.35160827636719,93195,2,0.6741904581817204,1,0,1,1,1,1,0
24,-1,94.33795166015625,91793,1,0.45224355630264607,1,143,0,0,0,1,0
34,3,49.946434020996094,92295,4,2.046532937434,3,0,0,0,0,0,0
47,16,50.81357192993164,91464,3,0.43211445361672035,1,0,1,0,0,0,0
24,0,96.08710479736328,93040,2,0.6310052490563636,3,0,0,0,0,0,1
45,34,30.597064971923828,94231,1,0.563612910304226,1,124,1,0,0,0,0
49,10,106.16610717773438,94379,2,1.9445317319236386,3,0,0,0,0,1,0
31,4,27.081829071044922,95496,4,0.39991521880274594,2,0,0,0,0,1,0
28,3,29.531513214111328,93371,4,0.015661472053646597,3,0,0,0,0,0,0
51,18,74.10718536376953,94511,1,1.525511389993877,2,0,0,0,0,1,0
50,37,169.8070526123047,93143,1,5.201738079909106,1,0,0,0,0,1,0
38,11,52.97482681274414,93322,4,0.045617951932763856,2,0,1,0,1,1,0
47,27,83.18144226074219,94839,2,2.979654415100092,1,0,1,0,0,0,0
26,5,76.57205963134766,95018,1,3.1470629180328293,1,0,1,0,0,1,0
45,24,30.519323348999023,94786,4,1.648425399455135,3,0,1,1,0,1,0
34,9,71.47789764404297,94398,2,1.4860430023134346,3,0,1,0,0,0,0
61,34,21.02096939086914,93369,3,0.9151811345077374,1,0,0,0,0,0,0
35,14,103.10906982421875,91582,3,1.639807118322,1,0,0,1,0,1,0
40,10,29.58925437927246,94257,2,1.1903006096378195,2,0,1,0,0,1,0
42,18,39.17168045043945,94798,2,1.3681966644909447,2,99,1,0,0,0,0
50,31,17.89236831665039,95256,1,0.05435397669841521,3,0,0,0,0,1,0
34,10,166.3594512939453,94161,1,4.485134079847639,1,0,0,0,0,1,1
47,19,63.570831298828125,90249,3,1.6489413320854645,3,0,0,0,0,0,0
50,24,154.94602966308594,91705,1,5.493853910640173,2,0,0,1,0,0,1
49,20,29.429950714111328,94152,3,0.5866291474811333,3,0,0,1,0,1,0
63,34,67.47067260742188,93867,1,3.424075574453676,1,0,1,0,0,1,0
45,24,150.5523223876953,90221,1,2.8232094419203397,3,0,0,0,0,1,1
54,25,66.09176635742188,95925,3,1.6574434017681159,1,0,0,0,0,0,0
40,14,36.362281799316406,92567,4,1.003979321865441,1,0,0,1,0,0,0
59,36,71.67608642578125,94695,4,1.4333930081414978,3,95,0,0,0,0,0
36,24,142.18167114257812,94421,2,3.3027326759529565,2,473,1,0,1,0,1
41,20,158.48451232910156,90968,1,0.6094180040055206,1,0,1,0,0,1,0
54,25,31.569292068481445,93943,4,0.5218276834009938,1,166,0,0,0,1,0
59,33,34.89324951171875,94834,1,1.4100166346344654,2,0,0,1,0,1,0
59,33,130.6363525390625,93145,2,1.6054809472587894,1,0,0,0,0,1,0
32,8,47.67829895019531,92238,2,0.11906367595159437,2,100,0,0,0,1,0
39,12,75.43849182128906,90878,1,1.9584896450785672,1,0,0,0,0,1,0
30,12,50.69541549682617,92741,2,2.11659129571417,3,0,0,0,0,1,0
58,34,77.10408782958984,89873,4,1.963568777921476,1,0,1,0,0,1,0
41,14,16.831546783447266,94904,4,0.08441623166799056,3,0,1,0,0,1,0
60,29,68.63627624511719,95813,2,0.3588366073396598,2,0,0,0,0,1,0
62,36,96.67040252685547,92981,3,2.459040433766047,1,0,0,0,0,0,0
43,9,64.6171875,91859,4,1.54576569406483,1,0,0,0,0,1,0
35,17,30.273914337158203,94445,1,0.3891270723153156,1,0,1,0,0,0,0
52,30,21.150009155273438,94342,4,1.0983990709200326,3,0,0,0,0,1,0
46,17,100.03852844238281,90594,1,2.1845777443689745,2,0,1,0,1,0,1
39,12,56.55298614501953,92313,3,1.6321208892402526,2,0,0,0,1,1,0
32,8,71.53553771972656,95231,3,0.4590209743427748,1,119,1,0,1,1,0
33,5,14.910771369934082,94582,1,0.30540644377663095,2,82,1,0,0,1,0
30,5,51.40651321411133,91383,1,1.7549461887741131,1,0,0,0,0,1,0
59,37,72.82122039794922,94515,2,3.0499062210462653,2,206,0,0,0,0,0
42,10,50.384552001953125,91981,3,0.12873685421232622,2,0,0,0,0,0,0
58,26,17.8154296875,94322,2,0.6655335846082224,3,0,1,0,0,1,0
64,39,65.61406707763672,92366,1,1.206768340427272,2,0,0,0,0,0,0
32,12,177.17678833007812,95367,3,2.5273762296482225,1,0,0,0,0,1,1
42,17,46.571170806884766,90390,2,0.19836635858564308,1,122,1,0,0,1,0
61,37,61.7794189453125,94736,3,2.2736296709012622,2,0,0,0,0,1,0
37,20,112.6032485961914,95404,2,2.466051673645038,2,0,0,0,0,0,0
53,39,22.53818130493164,92326,3,1.0414340717165824,1,0,0,0,0,1,0
62,35,64.80780792236328,95139,4,1.818964017006322,2,0,0,0,0,0,0
43,28,116.8963394165039,90401,1,3.744216797096709,3,0,1,1,1,1,0
59,21,124.45472717285156,93161,3,0.6440786435916277,1,0,0,0,0,0,0
60,24,198.14617919921875,94089,2,8.034362604325747,1,252,0,0,0,0,0
48,14,74.89717864990234,95444,1,2.2256864335218873,3,0,0,0,0,1,0
39,7,34.38506317138672,94451,4,2.1186273699043072,3,0,0,0,0,0,0
40,17,95.73853302001953,94794,4,3.05110985710267,1,107,1,1,1,1,1
35,3,128.65652465820312,91747,2,2.8292736564166594,1,283,0,0,0,1,0
58,32,154.3462371826172,93924,2,0.3618990247951513,1,0,0,0,0,0,0
48,23,92.04476165771484,95277,2,7.0636171584887615,1,0,1,1,0,1,0
38,14,103.13021087646484,95770,3,2.1910300822392577,2,0,0,0,0,0,0
44,20,47.70000457763672,94208,4,0.7361770659598882,1,0,1,0,0,1,0
56,31,48.45466232299805,91927,3,1.0605234050043824,3,0,0,1,0,1,0
46,20,33.69245147705078,91248,3,0.40129728332378256,2,0,1,0,0,1,0
53,32,42.8911018371582,94615,3,1.3338989713399092,2,0,0,0,0,0,0
41,10,42.734134674072266,92421,4,0.7094629452885888,1,138,0,0,0,0,0
64,38,16.415748596191406,90362,2,0.22358373408559912,3,0,1,0,0,1,0
58,33,43.32431411743164,94521,3,1.3254226417754145,2,0,0,0,0,1,0
56,16,37.45005798339844,91494,4,1.751278877616661,1,0,0,0,0,0,0
45,15,82.587646484375,90641,4,1.0663653567613478,2,0,0,1,0,0,1
56,31,77.2644271850586,92927,2,0.9809075834685861,2,0,0,1,0,1,0
59,39,41.623836517333984,94719,1,1.9755392879322247,3,297,1,1,1,1,0
29,6,137.3368682861328,94391,4,4.722344211552545,3,127,0,1,0,1,1
33,7,21.01689910888672,91182,4,0.7897244050304973,3,0,1,0,0,1,0
32,3,26.17538070678711,94422,3,0.25520888407171616,2,0,0,0,0,0,0
30,12,107.59658813476562,93079,1,4.166636131782705,1,0,1,0,0,0,0
32,7,60.107696533203125,92187,2,1.5541615460943279,3,0,0,0,0,1,0
53,25,63.700775146484375,90158,1,0.6285157791335119,1,0,1,0,0,1,0
42,19,63.96940994262695,94440,4,2.159249672477214,1,105,1,0,0,0,0
60,34,32.01530456542969,92215,1,0.21963809918349247,3,0,0,0,0,1,0
42,10,119.744384765625,94947,1,2.7361280271909383,1,0,0,0,0,0,0
32,4,45.39947509765625,92737,2,1.1953834399567813,1,0,0,0,0,0,0
27,21,162.29774475097656,95856,1,5.203549804013692,3,127,0,0,0,0,1
49,28,54.328311920166016,95004,2,1.6708017862321225,1,0,0,0,0,1,0
58,30,61.682796478271484,93548,4,0.004371006856935422,3,0,0,0,0,0,0
59,34,76.74767303466797,89951,2,0.3717125171377709,1,0,0,0,0,0,0
34,16,47.693302154541016,93843,1,2.2623215902862586,3,0,0,0,0,1,0
40,14,193.61065673828125,90904,2,3.681127506684215,1,0,1,0,0,0,0
45,19,20.973203659057617,94713,4,0.3765844235645734,3,0,1,0,0,0,0
31,2,66.83757019042969,94998,1,5.22393288538371,1,0,0,0,0,1,0
29,2,105.5256576538086,93249,4,6.831953179101972,3,143,0,0,0,1,1
42,13,42.82383346557617,93057,4,0.24073118796689474,2,0,0,0,0,1,0
49,20,86.91014099121094,91231,2,0.6708276318449652,1,0,0,0,0,1,0
58,33,100.85044860839844,92725,1,2.4120219215070127,1,0,0,0,0,1,0
40,13,30.263826370239258,91248,3,0.44906151226830093,2,0,0,0,0,0,0
30,5,15.829516410827637,92663,3,0.2515119788845378,1,102,0,1,0,1,0
63,41,57.76820755004883,92038,4,1.9417890917356573,3,0,0,0,0,0,0
46,14,95.1188735961914,94515,1,2.0141227453458055,1,197,1,0,0,0,0
62,31,93.45465087890625,95174,4,1.0477480136095416,1,114,0,0,0,1,0
25,-1,79.8976821899414,92205,4,1.0794649857994436,3,0,0,1,0,0,0
40,7,24.574081420898438,93060,1,2.1111790518306774,3,200,1,0,0,0,0
25,1,64.2132797241211,93368,4,0.08413152070846305,3,0,0,0,0,1,0
37,18,212.7841796875,91503,2,5.864864117375798,1,435,0,0,0,1,0
50,30,102.86595153808594,92958,3,4.759823364317939,3,0,0,0,0,1,0
34,8,122.53883361816406,94366,1,2.225638743089849,1,0,1,0,0,0,0
55,26,75.59532165527344,93230,1,0.7883235517277403,3,0,1,0,1,1,0
28,4,73.67034912109375,93257,1,1.5681873002593618,3,0,1,0,0,1,0
28,11,17.814998626708984,94604,4,0.8136956948106044,3,102,0,1,0,0,0
32,19,64.66351318359375,91177,1,0.6921447931519447,3,0,0,0,0,0,0
56,38,123.86418151855469,94674,4,0.5839467615009968,1,0,0,0,0,0,0
46,22,178.5711669921875,94481,2,0.8960888441090722,1,385,0,0,0,0,0
36,10,68.39293670654297,91276,1,2.507811437408231,1,0,0,0,0,1,0
53,16,34.746681213378906,95638,3,1.86480217627658,2,0,0,0,0,1,0
60,33,80.34721374511719,94512,2,1.6730857471311908,3,0,0,0,0,1,0
44,22,80.23493957519531,95936,4,2.427473511394049,1,0,0,0,0,1,0
30,5,36.95853042602539,90836,3,0.14645812189174187,1,0,0,0,0,1,0
53,25,37.77540588378906,94870,4,0.7195378220619124,2,0,0,0,0,1,0
42,16,86.48011016845703,95617,4,3.2734042265508707,1,176,1,0,0,0,0
38,8,57.73587417602539,94532,4,0.31367344243621226,3,0,1,0,0,1,0
59,37,58.45806884765625,96050,4,0.6238416791817336,3,0,0,0,0,1,0
54,28,127.68528747558594,94885,2,8.34020222643547,2,0,1,1,1,1,1
52,29,58.35321044921875,94885,1,3.9310991782594855,3,205,0,0,0,1,0
43,2,33.59024429321289,93879,4,1.5672776662148111,2,0,0,0,0,1,0
55,25,22.707683563232422,91766,2,0.32588733645445855,3,115,0,0,0,1,0
62,32,134.2617645263672,90396,1,4.266225315822295,3,0,0,0,0,1,1
45,18,74.5976333618164,91360,4,1.0323984437609002,1,0,0,0,0,1,0
29,3,41.88254928588867,92276,4,0.08039462912457168,1,103,1,0,0,1,0
64,34,58.46616744995117,95972,4,0.016114138904253617,1,0,0,0,0,1,0
52,31,56.2852668762207,91848,3,0.8324914883115652,1,0,0,0,0,0,0
58,33,21.921985626220703,93987,3,1.9890977003969512,3,0,0,1,0,1,0
41,17,95.15985107421875,95406,1,2.576933266743061,1,0,1,0,0,1,0
33,6,102.2571792602539,92375,2,4.081263280559927,3,491,0,0,0,0,0
63,37,47.73397445678711,92312,4,1.9712308162289882,1,95,0,0,0,0,0
45,10,92.4708251953125,93760,3,1.0281348341529484,1,0,0,0,0,0,0
55,34,107.59040832519531,96189,2,0.8599796780786308,2,125,0,0,0,1,1
44,7,74.44218444824219,95333,2,0.30250988622331554,1,0,1,0,0,0,0
42,10,80.17152404785156,91647,1,1.816245749820303,1,0,0,0,0,1,0
35,5,136.98207092285156,95711,3,2.2673008780336654,2,0,0,0,0,1,1
28,7,84.07015991210938,90182,2,4.4764857830885205,1,0,1,0,0,1,0
52,20,65.93251037597656,92719,3,0.003329723784116001,2,0,0,0,0,0,0
56,21,44.27159881591797,91225,2,1.4705615139551278,3,97,1,0,0,1,0
56,34,145.15155029296875,94984,2,1.9387035580155603,1,0,1,0,0,0,0
53,26,20.92858123779297,94508,1,0.48001603382265157,3,154,0,0,0,1,0
57,23,86.48826599121094,92978,1,0.9968626100704766,3,167,0,0,0,0,0
59,27,56.37252426147461,95155,4,0.5308022613422054,3,0,0,0,0,0,0
59,33,141.9914093017578,92757,3,3.989370507410418,1,370,0,0,0,0,0
33,9,103.50323486328125,90284,4,0.8125532275254773,2,107,1,0,0,0,0
51,30,19.817058563232422,90671,4,1.079836857781674,1,0,1,0,0,1,0
