Age,Experience,Income,ZIP Code,Family,CCAvg,Education,Mortgage,CreditCard,Securities Account,CD Account,Online,Personal Loan
61,27,13.117950439453125,90470,4,1.5505972839465314,1,193,1,0,0,0,0
47,17,206.60482788085938,94096,2,3.5259702400981427,1,587,0,0,0,1,0
47,33,78.92481231689453,95942,1,2.3303424174703196,1,286,1,0,0,1,0
55,22,32.3958854675293,93079,1,1.119461056921888,3,0,1,0,0,0,0
55,24,54.49599838256836,95434,1,0.9412494086564527,1,0,0,0,0,1,0
61,37,162.25180053710938,94132,1,1.1070521999447718,1,0,0,0,0,1,0
55,28,80.02397918701172,94673,1,1.3486647070676696,2,0,0,0,0,0,0
63,41,72.4721908569336,92437,2,1.395070655633907,3,431,0,0,0,0,0
30,4,46.04318618774414,92129,4,1.5194600950988375,1,0,0,0,0,0,0
31,18,189.1318359375,96130,1,6.129023667853585,1,0,1,0,0,1,0
46,31,75.07554626464844,90999,2,3.3550937447353206,3,0,0,0,0,0,0
33,24,157.15411376953125,91990,2,5.108314812708035,2,0,1,0,0,0,1
54,25,44.9751091003418,94252,4,2.6740504495927966,2,0,1,0,0,0,0
64,32,52.240234375,90224,3,1.1302993849679095,2,0,0,1,0,1,0
52,27,85.9896469116211,89840,1,0.9581372829619923,1,0,0,0,0,0,0
42,18,31.673633575439453,92004,3,0.8922605449476659,2,0,0,0,0,1,0
26,5,103.64643859863281,92356,3,0.83421459696445,2,0,0,0,0,1,0
40,28,84.0455551147461,93154,1,0.615275282757882,2,0,1,0,0,0,0
52,25,55.64781188964844,92634,2,1.2294783433645013,2,106,0,0,0,0,0
51,23,136.412353515625,93560,1,0.8034653440337787,1,0,0,0,0,1,0
56,34,150.27072143554688,94989,2,3.90192396927343,2,0,0,0,0,0,0
39,12,53.03044509887695,95806,2,0.6180039994038863,3,0,0,0,0,1,0
26,0,50.76780319213867,91285,4,1.7824281236162665,3,0,0,0,0,0,0
43,19,175.15553283691406,95272,1,1.622275693697836,1,0,1,0,0,0,0
37,12,91.5036849975586,92315,2,1.8442422210610605,2,0,0,1,0,1,0
55,23,149.93096923828125,92117,2,0.1709043851296133,1,415,1,0,0,0,0
61,34,44.365352630615234,92033,2,0.5569715868359867,1,0,0,0,0,1,0
35,17,101.7583236694336,95320,1,1.0937168103868165,1,0,0,0,0,0,0
25,2,37.92535400390625,93365,4,0.45692704368035775,3,0,1,0,0,0,0
60,32,39.76095199584961,94565,2,1.8449962311762564,3,0,1,0,0,1,0
43,20,102.79069519042969,95805,2,1.3904130305855713,3,243,0,1,0,0,0
34,1,171.3322296142578,95280,4,0.5144588893085263,2,0,0,0,0,1,1
65,38,143.61917114257812,90243,2,7.052529611570511,3,0,0,0,0,0,1
26,2,120.01606750488281,90393,1,0.2042914894485472,1,0,1,0,0,1,0
45,16,36.499420166015625,91126,4,1.8177015647483192,1,0,1,0,0,0,0
43,21,77.63143157958984,90226,1,2.4376484279490938,1,0,0,1,0,0,0
41,12,103.78639221191406,95413,2,1.0393807392181396,1,261,1,0,0,1,0
40,23,21.85330581665039,95810,1,0.5290175655603134,2,0,0,0,0,0,0
43,13,89.92303466796875,94220,1,3.0758325401924442,3,0,1,0,0,0,0
43,15,68.05747985839844,95959,1,1.9423407963411552,3,0,0,0,0,1,0
35,10,55.444618225097656,91381,4,1.6192502306832095,1,0,0,0,0,0,0
37,17,99.09033203125,92714,2,0.2478087696530568,3,0,1,0,0,1,0
38,16,64.64840698242188,95023,3,2.938746651664828,3,267,0,0,0,0,0
57,31,69.62983703613281,94415,2,1.5983924109643401,3,0,0,1,0,0,0
59,34,30.40589141845703,90063,3,0.2745485441742189,2,0,0,0,0,1,0
46,27,37.65129089355469,91380,1,1.3945020750326464,3,0,0,0,0,1,0
44,11,42.11601257324219,93178,2,2.1174999549428826,2,0,0,0,0,0,0
65,36,27.569835662841797,94145,2,0.11646698279384504,3,0,0,0,0,1,0
38,2,74.62037658691406,93503,2,1.0498707483711955,2,0,1,0,0,0,0
41,23,72.98097229003906,91247,1,0.15978764584800248,3,141,0,0,0,0,0
59,37,21.41368865966797,92010,3,1.805052138822536,2,0,0,0,0,1,0
63,36,43.14238357543945,94555,4,0.8617340030658555,3,0,0,0,0,0,0
51,23,182.8828582763672,93926,1,3.997667969968063,1,0,0,0,0,1,0
61,35,56.76628112792969,93395,4,0.19980056122670503,3,147,0,0,0,0,0
57,29,30.909854888916016,92163,2,0.20072922249681585,3,151,0,0,0,0,0
36,2,203.33737182617188,93413,1,2.5481040672919866,3,467,0,0,0,0,1
26,6,57.207763671875,94257,3,2.034499043170806,3,0,0,0,0,0,0
60,40,79.4333267211914,90010,4,0.5689745260333876,3,0,0,0,0,0,0
37,4,31.56665802001953,95436,3,1.1356936421158426,1,0,0,0,0,1,0
40,14,35.728458404541016,92069,2,1.3743623121907085,3,0,0,0,0,0,0
61,30,50.85808181762695,94163,4,1.1944717327149408,3,103,1,0,0,1,0
34,5,56.73845291137695,95907,3,0.499792398302591,2,0,1,0,0,0,0
54,29,163.2978973388672,91679,2,4.642320720597246,1,0,1,0,0,1,0
42,24,36.474849700927734,93298,1,2.2917464581692744,1,0,1,0,0,1,0
35,15,27.78438377380371,93954,4,1.8680952833229456,1,196,0,0,0,0,0
35,20,31.886747360229492,91997,4,0.6425839684147264,3,0,0,0,0,1,0
51,26,62.49576187133789,91204,2,0.9164418384641173,1,0,1,0,0,1,0
34,11,98.35126495361328,90899,2,0.44659697769558476,1,0,0,0,0,1,0
32,5,59.356998443603516,90378,1,0.918471626361096,1,0,1,0,0,1,0
62,37,71.34681701660156,94184,3,1.3537850297858096,2,0,0,0,0,1,0
48,22,21.732656478881836,92652,4,0.3922819598674964,2,102,0,0,0,1,0
58,27,56.213470458984375,91877,4,2.9983179925629067,3,0,1,0,0,1,0
56,31,77.89118957519531,90036,2,4.517596199460195,3,0,0,0,0,0,0
56,31,55.62067794799805,92590,2,0.7742073658175402,3,0,0,0,0,0,1
50,25,129.76971435546875,95195,4,3.079210570279563,1,0,1,0,0,1,0
57,33,30.66373634338379,94183,2,0.17811816554456708,3,0,1,0,0,0,0
56,33,48.73102951049805,92079,4,1.685069180283665,3,157,1,0,0,0,0
29,6,9.288593292236328,93258,1,0.6090238578407744,3,94,0,0,0,1,0
52,32,47.31232452392578,95427,1,0.5954270514474989,1,184,0,0,0,0,0
44,34,115.24888610839844,95165,2,7.06443760344261,1,0,0,0,0,0,0
49,19,41.72918701171875,93952,4,3.987571286396763,3,0,0,0,0,0,0
45,30,141.2659149169922,92139,4,0.3389800693319912,1,0,1,0,0,1,0
26,0,33.08369445800781,91899,4,0.4114775393975658,2,0,0,0,0,0,0
35,7,189.8992919921875,89790,2,8.24918186613912,1,364,0,0,0,1,0
43,15,126.01234436035156,90415,1,3.55158965836309,1,226,0,0,1,1,0
65,35,95.55670166015625,91980,1,3.7322867036085823,2,0,0,0,0,1,0
33,6,104.97308349609375,95902,2,3.204543059295262,1,188,0,0,0,1,0
42,19,30.129512786865234,94830,3,2.577002421437768,2,0,1,1,1,1,0
54,23,57.14488220214844,90321,2,0.9884560198654126,1,452,0,0,0,0,0
50,11,27.693740844726562,95405,4,1.189503449656759,1,0,0,0,0,1,0
31,9,85.01971435546875,92664,1,1.4625746587772388,1,0,0,0,0,0,0
59,38,44.6167106628418,92906,4,0.8698240128720991,2,0,0,0,0,0,0
33,8,170.29286193847656,92075,1,5.157293159933155,1,0,0,0,0,0,0
31,6,159.48895263671875,94285,2,2.102451515698205,1,364,0,0,0,0,0
52,34,15.163396835327148,91198,3,0.6126078429560425,2,0,0,0,0,1,0
31,6,36.021766662597656,93091,1,0.7271334021161582,3,0,0,1,0,0,0
34,6,74.94587707519531,94772,4,2.9817922144927924,1,0,0,0,0,0,0
59,32,51.66164779663086,91967,2,2.1506266758792245,3,0,1,0,0,0,0
47,14,133.59242248535156,91463,2,1.5290182967771946,1,0,0,0,0,1,0
37,13,77.13639831542969,95234,2,2.9634610641377095,3,0,1,0,0,1,0
30,0,42.7590217590332,92225,3,0.6703045866832793,2,0,0,0,0,1,0
36,14,108.91289520263672,95165,4,2.4105218984261043,1,0,0,0,0,1,0
61,34,170.00291442871094,92665,2,3.7760607527107286,1,185,0,0,0,1,0
28,15,82.12147521972656,94461,2,1.1021781562022432,1,289,0,0,0,0,0
33,5,112.44229125976562,94933,2,2.335762284916878,2,0,0,0,0,0,1
27,10,85.5237045288086,90104,2,4.216734676469967,1,0,0,0,0,1,0
61,33,97.31861877441406,95671,3,0.34161544639796126,2,0,0,0,0,1,0
47,16,41.346439361572266,91520,4,2.949818674218236,3,0,1,0,0,0,0
50,17,74.86933898925781,95864,1,3.691530893374464,1,0,0,0,0,1,0
58,33,13.590036392211914,92959,4,0.01453721608665004,2,96,1,0,0,0,0
61,26,24.06698989868164,95005,2,1.0918161142978848,2,0,0,0,0,0,0
40,22,113.81713104248047,91206,4,3.285389864316553,1,0,1,0,0,0,1
36,10,25.91295051574707,95970,3,0.7505867542905419,2,0,0,0,0,1,0
62,35,80.765869140625,93941,4,2.232063182186075,2,0,0,0,0,0,0
58,19,16.55511474609375,94122,3,0.2273322718649463,1,0,1,0,0,0,0
41,18,56.58854675292969,93914,2,0.8206635706843416,3,0,0,1,0,1,0
50,35,70.99855041503906,90223,1,2.3030513811442646,1,0,0,1,0,0,0
42,21,54.11623764038086,94992,4,1.7117541272724817,1,0,0,0,0,1,0
34,12,41.61345291137695,95405,4,1.5287833132670199,1,332,1,0,0,1,0
34,13,41.50979995727539,90751,2,0.09978747146032488,1,78,0,0,0,0,0
48,26,84.46450805664062,95765,4,0.7030174200403323,2,81,1,0,0,1,0
60,34,43.60997009277344,93990,4,2.834179748487479,1,0,0,1,0,1,0
33,8,178.9312744140625,92080,1,1.6096315257001186,1,0,0,0,0,0,0
63,37,47.03240966796875,94147,1,1.221181486101453,1,0,0,0,0,1,0
28,7,45.78942108154297,94396,4,5.714917228886991,1,0,1,1,1,1,0
56,30,27.229726791381836,90861,3,1.20946111719106,2,157,0,0,0,1,0
40,15,74.03932189941406,93502,3,2.197420111131687,1,0,0,0,0,1,0
40,11,100.32344818115234,94542,1,1.611344011639662,1,0,0,0,0,0,0
67,37,52.40028381347656,91585,2,2.7799663147313503,3,102,0,0,0,1,0
32,-1,51.737003326416016,92188,2,1.8789904529925705,3,0,1,0,0,1,0
42,15,42.045753479003906,91974,4,1.2421400336260584,1,140,0,0,0,0,0
57,35,90.68274688720703,92109,2,0.7943144450881688,3,168,0,0,0,0,0
28,2,90.208251953125,91658,2,1.457010347121463,1,0,0,0,0,1,0
63,38,16.347957611083984,93369,4,4.104175560794479,1,0,0,0,0,0,0
43,18,87.98418426513672,94185,3,2.480399078250929,3,336,0,0,0,0,0
47,25,81.1146240234375,95317,3,1.779803736853208,2,0,0,1,0,1,0
38,12,178.12823486328125,95095,1,5.055415512929893,1,0,0,1,0,0,0
27,11,65.20223999023438,91788,2,1.2536519736316727,1,249,1,0,0,1,0
49,21,57.65123748779297,90567,3,2.85851898384965,2,0,1,0,0,1,0
27,30,93.9734878540039,93511,4,2.2169392928009675,3,0,0,0,0,0,0
60,33,57.59552001953125,90401,3,1.864808616183532,3,0,0,0,0,1,0
46,25,41.81120681762695,90347,3,0.03138847355276231,2,94,1,0,0,0,0
60,33,61.027061462402344,94024,4,0.7971821125048659,2,0,0,0,0,0,0
31,7,134.6725616455078,93059,3,1.1940154294849696,3,0,0,0,0,1,0
52,33,43.177303314208984,94387,2,1.0200072350901177,2,197,0,0,0,1,0
42,19,47.16703414916992,96570,1,1.5879887822471561,2,144,0,0,0,1,0
55,27,53.63131332397461,95232,2,0.5247417876687994,2,0,0,0,0,0,0
63,37,43.30839920043945,93579,4,0.761593615967773,2,108,0,0,0,1,0
34,4,56.39514923095703,92372,4,0.9745601971601636,1,0,0,0,0,1,0
58,32,56.10826110839844,93473,4,3.529076121659555,1,0,0,0,0,0,0
31,12,25.618759155273438,90883,1,0.5773970960194261,2,0,1,0,0,1,0
48,29,32.15696716308594,93737,3,1.1122610479095392,3,0,1,1,0,1,0
54,16,45.662078857421875,95074,4,1.1766448343978717,2,0,0,0,0,1,0
31,14,55.0180778503418,95252,1,2.0669561783618864,2,200,1,0,0,1,0
53,22,55.476966857910156,90098,3,1.6588709916837243,2,0,0,0,0,0,0
53,35,25.610332489013672,95532,3,1.1514203808793706,2,0,0,0,0,1,0
38,28,45.71686553955078,91188,2,2.381573304309995,3,0,1,0,1,0,0
37,15,78.6440200805664,91656,1,3.5423263542164065,3,0,0,0,0,1,0
52,29,107.7295150756836,93042,2,3.612978900238446,1,314,1,0,0,1,0
35,12,36.59138488769531,91289,2,1.2790725696228755,1,0,1,0,0,1,0
32,7,41.36834716796875,90203,4,2.647181755409074,1,231,0,0,0,0,0
45,28,64.89478302001953,95551,4,1.2303880023873328,3,0,0,0,0,1,0
39,13,16.024913787841797,94418,2,0.32254651829724257,3,0,1,0,0,0,0
40,12,151.8367919921875,95513,4,0.2969952926101942,1,0,0,1,1,1,0
63,36,43.77510452270508,91769,1,1.7264201905234042,2,0,1,0,0,1,0
62,39,53.187171936035156,94185,3,0.8872456254907876,2,0,0,0,0,0,0
33,15,50.510292053222656,95158,1,2.2234683780367863,1,0,0,0,0,1,0
35,17,49.08150100708008,91914,4,3.952013449035586,3,0,0,0,0,0,0
54,34,24.15093231201172,92276,4,1.202526407731707,3,0,1,0,0,1,0
42,26,111.32958221435547,91883,1,1.985116342326743,1,0,1,0,0,1,0
64,36,54.68040084838867,93040,1,1.2350553939433824,3,117,0,0,0,0,0
40,7,36.27735137939453,93941,3,1.0169319261430556,3,0,0,0,0,0,0
59,32,73.94139099121094,92518,4,0.11391857288450452,3,0,0,0,0,1,0
44,18,89.22565460205078,94309,3,0.47233882800214455,2,0,0,0,0,1,0
26,-1,82.36966705322266,96237,2,1.1511047916359842,3,201,0,0,0,1,0
47,16,37.036170959472656,91985,3,1.023236316049951,2,0,0,0,0,1,0
58,33,56.40034103393555,94473,4,1.1960730902841021,3,217,1,0,0,1,0
39,6,71.81573486328125,93086,2,1.3039252844046747,1,213,0,0,0,1,0
30,10,66.44158935546875,94786,2,0.6869218288017237,3,231,0,0,0,0,0
34,15,212.7181396484375,96224,2,7.950069318767822,1,216,1,0,0,1,0
54,24,62.164615631103516,95117,2,2.7592782832039067,1,0,0,1,0,1,0
31,4,124.93601989746094,94602,1,4.765472687314858,1,123,0,0,0,0,0
53,29,134.2680206298828,92652,4,2.9349740614605713,3,0,0,0,0,0,1
47,17,27.24968910217285,95535,2,0.2774336115403803,1,85,0,0,0,1,0
29,6,28.572715759277344,92003,2,0.32536592233417627,2,88,0,0,0,0,0
31,8,46.4360466003418,94043,1,1.1422513899475768,3,0,0,0,0,0,0
66,40,65.99012756347656,94491,2,0.9232319942427127,2,0,1,1,0,1,0
44,23,24.42853546142578,93906,1,0.5061148553848733,3,0,1,0,0,0,0
47,20,182.29017639160156,95621,1,2.442166584770257,1,0,1,0,0,1,0
51,24,76.77654266357422,95207,1,2.790553349397108,3,144,0,0,0,0,0
34,10,64.26997375488281,93355,4,0.008856673025268769,3,0,0,0,0,0,0
65,32,96.064697265625,92683,1,0.362128692590995,1,0,0,0,0,1,0
39,20,23.677778244018555,95945,3,0.1364782336408479,2,0,0,0,0,1,0
52,30,26.83250617980957,95512,1,1.394874848922343,2,0,0,0,0,0,0
61,27,18.168188095092773,93181,4,1.0570329352768264,3,0,0,0,0,1,0
62,37,52.655548095703125,91475,1,1.3295405111583,3,0,1,0,0,0,0
29,5,181.80279541015625,95695,2,7.734270463395076,1,0,0,0,0,0,0
47,31,69.7496566772461,94633,2,3.232042446932699,1,0,1,0,0,1,0
33,30,58.936622619628906,96451,4,2.236931581046141,1,0,1,0,0,1,0
41,15,144.72708129882812,93308,4,2.0461620361734028,3,0,0,0,0,1,1
27,3,142.1559600830078,93068,4,4.222375155019639,3,103,1,0,0,0,0
44,15,87.15098571777344,90045,3,7.334944530110942,1,0,1,0,0,0,0
52,13,71.32487487792969,95394,4,4.001964175752957,2,0,0,0,0,0,1
36,13,14.543813705444336,95749,3,2.854847464004641,1,0,0,0,0,1,0
58,37,188.497314453125,90304,2,5.90721161925188,1,348,1,0,0,1,0
41,17,73.50247955322266,91382,3,0.9641569281117788,3,0,1,0,0,0,0
43,10,116.64715576171875,92109,1,1.3067993298873786,1,0,0,0,0,0,0
38,13,129.47308349609375,90179,1,2.9756598105236214,2,0,1,0,0,0,0
32,4,63.34408187866211,94045,4,0.6261845334366039,2,0,1,1,0,0,0
27,1,94.36739349365234,92739,2,1.2343833283256027,3,139,0,0,0,0,0
35,11,34.21508026123047,92749,2,1.6553887165066599,1,138,1,1,0,0,0
48,24,79.67103576660156,91494,2,4.473211987734129,1,0,0,0,0,0,0
58,27,50.16477584838867,91959,2,0.3811509452914816,1,0,0,0,0,0,0
27,10,35.462493896484375,95642,4,0.7405349636701694,1,0,1,0,0,1,0
59,34,47.475521087646484,92626,4,1.0049722584757874,3,0,1,0,0,0,0
27,2,67.78092956542969,94801,3,1.7924458004307848,2,217,0,0,0,0,0
33,15,196.20738220214844,91909,2,2.378493153543319,1,0,1,0,0,0,0
31,4,51.94264221191406,95048,1,1.834998718941175,1,165,0,0,0,0,0
42,15,53.7469367980957,92874,1,1.961843583620145,1,224,0,0,0,1,0
27,2,87.55437469482422,94388,3,0.8424648065730911,3,0,0,0,0,0,0
41,19,82.23355865478516,89751,2,0.07202812034418019,1,0,0,0,0,0,0
50,24,70.05197143554688,90113,3,2.840264743920376,1,0,1,0,0,1,0
38,13,107.02086639404297,94412,2,4.52672396241113,1,0,0,0,0,1,0
50,24,77.86624908447266,93992,3,3.107478635634724,1,0,1,0,0,1,0
41,24,208.26779174804688,94260,2,9.088216807662192,1,0,1,0,0,1,0
41,22,62.17537307739258,94809,3,1.7713165479812232,1,95,1,0,0,1,0
45,19,67.04283905029297,94623,1,0.7779175848421033,3,0,1,0,0,1,0
33,10,67.83561706542969,92185,3,0.6214955351369715,2,0,1,0,0,0,0
47,38,41.310184478759766,90351,2,1.4101605957287433,2,95,0,0,0,1,0
26,-1,77.66011810302734,94506,3,1.4890182493136856,2,0,0,0,0,1,0
51,30,63.842872619628906,94867,3,0.4424974804088607,2,0,0,0,0,1,0
33,3,63.65850067138672,93030,2,1.9280334277187334,3,0,0,0,0,1,0
26,18,42.969764709472656,92184,2,0.16857916964830993,3,0,0,1,0,0,0
57,31,12.45409107208252,92221,4,0.9857718639737174,3,91,0,0,0,0,0
44,34,76.34542083740234,90532,3,0.6261853692153077,2,0,0,0,0,0,1
67,43,27.520801544189453,95737,3,0.7397410085017071,3,0,0,0,0,0,0
47,18,70.6000747680664,94587,3,2.1844631539958743,2,134,0,0,0,0,0
54,24,110.81424713134766,95029,3,0.8180561567759047,1,0,0,1,0,1,0
60,36,112.15949249267578,94631,1,1.5531200267282177,1,0,0,0,0,0,0
41,18,93.99413299560547,94292,1,1.5740664006963785,1,0,0,0,0,0,0
63,38,83.14825439453125,94325,1,2.095236928121883,1,376,0,0,0,1,0
45,14,110.68343353271484,95820,3,7.3728474318665205,1,0,0,0,0,1,0
34,16,33.652732849121094,95088,2,1.94238995377515,2,0,1,0,0,1,0
31,11,61.57185363769531,94455,2,1.4991764323823724,1,0,0,0,0,1,0
44,23,41.45346450805664,91943,4,1.1568501267106321,3,112,0,0,0,0,0
62,37,49.465213775634766,91857,4,2.0802322860181723,1,0,0,1,0,0,0
25,5,31.355920791625977,91796,1,1.9903069539264866,3,195,0,0,0,0,0
36,17,83.30701446533203,92827,4,0.022910445707661764,1,0,1,0,0,0,0
55,33,13.089086532592773,91847,2,0.5471903709571786,3,0,0,1,0,1,0
51,32,83.05118560791016,90896,1,2.397397713334601,2,0,0,0,0,1,0
62,37,142.36892700195312,90164,1,1.5299091468192898,1,0,1,0,0,1,0
29,7,127.71502685546875,92062,1,2.3671477252840685,1,0,1,0,0,0,0
49,26,114.65035247802734,91250,1,0.1661384234377413,3,0,0,0,0,0,1
46,22,105.26839447021484,90180,4,6.553032418722482,1,0,0,0,0,0,1
30,5,162.4412078857422,92942,1,0.1678596359305196,1,0,0,0,0,1,0
51,25,145.5021514892578,93185,1,1.0829309785141967,2,0,1,0,0,1,0
52,25,62.679561614990234,90238,4,2.2848123901418336,2,0,1,1,1,1,0
54,11,49.41043472290039,90129,2,2.091488398473898,1,0,1,0,0,0,0
57,39,15.809966087341309,91940,1,0.2728520350038073,3,0,0,0,0,0,0
58,36,45.80094909667969,92532,4,1.8589993300407877,1,0,0,0,0,0,0
44,25,152.61019897460938,92445,2,3.7644315158349135,1,0,0,0,0,1,0
65,40,33.94744873046875,90170,2,0.01027872996114021,3,140,0,0,0,0,0
43,7,46.21208190917969,94014,1,2.401383171130194,2,0,0,0,0,0,0
65,42,39.829078674316406,94069,2,0.5330838304341325,3,0,1,0,0,0,0
46,17,57.05559158325195,91229,4,0.6240610264466226,3,0,0,0,0,1,0
53,30,30.640453338623047,94658,2,1.3268039906490654,2,0,0,0,0,1,0
59,24,33.928184509277344,90918,1,0.9466495673327635,3,0,1,0,0,0,0
31,8,35.7205810546875,93564,1,2.2254526139994564,2,0,1,0,0,0,0
62,40,115.29415893554688,94644,1,2.26086068796906,1,0,0,0,0,0,0
41,18,62.240142822265625,92242,2,3.5695207822401827,2,0,0,0,0,1,0
44,15,124.11460876464844,93334,2,2.218459091700372,1,0,1,0,1,1,1
31,5,88.39570617675781,95113,4,1.9347274679747948,2,0,0,0,0,0,0
56,33,38.03839874267578,94406,3,1.7022376400484551,1,170,0,0,0,1,0
65,36,37.030174255371094,94087,2,0.38778757912762174,3,0,1,0,0,0,0
53,31,95.17272186279297,95245,2,7.034517790361342,1,0,0,0,0,1,0
41,27,33.99519348144531,93115,2,0.10888508005631814,1,0,1,0,0,1,0
56,34,64.16111755371094,95616,3,1.3624645077064108,3,0,0,0,0,0,0
44,28,60.022865295410156,95093,4,1.2947621770151279,1,76,0,0,0,1,0
26,4,39.367645263671875,95122,2,0.7369836407204673,1,69,1,0,0,1,0
40,17,122.06344604492188,90345,4,4.773298140319047,3,0,0,0,0,0,1
29,7,187.93104553222656,92380,2,6.729989387249914,1,0,0,0,0,1,0
57,26,78.4092025756836,90365,1,4.573298703500003,1,217,0,0,0,1,0
64,38,60.528846740722656,90239,4,2.3252418961664563,2,0,0,0,0,1,0
30,2,58.3538932800293,92014,3,0.6877139976352288,2,0,0,0,0,0,0
61,35,42.410621643066406,94425,2,2.2472942399246665,3,0,0,0,0,0,0
49,34,124.48965454101562,92667,4,4.047025579090851,1,0,0,0,0,0,1
38,8,24.994823455810547,94297,4,0.10845544120225462,3,0,0,0,0,0,0
56,19,65.53321838378906,91649,4,1.4783179694727775,3,0,0,0,0,0,0
60,37,65.45330810546875,95131,1,0.3177506514695878,3,0,0,0,0,0,0
36,11,73.25912475585938,95795,2,1.0728379869423923,1,0,1,0,0,1,0
61,36,140.47579956054688,93859,3,2.436363041383857,3,0,0,0,0,1,1
45,22,51.150447845458984,95157,1,3.2025340826448976,3,156,0,0,0,1,0
25,-1,71.32246398925781,92067,1,4.4559177121432745,1,258,0,0,0,0,0
56,18,93.78623962402344,90546,4,5.617670194994175,1,0,0,0,0,0,0
30,3,74.78103637695312,94615,4,0.7533265835103838,1,147,0,0,0,0,0
60,39,65.51988220214844,94327,3,0.6002860920717944,2,163,0,0,0,1,0
66,40,84.88514709472656,91475,3,1.717314476358212,3,0,0,0,0,1,0
33,14,127.39347076416016,91785,4,2.792457337779047,3,0,0,0,0,1,0
35,17,16.494110107421875,94382,4,0.22632377261436637,3,91,1,0,0,0,0
40,17,84.31207275390625,94727,4,3.0186530569349115,2,0,0,0,0,0,0
35,2,73.7484359741211,91939,3,2.2018388239734175,2,0,1,0,0,0,0
67,38,38.92601776123047,93031,3,0.5516508820408952,2,0,1,0,0,0,0
37,7,73.73652648925781,94956,2,2.4253460111086915,1,0,1,0,0,1,0
61,36,51.713134765625,94173,3,0.9322060310022363,1,0,1,0,0,0,0
45,19,20.39271354675293,90926,2,0.0677833884971488,3,149,1,0,0,0,0
49,18,169.97572326660156,91377,2,1.2840839121027647,1,203,0,0,0,0,0
32,7,23.761920928955078,95865,1,1.8504510255607487,3,0,1,0,0,1,0
35,10,24.008411407470703,95419,3,0.7434946482912371,2,0,0,0,0,0,0
28,6,56.50385665893555,91188,2,0.7274435119601327,2,0,1,0,0,1,0
32,5,48.67787551879883,94418,2,3.856453475018931,2,0,1,1,0,1,0
32,22,91.62625122070312,92440,3,3.0862022396525317,1,171,1,0,0,0,0
31,6,36.318817138671875,92296,1,0.20000582690064592,1,0,0,0,0,0,0
34,14,25.210325241088867,91928,4,1.1497098046211267,1,0,0,0,0,1,0
44,27,203.84375,90167,1,5.855756966300833,1,0,0,0,0,1,0
59,37,135.5764617919922,94918,1,2.7943504682484512,3,0,0,0,0,0,1
32,8,86.45516967773438,92102,2,0.746137454901865,3,0,0,0,0,1,0
47,28,22.247955322265625,91425,4,1.4706063989461873,3,0,0,0,0,1,0
37,15,40.20151901245117,91966,3,0.7275208010685148,1,0,1,0,0,1,0
47,26,113.03982543945312,94565,2,1.1259701486141864,1,0,1,1,1,1,1
41,22,64.51092529296875,89663,3,0.7480715422856387,2,0,1,0,0,0,0
56,21,81.23281860351562,90170,3,1.9730733001229501,1,0,0,0,0,1,0
28,1,139.42257690429688,94876,2,2.013691045722224,1,0,0,0,0,1,0
27,6,108.53247833251953,94020,1,2.367806404603471,2,0,0,0,0,1,0
42,14,69.82011413574219,94433,1,2.0488099235773314,3,0,0,0,0,0,0
39,25,33.97195053100586,91034,3,0.6555558718841241,1,128,1,0,0,1,0
29,6,63.56159973144531,91262,1,0.27605821299852357,2,158,0,0,0,1,0
63,33,61.687355041503906,91750,4,3.6625031958872545,2,186,0,0,0,0,1
40,18,64.13731384277344,94705,3,1.4505697224474545,3,0,0,0,0,1,0
34,13,86.07393646240234,94027,1,2.256817489169812,3,134,0,0,0,1,0
42,25,59.47897720336914,96142,4,1.1281904663634603,2,93,0,0,0,1,0
52,30,110.4276351928711,95293,1,4.124886787925863,3,0,1,0,1,1,0
58,40,60.69649124145508,95858,3,2.2574044570954475,2,0,1,0,0,0,0
50,36,100.94180297851562,95258,2,6.6593113543038776,1,0,0,0,0,0,0
51,20,48.632530212402344,95116,3,0.8291873650134165,1,0,0,0,0,1,0
54,28,25.809438705444336,90500,1,0.4903676783390122,3,109,0,0,0,0,0
39,16,44.318504333496094,94682,2,1.558233517886614,3,0,0,0,0,0,0
37,16,165.14285278320312,94305,2,3.6247350369691764,1,0,0,0,0,1,0
34,7,108.49497985839844,96058,1,1.6602999694616323,3,384,0,0,0,0,0
39,8,146.41635131835938,92964,2,0.14611498129845069,1,0,1,1,0,0,0
35,12,112.50630187988281,91303,1,0.20573954405472455,1,0,0,1,0,1,0
65,35,16.307659149169922,90365,1,1.8196093536756188,2,108,1,0,0,1,0
59,25,34.04581069946289,93120,2,1.9402256368880497,2,0,0,1,0,0,0
48,26,97.27506256103516,91803,4,2.114053352535693,3,0,0,0,0,1,0
26,10,25.174964904785156,92830,4,0.8717664478357973,3,0,1,0,0,1,0
60,33,35.53584671020508,95951,1,1.3737000630372038,2,0,1,0,0,1,0
61,32,22.61669921875,96282,3,1.3541802317768181,3,0,0,0,0,1,0
58,28,65.0970458984375,93370,1,0.8590592493474962,3,0,0,0,0,1,0
54,15,31.55855369567871,95525,4,1.2809709689049127,3,0,0,0,0,0,0
41,8,204.0925750732422,95135,2,6.4308172319265795,1,586,0,1,0,0,0
40,15,145.2771453857422,93120,2,1.8991915191665514,1,0,1,0,0,1,0
32,10,111.21427154541016,94504,1,2.746443560293496,1,285,0,0,0,1,0
41,10,103.59398651123047,95423,3,1.4065623618419691,2,0,1,0,1,1,0
62,35,20.813024520874023,94364,1,0.8202723220340115,3,120,0,0,0,0,0
51,27,44.993316650390625,90260,1,2.5039748854730113,2,0,0,0,0,1,0
50,31,47.668067932128906,94760,2,1.4935192514793318,3,0,0,0,0,1,0
47,9,55.862857818603516,95260,4,2.2328810031511876,3,0,0,0,0,1,0
51,15,15.160809516906738,94619,4,1.5681610740515253,1,0,0,1,0,0,0
28,7,26.455724716186523,95104,1,0.2497599071831561,1,148,1,0,0,0,0
64,35,48.486976623535156,91647,2,1.2306964841527226,2,234,0,0,0,1,0
30,10,144.59396362304688,91391,2,3.709755572459892,1,0,0,0,0,1,0
64,40,45.4680061340332,95365,4,1.5796067581810607,1,0,0,0,0,1,0
51,27,100.22577667236328,95243,3,1.0756456557311234,2,226,0,1,1,1,1
36,20,91.78318786621094,92009,4,0.7191228580229144,2,127,0,0,0,0,0
49,14,39.06432342529297,94189,3,1.2200912874486398,2,153,1,0,0,1,0
36,7,65.17052459716797,91938,2,1.3356178017627245,1,0,0,0,0,0,0
39,13,87.03919982910156,94775,4,1.1862011711357943,2,0,0,0,0,1,0
61,35,71.34465789794922,90130,4,1.9137664458088208,1,0,0,0,0,0,0
64,36,36.29616928100586,93936,3,3.0133385978456646,2,0,1,0,0,0,0
48,16,100.2718276977539,90295,1,3.733492097089526,3,437,0,1,0,0,0
63,33,39.39532470703125,92612,1,1.5197804290583712,3,226,1,0,0,1,0
58,33,48.63896179199219,93074,4,2.251390675599652,3,0,1,0,0,1,0
35,18,52.66029357910156,95450,4,3.517573216155945,1,0,1,0,0,0,0
38,16,55.304595947265625,93194,4,1.736976604518548,1,0,0,0,0,0,0
64,40,46.88653564453125,89788,2,1.6963122392460643,1,159,1,0,0,1,0
25,1,54.41881561279297,96550,1,0.02737894507766686,3,0,0,0,0,1,1
62,43,62.274497985839844,95597,3,2.2954767095663127,1,0,1,0,0,0,0
31,5,80.13472747802734,91899,1,0.1637619810840365,1,0,1,0,0,1,0
61,33,51.40282440185547,94646,1,1.475016415278127,3,0,0,0,0,1,0
27,-1,62.37992858886719,90345,4,1.3112970744011094,2,0,0,0,0,0,0
33,8,63.65353012084961,95534,1,0.5514787901908113,1,0,1,0,0,1,0
63,38,35.60022735595703,93980,4,1.6261508054161562,2,0,0,0,0,0,0
30,5,137.62998962402344,93943,2,2.038649118891587,1,0,0,0,0,1,0
44,25,34.83757781982422,95197,2,0.07296789184113012,3,0,0,0,0,1,0
54,29,46.40497970581055,92309,1,1.805541875481088,2,0,0,0,0,0,0
51,28,76.3543472290039,90162,4,2.4353375748448784,1,0,1,0,0,1,0
43,15,125.81795501708984,94431,1,0.6155077403604936,1,110,0,0,0,1,0
58,37,33.85857009887695,95664,2,2.201861884214705,3,0,1,0,0,1,0
63,40,98.46866607666016,92529,3,1.6712757928184676,2,159,0,0,0,0,0
49,17,34.28881072998047,94103,3,1.3756821645375261,3,110,0,0,0,0,0
49,30,87.9100341796875,93206,1,0.1610191747672232,2,0,0,1,0,0,0
36,9,84.25072479248047,90394,2,0.25977237067124204,1,0,0,1,1,1,0
39,6,69.054931640625,94653,3,1.1167517127199993,2,252,0,0,0,1,0
30,13,55.58477020263672,91761,2,0.16546460706603,1,0,0,0,0,1,0
62,36,43.24653244018555,90486,3,1.6340061437021247,2,102,0,0,0,1,0
40,24,162.55386352539062,95206,1,7.992093865830605,3,0,1,0,1,0,1
54,27,148.4535369873047,93410,1,0.1343318758793044,3,0,0,0,0,0,0
34,16,102.94669342041016,90092,1,1.415645939776358,1,190,1,1,0,1,0
24,-1,97.75578308105469,91393,2,3.11987109606044,1,147,0,0,0,0,0
54,30,160.00205993652344,91209,2,7.68248008881027,3,0,0,0,1,1,1
57,27,149.6165313720703,95281,4,4.826134645638255,2,0,1,0,0,0,1
58,27,212.355224609375,94090,2,6.50368121380279,1,414,0,0,0,0,0
27,9,50.471527099609375,91499,4,3.2705372061981572,1,0,1,0,0,0,0
46,24,95.759765625,91619,2,0.3793334779961244,1,124,0,0,0,0,0
27,8,29.91872787475586,94920,4,0.48005045297807514,3,105,0,0,0,0,0
55,35,100.83182525634766,94380,4,2.34212201465131,2,0,0,0,0,1,0
54,23,107.74862670898438,90962,1,0.2543259922472241,3,0,0,0,0,1,0
40,19,148.9109344482422,95117,3,2.615126906899363,2,0,0,0,0,1,1
42,10,199.68017578125,91427,2,6.158921190981218,1,0,0,0,0,0,0
23,-2,51.94126510620117,91216,3,2.465629054831284,3,0,0,0,0,1,0
47,29,31.556346893310547,92377,2,2.363294202558083,1,0,0,1,0,1,0
29,3,15.149847030639648,95839,2,0.8750117417477759,2,0,0,0,0,1,0
29,7,20.55052947998047,95688,4,0.8433106414138362,1,0,0,0,0,1,0
29,3,47.16789627075195,91238,2,1.578660605890275,1,0,1,0,0,1,0
56,28,59.28127670288086,95972,1,2.5941541128831345,1,0,0,0,0,1,0
51,17,37.853492736816406,94991,1,0.1874994170595242,2,0,0,0,0,1,0
59,40,44.49745178222656,92050,4,0.2541441852077433,2,0,0,0,0,0,0
43,23,64.46156311035156,92121,3,3.6647583572720883,2,0,1,0,0,1,0
29,5,200.49526977539062,94519,2,6.175286154729804,1,0,1,0,0,0,0
50,17,45.79708480834961,92388,2,0.32791543953757696,1,0,0,0,0,1,0
36,14,21.183425903320312,92814,2,1.6089752713339578,2,0,1,0,0,0,0
37,30,93.67133331298828,94954,4,0.5681020566060322,1,214,0,0,0,1,0
33,16,35.724998474121094,94346,4,1.5336134258320275,2,0,0,0,0,1,0
46,15,93.31080627441406,93315,4,0.7442867827068579,1,0,0,0,0,0,0
50,25,57.56806564331055,91645,1,0.1160743606627321,1,0,0,1,0,1,0
51,28,37.29457092285156,92766,2,2.0581836610807995,3,0,1,0,0,1,0
46,26,46.33597946166992,93374,4,0.4259854507425621,3,142,1,1,0,1,0
36,14,92.2115478515625,95827,2,2.1133175066268444,1,0,0,0,0,0,0
32,10,19.718599319458008,96144,1,0.9323065863022411,3,81,0,0,0,0,0
47,25,110.93661499023438,92723,4,0.0899362299978134,3,0,0,0,0,1,0
62,34,59.86714172363281,92715,2,0.8049590631809741,1,0,1,0,0,1,0
41,17,81.98065185546875,94311,1,0.19091928294439459,1,0,0,0,0,0,0
53,28,75.64481353759766,94417,1,3.154821722788251,3,0,1,0,0,1,0
41,25,64.48004913330078,92243,4,2.4867899371576234,2,0,0,0,0,1,0
54,27,10.179883003234863,94826,4,0.47720850685265687,1,132,1,1,0,0,0
49,17,99.24799346923828,95110,1,2.290079712314332,1,0,1,0,0,0,0
27,2,37.52694320678711,92170,3,0.7985351459875156,1,237,0,0,0,1,0
24,-1,36.98833465576172,92082,4,0.8439399892210313,1,0,0,0,0,0,0
54,21,43.23277282714844,93868,4,1.3538714046801186,3,0,1,0,0,1,0
30,2,87.39122772216797,91757,2,2.111048749495162,1,370,1,0,0,0,0
28,2,113.9912338256836,94167,2,1.6466753539368892,1,0,0,0,0,0,0
45,22,64.59918212890625,94611,1,2.2078353102882473,3,0,0,0,0,1,0
35,13,125.70970153808594,92120,3,0.47714382527413024,2,0,1,0,0,0,1
45,20,139.4095001220703,95177,2,1.699808122122056,2,147,0,0,0,0,1
33,6,65.52009582519531,94294,1,3.1063720515255766,1,0,0,0,0,0,0
26,3,37.25244903564453,94471,4,0.7922796314622934,1,0,0,0,0,1,0
34,5,44.64177703857422,96522,4,0.5571774815842481,1,0,0,0,0,1,0
60,38,82.48970031738281,91708,1,0.737197120844148,1,0,1,0,0,1,0
56,34,43.75395965576172,94257,2,1.4713915671976923,3,0,0,0,0,0,0
24,0,208.80984497070312,93915,4,5.115063345685407,3,282,0,0,0,1,1
34,10,29.41330337524414,94314,4,1.8720475342163239,2,156,0,0,0,1,0
51,15,76.25687408447266,91802,1,0.2843351594139647,1,0,0,0,0,0,0
34,9,35.558597564697266,91185,1,2.3611193721569577,1,0,1,0,0,1,0
59,22,46.94036865234375,91981,1,1.7970739573525847,2,0,0,0,0,1,0
56,22,68.11046600341797,93470,4,2.3338887788852154,3,0,0,0,0,1,0
30,3,46.69416809082031,93280,4,1.7065521751430608,3,0,0,0,0,1,0
31,20,95.66051483154297,95027,2,1.767755518610222,3,0,0,1,0,1,0
65,37,201.13150024414062,94972,2,8.365483026087942,3,0,0,0,0,1,1
60,27,58.326011657714844,95571,2,3.4116570364238403,1,0,0,0,0,0,0
56,31,22.556148529052734,94054,1,2.445903650005332,2,127,0,0,0,1,0
62,30,43.94874572753906,90206,1,1.7241162011068332,2,0,0,1,0,1,0
39,12,100.45404815673828,94102,4,1.9770762334546181,1,314,0,0,0,0,0
28,7,184.54576110839844,94796,1,0.9166047468101799,3,0,0,1,0,0,1
59,18,35.36392593383789,94498,4,1.6959411525426398,2,139,0,0,0,0,0
29,7,36.32630157470703,94595,4,0.04547991420235198,1,106,1,1,0,0,0
38,12,23.49666404724121,92225,3,0.6416754741074474,2,91,0,0,0,1,0
29,3,36.6079216003418,95733,4,1.2307806320161208,2,0,0,0,0,1,0
36,8,65.14772033691406,94421,4,1.3475408343104267,2,0,0,0,0,0,0
50,22,148.467041015625,95209,1,3.118955746574313,3,0,1,0,0,0,1
65,39,148.72674560546875,94650,2,2.8835503637202855,3,0,0,0,0,0,1
37,15,105.16419982910156,93455,3,1.7613232040298068,3,0,0,0,0,0,0
42,16,33.276676177978516,95405,2,1.7541936743590965,2,0,0,0,0,1,0
58,35,135.39744567871094,94750,3,2.6254912991127317,2,0,1,0,1,1,1
58,36,89.92533111572266,93377,1,3.989940869827882,1,0,1,1,1,1,0
55,32,55.73110580444336,90201,4,6.380720705382666,1,0,0,0,0,1,0
39,23,92.78453826904297,94468,4,2.419933224283017,3,209,0,0,0,0,0
42,11,120.62396240234375,91649,1,3.8605700195032138,1,0,0,0,0,1,1
64,38,30.27327537536621,92071,4,0.5425909722854279,3,177,0,0,0,1,0
48,31,31.158611297607422,96362,4,0.4834657918184198,2,0,0,0,0,1,0
56,33,91.61756896972656,92056,4,0.607959139344066,2,231,1,0,0,1,0
53,26,108.6677474975586,95185,2,5.392966170458413,1,145,0,0,0,1,0
30,10,86.07756805419922,94666,4,2.531783593331722,2,0,1,0,1,1,0
37,9,189.5503692626953,94498,2,7.8416142224984835,1,0,0,1,0,1,0
57,30,47.7584342956543,95202,1,2.1487373938227328,2,107,0,0,0,1,0
27,1,93.1024398803711,95685,4,0.7324772886220582,3,0,1,0,0,1,0
61,36,79.03898620605469,90529,1,2.189397413501837,1,0,0,0,0,0,0
35,10,76.60616302490234,92237,1,2.5365605715362305,3,368,0,1,0,0,0
44,16,100.76712036132812,92060,1,3.409105344347015,3,0,0,0,0,0,0
30,4,140.25242614746094,93264,2,2.398724152872658,1,0,1,0,0,1,0
28,6,24.89908218383789,95074,1,0.9998611435321685,2,0,0,0,0,0,0
33,15,42.29765319824219,95200,4,0.7363349234895062,2,114,1,0,0,1,0
38,27,34.33869552612305,92109,3,1.9729994283650363,1,100,0,1,0,0,0
45,17,36.452171325683594,92329,3,0.9390613107279904,2,0,0,0,0,1,0
52,29,55.92138671875,92480,2,0.15606004251650352,3,225,0,0,0,1,0
42,18,49.62854766845703,92045,1,0.3366822940269989,3,0,0,0,0,1,0
33,9,39.96392059326172,94308,3,2.6990962265553566,1,0,0,0,0,1,0
42,12,76.65635681152344,91298,1,0.745290087794331,3,0,0,0,0,1,0
41,19,64.51515197753906,93802,3,0.6510436945526582,2,115,0,0,0,1,0
45,18,45.62086486816406,95201,3,0.6911005324947604,2,0,0,0,0,0,0
52,29,31.170583724975586,94670,2,0.8808889618665523,3,0,1,0,0,0,0
62,38,44.579986572265625,96032,3,1.1517329318731693,2,116,0,0,0,1,0
58,36,27.072193145751953,93065,4,0.8153364552554447,2,0,1,0,0,1,0
34,10,32.43614959716797,90997,3,2.1135636798499653,1,0,1,0,1,1,0
30,4,86.36861419677734,91581,1,2.3620458482349402,3,0,1,0,0,1,0
54,25,54.355079650878906,92120,3,1.506688937522558,2,0,0,0,0,1,0
35,13,31.442476272583008,90216,4,0.1694640021806555,2,0,0,1,0,1,0
43,19,80.60120391845703,94235,3,0.8538551134305118,2,0,0,0,0,0,0
42,17,90.34442901611328,94422,1,1.2515788762551305,3,0,1,0,0,1,0
41,7,73.91240692138672,93078,4,0.7710843745565579,2,0,0,1,0,1,0
67,40,46.11155700683594,94262,3,2.3633519561088074,2,0,0,0,0,0,0
45,-1,87.07390594482422,90331,2,1.9891411176578384,1,0,1,0,0,0,0
44,16,89.92394256591797,95860,3,4.687408794275102,2,0,0,0,0,1,0
41,13,157.83743286132812,94244,3,3.3838951335363143,3,0,0,0,1,1,1
30,5,46.02042770385742,90219,3,0.2363177668156317,1,92,0,0,0,0,0
33,16,152.240966796875,92032,3,2.7724100723727423,1,0,0,0,0,1,0
24,7,27.944164276123047,92587,3,0.1843467566888451,2,0,0,1,0,1,0
46,25,87.95541381835938,91542,1,2.370349182258579,1,0,0,0,0,0,0
29,1,75.2509994506836,95554,3,1.745140113494931,1,0,0,1,1,1,0
54,31,164.4704132080078,90181,2,4.32838340399099,1,0,0,0,0,1,0
55,25,45.97760009765625,94509,2,1.2994243481105325,2,0,1,0,0,0,0
29,6,78.34416961669922,90323,1,2.7071371859921576,2,167,0,0,0,0,0
35,6,53.13225173950195,92057,4,2.553398228049531,2,0,0,0,0,0,0
40,17,164.9654083251953,91671,1,5.211695368152277,1,146,0,0,0,1,0
28,11,181.28726196289062,91087,2,6.303008743061889,1,0,0,0,0,1,0
28,18,76.6960220336914,94038,4,1.5587666043511443,2,0,0,0,0,0,0
51,27,185.0277557373047,92261,1,6.009175265553868,1,0,0,0,0,0,0
43,24,43.24611282348633,96033,2,0.41374639308040323,3,189,0,1,0,1,0
39,20,32.90220642089844,94127,3,0.8244885122411468,2,0,0,0,0,0,0
45,10,42.01514434814453,90246,1,0.57316679364395,2,0,0,1,0,1,0
57,29,190.1577911376953,94804,4,5.580749132427627,3,0,1,0,1,1,1
60,37,78.2301254272461,92043,1,1.6971792525382015,3,174,0,0,0,1,0
57,36,100.02352142333984,90983,2,4.602589710871749,1,0,0,0,0,0,0
44,23,165.70062255859375,90089,4,4.483196888904937,2,0,0,0,0,0,1
46,28,39.772178649902344,95476,3,0.08444277638346323,1,0,0,0,0,1,0
32,17,78.51734161376953,95947,4,0.19851052739307973,2,0,0,0,0,0,0
30,16,111.56731414794922,93981,2,2.2278079499834726,1,254,0,0,0,0,0
34,11,89.14584350585938,94570,1,1.4138898167806093,1,0,0,0,0,1,0
48,29,45.889198303222656,94415,3,0.7175231714954217,2,0,0,0,0,1,0
59,29,40.014888763427734,92500,4,0.3204268859714501,3,0,0,0,0,1,0
34,11,150.57662963867188,89847,2,1.6795914683267237,1,0,0,0,0,1,0
40,10,68.71206665039062,95886,2,0.32029620404479836,1,0,0,0,0,1,0
35,12,109.49055480957031,91384,1,1.3578658813568483,3,0,0,0,0,1,0
40,16,12.703865051269531,90871,3,1.3703556467311606,2,0,1,0,0,0,0
47,26,60.206459045410156,94764,4,1.3124266671846094,3,0,1,0,0,0,0
63,36,45.69649887084961,95779,3,0.8361693719143168,1,284,1,0,0,1,0
57,35,146.39341735839844,93608,2,1.97586823384832,1,0,0,0,0,1,0
63,36,39.96833038330078,94826,4,0.22587978684956037,2,0,0,0,0,1,0
60,34,55.07390594482422,92001,4,3.0055246762643537,1,0,0,0,0,0,0
38,16,154.42453002929688,91869,2,4.816609682689839,2,0,1,0,1,1,1
57,37,112.11705780029297,93045,3,1.8108370586525566,3,0,0,0,0,1,0
42,18,170.55262756347656,95548,4,6.904322379108586,1,0,0,0,0,0,0
37,21,160.7239990234375,93801,3,0.04733364187433492,3,0,0,0,0,0,1
27,1,56.71479415893555,95308,1,1.204530162178811,2,0,0,0,0,1,0
38,12,22.584897994995117,91854,4,0.9777868314676922,3,137,0,0,0,1,0
47,27,36.458614349365234,95499,4,0.9043325022949689,2,274,0,0,0,0,0
47,19,71.0802001953125,91900,2,1.489580950955668,2,0,1,0,0,0,0
35,4,34.80937194824219,94276,2,2.3086750173301502,2,0,1,0,0,0,0
62,35,60.563297271728516,92625,4,1.4486050308087095,3,0,1,0,0,0,0
63,37,33.23023986816406,92812,3,1.0949361820109975,2,0,0,0,0,1,0
42,12,21.786022186279297,94462,4,0.2900600847707204,2,0,1,0,0,1,0
30,9,131.88800048828125,94935,2,2.3136739511384627,2,129,0,1,1,0,1
33,8,96.30804443359375,94785,1,0.6354581368305116,1,0,1,0,0,1,0
55,37,49.194122314453125,90879,4,1.4205972594479694,2,0,0,0,0,1,0
28,13,103.55167388916016,94114,2,1.3761045231360045,1,0,0,0,0,0,0
50,27,63.228431701660156,90513,2,1.9926912307227231,3,128,0,1,0,0,0
31,3,54.99864959716797,92045,1,0.5558277667033444,3,281,0,0,0,0,0
54,35,26.04227638244629,91851,3,2.3412550847115323,1,0,0,0,0,0,0
54,34,85.80323791503906,94386,1,3.3757345940860835,3,397,0,0,0,0,0
27,0,78.97543334960938,94974,3,2.3129041652084834,3,0,0,0,0,0,0
37,7,151.42184448242188,90278,2,2.6810790456930778,3,0,0,0,0,0,0
43,13,78.50830841064453,92066,1,3.0670258765146867,1,0,1,0,0,1,0
31,6,39.42442321777344,90209,3,1.058308326051066,2,0,0,0,0,0,0
45,13,87.60740661621094,94750,1,2.605355978970652,2,0,1,0,0,1,0
42,18,130.56304931640625,94808,1,3.809305219689935,3,0,0,0,0,0,1
29,7,47.2147331237793,96624,2,2.477549172797969,1,0,0,0,0,0,0
25,-2,141.1833038330078,92994,1,0.3419550474594766,1,0,1,1,1,1,1
27,2,70.59319305419922,91421,1,2.302321071538486,2,0,0,0,0,1,0
32,12,111.8758316040039,92068,2,1.0921343183197174,1,0,1,0,0,0,0
56,34,24.816226959228516,94297,2,1.0640433518118428,2,104,0,0,0,1,0
60,38,62.80287170410156,92866,3,0.187031927889875,2,0,1,1,0,0,0
59,35,39.99773406982422,95241,1,0.6428768373931869,3,0,0,1,0,1,0
59,31,13.214593887329102,90681,4,0.42662142982357265,1,0,0,0,0,0,0
44,22,134.9231414794922,91939,2,2.2755686317889783,3,480,0,0,0,1,1
57,32,110.89765167236328,94568,2,0.47577716258712965,1,0,1,1,1,1,0
64,34,69.0439224243164,92821,4,1.1037704983261878,1,0,1,0,0,0,0
40,16,159.25531005859375,90029,1,3.517650458264851,1,0,0,0,0,0,0
44,18,168.64898681640625,95258,1,7.946276533448201,1,0,0,0,0,1,0
29,3,156.17893981933594,94404,4,5.348115109975684,3,399,0,0,0,0,1
58,31,46.776729583740234,94780,2,0.9724087734515529,3,0,0,0,0,0,0
42,16,131.67361450195312,94081,1,4.801303470946043,1,0,0,1,0,0,0
32,11,86.85417938232422,94602,2,1.9455022130597268,3,0,1,0,0,0,0
38,14,34.693275451660156,95104,3,1.0744748983854444,3,0,1,1,1,1,0
47,30,111.64888763427734,95376,2,1.9755216851832982,1,0,1,0,0,1,0
40,11,48.51099395751953,93137,1,1.87578012611012,3,0,0,0,0,0,0
31,6,121.93799591064453,94282,4,2.583606413982949,1,0,0,0,0,0,0
29,14,117.44940948486328,94053,2,0.8132517172344793,1,0,0,0,0,0,0
37,15,42.82797622680664,93150,4,2.2601896761265925,2,0,0,0,0,1,0
45,21,123.65929412841797,92956,2,7.264508110281733,1,0,0,0,0,0,0
50,30,43.41998291015625,89886,3,0.5522399889003666,2,0,0,1,0,0,0
30,1,35.581642150878906,95595,3,0.2637822833804427,2,0,0,1,0,1,0
60,34,60.80986404418945,91153,2,0.8204726495462735,1,237,0,0,0,1,0
47,11,204.30667114257812,95295,4,7.191820737821274,2,0,0,0,0,0,1
26,0,57.691856384277344,95643,3,0.40153678840953744,1,0,0,0,0,1,0
32,4,63.65933609008789,94337,4,1.3933177548363553,1,0,0,0,0,1,0
42,24,93.58326721191406,94723,2,5.538710196700744,1,0,0,0,0,0,0
26,2,154.26168823242188,91278,2,1.9674785697685397,2,0,0,0,0,0,0
32,8,41.254173278808594,90307,3,0.1394712219472584,2,0,0,0,0,0,0
60,34,76.57638549804688,95484,2,0.9761592236342704,3,0,0,0,0,1,0
54,25,54.336238861083984,94531,4,0.11572134720666943,2,0,0,0,0,0,0
65,40,128.7809295654297,90842,1,0.308036714273656,3,0,1,0,0,1,0
28,1,55.85679244995117,93141,3,0.7472735377420389,2,0,1,0,0,0,0
56,19,86.49966430664062,95237,1,2.7281418539112567,2,0,0,0,0,1,0
48,17,43.09101104736328,94446,1,2.2183041781595927,3,0,0,1,0,1,0
56,35,172.42709350585938,90949,1,4.318321888392867,1,120,1,0,0,1,0
49,24,35.408355712890625,94727,1,0.4373255954337059,3,0,0,0,0,0,0
45,23,95.91764068603516,93167,1,3.960103559714619,3,0,0,0,0,1,0
54,20,152.2817840576172,95549,2,1.6022428503859993,1,311,0,0,0,1,0
48,26,96.26356506347656,90299,2,0.7715547068712874,1,0,1,0,0,1,0
36,10,42.64638900756836,91004,2,0.5031455323653866,2,0,1,0,0,0,0
28,2,76.16142272949219,95038,3,2.1074771144676054,2,0,0,0,0,0,0
62,13,50.104034423828125,91642,2,3.4576788720490854,1,0,1,0,0,1,0
56,38,42.84347152709961,91429,2,0.730876043766717,2,0,0,0,0,0,0
62,37,72.55986785888672,90506,1,2.3965181036404153,1,0,0,0,0,0,0
44,19,103.75581359863281,92926,2,0.08797873306765053,1,267,0,0,0,0,0
59,35,73.28288269042969,91311,2,1.0223698231097815,3,84,0,0,0,1,0
40,26,153.44024658203125,92668,2,0.6785318273508304,1,0,1,0,0,0,0
63,40,60.8434944152832,90047,4,0.9034645226489193,3,0,0,0,0,0,0
32,10,44.41276931762695,95475,2,0.5041975736462698,3,0,0,0,0,1,0
43,24,166.0932159423828,95560,2,6.005261964775974,1,494,0,0,0,0,0
43,16,37.55345153808594,91274,3,0.9776111734507296,2,0,1,0,0,1,0
46,31,156.05953979492188,96053,1,4.133642841829619,1,0,1,0,0,0,0
43,24,99.87289428710938,91822,1,3.022540251639316,2,131,0,0,0,0,0
41,18,82.29501342773438,91510,4,2.4628443453991977,1,0,0,0,0,1,0
34,14,161.76022338867188,92142,2,7.289818103119751,1,0,0,0,0,1,0
65,30,115.40029907226562,94697,2,3.6545454926155387,1,0,1,0,0,0,0
48,25,96.46268463134766,90406,1,1.7078026377775906,3,0,0,1,0,0,0
56,33,44.07041549682617,90718,4,2.1392843383988733,3,0,0,0,0,1,0
31,4,101.34326171875,94542,4,2.1461564283798467,1,0,0,1,1,1,0
32,5,32.79304122924805,95894,2,0.3557256070634063,1,90,1,1,0,0,0
57,26,45.4747200012207,90416,2,2.300366561668101,3,103,1,0,0,0,0
48,32,75.53397369384766,91829,2,0.1200895158881142,2,0,0,0,0,1,0
35,9,58.87175369262695,91914,3,1.0384721292830932,1,0,0,0,0,1,0
58,28,61.462284088134766,90292,1,1.7040166706643693,1,0,0,0,0,0,0
51,13,49.419761657714844,92295,3,2.1882733024565755,2,0,0,0,0,0,0
42,19,138.95294189453125,93244,1,0.18125322929571547,1,115,0,1,0,0,0
31,7,187.59066772460938,94238,1,0.8939445821070665,1,0,0,0,0,1,0
31,9,96.28300476074219,91526,1,3.5002470902053866,1,0,0,0,0,1,0
25,1,106.45704650878906,94947,1,1.8018718167127699,2,0,0,0,0,1,0
51,24,41.1912727355957,91760,1,0.15356483775263022,3,0,0,1,0,1,0
62,39,127.51564025878906,93266,4,4.948931330956398,2,0,1,0,0,0,1
63,36,51.15226364135742,92895,4,1.7168057866486848,2,0,1,0,0,1,0
24,2,162.72178649902344,95831,3,3.069457755456961,3,0,0,0,0,0,1
40,27,55.67998123168945,91700,1,1.9665681020277013,1,0,0,0,0,0,0
43,23,86.40047454833984,95558,2,3.486443831219449,1,0,1,0,0,1,0
29,22,35.07373809814453,94944,4,2.1048557751189203,2,130,1,0,0,0,0
26,5,134.04071044921875,91650,3,2.7155448058391194,1,222,1,0,0,0,0
37,8,51.486778259277344,93284,2,1.0158447658312255,1,229,0,1,0,0,0
40,29,59.564453125,94699,1,0.31161215915270796,1,0,1,0,0,0,0
38,3,24.26944923400879,91163,3,0.324289588175032,3,135,0,0,0,0,0
39,22,19.871633529663086,91887,1,1.0596955277734756,3,0,0,0,0,1,0
46,16,47.889408111572266,94959,1,0.5795735958669641,1,0,0,0,0,1,0
43,19,39.0823974609375,93437,3,1.9615231573441165,3,136,1,0,0,1,0
54,33,82.74250793457031,94102,2,0.9156821359817406,1,0,0,0,0,0,0
34,5,140.42247009277344,95275,1,0.3439359892017986,1,0,0,0,1,1,0
29,5,167.17323303222656,91973,1,3.5940412164398325,1,115,0,0,0,0,0
52,23,99.79693603515625,94141,1,4.601931266384377,1,0,0,0,0,1,0
31,3,35.777549743652344,92631,4,0.8149528110115355,2,0,0,0,0,1,0
33,6,26.546161651611328,92157,4,0.36094750485200094,1,0,0,0,0,0,0
40,15,37.55277633666992,91596,2,0.32729771338464136,3,0,1,0,0,0,0
29,2,95.25230407714844,90349,1,6.053888995716938,1,0,0,1,0,0,0
30,3,126.65164947509766,89956,2,1.6909588168716667,1,0,0,0,0,1,0
44,18,63.100364685058594,94439,2,1.5180706657514131,1,0,0,1,0,1,0
59,35,34.52519226074219,92097,2,1.9404228843090636,2,0,0,0,0,0,0
29,3,153.2074432373047,95428,2,4.641514611455539,1,0,1,0,0,1,0
59,37,102.93635559082031,94630,4,1.2724939399485613,1,0,0,0,0,1,0
37,3,19.580448150634766,96385,3,0.8999786537217336,2,0,0,0,0,1,0
48,22,13.604681968688965,93282,4,0.3599260022021604,1,0,1,0,0,1,0
62,35,43.626338958740234,96304,4,1.1867261177710708,3,145,0,0,0,1,0
33,10,17.277225494384766,93748,4,0.08469437808551697,3,100,1,0,0,1,0
48,31,75.25151824951172,95168,1,2.3389293907383495,1,0,0,0,0,0,0
34,1,84.00117492675781,94976,4,0.36950542082877547,2,0,0,0,0,1,0
57,36,47.276126861572266,95067,4,0.6084304174616262,1,0,0,0,0,0,0
52,27,75.39352416992188,94798,2,0.726931163854114,2,178,0,0,0,1,0
54,30,118.79077911376953,94415,1,2.5995087794075955,1,0,1,0,0,0,0
56,34,122.06370544433594,94643,4,2.2365143652907276,3,0,1,1,1,1,1
51,31,81.97591400146484,93404,2,2.0026231945673683,1,0,0,0,0,1,0
57,23,35.15081787109375,93713,2,0.510558451174906,1,0,1,0,0,1,0
59,15,82.12403869628906,95148,3,1.410028207878192,2,0,0,0,0,0,1
56,29,38.977394104003906,95912,4,1.8335757741233338,1,216,1,0,0,1,0
31,9,99.91590881347656,94702,4,1.8517289019070209,1,0,0,1,0,1,0
58,27,61.31336975097656,94906,4,1.7145447003906455,2,0,1,0,0,1,0
27,5,49.32674789428711,93384,4,1.6121261065834775,1,123,0,0,0,0,0
59,36,14.40311336517334,94240,4,0.3714259075484302,3,403,0,1,0,0,0
34,18,23.578998565673828,94647,4,0.36962923538485165,2,86,0,0,0,0,0
63,38,59.96666717529297,95270,4,2.6914545345849903,1,0,0,0,0,0,0
53,21,105.74683380126953,91986,1,2.416762158000327,1,0,0,0,0,1,0
33,5,44.739688873291016,94041,3,0.7975194836013836,2,106,0,0,0,1,0
54,36,169.3166046142578,90596,1,4.0484611186421136,3,0,0,0,1,1,1
48,21,144.3885498046875,94250,1,3.693519349979476,1,0,0,0,0,1,0
58,27,119.44320678710938,94476,2,1.6870952728025927,1,364,0,0,0,0,0
60,29,21.193828582763672,94329,4,2.528401634257842,3,0,1,0,0,1,0
38,22,110.50018310546875,93465,1,3.3549199842435398,3,0,0,0,0,0,0
53,34,45.775238037109375,94628,4,0.3729757451178368,1,0,0,0,0,0,0
59,37,66.66615295410156,90470,2,0.26750454150612324,3,0,0,0,0,0,1
46,20,30.899002075195312,94952,1,0.3403380633424571,1,0,0,0,0,1,0
56,22,38.415855407714844,93982,4,0.7807173898652437,3,0,1,1,0,1,0
32,9,26.266544342041016,92170,4,1.3120874621340837,2,0,0,0,0,1,0
41,18,38.59577178955078,94919,3,0.04699236383958766,1,130,0,1,0,0,0
48,25,59.72339630126953,89840,2,0.051622449931945036,3,0,1,1,0,1,0
44,17,70.85903930664062,95816,2,1.3678696577582137,3,0,0,0,0,1,0
49,21,80.7823486328125,90094,2,0.3815863272167967,1,0,0,0,0,0,0
44,35,81.74061584472656,91401,3,0.8597613130360423,1,0,0,0,0,1,0
58,29,133.04293823242188,94373,3,2.798007906972728,1,183,1,0,0,0,0
66,39,19.084545135498047,92803,4,0.48274697446930026,2,0,0,0,0,0,0
53,37,40.57044982910156,93430,2,1.9921006791396305,3,0,0,0,0,1,0
32,2,130.076904296875,90035,2,1.593456627783261,1,0,0,1,0,0,0
44,28,39.866798400878906,94823,4,0.756410452461349,1,155,0,0,0,1,0
29,2,53.397159576416016,91058,1,1.189635737764852,2,0,0,0,0,1,0
45,19,76.16425323486328,92122,2,4.720157227424078,2,0,0,0,0,1,1
41,22,153.7098388671875,95705,1,0.29799220997568765,1,361,0,0,0,0,0
27,4,83.05011749267578,92820,1,5.610861445873402,3,0,0,0,0,1,0
64,39,26.126495361328125,91383,4,1.3197238720351776,3,0,0,0,0,1,0
28,7,90.82792663574219,94489,1,1.6981193429125143,1,0,0,0,0,0,0
29,2,41.58521270751953,93084,4,1.7326677480799222,2,0,0,0,0,0,0
54,22,95.10791015625,90041,2,4.6696495232309045,1,0,0,0,0,0,0
55,19,26.94570541381836,91805,3,1.5423404623988881,1,0,1,0,0,1,0
41,9,148.80101013183594,92378,1,1.9735015113125705,3,0,0,1,0,1,1
25,-1,29.042387008666992,92062,2,1.6459476601774696,3,0,1,1,0,1,0
33,14,73.57659912109375,95547,2,1.5715573199211323,1,0,0,0,0,0,0
54,23,44.79553985595703,91551,2,1.4739904074242687,3,0,0,0,0,1,0
45,27,63.43233871459961,90468,4,1.4513131510129038,1,0,0,0,0,1,0
55,30,100.20983123779297,93010,2,2.3933147165400888,2,0,1,0,1,1,1
60,35,41.06189727783203,91595,4,1.866227587441172,2,0,0,0,0,0,0
65,39,74.9238510131836,90283,4,1.4009324586116094,2,0,1,0,0,0,0
36,11,138.7967071533203,95664,2,6.710175385862202,1,0,1,1,0,1,0
57,34,72.9089126586914,90362,1,0.35562783333140024,1,0,0,0,0,0,0
57,39,52.007904052734375,92095,2,3.206985635740962,1,0,1,1,0,1,0
63,37,64.85782623291016,93444,1,2.66564950846527,2,0,0,0,0,0,0
40,16,145.4902801513672,96493,3,1.8757558423619574,1,0,0,1,0,1,0
42,15,63.01240539550781,92185,4,1.188967618715407,1,0,1,0,0,1,0
37,12,54.210350036621094,94130,1,0.818873976672195,2,0,0,0,0,1,0
43,19,51.711814880371094,91571,1,1.61072652356499,3,0,0,0,0,1,0
62,35,143.31045532226562,91280,1,3.0627118784797727,1,0,0,0,0,0,0
30,5,31.262554168701172,92038,4,1.7276031784452204,2,0,0,0,0,1,0
57,34,24.417224884033203,93903,4,1.203725686111024,3,0,0,1,0,0,0
59,23,19.393707275390625,95294,2,0.1691703301003011,3,0,1,0,0,1,0
54,28,119.95538330078125,91747,1,3.178669855858678,3,339,0,0,0,0,1
44,28,37.16252136230469,94142,2,0.23762758180568094,2,140,1,0,0,0,0
27,7,27.77881622314453,92232,1,0.8123580925591397,1,0,0,0,0,0,0
40,15,138.4970245361328,95417,2,1.8719549272410054,1,0,0,0,0,0,0
40,17,52.43549728393555,94859,4,1.7630849368763208,1,126,1,0,0,1,0
26,14,61.65469741821289,94904,3,0.05104743468048245,3,0,0,0,0,1,0
59,25,72.4778823852539,94302,2,0.10635108869458718,3,0,0,0,0,0,0
25,1,48.780029296875,91611,3,0.9958283116374241,2,0,0,0,0,1,0
39,22,62.01131820678711,93997,2,0.057395287327889316,1,147,1,0,0,0,0
25,0,26.95547103881836,92959,4,0.985829791516112,1,0,0,0,0,0,0
33,6,39.72529602050781,94864,4,0.6648251063532392,1,0,0,0,0,1,0
41,25,123.63906860351562,92031,1,2.2766061743938764,1,0,1,0,0,0,0
41,17,54.97515106201172,92741,3,0.6062640593867483,1,0,1,0,0,1,0
25,-2,105.20648956298828,91538,4,0.6673713408672816,2,0,0,0,0,0,0
24,1,104.11832427978516,94806,3,2.762668421778829,2,0,0,0,0,0,1
38,20,68.51639556884766,94587,1,2.0668309427211433,2,0,0,0,0,0,0
34,3,25.186861038208008,92211,3,0.8791558974084295,2,0,0,0,0,0,0
26,1,66.07720947265625,94012,2,3.9727198947165796,2,0,0,0,0,1,1
58,30,28.97836685180664,94330,4,1.1541434993838982,1,53,1,0,0,1,0
38,13,106.85505676269531,90279,1,0.39593542613992927,1,0,0,0,0,1,0
44,20,18.476707458496094,94638,1,1.1275722539179682,2,94,0,1,0,1,0
30,9,57.50440216064453,95207,1,4.664308085162471,3,109,1,0,0,1,1
41,15,15.670108795166016,96206,3,0.15334934103158246,2,149,0,0,0,1,0
42,16,88.5731201171875,91638,1,2.3716424602995425,3,0,0,0,0,1,0
57,29,32.774871826171875,94010,4,2.0368050473698514,3,0,1,0,0,1,0
55,32,33.129295349121094,89869,3,0.3185909177396111,3,0,1,1,0,1,0
46,19,135.7279052734375,94768,2,7.04622642022276,1,0,0,0,0,0,0
42,13,61.23916244506836,94249,1,2.058372055016319,2,0,0,0,0,0,0
42,11,24.0076904296875,89970,4,1.4606241548018735,3,0,0,0,0,1,0
63,37,48.8931770324707,90506,4,0.27367483000926557,1,0,0,0,0,0,0
43,18,205.61891174316406,94611,1,6.316563722349991,1,361,0,1,0,1,0
46,16,121.515625,94468,1,2.5528489202033375,1,0,0,0,0,1,0
48,29,44.02638244628906,93416,1,1.835332833804605,3,0,0,0,0,0,0
52,27,109.0443115234375,95170,4,1.928215214656166,2,0,1,0,0,0,1
31,13,175.16920471191406,94017,2,6.3442352546834435,1,483,0,0,0,1,0
53,16,89.43158721923828,95545,1,0.5065736830060488,1,0,0,1,0,0,0
33,19,95.99634552001953,91396,3,0.7669010004737269,1,0,1,0,0,1,0
58,32,87.4178237915039,94703,2,0.9639440975644461,3,0,1,0,0,0,0
56,33,23.7573299407959,94071,2,1.0626144095705508,2,127,0,0,0,0,0
55,29,78.59819030761719,95893,2,3.2893839519794676,1,248,1,0,0,0,0
46,23,42.868133544921875,95947,2,0.16659224950310644,1,0,1,0,0,1,0
48,24,85.07543182373047,95448,2,1.0119066358818065,3,0,0,1,0,0,0
34,13,99.06438446044922,92077,2,0.5290417525981671,1,0,0,0,0,1,0
56,29,22.51934051513672,90380,2,0.15075197057981712,3,144,0,0,0,1,0
61,31,74.47559356689453,95053,1,2.992525407565315,1,0,0,1,0,0,0
29,6,63.47323989868164,92397,1,1.3470586286034751,3,0,1,0,0,1,0
61,32,12.165043830871582,93698,4,0.8402624507057146,3,156,0,1,0,1,0
55,25,13.927390098571777,93864,1,1.323978200427537,1,229,0,0,1,1,0
47,25,163.01654052734375,92666,1,3.8846482664629787,1,0,1,0,0,0,0
53,21,64.88484191894531,90925,4,2.7337488152509626,3,0,0,0,0,1,0
24,2,101.75772094726562,94529,2,1.4649677529065266,1,0,1,0,0,1,0
48,22,23.914335250854492,91664,1,0.32704155261405665,1,241,0,0,0,1,0
57,22,98.78887939453125,95104,2,2.5132334923489164,1,0,1,0,0,1,0
38,22,60.592071533203125,95467,4,1.6254014577690046,1,0,1,0,0,0,0
45,17,24.187734603881836,95090,2,3.413822568228809,2,0,0,0,0,0,0
42,21,34.20975112915039,94875,3,1.203516320178009,3,74,0,0,0,1,0
45,26,59.3314094543457,92772,2,2.5535016774243697,1,0,0,0,0,0,0
43,19,41.90247344970703,95469,4,0.41898042784421496,3,210,0,0,0,0,0
34,6,34.5152587890625,92046,3,0.9208727434235727,3,0,0,0,0,1,0
40,18,25.848840713500977,94815,4,0.3917723212467091,3,0,1,0,0,1,0
35,16,35.528076171875,94222,1,0.3254186584651181,2,0,0,0,0,1,0
58,27,132.32470703125,95095,2,2.5324877108400616,1,0,1,0,0,0,0
41,16,87.43167114257812,91351,1,4.235658313142702,2,0,0,1,0,0,1
61,33,107.50135803222656,92694,2,5.81588219377752,1,0,0,0,0,0,0
31,6,60.76950454711914,92447,2,0.8849229451345066,2,0,0,0,0,1,0
35,16,60.488983154296875,90002,3,0.6757008688555775,2,134,0,0,0,1,0
57,31,44.73706817626953,94547,3,1.595943452910494,3,143,1,0,0,1,0
32,7,32.15971374511719,91842,2,0.007008493954262951,2,0,1,0,0,1,0
37,2,61.90644073486328,91143,4,1.5937243824621352,1,0,0,0,0,1,0
36,8,140.56048583984375,91498,1,0.40057447986555594,1,0,0,0,0,1,0
65,40,74.2750015258789,95909,2,3.6332546746222105,1,0,0,0,0,1,0
48,23,66.96353149414062,94561,2,1.988116353298405,1,0,1,0,0,1,0
33,12,96.90341186523438,91828,2,3.260840864181526,2,332,0,0,0,0,0
35,10,23.033565521240234,92873,2,0.8952488161665676,2,0,0,0,0,1,0
38,14,82.60398864746094,92091,1,3.530653018152863,3,219,0,0,0,1,0
44,23,154.30348205566406,90596,1,4.677037151917978,3,0,0,0,0,1,1
43,18,88.20064544677734,94719,2,0.9885213425454396,2,0,0,0,0,0,0
54,30,118.23373413085938,93058,2,0.05342006639968053,1,0,0,0,0,0,1
25,1,104.33467864990234,94605,1,2.244825687421203,1,0,0,0,0,1,0
62,38,29.55278778076172,94518,4,0.6426427865053401,1,0,1,0,0,1,0
46,17,33.79082489013672,92825,1,3.5449630462660626,1,0,0,0,0,0,0
55,28,88.53291320800781,90369,2,0.4185604066941605,2,0,0,1,0,0,0
42,31,132.91046142578125,90595,1,4.3922492204723085,1,0,0,0,0,0,0
36,11,57.910255432128906,94290,4,2.0540640151538185,2,124,0,0,0,1,0
52,31,99.52040100097656,90612,1,2.0267775915584787,1,86,0,0,0,0,0
66,39,104.73104858398438,90434,2,2.508873079539874,2,0,1,0,0,1,0
59,35,58.97079086303711,94795,2,2.2870082477434535,2,0,1,0,0,1,0
28,11,49.043174743652344,94286,4,1.4887425549673836,1,0,0,1,0,0,0
33,6,47.199554443359375,95785,1,0.4217212336676862,2,110,0,0,0,1,0
29,5,37.6721305847168,94451,4,2.5828256149293276,1,0,0,0,0,0,0
32,7,130.6688232421875,95000,3,2.7870134994119513,2,0,0,0,0,1,0
29,3,40.420650482177734,95587,1,0.359208005420791,3,0,0,0,0,1,0
26,8,60.02233123779297,92332,4,0.5753762849546666,1,0,0,0,0,0,0
47,19,83.50944519042969,92186,3,1.2270050439762124,1,0,0,1,0,1,0
63,37,58.4289665222168,95693,3,0.8443826462011838,2,0,0,0,0,1,0
39,7,100.47449493408203,94770,3,1.9417947867836336,1,0,0,1,0,0,0
35,7,34.679447174072266,90950,4,1.1112330613611574,3,0,0,0,0,1,0
39,14,172.64080810546875,94992,2,8.496673043350187,1,232,1,0,0,1,0
65,41,70.27180480957031,93714,2,2.7010062502348204,1,0,1,1,0,0,0
30,12,9.73433780670166,92307,3,0.5657974644934706,2,0,0,1,0,1,0
55,35,17.979143142700195,91945,3,0.5167130870225923,2,115,1,1,0,0,0
52,17,17.136964797973633,96145,2,0.6684795809793104,2,0,0,0,0,0,0
46,28,24.85190200805664,92996,4,0.8813497786617972,3,0,0,0,0,1,0
56,29,79.70712280273438,89982,4,1.2688394676273367,3,0,1,0,0,0,0
28,14,62.33755874633789,95847,3,0.5066784733521421,1,0,1,0,0,1,0
32,9,79.65763854980469,95048,3,0.3681087428811761,1,0,1,0,0,0,0
47,15,75.09728240966797,94900,2,2.447549175805652,1,148,1,0,0,1,0
40,27,67.21986389160156,94368,4,2.412352009104231,2,0,0,0,0,0,0
62,37,29.412736892700195,95061,4,0.8205153113896736,3,0,0,1,0,0,0
26,4,88.79785919189453,91994,1,0.26734126480495224,1,0,0,0,0,1,0
53,28,89.50149536132812,90028,4,0.485362657909267,3,150,0,0,0,0,0
62,35,179.11004638671875,95514,2,3.3275762909691085,1,584,0,0,0,1,0
24,2,46.63970947265625,95562,1,2.3680635576626727,3,0,0,0,0,1,0
27,-2,38.05866241455078,93281,4,1.9135572914189516,2,0,0,0,0,1,0
43,23,44.95854949951172,93891,2,1.083661647135393,3,0,0,0,0,0,0
54,28,70.54193115234375,95669,1,0.19720550920445595,3,0,0,0,0,0,0
34,16,82.92498016357422,94731,2,2.288867376749763,1,0,1,0,0,1,0
53,21,153.93365478515625,92066,3,6.079141537862892,1,228,0,0,0,1,0
55,28,42.26631546020508,90022,4,1.232874540264339,1,213,1,1,0,1,0
29,7,154.256103515625,94770,2,1.8154371212532534,1,0,1,0,0,1,0
58,35,151.39137268066406,91861,2,1.8346441162576248,1,0,0,0,0,1,0
34,8,40.76200866699219,91949,4,1.3924592013756283,3,0,1,1,1,1,0
31,5,37.91279602050781,94240,3,1.8596429703752464,2,0,0,0,0,0,0
43,19,30.518518447875977,94293,3,0.23480886645953752,3,0,1,0,0,1,0
46,30,207.9049530029297,92178,2,8.88350154856293,1,148,0,0,0,1,0
36,8,32.456905364990234,94105,2,1.9180360457572012,2,0,0,0,0,0,0
59,34,63.76111602783203,95108,2,0.4874477027054031,3,0,1,0,0,1,0
29,5,67.10928344726562,90526,3,0.9657826291243078,2,0,0,0,0,0,0
59,27,32.496185302734375,95028,3,0.8937448741893603,2,0,0,0,0,0,0
49,22,27.323169708251953,93061,1,0.5744974940369729,1,0,1,0,0,0,0
49,28,96.0602798461914,92478,1,0.5181215779322892,3,171,0,0,0,0,0
46,24,19.02886199951172,94145,4,0.4055447303649997,3,152,0,0,0,0,0
62,36,80.89059448242188,93028,1,1.6103134713265268,1,190,0,0,0,1,0
43,15,198.27316284179688,92432,1,6.124160632073614,1,375,1,0,0,1,0
46,19,58.84458923339844,93323,1,1.1046571792977087,3,0,0,1,0,0,0
49,28,48.783447265625,95446,3,2.5880872941192212,1,0,1,1,1,1,0
42,13,71.84770202636719,90829,2,0.28749334070774046,2,0,1,0,0,0,0
55,29,170.65049743652344,95176,1,1.3273439697980063,1,375,0,0,0,1,0
37,11,61.20145797729492,90063,3,1.749807397739756,3,0,1,0,0,0,0
56,32,173.18927001953125,94910,4,4.116157038574794,2,328,0,0,0,0,1
48,20,47.853153228759766,95517,2,0.436071635079311,1,0,1,0,0,0,0
46,31,53.52007293701172,94277,2,1.1791512142598486,3,116,0,0,0,1,0
45,21,92.74435424804688,95307,3,5.3621819978877765,1,0,1,0,0,0,1
37,9,68.304443359375,91942,2,0.3298851275811859,1,372,0,0,0,1,0
49,22,65.69819641113281,91461,3,1.00035998673637,3,0,0,0,0,0,0
38,26,53.8661994934082,92840,4,1.8954709293365828,1,0,0,0,0,0,0
62,35,21.3548641204834,93741,4,0.91428533729264,1,109,0,0,0,1,0
45,27,96.54798126220703,92639,1,2.578178614881682,3,166,1,0,0,1,0
51,27,88.76898956298828,94518,4,1.9006246854833035,3,131,0,0,0,0,0
46,19,26.471263885498047,91945,4,0.8534279750735065,1,0,0,1,1,1,0
43,17,58.155860900878906,93984,3,1.8605883289712888,2,154,0,0,0,1,0
46,20,43.95613479614258,91784,3,0.1001373068444664,3,0,0,0,0,1,0
26,6,100.75907897949219,91996,4,2.2834888979928047,3,0,0,0,0,0,1
36,13,49.457496643066406,94825,4,0.6885802989448915,2,0,0,0,0,1,0
38,23,110.02082824707031,95754,3,1.8006183184477038,2,0,1,0,0,0,0
58,25,83.9467544555664,92750,1,2.0407263892672765,3,0,0,0,0,1,0
34,14,63.80576705932617,90595,1,1.4133122439983334,1,218,0,0,0,0,0
61,34,81.59500122070312,93916,2,0.6650967864222991,1,0,0,0,0,1,0
56,35,79.65462493896484,91968,4,2.0486992300034625,2,0,1,1,1,1,0
27,7,39.88771057128906,94344,3,2.722078600923326,2,202,1,0,0,1,0
56,30,74.6597900390625,92124,3,1.502982810117056,1,0,1,0,1,1,0
49,9,64.51274108886719,91056,4,0.4623032728021688,2,0,0,1,0,0,0
45,25,136.68389892578125,92238,2,9.515488770316077,1,0,1,0,0,1,0
39,10,47.57759094238281,94879,2,0.40055689201144107,2,0,0,0,0,0,0
34,11,140.80543518066406,94666,1,3.203833492057223,1,0,1,0,0,1,0
58,29,93.32255554199219,93003,4,2.1378178033617585,3,0,0,0,0,1,1
59,39,42.024532318115234,92482,3,0.4489058096370726,1,0,1,0,0,0,0
62,35,45.62779998779297,90226,4,0.4351977928581972,1,0,1,0,0,1,0
33,7,75.86907958984375,94922,4,1.5682010508028312,1,0,1,0,0,1,0
26,0,75.57892608642578,94369,4,3.4410047389398937,1,242,0,0,0,0,0
44,14,88.97599792480469,93359,2,0.1314138848602794,1,0,0,1,0,1,0
57,34,33.40479278564453,92213,1,0.2799370286128656,2,0,0,1,0,0,0
64,39,35.43115234375,93838,2,1.2988521956151464,3,0,0,0,0,0,0
52,15,94.657958984375,95365,3,0.37846791578102207,2,0,0,0,0,1,0
50,24,109.8385238647461,92133,3,1.3064861576447417,1,0,1,0,0,1,1
34,21,198.4964599609375,90327,2,3.7056732864215194,1,0,1,0,0,1,0
38,15,75.70426940917969,92328,2,2.9682321245663394,2,0,0,0,0,1,0
63,41,163.3374481201172,94372,2,7.823356088984503,1,0,0,1,0,0,0
24,6,67.44496154785156,91479,3,0.048204225182574945,1,0,0,1,0,1,0
30,5,69.45738220214844,91556,2,1.9953941054879918,1,148,1,0,0,1,0
31,9,39.06245803833008,95114,4,0.5429638919714453,2,0,0,1,0,1,0
62,34,22.088634490966797,90679,2,1.6921742818615786,1,95,0,0,0,1,0
35,9,72.98292541503906,92889,2,1.7751199970125067,3,175,0,0,0,0,0
49,22,25.606830596923828,95372,4,0.5415344468323354,3,0,0,0,0,0,0
49,20,149.41197204589844,89881,4,1.7727371484133845,1,0,1,0,0,1,0
25,2,32.00086975097656,94982,4,1.5176350320486371,2,0,0,0,0,0,0
41,14,148.3048095703125,93270,3,4.86722384636306,1,0,0,0,0,1,0
34,8,32.70161437988281,92178,3,0.5486131527002018,2,0,1,0,0,1,0
39,22,91.3228759765625,92054,2,3.481312559579463,3,0,0,0,0,0,0
39,11,50.169673919677734,95398,3,1.9336711255629073,2,0,0,0,0,1,0
49,29,44.964080810546875,92401,2,0.5512371268352547,2,0,0,0,0,1,0
30,6,37.13977813720703,96022,4,2.022076504301902,3,0,0,0,0,1,0
37,15,35.04341125488281,95223,4,0.33500797509543445,2,0,1,0,0,1,0
27,6,69.28018951416016,93089,3,1.3473196266574476,1,0,0,0,0,0,0
60,38,49.96894836425781,92189,3,0.361959388624326,2,0,0,0,0,0,0
41,9,24.17689323425293,96319,3,0.017516502214121765,1,0,0,0,0,0,0
33,12,190.23899841308594,92254,3,0.6636577286902781,2,134,0,0,0,1,1
60,37,37.76195526123047,95469,1,1.1923252491500007,3,0,0,0,0,1,0
38,15,96.991943359375,94080,2,2.239248066788834,1,108,0,0,0,0,0
49,32,22.06385612487793,91943,4,2.0474441463382362,3,162,0,0,0,1,0
49,27,40.58298873901367,90401,3,2.6969825083673316,3,0,0,0,0,0,0
50,23,75.97672271728516,94283,2,1.804628535586625,3,0,1,0,0,0,0
41,17,31.222740173339844,94523,3,0.9543699079539896,2,0,0,0,0,1,0
38,12,190.03695678710938,95589,2,5.560263666979532,1,0,0,0,0,1,0
51,23,25.51996612548828,92639,2,1.4038466717173845,2,0,1,0,0,1,0
40,20,56.10749816894531,94793,3,1.392502139039977,2,0,0,0,0,0,0
26,5,25.429323196411133,95689,1,0.3481569050467486,3,0,0,0,0,1,0
63,34,52.988216400146484,93104,3,1.7814473824534938,2,0,0,0,0,1,0
53,35,35.5347900390625,93190,3,1.3012122257538623,3,0,0,0,0,0,0
64,39,42.8148193359375,94151,1,0.09587271204792774,2,0,0,0,0,0,0
26,0,58.96866226196289,90053,1,1.4090728053237755,3,0,0,0,0,0,0
57,30,68.19525909423828,94901,2,1.8260199566445905,1,0,0,0,0,1,0
59,38,24.294851303100586,96049,3,0.5182816880250498,2,0,0,0,0,1,0
43,17,52.86402893066406,94511,1,0.7405253143182892,3,0,0,0,0,1,0
46,26,152.12777709960938,90700,1,1.6625329512445584,1,0,0,0,0,0,0
28,6,46.72345733642578,93983,4,1.2023987399325162,3,0,1,0,0,0,0
35,25,60.185394287109375,94555,4,0.5955154986012146,1,167,0,0,0,1,0
60,28,130.3727569580078,95762,1,2.2491071969746477,2,0,1,0,0,1,0
52,26,106.3816909790039,91095,3,7.4726180128795345,1,0,1,1,1,1,0
64,37,71.74967956542969,94828,1,0.7018079499525707,1,0,0,0,0,0,0
39,7,53.72693634033203,94549,4,1.9148467814229808,3,0,0,0,0,1,0
64,36,35.694374084472656,93850,1,1.7699753954056252,2,191,0,0,0,0,0
65,39,140.7780303955078,90181,2,0.5554792343667145,1,0,0,0,0,0,0
40,17,49.92293167114258,91124,1,0.48615984599096707,1,0,1,0,1,1,0
53,34,81.9821548461914,94523,2,1.440360799427535,1,0,0,0,0,1,0
55,27,99.33717346191406,94724,4,2.4228874444498185,3,0,0,0,0,0,0
42,31,100.04279327392578,94490,4,1.3469785232575964,2,0,1,0,0,1,1
61,38,58.21879959106445,93898,3,2.0566830467632586,3,300,1,0,0,0,0
56,24,130.80213928222656,94167,1,6.677827444128302,1,0,1,1,0,1,0
24,-1,57.91993713378906,92101,3,2.0436680627702826,2,0,0,0,0,1,0
49,25,63.490970611572266,92030,2,1.7337801963960764,3,0,0,0,0,1,0
44,20,79.33531951904297,91328,1,3.577845132297024,1,0,0,0,0,0,0
33,8,99.76986694335938,94166,2,2.550413702647257,1,234,1,0,0,0,0
61,32,37.23279571533203,92172,3,0.6160654330864224,1,203,1,0,0,1,0
26,4,89.94512176513672,94680,3,0.8610538940101702,2,0,0,0,0,1,0
43,9,189.2074432373047,95307,1,1.638792766369244,1,0,0,0,0,1,0
52,31,43.82290267944336,94983,1,1.095144396826848,3,0,0,0,0,0,0
48,28,112.78178405761719,96650,3,3.812606334339996,2,0,0,1,1,1,1
36,13,73.38493347167969,95325,3,1.3321321576400642,1,0,1,0,0,0,0
39,19,33.53187561035156,91256,2,0.3464434716664904,3,0,0,0,0,1,0
52,25,43.78279113769531,95352,3,0.7400462779541848,2,0,0,0,0,0,0
43,23,42.690574645996094,94081,3,2.5911329960767864,3,0,1,0,0,0,0
35,6,63.066688537597656,95093,2,0.8594137761603019,1,0,1,0,0,0,0
59,32,89.17924499511719,92172,4,1.8896875738936225,1,0,1,0,0,0,1
45,22,97.95409393310547,90095,3,2.587824842129079,1,0,0,0,0,1,0
29,3,14.767059326171875,93611,2,1.867918087400381,2,0,0,0,0,1,0
64,37,68.48096466064453,90440,2,1.8406088461457144,1,0,0,0,0,0,0
28,4,22.815624237060547,95426,3,0.5738041844678909,2,0,0,0,0,1,0
29,21,60.935211181640625,90248,4,1.5321497610346648,2,97,1,0,0,0,0
33,9,68.01692199707031,94189,4,2.5487730861561175,1,0,0,0,0,0,0
56,34,36.4337158203125,94769,1,2.358467451778953,2,178,0,1,0,1,0
60,34,162.5184326171875,90764,2,2.7069393594914235,1,83,0,0,0,0,0
28,15,153.07974243164062,91937,2,1.5166705207216118,1,0,1,0,0,1,0
64,41,30.81927490234375,91147,2,0.24133165719200927,3,0,0,0,0,0,0
29,8,38.615421295166016,92701,1,0.2747104483781412,3,0,1,0,0,0,0
30,32,35.618408203125,95135,2,1.2996290201417555,1,0,0,0,0,0,0
31,0,22.16248893737793,92800,4,0.49457477058008686,1,0,0,0,0,0,0
64,37,57.42479705810547,95233,1,1.414915250134014,2,0,0,0,0,0,0
47,21,12.833428382873535,94798,4,0.7933507907180336,1,102,1,0,0,1,0
27,9,83.19438171386719,90355,3,0.2811445412723993,2,0,0,0,0,0,0
38,19,76.88580322265625,95853,2,1.1880186438789138,3,0,0,0,0,1,0
59,34,72.70913696289062,91002,3,2.397770376647994,2,136,0,0,0,1,0
29,22,98.43772888183594,91757,1,1.7712486819015223,2,148,0,0,0,1,0
44,18,79.99871826171875,92730,2,0.029232620650110064,2,0,0,0,0,1,0
46,22,56.98782730102539,91232,1,2.5640543308037613,1,156,0,0,0,0,0
54,17,60.37657165527344,91471,3,0.33230404082840265,2,0,0,0,0,0,0
36,3,94.51113891601562,95102,4,5.987320049186321,2,0,0,0,0,1,0
35,6,30.841657638549805,94129,4,2.610119186337712,2,0,0,0,0,0,0
54,25,172.6078338623047,95389,2,1.9284477215978986,1,0,1,0,0,1,0
63,35,76.5732421875,89876,2,1.0989370031709993,3,419,0,0,0,0,0
46,15,70.76315307617188,94516,4,3.09192493793738,1,0,0,0,0,1,1
34,6,69.15460968017578,94399,2,0.8860097241354105,1,0,1,0,0,0,0
30,6,137.1527099609375,94355,2,1.8872224516477065,1,0,0,0,0,1,0
63,36,78.12557220458984,92507,2,1.8274521520322922,2,0,0,0,0,1,0
43,1,69.67378997802734,92101,4,1.3633408706812045,3,0,0,1,0,1,0
31,4,45.95101547241211,93037,4,0.7203095501945291,1,0,1,0,0,0,0
39,22,133.3537139892578,93135,4,4.028256107386769,3,0,0,0,0,0,1
64,40,35.87440490722656,95448,2,0.63588289689992,2,151,1,1,1,1,0
63,24,29.98896598815918,90259,3,1.634493270130354,1,0,0,0,0,1,0
36,14,27.33449935913086,90524,1,0.5990061542631185,1,93,0,1,0,0,0
51,22,62.30873107910156,90262,4,1.3302481829016077,3,368,0,0,0,0,0
57,36,63.60813903808594,93927,1,0.8185174339060012,3,0,0,0,0,1,0
29,3,39.542301177978516,94321,4,1.7773021558067115,3,99,0,0,0,0,0
44,18,69.586181640625,91946,4,0.2876561371162799,1,0,0,0,0,0,0
27,3,62.06640625,95480,1,2.4794928904388134,1,0,0,0,0,1,0
53,40,130.91748046875,93060,2,1.176801347671238,1,0,0,1,0,0,0
35,9,21.47503662109375,95310,4,2.4902947946421548,2,0,1,0,0,1,0
35,6,37.21269226074219,94615,1,0.46941011750282813,3,170,0,1,0,1,0
46,26,69.19053649902344,91414,2,2.51705418390951,1,0,0,0,0,1,0
41,16,46.63983917236328,91745,2,0.41966904582413456,1,0,1,0,0,0,0
59,40,36.05331039428711,92213,2,1.5152839763655965,1,281,1,0,1,1,0
43,17,73.68596649169922,91639,1,1.5102121552696037,3,0,1,0,0,0,0
29,3,161.492919921875,91639,2,5.6052413833845325,1,317,1,0,0,0,0
58,38,47.97233963012695,92982,4,2.475091918783262,3,0,0,0,0,1,0
58,24,109.70958709716797,90102,2,3.0743612491385854,2,388,0,0,0,1,1
33,7,57.74897384643555,91966,4,2.167322694514397,1,320,0,0,0,0,0
31,7,49.8166389465332,94759,1,0.6809292210435396,2,0,0,0,0,0,0
42,23,95.45207214355469,95342,3,0.7034573485534849,1,0,1,0,0,0,0
44,18,104.1584243774414,94664,1,0.6650291990509866,3,0,0,0,0,1,0
52,27,198.39097595214844,92289,1,7.144793343739489,1,150,0,0,0,0,0
36,20,25.02724838256836,92133,4,1.2074525013983837,1,96,0,1,0,0,0
60,37,104.71564483642578,92751,4,2.2370048426201308,2,0,0,0,0,0,0
49,21,208.2027130126953,95380,1,7.56107086993443,1,0,0,0,0,1,0
27,16,17.834369659423828,95400,2,0.4844913452074713,1,0,1,0,0,1,0
42,24,58.77799606323242,96042,3,0.6436417628349331,1,0,0,0,0,1,0
49,8,67.19309997558594,95397,3,0.3768801302093929,2,0,1,0,0,1,0
66,35,97.58243560791016,95568,2,2.224684960185967,3,0,0,0,0,1,0
48,20,73.21273803710938,91499,1,1.765101845610657,3,0,1,1,0,1,0
60,26,43.706451416015625,91858,4,1.5794109909068708,3,0,0,0,0,0,0
32,6,69.14895629882812,91982,4,1.5896758402970503,3,0,0,0,0,1,0
64,33,68.97413635253906,92638,1,1.5255730047313953,2,0,0,0,0,1,0
50,29,21.18511962890625,90266,2,0.6241796150865058,1,211,1,0,0,0,0
35,15,115.78133392333984,92053,4,2.4915575809187596,1,0,0,0,0,0,0
29,7,64.29844665527344,95872,4,4.867988741206165,1,0,0,0,0,0,0
51,24,86.28246307373047,91578,3,0.8710883247726114,3,0,0,0,0,0,0
29,17,22.103097915649414,91064,2,0.2793013686415357,3,0,0,0,0,1,0
24,-1,114.70138549804688,90239,2,2.4760722666746973,3,0,0,0,0,0,0
37,18,63.49544906616211,91460,3,0.4825865247653816,3,0,1,0,0,1,0
25,3,84.36918640136719,92630,2,1.768837266294731,1,0,1,0,0,0,0
59,30,58.47810745239258,92870,1,1.3170666575668428,3,0,0,0,0,1,0
34,10,62.44811248779297,94529,2,0.4728403650552933,1,0,1,1,0,1,0
36,5,43.729156494140625,91344,1,0.5550174516402449,3,0,0,0,0,1,0
60,35,43.2958869934082,94469,4,0.9291284816341359,1,0,1,0,0,1,0
29,7,75.36085510253906,93630,2,2.3508783880289843,1,0,0,0,0,0,0
58,31,41.50278091430664,94905,1,0.7424952122175095,1,0,0,0,0,0,0
43,15,40.561424255371094,94063,4,0.49356625142904414,2,170,0,0,0,1,0
44,18,97.11996459960938,95861,3,6.739942828812652,1,0,1,0,1,0,0
39,22,141.31312561035156,94279,1,2.1576662323785953,3,0,1,0,0,1,0
54,31,140.9425811767578,95121,1,3.61288671193648,1,0,1,0,0,0,0
51,21,82.35054016113281,89992,3,2.3438624104527443,2,0,0,0,0,1,0
44,22,92.68415069580078,91759,2,1.2096741363250745,1,190,0,0,0,1,0
26,10,36.582908630371094,91971,1,1.3918162604330264,2,0,0,0,0,0,0
45,26,89.7782211303711,95786,4,2.184113907676548,3,0,0,1,0,1,0
29,-2,81.38870239257812,94419,3,1.4240650191217212,1,0,0,0,0,0,0
34,8,76.36384582519531,91447,2,2.4348423072631613,1,0,0,0,0,1,0
38,19,69.04145812988281,95442,3,1.3468789598311313,2,0,0,0,0,0,0
60,36,87.91505432128906,93864,2,0.4676130871549141,1,0,0,0,0,1,0
44,9,83.75143432617188,95163,2,1.3366809273415523,1,0,1,0,0,1,0
45,18,75.94779205322266,95516,1,1.3011607382646087,1,315,0,0,0,1,0
42,18,42.82461166381836,92102,4,1.2626439024903926,2,0,0,0,0,1,0
38,14,75.7078857421875,94225,3,1.8550262682996557,1,0,1,0,0,1,0
42,12,60.97234344482422,90177,1,0.9714349702041449,1,0,1,0,0,0,0
39,14,141.8788604736328,95289,3,0.9146998612960473,2,387,1,0,1,1,1
35,6,80.69094848632812,91278,4,1.081085175890052,1,0,0,0,0,1,0
49,30,95.12924194335938,94370,4,2.029133419171202,1,0,0,0,0,1,0
35,5,49.008766174316406,95422,3,2.2321197650716718,3,0,0,0,0,1,0
61,32,39.30400085449219,95330,2,0.9717673811623481,1,0,0,0,0,1,0
58,34,54.93537521362305,95293,4,1.5090200730268215,1,0,0,0,0,0,0
60,21,57.37250518798828,95951,1,1.7146136043529019,1,361,0,0,0,0,0
51,27,47.98542785644531,92661,4,0.30737503915683273,1,0,0,1,0,0,0
59,35,58.9786376953125,94384,4,2.0821208606961465,2,0,1,0,0,1,0
32,9,146.82237243652344,94462,2,0.9384367132278154,3,188,0,0,0,1,0
36,10,23.59848976135254,94603,4,0.08020813882224703,2,0,1,0,0,1,0
32,7,45.639564514160156,91964,4,1.2965735269892797,1,0,1,0,0,0,0
55,28,37.071693420410156,90355,4,0.8018991264037681,3,217,0,0,0,1,0
36,16,154.26278686523438,94399,2,0.37646253286144055,1,0,0,0,0,0,0
26,0,32.05327606201172,92403,4,1.0479267759021897,1,0,0,0,0,0,0
28,9,39.711769104003906,92268,3,0.4616911204333812,1,170,0,0,0,1,0
57,24,97.28413391113281,94004,4,2.196590225550973,2,0,0,0,0,0,0
33,9,105.79859924316406,91045,2,2.4520724768790036,1,0,0,0,0,1,0
25,3,75.1911392211914,95010,2,1.4246463386460873,3,363,0,1,0,1,0
62,31,13.174052238464355,94192,3,1.182782932759662,3,0,1,1,0,1,0
38,12,42.098514556884766,92399,3,0.10551408353967812,2,0,0,0,0,0,0
34,6,72.90331268310547,91596,1,3.6206769222932795,1,0,1,1,1,1,1
28,8,31.058048248291016,91719,4,0.17679672584472428,2,0,1,0,0,1,0
58,29,182.7376708984375,90373,2,4.968155085222995,2,0,0,0,0,1,0
50,11,26.918437957763672,93535,1,2.293758644379755,2,0,1,0,0,0,0
45,22,67.4169921875,90205,3,1.2598538808780024,1,223,0,0,0,1,0
53,28,103.66808319091797,94035,2,3.0567487814370877,1,0,1,0,0,1,0
43,18,96.11958312988281,92640,2,2.855456732259107,1,0,0,0,0,1,0
43,14,24.87386703491211,95661,4,0.06060709370100287,1,0,1,0,0,0,0
36,13,41.22792053222656,94327,1,0.20415074905451386,2,94,0,0,0,0,0
55,32,157.9633331298828,92846,2,4.534086183796905,3,0,0,0,0,1,1
48,26,69.69081115722656,91956,2,0.7957330307775243,1,0,0,0,0,1,0
55,21,90.19319915771484,95679,1,5.548583980789253,3,0,1,0,0,0,0
66,43,100.10492706298828,90855,2,3.200015284231667,1,418,0,0,0,0,0
27,1,190.5095672607422,90037,3,4.589475886864935,3,371,0,0,0,1,1
39,6,131.54434204101562,94604,2,6.04503680677954,3,226,0,0,0,0,1
55,33,52.152191162109375,91213,3,1.2182603477649687,2,0,0,0,0,0,0
40,13,56.77796936035156,90192,4,0.09310157660640733,2,0,0,0,0,0,0
56,33,91.20979309082031,92861,4,2.377436707413771,1,0,1,0,0,1,0
25,3,151.4053192138672,92081,2,4.06354054679693,1,0,0,0,0,1,0
64,37,61.45978927612305,95492,2,2.55644122441796,3,0,0,0,0,0,0
28,6,95.56316375732422,92080,2,1.7331600278396675,1,0,1,0,0,0,0
38,15,39.956809997558594,96006,3,0.5891596454842918,1,0,1,0,0,1,0
49,33,140.21649169921875,94932,1,0.3985224188892965,3,405,1,0,0,0,1
33,15,33.776126861572266,96062,2,0.17923706828386032,3,0,0,0,0,1,0
61,33,150.10296630859375,95110,4,1.5244097162473682,3,0,0,1,1,0,1
63,40,22.231464385986328,92214,4,0.6729340926943286,1,0,0,0,0,0,0
28,1,51.29671096801758,92506,2,0.3194351155431887,3,0,1,0,0,1,0
32,12,54.870784759521484,91925,1,1.5980018255906234,3,0,0,0,0,1,0
25,5,31.809789657592773,92913,1,0.6285941054686432,2,0,0,0,0,0,0
36,4,39.36834716796875,95709,3,0.29180668439232393,2,0,0,0,0,1,0
41,18,27.725553512573242,93334,4,0.40081521385721414,3,0,0,0,0,0,0
56,36,126.73223114013672,94083,3,1.8823587962412818,1,0,0,0,0,0,0
53,25,150.27268981933594,94850,4,5.696054397209195,3,0,0,0,0,0,1
59,34,40.523868560791016,91499,2,0.6680396292049876,1,207,0,0,0,1,0
61,35,49.435035705566406,94028,3,0.611546330432923,2,0,0,0,0,1,0
32,6,92.75169372558594,92115,3,1.81947529743189,2,126,1,0,0,1,0
59,35,77.07707214355469,95150,3,1.7601220069871726,2,0,0,0,0,0,0
37,10,17.202205657958984,95577,3,1.0010567411859743,2,0,0,0,0,0,0
29,8,61.00138854980469,92390,4,1.5681665682864652,2,0,0,0,0,1,0
47,15,21.143417358398438,91778,4,0.3487026770310051,1,0,1,0,0,0,0
60,32,128.62655639648438,92152,1,2.782505711240872,1,0,0,0,0,0,0
36,11,56.495933532714844,94344,2,0.8009253171646754,1,0,1,0,0,1,0
26,2,28.56070899963379,94339,3,1.6597207371782554,2,0,0,0,0,1,0
55,38,100.68563079833984,90346,1,1.4313494101143425,1,0,0,0,0,0,0
42,17,153.50186157226562,94779,2,4.679843351131305,1,0,1,1,1,1,0
57,32,19.078449249267578,94730,4,0.38688335179279065,2,0,0,0,0,1,0
28,5,63.3842658996582,93606,4,1.6472625480910184,2,156,0,0,0,0,0
40,23,30.32833480834961,94510,4,0.4801764707896001,1,0,1,1,0,1,0
61,36,56.440696716308594,95840,1,1.375230906920236,1,0,1,0,0,0,0
33,12,92.01385498046875,95691,3,1.0913037904898217,3,0,0,0,0,1,1
61,39,91.41242980957031,91885,1,3.301988656426423,2,411,1,0,1,1,0
47,20,103.77483367919922,94647,1,0.1646342576273165,1,139,0,0,0,1,0
52,36,107.97258758544922,91940,1,2.119261515450619,1,0,0,0,0,1,0
50,21,74.18305969238281,95842,1,2.2479940513318675,2,0,0,0,0,1,0
50,22,152.29672241210938,95564,2,7.281647753883467,1,0,0,0,0,1,0
38,8,130.9884033203125,96099,2,6.000193329125161,1,244,0,0,0,1,0
31,12,57.02609634399414,95455,4,2.0159525792476,2,0,0,0,0,0,0
51,22,50.21324157714844,92488,1,0.29718786064944597,3,0,0,0,0,1,0
39,12,106.31538391113281,95447,1,2.8405007253404277,1,0,0,0,0,0,0
31,3,59.686763763427734,94937,2,3.5338214268702677,2,0,0,1,0,1,0
30,4,80.63431549072266,90229,2,1.952289386398757,1,0,0,0,0,1,0
30,11,103.70030212402344,94934,1,0.21099922052203784,1,163,0,0,0,1,0
62,35,58.65237808227539,90012,2,0.02657932134248625,3,0,0,0,0,0,0
64,38,17.115083694458008,95721,4,0.06276237350871847,1,0,0,0,0,0,0
49,14,204.56419372558594,94761,1,5.38281975029522,3,0,1,0,0,0,1
42,10,168.72811889648438,94970,2,4.328286172551144,1,0,1,0,0,0,0
58,32,59.31917953491211,91546,4,2.608108479997626,3,0,1,0,0,1,0
44,23,51.010040283203125,91099,3,1.9257592302050939,2,0,0,1,0,0,0
33,13,98.15332794189453,94871,1,2.3497093011732835,1,0,0,0,0,1,0
43,22,24.59713363647461,94561,4,0.5277785082576073,1,0,0,0,0,0,0
47,5,78.40815734863281,92302,3,1.7599297678951173,2,0,0,0,0,0,0
38,15,116.72723388671875,91225,3,3.0822193841505565,3,0,1,0,0,0,1
48,19,38.012237548828125,94735,4,0.327533878611143,3,110,1,0,0,0,0
49,28,38.86329650878906,91350,3,2.3440202161106187,2,0,0,0,0,0,0
61,34,45.684818267822266,91144,3,0.36242952631792985,3,0,1,0,0,0,0
31,8,25.34758186340332,95501,4,0.7338055884375514,3,0,0,0,0,1,0
60,35,34.91883850097656,91904,2,1.8085070783937707,3,0,1,0,0,0,0
34,10,76.98289489746094,91212,4,2.0093833005096515,3,0,1,0,0,0,0
50,21,36.73291778564453,94267,3,0.17522378864190713,3,0,0,0,0,0,0
44,31,31.183292388916016,93169,4,1.5893870164384916,3,0,0,0,0,0,0
59,34,177.49063110351562,94480,2,1.995526240592357,1,0,0,0,0,0,0
51,25,23.268108367919922,92730,2,0.780780498302866,3,153,0,0,0,1,0
60,32,147.14291381835938,91541,1,3.029352862156557,3,0,0,0,0,0,1
41,4,67.31639099121094,94989,1,2.028447239746796,3,172,0,0,0,1,0
31,13,67.16680908203125,92781,2,1.7364540713775705,1,0,0,0,0,1,0
56,22,133.32916259765625,95351,4,2.04372782779425,2,0,0,0,0,1,0
39,17,145.5182647705078,94629,1,2.101576459352861,2,0,0,1,0,0,1
35,24,104.7588882446289,92191,4,0.7649634601359367,2,0,0,1,0,0,0
59,30,40.54029083251953,94401,2,0.6835167495851586,2,0,0,0,0,0,0
33,11,69.49462890625,94143,1,1.933908366145308,2,83,1,0,0,1,0
57,29,21.88701057434082,93018,4,0.12119607103650062,2,0,0,0,0,0,0
62,34,87.91394805908203,91798,2,1.2011253344111545,1,0,0,0,0,0,0
55,20,143.1680145263672,95165,1,3.5736370359605902,1,0,0,0,0,0,0
26,3,30.85196304321289,94150,2,0.2497117737209239,1,0,0,0,0,0,0
49,24,81.25611877441406,92588,2,0.45547728087694334,1,361,1,0,0,1,0
43,13,140.6392364501953,92039,2,0.37348552530278084,1,0,1,0,0,0,0
49,31,59.97828674316406,93282,4,1.9047985176298823,1,0,0,0,0,1,0
63,41,61.090911865234375,90277,4,1.2577399689909625,3,0,1,1,0,1,0
61,24,142.5262451171875,94964,3,1.0586252983548465,2,0,0,0,0,1,1
63,39,60.28681564331055,91275,4,1.616345893204379,2,0,0,0,0,1,0
64,31,39.485511779785156,92007,2,1.5096428555628154,2,0,0,0,0,1,0
41,14,84.63612365722656,95090,4,2.280622851488783,2,0,1,0,0,1,1
62,35,55.671661376953125,92648,1,3.598940791270562,1,0,1,0,0,1,0
56,28,29.778491973876953,91133,3,0.9517919594463085,2,0,0,0,0,1,0
40,10,30.33820343017578,90584,2,0.8585536825042402,3,0,0,0,0,0,0
27,4,63.31427764892578,90618,3,2.1580227183668286,2,0,0,1,0,1,0
26,9,43.60190200805664,92065,1,1.612438534917202,3,0,0,0,0,1,0
63,38,103.51016998291016,92069,4,4.868843509462028,1,0,0,0,0,1,0
60,33,44.422889709472656,92783,4,1.9080063619090009,2,0,0,0,0,1,0
59,25,66.54672241210938,92834,1,1.093317289688856,3,0,0,0,0,1,0
36,12,36.49834442138672,95744,2,0.5646549435135244,1,0,0,1,0,1,0
53,22,31.278608322143555,94868,4,0.2412488840483249,3,0,0,0,0,0,0
59,33,39.97431945800781,95341,2,0.0787830080135338,1,363,0,0,0,1,0
66,40,35.746212005615234,95004,3,2.0138992472705617,3,96,0,1,0,1,0
60,34,23.52977180480957,94236,3,1.6297438061888283,2,146,0,0,0,1,0
34,9,20.336767196655273,91767,3,0.5157604098152186,1,0,0,0,0,1,0
57,25,142.24346923828125,92578,1,2.324388884166744,1,0,0,0,0,0,0
60,39,166.9125213623047,90540,1,2.579423652872169,1,0,0,0,0,1,0
50,25,30.7381649017334,94035,2,0.576124869310624,3,0,0,0,0,0,0
43,19,62.43239974975586,90428,1,4.368569504411008,2,0,0,1,1,1,1
32,4,40.440216064453125,92083,4,0.3744012731855402,2,0,0,0,0,1,0
36,20,204.3693389892578,91756,2,5.702301572572718,3,0,1,0,1,1,1
41,15,124.8990707397461,90827,1,0.8726218912882289,1,196,1,0,0,0,0
30,4,52.719200134277344,94966,2,1.6005905121461368,3,0,0,0,0,1,0
33,7,16.174999237060547,92343,3,0.21816192385076683,2,0,0,0,0,0,0
46,21,31.829023361206055,94704,1,1.1642469141465703,1,0,0,1,0,1,0
58,36,30.58565330505371,90976,4,1.0336343358968014,1,0,0,1,0,1,0
44,11,24.02082061767578,92817,2,5.089459840734039,1,0,1,0,0,1,0
52,28,86.71372985839844,92491,4,3.41615119918347,2,0,0,0,0,0,0
63,32,110.53873443603516,95028,3,2.1561305400959525,2,146,0,0,0,1,0
43,28,106.37847137451172,94668,1,1.3507498939320213,2,0,1,1,0,0,0
63,39,71.558837890625,94075,4,1.8581940052960157,1,0,1,0,0,1,0
48,14,34.99681854248047,93277,1,2.08619240350831,1,0,0,0,0,1,0
56,24,21.632518768310547,92810,3,0.6864327921049704,2,0,0,1,0,0,0
63,38,104.31371307373047,94571,1,3.822993298712847,1,0,0,0,0,0,0
46,14,24.953632354736328,92056,4,0.2687097404308194,2,0,0,0,0,0,0
47,31,111.59911346435547,94466,1,1.6208189603733392,1,0,1,1,1,1,1
37,26,34.94612121582031,91001,1,2.5471250445761258,3,0,1,0,0,1,0
59,34,54.22903823852539,95701,2,2.1942763248196258,2,161,0,1,0,1,0
51,23,136.26654052734375,94802,3,3.75476665385383,2,0,1,0,0,0,1
34,8,47.31062316894531,90372,1,1.8619564587242672,3,0,1,0,0,0,0
47,30,17.66689682006836,95281,3,0.7050767124293826,3,0,0,0,0,1,0
41,18,76.47943878173828,94821,4,1.9614052598596923,2,0,0,0,0,0,0
61,32,106.5576171875,92309,1,2.6775927739073757,2,251,0,0,0,1,0
41,22,56.54459762573242,91122,1,0.6974695971564399,2,148,0,0,0,0,0
50,14,71.74653625488281,91168,1,2.6904145045107315,1,0,0,0,0,0,0
28,10,30.48362159729004,94233,3,2.661150380753112,2,0,0,0,0,0,0
58,32,41.21315383911133,92293,1,1.0767827593338222,2,0,1,0,0,0,0
30,4,23.23008918762207,92091,4,0.5969070378173035,1,0,1,0,0,0,0
30,5,13.206740379333496,94387,3,1.5334165844917722,2,0,1,1,1,1,0
57,25,51.72602081298828,94860,1,2.5978210193930424,1,0,0,0,0,0,0
34,8,56.92158508300781,95413,4,2.7836017418608217,3,104,0,1,0,0,0
29,9,83.85353088378906,94629,2,1.0586992662422232,1,0,0,0,0,0,0
41,26,45.338775634765625,95241,2,0.16263855870967506,2,0,1,0,0,1,0
46,23,70.732666015625,95099,4,1.7556311275732563,1,108,0,0,0,0,0
33,5,173.66104125976562,95310,4,1.4875594615595442,2,0,0,0,0,1,1
55,28,62.381629943847656,92168,4,1.4988350042648733,3,123,1,0,0,1,0
50,20,103.19389343261719,92744,1,1.1889861773429404,1,0,1,0,0,1,0
30,8,86.9259033203125,92163,3,2.3144031323659324,1,0,0,0,0,1,0
58,18,14.317078590393066,92672,2,0.9292176097953133,3,0,0,0,0,1,0
63,37,54.303077697753906,91248,1,1.5391886280181444,1,156,1,0,0,1,0
65,36,36.06698226928711,92981,1,0.8224903420552289,3,91,0,0,0,1,0
47,16,36.98253631591797,93191,1,1.856071663239274,1,170,0,0,0,1,0
32,9,176.75177001953125,92307,1,8.625799742814767,1,0,0,0,0,1,0
30,5,72.16252899169922,94352,2,1.2354370121143643,3,0,1,0,0,0,0
44,13,29.142261505126953,94855,1,1.3336104472207175,2,0,0,0,0,0,0
37,11,37.71781539916992,94612,3,1.108958838869237,1,0,0,1,0,1,0
39,15,172.0715789794922,95722,1,2.0777332839791476,1,0,1,1,1,1,0
36,12,90.57608032226562,92170,1,1.1972866315511415,3,0,0,0,0,0,0
62,35,22.33815574645996,93412,4,0.15397010704700317,1,130,0,0,0,0,0
30,11,67.66426086425781,94974,1,0.7148101425384564,2,0,0,0,0,1,0
57,35,65.49436950683594,94000,3,2.0313743944935574,2,0,0,0,0,0,0
38,16,199.2365264892578,94845,1,6.929430473206124,1,323,0,0,0,0,0
29,14,53.59306335449219,95156,2,0.8114068197208315,2,0,0,0,0,1,0
48,22,63.141693115234375,91502,3,1.02629653308792,3,0,1,0,0,1,0
60,28,41.97564697265625,92044,4,1.1549496983684908,1,142,1,0,0,1,0
29,12,65.76841735839844,94615,1,3.0152597826627243,1,0,1,0,1,1,0
63,33,46.454078674316406,94290,3,1.283631705310812,2,0,0,0,0,1,0
58,25,15.483144760131836,95181,4,0.17308773356433757,3,0,0,0,0,0,0
39,18,164.63113403320312,92324,2,2.808611079425717,1,0,0,0,0,0,0
48,19,45.23781204223633,94448,4,0.5777697852106104,2,0,1,0,0,1,0
39,14,66.00990295410156,92781,2,0.23463800601912022,2,0,0,0,0,0,0
28,6,64.670166015625,91176,2,1.0008809659834583,1,0,1,0,0,0,0
60,38,26.02678108215332,91921,4,0.1447305532551212,2,0,0,0,0,0,0
60,35,64.43479919433594,92089,2,0.5141813316212203,2,0,0,0,0,1,0
41,13,56.94282531738281,91860,2,0.8636646592197259,3,133,1,0,0,1,0
46,22,41.96246337890625,95075,4,1.2355415237496312,3,0,0,0,0,0,0
60,39,35.76416015625,89777,2,0.05936873974208262,1,0,0,0,0,0,0
60,42,45.602176666259766,94255,4,0.0165085584694859,1,0,1,0,0,0,0
54,23,50.681724548339844,94725,4,2.263832705249386,3,0,0,0,0,1,0
58,26,27.459672927856445,95883,4,0.11509455066952948,3,0,0,0,0,1,0
52,34,184.91744995117188,92185,2,5.45387188850786,1,0,1,0,0,0,0
39,20,86.14065551757812,92857,2,1.3178008441684705,1,0,1,1,0,0,0
66,42,92.88241577148438,90139,2,2.592264183269949,3,0,0,0,1,1,0
31,11,81.37554168701172,91881,1,3.468569076765616,1,162,0,1,0,1,0
55,26,42.161285400390625,95493,1,1.1668610910374342,3,0,0,0,0,1,0
38,7,56.83856964111328,91105,3,0.08298335105274829,3,0,0,0,0,1,0
55,19,20.17404556274414,91919,3,0.31456974989217484,1,0,1,0,1,1,0
37,11,148.600341796875,95063,4,4.024049281578611,2,0,0,1,0,1,1
50,24,172.90357971191406,92834,1,6.309690083888913,1,0,1,0,0,0,0
45,23,134.61648559570312,92704,1,3.3158482460671035,1,223,0,0,0,0,0
59,38,148.2692108154297,90222,3,6.3098321095683,2,92,1,0,0,1,1
29,8,61.19968795776367,94200,2,2.5532079681904696,1,226,1,0,0,0,0
41,21,133.76486206054688,93654,2,2.1510454117751756,1,148,0,0,0,1,0
52,27,31.081924438476562,94238,3,1.009945355346236,2,0,0,0,0,0,0
34,19,45.15849304199219,92232,2,1.8429561493454991,2,0,1,0,0,1,0
51,28,118.67620849609375,93027,3,2.0521969547790158,1,0,1,0,0,0,0
65,37,36.84288787841797,95982,3,0.43625526124469816,1,232,1,0,0,1,0
53,29,19.90963363647461,90238,1,2.642377156710484,1,0,0,0,0,1,0
45,27,57.28546142578125,94282,4,0.12530229625726294,1,0,0,0,0,1,0
49,26,177.80955505371094,95889,2,4.882799034636912,2,0,1,0,0,1,1
42,22,139.52398681640625,91795,1,4.208964587392435,1,0,0,0,0,1,0
57,32,63.047027587890625,90202,4,0.12176197623662649,1,0,0,0,0,0,0
55,28,81.95659637451172,90307,4,0.08383025381470766,2,0,0,0,0,1,0
29,2,43.896846771240234,95969,4,1.8666450395769814,3,0,0,0,0,0,0
52,19,86.92717742919922,93019,3,1.8687467643805866,2,0,0,0,0,1,0
52,32,45.83514404296875,95559,3,0.260178232597879,2,0,0,0,0,0,0
34,7,50.71909713745117,90935,3,0.957953342903666,1,0,1,0,0,0,0
36,12,148.15151977539062,94469,3,1.820614841964263,3,115,0,0,0,0,1
56,40,14.931248664855957,94906,2,1.8450555578302252,1,175,0,0,0,1,0
44,18,48.790992736816406,90592,2,2.188491371010627,1,0,0,0,0,1,0
46,33,18.393917083740234,92953,1,0.6671609798884243,3,0,1,0,0,1,0
36,4,73.01095581054688,93645,1,2.9185155855354212,3,0,0,0,0,1,0
35,7,85.70158386230469,93854,3,2.1770304053537983,3,0,0,0,0,0,0
28,4,185.73153686523438,93185,2,5.6968290146837415,1,115,0,1,0,0,0
50,8,55.31467056274414,94279,1,0.7154042848791421,3,0,0,0,0,1,0
31,4,31.644363403320312,94135,4,1.626910082700645,2,153,0,0,0,0,0
51,21,73.52167510986328,91919,2,1.9384765072916323,3,263,1,0,0,0,0
30,0,95.32550048828125,94072,1,1.8075168456822992,1,0,0,0,0,0,0
30,5,37.811798095703125,93996,4,1.8904468229553077,3,0,0,0,0,1,0
35,2,27.532073974609375,94312,4,1.3359464141458313,1,0,1,0,0,0,0
30,4,67.98078155517578,93358,4,2.0608609550005625,3,0,0,0,0,1,0
51,25,31.074481964111328,92505,1,1.8628856132951055,2,0,0,1,0,1,0
54,26,59.222103118896484,94170,3,1.0957555014918485,2,0,0,0,0,0,0
33,5,61.53684997558594,95212,3,1.7264129821084186,2,0,1,0,0,1,0
61,36,26.89120864868164,93623,2,1.0627943422189654,3,0,0,0,0,1,0
29,7,29.969995498657227,95657,4,0.4642734169117791,3,0,1,0,0,1,0
32,7,53.27766418457031,95846,2,1.2883665382244773,1,0,1,0,0,1,0
64,37,55.2468147277832,91319,4,1.3483215304705287,1,160,0,0,0,0,0
59,33,142.7771453857422,91706,2,2.3904742872098175,1,0,0,0,0,0,0
49,19,45.971092224121094,94289,4,1.2983965667987514,1,95,1,0,0,0,0
29,2,40.321693420410156,94282,4,2.0315359540124676,2,0,0,0,0,0,0
50,33,144.03501892089844,94907,2,2.1657125624668367,3,283,0,0,0,1,1
65,37,64.11149597167969,95413,3,1.0677228948212498,3,0,0,0,0,1,0
28,16,60.33368682861328,91901,4,1.7662330494932554,1,0,1,1,0,1,0
28,6,87.76127624511719,91821,1,1.6374950974469642,1,0,1,0,0,1,0
60,33,47.2240104675293,95033,3,0.4302153746359204,2,0,0,0,0,0,0
57,32,112.17562866210938,91792,4,0.6765357450106898,2,0,0,0,0,0,1
39,15,24.237945556640625,91340,2,0.2473843165563988,1,0,1,0,0,0,0
33,10,76.54449462890625,92076,1,2.271749265493928,3,0,0,0,0,0,0
60,26,34.36090850830078,90564,3,0.8207424908951869,2,0,0,0,0,1,0
33,5,70.56736755371094,95003,4,2.8390130917530083,1,0,1,0,0,1,0
29,14,30.36368179321289,93208,3,3.4495953253236467,1,157,0,0,0,0,0
55,32,36.23100280761719,91498,3,1.505960658284292,2,0,0,0,0,1,0
51,28,65.04286193847656,91311,1,1.7306071211099687,1,110,1,0,0,1,0
44,11,26.649906158447266,94610,4,2.521463702604005,2,70,1,0,0,1,0
41,18,40.39376449584961,94822,4,1.4776290684938747,1,0,1,1,0,1,0
57,10,25.623001098632812,94211,2,1.5284850476183947,3,0,1,1,0,0,0
59,27,20.235294342041016,91970,4,0.3892471021449736,3,0,0,0,0,0,0
53,9,27.120826721191406,92777,3,0.44378269257573244,3,0,0,0,0,1,0
43,6,20.546100616455078,94401,2,1.9335688644821376,1,83,0,0,0,1,0
43,20,55.3537483215332,91080,3,0.8874028887454349,2,0,1,0,0,1,0
60,36,165.76144409179688,91953,3,0.9890564258236405,1,0,0,0,0,1,0
57,32,83.3613510131836,96044,1,2.0852189629341376,3,0,1,0,0,1,0
50,11,68.93904876708984,94698,1,1.143812102655224,2,0,0,1,0,1,0
34,9,29.991535186767578,92348,3,0.40576641050663226,3,102,0,0,0,0,0
43,17,167.64572143554688,92085,2,7.752554879093194,1,0,0,0,0,1,0
32,7,189.02264404296875,92619,2,1.2946298670627985,1,0,0,0,0,1,0
58,30,34.27757263183594,92936,2,1.6945765320918482,3,0,0,0,0,0,0
48,29,175.50978088378906,94629,2,3.633000634954337,1,0,0,0,0,1,0
25,1,86.19181823730469,92030,2,1.942521729683888,3,0,0,0,0,0,0
27,2,29.215646743774414,93135,4,1.6481793009455397,3,0,1,0,0,1,0
50,25,31.39504051208496,94587,2,1.9528085100044328,3,145,1,0,0,1,0
35,5,34.630271911621094,91701,2,0.8732152178712622,1,0,0,0,0,0,0
55,24,62.36311340332031,91538,1,1.2257855543608387,3,0,0,1,0,0,0
58,33,75.6318588256836,92885,2,0.15205837956245902,1,179,0,0,0,0,0
31,8,140.509765625,92190,1,1.929134745088596,1,255,0,0,0,1,0
37,20,94.85044860839844,93211,4,5.330782356448117,1,0,0,0,0,1,0
31,15,91.46895599365234,92235,3,0.12091016716992364,3,0,0,1,0,1,0
29,2,35.74172592163086,92798,3,1.8881451743112907,3,0,0,0,0,1,0
29,6,98.27626037597656,96142,1,1.888104909322966,2,116,0,0,0,1,0
48,18,154.46116638183594,90009,1,5.755997031235823,1,0,0,0,0,1,0
38,36,74.68426513671875,92087,2,1.0662454784940159,1,0,1,0,0,0,0
56,31,101.22665405273438,91206,3,3.130203523953805,3,0,0,1,0,1,0
48,23,107.80931854248047,94479,1,1.2223724721433167,1,0,0,0,0,1,0
49,16,128.82369995117188,91737,1,1.0339027787667194,1,0,0,0,0,1,0
38,26,129.59938049316406,94424,3,0.03996901483458537,1,0,1,1,1,1,0
43,14,65.72409057617188,94699,4,2.189486255706179,3,0,0,0,0,0,0
64,36,68.60105895996094,95907,1,0.18158062280313503,3,0,0,1,0,0,0
56,31,74.80574035644531,92294,2,0.4658653399542086,2,0,0,0,0,1,0
58,3,82.19921875,91970,2,0.5800978249339296,1,146,1,0,0,1,0
46,9,13.157926559448242,91122,3,0.3514650532374149,1,0,0,0,0,1,0
25,9,70.1834716796875,94122,2,1.8281102954365416,1,0,0,0,0,1,0
33,12,55.47144317626953,91113,4,1.8831525405635696,2,0,0,0,0,0,0
36,23,39.71780776977539,95439,4,1.3419718017596178,3,0,0,0,0,0,0
42,14,64.73805236816406,94795,1,0.28220816314385894,1,241,0,0,0,1,0
44,17,125.51492309570312,94755,1,2.8257637702562994,1,0,0,0,0,1,0
49,26,63.24613952636719,90183,2,2.770558009776865,3,0,0,1,0,1,0
33,1,72.1216049194336,94544,4,0.3796326548712168,2,0,0,0,0,0,0
46,20,191.07156372070312,93876,1,0.6688405568421537,1,0,1,0,0,0,0
60,37,42.931053161621094,93371,3,0.4071135972912785,2,194,0,0,0,0,0
60,28,141.4149627685547,93882,4,2.002508569023283,2,399,0,0,0,0,1
55,27,65.60741424560547,95254,2,0.5830089537229795,2,0,0,0,0,0,1
55,22,23.820222854614258,93995,3,1.5957778968666883,1,0,0,0,0,0,0
31,5,76.79627227783203,94524,1,4.043565171957898,2,0,0,0,0,1,0
63,32,15.692729949951172,94331,4,0.9441905017738166,3,0,0,0,0,0,0
54,33,61.24626159667969,95321,4,2.0128876363136414,1,0,0,0,0,1,0
43,28,34.12939453125,95657,1,0.14662546561323003,3,0,0,0,0,0,0
26,3,86.3931884765625,92310,2,0.6430125840340717,1,0,1,1,0,0,0
33,7,38.85121154785156,94665,4,1.676686884578768,2,0,0,0,0,1,0
34,16,127.81961822509766,91278,4,0.22092438471892867,2,0,1,0,1,1,0
31,5,60.71867370605469,92993,3,1.137008648676224,2,173,0,0,0,1,0
32,7,57.61253356933594,92067,4,1.000062197888933,3,0,0,0,0,1,0
61,29,29.843341827392578,90467,1,1.83315316659389,1,102,0,0,0,0,0
35,14,87.57573699951172,92967,4,3.2064855170552278,1,0,1,0,0,0,0
41,14,124.71319580078125,92642,2,3.7828807809374956,1,303,0,0,0,0,0
35,7,59.1359977722168,90278,1,0.5198252281065863,1,0,0,0,0,0,0
56,24,48.6843376159668,94847,4,2.142264596970187,2,0,1,0,0,1,0
39,19,131.17398071289062,95020,3,3.0727949160258192,2,160,0,0,0,1,1
62,32,90.84906005859375,94367,2,1.396798902868508,3,0,0,0,0,0,0
29,7,195.64816284179688,94600,4,2.2986041607239938,2,367,1,0,1,1,1
64,40,49.0610237121582,92885,4,3.063309934820947,1,0,0,0,0,1,0
34,8,146.59521484375,94190,1,1.6215277940201596,1,0,0,0,0,1,0
41,16,87.33087921142578,94572,4,1.2636118550653148,1,0,0,0,0,0,0
30,2,17.045387268066406,92685,3,0.48168109915247975,1,0,0,0,0,0,0
42,18,54.6658935546875,94441,2,0.9972802928849969,2,0,0,0,0,0,0
25,3,57.312129974365234,89845,2,2.4820570918236893,1,0,1,0,0,0,0
31,8,98.58568572998047,94092,3,0.6037246349473229,2,0,0,0,0,1,0
35,11,50.89326477050781,94210,4,2.44687440447563,1,0,0,0,0,0,0
53,26,58.309940338134766,91962,4,1.625443048561327,1,0,0,0,0,1,0
49,14,76.6318588256836,92457,1,0.9851256507548078,3,0,1,0,0,1,0
55,15,26.957609176635742,91084,2,0.47649280245103387,3,0,1,0,0,1,0
45,15,48.97216796875,92208,2,2.2317093719214407,3,0,0,0,0,1,0
38,11,37.87847900390625,94034,1,3.440779338783889,3,0,1,0,0,0,0
49,28,53.02958679199219,94177,4,1.9346435685828107,1,0,0,0,0,0,0
61,32,60.53245544433594,94237,1,1.3659576952698118,1,0,0,1,0,1,0
33,11,69.76741027832031,92921,1,2.0705982552202515,3,0,0,0,0,0,0
51,21,118.64920806884766,95238,1,2.5109521460617716,1,0,0,0,0,0,0
30,9,156.9946746826172,90215,2,0.6423921338512893,1,0,0,0,0,0,0
40,9,43.88761520385742,95991,2,0.6698886063716076,2,0,1,0,1,1,0
53,25,71.962890625,92002,2,1.407145006605474,3,262,1,0,0,1,0
39,16,51.56695556640625,95698,2,0.4731926449767028,3,187,0,0,0,0,0
30,8,210.743896484375,94305,2,9.389042188261687,1,0,0,0,0,1,0
55,38,51.267478942871094,94055,4,1.92787089404688,1,0,1,0,0,1,0
54,33,46.17211151123047,94689,3,0.2463278958736851,3,0,0,0,0,0,0
51,20,31.993316650390625,90018,3,0.2852436614184362,2,0,0,1,0,0,0
48,22,67.05101776123047,95597,1,1.167861770914766,1,264,0,0,0,1,0
38,8,55.784523010253906,90292,3,0.9766547560945045,2,0,0,0,0,1,0
51,35,31.25421714782715,95163,4,1.3361914529549468,1,160,0,0,0,0,0
61,31,65.04351806640625,91800,3,1.5629150221712018,1,226,1,0,0,0,0
61,37,17.787517547607422,90116,3,0.41404615090342156,1,0,0,0,0,1,0
61,39,31.114521026611328,90139,2,0.7654227375766522,2,0,1,0,0,1,0
51,21,31.882389068603516,92819,1,2.105468867016207,3,0,1,0,0,1,0
42,15,32.305538177490234,92176,3,1.0850598497475685,3,79,0,0,0,1,0
65,41,31.004940032958984,92827,3,1.0104999468689546,1,166,0,0,0,0,0
51,27,32.661460876464844,90445,4,1.1819740498437925,1,0,0,0,0,1,0
62,39,97.33914184570312,92990,4,2.5593899787790964,2,0,1,0,0,1,0
42,17,80.48992919921875,91675,1,3.8530079360214256,3,0,1,0,0,1,0
42,25,133.22586059570312,92578,4,0.9679281694778178,3,0,0,0,0,0,0
62,34,43.748409271240234,93991,1,0.5036741617882583,2,0,0,0,0,1,0
61,33,110.09212493896484,95647,2,2.3117351576753964,1,0,0,1,0,0,0
29,10,90.52168273925781,92813,4,2.2869674233054944,1,0,1,0,0,1,0
42,21,107.17958068847656,94415,1,2.2258846589442056,1,0,1,0,0,1,0
56,35,92.32523345947266,95929,1,4.670589360828197,1,0,0,0,0,1,0
47,21,103.4423599243164,95052,1,1.5138387580284556,1,0,0,0,0,1,0
37,3,20.42098617553711,92834,1,0.2497404642861876,1,0,0,1,0,0,0
57,23,42.703346252441406,95944,1,0.9053317235894202,1,0,0,0,0,0,0
54,21,111.53606414794922,95356,2,0.5812037810517023,1,0,1,0,1,1,0
51,19,73.22459411621094,90866,1,5.225587249069351,3,0,0,0,0,0,0
62,36,95.0562744140625,96177,4,0.5334112641049293,3,0,0,0,0,1,0
42,12,31.155906677246094,90941,3,0.6681951608321981,1,0,1,0,0,1,0
59,36,59.33310317993164,92954,4,2.2938309650025435,2,0,1,0,0,1,0
45,17,88.5820541381836,91762,2,1.4092928389975665,3,0,1,0,0,0,0
62,34,33.216888427734375,94477,3,0.6818994092488515,2,98,0,0,0,1,0
28,5,66.2662353515625,94047,4,2.4132029024103363,1,100,0,0,0,0,0
61,35,26.590572357177734,93946,4,0.9302675556686222,1,0,0,0,0,0,0
25,2,64.81269073486328,92340,1,2.777728957787804,1,0,0,0,0,0,0
50,29,41.29425048828125,95199,3,0.03241637142109993,2,0,1,0,0,0,0
48,21,98.08392333984375,92651,2,2.834943483019592,1,0,0,0,0,1,0
30,10,66.52664184570312,96038,2,1.8377806928141047,1,0,0,0,0,1,0
56,27,24.74427032470703,91629,3,2.2867231346262837,3,0,1,1,1,1,0
50,36,45.75910568237305,94707,2,1.7851918829404938,3,159,1,0,0,0,0
26,0,190.22323608398438,91349,2,2.002110419544801,2,132,0,0,0,1,1
52,19,52.88563537597656,94546,2,1.107272741591978,3,201,0,0,0,1,0
45,26,55.681331634521484,92385,3,0.7325434301621444,3,0,0,0,0,0,0
35,10,71.25877380371094,94336,2,2.445340295517001,3,0,0,0,0,1,0
54,29,43.86299133300781,95787,4,0.42844094112286335,1,0,0,0,0,1,0
34,6,169.69091796875,90246,3,3.8791157148296294,1,0,0,0,0,0,0
44,17,81.17807006835938,91442,3,2.9256863376057427,1,0,0,0,0,1,0
40,21,91.22986602783203,90332,4,1.612580093077923,2,0,0,0,0,1,0
60,34,59.60723114013672,92932,2,0.6366100871445426,2,0,0,0,0,1,0
64,40,51.43655014038086,92824,3,0.996740369215299,2,0,0,0,0,1,0
65,39,26.96587371826172,95176,2,0.24321370113659935,1,0,0,0,0,0,0
30,6,27.55597496032715,92928,1,0.1779004806428523,1,0,0,0,0,0,0
49,22,113.59503173828125,92924,2,0.328592339371952,1,0,0,0,0,1,0
59,29,40.42094039916992,94165,2,1.9119477071665762,2,105,0,0,0,1,0
52,27,63.11288070678711,90863,1,0.5820668584775254,3,0,0,0,0,0,0
58,34,47.43264389038086,90125,3,0.36035255833017626,3,0,0,0,0,1,0
46,19,75.6744155883789,95200,3,1.993212769570477,1,0,0,0,0,0,0
61,36,55.52988052368164,93255,1,1.8465577983444246,3,0,1,0,0,1,0
28,8,71.37785339355469,91934,1,4.879836300575784,1,167,0,0,0,0,0
36,11,81.96621704101562,91477,2,4.25970880184452,1,0,1,0,0,1,0
51,28,42.114376068115234,93774,3,1.753482155780731,1,146,1,0,0,0,0
42,8,22.07260513305664,92272,2,0.18147532480280593,1,0,0,0,0,0,0
66,39,34.810306549072266,90029,2,0.9625960799636777,2,0,0,1,0,0,0
59,26,88.56169891357422,90411,1,0.6261276689750996,1,0,0,0,0,0,0
62,35,18.071273803710938,90146,4,0.8208484432147423,3,0,0,0,0,0,0
34,8,60.400516510009766,91753,1,1.0761321352819684,1,0,1,1,0,1,0
43,26,56.59359359741211,95588,3,0.6148869549124993,3,0,1,1,0,0,0
47,15,30.690773010253906,91816,4,0.19632057898547345,1,101,0,0,0,0,0
63,37,91.69194793701172,95134,3,1.6089181584953696,2,0,0,0,0,1,0
63,36,119.1351318359375,94497,2,2.4673956211614874,1,0,1,0,0,0,0
44,12,34.41096115112305,91386,1,0.1239159926305046,3,0,0,0,0,1,0
40,6,25.260221481323242,91481,3,0.44567654896445014,2,0,1,0,0,1,0
53,28,87.34537506103516,94522,4,0.8109251220327567,1,0,0,0,0,0,0
49,20,157.08502197265625,96063,2,3.6988849773028196,1,0,0,0,0,0,0
60,38,63.496917724609375,92729,3,2.1000563494107474,1,0,1,1,1,1,0
38,5,88.27342224121094,93061,1,1.05591434385138,3,119,0,0,0,1,0
44,17,62.89711380004883,95328,3,0.2752982842282558,1,0,0,0,0,0,0
49,33,29.99201202392578,94182,3,3.2662021734699747,2,0,0,1,0,1,0
45,19,48.81993865966797,94809,3,1.231548293477688,1,170,1,0,0,0,0
57,39,84.9608383178711,90676,4,5.11639591895831,2,0,1,1,1,0,0
58,24,33.462894439697266,93061,2,0.6087925370341054,3,0,1,0,0,0,0
66,39,32.98844528198242,94283,1,0.3287232427216474,2,0,0,0,0,0,0
32,9,67.52732849121094,92748,4,3.2367786156963128,1,0,0,0,0,0,0
31,3,69.64649200439453,95490,4,1.78416899737171,1,0,0,0,0,1,0
45,20,53.1578254699707,92173,1,0.9182769420433577,3,89,0,0,0,1,0
29,4,82.58831787109375,92958,4,2.936058235952495,1,0,0,1,0,0,0
63,39,68.79548645019531,90178,3,1.0797068377416819,1,269,0,0,0,0,0
33,4,89.0424575805664,94667,1,1.5964116333128897,1,0,0,0,0,0,0
58,35,79.02108001708984,92727,1,0.5586254082181643,3,0,0,0,0,1,0
58,38,62.58906936645508,90641,4,2.410580848741583,1,0,0,0,0,0,0
38,12,36.66117858886719,94960,4,0.3007290349530817,3,0,0,0,0,0,0
49,12,161.0135955810547,95036,1,5.572984493616086,1,0,0,0,0,0,0
24,1,36.87221145629883,90272,2,0.08085974776516491,2,0,0,0,0,1,0
61,36,65.17131042480469,94441,2,0.6046355138832027,3,0,0,0,0,1,1
28,0,13.541982650756836,94150,1,1.056478322800032,2,128,0,0,0,1,0
48,26,156.8227081298828,92115,2,3.177847756539542,1,0,1,0,1,1,1
62,34,17.011005401611328,92567,2,1.3635875062238327,3,0,1,0,0,0,0
38,9,42.13350296020508,96076,3,0.666791028216587,2,0,0,0,0,1,0
32,4,50.7313232421875,95739,4,0.6139996545751161,2,0,0,1,0,1,0
61,34,79.081298828125,92972,3,0.6278400101907652,3,0,0,0,0,1,0
63,38,116.11299133300781,94282,3,4.208878588093709,3,0,0,0,0,0,1
39,14,107.57466125488281,91782,3,0.8085455234964394,2,166,0,0,0,0,0
37,7,33.62394332885742,95564,4,0.7035033127899109,3,0,0,1,0,1,0
38,9,73.2381820678711,95136,2,2.2584961896570324,2,100,1,0,0,1,0
31,4,203.00148010253906,94480,4,4.126400270327654,2,372,0,0,0,0,1
52,24,67.06879425048828,91009,2,0.7506338747683714,3,97,0,1,0,0,0
42,10,72.2020263671875,96372,3,0.8841553625717188,3,310,1,0,0,1,0
43,17,90.33872985839844,96097,3,1.4522879034349745,3,216,1,0,0,0,0
61,25,126.1065902709961,93178,1,5.792412411272147,3,0,0,0,0,1,0
60,37,21.97372817993164,92037,1,0.06435594212925336,2,0,0,0,0,0,0
38,24,41.20806121826172,90146,1,2.059480230583927,2,0,0,0,0,1,0
26,7,162.0120086669922,95375,3,0.05492410632574396,1,0,0,0,0,0,1
48,24,114.96943664550781,93760,4,1.1650778915855167,2,121,0,0,0,1,0
46,17,33.7791748046875,94104,1,0.4857624502096094,3,0,1,0,0,1,0
27,2,69.06460571289062,95550,2,1.6204281501950972,3,0,0,0,0,0,0
30,2,102.76817321777344,94114,2,4.373778080473263,3,161,0,0,0,0,0
40,12,80.6054916381836,91267,2,1.9284550823445594,1,0,0,1,0,0,0
35,15,50.216732025146484,91513,1,0.3925467353171216,1,0,0,1,0,1,0
52,26,88.77734375,91795,2,0.9203612304293682,2,0,0,1,0,1,0
60,35,22.09897232055664,94720,2,0.17474688248045875,3,0,0,0,0,0,0
48,30,48.418521881103516,93162,1,1.655304520967333,3,253,0,1,0,0,0
31,8,49.56475067138672,95026,1,1.9105441476985092,3,0,0,0,0,1,0
33,8,85.2081527709961,90333,2,0.8682677222354723,3,81,0,0,0,1,0
63,41,11.969633102416992,93787,2,0.37457761710251,1,0,1,0,0,1,0
43,3,37.93622589111328,94771,4,1.5507869803854886,2,0,0,1,0,1,0
29,8,73.12751007080078,92335,4,0.6490198941181768,2,104,1,0,0,0,0
47,11,25.43770980834961,95637,3,1.00642802514591,3,200,0,1,0,1,0
49,25,61.04188537597656,94378,1,1.4780334918350428,3,0,0,1,1,1,0
41,10,29.437759399414062,95688,3,0.17749245007287573,3,0,0,1,0,1,0
40,18,62.30332565307617,92612,1,1.4373912065820367,3,0,1,0,0,1,0
54,30,48.492698669433594,91540,4,0.35832141452898086,2,0,0,1,0,0,0
54,29,80.9339828491211,94700,1,2.2933885480965897,1,0,1,0,0,1,0
29,17,153.0294952392578,95305,1,5.675644700969165,1,0,0,0,0,0,0
56,33,22.02896499633789,92993,3,1.7372827633038421,2,0,1,0,0,1,0
44,17,63.803775787353516,91482,1,2.2966514680756234,1,0,1,0,0,0,0
41,13,79.35222625732422,94556,3,0.9018367251953182,2,0,0,0,0,1,0
40,25,51.07680130004883,94431,4,3.168330705989738,1,219,1,0,0,1,0
56,28,46.3719367980957,90425,1,0.8144681052603125,3,0,1,0,0,1,0
37,19,88.87291717529297,95558,2,3.1121465445487155,2,105,1,0,0,1,0
60,33,30.96836280822754,95459,3,2.1212056790966765,3,0,1,0,0,0,0
43,23,140.37188720703125,92665,1,6.7211855209358795,1,0,0,0,0,1,0
54,29,19.44957733154297,92177,2,0.5932131485747576,1,0,1,0,0,0,0
42,23,40.582679748535156,95151,2,0.2832110109022688,1,0,1,1,0,0,0
30,5,25.80279541015625,96032,4,0.7595829257215979,1,0,1,0,0,1,0
42,12,112.62023162841797,94682,2,2.9893780291465126,1,450,1,0,0,1,0
46,18,159.5416259765625,93094,1,1.5082341189386537,1,0,0,0,0,0,0
43,24,54.027645111083984,92713,1,1.610501650349333,3,0,0,0,0,1,0
37,15,34.23210906982422,90938,3,2.7469834427505164,2,0,0,0,0,0,0
29,6,94.68419647216797,96452,4,1.843156468407924,2,236,1,0,1,1,0
53,23,43.885498046875,94383,2,0.4194483742637318,2,182,0,0,0,0,0
49,20,67.27262115478516,93203,1,0.8189321641760917,3,310,0,0,0,0,0
43,19,65.09075927734375,92218,1,1.6411280884468744,1,0,0,0,0,1,0
33,4,30.33022117614746,92005,4,0.08649513355051885,1,0,0,0,0,0,0
47,13,51.76409912109375,94043,4,1.7164490335754674,2,0,0,0,0,1,0
46,19,24.755098342895508,96074,3,0.12670564543922236,1,0,0,0,0,1,0
57,37,38.31847381591797,94072,2,0.7750051411848005,1,0,1,1,0,1,0
45,16,134.2218017578125,93283,1,3.486255015620356,1,0,0,0,0,0,1
52,31,63.13592529296875,92040,1,2.031119533925852,2,0,0,0,0,1,0
50,28,64.483154296875,92940,3,1.9153378200046223,2,0,0,0,0,0,0
43,13,91.08279418945312,91904,1,1.2546393650637262,1,0,1,0,0,0,0
30,8,172.1861572265625,94994,2,1.899538067831573,1,0,1,1,0,1,0
60,36,39.98772430419922,95589,1,0.1739569492596607,3,0,0,0,0,0,0
64,32,22.045154571533203,95830,2,0.0733435816218434,2,0,0,0,0,1,0
30,2,166.6951141357422,95439,3,4.8981634664088585,3,0,1,0,0,1,1
58,18,31.703824996948242,92838,2,0.2506200608147942,2,0,0,0,0,1,0
26,14,25.02597999572754,94982,4,1.9155810804268714,1,0,0,0,0,1,0
30,4,84.72903442382812,94794,4,0.7430570695659924,3,0,0,0,0,0,0
44,20,42.250823974609375,94620,3,0.5606714060819682,2,129,1,0,0,1,0
29,5,58.806095123291016,94207,3,0.43700132531533076,2,58,0,0,0,0,0
46,23,22.833158493041992,93933,3,1.0195357424572429,2,0,1,0,0,1,0
63,36,31.570425033569336,94933,1,0.8718075597324072,2,132,0,0,0,0,0
36,4,67.87371826171875,91595,1,0.6972925980786295,3,147,0,0,0,1,0
40,37,80.64116668701172,91529,2,2.3409964934455307,3,0,1,1,0,1,0
54,34,27.45339584350586,92125,2,1.1032823102695022,1,0,1,0,0,1,0
37,14,89.75457763671875,95664,3,1.0479196096082852,3,0,0,0,0,0,0
35,12,65.43887329101562,90347,2,1.455074005831197,3,0,1,0,0,1,0
42,12,200.38467407226562,94836,2,8.037333988219629,1,0,1,0,0,1,0
47,28,67.22180938720703,94268,3,0.8881252738151278,2,0,0,0,0,0,0
52,23,94.06629180908203,95791,1,1.7413881401741795,2,0,1,0,0,0,0
28,4,126.0325698852539,94368,1,1.2134288489053877,3,0,0,0,0,0,1
55,30,57.58490753173828,91279,4,3.042281311085508,1,168,0,0,0,0,0
53,31,19.2822265625,91394,3,0.20526074928496238,2,0,0,0,0,0,0
46,17,66.09957122802734,91566,3,0.46643550035520515,3,0,0,0,0,1,0
42,23,18.13550567626953,92508,2,1.364767330329616,1,0,0,1,0,1,0
43,17,16.13935661315918,90388,4,0.22273990389099052,3,147,0,0,0,0,0
37,19,49.725223541259766,95703,3,0.5467233674710701,2,119,1,0,0,1,0
44,21,44.303627014160156,94271,1,0.46870926902234716,3,0,0,0,0,0,0
28,4,40.47687530517578,90191,2,1.7959722403302325,3,0,0,0,0,0,0
37,26,191.0828094482422,90349,2,6.754140780734862,1,0,1,0,0,0,0
48,13,94.4701919555664,91896,1,1.8168545298955459,3,0,0,0,0,1,0
42,1,32.64097595214844,93810,4,1.5552434803184463,1,0,0,0,0,1,0
54,24,99.39796447753906,92425,2,0.8440080719053307,3,0,1,0,0,0,0
24,3,45.639713287353516,92569,3,1.3406876683540556,2,0,1,0,0,1,0
27,-1,47.868988037109375,93949,4,1.6934274890334748,1,0,0,0,0,1,0
37,13,54.063392639160156,91183,4,0.6764615751443528,2,0,1,0,0,0,0
62,27,32.518592834472656,90216,3,1.3010700671060365,1,0,0,0,0,1,0
54,30,16.3719482421875,92598,4,0.27019873243996223,1,0,0,0,0,1,0
41,26,95.93869018554688,90167,1,1.3188028728729546,2,0,1,0,0,0,0
66,35,81.86019897460938,91741,4,1.4827426970328141,3,142,1,0,0,1,0
53,30,60.23905563354492,92161,2,2.0179690508620256,1,146,1,0,0,0,0
46,22,27.541555404663086,91347,3,1.9169442451122467,3,0,0,1,0,0,0
62,34,157.947265625,91932,2,2.4766671957793465,1,0,0,0,0,1,0
63,28,47.49418640136719,94983,3,0.31367299616247457,3,0,0,0,0,0,0
49,19,69.81318664550781,93131,1,2.256851809147714,1,0,0,0,0,1,0
41,22,100.51532745361328,94694,3,4.012971333010051,1,150,0,1,0,0,0
33,10,68.61239624023438,92889,1,1.8837034864987279,1,0,0,1,0,0,0
34,10,131.30776977539062,95903,4,3.3685913398128777,1,0,0,0,0,1,0
49,24,26.81072235107422,91997,4,0.22984559078596994,2,79,0,0,0,0,0
43,15,125.39830780029297,92103,1,4.2922395214865325,1,0,0,0,0,1,0
42,24,20.660480499267578,93319,3,0.6714830753342401,2,0,1,0,0,1,0
65,34,12.969983100891113,91354,3,0.7335867021623288,1,173,1,0,0,0,0
43,14,66.794189453125,92958,3,0.31060444334355825,2,151,0,0,0,0,0
34,20,173.73231506347656,92343,2,5.602368474509694,1,0,0,0,0,1,0
61,39,50.576087951660156,91882,3,1.7701777819241735,3,0,0,0,0,0,0
33,11,33.41539764404297,90293,4,0.5773869752008417,2,0,0,1,0,1,0
63,42,21.824962615966797,94261,3,0.9354052435921626,2,0,0,0,0,1,0
39,8,108.25829315185547,95919,2,1.5138961971772598,3,0,1,0,0,1,0
53,24,132.8228759765625,92322,2,1.8389274456763758,1,90,1,0,0,1,0
43,22,17.73417854309082,94999,1,0.5765346120886687,2,84,1,1,1,1,0
29,4,62.26302719116211,90535,4,1.2111321459609292,2,0,0,0,0,1,0
62,37,59.9987907409668,95925,3,2.5033085078768567,1,0,0,0,0,0,0
34,7,177.74342346191406,91668,4,0.676995736443221,1,0,0,0,0,1,0
57,26,70.55607604980469,92978,4,0.8738047627442451,3,0,0,0,0,1,0
60,36,65.17898559570312,94364,2,1.4948532665112488,2,0,1,0,0,0,0
41,31,65.23774719238281,93945,2,1.7483364767518792,2,0,0,1,0,0,0
40,18,72.59052276611328,90165,4,0.43583437767930244,1,0,0,0,0,0,0
49,22,44.591487884521484,94805,2,2.674979422147793,1,145,1,0,0,0,0
34,16,41.9428825378418,91505,2,1.1232514110276228,1,0,0,0,0,1,0
55,30,93.14152526855469,96101,2,5.021572752928661,3,0,0,1,0,0,0
60,36,134.99755859375,93280,1,1.4935116830603106,1,159,0,0,0,1,0
42,23,57.6899299621582,93117,1,6.035757740278592,1,0,1,0,0,0,0
30,2,113.34101867675781,95387,4,1.8715193466054014,2,0,0,0,0,0,0
51,26,22.271465301513672,95564,1,0.6769348019909571,3,161,0,0,0,1,0
32,16,83.44327545166016,94254,4,3.1789313624265545,3,0,0,0,0,0,1
54,37,114.87554931640625,92187,2,1.7219954389263392,3,0,0,0,0,1,1
62,33,21.69016456604004,91176,3,0.4149043866207548,2,0,1,0,0,1,0
58,27,28.723514556884766,95132,3,0.9556666812280078,1,0,1,0,0,1,0
30,3,51.850074768066406,93926,2,0.880494244703242,3,0,0,0,0,1,0
63,38,171.00808715820312,92251,2,0.8162625487899938,1,0,0,0,0,0,0
51,29,45.035457611083984,92122,2,0.0698106597358431,3,0,1,0,0,0,0
31,8,44.639408111572266,92067,2,3.1091879381207685,1,98,1,0,0,0,0
40,17,45.69698715209961,95187,4,0.8498162258078775,1,0,1,0,0,0,0
29,5,35.889366149902344,91591,3,2.0421733164605693,2,0,0,0,0,1,0
61,34,16.044509887695312,95121,2,0.18431074288203353,2,0,1,0,0,1,0
30,5,152.029052734375,95184,2,3.7373144914520355,1,0,0,0,0,1,0
46,22,101.29744720458984,92364,2,5.577431422537717,3,0,0,0,0,1,0
47,18,148.9381103515625,95054,3,5.432353350245962,1,0,1,1,0,0,0
37,9,69.04078674316406,94475,2,0.8095120250016163,3,0,0,0,0,0,0
40,13,89.29469299316406,90389,2,0.680021777310968,1,0,0,0,0,0,0
63,31,33.63901901245117,95810,3,0.33610370562424413,3,0,0,0,0,0,0
61,38,114.90843963623047,94427,4,0.23851150910852437,2,98,1,0,0,1,1
59,19,78.0658950805664,89997,2,3.286183791846898,2,0,0,1,0,0,0
34,9,79.95126342773438,93177,3,3.2854088350440507,2,107,0,0,0,0,0
57,35,85.30001831054688,93078,4,0.30538755810052054,2,0,0,0,0,0,0
31,3,101.974365234375,94279,4,2.2711833115810762,2,0,0,0,0,0,0
61,33,49.73408126831055,91540,1,4.245270269021351,1,0,1,0,0,0,0
42,21,64.25833129882812,92245,1,1.555178224560383,2,0,0,0,0,0,0
29,4,77.59225463867188,92277,3,1.8653544381711673,2,154,0,0,0,1,0
50,14,151.90020751953125,92806,4,4.249622627223049,1,0,1,0,0,0,1
29,4,47.403682708740234,90459,1,2.112598417647399,3,0,0,1,0,1,0
45,26,103.5726318359375,95091,2,0.14424959635446186,2,113,0,1,0,0,1
62,39,75.41250610351562,92058,2,1.4016059979479443,1,0,0,0,0,0,0
59,27,22.422574996948242,92484,4,0.6326769861733023,2,0,1,0,0,1,0
36,21,117.7971420288086,93428,1,4.755269537402448,3,0,0,0,0,0,1
40,20,67.6024169921875,94433,2,1.4571639135905818,1,0,1,0,0,0,0
37,8,77.10294342041016,95422,1,1.323460772682377,3,0,0,0,0,0,0
34,12,57.2874755859375,91517,3,2.8733185371178975,1,0,0,0,0,0,0
52,20,84.72718048095703,92092,1,4.0168951204293775,1,88,0,0,0,1,0
26,0,94.02273559570312,91504,4,1.5611146001948117,3,0,0,0,0,1,1
47,17,137.008544921875,94942,1,4.229088031700417,1,0,1,0,0,1,0
61,35,80.29212951660156,94893,2,0.34822362176354443,1,0,1,0,0,1,0
38,14,21.908458709716797,93212,4,1.320617334310792,2,0,1,0,0,0,0
43,28,81.21749114990234,95996,3,3.3174195355810823,1,272,0,0,0,0,0
37,16,140.43572998046875,95701,1,5.578129231160839,1,142,0,0,0,0,0
46,35,77.05406951904297,92240,1,1.4734288207415756,1,0,0,0,0,0,0
52,29,25.392545700073242,94321,3,1.7716729318442306,2,148,1,0,0,1,0
46,18,46.04069900512695,95158,4,2.541733059580831,2,0,1,0,0,1,0
55,31,31.371196746826172,90899,4,1.2278780848396864,3,0,0,0,0,0,0
36,11,77.66407775878906,90375,4,2.248402444087171,2,112,0,0,0,1,0
59,16,159.18832397460938,91828,2,7.483551235137451,1,0,0,0,0,0,0
62,30,40.38060760498047,92011,1,0.16557137204774222,1,0,0,0,0,0,0
60,42,36.57312774658203,96015,1,0.011812201762641306,3,0,1,0,0,1,0
37,9,27.64938735961914,91900,3,1.9227828932238344,2,0,0,1,0,1,0
41,16,35.094783782958984,93405,1,0.7117685327197482,2,0,0,0,0,1,0
60,35,36.32090759277344,94250,1,0.5512570960694388,3,0,0,0,0,1,0
30,9,108.74666595458984,91296,1,1.3336893785874082,1,0,1,0,0,0,0
63,36,26.00614356994629,92360,3,0.13254831326240063,1,0,0,0,0,0,0
55,26,51.97544860839844,93832,4,2.868583749696643,1,0,1,0,0,0,0
49,29,49.478336334228516,94219,4,0.6787907778188758,2,0,1,0,0,1,0
45,18,84.55093383789062,91300,1,1.4861281282937138,1,311,1,0,0,1,0
59,34,40.8672981262207,94305,4,1.9218495048344346,2,101,1,0,1,1,0
41,24,162.84259033203125,95900,1,1.9665532085561739,1,0,0,1,0,1,0
54,14,50.027462005615234,94015,4,2.224018632455011,2,0,0,0,0,1,0
47,20,67.24141693115234,92825,4,0.09652779863512004,2,0,0,0,0,0,0
23,2,127.52605438232422,90451,3,2.1485487167815727,3,0,0,1,0,0,0
57,32,32.59553527832031,95513,2,2.1518002108031284,2,0,0,0,0,1,0
32,13,101.17548370361328,90192,1,1.7619811415390445,1,0,1,0,0,1,0
39,24,30.140777587890625,93601,3,0.6833370579086152,2,0,0,0,0,0,0
47,20,35.73986053466797,95852,1,1.7660302570776476,1,215,0,0,0,1,0
53,30,153.9855499267578,90100,3,1.5460598033148267,1,0,1,0,0,1,0
43,21,84.05757141113281,91907,3,3.216053302670533,1,0,0,0,0,1,1
44,22,16.208215713500977,92478,4,0.9361754944624393,2,0,1,1,0,1,0
38,2,14.546136856079102,94378,4,1.2389988624311021,3,0,0,0,0,1,0
58,35,94.83232879638672,95690,2,0.25163416858621984,1,0,0,0,0,0,0
60,25,53.170597076416016,95436,2,2.4875263496202273,2,0,0,0,0,0,0
27,6,199.18966674804688,92018,1,2.9791800492270815,1,0,0,0,0,1,0
36,13,47.57917022705078,92044,2,1.6243003332100172,3,0,1,0,0,1,0
59,33,93.9242172241211,89983,1,2.102326874078019,3,0,0,0,0,1,0
55,36,82.71277618408203,91010,1,4.810192946680886,1,0,0,0,0,0,0
66,41,39.98588943481445,93271,4,0.4930696125669377,2,0,0,1,0,1,0
57,33,37.430904388427734,94950,4,0.49117828253457685,1,104,0,0,0,1,0
29,16,181.8061981201172,95194,1,7.317433941758418,1,0,0,0,0,1,0
36,11,34.40803909301758,90156,4,1.6746875230865523,2,101,0,0,0,0,0
44,6,56.5974235534668,94387,4,1.431562949435178,2,0,0,0,0,1,0
49,24,93.82931518554688,92681,1,2.5304146327884856,3,0,1,0,0,1,0
29,7,14.896564483642578,91606,3,0.8914944796540191,2,0,0,0,0,1,0
65,41,78.40299987792969,95062,4,2.0342464721315996,3,0,1,0,0,0,0
39,19,105.5548095703125,94544,4,2.9044828298535497,1,0,0,0,0,1,0
28,0,107.9039306640625,94017,1,4.457327542175349,3,0,0,0,0,1,0
33,8,89.93282318115234,90324,3,0.7328858302368406,2,0,0,0,0,0,0
58,31,48.94474792480469,89762,4,0.32697502638620285,3,0,0,0,0,0,0
48,21,44.36619186401367,95541,2,2.6638533833324787,2,0,1,0,0,1,0
27,2,46.1440315246582,91851,3,2.0693410313071467,1,0,0,0,0,1,0
33,0,37.193824768066406,94209,2,1.7906138371305693,1,0,1,0,0,1,0
57,34,197.52806091308594,95479,2,7.169206249115172,1,0,0,0,0,1,0
50,33,149.9315185546875,92014,2,4.313962446228716,1,0,1,0,0,0,0
59,37,90.86798858642578,92168,2,0.979698085165452,1,0,0,0,0,0,0
27,5,39.81924819946289,94218,2,2.079044377434363,3,0,0,0,0,1,0
43,21,44.44933319091797,91714,3,0.28903557107594413,2,0,0,0,0,1,0
41,14,64.4109878540039,94545,4,2.307335962219433,1,115,1,0,0,0,0
58,36,102.70921325683594,94360,2,0.5284428012970982,2,0,0,0,0,1,0
63,37,63.64859390258789,95014,2,1.3783066574582772,1,0,1,0,0,0,0
63,40,51.14256286621094,94476,4,0.970768211412022,1,403,1,0,0,1,0
25,8,43.5728645324707,93942,4,1.8998605890429099,2,0,0,0,0,1,0
30,6,85.06743621826172,93821,1,3.5935973539040416,2,185,0,0,0,0,0
40,11,98.63212585449219,94394,2,0.9483857801407668,3,0,0,0,0,0,0
47,26,177.2534942626953,96212,3,2.0764743959008616,2,0,0,1,0,0,1
56,40,54.61260986328125,90478,1,2.070974888670032,1,0,0,0,0,0,0
52,27,74.66398620605469,94774,2,0.05853777813377775,1,0,0,0,0,0,0
30,9,140.20628356933594,92030,2,0.8890189494300562,3,0,1,0,0,0,1
44,19,60.439449310302734,91585,1,1.4479876676254402,1,0,1,0,0,1,0
42,20,61.56586837768555,90061,3,0.7344189456656944,1,0,0,0,0,0,0
64,40,36.707706451416016,94821,4,0.28068600508302394,3,0,1,0,0,1,0
60,37,24.2252254486084,92120,4,0.34452489960491933,2,0,0,1,0,0,0
56,22,35.10688018798828,95535,3,0.06004483546865538,1,0,0,0,0,1,0
58,31,156.27767944335938,94969,2,2.191789577462916,1,0,0,0,0,1,1
64,39,66.8828125,90095,1,1.144031292266455,3,120,1,0,0,0,0
45,20,44.42853546142578,90352,1,0.4718989646134166,3,0,1,0,0,1,0
50,25,61.483882904052734,92161,3,1.4013511195727186,3,0,0,0,0,0,0
33,15,51.302001953125,92388,2,0.10691625147627243,1,0,0,1,0,1,0
64,42,57.4496955871582,92209,3,2.7756987192132856,3,119,0,0,0,0,0
45,24,46.921451568603516,94555,1,0.17743164991005606,1,18,1,0,0,1,0
33,18,167.41773986816406,94131,2,2.0306123953764215,1,165,0,0,0,0,0
27,15,128.60043334960938,94514,1,0.40293027777665813,1,0,1,0,1,1,1
62,38,132.02603149414062,95723,3,9.323288155782244,3,0,1,0,1,1,1
63,36,59.22195816040039,95455,4,0.18632222796020143,1,0,0,0,0,0,0
41,19,96.07709503173828,92914,2,0.904714453187632,1,0,1,0,0,1,0
35,5,20.953968048095703,94662,4,0.32645625173217013,1,0,0,0,0,0,0
27,0,39.653480529785156,92903,4,2.5659234585865667,2,0,0,0,0,1,0
49,31,32.390499114990234,90702,4,0.19357718361619558,1,0,0,0,0,1,0
34,6,121.62303161621094,95209,2,7.067087446438162,1,0,0,0,0,1,0
35,12,83.04302215576172,94532,2,0.31217648508553697,2,236,0,0,0,0,0
55,27,40.68702697753906,94584,1,1.840842717786957,3,0,0,1,0,0,0
35,7,50.464046478271484,94295,2,2.6863678355499454,1,0,0,0,0,1,0
60,33,30.78390121459961,95289,4,2.47486749643784,1,0,0,0,0,1,0
50,29,217.09283447265625,92174,2,7.655490864017444,1,0,1,0,0,1,0
29,4,148.06741333007812,90377,1,3.2902964853251904,3,0,0,0,0,1,1
26,11,15.705881118774414,94587,2,0.02883523141111538,3,0,0,0,0,0,0
45,37,22.968000411987305,89921,4,2.172278598850307,1,79,0,0,0,0,0
60,36,52.18130111694336,95288,1,0.46296252993322917,3,0,0,0,0,1,0
28,7,33.435298919677734,95510,4,1.5007444439469348,3,97,0,0,0,0,0
32,19,64.21391296386719,90408,2,2.149370572456838,1,0,1,0,0,0,0
54,8,153.32322692871094,95967,3,0.7119187566454239,2,0,0,0,0,0,1
39,26,127.46414184570312,92359,2,4.042947925480923,1,0,1,0,0,0,0
46,17,124.3768081665039,95166,3,2.7161125517889344,2,0,0,0,0,0,1
58,33,88.94078063964844,90108,2,4.698314070919506,1,0,1,1,0,1,0
62,37,50.034568786621094,95663,4,1.0789986737978348,2,235,1,0,1,1,0
41,10,62.0549430847168,96016,2,0.2611934018974258,1,0,0,0,0,1,0
29,2,43.744789123535156,93103,4,2.5090929649565465,2,0,0,0,0,0,0
31,3,70.7028579711914,95419,3,0.4168660777853339,1,0,1,0,0,0,0
38,2,149.10321044921875,93002,2,3.4571288105629607,1,0,0,0,0,0,0
58,32,39.86803436279297,95948,3,0.12588216413402603,2,0,0,0,0,0,0
50,24,141.04136657714844,90285,1,1.0014753198030382,1,154,0,0,0,0,0
41,18,66.94461059570312,91779,2,2.001334090483967,3,0,0,0,0,1,0
29,4,160.29141235351562,91817,4,1.7250742003728519,1,310,0,0,0,0,0
49,26,90.72710418701172,91198,2,2.3552000578661247,2,0,1,0,0,0,0
54,24,63.01483917236328,91774,4,0.4487451895408683,3,0,0,0,0,1,0
63,37,136.9687957763672,90734,4,1.9780652484749104,1,0,1,0,0,1,0
60,34,77.15554809570312,90121,2,1.34514903905173,2,0,0,0,0,0,0
32,9,143.82830810546875,90304,2,1.743361824243904,1,0,0,0,0,1,0
64,38,28.82117462158203,95373,3,0.3473617879217513,2,114,0,0,0,1,0
60,37,21.996246337890625,94386,4,0.3521840789846932,2,0,0,0,0,0,0
50,30,58.27910614013672,91864,3,2.153614815013202,3,0,0,0,0,1,0
42,1,151.4443817138672,91283,2,7.224341281145775,1,0,0,0,0,1,0
56,33,153.0550079345703,94016,2,2.458259218776587,1,0,0,0,0,1,0
54,19,27.53174591064453,92158,4,1.5571722781679715,3,163,0,0,0,1,0
25,-2,109.05780792236328,92029,2,1.7750426205437833,1,0,0,0,0,1,0
26,5,120.0654296875,92784,2,3.057211039493071,1,0,0,0,0,0,0
55,17,86.20155334472656,94296,3,0.21534918075287401,2,0,0,0,0,0,0
43,21,98.6113052368164,92805,1,1.5373091872510813,2,152,0,0,0,0,1
32,9,103.6861343383789,92880,1,4.3469525414845105,3,0,0,0,0,0,0
53,23,117.09517669677734,91301,1,0.4294156413810717,2,235,0,0,0,1,1
35,16,124.87495422363281,91290,4,5.111328031850716,1,0,0,0,0,0,0
63,37,96.92027282714844,95901,2,1.5394076001150099,2,322,0,0,0,1,0
51,30,44.54225540161133,92676,2,1.4698745862603921,1,0,1,0,0,0,0
44,25,66.50640869140625,90517,1,0.23297239661667835,2,134,0,0,0,0,1
51,30,40.10398864746094,95538,3,0.9942849514258475,2,0,0,1,0,0,0
46,17,144.2401885986328,95264,1,4.3501683122691155,1,302,0,0,0,0,0
37,18,30.513566970825195,92952,4,1.8163479252197583,1,206,0,0,0,0,0
47,34,25.21105194091797,94982,1,0.2809897519118661,1,90,0,0,0,1,0
45,19,23.698196411132812,93236,3,0.5824586368317125,1,120,0,0,0,0,0
32,10,74.0796127319336,94537,2,0.2006504675301301,1,0,0,0,0,1,0
45,28,146.17431640625,92773,4,1.238122477018056,3,0,0,0,0,1,0
64,40,83.488037109375,91358,3,2.624304568971338,1,0,1,0,0,0,0
56,14,93.2773666381836,95550,1,2.9282168130339135,3,0,1,0,0,0,0
37,9,59.050010681152344,91326,3,2.978779634903473,2,0,0,0,0,0,0
58,30,76.46563720703125,96290,4,2.1981057415199707,1,0,1,0,0,1,0
50,17,46.596439361572266,90361,4,0.20948013470593396,2,0,1,0,0,1,0
36,15,107.98638153076172,94924,1,0.5405185128973771,3,0,0,0,0,1,0
48,18,127.97618865966797,94324,1,3.199373122521303,1,0,0,0,0,1,0
30,3,41.02920150756836,90972,4,0.15587379817754995,1,91,0,0,0,1,0
48,13,154.49508666992188,91693,3,6.23974895015633,1,0,1,0,1,1,1
44,17,16.93242645263672,94470,4,0.7220815944720548,3,131,0,0,0,0,0
42,16,73.79324340820312,90076,1,1.3799932658991207,1,107,0,0,0,0,0
32,7,30.97216033935547,93477,4,2.212617221930258,3,0,0,0,0,1,0
45,7,85.7488021850586,94003,1,2.6152064531502104,1,166,0,0,0,1,0
52,20,23.44723892211914,94608,1,1.5871878037232083,3,0,0,0,0,1,0
63,42,78.16477966308594,93946,4,0.6318765404798783,2,0,0,0,0,0,0
41,15,133.33377075195312,94542,1,2.257991868462971,1,0,0,0,0,1,0
53,35,70.61805725097656,89954,3,1.4062844299040185,3,0,0,0,0,1,0
57,32,21.447195053100586,91269,3,1.0981755715158357,2,0,1,0,0,0,0
34,8,39.284759521484375,91624,1,1.546723463741185,3,0,0,0,0,1,0
31,2,39.2779541015625,94423,3,1.1792525163029168,2,0,0,0,0,1,0
27,3,120.87411499023438,95242,3,4.305942687484627,2,0,0,1,0,0,0
39,18,22.384729385375977,92196,4,1.311393565499061,2,0,0,0,0,1,0
38,13,43.98968505859375,90699,4,2.321163630726235,1,0,0,0,0,0,0
31,9,154.8513946533203,96103,1,2.5410334508515326,1,0,0,0,0,0,0
56,34,27.019027709960938,94942,2,1.5156160875844324,1,0,0,0,0,0,0
59,35,58.6623420715332,94729,1,0.9518735794494622,1,0,1,1,1,0,0
44,22,46.696659088134766,91313,3,0.16813288499131507,3,0,0,0,0,0,0
34,14,111.08819580078125,93922,3,3.059371324625449,2,0,0,0,0,1,0
27,5,67.54927062988281,92229,4,0.4698921265981007,3,0,1,0,0,1,1
52,24,167.5186309814453,92839,2,3.0321263101488185,1,0,0,0,0,0,0
40,20,92.95498657226562,95551,2,0.7564277395738378,3,126,1,1,1,1,0
62,26,53.15988540649414,94854,4,0.7677161087816529,2,57,1,0,0,1,0
28,5,48.76369857788086,94832,2,0.2023438132816161,1,0,0,1,0,0,0
30,0,70.83460235595703,92742,2,1.1178721384745196,3,0,0,0,0,0,0
32,4,74.5315170288086,94844,3,0.19577131307583648,1,96,1,0,0,0,0
45,14,95.67898559570312,92925,1,1.9470095172005957,3,0,0,0,0,1,0
32,14,52.894649505615234,91927,1,1.0744149758460417,2,0,1,0,0,0,0
40,31,108.17217254638672,91517,1,0.1527301884318597,1,0,1,0,0,0,0
28,12,89.72662353515625,90270,1,1.666819195334174,1,190,1,0,0,1,0
33,7,22.894996643066406,93445,3,2.1487546037049383,2,0,1,0,0,1,0
63,38,49.52649688720703,95587,3,8.651576577107086,1,0,1,0,1,1,0
57,27,92.07151794433594,95770,2,4.55289715662982,3,0,1,0,0,1,0
30,4,18.34684181213379,95549,4,0.34907944136472446,3,0,0,0,0,1,0
28,10,58.66215133666992,94779,1,1.642330087021259,2,175,0,0,0,1,0
60,36,54.52537155151367,95992,2,1.453877621125377,2,0,0,0,0,1,0
38,15,20.182315826416016,92455,4,1.0825599866031477,1,0,0,0,0,1,0
46,22,189.7693328857422,94812,2,4.865281251383624,1,400,1,0,0,1,0
57,41,103.67929077148438,92114,2,1.3031386434137904,1,0,0,0,0,0,0
53,26,87.04571533203125,92158,3,1.1114906873472488,1,0,0,0,0,1,0
48,29,74.23383331298828,94512,1,0.7640683761294522,1,0,0,1,0,1,0
26,2,27.988401412963867,95610,3,0.9086682463086696,3,0,0,0,0,0,0
30,4,73.7166748046875,90275,4,1.4159603164893018,1,300,0,0,0,1,0
63,37,111.08786010742188,90158,4,1.8584252989280103,3,161,0,0,0,0,0
31,3,79.43276977539062,91880,2,2.9860814081047105,1,119,0,0,0,1,0
58,24,63.429466247558594,90174,3,1.0453576595374348,3,0,0,0,0,0,0
48,14,83.20819091796875,95034,2,0.39079078402124445,2,0,0,0,0,1,0
61,35,69.17111206054688,89947,1,1.0720214904269483,3,0,1,0,0,1,0
50,27,134.61767578125,90384,4,1.9274051490268427,2,0,0,1,0,0,0
61,34,75.19913482666016,95382,1,2.324127528022045,1,156,0,0,0,1,0
63,41,168.83531188964844,95480,2,2.086311000384591,1,0,0,1,0,0,0
33,13,60.736507415771484,94204,1,1.7734852679376578,3,0,0,0,0,1,0
31,16,49.24049377441406,93204,2,1.5973140236560668,1,0,1,1,1,1,0
36,15,17.78435707092285,92079,1,0.6145705843840188,3,0,0,0,0,0,0
50,24,153.82546997070312,92922,2,6.151555962355659,1,0,0,0,0,0,0
43,26,104.83639526367188,94178,2,3.4001021851391378,2,0,0,0,0,1,0
51,20,51.70423889160156,91139,4,4.078012498081483,1,0,0,0,0,0,0
27,13,147.28079223632812,94727,2,4.592881758511759,1,0,0,0,0,1,0
63,30,38.037254333496094,95361,3,2.4812383963968574,3,0,0,1,0,0,0
40,21,55.31250762939453,94555,4,3.9224038651893283,3,0,0,0,0,0,0
27,2,62.62929153442383,94015,4,1.8789668176814387,1,0,0,0,0,1,0
55,25,36.131919860839844,93015,4,2.8954288302962343,3,0,1,0,0,1,0
39,17,79.25605010986328,94655,1,2.2742391301234743,1,0,0,0,0,0,0
53,28,19.114940643310547,93219,3,1.03446671580722,1,0,0,0,0,0,0
56,24,55.32887649536133,89724,4,0.053659984779958536,1,0,1,0,0,1,0
63,36,40.975494384765625,90134,2,1.8409126319943518,1,100,0,0,0,1,0
24,10,41.59755325317383,90915,1,1.598120447445185,3,0,0,0,0,0,0
34,8,112.56761169433594,91402,2,2.080586994334249,1,0,0,0,0,0,0
59,35,106.23851776123047,91873,2,1.5793111652084595,1,0,0,0,0,1,0
60,33,55.700191497802734,94669,4,1.8366393477495833,2,0,0,0,0,0,0
41,27,85.47559356689453,90943,3,1.9251441150670785,1,218,0,0,0,0,0
59,23,79.65762329101562,94434,2,2.2986748932916328,1,0,1,0,0,1,0
54,28,51.19044494628906,92154,4,1.5258039913812287,1,0,0,0,0,1,0
58,23,17.807254791259766,89606,3,2.137427812473107,2,0,0,0,0,0,0
54,24,22.877471923828125,94613,1,0.6991891514742266,3,196,0,0,0,0,0
43,13,92.04511260986328,92717,4,4.311260539072577,1,0,1,0,0,0,0
30,9,168.68081665039062,93443,2,4.7837198580439235,1,0,0,0,0,0,0
57,28,61.755035400390625,91186,3,0.6952373594674226,2,132,0,0,0,1,0
36,17,50.17026138305664,90357,4,3.086571181113551,2,0,1,0,0,1,0
54,27,57.0189208984375,94186,3,0.7235699590549569,2,0,0,0,0,1,0
33,9,64.68595886230469,95496,4,0.6489128745902423,1,0,0,0,0,1,0
27,-1,79.55970764160156,90561,2,6.094459934226864,3,194,0,1,0,0,0
61,35,14.855276107788086,95153,4,1.7284901306498452,1,0,0,0,0,1,0
45,3,14.468535423278809,90161,4,1.6307722868924661,3,0,0,0,0,0,0
42,25,78.36659240722656,92978,4,1.1963579050060122,3,0,0,1,0,1,0
61,34,71.70100402832031,92871,3,1.175475900189566,3,0,1,0,0,0,0
46,21,36.50941467285156,93587,4,0.032419132696703545,3,0,0,0,0,0,0
27,2,180.57916259765625,92332,1,4.714301967068779,2,0,0,0,0,1,1
53,31,28.28193473815918,92243,3,0.6626288153811609,3,105,0,0,0,1,0
27,0,49.41630554199219,91958,2,0.9324371800108936,1,0,0,0,0,1,1
51,24,15.026803970336914,94662,1,0.3544162056134534,2,138,1,1,0,1,0
27,3,21.096054077148438,90615,2,0.6890097767251673,3,0,0,0,0,1,0
29,10,42.203609466552734,96388,2,1.3442210709492202,1,77,1,0,0,0,0
39,10,13.48596477508545,93056,3,0.30138112579023757,2,105,0,0,0,1,0
45,19,182.58985900878906,94821,1,2.9794461506284624,1,0,0,1,0,0,0
50,20,121.63261413574219,94695,1,3.215996836814126,1,0,1,0,0,1,0
58,36,127.05094146728516,92115,4,2.2564038845502026,1,0,1,0,0,1,0
49,18,109.23039245605469,95465,1,0.38067646085562945,1,0,0,0,0,1,0
31,6,111.3397216796875,91253,2,2.5105740361378204,1,204,0,0,0,1,0
38,14,120.23030853271484,90969,2,1.4487874471919193,1,0,0,0,0,0,0
30,2,19.657785415649414,94788,4,0.3812089880812927,1,0,0,0,0,1,0
63,41,71.87125396728516,95502,3,2.546261829740426,1,0,0,0,0,1,0
37,15,62.597164154052734,91997,2,1.5428475090058946,3,0,0,1,0,1,0
38,12,191.5080108642578,90347,3,0.4391114608719039,3,0,0,0,0,0,1
31,1,50.038978576660156,93239,3,4.922557651168041,3,0,0,0,0,1,0
42,20,43.67985916137695,91909,3,0.05502134575208972,2,0,0,0,0,0,0
50,30,118.72090911865234,94784,3,0.8480610194398419,3,0,1,0,0,0,1
50,24,68.0627212524414,94480,4,0.5769168705115232,1,0,1,0,0,1,0
48,28,27.372350692749023,95582,4,0.9028243117392127,2,221,0,0,0,1,0
62,35,85.0743408203125,91079,1,3.888315871524054,1,209,1,0,0,0,0
35,9,85.8389663696289,90409,1,0.962991368125552,2,0,0,0,0,1,0
44,34,129.9040985107422,91738,4,6.802485361367826,2,0,0,0,0,0,1
40,15,71.1701431274414,93007,4,2.510638684758598,3,164,0,0,0,1,0
64,37,59.799415588378906,95898,4,2.2058260066079276,2,0,1,0,0,1,0
37,6,86.72616577148438,94191,2,2.5260603699110176,1,0,0,0,0,0,0
62,34,27.884136199951172,95677,3,1.8934462148895597,3,0,0,0,0,1,0
41,14,65.60140991210938,92207,1,2.0912434614543507,3,0,0,0,0,1,0
40,12,43.808441162109375,94312,2,2.353722001920781,3,0,0,0,0,0,0
64,27,90.85879516601562,90115,3,4.256000548135505,1,0,0,0,0,1,0
61,36,78.63638305664062,90143,4,1.830908343538234,2,0,1,0,1,1,0
67,39,73.31563568115234,91634,4,1.498817419555332,1,0,1,0,0,0,0
47,18,32.982093811035156,95818,3,1.2327890801761914,3,0,0,1,0,0,0
37,16,121.68840026855469,91151,2,2.701040686175493,1,0,1,0,0,1,0
59,34,37.31376647949219,94667,3,0.3539327743281583,3,0,0,0,0,1,0
32,6,48.46617889404297,93811,4,0.5217913280795778,2,0,1,0,0,1,0
58,10,97.45832824707031,94695,3,2.339036347199206,2,419,1,0,0,0,0
29,1,110.52253723144531,92084,2,1.3738318527411542,2,0,1,0,0,1,0
44,14,74.16600799560547,92215,3,0.23948944943830042,3,0,0,0,0,1,0
62,36,41.20555877685547,90784,4,2.220095170835057,1,0,0,0,0,1,0
60,34,48.06278610229492,90280,3,2.424182389016999,1,0,0,0,0,0,0
50,25,151.49986267089844,94660,2,3.1445499295071984,2,0,0,0,0,1,1
53,30,139.90985107421875,94658,1,1.516507974560618,1,0,0,0,0,1,0
45,20,59.771881103515625,91640,1,2.701289642045675,3,0,0,0,0,0,0
37,13,89.92481231689453,90316,1,3.8074033280213047,3,0,0,0,0,1,0
55,21,25.77971076965332,93815,4,1.757303342279905,3,0,1,0,0,0,0
43,12,53.09733581542969,95004,4,1.0776997725506106,2,0,0,0,0,1,0
51,20,151.7260284423828,90693,2,2.364822441344682,3,0,0,0,0,1,1
38,10,100.27416229248047,95834,2,0.7884530138654655,1,0,0,0,0,1,0
53,20,44.365482330322266,94625,1,0.24473022087758842,2,0,0,0,0,0,0
46,26,120.9743881225586,94687,2,5.737209303394341,1,190,1,0,0,1,0
37,10,25.141008377075195,91662,3,1.3621385411446019,3,0,0,0,0,1,0
57,8,28.88152503967285,95554,1,0.5818145504514909,1,103,0,0,0,1,0
32,5,27.16106605529785,95123,4,0.9558817445189252,2,75,0,0,0,1,0
56,30,50.49351119995117,94746,1,3.746500883025699,1,0,0,0,0,1,0
45,23,51.59269714355469,95195,2,2.0914589490810727,3,100,1,0,0,1,0
41,16,67.96673583984375,93941,1,2.8922321558214894,2,103,0,1,0,1,0
28,6,176.1218719482422,94131,1,4.740196228427726,1,0,1,0,0,0,0
42,24,111.08023071289062,92922,1,5.084809372776814,1,0,0,0,0,0,0
52,25,14.48094654083252,91946,2,0.20136468058242946,3,0,0,0,0,1,0
36,12,85.15088653564453,94164,4,1.8147020729009449,3,0,1,0,0,0,0
50,28,45.987464904785156,92106,4,1.7998816347386741,2,0,1,0,0,1,0
48,31,212.03761291503906,91274,1,2.337923215639286,1,0,0,0,0,1,0
45,17,55.682491302490234,95315,4,1.8809406390677141,2,0,0,0,0,1,0
54,20,137.52085876464844,94065,2,0.13831642262511792,1,0,0,0,0,0,0
65,41,31.80642318725586,94249,3,1.6342332649630356,2,0,0,0,0,1,0
43,23,42.661598205566406,93728,1,0.035999543313132376,3,0,0,0,0,1,0
60,36,25.20661163330078,94732,2,0.347007829468102,3,0,0,0,0,0,0
64,35,46.69295120239258,92047,2,0.7424608999184785,3,0,1,0,0,1,0
47,29,42.52119445800781,95651,4,0.44447764056667666,1,0,0,0,0,0,0
57,34,72.70626831054688,92988,4,0.6785002390816461,2,0,0,0,0,1,0
55,27,144.578857421875,94943,2,3.6877705540214794,3,465,0,0,0,0,1
37,3,79.35296630859375,93970,1,3.2570690751932805,1,0,1,0,0,1,0
28,1,41.67365264892578,94446,3,2.8211568632734365,1,161,0,0,0,0,0
40,13,58.56500244140625,94196,1,2.3747544604508093,1,0,1,0,0,0,0
33,14,51.31159591674805,95315,2,2.07913431573791,1,201,0,0,0,0,0
60,37,85.5273208618164,90212,2,5.535318048346269,1,0,0,0,0,0,0
57,34,161.38230895996094,95733,2,7.6118503784876,1,0,0,0,0,1,0
61,29,112.49870300292969,94199,2,0.13088615118277314,3,0,0,0,0,1,0
26,2,160.0391082763672,91979,2,5.288976467176775,3,0,0,0,0,0,1
41,13,45.065120697021484,95666,3,0.13767678355144405,1,0,0,1,0,1,0
51,34,28.267065048217773,92191,2,1.2300527293329229,1,231,0,0,0,0,0
33,8,98.5789566040039,92034,2,0.21569644989617226,1,0,0,0,0,0,0
40,16,44.2699089050293,92055,1,2.0764202969865906,2,230,1,0,0,1,0
32,13,188.69908142089844,94602,1,6.289128204653871,3,0,0,0,1,1,1
66,39,160.09666442871094,92841,2,6.577563282033772,1,507,0,0,0,1,0
41,17,37.72238540649414,92522,1,0.9079230827055774,3,0,0,0,0,0,0
65,38,87.64041900634766,92976,1,0.8195178463086956,2,143,0,0,0,1,0
41,14,108.7367172241211,94640,1,4.969117212773923,1,0,0,0,0,1,0
59,35,64.87016296386719,94733,2,1.4933577169387022,2,0,0,0,0,0,0
41,14,120.96192169189453,90742,3,0.8773998829988481,3,0,1,0,0,1,1
35,9,50.95928192138672,94353,3,2.450172979582003,2,0,0,0,0,0,0
61,30,19.523670196533203,92978,4,3.090348119204446,3,0,1,0,0,0,0
62,35,56.2513427734375,93276,4,2.3504660425511634,2,112,1,0,0,1,0
56,31,83.23030853271484,94652,4,2.0060386389953937,1,0,0,0,0,1,1
56,24,122.84980773925781,90273,2,3.7928185991217167,1,289,1,0,0,1,0
37,14,48.51506805419922,95086,2,1.4176394825351704,1,102,0,0,0,1,0
52,26,62.43135070800781,93986,2,2.439248895700546,3,0,1,1,1,1,0
57,36,129.003173828125,91304,2,1.4684796242238152,1,370,1,0,0,0,0
37,15,169.05621337890625,95115,2,3.556426218200659,1,376,1,0,0,0,0
54,22,71.99402618408203,92975,3,2.4954815988242736,2,0,0,0,0,0,0
44,19,72.27539825439453,91106,4,2.02618327326495,1,169,0,0,0,0,0
62,36,18.735681533813477,93555,2,1.3629967010542927,3,0,0,0,0,0,0
54,25,33.3096923828125,92342,2,0.1567425710267857,1,0,1,0,0,0,0
59,37,93.03914642333984,94760,2,2.142671707334812,3,0,0,0,0,1,0
62,37,63.10591506958008,91891,4,1.5736486389533708,2,0,0,0,0,0,0
50,27,80.20868682861328,94464,1,2.356347948292095,3,0,0,0,0,0,0
65,39,64.2425765991211,94379,3,0.6210401192547496,2,155,0,0,0,1,0
40,5,29.487667083740234,93831,3,2.8753859031914595,3,0,0,0,0,1,0
42,18,37.457157135009766,94831,1,1.6086483243746357,3,0,0,1,0,1,0
29,4,110.20868682861328,91490,1,3.260428186244257,1,0,1,0,0,1,0
28,6,90.12994384765625,91952,1,3.8271921487580514,1,0,0,0,0,0,0
40,27,110.61264038085938,95797,2,1.8165842412192035,1,0,1,0,0,0,0
38,13,29.386505126953125,96410,4,0.7072060132213072,2,0,0,0,0,1,0
41,14,142.3779754638672,91412,2,5.5209453531681385,1,0,0,0,0,0,0
52,35,40.063297271728516,95259,2,0.3158281751987611,3,0,0,0,0,1,0
39,29,65.66539001464844,91720,2,2.2347630577349546,2,0,0,0,0,0,0
41,20,102.35811614990234,93807,1,0.5045690265469851,2,0,1,0,0,1,0
41,26,94.324951171875,91614,2,0.48343307330749374,1,0,0,0,0,1,0
37,16,25.706647872924805,94322,3,0.06733973486690834,2,75,0,0,0,0,0
41,24,18.67287254333496,90101,4,0.1802572814700935,1,0,0,0,0,0,0
52,27,136.8466033935547,92584,1,0.22830927304711324,1,0,0,0,0,0,0
39,17,169.8606719970703,95602,1,6.985698051127199,1,0,1,0,0,1,0
60,33,92.81230926513672,92583,2,1.163534833323272,3,0,0,0,0,1,0
31,9,156.9208984375,91178,2,7.823562520570032,1,0,0,0,0,1,0
60,35,18.038005828857422,91767,2,0.23164811112287886,2,102,0,0,0,1,0
43,15,104.02735137939453,90231,2,0.22996678734017661,2,0,0,0,0,1,0
58,24,66.48135375976562,92899,3,2.7217489887467963,1,0,1,0,0,0,0
41,22,20.627681732177734,96189,4,0.2798516765419665,2,0,0,0,0,0,0
58,36,128.098388671875,94894,1,0.7881108573818999,1,0,1,0,0,1,0
42,8,48.308677673339844,91334,2,0.7270941282182891,1,0,1,0,0,1,0
53,22,62.32235336303711,92445,1,0.5659812107836705,3,57,1,0,0,1,0
35,15,36.562347412109375,92235,4,1.0688803697025315,1,0,0,0,0,1,0
61,37,28.739620208740234,95418,4,2.0578232933369276,1,0,0,0,0,0,0
60,18,163.953125,94373,2,2.780993266892648,1,0,0,0,0,1,0
41,10,208.4326171875,91714,1,6.107600901537996,1,0,0,0,0,0,0
27,2,74.4251480102539,96356,2,4.772561407448532,1,0,0,0,0,0,0
65,40,67.71611785888672,93968,4,0.6101644929539036,3,245,0,0,0,1,0
65,41,50.288211822509766,94733,2,0.8744172169952079,1,0,1,0,0,0,0
57,12,73.13134765625,95533,1,0.9866098751463873,1,0,1,0,0,1,0
48,22,123.81328582763672,90247,2,0.6481006736603259,1,0,1,0,0,0,0
42,23,10.568084716796875,92292,4,0.3744441771564759,1,146,0,1,0,0,0
58,36,15.729731559753418,93114,2,0.6683430402947081,3,0,0,1,0,1,0
58,27,47.888084411621094,94393,2,1.821394514899048,2,0,0,1,0,1,0
65,40,21.902305603027344,93393,3,0.42622581196892745,1,0,0,0,0,0,0
42,5,53.789485931396484,95965,2,0.9507530039857275,3,0,0,0,0,0,0
37,13,128.67494201660156,92218,3,4.00365396616685,1,387,1,0,0,0,0
41,4,92.13285064697266,92442,2,0.7078910019573812,3,338,0,0,0,0,0
56,29,106.46925354003906,96037,1,1.4236580479959322,3,0,0,0,0,1,0
38,10,76.06390380859375,94619,2,2.227467142265693,1,0,1,0,0,1,0
28,10,16.48639678955078,94169,3,0.7951119336376534,2,106,0,0,0,0,0
36,11,94.47967529296875,95667,2,2.6777092296839693,1,0,1,0,0,0,0
33,11,45.04386520385742,91157,4,0.9415671772151117,3,0,0,0,0,1,0
48,21,50.114383697509766,90106,4,3.947648992809944,2,0,0,1,0,1,0
43,27,115.51676177978516,96248,3,3.3540202961996792,1,0,1,0,0,1,0
63,39,178.06199645996094,90409,1,3.9574632686543305,1,0,0,0,0,1,0
41,13,24.49686050415039,91510,4,3.209110843468076,1,0,0,1,0,0,0
29,2,36.055870056152344,92057,2,1.5862761089705082,2,72,0,0,0,0,0
30,9,27.675180435180664,90019,1,0.6582444998198854,2,106,0,0,0,0,0
35,13,178.03939819335938,91478,2,6.582402801080944,1,470,0,0,0,1,0
27,1,44.271053314208984,95009,2,4.693710031093337,1,0,0,0,0,1,0
35,9,99.05668640136719,93110,1,2.8204767784076306,1,0,0,1,1,1,0
35,11,58.93294906616211,95471,1,2.2413339396581073,1,0,1,0,0,1,0
44,16,33.546958923339844,95152,3,0.10699106641526901,1,0,1,0,0,1,0
54,23,67.83256530761719,89563,1,2.7075009787148163,1,0,1,0,0,1,0
35,12,28.042030334472656,94148,1,0.13387907877984814,2,0,1,0,1,1,0
27,16,111.1500244140625,91136,2,0.30588852895794677,1,0,0,0,0,1,0
34,21,161.66342163085938,91314,2,3.3889521466865458,1,0,0,0,0,1,0
56,31,47.2123908996582,92431,2,1.1180579301019127,1,0,0,0,0,1,0
58,34,16.80167007446289,94188,4,0.6043371667481025,2,0,0,1,0,0,0
40,17,50.182498931884766,94591,3,1.9146582328718842,2,0,1,0,0,1,0
49,24,26.427812576293945,94245,4,0.4079042273434199,2,0,0,0,0,1,0
28,13,104.47323608398438,92256,1,0.7356770178963313,1,107,0,0,0,1,0
49,14,172.37115478515625,92211,2,7.8268393100972995,1,0,0,0,0,1,0
37,15,207.7882537841797,95341,2,1.7350692692566267,1,0,0,0,0,0,0
65,40,61.514686584472656,94326,3,0.18449081191609126,2,151,0,0,0,0,0
40,15,89.30595397949219,94791,1,1.5200613722694014,3,0,0,0,0,1,0
61,35,14.005655288696289,92706,1,0.727333775465461,2,0,0,0,0,1,0
62,34,29.724960327148438,95574,3,0.6937009332946013,2,0,0,0,0,0,0
58,30,23.974035263061523,94601,2,1.5026167670321824,1,0,1,0,0,1,0
61,36,53.327415466308594,94783,2,2.0316332444153984,3,179,0,0,0,0,0
32,11,78.09093475341797,92549,1,1.4737921298328789,3,0,1,0,0,0,0
27,2,19.714048385620117,95610,3,1.0692575221118492,3,0,0,0,0,0,0
59,37,31.115558624267578,91557,2,0.3430258007299992,3,0,0,0,0,1,0
37,12,170.3894805908203,95352,3,5.057718697243541,2,0,0,0,1,1,1
40,18,76.76744079589844,95969,2,1.811229529655209,2,0,0,0,0,1,0
45,18,47.7420539855957,93977,3,0.25843982074456007,2,0,0,0,0,0,0
46,21,20.156246185302734,95654,4,0.550058225162305,1,0,0,1,0,0,0
37,11,62.75586700439453,91849,1,1.301945380993045,2,0,0,0,0,1,0
30,4,23.05937957763672,94824,4,2.304041453043923,3,0,1,0,0,0,0
39,14,83.41524505615234,91368,1,0.5894420016549433,2,0,1,0,0,0,0
63,28,40.116920471191406,96239,1,1.4071270222434433,2,0,0,0,0,0,0
42,11,58.39268493652344,91832,2,1.0688646331916476,1,0,0,0,0,1,0
58,16,144.99691772460938,91466,2,1.9041524705575585,1,0,0,0,0,0,0
40,19,64.27049255371094,93968,4,1.8421571248686042,1,0,0,0,0,0,0
63,37,96.47132110595703,95689,3,2.1510424399501913,2,0,0,0,0,1,0
65,36,32.169776916503906,94195,4,0.5694471406361964,3,0,0,0,0,0,0
41,21,57.06806945800781,91168,1,0.612405405630279,1,0,0,0,0,1,0
46,23,46.02436828613281,91455,1,0.9673229318011418,1,302,0,0,0,0,0
46,21,44.23196029663086,91443,1,1.7869288738708173,1,173,0,0,0,0,0
27,3,98.12016296386719,91583,1,0.46135308928347757,3,173,0,0,0,1,0
29,4,88.26062774658203,91395,4,1.3284627483070417,1,210,1,0,0,1,0
30,8,27.857202529907227,90657,3,0.12011006915652239,3,0,0,0,0,0,0
51,40,15.476140975952148,95446,3,0.2293132116396354,2,104,0,0,0,1,0
57,33,31.36107635498047,94468,3,1.7479617057520664,3,0,0,0,0,1,0
39,30,47.2398796081543,90376,4,1.35610930589797,3,280,0,0,0,1,0
50,20,189.79957580566406,90075,2,6.147283423211207,1,0,1,1,0,0,0
45,15,65.35243225097656,93975,4,1.8311228070554517,3,0,0,0,0,0,0
63,38,28.630399703979492,95379,3,0.7658890652938178,1,0,0,0,0,1,0
28,6,75.837890625,91738,1,2.1261683931263544,3,0,1,0,0,1,0
50,13,14.837573051452637,94063,4,0.7077230244154722,1,0,0,0,0,0,0
54,30,121.45973205566406,95091,2,1.0477928746014964,3,163,0,0,0,0,0
64,37,166.49679565429688,93012,2,2.5363450042848577,1,582,1,0,1,1,0
41,12,37.36267852783203,92177,2,2.01034158736691,2,0,1,1,1,1,0
28,4,111.7233657836914,94524,3,2.0035059759327254,2,0,0,0,0,0,0
55,32,33.12237548828125,90969,1,0.5382979222010558,3,0,1,0,0,1,0
46,27,86.9125747680664,94608,2,2.262599711798074,1,0,1,0,1,1,0
49,19,44.141971588134766,92828,2,1.1150176705242996,1,0,1,0,0,1,0
27,5,78.38529968261719,96264,2,0.2960826739280317,1,0,0,0,0,1,0
65,41,80.156982421875,91505,4,2.4191621217280854,1,235,0,0,0,0,0
37,7,54.2744026184082,92123,1,0.7829014934230173,2,0,0,0,0,0,0
65,42,44.399349212646484,92062,2,2.2439655352737993,1,0,0,0,0,0,0
28,0,131.23837280273438,91990,4,1.3320015579380984,2,0,0,1,0,1,0
59,39,27.623451232910156,92162,1,0.44529037510508634,2,0,0,0,0,1,0
53,34,29.729549407958984,92277,3,0.7414255433204064,2,0,0,0,0,1,0
56,30,147.19793701171875,92130,2,4.425690261523775,1,0,1,0,0,1,0
34,6,98.35316467285156,93136,4,3.468113404543344,3,135,0,0,0,0,0
36,20,71.56250762939453,95302,3,0.20021747476819896,2,0,0,0,0,0,0
33,4,120.46598052978516,94554,1,6.33493698596964,1,413,0,0,0,0,0
41,22,17.355478286743164,94483,4,1.4639174162073652,1,0,0,0,0,1,0
59,19,15.989418983459473,93994,2,0.20706666323350997,3,0,0,0,0,1,0
38,4,41.17701721191406,93202,3,1.108331530085251,1,0,0,0,0,1,0
44,21,55.336181640625,91264,4,0.3702211317507615,1,0,1,0,0,0,0
52,33,54.95296859741211,93283,4,0.25673544291554445,2,0,0,0,0,1,0
35,10,43.79130554199219,92699,4,0.8504597752399082,2,0,0,0,0,1,0
56,33,74.55548095703125,90349,1,1.352677492824078,1,0,0,0,0,1,0
48,20,67.67520141601562,94140,1,0.16177366727614628,1,399,0,0,0,0,0
52,30,78.36597442626953,94289,1,0.21991063838805963,3,0,1,0,0,1,0
46,24,20.854202270507812,93536,3,1.5873313671957598,2,94,0,0,0,0,0
29,5,106.64171600341797,93050,4,3.0535217889219,1,0,0,0,0,1,0
34,21,79.20914459228516,94531,2,2.268931358349862,2,0,0,0,0,1,1
48,23,29.47365951538086,92266,3,2.085067372731923,2,0,1,0,0,1,0
63,36,92.41161346435547,89715,1,1.8981045892863133,1,168,0,0,0,1,0
38,8,73.77708435058594,91692,2,1.5829026684459717,1,0,0,0,0,1,0
47,20,63.09104537963867,91833,3,0.6790152483552843,3,0,0,0,0,0,0
58,33,55.736839294433594,94852,4,1.155071342595005,2,0,0,0,0,1,0
53,32,79.68487548828125,91661,2,2.365505801065442,2,0,0,0,0,1,0
57,31,44.26606369018555,92073,2,7.285734550345251,1,0,0,0,0,1,0
45,10,56.45484924316406,94614,2,0.9368283186922463,3,148,0,0,0,1,0
43,14,28.04855728149414,93948,1,1.0902331595998738,3,0,0,0,0,0,0
25,0,195.57131958007812,95416,3,2.9908563810921907,2,0,1,0,0,1,1
53,24,117.63323211669922,94701,1,1.7483129878012615,2,0,0,1,0,0,1
34,8,70.07807159423828,95079,2,1.5525658211274416,2,0,0,0,0,1,0
42,15,55.87067794799805,92020,1,2.2716182905297395,1,0,0,0,0,0,0
36,13,133.94512939453125,92903,2,1.649787758590961,1,563,0,0,0,1,0
32,0,30.293386459350586,95047,4,0.8748928221294092,2,105,1,0,0,1,0
51,28,92.86322784423828,93134,1,1.2541768172636056,3,0,0,1,0,0,1
57,22,49.502662658691406,90017,3,0.4689237130335121,2,0,0,0,0,1,0
54,28,60.470367431640625,94502,2,0.5690128191950606,3,0,0,0,0,1,0
48,19,38.342132568359375,92111,1,0.4869013042263004,3,0,0,1,0,0,0
42,26,91.82963562011719,91466,3,1.328281056293969,2,167,0,0,0,1,0
62,26,61.09743118286133,95612,2,0.5396989536134567,1,0,0,0,0,1,0
58,27,27.264488220214844,90076,1,0.5244665977920523,3,0,0,0,0,0,0
37,18,29.060134887695312,93384,4,2.2663398373306283,2,0,0,0,0,1,0
62,32,38.75021743774414,91460,1,0.505931502460017,1,181,0,0,0,1,0
55,25,31.04936981201172,94386,3,1.9127821391944213,2,130,0,0,0,1,0
60,26,58.76799774169922,94271,2,1.9712445954238258,2,0,0,0,0,0,0
62,25,97.56503295898438,94158,4,0.03875839628817057,1,0,1,0,0,0,0
57,34,52.06401062011719,92534,1,0.09374748064972904,3,0,0,0,0,0,0
38,13,170.07852172851562,94141,2,3.2762637037976408,1,0,0,0,0,1,0
37,15,92.18302154541016,94916,4,3.986181590147687,1,0,0,0,0,0,0
39,22,96.89633178710938,90208,1,1.4422231300723878,2,0,0,0,0,1,0
52,20,94.20394134521484,91317,3,1.4239928818473533,1,227,0,0,0,1,0
28,-1,35.07194519042969,94412,3,1.176576586973173,2,87,0,0,0,0,0
41,26,83.21910858154297,90127,1,1.129621771798308,1,87,0,0,0,1,0
49,24,54.09687805175781,92569,4,1.9203245971830722,1,0,0,0,0,0,0
64,37,131.33900451660156,94826,2,1.1529654737143178,2,466,1,0,0,1,1
29,3,32.99424743652344,92111,2,0.623344397056175,2,0,1,0,0,1,0
47,17,77.74186706542969,94279,4,0.8560265004835682,2,0,0,0,0,1,0
39,5,80.34156036376953,92928,2,1.3865542359290521,1,0,0,1,0,0,0
36,10,21.902896881103516,90700,3,0.8530587511625984,3,0,0,0,0,1,0
28,2,196.22752380371094,92664,1,5.847548150260235,1,0,0,0,0,1,0
45,25,138.0180206298828,94555,4,4.751275499784832,3,389,0,0,0,1,1
53,33,48.90450668334961,92224,1,1.5724725116331162,3,0,0,0,0,0,0
30,2,62.34084701538086,93012,4,1.4679723403231428,1,0,0,0,0,1,0
53,23,116.14222717285156,92880,2,0.7990914720088192,1,0,1,0,0,0,0
25,5,43.286865234375,92096,2,0.5990018167694395,1,0,1,0,0,1,0
51,25,56.950111389160156,90336,4,1.0976217552939196,3,159,0,0,0,0,0
54,29,42.85535430908203,92054,3,0.27846013528335856,2,0,1,0,0,1,0
38,17,137.3989715576172,90266,2,3.012566042740767,1,0,0,0,0,0,0
45,23,14.978318214416504,92771,2,0.5194535028028862,1,211,0,1,0,0,0
43,22,67.01598358154297,95143,2,2.8990408673208536,3,0,0,0,0,1,0
30,1,79.95948028564453,91550,2,3.0926345568667752,2,0,0,0,0,0,0
30,3,66.22368621826172,93112,1,1.3916702124263678,1,0,0,1,0,1,0
34,1,51.35104751586914,95820,2,1.1576719313012234,3,0,0,1,0,1,0
45,20,71.24164581298828,91874,1,0.02350216622970458,3,0,0,0,0,1,0
29,2,107.30347442626953,90830,2,0.8364691893782119,1,0,1,0,0,1,0
37,17,36.822349548339844,90315,4,0.31636302093267793,2,0,0,1,0,1,0
66,41,48.16319274902344,92005,3,1.5966561581908074,2,0,0,0,0,0,0
44,25,85.06117248535156,90043,1,1.055264641778859,1,0,0,0,0,1,0
59,36,73.20179748535156,94558,2,2.221548793107726,1,0,0,1,0,1,1
58,37,19.724380493164062,90606,3,0.2956139404748448,2,0,0,0,0,0,0
63,38,119.49235534667969,92017,3,0.7783616121841582,3,0,0,1,0,0,0
51,27,36.594688415527344,94182,1,0.5431637728999681,3,84,1,0,0,1,0
38,17,77.89102935791016,91756,4,3.1280083988477667,3,0,0,0,0,1,0
63,40,85.68121337890625,91212,4,0.5383641999426343,1,0,0,0,0,1,0
59,29,29.610994338989258,90405,3,2.995971153328243,1,0,1,0,0,1,0
26,-2,65.45814514160156,91270,4,1.7957480263720083,3,0,0,0,0,1,0
57,35,143.47857666015625,92142,4,2.6043219291833815,1,0,0,0,0,0,0
29,3,127.66275787353516,92840,1,1.6410950421816428,1,0,0,1,0,1,0
54,8,33.95670700073242,95583,2,0.20916408239918982,1,0,0,0,0,0,0
36,19,68.48495483398438,92400,2,0.7353270010151022,1,0,0,0,0,1,0
46,24,93.62649536132812,90393,2,3.5087928084924966,1,0,0,0,0,0,0
56,31,33.32856750488281,95147,1,0.6244167009283027,1,0,0,0,0,1,0
62,38,89.42922973632812,94007,4,2.886217911061918,1,0,0,1,0,1,0
59,27,44.94905090332031,91034,1,0.25327819516539185,2,0,1,0,0,0,0
53,26,130.87802124023438,91846,1,3.6882526728335496,1,0,0,0,0,1,0
60,27,58.28511047363281,95193,4,2.263509452063131,3,0,0,0,0,1,0
59,32,146.33197021484375,95972,4,3.9812177726541007,1,187,0,0,0,1,0
31,5,31.389001846313477,91966,3,0.2324309913684912,1,0,0,0,0,0,0
53,27,60.32550811767578,94311,3,2.6736232913297164,1,0,1,0,0,1,0
44,24,79.13967895507812,94898,2,2.3391175708075416,1,0,0,0,0,0,0
42,24,53.98781967163086,93055,2,0.06071473135000488,1,0,0,0,0,0,0
31,10,32.34886169433594,90126,3,1.7463413178553742,1,0,0,0,0,0,0
49,25,104.14076232910156,90460,3,1.2708964137732912,2,0,0,0,0,0,0
66,38,28.535667419433594,90534,1,1.7192268525493863,3,0,0,1,0,1,0
37,10,40.03384780883789,95946,3,0.3446884228239893,1,0,1,0,0,1,0
65,40,96.65927124023438,90165,1,5.330886237612632,3,0,0,0,0,0,0
51,30,56.839820861816406,95993,2,1.79990693149235,3,0,0,0,0,1,0
63,37,52.25776672363281,91543,3,2.8350764984731764,3,297,0,0,0,1,0
27,1,81.4603500366211,91224,4,1.4995159121939847,3,0,0,0,0,1,0
36,14,53.793052673339844,90454,4,0.44927180890340335,2,0,0,0,0,0,0
29,4,60.057003021240234,91674,3,0.27091015816688807,2,161,0,0,0,1,0
52,34,20.303808212280273,90494,3,0.3403557772148648,2,191,0,0,0,1,0
29,3,96.044677734375,93175,4,1.0654169962472464,1,108,0,0,0,0,0
32,9,125.8194351196289,90366,1,2.835617900135837,3,0,1,0,0,0,0
45,25,148.16220092773438,95458,2,5.602352671930625,1,0,1,0,0,1,0
39,22,41.280784606933594,90785,3,2.4931644885359856,1,0,0,0,0,0,0
40,18,90.51687622070312,95781,3,1.2363722988530896,1,0,0,1,0,1,0
60,36,48.68025588989258,91435,4,1.0251579724282895,1,0,1,0,0,1,0
38,14,58.34068298339844,95763,4,2.9579480923802053,3,0,0,0,0,1,0
39,10,34.71232604980469,93900,1,0.8234084491402526,2,0,1,1,1,1,0
59,30,84.11270904541016,92549,1,1.6035896168301618,3,442,0,0,0,0,0
48,20,133.37136840820312,93145,2,2.902055197030115,1,0,1,0,0,0,0
42,28,83.34678649902344,91929,1,0.8084731389514113,1,0,0,0,0,1,0
65,39,53.24367904663086,90305,2,1.329329744426611,3,122,0,0,0,1,0
48,20,85.54312133789062,92432,2,0.3507273455452828,3,132,0,0,0,0,0
61,33,197.54830932617188,95745,1,2.802639228806976,3,399,0,0,1,1,1
24,0,65.89518737792969,92949,2,1.0452782111805363,2,99,1,0,0,1,0
35,3,61.39995193481445,94289,4,2.642002492131751,1,227,0,0,0,0,0
58,33,61.15290069580078,94636,2,0.6974206379584638,3,0,0,0,0,0,1
27,7,155.33856201171875,92604,4,8.757532038053501,2,0,1,0,1,1,1
54,28,50.575355529785156,91175,2,1.3165647689747797,3,245,0,0,0,0,0
60,34,26.39264488220215,94368,1,1.3090780788875924,3,0,1,0,0,1,0
30,9,29.618925094604492,93177,4,3.515712962875021,1,0,1,1,0,1,0
30,13,54.81684112548828,90095,3,1.4615652365016976,1,163,0,0,0,1,0
37,16,35.2440185546875,91673,4,2.2609169487809515,2,0,0,0,0,1,0
52,16,132.046142578125,95022,1,0.27830269047441175,3,0,0,0,0,0,0
60,34,18.416988372802734,92641,4,0.771028906248641,2,182,0,0,0,1,0
63,41,172.2810516357422,91346,2,2.0581599316807244,1,172,0,0,0,0,0
45,18,27.320293426513672,94497,1,2.9036279557071794,3,151,0,0,0,1,0
52,28,188.7381591796875,92023,2,3.1200037953953497,1,0,0,0,0,0,0
40,6,58.46635818481445,91080,3,0.3482706481105582,2,0,1,0,0,1,0
63,27,83.27861785888672,95385,1,3.748399092985289,2,0,1,0,0,0,0
51,30,160.8797149658203,90285,2,0.5953628900675705,1,0,1,0,0,0,0
41,16,83.21650695800781,94939,3,2.132161790185315,3,0,0,1,0,0,0
47,14,151.62271118164062,94915,1,6.316250264678783,1,0,0,1,0,1,0
48,22,150.248046875,90478,3,3.4345991849250015,2,0,0,0,0,0,1
56,33,17.795364379882812,94678,3,0.8809557058363161,1,0,0,0,0,0,0
46,4,45.89206314086914,92031,4,3.676405569504772,2,0,0,0,0,1,0
45,24,41.1479377746582,93756,1,1.1482786105786058,3,0,1,0,0,1,0
34,8,45.52470016479492,95966,3,0.8375373983597625,1,0,0,0,0,1,0
50,29,24.547611236572266,92956,4,1.7768291920635813,1,0,0,0,0,0,0
33,21,10.593183517456055,90279,4,0.22005601564112548,1,0,0,0,0,0,0
32,9,101.54351806640625,91948,4,2.7051931767673585,2,0,0,0,0,1,0
41,9,99.10005187988281,91844,4,1.4676833416166197,1,0,1,0,0,1,0
64,36,53.142852783203125,94517,2,4.485104977614448,3,0,0,0,0,0,0
64,38,41.935646057128906,92246,3,2.446766105603177,2,78,0,0,0,1,0
36,19,45.77242660522461,95927,4,0.32737894272065443,2,0,1,0,0,1,0
30,6,150.5721435546875,92284,2,0.38476775955827025,1,0,0,0,0,0,0
64,39,80.31302642822266,91164,4,3.9961774318785457,2,315,1,0,0,0,0
61,30,106.75015258789062,92376,2,2.1380942431515693,1,555,0,0,0,1,0
44,18,129.3147735595703,94458,2,1.7808549602813306,1,303,1,0,0,0,0
61,34,121.07596588134766,96648,2,5.716506469312572,3,0,0,0,0,0,1
30,18,36.40087127685547,91388,1,1.5579060151605486,3,0,0,0,0,1,0
26,-3,55.40670394897461,92996,1,7.040847887679247,1,0,0,0,0,0,0
52,28,46.185062408447266,91040,4,1.247433255091459,1,139,1,0,0,1,0
56,37,83.49409484863281,92494,4,1.990225899405945,1,81,0,1,1,1,1
45,17,60.260616302490234,96120,1,5.372396452312437,2,0,0,0,0,1,0
65,40,38.315616607666016,92090,4,0.9397955624961387,1,0,0,0,0,1,0
58,39,72.29825592041016,91893,2,0.5050613896674322,1,0,0,0,0,0,0
51,24,175.25283813476562,92931,3,6.590472138568385,2,0,1,0,1,1,1
42,9,65.61515808105469,94872,2,1.2045034098557346,1,0,0,1,0,1,0
32,9,201.5012664794922,91071,2,6.578786068967877,1,417,0,0,0,1,0
46,14,43.75583267211914,91990,1,1.2695490667029465,2,0,0,0,0,0,1
43,20,56.43309783935547,94445,3,1.38680807456684,2,0,0,0,0,1,0
46,27,116.17891693115234,91687,2,3.04851745919372,1,0,0,0,0,1,0
55,31,73.92474365234375,94855,2,0.7422556488417211,2,0,1,0,0,0,1
66,35,64.62608337402344,91470,2,0.44525160030836014,3,0,0,0,0,0,0
52,24,99.00118255615234,91868,2,1.8851414120397756,1,0,0,0,0,1,0
61,37,188.10841369628906,91198,2,0.9896210648256785,3,280,1,0,0,1,1
57,37,42.18436813354492,91318,2,0.035210990730136116,3,0,0,0,0,0,0
60,36,74.37741088867188,92569,4,1.8092338776689116,1,0,0,0,0,0,0
56,35,70.81057739257812,91679,1,1.6753808920553972,2,0,1,0,1,1,0
62,37,110.84870147705078,93772,2,2.3870527753825184,1,132,0,0,0,1,0
33,15,37.56024169921875,92310,1,0.543858145491123,1,132,1,1,1,1,0
33,8,12.61300277709961,93592,4,0.8703924340848088,3,0,0,0,0,0,0
30,4,23.896549224853516,92644,1,0.48131283127127744,3,100,0,1,0,0,0
56,34,13.005806922912598,95183,3,0.26339199595995216,1,0,1,1,1,1,0
45,19,132.3995361328125,93732,4,0.922657683591021,1,0,0,0,0,1,0
46,21,31.473621368408203,92108,2,2.178574051728742,3,99,0,1,0,0,0
38,8,129.32794189453125,91336,2,4.215993474122313,3,0,1,0,0,1,0
32,16,166.8499755859375,94242,2,7.0734018659341995,1,218,0,0,0,0,0
30,8,213.0318603515625,91747,1,6.6472198445859005,1,0,1,0,0,1,0
53,25,54.09073257446289,92471,4,1.541953856769486,3,0,0,0,0,0,0
27,12,69.12696838378906,94382,2,2.082588808583526,1,0,0,0,0,1,0
56,34,39.145442962646484,90976,2,1.6359210099156463,1,0,1,0,0,1,0
63,30,30.182188034057617,91024,1,0.3075941197293708,3,0,0,0,0,1,0
44,27,81.24315643310547,95658,3,0.24915091240748438,1,0,0,0,0,0,0
32,5,110.66754150390625,95510,3,0.623469346209837,2,0,0,0,0,0,0
28,3,101.79740905761719,94648,3,2.0995245607776885,2,0,0,0,0,0,0
63,37,55.61368942260742,92277,4,0.7366765482633999,2,0,0,0,0,1,0
24,13,84.87008666992188,92771,1,2.005821625653276,2,161,0,0,0,0,0
29,5,44.43465042114258,96274,2,2.7014637385312668,2,0,0,0,0,0,0
60,27,29.235427856445312,94264,3,0.4129779652147162,1,0,0,0,0,1,0
54,31,145.59088134765625,92868,1,0.8643387989830835,1,0,0,0,0,1,0
37,9,175.78561401367188,94669,3,3.888265808446175,3,0,1,1,1,1,1
55,39,15.95743179321289,94531,1,2.5822454220895876,1,0,1,0,0,0,0
57,34,76.18187713623047,94813,4,1.2281065861506004,3,120,0,0,0,0,0
55,35,42.561073303222656,94706,4,1.9982584898156095,3,0,0,0,0,0,0
60,40,63.12266540527344,94728,4,1.9418874062480924,2,0,1,0,0,1,0
34,3,29.84546661376953,94455,2,1.7863629958709184,2,183,0,0,0,0,0
61,34,52.53302001953125,96018,1,1.0868154869837865,1,158,0,0,0,1,0
63,38,115.45397186279297,95987,2,0.37830249014298234,3,0,0,0,0,1,1
43,35,79.54936218261719,95278,1,1.3068292093504796,1,0,0,0,0,1,0
35,15,155.54998779296875,90416,3,1.8201314004772686,2,0,0,0,0,1,1
57,37,77.38570404052734,94754,4,0.8670736882795689,1,0,1,0,0,0,0
41,25,173.0050506591797,93237,2,0.47151047137082425,1,0,0,0,0,1,0
33,11,27.327842712402344,95220,4,0.48082919024902826,2,0,1,0,0,1,0
42,26,43.54182815551758,93018,3,0.9913079203082665,1,155,0,0,0,0,0
49,30,35.582557678222656,94356,3,2.7579269942434537,2,62,1,0,0,1,0
34,7,127.26052856445312,92341,1,5.995305924104835,1,0,0,0,0,0,1
33,13,216.12344360351562,91261,1,7.991323864372576,1,339,0,0,0,0,0
55,29,88.9106216430664,95733,3,1.4936647999203785,2,129,0,0,0,0,1
58,29,55.22575759887695,93305,4,1.796483745560326,1,0,0,0,0,0,0
25,6,89.3148193359375,90138,4,0.3109361489019425,3,0,0,0,0,1,0
57,32,14.389311790466309,94384,4,0.7198304666837543,3,74,0,0,0,1,0
45,33,14.3709135055542,91891,4,0.21522134116884323,3,0,0,0,0,0,0
63,38,28.427791595458984,90188,4,0.26575015788766776,2,0,1,0,0,0,0
28,2,110.59352111816406,90910,2,6.547439282996631,1,241,1,0,0,1,0
57,28,42.86008834838867,90085,1,0.2644881227906588,1,98,0,0,0,0,0
46,14,61.564788818359375,94781,4,0.14714612236313407,1,153,0,0,0,0,0
56,30,48.79787826538086,92413,2,0.013607291402701727,3,0,0,0,0,1,0
57,31,118.28046417236328,94395,3,1.3118180463995497,2,0,1,0,1,1,0
48,26,89.35639190673828,95636,2,0.011482451758321188,3,0,0,0,0,1,0
28,5,52.53989028930664,92814,4,3.114428872971616,1,0,1,0,0,1,0
61,40,16.109127044677734,92284,3,0.4389625278308338,2,178,0,0,0,1,0
31,5,93.25032043457031,91320,2,3.354996720060898,3,0,0,0,0,0,1
43,14,47.304115295410156,94353,3,1.0921208300481944,3,0,0,0,0,1,0
40,12,77.34575653076172,94306,3,2.16674275815686,2,0,0,0,0,1,0
64,26,163.61984252929688,95983,1,2.3944800261322388,1,0,1,0,0,1,0
32,4,131.64657592773438,92944,4,1.0739949243264504,3,102,0,0,0,0,1
54,34,70.41835021972656,90958,4,3.0428439441233115,1,0,1,0,0,0,0
56,37,56.90048599243164,92930,4,2.2118158199913607,1,0,0,0,0,0,0
28,12,143.2744598388672,92437,2,2.2587055334099713,1,156,1,0,0,1,0
42,16,52.67416000366211,90148,2,2.3338811479013515,3,0,1,1,0,0,0
61,31,27.902721405029297,93632,2,0.34427743981627107,1,0,0,0,0,0,0
64,38,44.11344909667969,91855,4,1.7950363978247639,3,0,0,0,0,1,0
47,19,30.0497989654541,93287,4,1.9367877155897268,2,0,0,0,0,1,0
63,35,59.73188018798828,90333,2,2.821248254921665,1,0,0,1,0,1,1
30,7,140.82070922851562,94162,4,2.305972763461848,1,487,0,0,1,1,1
48,21,71.11402130126953,94696,3,1.9355353295788054,1,0,0,0,0,0,0
45,28,68.5458984375,94070,4,2.507308620074667,1,0,0,0,0,0,0
54,28,45.824134826660156,90053,4,0.32812550144654895,1,0,0,0,0,0,0
48,21,38.18787384033203,90302,1,0.9626597698769018,3,0,0,0,0,0,0
65,40,76.13451385498047,90255,4,2.2159059572120183,2,0,0,1,0,0,0
39,17,71.40190887451172,95600,3,2.310985838537028,1,0,0,0,0,1,0
44,2,74.91841125488281,94906,4,1.1675371032235484,2,153,0,0,0,0,0
50,20,119.43243408203125,94482,4,1.914727397730861,1,0,1,0,1,0,0
39,13,97.09805297851562,91057,1,0.8341224749897006,1,0,1,0,0,1,0
27,5,69.41659545898438,95877,4,1.675888285236047,3,153,0,0,0,0,0
59,3,56.09251403808594,93537,4,0.782307865794996,2,0,0,0,0,0,0
66,38,50.1370964050293,91524,2,0.2895438304319203,3,0,1,0,0,0,0
29,10,74.78726196289062,90168,4,0.45529899625212,2,0,0,0,0,0,0
50,17,29.196979522705078,95344,4,1.871264839793774,2,0,0,0,0,1,0
43,10,191.66265869140625,90054,1,5.290396037806031,1,151,0,1,0,1,0
55,27,26.765094757080078,94306,1,0.47090898218508925,2,0,0,0,0,1,0
45,21,112.48445129394531,90497,1,0.6638336433053321,2,0,0,1,1,1,1
48,29,43.23428726196289,91719,4,0.5801525150716216,1,410,1,0,0,1,0
27,14,29.52741813659668,95319,4,0.9929839215796192,1,0,0,0,0,0,0
52,23,70.36235046386719,90120,2,2.563814104079701,1,245,0,0,0,0,0
62,24,29.609886169433594,92274,2,3.0713601209279506,2,152,0,1,0,1,0
61,37,15.386070251464844,90446,2,1.5967306152677363,3,0,0,0,0,1,0
44,8,35.585594177246094,94617,3,0.6024805495622452,1,0,0,0,0,1,0
40,17,42.461509704589844,90591,2,2.065205041289107,2,0,1,0,0,0,0
30,14,193.7671356201172,89991,1,4.96860387846857,1,0,1,0,0,1,1
49,14,122.52079010009766,94249,4,1.8285943031348175,1,0,0,0,1,1,0
59,37,67.97538757324219,94142,2,1.711409217026553,3,0,0,0,0,0,0
40,21,73.21765899658203,91546,2,1.8772983434723094,2,0,0,0,0,1,0
31,4,89.51798248291016,96325,2,1.5383396037714654,3,0,0,1,0,1,0
33,12,71.13548278808594,94164,2,2.1065486566501375,3,0,0,0,0,1,0
29,1,23.79290771484375,93168,4,0.7797740164211693,1,0,0,0,0,0,0
62,28,16.304473876953125,94868,3,0.47356491251946753,3,0,0,0,0,1,0
33,8,57.12437438964844,92223,2,0.0743955755272882,1,0,0,0,0,0,0
61,36,54.76274871826172,91100,3,0.5035319045680318,2,228,1,0,0,1,0
50,21,80.2237777709961,93885,2,2.1769066367150125,2,0,0,0,0,0,0
48,18,38.74664306640625,93165,1,0.9991753480641782,1,0,0,0,0,1,0
31,10,90.98023986816406,89883,1,1.5008916284653608,3,167,0,0,0,0,0
62,28,92.51126098632812,94988,1,3.7476389199101368,3,0,1,0,0,1,0
55,30,46.891693115234375,89945,3,0.3511157714108826,1,0,0,0,0,0,0
61,37,53.5801887512207,94241,1,1.6223239704696624,1,339,0,0,0,1,0
29,4,204.86318969726562,95364,1,4.059938460529052,1,278,0,1,0,1,1
40,12,183.945556640625,91803,3,1.7998837016913936,1,0,1,0,0,1,0
52,24,45.00292205810547,91460,4,1.3619394142916719,3,136,0,0,0,1,0
31,7,45.6488151550293,91736,3,1.6208766539569512,1,0,1,0,0,1,0
29,19,166.12774658203125,90612,4,2.971216111449876,2,0,0,0,0,1,1
61,34,51.20286178588867,91938,3,0.2009804008901096,2,0,0,0,0,0,0
38,15,72.92363739013672,95992,4,2.249529796485745,2,282,0,0,0,0,0
43,17,65.13646697998047,94391,3,2.3062800208195444,1,0,1,0,1,1,0
66,38,56.89716339111328,92283,3,2.088190066477445,1,0,0,0,0,1,0
38,10,86.14170837402344,92155,1,2.577257512488574,2,0,0,0,0,0,0
30,2,126.35371398925781,95365,1,2.858540911668374,1,0,0,0,0,1,0
30,8,82.75645446777344,95615,1,4.748608692705187,1,0,0,1,0,1,0
35,20,85.52474212646484,89770,3,0.4316465799173928,1,0,0,0,0,1,0
29,6,26.21339225769043,94448,1,1.2233003622406948,2,105,0,0,0,1,0
44,25,85.78172302246094,95672,4,4.296031748805308,2,0,0,0,0,0,0
28,6,32.65558624267578,90296,1,2.3211399092527536,3,107,0,1,0,1,0
34,8,148.6200408935547,90293,2,3.0665910562592344,2,176,0,0,0,0,1
39,18,52.6937141418457,92064,2,0.16780039875389072,1,0,1,0,1,1,0
31,3,50.51173400878906,94719,4,1.964409395779664,1,0,0,0,0,1,0
54,31,58.030792236328125,94195,3,1.705812031416653,3,0,0,0,0,0,0
28,4,124.82186126708984,92143,4,1.5091265929044333,3,108,1,0,0,1,0
66,36,28.649904251098633,93363,1,0.29390388623816877,1,0,1,0,0,1,0
24,3,132.904296875,94504,4,1.9722756146938953,1,0,1,0,0,0,0
41,21,27.457916259765625,93761,4,0.8283671721602451,2,103,1,0,0,1,0
63,38,62.15694808959961,94970,2,0.7325142201805572,2,0,0,0,0,1,0
43,19,92.56844329833984,94795,1,2.536590294411406,3,0,0,0,0,1,0
61,36,52.31033706665039,91975,2,0.0028040871509525944,2,0,0,1,0,0,0
54,28,57.992156982421875,90960,1,0.03439552873488938,2,0,1,0,0,0,0
34,12,199.9294891357422,91996,2,7.810277541860696,1,0,0,0,0,1,0
50,24,116.60284423828125,90331,3,1.9944738306959062,3,0,0,1,0,0,1
46,23,40.557098388671875,92178,4,0.5327345811698125,1,0,0,0,0,1,0
39,12,123.97431182861328,92725,1,7.357627718450263,1,0,1,1,0,0,0
41,17,134.30303955078125,96392,2,1.4722607614059542,3,151,1,0,0,0,0
62,36,96.29833221435547,91690,2,1.3667768579820352,1,0,0,0,0,0,0
62,23,43.787715911865234,94521,3,1.3837594691137818,2,0,0,0,0,1,0
64,39,29.462833404541016,90426,4,0.2881418378373075,1,0,1,0,0,1,0
24,-1,31.38315773010254,94175,4,1.4291732523520517,3,155,0,1,0,1,0
47,24,32.893707275390625,91855,4,2.4296628638277036,1,0,0,0,0,1,0
59,30,30.851577758789062,90476,2,0.5813921908210878,3,0,0,0,0,1,0
52,17,29.124147415161133,90167,3,2.5432268375405687,1,0,0,0,0,0,0
63,36,184.63307189941406,90040,3,6.340582966767471,2,0,0,0,1,1,1
57,32,30.57016372680664,94789,3,0.9161084361757161,1,0,1,0,0,1,0
54,29,35.57499313354492,94640,2,1.7885042964426343,3,0,1,0,0,0,0
47,21,20.29633331298828,95026,3,0.7298672699014509,1,138,1,0,0,0,0
32,12,54.38055419921875,91771,4,2.08122779108378,1,0,1,0,0,0,0
59,36,89.10774993896484,92597,1,1.3678936119293075,3,0,0,0,0,0,0
36,14,80.53302001953125,90849,3,0.36735029764936755,1,229,0,0,0,0,0
26,0,53.97913360595703,94619,4,1.3501156704093482,2,0,0,0,0,1,0
40,17,175.65472412109375,95588,2,2.0785212488189035,1,521,0,0,0,0,0
51,26,39.309715270996094,95557,2,2.4057438215786826,1,0,1,0,0,1,0
62,37,52.779544830322266,92701,4,2.3808244770216196,1,0,0,0,0,0,0
66,39,33.882999420166016,92282,1,0.17963824776436751,1,124,0,0,0,0,0
26,7,48.29383850097656,93185,4,1.8188336428707388,1,0,0,0,0,1,0
49,16,27.067493438720703,92735,2,0.6715865465602644,1,0,0,0,0,1,0
40,4,102.58995819091797,94372,1,1.9861001778720766,2,0,1,0,0,0,0
46,26,59.937950134277344,94520,4,4.240831170478251,3,0,0,0,0,1,0
57,25,140.70152282714844,93429,1,6.664985000011514,1,393,1,0,1,1,1
43,13,50.4271240234375,94579,1,1.077275288713922,3,112,1,0,0,1,0
31,1,42.62513732910156,92958,4,1.3775851598231934,1,0,0,0,0,1,0
40,6,24.643373489379883,95045,3,1.2372360798550552,2,0,0,0,0,0,0
31,8,114.5069351196289,94217,2,1.4006915930517994,1,0,0,0,0,1,1
39,11,66.81063842773438,91384,4,0.735894180338929,2,193,1,0,1,1,0
65,39,15.264520645141602,92211,4,0.8167516018571188,2,202,0,0,0,1,0
40,17,68.99427032470703,90007,1,1.5606429727896938,1,233,0,0,0,0,0
44,25,104.88481903076172,91609,2,0.6178524176199536,2,454,0,0,0,1,1
34,12,120.64290618896484,91415,4,2.1372788322496303,2,0,0,0,0,1,0
29,4,20.16819953918457,96019,3,0.35551711447422574,1,142,0,0,0,1,0
45,24,55.0328254699707,91825,4,2.8660954852249856,1,0,0,0,0,0,0
35,6,190.70269775390625,93106,3,6.546595477256488,2,0,0,0,0,1,1
31,7,186.16375732421875,94608,1,3.6546791083082923,1,275,0,0,0,1,0
56,30,20.955713272094727,91969,1,0.8601164112806394,2,0,0,0,0,0,0
34,4,54.22059631347656,94623,3,2.0053212493015864,2,0,0,0,0,1,0
47,29,67.36333465576172,92353,2,5.0180636221550285,1,64,0,0,0,0,0
36,14,47.27771759033203,95109,1,1.0778027300870372,1,0,1,0,0,0,0
45,16,124.02982330322266,94308,1,2.3935482225208338,1,417,0,0,0,1,0
64,40,89.0570068359375,90288,1,0.03398172814089201,1,0,0,0,0,1,0
32,4,52.93561553955078,95280,2,0.21928604305647165,1,0,1,0,0,1,0
33,11,189.53358459472656,95787,2,4.737653177598096,1,0,0,0,0,0,0
58,38,18.7017822265625,95463,3,0.8696166044797558,3,126,0,0,0,1,0
56,17,24.87173080444336,94768,3,0.9029797124034498,1,126,0,0,0,0,0
37,15,50.15870666503906,90771,3,1.2577370715104133,3,0,1,1,0,0,0
62,38,87.9966049194336,90010,2,1.0910764381798153,3,0,0,0,0,0,0
31,4,109.11530303955078,95948,4,1.717210945287988,1,0,0,0,0,0,0
41,22,199.17788696289062,95162,1,5.326783804914717,1,573,0,0,0,1,0
30,5,175.63632202148438,92440,2,1.4866717555926567,1,176,0,1,0,1,0
28,6,43.695899963378906,96155,2,4.2016873745521375,1,0,1,0,0,0,0
44,16,114.87273406982422,94009,2,3.7235739511673365,1,0,1,0,0,0,0
30,10,84.64707946777344,92003,4,0.5306382436291088,3,0,0,0,0,0,0
36,12,44.81113052368164,92729,1,1.9432256925659916,2,0,0,0,0,0,0
28,5,50.84148406982422,95844,4,0.3850955500503054,1,0,0,0,0,1,0
31,2,155.4788818359375,95128,1,1.4664730939650676,1,0,0,0,0,0,0
60,32,147.64407348632812,90898,3,3.1130858259565666,1,0,0,0,0,0,1
55,34,21.68801498413086,91980,2,1.330650570926372,1,0,0,0,0,1,0
52,18,81.9551010131836,90154,1,1.492431572250676,1,0,0,0,0,0,0
58,22,16.17181396484375,95182,1,0.7694504985850664,2,0,0,0,0,1,0
37,22,71.94155883789062,94853,3,1.6961747642536498,3,0,0,0,0,0,0
40,17,81.45496368408203,94464,1,0.6054974545256511,3,0,0,0,0,1,0
61,35,66.19065856933594,91094,3,3.4280406115747555,3,0,0,0,0,1,1
44,25,100.90870666503906,94587,1,1.0662404838242978,3,0,0,0,0,1,0
30,11,32.29515075683594,92265,4,1.1623079300493149,1,102,0,0,0,1,0
36,11,23.204166412353516,91960,1,1.3630237963872887,2,102,0,0,0,0,0
40,32,182.27281188964844,94199,2,7.017822823017477,1,337,0,0,0,1,0
27,2,32.67216873168945,90389,2,1.4028696241851353,3,0,0,0,0,0,0
55,39,47.823768615722656,91569,3,0.41877996717930416,1,0,0,0,0,1,0
27,6,43.5101432800293,94994,1,0.8701050122663462,2,0,0,0,0,1,0
58,36,14.217660903930664,94097,3,1.5074616656111492,1,0,0,0,0,1,0
36,27,80.27393341064453,93230,1,0.10075756488937512,1,103,0,0,0,0,0
44,27,91.89171600341797,92357,3,5.676828397312939,1,0,0,0,0,1,0
52,17,42.84611129760742,91460,1,1.7951014130884029,1,0,1,0,1,1,0
36,7,21.606197357177734,96246,3,0.7661052851629021,3,201,0,0,0,1,0
30,7,111.03181457519531,91056,2,0.1306259704966444,1,0,0,0,0,0,0
39,4,210.5639190673828,89984,1,4.7164981260019285,1,0,1,0,0,1,0
32,6,25.130516052246094,91835,4,1.541256579868883,2,0,0,0,0,1,0
44,17,129.41897583007812,90469,1,4.684643121360653,3,0,1,1,1,1,0
35,0,101.95848846435547,91277,3,2.5970543821861725,1,0,0,0,0,0,0
61,36,83.7906494140625,95266,2,0.7100225867435618,3,0,1,0,0,1,0
52,27,44.848960876464844,92079,4,0.24194845061752854,3,0,1,0,0,0,0
34,12,154.0962371826172,95430,2,5.751134161798789,1,372,1,0,0,0,0
31,3,29.509767532348633,90505,2,0.8360741706823102,2,0,0,0,0,0,0
59,31,74.24958801269531,90587,1,1.2280221595621779,1,438,0,0,0,1,0
36,18,50.77712631225586,95132,2,0.3565726934792456,2,0,0,0,0,0,0
30,8,100.77813720703125,92128,2,1.6000982277029638,1,0,0,1,0,1,0
36,14,109.22457885742188,90298,1,2.031128378487816,1,0,1,1,0,1,0
62,32,128.31927490234375,94106,1,1.9502102581018175,1,167,0,0,0,0,0
64,39,158.3260955810547,93451,2,3.3271089494233146,1,0,0,0,0,1,0
43,27,59.4652099609375,93026,4,1.2019495804907963,3,116,0,0,0,1,0
28,8,35.501930236816406,94465,4,1.6350663530666925,3,105,0,0,0,1,0
57,26,24.83632469177246,92640,2,0.9872073753177553,2,119,0,0,0,1,0
40,28,115.652099609375,94481,3,2.4356478691054573,1,0,0,0,0,1,0
30,11,104.57234954833984,93412,3,0.07906210524765958,2,0,0,0,0,0,0
44,13,99.01731872558594,95411,3,1.6485361301032906,2,206,1,0,0,1,1
39,3,167.0938720703125,92005,2,3.100270558987042,1,0,0,0,0,1,0
34,11,45.23634719848633,96087,2,0.07380007778861775,3,0,0,0,0,0,0
38,16,170.3038330078125,92802,4,6.5872024186159654,2,0,0,0,0,0,1
61,35,59.034271240234375,94170,2,0.49619988487849503,1,0,1,0,0,0,0
42,15,33.79865264892578,91021,1,0.24262458541875606,1,153,1,0,0,1,0
30,12,100.21246337890625,93403,3,2.5431204075137273,2,0,0,0,0,1,0
50,22,62.61025619506836,90204,4,0.8697639715873139,2,0,1,0,0,1,0
29,5,29.848323822021484,91225,1,1.9675579937692245,2,0,0,0,0,1,0
44,15,64.13456726074219,94836,4,1.880692317305174,1,0,1,0,0,0,0
30,6,75.7765884399414,94585,3,2.062284574972285,1,211,1,0,0,1,0
62,37,77.50263214111328,92851,3,0.023826928710369732,1,0,0,0,0,1,0
54,29,72.52152252197266,95168,1,1.0130068721261805,3,0,0,0,0,0,0
36,14,18.821109771728516,91462,3,0.5637167707366004,2,0,0,0,0,0,0
30,4,122.35306549072266,95348,2,1.5275425546457169,1,246,1,0,0,1,0
49,19,55.17571258544922,96236,2,2.163194697588538,1,293,0,0,0,0,0
47,26,102.99994659423828,90221,2,6.28640258205382,1,0,0,0,0,0,0
43,19,44.564117431640625,95030,1,0.10135785578569717,2,0,0,0,0,0,0
35,15,51.3569450378418,91941,4,1.5868224838803169,2,99,0,0,0,0,0
29,12,19.088478088378906,92898,3,0.2429280391876875,1,0,0,0,0,1,0
53,35,66.364013671875,91703,1,0.8657956269400623,2,0,0,0,0,1,0
30,1,154.1228790283203,92199,2,5.8132070250697225,1,0,0,0,0,1,0
41,18,54.315574645996094,95477,1,0.4389818055805183,3,122,0,0,0,1,0
41,11,141.63198852539062,89986,1,2.944660386495209,1,0,0,0,0,0,0
34,18,44.19529724121094,95799,2,0.3100898773554662,1,0,1,1,1,1,0
38,18,62.39388656616211,91255,4,0.4930879741356654,3,0,1,0,0,0,0
60,31,49.739322662353516,93097,1,1.179323792027677,2,0,0,1,0,0,0
38,12,105.74703979492188,93371,2,3.943343774877796,2,228,1,0,0,1,0
65,40,42.17546081542969,91296,1,0.2178145176076634,1,0,0,0,0,1,0
39,23,31.59075355529785,92223,1,0.9634720941756303,3,133,1,1,0,1,0
27,1,71.20767211914062,91437,4,1.6213826389870325,3,118,0,0,0,1,0
32,7,125.0171890258789,93052,3,8.254844346077071,1,0,1,0,0,1,0
41,11,56.653404235839844,91637,4,0.7448889796379189,2,0,0,0,0,0,0
31,6,188.9617156982422,94570,1,4.587125128471141,3,441,0,0,0,0,1
29,16,22.343673706054688,91175,4,0.7393591466638658,3,139,1,0,0,0,0
36,17,80.22118377685547,95806,2,3.273008802519512,1,0,1,0,0,1,0
29,7,72.03488159179688,92460,2,1.6477004423281885,3,220,0,0,0,0,0
59,30,70.8023452758789,94413,2,0.09708221588674398,3,0,1,0,0,0,0
34,3,67.28433227539062,94314,1,2.2686960592992644,2,0,0,0,0,0,0
54,15,11.697714805603027,94483,3,0.5338169350113349,1,0,1,1,0,0,0
36,11,53.72273635864258,92808,2,0.1732988799738211,1,96,1,0,0,0,0
43,15,42.282203674316406,94948,3,0.712763296034585,1,152,1,0,0,1,0
61,37,114.51632690429688,94140,1,0.05241824435095835,2,0,1,0,1,0,1
55,23,171.5939483642578,95245,2,1.9291474557944701,1,0,0,0,0,1,0
38,10,75.22981262207031,96469,1,1.9643542955802578,1,0,0,0,0,1,0
55,34,42.80699157714844,94968,1,0.6355450124285466,1,0,0,0,0,0,0
47,29,48.197940826416016,92285,2,0.7547171745545452,2,0,0,1,0,1,0
29,5,63.44945526123047,94663,1,1.2350366562486532,3,0,0,0,0,1,0
49,30,48.416019439697266,90098,1,0.251829134832408,3,0,0,0,0,1,0
30,10,110.56088256835938,95760,4,2.138104214553723,1,0,1,0,0,0,0
28,24,57.39048767089844,93865,1,0.9135975197563404,1,203,0,0,0,0,0
55,31,68.20404052734375,94120,4,1.2409934805900322,1,0,1,0,0,1,0
49,20,57.46208190917969,95623,1,0.3477158676874946,3,0,0,0,0,1,0
42,23,50.682613372802734,93375,4,0.2745754291648102,2,0,1,0,0,1,0
29,3,40.56546401977539,96209,2,0.6311988228080874,3,147,0,0,0,0,0
47,27,55.73191452026367,92174,2,1.595348382842659,1,0,0,1,0,0,0
58,41,42.13815689086914,91963,2,4.382192812865335,3,0,1,0,0,1,0
28,3,87.65253448486328,92975,1,0.8787495297790056,1,193,0,0,0,1,0
48,34,59.093318939208984,94968,2,1.5353065081619524,1,0,1,0,0,0,0
49,8,112.99873352050781,94388,1,2.324120823565733,2,0,1,0,0,1,0
59,27,134.48489379882812,93909,2,1.851448295902779,1,280,0,0,0,0,0
41,15,197.25094604492188,95070,1,4.614322032421528,1,584,0,0,0,1,0
55,28,84.9710464477539,91051,4,2.2532535769680293,3,0,0,0,0,0,0
59,30,65.49293518066406,92602,3,2.1196247399877755,2,0,0,0,0,0,0
37,17,147.00485229492188,89969,2,6.396258774327466,1,0,0,0,0,0,0
35,9,28.36307716369629,93234,2,0.3868949316643225,3,98,0,0,0,1,0
55,31,142.91647338867188,91502,1,2.0297873245008984,1,0,1,0,0,0,0
28,0,116.9375,90887,4,0.9972107567846401,3,157,1,0,0,0,0
63,36,23.59136390686035,94849,4,0.649579800913025,2,0,0,0,0,1,0
63,39,28.676986694335938,94685,2,0.9023355422069251,3,0,0,0,0,1,0
51,28,18.814743041992188,94304,4,0.07097922636134699,3,0,0,0,0,0,0
58,38,65.75630187988281,93084,3,1.0689771896295763,2,0,1,0,0,1,0
48,13,74.35758209228516,96118,2,0.7877289457781288,1,421,0,0,0,0,0
53,18,22.636768341064453,95514,1,0.0527476957901957,3,0,1,0,0,1,0
37,16,129.12594604492188,91371,2,0.44911310068061894,1,0,0,1,0,0,0
58,32,28.987091064453125,90166,2,0.5665754264636211,1,0,0,0,0,0,0
57,32,38.66472625732422,92140,4,2.585885703800821,1,0,0,0,0,0,0
46,11,35.174163818359375,91755,4,0.2744926039215861,2,0,0,0,0,1,0
48,5,100.27754211425781,93304,1,0.9939155293101634,1,0,0,0,0,1,0
65,41,56.4308967590332,90368,4,2.3967638018964412,3,0,0,0,0,0,0
48,16,21.24530792236328,90540,3,0.7877041335331882,2,0,0,0,0,1,0
35,12,51.17982864379883,94736,1,1.2686941439908153,2,0,0,0,0,1,0
48,29,31.625225067138672,92134,2,1.0724958945476692,2,0,0,0,0,1,0
42,26,137.375,95047,4,2.1035627671934125,2,0,1,0,0,1,0
31,15,173.6471405029297,90663,2,4.720820769402061,1,172,0,0,0,1,0
43,16,100.92630004882812,92172,1,3.1015885851716076,3,0,1,0,0,0,1
57,35,19.14630889892578,92768,2,0.435061968539224,3,0,1,0,0,1,0
44,16,37.42416000366211,95524,4,1.608825571025946,1,0,0,0,0,1,0
50,20,67.47859954833984,90322,1,0.20532142571137524,2,0,1,0,0,0,0
46,14,55.368492126464844,94897,2,2.718992080279732,2,0,0,0,0,1,0
29,2,100.83531188964844,95514,3,2.4169667532995636,1,0,0,0,0,0,0
54,28,11.480764389038086,94227,3,0.135241338469039,2,160,1,0,0,1,0
44,20,67.9881591796875,95422,1,2.1124528692063524,3,190,1,0,0,1,0
27,2,24.877626419067383,91371,2,0.7100017583922722,3,0,1,0,0,0,0
41,21,156.82046508789062,94259,2,6.364449123700215,1,0,1,0,1,0,1
27,3,104.0803451538086,94570,2,0.23494749030977088,1,0,0,0,0,0,0
54,30,50.22119903564453,95191,3,1.4647342059829318,3,240,0,0,0,0,0
36,18,65.20973205566406,94396,2,0.11084661470080709,1,0,0,0,0,1,0
53,34,158.86888122558594,91622,3,6.139168258244464,1,0,0,0,0,1,1
26,5,54.93941879272461,93289,4,2.133999233963626,3,0,0,0,0,0,0
52,34,58.257591247558594,95187,2,1.3798090780031043,3,116,0,0,0,0,0
40,11,46.98211669921875,95576,4,4.832504383106945,1,0,1,0,0,0,0
28,2,15.884014129638672,96545,4,0.6543942407870993,2,98,1,0,0,1,0
39,5,50.13306427001953,91502,2,0.23315199038583534,3,164,1,0,0,0,0
61,38,37.946319580078125,90873,2,0.2694126658557304,2,0,0,0,0,1,0
62,34,62.089942932128906,91321,2,0.26220514239601667,1,0,0,0,0,1,0
42,20,40.90716552734375,94843,1,2.6885149859404622,2,103,1,1,1,1,0
31,5,74.91706085205078,92167,2,3.6164291286111157,3,0,0,0,0,1,0
66,40,79.59443664550781,91058,3,2.3425993217678416,1,0,0,0,0,1,0
42,27,89.84228515625,94428,2,6.455831134335716,2,95,1,1,0,1,0
41,13,35.913047790527344,94124,3,0.9665785173062574,2,0,0,0,0,1,0
43,17,65.39044952392578,90059,3,2.20824753783814,1,0,0,0,0,1,0
29,4,65.5964126586914,94830,2,3.1388911867033364,2,0,0,0,0,0,0
39,20,27.496938705444336,94559,1,2.4932148346858534,3,105,1,0,1,1,0
31,8,35.29750061035156,91472,4,1.502908000166664,1,138,1,0,0,1,0
42,18,28.231582641601562,93181,3,0.3237298535141383,3,0,1,0,0,1,0
41,13,23.52608299255371,91874,3,0.23919937933106733,2,0,0,0,0,0,0
49,29,58.5958137512207,96091,2,0.5170956663838588,1,0,1,0,0,1,0
51,26,47.11050796508789,93004,4,0.27742154561260995,2,0,1,0,0,1,0
23,2,21.899351119995117,94019,2,1.6220428961226592,3,0,1,1,0,1,0
33,13,39.066795349121094,91875,4,0.06936104543190291,3,0,1,0,0,1,0
30,5,100.21217346191406,91784,1,2.270164568801067,1,0,0,0,0,1,0
40,21,22.647268295288086,91867,2,0.39458408781674614,1,99,1,0,0,1,0
61,35,70.41508483886719,91884,1,3.4971627187093146,1,231,1,0,1,1,0
57,28,60.83921813964844,95079,2,1.7002633912103697,3,0,1,0,0,1,0
62,33,84.50997924804688,90590,2,6.259318458615108,3,0,0,0,0,1,0
45,30,144.49005126953125,90322,2,2.359342536813056,3,0,0,0,0,1,1
25,5,28.042293548583984,91034,3,0.9271888257047333,2,0,0,0,0,1,0
61,37,37.97179412841797,95910,1,0.3823744109039357,3,0,1,0,0,0,0
43,23,76.22193908691406,94916,3,1.078365640618602,1,0,1,0,0,1,0
47,17,142.0618438720703,94135,1,8.324103057908259,1,0,0,0,0,0,0
49,18,84.19282531738281,94634,3,0.37085811373999056,2,0,0,1,0,0,0
37,18,181.46810913085938,92292,2,7.186124074409651,1,0,0,0,0,0,0
60,37,113.35045623779297,91880,2,6.460319929695447,1,400,0,1,0,1,0
45,21,48.607967376708984,91623,2,1.6030371597090274,3,0,0,1,0,1,0
24,1,115.53046417236328,94238,1,1.7242592735758155,3,0,0,0,0,0,0
54,35,45.193519592285156,92964,1,0.22550238429647973,1,0,1,0,0,1,0
36,10,19.893095016479492,92929,4,0.2027069145110515,1,0,1,0,0,0,0
59,38,84.06990051269531,90171,2,2.2890035505629918,1,0,1,0,0,0,0
44,17,33.842830657958984,92122,3,1.161760076530197,1,0,0,0,0,1,0
53,23,15.31675910949707,92358,2,0.07441269022607677,1,338,0,0,0,0,0
59,37,66.96358489990234,92599,3,0.40589991246440205,1,143,0,0,0,0,0
51,29,52.24702453613281,91444,3,0.11191330067644481,1,0,1,0,0,1,0
50,25,67.07388305664062,94651,2,1.5118502246208794,3,145,0,0,0,1,0
54,33,17.786462783813477,92024,3,0.4539941016984583,1,0,1,0,0,0,0
59,31,59.48268127441406,94996,2,2.1601181633725837,2,0,0,0,0,0,0
42,30,52.08405303955078,91918,2,1.2650257337890167,1,142,0,0,0,0,0
63,36,56.06804656982422,94858,4,0.32859524066506857,2,0,0,0,0,0,0
47,17,113.88880920410156,94203,1,5.501946993581953,1,0,1,0,1,0,1
66,39,56.02313995361328,95569,4,2.5559407924900848,1,0,0,0,0,0,0
47,23,46.36767578125,90030,3,0.059852249520186834,1,0,0,0,0,0,0
41,21,84.56359100341797,91299,2,0.4086083070352493,1,0,0,0,0,0,0
33,0,156.84896850585938,92231,4,2.81235407942566,2,0,0,0,0,0,1
40,15,66.92005920410156,95608,2,4.912478274244714,1,0,0,0,0,1,0
30,7,136.9784698486328,95575,4,4.230594492251038,1,128,0,0,0,0,0
37,15,37.83167266845703,89905,1,2.234230381603336,3,0,0,1,0,0,0
40,15,92.80553436279297,91045,4,2.674376847911354,1,0,1,0,0,0,0
39,16,39.098121643066406,94304,3,0.6379746614547923,2,107,0,0,0,0,0
61,27,33.86354064941406,91153,3,0.15910831573129847,2,0,1,0,0,0,0
59,36,127.19342803955078,95125,4,4.03075990128313,3,0,1,0,0,0,1
54,28,11.161500930786133,95784,3,0.21289444547738479,2,159,1,1,0,1,0
49,12,28.367061614990234,90350,4,0.10015571100686232,1,88,0,0,0,0,0
39,22,55.87662124633789,92159,1,0.45666901877272487,1,324,0,0,0,1,0
63,40,60.04351043701172,90122,2,0.07393204592265556,3,0,1,0,1,1,0
43,18,89.4835433959961,95538,1,3.9641225367652453,3,0,1,0,0,1,0
58,39,90.19363403320312,90096,1,3.0398260994018704,3,231,0,0,0,0,0
31,16,40.51033020019531,91335,3,0.4849107089387639,2,0,0,0,0,1,0
50,19,16.07372283935547,91418,3,0.8919653124974697,2,0,1,0,0,1,0
33,7,128.34194946289062,95004,2,4.390908496395463,3,0,0,0,0,1,1
38,15,12.751668930053711,92378,3,0.23851905051689468,2,0,0,1,0,0,0
29,7,64.063720703125,90381,2,2.776507491055461,3,0,1,1,0,1,0
55,30,20.61212158203125,92197,2,1.1074581223000861,2,0,1,0,0,0,0
55,25,39.90306091308594,92246,1,0.274476532841702,3,148,0,0,0,1,0
46,18,92.8603286743164,95558,4,3.191696439304195,1,0,1,0,0,1,0
34,9,48.55440139770508,92358,3,1.1233539051136239,1,0,1,0,0,1,0
39,11,141.32839965820312,95688,2,5.404254119030705,1,0,0,0,0,0,0
59,35,47.40927505493164,92847,2,0.6398315038872108,3,111,1,1,0,1,0
53,19,84.83555603027344,91852,2,1.660876035827322,3,0,0,0,0,0,0
38,17,62.66985321044922,96152,2,3.6696892672678243,3,0,0,0,0,0,0
62,35,14.60593318939209,92203,1,0.43063930724990357,2,0,0,0,0,1,0
27,1,30.4424991607666,94467,3,0.32481228820375835,2,153,0,0,0,0,0
30,7,26.912979125976562,96544,2,1.6846128583199835,3,0,0,0,0,1,0
59,28,92.56513214111328,95656,1,0.09500688282268452,3,0,0,0,0,0,0
58,33,42.41042709350586,90663,2,1.8794908120518312,2,0,0,0,0,1,0
36,16,49.26034164428711,91512,3,0.9385766848641811,3,123,1,0,0,1,0
50,27,66.94141387939453,94291,4,1.540787287933001,3,0,1,0,0,1,0
57,30,203.66041564941406,92259,2,6.794147255278999,1,0,1,0,0,1,0
35,9,53.241085052490234,95862,3,2.967617706013967,1,0,1,0,0,0,1
32,4,47.467857360839844,93908,1,2.388966865488459,1,0,0,0,0,0,0
43,23,51.1331901550293,91958,3,2.084948880152807,2,0,0,0,0,1,0
39,18,83.06929779052734,91053,1,0.9495899151674758,1,0,1,0,0,1,0
45,23,60.85530471801758,92177,1,1.697116808397848,3,153,0,0,0,1,0
42,9,122.52711486816406,93289,1,1.7628484742749744,1,0,0,0,0,1,0
36,0,47.18517303466797,90152,4,0.8629701049480747,2,0,0,0,0,1,0
49,22,60.78572082519531,91762,1,1.4518216088927642,3,0,1,0,0,0,0
44,9,77.22246551513672,95247,1,0.38831811926713955,3,0,1,0,0,0,0
33,14,62.74979019165039,94351,4,2.783066749410324,1,0,0,0,0,1,0
49,16,31.276819229125977,95237,1,0.762409698640221,2,0,1,0,0,1,0
61,32,36.05937957763672,90076,2,0.36631159530929785,1,0,0,0,0,0,0
44,29,14.213740348815918,92901,3,0.2589821671840818,2,0,0,0,0,1,0
41,23,41.41851806640625,94688,3,0.5935291988992056,2,0,1,0,0,0,0
38,10,152.11581420898438,93869,1,3.0977512256988096,2,0,1,0,1,1,0
46,29,32.814109802246094,94290,4,1.7671020188969921,3,0,0,0,0,0,0
44,17,103.3444595336914,90228,2,3.6440157809488998,3,0,0,0,0,1,0
32,9,143.4237060546875,94688,2,3.968110493390565,1,0,1,0,0,0,0
50,21,35.747764587402344,94191,4,2.4800888877647806,2,101,0,0,0,0,0
54,21,109.73645782470703,91911,1,2.507398642038502,1,0,1,0,0,1,0
56,22,156.8099822998047,94883,2,1.9477574770366728,1,0,0,0,0,1,0
31,6,20.62542724609375,90703,2,1.7525776170718028,2,0,0,0,0,1,0
62,36,47.61874771118164,92278,1,1.2421718559555408,1,0,0,1,0,1,0
50,26,44.67496871948242,92188,2,0.9684456511795098,1,0,0,0,0,0,0
39,18,153.41802978515625,91919,1,3.0887260700886996,1,227,0,0,0,0,0
38,18,68.41232299804688,95281,2,0.22719731257148387,2,0,0,0,0,0,0
61,37,132.27493286132812,91113,1,3.5516630794722714,1,0,0,0,0,0,0
55,31,34.43363952636719,93468,3,0.6004970157982343,1,0,1,0,0,0,0
27,16,16.89883041381836,94848,4,1.2545226665367706,3,0,0,0,0,0,0
36,8,131.48690795898438,94184,2,4.699396041008458,1,0,1,0,0,1,0
46,15,45.8862419128418,90612,3,0.18446730199880562,1,0,0,0,0,0,0
34,10,29.178091049194336,95717,1,2.0276095431503687,1,0,1,0,0,1,0
37,18,58.024986267089844,93275,4,0.8236572355719324,3,0,0,0,0,0,0
55,35,115.34831237792969,94539,1,1.970354305394114,1,0,0,0,0,1,0
58,37,61.905250549316406,91807,4,1.527592536185194,2,99,0,0,0,0,0
55,24,23.32518768310547,95470,3,2.329256851315999,2,0,0,0,0,1,0
66,38,18.05728530883789,95508,3,0.26941317883671945,1,0,0,0,0,1,0
52,31,39.1287841796875,91555,4,2.0616873614141595,1,0,0,0,0,0,0
31,5,66.03411865234375,92176,4,1.356766662162556,2,0,0,0,0,0,0
52,36,35.75697326660156,95816,4,0.05458636669520783,1,0,0,0,0,0,0
48,27,42.388729095458984,91895,1,1.0664949158116734,3,0,0,0,0,0,0
27,7,47.78126907348633,91199,4,1.5347124701783557,3,0,0,0,0,1,0
30,5,56.71702194213867,94702,1,1.6163030808228291,3,0,0,0,0,1,0
59,29,138.87652587890625,94430,2,7.173823346861941,2,0,0,0,0,0,1
33,16,153.68197631835938,93248,2,2.098668923984227,1,0,0,0,0,1,0
44,19,67.64247131347656,94673,2,0.11498536305922163,1,114,1,0,0,0,0
66,42,53.401424407958984,93040,1,0.2856348573246501,1,0,1,0,0,1,0
37,12,115.60298919677734,92961,2,3.886381891146403,2,0,0,0,0,1,0
61,32,83.8249740600586,93258,1,2.267335852968546,2,0,0,0,0,1,0
59,34,60.250057220458984,94157,1,0.7055530404791972,3,0,0,0,0,1,0
42,6,55.52435302734375,95588,4,2.135224169638811,1,0,0,0,0,1,0
46,15,96.2936782836914,95304,1,2.345064528477368,3,0,0,0,0,1,1
42,9,57.777183532714844,94552,2,2.175772283886048,2,305,0,0,0,0,0
48,25,117.22480010986328,90433,1,2.527775511265957,1,0,0,0,0,0,0
40,13,39.32240295410156,95617,3,1.094887774103198,3,98,0,0,0,1,0
29,6,36.223228454589844,92082,1,1.4807636428827249,3,123,0,1,0,0,0
29,10,80.6374282836914,94447,2,2.0340388678201107,2,0,0,0,0,0,0
56,32,37.115867614746094,91440,2,0.3568585636535312,2,0,1,0,0,1,0
47,30,23.930988311767578,93711,4,0.5754069407674802,3,0,0,0,0,1,0
47,25,48.11540222167969,95409,4,1.9753527320933308,3,0,0,0,0,1,0
58,33,52.314674377441406,94147,2,1.0417927845392454,3,0,0,0,0,1,0
59,32,21.143142700195312,92239,3,0.04769648911851432,3,0,0,0,0,0,0
45,16,100.08564758300781,94946,2,3.238430955723089,1,160,0,0,0,0,0
29,11,134.3092041015625,92097,2,0.2351511148482115,2,316,0,0,0,0,1
58,34,48.62234878540039,94508,4,1.8846403343799905,3,239,0,0,0,0,0
47,23,86.35302734375,90143,3,2.659379945065214,3,0,0,0,0,0,0
61,35,61.42719650268555,92254,3,1.8334532709848808,3,0,0,0,0,1,0
33,22,116.5111312866211,94552,1,1.6777366753712806,1,0,0,0,0,0,0
32,4,61.90210723876953,94601,4,1.8409679214184562,3,0,0,0,0,0,0
59,23,43.05441665649414,96026,2,1.5225538299989094,3,0,0,0,0,1,0
28,8,105.59268188476562,92985,2,2.366723860106774,3,255,1,0,0,0,0
35,5,97.36412811279297,92393,4,2.4291449931908478,2,0,1,0,1,1,0
56,36,25.329769134521484,94121,4,1.6768331105556757,3,0,0,0,0,0,0
51,24,24.767457962036133,93061,2,1.376717513667822,1,0,1,0,0,1,0
39,12,92.67546844482422,91091,2,1.2447418212897456,3,0,0,0,0,1,0
26,2,17.08753204345703,94816,2,0.9922042937604469,3,0,0,0,0,0,0
42,16,64.45889282226562,91953,2,1.310368531798146,1,0,1,0,0,0,0
43,24,32.2305908203125,94082,4,1.9462491136061792,3,0,0,0,0,0,0
54,24,107.0318832397461,91871,3,4.697958814557927,1,0,1,0,0,1,0
40,18,59.21967697143555,91493,1,1.5927889833211473,2,0,1,0,0,1,0
44,19,52.88602828979492,95503,3,0.7282956723124931,3,0,0,0,0,0,0
49,26,67.24522399902344,94754,2,8.405783761288648,1,0,1,0,0,0,0
38,29,44.67673110961914,94185,3,1.5194846112812448,2,0,0,0,0,0,0
57,29,55.068172454833984,94606,2,1.882848003230486,2,73,1,0,0,0,0
58,32,39.78042984008789,90429,4,0.41456347630996804,1,133,0,1,0,0,0
36,8,113.54010772705078,92673,2,1.546009596970824,1,124,0,0,0,0,0
34,11,48.769798278808594,92933,3,1.8422936821460087,2,0,1,0,0,1,0
63,36,38.69533920288086,94091,1,0.765436593459238,2,170,0,0,0,1,0
33,12,111.2103500366211,91543,1,2.034780141335252,1,0,1,0,0,1,0
49,26,23.92361831665039,94847,4,0.16597087131809438,1,0,0,1,0,1,0
60,35,40.57577896118164,93022,2,0.06503563272406482,1,0,0,0,0,0,0
56,32,29.459407806396484,94781,2,0.03941537148367669,3,0,0,0,0,0,0
44,7,127.85708618164062,94802,1,1.7656038028929917,1,0,1,1,0,1,0
33,14,39.425537109375,95472,3,0.9406236616073248,1,102,1,0,0,0,0
57,30,69.95214080810547,95101,3,1.7376739700122887,3,0,0,0,0,1,0
65,40,33.503822326660156,89978,4,1.661466750214932,3,96,0,1,0,1,0
44,14,71.129150390625,93162,3,0.5153504235619688,2,0,0,0,0,1,0
33,10,20.90563201904297,91210,1,1.1036163391909386,1,0,0,0,0,0,0
26,1,53.24656295776367,93602,1,1.8269466883222107,3,119,0,0,0,1,0
50,21,57.01967239379883,94404,4,0.6999604258701182,3,0,1,0,0,1,0
40,9,116.85142517089844,94687,2,4.424483653944183,1,0,0,0,0,1,0
54,24,114.19815063476562,94020,1,3.418340793314461,1,0,0,0,0,0,0
48,17,23.645462036132812,92940,2,0.013108594608777557,3,0,0,0,0,0,0
58,34,76.57194519042969,94410,2,1.3168709777166352,3,152,0,0,0,0,0
38,6,119.27144622802734,94203,4,7.227288628485177,1,0,1,0,0,0,0
54,20,14.824640274047852,90233,4,0.734209289660837,1,0,0,0,0,0,0
34,10,61.809654235839844,90415,4,1.2126015182954086,2,0,0,0,0,1,0
53,36,126.4153060913086,93056,1,2.554099334094805,1,232,1,1,1,1,0
59,40,194.28890991210938,91867,2,1.6945642310692248,1,344,0,0,0,1,0
54,21,15.62220287322998,92772,4,0.5020681148135534,1,134,0,0,0,1,0
32,4,38.77913284301758,95004,4,1.7415508083542552,2,0,0,0,0,0,0
56,20,15.496050834655762,92132,1,1.1251147180065506,3,117,0,0,0,1,0
31,17,130.121826171875,94794,1,2.6158129941172032,1,260,1,0,0,1,0
47,18,71.94544982910156,92248,1,0.2568947112083805,3,0,0,1,0,0,0
59,30,111.52059173583984,94272,4,2.0038002211057244,2,153,0,1,0,0,0
63,36,92.35181427001953,94437,4,0.950503071149591,3,0,1,0,0,1,0
47,25,39.25172805786133,90502,4,1.9335785310767293,2,0,0,1,0,0,0
28,14,35.938194274902344,94841,3,0.8100242997683699,3,0,0,0,0,1,0
45,27,67.05313110351562,90389,1,1.9105252391400962,2,151,0,1,0,0,0
47,20,60.26078796386719,91339,1,0.7251350223894827,3,0,0,0,0,1,0
60,27,135.32635498046875,91525,2,2.9192475351304266,3,0,0,0,0,0,1
36,12,180.80877685546875,91726,1,3.271838034672168,1,0,0,0,0,1,0
48,24,30.675561904907227,94638,4,0.29689988715160776,2,0,0,0,0,0,0
44,13,30.194141387939453,95043,2,3.856459418741057,1,0,0,0,0,0,0
40,23,45.15061950683594,96150,2,1.7635643075484244,1,0,0,1,0,1,0
36,6,71.4796142578125,94063,2,1.1147625923228288,2,0,0,0,0,0,0
44,14,152.53305053710938,93274,3,7.587496857540631,1,0,0,0,0,0,0
45,23,126.27326202392578,92119,3,2.347452537426021,2,0,1,0,1,1,1
42,15,64.72077941894531,95568,1,1.334110687246261,3,0,0,1,0,1,0
39,10,51.969486236572266,95227,4,2.7534172726662423,2,0,0,0,1,1,1
31,4,14.860489845275879,92324,2,0.5812828407794848,1,0,1,0,0,1,0
32,5,84.17581176757812,94216,4,1.656958801268512,3,126,0,0,0,1,0
36,6,24.350399017333984,91870,3,0.6243401556896095,1,98,0,1,0,0,0
48,30,23.10738754272461,93427,3,1.578407051363921,2,0,0,0,0,1,0
48,19,140.47808837890625,94357,2,2.7943191691573825,1,384,0,0,0,0,0
30,10,33.706520080566406,93863,2,0.79490407968331,3,0,0,0,0,1,0
57,29,49.091678619384766,94053,2,2.1502162827289935,3,82,1,0,0,1,0
36,14,94.44879913330078,92386,2,2.5416293114748125,1,433,0,0,0,1,0
30,5,85.06726837158203,93011,3,2.550642371577291,2,0,0,0,0,1,0
40,17,47.61485290527344,91259,2,0.22609735452731083,3,86,0,0,0,0,0
50,15,32.11811065673828,95287,3,0.6141589719706884,2,0,0,1,0,0,0
50,23,71.14773559570312,92074,3,1.2142163513241195,3,0,1,1,0,0,0
42,20,36.44597244262695,91257,3,0.04793645959833198,1,0,0,0,0,0,0
42,24,72.48518371582031,95511,4,0.6212960523358878,1,0,1,0,0,1,0
49,24,25.957670211791992,90310,2,0.20199778767631452,1,0,0,0,0,1,0
63,37,49.76601028442383,94049,4,1.1774653203261036,2,0,1,0,0,1,0
45,19,26.4313907623291,90695,1,3.2270275325341227,3,0,1,0,0,1,0
59,36,127.71843719482422,92511,1,1.3306307131932964,1,0,0,0,0,0,0
26,22,49.021949768066406,95163,1,2.5603072088842183,2,0,0,0,0,1,0
47,17,44.22711944580078,94341,1,1.3177669486416985,2,0,0,0,0,0,0
60,39,25.00559425354004,92062,4,1.7043354050382307,2,0,0,0,0,0,0
63,37,26.34702491760254,95688,1,0.26797685067759436,1,0,0,0,0,1,0
36,19,28.765981674194336,91925,4,1.892668990710461,3,0,0,0,0,1,0
28,30,44.79465103149414,94354,1,1.4686821442624565,2,119,0,0,0,1,0
52,34,25.997516632080078,93912,2,2.1429076052565863,1,0,0,1,0,0,0
31,10,194.7587432861328,92077,3,0.47387292499812195,1,341,1,0,1,1,1
53,16,53.39692687988281,92408,1,2.0300013181184133,2,0,0,0,0,1,0
56,21,81.08928680419922,94751,2,2.0492755104608893,1,0,0,0,0,1,0
52,28,118.09394836425781,93226,4,7.160671941531477,3,0,0,0,0,0,0
47,13,77.24392700195312,91702,1,1.2790565835232925,1,0,0,0,0,1,0
63,37,74.2969741821289,95418,2,2.198592477327149,1,0,0,0,0,0,0
40,17,189.39295959472656,94402,2,7.2068600523217325,1,0,0,0,0,1,0
30,1,40.03893280029297,91311,2,1.9309772929352154,3,0,0,0,0,1,0
63,28,77.30604553222656,95454,1,2.325829831217903,1,138,0,0,0,0,0
37,13,68.92809295654297,93974,1,1.5767106264588022,1,0,0,0,0,1,0
62,33,137.92962646484375,94368,4,1.2479961415557845,3,221,0,0,0,0,1
47,29,116.91693878173828,89841,3,0.8889321209786917,1,0,0,0,0,1,0
41,24,191.42933654785156,91612,4,4.166407869295078,3,159,1,0,0,0,1
55,37,68.01187133789062,91641,4,1.0001667168187445,2,0,0,0,0,0,0
64,39,157.99952697753906,94947,1,5.426793919757838,2,400,0,0,0,0,1
39,18,21.207721710205078,91815,3,0.2748427888603553,2,0,0,0,0,1,0
41,18,51.76337814331055,95048,4,0.8252408040747715,1,104,1,0,0,0,0
54,19,26.16431427001953,96299,4,1.6964933739312509,3,0,0,0,0,0,0
37,1,65.14479064941406,94897,1,2.3413560306984804,3,147,0,1,0,1,0
64,32,16.786788940429688,96215,3,0.36502153255723413,2,124,1,1,1,1,0
34,11,88.73136138916016,92020,3,2.5671052412616953,1,0,1,0,1,1,0
53,33,120.10693359375,92068,1,0.37720078985130734,1,0,1,0,0,1,0
51,28,99.70873260498047,90242,1,1.2276745118528098,1,0,0,0,0,0,0
48,32,30.171966552734375,95692,4,1.6508346255530815,2,0,0,0,0,0,0
26,5,61.39154052734375,92772,4,0.6021384323675715,3,0,1,0,0,1,0
57,36,182.90122985839844,90147,2,3.9185293193596773,1,0,0,0,0,0,0
53,27,54.08927917480469,92848,2,0.9236109047352158,1,252,0,0,0,1,0
32,14,60.79253005981445,94851,2,0.8505024272610853,2,0,0,0,0,1,0
55,32,69.1070556640625,90475,1,0.7172985542804831,1,186,0,1,0,1,0
44,13,32.2027473449707,96004,3,1.570592346495916,3,138,0,1,0,1,0
59,38,59.59235382080078,90364,3,1.2065754476040393,1,0,0,0,0,0,0
29,13,66.01296997070312,95468,2,2.5329768168527043,1,0,0,0,0,0,0
53,31,11.41453742980957,90377,4,1.8135991238687716,2,0,0,0,0,0,0
35,3,36.82518005371094,93533,3,2.348957153827848,3,0,1,0,0,1,0
64,38,31.8988037109375,93106,4,0.29392973819257456,1,0,0,0,0,0,0
29,7,40.92158889770508,94626,4,1.487211186540459,1,0,1,0,0,0,0
34,10,67.02909851074219,92179,3,2.3153400833526243,2,0,0,0,0,0,0
54,32,142.48709106445312,95890,1,9.577431886095702,1,0,1,0,0,0,0
45,22,99.28166198730469,95567,3,1.7379697877894151,3,111,0,1,0,0,0
35,11,54.713104248046875,90235,2,0.4200597722857927,3,0,0,0,0,0,0
45,17,135.49884033203125,94749,2,7.53356149077581,1,0,0,0,0,1,0
63,42,62.95225524902344,95468,3,1.6258722226526425,2,0,1,0,0,1,0
40,16,56.316192626953125,91081,1,0.20033807869014164,2,141,0,0,0,1,0
33,9,70.32292938232422,92741,2,1.423285272136282,2,0,0,0,0,0,0
54,24,45.5172119140625,96118,2,1.292732966477597,1,0,1,0,0,1,0
45,13,111.33776092529297,92088,2,0.5272320361857863,1,146,0,0,0,0,0
47,16,44.19291687011719,89969,3,1.1610697268110193,3,0,0,0,0,1,0
35,7,39.370670318603516,94037,4,0.427312608366886,2,98,1,0,0,1,0
35,6,30.603174209594727,91047,4,0.3987857007822406,1,0,0,0,0,1,0
33,11,37.82085037231445,92362,4,2.658699162035929,3,155,0,0,0,0,0
60,38,102.4044189453125,92215,1,1.3947632191607053,1,0,0,0,0,1,0
29,2,34.76740264892578,93066,2,0.062325857515415695,2,0,1,0,0,1,0
37,10,135.35911560058594,93117,2,2.51468859901873,3,0,1,0,0,0,0
35,9,127.94330596923828,90238,2,0.6830994386896773,1,106,0,0,0,1,0
51,34,53.04908752441406,94791,1,4.068368028340175,3,0,1,0,0,1,0
31,7,89.4560317993164,94846,3,2.5713028711177217,1,0,1,1,1,1,0
33,14,49.639305114746094,92076,4,1.7992723520291785,2,56,0,1,0,0,0
29,3,34.54568099975586,94154,4,1.9155316983661284,1,0,0,0,0,1,0
50,19,186.60946655273438,94891,2,5.720785682967393,1,0,0,0,0,1,0
33,12,155.28195190429688,92160,1,4.538104848169064,2,0,0,0,0,1,1
31,7,31.13947868347168,95438,2,0.1441093834682679,3,0,1,0,0,1,0
54,20,24.106708526611328,92066,3,0.53198915289233,3,94,1,0,0,0,0
34,4,171.50030517578125,95325,2,6.83333519781307,2,0,0,0,0,1,1
56,29,31.4891414642334,92204,3,1.87747118068491,2,0,1,0,0,1,0
49,31,60.32569122314453,91101,1,1.964598819190241,1,0,0,0,0,1,0
59,13,135.6605987548828,95286,2,7.415847663429642,1,0,0,0,0,0,0
52,31,67.27803039550781,91948,3,0.8975161990791267,2,235,0,0,0,1,0
42,23,122.7365951538086,95981,2,0.24491418435223805,1,0,0,0,0,0,0
42,19,175.47250366210938,91096,1,5.690469266737215,1,0,0,0,0,0,0
34,9,43.731685638427734,91474,1,1.4279778168208943,3,152,0,0,0,1,0
40,18,57.71608352661133,92215,4,1.5348613913084592,3,0,0,0,0,1,0
64,36,97.72047424316406,95275,2,2.3535104084723804,3,0,0,0,0,1,0
51,21,51.915279388427734,95455,4,1.2399945991489036,3,0,1,0,0,1,0
32,8,40.519981384277344,91483,4,2.4284908643827303,2,0,0,0,0,1,0
63,40,13.044958114624023,90436,4,0.5508661587740663,3,0,1,1,0,1,0
43,23,43.58818435668945,91270,4,2.154822466466259,1,149,0,0,0,0,0
34,4,81.92066955566406,93081,2,1.243562696575819,2,0,1,0,0,0,0
52,29,38.19597625732422,90410,1,1.092605208865558,3,0,0,0,0,0,0
37,12,29.775537490844727,91643,4,1.8250920260095014,3,0,1,0,0,0,0
29,10,181.2383270263672,92152,2,5.72630756153736,1,0,0,0,0,1,0
44,17,45.97612762451172,95214,4,1.9802699064553642,2,0,1,0,0,0,0
48,26,53.081138610839844,92867,2,2.5477240044244533,2,0,0,1,0,1,0
50,28,81.82988739013672,94259,1,2.454105611590354,1,0,0,1,0,1,0
50,25,45.15354919433594,94463,4,0.7431093237923792,3,80,0,0,0,1,0
26,9,78.47753143310547,92343,4,7.6679542749581024,2,165,0,0,0,0,0
39,13,15.893535614013672,91896,3,0.14753178920569823,3,94,0,0,0,1,0
53,22,109.28489685058594,94504,2,1.0528837558765132,1,0,0,1,1,1,0
33,11,152.2061309814453,90808,1,3.193775672391024,1,0,0,0,0,0,0
59,41,58.95914077758789,95097,1,1.5390257208634859,1,0,0,0,0,0,0
58,32,13.301239967346191,95243,4,0.10164838886878519,3,0,0,0,0,0,0
54,26,43.7531852722168,91593,4,1.769953595611233,3,0,0,1,0,0,0
50,22,27.105363845825195,94157,1,0.43555673617569335,1,0,1,0,0,0,0
35,8,143.95404052734375,95290,2,1.6272900897725282,1,0,1,1,1,1,0
35,16,39.821434020996094,92898,1,0.08461518678518634,2,0,1,0,0,1,0
62,34,62.45762634277344,91852,2,2.21503471247087,1,0,0,0,0,0,0
47,37,46.2583122253418,91416,1,1.5552552201103274,3,0,0,1,0,1,0
36,11,56.946327209472656,92714,3,0.6688166482417297,1,0,0,0,0,1,0
34,12,85.19255828857422,94715,2,0.13923340057345296,1,0,0,0,0,1,0
50,7,44.02469253540039,92826,1,0.45656219131350173,3,0,0,0,0,0,0
30,-1,137.2090301513672,91836,4,3.720312142631819,1,200,0,0,0,0,0
32,11,102.25115203857422,90421,3,2.779729448642727,2,0,0,0,0,0,0
50,21,37.959632873535156,95628,1,4.880150890112327,2,0,1,1,1,1,0
29,3,51.00067901611328,92989,4,1.0448414349274036,2,0,0,1,0,1,0
56,34,94.52774810791016,95192,1,2.1690166369269535,3,527,0,0,0,0,0
38,13,89.31669616699219,94786,2,6.936116627581905,1,0,1,0,0,1,0
63,37,72.65475463867188,96080,2,2.388342810577051,3,0,1,0,0,1,0
35,10,37.08106994628906,94425,1,0.3140444790767869,2,0,0,0,0,1,0
49,28,74.37265014648438,90402,2,0.12943218769392997,1,0,0,0,0,0,0
31,4,86.79413604736328,94848,2,2.5966014453319755,1,107,1,1,1,1,0
57,19,33.53203582763672,92891,3,1.1879258245882103,1,0,0,0,0,1,0
38,17,153.84771728515625,95405,2,3.7868399769353944,1,0,0,0,0,1,0
54,37,145.91372680664062,90315,2,2.397207282380646,1,379,0,0,0,1,0
64,34,14.11033821105957,94980,4,0.5809873883114931,3,0,1,0,0,1,0
46,13,82.44141387939453,94181,4,2.0593265142451243,3,0,1,0,0,1,0
38,13,48.76918029785156,94185,4,2.6256103988575488,1,218,0,0,0,1,0
63,37,9.276542663574219,93202,3,0.19018925116935648,2,0,0,0,0,0,0
60,30,13.345142364501953,92058,2,0.61939595770149,3,0,1,0,0,1,0
30,10,40.03725814819336,95955,2,1.7618902311745113,3,0,0,0,0,0,1
25,6,27.094736099243164,95950,2,2.7172579288458647,3,0,0,1,0,0,0
57,39,33.09043884277344,90345,3,1.2531623493753834,3,0,0,0,0,1,0
30,4,148.04379272460938,94644,2,0.3520103107387169,1,0,1,0,0,1,0
37,11,69.31671142578125,91348,1,0.49990638768780105,1,0,1,0,0,1,0
25,-1,42.26758575439453,91429,4,2.024853214864619,1,0,0,1,0,1,0
27,4,139.27163696289062,95472,2,0.9821799372637423,2,164,0,1,0,1,0
51,34,47.29303741455078,90700,2,0.653830293269561,2,0,0,0,0,1,0
60,34,59.12378692626953,94344,4,2.4893517118446513,3,0,1,0,0,0,0
38,11,98.38801574707031,90470,1,1.9979253460673663,1,0,0,0,0,0,0
36,0,23.637176513671875,92669,1,2.121900529168476,3,0,0,0,0,0,0
60,27,116.08328247070312,90029,2,0.42809391911386513,1,0,1,0,1,1,0
44,20,131.02630615234375,94691,1,0.3906653297646777,1,0,0,0,0,1,0
33,14,43.69694137573242,92885,1,0.5886656950567766,3,0,0,0,0,1,0
34,7,61.71108627319336,94152,1,1.228084010100463,2,0,1,0,0,1,0
56,33,30.606643676757812,94351,1,2.199820949908658,2,0,0,0,0,1,0
60,33,19.391996383666992,94173,4,0.7445844697706869,3,0,1,0,0,0,0
31,18,30.975881576538086,91979,3,0.981280934075056,1,0,1,0,0,1,0
27,-1,23.205659866333008,95215,4,2.4759311597185603,2,0,0,0,0,0,0
26,1,61.30885314941406,94190,3,1.358732727606734,2,256,0,1,1,1,0
58,32,51.09091567993164,92408,4,1.9008152073185676,2,0,0,0,0,1,0
29,8,106.66121673583984,91675,1,0.6341147710345584,1,0,1,0,0,1,0
60,32,44.90313720703125,93020,2,0.19114198242680464,1,91,0,0,0,0,0
52,32,22.9211368560791,91514,1,1.4925546198598734,3,196,1,0,0,0,0
35,5,74.36190032958984,89983,4,0.9297773428230959,1,0,0,0,0,1,0
63,34,63.233150482177734,91394,3,2.401867063012526,2,232,0,0,0,1,0
42,11,19.488317489624023,91560,3,0.5902409850404008,2,0,1,0,0,0,0
31,2,159.3316192626953,95359,4,2.4738818448467095,1,0,1,0,1,1,1
45,8,36.53640365600586,90229,3,0.40047915724524846,2,0,0,1,1,1,0
53,14,80.57775115966797,94146,3,2.350233509872554,2,159,1,0,0,0,0
28,8,106.89237976074219,94486,3,0.7123573841563084,3,0,1,0,1,1,0
45,26,105.28410339355469,92932,1,2.36047902350076,1,0,1,0,0,0,0
62,38,46.88923263549805,95967,3,0.3204855852683912,3,0,0,0,0,0,0
30,2,31.86079216003418,95522,4,1.656103298280303,2,0,1,0,0,1,0
34,5,77.38553619384766,92150,2,0.9777373903259741,3,0,0,1,0,0,0
26,3,189.32699584960938,95949,2,2.1497806123722336,2,0,1,0,1,1,1
32,12,19.416547775268555,93488,4,0.7800503063868929,3,113,1,0,0,0,0
64,38,186.13815307617188,93095,3,3.4208464283934648,2,607,1,1,1,1,1
49,34,41.31059646606445,95031,4,0.2332310537276634,2,0,0,0,0,1,0
56,40,95.9463119506836,92633,4,0.1126634428738037,2,0,0,0,0,1,0
49,25,92.72820281982422,91341,2,0.20534165987010283,1,380,0,1,0,1,0
39,18,103.59081268310547,93357,4,4.3177170478412314,1,0,0,0,0,0,0
49,26,63.3026008605957,95046,4,5.754392210065738,2,92,1,0,0,1,0
29,3,134.48779296875,95573,4,2.9005044046713753,2,0,0,0,0,1,1
57,31,20.090578079223633,94487,1,0.9930813999399807,2,98,0,0,0,0,0
57,24,47.72195053100586,94288,1,1.7115772191446075,2,91,0,0,0,1,0
62,33,40.386470794677734,92761,2,0.3180391021991988,1,0,0,0,0,0,0
28,-1,28.407764434814453,91250,3,1.5835993240193245,3,0,1,0,0,1,0
33,9,42.604122161865234,94589,4,0.9069938038277849,1,169,1,0,0,0,0
56,32,41.754356384277344,94406,3,2.2179773382383043,2,0,1,0,0,1,0
28,11,28.025808334350586,94440,4,1.1244250565115856,3,0,0,0,0,0,0
63,39,66.53033447265625,91586,1,1.1703633457166924,3,0,0,0,0,0,0
53,30,31.717220306396484,93253,4,0.8332145990595664,2,156,0,0,0,1,0
59,34,68.38115692138672,90250,2,0.16719364751464694,1,0,0,0,0,0,0
64,37,48.886199951171875,93220,1,2.937555579449566,1,0,0,0,0,0,0
54,35,32.33787536621094,94409,3,2.1016466155842033,2,129,0,0,0,1,0
44,13,37.09722900390625,95153,3,0.3442297003568078,3,157,0,0,0,0,0
59,33,64.61433410644531,95982,4,1.693822531986977,3,0,1,0,0,1,0
54,15,139.59593200683594,90230,1,1.6750573046748156,1,0,0,0,0,0,0
28,3,59.79130935668945,94790,3,0.11903519647234306,1,0,0,0,0,0,0
53,33,58.54636764526367,90494,2,1.683752865485837,2,0,0,0,0,0,0
39,7,70.39698791503906,92167,4,1.1422080472029386,3,0,0,1,0,1,0
31,7,153.09585571289062,94704,1,5.658003367067707,3,0,1,0,0,0,1
59,30,77.3371353149414,94649,2,0.9139523927446234,3,0,1,0,0,0,0
61,36,208.45205688476562,95098,1,6.989670278890728,1,0,0,0,0,0,0
32,12,62.7752571105957,91788,2,0.7873088479905734,1,0,0,0,0,1,0
35,25,153.85568237304688,91503,1,4.680879334946515,1,0,0,0,0,1,0
48,31,34.12335968017578,93184,2,0.45929969385523783,1,0,0,1,0,1,0
38,6,105.04937744140625,91496,3,2.799379985454979,1,0,1,0,1,1,0
27,7,28.192913055419922,94511,3,0.5294421768087967,1,102,0,0,0,1,0
62,38,117.32030487060547,89980,4,1.8544651657506357,1,135,0,0,0,0,0
51,35,26.570829391479492,94111,1,2.1199608378571675,2,0,1,0,1,1,0
25,1,50.428550720214844,94197,2,1.7547204444409203,2,0,0,0,0,1,0
46,18,59.19091796875,90591,4,0.500701344200218,2,0,0,0,0,1,0
66,39,68.3879165649414,92707,2,2.899261124186978,3,0,0,0,0,1,0
55,21,55.930633544921875,96128,1,0.822461624821829,1,0,1,0,0,0,0
56,33,22.830101013183594,94836,4,0.5900841602601965,2,0,0,0,0,1,0
35,9,57.66083908081055,92696,1,0.17434020649851412,2,0,0,0,0,1,0
50,26,112.50288391113281,94744,4,3.5669006572699895,1,0,1,0,0,0,0
57,29,98.611572265625,95814,2,1.6360358413161271,1,0,0,0,0,1,0
35,18,54.69932556152344,94540,2,1.8158912513728123,2,0,0,0,0,0,0
39,12,49.971439361572266,96504,2,1.3221474847379282,1,0,1,0,0,1,0
34,16,24.352703094482422,91914,4,0.37518631556204973,2,0,0,1,0,1,0
60,33,21.099864959716797,91490,1,0.399716120411816,3,0,0,1,0,1,0
52,22,84.4311294555664,93169,2,4.865605662266342,2,0,0,0,0,0,0
63,39,105.38825988769531,92541,2,1.2310504763453627,1,227,0,1,0,1,0
38,1,53.39552307128906,94564,1,1.3253780555445465,2,0,0,0,0,0,0
53,24,166.00462341308594,90090,4,2.6352315012445726,1,0,0,0,0,0,1
54,29,48.70427322387695,92710,2,5.733567391119099,1,476,0,0,0,1,0
30,3,133.76840209960938,90185,2,0.021307030274125227,3,0,0,1,0,1,1
43,14,40.666473388671875,91914,4,2.1766849907351364,3,0,0,0,0,0,0
30,4,75.69037628173828,92266,3,2.512872738125237,2,0,0,0,0,0,0
46,27,148.24844360351562,94407,3,1.1924603211931581,2,257,0,0,0,0,0
27,2,47.92552185058594,93913,3,0.3358753210005006,2,0,0,0,0,1,0
33,5,19.837566375732422,91934,3,0.9151283302368624,2,100,0,0,0,0,0
61,34,53.40238952636719,94711,4,0.3936828236472914,3,0,0,0,0,1,0
28,10,116.16638946533203,94023,2,1.3721334252780744,1,0,0,1,0,0,0
41,8,67.66651153564453,94759,4,1.0818519483837552,2,157,0,1,1,1,0
52,15,63.08882522583008,94612,4,2.775267105286976,1,0,1,0,0,0,0
41,29,170.9840545654297,95273,1,2.090485251951595,3,435,1,0,1,1,0
56,31,54.74492263793945,94019,3,1.8279977868589303,2,189,1,0,0,1,0
29,4,27.504714965820312,90808,3,0.8578578552724876,2,243,1,0,0,1,0
47,31,108.38054656982422,90408,3,1.379950403169614,2,0,1,0,1,0,0
34,10,87.05937194824219,96355,3,1.1464856081614894,3,0,1,0,0,1,0
37,5,18.839920043945312,90267,4,0.09153228637136854,3,0,0,0,0,0,0
40,18,41.519771575927734,95387,4,0.6703344148101009,2,0,0,0,0,1,0
61,28,35.82465744018555,94690,2,1.794054283054487,3,0,0,0,0,1,0
40,11,59.775569915771484,92404,3,0.6234506132661217,2,0,0,0,0,1,0
53,20,173.76864624023438,90048,1,0.46282666370610454,1,196,0,0,0,0,0
34,13,65.25677490234375,90544,2,1.820696221967557,1,0,0,1,0,1,0
35,11,41.1275634765625,92111,1,0.6747568877433064,3,0,0,0,0,1,0
63,34,107.66374206542969,90255,3,0.23436848207541267,1,393,0,1,1,1,0
42,14,140.97994995117188,92989,1,1.567240098880791,1,0,0,0,0,1,0
55,27,10.499231338500977,93336,3,1.7202981850545331,1,0,1,0,0,1,0
34,7,144.51678466796875,95639,2,2.135174112369851,1,0,1,0,0,0,0
52,31,20.708038330078125,96370,3,0.6345251146998547,3,0,0,0,0,1,0
26,2,39.497467041015625,94264,4,0.6609238031919406,2,155,0,0,0,1,0
60,27,149.6026153564453,90942,2,1.7682015503197919,1,0,1,0,0,0,0
32,7,96.9828872680664,91962,1,0.8693385828956333,1,0,0,0,0,0,0
44,9,151.64735412597656,94621,4,5.425875207713617,1,0,0,0,0,0,1
65,34,25.73155975341797,94910,2,0.22830862831530957,3,0,0,0,0,0,0
48,6,49.64702606201172,92651,1,1.2759097183032146,3,0,0,0,0,1,0
35,4,179.9134979248047,94833,2,4.464223996071341,2,0,0,0,0,0,1
40,19,42.251312255859375,91853,1,1.3143144007408312,3,0,1,0,0,1,0
60,27,24.32307243347168,92355,1,0.3402231610928021,3,0,0,0,0,1,0
34,7,30.28916358947754,96268,3,1.348855616066283,1,236,1,0,0,1,0
38,19,86.60863494873047,91407,2,0.05649711731338278,1,0,0,0,0,1,0
54,28,51.02449035644531,91484,1,1.4520140570792188,2,119,1,0,0,0,0
41,14,47.25197982788086,95347,3,0.353526432891329,1,0,0,0,0,0,0
61,37,99.50867462158203,90329,1,5.87185014648229,3,404,0,0,0,1,0
34,6,63.10142135620117,90373,2,0.13392351968720476,1,98,0,0,0,0,0
55,33,35.181793212890625,96322,3,0.8165192434208224,2,0,0,0,0,1,0
52,27,12.121862411499023,92823,2,0.015486547849133336,1,66,1,0,0,0,0
31,8,29.986526489257812,91193,4,1.640911089634176,2,0,1,0,0,1,0
64,32,19.930011749267578,93518,4,0.690044572801713,3,0,0,0,0,0,0
54,26,60.44190216064453,91349,3,0.22775965119382258,3,0,0,0,0,1,0
38,7,114.1943130493164,91292,2,0.13420404965867203,1,0,0,0,0,1,0
38,12,62.06986999511719,94969,3,0.5571025498093872,2,0,0,0,0,1,0
32,14,85.7593994140625,92138,1,3.4329701060082365,1,0,0,1,0,1,0
29,2,16.363767623901367,94093,4,0.40625465171771696,3,94,0,0,0,0,0
55,35,214.1488800048828,92052,2,7.616872687630298,1,268,0,0,0,1,0
44,17,118.53445434570312,89797,1,0.622899961109643,1,0,1,0,0,0,0
45,19,54.08375549316406,92896,4,2.710543127009212,3,0,0,0,0,0,0
52,24,50.095943450927734,94045,2,1.0648439481560432,3,0,0,0,0,0,0
52,20,39.90144348144531,92924,4,1.222018529907238,3,0,0,0,0,0,0
40,25,116.84899139404297,90129,3,1.4529007455494554,1,172,0,1,0,0,0
26,-1,53.734432220458984,94627,2,1.2305334259369765,3,0,0,0,0,1,0
61,18,79.29708099365234,92399,2,2.543525513991621,1,0,0,0,0,0,0
38,7,79.63963317871094,93130,1,0.6673136857278716,3,0,1,1,1,1,0
60,33,26.541791915893555,90307,1,2.259846855493328,3,385,0,0,0,1,0
60,35,151.60598754882812,95244,2,2.4746035229475534,1,0,0,0,1,1,0
63,30,76.09215545654297,94570,2,2.995955852686991,2,0,1,0,0,0,0
53,26,152.37069702148438,95414,1,0.8168740620594713,1,0,0,0,0,1,0
48,26,95.77947998046875,91462,2,1.3058489866849579,1,0,1,0,0,0,0
36,8,106.1568603515625,92232,3,2.398185076062787,2,0,0,0,0,1,0
57,34,93.14179992675781,90840,1,1.0790857644482528,1,237,0,0,0,1,0
61,37,45.472232818603516,92341,3,1.433709582304823,3,106,0,0,0,0,0
57,29,90.25910186767578,91085,2,0.37662853501978166,1,0,1,1,0,0,0
50,17,32.72379684448242,95537,1,0.11845996518501645,3,0,0,0,0,1,0
56,21,29.516815185546875,91284,4,2.468479475021773,3,143,1,0,0,0,0
35,8,72.234130859375,92170,1,0.3697789499245968,1,0,0,0,0,1,0
31,4,20.729694366455078,94609,3,2.3347581319659456,2,0,1,0,0,0,0
23,-1,68.81968688964844,91756,4,0.4531502679615206,1,0,1,0,0,1,0
44,18,69.33671569824219,89941,3,2.0644239270892415,2,0,1,0,0,1,0
32,6,67.96981048583984,91487,3,1.145397454345502,3,0,0,0,0,0,0
56,17,58.39530563354492,93240,2,0.02698741703688745,1,0,0,0,0,0,0
35,8,62.193931579589844,91917,1,1.9402641392551996,1,0,0,0,0,1,0
56,21,27.13205909729004,94213,3,0.6040188720789212,2,101,0,0,0,1,0
45,3,101.21050262451172,92183,1,2.9325235704631427,2,144,0,0,0,1,0
35,13,59.35060501098633,92027,1,0.08054540519243802,2,103,0,0,0,1,0
58,25,66.4314956665039,94508,3,1.7143708179931163,2,231,0,0,0,0,0
43,20,101.12628173828125,89696,2,2.8946941454214614,1,178,1,0,0,0,0
34,8,35.727783203125,92224,3,0.6127860154620945,3,87,0,0,0,1,0
60,37,135.76280212402344,94632,2,5.291177267412346,2,0,1,0,0,0,1
37,9,28.545207977294922,94196,3,0.2805172204836412,2,151,0,0,0,1,0
40,15,53.668697357177734,93303,2,0.9437774550327491,2,0,0,1,0,1,0
37,6,76.09622192382812,93265,2,1.0265999525146894,2,0,0,0,0,0,0
33,9,30.932525634765625,93934,4,1.6066615144684206,2,0,0,0,0,1,0
41,20,37.706329345703125,94177,4,2.080055321940812,3,0,0,0,0,1,0
63,34,16.306720733642578,92093,3,0.5921330707405288,2,0,0,0,0,0,0
40,19,165.9172821044922,94987,3,9.34789759533867,1,0,1,0,1,1,0
56,25,53.883697509765625,91322,1,1.5309302075346491,1,101,0,0,0,1,0
61,35,90.85089111328125,90303,2,1.407780978607789,3,269,0,0,0,1,1
51,18,153.6692657470703,94475,2,0.7446302840216467,1,408,0,0,0,0,0
63,36,71.18046569824219,92277,2,4.149576233474,3,0,1,1,0,0,1
62,34,28.300783157348633,90081,4,2.2473989293571317,1,318,0,1,0,0,0
28,24,77.37455749511719,94382,1,4.6917096398165015,1,0,0,0,0,1,0
44,14,19.8452205657959,91963,1,0.6286815468267233,2,0,0,0,0,0,0
62,37,51.76428985595703,92858,2,0.10010783152988609,3,0,1,0,0,1,0
59,36,145.88299560546875,92968,1,4.893876808907581,1,0,0,0,0,0,0
60,36,142.35813903808594,92039,4,2.5693695619993013,2,234,0,0,0,0,0
35,11,139.08123779296875,92405,4,1.4606915170182075,2,0,0,0,0,1,1
52,35,17.31497573852539,94869,4,1.4666749184723025,2,0,1,1,1,1,0
63,35,16.129989624023438,95639,4,0.32950175311836816,1,0,1,0,0,1,0
30,5,80.2304916381836,94393,1,0.9580454519032214,2,0,0,0,0,1,0
46,24,27.1395263671875,91860,1,1.6455965841990894,3,151,0,0,0,0,0
37,17,22.138504028320312,92701,2,0.3413765765209195,3,86,0,0,0,0,0
34,10,25.20359230041504,91028,3,1.65706434074861,2,0,1,0,0,0,0
33,1,72.11566162109375,95009,3,0.27294166747624604,2,0,0,0,0,0,0
59,39,159.89695739746094,94869,2,2.1650892502153627,1,0,1,0,0,0,1
37,9,71.65280151367188,95213,1,2.6838004791778403,1,0,0,0,0,1,0
38,11,135.77923583984375,93103,1,4.648421024234603,2,0,1,0,1,1,1
32,15,66.02367401123047,91456,2,3.8155223341681066,1,0,0,0,0,0,0
28,28,165.0560302734375,92784,4,4.774942606599902,1,0,0,0,0,0,1
58,26,9.853273391723633,94316,4,0.8694744700768336,1,0,1,0,0,1,0
41,26,65.53691101074219,94561,1,2.3355973342959295,1,0,1,0,0,0,0
23,15,177.43209838867188,93124,2,4.396583951082546,2,0,0,0,0,0,1
39,8,47.832157135009766,95176,2,1.23612329270859,1,101,0,0,0,1,0
66,42,52.78934860229492,90265,4,4.636980693417753,2,0,0,1,0,0,0
41,19,89.44304656982422,94713,4,1.5533922525193191,2,0,0,0,0,1,0
67,41,34.750606536865234,94424,4,0.7954183608028159,2,0,0,1,0,1,0
35,7,73.63539123535156,92489,1,1.230465035404698,1,0,0,0,0,0,0
40,28,73.45436096191406,94050,3,1.0786277028408615,3,0,0,0,0,1,0
43,17,65.40153503417969,95359,2,0.8638105022061643,1,213,0,0,0,0,0
53,30,16.222984313964844,91606,4,0.2728246534394783,3,0,0,0,0,1,0
41,18,71.55050659179688,92157,2,1.2380286086395673,1,0,1,0,0,1,0
46,14,106.78864288330078,93059,1,1.3585847312941888,3,109,0,1,0,1,0
44,15,61.62690734863281,94004,3,1.6224573607326278,3,0,0,0,0,1,0
42,21,83.04405212402344,91564,2,2.251341720490567,1,232,1,0,0,0,0
57,26,68.89974975585938,94732,3,2.502350685891929,2,0,0,0,0,0,0
43,14,202.49356079101562,95112,2,5.072465580859744,1,183,0,0,0,0,0
36,3,95.75664520263672,91427,4,1.3418002285620014,1,208,0,0,0,0,0
62,36,51.61041259765625,95924,1,1.7734920624730373,2,0,0,0,0,1,0
44,23,35.84034729003906,93277,3,1.007451736516387,2,0,0,0,0,0,0
30,11,32.35408020019531,95005,4,0.1064761536396159,1,0,1,0,0,1,0
41,12,75.78076171875,91091,2,1.2036827734249558,1,0,0,0,0,1,0
61,33,22.547697067260742,94630,2,0.7372283738481203,3,0,0,0,0,0,0
50,19,35.570343017578125,89877,2,0.10895101202379737,1,0,0,0,0,0,0
60,32,54.43091583251953,92084,2,0.16597369771812262,2,0,0,0,0,1,0
43,17,142.35281372070312,93858,1,1.9953276692924486,3,0,0,0,0,1,1
40,14,46.71916580200195,94577,1,0.10108959525582717,2,0,0,0,0,1,0
54,38,18.762910842895508,95420,4,0.5250431521749699,3,0,0,0,0,1,0
66,39,54.30410385131836,92182,4,6.474165873970667,1,0,0,0,0,0,0
38,15,20.010543823242188,90272,3,0.7469356794077535,1,0,0,0,0,1,0
42,16,56.83643341064453,90180,3,0.6631623271036811,2,0,0,1,0,1,0
43,16,51.83881759643555,91146,1,0.16919103966732835,3,105,0,0,0,0,0
53,35,51.97825622558594,92038,4,2.018941904934771,1,0,0,0,0,0,0
64,38,82.9339370727539,94223,3,0.6041286923898961,2,149,1,1,0,0,0
53,31,75.120361328125,95956,4,2.59210467897823,2,0,0,0,0,0,0
54,36,77.82084655761719,93833,2,2.7533548347630754,1,0,0,0,0,0,0
52,38,12.26012897491455,93690,2,0.7023556475843695,3,0,1,0,0,1,0
33,2,130.77577209472656,91954,4,1.8199646769917093,3,0,0,0,0,0,1
40,9,115.70421600341797,95405,1,2.136857225922497,1,0,0,0,0,1,0
49,18,27.11467933654785,96288,4,0.5430112900907784,1,0,0,0,0,1,0
39,11,73.88911437988281,92154,1,2.4480144470578815,1,0,0,0,0,1,0
53,21,161.42440795898438,92236,1,0.18261916200245457,1,97,0,0,0,1,0
42,29,106.0823745727539,95119,3,7.688536718338803,2,0,1,0,0,0,1
43,11,49.54674530029297,91865,2,0.939619673984343,1,102,0,0,0,1,0
28,-2,34.04750061035156,91412,4,0.2842808472719472,1,0,0,0,0,0,0
42,14,59.196372985839844,92549,2,3.1502525331288607,3,96,0,0,0,0,0
36,9,130.02877807617188,93511,1,0.12926115793000867,3,0,1,0,1,1,0
31,6,30.81930160522461,94410,3,1.9292369686507183,2,110,0,0,0,1,0
41,19,64.97628021240234,95321,2,3.0794794170199316,2,109,0,0,0,1,1
58,41,66.11659240722656,94037,3,1.5473242663244176,1,0,0,0,0,0,0
38,18,46.5983772277832,91473,2,0.9473194481802261,1,324,0,1,0,1,0
56,32,136.32723999023438,93956,3,3.2722600593293762,3,0,0,0,0,1,1
51,16,28.627212524414062,93027,4,1.6926774677630902,1,0,1,0,0,0,0
29,20,11.772586822509766,92239,4,0.7965631762540561,1,0,1,0,0,1,0
60,30,59.983741760253906,90791,2,0.819903045737914,3,0,1,0,0,1,0
61,39,45.51806640625,92661,4,1.3496324156146116,3,0,1,0,0,0,0
41,27,39.232887268066406,89966,3,0.33908475358833695,2,0,0,1,0,0,0
40,18,91.28173065185547,92083,3,0.835745510250906,1,0,0,0,0,1,0
65,40,45.789310455322266,92475,4,1.5153695894223473,2,201,0,0,0,1,0
54,26,22.363197326660156,95208,3,0.18772425262306158,2,0,1,0,0,0,0
51,18,53.815513610839844,92052,4,1.805217401371545,2,0,0,0,0,0,0
59,30,134.64804077148438,92786,2,2.657209202785233,1,0,1,0,0,0,0
30,1,37.9310188293457,94398,4,1.0447221643282683,2,140,1,0,0,1,0
36,0,79.45093536376953,94552,2,1.282938508067646,2,0,0,0,0,1,0
51,22,125.97328186035156,90596,2,1.8142463375867397,2,0,0,0,0,1,1
39,6,75.36260223388672,94212,3,1.4600793785020232,1,261,0,0,0,0,0
52,26,95.55206298828125,94215,3,0.6341286213352477,2,123,1,0,0,0,0
32,3,30.199838638305664,94201,3,0.9696822559595469,2,104,0,0,0,0,0
44,16,63.244380950927734,95695,1,0.3541207914547405,3,0,0,0,0,1,0
31,6,42.68490219116211,93834,1,0.5276830903269207,1,0,0,0,0,1,0
38,17,180.87698364257812,93283,4,6.848231540558683,3,0,0,0,0,0,1
47,21,101.32588958740234,90152,1,1.6169203334029385,2,0,0,1,0,0,0
37,9,85.58265686035156,92136,1,2.420915671633031,3,0,1,1,1,1,0
49,21,212.69651794433594,94064,2,5.404695426844089,1,365,0,0,0,0,0
46,16,118.4227066040039,94069,2,2.3413861111494736,3,0,0,0,0,0,0
29,1,35.52674102783203,94785,4,1.3107087859364568,3,0,0,0,0,1,0
66,40,36.0755615234375,93031,3,0.09600029079574657,2,0,1,0,0,1,0
62,39,32.46058654785156,91176,3,0.10387470639886975,1,154,1,0,0,1,0
57,30,99.44507598876953,94601,4,1.1483573979034034,1,0,0,0,0,1,0
27,4,176.56089782714844,95204,4,5.841527076534608,2,0,0,0,0,1,1
31,9,74.15098571777344,94213,1,3.6402143413144876,1,169,0,0,0,1,0
45,30,83.07704162597656,95712,3,0.5513773096019827,1,0,0,0,0,1,0
43,10,86.11202239990234,96163,1,1.1528169528578798,1,0,0,0,0,1,0
42,15,23.638916015625,95520,1,0.09249429134688172,3,0,0,0,0,0,0
54,28,51.727760314941406,93074,2,0.3170767488080139,3,0,0,0,0,0,0
42,17,73.7524642944336,93539,3,0.5457609769792648,3,0,1,0,0,1,0
42,13,151.04629516601562,90453,3,6.916588715253954,1,0,1,0,0,0,0
56,21,54.12871170043945,94747,4,0.20940103108770391,2,338,0,0,0,1,0
61,37,11.407997131347656,92274,4,0.4047519902815008,3,0,0,0,0,1,0
43,18,46.55683517456055,92178,4,0.9648829174203872,2,0,0,0,0,1,0
65,41,43.15892028808594,91102,1,1.7885744416991247,3,0,1,0,0,1,0
53,26,119.92039489746094,92629,4,2.0189758976215297,1,0,0,0,0,0,1
27,6,206.94854736328125,94348,2,3.6676188761221136,1,0,0,0,0,0,0
27,0,74.38699340820312,95555,3,0.046487363001360804,3,183,0,0,0,1,0
30,7,97.06375885009766,91877,2,5.192399254707835,1,231,0,0,0,0,0
45,12,143.41278076171875,92207,3,2.87351406016819,1,0,1,1,1,1,0
59,33,27.17981719970703,90159,4,1.9924994225060082,3,0,0,0,0,0,0
55,21,168.4943084716797,95050,2,3.0228205778626163,1,0,0,0,0,0,0
41,16,45.278831481933594,92075,4,2.08659084139574,2,0,0,1,0,0,0
30,5,79.44873046875,91642,1,0.3836923394140271,3,0,0,0,0,1,0
39,6,123.85832214355469,90857,2,1.6763960929514257,3,0,0,0,0,1,0
63,38,40.92117691040039,95502,3,0.24290788317826945,1,0,1,0,0,0,0
26,5,60.20782470703125,94544,2,1.2732576866607406,2,0,0,0,0,1,0
32,9,44.4664192199707,94210,4,3.7860592694692388,2,142,0,0,0,0,0
55,31,65.90203857421875,92249,1,1.9701737353940654,3,145,0,0,0,0,0
43,15,23.196596145629883,95199,4,0.3874157110411448,2,104,0,0,0,1,0
47,22,37.10659408569336,91608,3,0.29314352927480913,1,0,1,0,0,1,0
47,6,95.13887786865234,91468,2,0.61906336213952,1,149,1,0,0,0,0
32,6,44.33790588378906,94516,4,1.5315598115143523,2,0,0,0,0,0,0
62,28,94.17027282714844,91886,3,4.252218465964277,1,224,1,0,1,1,0
34,11,58.75149917602539,90511,1,1.3541097474335881,1,157,0,1,0,0,0
51,19,110.85739135742188,91170,1,0.4289500708496107,1,122,1,0,0,0,0
38,26,75.86161804199219,92115,2,0.6743905895452241,3,113,1,0,0,0,0
67,40,90.54500579833984,91583,2,2.207809353739944,3,226,1,0,0,1,0
39,12,126.99658203125,91429,3,0.3000280373031391,2,395,0,0,0,1,1
29,4,36.13629913330078,92405,4,2.092482527149718,2,0,0,0,0,0,0
47,29,68.40272521972656,94464,4,2.2968784965093283,3,0,0,0,0,0,0
47,19,77.8574447631836,93070,1,0.1410374383094554,3,0,0,0,0,0,0
58,28,38.043235778808594,90998,4,1.3468654965378888,3,99,0,0,0,1,0
61,36,54.9168815612793,94648,1,1.9502052736004711,3,0,0,0,0,1,0
36,11,89.01707458496094,95628,2,1.4692874967532081,1,118,1,0,0,1,0
61,34,62.42246627807617,91952,3,1.3437912197184028,1,231,0,0,0,1,0
57,32,67.13448333740234,92020,1,0.037477190457854304,1,153,1,1,0,1,0
43,9,65.46989440917969,94812,4,5.749843340603216,1,0,0,0,0,1,0
33,2,156.17123413085938,94901,1,1.8087769499819257,3,0,0,0,0,0,1
35,15,185.70687866210938,92067,2,7.375580945359672,1,408,0,0,0,0,0
32,8,48.230430603027344,91628,2,0.6028132793309854,1,0,0,0,0,1,0
57,32,62.35914993286133,92625,1,0.5752794142625017,3,0,1,0,0,1,0
33,7,75.86287689208984,92027,2,3.847674421952735,3,0,0,0,0,1,0
64,38,63.74338912963867,95847,3,2.0935005235603104,3,0,0,0,0,1,0
49,26,71.53825378417969,91210,1,0.04794005446657068,2,0,0,0,0,1,0
28,2,159.83192443847656,91563,1,1.9418927687961385,1,235,0,0,0,1,0
34,8,46.157142639160156,94540,1,1.7981340043583287,2,307,1,0,0,0,0
52,35,26.138017654418945,94060,4,0.11690356391157242,1,0,0,1,0,0,0
64,39,153.45974731445312,91600,3,3.48879502545082,2,233,0,0,0,0,1
50,30,36.55591583251953,91252,2,1.8540483475759644,3,0,0,0,0,1,0
47,27,81.4344482421875,91162,4,3.02246033680359,1,0,0,0,0,1,0
26,4,129.68524169921875,93096,4,1.5467811635693671,1,0,1,0,0,0,0
36,12,55.28499221801758,91420,2,2.1771440079263917,3,0,0,0,0,0,0
32,7,124.19725799560547,91260,1,5.653855522747834,2,311,0,0,0,1,1
43,15,75.29865264892578,95942,2,1.4103265901184106,1,215,0,1,0,0,0
34,9,183.88201904296875,92080,1,2.8765694391912953,2,102,0,0,0,0,0
44,16,58.324867248535156,91822,2,1.7304594151699355,1,0,0,0,0,0,0
30,5,51.3351936340332,92803,2,1.4941926909025445,3,0,0,0,0,0,0
48,7,34.79206848144531,94069,3,0.4507850269064033,2,0,0,0,0,0,0
32,4,44.918453216552734,94511,4,1.395310771845299,2,142,0,0,0,0,0
59,33,36.05293273925781,92207,2,0.9432642163785114,1,155,1,0,0,0,0
53,19,96.37061309814453,95314,1,0.09557588794542202,2,0,0,1,0,0,0
60,39,85.99181365966797,94334,1,1.9620498493688137,3,0,0,0,0,0,0
46,21,51.5286865234375,94957,3,1.9694047690748442,2,0,1,0,1,1,0
41,22,78.30252075195312,92497,1,1.6387401523325302,2,0,0,0,0,1,0
35,15,156.02894592285156,91422,4,6.274813428007316,1,0,1,0,0,0,0
61,34,83.30878448486328,93968,3,2.434305912152898,1,151,1,0,0,0,0
32,6,192.71775817871094,93256,3,5.853079468791909,3,0,0,0,1,1,1
41,22,44.5546760559082,94769,1,2.4396832464312808,3,184,0,0,0,0,0
58,36,41.666954040527344,93212,4,1.145236057826489,3,0,0,0,0,0,0
30,15,90.28849792480469,95731,3,3.23061196620407,1,0,0,1,1,1,1
66,42,100.31421661376953,94295,3,0.145735843672939,2,0,1,0,0,0,0
43,17,184.47970581054688,92220,2,6.2328671868823955,1,0,0,0,0,1,1
65,39,30.186283111572266,92285,1,0.5395112985462969,3,0,0,0,0,0,0
31,5,146.6115264892578,91410,1,4.726884676843935,1,0,0,0,0,1,0
65,37,16.21186637878418,90509,3,0.6303646640404869,1,0,0,0,0,0,0
30,12,56.72951126098633,95586,3,2.1438975770425857,2,0,1,0,0,0,0
30,9,115.13009643554688,91435,1,0.677440256206056,2,169,1,0,0,1,0
41,22,30.018821716308594,92103,2,1.4698607982495018,2,0,0,0,0,0,0
49,17,32.7679443359375,96272,2,1.9760921641338842,3,192,0,0,0,0,0
46,18,113.89443969726562,91160,1,1.1653129959599255,3,0,0,0,0,1,1
28,5,21.60294532775879,91604,1,0.10791785210195093,2,111,0,1,0,0,0
64,38,75.18865203857422,90052,1,0.4676294854850319,3,0,0,0,0,0,0
40,18,52.54339599609375,96035,3,1.4526353013615365,3,0,0,0,0,1,0
57,34,62.02815628051758,91427,1,2.4156791044451666,1,238,0,0,0,1,0
31,2,25.62897491455078,94999,4,0.3873821991217269,1,0,0,0,0,1,0
40,24,139.1738739013672,95576,1,0.7578515585436104,2,0,0,0,0,0,0
43,21,54.66721725463867,92038,1,3.7838763176774397,3,0,0,0,0,0,0
56,32,30.02384376525879,90319,2,0.3653333002263935,2,0,0,0,0,0,0
38,22,37.135677337646484,91330,2,1.8535753904584529,2,0,1,0,0,1,0
48,28,180.38624572753906,90303,2,8.939657260858485,1,0,0,1,0,1,0
52,22,148.14486694335938,96043,4,1.6925386221690366,3,0,0,0,0,0,1
54,31,168.5458984375,94506,1,0.6669126666262815,1,0,0,0,0,0,0
40,24,99.27106475830078,90143,2,1.7944277760845386,2,0,1,0,0,1,0
56,11,171.4976043701172,92066,2,4.69275888217629,1,224,0,0,0,0,0
30,5,38.68696594238281,94265,2,0.21662546283817596,2,102,1,0,0,1,0
58,26,24.85584831237793,90398,1,0.030116306992582442,1,0,0,0,0,1,0
49,18,24.414777755737305,92706,3,0.4046997344431905,3,103,0,0,0,1,0
54,27,37.58524703979492,90247,1,0.6980007724995145,2,152,0,0,0,1,0
58,39,80.89390563964844,94878,2,2.2297142032105386,1,152,0,0,0,0,0
65,42,46.567684173583984,90316,4,0.4885476720940944,1,0,1,0,0,0,0
54,28,18.514629364013672,94501,1,0.4879151671811779,3,158,1,0,0,1,0
50,30,58.036468505859375,94826,3,2.20454813946846,1,0,1,0,0,0,0
37,13,36.818702697753906,96022,2,0.42301886495422075,1,0,1,0,0,0,0
62,27,27.54591941833496,94049,1,0.531491069356463,3,0,0,0,0,0,0
42,8,29.613651275634766,91987,4,2.0340458965383945,1,0,1,0,0,1,0
64,39,13.89465618133545,94493,2,0.7923423286761792,3,85,0,1,0,1,0
55,24,58.2551383972168,94384,4,2.2549738652817144,2,0,0,0,0,0,0
31,6,31.702749252319336,92394,1,2.5208691679401376,2,0,0,0,0,0,0
58,26,12.42113208770752,94357,3,0.6998171797650302,2,0,0,0,0,1,0
40,23,81.38915252685547,92958,4,1.9688331011177898,3,0,0,0,0,0,0
46,19,24.357357025146484,95097,4,1.7030188326754772,2,0,0,1,0,1,0
56,31,136.3597412109375,95593,2,2.0864252260617673,1,466,0,0,0,0,0
51,26,29.3043270111084,91597,1,0.24961687115315515,3,0,1,0,0,1,0
25,3,22.641315460205078,95035,4,1.9012695997100728,3,67,1,0,0,1,0
57,27,44.326904296875,92102,1,2.0537279386107525,3,555,0,0,0,0,0
53,26,25.999977111816406,94289,3,0.8129270849063843,2,0,1,0,0,0,0
44,26,59.18009948730469,94572,2,2.216244165505278,2,0,1,1,0,0,0
45,21,51.40983963012695,96196,2,1.6475987182804515,1,0,0,0,0,1,0
30,1,60.597999572753906,91509,4,1.239821799403724,3,0,0,0,0,0,0
30,7,138.82801818847656,91774,2,2.969393525943499,1,0,1,0,0,0,0
43,26,60.509010314941406,91615,1,0.6853471300095558,1,0,1,0,0,1,0
46,21,77.38555908203125,91664,2,1.8686380863386287,1,0,1,0,0,1,0
65,29,42.980979919433594,92350,4,2.960096824507769,1,0,1,0,0,1,0
57,37,65.36526489257812,92273,4,2.665349017564429,2,0,0,0,0,0,0
34,12,63.17359924316406,90321,4,0.764322475728963,1,0,1,0,0,0,0
40,13,127.0035629272461,94847,2,4.128646558673936,1,180,0,0,0,0,0
54,24,41.09800338745117,94476,1,1.352042944583757,3,82,0,0,0,0,0
56,34,44.22457504272461,92288,2,0.57492763723891,1,101,1,0,0,1,0
40,17,56.36311721801758,95663,3,3.14630119421701,1,0,0,0,0,0,0
32,9,40.207923889160156,95753,1,1.7148862588635465,3,227,0,0,0,0,0
46,26,35.685951232910156,96104,4,2.0952037928215024,1,0,1,0,0,0,0
35,2,39.058677673339844,90781,2,1.5559376142471346,3,0,0,0,0,1,0
39,16,33.86383056640625,92407,4,0.7475091610852621,3,0,0,0,0,1,0
52,25,206.04428100585938,95842,2,6.5599642824099265,1,0,0,0,0,1,0
31,6,24.488067626953125,94822,2,1.708740684079679,2,0,0,0,0,0,0
34,13,109.73521423339844,92182,2,2.7586764263484254,2,0,0,0,0,0,0
35,7,96.49105834960938,93568,4,3.4002411556181795,1,131,0,1,0,0,0
49,29,49.597206115722656,90507,4,1.45354588458075,1,113,0,0,0,0,0
47,20,70.13587188720703,94666,1,0.4421955191736946,1,0,1,1,0,0,0
27,5,98.48495483398438,90389,1,1.4131173384748243,3,0,0,0,0,1,0
55,27,47.54598617553711,89960,2,0.043635199750735654,3,0,0,0,0,0,0
33,7,179.07046508789062,92098,2,2.679913503071738,1,0,0,0,0,0,0
28,6,151.13287353515625,94659,4,1.6043641183766753,2,0,0,0,0,1,0
35,15,61.55824661254883,94563,4,2.5180513813046934,1,0,1,0,0,0,0
50,26,67.36445617675781,94854,4,2.137659301419705,2,136,0,0,0,1,0
56,27,189.37803649902344,94255,4,5.26110412772837,3,266,0,0,0,0,1
36,4,41.31604766845703,95642,4,1.0147600976413798,3,0,0,0,0,1,0
55,27,57.4897575378418,91232,1,0.8712531814245608,3,0,1,0,0,0,0
47,29,46.96986770629883,90270,3,1.4194018488950928,2,0,0,0,0,1,0
43,24,58.40055847167969,91647,1,0.22724484688900964,1,0,1,0,0,0,0
59,34,165.28282165527344,93207,2,4.316520651416345,1,0,0,0,0,1,0
66,36,116.65670776367188,90043,2,0.3231149865090618,1,0,0,1,0,1,0
51,28,12.012279510498047,92903,1,0.024562443961960334,3,101,0,1,0,1,0
41,13,98.40483856201172,91816,1,4.5393578466283095,1,0,0,0,0,1,0
34,10,43.02132797241211,94242,4,0.9841218143251739,2,0,0,0,0,0,0
32,8,35.806060791015625,92324,4,2.5551292581875935,3,0,0,0,0,0,0
49,31,22.246475219726562,92068,1,0.47246348917574066,3,0,1,0,0,0,0
31,6,68.94953918457031,91892,2,0.23499471637489144,1,0,1,0,0,1,0
48,17,113.58136749267578,95572,1,4.3932756979583525,1,0,1,0,0,0,0
49,22,97.37835693359375,91813,4,1.809429132200929,1,102,1,0,0,1,0
43,18,27.909910202026367,95582,4,0.6833153704402201,1,0,0,0,0,1,0
44,21,28.347074508666992,94421,1,0.284736566829958,2,0,0,0,0,1,0
62,35,51.931217193603516,94027,4,1.9935812186935504,1,131,0,0,0,1,0
64,39,31.739744186401367,95913,3,0.16338862275772442,2,134,1,0,0,0,0
62,38,59.573917388916016,90117,3,0.25125345119992637,1,0,1,0,0,0,0
62,39,101.13996887207031,94775,3,2.81715585993628,1,0,0,1,0,1,0
54,20,153.6005401611328,92121,1,3.6754260961656082,2,0,0,0,0,0,0
59,31,37.169395446777344,93875,1,1.34595051714129,2,0,1,0,0,0,0
50,26,54.7620735168457,94986,2,1.0445332089834094,2,0,0,0,0,1,0
49,21,68.08647155761719,94970,1,0.8559600792585269,1,203,1,0,0,0,0
33,9,30.039749145507812,94350,4,0.36639668037005607,2,0,0,1,0,0,0
45,28,61.87333297729492,92291,1,3.17052955616284,3,119,0,0,0,0,0
29,2,112.20738220214844,94807,1,1.3470959711329697,1,117,0,0,0,1,0
52,27,58.7641487121582,93294,1,1.5425363046079195,3,188,0,0,0,0,0
44,29,35.90728759765625,94411,2,0.9170466234860439,3,0,0,0,0,0,0
38,18,139.75331115722656,95194,2,0.02195942071013851,1,0,0,0,0,1,0
36,13,47.3337287902832,95327,4,1.9965299428416414,2,0,0,0,0,0,0
65,35,116.73865509033203,94553,4,2.2282462747260725,2,227,0,0,0,0,0
34,16,25.16922378540039,94122,3,0.09463469673601549,3,0,0,0,0,1,0
34,20,44.455989837646484,92288,4,1.579087197455474,3,0,0,1,0,0,0
55,28,49.204254150390625,92812,3,0.08988790947971637,3,0,1,0,0,1,0
42,15,125.09613800048828,94245,4,3.585105696871007,1,0,1,0,0,0,0
63,34,47.647056579589844,92944,3,1.7782560700981929,3,0,0,0,0,0,0
59,32,142.48712158203125,91146,4,3.295521628466908,2,106,0,0,0,0,1
37,23,114.68860626220703,94653,4,2.1140986465635865,1,0,0,0,0,0,0
31,3,143.82472229003906,94897,2,1.8395522648764036,1,0,1,0,0,0,0
46,21,27.833133697509766,96358,2,0.16040274603848179,1,0,0,0,0,1,0
62,36,193.5430908203125,92255,3,3.251534869436553,2,406,0,0,0,0,1
34,2,107.22280883789062,94421,4,1.0175061725888224,3,251,0,0,0,0,0
32,10,73.57260131835938,94456,1,1.596906153312176,2,0,0,0,0,1,0
44,21,179.13145446777344,95021,1,4.30955033197103,1,209,0,0,0,0,0
43,12,17.185945510864258,93284,4,0.3721517387980807,1,0,1,0,0,0,0
65,40,56.65218734741211,90253,1,1.3746725923923013,3,0,0,0,0,1,0
48,25,75.47923278808594,94649,1,2.5385580282106153,2,0,0,0,0,0,0
59,37,64.34333801269531,92954,4,0.3092840285393478,3,0,1,0,0,0,0
42,25,45.923954010009766,95496,2,2.468731172021999,2,121,0,0,0,0,0
50,24,86.1156234741211,92222,1,2.2241598764328976,3,0,0,0,0,1,0
61,36,87.84580993652344,92033,3,0.308578222186058,2,0,1,0,0,0,0
34,11,138.4723358154297,94396,2,0.04553821358726645,1,0,1,1,0,0,0
56,25,33.81349563598633,90276,4,0.3234721529097195,3,149,0,0,0,1,0
29,3,37.45689392089844,90401,4,1.5560824008506229,3,141,0,0,0,1,0
55,36,25.28302764892578,95052,4,1.574448168737044,1,0,0,0,0,0,0
64,36,67.37840270996094,95450,2,0.38672910534192784,3,0,0,0,0,1,0
49,14,45.804630279541016,94585,4,0.8680909824643495,2,0,0,0,0,1,0
59,35,114.28897857666016,91188,1,0.5748597460334992,3,0,0,1,0,1,0
38,12,31.438491821289062,94056,4,1.5440359631076246,1,119,1,0,1,1,0
64,37,39.261260986328125,90145,2,1.6580517696480845,3,79,0,0,0,1,0
53,27,73.58723449707031,91474,2,3.1514928155146347,3,0,1,0,1,1,0
31,5,58.81766891479492,94754,3,0.021970648160941963,2,0,0,1,0,0,0
55,27,64.07127380371094,91335,1,2.6634445397371396,1,246,0,0,0,0,0
38,12,54.16502380371094,95659,4,1.9217929290288793,1,276,0,0,0,0,0
61,37,75.75711822509766,94366,1,1.51574538765395,2,0,0,0,0,0,0
26,-1,54.454200744628906,91102,3,2.2848934228697417,1,0,0,0,0,0,0
42,21,85.26313781738281,93155,2,2.6989133274429564,1,0,0,0,0,0,0
27,3,158.80027770996094,94780,3,2.414795931416944,1,0,0,0,0,1,0
48,18,81.69763946533203,94190,3,1.6444999701929208,2,156,0,0,0,1,0
39,20,27.777732849121094,90980,3,0.6303478987461959,1,0,1,0,1,1,0
46,17,71.80615234375,90106,1,2.125131869416364,2,0,0,1,0,1,0
39,1,140.55458068847656,94180,2,1.3548169824704503,1,0,0,0,0,0,0
50,14,19.871517181396484,93221,1,1.5651984491595223,2,111,1,1,0,0,0
30,5,104.58775329589844,92858,1,4.603775717334164,1,228,0,0,0,0,0
39,3,73.16735076904297,93244,1,2.068407393134941,3,0,0,0,0,0,0
53,37,158.5629119873047,91200,2,5.941653132405218,1,393,0,0,0,1,0
48,16,101.6756362915039,94397,1,3.4673525465577306,2,0,0,1,0,1,0
47,12,25.9731388092041,92236,4,2.123445559452996,1,0,0,0,0,0,0
32,3,153.70574951171875,94652,1,3.492436823602622,1,0,0,0,0,0,0
60,35,99.49836730957031,90584,3,3.266096143383547,2,400,0,0,0,1,1
64,40,28.931060791015625,91989,3,0.2865911427475715,2,0,1,0,0,0,0
30,7,90.4994888305664,95821,3,2.163460316624421,3,306,0,0,0,0,0
32,10,45.07907485961914,94365,3,0.7259112137402329,1,0,0,0,0,1,0
52,24,115.56930541992188,94536,1,1.4378682539014482,3,0,1,0,0,1,0
57,28,16.740568161010742,90613,4,0.8359467970669483,2,0,0,0,0,1,0
37,11,37.82183074951172,91722,3,0.5989365029153453,3,0,0,0,0,0,0
53,28,29.47850799560547,91146,4,0.9744724519679853,2,0,0,1,0,0,0
41,19,91.8077163696289,92193,3,6.160936290119855,1,0,0,1,0,0,0
40,18,186.42660522460938,95993,1,5.34019082516535,1,0,0,0,0,1,0
38,19,129.4827117919922,91209,3,1.8580937549668342,1,153,0,0,0,0,0
65,38,45.543983459472656,93855,1,0.8446039191109826,3,0,0,0,0,1,0
32,6,10.118200302124023,95320,2,0.19933310059048948,1,0,1,0,0,0,0
37,12,44.19634246826172,94532,1,0.9880461355386774,3,96,1,0,0,0,0
41,27,27.109651565551758,93284,3,0.2696397369412879,2,0,0,0,0,1,0
52,37,32.64613723754883,94386,4,0.5631541497465059,1,0,1,0,0,1,0
63,42,19.520496368408203,91944,3,0.3871618962181427,2,0,1,1,0,1,0
60,36,83.65706634521484,92805,4,1.902612094868253,2,0,0,0,0,0,0
52,24,109.736328125,90069,2,5.771615260744772,1,0,0,0,0,0,0
52,30,36.53728485107422,92662,4,1.572475134352579,2,0,0,1,0,1,0
43,17,60.330413818359375,95185,3,0.6542233498223684,2,0,0,0,0,1,0
37,6,60.725852966308594,94456,1,1.779171024516511,3,217,0,0,0,1,0
44,11,54.33374786376953,95173,1,0.2795914853217826,3,0,0,0,0,0,0
64,29,29.68920135498047,93978,2,0.9118389408285726,2,0,0,0,0,0,0
41,16,174.41233825683594,94705,3,8.640051340334344,1,0,0,0,0,1,0
40,11,16.585880279541016,91469,2,0.8583867649561224,2,0,0,0,0,0,0
53,27,29.28858184814453,91054,1,0.11946249792793054,1,0,1,0,0,0,0
34,11,94.44988250732422,96391,2,1.6622621725184707,1,0,0,0,0,1,0
52,32,85.5917739868164,95934,1,1.8922152954760145,3,0,0,0,0,0,0
62,39,79.63399505615234,91700,2,7.203056205196763,1,0,0,0,0,0,0
57,38,76.2230224609375,91963,2,2.4215390237481724,2,0,0,1,0,1,0
35,11,32.47145462036133,94236,1,0.39589521180773013,2,0,0,0,0,1,0
29,0,22.638044357299805,94425,1,0.2743256672277518,2,112,0,0,0,0,0
45,12,49.02201461791992,95301,1,2.3035288995527616,3,0,0,1,0,1,0
60,35,61.502357482910156,95336,2,2.1409299321974076,3,0,1,0,0,0,0
26,15,99.52908325195312,96018,4,1.552659889332175,1,0,0,0,0,1,0
42,18,23.289743423461914,93685,3,1.0462801417679923,2,0,0,0,0,0,0
56,25,14.455190658569336,91903,1,0.38814826424090393,1,0,0,0,0,0,0
45,21,35.15364456176758,94068,1,0.42136590178210725,3,0,1,0,0,1,0
36,4,159.27455139160156,93114,1,2.343334264011379,2,0,1,0,0,0,1
55,32,180.59561157226562,95702,2,3.8039880284668133,3,0,0,0,0,0,0
32,4,135.61477661132812,92379,3,2.6846034656991975,1,243,0,0,0,0,1
36,25,46.43357467651367,93961,4,0.547840701651972,3,0,0,0,0,1,0
27,4,54.11366653442383,94477,3,1.3795839717932359,3,0,0,0,0,0,0
53,34,39.159236907958984,90268,2,1.9785658881529435,1,0,1,0,0,0,0
43,15,18.73171615600586,92317,4,0.3693175920046766,1,103,0,0,0,1,0
48,27,123.50163269042969,93318,4,1.138632686524169,3,0,0,0,0,1,1
39,10,22.169292449951172,94432,2,0.20711432717076866,1,0,0,1,0,0,0
33,4,52.208168029785156,94561,4,1.934507248527657,1,0,1,0,0,1,0
54,36,82.39995574951172,93890,3,2.6039540591400283,1,0,0,0,0,1,0
47,22,117.91248321533203,93075,2,1.2614749213322751,1,0,1,1,1,1,0
46,20,156.3092498779297,94635,1,7.010689330896826,1,450,0,0,0,0,0
32,6,55.89114761352539,94893,2,1.372580611435627,1,0,0,0,0,1,0
31,18,117.69971466064453,92107,2,6.294908975213304,1,0,0,0,0,0,0
62,36,30.283292770385742,93014,3,0.6500956693037686,3,101,1,0,0,0,0
44,19,30.03929901123047,92005,3,1.085789910700568,2,130,1,0,0,0,0
34,6,107.0424575805664,94744,2,0.8548222514157394,1,101,0,0,0,0,0
40,13,120.03874969482422,92093,2,0.829521466128192,1,0,1,0,0,1,0
49,21,80.07167053222656,93136,1,3.7296882114706995,1,0,0,0,0,1,0
49,15,18.47205352783203,95281,1,0.6382866436989025,3,97,0,0,0,1,0
54,34,84.10591125488281,91798,4,3.5023244753262532,1,0,0,0,0,0,0
62,39,117.06941223144531,92742,2,4.188248404289926,2,0,0,0,0,1,0
49,32,45.504451751708984,94124,2,1.5969015073519848,2,0,0,0,0,0,0
25,0,184.99925231933594,93242,1,2.379783072921908,3,378,0,0,0,0,1
61,33,10.550884246826172,90776,3,0.593773502468306,1,0,1,0,0,0,0
41,25,16.740825653076172,90098,4,0.18221988415514612,2,0,1,0,0,1,0
54,24,107.67491149902344,93165,2,5.400480629491843,1,0,1,0,0,0,0
58,32,97.3739013671875,92158,2,1.338035299672157,1,205,0,0,0,1,0
55,24,49.49452590942383,91842,4,1.8482599018941483,2,0,0,1,0,0,0
54,18,41.44540023803711,92412,1,2.893455223663533,3,0,1,1,1,1,0
47,17,60.351253509521484,94091,4,2.0850445183856468,2,229,0,0,0,0,0
52,33,45.2973518371582,93102,1,1.3193845171149683,2,0,0,0,0,0,0
48,20,80.1125717163086,92146,4,4.428486712169269,2,0,0,0,0,0,0
55,29,22.765451431274414,91589,3,0.9556934721483645,2,109,0,0,0,1,0
35,18,45.63679885864258,95944,4,0.231141599398001,1,0,0,0,0,1,0
39,12,103.33551788330078,93392,4,2.1149443608192695,1,0,1,0,0,0,1
63,38,87.3560562133789,90114,4,6.246760013874927,1,0,0,0,0,0,0
44,32,135.15960693359375,95012,3,2.54219646902823,3,445,0,0,0,1,1
48,17,215.2537841796875,91316,1,7.47893771376384,1,158,0,0,0,1,0
32,7,91.47989654541016,90334,2,1.1877205092598464,1,0,1,0,0,0,0
40,22,69.8779296875,91300,1,0.19551218299029735,1,0,0,0,1,1,0
64,36,69.75090026855469,92582,2,2.195984971427802,2,0,1,0,0,1,0
41,15,86.27930450439453,91670,1,1.590021076678447,2,0,0,0,0,1,0
44,27,82.58736419677734,93980,2,5.682759770609479,1,130,1,0,0,1,0
56,26,27.53557586669922,95167,2,0.11907442148165567,1,0,0,1,0,1,0
36,10,56.37202835083008,90300,4,1.5310621942082716,3,0,0,0,0,0,0
30,4,45.93767166137695,91002,4,0.352431037315272,3,0,0,0,0,0,0
29,5,111.30776977539062,93832,2,0.8444916655079621,1,0,0,0,0,0,0
46,24,64.7960433959961,92937,4,1.56418651025511,2,0,0,0,0,0,0
36,16,42.93717956542969,92012,4,2.111820469098163,2,0,0,1,0,1,0
44,12,63.69049835205078,95674,3,1.10513311545623,2,0,0,0,0,1,0
37,23,105.44405364990234,94423,4,2.386429634742325,3,0,1,0,0,1,1
32,8,32.08970642089844,94732,2,1.4684075119277278,1,149,1,0,0,0,0
44,36,179.47776794433594,94369,2,4.0849911929242015,1,0,0,0,0,0,0
66,39,137.4237060546875,92817,1,1.935298960109503,3,0,1,0,1,1,0
33,9,96.02742767333984,92465,1,0.018608143869271565,1,0,1,0,0,0,0
33,8,59.230125427246094,90504,3,0.43131420636794016,1,0,0,0,0,0,0
55,39,72.9835205078125,95210,2,8.054929411470315,1,0,1,0,0,0,0
54,25,31.46769142150879,90375,4,1.63701402825178,2,0,0,0,0,1,0
48,29,13.276386260986328,93046,4,1.37548738390542,2,0,1,0,0,1,0
63,34,61.92937088012695,93452,1,0.4168744655897531,2,0,1,0,0,0,0
46,17,116.914306640625,95161,4,1.3239025520906713,1,0,1,0,1,0,1
34,3,74.97933959960938,90404,1,0.711199818149978,3,158,1,0,0,0,0
29,2,131.18569946289062,91378,2,3.4150167160797285,1,0,0,0,0,1,0
32,11,47.08854293823242,95353,4,2.098853819596101,1,0,1,0,0,1,0
27,4,154.1861572265625,90450,3,0.781810836186342,2,89,0,0,0,1,1
35,11,58.858585357666016,92221,3,3.28229357796302,1,0,1,0,0,0,0
54,25,103.1821060180664,95566,3,2.171682866858036,3,0,1,0,0,0,0
32,6,26.889328002929688,93177,4,0.8248170191088099,1,0,1,0,0,0,0
35,9,103.60027313232422,92160,2,2.389256130053551,1,0,1,0,0,1,0
55,26,16.490280151367188,92275,3,0.5886537725637082,3,0,0,0,0,0,0
57,33,38.49223709106445,91757,4,0.7838307228659644,3,0,1,0,0,0,0
27,4,45.4088020324707,94778,4,1.3032079581424507,1,0,0,1,0,1,0
43,20,25.59389877319336,92040,4,0.9525776744244844,1,0,0,0,0,0,0
35,-1,71.87481689453125,93776,2,0.2879346197386484,1,0,0,0,0,0,0
40,20,52.49787139892578,92180,3,2.70104331133689,2,0,0,0,0,1,0
38,11,109.2420425415039,92168,2,2.088737760154369,1,0,1,0,0,0,0
35,13,79.33140563964844,96523,1,1.5706450881353993,2,0,0,0,0,0,0
29,5,126.06903076171875,95820,1,3.1616307826276593,1,0,0,0,0,0,1
49,22,45.30868911743164,94392,2,1.861939548428302,3,234,1,1,0,0,0
35,15,80.64444732666016,92161,1,1.441544919797581,2,0,1,0,0,0,0
60,37,53.305240631103516,95284,4,2.3308772450491952,1,228,0,0,0,0,0
30,3,143.11082458496094,92629,1,2.346533177594374,1,0,1,0,0,1,0
61,36,52.951690673828125,96274,4,3.5802924207584175,1,0,0,0,0,1,0
37,32,45.862091064453125,95594,2,0.8664199840418991,3,103,0,0,0,0,0
66,38,125.50082397460938,92079,4,2.321495100402862,1,0,0,0,0,1,0
49,29,83.29988861083984,92024,1,0.32174819405642674,3,0,0,0,0,0,0
41,10,38.600868225097656,95423,1,2.0455286868905507,3,0,1,0,0,1,0
48,19,81.19889068603516,93658,2,0.8932897199602968,3,0,0,0,0,0,0
57,30,119.00875854492188,90141,3,1.252829642034136,1,0,0,0,0,0,0
55,33,32.85261917114258,92992,2,2.0461565098792316,2,0,1,0,0,1,0
30,1,24.318817138671875,92997,4,1.2627099078289865,2,0,0,0,0,1,0
31,10,137.28355407714844,93079,2,0.4960395859016896,1,182,0,0,0,1,0
60,38,116.31473541259766,95239,3,1.8978790479016505,1,0,0,0,0,1,0
58,31,15.017000198364258,92741,4,0.3917300033955949,2,0,0,0,0,0,0
63,25,27.843626022338867,95565,3,1.7695701914931885,1,0,1,0,0,0,0
33,11,53.711002349853516,95462,2,3.654459844885408,3,0,0,0,0,1,0
29,4,33.4701042175293,94145,2,0.42528173750197584,1,114,0,0,0,0,0
29,4,32.067352294921875,94233,4,0.31760168586072574,3,0,0,0,0,0,0
34,12,13.137828826904297,93262,4,0.37301770460771844,1,0,0,0,0,0,0
50,20,41.08792495727539,94937,1,2.1751900172802916,2,0,1,1,1,1,0
31,12,42.00963592529297,95928,2,1.6099202184227044,1,0,0,0,0,0,0
65,33,23.68999481201172,92246,1,0.8021687870237783,2,0,0,0,0,0,0
33,6,68.10062408447266,90126,3,0.5299676503430709,2,0,0,1,0,1,0
40,14,86.75801849365234,95494,1,2.110830938309875,2,0,0,0,0,0,0
33,19,61.6490592956543,90932,3,1.4485124363225312,2,0,1,0,0,1,0
31,24,207.37571716308594,94684,1,8.062332171221165,1,0,0,0,0,1,0
65,40,22.474014282226562,96355,3,1.4260917318311923,1,0,1,0,0,1,0
60,41,37.43022918701172,92019,4,2.0662650559645805,3,0,0,0,0,1,0
50,25,89.19332885742188,90147,1,1.1836549575758277,1,0,0,0,0,1,0
48,13,30.49021339416504,92977,1,0.5065078031381093,3,76,0,0,0,1,0
44,14,67.26484680175781,95610,2,1.9396188128154161,2,0,1,0,0,0,0
64,39,24.509849548339844,95373,4,1.387874720838517,2,0,0,0,0,0,0
60,36,44.44200134277344,91252,1,2.553354076438003,3,180,0,0,0,0,0
33,5,130.63157653808594,91543,1,2.291287566804666,1,0,1,0,0,1,0
61,37,127.54768371582031,91776,1,3.875606853921539,2,124,0,0,0,0,0
30,5,71.57527923583984,93310,4,1.5613847527886233,3,225,0,0,0,0,0
53,28,73.47364044189453,92024,4,1.644330972188591,3,0,1,0,0,0,0
37,15,68.2872314453125,93125,1,1.338032552061291,2,0,1,0,0,0,0
62,39,86.85391998291016,94108,2,0.1543336576349684,3,0,0,0,0,0,0
58,37,93.065673828125,96204,2,0.08892427344439746,3,113,0,0,0,0,0
33,0,31.111780166625977,94542,4,0.14805412616575733,1,0,0,0,0,1,0
66,41,50.7421875,94397,3,0.9626601156191517,2,0,1,0,0,0,0
28,15,46.706573486328125,94563,1,0.505824882371837,3,164,1,0,0,0,0
26,0,165.60826110839844,91074,2,6.321739924701029,1,0,0,0,0,0,0
30,5,45.907981872558594,92328,2,2.173746672314196,1,0,1,0,0,0,0
60,34,52.3138427734375,94414,4,0.6524441916361277,3,0,0,0,0,1,0
63,37,26.888839721679688,92974,4,0.22843806962167237,2,0,0,0,0,1,0
27,2,49.00041580200195,94536,4,2.039243121604454,3,0,1,1,0,0,0
56,24,53.61763381958008,92010,2,2.2588397769574673,2,0,0,0,0,0,0
51,21,50.82705307006836,94728,2,0.15466805853047638,1,0,0,0,0,0,0
46,28,78.04048156738281,91928,1,1.0761480394254581,3,0,0,0,0,1,0
34,13,44.53099060058594,95450,2,6.359500169193878,1,0,1,0,1,1,0
34,12,62.81595230102539,93628,1,2.1607910797439076,1,0,1,0,0,0,0
29,4,91.6503677368164,92893,2,0.07378361433407532,3,0,0,0,0,0,0
32,6,25.731792449951172,92080,1,0.42355745589433286,2,85,0,0,0,1,0
27,1,61.06954574584961,94198,3,1.548545929050203,2,0,0,0,0,1,0
46,10,40.10918426513672,92280,3,0.297794541065878,2,0,0,0,0,1,0
63,39,46.81402587890625,94212,2,0.5082634273768536,1,0,0,0,0,1,0
45,22,55.48235321044922,92259,2,0.6123166232113513,3,0,0,0,0,1,0
51,20,16.353763580322266,95315,4,2.2748825314995154,3,0,1,1,0,1,0
32,6,142.0563507080078,93127,4,1.060695414359832,2,0,1,0,1,1,1
56,30,45.11860656738281,94154,2,3.253224763233157,3,0,1,0,0,1,0
50,26,48.61334991455078,94708,2,1.4689889313652158,3,216,1,0,0,0,0
61,29,165.13815307617188,95323,2,1.138940130025344,1,0,0,0,0,0,1
37,10,26.28666877746582,96200,1,0.10183145362637513,3,0,0,0,0,1,0
33,14,36.14579391479492,94238,2,0.581334974519936,2,304,0,0,0,1,0
42,11,32.198394775390625,93605,4,1.9672214275187414,1,0,0,0,0,1,0
26,4,59.895503997802734,95795,2,1.3531359941427414,2,0,0,0,0,1,0
43,20,92.72056579589844,94435,4,2.0046959422479818,2,0,0,0,0,1,0
62,41,100.87361907958984,92753,4,1.2795255257632463,2,0,1,0,0,0,1
35,11,50.440067291259766,91379,2,0.38011238565183525,3,388,0,0,0,0,0
60,38,125.98245239257812,91451,3,6.621220588993178,2,283,1,0,1,0,1
54,24,134.14859008789062,92333,1,1.9857847361372747,1,0,0,0,0,0,0
52,29,73.69307708740234,92617,2,3.9930222432253304,1,210,1,0,0,0,0
32,2,165.1511993408203,94284,3,1.5631725232658904,3,103,0,0,0,0,0
42,21,126.70773315429688,94859,3,3.6417419606000565,2,0,0,0,0,1,1
42,14,33.043724060058594,93409,4,0.8543286834001065,1,107,0,1,0,0,0
58,32,13.454383850097656,92991,2,0.5727884728364823,3,108,0,0,0,0,0
42,23,142.2657470703125,92219,2,3.964169756818567,1,0,1,0,0,0,1
43,28,197.0943145751953,93902,2,7.0051106462136765,1,0,0,0,0,1,0
42,23,84.9785385131836,94497,1,0.6296344962834128,3,361,0,0,0,0,0
36,13,149.27357482910156,92930,1,1.556664644571371,1,230,0,0,0,1,0
41,17,70.48929595947266,94822,2,0.4916836738874484,2,0,1,0,0,0,0
30,17,62.444496154785156,95335,1,1.213031744200435,3,0,0,0,0,0,0
30,23,58.2003173828125,94465,4,1.0495050159331583,1,0,0,0,0,1,0
51,23,23.689075469970703,95276,3,0.8145567763607129,2,0,0,1,0,1,0
37,18,62.30265808105469,90149,1,1.034926217734212,3,0,0,0,0,1,0
43,20,173.83712768554688,94361,3,1.6932118530982116,1,204,1,1,0,1,0
50,37,194.43429565429688,94747,3,6.336523642881471,3,570,0,1,1,1,1
51,31,26.387746810913086,90412,4,0.1265507705517682,2,0,0,0,0,1,0
36,11,174.45339965820312,90330,3,8.300606119918326,2,0,0,0,0,0,1
60,28,109.9876937866211,90775,4,2.9475893202443793,2,0,0,0,0,1,1
47,15,65.90672302246094,91565,4,1.5469514405082063,1,0,1,0,0,0,0
55,27,115.28765106201172,92804,4,0.7498958984132594,3,0,1,0,0,0,0
56,29,72.46756744384766,92919,4,1.959447911835443,3,0,1,0,0,0,0
57,37,38.061824798583984,92345,3,1.0772247226994163,2,144,0,0,0,1,0
40,14,139.514404296875,94510,3,0.9598465490067662,1,0,1,0,0,0,1
57,36,25.8240966796875,94830,1,0.4443936638776912,2,0,0,0,0,1,0
29,1,47.80603790283203,96198,2,1.4369787998954247,3,0,0,0,0,0,0
40,13,47.0162467956543,94096,1,2.2871440869772885,1,0,1,0,0,1,0
33,7,89.73407745361328,94544,3,3.155489852100558,1,264,0,0,0,1,0
48,18,63.95766830444336,95386,1,0.8630112116061657,3,0,0,0,0,1,0
52,19,15.773595809936523,95937,2,0.27066777482713844,2,146,0,0,0,0,0
56,32,33.784759521484375,93189,2,0.3083614572169937,3,0,0,0,0,0,0
48,22,54.95551300048828,90862,2,1.4403667442583172,1,0,0,0,0,0,0
56,32,30.775590896606445,90460,3,0.8038793284697355,2,0,1,0,0,0,0
56,18,133.13800048828125,94280,4,1.0689816617046783,1,0,1,0,0,0,0
51,24,60.218013763427734,92096,4,1.5442650282735364,2,0,0,0,0,0,0
34,13,88.01628875732422,96044,1,0.44649178823534946,1,0,0,0,0,0,0
44,15,35.974639892578125,96046,2,0.3193745810968777,3,94,0,0,0,0,0
48,24,59.913021087646484,95583,1,1.1262849232931722,3,0,1,0,0,1,0
41,16,36.65747833251953,94489,2,1.738331165464735,1,233,0,0,0,1,0
66,39,37.89239501953125,92097,2,1.4330463345850732,3,86,1,0,0,0,0
33,10,94.65052795410156,94764,3,5.924945564583831,1,0,0,0,0,1,0
63,40,90.28604888916016,92051,2,0.11268469948599771,1,0,0,0,0,0,0
26,5,31.35788345336914,94536,2,0.940064518535352,2,0,1,1,1,1,0
61,36,112.45655822753906,94513,1,0.6373996995808069,3,0,0,0,0,0,0
26,2,20.191650390625,95271,4,0.23075470105622753,2,0,0,0,0,1,0
61,35,170.94708251953125,94516,1,6.611070155806616,1,0,0,0,0,1,0
35,9,72.3887710571289,90602,1,2.061295143455865,2,0,0,0,0,1,0
28,1,51.228797912597656,91410,1,1.5953481205707127,2,0,0,0,0,1,0
56,35,59.879173278808594,94384,3,1.949754265765987,1,0,1,0,0,0,0
40,6,107.68624877929688,92331,2,2.7007460557504013,1,327,0,0,0,1,0
48,14,71.22023010253906,92659,3,5.017978787256865,2,0,1,1,1,1,0
31,4,28.74778938293457,92080,4,0.4670966433530825,2,0,0,0,0,1,0
56,32,39.91166687011719,90171,4,0.19514346152301776,2,0,1,0,0,0,0
48,22,175.56759643554688,95028,1,2.923057963406968,3,0,0,0,0,0,1
54,32,66.278076171875,91436,1,0.3511595122306746,2,0,0,0,0,1,0
42,22,38.50404357910156,94236,4,1.237394260225491,1,0,1,0,0,1,0
61,36,77.02240753173828,94356,4,1.7754809581454338,2,151,1,0,0,1,0
46,26,138.77444458007812,94686,2,2.9136348393190654,1,0,0,0,0,1,0
31,15,20.14881706237793,94135,1,1.631083578714423,2,90,1,0,0,1,0
46,24,52.10485076904297,91076,2,1.7189628961303056,1,0,1,0,0,1,0
62,37,44.343074798583984,91967,4,2.2148748101031206,2,0,0,0,0,1,0
52,17,173.98751831054688,92104,1,6.63722049237239,1,0,0,0,0,0,0
66,41,77.94978332519531,90345,3,0.673449646773936,3,0,1,0,0,1,0
46,14,87.25515747070312,89882,3,1.1571287036547702,1,226,0,0,0,0,0
45,18,46.97754669189453,94833,1,0.989801730866744,2,0,1,0,0,1,0
47,26,55.0710563659668,92758,4,3.261303191665829,1,0,1,0,0,1,0
31,5,34.199790954589844,94224,4,0.15449500990939205,1,0,0,1,0,0,0
63,39,101.69117736816406,94890,2,0.14859247070938655,3,396,1,0,0,0,1
51,25,192.7396240234375,90617,2,7.584451451039529,1,0,1,0,0,0,0
39,16,120.8509292602539,95002,2,1.0125911636282143,1,0,1,0,0,1,0
32,-1,41.3106689453125,91564,2,1.2883614926117963,2,0,0,0,0,1,0
35,12,99.59281921386719,92060,1,2.3708143657484095,1,0,1,0,0,1,0
31,9,18.657363891601562,94316,4,0.7652638952054742,3,0,0,0,0,1,0
66,39,38.68902587890625,92241,3,1.1055979612581657,2,0,0,0,0,1,0
43,27,114.81261444091797,90437,1,2.7152727740261904,3,0,0,0,0,0,1
53,15,55.18256759643555,91287,2,2.402560839122202,2,0,1,0,0,0,0
46,19,85.43185424804688,90675,2,0.4191600463462364,3,0,0,0,0,1,0
61,34,137.1374053955078,92874,1,0.7625834655518478,1,371,0,0,0,1,0
26,2,124.31017303466797,95005,2,2.478720203892966,3,0,0,0,0,0,0
56,32,62.417640686035156,90281,2,1.2552365457962718,2,0,0,0,0,0,0
48,27,27.347309112548828,94916,4,0.5574401199696244,2,95,1,0,0,1,0
39,14,20.78074073791504,93083,4,2.238767634539805,3,76,1,0,0,0,0
57,31,46.51375198364258,94919,1,0.7031860680831454,3,0,0,0,0,0,0
54,21,107.14640808105469,91337,1,0.5683807039052771,3,0,0,0,0,1,0
50,24,16.491806030273438,93465,1,0.3055920833911591,2,0,0,0,0,0,0
43,36,63.020042419433594,94308,4,1.0790637835613264,3,0,0,0,0,0,0
44,27,64.59477233886719,92404,1,1.9238860589864613,3,0,0,0,0,1,0
63,41,56.054908752441406,93423,3,1.6294472947449146,3,0,0,0,0,1,0
48,22,39.516868591308594,93860,4,0.589072099355833,3,0,0,0,0,1,0
47,24,41.2158203125,91362,1,0.2956681345788426,1,0,0,0,0,0,0
60,33,196.8677215576172,92575,4,3.8059963259757157,3,416,0,0,0,1,1
52,29,32.81206512451172,92682,3,0.34796211998563903,2,0,0,0,0,1,0
55,36,20.478450775146484,93497,4,0.7354873416026959,1,0,0,0,0,0,0
39,14,20.893096923828125,94795,2,2.223556629786089,1,0,1,0,0,1,0
66,36,35.280235290527344,92224,3,0.45507564552546387,3,0,0,0,0,1,0
34,10,32.9199333190918,92446,4,2.7721191314909097,1,77,0,0,0,1,0
63,41,39.34952926635742,94849,4,1.4404299642865117,2,0,0,1,0,1,0
55,31,50.602054595947266,90435,1,0.5944098987027295,1,147,0,0,0,1,0
45,18,68.21778869628906,92075,2,1.1018639081349546,3,95,0,0,0,1,0
24,1,46.59026336669922,92176,4,1.1809005443192677,2,0,0,0,0,0,0
34,5,42.59537887573242,93884,2,1.4878066437716435,1,0,1,0,0,0,0
56,31,46.41292953491211,94551,4,1.2574179979079696,1,159,0,0,0,0,0
59,31,47.90565490722656,93341,3,2.0106416972267755,3,0,1,0,0,0,0
27,11,24.163904190063477,92737,2,0.854074651901342,3,134,1,0,0,0,0
44,29,186.0494384765625,94678,2,4.226067395645774,1,0,0,1,0,1,0
28,4,44.80252456665039,96075,4,2.0267025318252805,1,0,1,0,0,1,0
48,12,25.032997131347656,95440,1,0.3262100195389258,2,0,0,0,0,1,0
32,7,71.33821105957031,92714,4,0.13000164868763978,1,0,0,0,0,0,0
38,9,9.840991020202637,93281,3,0.33999610153016413,1,101,1,0,0,1,0
62,35,74.30220031738281,92170,4,1.7439012432107552,2,0,0,0,0,1,0
52,24,30.79509735107422,95312,1,0.3425370678673442,1,0,1,0,0,1,0
29,16,150.87625122070312,91447,2,3.4426540550223677,2,0,0,0,0,1,0
49,29,59.73033142089844,90872,2,0.08435384246921035,3,132,0,0,0,0,0
36,15,38.961612701416016,93524,3,0.41588629362043,2,0,1,1,0,0,0
60,37,79.36537170410156,92757,4,1.9679689025656475,3,0,0,0,0,0,0
42,16,63.96501159667969,96045,4,2.404004523469064,2,0,0,0,0,1,0
53,21,133.33551025390625,95399,2,1.0052810899371054,1,297,1,0,0,0,0
63,35,38.327388763427734,90440,3,0.9222946555724527,2,0,0,1,0,1,0
35,7,57.52016067504883,93248,1,1.621152695180414,3,0,0,1,0,0,0
64,40,67.60971069335938,95472,1,2.0025094934340846,1,0,1,0,0,1,0
59,28,115.13419342041016,91661,2,0.34325602182818254,2,0,0,0,0,0,0
26,2,15.080259323120117,92244,3,0.2819127278197081,2,117,0,0,0,0,0
56,27,29.126876831054688,94319,1,2.1504830746777075,2,0,0,0,0,1,0
36,6,158.738037109375,95635,1,4.243305739052552,1,0,0,0,0,1,0
59,23,10.87787914276123,95600,2,0.22561628691512964,3,0,1,0,0,0,0
45,21,61.994964599609375,92319,2,0.6426924057567021,1,199,0,0,0,0,0
41,15,69.41283416748047,94200,1,2.0669365153882886,1,0,0,1,0,1,0
63,40,26.41529083251953,95593,3,1.9070722162418403,2,0,0,0,0,0,0
39,5,34.17461395263672,90446,4,1.1240079027716725,3,84,1,0,0,0,0
35,4,63.89409255981445,94937,2,2.4713891332419076,1,0,0,0,0,0,0
30,6,78.61238098144531,94186,2,1.0840519961533814,1,0,0,0,0,0,0
40,2,87.7120132446289,94683,4,2.5476323650587895,3,208,0,0,0,0,0
59,33,56.24371337890625,95290,4,4.054313975819805,1,0,0,0,0,0,0
32,5,127.05603790283203,91712,2,4.570314869040458,1,140,0,0,0,1,0
52,26,44.25804901123047,92621,3,1.6041592402746374,3,0,0,0,0,1,0
49,16,54.23299026489258,92164,1,3.0207513329970745,1,0,1,0,0,0,0
58,39,30.293701171875,92004,2,1.9705926803436742,2,0,0,0,0,1,0
37,14,51.780357360839844,92935,1,1.16788999105716,1,0,1,0,0,1,0
53,32,24.54146385192871,90232,2,0.33416327151426545,2,0,0,0,0,1,0
38,15,88.75111389160156,89734,3,3.619669078164643,1,0,0,0,0,1,0
37,6,97.94334411621094,94685,3,1.466057380441069,1,0,1,0,0,0,0
53,25,12.563016891479492,91644,2,0.9886571040021854,3,0,1,0,0,1,0
31,17,93.23953247070312,91150,2,3.8823050714688834,1,88,0,0,0,1,1
65,39,203.60433959960938,95356,3,6.291151735300155,3,279,1,0,0,0,1
58,28,83.24624633789062,91431,2,2.1269087650201235,3,0,0,0,0,0,0
31,9,92.15917205810547,91237,2,2.7214290077102836,1,0,0,0,0,1,1
51,16,51.45124435424805,94549,1,2.0467148456766577,2,0,1,0,0,0,0
29,0,68.49279022216797,94268,1,1.5198201695028033,3,180,0,1,0,0,0
33,5,120.8410415649414,94376,4,2.25431066518963,1,0,0,0,0,1,1
52,19,31.388307571411133,95735,1,0.03540125824908841,2,0,0,0,0,1,0
43,14,46.385379791259766,93297,2,0.8872861835675128,2,99,0,1,0,0,0
56,31,89.01148223876953,94772,4,2.7169053600750894,1,0,0,0,0,0,0
57,37,100.78646850585938,94627,1,3.9656654978836148,1,0,0,0,0,1,0
61,36,40.44994354248047,94689,3,1.4362737532429075,1,0,0,0,0,1,0
48,16,124.08741760253906,89788,3,2.038417276713341,1,173,0,0,0,0,0
35,12,89.00210571289062,95804,3,1.7726683280057918,1,0,1,0,0,0,0
47,25,107.71907806396484,90351,1,3.492907176169879,1,0,0,1,0,1,1
49,27,58.104068756103516,95409,1,0.4589545083550137,1,399,1,0,0,0,0
63,38,12.024066925048828,94888,2,0.12115440442963257,2,0,1,0,0,0,0
36,13,76.19397735595703,93769,4,1.211651644240814,1,0,0,0,0,0,0
29,3,66.2896957397461,92256,3,1.603744750686388,3,0,0,0,0,1,0
49,25,82.11378479003906,95914,1,0.8931373524486469,1,347,0,0,0,0,0
48,13,149.0558319091797,94199,2,0.6410488728257149,1,0,1,0,0,1,0
26,-1,87.8282699584961,91925,4,1.0180082741518022,2,0,0,1,0,1,0
46,13,74.7998275756836,90334,3,1.0533396956106287,2,0,0,0,0,0,0
59,33,69.15440368652344,92529,1,3.7274698640231674,3,0,0,0,0,0,0
54,30,82.72562408447266,90558,4,0.471481535151441,2,0,0,0,0,1,0
52,27,143.82968139648438,90307,3,0.7959895951001944,1,128,0,0,0,1,0
42,11,134.9588623046875,94142,1,2.7445763967387733,1,419,0,0,0,0,0
54,31,92.21967315673828,90361,4,2.4161785614586777,2,0,1,0,1,1,0
61,38,27.899805068969727,91767,4,1.6165865718184802,1,0,0,0,0,1,0
28,13,155.9783172607422,90659,1,5.82412614976368,1,524,0,0,0,0,0
47,25,99.14454650878906,90944,2,2.219688415518763,2,0,0,0,0,0,1
65,39,95.30187225341797,91956,1,3.9905272003438927,1,103,1,0,0,0,0
60,35,99.2317886352539,92841,4,0.9717266717906321,1,0,0,0,0,0,0
46,18,80.57939910888672,95629,4,2.1550036798132526,3,0,1,0,0,1,0
30,5,97.69456481933594,94590,3,0.6385600943873628,2,228,1,0,0,0,0
33,7,51.89863204956055,94332,1,3.510718311487832,3,0,0,0,0,0,0
29,11,65.1554183959961,91163,4,2.9766426699586095,1,0,0,0,0,1,0
61,35,28.302824020385742,93930,1,1.4581574247013818,3,149,1,0,0,0,0
30,7,200.15231323242188,89955,2,1.096261542421068,1,0,1,0,0,0,0
63,38,206.02401733398438,91917,1,4.247491601644667,1,0,0,1,0,0,0
34,6,192.14308166503906,94237,1,1.471711189276229,1,0,1,0,0,0,0
46,22,114.7059555053711,94559,2,2.0290301229821335,1,246,0,0,0,0,0
33,7,76.87971496582031,90982,3,1.5367931984196206,1,180,0,0,0,0,0
39,21,169.89915466308594,95035,2,4.1470749404688645,3,0,0,1,0,0,1
33,9,37.99138259887695,91197,1,2.5121020658587083,1,0,0,0,0,0,0
34,7,94.17681884765625,91974,2,1.3857119932855557,1,0,0,0,0,1,0
63,40,31.28526496887207,92443,3,0.7460808265121667,3,0,1,0,0,1,0
63,35,61.351131439208984,92121,2,1.4538177481867827,1,0,0,0,0,1,0
54,26,35.10230255126953,95265,4,1.622788016966619,3,0,0,0,0,0,0
29,7,37.59828186035156,95475,4,1.594627634555993,3,125,1,0,0,1,0
28,2,41.64909362792969,94487,3,1.690022036119533,2,130,1,0,0,1,0
56,30,88.07341766357422,94768,3,2.522350606880602,1,279,0,0,0,0,0
36,10,28.135995864868164,94773,2,0.27330087579446827,2,98,0,0,0,1,0
43,21,121.73851013183594,93384,4,5.377426829087607,2,0,0,0,0,0,1
45,18,146.31809997558594,94966,2,0.06090815089110849,1,0,0,0,0,1,0
43,16,69.35049438476562,96563,2,5.933558053348187,1,0,1,0,0,1,0
48,15,83.68427276611328,91354,4,1.2612285855290142,3,0,1,0,0,1,0
42,27,208.92898559570312,91494,1,2.6680130217432536,1,0,1,0,1,1,1
42,10,63.62180709838867,92441,1,0.8498471566429352,3,136,0,0,0,0,0
50,24,96.21528625488281,91514,2,1.7752378977492707,3,0,0,0,0,0,0
31,6,74.3104476928711,89934,1,2.0367403133184534,1,0,1,0,0,1,0
53,30,35.84175491333008,94712,4,0.9378993304990222,1,0,1,0,0,1,0
56,32,19.982070922851562,94524,3,0.964431782723314,2,122,0,0,0,1,0
25,0,38.31922912597656,92777,4,2.0864890705469765,1,93,1,0,0,1,0
61,29,99.0751724243164,95272,2,4.456432476592242,1,0,0,0,0,1,0
61,37,46.65840530395508,92633,2,1.3421063847354817,3,386,0,0,0,0,0
29,1,41.77717971801758,93013,4,0.9948954257082596,1,130,0,1,0,1,0
60,29,195.98826599121094,95523,4,2.658579762880844,2,0,0,1,1,1,1
46,22,135.2548065185547,92104,2,2.1794587825931435,1,234,0,1,0,1,0
26,4,82.52175903320312,91605,2,1.630091235338241,3,170,0,0,0,0,0
45,25,187.759765625,94102,2,8.323385620818502,1,0,1,0,0,1,0
55,23,39.597312927246094,92352,1,1.976814910682998,2,0,0,0,0,0,0
40,20,40.444374084472656,91937,1,0.3682605414025089,1,0,0,0,0,1,0
61,34,35.41313171386719,90137,2,0.15033566920791455,3,0,0,0,0,0,0
28,8,28.020523071289062,95060,4,0.25825992103400636,3,101,0,0,0,0,0
43,22,42.640743255615234,91564,4,1.8806345675204303,1,0,0,0,0,0,0
44,13,89.78996276855469,90255,3,0.3733728087347084,1,173,1,0,0,1,0
31,4,111.14737701416016,95110,2,3.1756538720260377,3,0,1,0,0,0,0
32,8,15.617677688598633,94460,2,0.6425070609102286,2,188,0,0,0,0,0
34,6,177.9689483642578,91312,2,7.838885033921709,1,0,0,0,0,0,0
49,28,130.49319458007812,90515,2,3.972530239132958,1,0,0,0,0,0,1
38,9,60.10257339477539,89989,4,3.449050511358678,2,134,1,0,0,1,0
54,19,112.38600158691406,94255,3,1.7113376671320646,1,0,1,0,0,1,0
35,4,26.367450714111328,95738,1,0.9046000596496261,1,0,0,0,1,1,0
36,23,60.178245544433594,91947,4,1.0071754360736256,2,0,0,0,0,0,0
35,22,111.95726776123047,94829,3,0.45588562611587674,3,203,0,0,0,0,0
56,28,95.63522338867188,91254,2,1.8602864233726006,2,0,0,0,0,0,0
51,17,141.1682586669922,93458,2,3.118022662776924,1,158,0,0,0,1,0
30,16,33.95293426513672,94520,3,0.26303485361536894,3,117,0,0,0,0,0
48,18,28.137592315673828,92924,3,1.3844203414175336,2,147,0,0,0,1,0
33,7,16.882080078125,92199,3,1.1192831987269722,3,0,1,0,0,1,0
50,11,40.453514099121094,92352,3,0.5889278682420237,1,0,1,0,0,0,0
52,31,89.35457611083984,91952,3,1.923686007937149,2,0,1,0,1,1,0
39,20,34.52371597290039,90743,3,2.727082994993697,1,250,1,1,1,1,0
41,18,44.94601058959961,91459,2,2.2600284088588376,3,0,0,0,0,1,0
56,30,56.20735549926758,93698,1,1.5999305984618681,3,0,1,0,0,0,0
53,27,52.30870056152344,94817,3,3.4616571025401117,3,0,0,0,0,0,0
64,38,54.90467071533203,92935,3,1.0404406180314796,2,0,0,0,0,1,0
49,31,39.4751091003418,91272,4,0.12530111099273494,3,0,0,1,0,0,0
26,1,92.37283325195312,94453,3,1.5185465269750926,2,0,0,0,0,1,0
41,18,16.65363311767578,91704,1,0.17310017232943883,1,105,0,0,0,1,0
28,2,111.56170654296875,94646,2,2.7509549258904,1,0,0,0,0,1,0
41,22,55.79597854614258,93144,2,1.5475940417669207,3,0,1,0,0,1,0
64,38,62.465415954589844,92071,3,3.688329130809871,1,0,0,0,0,0,1
34,12,38.85456085205078,96331,3,1.799974641366482,3,0,1,0,0,0,0
57,36,61.52740478515625,94345,1,0.8612043364162343,1,0,0,0,0,1,0
57,35,95.92586517333984,95227,2,1.234818100277698,2,0,0,0,0,0,1
30,5,164.4384765625,94469,4,3.2518024238930323,2,0,0,0,0,1,1
45,30,127.44043731689453,95566,2,2.681844491286499,3,0,0,0,0,1,0
33,10,33.14948272705078,90222,2,0.3506398746780158,2,0,0,1,0,1,0
31,0,212.8299102783203,94703,2,4.325845978728304,1,268,0,0,0,0,0
63,35,98.66372680664062,95797,2,2.4805471006786477,1,0,0,0,0,1,0
34,14,50.00200271606445,91485,1,1.2750904322167615,1,0,0,0,0,1,0
27,12,137.01478576660156,93401,2,1.7466457094273162,1,0,1,0,0,1,0
35,26,93.84500885009766,95049,2,0.8486006576102577,1,229,1,0,0,1,0
53,26,111.25424194335938,92758,3,2.8597994264240496,1,262,1,0,0,0,0
64,38,40.19094467163086,93895,3,1.349931155850568,2,0,0,0,0,0,0
32,3,47.22271728515625,95081,4,2.2432372074075064,3,0,0,0,0,1,0
61,37,59.79460144042969,92458,3,4.800676257970571,2,105,0,0,0,1,0
38,7,150.9369659423828,91406,2,2.2457661128862143,1,0,0,0,0,0,0
52,17,54.58548355102539,94823,4,2.4865154051137788,3,0,0,0,0,0,0
44,20,141.3666534423828,96093,2,2.6289943412794687,1,243,0,0,0,1,0
34,8,67.57881164550781,94445,2,1.5691298306994605,2,96,0,0,0,1,0
46,0,35.81242370605469,91578,1,1.779657545221436,3,0,1,0,0,1,0
38,5,38.858280181884766,90466,2,1.3911125723120092,2,0,0,0,0,1,0
31,9,90.0949478149414,91510,1,1.4588279416657643,1,0,1,0,0,0,0
41,15,56.50716018676758,91906,1,1.801969294452805,1,0,0,1,0,1,0
28,5,30.944442749023438,94303,2,0.5627662406847043,2,0,0,1,0,0,0
31,9,16.39883804321289,91324,3,0.08619089828849208,2,122,1,0,0,0,0
58,30,73.96709442138672,90692,4,1.1386539680192387,2,0,0,0,0,1,0
58,35,168.40664672851562,94351,2,5.950334653488666,1,0,0,0,0,1,0
53,26,111.99710845947266,92225,1,3.517581451956405,3,123,0,0,0,1,0
62,40,45.23014831542969,90195,3,1.565987400641362,3,0,0,0,0,1,0
53,32,169.39816284179688,92190,2,5.106992220011385,1,0,0,0,0,0,0
28,2,73.1904525756836,93910,3,1.6456652557370244,1,169,0,0,0,0,0
37,9,66.0219955444336,94521,4,4.807803048547025,2,0,1,0,1,1,0
43,13,24.763492584228516,94293,2,0.3574261490638121,3,123,1,0,0,0,0
41,14,50.27496337890625,96202,2,2.3426799940070335,2,0,0,0,0,1,0
58,28,52.44187545776367,90445,4,0.9217817626604647,2,0,0,0,0,1,0
63,40,24.149948120117188,95445,1,0.48474202214269557,1,87,1,0,0,0,0
58,31,45.947235107421875,93073,2,0.03939150989449808,3,0,0,0,0,1,0
44,18,106.27448272705078,94850,1,2.9354412829341863,1,0,0,0,0,0,0
52,26,48.53928756713867,92755,4,0.5885412907090839,2,0,0,0,0,0,0
41,20,63.20519256591797,93133,4,0.2906693603617104,3,0,0,1,0,0,0
59,40,73.61702728271484,91866,3,0.15968730213455723,2,0,1,1,0,0,0
60,26,60.66946792602539,96150,1,2.172190096739152,1,0,0,0,0,0,0
40,4,51.777366638183594,90357,3,1.0061342070958263,2,0,0,0,0,1,0
48,27,75.81149291992188,90350,2,3.7625988892827156,1,0,1,0,0,1,0
44,19,75.76158905029297,94017,4,2.197536636191376,3,162,0,1,0,1,0
26,-1,116.79637145996094,95742,2,3.6307523719424406,3,241,0,0,0,1,1
28,2,41.47328567504883,90231,3,0.23879976283675086,2,0,0,0,0,1,0
32,9,103.79161071777344,94988,3,0.8385707888820026,3,118,0,0,0,0,1
58,31,33.839908599853516,91362,3,0.21127790747228853,2,0,0,0,0,1,0
32,6,45.8388786315918,95607,4,0.5042545896863695,3,247,1,0,0,0,0
60,25,47.582763671875,94826,2,1.2271663053991753,3,0,0,0,0,0,0
28,4,24.781375885009766,95220,4,0.423924751556789,3,0,0,0,0,1,0
38,13,67.47720336914062,94987,2,1.4848207401089146,3,130,1,0,0,0,0
36,15,29.586931228637695,92080,2,0.03008968412780022,1,111,0,0,0,0,0
60,34,185.1998291015625,94220,4,4.010618885263306,2,0,0,1,1,1,1
51,21,39.27312469482422,95070,3,0.4182006723974776,2,94,0,0,0,0,0
57,30,186.925048828125,90338,4,6.8758245486291685,2,0,0,0,0,0,1
34,8,16.691354751586914,90684,4,0.650122825785933,1,0,0,0,0,0,0
52,26,49.79331970214844,95852,1,1.8099078895764118,3,0,0,0,0,0,0
48,6,167.44158935546875,94203,2,4.267307534497415,2,0,0,0,0,1,1
33,6,38.80418395996094,94729,1,2.3490941898264373,3,0,0,0,0,0,0
29,8,26.78569984436035,94194,1,0.6861610806047969,3,0,1,0,0,0,0
40,13,59.851131439208984,94665,1,2.5131380701065167,3,0,0,0,0,0,0
47,19,90.21559143066406,90127,1,2.256241130555101,3,0,1,0,0,1,0
38,12,77.60993194580078,95087,1,1.7684139193832356,1,0,0,0,0,0,0
61,35,119.19635009765625,90225,1,1.7933007070625446,2,0,0,0,0,0,0
37,16,31.216978073120117,92712,2,1.772121316433998,1,0,1,1,1,1,0
28,1,141.94532775878906,94794,4,2.100503984138231,2,191,0,0,0,1,0
64,33,37.62203598022461,90509,3,0.9796553797410572,2,0,0,0,0,0,0
58,29,43.709877014160156,91914,2,0.8118138682013663,1,0,1,0,0,0,0
62,35,71.865478515625,94179,2,2.2347720913785842,2,0,0,0,0,0,0
64,28,42.985801696777344,94939,3,0.21978685639419582,2,0,0,0,0,0,0
46,24,76.38710021972656,94623,1,0.22455853895055045,1,0,0,0,0,1,0
57,35,106.76722717285156,91377,4,2.472183009080897,1,0,1,0,0,0,0
59,31,82.70143127441406,91882,2,4.067772535636813,3,0,0,0,0,1,0
44,36,85.07051849365234,91900,2,1.4144583224470282,3,138,0,0,0,1,0
54,29,45.06788635253906,94682,1,0.2962044911994105,3,88,0,0,0,1,0
42,23,77.99064636230469,95298,1,1.6891563585657416,1,0,0,0,0,0,0
62,37,56.59784698486328,91988,3,2.3015928980934515,2,0,0,1,0,0,0
56,35,64.34036254882812,94216,3,1.9198211935150054,3,0,1,1,0,0,0
51,30,91.60781860351562,94493,1,0.7631916443342932,1,177,1,0,0,1,0
45,20,126.81340789794922,95784,3,1.6777154121166817,1,0,0,0,0,1,0
24,11,39.873207092285156,92942,1,1.3712234415375952,3,0,0,0,0,0,0
58,25,15.435392379760742,91694,4,0.3255788612934473,1,0,0,1,0,0,0
58,31,114.05030059814453,94777,4,1.1061065690077097,2,0,0,0,0,0,1
64,40,121.68132781982422,96081,1,1.8159178292607576,3,0,0,1,1,1,1
45,8,24.850492477416992,91765,4,1.1349292718198676,1,0,0,0,0,1,0
48,17,123.80096435546875,94343,2,0.6458790387336351,1,206,0,0,0,0,0
31,14,84.86302947998047,94541,1,2.618441838804225,1,253,0,0,0,0,0
55,37,40.578861236572266,94405,2,2.342992568371362,3,75,0,0,0,1,0
62,36,136.22390747070312,96103,2,1.7246280763277078,1,0,0,0,0,0,0
33,9,67.45012664794922,94352,3,0.7524121790760256,2,103,1,0,0,0,0
64,39,50.64685821533203,95367,4,1.523905779436296,1,0,1,0,0,0,0
40,14,46.95668411254883,92095,2,0.6455937280383037,2,0,0,0,0,0,0
36,17,114.5494155883789,92130,1,3.26570045880071,1,320,1,0,0,1,0
51,29,50.481136322021484,91326,1,2.064207685853417,3,0,0,0,0,1,0
44,13,101.28632354736328,90110,1,1.4313113931712718,2,115,1,0,0,1,0
29,5,44.75397872924805,94788,4,0.14145784252010865,1,0,0,0,0,1,0
47,20,74.41373443603516,93486,1,1.838841183119479,2,0,0,0,0,1,0
44,20,60.67580032348633,91887,4,0.06326466517088136,2,148,0,0,0,0,0
55,21,29.836524963378906,92099,1,0.33325864115683723,1,0,0,1,0,0,0
32,5,92.95552062988281,91835,4,0.5106840125632297,2,0,0,0,0,0,0
41,14,118.15599060058594,96013,3,8.809017672376672,1,0,1,0,0,0,0
48,22,135.3240203857422,90102,1,1.8503702742882366,1,0,0,0,0,0,0
60,37,64.52205657958984,94168,1,0.6439376855240972,1,421,0,0,0,0,0
58,24,75.42271423339844,91004,3,0.23571725481469885,3,278,0,0,0,0,0
51,23,178.56117248535156,91837,4,3.1559143389968365,3,0,1,0,1,1,1
42,21,29.198741912841797,93770,1,0.3493153708739949,3,0,0,0,0,0,0
63,34,82.93992614746094,95620,2,1.542455300043939,3,0,0,0,0,1,0
39,12,42.15981674194336,95417,4,0.3796772451444002,2,0,0,0,0,0,0
43,11,44.825138092041016,95806,3,2.9108371448122234,1,160,1,0,0,1,0
56,39,46.672908782958984,91812,4,0.26863723108610726,3,0,0,0,0,1,0
29,17,114.86127471923828,90241,1,2.3790467666239192,1,0,0,0,0,1,0
57,10,25.16693878173828,94894,3,0.40495963668233353,1,0,1,0,0,1,0
47,27,87.35372161865234,95674,3,2.2645282958088506,2,0,0,0,0,0,0
37,8,20.966617584228516,91331,4,0.4467924373141256,1,0,1,0,0,1,0
50,23,11.251764297485352,96097,3,0.9035672751643518,1,100,1,0,0,1,0
37,21,45.94132614135742,92907,2,1.1851639761024488,3,0,0,0,0,1,0
29,6,49.380699157714844,94139,3,1.4783887579199932,2,0,1,0,1,1,0
40,7,53.64349365234375,91545,1,1.257581856474775,3,0,0,0,0,1,0
29,9,60.552734375,92469,1,0.3153596619475349,1,100,0,0,0,1,0
42,24,60.973731994628906,93098,1,2.5216551513826357,3,0,1,1,1,0,0
62,13,32.33285140991211,93368,3,1.5557612301186892,2,0,0,0,0,1,0
61,37,102.43846893310547,91244,3,1.741577597560197,3,109,1,0,0,1,0
38,15,64.13008880615234,95229,2,5.282794082387436,1,0,1,0,1,1,0
44,21,27.247873306274414,89962,3,2.1089333841470452,2,0,1,0,1,1,0
57,37,25.96846580505371,95357,1,2.920374194835375,3,89,1,0,0,0,0
42,18,164.31838989257812,95570,2,0.28436301638659334,1,0,0,0,0,1,0
38,16,53.583248138427734,90607,3,0.8874602595517568,3,0,0,0,0,1,0
54,13,58.5091552734375,94126,4,0.9274714978279383,1,0,1,0,0,1,0
44,29,15.909351348876953,91489,1,1.2702565601163698,1,80,0,0,0,0,0
33,8,28.96293830871582,92021,4,2.117366621543944,2,0,0,0,0,1,0
28,5,60.06498718261719,93089,4,0.052880810114106724,2,0,0,0,0,0,0
59,32,189.24853515625,92816,3,6.423614008326675,3,0,1,0,1,1,1
40,22,67.47898864746094,94332,3,0.24549022291283387,1,0,0,0,0,1,0
56,28,83.78672790527344,91461,3,0.4178849906724657,1,133,0,0,0,1,0
52,20,53.20038986206055,90367,3,0.5429623832779917,2,0,0,1,0,0,0
62,38,84.23648071289062,94740,4,0.668962939121537,3,226,0,0,0,1,0
66,39,52.538692474365234,91517,2,0.5230175481215457,1,0,1,0,0,1,0
40,6,20.86124038696289,93078,4,0.9316925166355228,3,0,1,0,0,1,0
53,35,84.75904083251953,91915,1,1.802666257171771,1,0,0,0,0,0,0
35,8,80.83622741699219,92303,3,0.16155698529057058,3,0,0,0,0,0,1
59,29,39.91807174682617,92010,4,0.6075458411540897,1,132,0,0,0,0,0
66,33,44.83266830444336,94722,3,2.508727673426501,2,152,0,0,0,1,0
27,2,56.0750617980957,95080,2,0.21767354927814392,1,0,0,0,0,1,0
57,36,146.20335388183594,94411,2,2.8698682514627416,1,0,1,0,0,0,0
66,39,15.706724166870117,94010,4,0.5933930183609448,2,0,0,0,0,1,0
29,3,130.93223571777344,92922,1,2.2841027712124387,1,0,1,0,0,0,0
42,23,183.57557678222656,90130,3,3.946865838775383,1,0,0,0,0,1,0
53,25,36.87863540649414,93012,1,1.410517424182182,3,0,0,0,0,1,0
45,21,45.229766845703125,94043,4,1.4481866446086868,1,211,0,0,0,1,0
55,35,59.99174880981445,95616,1,0.6730189776551678,1,0,0,0,0,0,0
39,25,71.23534393310547,93161,1,0.5334972142318124,1,0,0,1,0,0,0
59,30,56.423919677734375,93713,4,1.4587116927478596,1,0,0,0,0,1,0
29,9,46.15804672241211,90006,4,0.6383977631625734,1,0,0,0,0,1,0
45,20,40.383052825927734,94931,1,1.3904764754182912,2,86,0,0,0,1,0
63,37,22.394397735595703,95512,1,1.1904116630733599,3,102,0,1,0,0,0
36,1,80.30085754394531,92880,4,1.7953670176532337,3,0,0,1,0,1,1
34,13,33.9351921081543,93333,4,1.9706367328032368,3,0,1,0,0,0,0
49,16,86.6998519897461,94616,1,1.0046194160062107,3,0,0,0,0,1,0
45,7,52.75069046020508,94133,1,1.1398948390428043,3,0,1,0,1,1,0
66,40,34.628662109375,92304,3,1.4610763366155457,3,163,0,0,0,1,0
47,18,34.073421478271484,91805,4,0.29955301287008856,1,218,0,0,0,0,0
26,5,38.28234100341797,94496,1,0.9030485936889395,1,157,0,0,0,0,0
41,3,141.62911987304688,92138,2,2.418859860788488,1,0,0,0,0,1,1
58,30,19.01107406616211,92715,4,0.6220729456481755,2,0,0,0,0,1,0
60,35,87.51708221435547,94135,4,2.2765967546971004,3,0,0,0,0,0,0
27,2,100.86555480957031,94611,2,2.386753687141443,1,0,0,0,0,0,0
39,16,138.85751342773438,95273,2,0.5616510760873838,2,0,0,0,0,1,0
30,0,39.631591796875,94019,1,0.8277925717933603,2,0,0,0,0,0,0
27,-1,50.63394546508789,92142,4,1.1285160832293406,3,0,0,1,0,0,0
57,40,71.70501708984375,90690,2,3.2195705117325497,3,0,0,0,0,0,0
28,11,36.85083770751953,95238,3,1.253211007065989,1,0,1,0,0,0,0
57,34,26.846088409423828,92848,1,0.29032940845682226,3,0,0,0,0,1,0
39,10,118.43415069580078,90967,1,2.654450450631733,1,0,0,1,0,1,0
66,40,90.49006652832031,92041,2,1.3701436554456086,3,0,0,0,0,0,0
31,8,141.9100341796875,91536,1,4.645245624261355,3,0,0,0,0,1,1
59,30,31.74985122680664,94007,4,1.1351399440973986,2,0,1,0,0,1,0
47,22,139.51429748535156,90448,4,6.03993773037115,2,0,1,0,0,0,1
46,21,84.72480010986328,92362,4,2.1538634589764603,2,98,0,0,0,1,0
43,20,36.817161560058594,92176,4,0.07495619262413541,1,0,0,0,0,0,0
45,21,196.51612854003906,95092,4,4.659180896797632,2,226,1,0,1,1,1
60,31,43.74428176879883,91398,2,1.3498116097996242,1,220,1,1,1,1,0
41,18,30.883602142333984,91770,3,0.4514045970180044,3,0,0,0,0,1,0
48,27,36.97700500488281,94334,4,0.07045315125931506,1,0,0,0,0,1,0
48,24,115.1862564086914,91604,2,1.438881310889413,1,0,1,0,0,0,0
45,23,200.393798828125,92421,2,5.452785419611096,1,0,0,0,0,0,0
28,5,59.55549240112305,92915,2,0.2905092992127676,1,0,0,0,0,1,0
57,34,140.92916870117188,94253,1,2.1965913837104125,1,0,0,0,0,0,0
46,19,63.85377502441406,94418,2,2.0976993662666388,3,0,1,0,0,1,0
51,22,61.276268005371094,92516,2,1.439901623695295,2,0,0,0,0,0,0
58,33,113.83988952636719,92319,2,2.032647480806169,3,0,0,0,0,1,1
64,30,41.41172790527344,94880,2,2.41876074870583,3,0,0,0,0,0,0
56,36,27.189685821533203,96001,3,2.0234036698437663,2,0,0,0,0,1,0
55,15,90.22901916503906,92576,1,0.29528081846022514,1,145,0,0,0,1,0
29,3,208.73146057128906,90108,2,6.80458444289707,1,0,0,0,0,0,0
57,32,48.23808670043945,94080,1,5.76330189816791,1,0,0,0,0,0,0
46,19,50.687625885009766,91502,3,2.1126175150615083,2,0,1,0,0,1,0
42,13,54.653385162353516,93038,1,1.8991623820022334,3,0,0,1,0,0,0
32,7,43.93693923950195,92249,4,1.7651479612371221,2,0,0,0,0,1,0
61,31,38.3489990234375,92884,4,1.0374067556590116,3,0,0,0,0,0,0
53,18,163.97738647460938,89844,1,2.7162412632643274,1,0,0,0,0,0,0
41,14,114.822021484375,90060,1,3.5757727418533896,1,0,0,0,0,1,0
61,37,96.15824127197266,91772,4,1.3677334511941108,2,0,0,1,0,0,0
45,22,95.31715393066406,91716,3,1.1212711328468892,2,0,1,0,0,0,0
36,20,44.1759033203125,91163,2,2.434315325415455,1,0,0,0,0,1,0
61,31,20.102731704711914,91963,2,2.4257868125842714,3,0,0,0,0,1,0
28,1,35.33192443847656,93429,4,0.3943370098920217,1,0,0,0,0,1,0
33,5,35.23973083496094,90571,4,0.45051375544182043,1,0,0,0,0,0,0
51,28,73.41144561767578,95405,2,0.04926351302357651,1,0,0,0,0,0,0
60,36,121.63648986816406,94048,2,2.653719513972252,1,229,0,0,0,0,0
56,27,73.49690246582031,92441,4,2.3418569415670136,2,0,0,0,0,1,0
56,37,18.464195251464844,90943,3,0.2770104965255525,2,0,1,0,0,1,0
55,23,63.82729721069336,95546,4,2.7148023826904173,1,0,1,0,0,0,0
58,28,34.83445739746094,91952,4,1.129648467558995,2,105,1,0,0,1,0
60,40,35.05077362060547,95141,1,1.636344741467717,3,228,0,0,0,1,0
38,7,43.30376434326172,95731,3,0.5162767811037801,3,0,0,0,0,0,0
42,13,34.080909729003906,95430,1,0.1441173156231859,3,0,0,0,0,0,0
33,8,34.55492401123047,94376,3,2.6307949446287604,2,0,0,0,0,0,0
30,20,95.28107452392578,92811,3,1.038470830412502,2,109,0,0,0,0,0
63,29,26.56996726989746,94053,4,0.4393098206822162,3,0,1,0,0,0,0
49,31,172.0613250732422,95816,2,3.302560336973454,1,0,1,0,0,0,0
38,5,169.27389526367188,91532,2,6.171354140371434,1,200,0,0,0,1,0
55,31,61.282718658447266,91637,1,1.3007008881187927,1,0,0,1,0,0,0
60,34,41.74467468261719,93942,1,2.38779115349906,1,0,0,0,0,0,0
57,27,32.09455871582031,95138,3,0.8475113089071419,3,0,1,0,0,1,0
50,34,40.74517059326172,95706,3,1.3514933724540317,2,0,1,0,0,1,0
42,30,41.971595764160156,95832,4,2.0298756706876477,2,0,0,0,0,1,0
35,12,57.71949768066406,90360,1,2.419836339598275,2,127,0,0,0,1,0
39,7,83.5450210571289,92722,4,1.9968046980867766,1,168,0,1,0,0,0
33,6,102.48130798339844,94415,2,0.7312075554482698,2,0,0,1,0,1,0
55,32,53.026702880859375,95933,4,2.583962774188314,1,0,1,0,0,1,0
37,19,142.76515197753906,95468,3,2.2043554154786458,1,0,0,0,0,0,1
30,1,67.12380981445312,94643,4,0.872139710559558,1,0,0,1,0,0,0
29,5,116.80413818359375,94142,2,0.6381256535349606,1,0,0,0,0,1,0
40,26,42.90846252441406,93684,3,0.8647912655791445,2,0,0,0,0,0,0
48,21,148.93133544921875,90323,1,1.5750607173456532,3,0,0,0,1,0,1
51,13,114.69940185546875,91619,3,1.8576801021509848,2,91,0,0,0,0,0
59,30,129.63909912109375,91338,2,2.399371082525203,2,0,0,0,0,1,0
53,25,58.549896240234375,90397,1,1.8233165963051225,2,0,0,0,0,1,0
36,9,146.722412109375,91841,1,2.70956189572661,1,116,0,0,0,1,0
65,40,87.5604248046875,91859,3,1.7816783505675453,3,0,0,0,0,0,0
57,29,129.89471435546875,94957,1,3.865829925081559,2,0,0,1,0,1,1
36,3,19.742332458496094,92759,4,0.5321416985637468,1,0,1,0,0,1,0
61,32,66.8965835571289,96089,1,1.9833575966115313,1,0,0,0,0,1,0
53,29,33.988128662109375,93228,4,0.7623087157106914,3,0,0,0,0,1,0
53,16,108.1274185180664,91953,1,2.700068823115914,1,0,0,0,0,1,0
24,2,33.672569274902344,92981,3,1.1077398079403138,3,118,1,0,0,1,0
30,5,69.2662353515625,93207,4,0.7718293335914533,3,74,0,0,0,1,0
25,2,51.698219299316406,94431,2,0.7161781398504469,3,101,0,0,0,0,0
44,19,27.541213989257812,90001,2,0.8311674706578948,1,0,0,0,0,0,0
41,12,67.98477172851562,95866,2,0.634581921199197,1,485,0,0,0,0,0
56,38,85.00659942626953,91236,4,4.147210578585905,1,246,0,0,0,1,0
31,6,50.385047912597656,91286,3,0.5402306004232356,1,230,0,0,0,1,0
34,12,81.7358627319336,95588,2,0.6853522375153942,1,0,0,0,0,1,0
30,2,49.38728713989258,91764,2,2.861557170639295,2,0,0,0,0,1,0
44,22,104.49409484863281,90421,3,2.4056448504203436,2,0,0,0,0,0,1
64,41,149.3759002685547,92580,3,4.11247652051292,2,0,0,0,0,0,1
49,22,56.93632125854492,92303,4,1.8272018866458182,1,0,0,0,0,1,0
61,32,18.598527908325195,93728,2,0.7105647734534399,3,0,0,0,0,1,0
40,35,95.17230987548828,95279,2,2.981753119185756,2,0,0,1,1,1,1
62,38,69.6629638671875,89951,3,1.2407580409061207,3,154,0,0,0,1,0
63,37,51.09878921508789,94771,3,1.6811044418111303,2,0,1,0,0,0,0
36,4,22.310462951660156,92157,3,0.49605155097630266,2,0,0,0,0,0,0
42,25,176.742919921875,95834,2,2.074310660058437,1,0,0,0,0,1,0
38,6,93.51383972167969,92078,2,0.5357183497525045,2,0,0,1,0,0,0
36,12,169.09576416015625,92974,2,1.3095647057502098,1,132,1,0,0,1,0
28,3,61.01921081542969,94130,1,2.0158347633261364,2,105,0,0,0,1,0
37,17,59.69502258300781,94910,1,2.994246057718489,1,0,0,1,1,1,0
59,35,114.07039642333984,95194,1,2.217969319329891,1,0,0,1,0,0,0
29,3,46.500160217285156,91918,3,1.918158139592766,2,0,0,0,0,0,0
24,-2,80.40868377685547,92962,2,2.0034713340970414,3,208,0,0,0,1,0
53,12,19.3934326171875,92443,2,0.06452336400005104,2,0,0,0,0,0,0
37,21,70.04264831542969,94544,2,0.2230773135349157,3,123,0,0,0,0,0
57,27,63.45539093017578,90191,3,2.381855864817234,1,0,1,0,0,0,0
29,6,20.694944381713867,91908,4,0.3100593437689859,2,0,0,0,0,0,0
60,33,46.94925308227539,93399,3,0.09575283100709828,2,0,0,0,0,0,0
41,11,40.64262390136719,95121,3,0.4460226601852161,1,0,0,0,0,1,0
45,24,143.01470947265625,95536,1,2.5981166331557985,1,207,0,0,0,1,0
42,15,103.58175659179688,93438,1,1.307116301279792,2,0,1,1,1,1,1
31,5,55.398895263671875,94060,4,2.036071617794865,2,0,0,0,0,0,0
60,27,36.23846435546875,90656,4,1.619941448397638,1,173,1,0,0,0,0
53,20,121.50013732910156,90262,2,2.9451081517219277,1,0,0,1,0,0,0
66,34,16.001907348632812,94168,4,2.6433358038840127,3,0,0,0,0,1,0
63,36,24.81707763671875,92639,2,0.2542638081903814,1,0,0,1,0,1,0
48,20,115.63789367675781,95543,2,1.67539854545521,1,0,0,0,0,1,0
42,9,140.77467346191406,91651,2,5.857475205674501,1,0,0,1,0,1,0
44,24,175.1492462158203,94382,1,5.2326916727616615,2,0,0,0,0,1,1
61,40,77.87647247314453,96239,2,1.696899929793125,1,0,0,0,0,0,0
49,14,176.05747985839844,90032,1,5.504723506724467,1,0,0,1,0,0,0
61,35,48.07468795776367,95551,3,0.9832842169109595,2,0,0,0,0,1,0
33,8,78.223388671875,91513,3,0.582054851792124,1,0,0,0,0,1,0
29,6,59.7740592956543,93576,3,1.3711890639243798,2,0,0,0,0,1,0
26,4,50.61117172241211,94465,2,0.482507234542766,2,0,0,0,0,0,0
40,15,21.498294830322266,91719,3,2.580821979796043,1,0,1,0,0,0,0
34,4,156.51246643066406,92425,2,3.1931419880629752,1,0,0,0,0,0,0
40,10,20.917688369750977,95225,1,1.0542041140972993,2,0,0,0,0,0,0
51,26,23.157276153564453,92800,4,2.576486422802081,3,0,1,0,0,1,0
58,36,37.74409484863281,94080,1,1.940067638593379,2,0,1,0,0,0,0
45,28,39.55574035644531,91680,2,0.4322254991220504,3,138,1,0,1,1,0
33,1,54.19926452636719,95900,1,0.6309855941333156,3,118,0,0,0,0,0
50,17,154.833251953125,95059,1,2.343284204090991,1,0,1,1,1,1,0
28,6,126.57389831542969,91368,1,2.900407948601864,1,0,1,0,0,0,0
63,37,31.41708755493164,91014,4,0.6963617761259259,3,0,1,0,0,0,0
57,19,78.73295593261719,94833,1,2.1363593317842433,2,0,0,1,0,1,0
43,12,156.20077514648438,95220,2,6.567754132572944,1,0,1,0,0,1,0
60,32,89.2921371459961,92872,3,0.1845244812436167,1,0,0,1,0,1,0
60,36,73.6076889038086,94512,1,0.8335907476376931,1,0,1,0,0,0,0
59,33,50.37561798095703,94765,2,1.8720447116706163,3,0,1,0,1,1,0
41,23,47.33753967285156,94750,1,0.8589324195655362,3,0,0,0,0,1,0
65,35,42.1374626159668,96005,3,1.1941099098520354,2,133,0,0,0,0,0
31,5,25.141008377075195,92484,2,0.964998367033313,3,100,1,0,0,0,0
54,21,46.398929595947266,92140,4,1.330692609372619,3,194,0,0,0,1,0
48,31,101.82560729980469,94970,3,0.064677917284545,3,0,0,0,0,0,0
49,11,11.764019012451172,89997,1,1.0084549548007866,2,76,1,1,0,1,0
38,12,28.56159210205078,94671,4,0.22230799219450798,1,113,0,0,0,1,0
26,1,97.22937774658203,90016,3,1.7077543149923953,3,0,1,0,0,0,0
48,25,96.51611328125,95179,3,0.15419793762142986,3,0,0,0,0,1,0
47,12,79.58367919921875,91123,3,3.3101289594117236,1,0,0,0,0,0,0
51,21,203.12152099609375,90427,1,5.322928391479099,1,0,1,0,0,0,0
41,16,46.30279541015625,93034,1,1.587381822517756,3,0,0,0,0,0,0
63,36,33.94010925292969,92827,3,0.5216979986262138,3,0,0,0,0,1,0
59,13,51.010765075683594,93327,3,0.09876259536528934,1,0,0,0,0,1,0
45,20,104.07737731933594,91080,1,2.889153433451456,1,0,1,1,1,1,0
26,0,116.08245086669922,92031,4,1.4599985737642873,3,389,0,0,0,1,0
63,40,104.10073852539062,93428,4,2.2180852685084287,2,0,0,0,0,0,0
32,11,56.87030792236328,90040,2,0.38690704480730065,3,0,0,0,0,0,0
55,35,16.823230743408203,90125,4,2.275844800378238,3,0,0,1,0,1,0
33,19,41.66796875,95657,1,0.5348219134380969,3,105,0,0,0,0,0
61,35,39.082847595214844,92726,4,0.08473544554767856,3,0,0,0,0,1,0
45,21,66.40220642089844,94695,1,1.309016657295601,2,0,0,0,0,1,0
43,25,59.396202087402344,92741,1,2.8483632124075755,3,108,0,0,0,0,0
51,26,71.8253173828125,92219,2,1.158006240608752,3,0,0,1,0,0,0
39,12,60.940940856933594,89790,3,1.2229430114329551,2,203,0,1,0,1,0
23,-2,31.223176956176758,94062,2,1.1755932481518174,2,0,0,0,0,1,0
39,21,156.6651611328125,94973,1,5.974755543325352,1,0,0,0,0,0,0
62,36,63.27864074707031,95526,2,1.3186924938509905,2,0,1,0,0,0,0
31,3,77.13407135009766,94574,2,3.965691085104627,3,0,0,0,0,0,0
48,27,134.02880859375,92923,1,1.966773791752138,3,0,0,0,0,1,0
44,13,38.2296142578125,94200,4,1.367644878211109,2,178,0,0,0,0,0
62,38,49.88437271118164,90304,4,0.3334273752847909,1,0,1,0,0,0,0
54,30,52.32048034667969,91834,2,2.569444964613043,2,0,1,0,0,1,0
57,29,173.94349670410156,94801,1,3.119106010207158,1,0,0,0,0,0,0
46,18,54.48257064819336,91675,1,0.9455016925864648,2,166,1,0,0,1,0
52,28,61.11119079589844,94957,4,2.038094587756573,2,0,0,0,0,1,0
36,11,133.13671875,92537,2,1.9629165207707353,1,197,1,0,1,1,0
44,22,43.75,94613,3,0.07783319733675087,1,0,0,0,0,0,0
58,24,64.50811767578125,90177,2,1.9252622078414026,3,0,0,0,0,0,0
34,8,179.82684326171875,95611,1,2.9577045818429415,1,0,1,0,0,1,0
55,26,59.836158752441406,94716,3,1.8407598648302121,2,125,1,0,0,0,0
46,32,28.363651275634766,94720,3,0.6346103768340574,1,144,1,0,0,1,0
55,27,15.55376148223877,92487,2,0.3695627303224358,3,107,1,1,1,1,0
43,25,54.01654815673828,94774,1,1.2153066660842118,3,229,0,0,0,1,0
64,37,27.351932525634766,94870,4,0.21768429480820523,3,0,0,0,0,0,0
56,19,46.62213134765625,95076,3,0.9792586038398051,3,0,0,0,0,1,0
62,35,55.490028381347656,94337,2,0.5776193768549194,3,100,1,0,0,0,0
43,16,36.002159118652344,94419,3,0.7557199370877974,2,0,0,0,0,0,0
61,41,59.1778678894043,90098,1,0.8954979286960512,1,0,1,0,0,0,0
59,37,60.297828674316406,90924,4,5.500289498431527,2,0,0,0,0,0,1
32,8,100.03785705566406,94608,1,1.0567797890877622,1,0,0,1,0,1,0
65,38,33.99531555175781,93850,2,0.1723527393081439,3,99,0,0,0,1,0
48,10,65.62928771972656,90229,4,1.2697211834811084,2,0,1,0,0,1,0
30,10,79.24143981933594,92218,3,2.5315001378302497,1,0,0,0,0,0,0
58,25,46.664119720458984,94766,3,0.7575564099097172,1,0,0,1,0,0,0
66,41,77.8501205444336,93055,4,0.9527246463117534,3,0,1,0,0,1,0
35,19,39.806739807128906,95049,3,0.246932337142599,2,191,0,0,0,1,0
53,20,44.171714782714844,91962,3,1.5650081771070643,1,147,0,0,0,1,0
44,18,97.30647277832031,94445,1,0.5868239365692502,1,0,1,0,0,0,0
49,16,44.93305206298828,94132,3,0.9242784512624102,2,96,0,0,0,1,0
54,32,205.20599365234375,94325,1,7.458163726490524,1,0,1,0,0,1,0
64,38,79.97349548339844,94593,3,1.9210166617904654,1,0,1,1,0,1,0
35,7,17.18389892578125,94828,4,0.958511952491512,3,0,0,0,0,0,0
44,30,95.67513275146484,95769,2,4.897315782798982,2,376,1,0,0,0,1
28,9,34.49346160888672,91467,1,1.9965811090110572,2,0,0,0,0,1,0
66,37,120.698486328125,91546,2,2.316926161709139,3,0,0,0,0,0,1
55,28,49.664268493652344,94280,3,1.4493398970211633,1,0,1,0,0,1,0
58,31,58.030155181884766,94868,2,1.4070408416437592,3,0,1,0,0,0,0
41,15,70.55418395996094,92759,2,0.14136827038649455,1,0,0,0,0,0,0
41,14,46.70071792602539,93636,1,0.5727085377553843,3,343,0,0,0,0,0
31,8,74.12442016601562,91649,4,1.1140268320895235,3,0,0,0,0,1,0
29,6,97.6021957397461,91456,2,2.5690632256103996,2,138,0,0,0,1,0
41,16,87.5173110961914,92893,2,0.4798383558233935,2,242,1,0,0,1,0
34,9,42.559566497802734,95159,3,1.241762561849656,2,0,1,0,0,1,0
61,39,27.119945526123047,95754,3,0.7340393730606282,1,137,1,0,0,1,0
28,3,152.1642608642578,90711,2,1.3613758793030921,1,0,1,0,0,1,0
54,34,109.29154968261719,89938,4,0.9802887715450421,1,0,0,0,0,1,0
36,12,135.92018127441406,92731,3,1.5675550625099963,3,377,0,0,0,1,1
41,17,126.59798431396484,94931,1,4.318504513952129,2,0,0,1,1,1,1
25,1,74.5859375,93316,1,0.36854887078192916,2,0,0,0,0,1,0
53,35,17.014495849609375,92905,3,0.9036712911963454,2,0,1,0,0,1,0
32,18,69.02191162109375,89839,1,1.365704065808616,3,198,0,1,0,0,0
30,3,26.394601821899414,90461,4,2.3038421209359177,2,118,1,0,0,0,0
49,28,160.45213317871094,93096,2,3.396920994003632,2,0,0,0,0,1,1
45,21,31.408842086791992,92922,4,1.6920907107792666,1,0,0,0,0,0,0
42,19,108.28541564941406,92787,1,0.2958328143043364,3,0,0,0,0,0,0
41,22,71.85131072998047,91666,2,0.5162449309086491,3,246,0,0,0,1,0
38,9,31.265592575073242,90527,4,1.7580195413972168,1,0,0,0,0,0,0
40,13,54.35450744628906,94363,2,1.5860366796618326,3,103,0,0,0,0,0
64,39,49.4022331237793,89856,1,2.043406906845122,2,0,0,0,0,1,0
56,30,50.76985168457031,94249,2,0.5234714132615655,1,0,1,0,0,1,0
35,11,161.4309844970703,93824,2,3.9692437544365706,1,0,0,0,0,1,0
33,10,62.957523345947266,94362,1,1.1262591457075946,2,0,1,0,0,1,0
44,18,33.41477584838867,93181,4,0.5546038600932082,1,123,0,0,0,1,0
57,31,50.50336456298828,95640,2,2.696767695528149,3,0,1,1,1,1,0
30,7,65.80325317382812,95115,4,1.7047393405223559,1,0,1,0,0,0,0
42,19,200.59706115722656,91630,1,3.6610242973066645,2,0,0,0,0,0,1
61,33,134.7587127685547,91491,1,1.9133123793027764,2,0,0,0,0,0,0
30,4,30.26759910583496,90144,2,1.949966632829464,1,0,1,0,0,0,0
64,39,81.84608459472656,95022,1,1.7950959522902807,3,0,1,0,1,1,0
44,18,70.63153076171875,94641,3,4.7180553797801155,1,0,0,1,1,1,0
58,36,28.35901641845703,90058,2,1.085927306575222,1,0,0,0,0,0,0
47,34,147.307373046875,95315,2,6.133241729685981,3,0,0,0,0,0,1
52,17,61.45583724975586,90287,3,0.4322328330485608,2,120,0,0,0,1,0
58,36,86.4437484741211,95028,4,1.4076248643540494,3,0,0,1,1,1,0
24,-1,67.72366333007812,95735,4,1.3997076486224684,3,194,0,0,0,0,0
66,37,72.77555847167969,92193,4,1.0347259367155113,3,0,0,0,0,0,0
49,25,146.63088989257812,92076,2,6.873724261113626,1,0,1,0,0,0,0
29,1,35.56526184082031,94476,2,1.7654215800914563,1,78,0,0,0,1,0
33,7,49.59247589111328,94975,3,2.100197361756746,2,0,0,0,0,1,0
28,3,32.579471588134766,95475,4,0.5301559017595558,2,0,0,0,0,0,0
54,21,59.104068756103516,91863,4,1.542744748359513,1,0,0,0,0,0,0
60,38,21.05634117126465,94407,2,0.6692539493254709,2,0,0,0,0,1,0
64,40,74.13545989990234,90360,3,0.1798647945411156,2,0,1,0,0,0,0
57,23,55.43212890625,92726,1,1.9419984846619134,3,0,0,1,0,1,0
53,31,38.34333038330078,93013,4,0.13831581045552654,1,110,0,0,0,0,0
43,15,108.42693328857422,90485,2,2.6154745477578367,1,0,1,0,0,0,0
32,6,26.48388671875,93482,1,0.16439499049128464,3,103,0,0,0,1,0
60,37,68.20917510986328,94485,2,0.9476380623649583,3,102,1,0,0,0,0
57,37,43.11464309692383,94095,3,1.6993951140580748,3,100,0,0,0,0,0
32,7,155.93812561035156,93920,1,3.531701758220537,1,180,0,0,0,0,0
63,37,160.1085662841797,92825,3,3.3432352698075727,1,215,1,0,1,1,1
29,9,99.73110961914062,92163,3,1.8570830587989824,2,0,0,0,0,0,0
34,13,72.6958236694336,94445,4,2.44086104954189,1,0,0,0,0,1,0
65,36,46.17477035522461,95531,1,0.7002473532533786,3,104,0,0,0,1,0
44,27,70.58866119384766,90132,4,4.3809735171699264,3,0,0,0,0,1,0
32,8,69.71556854248047,92669,2,1.7440447520337683,2,0,1,0,0,1,0
43,24,35.955474853515625,92105,1,0.41840298793498354,3,205,0,0,0,1,0
46,16,57.93376922607422,94204,4,2.530338351099558,3,0,0,0,0,0,0
43,17,51.17222213745117,91726,3,0.15646211920462796,2,131,1,0,0,1,0
42,25,92.40052032470703,89912,3,1.2551139024385338,1,0,1,0,0,0,0
34,11,98.56056213378906,94210,2,0.6563533420987925,1,0,1,0,0,1,0
60,34,80.61502838134766,95709,4,1.4035914465378667,2,0,0,0,0,1,0
28,4,158.76171875,92486,2,1.613247500246371,1,0,0,0,0,0,0
56,24,70.32865142822266,91684,1,1.4859987408002142,3,0,0,0,0,0,0
56,21,39.90453338623047,94445,3,0.11238788840837691,2,157,0,0,0,0,0
40,12,178.08607482910156,92149,3,3.446315320860902,1,329,0,1,0,0,0
30,5,19.496898651123047,94137,3,0.15924407832551923,2,0,0,0,0,0,0
31,1,90.06239318847656,94527,2,0.5526713704577101,1,512,0,0,0,1,0
38,22,95.40484619140625,94440,2,1.0893085190995146,1,153,1,0,1,1,0
34,11,120.71285247802734,92818,1,4.736611704465947,1,0,0,0,0,1,0
55,37,100.93328857421875,95693,2,2.857470952504255,3,0,1,0,0,0,0
39,21,169.14910888671875,91273,1,2.085246326152366,1,0,0,0,0,1,0
31,4,121.92342376708984,95147,4,2.008880813734094,2,108,0,0,0,1,0
48,17,44.339393615722656,93122,4,0.8545832597048403,3,0,0,0,0,1,0
60,36,72.57684326171875,94949,1,0.2698558067572723,1,0,0,0,0,0,0
31,8,95.28499603271484,94673,2,1.9155027235606343,2,0,0,0,0,1,0
40,11,109.27238464355469,96305,3,0.3751150818652468,3,0,1,0,0,1,0
62,33,93.90328979492188,93095,4,0.37262007458524987,3,399,0,0,0,0,0
63,31,169.837646484375,95587,1,9.763508751725691,2,481,0,0,1,1,0
58,32,42.55812072753906,90168,3,0.4961052573714704,3,0,1,1,1,1,0
42,16,90.5501937866211,91127,2,1.7386826179611314,1,0,1,0,0,1,0
62,28,40.90945053100586,94519,2,1.4958059880898318,3,0,0,0,0,0,0
24,0,32.74917221069336,90231,1,0.46933242406426356,2,0,0,0,0,0,0
41,13,87.35955810546875,94656,1,0.5976874304602404,1,0,1,0,0,0,0
56,28,24.975627899169922,92406,2,2.244344587989965,3,0,0,0,0,1,0
57,32,10.374186515808105,95815,3,0.7883842321118356,1,0,1,0,0,0,0
48,28,67.86370849609375,91874,2,3.0234399396831764,2,0,0,0,0,1,0
64,39,99.40377044677734,92557,1,0.04080728883583673,3,0,0,1,0,1,0
43,15,92.13611602783203,95527,3,0.3001362262088955,3,274,0,0,0,1,0
43,23,101.54367065429688,91917,1,6.782384730305808,2,0,0,0,0,0,0
63,41,85.64342498779297,92665,4,0.5894549303196774,1,0,0,0,0,0,0
27,-1,29.308202743530273,91855,2,1.100184187308512,1,0,0,0,0,0,0
42,16,65.37715148925781,92698,2,2.4308196892298666,3,0,0,0,0,0,0
27,0,38.39421463012695,90226,4,0.46029884782464126,3,0,0,0,0,1,0
40,24,81.40792846679688,92154,2,2.3510440541906257,2,111,1,0,0,1,0
53,32,44.3665885925293,94793,1,0.2189656569371406,2,0,1,0,0,0,0
52,33,100.04672241210938,92322,2,3.0150130905004144,1,0,0,1,0,1,0
58,37,91.5816421508789,91520,4,1.6319801990747822,3,114,1,0,0,0,0
60,30,17.010169982910156,92315,2,0.2950638478920428,2,0,1,0,0,0,0
27,2,44.571739196777344,92186,4,2.1729372897358736,2,0,1,0,0,0,0
60,36,23.787546157836914,92301,1,0.7532555439550924,3,0,0,0,0,0,0
65,39,48.616817474365234,91509,4,1.6286583312934353,1,126,1,0,0,1,0
31,9,21.158443450927734,93079,4,0.15796287249520297,3,0,0,0,0,1,0
28,3,75.24356079101562,92988,2,0.5424111234533164,2,168,0,0,0,0,0
59,33,31.07927131652832,94674,2,0.787947006986619,3,105,1,0,0,1,0
33,4,61.14980697631836,94768,2,1.2043064311349359,3,0,1,0,0,0,0
28,2,60.35105895996094,95663,1,0.3067381613317608,2,0,0,0,0,0,0
57,27,73.67147064208984,92838,4,0.635595323164408,3,0,1,0,0,0,1
35,11,78.05224609375,94167,1,0.8736881723148819,3,144,0,0,0,1,0
54,36,73.94403076171875,93062,2,2.9831771809828336,2,0,1,0,0,0,0
40,9,82.71057891845703,95951,1,2.040105204017591,1,0,0,0,0,1,0
39,13,113.9377670288086,92525,1,2.657078956062949,1,136,0,0,0,1,0
41,19,54.96108627319336,94229,4,3.156848347386413,2,0,0,0,0,1,0
62,39,44.73104476928711,95947,4,1.0238801674534557,3,155,0,0,0,0,0
29,5,91.82804107666016,91719,2,0.9003350985037889,1,0,0,0,0,1,0
49,13,109.96392059326172,93123,2,3.60618756556009,1,0,1,0,0,0,0
28,1,61.09955596923828,92578,2,2.4923940390542936,2,0,1,0,0,0,0
29,6,179.14822387695312,93100,1,1.6251320225299608,1,508,0,0,0,0,0
28,6,117.05020904541016,90925,4,1.4046945873222132,1,0,0,0,0,0,0
49,16,108.10324096679688,91020,2,1.314591085155019,1,0,0,0,0,0,0
57,36,44.044822692871094,92275,1,0.20654423447014014,3,0,0,0,0,0,0
39,7,130.4745330810547,94793,4,3.3770533195508934,1,0,0,0,0,0,0
50,24,100.13005828857422,94301,4,0.19722233084333377,1,0,0,0,0,0,0
41,15,31.89955711364746,95958,1,0.26011199780182526,2,0,0,0,0,1,0
53,32,62.67051696777344,95790,4,1.2132931668851774,2,0,1,0,0,0,0
52,33,31.8752498626709,91997,4,1.4306666038359055,1,0,0,0,0,0,0
32,3,73.06233215332031,94590,4,3.7240419840850114,2,445,0,0,0,0,0
29,6,11.709385871887207,92572,4,1.5362284894518528,2,0,0,0,0,1,0
39,3,150.7071533203125,90573,3,3.701432157359167,1,0,0,0,0,0,1
44,24,83.88932800292969,94146,4,0.07506698229528877,1,0,0,0,0,1,0
54,20,125.09302520751953,91734,1,3.707412784535222,1,0,0,0,0,0,0
37,19,61.2466926574707,92934,2,0.9224465671634036,3,0,1,0,0,0,0
30,2,58.46925735473633,95019,3,1.2663039509006118,2,0,0,0,0,0,0
37,19,77.55463409423828,95028,1,1.498477040525618,3,0,0,0,0,1,0
54,24,14.109397888183594,93995,2,0.41765258523992616,3,55,1,0,0,1,0
32,18,68.64640808105469,90152,2,1.3945197346770295,3,0,0,0,0,1,0
29,2,127.52886962890625,92139,1,1.2531600014170072,1,238,0,0,0,1,0
46,24,37.4164924621582,94423,3,0.40329264961253786,1,271,1,0,0,1,0
34,14,30.532995223999023,91398,3,0.1938218459872285,1,0,0,0,0,1,0
59,37,82.62162780761719,91294,3,4.817982937349425,1,0,0,0,0,1,0
63,37,77.22134399414062,93687,4,1.0983855326919483,2,224,0,1,0,0,0
40,20,91.38755798339844,95989,2,1.5273026257714293,2,0,1,0,0,1,0
64,34,60.78810119628906,94132,2,1.1757803854300604,1,0,0,0,0,0,0
38,27,19.275344848632812,90225,4,0.21749021751041303,1,103,0,0,0,1,0
26,-1,55.658241271972656,92071,2,0.648239452503979,1,0,0,1,0,1,0
38,12,152.33900451660156,91515,2,4.843011467398623,2,306,0,0,0,1,1
65,39,50.251930236816406,90487,2,0.29546300200294456,1,0,0,0,0,0,0
36,22,31.0158634185791,96082,1,0.5726893795119896,2,0,0,0,0,1,0
55,33,96.87413024902344,90229,4,2.5169440433489365,1,101,0,0,0,0,0
31,14,73.1843490600586,95581,2,1.5511456102006025,1,0,0,0,0,1,0
59,35,41.48630905151367,92443,2,0.3464210395584321,2,0,0,0,0,0,0
44,21,149.10133361816406,91859,2,2.2255943596591408,1,0,0,1,0,0,0
51,20,45.81064987182617,92667,3,0.27093145385373685,2,0,0,0,0,1,0
64,40,68.50218963623047,93560,4,2.234814557224705,1,0,0,0,0,1,0
43,15,114.9940414428711,91524,2,2.9358062922854007,3,0,0,0,0,1,0
60,38,70.77447509765625,91683,2,1.499240988748579,3,236,1,0,0,0,0
52,31,143.5044708251953,90444,2,3.302890334587474,2,0,0,0,0,0,1
31,6,192.4529266357422,92089,2,2.1652365347859206,1,0,0,0,0,1,0
29,14,71.41464233398438,94427,2,0.11974334049663599,1,0,0,0,0,0,0
41,20,106.03634643554688,95483,3,4.820669854012446,1,0,1,0,0,0,1
28,10,104.60994720458984,92136,1,1.4562581761578044,3,0,1,0,1,1,0
50,20,32.173561096191406,94627,3,0.2824965080462799,1,0,0,0,0,1,0
53,15,121.41085815429688,95284,2,4.408211322418958,1,0,1,0,0,1,0
42,13,106.1415786743164,94961,2,2.5609580848379836,3,398,0,0,0,0,0
62,36,98.14102935791016,92483,1,2.0014087808193732,1,0,0,0,0,0,0
44,26,59.695613861083984,94947,3,1.8369369631056518,2,163,1,0,0,0,0
43,28,49.69493103027344,90179,4,0.6822401644286018,1,0,1,0,0,0,0
53,32,54.80409622192383,94452,1,2.1781662293701483,1,81,0,0,0,1,0
58,39,42.218017578125,94724,3,0.8326903130530882,2,0,0,0,0,0,0
46,14,37.245628356933594,94683,4,2.501970055183527,2,0,0,0,0,1,0
46,18,73.47954559326172,90069,1,2.6142509201387307,1,261,1,0,0,0,0
44,25,132.19052124023438,95956,2,2.2408306968643252,1,0,0,0,0,0,0
54,27,57.670387268066406,91962,1,3.6420734532250005,3,144,0,0,0,0,0
59,32,25.026681900024414,94815,2,0.2541908289803496,2,103,0,0,0,1,0
60,39,106.5564956665039,91158,2,0.19466735639199215,1,0,0,0,0,0,0
31,5,130.66647338867188,91978,3,2.1333503706129324,1,0,0,0,0,1,0
50,17,189.2936248779297,95441,2,3.0219491609882647,1,532,1,0,1,1,0
47,24,38.555843353271484,92386,4,1.807503182562812,2,92,0,0,0,0,0
60,33,55.866024017333984,94221,3,2.26822892406111,1,0,1,0,0,0,0
41,21,54.9464225769043,91876,2,1.4598078895701994,3,0,0,0,0,1,0
46,19,104.56240844726562,91840,4,1.3107207255545827,2,274,0,0,0,1,0
61,24,44.054649353027344,95732,4,1.3629690939527783,2,0,0,0,0,1,0
44,19,62.764339447021484,95271,1,0.550287236673624,3,374,0,0,0,1,0
30,4,171.00823974609375,94140,2,3.6844046714029215,1,0,1,0,0,0,0
57,27,49.298702239990234,92110,1,0.8946349088939364,2,0,0,0,0,1,0
30,3,54.51002502441406,92523,1,0.5048380768795392,1,0,0,0,0,1,0
39,23,88.67201232910156,95590,2,0.4180620615721292,1,0,1,0,0,0,0
27,6,91.51192474365234,94318,2,0.9937885330772356,3,256,1,0,0,1,0
49,19,123.85755157470703,92896,2,0.3102302261888965,1,0,1,0,0,1,0
30,3,63.58531951904297,92253,4,0.25185229633402195,1,0,0,0,0,1,0
47,17,115.7864990234375,96292,2,2.2862501165742466,1,0,1,0,0,0,0
48,23,123.17736053466797,92219,2,2.1614068602495413,1,0,0,0,0,0,0
55,38,26.251319885253906,93323,4,0.2955594549262588,3,0,0,0,0,1,0
49,26,67.59934997558594,93047,1,3.8425346858532734,1,388,0,0,0,0,0
37,17,156.09616088867188,92171,2,1.6956319479682551,1,325,0,0,0,1,0
42,19,46.03708267211914,95584,1,0.09526908678106544,2,0,0,0,0,1,0
26,-3,46.10612106323242,94122,3,1.691836652003873,3,0,0,0,0,0,0
31,9,35.568138122558594,95669,4,1.2902722285323307,1,171,0,0,0,0,0
42,18,24.880176544189453,93082,3,0.13659932599597518,1,0,0,0,0,0,0
49,22,49.35002517700195,92182,2,1.7737150186854098,2,203,1,0,0,0,0
39,13,80.29252624511719,92172,4,0.8009954373598935,2,110,0,0,0,0,0
40,16,172.69802856445312,95432,1,3.1356353549808076,1,0,0,0,0,1,0
41,23,79.72236633300781,91333,1,0.8865861602820924,3,0,1,1,1,0,0
41,14,58.72788619995117,91211,3,0.7842125401763947,3,0,0,0,0,1,0
54,27,24.291406631469727,91984,2,1.2021753841474054,3,0,0,0,0,1,0
41,15,78.94910430908203,95555,3,3.2133127894442555,1,0,1,0,0,0,0
45,26,31.905292510986328,91810,2,0.24870212697258434,3,0,0,0,0,0,0
57,30,15.535524368286133,96073,4,0.33908433908253705,3,0,1,0,0,0,0
29,9,59.80191421508789,89701,2,0.36146269115023744,1,90,0,0,0,0,0
33,8,77.90840148925781,94915,4,0.9741990667351602,2,162,0,0,0,1,0
42,15,97.2688217163086,94573,3,2.078218066210896,2,0,0,0,0,1,0
48,22,126.47099304199219,95559,1,2.6601215092523574,1,265,0,0,0,1,0
33,8,71.00714111328125,93201,4,2.3352889807793367,3,0,0,1,0,1,0
58,39,57.43156433105469,94355,2,0.43060067544122255,1,0,1,0,1,1,0
26,9,66.7215347290039,96496,2,3.244465973178348,2,0,0,0,0,1,0
31,7,44.08900451660156,96102,2,0.46086268009476306,1,0,0,0,0,1,0
40,13,164.4442138671875,90043,2,5.497133028968566,1,0,1,0,0,1,0
40,12,82.45536041259766,93992,1,3.5772631942466195,3,0,0,1,0,1,0
54,30,52.098052978515625,95524,3,1.6711648517851898,1,0,0,0,0,0,0
66,39,30.898319244384766,92328,1,2.3455638238802474,2,0,1,0,0,1,0
29,0,72.8252944946289,92197,3,0.1733329270230093,2,0,0,0,0,1,0
59,26,95.49626922607422,94839,1,0.044349901236219624,1,0,0,0,0,0,0
42,15,48.249351501464844,91922,1,2.3338697593335285,1,0,1,1,1,1,0
51,21,30.632465362548828,95134,2,1.0790833701719924,3,112,0,0,0,0,0
41,19,68.01093292236328,91574,4,1.1845324304516869,2,137,1,0,0,0,0
54,19,38.62546920776367,96205,4,0.3844042331833566,3,117,1,0,1,1,0
39,19,51.26796340942383,94480,3,1.3290205892145934,3,0,0,0,0,0,0
45,23,76.33826446533203,93055,2,3.3410133037779266,2,233,0,1,0,0,0
31,10,45.0959358215332,94607,3,0.09275131140106335,2,0,1,0,0,1,0
57,27,101.4249267578125,94071,1,4.4411114603270025,1,0,0,0,0,0,0
53,25,125.03978729248047,95652,3,1.1626903419316446,2,230,1,0,0,1,0
54,29,41.92901611328125,95488,4,1.3159952391988563,2,0,1,0,0,1,0
30,7,33.940032958984375,92719,4,0.5806515992476942,2,207,0,0,0,0,0
35,7,57.45521545410156,90041,1,3.4424726571328006,2,240,0,0,0,0,0
30,7,16.52166175842285,93187,4,0.3895446816908048,3,0,0,0,0,1,0
41,15,150.4980926513672,94430,1,2.2621629739167766,2,100,1,0,1,1,1
45,20,19.37478256225586,94605,1,0.6981079630739834,2,0,1,0,0,0,0
62,40,81.71044158935547,94437,2,1.3752622296841064,3,0,0,0,0,0,0
28,9,52.774356842041016,92051,4,1.3880776862410271,3,161,0,0,0,0,0
49,24,119.99333953857422,95291,2,1.918475688474013,3,0,1,0,0,0,0
32,7,29.676589965820312,94651,3,0.7031584925194663,1,0,0,0,0,0,0
32,5,116.92452239990234,92755,1,1.5872374105884766,1,0,0,0,0,0,0
54,27,30.081302642822266,90120,1,0.48428042022103146,2,144,0,0,0,0,0
55,34,156.32603454589844,95180,1,4.0223795732563605,1,282,0,0,0,0,0
61,35,37.88904571533203,94938,4,2.1156979103285107,2,0,0,0,0,1,0
50,24,28.923973083496094,92464,4,0.7228274024129762,2,0,1,0,0,0,0
66,39,15.690129280090332,91763,2,1.237276395496787,3,0,1,1,1,1,0
58,35,72.33480834960938,92409,3,2.042808039307261,1,0,0,0,0,0,0
61,36,61.065765380859375,95902,3,4.8029169974405095,3,0,0,0,0,0,0
59,36,151.8641357421875,94403,4,2.1684694610156177,1,0,1,0,0,0,0
37,8,107.50122833251953,94641,3,0.6618309679931291,2,0,0,0,0,1,0
43,14,31.866592407226562,95046,1,0.0971069631680973,2,0,1,0,0,1,0
48,31,118.11701965332031,95041,1,2.6157815948806826,1,67,1,0,0,0,0
44,23,59.03050994873047,95971,3,2.0001605937859273,3,0,0,0,0,1,0
54,25,102.29346466064453,94408,1,2.219584826042182,2,0,0,0,0,1,0
60,28,21.43825340270996,93145,1,0.7002953066557189,2,0,1,0,0,0,0
57,29,43.83790588378906,92165,3,1.7117741969306568,1,0,0,0,0,1,0
63,34,133.08859252929688,95238,1,2.0170040257238573,1,0,1,0,0,1,0
35,5,73.72062683105469,92972,1,3.062227272021215,3,0,0,0,0,1,0
42,11,113.62013244628906,92135,1,1.2080459295233172,1,206,1,0,1,1,1
29,8,73.92435455322266,90146,3,2.0222207039157962,2,0,0,0,0,1,0
34,2,77.85021209716797,91478,4,2.292860041338954,2,0,0,0,0,1,0
43,22,69.503173828125,94642,2,0.8579663347561878,3,0,0,0,0,1,0
65,38,65.44483947753906,93167,4,1.55853724128955,3,0,0,0,0,0,0
58,34,92.12527465820312,95867,1,0.28208450000207,1,0,0,0,0,0,0
38,18,95.59950256347656,93939,3,0.3297493040812109,2,0,0,0,0,1,0
52,20,50.60728454589844,90710,2,0.6734551730222118,3,0,0,0,0,0,0
35,19,27.11618423461914,95415,2,0.6917565522211183,1,327,0,0,0,1,0
42,11,151.79908752441406,96149,2,2.152379187575457,2,0,0,0,0,0,1
61,37,114.12104797363281,90475,3,1.076735193581883,1,0,1,0,0,0,0
29,4,168.91419982910156,91588,1,3.9063269004880725,1,0,0,0,0,1,1
45,23,68.70884704589844,93962,2,1.574545758879342,3,117,1,0,0,0,0
62,35,89.41907501220703,92108,2,0.5320526242450245,1,0,0,1,0,0,0
57,38,39.390933990478516,92090,1,1.5223086681748366,3,234,0,0,0,0,0
27,6,27.466928482055664,91217,1,2.579412769995169,2,0,1,0,0,1,0
37,4,121.13032531738281,90250,1,2.5810177795177576,1,244,0,0,0,1,0
52,24,54.38624954223633,94666,4,2.4765282442017975,3,0,0,0,0,1,0
27,10,66.88795471191406,91863,2,1.9571770614114037,3,0,1,0,0,0,0
50,21,50.89788055419922,91612,4,1.5587079553482994,1,224,0,0,0,1,0
32,4,71.98184204101562,92780,2,0.2395484332221135,2,0,0,0,0,1,0
52,31,50.62018966674805,94191,2,1.8641898791948297,1,0,0,0,0,0,0
44,23,97.57721710205078,94483,2,4.127958029817618,3,0,0,0,0,1,0
36,11,74.77908325195312,94331,3,3.837501472714822,2,0,1,0,0,0,0
40,10,41.7037239074707,94572,2,0.17106936315568788,2,233,1,0,0,0,0
46,17,57.053672790527344,90373,1,0.2902733973813777,2,0,0,0,0,1,0
34,6,24.938709259033203,96184,4,0.9750591241806682,3,0,0,1,0,0,0
42,18,166.7157440185547,91982,2,7.6121982847415355,1,0,1,0,0,1,0
58,33,65.06400299072266,93213,2,1.6348094185293232,3,418,1,0,0,0,0
39,14,32.12113952636719,92289,2,5.444101652897991,3,0,0,0,0,0,0
57,37,49.925148010253906,94123,2,2.3993606386953856,1,0,1,0,0,1,0
34,12,63.52800750732422,92254,4,2.4944588780883,2,0,0,0,0,1,0
25,3,61.72935485839844,91281,4,1.52001581188559,2,0,0,0,0,1,0
29,2,155.35940551757812,94352,3,1.5731740516220019,2,0,0,0,0,1,1
64,35,78.84619140625,91952,2,1.4625746837555194,3,365,0,0,0,1,0
44,19,179.55142211914062,91390,1,6.76299097355701,1,98,1,0,0,1,0
57,35,138.2805633544922,94160,1,4.202403248135557,1,0,1,0,0,1,0
61,35,26.30463409423828,90920,3,0.5044872787898049,3,0,0,0,0,0,0
41,20,75.9189682006836,94968,3,2.1904441033720308,3,0,0,0,0,1,0
44,23,26.115642547607422,91693,3,0.2577631323857233,3,156,1,0,0,1,0
43,6,142.52020263671875,94856,1,2.0394720253834855,1,0,1,0,1,1,1
58,26,63.720882415771484,92114,4,2.3600192524394075,3,0,0,0,0,1,0
45,17,31.484745025634766,91180,3,0.4223371869621142,1,145,1,0,0,1,0
42,16,30.024757385253906,96064,1,0.02965869068570476,3,0,0,0,0,0,0
46,24,56.60032653808594,95476,3,1.1578574200129468,1,0,0,0,0,1,0
45,12,75.63236236572266,94992,4,0.2954566006790326,1,0,1,1,1,1,0
26,3,51.09235763549805,91065,3,1.8418712234688754,3,186,0,0,0,0,0
49,25,111.98060607910156,96389,1,0.10108377313226666,1,212,0,0,0,0,0
42,16,37.91331100463867,95137,4,0.7683639468543583,1,139,1,0,1,1,0
44,14,105.52172088623047,93400,2,8.317214963206263,1,0,0,1,0,1,0
36,11,35.24555969238281,96507,4,0.11725491018236497,2,0,0,0,0,1,0
62,38,77.37939453125,92816,3,0.6522980369578126,1,249,1,0,0,0,0
47,21,42.808780670166016,94372,4,1.9485872055615894,2,0,1,0,0,0,0
44,16,9.715283393859863,95919,3,0.23301911050985294,1,0,1,0,0,0,0
61,39,40.845455169677734,95079,3,0.27889922694765484,2,0,0,1,0,1,1
62,36,32.378456115722656,90638,4,1.2157159601900966,2,0,0,0,0,1,0
39,10,176.0186004638672,95555,4,2.135800444039114,3,0,1,0,1,1,0
53,18,19.162622451782227,90582,3,0.3040366170363276,3,0,1,0,0,0,0
43,18,94.13372802734375,91747,4,2.677843373599225,1,305,0,0,0,0,0
45,19,119.24602508544922,91702,2,0.43151047667796516,1,0,0,0,0,0,0
25,0,139.4964141845703,93930,2,6.646323859145526,1,0,0,0,0,0,1
56,23,144.6168975830078,91674,2,2.0364878481845325,3,0,0,0,0,0,0
32,9,169.24130249023438,90641,1,1.5737629145871084,3,275,0,1,0,0,0
54,21,17.54085350036621,93167,2,0.5180358548084202,2,90,1,0,0,1,0
64,38,64.48358917236328,95581,3,0.7486655222322373,3,0,0,0,0,1,0
62,32,83.9083023071289,92722,1,1.0083871890860736,3,0,1,0,0,0,0
36,17,55.40982437133789,95068,4,0.41106619916012893,3,0,0,0,0,1,0
66,36,57.800418853759766,95016,2,0.9719565167030388,3,134,0,0,0,0,0
62,36,22.840503692626953,95181,2,0.18523997595913955,2,0,1,0,0,1,0
55,28,41.33584213256836,91373,4,0.3538842334947726,2,0,0,0,0,0,0
25,3,21.47083282470703,95795,1,1.223942307122363,2,0,1,0,0,0,0
53,29,45.115421295166016,92889,1,2.406141546398703,3,0,0,0,0,0,0
59,38,109.3532485961914,94612,1,0.762156699129687,1,0,0,0,0,0,0
31,11,88.24588012695312,94200,3,1.3127504356577255,3,0,1,0,0,0,0
61,34,45.95661544799805,91832,1,2.639380599318476,2,96,0,0,0,0,0
44,23,90.81727600097656,95341,4,3.2030170787872003,1,241,0,0,0,0,0
36,5,82.6780014038086,95755,1,3.1508058373989836,3,0,0,0,0,1,0
53,32,124.01527404785156,94463,2,4.403250476991693,1,0,0,1,0,1,0
50,27,51.73020553588867,95102,2,0.9539361690631248,3,0,1,0,0,1,0
66,41,81.36734008789062,90223,3,2.2240398653780717,2,0,0,0,0,1,0
32,6,94.55805969238281,94958,1,3.037185704958871,1,0,0,0,0,0,0
45,20,14.658049583435059,95612,4,0.8098352363814499,1,0,0,1,0,0,0
52,23,61.462799072265625,92191,4,1.802950947124891,2,0,0,0,0,0,0
56,20,98.97911834716797,90242,2,1.0725102232896033,3,0,1,0,0,1,0
59,25,173.2474365234375,92330,1,4.215561437772379,3,82,0,1,0,0,1
35,13,103.482666015625,91825,2,1.3054878007475055,2,229,1,1,1,1,0
66,39,43.126197814941406,95240,3,1.7421735481124232,1,0,1,0,0,1,0
51,14,68.95588684082031,90237,3,1.0258115510048231,3,0,0,0,0,1,0
55,26,36.997711181640625,92781,1,1.28100671341166,3,107,0,0,0,1,0
60,31,38.461761474609375,94424,3,0.611435911379418,2,122,0,0,0,1,0
37,16,90.57673645019531,92086,4,2.693331861236926,1,0,0,0,0,0,0
47,22,46.304969787597656,94416,4,2.0681026581116413,1,0,0,0,0,0,0
34,13,128.25912475585938,95574,2,2.7345892708225175,2,0,1,1,1,1,0
59,38,108.56578063964844,92022,4,1.858900416049618,2,0,0,0,0,0,1
52,25,32.280574798583984,94125,1,1.902567346278561,3,0,0,0,0,0,0
34,13,29.10553741455078,90175,4,2.1344995993564777,3,105,0,0,0,0,0
62,30,17.458293914794922,93305,1,0.33673835313170664,2,0,0,0,0,0,0
36,10,134.90316772460938,90112,2,2.3981397584878397,1,0,1,0,0,1,0
61,41,143.482666015625,91971,2,4.763640745673122,1,483,1,1,0,1,0
61,34,32.95275115966797,92882,1,0.7912835637562415,3,127,0,0,0,0,0
54,16,67.52166748046875,92596,2,4.939007144957804,1,0,1,0,0,0,0
30,8,53.09131622314453,94058,1,0.4347894398300965,1,0,0,0,0,0,0
37,14,151.28436279296875,90876,3,2.616270923925429,2,0,1,0,1,0,1
30,10,83.22676086425781,90257,3,1.657566547813751,2,0,0,0,0,0,0
47,21,38.67321014404297,95644,4,0.14630470492123937,2,0,0,0,0,1,0
47,25,45.48756790161133,92995,4,0.7503681404183039,2,0,0,0,0,1,0
27,2,46.67447280883789,91785,1,3.5522357356936394,3,0,0,0,0,0,0
56,34,30.18988037109375,94834,3,0.18232037114232552,1,0,0,0,0,0,0
50,21,121.9815902709961,94419,2,2.8990346953694526,1,163,0,0,0,0,0
46,19,41.53185272216797,94441,4,0.16677444815857445,3,148,0,0,0,0,0
42,19,136.6937713623047,91944,3,0.6041152227090179,2,0,0,0,0,1,0
50,23,69.49868774414062,93030,2,1.7838442577560796,3,291,0,0,0,0,0
52,21,48.371177673339844,94478,1,0.325901132764871,2,0,0,0,0,1,0
58,33,78.89958190917969,95637,1,1.5900735319915973,3,0,0,0,0,0,0
54,25,111.0109634399414,91346,2,0.2923406631573381,1,0,0,0,0,1,0
48,27,98.38550567626953,94403,2,2.9765714392706206,3,0,0,0,0,0,0
49,15,103.86341857910156,91025,2,0.8573384806950671,3,0,0,0,0,1,0
55,15,36.45762634277344,93872,3,0.45102517983705603,2,0,1,1,1,1,0
30,12,63.56906509399414,93668,2,2.3236685494361042,1,0,0,0,0,0,0
57,18,118.56336212158203,95222,3,2.1392043261060536,1,0,1,0,0,1,1
59,34,74.12445068359375,95161,3,1.4008138367570477,2,0,0,0,0,1,0
50,14,110.8174057006836,91006,1,1.6263930322922588,1,133,0,1,0,0,0
58,29,37.70088195800781,91640,4,0.3975049117482419,3,0,0,0,0,1,0
32,6,69.36715698242188,92038,4,0.20369308716053894,1,0,0,0,0,1,0
45,21,186.2799072265625,94160,4,5.022622416702178,3,402,0,0,0,1,1
61,16,18.781951904296875,90996,4,1.278890812751174,3,86,0,0,0,0,0
36,22,134.7864990234375,91514,1,2.398601439445806,1,0,1,0,0,1,0
42,10,88.2413101196289,95258,4,2.338866645297486,2,78,0,0,0,1,0
49,34,27.222137451171875,90463,4,0.17925444348034733,1,0,1,1,0,1,0
63,36,22.84679412841797,95122,3,0.45465130779956386,1,0,1,0,0,0,0
42,28,169.68247985839844,91568,1,1.7055496472632503,1,0,0,0,0,1,0
43,14,20.72433090209961,91418,3,1.453037537954863,3,0,1,0,0,1,0
43,16,48.024227142333984,90202,4,1.1325097885100013,3,0,0,0,0,1,0
38,24,28.683629989624023,93795,3,0.6720504174120491,2,105,0,0,0,0,0
64,38,181.4976348876953,92293,1,9.557285094868508,1,0,0,0,0,0,0
45,26,209.66378784179688,92216,1,7.699022977123459,1,0,0,0,0,1,0
41,18,137.3075714111328,92124,3,3.3387838711327666,1,0,0,0,0,0,0
40,23,44.12432861328125,91255,2,1.7378898853920661,3,0,0,0,0,1,0
36,13,95.07069396972656,92089,4,0.7792569484095894,1,0,0,0,0,0,0
49,19,12.514074325561523,95813,2,1.4836224840842913,1,108,0,0,0,0,0
63,40,149.20700073242188,92517,3,5.877172288769965,3,0,0,0,1,1,1
44,22,186.7421875,91432,1,6.018644669961135,1,0,0,0,0,1,0
63,35,165.1516876220703,94502,3,6.456526941645371,3,0,1,0,1,1,1
37,14,50.748451232910156,95222,1,0.6528735301710861,3,0,0,0,0,1,0
35,11,113.01200103759766,94824,3,1.845956533663001,1,0,1,1,1,0,0
58,29,68.7736587524414,95503,4,0.21643341742243172,3,148,1,0,0,0,0
39,7,200.98605346679688,92019,2,5.003895861475988,1,0,0,0,0,0,1
34,15,111.55921173095703,94272,1,3.0909574825263544,1,116,0,0,0,0,0
51,29,45.303165435791016,90112,3,0.01887833208211015,2,0,0,0,0,1,0
54,28,15.818399429321289,94552,3,0.578819359252517,1,0,0,1,0,1,0
30,4,27.694499969482422,91992,3,0.27283439279717936,2,0,1,0,0,0,0
37,12,121.78105926513672,91963,1,0.8014276204106342,1,86,0,0,0,1,0
59,33,84.10718536376953,91932,2,2.6873254291013016,1,0,1,1,0,1,0
41,11,22.8779239654541,91704,1,0.24036118089740577,2,86,0,0,0,0,0
54,23,74.92655181884766,90498,1,1.9114453265950773,3,0,1,0,0,0,0
36,4,32.81383514404297,91871,3,2.293494378132499,2,257,1,0,0,0,0
40,21,49.11539840698242,92375,2,1.647653464426953,2,146,1,0,0,1,0
55,36,169.73724365234375,92432,2,4.3394784206134425,3,265,1,0,0,0,1
65,37,51.61496353149414,91527,1,0.46131222092419955,1,0,0,0,0,1,0
46,27,103.9093017578125,92452,1,1.0613901048329755,2,0,0,0,0,1,0
38,13,56.58031463623047,89715,4,3.7215627762115475,3,0,0,0,0,1,1
43,23,31.09967041015625,94515,3,0.9068681811933551,3,103,0,0,0,1,0
27,4,42.256378173828125,94437,4,0.89794955031959,1,0,0,0,0,0,0
62,33,33.907493591308594,92045,4,0.37763983845165144,2,0,0,0,0,1,0
48,27,76.3143539428711,90595,4,2.2182387476922756,2,0,0,0,0,1,0
51,24,72.80463409423828,92719,1,0.6672900180993188,3,0,0,0,0,0,0
55,32,109.23014831542969,90953,1,3.3659314577288244,3,0,1,0,0,0,0
42,27,78.07085418701172,94675,1,1.3943391417083033,3,0,0,1,0,0,0
55,28,61.3045654296875,95400,1,1.4118431464249404,3,103,0,0,0,0,0
58,32,42.695762634277344,94400,2,1.7629005034969527,2,0,0,0,0,1,0
50,27,76.17035675048828,91732,2,1.2008235596014218,2,0,1,0,0,1,0
40,14,95.231689453125,90910,1,0.9934268697867734,1,0,1,0,0,0,0
34,11,31.088109970092773,93333,2,1.2513235982274153,1,0,1,1,0,1,0
42,15,73.39704895019531,94115,2,7.469481533620111,1,364,0,0,0,0,0
40,25,61.75736999511719,94631,1,1.41289800419289,3,0,0,0,0,1,0
50,28,46.401336669921875,94441,4,1.6692272740700342,2,169,0,0,0,0,0
41,6,16.035476684570312,94613,4,0.09129544186393232,3,0,1,0,0,0,0
28,4,25.873502731323242,91822,4,0.33799082932210445,3,146,0,0,0,1,0
40,14,39.83374786376953,93335,2,2.0050882276223247,2,0,0,0,0,1,0
49,31,199.64292907714844,92703,1,6.547706970368923,1,0,0,0,0,1,0
60,31,112.86344909667969,95500,1,2.191670337123166,3,0,0,1,0,1,0
62,37,82.56599426269531,91398,2,1.4992681151613088,1,416,1,0,0,1,0
34,21,25.932435989379883,95882,1,2.0377900908435285,3,103,0,0,0,0,0
26,6,26.305896759033203,92404,4,1.589519663597609,3,0,0,0,0,1,0
42,27,77.22049713134766,95720,2,2.2103752311500706,1,0,1,0,0,1,0
61,40,59.40182876586914,94740,1,1.8756022557739789,2,0,1,0,0,1,0
60,32,73.6424789428711,91440,1,1.1689632631325928,2,129,0,0,0,0,0
36,5,94.58199310302734,94719,3,2.1203807349962385,3,0,1,0,0,1,1
58,36,65.93172454833984,90044,3,2.241219802302708,1,0,0,1,0,0,0
65,40,35.71522521972656,91302,2,1.658031952504715,3,0,0,0,0,1,0
54,18,35.589073181152344,92006,4,0.22657687743437205,2,0,0,0,0,1,0
29,7,110.2184829711914,96412,1,0.33468046289155445,1,0,0,0,0,0,0
48,33,50.66044235229492,92097,2,1.5713691585333849,1,271,1,0,0,0,0
60,34,77.08738708496094,94560,2,0.6027462262886043,2,120,0,0,0,0,0
55,32,59.185001373291016,95432,3,3.0347764893902065,1,0,0,0,0,0,0
35,10,65.79574584960938,95974,3,2.303663790119085,1,0,0,1,0,1,0
35,6,35.08203125,92052,2,0.4321377015446827,2,0,1,0,0,0,0
37,16,160.58514404296875,93347,2,5.898959554047513,1,0,0,0,0,1,0
41,14,113.29879760742188,91764,2,2.1334390341522584,1,0,0,0,0,1,0
54,18,146.89944458007812,94503,1,2.701000067071719,1,157,0,0,0,0,0
42,15,41.41001892089844,92926,3,0.3215819444194732,2,0,0,0,0,1,0
28,3,46.36009216308594,92975,4,0.38973898041164073,3,0,0,0,0,0,0
43,29,39.87635040283203,91677,1,2.1640562400468513,3,0,1,0,0,1,0
27,5,22.035659790039062,95530,4,0.35626999193665343,2,157,0,1,0,1,0
44,13,100.68975067138672,91956,3,2.9012920768017496,1,0,0,0,0,1,0
29,7,103.39654541015625,92118,1,2.344975855518075,3,0,0,0,0,0,0
64,39,60.46934509277344,94190,4,0.5917794497582717,2,0,0,0,0,0,0
47,20,43.09065246582031,93367,4,0.7016149733920055,3,0,0,0,0,1,0
44,17,78.59334564208984,94515,3,3.290981226313579,2,0,0,0,0,0,0
49,22,20.24043846130371,93259,3,0.38367152663118514,1,0,1,0,0,1,0
32,10,41.70714569091797,93440,3,0.7429691357871323,3,0,1,0,0,0,0
52,23,44.37616729736328,94281,2,1.2162088316228636,2,0,0,0,0,1,0
57,34,111.78055572509766,90988,2,1.4870399604269573,2,0,1,0,0,0,1
45,18,93.8204116821289,92387,1,2.3309397915894463,1,0,0,0,0,1,0
41,23,54.87313461303711,94197,3,1.0250180620645462,1,0,0,0,0,1,0
52,29,45.17584991455078,94953,3,0.4420233041452454,1,0,0,0,0,0,0
40,27,55.4493293762207,95257,2,0.09545943058746231,3,0,0,0,0,1,0
31,10,165.25892639160156,92996,1,2.0675687723421317,1,0,1,0,0,1,0
40,19,17.73102378845215,94534,1,0.5096876672156743,1,0,0,0,0,1,0
63,33,32.42905807495117,92077,2,0.8272933498030217,2,87,0,0,0,0,0
52,16,19.41712188720703,93008,2,0.205337413757618,1,74,1,0,0,1,0
59,29,94.19300079345703,95911,2,2.0447923524805605,1,222,0,1,0,1,0
33,3,32.767215728759766,92284,3,1.0370596988642473,2,0,0,0,0,1,0
50,25,49.89962387084961,90127,1,1.9906458842159258,2,0,0,0,0,1,0
33,5,51.58467102050781,94480,1,2.6961486265851624,2,0,0,0,0,1,0
35,13,70.99933624267578,91464,3,1.8946830501363081,2,0,1,0,0,0,0
54,27,86.90613555908203,91897,4,0.4528734500822563,3,0,0,0,0,1,1
31,6,68.57288360595703,92279,4,1.5505383965369737,3,0,1,0,0,1,0
61,35,172.03929138183594,89973,1,7.92951648443001,1,0,0,0,0,0,0
42,22,85.20323944091797,94825,2,1.5695717339506665,3,0,0,0,0,0,0
57,18,183.53921508789062,91788,2,8.179395015481138,1,0,1,0,0,0,0
63,36,14.048752784729004,93558,1,1.141140960895671,3,0,1,0,0,0,0
38,24,94.44232940673828,90335,4,3.849227824724932,3,0,0,0,0,0,0
30,7,41.8786506652832,91968,2,2.5541125518379326,2,0,1,0,0,1,0
58,32,60.47705841064453,92170,2,2.5194150990652373,3,188,0,0,0,0,0
57,29,61.9364013671875,92914,4,1.4182911741442172,3,0,0,1,0,0,0
60,34,114.79219818115234,95344,2,0.4576090988458277,1,0,0,0,0,1,0
33,7,45.55989074707031,93939,1,0.004340111829898519,1,0,0,0,0,1,0
59,36,37.552635192871094,95532,4,1.8466123009526902,2,0,0,0,0,1,0
45,21,133.03579711914062,94567,1,1.7265143771016864,3,0,1,0,0,0,0
36,12,81.58827209472656,95686,1,1.3752797144805253,1,0,0,0,0,1,0
35,7,44.450775146484375,91956,3,0.9144678892005225,1,0,1,0,0,0,0
47,20,30.192102432250977,95227,4,0.23141893176021971,2,0,0,0,0,1,0
38,10,37.94398498535156,90920,4,1.8874070807462853,3,0,0,0,0,0,0
47,21,154.48162841796875,94652,3,4.492195325785218,3,0,1,1,1,1,1
38,3,42.823734283447266,89660,3,0.9640130679047578,2,0,0,1,0,1,0
54,28,149.6719970703125,92321,4,0.5258263124556081,3,0,0,1,0,0,0
61,39,148.52728271484375,90083,2,3.597582265316561,2,287,0,0,0,1,1
61,33,99.64605712890625,94795,4,1.879521610271809,1,0,0,0,0,0,0
47,26,83.97622680664062,91794,1,0.8613545090385732,3,0,0,0,0,0,0
26,7,69.31214904785156,93789,2,0.35996587181639494,2,0,1,0,0,0,0
37,11,12.721161842346191,92288,1,0.4901675900568281,2,0,0,0,0,0,0
25,1,81.90703582763672,94164,4,1.3427606158609142,1,0,1,0,0,0,0
61,36,206.6280975341797,94132,2,5.279632984373252,1,0,1,0,0,0,0
60,38,29.104475021362305,93261,1,0.27330039712994736,2,100,0,1,0,1,0
54,25,61.058570861816406,95767,1,0.9585573177285345,1,0,0,0,0,1,0
31,4,36.22425842285156,95968,1,0.2139157543393727,1,0,1,0,0,1,0
58,18,16.845077514648438,92769,4,1.4905257294410206,3,60,0,0,0,1,0
32,21,75.39418029785156,90203,4,2.090440717794458,2,0,0,0,0,0,0
34,10,83.50641632080078,94144,2,0.7594584532731592,1,0,0,0,0,1,0
32,6,85.30196380615234,94512,2,3.0581528559917293,3,0,1,0,0,0,0
39,21,14.679311752319336,94546,1,1.4385187941369992,1,0,0,1,0,1,0
55,31,54.223793029785156,95549,2,0.8883403359715272,1,0,1,0,0,0,0
63,31,122.9281997680664,92512,2,4.65132442429479,1,0,0,0,0,0,0
42,12,17.64635467529297,93885,3,0.33569510218026627,2,0,0,0,0,1,0
52,23,30.233943939208984,92126,4,0.4684892512270343,2,0,0,0,0,0,0
50,33,104.18859100341797,95845,2,1.9210297676217574,1,0,1,0,0,1,0
52,26,193.1893310546875,91771,2,7.543545477060462,1,0,0,0,0,0,1
29,4,35.39718246459961,95367,4,0.8944122456465609,1,0,0,0,0,0,0
61,40,153.36627197265625,94644,2,6.847732886017571,1,120,0,0,0,0,0
55,26,83.47168731689453,92770,2,1.3636299693008498,1,94,0,0,0,0,0
55,20,61.047550201416016,92947,4,2.598680161368046,2,0,1,0,1,1,0
27,14,21.46416473388672,93608,2,1.9154911711058575,1,0,0,0,0,0,0
43,26,33.18764877319336,90302,3,1.4132836938236093,2,0,0,0,0,0,0
32,8,54.545127868652344,93347,1,0.6774336545274979,2,0,0,1,0,0,0
49,20,100.12574005126953,92350,2,2.65971945388866,1,0,1,0,0,1,0
31,6,27.794870376586914,90343,4,0.7574651496713327,3,0,1,0,0,0,0
43,21,158.34962463378906,95651,2,2.3981181874486674,1,0,1,0,1,1,0
27,0,60.03888702392578,96008,3,0.8958809849162098,2,0,0,0,0,0,0
54,22,29.585308074951172,92145,3,1.1013939289634451,2,0,0,0,0,1,0
63,38,82.47895050048828,95588,2,2.94265324471251,1,0,0,0,0,0,0
56,31,15.389172554016113,90897,4,0.5949273386491539,3,99,1,0,0,1,0
53,29,151.99110412597656,92080,2,2.6276197025378685,1,345,1,0,0,1,0
47,24,150.24371337890625,93925,1,2.3970534306703066,1,0,0,0,0,1,0
39,11,96.62565612792969,94772,3,1.1411658838293328,1,0,0,0,0,1,0
52,27,122.12648010253906,92353,1,1.06924532102372,3,0,0,0,0,0,0
57,35,154.9448699951172,90075,2,2.3477495409801055,1,0,1,0,0,0,0
48,25,151.9567108154297,90556,1,0.9041722597975022,3,503,1,1,1,0,1
43,18,146.48638916015625,90090,1,1.8717074831721563,1,99,0,0,0,0,0
65,41,31.25700569152832,90199,3,2.6381078206995943,2,0,0,0,0,1,0
60,35,104.46762084960938,94363,2,3.4125182660991498,2,491,1,1,0,1,1
33,9,97.69639587402344,95585,2,2.1930062368227263,1,0,0,0,0,0,0
59,30,23.262378692626953,95279,2,0.5149207326083657,1,138,0,1,0,0,0
62,36,65.37481689453125,92029,4,2.4780092548524872,2,0,0,1,0,0,0
55,19,45.74504089355469,94436,2,0.1802142666163754,2,104,1,1,0,1,0
31,8,126.40927124023438,91024,2,1.6980171216408793,1,0,0,0,0,1,0
36,16,37.006927490234375,94056,3,0.6397162564706184,3,180,0,0,0,1,0
59,30,19.121789932250977,92201,4,0.8497519884694246,2,107,0,0,0,1,0
52,17,29.525171279907227,91747,2,1.3744937728814977,1,0,1,1,0,0,0
62,39,70.38157653808594,94224,3,0.6321006233658855,1,0,0,0,0,1,0
53,25,110.33950805664062,94496,2,1.3925616373043623,3,96,1,0,0,0,1
44,6,23.131624221801758,91729,3,0.2464265363028368,1,0,0,0,0,0,0
56,37,96.33990478515625,93393,4,0.7805335649881275,3,388,0,0,0,0,0
42,2,67.40705871582031,90426,2,1.0720038723764427,1,0,0,0,0,1,0
33,11,40.36921691894531,94861,2,2.8682114708656314,3,104,1,0,0,1,0
36,16,138.5524139404297,94068,4,5.242297062520395,1,380,0,0,0,0,1
30,4,78.23760223388672,94007,2,5.185256405796945,1,0,0,0,0,1,0
63,37,28.690099716186523,95473,4,0.05512455494021798,2,0,1,0,0,0,0
43,20,130.2418212890625,92144,1,0.11873309134736876,2,0,0,0,0,1,0
35,10,52.46878433227539,91797,3,0.6157483560122629,2,90,0,0,0,0,0
48,15,43.42363357543945,95280,4,0.24717724837989585,2,0,0,0,0,0,0
38,15,56.8936882019043,93959,2,2.2817185217924627,2,0,0,0,0,1,0
37,3,23.92667579650879,94814,4,0.010799152263115674,1,83,0,0,0,0,0
24,-1,46.53860092163086,91920,1,2.1785902144871447,1,0,1,0,0,1,0
53,37,28.110021591186523,91906,4,0.9861707981447712,2,101,0,0,0,1,0
62,37,40.71492004394531,96112,3,0.7224787370696324,2,0,0,0,0,1,0
31,4,83.50936889648438,94758,4,2.405055242227947,1,0,1,0,0,1,0
27,21,175.6298370361328,89937,4,2.13918367804302,2,0,0,1,0,1,1
49,19,21.757787704467773,92446,4,0.5588639703705107,1,90,0,0,0,1,0
51,20,28.347885131835938,94820,1,0.3758051929691566,2,0,0,0,0,0,0
30,8,134.74859619140625,90993,2,1.7495816923493486,1,100,0,0,0,1,0
59,40,75.93283081054688,95327,2,1.9496095416082,3,0,1,1,0,1,0
37,1,107.41461944580078,90250,4,2.8834935549205034,3,337,0,0,0,0,0
30,9,73.82157897949219,95493,3,0.8547836697237756,2,0,0,0,0,1,0
48,20,16.34900665283203,90808,1,0.35462334035838067,1,0,0,0,0,0,0
41,19,55.774169921875,95404,4,0.2655680569715621,2,0,0,0,0,0,0
28,2,153.34141540527344,93065,4,4.169158223402199,3,0,0,1,0,0,1
37,9,25.291603088378906,96126,4,1.0861396761328883,2,0,1,0,0,1,0
43,21,157.81532287597656,93363,2,3.0417385244842445,1,0,0,0,0,0,0
55,26,19.117935180664062,90037,3,0.879567629281244,3,186,1,0,0,1,0
39,9,47.75331115722656,94406,4,1.5047394951241182,1,0,1,0,0,0,0
58,39,143.21023559570312,92192,2,2.444567661617921,1,347,0,0,0,1,0
44,21,182.70306396484375,94709,2,7.878525221317309,1,0,0,0,0,0,0
44,25,79.46527099609375,91211,3,0.9632957679838863,3,0,1,0,0,0,0
47,35,64.09883117675781,94333,2,1.567753627351613,2,0,0,0,0,0,0
51,26,78.45040893554688,94032,4,2.0304034589171693,2,98,0,0,0,1,0
43,19,152.7091827392578,91826,1,1.8175210883454107,1,0,1,0,0,0,1
49,26,31.907590866088867,90175,3,0.41044887306101774,1,0,1,0,0,0,0
31,10,89.01727294921875,91682,3,1.2528499709982204,2,0,0,0,0,0,0
36,14,23.375442504882812,92431,1,0.5530517865636521,1,64,0,0,0,0,0
27,1,58.03325271606445,92789,1,2.328743822864183,2,0,0,0,0,0,0
53,20,46.667808532714844,92181,3,2.3771162692592496,2,0,1,0,0,1,0
66,36,95.09620666503906,93907,1,2.3767878023737214,1,0,0,0,0,1,0
