Age,Experience,Income,ZIP Code,Family,CCAvg,Education,Mortgage,CreditCard,Securities Account,CD Account,Online,Personal Loan
43,21,35.49737548828125,90342,4,0.5361916982255621,1,0,0,0,0,1,0
38,7,53.54987716674805,94598,2,0.39874166364631664,3,0,0,1,0,0,0
43,21,52.36992645263672,91892,2,1.2110774435264187,3,0,1,0,0,1,0
51,19,38.71546936035156,94672,3,0.4512848654292027,1,101,1,0,1,1,0
28,1,40.947994232177734,94793,4,1.161191770690023,1,0,1,0,0,1,0
41,19,137.20167541503906,94983,1,2.2564377198441408,1,226,0,0,0,0,0
31,3,95.3577651977539,94595,1,1.2731338834974915,1,0,0,0,0,1,0
45,12,52.88900375366211,89951,1,1.4495092945229315,2,227,0,1,0,1,0
51,33,24.25360679626465,94305,1,0.8411579165844894,3,107,0,0,0,0,0
35,5,176.2672882080078,91826,1,3.852767054304425,1,0,1,0,0,0,0
38,18,130.3934326171875,93966,3,6.759090813871185,1,151,0,0,0,1,0
48,30,16.58084487915039,95337,2,1.2494690273662998,1,0,1,0,0,1,0
42,19,13.256880760192871,94225,3,0.5402380610752193,3,115,1,0,0,0,0
29,9,20.4290714263916,94580,4,0.3878807852041293,1,0,0,0,0,1,0
57,32,99.15607452392578,95294,1,2.411568278170447,3,0,1,0,0,1,0
27,1,106.12251281738281,91100,2,2.0799906461316637,3,0,0,0,0,0,0
54,36,168.68710327148438,90938,1,4.565012886698671,1,289,0,0,0,0,1
43,10,43.232215881347656,90027,1,0.6463855196984454,3,111,0,0,0,1,0
38,9,36.74342727661133,92869,2,2.346217403581657,1,0,1,1,1,1,0
60,32,49.3642578125,93962,4,1.1593360842678089,1,0,0,0,0,1,0
62,32,56.746185302734375,89923,4,2.8970507682493,3,0,0,0,0,0,0
28,5,36.4588737487793,93786,1,1.7019995115617987,3,0,0,0,0,0,0
41,25,65.26322174072266,94799,4,0.8550355831370201,2,132,1,0,0,1,0
45,33,96.50294494628906,94161,2,1.9797509419288002,1,0,0,0,0,0,0
42,8,70.0975570678711,94094,1,1.3618659281901513,1,0,0,0,0,1,0
24,1,21.023807525634766,94172,1,1.373788133878799,3,0,1,0,0,1,0
40,19,107.43879699707031,93843,1,0.6461926344475242,1,0,0,0,0,1,0
53,28,88.03778076171875,94595,3,1.9637270909544329,2,0,0,0,0,1,0
34,7,120.22083282470703,92140,1,0.19481252524689924,1,0,0,0,0,1,0
52,28,16.221908569335938,95036,4,0.18864380949861137,1,146,1,0,1,1,0
35,11,110.68421173095703,94098,4,9.107103551137264,3,452,0,0,1,1,1
64,38,75.3546371459961,94047,1,2.4658733685650818,2,0,0,0,0,0,0
63,33,101.63475799560547,93781,2,8.415400711881542,2,0,0,0,0,0,1
36,9,31.947385787963867,95223,1,0.24278696014664616,2,0,0,0,0,0,0
60,38,36.44828796386719,91154,1,0.14133744048388228,2,0,1,0,0,1,0
27,1,35.848731994628906,93815,4,1.5258847586515434,1,0,0,0,0,0,0
42,16,88.7621841430664,93831,1,0.1300881469484121,2,0,0,0,0,1,0
56,28,83.33753967285156,91278,2,1.614630472708261,3,0,0,0,0,1,0
38,3,32.276023864746094,92866,2,0.732313951601633,3,0,1,0,0,0,0
32,11,91.15956115722656,94861,1,1.8408846188526606,1,156,1,0,0,1,0
45,23,211.9242706298828,92892,2,9.242109475387453,1,156,0,0,0,0,0
48,18,29.504243850708008,93539,3,0.7427303640940285,2,0,1,0,0,0,0
34,10,32.681846618652344,90441,4,2.9898092762480926,2,0,0,1,0,1,0
32,8,38.19990539550781,95316,1,0.9961728490278463,3,0,0,0,0,1,0
31,4,25.42261505126953,90546,1,0.15530209690363345,1,0,1,0,0,0,0
38,3,20.507387161254883,89988,4,0.43909085550395605,2,0,0,0,0,1,0
48,28,78.00910949707031,93797,1,4.122831177788535,2,0,0,0,0,0,0
29,10,44.215660095214844,91281,4,1.5473573647549812,1,0,0,0,0,0,0
24,0,13.630231857299805,91214,3,0.2877084124919176,3,108,1,0,0,1,0
27,1,31.080629348754883,91086,4,0.3858093661179891,3,0,0,0,0,0,0
62,29,38.324546813964844,94820,4,1.5279913643915082,1,0,1,0,0,1,0
42,19,181.14920043945312,91426,2,1.7608170338893923,1,156,0,0,0,0,0
26,-1,81.348388671875,92779,4,2.593415329410789,2,0,0,0,0,1,0
63,39,94.8404541015625,95217,3,0.898550948009002,1,0,0,0,0,0,0
63,36,152.6772003173828,90368,1,1.1345513860178988,1,0,0,0,0,0,0
47,34,17.548952102661133,94992,1,1.0030291064276136,3,0,1,0,0,1,0
28,7,49.90605926513672,93737,3,0.305365579014241,3,0,0,0,0,0,0
33,22,14.877690315246582,91904,4,0.5868454564050395,3,98,1,0,0,0,0
59,36,133.69956970214844,90235,4,1.2258889868499674,2,0,1,0,0,1,1
63,37,34.57809829711914,94428,2,1.1864131898717343,3,0,0,0,0,1,0
35,10,114.0135498046875,95234,2,3.481463304495172,3,0,0,1,0,0,1
52,26,36.326560974121094,91307,2,0.5454719900676335,2,0,0,0,0,0,0
34,9,48.9697380065918,91872,1,0.028512240314799764,2,159,0,0,0,1,0
52,23,110.486328125,90331,4,3.839526752949265,1,0,0,1,1,1,1
57,27,32.78814697265625,91879,3,0.14169770880084695,3,0,1,0,0,1,0
60,31,73.70276641845703,91022,4,6.951843271100418,1,0,0,0,0,1,0
44,34,41.272823333740234,95325,1,3.589238075063646,3,0,1,0,0,1,0
29,5,88.72509002685547,91730,3,3.541837016733279,2,147,1,0,0,0,0
28,2,44.393856048583984,91804,4,2.4510801272657807,3,102,0,0,0,0,0
50,26,54.87377166748047,93765,1,0.7813354931915427,1,229,0,0,0,1,0
38,7,28.769811630249023,94143,3,0.09165354804999981,1,154,1,0,0,0,0
40,18,33.01197052001953,94775,4,1.7245787879355172,3,0,0,0,0,1,0
49,35,35.833187103271484,95552,3,0.3114253367158178,3,0,0,0,0,1,0
40,8,51.49081039428711,93472,1,1.994038559178199,2,0,0,0,0,1,0
29,13,71.21589660644531,91190,2,2.0376393469201175,1,0,0,0,0,0,0
44,19,39.331764221191406,92106,1,1.5579622537593156,1,0,0,0,0,1,0
24,0,69.7872543334961,94254,4,1.9182742431848352,2,0,1,1,1,1,0
38,15,136.08038330078125,93845,1,3.01065197678815,1,0,0,0,0,1,0
28,3,69.69488525390625,94505,3,1.4258044066694693,3,0,1,0,0,1,0
58,34,49.201969146728516,93853,1,1.6328375535780406,1,189,1,0,0,1,0
41,16,59.497589111328125,95228,3,2.362232927579157,2,0,0,0,0,0,0
49,22,42.74336624145508,92491,4,0.36405509260840474,2,0,1,1,1,1,0
61,35,83.5533218383789,93758,4,2.1555096799533997,2,0,1,0,0,1,0
47,9,58.79459762573242,93684,2,1.7383154809483263,3,0,0,1,0,0,0
40,18,18.583059310913086,95852,4,0.3942749747353158,3,0,0,0,0,1,0
49,32,21.94278335571289,94226,4,1.4405551304505901,2,0,1,1,0,1,0
62,38,68.1777114868164,94120,4,1.6089254646424447,1,0,0,0,0,1,0
62,38,19.822826385498047,92625,4,0.29750042858160214,2,99,0,0,0,0,0
59,31,33.40363311767578,94364,3,0.5948854245559432,2,0,0,0,0,1,0
51,24,30.978212356567383,92439,3,0.7825690124839265,3,0,0,0,0,1,0
38,28,33.36293029785156,92810,2,1.1588805803428173,3,0,0,0,0,1,0
35,8,32.864593505859375,89906,2,3.0554982780847624,2,0,1,0,0,0,0
42,11,161.4233856201172,96075,1,7.812421036954273,2,0,1,0,0,0,1
64,39,17.93474578857422,92203,2,0.8166468681480309,1,99,0,0,0,0,0
34,7,82.11370086669922,95544,4,2.130926855493466,1,0,1,0,0,1,0
31,2,19.199031829833984,94492,4,0.2710328786326307,1,0,1,1,0,1,0
25,1,65.11753845214844,94627,4,1.2805242073781302,3,0,1,0,0,0,0
38,10,34.66578674316406,94019,2,1.9830534860452462,2,0,1,0,0,0,0
27,-1,23.27444839477539,94302,3,0.574333044385596,2,0,0,0,0,1,0
48,21,41.503395080566406,94405,1,1.2077545329018569,3,0,0,0,0,1,0
45,26,77.89517211914062,89840,1,0.8643305009132844,3,92,0,0,0,1,0
55,23,36.85721969604492,89892,1,0.1677998777584938,1,212,0,0,0,0,0
41,13,55.941829681396484,91881,3,0.3551799067160169,2,0,0,0,0,1,0
45,22,51.61687088012695,95357,1,0.5277369588747036,1,0,1,0,0,0,0
28,2,12.862672805786133,90849,4,0.28461035895127734,1,0,0,0,0,1,0
46,23,67.77597045898438,90972,2,0.42458461134422987,1,0,0,0,0,0,0
60,36,123.24134826660156,94397,3,0.2833836980827965,1,382,0,0,0,0,0
29,7,107.38155364990234,94179,1,5.741506175416042,1,0,0,0,0,0,0
30,10,106.35299682617188,95744,1,7.324629604551988,1,0,0,1,1,0,0
38,16,169.31947326660156,89957,2,0.5070912398333413,1,0,1,0,0,0,0
59,31,36.28898620605469,93983,1,1.942897053328159,3,0,0,0,0,1,0
62,39,39.76325988769531,89734,1,0.2260580975241535,2,0,0,0,0,0,0
28,3,22.153881072998047,91801,3,1.086121928030733,2,0,0,0,0,1,0
48,30,67.0279312133789,95527,2,2.955781573909315,1,189,0,0,0,1,0
42,14,36.205718994140625,92670,4,1.8573015063519553,2,106,1,0,0,1,0
52,35,135.76226806640625,90205,1,5.585473937226475,1,152,0,0,0,1,0
36,9,90.44776153564453,94097,4,2.064463822194071,1,0,1,0,1,1,0
64,36,37.08747482299805,94256,4,1.3831516445893812,2,81,0,0,0,1,0
47,32,46.6733512878418,92866,4,1.5189753291181247,2,0,0,0,0,1,0
50,28,79.24629211425781,92716,2,0.8821697849849284,2,0,0,0,0,0,0
44,20,139.11651611328125,94346,2,7.354682616740518,1,300,0,0,0,1,0
41,22,64.64617919921875,92037,1,3.097298928897563,3,135,0,0,0,1,0
40,21,54.65924072265625,95565,4,2.701297887650167,1,0,1,0,0,1,0
66,36,206.75514221191406,94584,2,8.223541932084425,1,0,0,0,0,1,0
40,16,41.907371520996094,91635,2,2.2379158252148397,1,0,0,0,0,1,0
26,5,37.80970001220703,94513,1,0.43607044629663533,1,0,0,0,0,0,0
42,13,41.94743347167969,89998,4,1.9744885085629078,2,0,0,1,0,1,0
51,26,113.4241943359375,92545,2,2.4854445297375234,1,0,0,0,0,1,0
33,6,40.39030838012695,93907,4,1.8814333354665453,2,74,0,0,0,1,0
36,14,74.48587036132812,90729,2,0.3196681343251572,1,0,0,0,0,1,0
63,39,85.13060760498047,92388,4,0.062001251333369645,2,0,0,0,0,1,0
56,31,52.67721176147461,94631,1,2.8031564404195852,1,0,0,0,0,1,0
34,10,48.41559982299805,93595,1,1.6955408810600496,3,122,0,0,0,0,0
46,18,50.821266174316406,89877,2,1.1310559318726496,1,0,1,0,0,0,0
52,25,105.33312225341797,93321,2,0.5558757120664977,2,0,0,0,0,1,0
65,40,47.12501907348633,95692,3,0.46536469244488543,1,148,0,0,0,1,0
61,39,88.10928344726562,95770,2,2.588083967627942,2,0,0,0,0,0,0
41,23,12.563390731811523,94206,2,0.554395980737455,3,0,0,0,0,1,0
24,0,45.71345901489258,94507,1,1.6501836893167259,1,0,1,0,0,1,0
61,27,193.06871032714844,95402,1,3.438235400410401,3,373,0,0,1,1,1
38,10,170.53038024902344,91414,1,4.172145041159489,3,0,0,0,0,1,1
26,5,49.717864990234375,93460,2,0.5489318070644112,3,0,0,0,0,1,0
62,38,66.18646240234375,94915,3,0.8193148275073301,2,102,0,0,0,0,0
31,3,116.09595489501953,94002,2,0.3049897398543787,1,0,1,0,0,1,0
47,26,69.56744384765625,93816,1,8.031881599411832,1,165,1,0,0,1,0
55,22,30.721099853515625,95718,3,0.4844391284438158,2,0,0,0,0,1,0
40,8,80.80303955078125,91882,1,2.5431613355814813,1,394,0,0,0,1,0
42,13,34.3927116394043,93258,4,3.2255938606687518,2,0,0,0,0,0,0
48,21,174.89239501953125,95410,2,5.517286029676903,1,0,0,0,0,1,0
31,9,79.65194702148438,91861,1,2.1143827161436626,1,0,0,0,0,0,0
33,17,32.806522369384766,93962,1,0.1051477977258791,1,104,0,0,0,0,0
59,37,74.7648696899414,93001,3,1.7708396064469079,1,0,1,0,0,1,0
44,19,61.25791931152344,95225,3,2.2099861548419177,1,0,0,0,0,1,0
38,15,47.25492858886719,91209,4,1.6471429957955044,2,0,1,0,0,1,0
40,9,66.03533935546875,91496,3,1.446134259609126,1,0,0,0,0,0,0
32,12,141.0289764404297,91062,3,4.754336921965083,1,419,0,0,0,1,1
51,25,176.31126403808594,94129,1,8.090124749231004,1,0,0,0,0,1,0
53,19,106.57669067382812,94201,3,1.8057060015183297,3,0,1,0,0,0,0
62,31,32.38539123535156,94477,1,0.3642077507721424,2,102,0,0,0,1,0
46,18,190.85984802246094,89941,1,4.894720001258142,1,421,0,0,0,1,0
55,29,61.20458221435547,94595,4,0.6522112514219616,1,89,0,0,0,1,0
34,7,133.790283203125,90196,2,5.045179574725541,3,326,1,1,0,0,1
39,14,92.67222595214844,94177,1,3.740024020785785,1,0,0,0,0,1,0
61,37,74.05420684814453,94359,1,0.8778468858196588,3,0,0,0,0,1,0
34,11,30.42263412475586,90245,4,2.15967325958978,3,0,0,1,0,0,0
55,23,69.19392395019531,93871,4,2.1238284028216188,3,0,1,0,0,1,0
28,1,15.427223205566406,94200,2,1.5295682432456832,3,122,1,0,0,0,0
30,1,57.02410888671875,94320,1,0.3485747759172844,2,0,0,0,0,0,0
27,3,89.85337829589844,89930,2,1.8432971335951138,2,0,0,0,0,1,0
61,37,22.69451904296875,94429,3,0.6174435197858835,3,0,0,0,0,0,0
56,31,36.67537307739258,95877,1,4.005527519349828,1,154,0,0,0,0,0
41,22,186.85427856445312,90813,1,3.8570165489552584,1,0,1,0,0,1,0
34,7,92.8792953491211,95205,2,3.679821240902916,2,0,0,0,0,1,0
40,7,30.938854217529297,95305,4,1.6388457930242555,1,0,0,0,0,1,0
61,35,35.615394592285156,93988,3,0.23686349646901217,2,0,1,1,0,1,0
30,8,35.7639274597168,95228,2,0.3847760954846209,1,0,0,0,0,0,0
42,17,62.896278381347656,94392,3,2.18309544326343,1,0,0,1,0,1,0
52,32,65.14209747314453,94665,3,2.1117428615803435,2,0,1,0,0,0,0
60,30,83.62871551513672,92292,3,0.9643684804604911,1,0,0,0,0,1,0
31,28,54.93563461303711,91969,4,0.4382003310968992,3,0,0,0,0,1,0
39,20,155.37962341308594,89663,1,2.961782229598128,1,461,0,0,0,1,0
58,32,57.424869537353516,93048,4,2.1221816597166105,1,225,1,0,1,1,0
60,31,153.43238830566406,94454,4,2.1491198361238477,2,0,1,1,0,0,0
47,21,106.4722900390625,91453,4,4.276164176288336,1,0,0,0,0,1,0
62,42,74.57915496826172,92168,2,1.652911380003769,3,0,1,0,0,1,0
26,5,27.067035675048828,91576,3,2.2368637015897495,3,157,0,0,0,0,0
53,34,93.57967376708984,89802,2,0.3356930670419971,1,0,1,0,0,0,0
47,21,18.831153869628906,92214,2,1.4690852226369226,3,129,1,0,0,0,0
56,32,49.86689758300781,94896,3,2.9851329372732267,1,0,0,0,0,1,0
60,36,40.481773376464844,92350,3,2.159062990238201,2,0,1,0,0,1,0
31,10,30.321523666381836,93693,2,2.891382092529649,1,148,0,0,0,0,0
30,5,41.606937408447266,95446,4,2.039864203906634,2,0,1,1,0,0,0
40,12,50.797794342041016,95229,2,0.9744985083611731,1,0,0,0,0,0,0
40,7,159.6090850830078,94448,1,1.9832322805777693,1,0,1,1,1,1,0
45,14,56.58448028564453,91887,1,0.989446958213311,1,0,0,0,0,1,0
34,3,97.44778442382812,91868,2,3.1252589567212854,3,0,0,0,0,0,0
53,32,16.936622619628906,90049,4,1.3701559197813822,2,0,0,0,0,0,0
52,21,44.4628791809082,94217,1,1.280268180001997,2,0,0,0,0,1,0
47,25,104.10739135742188,94170,2,2.0068267394527064,1,0,1,0,0,0,0
32,21,19.522293090820312,91604,2,1.2226025915184167,2,0,1,0,0,0,0
60,27,94.85299682617188,94049,3,1.4222337055502121,1,231,0,0,0,1,0
54,26,107.72327423095703,95591,4,1.6345754798963734,1,0,0,0,0,1,0
63,37,62.83097839355469,91312,3,0.8835177292464317,2,0,0,0,0,1,0
54,18,20.04119873046875,94164,2,0.533247240640374,2,0,0,0,0,0,0
26,-1,64.71694946289062,91679,4,0.8768180983243326,3,0,0,1,0,1,0
51,30,69.54425811767578,95535,2,1.8840759376407301,3,148,1,1,0,1,0
31,9,67.19464111328125,92741,1,2.614704777086261,1,218,1,0,0,1,0
65,39,189.108642578125,93778,1,0.9813124070968237,1,0,0,0,0,0,0
61,38,21.115854263305664,95358,3,0.6036624851586659,1,0,0,0,0,1,0
51,28,97.30091094970703,94606,1,4.03171156875319,1,148,0,0,0,1,0
62,36,97.56279754638672,91995,3,2.2726416799904743,1,400,0,0,0,1,0
53,30,48.399566650390625,89671,1,0.35442741027070823,1,0,0,0,0,1,0
48,29,80.04310607910156,91812,3,1.0561740905743038,2,0,0,0,0,0,0
29,2,112.09272766113281,94335,4,3.284370795086981,1,0,0,0,0,1,0
61,37,29.767837524414062,91936,3,1.404906727859335,2,0,0,0,0,0,0
62,35,16.807697296142578,91807,1,0.47089277922824535,2,123,0,0,0,1,0
56,21,89.84146118164062,93963,1,1.177584466724558,1,0,1,0,0,1,0
61,35,101.51300811767578,90033,2,5.194773301112889,1,0,0,1,0,1,0
54,36,19.506813049316406,94330,2,0.07803678630653668,3,0,1,0,0,1,0
60,33,64.24649047851562,91405,2,0.25677820035652477,1,0,0,0,0,0,0
37,21,113.15229797363281,92993,1,6.883989949163059,2,0,1,0,0,1,0
43,22,107.43304443359375,90549,4,1.0829675391229228,3,158,1,0,1,1,1
33,8,129.05142211914062,94600,3,0.4265625763359087,2,0,0,0,0,1,0
63,39,119.75292205810547,92969,3,0.1559138627235725,2,0,0,0,0,1,1
53,36,21.690208435058594,94359,4,1.2671662949337839,2,0,0,0,0,0,0
61,36,36.893035888671875,91940,3,0.4763948683412993,1,122,0,0,0,1,0
32,5,136.70150756835938,92017,1,2.535914625350079,1,0,0,0,0,1,0
63,38,25.24629783630371,91919,2,1.2394831111215479,3,0,0,0,0,1,0
41,11,29.428573608398438,94343,1,0.518955445376525,3,103,0,0,0,1,0
50,30,23.50517463684082,94628,1,0.22894886002124742,2,0,1,0,0,1,0
44,16,66.68020629882812,90989,4,2.6396819524046777,2,0,1,0,0,1,0
61,31,50.0070686340332,92639,1,0.21020347169012174,2,0,0,0,0,1,0
26,0,77.07483673095703,94351,4,1.6000487457290984,2,0,1,0,0,0,0
26,2,119.24352264404297,90414,1,3.996160296194171,1,0,1,0,0,0,0
57,33,17.58336639404297,90245,1,0.4033289369419327,2,101,0,0,0,1,0
42,30,63.82433319091797,92895,2,3.670275501650765,2,0,1,0,0,1,0
31,13,53.13095474243164,91867,4,2.450622719871058,2,0,0,0,0,1,0
49,22,136.95956420898438,95963,1,2.5248023992452775,1,0,0,0,0,0,0
57,33,52.802207946777344,92918,1,0.2778192315034994,2,118,0,1,0,0,0
27,21,91.71143341064453,96033,2,1.479204149581045,1,0,1,0,0,1,0
61,33,81.72895812988281,94579,4,1.2027463376853231,1,104,1,1,1,1,0
31,15,167.18360900878906,91632,2,2.896738017429788,1,0,0,0,0,1,0
33,9,27.95578956604004,94466,3,0.1258657397541384,2,0,0,0,0,1,0
60,35,46.97390365600586,91621,1,0.3639611180636867,2,0,0,0,0,1,0
53,27,29.013425827026367,94769,2,1.0461438983675044,2,98,0,0,0,0,0
62,40,70.2129135131836,94011,2,0.15286029567738604,1,0,0,0,0,1,0
29,3,94.28485870361328,92973,4,0.42020710382029547,1,106,0,0,0,0,0
49,30,93.11196899414062,92645,1,2.477760289178273,2,0,0,0,0,0,0
44,20,127.46188354492188,90324,1,7.417221739265472,1,0,1,0,0,0,0
49,22,107.50871276855469,93975,1,5.7652197490666675,1,0,1,0,0,0,0
28,1,49.44978332519531,93825,2,1.4520969694580805,3,0,1,0,0,1,0
47,27,47.975494384765625,91477,1,1.3863287070335293,3,0,0,0,0,1,0
56,33,32.617149353027344,95124,4,1.5209200506215315,3,0,1,0,0,0,0
64,41,46.87939453125,95228,1,0.1930580927851253,3,100,0,0,0,0,0
56,23,103.85228729248047,92807,1,2.8292372644733774,1,0,0,1,0,1,0
62,23,176.5032958984375,92529,1,8.08875025753783,1,449,0,0,0,1,0
59,32,49.826141357421875,93988,2,2.0975870248009914,2,0,0,0,0,0,0
34,13,85.086181640625,95036,4,2.6776194466468546,2,0,0,0,0,1,0
47,15,65.03036499023438,94384,2,2.805127885154666,3,121,0,0,0,0,0
49,21,80.0636978149414,94061,4,0.23085417274996706,3,0,1,0,0,1,0
36,14,32.12567138671875,94194,3,1.8463512529421566,3,253,1,1,1,1,0
37,17,94.62671661376953,94612,2,1.7462379764639686,1,101,0,1,0,0,0
65,41,84.05992126464844,95155,2,1.6330314849486063,1,0,0,1,0,1,0
33,8,47.09501266479492,93843,4,3.339424050197263,1,152,0,0,0,0,0
40,16,47.64255142211914,94420,3,0.6276071056388697,2,0,1,0,0,1,0
40,15,73.23607635498047,94862,2,0.05710644747984128,3,0,0,0,0,1,0
42,18,75.22589874267578,94139,3,0.5233541111479508,3,0,0,0,0,1,0
63,37,61.0983772277832,90977,1,0.4247994828708013,2,0,0,0,0,1,0
34,10,36.214141845703125,90335,4,0.8598647371153961,3,0,0,0,0,1,0
44,13,95.4821548461914,94540,4,1.975548386965258,2,0,0,0,0,1,0
32,4,45.59779357910156,92654,4,0.377141546162236,3,118,0,0,0,1,0
55,33,42.83256912231445,92172,1,0.8564295710206538,1,0,0,0,0,1,0
42,9,40.40782928466797,90672,2,0.8415371342798976,3,0,1,0,0,1,0
48,35,17.649417877197266,90064,2,0.7663951167000753,1,0,0,0,0,1,0
61,38,24.777435302734375,94452,4,0.3494223149478748,2,0,0,0,0,1,0
58,29,155.88743591308594,92019,2,5.505959102064766,2,252,0,0,0,1,1
27,9,63.49141311645508,89919,3,2.115421113224698,1,0,0,0,0,1,0
51,34,29.117504119873047,90577,1,0.45747049204156454,1,149,0,0,0,0,0
25,1,37.537879943847656,93532,4,1.116363899935429,1,201,0,0,0,0,0
33,10,99.2336654663086,95883,4,4.272631899196168,1,0,0,0,0,1,0
47,26,57.26831817626953,94185,3,2.262820619711686,1,0,0,1,0,1,0
59,34,20.904293060302734,94979,3,0.7360838203228269,1,0,0,1,0,1,0
55,31,32.84915542602539,94548,4,0.5177796297244959,2,0,1,0,0,1,0
43,19,97.36796569824219,95867,1,0.7917793863922467,1,243,1,0,0,0,0
32,11,145.42372131347656,95168,3,5.171068391955664,1,0,1,0,1,1,1
36,15,47.7320442199707,90056,2,0.3567458658367367,2,0,0,0,0,0,0
40,22,60.36933517456055,90051,3,2.071999369798109,1,0,0,0,0,0,0
26,4,88.37255859375,91382,1,6.408030626363593,1,0,1,0,0,0,0
40,21,15.092296600341797,95023,3,0.33092439291783987,1,105,1,0,0,1,0
51,39,149.19708251953125,89986,2,3.3422031612463328,1,249,1,0,0,1,0
53,19,48.08926010131836,93847,3,1.9298735526721347,2,0,1,0,0,1,0
36,16,51.1511116027832,92312,2,0.6009097464299769,1,0,1,0,0,1,0
27,0,61.889305114746094,94743,1,1.5724631697561724,2,0,1,0,0,1,0
33,15,101.72650146484375,92021,3,1.4965494166552809,1,0,0,0,0,0,0
31,2,77.0353012084961,93001,3,1.2928789895059751,3,0,0,0,0,1,0
43,18,69.82131958007812,93973,1,2.1952005674766943,1,238,0,0,0,1,0
49,12,54.182838439941406,91972,1,1.6817363564039904,1,0,1,0,1,1,0
49,31,165.358154296875,90362,2,3.717556605694266,2,0,1,0,1,1,1
29,7,35.69186782836914,90708,4,1.717606833082333,3,0,0,0,0,0,0
57,30,64.49415588378906,91883,2,0.962862574172469,2,0,1,0,0,1,0
63,39,107.16533660888672,90365,2,2.3828450546854905,1,0,0,0,0,0,0
60,26,136.8655548095703,90280,1,5.091472590278682,1,0,0,0,0,0,0
43,23,33.720001220703125,94143,3,0.8130707853385778,2,0,0,0,0,0,0
35,13,64.78176879882812,94062,3,1.5803177524491527,3,0,1,0,0,1,0
27,7,63.6448860168457,94958,2,1.8564695422709252,1,0,1,0,0,1,0
29,4,25.021699905395508,94721,3,0.5206096858402175,2,0,1,0,0,1,0
36,5,49.54503631591797,90167,4,1.3369108045278768,1,157,1,0,0,1,0
31,3,132.48988342285156,94813,2,1.581978133695368,3,125,1,0,0,0,0
46,14,108.13917541503906,92921,4,1.9864160122228371,3,0,1,0,0,0,0
47,26,29.642208099365234,93185,1,0.4960500003746976,2,93,1,0,0,0,0
63,36,130.13165283203125,89740,3,2.7990332398417515,3,0,0,0,0,1,0
57,33,26.020498275756836,94601,2,1.7365759375598748,3,215,0,1,0,1,0
31,5,92.02731323242188,95427,1,0.6179678955313792,1,0,0,0,0,1,0
43,19,71.83644104003906,94831,1,0.9474480642971433,3,0,0,0,0,0,0
40,19,25.555679321289062,95314,1,1.4995509692108047,3,239,0,0,0,0,0
37,4,56.7812614440918,96089,2,1.2239052893105162,2,128,0,0,0,1,0
59,34,61.87728500366211,94038,1,2.6711797970003186,1,0,0,0,0,0,0
48,32,128.05426025390625,95213,3,2.7176617668735754,1,0,0,0,0,1,1
36,8,69.8585433959961,92242,1,0.8197600164909592,1,230,0,0,0,1,0
62,40,61.18149185180664,94057,2,1.2970457413839918,2,118,1,1,0,1,0
30,6,40.525604248046875,92467,1,0.06401121844552937,2,0,0,0,0,1,0
31,5,77.99913024902344,92703,4,1.702577903943907,3,0,0,0,0,0,0
40,11,104.42787170410156,92697,3,3.329118696029336,2,0,1,0,0,0,0
53,22,93.90992736816406,94439,3,2.0343641697897787,2,0,0,0,0,1,0
30,7,42.46886444091797,94554,1,1.2351235346928546,1,0,1,0,0,0,0
64,35,133.33746337890625,94104,3,1.2108653779241387,1,0,1,0,0,0,0
26,1,35.442726135253906,95375,4,0.8303585716319452,2,122,0,0,0,1,0
45,27,185.6318359375,90218,1,5.767667377240237,1,0,1,0,0,0,0
60,34,29.24165916442871,94097,1,1.7197382235212215,3,0,1,0,0,1,0
26,6,66.29199981689453,94380,4,2.2860851904347603,2,0,1,0,0,0,0
30,6,80.37562561035156,94527,1,0.47798116907604726,1,0,0,0,0,0,0
36,11,68.67025756835938,89977,1,2.5257497672327074,2,0,1,0,1,1,0
40,17,133.32833862304688,91181,1,3.6961559063393237,2,0,0,0,0,0,1
48,37,98.08850860595703,92970,4,2.2297307520220873,1,0,0,0,0,1,0
30,4,91.69551849365234,92030,4,2.688511562935896,3,0,0,0,0,0,0
28,6,27.816789627075195,93486,1,2.0781663381578355,1,0,1,0,0,1,0
60,42,125.24164581298828,90054,1,0.1913921123168621,1,126,0,0,0,0,0
53,29,68.6849365234375,96297,1,2.537703766590806,1,0,0,0,0,0,0
30,5,123.80955505371094,92908,2,2.409560986407449,1,0,1,0,0,1,0
52,25,182.24176025390625,94984,3,0.9125851131097271,2,0,0,0,0,1,1
30,5,121.29997253417969,90755,1,3.3660382520694516,1,0,0,0,0,0,0
51,24,26.845001220703125,94007,4,2.2398540898327113,3,143,1,0,0,0,0
44,23,62.84120178222656,90996,3,2.9965837368638626,2,150,1,0,0,1,0
63,35,61.729827880859375,91149,4,1.6703404186557602,2,0,0,0,0,1,0
63,40,68.20071411132812,91896,3,2.5788362124892252,3,0,1,0,0,1,0
60,36,12.182514190673828,94961,2,0.4400552440334101,3,0,0,0,0,1,0
53,28,22.306407928466797,94991,2,0.4323943844434812,3,93,0,0,0,1,0
42,16,98.11410522460938,91788,4,1.4362840442945142,1,0,1,0,0,1,0
54,33,40.071048736572266,93978,4,0.25232025863867524,3,0,0,0,0,1,0
28,5,121.97135925292969,93694,2,1.495759328661674,1,0,0,1,0,1,0
61,34,67.83598327636719,92691,2,1.4554114624020809,1,0,1,0,0,1,0
48,26,44.17246627807617,93890,1,1.927053379901176,2,0,1,0,0,0,0
29,22,48.355194091796875,95832,4,0.9770788037253375,3,230,1,0,0,1,0
58,29,39.398338317871094,94368,2,1.3200853826902779,2,0,0,0,0,1,0
45,10,109.04068756103516,94556,2,3.8509769533821236,1,0,0,0,0,0,0
38,8,98.09957885742188,93771,2,2.0838499903103562,1,0,1,0,0,1,0
54,30,59.123226165771484,94881,4,1.1223665804157061,2,0,0,0,0,1,0
60,32,22.928855895996094,94211,2,0.8372398927255618,2,0,0,0,0,0,0
44,26,165.0452423095703,95747,2,4.10845115957988,1,369,0,0,0,1,0
60,15,17.462383270263672,94176,3,0.2761535453874948,2,124,0,0,0,1,0
62,35,39.658660888671875,94119,2,0.21314213971396168,3,0,1,0,0,1,0
54,28,20.747079849243164,94133,2,1.1456614248148658,3,0,0,0,0,0,0
51,28,79.828369140625,94077,1,2.208307720394443,1,0,0,0,0,0,0
41,15,108.73255920410156,94139,2,0.44189562119834713,1,0,0,0,0,0,0
39,3,170.62939453125,95804,1,6.390174324754845,2,374,1,0,0,0,1
32,8,81.26161193847656,94401,1,0.3199312500254827,1,0,0,0,0,1,0
33,15,29.16879653930664,94808,4,1.3589820358253863,1,147,0,0,0,0,0
46,20,74.67852783203125,95274,1,1.6226858682881118,3,0,0,0,0,0,0
51,13,130.99815368652344,90770,3,3.0370988821723834,3,416,0,0,0,1,1
63,36,82.87483215332031,95379,3,0.5358075422696491,3,139,0,0,0,1,0
32,6,58.93559265136719,94254,4,1.114419590573652,3,190,0,0,0,1,0
54,20,164.09524536132812,93543,4,6.26651484915903,2,0,0,0,0,0,1
45,36,51.503211975097656,92576,1,0.45774594230791193,2,0,1,0,0,1,0
40,27,148.23062133789062,94779,1,3.5664436216882143,1,0,1,0,0,0,0
44,16,74.90924835205078,93825,1,1.1051368088350806,3,0,1,0,0,1,0
25,2,117.04163360595703,94512,4,1.5788967630441924,1,0,0,0,0,0,0
60,26,96.81684875488281,94128,1,1.6994509647129215,1,0,0,0,0,1,0
57,28,26.32962417602539,91906,1,0.4922999961173091,1,0,0,0,0,1,0
66,41,65.511474609375,94421,4,1.7896606284755148,1,0,0,0,0,0,0
65,37,93.4739990234375,92138,2,5.939178365351463,1,0,0,0,0,1,0
51,29,145.5845184326172,90323,1,4.6982776468391405,1,0,1,0,0,0,0
62,39,78.2421875,93994,2,1.1606242141982668,1,102,0,0,0,0,0
46,27,122.48515319824219,90492,1,7.954949820556239,1,323,0,0,0,0,1
27,9,129.32455444335938,93071,2,3.3944738218477886,1,428,0,0,0,1,0
44,20,86.1818618774414,94256,1,0.2931335596692146,3,0,0,0,0,1,0
44,18,15.915447235107422,91716,4,1.1152467313000862,1,99,0,0,0,1,0
30,8,49.546504974365234,95767,2,2.7654322330848755,2,0,0,0,0,1,0
35,4,50.74784851074219,94612,3,0.4143798745049136,2,0,1,0,0,0,0
32,8,69.56734466552734,94409,1,2.470956060647794,3,0,1,0,0,1,0
67,39,122.57011413574219,90491,1,0.16671797871726624,1,0,1,0,0,1,0
31,4,38.58757019042969,91773,4,1.4805652903564932,3,82,0,0,0,1,0
46,16,27.991947174072266,93320,1,0.14155513841048198,3,0,1,1,0,1,0
56,32,163.1044464111328,94446,3,4.454089182131006,3,0,0,0,0,0,1
41,17,19.51534080505371,94169,1,0.8192018405116586,3,0,1,0,0,0,0
36,7,20.263458251953125,94921,3,1.3392496187834466,2,0,0,0,0,1,0
46,13,31.236740112304688,94688,4,1.043861978564898,3,57,0,1,0,0,0
57,37,31.244150161743164,95266,3,0.7794536233645233,3,0,0,0,0,0,0
41,15,94.45021057128906,95277,1,1.3756596591067072,3,410,0,0,0,0,0
33,5,124.02386474609375,95491,1,1.763746499127109,2,0,0,0,0,0,0
56,26,18.272130966186523,89784,1,0.061501851195659624,3,0,0,0,0,1,0
51,27,23.738313674926758,92671,2,0.418742976257883,2,89,1,0,0,1,0
46,21,133.16932678222656,90064,1,3.1324299196554453,1,0,0,0,0,0,0
59,26,111.10503387451172,94660,3,0.40746004463272356,2,0,0,0,0,1,0
50,24,27.695613861083984,91850,1,1.4131080379310577,2,229,0,0,0,1,0
58,33,66.65760803222656,94041,2,0.25659139420074073,2,0,1,0,0,0,0
34,11,53.31809616088867,94671,4,2.4192948604314637,2,0,0,0,0,0,0
43,14,157.2431182861328,94728,2,6.058760785294,3,0,1,1,1,1,1
48,21,84.13922882080078,94656,4,2.971711207685039,1,0,1,0,0,0,0
59,31,68.63933563232422,94481,1,2.795634683859588,2,150,0,0,0,0,0
25,3,40.307350158691406,94462,1,2.569737895474521,2,150,0,0,0,1,0
38,3,202.33847045898438,94232,1,0.5194881169047046,1,0,0,0,0,1,0
46,23,91.24235534667969,91357,1,0.9784897254614896,1,0,0,0,1,1,0
25,1,104.33650207519531,94597,2,2.327553582361996,1,0,1,0,0,0,0
36,8,78.70486450195312,94630,2,1.0347740492361583,3,260,1,0,1,1,0
67,42,32.991600036621094,90192,1,0.09544154928232826,1,0,0,0,0,0,0
38,15,16.95215606689453,92592,4,0.1508194264588323,1,0,0,1,0,0,0
31,3,180.94151306152344,91411,2,5.382507857287269,1,0,0,0,0,1,0
51,18,154.2053985595703,96203,1,2.608349595924527,1,0,0,0,0,1,0
62,38,163.57333374023438,92357,2,7.256426089145301,1,290,0,0,0,0,0
48,29,27.940326690673828,94536,1,0.4036250056011129,1,0,1,0,1,1,0
54,34,35.72224426269531,94370,4,1.9451560140906334,3,0,0,0,0,1,0
28,3,188.6385040283203,94159,4,1.8896332553779385,3,0,0,0,0,1,1
59,25,142.11553955078125,94173,2,1.273298253751381,1,98,0,0,0,1,0
63,40,66.31948852539062,92005,3,0.3210297671917612,1,0,1,0,0,0,0
52,16,205.81069946289062,94946,2,6.8389460282689045,1,0,0,0,0,1,0
26,3,107.6548843383789,91321,4,2.4666706841286645,1,223,0,0,0,1,0
36,26,29.85942268371582,95504,4,1.832357570889411,2,0,1,0,0,1,0
59,27,55.36171340942383,95224,3,1.0724596191966815,2,103,1,0,0,1,0
39,16,111.68428802490234,95292,1,0.5237141971165266,1,0,0,0,0,1,0
57,33,102.2278060913086,92962,2,3.100171112834189,2,0,0,0,0,1,1
51,23,184.41043090820312,93920,3,1.9973058079777728,3,0,1,0,0,1,1
41,19,19.696184158325195,90777,2,0.5070331618714705,3,0,1,0,0,0,0
27,3,31.316673278808594,95009,2,1.549879906614699,1,0,0,0,0,1,0
29,1,73.8004150390625,94240,2,1.7478241441162412,3,0,1,0,1,1,0
49,25,23.81993865966797,95540,3,1.3837576926115394,2,0,0,0,0,1,0
60,36,51.4304084777832,89955,1,1.95903452129154,2,0,1,0,0,0,0
41,13,75.0373764038086,94196,4,2.381095026390208,1,0,0,0,0,0,0
56,33,134.81106567382812,90240,2,8.579276783691174,1,0,1,1,0,1,0
29,6,105.3279037475586,89887,1,2.4025601313581,1,0,0,0,0,0,0
31,9,52.25948715209961,95056,4,1.9135794584002617,3,102,0,0,0,1,0
59,35,26.399057388305664,95165,2,1.62808621626547,1,120,1,0,1,1,0
36,10,45.287593841552734,92022,4,1.8845529478653171,1,138,0,0,0,0,0
44,16,131.3906707763672,90252,2,3.4800369849206674,1,0,1,0,0,0,1
50,21,71.34123992919922,94530,3,2.0207682651703616,1,167,0,0,0,0,0
28,4,80.88690185546875,94197,2,2.867969075876696,3,378,0,0,0,1,0
43,22,116.37052917480469,94485,2,1.197790870429847,3,0,0,0,0,0,1
57,34,15.929468154907227,93680,4,0.7942490281926805,2,89,1,0,0,1,0
39,18,41.63216018676758,92721,4,2.592858074562173,2,0,1,0,0,0,0
54,28,65.9490966796875,94782,4,2.371601181587258,2,136,0,0,0,1,0
42,12,98.32664489746094,94503,1,2.0690626733481587,1,0,0,0,0,1,0
61,31,146.0161590576172,95669,3,6.44755306765092,2,211,1,1,1,1,1
29,9,71.06915283203125,92555,1,4.5046132952101425,3,0,1,0,0,0,0
24,2,77.98330688476562,91858,4,0.5135893418964419,1,0,0,0,0,0,0
28,14,42.512664794921875,92040,1,2.126395288598327,2,0,0,0,0,1,0
47,24,62.224830627441406,94755,1,1.4197365578551109,1,0,0,0,0,0,0
49,20,30.747892379760742,89999,1,0.3015555665404483,2,0,0,0,0,1,0
44,13,129.48199462890625,95018,3,3.1767199028521533,1,0,0,1,0,0,1
35,4,23.201372146606445,95336,3,0.8264762351832693,2,0,1,0,0,0,0
32,8,105.31043243408203,90894,1,0.9990616722032665,1,0,1,0,0,1,0
34,6,48.070655822753906,93705,1,1.8340474889524339,1,147,0,1,0,0,0
31,4,59.523983001708984,92653,4,2.667912371852248,2,0,0,0,0,0,0
26,0,25.65511131286621,94266,1,0.7140493733874539,3,0,1,0,0,1,0
36,16,110.13300323486328,94100,1,1.8376701889007374,2,0,1,0,0,1,0
35,5,123.16670989990234,93885,1,2.654575543712235,3,225,1,0,0,1,0
54,36,175.76123046875,92029,2,2.7482059701181547,1,0,0,0,0,1,0
47,24,67.535400390625,92683,3,0.07049066292789272,3,0,0,0,0,1,0
57,22,9.787374496459961,94389,4,0.39039827227440627,3,0,0,0,0,1,0
38,24,66.5025634765625,92896,3,0.5674673384496607,1,0,0,0,0,0,0
47,30,61.87007522583008,94627,2,1.184352431765808,1,0,0,0,0,1,0
39,30,61.20494842529297,94510,4,0.18986955536892633,1,0,0,0,0,1,0
49,19,69.9390869140625,94514,1,1.1045845013066182,2,0,1,0,0,0,0
47,22,76.548828125,91870,2,2.915858908315414,1,0,0,0,0,1,0
58,37,26.545589447021484,94007,2,1.4990408377861442,2,0,1,1,1,1,0
42,14,74.71754455566406,89908,2,0.8449240659572387,3,0,0,0,0,1,0
54,25,22.226558685302734,95002,2,0.3621344170279186,2,0,1,0,0,0,0
41,18,82.13108825683594,95273,1,1.4636472261461326,2,0,1,0,0,0,0
39,20,155.21841430664062,94264,1,1.9954088176952642,1,0,1,0,0,0,0
40,22,17.087146759033203,94985,3,0.9222530722091385,2,0,0,0,0,0,0
59,28,13.879329681396484,94479,3,0.3416706784224764,2,0,0,0,0,1,0
58,27,171.6832733154297,93114,3,2.9031339439297033,1,0,0,0,0,0,1
25,0,62.24551773071289,89831,4,1.936574076355769,1,276,1,0,0,0,0
35,8,36.64185333251953,92037,2,1.170584957600834,2,0,1,0,0,1,0
54,33,85.41226959228516,94118,1,1.3464448373143316,2,0,1,0,0,1,0
54,33,27.20290756225586,95343,3,0.8052717922844166,2,0,1,0,0,0,0
40,32,66.5669937133789,94990,3,1.1400642417418223,1,0,0,0,0,1,0
24,6,14.139318466186523,92578,2,0.43403371013431036,3,0,0,0,0,0,0
35,9,170.76531982421875,94528,2,2.4736541024442276,1,0,0,0,0,0,0
56,23,31.046215057373047,90129,4,0.18075485812391434,2,0,0,0,0,0,0
29,4,45.60502243041992,95064,2,3.0702309926849027,3,0,0,1,0,0,0
47,30,20.078166961669922,90020,2,1.520317010078422,1,0,0,0,0,0,0
42,16,90.39171600341797,93983,1,2.865063150895061,1,144,0,1,0,0,0
55,30,28.66590690612793,94319,1,0.5882331819793429,2,0,1,0,0,1,0
27,2,23.614356994628906,94641,3,0.5539237505096939,2,0,0,0,0,1,0
29,10,89.82444763183594,94505,1,1.581295652134579,1,0,1,0,0,0,0
61,37,30.473644256591797,90139,4,1.2319472711372486,1,0,1,0,0,1,0
47,24,85.30585479736328,95273,2,1.5493782428271614,1,0,1,0,0,1,0
63,37,18.234683990478516,90081,3,0.6173722968824293,2,0,1,0,0,1,0
55,29,38.5408821105957,95482,3,2.843651822311355,2,0,1,0,0,1,0
42,18,26.997352600097656,94283,3,1.5632559881905097,3,162,1,0,0,1,0
24,2,77.27561950683594,94835,2,2.2927247171571734,3,100,1,0,0,1,0
61,36,86.77133178710938,90140,3,2.114000523472227,2,0,0,0,0,0,0
29,8,99.81922149658203,89772,2,1.3312779504001613,1,100,0,0,0,1,0
43,22,109.97848510742188,95992,2,1.8512760082123516,3,167,1,0,0,0,0
34,12,33.46312713623047,94168,4,0.7198348460855848,1,0,1,0,0,1,0
29,5,26.87622833251953,89648,4,1.8669997734033221,1,109,1,0,0,0,0
62,32,44.21235656738281,95555,3,0.15231103628019152,1,0,0,0,0,0,0
43,14,165.65664672851562,94952,2,3.2599996377223897,3,0,0,0,0,1,1
46,22,38.85310363769531,93856,3,1.3027526040871424,3,0,0,0,0,1,0
47,23,83.22164154052734,94772,1,7.987861269784038,1,0,0,0,0,0,0
52,28,71.28675842285156,92430,2,0.12676699666637162,2,0,0,0,0,1,0
31,4,157.37576293945312,94326,4,1.225996271717777,2,122,0,0,0,0,1
39,11,163.316650390625,92712,1,7.1164584045816905,1,0,1,0,0,0,0
51,28,31.552051544189453,94845,2,2.7527858110664836,3,0,0,0,0,1,0
63,40,17.548667907714844,93024,1,0.5393164983673914,2,0,0,0,0,1,0
38,8,36.67055130004883,91855,3,0.319106945761484,2,0,1,0,1,1,0
29,5,129.05841064453125,95263,4,2.1346503677822644,2,0,1,0,0,0,0
56,24,58.314537048339844,95485,2,1.132692738545323,1,155,0,0,0,0,0
38,13,98.3748779296875,94051,1,0.672361072061993,3,205,1,0,0,0,0
27,0,39.5539665222168,91116,3,2.8499915073691207,1,100,0,1,0,1,0
32,4,55.83460998535156,90194,4,2.066144111129923,1,0,0,0,0,1,0
43,15,139.9023895263672,93914,1,0.32697149989861,1,0,0,1,0,1,0
45,23,59.42700958251953,94873,2,1.8969983262168923,2,0,0,1,0,1,0
62,39,95.85087585449219,91395,1,3.8176448458423944,3,116,0,0,0,1,1
33,11,27.295045852661133,90033,3,0.12212018662177337,1,0,0,0,0,0,0
53,33,32.74500274658203,93591,4,1.315225333655973,3,153,1,0,0,1,0
32,10,22.488576889038086,91726,1,1.366749756547586,2,136,0,0,0,1,0
25,0,65.54388427734375,91375,2,2.60095656235203,3,0,1,0,0,1,0
62,35,40.35881042480469,92680,1,1.447271914994894,2,0,0,0,0,1,0
39,7,168.71595764160156,94374,2,2.7438532208907325,1,0,1,1,0,1,0
29,4,126.02586364746094,94888,2,0.574568526288808,1,0,1,0,0,1,0
51,21,62.366424560546875,95870,4,2.071771742727016,2,0,0,0,0,0,0
47,22,119.25408172607422,91421,2,7.933616338812393,1,0,0,0,0,1,0
62,31,158.46287536621094,93829,2,1.9470182198440835,1,0,1,0,0,0,0
35,6,130.82691955566406,90982,1,5.598763324023656,1,0,0,0,0,0,0
29,12,28.691490173339844,89946,4,1.5361195341918825,2,100,0,0,0,1,0
64,40,82.95198059082031,90322,1,1.2387868071845718,3,400,0,0,0,0,0
32,2,21.837862014770508,94529,4,2.435734215894157,3,0,0,0,0,0,0
51,37,88.53711700439453,89772,1,2.4299636957421575,3,0,0,0,0,1,0
63,37,161.36822509765625,91585,2,3.275627383210457,3,0,0,0,0,1,1
48,26,50.93695831298828,95226,4,2.0013305685464027,2,0,1,0,0,1,0
40,17,34.135101318359375,91976,4,2.2785763196344018,3,0,1,1,0,1,0
43,18,153.19149780273438,94958,1,0.634767361691862,1,0,1,0,0,0,0
40,22,55.26585388183594,94657,2,1.7527914592542906,1,102,0,0,0,0,0
52,22,50.49561309814453,94665,4,2.1856358343134064,3,0,0,0,0,0,0
39,24,204.47488403320312,90626,2,7.45947417615273,1,0,0,0,0,1,0
56,31,55.5518913269043,92784,2,0.3738545015413659,1,0,0,0,0,1,0
57,30,57.82950973510742,94234,1,1.7410019412548432,1,104,1,0,0,0,0
29,5,52.818077087402344,91333,2,0.8670665167471454,1,0,1,0,0,0,0
56,-2,32.92458724975586,94525,2,0.8583403857287223,1,89,0,0,0,1,0
60,35,32.58027648925781,95655,2,2.9638855500880723,3,146,0,0,0,0,0
45,15,43.99931716918945,91950,4,3.0540968536890105,3,0,0,0,0,0,0
53,29,65.1990737915039,91180,2,1.6153936903165143,1,0,0,0,0,1,0
57,32,39.095706939697266,94573,3,1.430256410511919,2,150,0,0,0,0,0
45,19,87.29749298095703,90338,3,0.15502843145947087,3,420,1,0,0,1,0
56,32,48.93751907348633,94251,2,1.0488038506506099,2,0,0,0,0,1,0
58,37,20.08870506286621,94659,2,0.9922913160370121,3,0,0,0,0,1,0
35,17,68.89907836914062,94470,1,0.5008897534745875,1,0,0,0,0,1,0
52,18,55.78956985473633,91046,3,2.316191317672343,2,100,0,0,0,0,0
41,17,45.105552673339844,93872,2,2.158147136601781,3,183,0,0,0,0,0
44,22,123.72728729248047,92293,2,0.3150355604797796,1,0,0,0,0,1,0
59,35,84.20928955078125,94956,2,0.6053090315615022,2,0,0,0,0,0,1
43,22,136.18946838378906,93901,2,3.0589397102544242,1,0,0,0,0,1,0
60,31,48.789493560791016,90515,1,2.7554427165084876,2,0,1,0,0,1,0
36,11,53.41938781738281,93109,1,1.2057829225512466,1,0,0,0,0,1,0
29,0,68.0765151977539,95309,4,1.5854333542722596,1,0,0,0,0,1,0
44,21,31.30453872680664,93727,3,0.6572048947829563,2,0,0,0,0,1,0
39,3,63.161842346191406,90412,4,1.564565299702915,2,0,0,0,0,0,0
57,38,166.41407775878906,94344,3,0.9464379102136725,1,0,0,0,0,0,0
63,41,148.9577178955078,91941,4,2.8070701442718673,2,0,0,0,0,0,1
61,35,81.44732666015625,94222,2,0.5169096151453272,3,226,0,1,0,1,0
66,40,105.63996124267578,93957,2,1.8458165304002472,1,0,0,0,0,1,0
56,28,111.25756072998047,94962,2,9.81418279885644,1,0,0,0,0,0,0
26,4,103.19924926757812,96136,4,3.4491039625052826,1,0,1,0,0,0,0
54,31,37.6563720703125,94308,4,0.48929830923708034,1,0,0,0,0,1,0
59,34,60.774017333984375,92751,3,0.7232819591780926,2,0,0,1,0,0,0
61,38,61.87826919555664,94510,4,1.9598143931683822,1,0,1,0,0,1,0
40,9,48.759376525878906,91791,3,0.5944856908376623,2,0,1,0,0,1,0
27,15,21.586750030517578,94531,4,7.00114374142415,1,131,0,0,0,0,0
47,15,38.05406188964844,91777,4,1.2720458295946266,2,151,1,0,0,1,0
61,40,72.83401489257812,92334,4,0.9338727358315053,1,0,1,0,0,1,0
41,18,155.37669372558594,94050,1,2.678895776898348,1,464,0,0,0,1,0
65,36,70.00257873535156,92142,2,0.19148199704771435,1,0,0,0,0,1,0
52,26,25.592334747314453,94945,2,0.7949964085795573,2,0,0,0,0,1,0
29,4,65.32949829101562,94335,4,2.3480696948545443,2,0,0,0,0,1,0
61,37,116.2431869506836,94451,3,1.0694701755056668,2,0,1,0,0,1,0
54,25,150.12327575683594,90448,2,0.8486513965950423,3,263,1,0,1,0,0
53,32,152.4681854248047,93056,2,2.5157246643251363,1,0,0,0,0,1,0
26,9,115.23908996582031,90466,1,8.657334205205329,3,130,0,0,0,0,0
39,31,122.58287811279297,94441,2,2.2213673146659314,1,0,0,0,0,0,0
59,32,37.98520278930664,93957,3,1.769097920897345,3,275,0,0,0,0,0
63,36,76.73422241210938,95060,3,0.9120178443711833,1,0,0,0,0,0,0
31,5,26.474077224731445,90078,4,1.475923876212266,1,149,0,0,0,0,0
32,1,18.458284378051758,95321,2,1.311192115666035,1,170,1,1,0,1,0
50,27,160.0493927001953,92767,2,2.8654818898746925,1,163,0,0,0,0,0
35,14,198.3003387451172,94880,1,5.030398224832167,1,0,0,1,0,0,0
43,12,54.853675842285156,95522,1,2.1773756398143256,1,203,0,0,0,1,0
30,4,136.16323852539062,92774,2,3.3096145270409965,1,0,0,1,0,1,0
47,38,78.20889282226562,93503,2,2.6215261639440945,1,0,1,1,1,1,0
40,17,151.6551055908203,95643,2,4.613856771225134,1,0,0,0,0,1,0
51,16,52.998748779296875,95243,2,2.0386655046436597,1,0,1,0,0,0,0
62,32,63.564605712890625,93033,4,1.25801912625493,2,0,0,0,0,1,0
57,28,63.82246398925781,94927,4,1.940950445964567,3,0,1,0,0,0,0
26,5,55.56089782714844,95235,4,1.4320632643955633,2,0,0,0,0,0,0
48,11,104.92155456542969,95227,2,2.2519032127408742,1,0,1,0,0,0,0
62,40,74.07406616210938,94315,3,0.6742162474538675,2,0,1,0,0,0,0
32,4,82.0490951538086,95002,1,1.435089575825177,1,0,0,0,0,1,0
46,21,56.24220657348633,91850,3,0.558416710613584,2,0,0,0,0,0,0
42,23,39.538482666015625,91449,1,1.0370466444750588,2,145,0,0,0,1,0
30,24,77.14873504638672,92309,1,2.7955113012739483,3,0,0,0,0,1,0
25,0,64.37528991699219,93760,3,2.167554756380105,1,0,0,0,0,0,0
62,37,22.1983642578125,94191,2,1.7036039687794682,3,0,1,0,0,1,0
31,7,96.57865142822266,91597,3,1.097389500318372,1,257,1,0,0,1,0
31,2,65.77220916748047,92317,1,0.5725094798014358,3,109,0,0,0,1,0
33,7,28.44979476928711,93948,3,0.9334306572184946,2,0,1,0,0,0,0
39,14,157.73509216308594,95402,1,7.193044522813005,1,0,0,0,0,0,0
63,39,38.685665130615234,92920,1,0.40997901789422286,1,100,0,0,1,1,0
55,26,75.71614837646484,92062,4,0.16341949173499146,1,144,0,1,0,0,0
46,24,38.84048080444336,91628,1,2.7355566556655964,2,0,0,0,0,0,0
59,36,75.2862319946289,90269,4,2.1004584237544197,2,0,1,0,0,1,0
57,31,16.015323638916016,93960,4,0.3818199220154447,2,106,0,0,0,1,0
56,26,66.57786560058594,92362,4,2.289698137384276,2,365,0,0,0,1,1
40,26,22.872665405273438,95201,2,0.8017264255307449,1,0,0,1,0,0,0
26,4,27.62439727783203,91959,4,0.47413992211415446,3,0,0,0,0,1,0
51,22,14.937950134277344,93552,1,1.5793451481592136,1,0,1,0,0,1,0
63,33,33.01190185546875,90002,1,0.1515481948200329,2,0,0,0,0,1,0
44,14,42.24263381958008,93201,2,0.46499356137389514,1,0,0,1,1,1,0
41,13,164.6959686279297,94966,3,4.34748284296405,2,0,0,0,0,0,1
60,33,19.408475875854492,94710,3,0.3657229160978845,1,143,0,0,0,0,0
54,28,47.1664924621582,94598,4,2.61570943536064,1,137,0,0,0,1,0
57,31,117.2804183959961,93073,1,1.016705496400565,3,0,0,0,0,1,0
40,26,56.43999481201172,94701,2,2.558211696319163,2,0,1,0,0,0,0
53,28,41.02138900756836,95005,1,1.396995681763062,3,0,1,0,0,1,0
53,21,115.64576721191406,92720,3,1.6237897396871657,2,0,0,0,0,1,1
58,26,26.532894134521484,92905,4,1.3523492646383,3,0,1,0,0,0,0
47,20,217.52694702148438,94739,2,4.79261404857306,1,0,0,0,0,0,0
62,37,127.0776596069336,92968,2,2.406942568072493,1,100,0,0,0,0,0
39,15,120.53834533691406,92878,3,3.014348101087033,3,263,0,0,0,0,1
43,26,155.16787719726562,95221,1,2.1613488526088798,1,0,1,0,0,1,0
39,19,161.54727172851562,94936,2,7.966449939545408,1,0,0,0,0,0,0
59,30,139.62254333496094,95566,1,0.28215278947372024,1,153,0,0,0,1,0
53,24,206.41136169433594,94202,2,2.7230218703131834,1,233,0,0,0,1,0
32,5,141.83123779296875,92402,2,5.116156768306298,1,0,0,0,1,1,0
64,41,88.92761993408203,95663,1,1.603916607501475,1,0,0,0,0,1,0
39,14,95.85063934326172,90352,2,0.9124412109945547,1,0,0,0,0,0,0
38,12,70.98406982421875,95706,1,3.021506452951739,3,0,0,0,0,0,0
58,35,76.51049041748047,90809,2,4.939046573301626,1,0,1,1,1,1,0
31,6,100.48321533203125,92328,1,0.6584107319484371,1,0,0,0,0,0,0
51,31,66.72833251953125,94012,3,1.10017174058752,1,0,1,0,0,1,0
45,29,88.60047149658203,94592,1,0.33640378616891586,1,0,1,0,0,0,0
32,5,37.69093322753906,91133,4,1.1352642155157955,1,0,1,0,0,1,0
54,19,63.825599670410156,91728,2,2.3005717439202726,3,0,0,1,0,0,0
46,16,122.03034973144531,91147,2,2.2808040390989004,1,0,1,0,0,0,0
62,25,160.86058044433594,90201,3,7.739299675769684,1,0,0,0,0,1,1
67,41,26.441009521484375,92387,2,0.564011653388181,3,0,1,0,0,0,0
29,9,77.73301696777344,91904,4,4.445559384781414,1,411,1,0,0,1,0
51,19,189.34854125976562,94407,1,5.347677490959348,1,0,0,0,0,0,1
57,34,28.496498107910156,95496,1,1.805156829041094,3,0,1,1,0,1,0
56,36,132.3931884765625,91809,2,1.2173867029841994,3,0,0,0,0,0,0
41,10,40.08534622192383,94989,4,1.1880626474085956,2,98,0,0,0,0,0
62,38,66.16264343261719,92606,2,0.26581834641645985,1,119,0,0,0,1,0
44,9,23.39348030090332,92063,4,1.7447059148897575,3,96,0,0,0,1,0
51,29,19.748023986816406,90906,3,0.36271091797192917,1,0,0,0,0,1,0
42,18,34.91265869140625,92658,1,1.5463863693553697,3,201,1,0,0,0,0
57,32,78.84400939941406,94428,2,0.42019213822751916,1,0,0,0,0,0,0
58,32,72.46531677246094,92442,4,1.0044320656149828,2,0,1,0,1,1,0
42,32,60.78001022338867,94208,3,2.823735775503062,3,0,0,0,0,0,0
62,37,88.87100982666016,92108,2,2.5869876860734466,3,0,0,0,0,1,0
50,26,28.034408569335938,93864,4,1.430151876407615,2,0,0,0,0,1,0
43,9,71.54109954833984,95686,1,2.528489575651932,3,369,0,0,0,1,0
64,41,36.392486572265625,91285,1,0.44441124747233696,1,143,1,0,0,0,0
58,32,68.15798950195312,95226,3,2.056040196801639,2,0,0,1,1,1,0
49,29,52.41191101074219,95296,2,0.22858239837150193,1,0,1,0,0,1,0
35,6,128.98464965820312,94890,4,1.480205153506826,3,0,0,0,0,1,0
28,5,81.77147674560547,94243,4,0.8001869872095353,2,0,0,0,0,1,0
40,14,68.14419555664062,94565,1,2.0916855075602143,2,0,0,0,0,1,0
56,18,70.50735473632812,92365,1,2.5814412090431196,3,0,0,0,0,0,1
56,24,32.484832763671875,91594,1,1.7730153895349898,3,0,0,0,0,1,0
62,32,30.837196350097656,90905,1,1.169148890973789,1,202,0,0,0,0,0
42,17,20.741518020629883,95683,4,0.9387672097978842,1,0,0,0,0,1,0
52,33,128.40969848632812,91985,4,3.3803625986881474,1,0,0,1,0,1,0
41,14,33.9628791809082,93836,1,0.3300764533720381,2,0,0,0,0,1,0
61,36,78.51072692871094,94961,1,1.1720378896480068,1,290,0,0,0,0,0
38,11,72.9664077758789,94650,2,1.2447524120807194,2,111,0,0,0,0,0
28,2,106.3988037109375,94632,3,1.3732864726670562,2,0,1,0,0,1,0
52,29,102.90827941894531,92549,1,4.073498808912283,1,155,0,0,0,1,0
38,10,86.44037628173828,94367,4,1.5814756081571497,3,111,1,0,0,1,0
30,4,30.968595504760742,92860,4,1.0625254385649414,3,217,0,0,0,0,0
65,40,162.79933166503906,91656,4,3.1152654305482703,2,234,1,0,0,1,0
33,7,30.681503295898438,92953,2,1.0345056694340282,3,0,0,0,0,1,0
63,36,99.24406433105469,94446,4,1.121076343758772,1,0,0,0,0,1,0
62,37,101.15499114990234,92584,1,1.6416837365433552,1,0,0,0,0,0,0
57,34,80.43985748291016,94631,1,0.6246439478797473,1,0,0,0,0,1,0
64,38,199.24697875976562,95306,1,2.962769330417345,1,0,0,0,0,0,0
48,31,41.9892692565918,93604,1,2.862371150830371,2,0,0,0,0,1,0
44,21,212.11122131347656,95156,2,6.660120924588183,1,0,0,0,0,1,0
42,22,78.70590209960938,90819,1,1.0523434131253004,1,0,1,0,0,0,0
43,14,30.628738403320312,91875,4,0.6920603025031046,1,89,0,0,0,1,0
31,8,30.847368240356445,94637,2,0.4551915852190812,2,0,1,0,0,1,0
53,26,188.88441467285156,90226,1,1.008906640857526,1,0,0,0,0,1,0
39,16,118.11628723144531,90507,3,3.000654693031175,2,388,1,0,0,1,1
29,4,38.719825744628906,89894,4,1.137435427578528,2,0,1,0,0,0,0
39,18,22.915040969848633,91976,3,2.641016962790784,2,0,0,1,0,1,0
45,18,142.85238647460938,93335,2,4.067950724026582,1,0,1,0,0,0,0
32,5,52.96305847167969,95799,4,0.22369245280004973,2,119,0,1,0,0,0
61,38,96.48645782470703,91838,4,0.3152206641969326,2,0,1,0,0,0,0
48,15,81.91676330566406,95168,2,0.9053056619577134,1,0,1,0,0,0,0
56,34,108.2568130493164,93938,2,3.3388352626649076,3,0,0,0,0,1,1
34,6,37.38508605957031,91052,4,0.8483897849593774,1,0,1,0,0,1,0
62,36,45.17561721801758,89853,1,0.555690550099702,1,0,0,0,0,0,0
37,7,135.05255126953125,95417,2,2.0079639506117886,1,0,1,0,0,1,0
64,38,66.87202453613281,91127,1,2.0600822574885482,1,92,0,0,0,0,0
32,11,64.56285858154297,95452,4,0.5356822458799975,1,153,1,0,0,1,0
40,7,161.41477966308594,89813,2,0.5560722588591264,1,193,1,0,0,1,0
43,19,46.64237594604492,89888,1,2.208181929773349,3,0,1,0,0,0,0
35,11,104.64939880371094,92564,4,4.677188400824404,1,0,0,0,0,0,0
30,3,38.014991760253906,94367,4,2.315689748339312,2,0,1,0,0,1,0
40,27,32.61589813232422,94322,4,2.079987274063783,3,0,1,0,0,0,0
44,11,54.26163101196289,91419,2,1.4098917931880348,3,0,0,0,0,1,0
29,3,33.910892486572266,91197,1,2.008970075754291,2,0,1,0,0,0,0
59,30,55.55714416503906,94122,2,0.4072930802055147,3,0,0,0,0,1,0
44,15,48.4412841796875,92011,1,0.19323416317951173,2,0,0,0,0,1,0
58,35,23.715572357177734,91826,3,0.4571602625433894,1,0,0,0,0,0,0
64,41,68.3167953491211,90835,4,0.34610628344560895,2,149,0,0,0,1,0
43,10,110.17764282226562,93783,3,0.6331357604073525,1,0,0,0,0,1,0
52,27,82.69562530517578,90070,1,1.782049352969273,3,0,1,0,0,0,0
61,37,137.37741088867188,92576,2,4.010262628440653,1,0,0,0,0,0,0
28,4,11.986839294433594,94017,1,0.11151021956273888,2,114,1,0,0,1,0
29,6,52.95183181762695,94200,4,1.5218812398372372,1,171,0,0,0,1,0
62,37,56.518226623535156,91146,2,2.9145499654345386,3,139,0,0,0,0,0
37,2,58.61909103393555,91242,2,2.3215076394997225,1,0,1,0,0,1,0
49,35,29.165918350219727,89767,4,1.2822938186454023,1,0,1,0,0,0,0
33,7,86.36640930175781,94267,2,2.7105544898401592,1,0,0,0,0,1,0
29,5,76.60260772705078,94397,4,2.6605638888128635,2,0,0,0,0,0,0
57,27,52.441959381103516,94594,2,6.5987337269059285,3,0,1,1,0,0,0
41,20,62.816612243652344,90257,4,1.1911336852523362,2,0,0,0,0,1,0
51,17,72.47045135498047,94724,3,4.06994999058633,2,0,0,0,0,1,1
26,3,71.66460418701172,92403,4,4.590140881707543,1,0,1,0,0,1,0
62,33,88.98029327392578,94137,1,0.16003787993713933,1,0,0,0,0,1,0
58,27,68.37576293945312,95809,3,1.557646303488027,2,0,1,1,0,1,0
59,28,37.892822265625,95934,3,1.5611688280419909,3,143,0,1,0,1,0
31,11,29.215240478515625,90306,4,0.8483160960231341,3,0,1,0,0,1,0
52,27,60.040740966796875,94449,4,0.8737415371072831,1,0,0,0,0,0,0
34,8,196.26663208007812,94584,2,3.047187840683227,3,0,1,0,0,1,0
50,13,104.55027770996094,94055,2,8.90420808377506,2,298,1,0,0,0,0
31,3,57.67770004272461,92017,4,0.7319806665498856,2,98,0,0,0,1,0
36,11,79.64830017089844,94572,3,1.6694600435446454,2,0,0,0,0,1,0
46,21,102.89161682128906,93724,2,1.7944600427336672,1,0,1,0,0,1,0
41,17,141.1704864501953,90300,4,3.4789370574881304,2,0,1,0,1,0,1
55,28,122.5732192993164,90015,1,1.0755576583413684,1,0,0,0,0,1,0
27,-2,81.33206939697266,94955,4,2.250812011574654,1,117,0,0,0,0,0
59,35,19.09828758239746,94558,1,1.481612804509947,3,164,1,0,0,1,0
32,2,52.009681701660156,95312,4,1.3352774227330106,3,147,1,0,0,0,0
55,24,48.0217399597168,93286,4,1.4623233023395774,2,92,0,0,0,0,0
27,8,53.137638092041016,89918,4,0.9019161516194262,2,259,0,0,0,0,0
55,28,44.039588928222656,92837,4,1.7451062605266179,3,0,0,0,0,0,0
62,41,19.487197875976562,95386,4,1.406928020281916,3,83,1,1,1,1,0
61,36,44.038570404052734,90209,2,2.0004997159988593,2,0,1,0,0,1,0
25,4,72.87848663330078,93023,4,1.5558578710863242,1,0,0,0,0,0,0
30,5,90.79724884033203,94276,2,1.875904280653834,1,0,0,0,0,0,0
53,30,40.929969787597656,95504,2,1.5285328310691795,2,0,0,0,0,0,0
35,6,52.685340881347656,91834,3,0.772171112917451,2,0,0,0,0,0,0
42,19,30.66461181640625,94846,2,0.6576975565348133,1,0,1,0,0,1,0
64,40,97.71653747558594,94708,3,1.8454251457215514,1,0,0,0,0,1,0
59,40,48.23957824707031,92045,1,0.3169616902308271,3,0,0,0,0,0,0
61,34,173.1442413330078,91321,3,4.076385606601448,2,0,0,0,0,1,1
58,33,141.68045043945312,90729,4,2.870226174203352,1,0,1,0,0,0,0
25,1,43.21559143066406,94172,1,1.4467326588950558,1,0,0,0,0,1,0
62,40,123.9625015258789,94935,2,2.0234719755138304,1,0,1,0,0,1,0
27,3,51.79310607910156,94036,4,2.1285147528926425,2,0,0,0,0,1,0
38,21,32.315452575683594,95014,4,0.6076766784030359,3,110,0,0,0,1,0
44,12,29.771791458129883,94288,3,0.5593207939258455,2,0,1,0,0,0,0
42,10,83.606689453125,94890,1,2.7409432037457435,3,298,0,1,0,1,0
51,20,89.5689926147461,92709,2,2.2489998373172426,1,0,1,0,0,1,0
27,3,30.121896743774414,89820,2,0.2029941262484842,1,0,1,0,0,1,0
46,10,84.06161499023438,91728,2,0.8869282460456523,1,191,0,1,0,1,0
57,32,111.85568237304688,92928,1,9.23774297327614,2,0,0,0,0,0,1
29,5,152.36424255371094,94639,4,7.669747618168086,2,0,0,0,0,0,1
36,15,42.00161361694336,93018,1,2.9703499328165286,2,0,0,0,0,1,0
57,30,34.60855484008789,96115,1,0.47837988685330407,2,0,0,0,0,1,0
36,1,14.950033187866211,92442,4,0.2459450518943381,3,0,0,0,0,1,0
48,20,99.23003387451172,91961,2,2.7965505306076017,2,0,1,0,0,0,0
62,39,107.22200775146484,89933,4,1.722550648341767,2,0,0,0,0,0,0
46,25,111.13468933105469,94512,2,8.819696389940102,1,0,0,0,0,0,0
45,30,77.37135314941406,94287,1,2.3365866984314856,1,0,0,0,0,1,0
58,39,44.57151412963867,94276,1,1.8812280140000266,1,0,1,0,0,1,0
44,13,32.77389144897461,95200,1,0.4836556017098448,3,0,0,0,0,0,0
61,36,68.10954284667969,90714,3,1.5730795587864983,2,0,0,0,0,1,0
55,26,18.14642333984375,92930,1,1.1118836021431608,3,0,1,0,0,0,0
51,14,26.246150970458984,94517,4,0.24813137000282473,3,0,0,1,0,1,0
43,17,110.08894348144531,95482,1,0.14148696616279602,1,346,0,0,0,0,0
63,37,19.779430389404297,90115,1,0.11993786715295801,1,102,0,0,0,1,0
52,26,100.24398040771484,94067,2,0.9474141815566651,3,0,0,0,0,1,0
54,30,44.831459045410156,93866,2,0.49221421627451767,1,0,1,0,0,1,0
59,27,48.6782112121582,89739,4,0.9472088944766004,2,0,1,0,0,1,0
66,40,51.21213912963867,92436,3,1.1384503450758008,1,0,0,0,0,1,0
55,32,78.76049041748047,93537,1,1.080375492988669,2,396,1,0,0,1,0
35,6,47.15745544433594,90833,1,0.33726456142046635,3,0,1,0,0,1,0
44,20,49.80802917480469,90121,1,0.34543429055778685,1,360,0,0,0,1,0
28,8,16.765506744384766,93572,2,1.778138484842276,3,0,0,0,0,0,0
60,32,37.66703796386719,91610,3,3.216226873015721,1,0,0,0,0,0,0
27,6,82.23936462402344,93953,2,2.669295008328201,3,0,0,0,0,1,0
39,5,34.36964416503906,91911,2,2.5229333480698934,3,0,0,0,0,1,0
61,33,18.018205642700195,89544,2,0.6695207764391977,3,0,0,0,0,1,0
54,35,172.16082763671875,91734,1,2.434040784860491,1,0,1,0,0,1,0
40,23,94.48209381103516,91852,2,0.27273978980176383,1,0,1,0,0,0,0
32,6,179.91131591796875,92285,1,2.3973552875810107,1,0,1,0,0,1,0
31,11,32.15908432006836,93411,2,2.059420757297822,1,82,0,0,0,0,0
47,33,57.27117156982422,90235,4,1.4806145725041138,3,99,0,0,0,1,0
42,12,53.0282096862793,90227,2,4.328661400101296,2,0,1,0,0,1,0
63,38,117.5811538696289,95402,2,0.8846855260802441,1,0,0,0,0,0,0
34,16,51.875328063964844,94948,1,0.7882037729922681,2,0,0,0,0,1,0
63,38,50.71086502075195,93759,1,2.207325385555399,1,93,0,0,0,0,0
38,25,25.141368865966797,94978,1,0.7679120856843002,3,0,0,0,0,1,0
32,9,49.5721435546875,89830,4,2.460691714563066,3,0,0,0,0,1,0
63,39,155.29098510742188,91939,4,3.4332008045281874,3,0,0,0,0,1,1
30,9,32.822967529296875,93656,3,2.4101896482197396,1,147,0,0,0,0,0
49,20,122.8517074584961,94322,1,1.3809724394768574,2,0,0,0,0,1,0
42,12,51.1447639465332,93771,4,1.7709301839369278,2,147,0,0,0,1,0
47,24,77.1471176147461,91862,2,2.4947362576683565,1,0,1,0,1,1,0
47,29,41.101314544677734,95657,4,1.0942249529372732,1,0,0,0,0,1,0
45,29,54.801788330078125,91797,4,2.3174782431867165,3,0,0,0,0,1,0
59,37,132.27096557617188,96117,2,1.000022720410231,1,0,0,0,0,0,0
57,32,37.56444549560547,96056,2,1.742263207650631,1,0,0,0,0,1,0
59,35,62.800254821777344,91923,1,1.799583119307243,1,0,1,0,0,0,0
32,3,185.76695251464844,90407,2,6.956085598208833,1,0,0,0,0,1,0
28,5,22.12796401977539,94059,1,0.7177261012419653,3,0,0,0,0,1,0
55,35,27.419780731201172,94652,1,0.47048407136425274,2,103,0,1,1,1,0
44,10,58.46878433227539,95206,3,1.5910015000941071,1,0,0,0,0,1,0
34,7,52.36092758178711,90044,3,1.8490771826604178,2,0,0,0,0,0,0
43,31,96.3664779663086,95169,2,8.741308611351924,2,0,0,0,0,0,0
44,21,113.80516052246094,90342,1,4.307315868345595,1,196,1,0,0,1,0
53,28,138.65664672851562,92795,2,1.3599864804410493,1,0,1,0,0,1,0
61,38,64.6715087890625,90096,3,0.21819277455580066,2,0,1,0,0,1,0
52,32,85.76533508300781,94085,1,2.567543363326393,3,0,1,0,0,0,0
50,13,25.04653549194336,92895,2,0.3670666213719441,3,0,1,0,0,1,0
50,18,130.50164794921875,89645,1,6.312797957361291,3,0,0,0,0,1,0
25,1,14.276626586914062,92804,4,0.6583413093117987,2,98,1,1,0,1,0
42,26,100.29541015625,91216,4,1.5433400557210137,3,0,0,0,0,1,0
55,22,156.6311798095703,94013,1,2.4451940402789316,1,0,1,0,0,1,0
35,5,108.01383972167969,94829,1,2.1375804200095754,1,0,0,0,0,0,0
27,0,11.676291465759277,94825,1,1.224871917921501,2,98,1,0,0,1,0
34,11,34.65692901611328,91376,3,0.6524059294938189,1,0,0,0,0,1,0
54,25,38.71051788330078,94675,4,0.809185288928133,2,109,1,0,0,1,0
48,20,19.841094970703125,92390,2,0.26603004940836295,2,0,1,0,0,0,0
38,24,127.21241760253906,90244,2,1.9593336861582666,1,0,0,0,0,0,0
30,8,137.95616149902344,93913,3,1.8347488166259347,1,225,1,0,0,0,0
50,25,35.356910705566406,94097,4,0.2557371538668576,2,125,1,0,0,1,0
66,39,93.4049072265625,92459,4,0.773434418428505,3,0,1,0,0,1,0
61,38,95.08390045166016,91848,2,2.1238508333175963,2,0,1,0,0,0,0
41,11,44.905052185058594,94180,2,1.7586944826395505,3,0,1,0,0,1,0
36,13,121.79121398925781,95063,3,0.8511024996052065,3,0,0,0,0,1,1
46,21,60.13926696777344,94593,4,3.086442501073265,1,386,0,0,0,1,0
32,6,69.53897094726562,89886,1,2.9111986895430366,1,0,1,0,0,0,0
28,0,62.68668746948242,89951,2,0.7976233293815118,1,0,0,0,0,1,0
32,8,38.098060607910156,95365,4,1.565935508263419,1,0,0,0,0,0,0
57,16,66.43163299560547,92257,3,1.8076085971515072,1,0,0,0,0,1,0
54,36,126.51005554199219,94388,3,1.6530098443858878,3,294,0,0,0,1,1
48,25,103.55624389648438,90966,1,2.271667962701263,3,395,1,0,0,1,1
52,26,103.6568374633789,89947,1,2.692428239397407,2,0,0,0,0,1,0
66,41,31.97933578491211,92791,3,1.9886783200749119,2,0,0,0,0,1,0
46,19,78.98406219482422,94492,1,7.808577184352816,1,386,0,0,0,1,0
50,28,55.40062713623047,94470,2,3.28605818185284,3,0,0,0,0,0,1
57,30,100.45025634765625,92425,2,0.8578723476351241,1,0,1,0,1,1,0
39,11,77.65300750732422,90073,2,1.3510763045368468,2,103,0,0,0,0,0
56,16,101.03407287597656,93811,2,5.321591742804224,1,0,0,0,0,0,1
65,40,77.8548583984375,94320,4,1.1944976021614524,2,0,0,0,0,1,0
62,31,65.18612670898438,93977,1,1.8565339487674482,1,0,1,0,0,1,0
47,22,45.15602111816406,91388,4,1.5278699824369406,1,149,0,0,0,0,0
62,37,11.150260925292969,96367,3,0.7164356130561522,2,78,1,0,0,1,0
35,9,94.53931427001953,94099,2,0.6974038537437928,2,0,1,1,0,0,1
54,32,27.32819175720215,95195,2,1.0066481512342542,3,0,0,0,0,1,0
50,30,40.79109191894531,93112,3,2.162535071154496,3,0,0,0,0,1,0
41,15,123.28250885009766,94457,4,2.7039931949034792,1,0,0,0,0,0,0
34,11,13.322637557983398,95590,1,0.4650572250690623,3,0,1,0,0,1,0
30,8,110.40943145751953,89831,2,0.4900871092928901,1,0,0,0,0,0,0
46,30,29.31623649597168,90479,4,1.1774529810554881,3,94,0,0,0,0,0
39,12,59.241920471191406,94140,3,1.6978835042316747,3,0,0,0,0,0,0
54,23,134.97381591796875,92542,1,0.40465377613674036,1,0,1,0,0,1,0
57,26,21.227153778076172,94535,4,2.5132059517799505,1,0,1,0,0,1,0
34,7,49.915157318115234,94087,1,2.6023650772572404,1,0,0,0,0,0,0
61,36,156.88021850585938,94558,4,3.719030558852937,2,396,1,0,1,1,1
60,36,17.17666244506836,92664,4,0.37635400952026377,1,0,1,1,0,1,0
56,25,121.98518371582031,94209,1,5.613486586942724,2,0,0,0,0,1,0
30,6,47.80625915527344,91909,4,0.5302596034804132,3,0,0,0,0,0,0
48,27,60.32256317138672,95203,1,4.819692060330304,3,0,1,0,0,1,0
44,19,13.334488868713379,90176,4,1.2209674938162198,3,0,0,0,0,0,0
49,17,108.30236053466797,95845,2,0.310270039191829,3,0,0,0,0,0,0
29,5,115.98107147216797,94535,1,4.767448434307817,1,0,0,0,0,0,1
49,26,147.4062957763672,94895,1,7.713903517290003,1,387,0,0,0,1,0
51,29,61.76877975463867,94954,2,2.314853375591756,1,0,0,0,0,1,0
37,14,121.89556121826172,94979,4,1.0562849404827679,3,0,0,0,0,1,1
30,8,129.13211059570312,95827,2,4.382817761354291,3,0,1,1,1,1,1
57,32,77.86445617675781,95568,1,3.887187811071243,3,0,1,0,0,1,0
40,20,86.10326385498047,95158,1,2.5730222360165396,1,0,0,0,0,1,0
61,37,58.05964279174805,94080,1,1.4719221558341626,2,89,0,0,0,0,0
45,27,14.195825576782227,94767,2,0.6430953107251093,2,0,1,0,0,1,0
39,15,90.72323608398438,94081,2,1.805265523278443,3,0,1,0,0,0,0
32,9,94.34180450439453,89787,1,5.3438980258047994,1,235,0,0,0,1,0
34,8,34.30790710449219,90171,4,1.4425927836469632,1,0,1,0,0,1,0
28,1,94.89495849609375,91710,2,2.7042928622242743,3,0,0,0,0,1,0
63,39,40.495574951171875,94256,4,1.9637702534233068,1,0,0,0,0,1,0
57,34,103.0697021484375,94834,2,2.355462714492653,1,0,1,0,0,1,0
55,33,46.079864501953125,93767,3,1.0018812735894662,3,246,0,0,0,1,0
27,2,61.863311767578125,94151,1,1.8438973242104715,3,0,1,0,0,1,0
61,30,24.13632583618164,94030,1,0.18698877644612577,2,0,0,0,0,0,0
41,15,17.12911033630371,94487,2,1.1916824580770822,1,84,1,0,0,1,0
58,37,120.03850555419922,90175,3,1.5589120029225074,1,150,1,1,0,0,0
36,14,56.52894973754883,94083,2,2.6264841528166256,3,0,0,0,0,0,0
28,7,104.39966583251953,94650,4,0.3511491769844884,2,0,0,0,0,1,0
35,12,60.17428970336914,93744,1,1.604768095825349,2,0,0,0,0,0,0
38,4,27.95033073425293,94844,4,2.109167226176443,1,0,0,0,0,0,0
59,34,48.96421432495117,94180,2,0.10116021618187859,1,0,1,0,0,0,0
34,2,50.58399200439453,94859,4,0.714964938581859,2,0,1,0,0,1,0
31,4,41.56450271606445,95065,1,1.4632406296945524,3,0,0,0,0,1,0
63,36,67.34759521484375,90146,1,0.4528462793373489,2,0,1,0,0,1,0
54,34,24.462825775146484,92643,4,0.30792959070058074,1,218,0,0,0,1,0
54,32,50.2408332824707,93334,4,0.22030951897637796,1,0,0,0,0,0,0
47,28,48.75702667236328,90662,2,0.6016061349272593,2,0,0,0,0,1,0
42,30,51.88737869262695,93164,2,0.9171318332350572,1,0,0,0,0,1,0
50,34,9.974435806274414,93042,3,0.5036491426218199,2,78,0,0,0,0,0
31,6,198.96405029296875,92310,2,3.7207332139529496,2,0,0,0,0,1,1
57,27,25.89354133605957,94247,4,1.4145266380444648,3,136,0,0,0,0,0
47,29,71.13422393798828,95661,1,1.4313016266635579,2,0,1,0,0,1,0
62,39,133.04476928710938,93984,1,1.534787667292097,2,0,0,0,0,0,1
53,16,48.233070373535156,95125,1,0.6130932860288058,2,0,0,0,0,1,0
60,34,48.37042999267578,93038,2,1.0624068804043814,1,128,1,0,0,1,0
58,36,55.75165939331055,92385,4,1.3034269926850177,2,0,1,0,0,1,0
50,25,62.16952133178711,94426,3,0.0966602486899,1,0,0,0,0,1,0
62,36,17.571914672851562,94351,2,1.4432982092734674,3,0,0,0,0,0,0
32,9,47.62720489501953,90914,4,0.4127223276496379,3,0,0,1,0,1,0
40,15,44.4542121887207,95556,3,1.810471314178895,1,270,0,0,0,0,0
39,11,149.58314514160156,94720,2,2.3951711384752037,1,0,0,0,0,1,0
47,19,91.1636962890625,94299,2,0.4127562053753221,1,0,0,0,0,1,0
37,17,155.51223754882812,93064,2,5.588758960729152,1,368,0,0,0,1,0
38,13,8.908361434936523,95278,4,0.34733317876201836,2,103,0,0,0,0,0
28,13,122.69288635253906,92448,2,1.9146204303108147,3,464,0,0,0,0,1
31,5,46.666934967041016,92028,2,0.37335804070595385,3,147,0,0,0,0,0
62,36,58.162105560302734,93869,4,0.32902073109328417,1,0,0,0,0,1,0
27,1,16.19194221496582,90153,3,0.25920533230612786,2,101,0,0,0,1,0
30,2,54.60285186767578,95229,3,1.4696623208318673,3,210,1,0,0,0,0
37,27,57.882850646972656,91813,4,3.0023020590181604,1,0,1,0,0,1,0
49,34,20.588272094726562,92877,1,1.8157560439399334,3,92,0,0,0,0,0
60,41,55.21534729003906,94326,2,2.6032183769612933,1,0,0,0,0,0,0
46,26,180.4624481201172,95041,1,1.2430010849148454,1,156,0,0,0,1,0
42,13,32.20559310913086,93375,4,0.10960509569485061,2,148,1,0,0,1,0
35,18,205.24282836914062,93975,1,6.894063719048265,1,0,0,0,0,1,0
47,24,11.540335655212402,91900,2,0.16371567761813596,1,0,0,0,0,1,0
58,35,208.9348907470703,92016,2,7.5360765128204585,1,193,1,0,1,1,1
29,3,43.21961212158203,93836,2,0.7221518849191384,2,0,1,0,0,1,0
51,21,33.15233612060547,94193,4,1.1481200720415259,2,0,0,0,0,0,0
41,14,125.78024291992188,94947,1,2.8659778873910424,2,0,0,0,0,1,1
61,27,69.87191772460938,94246,2,1.725275552389381,3,0,1,0,0,0,0
30,9,97.56177520751953,94356,3,2.1153086110488832,1,144,1,0,0,1,0
40,13,47.66672897338867,94049,2,2.603924616153384,2,0,0,0,0,1,0
61,39,61.18873977661133,92756,1,3.427017432882415,3,151,0,0,0,1,0
54,18,71.6809310913086,89965,1,1.7771063822879516,1,155,0,0,0,0,0
32,12,50.31059265136719,91761,4,0.4776650030194312,2,0,1,0,0,0,0
49,30,131.913818359375,94585,4,2.3234149810062137,2,170,0,0,0,1,0
52,37,107.71762084960938,92995,2,0.4181478695140006,2,0,1,1,1,1,0
27,0,59.17531967163086,92005,4,0.21752102879559687,2,0,0,0,0,1,0
48,18,135.3656463623047,89861,2,0.8171478768249977,1,136,0,0,0,0,0
44,27,100.22203826904297,95239,1,1.4601132490505144,1,0,1,0,0,1,0
56,29,129.1266326904297,89931,3,2.3862731281846097,3,0,0,0,0,0,1
53,23,119.02670288085938,94297,1,1.9359324093054775,1,215,1,0,0,1,0
40,12,19.746877670288086,93698,4,0.7727889438407654,2,103,0,0,0,1,0
37,7,94.43555450439453,95076,3,1.4224162527759843,2,0,1,0,0,1,0
37,10,121.41191864013672,95476,1,5.106428661951663,1,0,0,0,0,1,0
56,21,108.9135513305664,94310,2,0.5214216089719548,3,0,0,0,0,1,0
24,-2,62.34895324707031,94896,4,0.9455734602958882,2,0,1,0,0,1,0
42,18,68.61090850830078,92985,2,0.8502571231348682,1,0,0,0,0,1,0
64,39,28.01006317138672,91188,3,1.0799498002499344,3,0,0,1,0,1,0
49,23,136.65814208984375,94057,4,1.044011485895332,2,375,0,0,0,0,1
28,5,25.51668930053711,93627,4,0.2618701618931296,1,0,0,0,0,1,0
40,11,34.32372283935547,93872,2,0.7994883442738545,2,76,0,0,0,1,0
31,15,199.3946990966797,94357,1,9.287681451936937,1,0,0,0,0,0,0
61,37,41.133262634277344,92766,1,0.9706638391607406,1,0,0,0,0,1,0
45,20,32.31475067138672,91710,3,1.8791840537878026,2,309,1,0,0,1,0
52,27,48.29670333862305,95015,4,1.6436579011950174,1,239,1,0,0,0,0
63,31,82.59928131103516,92110,1,2.8960213167846787,2,0,1,0,0,0,1
30,4,90.96562194824219,91875,4,3.427169095319685,1,0,0,0,0,1,0
43,27,117.15579223632812,94669,1,2.822394318029408,1,0,0,0,0,0,0
51,27,49.206687927246094,89713,2,0.47171645992587835,3,0,1,0,0,0,0
31,6,67.84153747558594,95350,1,1.497582880525898,1,0,1,0,0,1,0
30,6,79.35100555419922,94974,3,4.781335627132377,2,0,1,0,0,1,0
33,10,16.63601303100586,93686,3,1.3358057703894368,2,0,1,0,0,0,0
54,34,84.7894058227539,94024,1,1.4201439286333897,1,0,0,0,0,1,0
33,13,88.99374389648438,92756,2,0.9012679215707262,1,143,0,0,0,0,0
64,43,66.21989440917969,92748,2,2.8553347145493477,1,0,0,1,0,0,0
31,6,185.02142333984375,95736,1,3.3984093948961873,1,0,0,0,0,1,0
32,6,15.683956146240234,94239,4,0.14750278278697515,2,0,1,0,0,1,0
54,29,55.005924224853516,95043,1,2.3875085883326572,2,0,0,0,0,1,0
59,38,127.65744018554688,91610,4,0.1584400391543498,2,0,0,1,0,1,0
59,34,44.99857711791992,89982,1,0.370208643121618,3,0,0,0,0,1,0
52,22,90.67709350585938,94770,1,0.6043326803172646,1,0,1,0,0,1,0
40,12,81.33340454101562,94292,2,2.1688556751902293,3,0,1,0,0,0,0
50,14,55.23314666748047,94471,1,0.9733626403002756,3,153,0,0,0,0,0
33,8,77.6633529663086,95798,4,1.2169505866435129,1,183,0,0,0,0,0
28,3,61.420738220214844,94946,1,2.186479101066407,1,0,1,0,0,0,0
64,33,57.94677734375,92140,2,0.5628062270814173,1,160,0,0,0,1,0
30,7,62.04487609863281,95409,1,1.8412391355891935,1,0,1,0,0,1,0
60,34,104.71753692626953,93834,3,0.40089168791296587,1,170,0,0,0,0,0
35,14,22.999788284301758,89692,3,0.6678564305939922,1,0,1,0,0,0,0
64,41,104.40837097167969,92862,2,2.161257182319084,3,283,0,0,0,1,0
48,28,56.56757354736328,91906,1,1.1035604127627776,3,0,0,0,0,1,0
34,6,11.858750343322754,92649,1,0.41792311209977273,2,0,1,0,0,0,0
33,9,74.2588882446289,91159,3,2.8421492494868525,1,0,1,0,0,0,1
30,5,108.70941162109375,95316,3,7.328711826582988,1,206,0,0,0,0,0
63,37,76.51898956298828,92477,1,1.5074227244716965,1,0,0,0,0,0,0
42,17,64.98983001708984,90793,1,0.2221584404658244,3,215,0,0,0,0,0
55,32,57.91179275512695,92507,1,0.4275556738017238,3,0,1,0,0,1,0
48,25,51.72853088378906,89788,1,6.0021624136486915,1,228,0,0,0,0,0
42,22,78.73365020751953,92100,4,0.7549227326475684,1,77,0,0,0,1,0
57,20,77.85875701904297,90200,1,0.39382157849115307,2,0,0,0,0,0,0
34,15,124.50045776367188,94187,2,1.2576122421901172,1,0,0,0,0,1,0
33,19,102.41236877441406,91926,2,0.4236900752726168,1,0,1,0,0,1,0
54,35,79.08573150634766,93785,1,3.288785030088046,3,0,0,0,0,1,0
43,24,128.56124877929688,95585,3,6.618139439553365,3,187,0,0,0,0,1
40,13,29.716598510742188,93096,1,0.10918280287588353,1,0,0,0,0,0,0
53,21,41.11021041870117,92225,4,1.70348484774958,1,0,1,0,0,0,0
56,35,24.372760772705078,90086,1,0.012160956081334218,2,0,0,0,0,1,0
41,24,104.09264373779297,94004,1,1.0962692325668661,1,0,0,0,0,1,0
49,14,73.46719360351562,91535,4,2.388040209252342,3,0,0,0,0,0,0
59,39,22.561100006103516,92307,2,0.69085460498479,3,0,1,0,0,1,0
43,3,47.956260681152344,94147,4,0.5446299505338574,2,0,1,0,0,1,0
48,30,111.70597839355469,94574,4,5.328940408388899,1,475,0,0,0,0,1
31,8,121.84571075439453,90241,1,5.255848728216808,1,174,0,0,0,0,1
51,22,42.2337760925293,95959,3,0.38952839407220885,3,0,0,0,0,1,0
48,19,69.06710052490234,91803,2,2.526748966072172,1,0,0,0,0,0,0
52,18,15.331674575805664,93758,1,1.9754622118971934,3,0,0,0,0,1,0
41,20,169.87074279785156,92650,1,3.050474439804243,1,0,1,0,0,1,0
58,28,43.44731521606445,94246,1,1.2331681394064018,2,0,0,0,0,0,0
32,8,72.00525665283203,94430,2,0.1685624196462992,1,0,0,0,0,1,0
49,17,195.85198974609375,92330,4,4.7355300560646025,3,110,0,0,0,1,1
59,32,66.62249755859375,94508,4,2.0185992528815224,2,0,1,0,0,1,0
42,7,98.42942810058594,94015,1,1.0836675142766012,1,0,0,0,0,0,0
53,34,26.572940826416016,94419,1,1.5585379781488276,3,0,0,1,0,1,0
57,29,23.392322540283203,94217,1,0.45813902742139556,3,0,0,0,0,0,0
36,25,122.71745300292969,89643,1,2.810595195553073,1,0,1,0,0,0,0
50,29,53.34703826904297,93081,3,1.8741181462539462,3,0,1,0,0,0,0
50,23,52.421165466308594,94479,1,1.6474279605097109,1,0,1,0,0,1,0
46,26,36.058197021484375,96066,4,0.3605858191013594,3,90,0,0,0,1,0
39,26,92.69953155517578,95058,4,2.288170782452117,3,394,0,0,0,0,0
55,30,31.14910888671875,95672,1,1.6136792370794633,2,163,0,0,0,1,0
55,33,35.92731475830078,92009,2,0.051414807216505765,3,0,0,0,0,0,0
61,41,49.11838150024414,95458,1,1.7811399811966684,3,143,1,0,0,1,0
49,21,109.15059661865234,92213,4,1.1429353452269213,3,100,0,0,0,1,0
25,2,39.41956329345703,95595,4,1.0737831205288293,3,0,1,0,0,0,0
65,37,16.19523811340332,93969,4,0.6989877723292881,1,98,0,0,0,1,0
32,10,29.833118438720703,93613,2,2.7383565704531874,1,0,0,0,0,0,0
67,42,157.81683349609375,91170,1,3.9316566436837324,1,0,0,0,0,0,0
54,20,48.48469161987305,91402,4,0.34455129935232004,2,211,1,0,0,0,0
63,36,33.6461067199707,93125,4,1.617475043014794,3,0,1,0,0,1,0
32,8,65.43496704101562,94065,2,0.7248847154776817,2,0,0,0,0,1,0
43,29,88.19503021240234,91919,3,1.380831786778808,3,149,1,0,0,1,0
61,25,44.18443298339844,92059,1,1.4982949470018136,3,0,1,0,0,0,0
47,24,166.17398071289062,92866,4,1.8867492755891913,3,0,1,0,0,1,1
61,35,85.36155700683594,90142,1,1.9622155552823033,3,0,0,0,0,1,0
44,13,72.90486907958984,92841,2,1.8517229570762386,3,0,0,0,0,1,0
56,38,12.650152206420898,92616,3,0.49933580655398785,2,155,0,0,0,0,0
55,29,58.06507110595703,90890,1,1.6535955288647881,3,109,0,0,0,1,0
29,2,162.9617156982422,94398,1,1.8960626772930984,1,0,1,0,0,1,0
59,30,81.32733154296875,91998,3,1.4112524287994646,1,0,0,0,0,0,0
43,24,141.2598419189453,95453,3,0.5138262906029574,2,0,0,0,0,1,1
36,17,49.51174545288086,95164,3,2.1906319899986917,2,0,1,0,0,1,0
47,21,38.35177993774414,94850,2,1.5863338462661112,1,111,1,0,0,0,0
42,20,31.37017250061035,92803,1,0.47682337403037456,2,0,0,1,0,1,0
54,30,78.94650268554688,92955,4,2.7934725803438614,1,0,0,0,0,1,0
27,5,12.566448211669922,93798,4,0.37686031284698285,3,73,0,0,0,1,0
29,4,70.17852020263672,90098,3,2.6012347779863148,2,0,0,0,0,0,0
32,2,32.06482696533203,94465,1,1.3868348957837924,2,0,1,0,0,0,0
38,17,94.56016540527344,94877,3,0.6354214974624549,1,0,1,0,0,1,1
55,17,98.54856872558594,95065,1,0.5915864836747444,3,0,0,0,0,1,0
60,35,121.1761703491211,91868,2,4.728261837939283,1,0,0,0,0,1,0
28,0,73.30233001708984,90116,3,0.6870315862504712,3,157,0,0,0,1,1
57,33,45.740638732910156,91994,3,1.0115195302865103,1,0,0,1,0,1,0
26,2,43.512481689453125,94024,1,0.10876367510395271,1,0,0,1,1,1,0
63,36,61.242889404296875,92618,2,2.5849032693192453,3,104,0,0,0,1,0
25,1,127.50738525390625,94374,2,1.9586764576391624,1,0,1,0,0,0,0
61,33,174.17166137695312,94370,1,6.645803725572599,1,0,0,0,0,1,0
32,13,47.80694580078125,94702,1,2.127345056549485,1,0,0,0,0,0,0
57,34,98.42250061035156,92244,3,1.7405673791019618,3,0,0,0,0,0,0
25,8,96.87885284423828,93860,1,1.4745597873305085,1,0,0,0,0,0,0
48,22,149.40850830078125,90421,4,0.2676516054817866,3,102,0,0,0,1,0
30,4,81.90568542480469,94674,2,3.0329212723891157,1,0,0,0,0,1,0
31,6,45.136714935302734,89790,2,1.9023546312409854,3,0,0,0,0,1,0
62,38,66.87039947509766,92068,4,0.24378969393731295,1,0,0,0,0,1,0
51,31,56.862178802490234,91348,4,2.7505860135035505,3,0,1,1,1,1,0
40,18,71.4599380493164,90109,4,3.369657163873571,1,222,0,0,0,0,0
46,25,188.6119842529297,92330,2,8.482899182747321,1,0,0,0,1,1,1
32,8,26.082656860351562,92251,2,0.2964408782077638,3,87,0,0,0,1,0
58,36,81.16184997558594,91546,3,1.8852597332931285,2,0,0,0,0,1,0
60,37,75.18862915039062,92152,3,2.0254624351284134,1,0,1,0,0,1,0
26,3,182.87799072265625,94687,2,2.759895041710845,1,0,0,0,0,1,0
55,34,21.70370864868164,89997,2,2.2085293776564727,3,94,0,1,0,0,0
50,33,120.44042205810547,90392,2,0.788878093484529,1,0,1,0,0,1,0
40,12,28.273393630981445,95814,4,0.1562258217423585,1,0,0,0,0,1,0
42,21,60.22353744506836,94343,1,1.5041500826368386,1,0,0,0,0,0,0
34,12,54.378963470458984,91949,2,1.6905106128491796,3,109,1,0,0,0,0
45,13,81.62310028076172,95723,3,2.5028278331040794,1,0,0,0,0,0,0
47,18,152.26258850097656,90121,1,4.856209315096715,1,364,1,1,0,1,0
37,15,96.00138854980469,94441,1,2.7443266764696688,2,0,0,0,0,1,0
36,1,29.942161560058594,89806,4,0.9546264172722108,2,0,1,0,0,0,0
60,31,30.46421241760254,92797,4,2.1867845854381254,1,73,1,0,0,0,0
41,15,29.446578979492188,95542,2,0.27492231604062733,3,0,0,0,0,1,0
32,9,133.62921142578125,92234,1,1.7623660931835508,2,191,1,0,0,1,1
50,32,82.79393768310547,94143,1,0.8854115900432955,1,0,0,0,0,0,0
28,4,62.750423431396484,91949,4,1.8172193965087886,1,0,0,0,0,1,0
46,20,60.58429718017578,94624,2,1.7131416313408718,3,102,1,0,0,1,0
63,36,25.69314193725586,94088,1,1.144300158478816,3,0,0,0,0,1,0
43,32,13.741731643676758,93633,2,0.6813857953596234,3,141,1,0,0,1,0
62,36,47.410762786865234,92574,2,1.9865965802132828,3,0,0,1,0,1,0
29,2,25.79049301147461,92080,1,1.2760732020021701,2,0,0,0,0,0,0
32,7,42.755836486816406,95752,3,1.092489459513265,3,240,0,0,0,1,0
29,6,32.448570251464844,93859,1,2.5337079508428064,1,0,1,0,0,1,0
33,11,56.21961975097656,93076,4,0.13409439315250699,2,0,1,0,0,0,0
43,23,75.1517562866211,94345,4,2.696697974329881,3,236,0,0,0,1,0
37,6,13.105720520019531,94694,3,0.2018006234807956,2,131,0,0,0,0,0
47,16,45.28597640991211,95486,2,2.3035875715631584,1,0,0,0,0,1,0
40,16,150.56973266601562,94299,2,2.932559962406425,3,0,0,0,0,1,1
28,14,129.39100646972656,89889,3,1.915380079955732,2,0,0,0,0,1,0
50,25,176.22158813476562,90380,1,2.2564729365896836,1,0,1,0,0,0,0
42,28,59.02178192138672,90085,4,2.010082208719653,1,126,0,0,0,1,0
49,25,78.57544708251953,93940,1,0.8993883200224061,1,388,0,0,0,0,0
24,4,77.96522521972656,95244,4,1.0734799150528125,2,0,0,0,0,0,0
48,24,177.24591064453125,90169,1,5.905342839519706,3,0,0,1,1,1,1
36,11,82.57015991210938,94758,1,2.253890634614964,1,289,0,0,0,0,0
44,16,40.17719268798828,91777,2,3.331177337301786,2,178,0,0,0,1,0
45,22,12.40478801727295,92424,2,0.38644550149761875,1,0,0,0,0,0,0
33,2,28.2298641204834,94354,4,0.35031503730426233,2,0,0,0,0,1,0
27,4,70.54615020751953,94944,2,1.0038845146617141,1,0,0,0,0,1,0
35,6,41.539466857910156,94109,4,0.4276149319279281,1,0,0,0,0,1,0
59,36,108.2976303100586,92919,1,2.2549860142904072,1,180,0,0,0,1,0
46,22,23.907184600830078,94236,4,0.2387033917132071,3,98,0,0,0,1,0
29,5,43.14182662963867,95145,2,1.0485999046313927,1,0,1,0,0,1,0
40,17,75.00444030761719,95561,4,2.5614078753590364,3,0,0,0,0,0,0
43,15,120.0339126586914,92676,1,2.5095145615600014,1,0,1,0,0,1,0
59,36,32.83711242675781,94447,1,2.0136011112939145,1,152,1,0,0,1,0
45,18,93.09517669677734,94076,1,3.0301423074189446,2,0,1,0,0,1,1
34,4,76.95097351074219,91021,1,2.699001579192259,3,0,0,0,0,0,0
56,31,43.63780212402344,93774,2,0.9615424566500759,1,0,0,0,0,0,0
31,6,145.99526977539062,94488,2,6.422542414127283,1,0,0,0,0,1,0
60,30,67.39823150634766,92061,1,2.4963718755416022,2,107,0,0,0,1,0
26,1,83.02227020263672,90521,4,0.968212694242425,2,0,1,0,0,0,0
29,5,112.90016174316406,90135,4,4.464681619642286,2,335,0,1,0,1,1
31,12,150.5335693359375,94573,2,0.8257961288286954,1,393,0,0,0,1,0
53,29,25.283388137817383,90042,4,1.0490606218947778,3,0,0,0,0,1,0
55,32,66.43570709228516,92638,3,1.8010931125705456,2,98,1,0,0,1,0
63,39,92.84808349609375,95024,4,2.2975364332185206,3,0,0,0,0,1,0
49,30,64.25785064697266,93167,2,1.463569343867227,1,0,0,0,0,1,0
35,9,37.560115814208984,90286,2,0.29824513675626846,2,0,1,0,0,1,0
37,9,173.64451599121094,90560,2,1.0712612181376922,1,161,0,0,0,1,1
35,4,102.39164733886719,95696,1,3.04341337333247,3,0,0,0,0,0,0
44,19,51.824954986572266,92020,2,3.3620131522248355,2,0,0,0,0,0,0
31,5,118.07367706298828,95184,4,2.3893840087817515,2,0,0,0,0,1,1
50,27,38.9256591796875,89987,2,1.0882119504076753,3,0,0,0,0,0,0
55,32,38.714881896972656,95295,1,0.4997171882094124,1,0,0,0,0,0,0
53,23,23.515995025634766,95441,1,0.3419135176331983,1,0,1,0,0,1,0
55,22,49.451332092285156,92265,1,1.8658671457587295,1,0,1,0,0,0,0
32,9,61.339019775390625,93967,1,2.6998741259644867,2,109,0,0,0,0,0
43,8,111.0875244140625,91693,4,2.353397110600291,1,0,0,0,0,0,1
35,13,77.7322006225586,91688,1,0.9349571511594132,1,0,1,0,0,1,0
42,27,98.23783111572266,91469,1,5.355085689275576,1,0,1,0,0,0,0
32,1,58.418426513671875,94495,1,2.649363766398725,3,0,0,0,0,1,0
27,5,72.39276885986328,92736,4,1.5062219186102104,1,0,0,0,0,1,0
49,18,153.58547973632812,89928,1,2.7265951010270792,1,245,0,0,0,1,0
36,12,101.69402313232422,94739,4,1.786327300120977,1,389,0,0,0,1,0
48,17,84.05782318115234,94004,3,4.937374771479475,2,0,1,0,0,1,0
58,26,60.271217346191406,94522,2,0.9721408064572936,3,0,0,0,0,1,0
28,3,14.74866771697998,91350,4,0.7108515509340735,1,144,0,0,0,1,0
63,39,80.53865814208984,94042,4,1.2875623375023322,1,0,0,0,0,0,0
63,36,79.52749633789062,95753,1,2.871161498159112,2,0,1,0,0,0,0
61,33,36.65748977661133,94616,1,1.2987215824027691,1,0,0,0,0,0,0
32,3,39.94001770019531,89908,3,0.21187840676676936,2,0,0,0,0,1,0
33,11,97.79512023925781,92500,2,1.9535444700639832,1,0,1,0,0,1,0
51,19,27.333919525146484,94202,3,0.7151856061822213,3,0,0,0,0,0,0
33,5,200.71185302734375,94648,2,1.9806275454769715,1,157,0,0,0,1,0
63,33,44.58229064941406,95416,1,1.3874112906929432,1,152,1,0,0,1,0
26,4,64.97300720214844,90380,4,1.294317563620477,2,124,1,0,0,0,0
45,16,131.93869018554688,92699,3,3.5004580903777764,1,0,0,1,0,0,1
46,25,13.064386367797852,90126,4,0.6154628776843255,2,0,1,0,0,1,0
42,12,32.50159454345703,94778,1,1.6385113078885278,2,97,0,0,0,1,0
58,28,67.12064361572266,94523,1,0.7460016915396194,3,0,0,0,0,0,0
50,34,19.510719299316406,89737,3,0.7491848742380733,2,0,1,0,0,0,0
49,28,92.3919448852539,90281,3,1.9044527943221077,1,0,1,0,0,1,0
65,38,58.61436080932617,92620,3,0.3148118719201707,2,0,0,0,0,1,0
25,3,45.08022689819336,94027,4,1.3630662844425865,1,0,1,0,0,1,0
42,11,200.01353454589844,90172,1,3.190174439030513,1,0,0,0,0,0,1
58,20,36.22942352294922,95568,4,1.6421370361350842,2,166,0,0,0,1,0
33,14,69.32476043701172,94572,1,0.3963724956908412,3,0,1,1,0,1,0
63,37,80.91769409179688,94376,3,2.2611189832609826,2,0,1,0,0,1,0
46,27,161.02581787109375,93866,2,1.2622279221787212,2,283,1,0,0,0,0
48,23,43.890892028808594,92793,2,1.4231701722192849,2,0,0,0,0,1,0
54,31,37.669857025146484,95122,4,1.5407587127799964,2,0,0,0,0,1,0
29,24,59.55720520019531,93899,2,2.242770154222887,1,0,0,0,0,1,0
63,37,69.68912506103516,92986,1,0.8625284008891678,1,0,1,0,0,1,0
33,6,47.62862014770508,94297,2,2.1160135231056496,3,0,1,0,0,0,0
62,34,70.98509216308594,90007,3,2.2458341399907664,2,0,0,0,0,0,0
43,21,31.2069034576416,95150,2,0.30991068505897484,1,0,1,0,0,0,0
55,33,108.76806640625,89978,2,4.40941322225671,2,0,0,0,0,1,1
51,26,12.238151550292969,91067,2,0.31711502243235956,3,109,0,0,0,0,0
44,21,25.46548080444336,95286,2,2.3355010011674255,2,0,1,0,0,1,0
43,21,67.17980194091797,94269,2,0.41915359232616406,3,0,0,0,0,0,0
40,23,120.8390884399414,94940,1,2.50877355588777,1,0,0,0,0,1,0
63,36,17.9738712310791,93696,4,0.9751918263423555,3,0,0,1,0,1,0
41,18,64.49847412109375,95264,4,0.9594322031130027,3,0,0,0,0,0,0
27,1,24.442440032958984,92482,2,1.6071509264093247,3,0,0,0,0,0,0
52,26,88.57351684570312,95330,2,0.3060226494542181,2,0,1,0,1,1,1
65,38,82.63013458251953,92691,4,1.3721647979985059,1,0,1,0,0,1,0
47,29,211.13038635253906,94584,2,5.122324891002174,3,110,0,0,0,1,1
43,16,56.685516357421875,92531,4,2.376169609195577,2,0,0,0,0,0,0
63,32,13.480454444885254,89891,3,0.36618026539462123,3,0,1,0,0,0,0
51,32,35.399234771728516,94995,3,0.8063294898561211,3,0,0,0,0,1,0
40,4,79.73206329345703,92616,2,2.0048036236156417,1,0,1,0,0,1,0
63,37,64.33908081054688,92649,3,1.4231928774763487,2,0,1,0,0,0,0
38,13,66.34321594238281,90321,4,2.5099596494449012,3,0,0,0,0,1,0
45,14,14.886567115783691,94516,2,0.8127359706393009,1,360,0,1,0,1,0
49,27,50.40785598754883,92585,1,3.1558148848287013,3,0,0,0,0,1,0
53,32,190.48965454101562,89944,2,6.195726582827551,1,0,1,0,0,1,0
39,19,160.2498779296875,92228,2,0.18521667572795406,1,0,0,0,0,1,0
51,27,37.417205810546875,94718,2,0.6005675681712648,1,101,0,0,0,0,0
43,17,59.45415496826172,93243,2,1.0800739112405666,3,94,0,1,0,1,0
31,7,36.07419204711914,95542,1,0.27207181834716165,2,0,0,0,0,1,0
35,16,126.73841094970703,94704,1,0.553042695193976,1,0,0,0,0,1,0
27,4,52.45937728881836,94341,4,1.8115138076979485,1,0,0,0,0,1,0
26,7,101.33734893798828,89910,3,0.6751524902163168,1,295,0,0,0,1,0
52,29,179.31068420410156,90089,1,0.3021529397099123,1,0,1,0,0,1,0
27,3,69.5863037109375,93147,4,1.789730605128611,3,0,1,0,0,0,0
49,25,141.0056915283203,91920,2,1.4277676495679397,1,324,0,0,0,1,0
48,29,170.14756774902344,94993,1,1.7954332128994297,1,0,0,0,0,1,0
40,20,112.88107299804688,94194,1,1.3636809499715512,3,0,0,0,0,1,0
33,11,73.50144958496094,94038,2,1.174545026467557,1,0,0,0,0,0,0
46,24,57.68803787231445,93096,2,1.8972887861528305,3,96,0,0,0,0,0
32,11,100.78994750976562,93797,1,1.0299452243890859,3,102,0,0,0,1,1
40,13,49.63823699951172,94591,2,0.18663263701768162,3,147,0,0,0,0,0
60,25,38.361778259277344,90904,2,1.8792783093296406,3,141,0,0,0,1,0
59,38,17.766197204589844,93166,1,0.5078602290391834,3,0,0,0,0,1,0
27,6,56.26374053955078,93975,1,0.37429292774935186,3,0,1,0,0,1,0
27,2,88.52949523925781,92310,2,4.450179816599886,1,212,0,0,0,1,0
39,5,83.43260955810547,94085,2,0.45709408957218955,1,0,1,0,0,1,0
67,39,64.3281021118164,95195,2,0.8942120975535723,3,0,1,0,0,1,0
44,21,49.667049407958984,91839,2,1.3257654686766271,2,147,0,0,0,1,0
44,6,56.22329330444336,94405,2,1.3447279801756835,2,170,0,0,0,0,0
35,9,108.61659240722656,95211,2,4.390955066240967,1,118,0,0,0,1,0
63,31,14.245231628417969,95273,4,0.26628186950865007,2,0,0,0,0,0,0
45,12,185.6246337890625,94759,1,7.499559746763683,3,0,1,0,0,0,1
61,31,23.342193603515625,93679,2,1.0043259541754148,1,144,0,0,0,0,0
40,21,34.08858108520508,90650,2,1.2022000689560688,3,0,0,0,0,1,0
42,20,148.29598999023438,94228,2,6.2269242735445625,1,0,0,0,0,1,0
58,25,46.7310791015625,92035,1,0.8381112345698213,1,0,0,0,0,1,0
62,35,82.08771514892578,93988,4,0.2713771816969013,3,0,0,0,0,1,0
34,5,59.33234405517578,93994,1,0.6881247184738886,2,0,0,0,0,1,0
40,14,24.279491424560547,94974,1,0.44400588700376953,3,0,1,0,0,1,0
63,36,56.52275085449219,90812,1,0.494994143513361,1,0,1,0,0,1,0
54,21,68.61430358886719,94145,2,1.1578370846322543,1,103,0,0,0,0,0
34,15,62.54225158691406,92859,4,1.8816283284140365,3,0,1,0,0,1,0
63,37,83.5066146850586,94133,4,1.6959252796258908,1,110,0,0,0,0,0
26,0,43.997718811035156,95741,1,2.043783973074339,1,113,0,0,0,0,0
49,17,35.469566345214844,92524,1,1.7636646140787373,1,0,0,0,0,1,0
29,4,43.13874435424805,94223,2,1.8555287603104684,3,153,0,0,0,1,0
56,33,45.22160339355469,92188,3,3.8162446820938127,1,146,0,0,0,1,0
61,35,72.19147491455078,89906,1,0.22013521345389858,1,0,1,0,0,1,0
43,25,61.93711853027344,93941,2,1.2270958577965236,1,0,1,0,1,1,0
31,7,27.27201271057129,92824,1,4.012195109768991,3,0,1,0,0,0,0
59,30,101.45855712890625,92766,1,0.30539545769322624,1,0,1,0,0,1,0
61,37,100.76588439941406,95778,1,1.0333510160442263,1,0,1,0,0,0,0
56,29,34.849849700927734,91108,2,0.6372939809687266,1,110,0,0,0,0,0
54,27,192.5435791015625,95209,1,4.1268724079677375,1,0,0,0,0,0,0
48,32,194.5087890625,92922,1,6.809737123317093,3,0,0,0,0,1,1
53,30,88.71778869628906,92788,2,2.3042645329239355,3,101,0,0,0,0,1
30,6,150.55006408691406,92291,1,5.5585801101083465,1,381,1,0,0,1,0
29,17,74.12456512451172,95428,1,2.3098494939494802,1,0,0,0,0,0,0
60,34,58.171226501464844,94025,2,0.6193901743765846,3,100,0,0,0,0,0
57,38,73.74417114257812,94473,1,2.820489274435535,1,0,0,0,0,1,0
48,28,68.63983154296875,90985,1,0.5406619950296866,3,102,0,0,0,1,0
41,7,46.414894104003906,92674,2,1.399223741618573,3,0,0,0,1,1,0
28,3,36.207359313964844,90106,1,0.44973824305737375,1,0,0,0,0,1,0
46,10,55.657344818115234,93954,3,1.50103353007744,2,163,0,0,0,1,0
30,15,19.433650970458984,91978,4,3.4047702488113423,2,0,0,0,0,0,0
62,39,78.31836700439453,90755,1,0.4040927878306729,1,0,0,0,0,1,0
26,1,62.186248779296875,91461,4,0.36428838783469947,2,0,0,0,0,0,0
51,25,26.25853729248047,94552,2,0.3397790924179079,3,0,0,1,0,0,0
29,3,38.343257904052734,93796,4,1.3430110980587546,2,68,0,1,1,1,0
33,8,46.5848503112793,92721,2,1.7536359842881766,3,0,0,0,0,1,0
56,33,57.409637451171875,95766,1,1.0332251449112315,3,233,0,1,0,0,0
63,38,54.047550201416016,95879,4,3.3523216924096597,3,0,1,0,0,1,0
63,39,93.38034057617188,95808,3,1.2449947873889686,3,0,1,0,1,1,0
46,36,65.16361236572266,94211,2,0.28784421645456515,2,0,0,0,0,0,0
52,30,64.57542419433594,90099,2,2.8152108727101766,3,0,0,0,0,0,0
53,28,61.05754852294922,90897,1,2.691186319293373,1,0,0,0,0,1,0
33,5,44.12458038330078,93487,1,1.441274129372892,3,0,0,1,0,1,0
37,14,39.57697296142578,91219,4,0.6497142632170748,3,0,0,0,0,0,0
39,12,29.149322509765625,95845,4,2.0867142239813794,2,0,0,1,0,1,0
64,34,104.831787109375,94446,1,6.824246552389909,1,210,1,0,0,0,0
30,3,56.47531509399414,95059,2,1.8912276689850933,2,0,0,0,0,0,0
40,15,46.33424758911133,92860,4,2.3345296142400604,2,0,1,0,0,0,0
51,23,159.66737365722656,94798,1,4.901982533912617,3,0,0,0,0,0,1
34,29,149.02301025390625,91686,1,5.1358554134732355,1,0,0,0,0,0,0
60,36,180.19638061523438,92395,1,4.852033894158427,3,0,0,0,0,1,1
55,27,56.69365692138672,95504,4,1.793184258318395,2,0,1,0,0,0,0
42,17,144.02037048339844,90193,4,4.013788883489895,3,0,1,0,0,0,1
26,13,30.0362548828125,91170,1,0.4915348643267142,3,0,0,0,0,1,0
42,10,109.07621002197266,90204,2,1.4428110689205689,1,250,0,0,0,1,0
34,6,128.41156005859375,94642,1,5.0496986397957215,2,211,1,0,1,1,1
61,33,30.830360412597656,91456,3,0.06258682410972896,3,0,1,0,0,0,0
46,21,135.0875244140625,95334,2,0.388571996309655,1,0,1,0,0,1,0
59,27,64.17723846435547,94061,3,2.2095368009263794,2,0,0,0,0,1,0
51,21,143.94699096679688,92671,2,2.8092934053193663,3,389,0,0,0,1,1
58,15,64.8994369506836,92682,1,1.2931821508975976,3,0,0,0,0,0,0
59,31,63.68400573730469,92723,4,2.1957113233583696,1,0,1,0,0,0,0
45,15,52.47055435180664,92138,2,1.8315073102178427,2,149,1,0,0,0,0
40,20,77.59680938720703,95298,4,0.5850183708831354,1,0,0,0,0,0,0
60,32,121.24186706542969,93945,2,3.5164607687933507,3,236,1,0,1,1,1
60,22,88.74687194824219,94378,2,2.180353327619341,1,0,0,0,0,1,0
34,8,84.40074157714844,91974,4,0.33283863746139536,3,195,1,0,0,1,1
43,19,52.10953140258789,94821,2,2.276657982726144,1,0,0,0,0,1,0
47,20,46.75776290893555,94771,3,0.7562648167900138,2,0,1,0,0,0,0
50,23,87.3344497680664,91448,2,3.021800882818179,3,0,0,0,0,0,0
48,19,83.24920654296875,90911,2,0.9770193360583758,1,0,0,0,0,1,0
45,20,123.06990814208984,90154,4,3.9556490313018795,1,226,1,0,0,1,0
33,13,30.084592819213867,94235,4,1.7968129530540422,1,0,1,0,0,0,0
57,29,53.669830322265625,94395,3,2.3173599460498027,2,0,0,0,0,0,0
46,14,68.14485168457031,91260,2,0.8005994410856414,1,0,1,1,1,1,0
60,34,41.21415710449219,90009,2,0.3584183326976914,3,0,0,0,0,0,0
61,26,53.00531768798828,95341,2,1.0772570338842136,1,0,1,0,0,1,0
38,2,19.065393447875977,94285,4,0.4611624998720119,1,0,0,0,0,1,0
53,32,71.8528060913086,94486,4,1.9864341214762709,3,0,0,0,0,0,0
62,36,46.958248138427734,90170,4,0.5374951296511483,3,0,0,0,0,0,0
35,9,55.311683654785156,90602,4,0.4698368916544393,1,355,0,0,0,1,0
47,24,58.524505615234375,91198,2,1.7487663529609772,3,0,1,0,1,1,0
31,7,117.10035705566406,93936,2,1.287952905704521,1,0,0,0,0,0,0
63,35,77.70024108886719,91666,2,3.833230965527946,3,0,0,0,0,1,0
62,36,62.60358810424805,92134,2,0.6374858417861908,1,84,0,0,0,1,0
61,36,36.5394287109375,95350,1,0.2954213699934271,2,0,0,0,0,1,0
46,26,146.4302520751953,95681,3,2.934778719827836,1,0,0,0,0,1,1
40,20,25.601295471191406,91991,3,1.1792696047878028,2,88,0,0,0,0,0
30,16,111.79322052001953,93719,1,0.07900039334289535,1,171,0,0,0,0,0
51,34,101.08646392822266,90768,1,1.6801612728637336,1,0,0,0,0,0,0
39,14,24.693628311157227,94975,3,0.8230221316146488,3,0,0,0,0,0,0
59,36,166.48233032226562,94693,1,4.980636627543849,1,0,1,0,0,1,0
36,2,46.5482292175293,92676,1,0.7054984782697371,2,0,1,0,0,0,0
55,27,132.63548278808594,95296,2,2.753687204166714,2,232,0,0,0,1,0
55,27,30.172435760498047,91059,1,0.6814373194935051,3,0,0,1,0,1,0
31,3,64.78402709960938,90087,1,2.0266834484189036,1,0,1,0,0,0,0
65,41,73.2381591796875,94227,1,1.8480023422679894,3,0,0,0,0,0,0
50,17,35.8330192565918,89794,4,0.9333162156617113,1,0,0,0,0,1,0
39,26,105.69193267822266,91146,3,4.1512476217653065,1,0,0,0,0,1,0
38,16,103.26129150390625,93154,2,6.542257658905472,1,0,0,0,0,1,0
61,37,56.52436065673828,94457,3,1.128829810433656,2,0,0,0,0,1,0
33,13,120.86672973632812,95594,1,3.1755233337716806,1,0,1,0,0,0,0
55,29,78.86467742919922,95346,3,1.1330554860756044,1,404,1,0,0,0,0
51,24,18.82769012451172,94647,2,1.1398774042029467,3,99,0,1,0,1,0
37,7,39.32494354248047,91847,1,0.2411767522356224,3,104,0,0,0,1,0
59,35,37.301876068115234,94881,1,1.4361080223511373,1,0,1,0,0,1,0
27,2,19.687925338745117,93916,4,0.1338642043612663,1,0,0,1,0,1,0
49,15,49.83097839355469,91395,1,0.9438525040271534,2,117,1,0,0,1,0
41,13,40.75754165649414,95282,3,0.7233395828863888,3,0,0,0,0,1,0
48,30,53.353145599365234,94431,2,0.3588870331816384,2,0,1,0,0,0,0
42,15,110.3412094116211,91469,1,0.41240073021600904,1,178,1,0,0,0,0
56,25,27.85232925415039,93884,1,0.32333193025486184,3,0,0,0,0,1,0
51,33,34.744483947753906,94415,2,1.9921603173686049,2,0,0,0,0,0,0
29,7,48.424285888671875,91905,4,1.4567266438104267,3,0,0,1,0,1,0
31,7,190.16226196289062,90407,3,6.724186430701181,3,0,0,0,0,1,1
54,34,69.55399322509766,94627,2,0.7560855699939748,1,96,1,0,0,1,0
46,26,57.00784683227539,95417,3,0.18145221046268112,2,0,0,0,0,1,0
29,4,58.10272216796875,90213,4,0.47716522516005844,1,0,0,1,0,1,0
27,1,83.774169921875,90318,3,1.8130281659157856,2,0,0,0,0,1,0
47,24,50.169578552246094,92090,2,0.7074840423753175,3,104,0,0,0,1,0
62,30,87.7619857788086,94261,4,2.3882574484386674,1,101,1,0,0,1,0
61,36,127.75182342529297,89944,1,3.7627794084192376,1,0,0,0,0,0,0
55,42,63.880348205566406,95603,4,1.926084497375046,1,278,0,1,0,1,0
57,21,65.86289978027344,94732,3,1.9023255939897896,2,0,0,0,0,0,0
36,15,96.66580963134766,92458,1,0.7882848888387329,1,0,0,0,0,1,0
29,4,74.1596908569336,95983,4,1.9848136055658907,1,0,0,0,0,0,0
41,18,25.7260684967041,90395,4,2.0685189461360936,1,90,1,0,0,0,0
29,1,53.744590759277344,94234,1,1.03217836310336,1,0,0,0,0,1,0
43,22,43.87143325805664,91926,3,0.5443762233138123,1,0,0,0,0,0,0
49,27,33.48224639892578,90238,4,1.4890965721383043,1,0,0,0,0,1,0
41,8,114.2890396118164,94948,1,6.082436292427417,1,0,0,0,0,1,1
50,27,154.6678466796875,94239,2,7.572218092381536,2,0,0,0,0,1,1
51,13,31.800230026245117,89727,3,0.819212448512504,2,0,0,0,0,1,0
50,21,36.602027893066406,95683,1,1.4406232712000624,1,0,1,0,0,1,0
38,14,114.59378814697266,90492,2,1.3942673541298636,1,0,0,0,0,0,0
33,6,64.25971221923828,94109,3,3.3213278657523393,2,0,0,0,0,0,0
27,7,45.74211120605469,92694,4,2.4397577672895028,1,0,1,0,0,1,0
46,14,85.46331787109375,94158,4,1.8900715992241592,2,0,0,0,0,1,0
56,28,24.952678680419922,92553,3,0.48813164373769,3,122,0,0,0,0,0
41,27,142.4295654296875,93967,1,0.6134383571874495,1,389,0,0,0,1,0
50,24,54.4530029296875,92921,3,0.3430353574840417,2,0,0,0,0,1,0
59,35,121.48863983154297,92072,1,4.015318452731087,1,250,0,1,0,0,0
47,21,73.32389831542969,94760,1,4.27607852371214,2,0,0,0,0,0,0
44,27,48.97613525390625,94219,4,1.655479437621793,1,0,1,0,0,1,0
39,17,89.77406311035156,94281,2,4.097517817578553,1,152,1,0,0,1,0
25,-1,15.77174186706543,94230,4,1.370864928276167,2,134,0,0,0,0,0
25,-2,21.93506622314453,92287,4,2.118853128978914,1,0,0,0,0,1,0
52,39,11.572792053222656,94799,4,0.9630156643763772,1,108,1,1,0,1,0
34,7,71.03427124023438,95254,1,1.5421039930164633,2,0,0,0,0,1,0
31,9,104.11104583740234,92005,4,2.564776009990217,1,0,0,0,0,1,0
57,32,32.551971435546875,94351,1,1.9055343663611575,2,0,1,0,0,0,0
57,27,70.91880798339844,89832,1,0.3842035931802816,1,334,0,0,0,0,0
30,3,137.98611450195312,94335,1,0.5963129519434821,3,0,0,0,0,1,1
41,13,54.46503448486328,91352,1,1.1112879406319838,1,0,1,1,0,1,0
58,33,58.70121765136719,94693,1,0.39378321369261293,1,100,0,0,0,1,0
53,33,66.02943420410156,90236,4,2.9922376534874373,3,238,0,0,0,1,0
48,29,10.127798080444336,93460,2,0.09277568096075392,2,73,0,1,0,1,0
56,33,127.6436767578125,95136,2,0.49460833339706267,1,161,0,0,0,0,0
63,40,49.33296585083008,94063,2,2.006368213155762,1,0,1,0,0,1,0
63,22,27.72226333618164,91985,2,0.024265320287101377,3,0,1,0,0,1,0
38,7,114.80615234375,93665,1,5.198762862769058,1,188,0,0,0,0,1
36,20,44.491600036621094,95032,1,3.0055123225636637,1,0,0,0,0,0,0
30,3,56.189884185791016,91924,1,2.4212345000583335,2,0,0,0,0,0,0
43,11,65.06716918945312,94303,2,1.9680570259395986,1,276,1,0,0,1,0
56,31,22.1788387298584,91881,1,1.752184933522516,2,0,1,0,0,0,0
62,35,55.44295120239258,92720,4,2.637517313806622,1,0,0,0,0,0,0
31,3,88.83797454833984,94489,4,0.259004231339141,1,0,1,0,0,1,0
31,3,93.05120086669922,94983,2,1.9758386096075302,2,0,0,0,0,0,1
29,7,112.13516235351562,91628,2,5.010699476282518,1,0,1,0,1,1,0
38,6,65.44282531738281,92384,1,1.8179744149964354,1,380,0,0,0,0,0
51,20,40.52919006347656,95929,4,1.2863984904576733,2,0,0,0,0,1,0
34,8,105.28382873535156,93327,2,0.4601495675964506,1,0,0,0,0,1,0
43,13,54.441925048828125,95246,3,0.45575583106590234,2,0,1,1,0,0,0
31,2,62.273868560791016,95609,2,2.387896221882826,1,105,0,0,0,1,0
62,29,71.84579467773438,91013,1,0.334225396959126,2,0,0,1,0,0,0
53,29,100.00053405761719,93010,1,4.235147499166866,2,0,0,0,0,1,0
26,11,13.201971054077148,92016,1,0.9885111169564764,3,159,1,1,0,0,0
32,7,60.489952087402344,94752,4,1.4718810665625783,2,0,1,1,0,1,0
44,21,167.6743927001953,95314,2,4.005741366487861,1,149,0,0,0,1,0
29,7,167.9498748779297,92101,2,6.399077079995935,1,366,0,0,1,1,0
64,22,90.42113494873047,94436,1,0.7228674561287609,3,0,0,0,0,1,0
33,10,62.08537292480469,94551,3,2.1405674227166505,1,0,1,0,0,1,0
48,24,96.50846099853516,92962,2,0.43926071302823433,3,95,0,0,0,0,0
57,37,71.70974731445312,92852,3,3.1084664684261325,2,179,0,0,0,0,0
49,35,25.749996185302734,92105,2,0.4279458912967175,1,0,0,0,0,0,0
56,32,46.710384368896484,93686,3,1.6296283815541832,2,114,0,0,0,1,0
47,25,97.96295928955078,94733,1,2.8373051060776167,1,0,1,0,0,1,0
40,16,66.824462890625,94529,3,2.2701139279504807,1,0,0,0,0,0,0
56,25,139.69261169433594,94117,2,7.086122900499426,1,0,0,0,0,1,0
61,30,132.79849243164062,95498,1,1.748072765432177,1,0,0,0,0,1,0
40,10,45.847259521484375,94920,2,0.6661941408919789,2,0,0,0,0,1,0
30,4,139.20785522460938,91781,1,2.0045262398095964,1,0,1,0,0,1,0
50,25,34.54393005371094,90143,2,2.001623164125332,3,0,1,0,0,1,0
28,3,57.39322280883789,94249,3,2.9449164426788816,1,0,0,1,0,1,0
58,28,64.15664672851562,90258,4,0.32174975515241316,2,0,0,0,0,1,0
57,35,13.101104736328125,96590,4,1.1667899439887472,3,0,0,0,0,1,0
52,26,37.58488464355469,90376,4,0.48709264917448336,1,106,0,1,0,1,0
53,18,35.93867492675781,90026,3,1.5767304966810183,1,0,1,0,0,1,0
62,33,18.871431350708008,94779,2,0.5818302031460717,3,0,0,1,0,0,0
41,12,41.57460403442383,91839,3,0.4441920647088561,2,0,0,0,0,0,0
49,32,119.5528335571289,92811,1,2.2019643427198012,1,0,0,0,0,0,0
62,38,74.83958435058594,95222,3,0.4826058368162768,1,0,0,0,0,1,0
52,35,124.16436767578125,91906,1,6.875341239224047,1,0,1,0,0,0,0
61,33,93.35424041748047,90405,1,1.6396341437288562,3,0,0,0,0,1,0
51,29,62.805660247802734,94623,3,3.2705509334815495,1,148,0,0,0,1,0
58,28,62.2829704284668,94580,2,1.4256402244310962,1,0,1,0,0,0,0
59,36,176.70797729492188,94450,3,0.9444459214800991,2,0,1,0,0,1,1
42,25,82.8551025390625,94209,1,1.2513976404977853,3,0,1,0,0,0,0
61,38,17.953838348388672,94860,4,0.8810528103385956,3,0,1,0,0,0,0
61,33,32.322784423828125,94279,4,0.506382643710787,2,0,1,0,0,1,0
60,32,17.27035140991211,93992,2,1.3915727799421358,3,53,0,1,0,1,0
40,17,64.02865600585938,94395,2,2.053037832451996,3,230,0,0,0,1,0
44,23,146.0456085205078,93247,1,7.805390220011839,1,255,1,0,0,0,0
57,28,81.49119567871094,94740,2,0.13310282168821905,3,94,0,0,0,1,0
31,18,12.821178436279297,95516,2,1.6690991885694109,2,75,0,1,0,1,0
51,39,84.65021514892578,95116,2,1.0670792621219487,3,0,0,1,0,1,0
41,34,116.77972412109375,94644,2,6.0009609601963305,1,0,0,0,0,0,0
48,15,33.51799774169922,94825,3,1.0521019383564256,2,0,0,0,0,0,0
38,12,50.344024658203125,94905,2,0.5913708938074538,1,0,0,1,0,0,0
45,20,123.53551483154297,94350,4,0.5614866663069431,2,0,0,0,0,0,0
47,29,136.81069946289062,94675,1,4.895596784073031,1,0,0,1,0,0,0
47,25,82.37007141113281,91363,4,1.2759278645328092,1,0,0,0,0,1,0
39,17,64.4674072265625,94501,1,2.642132346219646,2,162,0,0,0,1,0
58,34,40.1022834777832,91650,4,0.6064749150607119,2,0,0,0,0,0,0
63,38,61.25905990600586,95128,4,2.0129046045575842,1,0,1,0,0,0,0
43,27,30.63179588317871,92097,1,0.16976059183523262,3,111,0,1,0,0,0
45,26,180.58578491210938,89993,4,9.373330099750213,2,522,0,0,0,0,1
48,21,33.06947326660156,90943,3,0.8483076855809824,1,0,0,0,0,0,0
41,18,65.09430694580078,92228,1,3.165487164519311,1,0,0,0,0,0,0
63,31,57.409542083740234,94269,3,1.699097892033236,2,0,1,0,0,1,0
32,11,15.928753852844238,95195,1,0.7165442180307339,2,133,1,0,0,0,0
39,13,70.97918701171875,94429,2,3.2827903624399704,2,0,1,0,0,0,0
38,9,118.44171905517578,94546,2,7.849144234596577,1,0,1,0,0,0,0
43,26,201.82936096191406,89842,1,7.37701673442534,1,0,0,0,0,1,0
39,14,71.42915344238281,93619,4,1.9616291439656712,2,0,0,0,0,1,1
44,21,94.75167083740234,94228,3,2.998338888889366,1,0,0,0,0,0,0
32,7,142.4464111328125,93922,1,1.8362530086835682,1,0,1,0,0,1,0
54,26,134.6297607421875,95179,2,4.052015829842097,2,110,0,0,0,1,1
62,32,69.18687438964844,90735,1,0.47564673197621854,1,0,0,1,0,0,1
39,13,21.227624893188477,89952,2,0.4755664596104393,2,179,0,0,0,0,0
58,32,17.434799194335938,93424,4,0.30575679779526865,2,108,1,0,0,1,0
41,10,55.38967514038086,90267,1,0.6133753948937326,1,102,0,1,0,0,0
51,34,42.20168685913086,91220,4,0.3689750865893738,3,0,1,0,0,1,0
42,21,58.84810256958008,94732,4,0.21421845107955736,1,127,0,0,0,1,0
60,36,103.07324981689453,93806,3,4.497977055598138,1,234,0,0,0,0,0
61,31,65.81977081298828,90096,3,1.4848402231677813,3,0,0,0,0,0,0
47,17,118.55709838867188,94075,3,2.0158415008337793,3,0,0,0,0,1,0
33,7,32.28238296508789,90126,4,0.3661196215304207,1,122,0,0,0,1,0
37,8,123.20295715332031,90943,3,3.0021804223431605,1,0,0,0,0,1,0
42,21,20.33135986328125,89825,1,0.6384405615884808,1,0,1,0,0,1,0
67,36,11.10968017578125,93976,2,0.016414857447351217,3,100,0,0,0,0,0
48,34,29.42841911315918,95391,3,0.15911283958503708,2,0,0,0,0,1,0
33,6,30.364601135253906,90593,2,1.1879299242928327,1,202,0,0,0,1,0
49,23,44.2984619140625,94123,2,0.37568426342509087,3,0,0,0,0,0,0
27,6,60.17472839355469,93962,4,1.5892960830079732,3,183,0,0,0,0,0
60,30,16.420106887817383,92502,1,0.7060802477796989,2,0,0,0,0,1,0
34,6,90.49752044677734,90282,2,0.2517123667390751,1,523,0,0,0,1,1
50,26,107.46902465820312,94343,1,1.6611375708217815,2,0,0,0,0,0,0
65,40,51.80159378051758,91216,4,0.9022058626706639,2,0,0,0,0,0,0
64,37,181.28433227539062,91576,1,4.276641184117623,1,0,0,0,0,0,0
41,24,66.6241455078125,89641,2,0.4056792644013673,3,0,0,0,0,1,0
64,39,84.14071655273438,92235,2,0.8500653226218042,3,109,0,0,0,0,0
49,18,60.62307357788086,94695,2,1.5243917943310388,2,0,1,0,0,1,0
48,20,145.56277465820312,89816,4,2.407912957354645,2,0,0,0,0,0,0
59,33,55.834808349609375,90031,4,2.7486352612171254,3,0,0,0,0,1,0
55,38,48.54231262207031,95692,1,1.9518139747841283,3,98,0,0,0,0,0
45,17,26.97181510925293,94484,2,0.46342776180801565,3,0,1,0,0,0,0
54,28,47.26676940917969,94345,4,0.8818118579401057,1,0,0,0,0,0,0
39,21,68.28628540039062,94700,2,8.271518063110662,1,0,1,0,0,0,1
57,33,39.38691711425781,94553,3,1.3146669216054416,2,132,0,0,0,0,0
32,7,21.417816162109375,94394,2,0.18651075014457402,2,0,0,0,0,0,0
41,26,59.39763641357422,93164,3,1.5538192562261481,1,129,1,0,0,0,0
57,37,72.39141082763672,95053,4,0.27467823458150586,3,0,0,0,0,0,0
38,26,63.622291564941406,93744,3,0.9125956792024211,2,149,0,0,0,1,0
59,34,64.79617309570312,93071,2,1.0383960869529778,1,0,0,1,0,1,0
52,25,21.862335205078125,93987,1,2.0489259522051206,1,0,0,0,0,0,0
36,2,48.476097106933594,91769,1,0.44394528131832245,2,0,1,0,0,1,0
37,15,80.70624542236328,94734,4,1.1177840393778617,3,0,1,0,0,1,0
59,36,28.100828170776367,91077,1,0.21917490822586783,1,0,1,0,0,1,0
52,18,11.2859525680542,92663,4,0.32463197332499766,3,0,0,0,0,1,0
61,35,107.61390686035156,90678,3,2.0848400646392307,2,0,0,0,0,1,0
40,15,12.540653228759766,89949,1,0.5048561435308188,1,0,0,0,0,1,0
28,2,63.27588653564453,93988,1,4.049030266372215,2,0,0,1,1,1,1
61,37,151.6353759765625,92133,3,0.5363890059007697,3,0,0,1,0,0,1
55,37,20.581005096435547,94489,1,0.6565444642236542,3,0,1,0,0,1,0
44,17,32.107452392578125,92481,4,1.8106508955272569,3,0,1,0,0,1,0
65,39,15.440168380737305,90740,4,0.5145222753288073,3,0,0,0,0,1,0
28,0,95.44892120361328,94841,1,0.23408020229741633,1,0,1,0,0,1,0
35,15,80.47615051269531,95774,3,1.899635495615047,1,0,0,0,0,0,0
28,5,151.71151733398438,94291,2,1.1248094171229595,1,0,0,0,0,0,0
54,33,105.85528564453125,92002,4,1.2413124857503093,2,0,1,0,0,0,0
48,21,105.15271759033203,90289,2,3.5244535068076246,1,0,0,0,0,1,0
59,33,117.01146697998047,94614,4,2.6841871435213607,3,238,1,0,0,1,1
38,10,11.52933406829834,91681,4,0.3545580628913688,3,0,0,0,0,1,0
31,9,101.56128692626953,94459,1,2.2482813006097815,1,0,0,0,0,0,0
45,30,78.34883880615234,89813,1,1.9293252721276466,2,0,0,0,0,0,0
36,23,26.636825561523438,94256,2,2.454033034915352,2,0,0,0,0,1,0
45,20,121.99433898925781,90342,2,2.4721312160772397,1,0,0,0,0,0,0
40,11,62.974544525146484,94814,3,0.7378782330762095,3,0,0,0,0,0,0
31,4,26.651142120361328,94589,2,1.8671187199755317,2,0,0,1,0,0,0
39,21,64.39361572265625,94933,3,1.2057392123492445,1,161,0,0,0,1,0
55,35,104.2391357421875,94481,1,2.5963684622580288,1,150,1,0,0,1,0
44,21,44.955963134765625,94443,1,1.4146030216265344,1,0,0,0,0,1,0
45,14,95.23812866210938,91952,3,2.716205934721035,2,0,0,0,0,0,0
28,4,129.44644165039062,95544,1,2.657139224218201,1,0,0,0,0,0,0
46,19,140.48631286621094,94136,1,1.8344117637371506,2,0,0,0,0,1,0
63,37,86.79457092285156,90161,1,0.7204410169997223,1,0,0,0,0,1,0
29,3,16.417505264282227,94217,2,0.3836788596413967,3,0,0,0,0,0,0
46,22,44.749942779541016,92078,2,0.40174873836577113,2,0,0,1,0,1,0
33,18,165.58615112304688,91128,1,3.226429618624135,1,0,0,0,0,1,0
36,6,65.45480346679688,90290,4,1.2025020590956923,2,144,0,0,0,1,0
43,15,37.79566955566406,90104,1,1.470864092169688,3,0,0,0,0,0,0
64,40,80.74795532226562,92898,1,2.642926276436133,3,0,0,1,0,1,0
36,11,19.606159210205078,96023,2,0.1986929445501974,1,151,0,0,0,0,0
44,27,55.85501480102539,91127,2,0.4412853011406345,1,0,0,0,0,1,0
47,18,54.564491271972656,93036,3,2.6127117712829446,1,0,0,1,0,0,0
28,2,117.6039810180664,93001,4,2.992478087387113,3,0,1,0,0,1,0
59,32,63.21417999267578,92698,2,0.5828929100515087,3,0,1,0,1,1,0
27,2,72.50302124023438,94013,3,0.9712330042431393,3,0,0,1,1,1,1
35,14,20.023521423339844,95258,4,2.393237269579721,2,0,1,0,0,0,0
40,5,158.38990783691406,94744,1,7.066760125122751,1,0,0,0,0,1,0
59,34,28.4678955078125,91518,3,0.30723277441723407,2,0,0,1,0,0,0
44,26,110.56500244140625,89972,3,4.281826602452578,1,0,0,0,0,1,0
28,8,71.89611053466797,95338,1,2.2798890781495293,1,0,0,0,0,0,0
43,14,57.759300231933594,92699,1,0.14053788187312627,1,0,0,0,0,0,0
26,11,102.21125793457031,90293,2,0.43603975016102003,1,0,0,0,0,0,0
41,18,138.42828369140625,91155,2,8.186575042038575,3,0,0,0,0,1,1
54,23,34.70429229736328,92091,3,0.9541164264997133,1,0,1,0,0,1,0
29,5,81.21615600585938,94780,2,1.5381939050170392,2,0,1,0,0,1,0
64,40,132.8155059814453,95296,2,0.3573136205705216,1,0,0,0,0,1,0
39,21,131.59141540527344,91598,4,5.363937830765337,1,358,0,0,0,1,0
49,12,72.0811767578125,95209,1,1.921466718366624,3,0,1,0,0,0,0
55,29,102.5190658569336,90982,1,1.2891267022379274,2,0,0,0,0,0,0
50,24,12.9866361618042,92022,2,0.3259154552539542,3,0,0,0,0,0,0
50,17,63.7042236328125,94692,1,3.971705115869521,3,0,1,1,0,1,0
58,40,65.12617492675781,93177,4,0.30770359470120223,1,151,0,1,1,1,0
43,23,50.604148864746094,90299,4,2.3462783696492084,2,102,0,0,0,0,0
51,24,75.06990051269531,95234,1,0.6680288273789415,3,0,1,0,0,1,0
27,0,48.64533615112305,94053,4,1.2200055802303766,3,148,0,0,0,0,0
42,18,117.11197662353516,95773,2,2.356197525551296,1,0,0,0,0,1,0
58,31,67.81198120117188,93010,1,2.5224500808094885,3,0,0,1,0,0,0
52,23,68.68304443359375,95624,1,2.2521536449821533,2,0,1,0,0,0,0
49,20,61.203617095947266,91198,3,2.939392535152794,3,0,0,0,0,1,0
42,19,57.02916717529297,92843,4,1.787772089369744,1,0,0,0,0,1,0
44,15,80.05128479003906,95875,4,1.9225325608956776,3,0,0,0,0,0,0
31,24,31.955047607421875,94421,2,0.272499285029137,3,227,1,0,0,0,0
46,22,144.0869903564453,92803,2,0.7693461525263798,1,0,1,0,0,0,0
54,22,102.62828063964844,94689,3,4.577803085575123,1,0,0,1,0,0,0
57,37,37.400062561035156,91823,2,0.13700648389866193,3,102,0,0,0,1,0
34,13,70.179443359375,91130,2,1.4766919083841046,3,0,0,0,0,1,0
42,19,128.712890625,94436,4,3.5010788945765325,2,0,1,0,0,1,1
64,38,55.7390022277832,94365,3,1.8110906943583225,1,200,0,0,0,1,0
66,38,27.785118103027344,93609,4,1.9878643778233336,3,0,0,0,0,0,0
28,3,64.20082092285156,93709,2,1.7239643612613607,1,0,0,0,0,1,0
45,21,39.943321228027344,93669,2,3.9194482051686497,2,0,1,0,0,0,0
57,30,53.96750259399414,93313,4,0.14794965356379153,3,0,0,1,0,0,0
36,14,35.37036895751953,90665,2,0.65844865537986,1,104,1,0,1,1,0
30,2,88.758056640625,94863,3,1.8145019734941847,2,0,0,0,0,1,0
25,10,138.5211639404297,95968,2,1.6574135402336605,1,130,0,0,0,0,0
53,31,37.23476028442383,94056,1,1.0840109515780467,1,0,0,0,0,0,0
28,19,69.31149291992188,93343,1,2.3745450909609938,1,0,1,0,0,1,0
50,36,40.84499740600586,92868,2,1.5953300987412609,1,0,1,0,0,1,0
33,15,159.86590576171875,91822,2,8.065674000837022,1,0,0,0,0,1,0
36,8,46.30613708496094,95198,2,0.9073010366791449,1,86,0,0,0,0,0
39,15,102.88197326660156,93847,1,4.689445351676698,1,0,1,0,0,1,0
36,0,85.90230560302734,96356,4,1.2473426496679418,3,0,0,0,0,1,0
45,27,96.02892303466797,94542,2,0.5296851430121466,2,0,0,0,0,0,0
44,15,99.13956451416016,92666,1,2.863625723946754,2,68,0,0,0,1,0
60,27,76.6126708984375,93802,1,7.28000345394555,3,0,1,1,1,0,1
63,34,91.41356658935547,92509,3,4.0132555320830265,2,0,0,0,0,1,1
28,1,31.481571197509766,91158,1,0.39633620184900387,2,0,1,0,0,1,0
35,6,52.472801208496094,89651,2,2.0028188244610146,1,223,1,0,0,1,0
48,33,110.98261260986328,92721,2,2.0521098893277663,1,0,1,0,0,1,0
42,9,37.201934814453125,95895,1,0.8930457517895051,3,220,1,0,1,1,0
52,27,26.027624130249023,94269,3,0.6709328841674278,2,147,0,0,0,1,0
54,27,52.73126983642578,90224,3,0.9539596061968446,2,0,0,0,0,0,0
47,20,114.4902114868164,94053,4,2.3317657697324212,3,0,1,0,0,0,0
24,14,17.623153686523438,93543,1,0.048351640830131215,3,0,1,0,0,1,0
33,3,57.6456298828125,90683,1,0.07219420410510902,1,0,0,0,0,1,0
26,1,63.14013671875,94795,1,1.7155884230931733,3,377,0,0,0,1,0
51,17,98.3621826171875,92113,3,0.8883028062388328,2,0,0,0,0,1,0
45,23,95.7674560546875,95393,1,4.388803206799549,3,0,0,0,0,0,0
46,18,59.932395935058594,94367,3,0.41126957941930103,2,149,1,0,0,1,0
27,1,29.123779296875,94897,2,0.9713649206269862,1,0,0,0,0,1,0
61,35,131.9340362548828,94063,1,1.5820229821981824,2,383,0,0,0,1,0
29,6,85.92276000976562,90128,1,1.8748708917180588,1,0,0,0,0,1,0
46,19,62.588905334472656,94372,4,1.7645569069519826,1,0,0,1,0,1,0
47,18,130.02053833007812,91885,2,2.08721931058027,1,0,1,0,0,1,0
55,25,45.933319091796875,94344,2,0.011316240194550853,2,94,0,0,0,0,0
54,31,54.92266845703125,95676,3,0.600538965857874,2,111,1,0,0,1,0
45,22,43.08572769165039,94153,1,0.9561012175082687,3,0,0,0,0,1,0
46,11,20.780258178710938,90014,1,0.677454829765736,3,101,0,0,0,0,0
46,26,192.30116271972656,95169,2,8.106280640699927,2,344,0,0,0,1,1
31,7,135.41087341308594,91888,4,2.061326125520146,3,0,0,0,0,1,0
35,18,22.290752410888672,94033,2,0.10517330045055795,1,64,0,0,0,1,0
43,27,95.4236831665039,90618,1,2.0422970718815754,1,0,0,0,0,1,0
31,6,110.26487731933594,95156,3,2.5605831982786915,2,0,0,0,0,1,1
60,36,78.61940002441406,94864,3,3.2032163489629593,2,0,1,0,0,0,0
40,10,9.787374496459961,91298,4,0.27527471081465615,3,0,1,0,0,1,0
28,2,80.15391540527344,91192,2,2.744553006561057,1,0,1,0,0,1,0
50,34,29.71209144592285,90215,4,0.20868439238646036,2,0,0,0,0,1,0
33,6,56.587730407714844,94993,4,2.3539180139717257,1,0,0,0,0,0,0
37,5,93.474365234375,94295,2,4.127945055287367,1,145,1,0,0,1,0
33,11,112.2777328491211,92773,3,0.9792078949765044,2,0,0,0,0,0,1
61,33,50.659027099609375,90089,4,0.7165017965043899,1,138,0,0,0,0,0
40,14,54.715858459472656,94232,4,0.9798018487305085,3,186,0,0,0,0,0
34,9,120.21146392822266,94189,4,1.9821441017835015,1,0,1,0,0,1,0
52,19,187.4012908935547,90039,2,5.205838375520777,1,0,0,0,0,0,1
61,35,39.404747009277344,90051,2,0.17458441006593173,2,0,0,0,0,1,0
43,23,66.4324951171875,94729,4,0.851692225874429,3,0,0,0,0,1,0
52,29,69.76480102539062,94267,3,1.4276120848363731,3,0,1,0,0,1,0
59,32,18.88749885559082,94762,1,1.09094270651272,2,85,0,0,0,1,0
43,16,65.48503112792969,92263,1,2.8644795414849735,1,0,0,0,0,1,0
47,18,50.0849609375,90720,1,0.4639933804606732,3,0,0,0,0,1,0
41,19,206.04873657226562,94541,1,6.809074496225267,1,0,0,0,0,1,0
40,20,102.55075073242188,94330,2,2.7844056074594574,2,0,0,0,0,1,0
32,18,114.06084442138672,90368,1,2.599642604730849,2,0,0,0,0,1,1
40,14,102.4771957397461,90007,1,2.021842728287857,2,0,0,0,0,0,0
51,28,53.64582443237305,95359,2,3.5964910119319717,3,0,0,0,0,1,0
55,26,138.9750213623047,92551,2,4.87343504581273,3,0,0,0,0,1,1
45,25,24.527694702148438,89801,2,1.429593337075155,2,0,0,0,0,1,0
58,26,141.48582458496094,94118,4,4.7104760830769195,1,403,1,0,0,0,1
34,20,82.95466613769531,95707,1,2.0933620942364235,3,196,1,0,0,0,0
30,8,121.4558334350586,94564,2,1.7103386577029491,3,0,1,0,0,0,0
61,35,137.80850219726562,91624,1,1.0959396249554116,1,0,1,0,0,1,0
52,26,16.817256927490234,90228,3,1.7515295221733254,2,0,0,0,0,1,0
24,1,145.2696075439453,94999,4,1.6507832429859284,3,0,1,0,0,1,1
61,39,57.849857330322266,94706,4,3.253834566154928,1,242,0,0,0,0,0
61,36,59.287269592285156,93922,1,0.4875581516386502,3,0,0,0,0,1,0
57,33,25.265764236450195,90378,4,0.38562066158522756,1,0,0,0,0,1,0
27,-1,17.81608009338379,93632,4,0.710377014457735,2,0,0,0,0,1,0
39,27,56.04812240600586,91224,3,2.9245498486160337,3,236,0,0,0,0,0
65,41,121.8075942993164,94180,3,1.3393033970215749,3,93,0,0,0,0,0
40,13,58.80218505859375,92044,4,2.2868894720586965,1,0,1,0,0,0,0
49,23,35.966064453125,92008,1,2.252513858624243,3,102,0,0,0,1,0
62,22,56.37643814086914,93918,1,0.5826275266822099,1,0,0,0,0,1,0
31,7,51.71981430053711,91208,3,0.7576899188033206,3,151,0,0,0,1,0
55,31,66.91091918945312,92227,2,1.5181130538935885,3,88,1,0,0,0,0
39,3,14.095075607299805,93581,4,0.4051027048453746,2,0,0,0,0,1,0
54,24,104.86380767822266,91103,1,1.0962351025586736,3,100,0,0,0,1,0
58,34,75.28455352783203,94257,4,1.7192030872765396,2,0,1,0,0,1,0
45,34,73.88050079345703,92409,2,0.31100063906652864,2,97,0,0,0,1,0
50,29,75.2433090209961,94017,1,1.4586284900951862,1,0,1,0,0,1,0
50,23,177.93870544433594,91961,1,2.4182871515740727,1,387,1,0,0,0,0
47,25,129.81448364257812,89773,1,1.8157534337096108,3,0,0,0,0,1,0
56,28,59.529273986816406,94246,4,1.4215233541794345,1,0,0,0,0,0,0
36,11,31.37147331237793,92266,1,0.19112064766530107,2,163,1,0,0,1,0
58,35,91.13996887207031,94440,1,0.8912001848987123,1,0,1,0,0,1,0
44,20,46.85069274902344,93795,4,0.4731057983508237,1,143,0,0,0,1,0
25,0,155.87623596191406,93856,4,3.3758075003100796,2,0,1,0,0,1,1
26,2,156.8419952392578,95054,2,4.476174623950471,1,0,1,0,0,0,0
30,7,45.45206069946289,90762,2,2.268346979113327,3,151,1,0,0,0,0
41,27,174.8509521484375,94449,1,0.5584915326282354,1,0,1,0,0,1,0
27,11,23.50019073486328,95140,2,1.1530290043201683,1,0,0,0,0,0,0
54,25,58.967979431152344,91229,1,0.489953669346856,3,153,0,0,0,1,0
53,22,155.2731475830078,91315,3,8.125772373438956,3,0,0,0,0,0,1
43,18,44.494834899902344,94859,4,3.3914498590710123,2,0,0,0,0,0,0
30,2,38.56959533691406,91932,1,2.989967094774405,1,236,0,0,0,1,0
43,15,38.68938446044922,94851,2,0.7212429494985494,1,0,1,0,0,0,0
61,33,41.016624450683594,90008,4,0.2467979796089279,3,0,0,0,0,0,0
33,7,177.92518615722656,92444,1,6.206994195975725,1,0,0,0,0,0,0
43,25,65.4028549194336,94477,1,0.9770240507254182,2,0,0,0,0,0,0
28,6,164.7912139892578,93885,1,7.4740444867406985,1,0,1,0,0,1,0
49,31,46.384517669677734,94460,1,0.12998724316491514,1,148,0,0,0,1,0
30,8,41.56501770019531,90125,4,0.7754032057617108,1,0,0,0,0,0,0
65,37,38.153038024902344,95175,1,0.9612109526947665,2,0,0,0,0,1,0
31,3,82.16427612304688,94970,1,2.1016100224031264,3,0,1,0,0,0,0
43,25,34.63591766357422,89931,4,1.8589192746514698,1,0,0,0,0,0,0
44,15,78.04713439941406,92272,2,1.6764551891702226,2,0,0,0,0,1,0
60,29,45.934669494628906,94001,4,1.3340527105045354,1,0,0,0,0,0,0
37,27,56.955204010009766,90218,4,1.3265072486755567,1,0,0,0,0,1,0
27,2,135.41111755371094,94896,2,1.3219355489124793,1,0,0,0,0,1,0
64,40,61.9122200012207,92564,2,0.6861774876461045,3,0,0,0,0,0,0
38,10,143.2685089111328,94232,1,6.686332267426312,1,0,1,0,0,1,0
55,36,52.28302764892578,94012,4,2.290991981636521,2,0,0,0,0,1,0
39,7,40.935970306396484,94202,3,2.762936574294427,3,222,0,0,0,0,0
39,9,82.35794067382812,95756,3,1.9964609528306287,1,0,0,1,1,1,0
45,17,68.95220947265625,94700,2,2.379786212820833,1,548,0,0,0,0,0
38,12,91.58606719970703,95785,4,1.6839626003023087,1,0,0,0,0,0,1
30,4,207.71893310546875,92579,1,6.206791902170768,1,0,0,0,0,1,0
50,31,103.88751983642578,92755,1,3.0734440872868145,1,145,0,1,0,1,0
57,32,94.39640808105469,93723,2,2.094875052920186,3,104,0,0,0,1,0
45,19,73.15061950683594,93019,2,0.8872285022355083,1,364,0,0,0,1,0
54,32,49.122589111328125,92788,4,0.4233520274093304,1,0,0,0,0,0,0
25,0,17.924928665161133,92774,2,1.0737071912870064,3,107,0,0,0,1,0
58,38,37.96257019042969,90557,3,1.512498411002407,2,0,0,0,0,1,0
65,38,65.01788330078125,94577,4,0.39405562916077336,1,0,0,0,0,0,0
54,27,12.629302024841309,91958,2,0.019045311106820506,3,0,0,0,0,1,0
33,10,60.120121002197266,91194,3,1.6523606401394257,3,0,0,0,0,0,0
37,17,33.78093719482422,92008,4,1.9958545551125422,3,0,0,1,0,1,0
60,35,68.97980499267578,92617,2,1.537855774476275,2,155,0,1,0,1,0
40,12,46.87472152709961,92858,1,1.831121108532371,3,0,0,0,0,0,0
39,20,37.79696273803711,95474,3,0.5008620829152508,1,0,0,0,0,0,0
35,3,70.02848815917969,93994,3,1.7192272241013102,1,0,1,0,0,1,0
24,2,57.92395782470703,91686,4,1.8767145011416033,1,0,0,0,0,1,0
29,10,38.07825469970703,93842,1,1.0169801624254187,2,111,0,0,0,1,0
57,31,45.105804443359375,94421,4,2.21357529007671,1,0,1,0,0,1,0
34,14,147.8870086669922,92787,2,2.353044156937619,1,147,1,0,0,1,0
55,34,54.450443267822266,91781,4,0.21020455275557032,1,152,0,0,0,1,0
43,31,83.65279388427734,95952,4,2.362063225140772,1,0,0,0,0,1,0
39,7,128.70875549316406,94265,3,4.0309191402721565,1,0,0,0,0,1,0
59,33,87.46145629882812,89967,1,3.5781305848853724,1,0,0,1,0,1,0
51,21,86.67599487304688,89834,2,2.584503138101278,2,0,1,0,0,0,0
40,23,12.316346168518066,95438,1,2.5779255066822797,2,136,1,0,0,0,0
59,32,121.04598236083984,94678,2,7.535425779248669,1,0,0,0,0,0,0
59,36,22.40839385986328,95130,3,1.5546007766695098,2,0,0,0,0,0,0
59,34,14.215781211853027,89787,4,0.3187800227780323,1,0,0,0,0,1,0
41,16,124.60684204101562,92973,4,2.0544365911872235,1,0,0,0,0,0,0
28,2,87.26617431640625,92207,2,1.9110094431094955,3,0,0,0,0,0,0
53,21,48.4767951965332,94702,1,0.5843537631050645,1,0,0,0,0,0,0
35,9,80.42009735107422,94258,1,1.7484923099999623,1,0,1,0,0,1,0
34,10,40.07136535644531,95123,4,0.3173236908574865,1,0,0,0,0,0,0
43,29,49.22065734863281,94790,1,2.4323797192808123,1,0,0,0,0,1,0
30,5,94.25808715820312,94851,1,0.2354949783226159,3,150,0,0,0,1,0
26,-1,43.23365783691406,94183,1,2.005036321277696,1,0,0,0,1,1,0
60,35,44.0000114440918,93082,2,3.0341987716680663,1,218,0,1,0,0,0
28,3,44.26462173461914,94862,4,2.088029855785687,1,0,1,0,0,1,0
55,30,88.21414947509766,91560,1,2.492134971656078,3,0,0,1,0,1,0
44,7,83.93596649169922,92041,3,1.6259783928343259,1,0,0,0,0,1,0
25,6,31.63258934020996,94312,2,1.6155633677766188,3,0,0,0,0,0,0
28,15,127.94303894042969,94578,1,4.269100397474333,1,0,0,0,0,1,0
27,4,21.74125099182129,95546,4,0.03130860495841564,3,232,0,0,0,1,0
44,23,15.989477157592773,94408,3,1.4074038356157001,1,0,0,0,0,1,0
26,1,75.19446563720703,94855,1,1.756902684414537,1,0,1,0,0,1,0
39,5,141.9426727294922,94983,2,3.2324221974764638,1,0,1,0,1,1,1
28,1,96.89905548095703,94766,3,0.8439957506358459,3,0,1,0,0,1,0
63,41,97.69059753417969,91170,3,3.3473159015353433,3,0,1,0,0,1,0
51,24,35.54487991333008,95471,1,2.3179847527606903,2,0,0,1,0,0,0
33,16,19.005435943603516,94413,1,1.4620692982041725,2,0,0,0,0,0,0
28,6,153.92738342285156,90043,2,3.1309350189244736,1,0,0,0,0,0,0
56,35,45.35926818847656,93661,1,4.711108785269212,1,0,1,0,0,0,0
43,22,41.33951950073242,94566,4,2.5086921766495807,2,193,0,0,0,1,0
61,33,23.61569595336914,92763,2,0.2796098044289501,3,100,0,0,0,1,0
25,3,35.93354797363281,94614,2,2.354226290277689,2,389,0,0,0,0,0
60,35,76.19380950927734,90160,3,0.757476842045598,3,0,0,0,0,1,0
64,38,98.6457290649414,92313,1,2.4344121089392963,1,394,1,0,0,1,0
65,42,22.58890151977539,94244,4,2.2376159859345366,2,0,0,0,0,0,0
44,21,149.43580627441406,91206,1,4.650692239016053,3,0,0,0,0,0,1
41,15,138.05238342285156,93359,1,0.7761426069939734,1,97,0,1,0,0,0
47,16,48.215904235839844,92581,1,1.4754421450926458,3,0,0,0,0,1,0
24,2,62.61212158203125,90063,4,2.016536521491429,1,0,0,0,0,0,0
53,28,116.55682373046875,92773,4,3.9878175957060993,2,0,1,0,1,1,1
54,29,37.66838455200195,91318,2,0.19191919033503307,2,0,0,0,0,0,0
53,23,106.36286163330078,95667,1,2.2020540357341845,1,103,0,0,0,1,0
31,10,81.61261749267578,93031,2,2.649933992633065,1,0,1,0,0,1,0
44,21,58.34638595581055,90026,2,2.411688724206455,3,0,1,0,0,0,0
66,36,48.56401824951172,91715,2,6.496447957505329,3,107,1,0,0,1,0
35,15,35.599056243896484,91940,4,0.9223262857497884,2,0,0,0,0,1,0
52,21,107.1007308959961,94466,4,1.9323006172630361,1,255,0,0,0,1,0
60,31,48.468658447265625,94822,2,0.4350979207322523,2,100,0,0,0,0,0
62,32,27.596923828125,95259,4,0.13923346569787756,3,0,0,0,0,1,0
46,31,88.83574676513672,93071,1,0.5152994702121508,1,0,1,0,0,1,0
29,8,57.80012512207031,90332,4,2.0491370992623517,2,101,0,0,0,1,0
49,26,60.89757537841797,89732,1,0.2931050895831807,1,0,0,0,0,0,0
56,32,132.47406005859375,95889,1,1.4420328205525088,1,0,0,0,0,1,0
26,3,145.50587463378906,91965,2,3.932474349237644,3,380,0,0,0,0,1
60,38,59.925567626953125,95144,4,0.961953638478402,1,0,0,0,0,1,0
56,32,102.29439544677734,94211,1,3.087919741965101,1,0,1,0,0,1,0
54,27,13.964726448059082,94733,4,0.04177488148698183,1,0,0,0,0,1,0
47,21,139.3936767578125,92541,1,3.0890209692722808,1,0,0,0,0,1,0
61,31,80.16047668457031,94279,1,1.7038016958729707,2,0,1,0,0,1,0
47,17,32.304832458496094,95099,2,4.143564528820106,3,107,0,0,0,1,0
51,31,74.18161010742188,90508,2,1.6872006754558482,1,0,1,0,1,0,0
62,35,162.96011352539062,95261,1,7.9350121224015755,3,0,0,0,0,1,1
60,34,65.69570922851562,94200,3,0.3978735130716537,1,154,0,0,0,0,0
52,22,65.04414367675781,94864,2,1.893180983017026,2,211,1,0,0,1,0
33,24,92.3321762084961,95208,1,0.37364526978996604,1,103,1,0,0,0,0
30,5,130.86203002929688,92829,1,0.894457433110903,1,0,1,0,0,1,0
45,23,82.78872680664062,94396,2,0.8118945741337243,3,113,1,0,0,1,0
29,3,13.98439884185791,94871,3,0.47111814956988707,1,102,0,0,0,1,0
29,4,22.167980194091797,92450,2,0.3916505450851233,1,0,0,0,0,0,0
62,35,134.486572265625,94304,1,3.001253079424065,1,0,0,0,0,1,0
41,19,62.2714729309082,93953,1,3.3512499755344303,2,0,1,1,0,1,0
63,38,55.70126724243164,95162,4,0.1374675648249291,2,0,1,0,0,0,0
41,19,164.9995880126953,93901,2,4.439621753840067,1,0,1,1,0,1,0
55,20,47.3578987121582,94774,1,0.774722947408236,2,0,0,0,0,0,0
56,31,38.07421875,92810,1,2.561713523286494,3,134,1,0,0,0,0
42,17,131.00347900390625,92265,4,1.7161895045566227,1,380,0,0,0,1,0
28,13,44.19971466064453,95205,1,1.9121604048120475,3,0,0,0,0,0,0
56,32,81.6392593383789,95424,2,2.939887688654963,2,150,1,0,0,0,0
31,6,72.45552825927734,93527,1,1.5656936810398059,2,0,0,0,0,0,1
54,34,26.262020111083984,91903,1,1.1578003940456263,2,0,0,0,0,0,0
33,1,70.90914916992188,94877,2,0.9574716978782347,3,0,0,0,0,0,0
43,29,86.46842956542969,94264,2,0.37026316562670414,2,0,0,0,0,1,0
27,4,70.80622863769531,94115,1,2.2645106002204103,2,0,0,0,0,0,0
52,34,48.16543960571289,94665,4,2.2560489578849077,2,0,0,0,0,1,0
28,5,177.34742736816406,91642,3,4.050827936645203,2,396,0,0,0,1,1
42,21,73.53792572021484,92452,3,3.5802272282669025,2,0,0,0,0,1,0
39,12,103.1888198852539,94194,2,6.6801049284580944,1,186,0,0,0,0,0
63,42,54.97290802001953,92824,1,0.18962394511393707,1,142,1,0,0,1,0
46,13,114.09425354003906,90685,1,0.11129653330069542,1,0,0,1,0,1,0
56,35,120.51639556884766,94397,3,4.646109283430377,3,0,1,0,0,0,1
26,0,47.59781265258789,92813,2,0.6985154045997892,2,0,0,0,0,1,0
58,34,50.64469528198242,95436,3,2.024246243704564,2,0,0,0,0,0,0
43,24,35.17392349243164,89666,4,0.2646512353218461,1,132,0,0,0,1,0
59,23,126.81721496582031,94259,1,0.13849300099001632,3,0,1,0,0,0,0
55,31,62.38979721069336,94242,2,0.24593613636060843,1,0,1,0,0,1,0
43,23,73.2048568725586,94511,4,1.1239658688957297,3,93,0,0,0,1,0
30,6,119.35340881347656,92709,2,0.6282560743187398,3,0,0,0,0,1,0
60,35,28.823808670043945,94148,1,1.4238244533012785,3,0,0,0,0,0,0
61,36,95.0673599243164,90394,2,1.836932880014035,1,0,0,0,0,0,0
44,25,54.25172805786133,93923,2,1.3390722593490305,1,0,1,0,0,1,0
51,22,28.872209548950195,94888,4,0.23143412528848217,1,0,0,0,0,0,0
53,29,175.62588500976562,92627,2,2.404949813203722,1,230,1,0,0,1,0
58,32,62.51410675048828,89768,1,1.1735468775355156,3,0,0,0,0,1,0
43,18,34.99793243408203,94724,1,1.9581420545772104,3,0,0,0,0,1,0
49,26,53.40392303466797,91415,1,0.11470020925360674,3,0,0,0,0,1,0
39,18,29.72416114807129,90815,4,0.046950085063128255,3,0,0,0,0,1,0
51,31,29.698406219482422,93636,1,0.5312583667624321,3,0,0,0,0,0,0
61,39,32.775230407714844,94953,4,0.911586038493806,3,118,0,0,0,1,0
30,14,51.41615676879883,92235,3,1.4068195396092773,2,0,0,0,0,1,0
27,5,123.5478744506836,94004,1,4.05729669626513,1,0,1,0,0,1,0
49,37,65.3627700805664,91811,2,1.2447819777957116,3,153,1,0,1,1,0
43,13,24.791431427001953,92233,2,1.3072860621026239,2,0,1,0,0,0,0
28,5,40.24178695678711,92081,3,2.1957140709692355,2,0,0,0,0,1,0
53,24,43.06673049926758,95229,1,2.0173557341602133,3,148,0,0,0,1,0
54,27,91.37630462646484,92778,4,1.7160171349062123,2,0,0,0,0,1,0
43,8,149.80178833007812,93145,4,0.7683126870336437,2,0,1,0,0,0,1
51,22,74.0982666015625,92854,1,7.066213272715476,1,145,0,0,0,1,0
63,36,14.123373985290527,94433,4,0.598260126304402,3,0,0,1,0,1,0
56,29,35.443634033203125,92590,2,1.332263022895233,1,0,0,0,0,0,0
31,4,78.33517456054688,89856,3,1.5303990333475253,1,0,0,0,0,1,0
52,28,38.18110275268555,94358,4,1.6468688092093762,3,0,0,0,0,0,0
64,36,47.48591232299805,90134,2,0.770142653615045,1,0,0,0,0,1,0
61,30,20.368072509765625,94257,1,1.0954940469298813,2,0,1,0,0,1,0
46,28,147.98318481445312,94748,1,2.22850966591953,1,381,0,0,0,0,0
41,26,37.240379333496094,94171,2,0.5965616517868138,1,0,1,0,0,0,0
55,24,77.00112915039062,94395,3,3.458571128612017,1,0,0,0,0,1,0
25,2,52.9339485168457,95184,1,1.9644041772066128,3,0,0,0,0,1,0
57,39,83.07715606689453,94812,3,2.185849918171259,2,0,0,0,0,0,0
45,19,84.32449340820312,89728,2,0.44488636922455094,1,0,0,0,0,0,0
29,4,24.65924835205078,91898,2,0.7553526605775465,3,121,1,1,0,1,0
63,42,27.201969146728516,91904,1,0.6731781343374821,2,0,1,0,0,1,0
67,41,93.67606353759766,92137,2,1.3254136803404615,1,105,0,0,0,1,0
50,36,29.433015823364258,92767,1,1.5921861791366623,3,0,0,0,0,1,0
63,39,92.4141616821289,93809,2,1.9739681859997633,1,0,0,0,0,1,0
38,9,16.100976943969727,91546,4,0.7158875487280278,1,0,0,0,0,0,0
46,18,34.289886474609375,93930,1,0.7814939374352816,3,0,1,0,0,0,0
58,36,40.19445037841797,95795,3,0.20626720819271707,1,0,0,0,0,1,0
53,29,77.95542907714844,94546,1,2.3535970365172405,2,0,1,0,0,0,0
63,35,29.942153930664062,94744,4,0.03442144825588578,3,0,0,0,0,1,0
30,6,194.8717803955078,95071,3,6.586381703354843,2,0,0,0,0,1,1
51,24,137.9125213623047,89885,3,4.602212570741441,1,0,1,0,1,1,0
56,25,124.47822570800781,94452,2,0.5273785921909376,1,0,0,0,0,1,0
62,38,80.31233215332031,92069,3,1.1185539549829264,2,0,0,0,0,0,0
65,42,137.31593322753906,94073,4,0.5737246755149634,1,0,0,0,0,0,0
41,25,64.77786254882812,92706,4,0.476948647373562,3,0,0,0,0,1,0
34,6,94.0039291381836,95482,1,2.2431202847778526,3,240,0,0,0,0,0
63,37,39.0263671875,94359,3,0.88197386961524,1,0,0,0,0,1,0
60,36,73.8624038696289,92198,3,1.1925428383434382,2,85,1,0,0,0,1
57,29,84.94645690917969,94815,3,1.5986526471807543,1,0,0,0,0,1,0
33,6,76.6100082397461,93734,1,0.7488903908960849,3,0,0,0,0,0,0
51,23,82.53789520263672,92142,3,1.6918075679184013,1,226,0,0,0,0,0
32,11,87.02457427978516,95673,2,2.9340114450268473,1,0,0,0,0,1,0
61,31,24.17337989807129,92860,1,1.3009955606106685,3,85,0,0,0,1,0
54,35,36.34040069580078,95017,2,1.608294013708918,2,102,0,0,0,1,0
41,19,27.542978286743164,94483,1,0.4688436684641697,1,0,1,0,0,1,0
53,24,170.16490173339844,91872,2,7.486620678193033,1,0,0,1,0,1,1
61,38,156.4056854248047,95189,1,4.222120967412704,1,0,0,0,0,0,0
35,12,19.611392974853516,91134,1,0.29983249386829536,3,0,0,1,0,1,0
58,39,77.44551086425781,94249,2,1.8562975168524443,3,0,0,0,0,1,0
54,24,114.40779113769531,92539,3,4.362203693715969,1,241,1,0,1,1,0
33,5,85.41350555419922,90058,2,2.201451881762048,2,142,0,0,0,1,0
41,9,48.68241882324219,95243,3,1.0747671029716956,3,102,0,0,0,0,0
31,15,117.73184967041016,95293,1,1.5233947612826744,1,107,1,0,0,1,0
58,31,61.91840744018555,93157,4,2.0357937267449846,3,157,0,1,0,1,0
61,32,84.84423065185547,94390,1,4.891354577903334,3,0,0,0,0,0,0
47,25,32.683536529541016,93941,2,0.2613145821705263,1,0,0,0,0,0,0
42,3,46.44136428833008,95889,1,1.884655508685454,3,0,1,0,0,0,0
32,13,153.1612091064453,91293,2,3.694095824899737,3,618,0,0,0,1,0
47,26,75.32752227783203,91888,3,0.4893774683110545,1,0,0,0,0,0,0
47,15,102.2833023071289,94668,1,2.711837112814278,1,0,0,0,0,1,0
60,33,44.51680374145508,92956,4,1.1297248661191581,2,0,0,0,0,1,0
32,11,91.48119354248047,92068,4,1.7271171854064733,1,0,1,0,0,1,0
46,15,134.95797729492188,95276,1,0.6995403627377732,3,0,0,0,0,1,0
49,16,43.41462707519531,94331,2,1.743163952549574,2,0,0,1,0,1,0
61,37,122.09815979003906,93683,1,1.6607039010363176,1,0,1,0,0,1,0
41,30,53.04146957397461,91160,2,0.15380044489599876,3,0,1,0,0,1,0
41,13,80.35514068603516,91987,2,2.269014633821347,3,0,1,0,0,0,0
29,6,28.46044158935547,94743,3,0.5686251751069833,2,0,1,0,0,1,0
49,28,197.70809936523438,95094,2,4.994707077604409,1,0,0,1,0,1,0
44,23,88.37042236328125,91451,2,2.923575913737902,1,188,1,0,0,1,0
42,11,26.478300094604492,91180,1,1.2727287219726569,1,195,0,0,0,0,0
32,11,146.61695861816406,92081,3,2.3982067864321306,1,0,0,0,0,0,0
24,1,135.54156494140625,90224,2,6.514085839790831,1,0,0,0,0,0,0
49,22,49.63240051269531,94004,3,1.053587519464454,2,0,1,0,0,0,0
27,1,45.156227111816406,93658,2,2.529301401892302,3,206,0,0,0,0,0
52,27,49.40738296508789,95655,4,0.15416441228028152,1,126,0,0,0,1,0
44,22,187.2890167236328,91649,1,7.428267076663312,1,259,0,0,0,1,1
54,31,71.41482543945312,90164,3,3.2973227879063973,1,0,0,1,0,0,0
62,36,37.34183883666992,92763,3,0.26703834180008146,2,101,0,0,0,1,0
58,30,63.107704162597656,94233,4,2.740426614712853,1,0,0,0,0,0,0
58,32,55.107337951660156,90032,3,0.4612046483996221,1,112,0,0,0,0,0
58,32,51.834136962890625,90546,4,2.352483055400074,3,134,1,1,1,1,0
60,30,53.62358856201172,94360,3,2.5575756062009107,3,0,0,1,0,0,0
25,5,84.89817810058594,94063,3,1.6949163492355535,3,0,0,1,0,1,0
46,16,149.3047637939453,92438,1,2.751604524651672,1,0,1,0,0,1,0
57,36,53.26530838012695,94986,1,0.9976185754838094,3,0,0,0,0,0,0
49,19,99.41522216796875,92612,2,0.913331780167754,1,0,1,0,0,1,0
49,13,54.05973815917969,90115,4,3.069824040402597,3,0,0,0,0,0,0
63,37,61.28068161010742,94882,1,0.786266123415618,3,0,0,0,0,0,0
54,22,71.7742919921875,92486,4,2.0383250756573843,2,0,1,0,0,0,0
35,11,41.75569534301758,95489,4,1.633137086874406,1,173,0,0,0,1,0
45,25,21.227231979370117,93105,2,0.5219360919264054,1,100,0,0,0,0,0
61,35,44.52620315551758,92658,3,0.8807972458770205,2,0,1,0,0,1,0
63,38,87.26022338867188,92523,4,2.0464384458265044,1,0,1,0,0,0,0
27,10,34.384063720703125,91944,3,0.0884114014864853,2,0,0,0,0,1,0
50,12,168.9364013671875,94370,1,3.263326468860243,2,0,0,0,0,0,1
27,3,80.80274200439453,95231,3,1.9471351681538451,1,0,0,0,0,1,0
34,7,40.30010223388672,93816,4,1.5663075472637913,2,0,1,0,0,1,0
61,40,37.90737533569336,95441,4,1.1344123766794127,3,0,0,0,0,0,0
56,27,72.20953369140625,94894,4,2.23438688754895,1,0,0,0,0,1,0
27,4,139.5396728515625,92822,3,4.079449569457948,1,0,0,1,1,0,0
31,2,48.19075012207031,92890,4,1.4165707606155127,2,0,1,0,0,1,0
42,21,35.68610763549805,95142,1,0.23297901340161808,1,0,0,0,0,1,0
32,7,80.42700958251953,91938,3,1.712323364724465,1,94,1,0,0,1,0
51,34,37.09431838989258,94363,4,0.5230954678457382,2,0,0,0,0,1,0
58,34,54.233028411865234,94717,2,1.9099194159224635,1,0,0,0,0,1,0
52,29,71.45984649658203,91673,1,2.17476583611917,2,0,0,0,0,1,0
54,17,24.986217498779297,92134,2,0.3719602274026183,3,0,0,0,0,1,0
23,0,116.14112091064453,92027,4,2.2328796043674743,3,0,0,0,0,1,0
57,25,41.365482330322266,90976,1,0.11714960398776411,1,0,1,0,0,1,0
55,27,23.971942901611328,94473,2,1.5154285881211207,3,0,0,0,0,0,0
53,35,62.461761474609375,90637,1,2.204353960223232,2,0,1,0,0,1,0
25,0,70.17483520507812,94290,2,1.5592101686580102,3,0,0,0,0,1,0
28,2,33.10686111450195,94552,4,1.936283129343359,2,87,0,0,0,1,0
51,25,28.57398223876953,94791,3,1.144838957137063,2,0,0,0,0,1,0
50,15,77.19715881347656,92006,4,1.6074705110204406,1,0,1,0,0,1,0
41,19,67.14246368408203,95313,2,1.9532846824134862,2,0,0,0,0,1,0
36,8,29.066680908203125,95805,4,0.8809506855679579,2,0,1,0,0,0,0
53,33,50.20024490356445,92573,3,1.4153648342065042,3,91,1,0,0,1,0
64,35,115.06497192382812,94307,4,3.672569160172667,2,239,1,0,0,0,1
35,6,119.9522705078125,94061,1,1.788467297364498,1,0,1,0,0,1,0
54,25,60.86659240722656,92564,3,1.5065860020282122,3,199,0,0,0,1,0
66,40,74.09915161132812,94912,4,1.7967301125864377,2,0,0,0,0,1,0
51,29,45.03703308105469,90006,1,3.105605711662644,3,0,0,0,0,1,0
49,15,80.65525817871094,94381,1,4.604001711940758,3,0,0,0,0,1,0
60,35,138.6566925048828,93796,2,0.6875295493834915,1,0,1,0,0,0,0
49,17,90.52865600585938,90428,4,1.556488073105821,3,325,1,0,0,1,0
46,30,65.30892944335938,94242,4,1.0154212227722574,3,100,0,0,0,1,0
34,2,71.6614761352539,92632,4,3.131526977730706,1,0,0,0,0,0,0
47,15,162.16392517089844,95996,1,2.8842224538211214,1,0,0,0,0,1,0
52,29,126.18529510498047,94080,1,3.282676016457275,1,0,1,0,0,0,0
60,31,76.37984466552734,93721,1,0.4907679981771145,2,0,0,0,0,0,0
58,34,54.10065841674805,91887,2,1.4769170875836988,1,0,1,0,0,0,0
40,16,58.551719665527344,92250,2,2.0167989183291146,2,215,1,1,0,1,0
37,8,85.78131103515625,91358,2,0.769280550553744,1,0,0,0,0,1,0
60,33,10.65935230255127,90892,4,0.5320415530928402,2,0,1,0,0,1,0
67,41,85.65419006347656,94476,4,1.0482847134240503,2,0,0,0,0,1,0
42,22,158.63587951660156,94349,2,6.178018753336799,1,0,0,0,0,0,0
53,31,20.888166427612305,94364,3,0.8375220851924966,3,147,0,0,0,0,0
42,30,46.34952926635742,91775,3,1.920397167687323,1,0,0,0,0,1,0
54,26,17.418331146240234,93445,1,0.0931690845849622,1,132,1,0,0,1,0
56,28,47.18379211425781,90003,1,0.05469848490462331,2,0,1,0,0,1,0
41,22,154.48939514160156,93062,1,2.101624659675557,1,227,0,0,0,1,0
60,34,42.40214920043945,91897,1,1.0258488056605353,1,0,0,1,0,1,0
36,5,27.196413040161133,95119,4,0.9860218146662307,2,0,0,1,0,0,0
32,13,152.55770874023438,94316,1,9.381719772149687,3,0,0,0,0,0,1
52,28,54.25242614746094,94356,4,2.1422108936669004,2,0,0,0,0,1,0
62,37,37.64002990722656,92529,3,0.5236328957848384,2,0,0,0,0,1,0
37,23,11.188234329223633,90260,2,0.27167978884831273,3,0,1,0,0,1,0
55,34,134.83714294433594,90052,3,0.6437271800302569,2,158,1,0,0,0,1
57,31,112.8437271118164,91121,2,3.5197982470120173,3,0,0,0,0,1,0
42,18,143.00413513183594,95453,1,1.590967766926159,1,0,0,0,0,1,0
60,35,67.54550170898438,92190,1,1.8616864809784197,3,379,1,0,0,1,0
58,24,107.77372741699219,95826,4,2.472962894385748,1,0,1,0,0,0,0
42,13,49.94009017944336,95731,3,2.043570164887113,2,0,0,0,0,1,0
61,35,88.76321411132812,92897,2,2.227480499704564,2,0,0,0,0,1,0
44,26,134.38938903808594,91156,2,3.2659633999824185,2,0,0,0,0,1,0
55,33,35.349609375,91993,1,2.2964153580287046,2,139,1,0,0,0,0
40,18,118.62696075439453,92042,3,0.03639745354752394,2,0,0,0,0,0,0
45,5,68.60910034179688,94149,1,3.2376027386880493,1,0,0,1,0,0,0
57,33,106.04386138916016,92237,2,3.252662904043686,3,0,1,0,0,1,0
59,24,58.188385009765625,94528,1,0.5031357516057905,1,0,0,0,0,1,0
44,25,152.69015502929688,94124,1,0.3413988620990224,3,0,0,0,0,0,1
34,16,74.49968719482422,94301,2,0.4499371460750298,1,0,0,0,0,1,0
57,26,179.20608520507812,90753,3,5.464500453675609,3,0,0,0,0,0,1
31,3,66.89656066894531,94841,4,0.5393961672189547,2,0,0,0,0,0,0
60,32,22.763681411743164,91167,2,0.4293915493240691,2,0,0,0,0,0,0
27,6,84.81843566894531,94872,1,1.8713577465084597,3,0,0,0,0,1,1
44,29,111.77546691894531,92779,3,2.1129074152376957,1,0,0,1,0,0,0
42,15,77.91944885253906,92834,2,0.13393345767440085,1,0,1,0,0,0,0
60,36,37.17327117919922,95024,3,1.9451366309448892,1,114,1,1,0,1,0
31,4,63.17365646362305,94177,2,2.2511559810234223,2,0,0,1,0,1,0
57,32,83.85435485839844,94329,1,2.218367223339823,3,0,0,0,0,1,0
35,4,63.94428253173828,94467,3,1.9913691303306515,1,225,0,0,0,0,0
43,14,76.54766082763672,89922,1,2.0303911244778026,3,0,0,0,0,1,0
63,41,158.25929260253906,95385,2,5.97446702150013,1,0,0,0,0,1,0
48,24,100.6629638671875,92644,1,0.11667673554064181,1,0,0,0,0,1,0
26,1,183.385986328125,94436,4,3.129988622504129,3,0,1,0,0,0,1
39,12,36.697059631347656,95537,4,3.6052441676290226,1,408,0,0,0,0,0
41,29,64.88095092773438,94732,3,3.04389727808324,1,0,0,0,0,0,0
59,35,35.334842681884766,92641,2,2.80194032153418,3,0,0,1,0,1,0
54,33,31.606536865234375,94125,2,0.1907919259601405,2,0,0,0,0,1,0
62,38,76.96855163574219,92821,4,1.9937089457874229,3,222,1,0,0,1,0
28,11,56.22494125366211,91486,4,6.928592853343971,1,181,0,0,0,0,0
41,6,52.52340316772461,94408,2,0.605946313131005,3,0,0,0,0,1,0
46,27,77.47879791259766,91612,4,1.0850364401483241,2,230,1,0,0,1,0
45,21,107.38643646240234,93941,2,0.8007526398649873,2,0,0,0,0,1,0
44,12,73.52046203613281,94831,3,1.7341982391447408,2,148,1,0,0,0,0
64,38,8.766341209411621,95220,2,0.1651801826539708,3,96,1,0,0,0,0
29,4,50.13103103637695,95307,1,1.047368265967307,3,0,1,0,0,0,0
44,6,115.09420013427734,94893,3,3.2840624561509495,2,99,0,0,0,1,1
26,0,58.536197662353516,94566,4,2.2299465547464914,3,0,0,0,0,0,0
42,20,92.81581115722656,92655,3,2.3987800919735944,1,0,0,0,0,1,0
50,26,61.07604217529297,96015,4,2.25358253094454,1,0,0,0,0,0,0
56,40,76.9673080444336,92084,1,3.973915464079777,1,375,0,0,0,0,0
34,6,99.7680892944336,94178,1,2.4063989238544554,3,226,1,0,0,0,0
27,1,27.707901000976562,91996,2,0.34891603441470426,1,0,1,0,1,1,0
40,11,42.46650314331055,92751,2,1.18233371928386,1,0,1,0,0,0,0
57,33,52.314476013183594,93945,1,0.4748722592938238,3,0,1,0,1,1,0
47,18,37.547569274902344,93722,2,0.45906092166483303,3,0,0,0,0,1,0
57,32,46.97941207885742,90311,3,1.4981525102149438,1,0,0,0,0,1,0
49,23,127.43425750732422,94240,1,0.5563371183765315,1,0,1,0,0,0,0
52,26,23.28917694091797,91131,1,0.9288863363348372,3,0,0,0,0,1,0
31,6,101.17753601074219,95021,1,1.368677705135571,1,0,0,0,0,1,0
32,5,65.8499755859375,92388,3,1.5458547066528334,1,0,0,1,1,1,1
46,22,12.020565032958984,91029,4,0.3126089413850203,1,0,1,0,0,0,0
40,22,97.59740447998047,92777,1,0.34259111122153724,3,0,0,0,0,0,0
37,13,27.006738662719727,92935,3,0.35526884063026976,2,0,0,0,0,1,0
62,38,31.253311157226562,91841,4,2.218007136446717,3,0,0,0,0,1,0
48,24,49.47878646850586,94253,1,1.4523103339309518,3,102,0,0,0,1,0
46,21,109.28411865234375,94954,1,2.906823672890966,1,0,1,0,0,0,0
25,2,120.55616760253906,89844,1,4.821346963209004,2,407,0,0,0,0,1
59,34,52.33184051513672,91077,3,0.586084844409605,1,0,0,0,0,1,0
48,20,61.25878143310547,92639,2,0.7967750193405694,1,0,0,0,0,0,0
28,2,21.64335823059082,90846,2,1.0475850987431068,2,0,0,0,0,1,0
50,24,25.1492862701416,94609,2,0.288567921391752,3,0,1,0,0,1,0
56,33,47.24999237060547,93129,1,1.4819997430546963,2,0,0,0,0,1,0
48,24,169.4486083984375,94547,2,5.2854388244220125,1,0,0,0,0,0,0
61,36,29.14214515686035,93899,1,0.2548744571264383,3,96,0,0,0,1,0
44,26,33.68812942504883,94225,3,0.8304677945933711,1,148,1,0,0,1,0
30,11,61.86595153808594,91933,4,2.575179632900988,1,0,1,0,0,0,0
36,4,36.3917121887207,90450,1,0.23678163506727237,2,0,0,0,0,1,0
33,5,164.23532104492188,95048,2,2.717514214586828,2,0,0,0,0,1,1
35,9,70.15481567382812,94662,4,5.194589908024214,1,340,0,0,0,0,0
58,34,68.7186508178711,94881,2,0.7803910772822,2,0,0,0,0,0,0
33,5,143.1284637451172,94233,2,7.314487592476642,1,0,1,0,0,1,0
25,1,141.5380859375,94789,1,1.3893815703334256,1,0,1,0,0,0,0
52,27,76.19294738769531,89554,2,0.3274144892597194,3,191,0,0,0,0,0
61,37,72.21166229248047,94717,1,1.8292426150522676,1,236,0,0,0,0,0
56,34,105.5245132446289,94580,1,3.2904777410635297,2,102,0,0,0,1,0
51,24,51.561038970947266,93490,1,1.8291940591624876,1,0,0,0,0,1,0
50,21,30.695524215698242,90171,3,1.5083597343876667,1,122,0,0,0,1,0
36,15,46.602394104003906,96194,3,0.5525755446713347,1,0,1,0,0,1,0
48,19,67.81494903564453,94014,2,0.4203238458638585,1,0,1,0,0,1,0
32,3,143.6983642578125,90377,3,2.8489604623621747,1,0,0,0,0,0,0
39,17,68.15353393554688,94072,1,0.7963429934453967,1,0,0,0,0,1,0
51,16,168.2633056640625,90523,1,2.2305275495532095,1,0,0,0,0,1,0
42,18,100.3983154296875,93106,4,2.4313947239800315,1,0,0,0,0,1,0
41,11,108.45630645751953,96029,4,0.9188463585746653,2,0,0,0,0,0,0
23,-1,61.564659118652344,95449,2,1.5855943642689967,2,0,0,0,0,0,0
29,6,33.824668884277344,95002,1,1.6046813425402746,2,0,1,0,0,1,0
43,19,49.75967788696289,91824,3,0.4625983762107865,1,0,0,1,0,1,0
41,22,33.204750061035156,93241,1,1.6398168411177227,3,93,1,0,0,1,0
36,9,128.44393920898438,92401,2,2.779953796994629,1,0,0,0,0,0,0
29,7,76.54399871826172,89961,1,1.514647392395407,3,0,1,0,0,0,0
35,10,54.71288299560547,94236,4,1.0725460509351108,2,0,1,0,0,1,0
33,7,20.129491806030273,91858,4,1.5907919198307465,1,128,1,0,0,1,0
49,28,96.26471710205078,94470,4,3.496383942837786,2,0,1,0,0,0,0
27,3,151.4251708984375,95245,1,1.9807427453070914,1,0,1,0,0,0,0
66,42,35.056846618652344,91937,1,1.7328388622771562,2,65,1,0,0,0,0
27,7,73.59111785888672,93954,1,0.32884659675549255,2,0,0,0,0,1,0
59,29,81.6930160522461,93034,2,3.6378406774969876,1,0,1,0,0,1,0
57,34,60.10717010498047,91748,3,1.2969084607538233,1,95,1,0,0,1,0
34,8,185.3537139892578,90336,1,7.777667256521374,2,0,0,0,0,0,1
28,3,176.07086181640625,90016,2,3.166707907572676,3,0,1,0,0,1,1
39,19,76.16613006591797,90125,4,2.27512748789506,2,0,0,0,0,1,0
64,36,40.90101623535156,89935,4,0.225545112431469,3,0,0,0,0,1,0
55,38,66.92967224121094,94452,1,2.279411854241789,1,0,0,1,0,1,0
35,9,46.460906982421875,89880,1,0.5088072423721505,3,0,0,0,0,1,0
58,31,44.8692512512207,92386,3,1.8004320124179487,1,0,0,0,0,0,0
39,25,159.37367248535156,92655,1,8.294517136688436,3,376,0,0,0,0,1
53,34,41.064273834228516,89877,1,0.6286121888360104,3,0,0,0,0,0,0
62,38,42.612548828125,94411,1,0.6039815092404004,3,0,0,0,0,0,0
25,0,33.81397247314453,91372,2,1.8179896267693199,3,0,0,0,0,1,0
54,33,159.95339965820312,95152,2,4.718186675823287,2,0,0,0,1,1,1
34,4,27.426939010620117,92040,2,1.3422365465556798,1,100,0,0,0,0,0
48,21,69.53485107421875,91936,4,2.148991397805011,3,154,0,0,0,1,0
54,34,15.498767852783203,93132,2,1.0401521432707108,1,0,0,0,0,0,0
40,13,64.04512023925781,90070,2,0.5907890461481824,2,0,0,0,0,0,0
58,35,67.6273193359375,92217,1,2.6452929517842327,1,0,0,0,1,1,0
54,30,78.6773910522461,95933,1,1.7971214910205635,2,0,0,0,0,0,0
61,38,18.76342010498047,91997,2,0.10655258366434289,1,0,1,0,0,0,0
35,6,134.12322998046875,91084,3,3.286211308055988,2,0,0,0,0,0,0
29,7,166.2538299560547,94996,1,2.134449592362815,1,0,0,0,0,1,0
27,8,17.81707763671875,94062,4,0.11508578492197644,2,0,0,0,0,0,0
49,26,72.52015686035156,92166,2,2.1662846108116782,1,0,0,0,0,1,0
62,33,24.450389862060547,94139,2,1.5946688612081206,1,0,0,0,0,0,0
24,3,75.9964599609375,96203,1,2.236698625264282,3,0,0,0,0,0,0
53,23,182.55166625976562,90206,1,1.1801045754106885,2,547,1,0,0,0,1
47,15,181.44500732421875,90018,2,0.6832938107519646,1,0,1,0,0,1,0
29,6,54.90264129638672,95610,2,0.4220933025303909,3,122,0,0,0,1,0
47,31,161.1596221923828,92063,2,3.085864813316872,3,0,1,0,1,1,1
33,9,182.79238891601562,89895,2,5.2211913284241485,1,369,1,0,0,0,0
30,5,74.71939086914062,91808,1,2.5880273014602464,3,0,1,0,0,0,0
44,17,72.46174621582031,90742,1,2.9516012579703323,2,0,0,0,0,1,0
50,29,30.064990997314453,91220,2,0.5051515869955225,2,0,0,0,0,1,0
29,6,37.60810089111328,94578,2,2.0762638866663874,2,0,1,0,0,1,0
61,31,107.4449691772461,93918,2,1.6439461380639822,1,196,0,0,0,1,0
39,23,52.402305603027344,94182,4,0.36520014280418045,2,0,1,0,0,0,0
55,27,46.097625732421875,94864,1,0.6870818026929919,2,0,0,0,0,1,0
34,9,51.13417434692383,95464,1,1.8804296207281208,1,0,1,0,0,1,0
42,17,47.0224723815918,92695,4,3.491955460776627,2,0,0,1,0,1,0
47,29,43.11553955078125,92027,3,0.3728695206688489,1,102,1,0,0,0,0
61,33,88.42892456054688,89884,2,5.436174829722315,1,148,1,0,1,1,0
27,2,78.94345092773438,91653,4,0.4383629207353905,1,0,0,1,0,1,0
46,17,78.2430191040039,89954,1,2.3075694383290424,1,0,0,0,0,1,0
42,29,85.44918823242188,93035,2,0.5735661880755897,3,0,1,0,1,1,0
61,33,39.591896057128906,91774,2,3.988828316781745,3,0,0,0,0,0,0
37,9,131.99099731445312,90587,2,7.499845690273373,1,0,0,0,0,1,0
39,9,60.431884765625,94368,4,0.1278848964895258,2,0,0,0,0,0,0
30,6,107.30545043945312,90908,1,5.115523949279549,1,0,0,0,0,0,0
62,37,184.42808532714844,91998,2,3.697512920728835,1,114,0,1,0,1,0
46,25,109.99717712402344,94136,4,2.32552414701994,1,0,1,0,0,0,0
35,4,93.28054809570312,95056,1,1.730179856692336,2,0,1,0,0,1,0
43,28,70.72173309326172,94757,3,0.1656480755950526,2,0,0,0,0,1,0
24,5,9.9348726272583,94625,2,1.7788160644154978,3,186,0,1,0,1,0
35,0,61.696449279785156,91795,4,1.1506867051753287,2,149,1,0,0,0,0
48,27,79.855712890625,93479,2,1.4706229355471192,1,0,0,0,0,1,0
29,3,29.233871459960938,90123,4,0.8503923843130557,3,0,0,0,0,1,0
32,8,144.26535034179688,94958,2,4.059404721437017,1,211,0,0,0,1,0
49,18,44.7269172668457,95493,4,0.2692985499592282,3,100,0,0,0,1,0
50,30,101.41179656982422,91213,1,4.967252788535257,1,0,0,1,0,0,0
43,29,70.36381530761719,92625,4,1.55464753601079,1,95,0,0,0,0,0
33,30,175.3526153564453,92243,2,0.1444144262731599,1,110,1,0,0,0,0
52,19,42.763824462890625,93938,2,1.3520746919783975,1,0,0,0,0,1,0
60,34,37.409202575683594,95285,3,2.0320796812245328,1,0,0,0,0,1,0
62,35,26.462303161621094,91935,2,0.25485111653265663,2,0,0,0,0,1,0
28,0,40.371395111083984,92491,2,2.522845527413271,2,0,0,0,0,0,0
49,19,55.24431610107422,96295,3,0.4804095429741015,2,137,1,0,0,1,0
34,5,145.09405517578125,93856,1,4.546481893161971,1,382,0,0,0,0,0
25,-1,99.32455444335938,95002,1,1.2099685077809736,1,0,0,0,0,1,0
41,15,10.359006881713867,95801,2,0.9262781406188196,3,95,0,0,0,0,0
45,26,36.448646545410156,92488,2,2.898528605431194,1,0,0,1,0,0,0
26,3,142.60000610351562,91895,2,2.720204544528683,2,0,0,0,0,1,0
45,21,113.18478393554688,93931,1,3.6816320020117037,3,143,1,0,0,0,0
63,39,27.034997940063477,94597,4,4.116060799108801,2,0,1,0,0,1,0
57,28,70.01704406738281,93878,3,2.0314131607850463,1,0,1,1,1,1,0
47,32,13.810572624206543,92184,1,0.9883779118969713,3,102,0,0,0,1,0
30,4,93.32047271728516,94007,4,2.340906054061731,2,0,0,0,0,1,0
32,5,94.28313446044922,94203,3,0.39432154578412254,3,0,0,0,0,1,0
49,30,48.804168701171875,93875,1,1.835834172874495,3,0,0,0,0,0,0
44,35,30.724878311157227,95161,1,1.2382755277364161,3,151,0,0,0,1,0
63,38,31.703168869018555,92065,3,0.5578640837841544,3,0,0,0,0,1,0
37,13,45.21033477783203,94382,3,2.381035120486819,2,0,0,0,0,0,0
56,33,25.780006408691406,91744,4,1.2359324429867127,3,122,0,0,0,1,0
55,30,99.2711181640625,93886,3,0.9062993513761683,2,0,1,0,0,1,0
64,40,119.59577178955078,94025,3,1.3124821939023796,2,0,0,0,0,1,0
45,19,77.32907104492188,90032,1,2.528425028274246,1,0,0,0,0,1,0
61,33,29.805967330932617,94496,2,0.9559158891853501,3,0,0,0,0,1,0
64,38,95.53671264648438,94451,1,1.8283477325701134,1,0,0,0,0,0,0
34,9,33.6069221496582,95006,3,0.3809336893079699,3,0,0,0,0,0,0
46,19,69.42353820800781,94700,1,1.618185106841934,2,0,0,0,0,0,0
48,25,77.36275482177734,91126,1,2.5365321467647606,1,0,0,0,0,0,0
44,11,58.83101272583008,92057,2,0.1310062580617354,3,0,0,0,0,1,0
34,18,52.703365325927734,95543,4,1.982776926522461,1,0,0,0,0,1,0
30,7,33.43175506591797,94425,1,0.04916129372670236,3,200,0,0,0,1,0
36,9,101.05074310302734,90585,4,0.34966877833282645,1,0,0,0,0,0,0
40,8,51.86953353881836,92837,4,1.5856420727849394,2,0,0,0,0,1,0
58,26,163.07948303222656,94421,3,3.5562992706927754,3,0,0,0,0,1,1
49,16,81.83953094482422,95429,1,1.9377831750064136,1,0,0,1,0,1,0
47,25,51.772403717041016,90315,1,0.20467756333347253,2,0,1,0,0,1,0
31,4,44.994503021240234,90962,4,1.4458500385257333,3,0,0,0,0,1,0
48,30,142.59300231933594,95246,1,3.264667911228886,1,227,0,0,0,0,0
59,35,20.911880493164062,92697,4,1.4091388478976776,3,382,1,0,0,1,0
59,26,91.9019775390625,92197,1,0.6631828620979102,2,371,0,0,0,1,0
44,23,42.26176071166992,94249,2,0.9881227541166355,2,212,1,0,0,1,0
49,24,24.37579345703125,90317,1,0.24373752927319714,1,0,0,0,0,1,0
36,9,50.173370361328125,94269,4,1.2790002824788238,1,97,1,0,0,1,0
47,24,39.537132263183594,91901,4,1.5744090777279076,1,0,1,0,0,1,0
62,38,20.46993637084961,90320,2,1.3440693873324796,2,0,1,0,0,1,0
41,18,59.0855827331543,91157,3,1.217384109681578,3,121,0,0,0,1,0
28,2,27.046714782714844,95297,4,2.122158230089409,1,0,0,0,0,1,0
59,35,70.15042114257812,92574,2,3.6191145898394064,1,0,0,0,0,0,0
59,31,119.03217315673828,91076,3,0.7932661519675843,3,0,0,0,0,1,1
55,28,199.19866943359375,91898,1,4.248158161674865,1,0,0,0,0,0,0
39,16,47.69424819946289,95343,1,0.3207532526319461,1,0,0,0,0,0,0
61,35,82.01498413085938,90062,4,1.824333685410535,1,0,0,0,0,0,0
35,2,109.17150115966797,94821,4,1.963133567340925,2,0,0,0,0,0,0
51,35,55.280540466308594,92802,4,0.10981940715137037,2,0,0,0,0,1,0
39,15,154.48477172851562,91771,1,4.448191146768032,3,0,0,1,0,1,1
51,17,45.8348274230957,91582,2,0.21244191538806945,3,0,0,0,0,1,0
43,24,23.779184341430664,91771,1,0.23388169653875038,3,0,0,1,0,1,0
51,24,112.96393585205078,95269,1,3.7544167679907514,3,0,0,0,0,1,0
47,24,95.36547088623047,90264,2,2.644591081426917,1,0,0,0,0,1,0
28,3,196.30560302734375,89701,2,5.579388644566353,1,0,1,0,0,1,0
58,33,122.73357391357422,93992,2,9.345717837484703,3,447,0,0,0,1,1
46,11,44.46810531616211,94240,3,1.963796555552777,1,0,0,1,0,1,0
61,36,95.10114288330078,91811,2,1.813756495110613,3,0,0,0,0,1,0
60,34,17.656681060791016,94499,2,0.9666426263009965,3,0,0,0,0,1,0
32,13,45.9447135925293,94608,3,2.5442700400045215,1,0,1,0,0,1,0
44,18,142.20362854003906,91089,1,1.8098143167088863,3,0,0,0,1,0,1
51,32,27.63643455505371,93013,2,0.32705682429162863,2,122,1,0,0,0,0
50,5,140.62962341308594,91880,4,1.9929919986443998,2,0,0,0,0,1,0
47,18,67.57559204101562,93552,1,1.800624007971768,1,0,1,0,0,1,0
42,13,31.200729370117188,91460,2,0.4134366904881139,1,133,0,1,0,1,0
60,34,23.079998016357422,94033,3,0.555856070337301,1,156,0,0,0,0,0
49,19,14.460077285766602,91029,2,0.9315576876351475,1,0,0,0,0,1,0
31,3,39.11505126953125,96010,1,2.8090587297666554,3,0,0,0,0,1,0
61,38,56.04912185668945,94313,4,2.032986492723376,1,0,1,1,0,0,0
35,8,132.17941284179688,95584,4,2.618623222958026,1,384,1,0,0,1,0
57,31,10.15748119354248,93449,4,0.20314404918638812,2,97,1,0,0,1,0
39,19,45.65742874145508,93925,3,1.8065833324014964,3,0,0,0,0,1,0
51,27,55.61791229248047,92634,3,0.7407573387990034,2,146,1,0,0,1,0
54,29,100.44795989990234,92218,3,1.0132070039143328,1,0,1,0,0,1,0
64,39,20.506023406982422,94252,1,2.079294126777178,3,78,0,0,0,1,0
64,35,69.90689086914062,90296,1,2.596186785647259,1,0,0,0,0,0,0
41,1,42.30335235595703,95411,4,0.5208376773310958,3,0,0,0,0,1,0
39,14,61.48612976074219,91594,4,0.8894579635094895,1,0,0,0,0,0,0
46,25,79.1075210571289,94842,1,0.8486233875439211,1,148,1,0,0,1,0
41,21,44.54951095581055,94003,2,0.7683163173272664,2,0,1,0,0,1,0
30,3,14.739339828491211,93499,4,1.3326443451656238,2,0,0,0,1,1,0
43,11,82.28736114501953,94538,1,0.9732819985397746,2,0,0,0,0,0,0
56,38,49.95705032348633,94109,2,0.9181359944528652,3,102,0,0,0,1,0
53,26,100.95967864990234,95127,1,1.4832162602546786,1,0,0,0,0,1,0
29,7,42.58536911010742,91064,1,2.247814202039325,1,335,0,0,0,1,0
41,21,9.430335998535156,93751,4,0.339064118914398,1,100,1,0,0,1,0
58,31,41.63221740722656,94576,1,0.8238478186820478,3,0,0,1,0,0,0
52,28,35.40673828125,92878,4,0.2983377945665263,3,0,0,1,0,0,0
26,0,101.6030502319336,90027,2,1.3162628315189067,1,0,0,0,0,1,0
28,2,30.244552612304688,92099,2,0.36869796262531385,2,0,1,0,0,1,0
47,25,72.43597412109375,91625,3,0.027367691577093567,1,220,0,0,0,0,0
54,19,64.88987731933594,94410,1,1.963991835750495,2,0,0,0,0,1,0
30,2,89.18196868896484,91569,1,0.9699061293047967,2,204,0,0,0,0,0
45,13,182.88475036621094,93009,2,6.2150520765933415,1,0,0,0,0,1,0
25,2,17.053756713867188,93988,4,2.2827640782464016,1,0,0,0,0,0,0
47,19,77.66838073730469,92948,3,0.8071627496321603,1,84,0,0,0,0,0
44,11,44.71592712402344,93941,3,1.78405587073888,1,0,0,0,0,0,0
39,14,51.40900421142578,92161,2,1.2873211971814356,2,0,0,0,0,1,0
45,20,12.928810119628906,90378,3,0.47213140670974896,2,82,0,0,0,1,0
46,27,66.25923156738281,92960,1,0.2024735281105623,2,0,1,0,0,1,0
56,32,39.281028747558594,94092,1,1.7767598586012106,2,0,0,0,0,0,0
48,20,47.77906799316406,92840,4,2.720160328574964,2,103,1,0,0,0,0
56,39,78.67169189453125,92677,4,1.4147845138133623,2,0,0,0,0,1,0
63,38,8.467509269714355,92158,2,0.5996980934851484,3,0,1,0,0,0,0
27,2,91.75386810302734,92632,1,2.204908276318127,2,0,0,0,0,0,0
55,22,163.162109375,94888,2,6.7274509732296695,1,155,0,0,0,1,0
36,15,17.595809936523438,94330,1,0.8370922162574959,3,0,0,0,0,1,0
48,19,35.69447326660156,93138,1,1.0780193417363861,2,0,0,0,0,0,0
43,22,61.69878387451172,93904,3,0.699514012987525,2,0,1,0,0,1,0
57,29,23.92682456970215,90174,1,0.18105380528266246,3,0,0,0,0,1,0
31,6,35.76445007324219,93701,4,2.1778954989814783,2,0,0,0,0,1,0
45,27,71.6181640625,89733,1,2.5822827083893256,1,0,0,0,0,1,0
40,9,161.30372619628906,91521,2,0.5448472292023906,1,368,0,0,0,1,0
51,29,19.38150405883789,94935,3,0.14516417457848885,2,156,1,0,0,1,0
47,16,32.86717224121094,94709,3,0.3087714398915981,3,0,1,0,0,1,0
50,19,30.665430068969727,92198,4,0.43583932284117805,3,0,0,0,0,1,0
44,17,38.55035400390625,91789,4,3.069235593251822,2,0,1,0,0,0,0
38,10,148.04519653320312,94821,3,7.879867775166467,3,0,0,0,0,0,1
54,13,42.02632141113281,94329,2,0.8200315230340793,3,0,0,0,0,1,0
33,16,88.20552062988281,95587,3,0.8782496074399032,2,203,1,0,0,0,0
60,32,87.65362548828125,92182,1,0.8359917311179369,1,0,0,0,0,1,0
42,36,76.25469207763672,95168,4,0.7520320479547996,2,102,0,0,0,1,0
62,40,109.72545623779297,90145,1,1.5021895134277607,1,0,1,0,0,0,0
42,16,103.21968078613281,94320,3,3.587484155061737,1,0,0,1,0,0,1
29,2,213.7701416015625,95385,3,6.990301217652946,2,532,1,0,1,1,1
61,32,118.30179595947266,89705,2,1.8132681447466346,1,0,1,0,0,1,0
32,6,56.41838836669922,93715,4,2.8997555595415787,2,0,0,0,0,1,0
43,14,85.66326904296875,94185,1,1.0151862840009676,1,0,0,1,0,1,0
60,34,60.94785690307617,94401,1,0.367723909631247,3,100,1,0,0,1,0
42,23,35.52009582519531,94611,2,0.9991912102995164,2,0,1,0,0,1,0
52,17,76.46285247802734,91700,3,1.2606264859859038,3,0,0,0,0,1,0
25,18,31.248437881469727,89760,4,0.6027754309463189,1,0,0,0,0,1,0
42,23,156.13726806640625,94879,2,1.842472825357087,1,265,0,0,0,1,0
43,24,62.66709899902344,94316,4,0.5350635608428587,3,154,0,0,0,0,0
45,28,67.29006958007812,94882,4,1.98192154530337,1,0,1,0,1,1,0
48,28,101.30463409423828,91757,1,1.66187805195012,3,0,1,0,0,1,0
49,16,66.05241394042969,90593,3,2.948722979908956,3,0,0,0,0,0,0
35,6,76.78028869628906,95252,4,1.7167325659413957,3,109,0,0,0,1,0
39,15,73.67448425292969,94572,4,2.411969829776309,1,0,1,0,0,1,0
31,8,43.35152816772461,92218,1,0.15975748021452127,1,88,0,0,0,1,0
60,32,69.6045913696289,92031,2,1.952966059883195,3,90,1,0,1,1,0
59,25,13.114217758178711,91660,2,0.09904322953583602,2,97,1,0,0,1,0
40,4,31.442825317382812,92546,4,2.177046852703413,3,152,0,0,0,0,0
58,22,15.740179061889648,90659,3,0.3327810381640455,3,0,0,0,0,0,0
34,5,37.641605377197266,94792,4,1.7298626980967233,2,0,0,0,0,1,0
60,28,37.94350814819336,94692,2,2.0092316233304364,3,0,0,0,0,0,0
61,40,71.9163818359375,94399,4,2.2861953446521994,3,65,0,0,0,1,0
59,27,37.80269241333008,94264,2,0.07672799376995393,2,119,0,0,0,1,0
30,9,54.42121505737305,94311,2,1.7222890227084946,3,0,0,0,0,0,0
41,15,62.56694793701172,94298,4,2.048907049298041,3,238,0,0,0,1,0
30,5,93.83600616455078,94416,3,3.031624852308342,2,0,1,0,0,1,0
27,3,30.448331832885742,94607,4,0.4010815190982733,1,0,0,0,0,1,0
47,25,85.9772720336914,90459,4,0.2761509436667315,3,0,0,0,0,0,0
61,35,53.177921295166016,95445,4,1.370857709553074,1,205,1,0,1,1,0
39,20,179.30462646484375,94815,4,3.2376779677463623,2,0,0,0,0,0,1
48,31,31.936077117919922,91503,2,0.2724152591854032,2,0,0,0,0,0,0
60,35,51.385093688964844,91317,2,0.5157524366351112,3,0,0,0,0,1,0
50,20,45.702491760253906,94823,4,3.4127417019836424,1,0,0,1,0,1,0
62,38,54.26869201660156,93645,3,1.902514678688608,3,0,1,0,0,1,0
26,-2,189.59820556640625,94776,3,2.2489148138232804,2,0,0,0,0,0,1
49,32,144.3856201171875,93889,2,5.189072395956358,1,0,0,1,0,1,1
47,18,56.07796096801758,90047,4,0.33185508606999864,1,0,1,0,0,0,0
34,13,59.26390838623047,94505,3,2.439196405411335,1,0,1,0,0,0,0
54,18,67.95033264160156,94568,3,1.3151788490757794,2,0,1,0,0,1,0
28,4,41.73383712768555,94865,4,1.5211659493048821,3,0,1,0,0,0,0
48,25,55.824703216552734,90143,4,0.8601887761812216,2,0,0,0,0,0,0
62,29,167.9132080078125,92802,2,5.323966872920464,1,0,1,1,1,1,0
62,32,20.377038955688477,93954,3,1.1983628328813576,1,0,0,0,0,0,0
26,1,34.934852600097656,89750,2,0.4269896302954553,3,0,0,0,0,1,0
32,9,121.12638092041016,95759,2,0.5485159886509765,3,168,0,0,0,1,0
59,37,42.17290496826172,92105,2,0.7487000231179499,3,141,0,0,0,0,0
43,21,141.84107971191406,94739,1,4.404073815373483,1,0,0,0,0,0,0
27,0,46.56100845336914,94807,4,0.46985050188695293,2,0,0,0,0,1,0
28,9,39.057945251464844,93632,4,1.073226109602682,2,145,1,0,0,1,0
26,0,25.788877487182617,91949,2,0.06960562140398785,3,0,1,0,0,1,0
63,37,31.4470157623291,93055,2,0.4939448066844404,2,153,0,0,0,1,0
29,2,86.76034545898438,95395,4,3.025982637464131,1,0,0,0,0,0,0
40,13,122.55026245117188,92273,1,4.16212942748512,1,378,1,0,0,0,0
43,14,102.70712280273438,90156,1,1.3843165816399279,3,0,1,1,0,0,0
43,22,78.4496078491211,95423,4,1.4192552763445416,3,391,0,0,0,0,0
46,25,50.31510543823242,91241,1,0.4384063196519533,1,0,1,0,0,0,0
29,8,136.2066650390625,94987,1,2.2109532813948474,2,0,0,0,0,1,1
55,15,79.30374908447266,92494,3,0.14823738629662114,2,0,0,0,0,1,0
24,1,47.311004638671875,89595,2,0.261469851823691,3,150,0,0,0,1,0
43,13,21.809524536132812,94113,1,1.7474340864087021,2,0,0,0,0,0,0
54,36,48.33820343017578,93941,2,6.738113389185216,1,0,0,1,0,0,0
36,14,79.91658782958984,95035,3,0.7619337739563645,2,0,1,0,0,1,0
58,34,68.62110900878906,91288,4,2.7689088936822825,2,129,0,1,0,0,0
33,8,134.25564575195312,91355,4,3.3662703462560035,1,0,0,0,0,1,0
25,10,15.391129493713379,91717,2,1.971213106628044,3,153,1,1,0,1,0
47,11,95.64694213867188,94255,2,2.1436417494926974,1,87,0,0,0,1,0
64,40,132.01034545898438,94725,1,1.4463484180046111,1,0,1,0,0,1,0
47,22,149.08497619628906,94790,3,3.0633170381988437,1,388,0,0,1,1,1
46,12,72.17973327636719,94485,3,0.59455789733971,2,0,0,0,0,0,0
26,3,40.823020935058594,91668,4,1.2247720356472795,1,0,0,0,0,1,0
32,8,136.56141662597656,94663,2,4.300884843415242,1,0,1,1,0,0,0
27,0,29.134536743164062,93914,2,0.609043318168409,2,0,0,0,0,0,0
36,9,16.23138427734375,91158,1,0.8301177271223799,2,122,0,0,0,1,0
25,1,45.76317596435547,95112,4,1.594879677896371,2,0,0,0,0,1,0
45,27,57.547119140625,94386,3,2.124757894599245,3,0,1,0,0,1,0
58,33,20.63802719116211,94632,1,0.5863872117225921,1,0,0,1,0,0,0
33,12,103.31328582763672,90168,4,1.7745707121330083,2,0,1,0,0,0,0
56,31,148.92022705078125,89991,1,2.9908185735944492,1,0,0,0,0,1,0
45,18,100.63792419433594,94459,2,0.29084635799885517,1,0,1,0,0,1,0
43,15,52.796791076660156,90317,4,0.29475825488610796,2,0,0,1,0,1,0
59,33,56.12690734863281,91553,1,0.2065179046652687,3,150,0,0,0,1,0
45,21,42.330997467041016,94269,1,0.9257590243463356,3,379,0,0,0,0,0
44,30,15.272992134094238,94686,1,0.18669678712117121,3,92,0,0,0,1,0
49,24,28.25453758239746,94258,4,0.7530940404162949,2,0,0,0,0,1,0
46,14,59.687965393066406,94521,3,2.5862557164391378,3,200,0,1,0,0,0
42,8,34.24101257324219,92319,3,0.3279949812091015,3,0,0,0,0,1,0
63,40,69.58427429199219,93977,4,1.7923864582806535,3,153,0,0,0,1,0
42,20,85.5145492553711,92644,1,0.17844295407500205,2,0,0,0,0,1,0
50,27,41.025596618652344,94448,1,1.9212217007298753,1,208,0,0,0,1,0
32,1,66.06341552734375,93987,1,3.0058127738997307,2,0,0,0,0,1,0
49,21,53.39455795288086,94376,2,2.4950078755803267,3,0,1,0,0,1,0
56,34,39.32781219482422,89936,4,0.4496785630346575,2,0,0,0,0,0,0
63,27,212.4114990234375,94152,2,3.317836884769386,1,408,1,0,0,0,0
51,29,61.13875961303711,92302,2,0.5795733437909282,3,0,0,0,0,1,0
63,38,77.46597290039062,94543,4,0.5585487163009409,2,0,0,1,0,1,0
51,30,132.36325073242188,90020,1,3.843132237923772,1,0,0,0,0,0,0
53,29,70.07474517822266,93958,4,1.4323627290016572,1,0,0,0,0,1,0
43,16,76.19331359863281,92762,1,2.664738577460656,2,0,1,1,0,0,0
60,35,32.60619354248047,92459,1,2.554142303667094,3,0,0,0,0,1,0
51,28,78.60482788085938,92223,2,2.368317336993552,3,0,0,0,0,1,0
30,5,46.173133850097656,91828,4,1.0434938154540743,3,106,0,0,0,0,0
28,3,77.50028991699219,94345,4,1.7776183308825255,3,0,0,0,0,0,0
39,17,76.34044647216797,94292,2,2.5449480780142566,3,157,0,0,0,1,0
44,15,42.3494873046875,93114,3,1.9598573712419454,1,0,1,1,0,1,0
30,3,23.5069580078125,93782,4,1.1740298575691654,2,0,0,0,0,1,0
39,13,72.89421844482422,95529,2,2.310497471287537,1,0,0,0,1,1,0
63,40,31.53560447692871,94640,2,0.18156744161959315,3,182,1,0,0,0,0
35,8,10.5675630569458,92816,2,1.0198790330801581,3,140,1,0,0,1,0
61,32,25.802061080932617,94253,1,0.09716672134012311,1,0,1,0,0,1,0
42,21,106.7650375366211,91977,2,0.5879721803356981,1,169,0,0,0,0,0
58,36,76.16575622558594,94820,4,0.9156555243055456,1,0,0,0,0,0,0
49,27,135.69818115234375,94708,1,6.9569342382906,1,0,0,0,0,0,1
27,4,72.42391967773438,91949,2,1.9355412680077355,3,0,0,0,0,0,0
62,38,14.110054969787598,95765,4,0.25800032856505245,1,0,1,0,0,1,0
37,9,81.1395492553711,92757,3,0.5072809667279865,2,0,1,0,1,1,0
51,20,86.03025817871094,91329,4,4.241730083151778,1,0,0,0,0,1,0
51,26,24.38123321533203,92474,2,0.6329079629502293,1,0,1,0,0,1,0
54,35,44.703773498535156,93033,4,1.2375747532810948,2,0,1,1,1,1,0
41,22,37.369285583496094,95146,4,1.1299686202026968,3,0,0,0,0,1,0
54,29,57.78164291381836,92013,2,1.3688714117016112,2,0,0,0,0,1,0
53,26,33.937129974365234,90361,4,2.5266145307045194,1,0,0,0,0,1,0
28,7,29.604877471923828,94529,4,2.4745580651895462,3,0,0,0,0,0,0
44,12,28.309486389160156,95164,2,0.4024325252868908,3,96,1,0,0,1,0
39,9,132.52212524414062,95404,1,1.0451737875227805,1,149,1,0,0,0,0
34,12,137.40032958984375,92009,3,5.282710864822661,3,405,1,0,0,0,1
39,21,61.914100646972656,92103,3,1.1556662423851671,2,0,1,0,1,1,0
52,24,203.78074645996094,94163,2,2.6223099597312287,1,0,0,0,0,1,0
30,3,23.287845611572266,90071,4,2.2398915678919438,2,0,0,0,0,1,0
55,29,47.434898376464844,94499,1,0.1138456726035916,1,0,0,0,0,1,0
50,23,82.61540985107422,94085,2,1.9133801816776477,3,153,0,0,0,1,0
29,5,67.50244903564453,92480,3,0.7006670114716846,2,0,1,0,0,1,0
65,40,78.26495361328125,95654,4,1.0750965848586957,2,118,0,0,0,0,0
40,11,28.406400680541992,94911,2,0.7744650027358263,2,0,0,0,0,0,0
28,3,45.920997619628906,92035,4,0.9332438785610985,1,0,0,0,0,1,0
53,37,29.916765213012695,94360,3,0.7435906493892587,2,0,1,0,0,1,0
30,17,38.678409576416016,92617,1,0.914547106083873,1,0,0,0,0,1,0
41,18,154.2596893310547,94109,2,2.8035937871608807,1,0,0,0,0,1,0
31,5,27.065799713134766,93923,4,0.3834925191252486,3,102,0,0,0,1,0
50,23,129.75067138671875,90359,2,6.964919946866177,1,0,0,0,0,0,0
60,33,41.88835525512695,90013,3,1.061117324674939,1,504,0,0,0,0,0
53,31,126.63273620605469,93985,1,2.99107138142422,3,0,0,0,0,1,0
46,27,36.062583923339844,92387,1,1.8229193027607928,3,0,0,0,0,1,0
40,16,30.42745018005371,94347,3,1.982412293582286,1,0,1,0,0,1,0
55,27,145.28683471679688,92641,1,0.36469984394941074,1,0,0,0,0,1,0
57,36,61.295108795166016,94817,3,0.42201416332959996,3,0,0,0,0,1,0
52,33,32.51869201660156,91851,3,1.8441388102915361,3,0,0,0,0,1,0
40,18,31.037744522094727,94451,4,2.905569519928717,3,0,1,0,0,0,0
56,23,148.9152069091797,94560,2,3.2085221787380087,1,0,1,0,1,1,0
64,38,90.56602478027344,94781,2,1.5277772630593593,1,0,0,0,0,1,0
57,36,27.86348533630371,93748,4,1.650323417818393,1,0,1,0,0,1,0
44,17,37.53313446044922,94860,1,2.3930974399136518,2,0,0,0,0,1,0
59,34,23.53559112548828,92155,3,0.8289831996312189,2,0,1,0,0,1,0
44,13,84.05811309814453,94244,1,0.299783116083765,1,0,0,0,0,0,0
49,9,61.98784637451172,95412,1,1.1806412585860104,1,0,0,0,0,0,0
46,10,79.56049346923828,92702,3,0.6418056921334396,2,120,1,0,0,0,0
34,29,45.20880126953125,91780,3,0.4768242987972041,2,145,1,0,0,0,0
37,16,144.20614624023438,93061,4,0.41741520029428336,1,0,0,0,0,0,1
41,18,101.17049407958984,91841,2,2.298099580380893,2,0,1,0,0,0,0
56,23,76.09424591064453,92105,2,1.1202191751578363,2,0,1,0,0,1,0
46,18,11.84466552734375,89966,1,1.0214416832787732,3,0,1,0,0,1,0
28,4,93.60194396972656,93098,4,2.254685896574274,3,0,1,0,0,0,0
64,37,20.861793518066406,94460,3,0.21993989227959626,2,107,0,0,0,0,0
29,4,29.82404899597168,92420,1,1.296689204688199,3,0,0,1,1,1,0
36,3,12.927400588989258,95629,1,0.5088362821641164,3,105,0,0,0,1,0
57,30,87.89550018310547,94724,4,2.4801509941066624,1,0,1,0,0,1,0
40,18,21.776199340820312,93063,3,0.38302670365331204,2,0,1,0,0,1,0
37,10,43.98411178588867,90125,1,0.9826701578657752,2,100,0,0,0,1,0
61,37,48.34199523925781,91709,2,0.19492819924989863,1,0,0,0,0,1,0
56,29,16.93874740600586,90017,2,0.47734814664391423,1,137,0,0,0,1,0
33,5,66.42041015625,91102,3,2.2989259250116465,2,0,0,0,0,1,0
33,8,30.248441696166992,91890,2,1.187840448825125,3,231,0,0,0,0,0
40,25,26.654264450073242,95553,4,0.6335718596043378,3,0,0,0,0,1,0
42,22,207.3920440673828,93373,2,4.019585577950256,1,343,1,0,0,0,0
42,18,74.82737731933594,95321,1,1.9809936771139824,2,0,1,0,0,1,0
31,7,49.002140045166016,95850,3,1.140270109507747,2,205,1,0,0,1,0
39,17,59.90388488769531,92462,3,0.5187960396443316,2,0,0,0,0,1,0
25,1,34.09632110595703,95273,3,0.7350439324058753,2,0,0,0,0,0,0
62,11,43.15456008911133,94961,1,3.8066424829585306,1,0,0,0,0,1,0
36,8,21.379436492919922,91892,2,2.390213482572442,3,0,1,0,0,1,0
48,27,43.047523498535156,89956,1,0.7900709592507098,2,0,0,0,0,0,0
63,37,65.40272521972656,93761,3,1.6114064823194387,3,0,0,0,0,1,0
63,39,81.30828094482422,92554,2,0.36640314071297775,2,0,1,0,0,0,0
53,31,64.6162109375,91177,2,4.200394366983672,1,0,1,0,0,0,0
43,19,14.092790603637695,89595,2,0.576369743095316,3,0,0,0,0,0,0
40,26,44.48319625854492,91302,2,0.957962955707017,3,0,1,0,0,1,0
31,2,62.643497467041016,93958,2,1.007060492690372,3,0,0,0,0,1,0
52,33,102.13404846191406,93445,2,2.209987110112193,3,0,1,0,1,1,0
43,17,161.82029724121094,93928,1,2.425408384428737,1,0,1,0,0,1,0
56,32,71.74665832519531,93997,2,0.23460505438235446,3,129,0,0,0,1,0
32,5,27.235654830932617,95284,3,1.903288893870206,1,0,0,0,0,1,0
60,38,42.05870056152344,90887,1,2.1207437536383837,3,383,1,0,0,1,0
55,19,65.24726867675781,94483,1,0.8275940406671716,3,0,0,1,0,1,0
57,35,33.45133972167969,93066,3,0.9230031757355874,2,0,0,0,0,1,0
38,8,102.01976776123047,95021,4,2.033147702546358,3,0,1,0,0,1,0
33,6,118.14403533935547,90113,4,3.08320031945908,1,0,0,0,0,1,0
59,34,48.200992584228516,95016,2,0.03600503981456982,2,150,1,0,0,1,0
25,-3,38.825355529785156,91722,2,0.725800756888496,2,131,1,0,0,1,0
34,6,58.84010314941406,94374,3,2.169931689561846,1,0,0,0,0,1,0
34,12,23.79698944091797,94269,4,2.448785182862324,2,0,0,0,0,0,0
50,31,32.73767852783203,91969,1,0.7201021362757763,2,0,0,0,0,1,0
30,6,131.13479614257812,93851,2,0.376849235182356,1,0,0,0,0,1,0
60,31,86.68352508544922,89765,1,1.8531033193078057,3,0,0,0,0,1,0
34,6,36.75410461425781,95339,3,0.7865638048734168,1,97,1,0,0,1,0
42,27,17.031328201293945,91231,4,0.46829641169261904,3,0,1,0,0,1,0
45,23,30.450294494628906,89828,3,0.2292563645293898,2,0,0,0,0,0,0
62,36,184.08465576171875,91704,1,6.8012717232952875,1,230,0,0,0,1,0
59,25,80.19464874267578,94227,1,4.458635281780154,3,0,0,0,0,0,0
28,4,32.82286071777344,91746,4,1.641601907696115,2,0,0,0,0,1,0
46,17,100.19507598876953,93675,1,1.910199547339374,1,0,1,0,0,0,0
48,17,111.91453552246094,95024,1,4.126339676857135,2,0,0,0,0,1,1
35,15,66.15380859375,91347,2,1.376294332238431,2,0,0,0,0,1,0
54,29,73.92379760742188,92892,2,1.9564014857988243,3,0,0,0,0,0,0
56,29,136.47000122070312,90438,2,1.2768195861801743,1,0,0,1,0,1,0
59,27,209.77322387695312,90016,3,3.570600084821843,2,0,0,0,0,1,1
27,6,140.9027557373047,94211,3,5.22263565998504,1,354,1,0,0,1,0
64,41,30.768980026245117,92889,4,1.7272939067417066,3,0,0,0,0,0,0
58,33,49.10946273803711,91492,2,0.8579861046930792,3,0,1,0,0,1,0
44,28,40.798797607421875,94681,2,1.099878697838239,2,0,0,0,0,0,0
33,11,34.88043212890625,94914,1,5.712697340799333,2,0,0,1,1,0,0
57,23,27.9732608795166,93840,1,2.523500709870314,2,0,1,0,0,0,0
41,22,77.20452117919922,92570,1,4.908163262762535,1,0,0,0,0,0,0
36,15,16.41317367553711,94904,3,0.3546825612539034,2,0,0,1,0,0,0
45,27,76.05564880371094,95103,1,0.6959742933572662,1,0,0,0,0,1,0
63,36,33.535789489746094,95013,2,0.5837856584485853,2,0,0,0,0,0,0
33,8,16.1706485748291,92941,4,0.6480878078578189,3,122,1,0,0,1,0
62,38,57.726295471191406,94521,4,1.6912807712971543,2,94,0,1,0,1,0
61,36,28.562511444091797,91146,4,0.28671622397370644,1,0,0,0,0,1,0
61,22,23.283519744873047,92529,2,0.5982565773712022,3,0,1,0,0,1,0
55,38,8.510993003845215,92449,1,0.1255090142058727,3,0,0,1,0,1,0
55,28,210.53077697753906,95214,1,4.8305443969133375,1,0,0,0,0,0,0
61,38,15.112445831298828,94734,4,0.9297284911160298,2,145,1,0,0,1,0
60,35,20.53217124938965,92213,3,1.9564053824105978,3,106,1,0,0,0,0
60,34,171.05902099609375,94636,1,4.739118159820796,1,0,0,0,0,1,0
43,20,68.11250305175781,92942,4,2.461886192364791,2,0,0,0,0,1,0
35,6,89.76470184326172,94923,4,2.820125123370827,2,382,0,0,0,0,0
60,36,135.19541931152344,92880,4,5.234992860960058,3,495,0,0,0,1,0
34,12,19.57785415649414,95656,2,2.3498057334158573,3,0,0,0,0,0,0
62,37,27.727689743041992,89874,4,2.2690155829960093,1,0,1,0,0,1,0
38,20,109.20035552978516,95577,2,4.45619261007626,2,379,0,1,1,1,1
63,39,184.4084930419922,90156,2,5.544742124303047,1,0,0,0,0,1,0
64,36,150.8112335205078,92910,2,1.7367262378452553,2,0,0,0,0,0,1
32,5,86.22260284423828,90604,3,1.6441171019055376,3,0,1,0,0,1,0
51,31,115.24303436279297,94890,1,3.7971370758865706,1,0,1,0,0,1,0
40,15,77.03434753417969,95473,4,1.3283583890507018,2,147,1,0,0,1,0
56,34,10.505842208862305,94158,3,0.39178133446707564,3,0,1,0,0,0,0
63,37,32.14685821533203,91419,1,0.5500859421174207,3,0,1,0,0,1,0
40,12,105.14102172851562,91390,1,1.1920416587597913,1,0,0,0,0,0,0
49,28,49.69072723388672,93083,4,1.5689514857759883,1,82,0,1,0,0,0
57,32,68.99352264404297,90066,1,0.9070810484103203,1,0,0,0,0,1,0
45,21,28.733125686645508,93172,2,0.9247861580406515,1,96,0,0,0,1,0
56,24,121.24137878417969,94720,2,0.045925990461188115,1,0,0,0,0,0,0
27,2,88.7359619140625,95067,1,1.3183126241596506,3,0,0,0,0,1,0
41,14,50.658267974853516,91853,1,2.314168171398382,3,0,0,0,0,1,0
45,18,84.52396392822266,94750,3,0.5280588558806857,2,141,0,0,0,1,0
46,16,150.64735412597656,93959,2,2.5676098458806624,1,0,1,0,0,0,0
43,29,105.8243179321289,94474,1,6.237843883739684,3,326,0,0,0,0,1
61,35,48.36967086791992,93867,2,0.29870018186945685,3,0,0,0,0,0,0
44,11,177.55078125,90001,1,2.870646598935625,3,0,0,0,0,0,1
29,5,22.952526092529297,95600,1,1.3994711673449594,3,147,0,0,0,0,0
51,25,10.634832382202148,91557,1,1.876132657073345,1,0,0,1,1,1,0
47,31,35.61362838745117,94261,2,0.16972870691694159,3,0,0,0,0,1,0
61,40,78.24851989746094,92816,3,0.9019908057527835,2,160,0,0,0,0,0
32,10,32.15596008300781,90584,2,0.9740308552987167,1,0,1,0,0,1,0
65,42,34.07194137573242,93777,3,2.490761195099838,2,0,1,0,0,1,0
48,27,196.0437469482422,93834,1,5.730113903806394,1,0,0,0,0,1,0
43,18,59.51542663574219,94471,3,0.5431903426680116,2,0,0,0,0,1,0
52,29,33.34618377685547,93311,1,0.24739461087472403,2,88,0,1,0,0,0
64,36,150.0343017578125,93821,1,5.017512293565182,1,0,0,0,0,1,0
26,1,97.66588592529297,89967,1,1.9743347707038739,1,414,0,0,0,1,0
62,31,123.65803527832031,95590,3,3.1220781080789113,2,0,0,0,0,1,1
56,33,37.65584945678711,92020,1,0.3413619235253814,1,0,0,0,0,1,0
44,17,107.6029281616211,90449,2,0.13603251409367156,1,0,0,0,0,1,0
40,3,59.773094177246094,90076,4,4.21396562224293,1,0,0,0,0,1,0
38,17,207.10006713867188,92086,2,8.596203341989876,1,0,0,0,0,0,0
53,17,174.91012573242188,92722,1,3.403624328153306,3,367,0,0,0,0,1
46,17,45.895423889160156,89778,4,2.3108067442651374,2,0,0,0,0,1,0
65,41,90.47320556640625,94058,2,2.308916637772259,1,0,0,0,0,0,0
66,36,33.028297424316406,91266,2,0.43407927053220985,3,127,1,0,1,1,0
41,16,86.88922882080078,94166,3,2.2300978885644627,2,0,0,0,0,0,0
56,32,56.72441864013672,91974,3,3.722203067288139,2,0,0,0,0,1,0
43,23,51.90290451049805,90444,1,2.123931463207368,3,0,0,0,0,0,0
63,36,83.62630462646484,95078,1,2.6005130902341427,1,0,0,0,0,0,0
45,14,50.05472946166992,94374,4,1.5224060460017492,1,0,0,0,0,0,0
56,22,30.297866821289062,92343,1,0.3259813611716636,1,0,0,0,0,1,0
54,25,100.38845825195312,94937,1,0.3269371744425066,1,0,0,0,0,1,0
42,11,84.65326690673828,93938,1,1.6046767278029341,3,0,1,0,0,1,0
51,26,52.13703536987305,94683,2,0.35478321644630767,1,153,1,0,0,1,0
38,13,177.85975646972656,91572,2,5.130946850594052,1,154,0,0,0,1,0
44,19,60.155513763427734,91185,2,0.9594093212622902,3,0,0,0,0,1,0
63,39,87.43905639648438,94415,4,0.04620339446027388,1,106,0,0,0,1,0
30,3,29.19057273864746,92327,4,0.7006195647758144,2,157,0,1,1,1,0
32,7,43.79928207397461,93868,2,1.0759557438723546,1,0,0,0,0,1,0
52,28,154.75411987304688,90022,4,3.7265688901568366,3,0,0,0,0,0,1
55,28,87.99540710449219,95528,4,0.6303453872108011,2,0,0,0,0,0,0
47,14,50.2272834777832,92399,2,0.11700500171535119,1,0,0,0,0,1,0
59,33,21.935760498046875,93504,3,0.2742872963123797,2,103,0,0,0,1,0
42,20,95.65027618408203,92811,1,0.9440811843606597,3,0,0,0,0,0,0
62,37,45.21118927001953,94685,1,1.033689026240054,1,0,0,0,0,0,0
46,12,131.98207092285156,94927,1,0.5674584815279132,1,322,0,0,0,1,0
53,30,118.78726196289062,92944,1,2.5030322033253065,3,0,1,0,0,0,0
60,35,40.3968391418457,93206,4,2.3516731596299527,2,0,1,0,0,1,0
30,5,134.41012573242188,92736,2,1.334873565467734,2,0,1,1,1,1,1
28,5,68.53170776367188,90443,4,1.7821725446839851,3,0,1,0,0,1,0
31,6,105.58369445800781,90100,1,1.123104656382648,1,0,0,0,0,1,0
31,5,33.778961181640625,95064,2,2.165842894897577,1,162,0,0,0,0,0
61,36,89.95861053466797,92101,2,0.8817247780398323,1,0,0,0,0,1,0
42,15,122.690673828125,93804,1,4.0102127226051945,1,0,1,0,0,0,0
39,11,27.27492332458496,91545,4,0.6722306434175239,2,0,0,0,0,1,0
37,8,42.831520080566406,92731,1,2.6791621020957193,1,0,0,0,0,0,0
45,24,182.33502197265625,91002,2,7.251531365035722,1,0,0,0,0,0,0
30,12,8.92696475982666,95126,4,0.60225727497432,3,0,0,0,0,0,0
36,0,96.69441986083984,94827,2,1.8430162653189255,1,224,0,0,0,1,0
40,30,84.36359405517578,90180,2,0.33190168259580993,1,100,0,0,0,1,0
29,4,40.406856536865234,94384,4,1.3590891431013845,2,103,0,0,0,0,0
24,0,59.557559967041016,91508,1,0.1529062474713937,3,0,0,0,0,1,0
54,30,35.68609619140625,92633,1,3.2688378869858967,2,139,0,0,0,0,0
41,13,84.76693725585938,91317,1,3.5100332071838207,3,0,0,0,0,1,0
30,17,9.039862632751465,95035,1,0.4473420028785863,2,0,0,0,0,1,0
57,28,15.343603134155273,95447,2,1.2912443858453375,3,0,0,0,0,0,0
30,5,160.8709259033203,90290,1,3.7468914887541356,1,0,1,0,0,1,0
55,37,30.337726593017578,94798,2,0.6512120186431104,3,0,0,0,0,0,0
32,6,165.4306640625,94484,1,6.554758008374705,1,0,0,0,0,0,0
44,19,45.31122589111328,96012,2,1.2160807192593737,3,229,1,0,0,1,0
28,2,88.03055572509766,93932,3,2.0896451262571416,1,0,0,0,0,0,0
61,38,80.85883331298828,90988,1,4.4305176138386315,1,96,1,0,1,1,0
27,27,117.798583984375,94563,3,1.0429860772447195,2,165,0,0,0,0,0
50,24,52.40544509887695,94254,4,0.8426291493891519,3,221,0,0,0,1,0
25,2,66.56344604492188,94457,3,1.6816859315000325,1,0,1,0,1,1,0
50,26,166.80953979492188,93867,2,8.485458202498958,1,0,0,0,0,0,0
28,16,66.21524047851562,95183,3,2.382247571867332,2,0,1,0,0,0,0
32,7,80.86767578125,94179,4,1.644831942828842,3,0,0,0,0,1,0
28,5,47.75217819213867,93827,1,3.466206019368139,1,0,0,0,0,1,0
43,17,18.453327178955078,90955,4,0.8710834078287674,3,0,1,0,0,1,0
59,38,63.217411041259766,92229,4,1.1697720442323423,1,0,0,0,0,0,0
39,9,146.1583709716797,92222,2,7.033268762828834,1,0,0,0,0,0,0
59,36,95.13154602050781,94296,2,2.767820301019623,3,0,0,0,0,1,0
50,25,56.704830169677734,94407,1,4.398842133275284,3,0,1,0,0,0,0
29,9,133.38534545898438,91129,2,1.3219029772345792,1,0,0,0,0,1,0
47,16,82.57657623291016,90012,1,0.37964532630338854,1,0,0,0,0,0,0
56,33,24.308902740478516,90068,4,1.1782918016745425,2,149,1,0,0,1,0
28,6,31.73273468017578,94205,1,2.269994525258447,2,0,0,0,0,1,0
29,6,29.46922492980957,94302,4,1.3163321712258478,1,128,0,0,0,1,0
29,8,92.64781188964844,93908,1,1.359730784764603,1,255,0,0,0,1,0
46,29,64.66142272949219,94494,3,0.3794902928806115,3,0,1,0,0,1,0
49,33,19.199745178222656,93481,1,1.9315827664569196,3,0,0,1,0,1,0
46,25,123.84275817871094,95277,3,1.3338008844222429,1,0,0,0,0,0,0
61,37,32.232994079589844,93612,3,0.7775467972332928,3,112,0,0,0,1,0
60,34,52.67919921875,94475,1,1.1607226494488962,2,146,0,0,0,1,0
62,36,69.521240234375,93917,4,0.5452072370216569,1,149,0,0,0,1,0
52,22,22.69188690185547,92584,4,1.4988531634748683,2,104,0,1,0,1,0
61,36,136.9526824951172,93703,1,1.987648915174892,1,0,0,0,0,0,0
41,14,75.50129699707031,90125,1,2.2429344902668533,1,0,0,0,0,1,0
48,16,59.78818130493164,89905,1,0.42401766192863827,3,0,0,1,0,1,0
35,16,142.02809143066406,95973,2,2.905236021483845,1,0,0,0,0,1,0
48,27,47.013370513916016,89954,2,1.9059533645290547,3,0,1,0,0,0,0
41,12,90.60423278808594,95015,1,3.7776731094739633,1,226,1,0,0,1,0
48,27,41.40764617919922,90067,4,0.5370375603022187,1,0,0,0,0,0,0
43,28,83.0104751586914,92036,2,1.1703475094867932,3,0,1,0,0,1,0
37,8,88.85846710205078,94239,4,2.1045913800187863,2,103,1,0,1,1,0
65,35,100.38809204101562,93832,4,1.869287758927852,1,0,0,0,0,1,0
29,4,136.62136840820312,94076,2,1.661938830351386,3,0,0,0,0,1,1
41,22,209.03781127929688,90098,1,6.9443770515188845,1,0,0,0,0,1,0
38,23,80.29204559326172,90739,1,2.115377700973018,3,0,0,0,0,1,0
52,25,128.86761474609375,94048,1,2.4539786014216873,1,107,0,0,0,1,0
55,28,70.2439956665039,92842,2,0.17318364881690906,1,85,0,0,0,0,0
48,27,59.32624816894531,89871,1,0.7703701205842849,1,0,0,0,0,1,0
61,40,106.16458129882812,94850,2,0.5075561891504304,1,0,1,0,0,0,0
47,20,72.90172576904297,92286,1,2.969324112395499,1,0,0,0,0,0,0
42,19,34.18467712402344,94294,3,3.098452918963249,2,291,0,1,0,1,0
42,2,87.09828186035156,93118,3,1.939711273464082,1,0,0,0,0,0,0
43,14,35.77643585205078,94653,3,0.5778255859143169,3,0,0,0,0,1,0
45,16,51.835243225097656,90613,2,2.033969584148742,2,0,0,1,0,1,0
64,40,12.995140075683594,95151,2,2.0946872509328247,1,0,0,0,0,0,0
38,5,43.51812744140625,95397,3,1.2650185440781667,3,0,1,0,0,1,0
26,0,64.14891052246094,90176,4,0.19786902940463574,1,0,0,0,0,0,0
40,12,37.552581787109375,89763,2,0.9418364370884231,3,0,1,0,0,1,0
26,1,88.39009094238281,90134,1,3.043980768510402,3,0,0,0,0,0,0
32,13,130.38888549804688,95123,2,2.5413831136633616,1,0,0,0,0,0,0
38,7,73.97444152832031,94326,2,5.217666746925303,1,393,1,0,0,1,0
43,24,91.74249267578125,94395,1,2.651425444622594,2,0,1,0,0,1,0
45,14,37.81232833862305,94493,1,1.0374618077894504,2,0,0,0,0,1,0
55,34,57.40715789794922,94231,2,2.247236720402926,1,125,0,0,0,0,0
42,23,74.04302978515625,94214,4,0.7419311393306298,3,0,0,0,0,1,0
58,32,28.762222290039062,94470,2,0.9475335254950655,3,0,0,1,0,1,0
30,4,38.86212158203125,95082,1,2.067252622244598,2,152,0,0,0,1,0
32,5,56.07181167602539,94383,4,2.4161137173984946,2,0,0,0,0,0,0
30,7,65.27409362792969,91864,4,1.490266979432302,2,102,0,0,0,1,0
25,4,98.97232055664062,92588,1,1.2829964286280153,1,0,1,0,0,1,0
24,0,45.03950119018555,94441,4,1.3020827615363362,1,0,0,0,0,0,0
29,4,34.04149627685547,89904,1,1.4808127252041006,3,0,1,0,0,0,0
55,35,37.90098190307617,92184,1,0.8171018217309567,3,146,0,0,0,0,0
37,12,103.68192291259766,94608,2,3.3848474237373476,1,0,1,0,0,0,0
54,31,54.724586486816406,94211,1,1.248064881783991,2,0,0,0,0,1,0
64,40,36.076011657714844,90120,2,0.42887659747376117,3,0,0,0,0,0,0
35,16,167.9896240234375,93777,2,6.3082534215228225,1,391,1,0,0,0,0
34,3,30.948896408081055,90274,2,1.6581446232839239,2,363,1,1,1,1,0
52,23,62.63939666748047,95352,3,0.9959600499116272,1,0,0,0,0,1,0
29,5,118.46208953857422,94016,4,2.100633396610011,2,0,1,0,0,0,1
61,35,45.83308410644531,93917,2,1.9181191235184714,2,461,0,0,0,0,0
47,34,11.191916465759277,90017,2,0.41027746557543365,3,115,0,0,0,0,0
49,8,125.75790405273438,94284,2,2.9805981511187647,1,244,0,0,0,0,0
39,21,109.23751068115234,95098,3,3.831348301743547,2,0,0,0,0,0,0
58,38,137.22021484375,92011,4,0.7717783968683744,1,0,0,0,0,1,0
26,2,84.06167602539062,94516,1,2.448179684238827,1,0,0,0,0,0,0
34,6,49.97821044921875,94419,4,1.403307343574341,2,160,0,0,0,1,0
63,36,50.60681915283203,94428,4,4.20832702579361,2,0,1,0,0,1,0
31,0,12.642362594604492,94153,3,2.0399380231487436,3,98,0,0,0,0,0
30,3,52.02080535888672,94810,3,1.200934861862641,1,102,0,0,0,0,0
46,14,125.73482513427734,92741,1,3.039634221870201,1,0,0,0,0,0,0
29,6,54.656951904296875,95977,3,3.864789559013489,3,115,0,0,0,1,0
50,28,52.92115783691406,95348,4,1.6024665496224682,3,367,0,0,0,1,0
54,27,72.95491027832031,92554,3,4.759656375985056,1,0,0,0,0,0,0
51,23,87.58346557617188,89923,3,2.6078913444053455,2,0,0,0,0,1,0
56,30,34.58483123779297,93662,2,2.0706149985525055,2,0,0,0,0,1,0
32,6,116.30551147460938,91109,2,3.1668302093199765,3,0,0,0,0,1,0
60,37,30.299257278442383,95384,2,1.6527349459187624,2,78,0,0,0,1,0
37,16,128.435791015625,95020,2,7.935550241804626,1,0,1,1,1,1,0
34,18,28.663814544677734,92663,2,1.8868809860627864,3,0,0,0,0,1,0
40,13,134.98504638671875,93956,2,3.9071028362526365,1,406,0,0,0,0,0
46,27,19.865524291992188,94712,2,1.6922105846701434,3,0,0,0,0,1,0
40,31,39.906532287597656,92682,4,0.9618736840435796,1,0,0,0,0,0,0
52,30,27.965425491333008,89995,2,0.4890310974390048,2,0,0,0,0,1,0
48,16,61.90912628173828,91494,2,0.6212668633083762,3,240,0,0,0,1,0
41,11,89.9017562866211,94667,1,1.8277733944751748,3,153,0,0,0,0,0
54,28,117.18543243408203,92234,1,6.48655574054005,1,0,0,0,0,0,0
56,28,80.64288330078125,95178,2,0.9447741670766301,1,0,0,0,0,1,0
53,33,71.44725036621094,94699,3,0.7876977194746703,3,0,0,0,0,1,0
62,40,21.882516860961914,90044,1,2.006642050045962,1,0,0,1,0,0,0
37,17,121.77611541748047,95141,2,4.243957825503188,3,105,0,0,0,1,0
32,4,141.1473846435547,92090,4,4.764858077097019,2,171,0,0,0,0,1
27,1,41.15009307861328,95211,3,0.8448355598701848,1,111,1,0,0,1,0
29,9,83.08232879638672,94442,3,4.277981282511021,2,0,0,0,0,1,1
64,40,86.7801742553711,91852,1,0.2357751501097478,2,0,0,0,0,1,0
37,16,46.243133544921875,94738,2,1.9421631664658985,3,0,0,0,0,0,0
61,37,206.7539825439453,94403,1,7.132628019342963,1,0,0,0,0,1,0
61,39,23.906978607177734,93656,1,0.6249413103567911,1,0,1,0,0,1,0
40,17,136.44163513183594,92650,1,0.45300502741518606,1,0,1,0,0,1,0
53,31,67.7948989868164,94447,2,5.501162270773949,1,0,1,0,0,0,0
46,20,109.05712127685547,92141,4,2.7184254700765313,3,0,1,0,0,0,0
53,31,22.815128326416016,94333,2,0.9264315034991906,3,0,0,0,0,1,0
60,31,34.292232513427734,95246,3,0.6353423026997983,1,0,1,1,1,1,0
44,21,198.46170043945312,91282,2,4.560313973792987,3,0,0,0,0,0,1
54,30,36.629390716552734,94292,2,0.46694143291410006,3,146,0,0,0,1,0
63,37,86.58189392089844,90483,4,2.309294758983957,2,0,1,0,0,1,0
51,23,187.9921875,95574,1,9.437952334882402,1,0,1,0,0,1,0
41,18,96.13191223144531,94070,1,0.3196497773779691,3,0,1,0,0,1,0
42,11,79.78316497802734,94852,4,2.3191365012790808,2,0,0,0,0,0,0
25,1,191.34861755371094,93175,2,3.6814177747171417,1,387,0,0,0,1,1
64,33,28.274681091308594,94112,4,2.4531068934167632,1,0,0,0,0,1,0
55,25,87.02049255371094,92792,2,0.14919226666008154,1,0,0,0,0,0,0
31,31,46.02339172363281,95069,4,0.1493347068015973,1,0,0,0,0,0,0
43,11,111.79841613769531,94432,2,1.1396774863375527,1,0,0,1,0,1,0
47,29,48.8433723449707,90031,3,0.6291779407254006,1,0,0,0,0,0,0
62,34,30.67325210571289,93979,4,0.34810216796786053,3,0,1,0,0,0,0
27,1,53.1268310546875,94969,4,3.078340270660206,2,142,1,0,0,1,0
42,15,47.52145767211914,94182,3,0.8511052026809774,2,0,0,0,0,1,0
29,6,68.8511962890625,91293,1,2.91408915137444,3,0,0,0,0,1,0
58,39,119.91803741455078,94318,2,2.745849501711575,1,130,1,0,0,0,0
51,26,58.84395217895508,94111,2,0.48262567371601417,1,0,0,0,0,0,0
47,15,70.84423828125,91698,1,2.9516535333500653,3,207,1,0,0,1,0
32,6,96.806640625,91680,4,2.381625601642915,1,0,0,0,0,0,0
58,39,139.6290283203125,91865,3,3.5848330702002618,2,0,0,0,0,1,1
63,41,185.79754638671875,92130,3,4.763811103560397,2,0,1,0,1,0,1
38,10,176.8612823486328,90665,1,1.7739924961600069,1,234,0,0,0,1,0
41,5,33.51013946533203,92414,2,0.3129551884133656,1,0,0,0,0,0,0
27,5,112.87905883789062,95776,1,1.8335526692137802,1,225,0,0,0,1,0
38,18,70.16259002685547,93003,1,1.998562525447053,1,0,1,0,0,1,0
53,24,12.793279647827148,90119,2,0.3856106259113946,2,0,1,0,1,1,0
36,8,174.91171264648438,90901,4,3.815630705095079,3,0,0,0,1,1,1
28,19,68.44085693359375,92746,1,0.5065655945525117,1,0,1,0,0,0,0
42,13,189.63662719726562,93935,2,8.408731191799518,1,0,0,0,0,1,0
53,30,77.52800750732422,95198,3,3.2011044506325703,2,0,0,0,0,0,0
39,10,44.44660949707031,91702,2,2.2804852621473506,2,0,0,0,0,1,0
33,6,23.407243728637695,93063,4,0.7012098891997209,2,0,0,0,0,1,0
49,24,79.11666870117188,94854,4,0.19466101978547723,3,0,0,0,0,0,0
63,42,91.03824615478516,94832,4,1.6675650881430457,1,0,1,0,1,1,0
57,14,27.478302001953125,95661,4,2.0117663692889973,2,219,0,0,0,0,0
42,20,103.22520446777344,94650,1,1.8995157148986528,3,0,0,0,0,0,0
33,4,77.87251281738281,95063,4,0.26853276499658396,2,0,1,0,0,1,0
36,19,177.3065948486328,94664,1,7.128580729328854,3,0,0,1,0,0,1
62,41,18.17104721069336,94083,3,0.09228942293193099,3,0,0,0,0,1,0
48,23,116.93392181396484,93980,2,0.7063071462341132,1,0,1,0,0,0,0
27,2,83.8709487915039,89777,1,1.1923295953708248,1,0,0,0,0,0,0
38,19,33.86305618286133,93438,3,0.9487850286229567,1,0,1,0,0,1,0
60,36,56.107635498046875,92036,3,1.9255258081729023,3,433,0,0,0,1,0
30,6,89.2376937866211,91882,4,4.144884881115673,1,0,0,0,0,0,0
39,16,81.05994415283203,94663,1,1.3371402529434757,1,0,0,0,0,0,0
62,35,25.273706436157227,92282,2,1.4531541683404545,2,0,0,0,0,0,0
57,34,94.65755462646484,95048,2,1.6350713549673823,1,0,0,0,0,1,0
40,18,65.26826477050781,91780,4,1.6097960326561396,1,0,0,0,0,0,0
58,37,22.520980834960938,93045,1,0.9041079427037384,3,0,0,1,0,1,0
63,37,94.36822509765625,92104,2,1.7826870047609582,3,0,0,0,0,1,0
38,24,129.8187713623047,96203,3,0.4096766536837147,1,0,0,0,0,0,0
35,16,162.59103393554688,96209,1,7.157468426068211,1,0,0,0,0,1,0
39,17,67.23405456542969,92019,3,3.0429842366547577,2,0,0,0,0,0,0
41,35,36.88128662109375,94956,2,0.23590708568157334,1,192,1,0,0,1,0
43,28,76.81294250488281,94642,2,1.2136081802297234,1,0,0,0,0,0,0
43,23,44.6718864440918,94928,4,0.19391576843240682,2,0,0,0,0,0,0
34,5,68.63449096679688,94161,1,1.3655594415639514,1,120,0,0,0,0,0
30,7,50.511993408203125,93799,1,2.0475834002525723,1,0,0,0,0,0,0
38,16,116.2552261352539,90369,2,6.3744924229381,1,0,1,1,0,1,0
53,32,109.96862030029297,94440,4,0.5597424094507966,2,0,0,0,0,1,1
59,32,42.525718688964844,93883,2,0.4398043368697766,2,0,1,0,0,1,0
50,24,172.58238220214844,94795,4,1.4101131007541363,1,353,1,0,0,0,0
61,31,74.3888931274414,94002,3,2.2508586943636972,1,0,0,0,0,1,0
54,24,42.31728744506836,94328,2,1.3157577907886786,1,0,0,0,0,0,0
35,10,103.28266906738281,92068,4,2.230138887507099,1,0,0,0,0,1,0
32,7,18.37812042236328,95341,4,2.070915662116068,3,97,0,0,0,0,0
58,40,19.1724853515625,91043,3,0.3498182258624307,2,0,0,1,0,0,0
38,18,79.69981384277344,94209,1,4.094795750793739,3,0,0,0,0,0,0
59,37,77.9687271118164,93428,4,0.6697194336410879,1,0,0,0,0,0,0
44,18,159.4480743408203,94991,1,1.2308885035980515,1,0,0,1,0,1,0
33,12,79.74839782714844,92514,4,2.6680168469035666,1,0,0,0,0,1,0
45,20,43.8328857421875,95341,3,0.4260199666876075,3,0,0,0,0,1,0
27,5,27.648839950561523,91880,4,1.7324369518894782,1,147,1,0,0,0,0
48,14,59.414432525634766,91481,2,1.8330100304988812,3,180,1,0,0,0,0
36,16,35.328468322753906,94109,2,0.5363639393037813,2,0,1,0,0,0,0
46,17,53.186561584472656,94960,1,0.4598755754946107,3,0,0,0,0,0,0
28,3,73.46035766601562,92057,4,1.3860946105877614,3,0,0,0,0,1,0
50,27,35.62068557739258,90127,1,0.08266504891500487,2,0,0,0,0,1,0
34,20,55.73991012573242,95253,4,1.5134563030850736,1,0,0,0,0,1,0
34,7,61.11528778076172,91355,4,1.1307770672325437,1,0,1,0,0,1,0
45,4,47.99144744873047,95472,1,1.748141227777012,3,0,1,0,0,1,0
43,16,180.959228515625,92922,2,7.949807827669956,1,0,1,0,0,0,0
59,31,32.3394775390625,94693,3,0.4243043555929688,2,150,0,0,0,0,0
31,4,70.65379333496094,95269,1,0.011354038410596845,3,0,1,0,0,0,0
56,36,13.561243057250977,90426,2,0.6038724449976216,3,0,0,0,0,1,0
26,2,90.1746826171875,95478,3,1.2525357442282927,1,0,0,0,0,0,0
63,36,104.41156005859375,94368,1,2.3849531996080953,2,0,1,0,0,0,0
26,4,54.68495178222656,95542,4,0.5764770941968498,1,0,0,0,0,0,0
40,12,94.59764862060547,90836,1,7.533340337840306,1,0,0,0,0,1,0
47,13,114.56465148925781,94209,2,4.639343195133157,1,0,0,1,1,1,0
38,14,43.19308853149414,94329,3,1.4982174787227802,2,0,1,0,0,1,0
63,38,22.685531616210938,90125,4,0.8212610017913263,2,0,0,0,0,1,0
37,19,78.689697265625,93483,2,1.2858971854045227,3,123,1,0,0,0,0
63,39,52.33732223510742,91009,2,0.6249630619146123,1,0,0,0,0,1,0
30,6,76.97456359863281,92698,1,2.6416450841286694,1,0,0,0,0,1,0
55,32,186.99240112304688,94222,3,3.96776183859341,1,436,0,0,0,0,1
34,12,93.08507537841797,94703,3,0.23117990116122644,2,0,0,0,0,1,0
62,36,65.7479248046875,92739,1,1.8761664651761347,2,0,0,0,0,1,0
62,37,95.0877456665039,94270,1,1.557693387546955,1,0,0,0,0,0,0
64,41,27.30510711669922,93912,4,0.5162144846365929,1,0,0,0,0,1,0
62,37,176.6294403076172,93943,1,2.5115084278304853,2,0,0,0,0,1,0
40,16,80.87112426757812,95759,1,1.6920933459878698,1,0,0,1,0,0,0
51,22,166.84237670898438,94303,2,2.4283271070721804,1,300,0,0,0,0,1
41,15,104.26748657226562,94274,3,0.24809662612229316,1,0,0,0,0,0,0
64,35,104.54495239257812,93737,1,4.679565724768494,1,0,0,0,0,0,0
43,27,51.73973846435547,91774,1,0.01760111186658031,3,156,1,1,1,1,0
52,27,47.520790100097656,94852,2,0.9456003758061815,3,0,0,0,0,1,0
63,32,93.60760498046875,94288,3,1.1120241235077075,2,0,0,0,0,0,0
34,9,57.75674819946289,94938,4,1.975072226002211,1,0,1,0,0,1,0
40,16,153.47714233398438,93987,1,4.186610608561627,1,0,1,0,0,0,0
58,24,73.17385864257812,95196,3,3.2817140462673713,2,0,0,0,0,0,0
45,26,23.508548736572266,94837,2,2.314521406181599,2,108,0,0,0,0,0
42,19,79.44005584716797,89778,4,1.9442680362153615,1,154,1,0,0,0,0
54,24,28.657764434814453,91744,1,0.5901583376883306,3,0,0,0,0,0,0
62,37,69.28241729736328,92482,3,1.3629818328758834,2,0,0,0,0,1,0
57,35,82.68910217285156,94422,3,1.7999080430258367,3,0,1,0,0,1,0
57,33,92.67058563232422,89984,3,1.325915987795513,2,0,1,0,0,1,0
63,37,55.71308517456055,93961,3,1.033937436808,1,0,1,0,0,0,0
47,27,86.02195739746094,92748,4,0.8395787480260393,1,0,0,0,0,1,0
30,7,103.69478607177734,94205,2,1.6080444369737492,1,0,1,0,0,1,1
34,9,85.13550567626953,91208,2,2.171782733458906,3,0,0,0,0,1,0
32,14,97.86984252929688,91938,4,1.3941529785830036,3,0,0,0,0,0,0
25,17,18.876766204833984,95556,1,0.16135839487015263,2,0,0,0,0,1,0
28,2,145.66372680664062,95355,4,2.3260276687409567,2,0,1,0,0,1,1
54,27,96.92640686035156,92173,3,4.377357293316297,2,125,1,0,1,1,1
51,31,95.30140686035156,93921,1,1.2151806159817107,3,0,0,1,0,1,0
34,5,200.86801147460938,92022,3,3.227727393453855,3,0,0,0,1,1,1
50,26,55.52190399169922,94779,3,1.8102056701647313,2,0,1,1,0,1,0
37,16,88.46025085449219,91452,1,2.3643404711452582,3,0,0,0,0,1,0
62,38,102.22019958496094,89876,3,0.8557458494508304,2,0,0,0,0,0,1
42,19,91.11695861816406,90904,1,3.4406261256059514,3,421,1,0,0,0,0
43,16,92.05054473876953,92176,1,1.9071126564881862,2,195,0,0,0,0,0
59,35,95.86693572998047,92219,3,0.813916998662316,3,0,1,0,0,1,0
49,26,61.97673034667969,94749,1,0.10569298209935807,2,0,0,0,0,1,0
65,39,84.39215850830078,90004,2,2.026723881325409,1,0,0,0,0,0,0
39,9,10.912672996520996,95688,4,0.7385070334581758,3,0,0,0,0,1,0
61,35,66.06484985351562,92583,4,2.773161912513511,1,0,0,0,0,1,0
42,18,22.652599334716797,91515,2,0.7601430072121615,3,0,0,0,0,0,0
48,20,128.63613891601562,92138,1,0.8949617161069904,1,0,0,0,0,1,0
50,28,101.69896697998047,90966,1,6.564213689489622,1,214,0,0,0,0,0
66,39,53.1527214050293,94030,1,0.07531403831250447,1,0,0,0,0,1,0
35,8,27.094833374023438,90523,2,0.027521228920563523,2,94,0,1,0,1,0
63,39,51.55274963378906,94300,4,1.6861396557215587,1,0,1,0,0,1,0
54,25,142.7324676513672,93850,2,1.8701087720306353,1,0,1,0,1,1,0
60,9,15.453121185302734,94709,1,2.052192992067317,3,145,1,0,0,0,0
41,13,109.8659896850586,91607,2,1.249806262261325,1,0,1,0,1,1,0
62,31,42.50621032714844,93736,1,1.2437680679988987,3,0,0,0,0,1,0
42,24,59.701576232910156,90715,3,1.2542397256072584,3,0,1,0,0,1,0
52,22,54.99660873413086,95144,4,0.509501950659278,1,0,0,0,0,1,0
44,20,123.79843139648438,91819,1,2.2335528325942535,1,0,1,0,0,0,0
60,31,99.01119232177734,90193,2,1.3655971337893742,1,0,0,0,0,0,0
62,38,65.5617446899414,92065,3,1.1294361332169007,2,0,0,0,0,1,0
65,41,56.69392013549805,95638,3,2.692920045369243,2,0,0,0,0,1,0
41,21,86.28187561035156,94948,4,1.2356806003067595,2,0,1,0,0,0,0
30,5,164.72726440429688,95377,1,6.585125564661754,3,0,1,0,0,0,0
46,22,71.09281158447266,94641,1,2.3702507573595044,2,0,0,0,0,1,0
31,7,79.36155700683594,94850,4,2.9726086525664,2,0,0,0,0,0,0
29,2,41.24776840209961,92419,1,0.58368637803771,3,100,0,0,0,1,0
47,36,152.83062744140625,94689,2,7.972559715642495,1,0,0,0,0,0,0
46,21,78.35065460205078,90543,2,0.43337685151320804,1,191,1,0,0,0,0
60,37,14.743414878845215,94403,4,1.0956765046262933,1,0,0,0,0,1,0
63,34,18.9327335357666,94160,4,1.3609347378894443,3,0,0,0,0,1,0
45,15,178.54135131835938,92054,4,5.718856104891536,1,0,1,1,1,1,1
45,21,58.92304611206055,91149,1,2.398695057333846,3,0,0,1,0,0,0
39,8,54.6429443359375,94799,1,1.567438963461775,2,227,0,1,0,1,0
49,34,54.37303161621094,94234,2,3.130232041881471,2,149,0,0,0,0,0
41,15,20.262081146240234,93770,1,0.7900254365211558,3,0,0,0,0,1,0
58,39,51.86174392700195,95138,1,1.0279741163919913,1,0,1,0,0,1,0
37,5,31.49724578857422,91855,1,1.7409939862785864,3,0,1,0,0,1,0
46,25,104.21353149414062,91016,4,4.207268283448631,2,0,0,1,0,1,1
51,24,30.20890998840332,91801,2,0.43307390571478865,1,105,0,0,0,1,0
33,8,42.49003982543945,92011,2,0.2159169025859331,3,0,0,0,0,1,0
33,5,182.97213745117188,95911,2,1.2664337095097855,1,0,0,0,0,1,0
62,25,53.0185432434082,94012,2,1.5471974640829598,3,94,0,0,0,0,1
42,13,44.905860900878906,92080,3,0.3512067502320684,2,0,1,0,0,0,0
38,6,37.71923065185547,92291,3,0.15524003332697628,2,0,0,0,0,1,0
64,39,92.10747528076172,94674,3,1.9953937807703441,1,0,0,0,0,1,0
46,5,15.509260177612305,94297,1,1.2255323484808032,3,104,1,0,0,1,0
58,33,89.72565460205078,92100,2,0.2869141143065598,1,0,1,0,0,0,0
61,37,85.30769348144531,94741,2,3.6005326847184076,1,0,0,0,0,1,0
48,32,34.61170196533203,91655,4,0.4692989167137857,3,0,0,0,0,1,0
33,15,42.16273880004883,95653,1,2.31681966584046,3,0,1,0,1,1,0
38,1,47.77896499633789,89683,1,1.7767063738578792,1,211,0,1,1,1,0
39,19,185.46951293945312,90221,1,7.043919326850078,1,407,0,1,0,1,0
54,27,65.15304565429688,92916,1,2.02158077835948,3,0,0,1,0,1,0
45,27,114.07670593261719,92787,3,1.2809724325437428,2,0,0,0,1,1,1
62,40,17.439239501953125,91831,1,1.1095612828825199,3,0,0,0,0,0,0
54,32,61.257362365722656,93015,4,1.5407069952500174,1,0,0,1,0,0,0
45,28,98.77149963378906,94624,4,0.8459274505646144,1,0,0,0,0,1,0
24,-3,116.55846405029297,93870,4,2.1937791034844025,2,0,0,0,0,0,0
42,18,79.45736694335938,94630,1,0.4549071965030825,2,0,0,0,0,0,0
38,25,81.68035125732422,95709,3,2.6970680778708584,1,134,1,1,1,1,0
62,30,101.99199676513672,94370,4,1.9600031395861293,2,0,0,0,0,0,0
41,17,50.806209564208984,95157,4,0.9576738942321273,1,273,0,0,0,1,0
51,28,24.665098190307617,94461,2,1.6394135980003128,3,0,1,0,0,1,0
48,25,71.28206634521484,93862,4,1.8294846190115481,3,0,1,0,0,1,0
29,4,81.9733657836914,93982,2,0.5301053257997562,3,0,1,0,1,1,0
39,30,26.72867202758789,94507,4,1.413805889757799,2,0,0,0,0,1,0
47,11,125.06697845458984,93587,1,1.0137510555369522,1,0,0,1,0,0,0
27,5,74.15656280517578,94563,4,2.188337784882293,3,0,0,0,0,1,0
52,29,67.61471557617188,91278,1,0.6378326641593639,2,0,0,0,0,0,0
28,4,44.313533782958984,95489,1,0.3395967919589344,1,145,0,0,0,1,0
55,29,28.639270782470703,94280,3,1.3702211215648836,2,0,1,0,0,1,0
42,16,128.97325134277344,94887,2,0.23428751631852862,2,0,0,0,0,1,0
63,40,59.52394485473633,91992,2,0.9765745334155183,3,0,0,1,0,1,0
40,4,21.02313804626465,94907,3,0.05198758955587085,2,0,1,1,0,1,0
45,19,85.22852325439453,94701,3,3.748589575630599,2,0,0,0,0,0,0
34,10,49.861515045166016,92537,2,1.0193956015986663,1,0,1,0,0,1,0
46,20,68.52128601074219,93472,2,1.6286864693265293,1,0,0,0,0,0,0
54,25,185.0113525390625,94424,2,0.37344008226533465,1,433,1,0,1,1,0
63,36,36.26288986206055,91198,2,0.3291988301134973,3,0,0,0,0,1,0
30,3,35.38922119140625,91741,2,1.0445629552607647,1,126,0,0,0,1,0
45,25,64.66583251953125,90072,2,2.5888459979339293,3,0,0,0,0,1,0
66,40,67.08720397949219,93950,3,0.20508128590805355,1,0,1,0,0,1,0
29,4,69.26225280761719,94110,1,1.3145799202829522,2,163,0,0,0,0,0
43,10,186.6013946533203,91829,1,4.277135715316452,3,220,1,1,1,1,1
59,34,37.57392120361328,90141,4,1.4270755763474008,2,0,0,0,0,1,0
55,28,122.45636749267578,94278,4,5.097932050452353,1,0,0,0,0,0,1
40,19,107.78605651855469,94920,2,1.0329140122409057,1,0,0,0,0,0,0
49,30,65.08505249023438,95829,3,0.8984811499826986,2,0,1,0,0,1,0
50,29,91.33881378173828,94942,1,2.2921268492030142,1,323,0,0,0,0,0
32,10,155.17156982421875,94266,3,6.228174850145676,1,0,1,0,0,1,1
49,20,32.54402160644531,94159,4,0.65869876425362,3,0,0,0,0,1,0
47,26,35.39362716674805,94721,2,2.526727823228179,2,0,1,0,0,1,0
28,4,60.556697845458984,94337,4,1.3271941763702926,1,0,0,0,0,0,0
30,4,113.24378204345703,94838,1,1.428143522734384,1,0,1,0,0,1,0
29,4,57.825931549072266,91726,2,1.5157482601562187,2,0,1,0,0,0,0
26,2,34.23564910888672,92066,2,1.3847832758346277,2,0,1,1,0,1,0
31,3,58.101829528808594,95176,3,0.9994761874826061,1,262,0,0,0,1,0
44,5,62.280731201171875,92093,1,1.0625984007302498,1,0,1,0,0,1,0
40,11,11.173402786254883,92151,4,0.4004162210013015,2,95,0,0,0,1,0
62,14,131.85049438476562,92439,2,2.1475471404981468,1,0,1,0,0,0,0
30,6,43.307857513427734,95106,3,1.6686566546166197,1,0,0,0,0,1,0
40,19,56.5489387512207,90119,4,2.0322379041545493,2,0,1,0,0,1,0
44,20,48.8247184753418,95011,3,0.793076829273977,3,0,0,0,0,1,0
31,5,55.587242126464844,91762,4,1.9623864316998767,3,102,0,0,0,1,0
30,4,167.7633514404297,92312,1,4.30848342099407,2,0,1,0,0,1,0
51,22,56.371315002441406,90266,4,1.0838213591007144,1,99,0,0,0,0,0
64,35,62.072792053222656,90276,2,0.7428544908002175,1,0,0,1,0,0,0
44,33,192.3525390625,94466,1,4.711490474238811,3,0,1,0,1,1,1
59,27,26.874496459960938,90081,3,1.9204333861941907,3,0,1,0,0,1,0
55,31,46.649776458740234,93613,2,0.6957549356153393,3,0,0,0,0,1,0
44,22,128.35153198242188,92038,2,4.271478561670478,1,0,0,0,0,1,0
40,9,87.21167755126953,89755,1,1.893413618233379,3,0,0,0,0,1,0
28,9,184.973876953125,94245,2,2.145218478477189,1,235,0,0,0,1,0
65,36,64.09365844726562,94049,2,1.150251122498775,1,156,1,0,0,1,0
43,23,41.142616271972656,91791,2,1.1425390377833922,3,0,1,0,0,1,0
66,39,47.278289794921875,95273,2,2.652598142595898,2,0,1,0,0,1,0
33,8,14.078493118286133,94494,2,0.3112617897482846,2,0,0,0,0,0,0
30,3,194.40829467773438,94310,2,0.9555859148775702,3,0,1,0,0,0,1
37,10,53.92557144165039,90160,1,0.16197451100165589,2,0,0,0,0,0,0
53,38,76.30558013916016,95114,4,1.5115153657911775,2,0,1,0,0,1,0
31,9,57.93525695800781,95214,1,1.7842605927266642,1,0,1,0,0,1,0
58,31,81.45758819580078,89823,4,1.6091355319822769,3,0,0,1,1,1,0
56,27,46.41863250732422,94501,2,1.3187817991837618,3,0,0,0,0,0,0
24,-1,33.57537841796875,92476,4,0.31366516023751195,1,146,0,0,0,0,0
40,22,28.93633270263672,94895,4,0.4058643498566601,2,147,0,0,0,1,0
47,19,29.58420181274414,90168,4,2.3532492669743847,1,0,0,0,0,1,0
40,15,39.325401306152344,94399,3,0.46095890789578364,2,0,0,0,0,0,0
46,7,29.60957145690918,93680,1,1.090243712261227,1,0,0,0,0,0,0
46,16,62.40985107421875,94389,4,0.4242156360362684,3,0,0,0,0,1,0
39,30,84.7907485961914,94222,2,2.749533597738845,1,109,1,0,0,0,0
42,12,50.09798812866211,93513,2,2.7158893454039825,3,0,0,1,1,1,0
63,34,40.541099548339844,94183,2,0.9833717527068765,1,0,1,0,0,0,0
30,1,132.8590850830078,90060,1,0.14023036434009895,1,0,0,0,0,0,0
45,20,65.82244873046875,91493,2,1.5472610088288021,3,0,0,1,0,0,0
38,16,86.7682113647461,94341,2,2.9611930095489774,3,0,0,0,0,0,0
62,39,101.1295166015625,92061,2,2.2727941569403973,2,0,0,0,0,1,0
58,25,86.7036361694336,92662,4,1.0327585973790228,2,149,1,0,0,0,1
34,7,186.57113647460938,95557,4,3.793576239320445,2,371,1,0,1,1,1
55,30,90.64373016357422,91862,3,1.3512075459891446,2,0,1,0,0,1,0
58,33,21.572978973388672,94159,3,0.06319440894160777,1,0,0,0,0,1,0
43,16,109.57022094726562,94353,2,1.3687264877175795,1,0,1,0,0,1,0
44,25,130.37506103515625,93983,1,3.245233538117348,1,0,0,0,0,0,0
46,23,73.63382720947266,95591,2,1.7298229904362845,1,0,0,1,1,1,0
61,31,63.68821334838867,94933,2,0.08817395004287348,1,246,0,0,0,0,0
45,15,67.95782470703125,95475,1,1.7120524713685192,3,350,1,0,0,1,0
61,34,39.00055694580078,95137,1,0.8326481383625685,1,100,0,0,0,0,0
36,14,144.13851928710938,92092,2,2.746987663598252,1,0,0,0,0,0,0
30,4,121.57841491699219,90417,3,0.3132981466582679,2,0,0,0,0,1,0
42,14,116.59548950195312,94573,3,7.24549660960348,1,0,0,0,0,1,0
50,29,92.23171997070312,95105,3,0.3242661678038302,2,0,0,0,0,1,0
56,27,80.76901245117188,95436,3,0.5017495089770885,2,150,0,0,0,1,0
37,16,87.45999908447266,91691,1,4.147853515666602,3,0,0,0,0,0,0
57,36,52.39164352416992,90258,1,0.5599397945273634,1,0,0,0,0,1,0
41,16,43.93057632446289,94391,2,1.2626388316040627,3,0,0,0,0,0,0
41,19,138.3509521484375,90270,1,0.9572624085697028,1,0,1,0,0,1,0
35,7,88.89025115966797,96507,2,0.5335917748963519,1,0,1,0,0,1,0
37,11,72.6062240600586,91665,4,3.252369452218061,1,0,0,1,0,1,0
38,9,88.096923828125,92609,1,2.3230097368730673,2,0,1,0,0,1,0
40,12,42.07250213623047,90363,1,1.1646847508609663,1,0,0,0,0,1,0
30,3,167.94735717773438,91144,3,2.591470219907255,2,0,0,0,0,1,1
53,24,130.2074737548828,90014,2,0.5957811543734981,1,0,0,1,0,1,0
28,6,91.44200897216797,94841,2,1.840157766780775,3,0,0,0,0,1,0
55,27,75.61749267578125,90757,3,0.8301267527630991,1,0,0,0,0,1,0
43,9,33.66778564453125,95008,2,0.6774365578116871,3,0,0,0,0,1,0
56,29,53.28983688354492,94392,3,1.65496460403581,2,93,1,0,0,1,0
49,22,67.6020736694336,94726,3,2.5428880807301297,2,0,1,0,0,1,0
53,35,84.02345275878906,92947,3,0.3997088329887017,2,150,0,0,0,1,0
41,21,61.5408935546875,93818,1,1.145099563371086,2,0,0,0,0,1,0
33,7,11.223426818847656,94257,4,0.5150448597616799,1,83,0,0,0,1,0
60,39,33.59035873413086,95504,4,2.0863329063366756,3,100,0,0,0,0,0
46,23,180.3551025390625,90283,2,7.007139115165922,1,0,0,1,0,1,0
41,17,115.5894775390625,92877,1,3.197658076982633,1,0,0,1,1,1,0
31,5,145.38626098632812,94617,2,2.094739371650337,1,0,1,0,0,0,0
39,15,172.39088439941406,91808,1,4.81972018042774,1,0,0,1,0,0,0
55,28,25.646343231201172,90102,2,2.268442581239083,2,193,0,0,0,1,0
35,15,47.341529846191406,91000,4,2.6697802642649844,1,0,0,0,0,1,0
42,20,82.05887603759766,92707,3,0.6240717549334036,1,0,0,0,0,1,0
61,37,16.287940979003906,95363,2,1.047105753306385,2,0,0,0,0,1,0
32,4,86.83399200439453,95981,4,5.984131754101843,1,0,0,0,0,1,0
44,22,66.37263488769531,91568,2,0.5810558033687976,1,147,0,0,0,0,0
31,6,88.60108184814453,90216,3,2.5884739263454977,2,0,1,0,0,1,0
58,32,63.134586334228516,89949,2,1.9071079106148725,3,74,1,0,0,0,0
60,28,39.10427474975586,92972,4,0.3923634230867181,3,0,1,0,0,1,0
52,33,106.98976135253906,96348,3,2.0654673745736716,1,0,1,0,0,1,0
49,27,67.22713470458984,91352,2,4.222709111656488,1,235,0,0,0,1,0
64,38,33.21581268310547,94081,3,0.12063214561888302,1,101,1,0,1,1,0
60,33,61.741092681884766,94191,1,3.950529441908255,3,0,0,0,0,1,0
51,25,103.13795471191406,91206,2,0.3367137588927512,1,0,0,0,0,1,0
37,6,9.875089645385742,94878,3,1.2445884459521395,3,0,0,0,0,0,0
58,36,39.245704650878906,94458,2,0.6303239222004484,2,0,0,0,0,0,0
45,21,124.98416900634766,95345,1,4.496898153624483,1,0,0,1,0,1,0
60,35,21.36157989501953,93775,2,0.4142560599488374,1,0,0,0,0,1,0
60,37,41.88996124267578,92403,1,1.9130997879887908,3,0,1,0,0,1,0
39,24,57.02977752685547,94029,2,1.599450141677444,1,366,1,0,0,0,0
58,36,51.45248031616211,94000,4,0.4997301870445654,3,127,0,0,0,0,0
63,38,82.23524475097656,92765,2,1.6195698590063163,2,0,0,0,0,1,0
67,38,48.836727142333984,91694,4,1.065230169707912,1,0,0,0,0,1,0
45,10,26.45320701599121,90976,3,3.513198564846675,2,192,0,0,0,1,0
43,20,91.89834594726562,95276,1,1.0846307429148456,2,113,0,0,0,1,0
60,33,94.60743713378906,92941,4,1.9564287371029572,3,107,0,0,0,0,0
29,5,41.3112907409668,92654,1,1.4041750639924457,3,0,0,0,0,1,0
48,22,48.9050407409668,93592,4,0.35292105953583763,1,0,1,0,0,0,0
30,6,108.29830169677734,94762,1,1.6970813657788215,1,0,1,0,0,1,0
33,8,41.10695266723633,93982,2,2.045455231470074,2,0,0,0,0,1,0
57,32,83.47872924804688,91290,4,0.8668641291873117,3,0,0,0,0,1,1
54,26,62.895511627197266,92060,4,4.3590663071444995,3,147,0,0,0,0,0
38,20,98.38893127441406,95421,3,2.034252741263303,3,0,0,0,0,0,0
59,37,42.86262893676758,90079,4,0.47466964418396473,2,0,0,0,0,0,0
27,2,82.1336898803711,92490,2,1.1165802486804397,1,0,0,0,0,0,0
37,16,187.85092163085938,93633,1,0.46116714281532456,1,0,1,0,0,0,0
62,33,46.299556732177734,92849,4,0.7681543842299161,1,0,0,0,0,1,0
35,13,130.61114501953125,95235,2,1.7104600474375282,3,0,0,0,0,1,0
32,13,32.19023132324219,93880,2,2.3681696154420933,2,0,1,0,0,1,0
60,37,57.37685775756836,91639,2,1.755779982514197,2,0,0,0,0,1,0
44,15,96.90288543701172,94244,1,2.0193107092478058,1,0,0,0,0,0,0
46,24,15.118143081665039,94579,3,0.9246450637716287,1,152,1,0,0,0,0
32,9,56.65125274658203,90442,1,2.1685800880288273,3,0,0,0,0,0,0
59,35,78.29268646240234,91633,2,1.0726799722572062,1,179,1,0,0,0,0
33,10,80.25458526611328,90030,2,0.4161647135605398,1,0,0,0,0,0,0
27,4,67.44275665283203,95429,1,0.9293762740568475,1,0,1,1,1,1,0
59,37,197.36563110351562,94060,2,2.5227938647876336,1,0,1,0,0,0,0
41,14,95.68256378173828,94370,4,1.7062751660600106,1,239,0,0,0,1,0
33,7,174.542236328125,92833,1,6.229766481750984,3,485,1,0,0,0,1
23,0,48.92831802368164,93664,1,2.0728644176117914,2,0,0,0,0,1,0
43,16,128.88912963867188,94386,2,1.0092765431566364,1,281,1,0,1,1,0
47,15,57.602203369140625,94038,4,0.46823757828742274,2,0,1,0,0,0,0
54,30,69.00932312011719,92702,2,0.35233914023969914,1,0,0,0,0,1,0
38,37,32.85283660888672,91623,2,0.5610746988797801,3,0,0,1,0,1,0
56,26,67.99774932861328,93982,4,0.320760559101513,3,119,1,0,0,1,0
36,9,44.43330383300781,90999,3,2.2273505284785564,2,0,0,0,0,1,0
32,7,77.5219955444336,92638,4,2.710696544529654,2,0,0,0,0,1,0
46,14,83.15538024902344,94665,1,0.5602866151926411,1,0,0,0,0,0,0
60,26,114.62153625488281,94840,1,2.998189487852936,1,385,1,0,0,0,0
48,19,22.015666961669922,93449,3,0.2662347715247692,1,0,1,0,0,0,0
28,5,76.30095672607422,94804,4,4.277826725357838,3,0,0,0,0,0,0
61,36,46.062767028808594,94252,1,2.3790742793448305,2,0,0,0,0,1,0
45,22,74.8339614868164,95380,2,0.9197736602426441,1,0,0,0,0,1,0
52,29,99.73224639892578,95181,3,3.9435236866408907,1,0,0,0,0,0,0
63,38,120.91673278808594,92238,2,1.8815862525003686,1,151,1,0,0,1,0
58,35,91.15664672851562,90460,2,0.9528937352259703,1,0,1,0,0,1,0
26,-1,64.78791809082031,95086,4,1.6609500744807548,2,0,0,0,0,0,0
51,28,62.243350982666016,94062,3,2.864057147868888,2,243,0,0,0,0,0
41,18,97.5327377319336,89848,1,2.978002020918803,3,0,1,0,0,0,0
43,22,55.985321044921875,93855,3,1.9922716205869513,1,0,1,0,0,1,0
51,33,59.46601486206055,95193,1,1.4968850729694487,1,0,0,0,0,1,0
56,28,82.7286148071289,90954,4,0.5388349944215653,1,251,0,0,0,1,0
62,38,22.972301483154297,95210,3,0.8001567766708313,2,0,0,0,0,1,0
39,12,12.933046340942383,93185,2,0.26990579626560596,2,0,0,0,0,1,0
62,33,97.0692367553711,94406,1,0.37599927677939127,2,0,1,1,1,1,0
62,39,49.476531982421875,93803,1,0.9187424577900883,2,0,0,0,0,1,0
55,25,35.1917610168457,92595,4,1.1298683596298535,3,0,0,0,0,0,0
58,33,44.38854217529297,89985,3,1.302768862132739,3,0,0,0,0,0,0
44,12,76.66140747070312,91940,3,3.1520090939837004,2,0,1,0,0,0,0
43,23,136.80300903320312,94441,1,2.5860390441106333,1,0,0,1,0,1,0
34,7,183.71884155273438,89853,1,3.25619686110491,2,0,0,0,1,1,1
30,5,66.08370971679688,94897,4,1.4923829645166315,1,0,1,0,0,0,0
26,1,42.52336502075195,94403,4,0.4930812568140587,3,0,0,0,0,0,0
40,27,104.917236328125,89779,1,0.8386217662193988,1,0,0,0,0,0,0
43,16,97.97472381591797,94332,2,3.0437819354616567,1,125,0,0,0,1,0
56,25,32.10044860839844,94737,2,0.22880132063728437,1,0,1,0,0,1,0
46,26,66.51588439941406,90354,3,0.4009133352717076,1,0,0,0,0,1,0
44,20,46.98566818237305,89938,1,2.0924924504191105,1,107,0,1,1,1,0
63,40,59.28911209106445,91974,1,2.121005182700427,3,0,0,0,0,0,0
60,29,131.56431579589844,95358,1,3.878586498731207,3,257,0,0,0,1,1
58,21,48.01115798950195,93189,4,0.30644669412020725,1,0,0,1,0,1,0
25,9,57.06694030761719,93983,4,1.3689106525804313,2,0,1,0,0,1,0
24,-1,11.400066375732422,92496,1,0.8503605026868112,3,0,0,0,0,1,0
39,18,149.940673828125,94195,2,8.28339328542406,1,0,0,0,0,1,0
40,8,130.51495361328125,94582,4,1.2786015292073516,1,152,0,0,0,0,0
54,35,37.343353271484375,92504,2,0.45730471994156907,2,166,0,0,0,1,0
29,4,124.04022979736328,92278,1,7.9757310437473405,1,0,0,0,0,1,0
51,31,74.78546905517578,94372,1,0.6016455221792658,1,0,1,0,0,0,0
30,22,106.74771881103516,90919,2,0.3728873712736356,1,0,0,0,0,1,0
59,34,57.52366638183594,90031,4,0.6373282885156133,3,64,0,0,0,1,0
61,36,75.40074920654297,94645,1,1.492928665012864,1,0,0,0,0,1,0
28,5,48.08479309082031,92686,4,1.4865434171869423,1,0,0,0,0,1,0
51,18,24.096492767333984,94469,4,1.7454619793429043,2,0,0,0,0,1,0
41,12,145.085693359375,94722,3,4.540579830274209,3,139,0,0,0,0,1
45,34,77.52120971679688,95978,4,0.24901645326420507,2,0,0,1,1,1,0
36,12,114.47799682617188,92731,2,3.5660933021426935,1,308,0,1,0,1,0
53,32,46.44147491455078,91090,4,2.230009649883283,2,0,1,0,0,0,0
60,35,46.64211654663086,94728,4,1.5798365208951446,3,0,1,1,1,1,0
59,36,43.32233810424805,94376,1,2.01504212091979,1,0,0,0,0,0,0
35,7,191.51953125,94406,3,0.5377057889982981,1,0,0,0,0,1,0
48,13,146.4102325439453,94799,1,2.7626694512538865,1,388,0,0,0,1,0
44,23,12.15866470336914,94297,3,0.6046919906631694,2,0,0,0,0,1,0
58,34,54.41654968261719,94758,3,2.0200751195689577,2,137,0,0,0,0,0
37,10,49.7520866394043,95001,4,1.2731123022630544,2,100,0,0,0,1,0
29,4,113.24388122558594,90005,1,2.786235216268494,1,504,0,0,0,1,0
54,22,37.131256103515625,94494,3,2.1373589126172288,3,0,0,0,0,1,0
47,21,59.67545700073242,94553,3,0.4994826360817226,3,0,0,0,0,0,0
34,10,104.72132873535156,94661,2,2.437512066153075,1,147,1,0,0,1,0
47,22,37.47556686401367,94139,1,0.9961505329371788,3,71,0,0,0,0,0
57,32,75.74954986572266,92346,1,0.9973079941731305,3,235,0,0,0,1,0
57,38,65.70404815673828,93817,1,0.6588685960118472,1,0,1,1,1,1,0
36,7,107.72943115234375,95495,1,1.2695924416397368,1,94,0,0,0,0,0
33,-1,17.02937126159668,90299,1,0.5617700714360385,3,0,0,0,0,1,0
31,1,122.90848541259766,94800,1,1.2430396044894396,3,147,0,0,0,0,0
40,21,15.259666442871094,93703,2,0.963860836544477,3,66,0,0,0,0,0
61,38,114.42185974121094,94552,4,0.11627926815233763,2,0,0,0,0,0,1
58,33,78.35005187988281,94660,4,2.7007163243217565,3,0,0,0,0,1,0
40,12,165.70030212402344,95208,2,7.0197430443030955,3,0,0,0,0,0,1
41,14,43.355804443359375,92929,1,0.04339608891332286,3,141,1,0,0,1,0
27,2,59.889923095703125,93662,2,1.7075618721796886,3,0,0,0,0,0,0
59,34,127.58450317382812,92159,2,6.647761623533579,1,324,0,0,0,1,0
35,13,146.58099365234375,92825,1,4.471314447624822,1,0,0,0,0,1,0
50,33,40.0959358215332,95535,2,0.43161619966888354,3,0,0,0,0,1,0
25,2,21.55008888244629,95185,4,1.8389782390099725,1,0,1,0,0,0,0
38,14,109.97795867919922,92595,1,4.702532775847732,3,0,0,0,0,1,1
39,17,106.86756896972656,90066,1,2.3444426354635803,1,0,0,0,0,1,0
30,6,70.43977355957031,90999,2,1.9684995161803986,1,148,1,0,0,0,0
25,2,117.17697143554688,92079,3,1.0607404656226818,2,0,0,0,0,1,1
42,23,59.48001480102539,94245,1,1.6466646180100546,2,0,0,0,0,1,0
50,29,57.10846710205078,94945,2,2.1201435569111866,3,0,0,1,0,1,0
59,35,128.80068969726562,94349,4,3.8753422458723277,1,0,0,0,0,1,0
37,9,59.0770263671875,94254,2,3.284239938420332,3,0,0,0,0,1,0
28,20,183.35232543945312,94431,3,3.8103212533524107,2,303,0,0,0,1,1
45,21,27.191333770751953,89564,1,0.5459598930218058,2,0,0,0,0,0,0
24,2,25.243755340576172,90114,2,1.2003083575858,2,229,0,0,0,0,0
43,2,115.49797058105469,90210,4,2.2651654308245774,3,107,0,0,0,0,0
39,7,105.0788803100586,91930,2,2.0701905426302973,2,0,0,0,0,1,0
62,29,34.225059509277344,91058,1,0.764637782183722,1,0,1,0,0,1,0
56,32,56.20692443847656,90303,2,2.145514287575887,2,0,0,1,0,1,0
59,33,33.12690734863281,90712,2,2.1498111849742494,1,0,1,0,0,0,0
32,6,77.53712463378906,93548,2,1.735266891168151,3,0,0,0,0,0,0
64,35,67.38446044921875,91250,1,0.7914325577118199,3,0,0,0,0,1,0
34,6,48.850555419921875,93748,4,0.6785225656493515,2,0,1,0,0,1,0
43,18,34.95903778076172,89546,2,1.8079598139251358,1,0,0,0,0,1,0
43,27,129.30105590820312,92928,1,1.1985029274641499,1,0,0,0,0,0,0
32,12,64.04010772705078,94228,4,0.33214887863053855,1,161,1,0,0,0,0
43,15,82.63219451904297,91688,3,1.9655814285494944,2,145,1,0,0,1,0
59,23,66.84014129638672,94936,4,1.9587676783199077,3,123,0,0,0,0,0
54,30,80.4770736694336,90518,2,5.383146548417317,1,0,0,0,0,0,0
37,13,74.32462310791016,94141,4,3.0886898344484384,1,0,0,0,0,1,0
61,36,49.56650161743164,89906,2,2.2713315947548396,3,227,0,0,0,1,0
39,23,114.12709045410156,90010,2,0.450872827758114,1,0,1,0,0,0,0
27,1,48.9655647277832,93847,1,2.3862117071289926,2,0,0,0,0,0,0
64,38,49.83548355102539,94077,4,2.0986935333821806,1,0,0,0,0,1,0
54,37,38.99138641357422,93200,2,0.2340690725332498,2,82,1,0,0,1,0
48,25,155.9507293701172,94723,1,0.8019751556483461,1,0,1,0,0,1,0
40,21,56.257720947265625,94919,2,0.7652428154052756,1,0,0,0,0,1,0
49,27,65.49119567871094,90304,4,2.48017427386418,1,0,0,0,0,0,0
45,12,46.307804107666016,94633,4,3.155858867434913,3,0,0,1,0,1,0
44,19,29.50534439086914,95476,1,0.0809403978526069,2,0,1,1,0,1,0
40,21,29.496654510498047,91783,4,2.7140752816683142,1,0,0,0,0,1,0
54,34,99.5235824584961,94559,2,1.2682508359861462,1,0,1,0,0,0,0
28,5,80.61377716064453,92125,4,1.7725131450024283,3,0,1,1,0,0,1
49,26,127.77306365966797,91718,1,2.6504575707788627,3,0,1,0,0,0,0
59,34,137.63792419433594,91868,1,7.101518064129088,1,0,1,0,1,1,0
33,2,40.746822357177734,94427,1,0.3864221869536069,3,0,0,0,0,0,0
42,15,53.54582214355469,94384,2,1.1446342986792704,2,120,1,0,0,0,0
53,20,134.04501342773438,91970,1,1.98000883346655,1,0,0,0,0,1,0
60,35,67.05965423583984,91421,3,0.4355572042244001,2,0,0,0,0,0,0
55,26,27.83915138244629,94401,1,0.23452620691938536,1,75,0,0,0,1,0
36,2,65.719970703125,93050,3,0.6853714472144569,2,321,0,0,0,0,0
58,29,113.74011993408203,92342,3,3.03135662586424,1,0,0,0,0,1,1
39,12,29.988746643066406,92095,1,2.873684180921439,1,0,0,0,0,1,0
51,25,87.8380126953125,94648,1,2.176847622057342,3,0,0,0,0,1,0
54,31,65.63179779052734,95103,4,1.488855781513336,2,0,0,0,0,1,0
66,39,121.67495727539062,90108,2,1.0684640122174964,2,391,0,0,0,1,0
50,17,26.317424774169922,91950,2,0.5569281225655269,3,0,0,1,0,1,0
46,29,28.10268783569336,93828,1,2.9131560819435824,3,0,0,0,0,1,0
53,19,141.67030334472656,90978,1,1.916142317413636,1,0,0,0,0,0,0
57,32,58.285987854003906,89792,3,2.122560725641089,1,0,0,0,0,1,0
49,21,148.96432495117188,93599,1,0.3421735985353368,1,0,0,0,0,1,0
31,6,172.49945068359375,94083,2,2.3206036255683067,3,0,1,0,0,0,0
34,5,167.17919921875,94192,1,9.364419441270256,3,509,0,0,0,0,1
30,4,62.61881637573242,92665,1,3.9766612313511254,1,127,0,0,0,0,0
61,37,72.97038269042969,93745,1,1.4754874806719318,3,0,0,0,0,1,0
41,19,82.84134674072266,91666,2,3.5551509795356746,2,95,0,0,0,0,0
61,35,166.34014892578125,91858,3,2.128379420568361,2,0,1,0,0,1,1
41,10,68.51077270507812,92370,2,1.7132339623842467,1,0,0,0,0,0,0
33,8,70.33264923095703,90044,2,0.47344803325187174,1,373,0,0,0,1,0
60,35,106.52566528320312,95335,1,7.091093227474132,1,280,0,0,0,0,0
44,12,24.960538864135742,90365,2,1.1031454592008174,2,0,0,0,0,1,0
40,24,193.1858673095703,91745,4,3.8244305510090566,3,445,0,0,1,1,1
59,39,56.54772186279297,91973,1,0.3749147609011333,1,0,0,0,0,0,0
25,1,79.25247192382812,92171,1,1.7367768032520416,1,0,0,0,0,0,0
37,16,130.67967224121094,94517,1,1.1546192929446897,2,0,1,0,0,0,1
30,6,152.30987548828125,95204,2,3.313585818816101,2,0,0,0,0,0,1
58,33,88.4029541015625,94061,1,2.0192435426512767,1,0,0,0,0,0,0
35,10,92.84817504882812,94009,1,0.22794232296418315,1,400,0,0,0,1,0
66,40,82.40442657470703,94441,3,0.7112259059742794,1,0,1,0,0,0,1
35,4,143.47088623046875,94885,1,9.187947216855783,1,589,0,0,0,1,1
51,28,49.2502555847168,92500,1,1.6366518700397013,2,0,1,0,0,1,0
52,24,23.260576248168945,94428,1,0.7163879425338344,2,106,0,1,0,1,0
58,34,28.977357864379883,94285,4,0.2933831227113267,1,0,0,0,0,1,0
63,34,84.40782165527344,94437,4,0.9882938860532375,1,0,0,0,0,1,0
64,37,10.334693908691406,91841,2,0.6012760254721722,3,0,1,0,0,1,0
40,23,67.96943664550781,90268,1,4.144294410760889,3,200,1,0,0,0,0
48,13,97.2803955078125,94188,1,2.7471119727114433,1,242,0,0,0,0,0
63,40,98.88042449951172,92536,3,0.9233295878504908,1,0,1,0,0,1,0
61,39,78.01046752929688,92706,2,0.6582839477185987,3,145,1,0,0,1,0
40,11,56.34524154663086,95912,2,1.7330579509737172,3,0,0,0,0,0,0
55,27,80.98383331298828,92521,1,0.2120770167245147,3,105,0,0,0,1,0
32,20,152.91116333007812,94196,1,4.623881690383069,3,0,0,0,0,1,1
60,39,94.28421783447266,94449,4,2.3332149596161775,1,0,0,0,0,1,0
33,4,119.0451431274414,93665,4,1.8893924772421105,3,0,1,0,0,0,0
62,35,112.17094421386719,92844,2,1.5442972234335433,1,0,0,0,0,1,0
49,24,27.08627700805664,93491,4,1.8589598893357229,1,91,0,0,0,0,0
41,13,106.66092681884766,94273,1,2.5815586335418637,1,0,0,0,0,1,0
64,37,41.06645965576172,93709,3,0.08542091919139574,2,0,0,0,0,0,0
58,32,15.050577163696289,90055,3,0.8501773075606377,2,82,0,0,0,1,0
50,33,70.68478393554688,95680,1,2.26885657126172,1,0,1,0,1,1,0
49,15,29.506214141845703,91352,4,0.5909206888720518,1,0,0,0,0,1,0
50,18,58.91767120361328,92419,1,1.2410479195899646,3,0,0,0,0,1,0
35,11,68.14718627929688,91034,4,1.4861506587028135,1,219,1,0,0,0,0
40,17,50.72688293457031,93943,1,0.48174726245193555,1,105,0,0,0,1,0
28,3,89.87248229980469,94636,4,1.4363469396050608,2,0,0,0,0,1,0
35,18,65.36831665039062,90384,3,0.5816971033771305,2,0,0,0,0,1,0
59,34,15.99940299987793,94054,4,0.719461130144689,2,87,0,0,0,1,0
52,31,84.83268737792969,90107,1,0.688513898081555,1,0,1,0,0,0,0
39,18,46.3259162902832,94327,4,1.0607602490610162,3,248,0,0,0,1,0
60,37,152.2374267578125,92735,3,4.194324096023907,3,384,0,0,0,1,1
62,36,26.540040969848633,92321,1,1.1989249888254199,3,148,1,0,0,1,0
61,31,72.18144989013672,91037,4,1.1971165829343795,1,85,0,0,0,1,0
31,5,119.95316314697266,92711,4,1.4846053773735957,2,0,1,0,0,1,1
53,20,87.34347534179688,94456,1,4.719229600613459,3,0,0,1,0,1,0
40,20,80.62110900878906,94527,4,0.9723219246973321,2,101,0,0,0,0,0
62,38,48.406742095947266,93824,1,0.4943829507883586,1,0,0,0,0,1,0
43,23,104.31573486328125,92122,2,7.816167911623124,2,199,1,0,0,0,0
64,32,18.605274200439453,89934,1,0.28805525559633294,2,0,0,0,0,1,0
56,31,122.6546630859375,94612,4,0.237319406515965,1,0,0,0,0,1,0
37,3,17.631837844848633,94570,4,0.5345925810040502,1,0,1,0,0,1,0
40,23,21.424110412597656,93577,4,1.4285352071524469,3,112,0,0,0,0,0
62,37,54.08435821533203,95103,3,1.369425255117319,2,0,0,0,0,1,0
56,35,28.518898010253906,95860,4,1.990877357942231,3,0,0,0,0,1,0
40,15,21.397937774658203,95001,1,0.9517832635048746,3,233,0,0,0,1,0
59,34,35.48159408569336,91843,4,1.7401389235325728,2,0,1,0,0,1,0
58,31,144.5896453857422,93824,1,2.5424237070514657,1,0,0,0,0,1,0
40,16,56.305152893066406,90328,1,0.34197213287157213,3,0,0,0,0,1,0
45,20,142.26513671875,94710,2,6.903109739093672,3,0,1,0,1,1,0
61,37,30.1716251373291,92297,2,3.906265436292249,1,0,0,0,0,1,0
56,38,149.24942016601562,93988,1,1.6113073247900334,1,0,0,0,0,1,0
47,3,159.81903076171875,91637,4,6.768614778761976,2,0,1,0,1,1,1
43,25,129.8101348876953,95221,1,5.8635461822814,1,0,0,0,0,1,0
52,15,29.456459045410156,94637,4,1.6539926835263021,1,50,0,0,0,1,0
56,19,52.381717681884766,94025,1,2.481980509577592,2,0,0,0,0,1,0
25,1,40.78058624267578,91352,1,1.7288530681892247,2,0,0,0,0,1,0
54,32,38.418601989746094,95854,4,2.1491119929437397,3,0,1,0,0,1,0
45,27,88.11019897460938,91999,4,2.442552337322848,2,220,0,0,0,0,0
48,27,76.08269500732422,90097,2,2.403593904473949,1,0,0,0,0,0,0
35,7,50.54459762573242,91098,4,2.3035608947594794,1,0,0,0,0,1,0
28,6,57.65843200683594,94652,4,2.8342093458953816,3,0,1,0,0,0,0
55,34,60.41216278076172,95194,1,0.42439739164834955,1,119,0,0,0,1,0
58,40,92.26553344726562,94388,4,0.3450948327507076,1,0,0,0,0,0,0
41,15,12.129779815673828,91965,2,0.37200649830630655,3,65,0,1,0,1,0
55,31,23.671173095703125,94320,2,0.7482422970488772,3,79,0,0,0,1,0
31,10,43.89122009277344,92759,2,2.0450970122452494,1,150,1,1,1,1,0
35,13,21.36907196044922,91886,2,0.10439945296263956,2,83,0,0,0,0,0
31,7,30.634389877319336,93968,1,1.1599142815071,3,0,1,0,0,1,0
61,37,74.08323669433594,95205,3,0.31905019470976476,1,79,0,0,0,1,0
32,4,62.49501419067383,93880,2,0.9693051454583806,3,0,0,0,0,0,0
46,14,81.20010375976562,92492,2,0.014422831547258042,1,0,1,0,0,1,0
33,15,142.64608764648438,92953,2,0.7644204307945476,3,0,0,0,0,0,1
40,14,56.32089614868164,94784,2,0.10720019396758951,2,0,1,0,0,0,0
27,4,26.40227508544922,95473,3,1.4048101820282488,1,0,1,0,0,0,0
53,38,101.42279815673828,89853,1,1.815675051865093,2,0,1,0,0,0,0
58,26,38.192020416259766,94307,4,0.7004262067668922,2,0,0,0,0,0,0
40,18,45.6159782409668,90091,1,0.6238935625638312,1,0,1,0,0,1,0
27,3,75.55865478515625,94173,3,0.9016749492535361,2,0,0,0,0,0,0
52,18,203.57772827148438,94110,2,9.035321915971895,1,0,0,0,0,0,0
50,24,25.838438034057617,91559,2,0.772035283359959,3,0,0,0,0,0,0
50,25,14.725647926330566,89922,4,0.6288196760940283,3,0,1,0,0,0,0
64,39,98.27708435058594,92139,3,0.414743386018224,2,0,0,0,0,1,0
61,40,53.82704162597656,94798,4,1.718522400249097,3,0,1,1,0,1,0
30,12,102.29872131347656,90085,2,0.9116682989566584,1,163,0,0,0,0,0
26,2,11.971384048461914,94857,2,0.1429250220444761,3,105,0,0,0,1,0
46,33,127.5528564453125,94135,1,3.4862392109883875,1,0,1,0,0,0,0
44,25,142.0648956298828,92059,4,9.086139849743645,3,0,0,0,0,0,1
58,32,12.72917652130127,92501,2,0.7333337550369841,3,117,0,0,0,0,0
63,37,65.19528198242188,94036,2,0.5170294484524822,1,99,0,0,0,0,0
49,15,99.64791107177734,95095,3,2.900890530055578,1,0,0,0,0,1,0
52,34,23.997350692749023,90969,2,0.5687657892276148,1,0,0,1,0,1,0
56,21,83.88053894042969,94112,4,1.8026480417606447,1,0,0,0,0,0,0
45,29,109.11235809326172,92285,2,4.266072007716354,2,89,0,0,0,1,1
58,34,13.720430374145508,92449,3,0.07922858932674284,1,0,1,0,0,1,0
60,33,53.50666427612305,94063,3,0.9406422433576921,2,0,0,0,0,0,0
61,37,100.09993743896484,91155,1,2.732154253469052,2,385,0,0,0,1,0
44,30,102.86164855957031,90158,2,1.8933945972727033,1,0,0,0,0,1,0
39,12,22.513011932373047,95136,2,2.74418494349113,2,103,0,0,0,1,0
59,40,68.52291870117188,94964,2,1.688411606751087,1,0,0,0,0,1,0
34,9,46.452003479003906,90218,1,0.3155190921436799,2,0,0,0,0,1,0
61,35,59.77084732055664,93678,4,0.0031359612187855657,2,0,0,0,0,1,0
60,35,39.36716842651367,92227,2,1.9677198191515206,2,0,0,1,0,1,0
48,24,35.12205505371094,90303,4,2.4291962009040953,1,0,1,0,0,0,0
59,28,93.1509017944336,89996,1,2.5696244857604107,3,0,0,1,1,1,0
33,8,124.44817352294922,95417,1,2.0557760764625916,1,0,0,0,0,0,0
29,5,12.639408111572266,92221,4,1.266678896312139,3,0,0,0,0,1,0
37,4,135.51368713378906,91693,2,1.6539218288665154,1,0,1,0,0,1,0
45,20,82.34801483154297,94789,2,0.5594604467419877,1,0,0,0,0,1,0
61,35,127.54113006591797,95080,2,3.2322672783076296,3,0,0,0,0,1,0
36,4,10.426984786987305,93851,4,1.0805645509241144,2,0,0,0,0,0,0
41,14,55.3950309753418,90181,4,0.19980092592348286,2,0,0,0,0,0,0
46,20,118.04044342041016,92864,4,2.61019541346592,1,519,1,0,0,1,0
28,1,41.66077423095703,94347,1,0.47335260689522585,3,0,1,0,0,1,0
40,6,25.064617156982422,89723,4,1.8147979520310218,3,0,0,0,0,0,0
66,38,43.729957580566406,91122,2,0.7831872018259043,3,0,0,0,0,1,0
42,15,56.97399139404297,94040,2,2.090223922975167,1,0,1,1,0,0,0
49,15,66.1535415649414,91270,1,1.6233872271844634,2,0,1,0,0,1,0
43,17,22.595108032226562,95054,3,0.39185030774518437,1,0,0,0,0,1,0
62,35,167.75241088867188,91500,4,3.1780586572703062,2,0,0,0,0,1,1
38,11,29.434303283691406,93522,4,0.1282743665984874,3,0,0,0,0,0,0
60,37,45.82334899902344,91811,2,1.627974263611828,2,105,1,0,0,1,0
43,12,93.1583251953125,93817,3,0.5327986088383239,3,0,0,0,0,1,1
50,16,66.96095275878906,94108,1,0.6438551893278928,2,0,0,0,0,1,0
52,27,33.80162811279297,91093,1,1.2364331615806934,3,0,0,0,0,1,0
50,23,40.15985107421875,95177,4,1.3835983811378831,3,89,1,0,0,0,0
26,0,131.86050415039062,94394,2,3.983810016599378,1,226,1,0,0,0,0
43,20,81.82514953613281,91435,1,4.199505999346683,2,0,1,0,0,0,0
27,2,107.62015533447266,93883,2,1.5492731217332634,1,0,0,0,0,1,0
40,19,62.16008758544922,91018,2,2.7552079646062264,2,0,1,0,0,0,0
43,19,86.4095687866211,91318,3,1.1825687401974059,2,0,0,0,0,1,0
43,21,76.50218200683594,91292,1,2.896872308748085,1,0,0,1,0,0,0
52,35,15.627031326293945,94291,2,1.181673791622376,1,0,1,0,0,1,0
45,19,94.3454818725586,95062,4,1.7635614725135766,1,0,0,0,0,1,0
60,32,40.886146545410156,90204,4,0.9206884104192521,1,102,0,0,0,0,0
27,6,101.57288360595703,94299,1,2.6877906730268935,1,389,1,0,0,0,0
54,24,38.85860824584961,92927,2,0.9892272434491063,3,154,0,0,0,0,0
35,14,71.73943328857422,92343,2,2.402317173065315,3,139,1,0,0,1,0
57,35,67.30354309082031,93822,1,0.9522154937022858,1,113,0,0,0,1,0
36,17,171.49234008789062,91237,4,6.316604299630325,1,0,0,0,0,0,1
62,34,55.47235870361328,94093,2,2.490558394544217,3,0,1,1,0,1,0
38,5,173.58836364746094,93094,2,2.579080822197102,1,0,0,1,0,1,0
36,12,124.97471618652344,92266,2,1.6650527164793307,1,0,0,0,0,0,0
55,24,143.42263793945312,92744,1,4.709863230365169,1,0,0,0,0,0,0
48,22,101.7857437133789,92929,2,0.3292881124434219,2,0,1,0,0,0,0
32,8,80.29440307617188,94097,1,0.7278860672713653,2,219,1,1,1,1,0
57,28,178.3189239501953,94479,2,1.3493476632157901,3,0,1,1,1,1,1
27,0,11.716190338134766,91809,2,1.721828459120539,3,100,0,1,0,0,0
29,5,25.597864151000977,94148,4,1.7757555756069023,2,0,1,0,0,1,0
52,13,92.36166381835938,94937,1,5.217924412135605,1,0,0,0,0,0,0
59,34,67.95527648925781,92083,1,2.415579863804779,2,0,0,0,0,0,0
44,18,69.87418365478516,94807,3,0.8697721462961135,3,0,0,1,0,0,0
44,28,113.42300415039062,94473,3,0.5582296485895857,3,0,1,0,0,0,1
50,28,56.25600051879883,95090,3,1.899266170144719,2,0,0,0,0,0,0
28,3,144.26979064941406,94628,2,2.6224059904514347,1,0,0,1,0,1,0
27,4,98.59427642822266,94250,2,2.7041363691470988,1,184,0,0,0,1,0
31,3,124.7851791381836,91373,1,2.4188308102466527,2,0,0,0,1,0,1
65,38,41.138023376464844,94203,4,1.71383100924882,3,153,0,0,0,1,0
61,36,67.16659545898438,91780,1,2.2918942892404,1,115,1,0,1,1,0
62,38,39.44963073730469,92119,2,0.365590811202555,1,0,0,0,0,0,0
38,7,21.66010856628418,93552,4,1.9767076789243894,3,0,0,0,0,0,0
36,8,34.583343505859375,94893,1,2.5871418959391628,2,0,0,0,0,1,0
61,36,13.03689193725586,93603,4,0.3048850930445771,3,103,0,0,0,1,0
53,15,53.62480545043945,92090,2,1.341497389276213,3,0,0,1,0,0,0
30,4,53.319156646728516,94891,1,1.707415074824612,1,198,0,0,0,0,0
34,7,25.102237701416016,89978,1,1.3467766987503613,1,0,0,0,0,1,0
45,19,41.015071868896484,95334,3,0.5087097120338485,2,0,1,0,0,1,0
62,40,100.27184295654297,95181,4,4.764219585472901,1,0,1,1,0,1,0
29,4,63.98899841308594,94521,4,0.3772372660415337,1,0,1,0,0,1,0
53,14,35.45655059814453,91363,3,0.7549972414924218,3,0,1,0,0,0,0
50,34,38.02349853515625,92023,3,1.8958800610836437,2,0,1,0,0,1,0
40,9,65.10800170898438,94777,3,1.946959545862958,2,0,0,1,0,1,0
60,28,152.76278686523438,91890,2,1.0101489571732376,1,0,0,0,0,1,0
54,30,81.20417022705078,94411,4,2.3829256845752624,2,0,0,0,0,1,0
61,32,124.9782485961914,94056,2,4.029987093439702,1,0,0,0,0,1,0
27,2,80.58921813964844,94693,2,0.5912407204708913,1,320,0,0,0,0,0
54,19,86.53765106201172,90537,4,1.0477891278594065,3,0,0,0,0,1,0
55,30,53.92681884765625,94154,1,2.066912293171445,1,0,0,0,0,0,0
62,36,41.17348861694336,90768,4,0.0924221855839491,3,0,0,0,0,1,0
43,22,83.55842590332031,93977,1,4.7241493770720915,3,160,0,0,0,0,0
49,30,59.85830307006836,95440,4,1.0321040389966958,2,0,0,0,0,1,0
55,30,19.22470474243164,95506,1,1.6239068566003212,1,0,0,0,0,1,0
37,7,109.8985824584961,96047,3,2.1745668091793626,2,0,0,0,0,1,1
26,-1,43.521636962890625,90218,4,2.8631611699894837,3,0,0,0,0,1,0
44,18,165.7201690673828,94068,1,4.491596533122185,1,0,1,0,0,1,0
46,21,49.0189094543457,90012,4,1.145462697109737,3,0,1,0,0,0,0
40,8,107.22018432617188,95381,1,1.9171202670556233,2,390,0,0,0,0,0
48,18,58.591312408447266,94696,1,2.098110140660525,2,0,0,0,0,0,0
63,37,73.04473876953125,91579,1,1.9038856749502622,1,0,1,0,0,0,0
27,2,157.48741149902344,95102,4,2.9365740122984674,3,0,1,0,1,0,1
62,37,79.22230529785156,94202,3,1.153907104936315,1,0,1,0,0,0,0
29,9,109.57390594482422,94334,3,2.0108444958869534,1,0,1,0,0,1,0
49,15,50.84973907470703,94982,3,2.791726101645717,2,0,0,0,0,0,0
42,8,79.9136962890625,91434,1,0.9839442180562048,1,0,1,0,0,0,0
32,9,25.833553314208984,90992,4,1.752535918954629,1,85,0,0,0,0,0
39,3,119.05595397949219,95207,2,3.172178878152434,2,229,1,0,0,0,1
36,13,100.48035430908203,94131,2,1.5070199372079074,1,0,0,0,0,0,0
53,26,23.978708267211914,94396,4,0.3481366871691272,3,0,0,0,0,0,0
66,41,41.637638092041016,92867,2,0.5401500128531411,1,0,0,0,0,1,0
41,21,35.220394134521484,92843,2,0.3042693098663476,2,51,0,0,0,0,0
40,10,65.53363037109375,94245,1,1.3017335212502237,3,0,1,0,0,1,0
44,14,89.2205810546875,92395,1,0.33767586806734373,3,0,0,1,0,1,0
49,27,84.13299560546875,94967,4,2.1202425708154786,2,0,1,0,0,1,0
28,21,113.13886260986328,94302,3,5.194675574637064,1,0,0,0,0,0,0
40,3,49.2181510925293,94284,1,1.9327978598949078,3,0,0,0,0,1,0
63,31,44.8986701965332,94318,1,1.4650127387898841,2,0,0,0,0,0,0
60,28,41.15979766845703,94017,2,2.4813532182539717,2,0,0,0,0,1,0
58,36,48.82199478149414,92429,2,0.7572917546945505,1,0,0,0,0,1,0
64,39,49.719032287597656,92087,1,1.4091903281339908,3,0,0,0,0,0,0
42,29,122.855712890625,93741,3,1.4883193401623278,3,162,0,0,0,0,0
41,20,135.53485107421875,94639,4,0.4595640722045992,2,0,0,0,0,1,0
39,12,20.21245574951172,92724,3,0.23859926427069172,2,0,1,0,0,1,0
31,3,17.841938018798828,93438,2,0.1531793141838002,1,0,0,0,0,1,0
35,1,21.1082706451416,94633,3,0.6692361174070127,2,150,0,0,0,1,0
42,14,36.35689926147461,92650,2,1.1218222250389585,3,0,0,0,0,1,0
35,11,95.11114501953125,95524,2,1.9834494417492916,1,0,0,0,0,1,0
62,31,19.451251983642578,94292,2,2.2450273914840007,3,0,1,1,1,1,0
49,24,36.111412048339844,91202,3,1.4884177873630438,1,221,1,0,0,1,0
60,38,76.33955383300781,92068,3,0.7263951271654668,3,0,0,0,0,1,0
41,25,35.08493423461914,92199,1,0.05687434406339731,2,0,0,0,0,1,0
35,4,34.182701110839844,94358,4,0.32227020199136336,3,0,0,0,0,1,0
44,23,82.97938537597656,94592,4,2.2180796733735746,2,0,0,0,0,0,0
29,8,86.35980224609375,90057,3,1.219924828270929,2,0,0,0,0,0,0
51,30,54.93006134033203,90071,3,1.4817181878757915,2,0,0,0,0,1,0
52,22,50.06758499145508,91987,3,0.7861695408419945,3,0,1,0,0,1,0
43,27,42.43315887451172,94388,1,0.8384539014314778,3,100,0,1,0,1,0
28,15,59.77130126953125,92692,4,2.8636529502244437,1,129,0,0,0,0,0
47,21,101.40343475341797,94318,4,1.8088803413298924,1,0,0,0,0,1,0
33,11,67.74717712402344,94239,2,1.8225318896287122,1,103,0,0,0,1,0
49,19,93.32402801513672,91031,1,7.474304314409189,1,0,1,0,0,0,0
40,16,116.37730407714844,94033,3,1.8527376872364067,1,0,1,0,0,1,0
29,9,37.34577178955078,95257,4,1.0924960950098561,2,0,0,1,0,0,0
30,6,67.49308013916016,94041,1,2.404611244594192,2,0,1,0,0,1,0
39,24,156.7037353515625,94134,1,2.025341315445792,1,0,0,0,0,1,0
54,31,46.857479095458984,90894,2,2.5262740225800666,2,133,1,0,0,1,0
35,11,28.73981475830078,94997,4,0.892768173461403,1,0,0,0,0,1,0
63,38,53.238407135009766,89908,1,0.3341683902940401,2,0,0,0,0,0,0
28,5,18.241199493408203,93686,2,0.08838092848918172,3,0,1,0,0,1,0
54,31,120.07759094238281,94744,2,2.400058686890172,1,75,1,0,0,1,0
49,20,34.36964416503906,94326,3,2.1755307210276533,2,0,1,0,0,0,0
49,20,103.55097198486328,95157,2,3.7649649706244936,1,0,0,0,0,1,0
50,22,55.67516326904297,94061,2,0.8127434080265604,1,0,0,1,0,1,0
43,5,66.01802062988281,93500,2,2.1619033704381634,3,0,1,0,0,0,0
57,25,77.89299774169922,94180,1,2.168430295071639,2,0,1,0,0,0,0
32,8,56.772552490234375,91238,2,2.652465484667855,3,0,0,0,0,1,0
43,17,66.391845703125,93998,4,1.398012822327308,3,0,0,1,0,1,0
42,16,124.54261779785156,89969,3,1.9379742264110862,2,0,0,0,0,1,0
44,17,124.75991821289062,93993,1,0.479622851621487,3,0,0,0,0,0,0
54,29,43.800498962402344,95338,1,1.1246285415411366,2,0,0,0,0,1,0
62,31,24.498714447021484,95031,1,1.7934656448939057,2,113,0,0,0,0,0
61,36,34.76940155029297,90204,3,2.3561444217267438,3,147,0,1,1,1,0
49,22,32.312007904052734,89984,2,0.5012992428316756,1,0,0,1,0,0,0
47,25,109.17485809326172,95616,1,3.275074906002024,2,199,1,0,0,1,1
53,28,35.38849639892578,90042,2,2.2242811310108537,3,0,0,0,0,1,0
59,33,81.48245239257812,92125,2,0.9573226724915429,1,0,1,0,0,0,0
42,21,99.53999328613281,93978,4,0.47965313447893254,1,98,1,0,0,0,0
52,30,28.075336456298828,91865,4,1.3787552174212627,3,92,0,0,0,1,0
57,42,54.06016159057617,94444,1,1.4927989777799973,1,0,1,0,0,0,0
49,25,74.05657958984375,94656,2,0.9237711111804945,2,0,1,0,0,1,0
51,25,139.42503356933594,93148,2,6.590746354900976,1,0,0,1,0,1,0
61,31,19.25447654724121,91063,3,0.6958298045279729,2,0,0,0,0,1,0
40,15,159.12445068359375,92194,3,8.681892411136982,2,0,0,0,0,0,0
25,1,31.602386474609375,92569,4,0.3781027501073264,2,83,0,0,0,1,0
43,14,55.43931579589844,94085,4,0.3469790679594009,3,0,0,0,0,1,0
60,33,17.31775665283203,94645,2,0.924021797451059,2,0,0,0,0,1,0
36,10,47.13077926635742,90212,4,1.6008578297051004,1,260,0,0,0,0,0
35,5,117.29940795898438,92898,4,2.6522293874318597,3,160,0,0,0,1,0
60,34,38.03183364868164,92249,2,0.48194665015438454,3,148,1,0,0,1,0
33,8,75.78445434570312,94895,2,3.0991800371963496,1,0,0,0,0,0,0
51,20,27.386829376220703,94190,4,1.967535454462424,1,117,0,0,0,1,0
51,21,52.21709060668945,95807,1,1.2372942064611694,2,148,0,0,0,0,0
56,28,24.878868103027344,94744,3,0.7990105546772568,2,0,0,0,0,0,0
30,5,46.7200927734375,90553,4,1.8552647024171227,2,0,1,0,1,1,0
40,17,27.136425018310547,91081,4,1.328125091909913,3,0,0,0,0,1,0
30,4,78.05630493164062,91875,2,1.9853375499797221,1,0,0,0,0,0,0
56,22,57.406517028808594,90624,1,2.592115147452721,3,0,0,0,0,1,0
40,15,8.757316589355469,91217,2,0.40073625889981046,1,115,1,1,0,0,0
31,4,70.86112976074219,94920,2,2.129197674126056,2,0,0,0,0,1,0
41,13,26.058671951293945,92663,4,1.8037241310671028,1,0,0,0,0,0,0
50,21,88.89759826660156,92967,1,0.4309371993929729,3,0,0,0,0,0,0
56,27,70.72755432128906,90233,4,0.6284429218121497,2,0,0,0,0,0,0
54,7,60.36827850341797,94205,3,0.22401187507789652,1,0,0,0,0,1,0
59,34,40.507015228271484,94841,1,1.3379801726068763,3,0,0,0,0,1,0
57,34,14.822928428649902,93341,4,0.03250363815008267,2,146,1,0,0,1,0
31,13,47.732479095458984,90353,1,1.7024640416226562,1,109,0,0,1,1,0
64,39,152.2784881591797,91956,3,0.6378210441358689,3,175,0,1,1,1,0
60,33,44.799278259277344,94999,2,1.9164151052160507,3,0,0,0,0,0,0
55,17,184.18971252441406,92355,2,1.7893760634137978,1,0,0,0,0,1,0
35,6,57.690067291259766,95409,3,0.9786474258355395,2,0,0,0,0,1,0
54,28,109.82522583007812,94863,1,5.321308489885723,1,225,0,0,0,1,0
63,37,26.565275192260742,92100,2,0.08950235448602528,3,113,1,0,0,1,0
29,5,126.9098129272461,93742,1,3.349928899559886,1,0,0,0,0,1,0
35,11,90.74364471435547,95127,3,1.6686865380070706,1,0,0,0,0,0,0
51,22,106.1725082397461,94261,2,1.4289614365325773,1,0,0,1,0,1,0
39,12,35.1800651550293,94454,2,2.0900492498589425,1,101,1,0,0,1,0
34,2,97.70146179199219,92586,1,2.595957708144312,3,0,1,0,0,1,0
62,36,61.483707427978516,94895,3,0.3260328990131925,2,0,0,0,0,1,0
54,20,48.785518646240234,91167,2,0.1544579777014139,2,0,1,0,0,1,0
45,17,67.77459716796875,95407,2,3.114791872021828,1,0,0,1,0,1,0
39,25,39.755455017089844,93329,2,1.2006481681983103,2,372,0,0,0,1,0
55,33,40.31121826171875,94221,1,0.4254042350287758,1,100,0,0,0,1,0
63,29,66.27847290039062,95210,2,4.2096362644477265,1,0,0,0,0,1,0
62,38,22.16197395324707,94502,4,0.7883873621268999,3,0,1,0,0,1,0
59,39,22.29861831665039,90956,2,0.3356113684513188,2,0,0,0,0,1,0
58,30,119.83480072021484,92703,3,1.8545356333183205,3,0,0,0,0,1,0
52,26,98.17619323730469,94400,2,2.214592555532359,1,0,0,0,0,1,0
57,31,24.175168991088867,90948,1,0.370255458827055,2,0,1,0,0,1,0
41,14,76.33045959472656,95160,2,0.7819446596045369,2,210,1,0,0,0,0
41,19,47.114871978759766,90559,2,1.6197413411471944,3,0,1,0,0,0,0
30,7,63.49989700317383,92007,4,1.885341025107336,1,0,0,0,0,1,0
31,3,120.96405792236328,93951,2,1.919257458700181,3,0,1,0,1,1,1
40,9,70.59919738769531,95548,3,0.572843854647174,1,0,0,0,0,1,0
33,7,17.11532211303711,91902,4,1.2354681350519898,3,0,0,0,0,1,0
45,16,48.343868255615234,94641,3,0.18664899627314466,2,0,0,0,0,0,0
56,26,82.73711395263672,91461,1,2.0135858621826244,1,0,0,0,0,1,0
44,27,198.3936309814453,91997,2,8.101268894333764,1,0,1,1,0,1,0
33,4,41.77287292480469,89904,3,0.2608455430395713,1,0,0,0,0,1,0
57,34,46.186607360839844,93742,1,1.3011890636348071,3,344,0,0,0,1,0
35,12,192.467529296875,93897,2,8.39432472900506,1,0,1,0,0,0,0
47,38,57.12382888793945,94778,3,2.245728931472886,2,0,0,1,0,0,0
26,1,39.52985763549805,94513,4,0.8818608328536386,1,0,0,0,0,1,0
52,24,165.40274047851562,90028,2,2.840777036445856,2,0,0,0,0,0,1
53,33,53.142459869384766,94504,3,1.650938139548489,2,0,0,0,0,1,0
60,33,74.40299224853516,95330,1,3.214322189738118,2,0,0,0,0,0,0
54,30,47.29103088378906,90209,2,1.8421225674173964,1,0,0,1,0,0,0
26,3,21.1868896484375,94371,4,0.3420829388238317,3,201,0,0,0,0,0
24,2,35.95195388793945,91342,2,0.193104285539504,1,0,1,0,1,1,0
46,17,20.068748474121094,94083,1,0.2912581275248599,3,0,1,0,0,1,0
58,38,70.09358215332031,94687,2,1.1986668765204043,3,205,1,0,0,1,0
63,38,84.85728454589844,92809,1,2.038766577600345,1,0,0,0,0,0,0
59,35,63.870513916015625,91856,3,1.4648668156746285,1,170,1,0,0,1,0
26,1,61.32347869873047,95446,3,1.202324410441534,2,0,0,0,0,0,0
40,30,138.86737060546875,95125,1,0.21815221379905686,1,0,1,0,0,1,0
41,18,212.50035095214844,93379,1,4.537569118959837,1,325,0,0,0,1,0
28,2,30.4509334564209,95692,1,1.0703972561997215,1,0,1,1,1,1,0
31,12,57.31221008300781,95053,3,2.044817831988233,2,150,1,0,0,1,0
57,31,73.32583618164062,94562,2,5.09326556163606,1,0,0,1,1,1,0
46,14,37.90424728393555,94565,1,1.0426248918411187,3,134,0,0,0,0,0
38,20,146.67135620117188,93877,2,3.4426003993952765,1,0,1,0,0,1,0
40,15,213.34368896484375,94353,1,7.415734300717686,1,0,0,0,0,1,0
30,8,74.80368041992188,93814,3,2.237131257421245,1,0,1,0,0,0,0
61,38,130.54473876953125,95041,3,1.412416323029831,2,0,0,0,0,1,0
29,4,65.72897338867188,95004,1,2.770933896857229,1,0,0,0,0,1,0
41,13,59.99087142944336,93834,2,2.0812358633760537,1,204,0,0,0,0,0
38,15,29.849031448364258,89840,2,0.8097730643290875,1,0,0,0,0,1,0
49,29,44.38600540161133,90319,3,0.34638350184008465,2,0,0,0,0,1,0
30,7,55.91968536376953,95156,4,1.5533961616202328,1,0,0,0,0,1,0
61,35,99.50528717041016,92018,1,2.0828481114755557,1,0,1,0,0,1,0
46,11,20.585845947265625,95365,4,1.8217510311097862,3,0,0,0,0,0,0
49,23,169.80352783203125,94672,3,5.389325422583734,1,0,1,1,1,1,1
60,33,150.4384002685547,92984,4,6.412447367940716,1,0,0,0,0,1,0
32,11,30.395727157592773,95335,2,0.0023794759024692858,3,0,0,0,0,1,0
62,37,16.492698669433594,95445,3,0.5351780756311,2,0,1,0,0,1,0
47,18,165.4524383544922,94705,2,1.5573767004163885,1,0,0,0,0,1,0
38,9,42.552520751953125,94194,1,0.17608701289016576,1,0,0,0,0,1,0
61,35,26.581090927124023,92231,1,0.9079548647999622,2,0,0,0,0,0,0
55,36,113.10746002197266,93920,1,0.5121116137436741,1,0,0,0,0,1,0
49,31,53.70610427856445,94064,2,0.08037368510961582,2,0,1,0,0,0,0
31,9,33.62895202636719,94388,4,1.2491649752181044,2,0,1,0,0,0,0
44,23,51.219940185546875,94395,4,2.665090760877821,2,0,0,0,0,0,0
30,9,80.06358337402344,93777,1,0.29127373540727397,1,0,1,0,0,1,0
58,33,41.93777084350586,94125,2,0.4687309479034135,2,0,0,1,0,0,0
28,7,131.60086059570312,94851,2,0.20466376019696825,1,0,0,0,0,1,0
58,30,27.91014862060547,90070,3,0.9125847673674774,2,0,0,0,0,0,0
50,26,77.8561019897461,94605,2,1.7999112235044712,1,0,0,0,0,0,0
52,13,57.37895584106445,94131,1,2.3890606999861497,3,151,1,0,0,1,0
58,39,22.74686050415039,95158,1,0.07679731220751307,2,0,0,0,0,1,0
59,29,113.4084701538086,94320,1,2.345530134308991,1,0,0,0,0,1,0
37,13,74.68333435058594,90279,4,1.129639356507849,1,0,0,0,0,1,0
38,26,77.85789489746094,90520,3,2.134668901666468,1,140,0,0,0,1,0
47,21,47.79203796386719,95275,4,2.443090982595467,1,0,0,0,0,0,0
57,30,139.50416564941406,94096,2,1.9438053135672768,1,0,1,0,0,1,0
29,5,51.13706588745117,94788,1,2.33878515528518,1,0,0,0,0,0,0
46,24,162.82833862304688,93113,1,4.948327007064192,2,0,0,0,0,1,1
28,4,34.641265869140625,89980,1,0.32623722689541895,1,102,0,0,0,1,0
39,8,30.15119171142578,94029,2,0.09138283884176432,1,0,0,0,0,1,0
58,21,12.588373184204102,89688,4,0.7256107846792521,3,0,0,0,0,1,0
51,20,55.96840286254883,89865,1,0.5850702271080007,2,139,0,0,0,1,0
51,29,115.56484985351562,94290,2,1.018368789024979,1,0,1,0,0,1,0
63,38,61.649322509765625,91012,1,2.216232179827397,2,0,0,0,0,1,0
27,10,24.185989379882812,94779,1,0.18809413330509928,3,95,1,0,0,1,0
27,7,24.704545974731445,90675,1,0.8694559309583191,2,106,1,1,0,1,0
45,22,163.9684295654297,95182,1,7.3557803137855675,1,0,0,0,0,1,0
42,12,10.672735214233398,91006,4,0.2696047260506154,2,101,0,0,0,1,0
52,36,21.524211883544922,91290,2,1.637837599630529,3,0,1,0,0,0,0
50,13,13.095723152160645,92741,1,0.5135589955716209,3,166,0,0,0,0,0
31,6,84.99921417236328,90000,2,1.0976325874015913,3,0,1,0,0,1,0
35,7,27.104867935180664,92550,4,0.4057457078797971,1,0,0,0,0,0,0
59,34,51.14897537231445,94193,1,1.672503331684764,1,0,1,0,0,1,0
57,30,37.57586669921875,94821,2,2.347118369822362,2,0,0,0,0,0,0
36,14,160.55987548828125,91517,4,5.005298970216996,3,307,0,0,0,1,1
57,34,51.3573112487793,95290,1,0.5069286021542991,1,0,0,0,0,0,0
52,23,46.3050422668457,90376,2,0.26747282591133625,3,0,1,0,0,0,0
43,25,101.02840423583984,94805,4,0.6360885401992723,2,0,0,0,0,0,0
53,34,15.817143440246582,94300,1,1.1467525461962398,3,154,0,0,0,1,0
32,12,132.78695678710938,95532,2,2.125202283189371,1,0,0,0,0,1,0
27,2,20.84487533569336,93812,2,0.7798282822388276,3,226,0,0,0,1,0
39,20,46.02185821533203,91379,2,1.7340007301091838,2,0,1,0,0,1,0
47,29,39.310821533203125,92281,2,1.5408064712525005,1,0,1,0,0,1,0
51,24,86.95962524414062,91002,1,3.5352411945654527,1,169,0,0,0,1,0
49,31,157.114013671875,92273,4,8.115797120158526,2,171,0,0,0,0,1
65,40,70.87115478515625,94787,3,1.960474694016,2,0,0,0,0,1,0
35,15,178.1578826904297,92276,1,6.912411927262943,1,0,0,0,0,0,0
33,3,21.05606460571289,94768,2,0.5551719041325546,3,0,0,0,0,1,0
55,37,73.69105529785156,94091,1,1.5768576611075447,1,99,0,0,0,1,0
41,14,126.77959442138672,94445,3,4.348243016039202,3,303,1,0,0,0,0
48,31,27.264558792114258,90010,3,0.4770806936569094,2,98,0,0,0,1,0
38,17,11.444330215454102,92365,2,1.1158684806355648,3,0,1,0,0,1,0
36,13,63.44363021850586,95217,4,0.09787752838501515,2,234,0,0,0,1,0
60,34,208.45433044433594,96091,1,6.409607670473008,1,0,0,0,0,1,0
41,18,103.5611343383789,93086,2,1.0063541568716112,1,0,0,0,0,1,0
39,11,95.92676544189453,93731,1,0.4399400128764981,1,0,1,0,0,0,0
44,16,11.885967254638672,91264,2,1.3557358204519074,3,194,1,0,0,1,0
28,3,169.19508361816406,94844,3,0.9062289718742629,2,163,1,0,0,0,1
62,36,133.89382934570312,93839,3,0.9789282418816239,2,0,0,0,0,0,1
30,6,88.72407531738281,93674,1,0.08531451890646138,1,150,0,0,0,0,0
27,5,45.30614471435547,90190,3,0.33692923933269275,1,0,0,0,0,0,0
62,37,32.65358352661133,95491,4,2.14147158651775,3,0,0,0,0,0,0
33,7,96.46733093261719,95099,1,1.7244033873268703,1,0,0,0,0,1,0
29,5,143.44297790527344,93635,2,1.6265058029845902,1,0,1,0,0,1,0
47,18,50.279869079589844,92931,1,0.8733626036015271,1,0,0,0,0,1,0
41,11,80.46238708496094,94996,1,1.851876423632235,2,0,0,0,0,1,0
53,31,182.87071228027344,94708,1,8.452406359831846,2,0,0,0,0,0,1
37,13,81.76959991455078,90848,1,1.4248625619849133,3,0,1,0,1,1,1
61,34,111.13589477539062,94107,3,3.4598468324992018,1,0,1,0,1,1,1
42,18,171.15318298339844,90074,1,4.325005942508782,1,0,0,0,0,0,0
32,19,62.36227798461914,91693,1,0.5297153867949373,1,0,1,0,0,1,0
43,24,87.82052612304688,91310,2,1.1457904126558756,1,0,0,0,0,1,0
53,30,43.18168640136719,94791,1,1.6949875902888003,2,144,0,0,0,1,0
54,17,39.911720275878906,94171,3,2.4340117911289747,3,0,0,0,0,1,0
60,30,21.49456787109375,93787,2,0.7567346539212614,3,0,0,1,0,0,0
27,-2,53.19957733154297,90561,4,2.296254683867253,1,0,1,0,0,1,0
35,13,46.458473205566406,94179,1,1.1781915175907698,3,0,0,0,0,1,0
52,23,16.731813430786133,95374,2,0.6164657832895959,1,0,1,0,0,1,0
32,8,121.07450103759766,92224,3,1.0586626594718984,1,0,0,1,1,1,0
38,6,62.87985610961914,93874,3,1.6969706159855047,2,0,1,0,0,1,0
51,26,54.17604064941406,90191,1,2.915140523801264,3,0,0,0,0,0,0
54,22,56.76803207397461,91953,4,0.5553438016132872,1,0,0,0,0,0,0
39,13,84.58589172363281,94684,1,2.088669763326822,1,0,1,0,0,0,0
47,28,56.05343246459961,92218,4,1.1104208190695422,1,230,0,0,0,1,0
38,13,108.87113952636719,93909,2,0.16170029809937614,1,0,0,0,0,1,0
46,14,100.56324768066406,91814,4,0.4221247706523644,1,188,0,0,0,0,0
28,14,29.405174255371094,91951,4,1.4159274507305755,3,83,0,0,0,0,0
58,38,58.37053298950195,93590,2,2.7890178846241613,3,169,1,0,0,1,0
55,39,44.71427536010742,95063,4,2.576403999087491,3,232,1,0,0,0,0
40,15,143.05126953125,90337,3,7.125768202940355,1,0,1,0,0,0,0
55,31,58.783050537109375,92070,4,1.0950738123370944,3,197,0,0,0,1,0
48,20,30.271602630615234,94645,1,1.1955039845112894,3,0,1,0,0,1,0
26,6,107.55130004882812,90238,2,2.622232916391614,1,0,0,0,0,1,0
51,27,157.26315307617188,93611,1,2.4295292637021184,1,0,1,0,0,0,0
40,19,45.0382194519043,94478,3,1.6520923109600978,1,0,0,0,0,1,0
27,0,84.85184478759766,93835,3,0.8317197087759813,2,0,0,0,0,0,0
40,18,23.99207305908203,95396,2,1.2829274177110603,3,149,0,0,0,0,0
53,23,54.56937789916992,93869,1,1.853401884695798,3,96,1,0,0,0,0
42,16,105.0509033203125,94794,1,3.8781754490716387,1,132,1,1,0,1,0
63,38,50.57801818847656,89793,4,1.4132878901747499,1,107,0,0,0,1,0
43,21,67.1432113647461,90656,3,1.7828780636292552,1,145,0,0,0,1,0
53,26,73.27446746826172,94376,2,2.6622677086383133,2,146,0,1,0,0,0
31,9,54.63765335083008,91815,2,2.6259313335104224,2,0,0,0,0,0,0
31,3,61.711910247802734,94912,4,1.737821179508995,1,0,0,0,0,1,0
41,15,190.59512329101562,93473,2,2.1286282042431206,1,102,0,0,0,1,0
37,16,105.14293670654297,93172,3,1.8229267712666917,1,127,0,1,0,1,0
26,26,159.14320373535156,90087,4,4.094814411373102,1,0,0,0,0,0,1
28,5,130.57058715820312,92860,4,2.2325248628264163,1,179,0,0,0,0,1
28,9,41.912811279296875,94586,1,0.1837482972150697,2,0,0,1,0,1,0
60,37,61.74934387207031,94385,2,0.34040696034350365,2,0,1,0,0,0,0
42,17,45.99436950683594,89809,3,1.8447619973499454,2,0,1,0,0,1,0
41,27,50.10851287841797,91991,3,0.1839137183398167,1,0,0,0,0,1,0
54,22,57.13296127319336,91947,1,1.9024284420601534,1,0,1,0,0,1,0
38,17,122.25292205810547,94595,1,1.526780354902398,1,0,0,0,0,0,0
43,20,49.92112350463867,89890,1,0.8986759705019292,1,101,0,0,0,0,0
27,2,115.7322006225586,94085,1,1.2952948888054494,3,0,0,0,0,0,0
53,9,95.71601104736328,90396,1,0.8614716842301342,3,0,0,0,0,0,0
52,12,50.0659065246582,91673,4,2.2441462596201407,1,0,0,0,0,1,0
37,14,54.04887008666992,94197,3,0.9411090163489673,1,0,0,0,0,1,0
62,31,59.169349670410156,95076,3,0.8844815276758375,2,226,0,0,0,1,0
29,2,64.70303344726562,94279,4,1.8156453526894616,1,0,1,0,0,1,0
47,20,57.238101959228516,89984,2,1.7161310577217364,1,0,1,0,0,1,0
43,20,53.03441619873047,92119,4,0.0896451759193285,1,0,0,0,0,1,0
46,23,73.2893295288086,89920,4,1.0470995718540406,1,97,0,0,0,0,0
45,31,40.034061431884766,93413,1,2.0697300989042757,2,228,0,0,0,0,0
61,35,51.856170654296875,95777,2,2.5128799852181416,1,0,0,0,0,0,0
41,15,26.528600692749023,95944,3,4.349386015293776,1,98,0,1,1,1,0
59,13,184.57229614257812,90138,4,0.14504808692465418,2,0,0,0,0,0,1
47,21,18.510787963867188,89978,1,0.44021990462860416,3,0,0,0,0,0,0
29,2,53.248836517333984,93120,4,1.4186686114681277,1,0,0,0,0,0,0
27,2,49.66861343383789,93929,4,1.5578165304703049,2,87,1,0,0,0,0
37,24,31.914987564086914,94005,2,2.0344273648396927,1,76,1,0,0,1,0
46,18,27.397611618041992,94463,2,0.23399134653247297,3,103,1,0,0,1,0
38,15,59.34918975830078,90076,2,0.6353873462141872,3,0,0,0,0,0,0
37,5,98.29149627685547,95885,1,1.2090762336414387,3,0,0,0,0,0,1
27,7,67.43270111083984,94217,1,1.2643364331576241,1,0,0,1,0,0,0
62,34,76.10872650146484,94444,3,0.7909724481166313,3,162,0,0,0,1,1
41,14,66.10603332519531,91766,3,0.43197660661036213,1,0,1,0,0,1,0
39,5,36.16092300415039,94327,2,0.9170124423061065,2,103,0,0,0,1,0
54,21,132.8511199951172,93854,2,0.29934462224133535,1,128,0,0,0,1,0
33,8,31.276084899902344,91252,1,1.3778448090500133,3,0,0,1,0,1,0
42,23,107.3515625,94570,1,0.7651815561648379,1,225,0,0,0,0,0
59,30,57.501827239990234,90256,2,4.306883366773462,1,0,1,0,0,0,0
59,28,59.86034393310547,92199,1,2.0114273390864357,3,0,0,1,0,1,0
37,13,17.1368350982666,95485,2,0.10828718573882187,2,0,0,1,0,1,0
46,14,70.98412322998047,93995,2,0.3342000082021902,1,175,1,0,0,0,0
27,11,42.1070442199707,94344,4,1.4570928254039988,1,0,0,1,0,0,0
25,1,16.365280151367188,95889,4,0.5976764505245504,2,0,0,1,0,1,0
52,33,34.49681091308594,94582,1,0.7117176667008794,3,0,0,0,0,0,0
62,41,69.07215881347656,94372,1,0.6237189202603552,2,0,1,0,0,0,0
50,25,59.45368576049805,90011,1,0.12632542701771882,2,98,0,0,0,1,0
52,33,48.71893310546875,92721,2,2.3435238453398473,1,102,0,0,0,0,0
28,4,68.04818725585938,94336,2,0.5848435248279317,1,0,0,0,0,0,0
44,9,88.29589080810547,95770,4,1.548824986401048,3,0,1,0,0,1,0
42,23,83.397216796875,93703,1,1.5022507099125553,1,370,0,0,0,0,0
61,26,49.812068939208984,94441,2,2.144231793286151,3,0,0,0,0,1,0
44,15,164.7771453857422,92117,2,3.7410167274240114,1,0,0,0,0,0,0
30,10,49.104827880859375,94120,2,2.2276097502980305,3,0,1,0,0,1,0
41,10,68.5418701171875,90393,4,2.006707967728461,1,0,0,0,0,1,0
47,14,95.09461212158203,91498,2,0.139697203700669,2,144,0,0,0,1,0
39,9,68.70906066894531,93853,2,1.659386758832945,3,152,0,1,0,0,0
30,5,51.18947982788086,94721,1,1.645945299729953,3,0,1,0,0,0,0
59,28,45.738563537597656,91889,2,0.5345616338774736,3,96,0,0,0,1,0
32,27,32.23651123046875,94918,4,0.2601057393446199,2,0,1,0,0,1,0
42,22,53.91936492919922,94220,3,0.9110480530761146,2,0,1,0,0,1,0
57,30,110.40897369384766,91928,2,3.4810439712958723,1,0,1,0,0,0,0
33,4,43.39566421508789,91329,4,1.9675193684497188,2,100,1,0,0,1,0
49,23,58.56338119506836,94759,1,2.6231490527911316,1,0,1,0,0,1,0
38,12,56.4878044128418,89681,1,2.099193523624918,2,0,1,0,0,0,0
63,30,141.44969177246094,91826,4,3.219648539264279,3,0,0,1,0,1,1
39,11,96.36526489257812,94232,4,1.9931974405573296,2,185,0,0,0,1,0
56,20,130.33807373046875,90173,3,6.9701192448944544,2,0,0,0,0,1,1
61,31,191.70352172851562,92697,2,4.820621574286335,1,463,0,0,0,1,0
50,28,50.52571105957031,95024,3,0.14636330072950388,2,0,1,0,0,0,0
43,14,111.03223419189453,93163,2,6.399574361558035,1,0,1,0,0,1,0
49,17,120.07111358642578,95474,1,0.5718305967494897,1,207,0,0,0,1,0
33,3,36.23161697387695,90718,4,1.4856230175034537,3,146,0,0,0,1,0
30,7,65.48593139648438,93742,4,1.2548331031241795,3,150,0,0,0,1,0
42,4,79.32878875732422,94651,4,0.9564720522637497,2,0,0,0,0,1,0
40,18,56.897071838378906,92694,2,0.48776478533603956,3,0,0,0,0,1,0
54,31,22.68210220336914,90144,2,0.9348577659781591,3,0,1,0,0,0,0
48,24,60.49186706542969,95710,2,2.9483532422107848,1,0,1,0,0,1,0
64,40,15.52422046661377,92039,1,0.35875697970568426,2,0,0,0,0,1,0
53,31,161.8336944580078,93268,4,3.218806487651407,3,0,1,0,0,0,1
58,36,48.45181655883789,90273,3,0.3842676821265442,1,104,0,0,0,0,0
58,35,40.17292022705078,94501,1,0.19052194580493959,1,0,1,0,0,1,0
59,38,48.303409576416016,92580,4,1.7600458669433385,1,97,0,0,0,0,0
53,27,93.94293212890625,93871,2,2.1134905419172503,3,0,0,1,0,1,0
63,39,19.033817291259766,95615,4,1.261270698910103,1,0,0,0,0,1,0
49,22,72.98435974121094,94648,2,0.39626793842712343,1,0,1,0,1,1,1
62,41,66.20391845703125,95358,1,1.586019919235551,2,0,0,0,0,0,0
32,9,119.84541320800781,92134,3,2.4559663955075246,3,103,1,0,0,0,1
40,22,177.57676696777344,93940,2,2.642844512649705,1,0,0,0,0,1,0
24,-1,28.88447380065918,95391,3,2.5492581032987975,1,0,0,0,0,1,0
63,37,107.06600952148438,89949,1,2.937579564238555,3,370,0,0,0,1,1
35,12,28.655555725097656,90953,4,1.7275745205516613,3,0,1,1,0,1,0
53,26,75.22151947021484,94424,1,0.5856798021254719,1,0,0,0,0,1,0
25,-1,26.12325096130371,92688,2,2.488416506982907,3,158,0,0,0,1,0
57,33,44.89162826538086,91769,2,0.9623866879705089,2,0,1,0,0,1,0
59,27,20.097492218017578,93668,2,2.149131373927232,3,0,1,0,1,1,0
29,6,114.4026107788086,94297,4,6.6223459197587315,1,0,1,0,0,0,0
63,37,84.9849624633789,94205,1,1.5464943082832336,3,0,0,1,0,0,0
39,19,83.06974792480469,90286,4,0.34948026917333874,2,0,1,0,0,1,0
33,8,51.99394226074219,94439,4,1.1813127248866704,1,0,0,0,0,1,0
41,15,151.91143798828125,94355,1,4.755088307509786,1,239,0,0,0,1,1
31,6,106.5068359375,92213,1,3.2066168130983996,1,0,1,0,0,0,0
52,14,118.13806915283203,94529,1,2.148991997283745,1,0,0,0,0,1,0
52,27,40.150306701660156,93581,4,1.7528658874922343,2,0,0,0,0,0,0
53,30,48.46367263793945,90083,2,1.8682931612618459,3,103,0,0,0,0,0
65,36,31.681222915649414,93627,4,2.2675021146705268,2,150,0,0,0,0,0
53,25,56.55010986328125,94181,2,5.577457248756481,2,0,0,1,0,0,0
50,27,24.78399658203125,92372,4,0.7115443974485516,3,0,0,0,0,0,0
60,15,137.13084411621094,90063,4,5.26713830096033,1,562,1,0,1,1,0
57,22,165.77906799316406,90275,2,4.340862059067364,1,0,0,0,0,0,0
41,21,173.37796020507812,92799,2,0.11215086155255177,1,0,1,0,0,1,0
51,27,175.65560913085938,93959,2,4.184044339522528,1,0,0,1,0,1,0
52,23,31.378650665283203,95176,3,0.4936051567603086,2,0,0,0,0,0,0
47,28,18.68912696838379,95296,4,1.0203953975706161,1,251,0,0,0,0,0
57,29,88.57763671875,94779,4,3.6187983970480366,2,257,0,1,1,1,0
35,10,51.94927215576172,93886,2,0.23217852351159013,3,250,1,0,0,1,0
57,23,133.62332153320312,91832,2,2.0249931431925314,1,0,1,1,0,1,0
53,29,126.95122528076172,93974,1,3.3264376596340814,1,237,0,0,0,0,0
37,14,82.60087585449219,94809,1,2.3011461944174743,1,0,0,0,0,1,0
37,9,79.31832122802734,91161,3,2.041486605123475,3,0,0,0,0,1,0
58,32,69.5023193359375,94429,4,1.0444656864411606,2,91,0,0,0,0,0
53,28,48.05360412597656,92942,2,0.34020421314146065,1,101,0,0,0,1,0
40,19,135.3057098388672,94471,1,3.495182668411004,1,0,0,1,0,1,0
26,0,61.4015998840332,94177,4,1.3446942594968756,3,0,1,0,0,1,0
41,16,133.31973266601562,94511,4,1.1082370900658725,1,0,1,0,0,1,0
41,28,94.39812469482422,90945,2,2.759049765478022,1,148,0,1,0,0,0
37,7,63.660850524902344,91259,2,2.473190542694281,1,0,0,0,0,0,0
44,18,94.73097229003906,95244,1,4.991263319819213,1,0,1,0,0,1,0
57,31,38.32579803466797,94691,2,1.3420850283055703,3,0,1,0,0,1,0
42,12,53.4832763671875,91883,2,0.9172607763718154,2,0,1,1,0,1,0
48,16,93.1546630859375,92535,2,2.184475793005857,3,0,0,1,0,1,0
35,6,109.3758773803711,95470,2,2.1147471643760483,1,0,0,0,1,1,0
42,16,181.15896606445312,94485,2,9.170980070880312,1,288,0,0,0,0,0
43,11,70.7218017578125,93930,1,1.8599277148269016,1,0,1,0,0,1,0
44,22,99.25300598144531,91526,1,0.8390486112193437,1,154,0,0,0,0,0
31,11,157.11854553222656,90406,1,4.952717903025286,1,0,1,0,1,1,0
47,34,125.22895050048828,91224,4,2.1740118815377514,2,0,0,0,0,0,0
39,14,196.08401489257812,93256,3,9.089704745238791,2,0,0,0,0,0,1
41,14,47.63622283935547,89900,1,1.4141167444598455,3,111,0,0,0,0,0
30,6,52.824134826660156,95126,2,0.8658894032074053,1,0,0,0,0,1,0
54,27,39.814208984375,95243,3,1.6378116409524173,2,0,0,0,0,0,0
26,3,191.44644165039062,90088,2,9.158974602046793,1,0,0,0,0,0,0
46,28,170.20582580566406,94231,1,0.3124664133255314,1,0,1,0,0,0,0
44,24,112.00531005859375,95125,4,3.881613518668263,1,0,1,0,0,1,0
65,38,23.404449462890625,92679,1,3.406062845721967,2,151,0,0,0,1,0
42,19,91.79789733886719,90192,2,0.07051705134474631,1,209,0,0,0,1,0
53,27,10.325836181640625,94402,2,1.1640734995174358,3,0,0,0,0,1,0
25,4,50.604148864746094,93918,4,2.4554593533048377,2,0,0,0,0,0,0
59,37,28.316490173339844,94617,4,1.934492386450701,2,175,0,0,0,1,0
32,26,28.726482391357422,95263,2,0.883896468926987,1,0,0,0,0,1,0
50,27,101.76042175292969,95092,2,1.3975305416855148,1,0,0,0,0,0,0
39,11,63.83275604248047,91973,3,1.9023954140031987,2,0,0,0,0,1,0
64,39,55.05480194091797,95124,3,0.0971256929526163,2,0,0,0,0,0,0
45,27,203.98614501953125,94623,1,8.095506774976204,1,0,1,0,0,1,0
55,37,31.787729263305664,93268,3,3.386051188922063,2,135,1,0,0,0,0
34,8,123.67105865478516,94382,3,0.7884139423719813,2,0,1,0,0,0,1
47,28,21.84874725341797,94341,3,0.6357592848280429,2,0,0,0,0,1,0
55,21,49.790767669677734,94205,4,1.8208947881400146,1,0,0,0,0,0,0
55,30,49.88974380493164,94394,3,4.4122905181823295,1,112,0,1,1,1,0
48,25,32.469268798828125,94255,2,0.11898832699231596,3,0,0,1,0,1,0
63,41,65.8382797241211,92032,3,1.8961662247553188,1,288,0,0,0,1,0
42,13,75.2650375366211,92042,2,1.5795840627189581,3,120,0,0,0,1,0
40,15,172.0348358154297,90260,1,6.535599335782433,1,0,0,0,0,1,0
30,12,71.94145202636719,90439,2,2.001094548773029,1,497,1,0,0,1,0
31,34,14.551647186279297,92978,2,0.7414712965447937,1,107,0,1,0,1,0
29,5,139.29974365234375,91733,1,3.2970006732241037,1,0,1,0,0,0,1
31,7,64.62437438964844,93799,4,2.1719168134341205,1,0,0,0,0,1,0
60,35,172.52000427246094,91945,2,3.3020271147949742,2,0,1,0,1,1,1
42,16,86.13296508789062,91265,4,3.541201014021183,1,0,0,0,0,1,0
37,11,117.07809448242188,93048,2,4.640173055664006,3,0,0,0,0,1,0
50,24,47.88575744628906,96117,1,2.987531356788399,2,0,0,0,0,1,0
49,24,14.503000259399414,95190,4,0.24530069129987975,1,0,1,0,0,1,0
33,11,74.86447143554688,95155,3,2.904945105646497,1,154,0,0,0,1,0
62,39,145.6707763671875,94497,4,3.991160940893624,2,0,1,0,0,1,1
48,28,59.08285903930664,93725,1,1.1542884280886907,3,0,0,0,0,1,0
52,20,64.46742248535156,95410,3,0.8081156715866253,2,0,0,0,0,0,0
50,19,34.546539306640625,94006,1,1.7078176247459496,3,371,1,0,0,1,0
30,11,127.67843627929688,92035,2,0.11992554561182106,1,153,1,0,0,0,0
28,3,33.71954345703125,92568,4,0.4531921169167775,1,0,0,0,0,1,0
52,26,185.06398010253906,94106,1,4.086154661955584,3,0,1,0,1,1,1
62,33,44.20506286621094,94486,3,2.1175673969633935,2,0,0,0,0,0,0
33,12,53.489219665527344,94657,4,0.8450718406475346,2,0,0,0,0,1,0
41,32,127.35191345214844,91279,2,3.2575421803252214,1,145,0,0,0,1,0
64,40,44.05967712402344,92589,3,4.198427252447095,2,0,1,0,1,1,0
45,25,48.78825759887695,92586,2,0.12775001078126527,2,0,0,0,0,0,0
61,36,15.886080741882324,93794,3,0.48878790443591896,1,149,0,0,0,1,0
29,4,87.9334716796875,92774,3,0.20165098709036,3,0,0,0,0,1,0
43,19,81.60464477539062,92509,3,1.0148114574940574,3,0,0,0,0,1,0
30,5,40.16169357299805,95517,4,2.510493019667906,3,107,1,0,0,1,0
51,26,179.64451599121094,94554,2,4.759803403165431,1,0,0,0,0,1,0
64,31,99.62620544433594,93909,3,1.2951041545826134,3,0,0,0,0,0,0
35,11,29.23710823059082,95774,3,2.4077452888945,2,0,0,0,0,1,0
62,34,56.15696334838867,90216,1,1.7329555041169855,2,151,0,0,0,1,0
57,27,20.647541046142578,91978,3,1.697512376157973,2,0,0,0,0,1,0
42,21,77.82557678222656,93824,4,2.5271350399990684,3,103,0,0,0,1,0
29,5,37.020164489746094,92764,4,2.0670584410912265,1,0,1,0,0,1,0
61,32,60.76046371459961,94984,1,1.9806342646344526,2,243,0,0,0,1,0
54,34,24.374544143676758,94122,4,1.0060797264988917,1,105,1,0,1,1,0
65,37,66.56082153320312,92320,1,1.2298453258912079,3,0,0,0,0,1,0
59,39,60.221527099609375,90871,2,1.1099516256098998,2,0,0,0,0,1,0
44,26,23.521442413330078,94645,4,2.3085424852849377,1,101,0,0,0,0,0
28,3,75.00546264648438,95118,4,0.16901136137981831,1,123,0,0,0,1,0
47,9,184.274169921875,94362,1,6.541669096006601,1,0,0,1,0,1,0
28,4,39.39810562133789,91790,4,1.5346502992379463,3,0,0,0,0,0,0
41,22,31.456098556518555,89880,3,0.7381499110384613,2,0,0,0,0,1,0
52,35,40.18291091918945,94082,2,0.27720606354455773,1,0,0,0,0,1,0
32,6,97.81122589111328,92786,1,1.055878554290009,1,0,0,0,0,1,0
26,1,16.876819610595703,92255,2,0.1465141028471401,3,0,0,0,0,1,0
50,20,171.28794860839844,91460,1,3.6621579435517178,3,0,0,0,0,1,1
62,37,59.141536712646484,94475,4,1.3951465646286456,1,0,0,0,0,1,0
57,27,31.219959259033203,91591,3,0.48848404553124647,1,153,0,0,0,0,0
42,15,69.30838012695312,95035,2,3.198989365897481,3,0,0,0,0,0,0
30,5,42.51034927368164,94440,2,0.5810019304400595,1,105,0,1,0,1,0
57,39,107.7587890625,92117,3,3.398142228124875,1,248,1,0,0,1,1
39,21,144.8502197265625,94249,3,0.2947548184176859,1,0,0,0,0,1,1
47,22,28.93873405456543,94197,3,1.5838168698355664,2,0,0,0,0,0,0
46,26,65.83103942871094,95160,4,2.6829160185506415,1,0,0,1,0,0,0
42,15,149.17539978027344,91731,1,4.686058588650814,1,0,0,0,0,1,0
50,23,37.24436569213867,94459,2,0.5546902910371706,2,0,0,1,0,1,0
64,38,34.993980407714844,94129,2,1.9150080037351032,3,0,0,0,0,1,0
46,14,34.65748977661133,92277,1,0.5961877046500645,2,0,1,0,0,1,0
42,19,57.743778228759766,94700,4,1.195795281847287,2,150,0,0,0,1,0
36,9,71.70545959472656,89882,1,2.6242242299953045,1,0,0,0,0,1,0
42,11,40.90728759765625,90622,3,0.5095639543524811,2,0,0,0,0,1,0
53,28,45.05765151977539,94201,2,2.111758392389162,3,132,0,0,0,1,0
29,5,72.50453186035156,90180,1,1.8751182266525437,3,0,1,0,0,1,0
63,40,127.461669921875,96475,2,1.1214146581421025,1,430,1,0,0,1,0
29,4,151.12562561035156,93614,2,1.0743855014749357,1,0,0,0,0,1,0
28,3,54.05534744262695,92674,1,1.7300737754957773,3,0,0,0,0,1,0
36,13,57.0289306640625,94739,4,3.3967722451182016,2,0,0,0,0,0,0
34,14,93.0257568359375,94676,1,4.482928771544552,3,0,1,0,0,0,1
41,18,47.80422592163086,92046,2,1.7613872193451814,3,0,0,0,0,1,0
53,24,87.47531127929688,94042,1,1.946288629246086,2,0,1,1,0,0,0
41,13,96.63536071777344,94268,2,0.6794796816004811,3,0,0,0,0,0,0
59,37,65.42796325683594,94282,4,2.1350361823043866,2,0,0,0,0,1,0
29,5,148.98052978515625,92925,3,2.2541132253366727,3,383,0,0,0,0,1
39,16,38.3508415222168,95730,4,1.2651125582923766,2,0,0,0,0,1,0
58,26,21.12652587890625,94157,2,2.405645854158525,3,0,0,0,0,1,0
57,34,52.98306655883789,90541,4,0.7516318492953159,2,63,1,0,0,1,0
37,10,113.03486633300781,93486,1,6.950052464620232,1,0,0,0,0,1,0
28,3,123.14325714111328,95358,2,5.291015582077025,2,0,0,0,0,0,0
63,39,62.99998474121094,95542,3,0.6938461817698705,1,147,1,0,0,1,0
40,26,101.18804931640625,92652,1,0.9525126015422611,1,197,0,1,0,1,0
38,20,40.547672271728516,92091,2,2.321587439870525,3,152,0,0,0,0,0
59,30,36.244544982910156,94082,2,2.462652784532127,2,0,0,0,0,0,0
58,32,68.25785064697266,90737,2,1.2020613333181935,2,0,0,0,0,0,0
42,10,59.7628173828125,91345,2,2.035797123791146,3,152,0,0,0,0,0
45,24,39.45769500732422,94317,4,1.1581496658959476,2,0,0,0,0,1,0
43,17,67.58683013916016,94964,1,0.3339752019446439,2,0,1,0,0,0,0
49,25,42.849098205566406,93913,1,0.19050137674587297,3,0,0,0,0,1,0
66,38,97.11337280273438,94290,1,2.821853586255465,3,0,1,0,0,1,0
57,24,174.00942993164062,91442,1,2.6316944685476913,3,0,0,0,0,1,1
34,4,20.946714401245117,94511,4,0.08566118924356667,2,0,0,0,0,0,0
28,3,83.29232788085938,91934,4,1.856292783468271,3,0,1,0,0,0,0
45,19,38.446510314941406,90935,2,0.3337329781597346,3,105,1,0,0,1,0
55,33,121.8108901977539,94144,1,0.36916399862947247,1,334,0,0,0,1,0
60,40,43.02446365356445,90022,3,1.0071772381241395,2,0,0,1,0,1,0
46,17,62.998050689697266,95548,2,1.2057173542928152,3,148,0,0,0,0,0
53,29,53.95262145996094,93425,3,1.6288810875998114,1,157,0,0,0,1,0
36,16,25.458656311035156,91817,3,0.8814350512730378,2,0,0,0,0,0,0
56,31,41.63856887817383,94422,4,1.5309388389695364,2,94,0,0,0,1,0
60,36,88.2126235961914,94832,4,3.0757350810797384,1,0,1,0,0,1,0
31,2,18.070404052734375,93875,3,0.05249433572867737,2,141,0,0,0,1,0
49,28,36.77419662475586,89839,4,0.4343149976470989,1,105,1,0,0,0,0
28,1,21.609092712402344,95611,4,1.2635799629620323,3,0,0,0,0,1,0
57,32,62.09922409057617,94945,4,0.9676425338414284,2,365,1,0,0,1,0
32,15,63.25436782836914,95044,4,0.9251338385424352,1,0,0,0,0,1,0
34,10,102.55877685546875,93848,2,1.7012376697104066,1,348,0,0,0,0,0
50,26,28.410926818847656,89790,2,0.06561959041469367,2,107,0,0,0,1,0
41,18,143.72267150878906,94929,1,2.333968408780912,1,0,0,0,0,1,0
31,7,40.170654296875,89932,2,0.4227675226735348,3,0,0,0,0,1,0
53,27,40.861289978027344,89869,1,1.191357759635656,2,0,0,0,0,1,0
43,26,58.510826110839844,92470,4,2.3013179950314298,1,0,1,0,0,1,0
33,11,27.6431884765625,91699,1,0.5729775941655613,3,0,0,1,0,1,0
33,4,68.18043518066406,91545,2,0.4631013060923106,3,0,0,0,0,1,0
31,7,90.74890899658203,94803,4,1.2427479550192615,3,0,1,0,0,0,0
60,38,58.08800506591797,90085,1,2.4211638265956372,3,0,0,0,0,1,0
63,38,134.61587524414062,92030,3,0.24223732502322803,2,227,1,1,1,1,1
30,4,65.09810638427734,95578,4,2.40893982689464,1,0,0,0,0,1,0
28,4,51.90407180786133,94096,1,2.7490715784833633,3,0,0,0,0,1,0
28,12,143.0133514404297,94152,1,6.51852314161495,2,0,1,0,1,1,1
29,3,83.20073699951172,94355,2,0.3127362775443575,3,0,0,0,0,1,0
30,6,138.6029052734375,91624,4,2.9225370189836424,1,0,1,0,0,1,0
58,34,57.241004943847656,92504,3,0.4266706508636959,3,0,0,0,0,0,0
30,4,34.16943359375,95601,2,0.6598316662871211,3,0,0,0,0,1,0
46,21,25.81815528869629,94287,2,1.960929873223344,2,126,0,0,0,1,0
49,18,51.39879608154297,92539,2,0.5407058367923367,1,0,0,0,0,1,0
44,17,61.67726516723633,90239,4,1.8177238328854728,3,207,1,0,1,1,0
40,16,197.2854766845703,95062,1,9.117644370405444,2,232,1,0,0,0,1
47,13,35.097434997558594,94159,1,1.9409364831057125,2,143,0,1,0,1,0
62,39,60.539306640625,95435,1,1.658992073898925,1,0,0,0,0,1,0
25,3,87.84293365478516,94469,2,3.3250452495888374,2,0,0,0,0,1,0
35,10,94.80966186523438,93993,2,1.5707212718912242,2,185,0,0,0,0,0
44,26,192.4998321533203,94082,2,7.247444568573939,2,0,0,0,0,1,1
32,10,30.921770095825195,90271,1,0.2654165124354853,3,0,0,0,0,1,0
50,30,80.38556671142578,94312,1,2.2679767862624844,3,0,0,0,0,0,0
57,26,73.71515655517578,89968,1,1.465168690566143,2,0,0,0,0,1,0
52,27,126.98717498779297,90310,1,0.36051914323234174,1,0,0,0,0,1,0
61,38,32.243499755859375,94634,4,0.9423650455572192,1,0,0,0,0,1,0
44,32,94.63899993896484,91360,2,4.311617106043364,1,0,0,0,0,0,0
58,24,51.43223571777344,93660,2,0.4688728365376055,1,0,1,0,0,1,0
46,20,99.18196105957031,90100,2,1.7563741315079353,3,0,0,0,0,0,0
58,35,91.41182708740234,94075,4,0.6912184515560102,2,289,1,0,0,1,0
31,4,131.66387939453125,94345,1,1.725538998314852,1,304,1,0,0,1,0
42,29,112.21463775634766,95651,3,2.4130145856854464,3,244,0,0,0,0,1
46,22,121.35506439208984,93757,4,1.4807821517886484,2,163,0,0,0,1,0
59,36,33.70685577392578,92729,2,0.8924165008949102,2,0,0,0,0,1,0
47,15,29.566036224365234,94990,4,0.6218355150159193,1,106,0,0,0,1,0
38,3,52.78719711303711,94478,4,1.764643125732038,3,0,0,0,0,1,0
64,29,32.520179748535156,90208,3,0.3708640726248427,2,153,0,0,0,0,0
36,10,115.39541625976562,94999,2,0.895379873433309,2,101,1,0,1,1,0
55,34,124.92285919189453,94048,4,4.952453966963698,1,0,1,0,0,0,0
50,28,105.67938232421875,93255,2,3.308104958538331,1,109,1,0,0,1,0
61,38,39.38594055175781,93935,1,1.164704845819605,1,0,0,0,0,0,0
34,10,92.04893493652344,91898,3,1.2742243400829665,2,0,1,0,1,1,0
30,1,45.42039489746094,90118,1,1.8751083227642864,2,166,0,0,0,1,0
33,3,39.43460464477539,94749,1,0.3283993854704844,2,0,0,0,0,0,0
60,31,45.44291305541992,94797,3,1.9197433112360998,3,0,0,0,0,1,0
55,26,131.77664184570312,93800,1,6.159461888699802,1,0,0,0,0,1,0
53,29,52.3466796875,94626,1,0.710076365378959,1,0,1,0,0,0,0
45,17,57.394920349121094,93863,2,1.5891585824752874,2,0,1,0,1,1,0
45,29,85.7491683959961,93703,1,0.46826944297247886,1,0,0,0,0,1,0
59,31,126.86412811279297,90185,2,7.158000390782571,3,0,0,0,0,0,1
58,35,124.5460205078125,92298,1,0.8011598299418843,2,0,1,0,0,0,0
65,38,52.77080154418945,92987,2,1.2487900512263228,3,0,1,0,0,1,0
54,18,152.73915100097656,91753,2,1.8624398758778276,1,0,0,0,0,0,1
63,39,151.4326629638672,94695,3,3.245444438848112,2,0,0,0,0,0,1
36,9,78.52273559570312,92035,2,1.941105889535951,2,0,0,0,0,1,0
47,16,158.4547576904297,92091,2,7.4209100612202965,1,0,0,0,0,0,0
42,25,151.2696990966797,94621,2,2.9007281046283833,2,0,1,0,0,0,1
38,29,70.29911041259766,95472,3,4.657206383646179,1,0,1,1,0,1,0
65,41,100.052490234375,92041,4,3.8799796324554294,2,234,1,0,1,1,0
56,26,81.42018127441406,94859,2,4.200335076998822,1,0,0,1,0,1,0
44,22,106.00952911376953,94560,1,0.9285037987280532,2,154,1,0,0,1,0
26,0,53.06203079223633,90466,4,0.6660383390071583,2,0,1,0,0,1,0
30,7,102.17125701904297,91281,2,2.2593611288634534,1,0,0,0,0,1,0
41,17,90.79219818115234,95623,2,0.0637002954720094,1,0,0,0,0,1,0
63,38,27.451549530029297,91688,4,0.515857657680747,3,0,0,0,0,1,0
30,17,96.88069915771484,94865,3,2.8337479094377414,1,0,0,0,0,0,0
55,17,40.71669006347656,94028,4,0.7963792220720348,3,0,0,1,0,1,0
41,5,127.28631591796875,93633,4,7.059602097418807,1,0,1,0,0,0,0
29,3,110.25607299804688,93854,1,2.674169894436341,3,0,1,0,0,0,0
53,32,39.86600112915039,92610,3,0.5170414052968414,1,0,0,0,0,0,0
48,24,72.94879150390625,91940,1,1.1192143214041923,1,0,0,0,0,1,0
27,3,85.22186279296875,95429,2,0.27769064136322563,2,103,0,0,0,1,0
48,26,145.01710510253906,94211,2,3.0023534298235286,2,351,1,0,0,1,0
35,5,68.70711517333984,93024,4,2.6583730244384594,2,0,0,0,0,1,0
36,6,31.22264289855957,94297,1,0.4794972025162041,3,0,0,0,0,0,0
63,37,50.25041198730469,94876,3,1.8640743921144831,2,0,0,0,0,0,0
62,23,74.76220703125,94230,4,2.4251780947739197,1,0,1,0,0,1,0
65,39,72.43942260742188,94458,1,2.507221235336389,3,0,0,0,0,1,0
30,18,56.45402526855469,92495,1,3.8965443599619727,1,0,1,0,0,0,0
53,21,96.93292236328125,94191,2,1.4642009446704374,1,392,0,0,0,1,0
48,19,25.781108856201172,95068,2,0.3488534856610837,1,0,1,0,0,0,0
52,25,64.56813049316406,94237,3,3.898813558780556,2,0,0,0,0,0,0
49,14,38.957420349121094,94364,2,0.15940093701464453,1,0,0,0,0,0,0
64,33,63.553958892822266,94557,3,0.5273944825505434,1,148,0,0,0,0,0
52,20,113.08883666992188,92810,2,1.226059066533391,1,0,0,0,0,1,0
51,30,30.96710777282715,96353,2,0.7384853774208943,2,182,1,0,0,0,0
60,36,122.11046600341797,90011,3,3.175365330879193,2,0,0,0,0,1,1
41,3,72.62887573242188,94761,4,2.9827742040215206,1,0,0,0,0,1,0
29,4,143.34194946289062,92249,4,3.9313223039958443,1,0,1,0,0,1,0
47,18,38.223575592041016,94623,1,0.9526562988502926,3,132,0,0,0,0,0
36,17,59.96615219116211,96192,2,1.9464086249060804,2,0,1,0,0,1,0
30,19,50.529212951660156,89870,1,3.4338011608547268,2,0,0,0,0,0,0
60,38,54.36605453491211,94783,2,0.5136172688562652,1,0,0,0,0,0,0
45,14,37.685707092285156,92000,4,0.43654904921127136,1,0,0,0,0,0,0
50,34,125.96879577636719,94807,1,1.8856895345673848,1,0,0,0,0,1,0
35,8,64.12422180175781,95150,4,1.1091734648486482,2,0,0,0,0,1,0
29,15,70.25071716308594,91812,2,1.1732183631890858,2,0,1,0,0,0,0
64,41,29.2720890045166,94560,4,1.1660507470587231,1,0,0,0,0,1,0
50,27,14.348859786987305,94125,4,1.0290304742124778,2,0,0,0,0,1,0
46,20,14.246750831604004,90100,3,0.6087204847321516,1,0,1,0,0,0,0
31,6,130.4642791748047,93061,2,2.373551415898634,3,0,0,0,0,1,1
57,25,123.5330810546875,93859,1,1.7059419559431854,1,0,0,0,0,1,0
30,9,64.47821807861328,90706,2,2.0194553834490314,1,0,0,0,0,1,0
55,28,86.26016998291016,94549,1,3.7226744181975424,1,236,0,0,0,1,0
61,40,109.86910247802734,91034,2,2.6070415191796124,1,0,0,0,0,0,0
38,15,64.21965789794922,92556,2,0.8132892828598469,2,133,1,0,0,1,0
52,26,33.269840240478516,90977,4,0.15763529663939452,1,0,0,0,0,0,0
56,32,47.96605682373047,92105,3,0.8607403031703627,2,227,0,0,0,1,0
47,25,111.5444107055664,94587,1,4.102614326781912,3,0,1,0,1,1,0
57,34,47.67084884643555,94434,4,1.3577091176678129,2,0,0,0,0,1,0
54,18,34.39954376220703,90253,2,0.8241723476515046,3,295,0,0,0,1,0
62,39,88.31657409667969,92467,1,4.414616887640184,1,0,1,0,0,0,0
41,16,70.26019287109375,94024,4,0.3386505527683292,2,0,0,0,0,0,0
27,-1,126.31621551513672,92765,4,1.2526528315430074,1,0,1,0,0,1,0
47,12,70.85688781738281,94776,4,2.7182374704173418,2,0,1,0,0,0,0
51,30,27.78326416015625,90062,2,3.68772236475524,1,97,0,0,0,0,0
34,7,120.02668762207031,94478,1,2.0957564262454564,2,0,0,0,0,1,1
37,6,174.3151397705078,90213,3,7.0676612879870575,3,0,0,0,1,1,1
44,24,58.214752197265625,92744,1,0.47404727791000106,1,171,1,0,0,1,0
61,38,97.35095977783203,91196,1,4.6083086356876395,3,0,0,0,0,1,0
42,8,51.176795959472656,95813,4,1.7951579671164362,3,0,0,0,0,1,0
59,27,32.56509780883789,93985,4,0.3749066582578722,2,0,0,0,0,1,0
65,38,194.29449462890625,93854,2,7.122862607678284,3,232,0,0,1,1,1
52,25,33.53165054321289,93727,2,0.30045798594480133,3,0,1,0,0,0,0
60,37,57.94028854370117,94439,2,0.32203766534929984,1,96,1,0,0,1,0
42,3,72.74406433105469,92855,2,0.9677483309698602,3,0,0,0,0,1,0
32,6,64.33403778076172,94018,3,0.5752262623981734,3,0,1,0,0,1,0
59,33,31.431720733642578,94026,4,2.5756196562774325,3,192,0,0,0,1,0
36,12,151.7849884033203,91372,2,0.779297762789797,1,150,0,0,0,1,0
38,21,66.3743896484375,95698,1,0.8782908345839296,1,0,1,1,0,1,0
32,7,100.28433227539062,95219,2,1.9555877210645825,3,415,0,0,0,0,0
40,15,130.68081665039062,90505,1,1.5913589122262857,1,0,1,0,0,1,0
56,23,31.666399002075195,94710,4,1.6510917309958884,2,0,0,0,0,1,0
50,22,162.20498657226562,92209,1,0.22032916050284157,1,0,0,0,0,1,0
32,11,35.33137893676758,95712,4,1.7818928765304645,2,363,1,0,0,1,0
48,19,59.88374328613281,92864,4,2.5169760235837844,1,144,1,0,0,0,0
56,29,64.87091064453125,95482,4,0.7857433480376572,3,236,0,0,0,0,0
46,7,64.02873992919922,94189,2,0.33879235794670504,1,0,0,0,0,1,0
51,27,35.298553466796875,91759,1,1.597370349678816,2,124,0,0,0,0,0
36,6,23.62826156616211,92353,2,0.14032651404059907,2,0,0,0,0,0,0
26,1,125.02870178222656,93709,2,0.6326971343826923,1,0,1,0,0,1,0
48,26,67.06117248535156,92885,4,0.1930042023237572,1,0,0,0,0,1,0
31,7,171.83273315429688,94406,2,5.337281957219409,1,0,1,0,0,0,0
52,34,34.053016662597656,94144,1,1.3184581844379704,2,0,0,0,0,0,0
31,4,119.2499008178711,94344,2,2.135471653648339,3,0,0,0,0,0,0
52,28,28.44169044494629,91770,2,0.39340897618656856,3,156,0,0,0,1,0
46,22,34.037818908691406,93751,1,0.35782802537566266,2,0,0,0,0,0,0
49,24,89.8209457397461,90177,2,3.7336255420251883,1,0,0,1,0,1,0
29,21,28.776390075683594,89891,4,0.28055588811075577,1,106,0,0,0,1,0
43,20,170.36000061035156,90343,1,2.516818654091212,1,0,0,0,0,1,0
45,14,49.69488525390625,93837,2,1.9475772087855945,3,0,1,0,0,0,0
29,1,22.447906494140625,94258,4,0.6646746770434724,3,150,0,0,0,1,0
55,29,41.30348205566406,91351,4,0.668920433443336,3,0,0,0,0,0,0
37,13,10.122565269470215,95115,4,0.3014450243421085,3,0,0,0,0,1,0
62,38,90.85317993164062,94003,2,1.8683676004092962,1,0,0,0,0,1,0
37,32,102.65434265136719,90320,1,2.4942056352669333,2,382,1,0,0,1,0
47,23,25.612682342529297,90561,2,0.5512897540815256,3,0,0,0,0,0,0
26,4,182.09848022460938,90094,4,7.103610907798174,1,386,0,0,0,0,1
57,33,42.624610900878906,90149,1,1.4415577836120892,3,264,1,0,0,0,0
44,18,28.342575073242188,94467,3,0.24049635829702512,2,146,0,0,0,1,0
64,36,116.77193450927734,94981,3,1.7803001239789693,2,0,1,0,0,0,0
57,33,75.23717498779297,92835,1,2.6574234501232317,2,164,1,0,0,1,0
50,33,62.748714447021484,93251,2,0.5362580209395891,3,143,0,0,0,1,0
29,4,112.81705474853516,94197,2,1.989096056839639,1,0,0,1,0,0,0
63,37,24.729232788085938,92289,2,2.0012597128310494,3,87,1,0,0,1,0
30,7,139.1190643310547,94178,1,3.354554888199082,1,0,0,0,0,1,0
24,1,97.39562225341797,91590,4,2.5923898564375913,3,0,1,0,0,0,0
58,29,111.1700210571289,94139,3,1.0805791768689836,2,0,0,0,0,0,1
63,39,85.92927551269531,92720,2,1.018401481343571,3,0,0,0,0,1,0
59,30,176.26284790039062,91675,4,6.8246057699636005,3,0,1,0,0,1,1
39,13,45.574703216552734,94248,4,0.06048843699935613,1,100,0,0,0,1,0
47,21,78.38058471679688,95457,1,0.969431446149928,2,228,0,1,0,1,0
57,30,29.179489135742188,94463,1,1.2760107319871277,2,0,0,0,0,1,0
46,19,65.89258575439453,94056,1,3.2668462130659366,2,0,0,0,0,0,1
43,23,140.22686767578125,94254,2,0.5260435154365807,1,0,0,1,0,0,0
42,15,194.72645568847656,94378,2,3.0680719775943484,1,391,0,1,0,1,0
60,38,49.427391052246094,96189,4,2.540278861032735,1,0,0,0,0,1,0
36,18,49.660064697265625,94722,2,2.0532320885402093,1,449,1,0,0,1,0
44,10,57.602210998535156,93847,2,2.142929668669399,1,0,0,0,0,1,0
28,2,115.82649230957031,95055,4,0.7222777770062088,2,0,1,0,1,1,0
32,8,46.723876953125,94976,4,0.42912951468919214,1,115,0,0,0,1,0
62,34,80.0201187133789,94107,2,0.2322427231693746,1,100,0,0,0,1,0
35,12,15.087597846984863,94945,4,0.6618441585838101,1,0,0,0,0,0,0
42,10,92.54471588134766,95301,1,1.969127620024325,1,0,1,0,0,0,0
41,17,25.650514602661133,95080,1,0.36689072076762036,1,0,0,1,0,1,0
55,38,86.39800262451172,95588,4,2.1074591613925655,1,0,1,0,1,1,0
54,31,133.1255645751953,89709,1,2.4239732768959477,3,0,0,0,0,0,1
40,25,90.16124725341797,94195,2,1.16669229799578,1,0,0,0,0,0,0
52,25,24.116731643676758,92794,2,0.23028328553135824,2,107,0,0,0,0,0
46,17,92.44473266601562,94256,3,0.2761896601371645,1,178,1,0,0,0,0
35,17,45.355648040771484,94154,1,1.2667906160300149,1,0,1,0,0,1,0
25,0,75.90521240234375,95568,4,2.354371563282994,3,275,0,0,0,1,0
38,16,214.38986206054688,94944,2,8.310885614431578,1,0,1,0,0,1,0
28,20,46.88365173339844,94423,4,2.411899041329093,2,0,0,0,0,0,0
62,33,162.91697692871094,94061,3,2.432941600332968,2,0,1,0,0,0,1
61,34,148.8143310546875,94145,1,1.0805601823954132,2,0,0,0,0,0,0
31,4,74.59576416015625,94921,3,4.7730108376990135,2,0,1,0,1,1,0
43,11,28.950603485107422,91743,4,1.1660530939152065,2,91,0,1,0,0,0
56,33,23.784236907958984,94881,3,1.4050898686126823,2,152,1,0,0,1,0
49,25,61.63677978515625,92187,4,2.4066803291636765,2,231,0,0,0,1,0
55,27,61.716854095458984,93942,1,1.52084234319059,3,0,0,0,0,1,0
27,3,173.58998107910156,95057,4,9.511704801172147,2,0,0,0,0,0,1
26,2,123.4713363647461,92866,2,2.188087507945576,2,184,1,1,0,1,0
30,16,97.93681335449219,93959,3,3.0320550720757486,1,0,0,0,0,0,0
36,12,36.838035583496094,95104,3,0.40991696281054035,2,105,0,0,0,0,0
33,5,127.3381118774414,92017,1,4.817883173033156,1,416,1,1,1,1,0
47,26,91.67498016357422,92658,2,1.2373982067938256,2,0,1,0,0,1,0
27,2,19.867448806762695,92281,1,0.21760574172723582,3,0,0,0,0,1,0
40,18,165.7680206298828,90585,2,7.4433575416170745,1,0,0,0,0,0,0
37,4,13.981681823730469,93608,2,0.9161875692427637,3,130,0,0,0,0,0
49,28,136.38833618164062,94211,2,1.8650347820252098,1,0,0,0,0,0,0
45,16,35.37815856933594,93598,1,2.39770157529806,2,0,0,0,0,1,0
40,20,20.20241355895996,92581,4,0.4869160978037757,1,0,1,0,0,1,0
31,4,85.60638427734375,90018,4,1.7497303522332504,3,0,0,1,0,1,0
47,10,96.07498168945312,92754,1,2.440224100455387,3,0,1,0,0,0,0
46,25,40.043312072753906,93901,2,0.6265771317040156,1,146,0,0,0,1,0
57,32,48.214847564697266,90110,3,2.252714507294709,3,0,0,0,0,0,0
57,26,33.754615783691406,94202,2,0.42799903282720253,3,0,0,0,0,0,0
60,37,141.1629638671875,92678,1,3.5077363147214857,1,0,1,0,0,0,0
33,7,93.2234878540039,90706,2,1.9510633274955862,3,0,1,0,0,0,0
40,19,87.89922332763672,94429,4,1.6945835626972654,2,0,0,0,0,1,0
30,8,79.92972564697266,95250,2,3.408018326830534,1,372,0,0,0,0,0
65,40,146.5234832763672,92978,4,3.21902372057323,2,0,1,0,0,1,1
33,8,48.57807159423828,92191,4,0.17962313889785708,1,0,0,0,0,1,0
53,29,74.58370208740234,90195,3,0.36866443005908006,2,0,0,0,0,1,0
27,1,11.794988632202148,94448,2,0.5755992430028227,1,0,1,0,1,1,0
39,25,138.15902709960938,94472,1,1.5318542180186248,1,0,0,0,0,1,0
30,7,98.9501724243164,95461,4,2.8937539773252148,1,0,1,0,0,0,0
62,37,17.21949005126953,91926,3,0.3351964118987845,2,207,1,0,0,1,0
52,17,62.0101318359375,91293,3,0.31504639392781414,1,0,1,0,0,0,0
28,3,73.91386413574219,94730,4,2.467416567092003,3,0,0,0,0,0,0
44,9,29.866844177246094,94717,4,1.0925171957641304,2,0,1,1,0,1,0
30,5,34.31332015991211,94425,3,1.6470990652445021,2,150,0,0,0,0,0
52,23,126.6882095336914,96248,2,6.04786704869089,2,254,0,0,0,0,0
65,33,46.077308654785156,92712,1,0.5162766763334015,2,0,0,0,0,0,0
48,30,195.80197143554688,92585,1,1.7073076931963196,1,380,0,0,0,1,0
61,37,133.273193359375,92785,2,2.4478520151964682,2,0,1,0,0,0,1
40,21,99.78923034667969,93022,2,1.5386327613617081,1,333,1,0,0,1,0
46,14,44.912357330322266,93871,3,0.08331213822285455,2,77,0,0,0,0,0
56,28,56.94523620605469,92714,3,1.33693004036941,2,0,0,0,0,1,0
29,8,143.9103240966797,94610,2,1.9148401247112015,1,0,0,0,0,1,1
32,10,103.94473266601562,94174,2,4.570006168264937,1,0,0,1,0,1,0
52,35,113.15533447265625,93542,2,3.571105606895152,1,0,0,0,0,1,0
41,23,42.49842834472656,91839,2,2.2850598320161977,1,0,0,0,0,1,0
37,22,49.413658142089844,92820,4,0.4641023059292529,3,0,1,0,0,0,0
39,7,86.81504821777344,91900,1,5.648289355370738,1,0,0,0,0,1,0
56,33,33.2601203918457,94485,4,1.420676640423711,1,106,0,0,0,1,0
45,17,132.96041870117188,92560,1,1.024710540048926,1,0,1,0,0,0,0
56,28,46.70250701904297,93244,2,2.456647068778775,2,132,1,0,0,0,0
40,9,56.01899337768555,94013,2,1.8175622483882818,3,0,0,0,0,0,0
45,18,97.45405578613281,89965,3,0.5179627669922249,3,0,1,0,1,1,0
36,12,30.0467529296875,94351,3,0.06730732895322042,2,0,0,0,0,1,0
41,26,81.13068389892578,91894,1,2.32690061211595,2,372,0,0,0,1,0
50,28,87.83396911621094,90261,1,0.6864977761443547,1,0,1,0,0,1,0
60,33,82.2794189453125,91851,2,0.9843812467369614,1,0,1,0,0,0,0
58,35,59.34694290161133,94238,4,2.8207247668549345,1,0,1,0,0,0,0
63,40,96.69518280029297,92382,3,0.06136253702652533,1,0,0,0,0,0,0
25,1,32.92979431152344,91716,4,1.0384822501124376,3,0,1,0,0,1,0
47,22,56.462890625,90766,1,0.6614980464714586,2,0,1,0,0,1,0
28,3,63.97513198852539,94291,1,1.3915016839671706,3,0,1,0,0,0,0
58,33,47.387603759765625,89994,2,0.1522726389194391,3,157,0,0,0,1,0
47,17,42.364864349365234,93838,2,0.43951128576437914,3,0,1,0,0,0,0
59,34,9.581811904907227,95405,1,0.5103248177968245,1,0,0,0,0,1,0
50,20,98.65403747558594,94340,1,0.9972894707701727,1,0,0,0,0,0,0
60,38,103.96603393554688,90065,1,3.1271915203555443,2,0,1,0,0,0,0
32,8,200.17625427246094,94503,2,4.867519797228349,3,411,1,0,1,1,1
26,5,11.047765731811523,92661,3,1.4966663962349833,1,80,1,0,0,0,0
58,28,56.498191833496094,93055,4,1.958076579252312,1,0,0,0,0,0,0
52,32,23.76860809326172,90032,3,1.4923247536489608,2,0,1,0,1,1,0
51,20,66.77998352050781,92888,2,2.5155254114384538,1,151,1,0,0,0,0
55,26,62.43594741821289,90071,1,1.7149111364504512,3,81,0,0,0,1,0
48,24,150.5555419921875,93727,2,2.714479440707444,1,470,0,0,0,1,0
65,34,80.48533630371094,92024,1,2.8939306095082022,2,0,0,0,0,1,0
42,13,23.639442443847656,95717,3,1.9891369213066978,3,0,0,1,0,1,0
34,7,57.66108322143555,91890,2,0.3091862124676329,1,0,1,0,0,0,0
61,24,116.99591827392578,90221,1,2.5929758465087493,3,0,0,0,0,0,0
63,38,129.99343872070312,94396,1,0.537182110475092,1,0,1,0,0,1,0
42,13,65.97408294677734,92017,4,0.4616664365321546,2,0,1,0,0,0,0
36,9,98.91148376464844,92426,2,2.462097612076497,1,0,0,0,0,1,0
30,0,75.27423095703125,91104,3,4.532657199587254,3,0,0,0,0,1,1
43,15,123.40093994140625,92915,1,4.443436110659632,1,0,0,0,0,0,0
61,35,75.84152221679688,93876,4,0.35835318873575,1,0,0,0,0,1,0
41,25,50.52326202392578,94300,3,2.3492750948228256,3,405,0,0,0,0,0
54,24,66.04612731933594,92535,2,0.26683995652160103,3,0,0,0,0,1,0
34,6,17.582767486572266,92441,1,0.2644492942497818,2,141,0,0,0,1,0
57,29,37.334938049316406,94841,4,0.5589595628640551,1,0,0,1,0,1,0
62,41,117.30924224853516,94551,2,1.1718598454772555,1,0,1,0,0,0,0
43,24,83.15811157226562,94416,3,4.586430372821337,2,0,0,0,0,1,0
28,10,49.48228073120117,92331,1,1.8149073292980686,2,0,0,0,0,1,0
28,5,42.95313262939453,95767,4,0.23025723576151264,3,0,0,0,0,0,0
25,1,90.33844757080078,92497,4,1.0481876122370521,2,0,0,0,0,1,0
48,19,53.11117935180664,94889,4,2.3732510969339025,3,90,0,0,0,1,0
62,37,27.812236785888672,93996,4,1.2788465161834603,2,0,0,1,0,1,0
32,16,73.00653839111328,91753,1,2.6147061154038354,3,0,0,1,0,1,0
46,35,52.29043197631836,93903,2,0.41530288297496787,2,0,1,0,0,1,0
54,19,47.305789947509766,94784,2,1.0883957191494376,2,0,1,0,0,1,0
36,14,149.40484619140625,92435,1,0.4709713713838695,1,101,0,0,0,1,0
49,33,83.71865844726562,93720,3,0.04544783511123951,1,0,0,0,0,0,0
34,11,83.3213119506836,93909,2,2.7779293857678407,2,0,1,0,0,1,1
63,41,62.620323181152344,94519,3,1.3190696908663064,2,0,1,0,0,1,0
47,18,49.72061538696289,92790,4,0.2570885149835893,2,0,0,0,0,0,0
38,11,86.9789047241211,94025,1,0.673122134570056,1,0,1,0,0,1,0
25,3,36.408409118652344,94801,4,0.4448449500904964,1,0,0,0,0,1,0
62,39,57.315040588378906,94263,3,0.7631967075325742,1,235,1,0,1,1,0
32,4,122.85240173339844,93772,1,1.3557014633864386,3,0,0,0,0,1,0
60,27,11.511992454528809,95327,2,0.2735927569531458,3,0,1,0,0,1,0
23,-1,16.042346954345703,89678,2,0.8178930770977224,3,0,0,0,0,0,0
48,26,19.395536422729492,92696,2,1.4891540971185224,2,0,1,0,0,1,0
56,41,83.14397430419922,92628,2,0.5678691821992989,1,0,0,1,0,1,0
51,20,125.61198425292969,92089,2,4.16110402606449,1,0,1,0,0,1,0
60,37,60.1181526184082,91976,3,1.9640257312772669,3,112,1,0,0,1,0
40,18,65.06391906738281,94292,1,0.7598503416362439,1,0,0,0,0,1,0
59,27,35.82472229003906,89986,3,2.225054008969128,2,0,0,0,0,1,0
49,14,28.376911163330078,93609,4,0.36070776882011185,2,0,0,0,0,0,0
44,17,29.64630126953125,89948,2,0.6102794318471225,2,0,0,0,0,0,0
36,4,78.67833709716797,94295,2,1.5274531948468761,2,0,0,0,0,0,0
42,14,132.26028442382812,90903,2,2.4959434406377183,1,0,1,0,0,0,0
28,8,40.53092956542969,92257,1,2.037809898620043,2,0,1,0,0,1,0
56,33,55.28789138793945,94192,2,3.1435728727781695,3,101,0,0,0,1,0
35,17,48.35407257080078,92272,4,1.7960593583283895,2,0,0,0,0,0,0
39,24,56.823482513427734,92655,1,0.7029903674927336,1,198,0,0,0,0,0
54,35,27.063798904418945,94380,2,2.0013353144197166,2,0,0,0,0,0,0
49,22,118.1121826171875,91300,1,5.653826677785867,1,0,1,0,0,0,0
41,18,131.5027618408203,95043,1,2.05562016524016,1,0,0,0,0,1,0
30,7,136.9105224609375,94406,2,2.033338861327777,1,201,1,0,0,1,0
60,30,51.90857696533203,94432,4,1.79082717662516,3,110,0,0,0,0,0
45,12,65.17878723144531,91460,2,0.07375837210709493,3,172,0,0,0,1,0
25,0,121.10547637939453,94035,2,2.587656614583933,1,0,1,0,0,0,0
29,5,27.495046615600586,95296,2,0.3213197743951204,2,0,0,0,0,0,0
46,36,68.66376495361328,91791,3,2.307519483051878,2,0,0,0,0,0,0
53,19,58.18183135986328,95185,2,2.9489165194884865,2,186,0,0,0,0,0
40,19,45.008846282958984,95322,3,0.5491366693285921,3,110,1,0,0,1,0
58,27,52.55708312988281,92779,1,1.4580426495020322,2,0,1,0,0,1,0
47,17,207.0405731201172,91613,2,1.3176987829139457,1,0,0,0,0,1,0
61,33,44.51067352294922,93091,4,0.6594106002644209,1,0,0,0,0,1,0
30,7,143.4879150390625,92289,2,7.705282295521425,2,0,0,0,0,1,1
60,35,102.48226928710938,90830,1,3.0470423160234765,3,0,0,0,0,0,1
63,32,113.94635009765625,94040,2,1.5442296821628052,1,0,0,1,0,1,0
59,26,159.80734252929688,92086,3,4.565579113807688,2,0,1,0,0,0,1
49,27,172.91046142578125,94462,1,6.918335815127292,1,451,0,0,0,1,0
43,17,63.39679718017578,95781,3,2.7349155925291027,2,0,0,0,0,1,1
64,38,97.98904418945312,94146,4,1.858098051231097,3,0,0,0,0,0,0
51,34,63.77965545654297,92862,4,1.5929815381012522,3,0,0,0,0,1,0
28,2,29.46910285949707,93079,1,0.3002401124875259,3,118,1,0,0,0,0
57,42,31.802154541015625,94053,3,0.5929360099689663,1,0,1,0,0,0,0
26,3,177.46640014648438,92373,2,6.7616745771347855,1,0,0,0,0,0,0
32,3,84.60819244384766,94449,1,2.631484100969116,1,0,0,0,0,0,0
54,23,90.69096374511719,91803,2,0.37426962681712445,2,0,0,0,0,0,0
58,26,52.12586975097656,91320,3,1.6728224698091139,1,0,1,0,0,1,0
52,27,166.23594665527344,92940,2,7.981892885183889,1,0,0,0,0,0,0
27,3,73.12297821044922,94384,4,2.5393198449274417,2,0,1,0,0,1,0
54,29,21.041793823242188,92079,3,0.8703171460906604,1,0,0,0,0,0,0
40,16,153.56671142578125,94671,4,5.221143875759726,1,0,1,0,0,1,1
33,9,68.48149108886719,92987,2,0.5911147445675178,1,0,0,0,0,1,0
62,38,103.00370788574219,92738,3,1.4036732557865264,2,0,0,0,0,0,0
32,6,44.37606430053711,92101,4,2.691469347723552,2,0,0,1,0,1,0
34,15,93.55992126464844,94543,4,1.5013266377111216,3,0,1,0,0,1,0
54,33,48.6318473815918,95204,2,1.5831615172061366,3,0,0,0,0,0,0
59,39,67.50988006591797,93045,3,0.8360439781413602,1,0,1,0,0,1,0
42,8,46.028385162353516,93981,1,0.7192042541301423,2,100,1,0,0,0,0
46,19,18.585182189941406,94074,3,0.5291674770526316,3,0,0,0,0,1,0
62,36,40.23336410522461,94261,2,0.9405924250426105,3,0,1,0,0,0,0
57,33,33.069236755371094,92424,4,1.766507074208012,1,139,0,0,0,1,0
64,37,23.14249038696289,94144,1,0.24419031986021092,3,0,0,0,0,0,0
51,29,25.01215934753418,95661,2,0.4143883276552285,3,136,1,0,0,1,0
44,25,177.23915100097656,89940,1,0.7763430379669845,3,0,0,0,0,0,1
24,1,63.35213088989258,94754,4,2.245238738551142,1,0,0,0,0,1,0
37,11,53.561561584472656,92137,3,0.3149893196961377,3,0,1,1,0,1,0
61,38,50.99409866333008,89983,1,1.6602631998648654,2,0,0,0,0,1,0
61,31,135.8612518310547,94246,2,3.1312574505124773,1,464,1,0,0,0,1
55,27,85.92526245117188,94028,4,1.015503651098232,1,300,1,0,0,0,0
58,21,72.3389892578125,90174,3,0.3728092805760809,1,0,0,0,0,0,0
41,9,97.87059783935547,94416,1,1.047314791166008,3,0,1,0,0,1,1
64,36,50.67646408081055,94306,3,1.434769561185274,1,419,1,0,1,1,0
42,24,149.67611694335938,94683,1,4.905512530048419,2,0,0,0,1,0,1
56,37,105.54662322998047,93033,1,1.4848443581490804,1,0,0,1,0,0,0
35,6,44.58296585083008,91579,2,0.3132074096115085,1,0,0,0,0,1,0
53,17,19.916004180908203,92095,4,0.368959098543131,3,0,1,0,0,0,0
45,24,42.904052734375,89973,2,1.889405565861144,2,0,0,0,0,0,0
42,8,68.77580261230469,94906,2,2.239943562033815,1,0,1,0,0,0,0
61,34,116.9730224609375,91062,4,2.68157342181784,1,265,0,0,0,0,0
58,34,97.32362365722656,91859,1,4.437064013874639,3,266,0,0,0,0,0
50,27,64.3372573852539,91605,3,1.8348950769479784,1,0,0,0,0,1,0
45,18,47.28853988647461,95189,3,0.504744897988693,3,0,1,0,0,0,0
27,4,12.70584774017334,90360,4,0.1270178819997546,1,104,0,0,0,1,0
32,10,137.6927490234375,94662,3,1.683713944641237,1,235,0,0,0,1,1
40,16,71.90117645263672,94441,4,3.2080520494317417,2,0,0,0,0,1,0
31,17,135.27902221679688,94285,1,2.6762845134150415,1,0,0,0,0,1,0
58,36,23.642276763916016,92562,4,1.5609642710127654,1,0,1,0,0,1,0
42,17,13.718055725097656,91708,3,0.28286548349881546,3,0,0,0,0,0,0
60,33,46.66460418701172,90034,1,2.01752634526684,2,96,1,0,0,0,0
27,6,108.2677993774414,92466,1,1.1271481224708324,1,233,1,0,0,1,0
34,10,91.2827377319336,94653,2,0.47236041023646164,3,145,1,0,0,1,0
54,28,100.21656799316406,94653,2,1.8342569443243915,1,0,0,0,0,1,0
43,10,60.70281982421875,94747,2,2.077390382143093,1,0,1,0,0,1,0
49,31,27.264862060546875,94079,3,1.1493427423611933,3,0,0,0,0,1,0
37,12,61.77692794799805,94852,3,2.9565134792014334,2,0,1,0,0,0,0
63,38,53.84138870239258,94124,1,1.9233234731725442,3,0,0,0,0,1,0
38,7,206.43736267089844,93665,2,7.668159375800131,1,0,0,0,0,1,0
66,39,18.731496810913086,95214,3,1.148672505294443,2,148,0,0,0,0,0
60,32,21.775676727294922,90299,3,0.13054455194099196,2,0,0,0,0,0,0
56,31,29.72097396850586,91496,4,1.9926910059181977,3,0,0,0,0,1,0
54,37,40.81904220581055,92306,4,0.5061730114960536,2,99,1,0,0,1,0
42,26,30.915538787841797,91715,2,0.9569387938239112,2,0,1,0,0,1,0
39,2,89.71910095214844,92835,1,0.36370413708415983,1,0,0,0,0,1,0
49,21,45.817935943603516,94272,4,0.34222313542891947,1,0,1,0,0,1,0
28,5,12.822427749633789,94751,4,0.6920943109680372,2,0,0,0,0,1,0
39,13,89.38941955566406,91538,2,2.8321698785958778,3,0,0,0,0,0,0
42,10,107.74864959716797,95002,2,1.5943513997508556,1,0,0,0,0,1,0
41,11,174.82235717773438,92824,4,2.6916152758129503,3,269,1,0,0,1,1
41,15,114.2162094116211,91608,2,2.8044756097582444,1,354,0,1,0,1,0
31,4,14.431772232055664,93498,4,1.4475945594453832,1,0,1,0,0,1,0
34,13,137.85772705078125,94193,2,2.627550225832564,1,0,1,0,0,1,0
50,28,113.42760467529297,93275,2,1.4809442608297316,1,268,0,0,0,1,0
46,22,37.788414001464844,94068,2,0.3490620205811402,1,0,0,0,0,0,0
58,30,102.99358367919922,95892,1,3.286258821849522,2,0,0,0,0,1,0
60,34,23.07888412475586,89896,4,1.896107122983325,1,162,0,1,0,1,0
27,7,134.73159790039062,95232,2,1.9391374224456153,1,0,0,0,0,0,0
38,16,49.35805892944336,90941,4,1.7239574288171393,2,0,0,0,0,0,0
44,20,52.753684997558594,94208,3,1.2270852131260457,2,138,1,0,0,1,0
52,16,133.1509552001953,94544,2,0.015645086748413695,3,0,0,1,1,1,0
66,38,55.84705352783203,94221,1,0.9560538822511628,3,0,1,0,0,0,0
32,5,78.7120361328125,90860,1,4.55245209405828,1,0,1,0,0,0,0
39,12,47.5484619140625,91365,1,1.8052290907540336,1,0,0,0,0,1,0
56,33,18.675350189208984,94997,2,2.816737378325413,1,137,0,0,0,0,0
54,30,49.175445556640625,89988,3,2.0181896090797093,3,0,1,0,0,0,0
40,21,133.89474487304688,95036,1,2.7690084710274796,1,0,0,0,0,0,0
46,25,68.97319030761719,96024,3,0.859594426919038,1,0,0,0,0,1,0
52,34,169.3226318359375,90060,1,6.226110929354861,1,0,0,0,0,1,0
49,34,17.19240951538086,94355,4,0.12728060695353244,2,99,0,0,0,0,0
30,5,35.59930419921875,92195,1,2.197685329643371,2,0,0,0,0,1,0
54,19,52.802852630615234,93967,2,1.0083836480810295,3,0,1,0,0,1,0
28,9,32.8653564453125,93655,1,0.7292792251968068,3,0,1,0,0,1,0
65,42,40.9720344543457,90172,1,0.6708314664408264,1,0,0,0,0,1,0
57,34,49.18126678466797,94354,3,2.8069435960504263,2,0,0,0,0,0,0
29,15,148.77688598632812,91972,4,6.707761354773529,1,0,0,0,0,1,0
45,15,136.24459838867188,91606,3,3.494987727386275,2,0,0,0,0,0,1
38,5,35.9702033996582,92942,4,1.531453441506424,3,0,0,0,0,1,0
57,31,27.18743324279785,91247,2,0.15966383129192635,3,0,1,0,0,0,0
32,4,192.53561401367188,94662,3,4.7033155897366274,3,0,0,0,0,1,1
59,36,23.525440216064453,94746,2,1.7131144928292874,3,0,1,1,0,1,0
29,7,108.27989959716797,94596,4,3.982326371311536,1,0,1,0,0,0,1
64,39,32.625240325927734,93085,2,0.9579305921370302,1,0,0,0,0,1,0
44,28,99.81395721435547,94428,4,1.1803236848880974,2,0,0,0,0,1,0
45,20,38.712276458740234,92893,2,1.017878505560719,3,103,0,0,0,0,0
61,14,63.386348724365234,91842,3,1.1852080317618277,3,0,1,0,0,1,0
43,14,113.1395492553711,94332,1,3.4486659405960056,1,0,0,0,0,1,0
36,13,82.49311065673828,94955,4,1.962183928074149,1,0,0,0,0,0,0
37,7,49.948116302490234,95325,4,1.637635837568996,3,150,0,0,0,0,0
29,9,14.972749710083008,95076,4,0.34488036499556873,1,112,0,0,0,0,0
52,33,88.06114196777344,95866,3,0.8474525772520907,2,0,0,0,0,1,0
36,6,34.523658752441406,95208,1,0.4009825560226298,3,0,0,0,0,1,0
30,11,57.0899658203125,94116,1,1.9225178237101246,1,0,1,0,0,0,0
42,16,185.6941680908203,94405,1,2.2757346208102107,1,384,0,0,0,1,0
61,35,72.43799591064453,91901,2,2.5196063368250683,1,145,0,0,0,1,0
35,13,15.978983879089355,92001,2,1.0767159367862742,2,0,1,0,0,1,0
49,22,85.44132232666016,91081,3,0.7359137151359365,3,0,1,0,0,0,0
34,10,31.21921157836914,94658,4,0.09364121061364389,3,0,0,1,0,0,0
25,5,76.0518798828125,94555,4,4.128505544655916,1,154,0,0,0,0,0
38,8,108.05075073242188,93936,1,1.8762380779066103,1,0,0,0,0,1,0
61,33,202.35284423828125,94441,2,7.495820357527023,1,0,0,0,0,1,0
46,22,72.08960723876953,89546,1,1.0304512862723811,3,0,0,0,0,1,0
61,40,98.97270202636719,95209,1,2.0341452601386147,1,0,1,0,0,1,0
47,15,145.29498291015625,91966,4,3.359719533270515,1,233,0,0,0,1,0
34,4,24.9929256439209,91850,4,1.1299877140452919,2,0,0,0,0,1,0
56,35,67.824462890625,92646,4,0.33917961382522976,2,0,0,0,0,0,0
45,21,173.4117889404297,92276,2,8.598209770502892,1,0,0,1,0,1,0
31,5,70.81449890136719,91950,4,1.698460337032388,2,0,0,0,0,0,0
50,22,28.574369430541992,94244,1,0.8470446144936508,2,0,0,0,0,1,0
48,28,102.640869140625,92091,2,0.7690127888968482,3,0,0,0,0,0,0
38,28,40.76558303833008,94032,4,2.549645231687941,3,0,1,0,0,1,0
45,20,24.897762298583984,91415,3,0.22232745788502511,1,0,0,0,0,1,0
29,2,57.913394927978516,95341,3,0.3444181378794284,2,0,0,0,0,0,0
41,7,143.3690948486328,95365,3,3.9532789568028828,2,145,0,0,0,0,1
51,30,30.23793601989746,90131,2,0.0937466600819789,2,0,1,0,1,1,0
45,25,79.62908935546875,93914,2,0.3724079578218396,1,0,1,0,0,0,0
31,4,75.20759582519531,90225,4,1.2125045290602823,1,0,0,0,0,1,0
38,16,178.8494873046875,94216,2,2.210858252626342,1,503,1,0,0,1,0
26,0,97.64186096191406,94033,2,2.761537467714222,1,0,0,0,0,1,0
61,36,63.84720993041992,94038,4,2.3803298417423573,2,0,1,0,0,1,0
47,23,80.96858215332031,94750,4,2.6236024969798577,1,0,0,0,0,0,0
56,24,37.88927459716797,94360,1,2.4194943912371074,1,0,1,0,0,1,0
36,11,27.609771728515625,92795,4,2.090871913422285,1,323,0,0,0,0,0
26,0,46.112449645996094,94764,3,3.301418610657628,2,0,0,0,0,0,0
41,19,81.26469421386719,95851,2,1.8986129722313319,3,0,1,0,0,1,0
48,29,84.00936126708984,93004,1,3.241425927019686,3,240,0,0,0,0,0
60,34,40.334259033203125,93904,2,1.7945588630562843,3,0,0,0,0,1,0
53,30,197.67214965820312,94797,1,5.43845896776961,1,388,1,0,1,1,0
34,15,39.307151794433594,92299,2,2.35281184302246,1,0,0,0,0,1,0
62,40,97.71904754638672,90609,2,4.118131244665181,1,89,0,0,0,0,0
44,22,43.83811950683594,93758,2,1.5064473101251898,3,100,0,0,0,1,0
52,31,67.46660614013672,91583,3,2.550742098756375,3,0,0,0,0,1,0
25,-1,59.242820739746094,89831,4,1.965130495649852,2,0,0,0,0,1,0
39,8,113.51541137695312,92142,1,2.8518550888550536,2,0,0,0,0,1,0
65,40,101.37535095214844,91279,3,4.148630901963163,1,123,1,0,0,1,0
62,28,107.17483520507812,94329,3,3.464139683274527,2,0,0,0,0,1,0
47,13,84.1587142944336,95232,1,1.9056959508583482,1,0,0,0,0,0,0
40,10,23.936279296875,94175,4,1.9946844475579115,2,101,1,0,0,1,0
66,38,106.12181091308594,94840,3,0.6177039160851552,2,155,0,1,0,0,1
62,33,82.87532806396484,92522,3,2.08581466867615,2,113,0,0,0,1,0
57,33,48.33735656738281,91857,3,0.1247032320529663,2,0,1,0,1,1,0
33,24,210.7637176513672,95317,1,6.559151790727781,1,0,1,0,0,1,0
41,17,88.6494140625,94505,4,1.9480885391677236,1,0,1,0,0,1,0
32,7,72.52214813232422,94591,1,2.0553229557910644,1,0,0,0,0,1,0
62,41,53.6689338684082,93801,3,2.337185107447604,1,157,1,0,1,1,0
47,19,74.7730712890625,95419,4,2.10909946010118,3,0,1,0,0,1,0
34,8,87.39543151855469,92663,1,1.017990526049647,3,0,0,0,0,1,0
65,12,57.46455383300781,89976,1,0.2934946826144938,1,0,1,0,0,1,0
37,4,75.79936981201172,94306,1,2.518895780875163,1,0,0,0,0,0,0
32,8,154.10903930664062,94569,2,1.9190299814987715,1,0,0,1,0,0,0
43,16,120.92313385009766,94602,3,5.129860797554632,1,0,1,0,0,1,0
52,16,99.48641967773438,95540,1,2.0775263324905318,1,333,0,0,0,1,0
35,9,165.1248779296875,94479,2,8.855816927119575,1,0,0,0,0,1,0
54,25,119.75222778320312,94490,2,2.2662390972378175,3,0,0,0,0,1,0
63,35,37.03775405883789,91008,1,1.9630852990127385,3,0,0,0,0,1,0
36,19,181.0049285888672,94506,4,1.8840483865972302,3,0,0,0,0,1,1
63,40,15.537674903869629,94266,2,0.6773510337515376,1,110,0,0,0,0,0
43,24,132.64825439453125,92140,1,3.1564132639608893,1,0,0,0,0,1,0
62,36,70.13497161865234,93101,2,1.9491387259972013,1,0,1,0,0,0,0
45,13,73.24286651611328,94410,1,0.5297503455860701,1,0,0,1,0,0,0
48,24,60.69718551635742,93804,1,0.4179243424267131,3,0,0,0,0,0,0
50,26,47.461883544921875,95800,2,2.089058673266663,1,0,0,0,0,0,0
51,27,53.14723587036133,96023,4,3.806891195915901,1,0,1,0,0,1,0
65,41,103.1803970336914,93679,4,1.9583844365606868,2,0,0,0,0,0,0
30,9,59.333457946777344,91153,3,1.8965622179267851,1,223,1,0,0,0,0
28,1,44.6423454284668,94652,4,2.601710394379798,2,166,0,0,0,0,0
30,0,37.0325927734375,89922,2,0.33912767384037884,1,0,0,0,0,1,0
42,23,98.71484375,91942,1,4.4582061401461335,1,0,0,0,0,0,0
44,24,132.63165283203125,92932,1,5.894694479542386,1,0,1,0,0,0,0
29,16,62.81999588012695,92894,4,2.9916726775758904,1,0,0,0,0,0,0
48,23,21.971389770507812,91974,1,0.5120828706813857,3,0,0,1,0,0,0
48,23,42.38191604614258,93888,2,2.0550920462484052,2,0,0,0,0,0,0
47,26,80.43111419677734,92132,1,0.6187560790544212,1,0,0,0,0,0,0
33,6,123.49723815917969,90215,1,5.023589646240661,1,0,0,0,0,0,0
42,27,27.475078582763672,92205,2,0.42569645459589495,2,0,1,0,0,1,0
62,37,93.24640655517578,94008,4,1.4327661532116014,1,0,0,0,0,0,0
41,20,82.34721374511719,91742,1,1.1660421977958197,3,0,0,0,0,1,0
26,5,29.068805694580078,92719,4,0.21370246375089813,1,0,0,1,0,1,0
53,26,98.27994537353516,94233,2,1.0621964176676078,1,91,0,0,0,1,0
56,17,52.34904861450195,94301,3,2.448596631618602,1,131,1,0,0,1,0
62,37,113.77262115478516,90974,1,1.5913760494116798,3,0,0,0,0,1,1
45,17,16.63471221923828,94093,2,1.2643930230090543,2,0,0,0,0,0,0
48,24,59.30385208129883,92008,3,2.210015485438953,2,0,0,0,0,0,0
63,36,26.203067779541016,92461,2,1.7312991037842407,3,90,0,0,0,1,0
27,0,110.20195770263672,95048,3,0.6427773954879201,3,0,0,0,0,1,0
38,0,24.742076873779297,94629,3,1.3105467518302152,2,0,0,0,0,1,0
28,2,18.311843872070312,94109,3,2.2750304528772185,2,0,0,0,0,0,0
46,21,88.69544982910156,94039,3,0.9390743755942168,2,0,0,0,0,1,0
41,12,30.502901077270508,94958,2,1.3540457485186925,3,102,0,0,0,1,0
35,20,67.5778579711914,93156,4,2.631056997504643,1,0,1,0,0,0,0
29,2,109.63057708740234,91069,3,0.5747727098553916,1,0,1,0,0,1,0
61,34,34.49810791015625,94558,2,0.10709797467071536,3,147,0,0,0,1,0
53,27,21.25850486755371,92387,4,2.6814842285186598,2,0,1,0,0,1,0
53,30,56.392948150634766,94075,4,1.7216446080473373,3,0,0,0,0,0,0
63,39,126.59318542480469,93466,1,2.266671171535608,1,0,1,0,0,1,0
24,1,15.386462211608887,93864,4,0.010111829085739432,3,0,0,0,0,1,0
51,20,18.669654846191406,90023,1,0.2352364343568983,3,157,0,0,0,0,0
41,18,39.28306579589844,91368,2,1.1321442656127214,1,0,0,0,0,0,0
55,13,21.524925231933594,94710,1,0.4713369538538827,3,152,0,0,0,1,0
35,16,51.41883850097656,95414,2,2.916965345551283,1,0,0,0,0,1,0
63,41,54.34812927246094,90034,4,0.269027111478944,1,0,0,0,0,1,0
55,28,92.34977722167969,91112,2,3.0637159083098657,1,0,0,0,0,0,0
54,29,24.407516479492188,90779,2,0.18913067969702566,3,0,0,0,0,1,0
46,28,63.89109420776367,92411,3,2.659531582698972,1,0,1,0,0,1,0
44,17,53.952640533447266,90088,4,1.420627994725943,2,0,0,0,0,0,0
60,31,48.72447967529297,93872,1,4.862792829526028,3,0,0,1,0,1,0
40,11,34.45558547973633,94323,4,2.280418517785092,2,0,0,0,0,1,0
42,22,33.749671936035156,94620,4,1.6459860580393195,1,0,0,0,0,0,0
54,22,25.576324462890625,95076,3,0.9745737858782837,3,0,0,0,0,1,0
55,31,56.540794372558594,94627,3,1.1784179919481255,2,0,1,0,0,1,0
63,39,38.40758514404297,92375,3,1.1460403800239256,1,0,1,0,0,0,0
57,23,204.51089477539062,92055,2,1.100056618895382,2,383,0,0,0,0,1
65,41,89.7886962890625,94058,1,0.3382142484294065,1,0,0,0,0,1,0
38,8,32.52925491333008,94172,3,0.6227547447754911,2,0,0,0,0,0,0
51,27,81.81446838378906,94712,1,2.040040244141464,1,0,1,0,0,1,0
47,23,133.57049560546875,92864,1,1.7554376926460173,1,0,0,0,0,1,0
33,4,78.59778594970703,94609,2,2.018779346284637,3,370,0,0,0,1,0
63,37,93.59056091308594,92637,3,1.684835623993215,2,123,0,0,0,1,0
43,32,151.5525665283203,92050,2,2.2318774257933067,1,0,0,0,0,1,0
61,40,75.33598327636719,92130,2,0.8527198216066973,1,0,0,0,0,1,0
60,29,11.16557502746582,96333,1,1.2366846104896223,2,0,0,0,0,1,0
34,5,104.39227294921875,95105,2,1.583074992442144,1,0,0,0,0,1,0
62,41,44.970458984375,90303,4,1.8126668176195093,3,217,0,0,0,0,0
49,26,72.91448211669922,95169,2,0.6904435608326378,1,0,0,0,0,1,0
45,12,47.001441955566406,90029,1,2.5535651606472114,1,0,0,0,0,0,0
57,31,167.40921020507812,90043,2,5.090187238028591,1,0,0,1,0,0,1
43,16,52.92234802246094,94820,1,1.1643477045526227,3,0,0,0,0,1,0
39,17,28.023433685302734,90251,3,0.9444783583893509,2,0,0,0,0,0,0
61,23,55.569664001464844,94220,3,1.0169745257790435,2,0,0,0,0,1,0
58,27,151.04110717773438,92287,2,2.5510159455558847,1,0,0,0,0,0,0
46,8,56.85645294189453,95474,4,1.782951085196207,2,135,0,0,0,1,0
44,22,108.26248931884766,91833,2,2.1078719274794535,1,0,1,1,0,0,0
53,30,69.46451568603516,91543,2,1.1382981633476228,1,0,0,0,0,1,0
47,29,46.3807258605957,94922,2,0.49984547030101706,1,0,0,0,0,1,0
58,29,138.35768127441406,90164,1,4.617649470406273,2,0,0,0,0,1,1
58,28,46.84016036987305,94575,4,0.6005499209590995,1,0,1,0,0,0,0
32,17,50.38532638549805,92226,4,1.8506910293698782,1,150,1,1,0,0,0
53,27,91.84683990478516,93103,2,0.5105495421536188,1,0,0,0,0,1,0
39,10,142.7216033935547,92108,3,5.527287676691954,1,0,0,0,0,1,0
31,5,65.18985748291016,89581,4,0.22002727623254334,1,0,0,0,0,1,0
64,32,61.37360382080078,92014,3,1.8221345601192338,2,90,1,0,0,1,0
46,22,172.1543731689453,94754,1,6.08696308675195,1,0,0,0,0,1,0
58,34,58.68684387207031,94480,1,1.8121218165151336,1,131,0,0,0,1,0
36,9,88.96248626708984,95011,2,2.6359573245151404,1,0,0,0,0,0,0
62,41,161.32373046875,90064,2,2.9190048900614163,1,0,0,0,0,1,0
65,39,80.1304702758789,95045,4,0.36060205234163595,3,0,0,0,0,0,0
57,28,76.66384887695312,94162,2,0.3258772972254622,1,0,0,0,0,0,0
44,19,48.07868576049805,94206,1,0.38654959527433885,1,0,1,0,0,1,0
52,33,33.63695526123047,94122,4,0.8784523171686515,1,0,0,0,0,1,0
31,7,52.30914306640625,92011,4,1.1922640024059734,1,211,0,0,0,1,0
31,6,128.064208984375,93062,4,3.2813335008123725,1,374,0,0,1,1,0
61,40,69.61416625976562,94153,1,0.6185717291320965,1,0,1,0,0,1,0
29,1,68.82501983642578,90924,1,0.223339113721864,3,0,0,0,1,1,0
51,31,31.400022506713867,94500,1,1.8830092776351979,1,215,0,0,0,1,0
46,28,100.67787170410156,92776,2,0.4503639757084017,1,0,0,0,0,0,0
44,23,49.946563720703125,91875,4,1.832038685670152,2,130,1,0,0,0,0
38,10,46.287574768066406,92887,2,0.8980012859326022,1,0,0,0,0,1,0
51,29,54.41680908203125,90244,1,0.6374599701021828,1,0,1,0,0,0,0
37,12,139.67892456054688,95348,3,3.912428312315534,2,0,0,0,0,0,1
57,24,27.796531677246094,92062,1,1.7147494934104153,3,0,0,0,0,1,0
23,-1,89.33677673339844,94976,1,2.4749745521924895,1,0,0,0,0,0,0
43,28,54.65290069580078,91516,2,2.5616255256888456,1,0,0,0,0,1,0
33,5,59.73849105834961,90923,3,2.2487394137637238,3,0,0,0,0,0,0
59,36,57.46444320678711,92510,1,3.9804396109872076,1,0,1,0,0,1,1
39,16,166.2467498779297,94949,1,6.873618924448407,1,0,0,0,0,1,0
32,9,118.84696197509766,95962,3,5.178028839749863,1,0,1,0,0,0,0
29,5,26.520503997802734,92136,1,1.4780859462242995,2,159,1,0,0,0,0
44,21,55.09654235839844,92449,3,0.5946232075726773,1,0,0,0,0,0,0
35,4,143.18780517578125,94984,4,1.9259614293865377,1,0,1,0,0,0,0
52,29,57.19932556152344,91914,2,2.829295326866619,3,140,0,0,0,0,0
33,5,57.97378158569336,94523,4,1.758533494498809,3,0,0,0,0,1,0
40,19,80.67112731933594,94527,2,2.3573443783266894,2,0,0,0,0,1,0
34,6,67.37911987304688,94859,2,2.047759272326265,3,0,0,0,0,1,0
27,4,113.23463439941406,94421,1,2.2763470580475587,1,0,0,0,0,0,0
48,32,103.00206756591797,89670,1,6.121885019101869,2,0,1,0,0,1,1
57,23,32.0612678527832,92904,2,0.1869935956535472,3,0,0,0,0,1,0
59,35,33.03376007080078,94372,2,0.635242822091084,1,0,0,0,0,1,0
49,24,68.44242858886719,94930,4,0.4911961000947571,1,0,0,0,0,0,0
50,21,93.263427734375,94610,1,0.3520730125347353,3,0,0,1,0,1,0
24,-1,53.268001556396484,92146,4,1.2401692472868473,1,124,0,0,0,1,0
28,7,70.67012023925781,89945,1,0.3319564392120254,2,0,0,0,0,0,0
27,4,59.05186462402344,95676,2,2.0535529095762146,2,119,1,0,0,1,0
29,4,29.33220100402832,93979,4,1.2680331187730602,3,0,0,0,0,1,0
45,24,59.8400993347168,93813,1,1.3368776551800496,2,0,1,0,0,1,0
47,18,51.177513122558594,92131,3,3.3007483709214536,2,149,0,0,0,0,0
31,3,83.91822814941406,94566,4,1.707652718137439,2,0,0,0,0,0,0
48,25,37.30620574951172,94826,1,0.8304659131412409,1,222,0,0,0,0,0
44,16,20.89305877685547,93907,1,1.5764831242791124,1,99,0,0,0,1,0
51,24,194.52548217773438,94550,4,9.092157970882129,2,0,0,0,0,0,1
58,34,82.01119232177734,90147,1,1.4755941629083675,1,0,0,0,0,1,0
26,4,135.41256713867188,93215,1,0.9182581252833396,1,78,1,0,0,1,0
31,4,137.8443145751953,95587,2,1.874045584348808,2,196,1,0,0,1,0
29,4,86.89693450927734,95561,2,2.1322182326004016,1,0,0,0,0,0,0
33,8,125.40308380126953,94712,1,3.3341600638551996,1,0,0,1,0,0,0
40,3,38.22337341308594,94338,1,2.084417946454602,3,0,0,0,0,1,0
53,26,148.78302001953125,90249,1,3.2021918004496963,1,0,0,0,0,1,0
44,20,29.77194595336914,93856,1,0.6012485497365887,2,175,0,0,0,1,0
51,32,131.18893432617188,89935,2,4.306528247160632,1,0,0,0,0,1,0
31,8,24.921812057495117,95294,4,1.9183445025443104,1,0,0,0,0,0,0
43,12,60.54948425292969,91794,1,2.6300977107142303,2,0,0,0,0,1,0
57,26,109.598876953125,92212,1,3.7773514341681924,1,0,1,0,0,1,0
53,19,36.92924499511719,92497,1,1.2228962000277428,1,0,0,0,0,0,0
48,19,13.050597190856934,90028,3,0.2767971863570612,2,0,0,0,0,1,0
41,25,14.202359199523926,95119,4,0.2368541771638499,2,0,0,0,0,0,0
64,37,33.56304168701172,93954,3,1.549950054454948,2,0,1,0,0,0,0
32,2,47.999839782714844,93107,2,1.9073494505882587,1,0,0,0,0,1,0
51,22,63.99045181274414,90148,1,0.3848891645106357,1,0,0,1,0,1,0
31,9,11.729978561401367,93972,4,3.192354221486478,2,96,0,0,0,0,0
31,6,127.826416015625,90513,1,2.2478315032205343,1,0,1,0,0,1,0
42,29,120.78937530517578,92006,2,6.623895757700975,1,0,1,1,0,0,0
55,39,81.01738739013672,94497,4,1.8910989434160297,1,0,0,0,0,0,0
25,2,84.09942626953125,95082,2,2.807575281945698,1,0,0,0,0,1,0
45,16,62.708553314208984,94906,1,0.4931362732802555,2,0,1,0,0,1,0
51,17,150.69158935546875,93875,2,8.51123353970484,1,0,0,0,0,0,0
60,32,33.11602783203125,95379,2,1.4497316553328705,3,131,0,0,0,1,0
54,22,27.87666893005371,89951,4,0.46466894216696414,2,0,0,0,0,1,0
47,33,58.24671936035156,91443,2,2.0634974374960007,1,154,0,1,0,0,0
41,23,179.35079956054688,91929,2,2.143992294682615,1,0,0,0,0,1,0
26,2,12.965490341186523,94850,4,0.8886272968003235,3,0,0,0,0,1,0
60,37,14.171544075012207,92539,2,0.32088614829815987,3,106,0,0,0,1,0
31,4,141.64764404296875,94833,1,9.145160985481848,3,0,1,0,0,0,1
30,9,22.17324447631836,93982,1,1.1408808998616113,3,80,0,0,0,1,0
47,30,35.777889251708984,93933,1,0.18818288487096324,3,0,0,0,0,1,0
26,1,69.03035736083984,91940,4,0.8950455721088879,3,0,1,0,0,0,0
51,14,94.15628051757812,94575,1,3.7223026604296345,1,0,0,0,0,1,0
54,28,57.4063606262207,92157,4,2.303875244295892,3,0,0,0,0,0,0
43,24,97.37643432617188,95107,2,0.31486637268425166,1,0,0,0,0,1,0
29,2,52.2687873840332,93596,2,2.4272528112443816,3,139,0,0,0,0,0
33,6,157.4901580810547,91069,2,5.0229134199269705,1,103,0,0,0,1,0
32,4,55.97418975830078,92784,1,1.3543614845320044,1,0,0,0,0,1,0
64,41,67.86201477050781,93062,1,3.1372587736941364,2,0,1,1,0,1,0
42,19,26.022436141967773,92676,3,1.07329145409557,2,0,1,0,0,0,0
58,23,66.9975357055664,94187,1,1.6915527968539905,1,0,0,0,0,1,0
29,2,170.9196319580078,94087,1,0.2888585236695412,1,0,1,0,0,1,0
53,34,57.58982467651367,94676,2,1.2533079227947108,1,101,0,0,0,1,0
36,20,143.90792846679688,93550,4,0.7113642866904933,2,0,0,0,0,0,1
57,38,27.831138610839844,92118,2,0.9216125689758692,3,0,1,1,0,1,0
35,14,27.62302589416504,94044,2,2.2647720728617142,3,0,0,0,0,0,0
56,16,59.00892639160156,92439,4,2.260176518840665,1,0,0,0,0,1,0
36,20,103.56536865234375,92281,1,3.6921027225341425,1,0,1,1,0,1,0
40,16,126.18711853027344,94875,2,0.19802967326290444,1,0,0,0,0,0,0
37,23,41.107208251953125,93323,1,0.4713932343816341,3,0,0,0,0,0,0
25,10,48.35360336303711,91159,3,2.0701585664232,1,268,0,0,0,0,0
29,3,181.1132354736328,92277,3,5.198208111140979,2,130,0,0,0,0,1
60,35,37.438331604003906,94535,1,0.7349403668865102,1,0,0,0,0,1,0
40,18,82.5284194946289,93830,4,0.5906820076438868,3,0,0,0,0,0,0
56,29,68.60185241699219,95959,1,1.8078132681507029,3,0,1,0,0,1,0
45,18,121.4895248413086,94132,3,2.52377878334857,1,0,0,0,0,0,0
33,9,126.47449493408203,91288,2,3.8334561589185276,2,0,0,0,0,1,0
56,26,27.067899703979492,89910,1,1.4349604987185933,3,145,0,0,0,1,0
55,21,12.480851173400879,94226,4,0.39685407778597687,3,0,0,0,0,1,0
28,1,101.50939178466797,89691,1,2.1231929303849157,3,0,0,0,0,0,0
52,28,158.95448303222656,94433,1,0.15431319554075468,1,395,1,0,0,1,0
49,27,209.87265014648438,94626,2,8.259552183896288,1,0,0,0,0,0,0
60,39,102.8564224243164,94161,2,2.967935196121695,2,0,1,0,0,0,0
28,3,30.583650588989258,90252,4,1.2289556478647,2,0,0,0,0,0,0
27,4,58.876670837402344,91372,4,0.3544877285127857,2,0,0,0,0,1,0
41,11,28.850845336914062,94010,2,1.9785650388914031,2,0,0,0,0,0,0
30,4,136.4839324951172,92081,1,6.56589785975039,1,0,0,0,0,0,0
51,24,97.33273315429688,92688,4,1.9821579647292336,1,0,0,0,0,1,0
37,8,126.1136703491211,90608,2,0.6471285766283068,1,104,0,0,0,1,0
50,28,32.88245391845703,92925,2,1.3669434631136261,1,0,0,0,0,1,0
43,24,109.3922348022461,90682,4,6.888832150490099,2,149,1,0,0,1,0
60,32,172.2440643310547,93919,1,3.5390250793309037,1,0,0,0,0,1,0
57,23,39.71814727783203,91613,3,0.9829001917092938,2,0,0,0,0,1,0
37,12,183.000732421875,95368,2,5.3547624115377825,2,367,0,0,1,1,1
40,23,114.96778106689453,94677,4,1.0457744989662119,3,130,0,0,0,0,0
58,36,14.996600151062012,91674,3,1.211116321542237,1,0,1,0,1,1,0
58,38,72.38267517089844,90915,2,0.09452250037729049,2,0,1,0,0,1,0
46,15,14.204818725585938,94063,4,0.38636063141927873,2,0,0,0,0,1,0
40,25,71.94329833984375,94335,1,2.693285521883088,1,0,0,0,0,1,0
61,37,76.88053131103516,94358,1,0.2969167155145932,1,0,1,0,0,0,0
36,23,95.27867126464844,95077,4,0.8955329848647711,1,0,0,1,0,1,0
47,18,26.418136596679688,94149,2,0.5456572450512869,3,206,0,0,0,1,0
61,35,61.62003707885742,89820,4,0.34583348699956457,1,0,0,0,0,1,0
62,19,24.378149032592773,94825,4,0.42059724432862844,1,122,0,0,0,1,0
61,36,37.75688934326172,93921,3,1.5979985659250053,2,0,1,0,0,0,0
44,16,27.535459518432617,92766,2,0.51328765951186,3,131,0,0,0,0,0
54,29,19.18804359436035,94483,4,0.27798119723986225,1,0,0,0,0,1,0
32,2,86.14842987060547,95903,3,1.0175904708355408,2,0,0,0,0,1,1
47,40,111.94071197509766,90113,1,2.310820032710416,3,0,0,0,0,1,0
23,1,45.509742736816406,92042,4,2.142767209932387,3,99,0,0,0,0,0
38,17,70.72752380371094,93013,2,2.67553060309357,1,0,0,0,0,0,0
28,3,99.4511489868164,93923,2,2.4328982818281406,1,0,1,0,0,0,0
38,25,57.31171417236328,94519,2,0.5241164132782172,2,0,0,0,0,1,0
55,28,72.45620727539062,94650,1,4.402261878286356,2,0,1,0,0,0,0
47,30,72.09976196289062,92849,2,1.4096920918346507,1,0,1,0,0,1,0
32,7,42.28721237182617,90302,4,1.4885547432755646,2,226,1,0,0,0,0
56,29,52.54402160644531,94875,4,1.5396995337695032,1,0,1,0,0,0,0
61,38,31.812345504760742,95030,3,0.03051502476983925,1,191,0,0,0,1,0
59,36,93.5547103881836,92429,1,0.8880494514920478,3,0,0,0,0,1,0
35,12,100.8736801147461,94917,1,2.6296525490259093,2,0,0,0,0,1,0
45,19,135.17471313476562,95496,2,2.758069730960174,2,0,1,0,0,0,1
36,19,71.38638305664062,94846,1,0.39801470163401736,1,0,0,0,0,1,0
34,20,21.288238525390625,92033,2,2.445538939163561,3,0,1,0,0,0,0
42,16,67.86917114257812,95029,4,2.6771336115171582,2,0,0,0,0,0,0
57,28,55.14391326904297,95875,1,0.15441859290954998,3,0,0,0,0,1,0
39,11,198.02259826660156,94286,2,8.458482368312607,1,531,0,0,0,1,0
43,18,44.76054000854492,91845,1,1.5779577545416579,1,228,1,0,1,1,0
38,17,95.83757019042969,91315,2,0.9197704123609037,3,0,1,0,0,0,0
43,29,184.0630340576172,92395,2,0.48804915764855905,1,0,0,0,0,0,0
60,35,56.744014739990234,92433,3,2.438252526144084,2,105,0,0,0,0,0
32,7,117.62298583984375,92071,1,1.9359756966657544,1,252,0,0,0,0,0
37,25,72.07887268066406,94818,2,1.5939566309044313,3,93,0,1,0,1,0
50,13,64.97984313964844,94448,2,1.718958112789571,1,0,0,0,0,0,0
27,2,61.14989471435547,95407,1,1.7090479789864548,3,0,0,0,0,0,0
27,6,97.48004150390625,93156,1,2.0090565451264064,1,0,1,0,0,1,0
41,19,74.88460540771484,90772,1,2.7751629472054833,1,0,1,1,0,1,0
47,18,38.060577392578125,95354,1,1.7508945649136596,3,0,0,0,0,1,0
27,1,41.160621643066406,94457,1,1.1947432466250452,3,0,0,0,0,1,0
62,39,40.26850128173828,91188,3,0.4924891064708134,1,0,0,0,0,0,0
50,28,47.97988510131836,93727,4,0.28992060209213744,1,148,0,0,0,1,0
50,19,99.6853256225586,94695,2,1.883452067615365,1,0,0,0,0,1,0
38,11,18.40224838256836,94019,2,1.5145356967643262,3,0,0,1,0,1,0
53,29,95.3782730102539,92721,1,0.21677674036411182,3,184,0,0,0,1,0
38,11,58.79270935058594,92041,3,1.1461623892105466,1,0,1,0,0,0,0
61,39,11.117379188537598,91887,1,0.3828244215967071,3,123,1,0,0,0,0
61,38,63.26324462890625,94479,1,1.8707542712492031,3,236,0,0,0,1,0
41,14,35.27064895629883,95117,4,2.4519083142126497,1,0,0,0,0,0,0
55,35,48.15428924560547,95060,2,1.2237982823564328,1,101,1,0,0,1,0
59,29,94.40945434570312,95775,1,0.7183424025177503,1,0,1,1,1,1,0
54,29,162.04212951660156,95174,3,2.7944808855385785,3,0,0,0,1,1,1
66,40,153.78323364257812,94409,1,5.3059511949084825,1,218,0,0,0,1,1
46,28,60.5655632019043,92159,4,1.7899096244656596,3,0,0,0,0,0,0
57,33,29.987388610839844,94003,3,0.1535430210703845,3,0,0,0,0,0,0
38,12,53.37118911743164,94816,4,0.8875814264947469,1,0,0,0,0,0,0
47,26,16.179506301879883,94023,3,0.049368884342602004,2,114,0,0,0,0,0
64,41,44.97125244140625,89982,1,1.0179706406317657,3,0,0,0,0,1,0
59,35,12.412216186523438,94147,2,1.5496190334521298,2,75,0,1,0,1,0
26,7,17.378280639648438,93935,3,0.4743929435286648,3,0,0,0,0,1,0
45,27,108.40869903564453,94471,2,1.4903851516778128,1,0,1,0,0,0,0
65,37,99.31192779541016,94489,2,0.6447118128983866,1,102,1,0,0,1,0
59,37,119.52765655517578,91282,1,0.4249239356462387,1,0,0,0,0,1,0
37,17,14.571441650390625,94490,4,0.4877027999086919,2,101,1,0,0,0,0
53,28,76.93994903564453,92502,4,0.5762199798604264,2,344,1,0,0,0,0
40,12,38.55830383300781,91838,1,2.2887702556859626,2,205,0,0,0,0,0
24,0,114.14994812011719,94370,2,1.9019286016870995,3,0,0,0,0,0,1
63,39,82.43710327148438,90278,4,1.8984409468128511,2,0,1,0,0,1,1
42,12,64.14115905761719,93916,1,1.6539100865969334,3,122,1,0,0,1,0
57,32,157.00357055664062,94386,1,2.586502018541554,1,0,0,0,0,0,0
36,8,99.94878387451172,95018,1,4.838825305449914,1,0,1,0,1,1,0
56,31,115.72354888916016,90942,3,0.6289717188676274,2,0,1,0,0,0,0
60,36,58.132301330566406,92330,4,1.9433415668096876,2,176,0,0,0,1,0
55,34,95.3623275756836,92453,2,2.502599982928427,1,0,1,0,0,1,0
37,18,83.84648895263672,95633,4,4.016679050563056,1,0,0,0,0,1,0
26,15,49.26056671142578,93702,1,1.5429492705210524,1,0,0,0,0,1,0
51,15,54.48445129394531,90285,1,3.0385087968962834,3,0,0,0,0,0,0
55,26,54.33694076538086,90731,2,0.24299814563078448,3,0,0,0,0,1,0
40,16,45.576847076416016,95017,1,2.0306468521145686,3,0,1,0,0,0,0
30,1,150.23214721679688,91064,3,7.428228984130608,1,0,0,0,0,0,1
43,21,49.91017532348633,90672,1,0.9943462927222724,1,0,1,0,0,1,0
42,15,101.38011169433594,92831,3,2.4621258175653407,2,0,1,0,0,1,0
46,28,134.2822723388672,91461,2,0.7385375321154213,1,0,0,0,0,1,0
44,22,83.71238708496094,94387,2,6.369110315320983,1,0,1,0,0,0,0
47,5,22.412803649902344,90735,2,0.19397498607170835,1,144,1,0,0,1,0
28,0,47.96040725708008,94955,4,2.915517080040415,3,150,0,0,0,1,0
61,35,30.929597854614258,96116,2,2.002984649763616,2,144,0,0,0,1,0
60,34,60.13506317138672,90081,3,2.1336798026313275,2,0,0,0,0,1,0
63,35,171.4525604248047,94572,2,1.411690803891571,1,0,1,0,0,0,0
48,24,84.0956802368164,92660,2,0.5749644622112251,3,0,0,0,0,1,0
60,41,57.87274932861328,95666,4,0.9794233552603431,3,0,0,1,0,1,0
58,34,80.42607116699219,94057,3,2.095522415768815,1,0,0,0,0,1,0
32,19,27.107938766479492,94415,4,1.058267696098198,1,0,0,0,0,0,0
61,37,19.226537704467773,91148,2,0.24450922765510325,1,0,0,0,0,1,0
25,2,59.97218704223633,89852,1,1.6619512476791285,3,0,0,0,0,0,0
41,22,140.81021118164062,93351,1,0.8774913056313195,1,0,1,0,0,1,0
51,20,16.512365341186523,92175,1,0.349483137904243,3,0,0,0,0,1,0
58,40,56.95651626586914,90145,1,1.0827510773432572,3,0,0,0,0,1,0
40,21,131.57522583007812,90405,1,0.4402581456907375,1,0,0,0,0,1,0
41,7,47.53799819946289,94454,4,2.354726554606858,1,146,1,0,0,1,0
50,32,36.178810119628906,94408,4,0.6399833161659767,1,144,0,0,0,0,0
60,18,100.07353973388672,95702,3,0.8095463949243555,2,0,0,0,0,0,0
65,37,36.34822082519531,91316,4,0.7410874393848705,1,99,0,1,0,1,0
43,18,93.60088348388672,92589,1,1.2587888135431475,1,0,0,0,0,1,0
55,31,111.27505493164062,94524,1,2.1727345346233022,1,0,0,0,0,0,0
54,29,61.747047424316406,92595,4,1.012178431198283,1,383,0,0,0,0,0
53,23,57.84454345703125,94809,3,3.6674742857084284,2,0,0,0,0,0,0
65,41,12.249140739440918,90125,1,0.16577113470780322,1,0,0,0,0,0,0
40,11,153.64439392089844,91357,3,4.294749131199314,1,0,0,0,0,1,1
46,19,52.484134674072266,95050,2,3.5623296617717104,3,0,1,0,0,0,0
41,27,76.09770202636719,91883,4,0.2811446129092664,1,152,1,0,0,0,0
26,3,31.656639099121094,91925,2,1.7096349551156622,3,0,0,0,0,1,0
37,15,99.51665496826172,93984,1,2.496726584833713,2,0,0,0,0,1,0
29,6,32.39102554321289,93708,3,1.5707972932882255,2,97,0,0,0,1,0
43,29,82.76618194580078,94821,4,1.300343948489042,1,0,0,0,0,0,0
45,15,148.96339416503906,90253,2,8.636909787615323,1,0,0,0,0,1,0
31,5,159.95916748046875,94286,2,1.9238113739274723,1,0,1,0,1,1,0
40,21,57.0146369934082,94367,1,2.210518989335231,3,0,0,1,0,1,0
32,5,80.73110961914062,92944,2,1.8900138369502755,3,0,0,0,0,0,0
48,25,163.4599151611328,93414,4,8.2721393539825,2,155,0,0,0,0,1
30,9,100.47086334228516,91605,2,1.444790647535094,3,261,0,0,0,0,0
39,10,78.74561309814453,95365,1,0.1868932779898718,1,108,0,0,0,0,0
47,29,130.9219970703125,90159,2,6.501773364273154,1,396,1,0,0,0,1
42,19,39.066287994384766,93844,1,2.0961974136315233,2,0,0,0,0,1,0
53,32,91.9444580078125,94669,1,3.3075858222542465,2,0,0,0,0,1,0
41,13,84.53445434570312,93768,1,2.1542826468972853,2,144,0,0,0,0,0
38,13,155.14625549316406,92605,1,4.717446248845967,1,0,0,0,0,1,1
26,5,66.06443786621094,94047,2,1.8445936838456853,2,0,1,0,0,0,0
41,20,15.241868019104004,94001,2,2.0390325105204914,1,0,1,0,0,0,0
48,27,86.82083129882812,92592,1,1.5587147494406222,1,239,1,0,0,0,0
47,22,77.8305892944336,93742,2,2.1705552973152646,2,0,0,0,0,1,0
50,24,109.89218139648438,89964,1,2.0637823067596646,1,152,0,0,0,0,0
34,18,67.81398010253906,94577,2,0.879201545862438,3,0,1,0,0,0,0
60,24,136.2296600341797,94044,4,2.355265640142437,1,0,0,0,0,1,0
38,14,25.21205711364746,92699,2,1.4641520407191915,3,147,1,0,0,0,0
59,29,52.08219909667969,91948,3,1.3202993771654514,1,0,1,0,0,1,0
62,38,63.72113037109375,94437,3,1.3885249473334214,2,0,0,0,0,1,0
62,33,57.45187759399414,94667,3,1.5564992259081083,2,0,0,0,0,0,0
50,25,81.23959350585938,94035,4,1.6147982268407595,2,0,0,0,0,1,0
36,15,183.18397521972656,91239,1,8.877268512349099,1,0,0,0,0,1,0
38,11,25.658554077148438,95218,3,1.7327223131338894,1,0,1,0,0,1,0
31,4,92.68929290771484,94327,3,0.8176180240772825,3,0,0,0,0,0,0
59,31,81.13160705566406,94687,4,1.9421711595156899,3,0,0,0,0,0,0
44,13,119.65599822998047,94302,3,3.8732694483592685,2,274,0,0,0,0,0
26,0,15.614471435546875,94408,1,1.4387244722655357,3,291,0,0,0,1,0
54,23,101.59111785888672,92817,4,0.9496560076979391,1,344,0,0,0,0,0
63,34,59.49730682373047,93144,1,2.221657196831279,3,0,0,0,0,1,0
53,30,89.45426177978516,90340,4,0.07426626446977463,1,0,0,0,0,1,0
35,10,20.680557250976562,90099,3,0.289789129717782,2,0,1,0,0,0,0
53,22,123.49229431152344,95231,1,1.200580820670567,1,0,1,0,0,0,0
44,17,11.622842788696289,91688,2,0.8517814954756178,2,0,1,0,0,1,0
56,37,170.8445281982422,89919,3,4.3531791269661975,2,0,1,0,0,0,1
51,18,45.93958282470703,94689,1,1.1195180572962684,1,403,0,0,0,0,0
33,13,141.6317596435547,92957,2,3.9636444692631687,1,0,0,0,0,0,0
51,38,100.53388977050781,92337,4,1.047193027031859,1,0,0,0,0,1,0
61,37,68.12016296386719,91610,1,0.5651491663440245,3,0,0,0,0,1,0
49,29,11.506694793701172,91696,1,0.11535306858547723,2,92,0,0,0,0,0
58,32,51.58253479003906,93039,4,2.7928393244991265,2,0,0,0,0,1,0
43,22,76.78813934326172,94471,2,1.2831423308373289,3,227,0,0,0,0,0
52,30,48.67778396606445,92651,2,0.27307261468619615,1,0,1,0,0,1,0
56,30,54.25402069091797,93251,3,1.934869458574614,1,252,0,0,0,1,0
28,0,148.30096435546875,93078,2,4.437783712618372,1,0,1,0,0,0,1
36,8,47.65686798095703,94019,1,4.053874108229501,1,225,0,0,0,0,0
45,10,172.057861328125,90184,1,5.866684823999012,2,0,0,0,0,0,1
63,37,70.01471710205078,94105,1,0.6128788420176408,1,0,0,0,0,1,0
44,16,86.90693664550781,90352,4,0.027855134870444442,3,0,0,0,0,1,0
36,7,125.58758544921875,94052,1,1.6434699333889444,3,0,1,0,0,0,0
31,7,28.821857452392578,90386,4,2.1183509406474834,1,0,0,0,0,0,0
60,37,96.87760925292969,92047,4,2.5363228509081273,2,0,0,0,0,0,0
35,15,75.55009460449219,93943,3,2.3542256597242166,2,103,1,0,0,0,0
26,2,49.569705963134766,90073,3,0.8572702086952826,2,0,0,0,0,0,0
50,13,25.886499404907227,95236,2,0.43014640652977,3,0,1,0,0,0,0
37,17,123.42792510986328,95277,1,4.013475969868895,1,0,1,0,0,0,0
43,19,33.389610290527344,95046,1,1.110717298287245,2,0,1,0,0,0,0
29,6,70.9329833984375,95702,4,3.762123703573712,1,364,0,0,0,1,0
45,16,183.7208251953125,94082,1,8.096409185412544,1,0,1,0,0,1,0
64,38,25.697898864746094,91764,3,1.1702171297552224,2,67,0,0,0,0,0
59,36,102.7911605834961,89780,1,2.1493508352628212,1,0,0,1,0,1,0
34,7,11.148329734802246,94518,2,2.8011657445009295,2,0,1,0,0,0,0
40,15,32.40211486816406,94437,1,1.1043626395526398,3,0,0,0,0,1,0
31,10,25.287946701049805,90076,1,0.6472920139692102,1,0,0,0,0,0,0
50,22,55.04008102416992,94732,3,1.1124430592299035,1,0,0,0,0,0,0
64,38,128.9832763671875,92410,3,1.429223783413702,1,0,1,0,1,1,1
63,36,198.5404052734375,92334,3,3.8761905527087426,1,0,0,0,0,1,1
52,27,33.72438049316406,93878,4,0.4982784333710699,2,0,0,0,0,1,0
39,12,34.89311599731445,93709,3,0.8709921475903829,2,0,0,0,0,1,0
61,36,43.64870834350586,95000,1,1.6526589432554717,3,0,0,0,0,1,0
45,23,37.047607421875,89537,2,1.0340915121269465,1,0,1,0,0,0,0
44,23,96.71736907958984,94690,4,2.923538434557079,1,0,0,0,0,1,0
47,24,71.27928161621094,92714,4,1.6377439560565659,3,185,1,0,0,0,0
34,6,131.9715576171875,89979,4,2.064650160167335,1,0,0,0,0,1,0
45,32,40.3425178527832,93513,2,0.15054029015005177,1,0,1,0,0,0,0
61,36,27.305532455444336,94808,4,2.423984466002979,2,0,0,0,0,0,0
30,7,105.49053955078125,95350,1,2.0959071062683106,1,0,1,0,0,1,0
54,20,22.577333450317383,92688,2,0.7299738842388368,3,65,1,0,0,0,0
39,11,36.6668701171875,95613,4,0.7743153796100477,1,101,0,0,0,0,0
57,28,85.15840148925781,91898,1,1.7803087789531966,2,0,0,1,0,1,0
63,35,49.833648681640625,94071,1,0.043292931824734315,3,0,0,0,0,1,0
43,8,34.68335723876953,95311,3,0.6100967969107349,2,0,0,1,0,1,0
50,24,67.47798919677734,94061,2,3.8460242141943772,1,0,1,0,0,1,0
42,16,158.93218994140625,96021,2,2.2378973974949687,1,0,0,1,0,1,0
42,23,92.7144546508789,95384,3,2.272707572694693,1,0,1,0,0,1,0
27,14,129.91513061523438,91383,2,0.4494212955076623,1,0,0,0,0,1,0
66,42,34.34231948852539,92748,2,0.40573342879141105,2,0,0,0,0,1,0
59,29,61.89329528808594,94602,1,1.1062905192914743,1,0,0,0,0,0,0
50,19,56.22191619873047,92598,1,0.7893643092388353,1,407,0,0,0,1,0
38,14,67.44578552246094,91535,3,0.08202430272611258,2,0,1,0,0,1,0
42,3,48.8489990234375,94263,1,2.983917349503376,2,106,0,0,0,1,0
29,9,37.06889343261719,94044,4,0.26858667499527944,2,0,0,0,0,1,0
34,15,25.373260498046875,94686,2,1.3020565911900461,1,0,0,0,0,1,0
43,22,65.9870376586914,90145,1,1.4850339297338218,2,0,0,0,0,0,0
47,18,42.6241455078125,94197,1,0.3546663713219444,3,150,0,0,0,0,0
27,3,57.43543243408203,94372,4,1.7827199573576376,1,139,1,0,0,1,0
32,5,43.93690490722656,90433,4,1.2994580188327791,3,0,0,1,0,0,0
64,40,45.13553237915039,94032,4,0.44725256099382144,3,0,0,0,0,1,0
47,13,106.33946228027344,95057,1,0.4629605070862951,1,0,0,0,0,1,0
29,6,63.897586822509766,92174,4,2.0015140340173976,3,0,0,0,0,0,0
31,7,55.485321044921875,94095,4,1.4040595894728414,1,0,0,0,0,0,0
38,12,22.68750762939453,91268,2,2.592009034311171,3,183,0,1,0,0,0
54,27,111.8249282836914,94300,1,6.574241579913359,1,0,1,0,0,1,0
38,14,94.7239990234375,93900,2,0.7190022358858936,3,0,0,0,0,1,0
62,30,96.94914245605469,93931,3,3.832384765114271,2,0,0,0,0,0,1
66,39,78.55256652832031,94135,2,0.20992363203755537,1,0,0,0,0,1,0
52,32,18.749849319458008,91550,2,0.3541807254627128,3,120,0,0,0,1,0
53,30,39.736572265625,92935,4,0.6430444416123735,1,0,1,0,0,0,0
40,9,98.34069061279297,93708,1,1.3721974196329674,2,150,1,0,0,1,0
50,29,30.37522315979004,93935,1,1.8175918226725103,3,0,0,0,0,1,0
33,22,130.4525909423828,91248,3,7.923665537943787,2,0,1,0,0,0,1
27,1,64.66195678710938,95411,1,2.995224781845031,2,0,0,0,0,0,0
42,32,51.10513687133789,94908,1,0.47031997083911037,1,0,0,0,0,0,0
40,16,36.4228630065918,94358,2,2.3340549618963697,3,0,0,1,0,0,0
28,4,71.52098846435547,94057,2,1.7494182454948886,3,103,0,0,0,1,0
29,7,74.23577880859375,90076,4,2.0280346235295914,1,151,1,1,0,0,0
36,5,42.51494598388672,95711,3,1.16871392993566,2,0,0,0,0,1,0
33,7,70.03213500976562,94760,4,0.33498500942841897,3,0,0,0,0,1,0
43,23,146.16592407226562,91695,1,3.7226689453752706,1,0,0,0,0,1,0
44,10,20.627796173095703,94107,1,0.34358865459556226,3,0,0,0,0,1,0
27,3,36.531822204589844,90306,4,0.9363942654902455,2,0,0,0,0,1,0
62,33,9.853652954101562,90552,2,0.46930453778564385,3,0,0,0,0,0,0
52,27,161.85372924804688,90039,3,2.669722021713607,2,0,1,0,0,0,1
39,10,50.22951126098633,89715,3,3.58532327853145,2,177,0,0,0,0,0
42,18,112.61808013916016,93140,2,4.123571449691788,1,0,0,0,0,0,0
28,2,45.22125244140625,94066,4,0.08448357032304143,3,0,1,0,0,1,0
59,30,80.40544891357422,94748,1,2.112492334889698,3,208,0,0,0,0,0
42,14,64.53190612792969,92999,2,0.47316132343524964,1,0,0,0,0,0,0
50,23,130.51808166503906,94827,2,4.588291026120596,3,0,1,0,0,1,0
35,8,179.59857177734375,92383,1,0.5890541626669961,2,137,0,0,0,1,1
64,37,59.70913314819336,89842,2,0.2773712956065778,2,101,0,0,0,1,1
44,29,12.41231918334961,93341,2,0.82585863483664,3,0,0,0,0,0,0
28,2,106.19813537597656,95009,2,1.070405462244392,2,0,0,0,0,1,0
52,31,80.81768798828125,93988,1,1.2668199736409587,2,192,0,0,0,0,0
42,25,139.89212036132812,92958,1,7.974423920943885,2,0,0,0,0,0,1
46,25,88.7363510131836,95123,2,2.0884268106209563,3,0,1,0,0,1,0
45,23,46.879600524902344,94078,4,0.42411170382245283,3,0,0,0,0,1,0
49,28,44.78006362915039,93216,4,1.593194218456435,1,158,0,0,0,1,0
43,18,93.74165344238281,94381,1,1.4979949846883502,1,170,1,0,0,1,0
44,16,50.27650833129883,94005,2,1.1514329063299245,3,0,0,0,0,1,0
31,4,41.62490463256836,95207,4,1.630926571487152,3,179,0,0,0,0,0
48,21,149.65261840820312,93103,2,1.6680489854909673,1,110,1,0,0,0,0
34,13,75.77799987792969,94532,1,2.213623224956431,1,0,0,0,0,1,0
54,25,105.68160247802734,90001,3,0.6558652692895234,1,0,0,0,0,0,0
60,33,10.808221817016602,96113,1,0.656467929461999,3,0,0,0,0,1,0
66,40,31.78371810913086,90165,4,2.1792446260443104,1,0,1,0,1,1,0
37,11,50.454833984375,94465,3,0.3956908946339984,2,0,0,0,0,1,0
59,33,49.879940032958984,94904,3,1.0069006816511035,1,0,0,1,0,0,0
56,28,55.739009857177734,94763,1,0.31120027484490487,3,0,0,0,0,1,0
27,1,94.4220962524414,94436,2,1.2955419489788478,1,0,1,0,0,1,0
38,22,62.6722297668457,91598,4,2.008112846142436,2,0,0,0,0,0,0
40,24,79.56483459472656,91274,4,3.280233455239699,1,0,0,0,0,1,0
47,33,107.7472915649414,91748,2,0.4163334379198298,1,146,1,0,0,0,0
61,36,136.86868286132812,93987,1,1.9618950339856651,1,0,0,0,1,1,0
62,35,83.16646575927734,93826,2,0.2428075590021516,2,0,0,0,0,1,0
51,21,200.4120635986328,91896,2,3.2915999922968795,2,385,0,0,0,0,1
62,34,83.15372467041016,94349,2,0.1806314994388105,1,0,0,0,0,1,0
45,24,27.139244079589844,94320,4,2.67924400970498,2,0,1,0,0,1,0
33,5,65.14532470703125,94094,1,1.4540821183086359,1,0,0,0,0,0,0
42,31,81.11752319335938,93961,1,0.6117869879928438,1,0,0,0,0,0,0
