Age,Experience,Income,ZIP Code,Family,CCAvg,Education,Mortgage,CreditCard,Securities Account,CD Account,Online,Personal Loan
26,1,53.215553283691406,95330,4,0.21301502334955763,1,0,1,0,0,1,0
45,13,120.83682250976562,90327,3,0.05307175492707497,1,0,1,0,0,0,0
59,36,25.80938720703125,94018,2,2.505311091015317,2,152,1,0,0,1,0
64,39,116.364501953125,92088,4,1.780569394650719,1,0,1,0,0,1,0
51,33,52.191593170166016,90288,4,2.607440427895949,2,129,0,0,0,0,0
39,26,100.98506164550781,90434,1,2.348650241576336,2,163,1,0,0,0,0
29,-1,61.44186782836914,95893,4,2.197225256945437,2,0,0,1,0,0,0
43,26,36.481319427490234,90304,3,0.8024474028919094,2,0,0,0,0,0,0
48,25,178.2097930908203,93182,2,2.8605678184247387,1,0,0,0,0,0,1
43,3,139.7751922607422,90294,2,3.076022712689621,3,403,0,0,0,0,1
62,36,42.21603012084961,92278,4,1.8069294876585988,2,0,0,0,0,1,0
30,6,197.8062286376953,95355,2,6.612836593046447,1,546,0,0,0,0,0
57,36,70.73863220214844,92364,1,0.8326609196939575,3,401,0,0,0,1,0
49,23,25.264528274536133,92029,4,0.1054901959007297,3,0,0,0,0,1,0
49,15,154.4520721435547,90795,1,2.15094875771996,1,0,0,0,0,1,0
44,28,27.572589874267578,94523,1,0.6424525126921719,3,101,0,1,0,0,0
47,6,12.342668533325195,94606,3,1.3880928946751643,2,0,0,0,0,0,0
58,33,22.9766788482666,94559,4,0.5591543938603236,3,102,0,0,0,1,0
56,7,22.85407257080078,93761,3,0.537869097040953,3,0,0,0,0,1,0
54,23,57.25362777709961,92185,2,2.694549767620931,2,0,1,0,0,1,0
41,24,44.90766525268555,95819,3,0.4744094481551618,3,0,1,0,0,0,0
42,16,18.178056716918945,93066,2,0.5559769178144908,3,131,1,0,0,1,0
37,20,51.647377014160156,91141,2,1.1564831150144248,2,0,1,0,0,0,0
56,28,48.056793212890625,91933,2,1.1024341622810154,3,0,0,0,0,0,0
60,32,108.51016235351562,91941,2,4.489665466718371,2,0,0,0,0,0,1
60,37,124.55491638183594,94076,3,4.391102452260675,3,387,1,0,0,1,1
62,34,58.137516021728516,90059,1,2.483414693799939,2,0,0,0,0,1,0
48,24,89.53470611572266,94716,2,2.2212982703524875,2,151,0,0,0,1,0
45,18,93.96443939208984,91061,4,2.8311429000154087,1,0,0,0,0,1,0
49,-1,22.40622329711914,93246,2,2.0682649669789694,1,0,0,0,0,0,0
28,11,29.35413932800293,91191,2,1.546603617950874,2,0,0,0,0,0,0
34,8,94.10624694824219,90044,2,1.2106485164919836,1,0,0,0,0,0,0
44,16,84.84376525878906,94382,2,0.6730389783204656,1,0,1,1,1,1,0
37,5,87.6517333984375,94275,2,0.9836733285661209,3,0,0,0,0,0,0
47,15,111.54722595214844,90266,1,4.226440813998481,2,0,0,1,0,1,0
29,7,38.325130462646484,93845,1,1.4319187650423018,2,0,0,0,0,0,0
32,8,16.181861877441406,95493,2,2.432404182181866,1,95,1,1,1,1,0
45,23,31.038606643676758,94077,3,0.7745077385733063,1,0,0,0,0,0,0
58,27,69.35252380371094,93780,3,0.498489872000263,1,0,0,1,0,1,0
29,5,120.3167495727539,94743,1,1.442580219571822,2,0,0,1,0,1,0
58,30,123.89405059814453,91425,1,3.040913271992418,1,0,0,0,0,0,0
56,28,46.60348892211914,94867,1,0.8683233710221298,1,0,1,0,0,0,0
49,28,53.396995544433594,91994,2,2.582112040727452,1,0,0,0,0,0,0
41,22,25.33048439025879,91969,3,0.4118872371528125,2,0,0,1,0,0,0
33,9,49.519866943359375,90208,4,3.9183182838270376,1,0,1,0,0,0,0
44,24,44.23666000366211,94245,1,3.6552502170197023,3,0,0,0,0,1,0
42,16,29.290918350219727,96326,4,3.205358542120884,1,171,0,1,0,0,0
39,12,176.22837829589844,90956,2,4.050119894302153,1,0,0,0,0,0,0
29,8,60.94145202636719,94111,3,1.6329945982727325,1,0,1,0,0,0,0
30,18,51.620792388916016,93610,3,1.7711630295767395,1,0,0,0,0,0,0
46,6,73.98338317871094,94840,1,2.5732537726702027,3,0,0,0,0,0,0
27,0,18.526874542236328,96269,4,0.13715729904118307,2,0,0,0,0,1,0
28,8,33.96495819091797,91668,3,0.46035290934006096,1,0,0,0,0,1,0
28,1,87.12236785888672,91742,1,0.3409835701557014,2,0,0,0,0,1,0
59,27,153.22665405273438,94846,3,4.387254441085778,2,0,0,1,1,1,1
30,4,118.36788177490234,94748,1,0.7067507125865018,1,293,0,0,0,1,0
60,34,124.59320831298828,90786,2,4.462234684597755,1,380,0,0,1,1,0
44,18,71.46931457519531,94627,2,2.448138588881376,1,0,0,0,0,0,0
30,20,146.53941345214844,94434,3,2.5013262852084726,3,0,0,0,0,1,1
29,4,143.73220825195312,94647,2,3.079075810915567,3,0,0,0,0,0,1
37,16,80.90451049804688,94836,4,1.9508995449097026,2,0,0,0,0,1,0
33,4,126.14454650878906,94279,2,0.879515799374891,1,0,0,0,0,1,0
30,7,22.348777770996094,92632,2,0.19239481354531657,2,96,0,0,0,1,0
43,26,63.88655471801758,91702,3,1.098237595580038,2,0,0,0,0,0,0
42,24,82.97087097167969,95280,1,0.5147891674504046,1,0,1,0,0,1,0
45,21,41.03121566772461,95384,2,1.2361615820779617,2,0,1,0,0,0,0
44,21,146.53152465820312,92744,1,5.800618940097353,1,0,1,0,0,0,0
38,8,49.50185775756836,91106,4,2.8366843444927974,3,0,0,0,0,1,0
51,23,60.585205078125,92756,3,1.0031376694940435,1,0,0,0,0,0,0
39,21,39.48151397705078,90900,4,1.4980274439639878,3,0,0,0,0,0,0
37,13,69.67654418945312,92095,3,1.6741313442016086,2,259,0,0,0,0,0
51,15,26.019384384155273,95250,3,0.11371219070292193,1,0,0,0,0,1,0
62,40,61.16572570800781,90011,2,0.3651541009706301,3,0,0,0,0,0,0
27,15,96.86792755126953,92272,4,1.3001139484812922,1,0,0,0,0,0,0
48,20,50.874778747558594,95633,3,1.833544064196114,1,222,1,0,0,1,0
49,16,130.17453002929688,92735,1,3.304838814390364,1,0,0,1,0,0,0
41,17,60.05400466918945,92033,1,1.5064331099726695,3,0,0,0,0,0,0
34,4,14.572967529296875,93056,4,0.6648870361241008,1,0,1,0,0,1,0
41,16,61.98086929321289,95129,4,1.3705269221831098,1,0,1,0,0,1,0
46,30,35.690208435058594,92056,1,0.1367302130645644,3,0,0,0,0,1,0
56,21,61.629425048828125,93946,1,1.9966211937744693,3,155,0,0,0,1,0
62,37,49.57908630371094,91142,2,1.0112666852734533,1,148,1,0,0,0,0
55,34,54.29547882080078,92347,2,1.6401186349484824,2,0,0,0,0,0,0
23,2,24.5452938079834,95646,4,0.5866271265194902,2,89,0,0,0,0,0
62,39,35.084800720214844,95588,3,0.970145686775741,3,126,0,0,0,0,0
56,33,17.515670776367188,93990,4,0.2399996022109544,1,0,1,0,0,0,0
61,36,77.78291320800781,90520,2,0.29204095485687726,1,0,1,0,0,0,0
52,34,65.5225830078125,91880,1,4.187083429391112,1,0,1,0,0,1,0
61,28,103.94654846191406,90220,3,5.909284543354191,2,0,1,0,1,0,0
29,23,127.0925521850586,92500,2,2.3157026902047466,1,144,1,0,0,0,0
38,14,121.70123291015625,94843,2,1.479099564850981,1,0,0,0,0,1,0
32,11,104.36767578125,91909,3,2.570105356776871,2,0,1,0,0,0,0
53,27,79.07916259765625,91229,2,0.42459063017578447,1,231,0,0,0,1,0
23,0,20.68893814086914,91523,4,0.7665018200922832,3,131,0,0,0,1,0
64,40,24.446300506591797,95695,3,0.257729987309816,1,0,1,0,0,0,0
59,32,45.14958572387695,92046,2,1.849539218405786,1,0,0,0,0,1,0
33,15,36.94239807128906,90419,1,0.6774836416198841,1,0,1,0,0,0,0
46,29,110.1722640991211,94806,2,2.5124974261032063,2,0,0,0,0,1,0
66,36,72.36225128173828,93559,1,3.6413262635645514,3,206,0,0,0,1,0
55,32,80.49285888671875,91616,4,3.282576231628014,2,0,0,0,0,1,0
58,18,39.26511764526367,94067,3,2.0131347590928743,2,282,1,0,1,1,0
56,27,56.64137268066406,92175,2,1.8159636221807998,2,0,1,0,0,1,0
34,10,34.42205047607422,94775,2,1.171994014424245,2,0,0,1,0,1,0
60,32,130.30972290039062,94499,1,3.6753990131259946,1,234,0,1,0,0,1
55,20,82.13652038574219,92910,1,0.3620794715508718,1,0,0,0,0,0,0
37,19,56.42572784423828,92502,3,1.266842903702548,2,0,0,0,0,1,0
43,16,171.1352081298828,91553,1,6.79493875656171,1,191,0,0,0,0,0
57,22,92.77066802978516,95004,1,6.0183516568765985,1,173,0,0,0,0,0
43,22,40.6943473815918,92835,1,0.683550611371561,3,377,1,0,0,0,0
38,15,36.79613494873047,94178,4,1.8576933936358926,1,0,1,0,0,0,0
63,37,69.10106658935547,90226,4,1.66883565962576,1,0,1,0,0,1,0
46,20,82.09552001953125,92314,3,2.0555692062248143,1,0,0,0,0,1,0
51,20,66.65245819091797,94860,4,2.1319528067486457,1,0,0,0,0,0,0
31,3,113.25302124023438,95418,4,1.0762172088294892,3,0,0,0,0,0,0
61,31,64.88898468017578,94221,3,1.603859538374878,2,0,0,1,0,1,0
48,25,31.957828521728516,90269,1,0.3682077320065894,3,0,0,0,0,1,0
52,26,79.60826110839844,94966,2,0.8359990360142703,3,0,0,1,0,1,0
63,37,45.9827880859375,95891,3,1.638026836926476,2,0,0,0,0,1,0
36,17,59.33760452270508,94715,3,0.6159029761371785,2,0,0,0,0,0,0
32,7,39.96650695800781,95961,2,0.23728304103726053,2,0,1,0,0,1,0
24,2,35.406028747558594,90782,2,1.6121823014702539,1,0,1,0,0,1,0
27,-3,58.97802734375,94991,2,3.431871509628106,3,102,0,0,0,1,1
35,25,58.91008377075195,90549,4,6.8920162038296695,1,0,0,0,0,0,0
34,8,34.17056655883789,95114,4,1.7512707659200366,2,197,1,0,0,1,0
60,38,32.22578430175781,93301,1,0.8258421230249536,3,0,0,0,0,1,0
30,18,49.09911346435547,93155,2,0.275333283722154,1,101,0,0,0,0,0
42,20,119.35089874267578,91644,2,1.6236654165400575,1,0,0,0,0,0,0
35,7,37.03185272216797,92920,1,2.986974479655057,2,0,0,0,0,1,0
50,25,29.562681198120117,92405,4,1.5529394212703513,1,0,0,0,0,1,0
65,37,47.749237060546875,94620,2,1.8441615944192022,1,152,0,0,0,1,0
54,27,65.88156127929688,94455,4,2.230213550087171,1,0,0,0,0,1,0
57,18,135.1009521484375,91639,3,4.906022930493411,1,235,1,0,1,1,1
59,39,155.65074157714844,94597,1,4.305750033802383,2,251,0,1,0,1,1
43,35,48.32735824584961,89949,3,1.7171961969558578,2,0,0,1,0,0,0
60,27,20.310123443603516,92803,4,1.1913917890546641,2,0,1,0,0,1,0
55,10,54.340511322021484,94619,2,0.4947192663419502,3,93,0,0,0,0,0
32,11,85.72991180419922,94622,1,1.7632955912057473,1,0,1,1,0,1,0
36,16,34.11238098144531,96535,3,0.3508105690511503,2,0,0,0,0,1,0
26,4,94.65182495117188,94723,4,1.9294015880602284,2,0,0,0,0,1,0
61,36,120.8472900390625,90068,4,2.0155509284955784,1,0,0,0,0,0,0
44,17,46.277587890625,91339,1,3.3129969767390173,2,0,1,0,0,0,0
34,7,56.92377471923828,93172,1,1.1516431235394404,3,0,0,0,0,1,0
47,19,88.3047103881836,94739,1,2.701506510770566,3,255,1,1,1,1,0
26,8,87.71682739257812,94395,1,3.0464803276056167,1,0,0,1,0,1,0
49,24,35.412803649902344,93545,1,0.438162910602516,2,0,0,0,0,0,0
40,7,213.17050170898438,92993,1,5.584952285774243,1,0,0,0,0,0,0
41,8,25.517803192138672,92994,3,1.138860570740594,2,0,0,1,0,1,0
34,1,166.68536376953125,90502,4,5.075311791693101,3,0,0,0,0,0,1
50,15,73.20893859863281,95414,2,1.9019593283688487,1,0,0,0,0,1,0
26,3,79.17657470703125,91866,4,1.1711449161166154,1,0,0,0,0,0,0
56,10,24.378652572631836,95611,1,6.732616082583132e-06,3,111,0,1,0,0,0
40,11,67.68997192382812,96026,2,1.6480187905144146,3,0,1,0,0,1,0
45,10,92.735107421875,91404,3,2.6358836269694628,1,0,0,0,0,0,0
44,14,92.62466430664062,92991,4,0.9651354478372368,3,185,0,1,0,0,0
45,15,25.251176834106445,95201,4,0.1966522251178203,2,0,0,0,0,0,0
33,10,94.69407653808594,92499,1,1.2687589876072487,3,0,0,1,0,0,0
41,2,62.71961212158203,96206,1,1.89754190237094,2,0,1,0,0,1,0
31,16,30.345806121826172,95628,1,1.1497760307394294,1,0,0,0,0,0,0
32,7,38.667625427246094,93698,2,0.27752097118935815,2,104,0,0,0,1,0
59,38,33.217201232910156,93781,2,1.6747994286110217,3,0,0,0,0,0,0
31,6,60.720733642578125,95382,2,1.5949203175589044,3,0,0,0,0,0,0
46,25,101.34404754638672,92643,2,1.7702186901032235,1,0,1,0,0,1,0
42,19,133.66415405273438,92174,2,8.031152185630571,1,0,1,0,1,1,0
34,9,187.0917510986328,91815,1,1.3952418317908477,1,234,1,0,0,1,0
62,33,63.469688415527344,92646,3,0.6924894838824949,3,0,0,0,0,0,0
33,15,72.2570571899414,91900,4,2.1661467806593366,3,0,0,0,0,1,0
43,30,118.86251068115234,92021,1,0.171831717861462,1,0,0,0,0,1,0
62,32,85.83097076416016,92882,1,2.561032385470547,3,403,0,0,0,0,0
41,12,175.70310974121094,94562,2,3.2332279881729145,1,0,1,0,0,0,0
57,32,195.4482421875,94540,2,1.8045949488636037,1,0,0,1,0,1,0
29,10,39.65967559814453,92356,2,1.7830013002211573,1,0,1,0,0,1,0
42,31,55.810977935791016,94606,3,0.3983218260181575,2,0,0,0,0,1,0
56,35,39.49436950683594,94325,1,0.5714540733761413,1,153,0,0,0,0,0
43,16,128.06597900390625,94244,4,0.04673345517709221,3,0,1,0,1,1,0
44,35,63.12335968017578,92877,1,2.411436258448297,1,0,0,0,0,0,0
52,24,16.11705780029297,93381,4,1.020873534469048,1,0,0,0,0,0,0
47,27,35.41572570800781,91992,3,2.0278657235854167,1,105,1,0,0,1,0
25,2,73.75407409667969,91468,1,2.2089112456102606,2,0,0,1,0,0,0
30,9,91.70661163330078,94638,1,1.8841329382734648,2,150,1,0,0,1,0
37,7,12.051283836364746,95140,3,0.3421203918804272,1,0,1,0,0,1,0
55,26,165.7288818359375,94729,2,7.483845828479894,1,145,1,0,0,0,0
26,11,77.63525390625,93514,3,1.7109056860799183,1,186,0,0,0,1,0
27,-1,98.24658203125,94084,2,2.848774487340637,3,0,1,0,0,1,0
35,8,35.17380142211914,92854,4,1.0985150275428897,2,0,1,1,0,1,0
63,40,60.888057708740234,95265,1,2.0035497888644453,1,0,0,1,0,1,0
51,31,160.93807983398438,94969,1,4.626514848036287,1,0,0,1,0,1,0
52,19,27.376110076904297,90059,3,0.6610395220752372,2,0,0,0,0,0,0
41,14,100.88177490234375,92263,4,2.3241238728254476,3,0,0,0,0,0,1
42,12,47.343017578125,95080,4,1.2142945519347965,3,144,0,0,0,1,0
31,7,105.36148071289062,92600,2,6.977268248494035,1,0,0,0,0,0,0
51,33,94.15099334716797,94897,1,1.9786838395579656,3,0,0,0,0,1,0
40,14,35.35114288330078,92985,1,0.3121904461340636,1,185,0,0,0,1,0
42,17,58.073890686035156,94396,1,1.1242060809120924,1,0,1,0,0,1,0
60,36,82.65231323242188,92365,2,2.989161324646912,1,0,0,0,0,0,0
27,3,143.56846618652344,94745,2,1.722072615568818,1,0,1,0,0,1,0
25,6,42.082210540771484,94986,2,1.191288550592046,2,0,1,0,0,0,0
32,7,74.89224243164062,94644,2,5.641445840576012,1,162,1,1,1,1,0
62,35,43.46023178100586,90278,2,0.7155693925189676,3,268,0,1,0,1,0
31,8,109.75126647949219,94681,1,2.641576173642009,3,0,1,0,0,1,0
39,12,59.73215103149414,90659,2,0.39466286883320173,3,0,0,0,0,0,0
28,1,100.197509765625,92251,1,3.0211789080987748,1,226,0,1,0,0,0
37,7,39.91514587402344,91888,4,1.1711660350752933,2,133,0,1,0,0,0
61,34,22.41131591796875,95554,4,0.46227414663688454,3,0,0,0,0,0,0
67,40,175.3671417236328,90143,2,0.3345001373692451,2,0,0,1,1,1,1
57,39,59.17591094970703,91825,3,2.393306810619854,1,109,0,0,0,0,0
46,18,84.48737335205078,91941,2,6.595593317794605,1,99,0,0,0,1,0
58,33,20.99393081665039,94679,2,2.4315940496538175,1,103,0,0,0,1,0
63,37,94.30371856689453,91169,3,0.582044123305343,2,0,0,0,0,1,0
61,25,52.074607849121094,95226,1,0.9749752031073131,3,0,0,0,0,0,0
50,30,116.20800018310547,91349,1,1.4447956931477748,1,0,0,0,0,1,0
59,24,82.78501892089844,95414,1,3.2954314528970996,1,0,0,0,0,1,0
43,31,109.41375732421875,93996,2,2.9225469791548235,1,0,0,0,0,1,0
50,21,143.33522033691406,94499,2,6.589689806940108,1,0,0,0,0,1,0
47,24,56.29353713989258,95075,4,8.79019181041675,1,311,0,0,0,1,0
31,8,157.74903869628906,91734,2,1.9026211778833049,3,0,0,0,0,0,1
30,6,83.75743865966797,95543,4,2.3059133492262336,2,156,0,0,0,1,0
29,2,19.448083877563477,96047,4,0.737439727133113,2,0,0,0,0,0,0
29,2,32.382598876953125,91762,3,0.4069711860456141,3,0,0,0,0,1,0
32,4,31.832931518554688,91257,2,0.18049232720149944,1,0,1,0,0,0,0
36,12,146.66070556640625,95045,2,3.553539978421007,2,391,0,0,0,1,1
39,40,163.19168090820312,94215,1,2.165801314536982,2,0,0,0,0,0,0
63,38,102.94029235839844,94301,1,1.741206326641953,3,164,0,1,0,1,0
63,40,49.741634368896484,91563,4,0.4897942867857558,3,387,0,0,0,0,0
42,22,102.03101348876953,92249,4,0.9723955677965347,1,367,0,0,0,0,0
38,15,25.705108642578125,91710,1,2.732457639768492,1,0,1,0,0,1,0
59,35,30.972179412841797,94068,4,0.4454962181885966,2,0,0,0,0,1,0
33,7,21.426143646240234,90419,3,0.18859611237002405,3,79,0,0,0,1,0
54,21,41.83515167236328,95572,1,0.9460026940604679,2,0,0,0,0,1,0
59,36,100.40130615234375,95246,2,2.161392972350453,1,322,1,0,0,0,0
55,16,69.9343032836914,92955,3,0.6117548863488038,1,0,0,0,0,0,0
42,15,44.1615104675293,94467,4,0.9114102635769434,3,0,0,1,0,1,0
64,39,56.672786712646484,94777,3,2.4673831001711006,3,0,0,0,0,0,0
31,5,37.180137634277344,94637,3,0.4446330359923948,3,0,1,0,0,1,0
37,15,30.612077713012695,94399,3,0.9300674442452661,2,237,0,0,0,1,0
27,0,98.40412902832031,91591,2,1.8944098274560521,2,0,0,0,0,1,0
46,19,29.620166778564453,90067,3,0.5125862043343424,3,0,1,0,0,0,0
52,22,33.31641387939453,94877,1,0.6501607317089539,3,0,0,0,0,1,0
29,4,137.22756958007812,91205,3,1.5198686148780238,1,0,1,0,0,0,1
62,39,147.64022827148438,91253,2,4.874559237224192,1,383,0,0,0,0,0
64,31,189.0198516845703,90242,4,7.434638011172391,1,399,0,0,0,0,1
58,29,34.44847106933594,96067,4,2.6513851921478464,1,0,0,0,0,1,0
41,15,40.12360763549805,95729,3,2.309101734741477,2,0,0,0,0,1,0
25,4,130.954833984375,95975,3,3.811709696086114,3,0,1,0,0,0,1
31,8,17.682287216186523,92566,4,0.3614465728551455,1,0,0,1,0,0,0
48,18,88.77262878417969,91933,4,0.6754214986407194,3,0,0,0,0,1,0
62,39,30.65508460998535,94901,1,0.2398527092953998,3,0,0,0,0,0,0
48,26,27.05413055419922,95604,2,2.9092443273813977,3,0,0,1,0,1,0
62,37,105.07272338867188,91219,2,0.7908664801929376,3,0,0,0,0,1,0
30,15,17.562599182128906,94446,4,1.3940397770153319,1,0,0,0,0,1,0
39,5,33.664817810058594,95123,2,0.7930612001527314,3,0,0,1,0,1,0
47,22,82.1987075805664,95004,1,1.197178928722753,1,0,0,0,0,1,0
55,29,14.952227592468262,90365,4,0.736026091844152,1,107,1,0,0,0,0
49,18,159.11898803710938,91984,3,2.550961721174341,2,400,1,0,0,0,1
38,14,58.24270248413086,94841,2,1.6883838340253465,2,0,1,1,0,1,0
56,37,80.16561126708984,91874,2,2.703203973587536,1,0,0,0,0,0,0
42,25,137.00270080566406,92160,1,6.293370427797949,1,0,0,0,0,1,0
33,12,50.565799713134766,94457,4,2.5247295514186607,2,0,1,0,0,1,0
53,30,30.729938507080078,94427,4,0.4404414839709109,2,0,0,0,0,0,0
28,5,44.14255905151367,96024,4,2.6887623559283376,2,177,0,0,0,1,0
29,4,72.65808868408203,92990,4,0.14447591675488045,3,0,0,0,0,1,0
55,32,175.6903839111328,94373,1,8.200696559380969,2,399,0,0,0,0,1
55,38,71.5733642578125,90285,4,1.3620607837570993,3,0,0,0,0,1,0
62,37,85.30207824707031,90901,2,2.590173602533841,1,0,0,0,0,0,0
55,29,62.09791946411133,90364,2,2.2571164614481165,3,141,1,0,0,0,0
58,27,25.12700653076172,96016,1,0.8335097830534626,3,0,0,0,0,1,0
43,22,141.27699279785156,95641,2,6.272530807839326,1,385,0,1,0,0,0
58,33,28.087806701660156,94753,1,0.48066110427333825,3,0,1,0,0,0,0
35,5,29.21737289428711,91672,3,0.862280579654602,2,0,0,0,0,1,0
24,-1,21.78916358947754,92487,4,0.5731883651358481,3,0,0,0,0,0,0
50,27,76.03404235839844,92895,1,0.7389108918370294,3,147,0,0,0,1,0
42,17,51.546627044677734,90235,4,1.6138635645590493,1,0,1,0,0,0,0
52,13,76.52154541015625,93718,1,3.475490794811647,3,0,0,0,0,0,0
33,6,40.7186164855957,95550,3,0.761485613422869,1,0,0,0,0,1,0
64,36,20.919599533081055,95614,3,0.22695572700593575,2,0,0,0,0,1,0
31,7,76.59382629394531,94253,4,0.3718405046324158,1,0,1,0,0,0,0
39,16,65.77349853515625,92279,1,0.5349077571694121,2,0,0,0,0,1,0
62,32,90.71409606933594,92016,1,1.7577094892092753,3,0,0,0,0,1,0
47,24,145.22354125976562,91485,3,1.7447739338701118,1,233,1,0,1,0,0
42,22,183.8229522705078,90993,2,6.170029343630861,1,0,1,0,0,1,0
29,8,66.22784423828125,94316,4,1.6351832763981735,2,133,1,0,0,1,0
31,11,69.147705078125,94752,4,1.0549910653659442,1,176,0,0,0,1,0
58,32,11.607398986816406,95109,2,0.130742621366013,3,83,0,0,0,1,0
37,10,120.31227111816406,94035,2,2.540303686545823,1,0,1,0,0,1,0
25,0,51.74786376953125,95985,3,1.6909986790852165,2,0,0,0,0,1,0
43,9,44.10064697265625,94952,4,0.20596751861552834,3,0,0,0,0,1,0
44,15,64.14457702636719,95105,4,1.7968717498710043,1,0,0,0,0,1,0
62,40,34.90397644042969,95308,4,3.9524731402607545,2,0,0,1,0,0,0
63,37,106.93331909179688,91113,4,1.0642905889515473,3,0,1,0,0,1,0
31,10,105.10588073730469,92412,2,6.528763795052278,1,0,0,0,0,1,0
56,31,82.47691345214844,94858,2,1.4412267714375995,3,0,1,0,0,1,0
29,2,48.19615173339844,91120,2,0.1870874529743009,1,0,0,0,0,1,0
42,25,123.25627136230469,91560,2,5.404340004204903,2,0,0,0,0,1,1
40,12,32.83915328979492,92855,3,0.06638748553020235,2,0,0,0,0,0,0
32,7,42.41168212890625,94271,2,2.123486100464299,3,164,0,0,0,1,0
56,35,99.8480224609375,90430,1,1.6352097813791784,1,0,0,0,0,1,0
63,35,106.65603637695312,90308,3,0.5100221515382096,2,0,1,0,0,0,0
30,2,115.75043487548828,91741,1,2.567067317626066,1,0,0,0,0,1,0
34,7,157.1840057373047,91336,4,1.8141464957568356,1,151,0,0,0,1,0
57,34,12.617515563964844,95573,2,0.5105193973441842,3,0,0,0,0,1,0
31,15,67.775634765625,95074,1,2.3456009396164896,3,0,0,0,0,1,0
28,5,45.12773513793945,91933,2,1.3828159459642286,2,155,0,0,0,0,0
40,10,88.08106994628906,95950,4,1.219151958141184,2,0,0,0,0,0,0
47,17,149.602294921875,90179,2,2.529177648534786,1,96,0,0,0,0,0
51,19,101.55867004394531,94961,1,2.648737009115291,2,0,1,0,1,1,1
38,10,105.06839752197266,95047,1,2.4610533433110806,1,166,1,0,1,1,0
46,22,46.19725036621094,90524,4,0.6469433171947528,2,0,0,0,0,1,0
55,31,71.61625671386719,94047,1,0.45409744720002815,3,0,0,0,0,1,0
53,34,97.31796264648438,91608,2,2.9872260614826627,2,0,1,1,0,1,0
52,32,111.91956329345703,91841,2,0.7615646574350947,1,0,0,0,0,0,0
47,16,30.31932830810547,91504,1,0.10698374642994238,3,139,0,0,0,0,0
39,15,14.219888687133789,95709,3,0.5793934961799141,1,0,0,1,0,1,0
59,33,58.02957534790039,91274,4,0.9396865384400424,3,0,0,0,0,1,0
40,33,111.89238739013672,93133,4,3.4874631589057983,1,0,0,0,0,0,0
32,6,47.18902587890625,90765,4,0.6476828912981403,1,0,0,0,0,1,0
29,2,69.83782958984375,89926,2,2.1953407955439737,1,262,0,0,0,1,0
59,34,150.52920532226562,93092,2,1.1393320297955258,3,0,0,0,0,1,1
46,14,175.46109008789062,90528,4,5.648612892384319,1,0,0,0,0,0,0
39,13,182.2398223876953,92720,2,5.655785183995159,1,0,0,0,0,0,0
35,7,82.47389221191406,94582,4,0.6959544708016123,2,0,0,0,0,1,0
58,29,146.26263427734375,91124,2,0.36144848100078664,1,0,0,0,0,1,0
27,4,76.46163940429688,92208,2,2.6251036976684743,1,254,0,0,0,0,0
45,25,173.9967041015625,95200,1,9.154905521107862,1,0,0,0,0,1,0
63,23,11.132970809936523,91376,4,0.036000142457838835,2,0,0,0,0,1,0
56,30,35.68638610839844,91872,2,0.9635441814934372,2,102,0,0,0,0,0
37,12,29.331214904785156,92408,4,2.398702403149427,1,93,1,0,0,1,0
32,8,37.22770690917969,92798,2,0.6434332371046342,3,102,1,0,0,1,0
34,23,14.354543685913086,93914,4,0.18514298092906084,2,130,0,0,0,0,0
37,10,178.41323852539062,90135,2,6.4879552460524605,1,447,0,0,0,1,0
63,40,45.76445770263672,92980,4,0.6756185193379032,3,118,0,0,0,0,0
58,27,21.262039184570312,93740,2,0.15156631243496052,3,0,0,0,0,0,0
65,40,100.96825408935547,95900,4,2.6242262181690093,2,0,0,0,0,0,0
37,13,75.33968353271484,95703,1,1.818615292560113,2,0,1,0,0,0,0
35,6,53.43769454956055,94474,1,1.6924004539478268,2,128,1,0,0,1,0
54,33,33.805789947509766,94568,2,1.7957266726091,3,78,1,0,0,1,0
57,37,32.83629608154297,91326,4,0.26261140158164376,3,0,0,1,0,1,0
54,25,78.84964752197266,94098,4,0.9659129110902467,1,0,1,0,0,1,0
25,0,118.36027526855469,91428,4,0.2530096485336073,2,0,0,0,0,0,0
34,7,75.56778717041016,94057,4,1.271511144520138,2,0,0,0,0,0,0
36,16,109.77259063720703,94555,1,3.7739737529977235,2,0,0,0,0,0,0
42,12,51.10026931762695,95603,4,0.9725574589857335,1,0,0,0,0,1,0
33,6,28.142587661743164,95938,4,1.2990873911052605,1,0,0,1,0,0,0
39,15,121.77789306640625,91166,4,5.6115280651957296,1,122,1,0,0,0,0
35,7,126.69384765625,92016,3,4.396513024175584,3,0,0,1,0,0,0
54,20,73.62139129638672,94128,1,0.35548400455549284,1,0,1,0,0,0,0
30,14,93.05612182617188,92718,2,4.373122892541294,1,0,0,1,0,1,0
61,37,173.29525756835938,92088,1,3.2209009179967767,1,382,0,0,0,0,0
48,25,52.74639892578125,90052,3,1.7689304584933279,1,123,0,0,0,1,0
61,37,53.7677001953125,91242,2,0.028673019494286855,3,0,0,0,0,1,0
36,11,163.33021545410156,95643,2,2.346425545977114,1,242,0,0,0,0,0
59,35,88.35671997070312,92939,4,3.6063741115856023,3,0,0,0,0,0,0
52,22,98.33036041259766,90238,1,1.2013849714361509,3,0,0,0,0,0,0
60,34,82.25521087646484,90207,1,1.1079577593394156,3,0,0,0,0,1,0
43,27,48.93989944458008,95432,1,0.3651045140990773,1,0,0,0,0,1,0
51,21,127.85121154785156,93228,4,1.9503991153011129,3,0,0,1,0,1,1
35,12,60.543758392333984,94950,2,1.4852427981161853,3,0,0,0,0,0,0
42,22,35.849910736083984,92979,4,0.18782436188857823,1,0,0,0,0,0,0
34,16,82.71212005615234,95016,2,1.836982849064372,1,0,0,1,0,1,0
39,10,31.561128616333008,91656,1,1.1632310828102963,3,165,0,0,0,0,0
39,23,131.12388610839844,91812,1,3.8360399900956845,1,0,1,0,0,0,0
30,5,37.2523078918457,94994,3,1.1930831900964776,2,0,0,0,0,1,0
57,31,20.917816162109375,93909,2,1.4300304320073458,2,0,0,0,0,1,0
46,14,86.93682861328125,92837,1,3.7769109979729776,1,0,1,0,0,0,0
45,18,19.38971710205078,92831,2,2.6509086481437376,3,0,0,0,0,1,0
47,25,189.34194946289062,91717,1,4.792898983375506,1,0,1,0,0,1,0
52,20,116.0656967163086,92062,2,2.262711529701157,1,0,1,0,0,1,0
35,21,193.5845947265625,90973,4,4.334724006771706,1,174,1,0,0,0,0
44,18,93.65491485595703,94447,3,1.9991973984050215,1,0,0,0,0,0,0
36,5,63.56184387207031,92157,2,2.8093309849348724,1,0,0,0,0,0,0
61,32,93.95287322998047,91824,2,0.5942073356525115,1,241,0,1,0,0,0
26,8,67.12726593017578,93660,2,2.627665134558999,1,396,0,0,0,0,0
34,12,87.99568939208984,95623,3,1.4520012776651083,1,226,0,0,0,1,0
40,9,126.8847427368164,95533,3,2.8648178816804832,1,197,1,0,0,0,1
45,21,32.33042526245117,91867,2,0.6686374287437333,3,0,1,1,0,0,0
33,4,56.621700286865234,94730,4,1.5277437921633577,3,0,1,1,0,1,0
42,15,134.06402587890625,92185,4,7.603233897492743,3,0,0,0,0,0,1
45,33,31.847164154052734,94015,4,2.878726601226746,3,158,0,0,0,0,0
36,2,32.64756774902344,94758,2,1.1711332262812952,2,0,1,0,0,0,0
51,35,72.71459197998047,90454,1,1.8632085200175408,1,106,0,0,0,1,0
35,10,50.620216369628906,94767,4,1.9969125851221277,2,0,0,0,0,1,0
56,37,114.28228759765625,95397,1,1.4584400539463522,1,0,0,0,0,1,0
29,7,118.30353546142578,94807,4,2.249960630852194,1,0,0,0,0,0,0
30,7,25.418663024902344,95569,3,0.5348148938227226,2,0,0,0,0,0,0
48,22,50.8663330078125,91787,4,1.7841163306670684,3,0,0,0,0,1,0
62,39,58.58290481567383,92245,3,2.5608428190197507,2,0,0,0,0,0,0
35,10,80.54931640625,95583,2,0.4277878868691198,1,107,1,0,0,1,0
43,20,37.69001770019531,92686,1,0.6440266481844019,3,0,0,1,0,1,0
31,6,46.822349548339844,92981,4,1.180071454210615,1,153,1,0,0,0,0
54,25,83.10201263427734,92066,1,1.5387490852144547,3,0,0,0,0,1,0
29,5,103.22529602050781,94498,3,1.2527906725600797,2,173,0,0,0,1,0
31,3,68.79508972167969,94560,4,0.959038399412859,1,157,0,0,0,0,0
33,16,89.44932556152344,90494,1,3.316136218609037,3,138,0,0,0,1,0
40,4,78.13874053955078,93549,2,1.4311774155593362,3,0,0,1,0,0,0
27,5,18.23554229736328,93927,4,1.408768197395549,3,168,0,0,0,1,0
34,12,109.74280548095703,94831,2,0.3310700078750555,1,0,0,0,0,0,0
55,22,127.01329803466797,94874,1,2.8734782513942685,1,0,0,0,0,1,0
45,19,63.79326629638672,91663,1,0.9605584113449821,2,94,0,0,0,1,0
27,11,75.4663314819336,95688,3,2.062892840309999,1,0,0,0,0,0,0
32,10,20.167877197265625,96327,4,2.052872341890478,3,0,0,0,0,1,0
34,6,29.19525909423828,91744,4,1.1744195534620014,2,0,0,0,0,0,0
44,20,76.03762817382812,92047,3,2.935530152368523,2,0,1,0,1,1,0
56,28,44.84103775024414,94009,3,1.2655885787547088,2,0,1,0,0,1,0
58,33,59.85655212402344,92858,2,1.122034918805921,2,0,0,0,0,0,0
37,17,82.02295684814453,94854,1,4.218920497132001,3,0,1,0,0,0,0
40,20,45.23280715942383,93217,4,1.3402822958382248,3,138,0,1,0,0,0
27,0,196.624267578125,93635,4,2.325825737208431,2,0,0,0,0,1,1
62,38,91.09465026855469,95206,1,1.7754153277754279,2,144,0,0,0,1,1
31,4,38.736778259277344,95049,4,0.08873558308074467,1,101,1,0,0,1,0
27,4,62.736053466796875,93296,1,1.6751940982285125,1,220,0,0,0,0,0
40,16,103.49249267578125,95134,2,3.739582641223331,1,0,0,1,0,0,0
45,16,29.28010368347168,90599,4,0.29966201772497986,2,159,0,0,0,1,0
28,0,146.7256317138672,94699,2,2.4456779633358554,1,240,0,0,0,0,0
50,30,57.354915618896484,91880,3,0.18161061911311221,1,0,0,0,0,0,0
59,31,64.17536926269531,90026,4,4.539355262687495,3,0,0,0,0,0,0
40,24,177.1988983154297,94667,3,3.9282051343346573,2,0,1,0,1,1,1
35,8,59.91042709350586,94108,2,0.9060458803989301,3,0,1,0,0,0,0
34,11,81.96586608886719,94653,2,0.25975710224989124,1,0,1,0,0,1,0
35,0,28.420183181762695,93946,2,0.5663401649084415,1,0,0,0,0,0,0
60,33,48.66351318359375,94150,1,0.6670083115050153,3,0,0,0,0,1,0
34,18,37.05751037597656,91935,1,2.6299211776737215,2,91,0,1,0,1,0
61,35,97.97229766845703,95077,1,0.9691840937628071,2,0,1,1,1,1,0
50,18,19.137561798095703,94655,4,1.7792220114317825,3,95,1,0,0,0,0
28,1,49.02875518798828,94099,4,0.5595989533682568,1,0,1,0,0,1,0
60,35,55.15715026855469,93201,4,1.8770545766207256,3,264,0,0,0,0,0
46,9,23.7615966796875,92274,4,0.8148053571805244,1,0,1,0,0,1,0
33,8,162.978515625,91910,4,1.0179038390382935,3,0,0,0,0,1,1
61,38,60.37726593017578,90340,2,3.7128999899268886,3,0,1,1,0,0,0
54,32,38.477821350097656,95502,3,0.5234761195857052,1,0,1,0,0,0,0
39,6,34.33675765991211,96157,4,0.37873762247988396,3,0,1,0,0,1,0
46,12,155.72567749023438,95101,3,1.9780868469721309,1,0,0,0,0,0,1
52,29,70.31871032714844,90535,4,1.6648505329093122,3,167,0,0,0,1,0
37,14,47.930580139160156,95939,4,2.7335201995806355,1,0,0,0,0,1,0
50,33,182.4572296142578,91373,3,2.250312583582579,3,163,0,0,0,0,1
37,15,46.95629119873047,93868,4,0.29183662810511035,3,0,0,0,0,1,0
35,8,44.38642883300781,91934,2,1.7081180010104995,2,0,1,1,0,1,0
26,-1,48.30906295776367,91421,4,2.557567746802269,2,0,0,0,0,0,0
53,27,24.639698028564453,93226,4,0.8809699965159736,3,0,1,0,0,1,0
30,11,66.90097045898438,90637,1,1.8027810396484651,2,234,0,0,0,1,0
52,22,68.99314880371094,91303,1,0.5680835122489987,1,0,0,0,0,0,0
28,2,33.87157440185547,92867,4,0.7705086008323586,1,0,0,0,0,1,0
53,30,43.19603729248047,91641,1,1.3747190519942143,3,0,1,0,0,1,0
42,14,13.920721054077148,95076,2,0.4299296333699998,1,92,0,0,0,1,0
63,28,209.94357299804688,90330,4,4.288938445890379,3,0,0,0,0,0,1
32,19,69.92485046386719,95488,3,1.604024309952737,2,0,0,1,0,1,0
40,14,38.02623748779297,96050,2,1.3441188389512357,3,0,0,1,0,1,0
34,12,148.56936645507812,95471,1,2.5148486404453525,1,0,0,1,0,0,0
49,24,67.00865936279297,92692,3,0.15195906481492266,2,0,0,0,0,1,0
45,12,46.73872375488281,95109,1,4.054704969233408,1,172,1,0,0,0,0
43,20,129.14593505859375,94251,4,1.4089172569580128,2,181,1,0,1,1,0
40,15,157.50364685058594,93394,2,5.321243503864413,1,0,0,0,0,1,0
64,38,97.54173278808594,90074,4,1.716178402491468,2,0,0,0,0,0,1
57,31,72.3113784790039,91364,2,1.4445709635572315,3,0,0,0,0,0,0
66,36,19.964948654174805,95054,2,0.16002172907983506,1,0,0,0,0,0,0
62,37,81.77677154541016,92020,4,1.5138612135027136,3,103,0,0,0,1,0
64,35,23.73584747314453,90539,3,0.3272834882233871,1,0,0,0,0,1,0
47,29,32.12755584716797,93158,4,0.7410607642928156,2,0,1,0,0,1,0
64,39,119.47698211669922,94561,3,1.8171669046521113,1,0,1,0,0,0,0
36,11,36.90171813964844,94395,2,0.9196016691889366,2,0,0,0,0,1,0
32,6,12.548693656921387,94688,3,1.132268774730793,2,101,0,0,0,1,0
32,2,67.42543029785156,94124,1,2.0889453023259574,3,0,0,0,0,1,0
34,10,99.88157653808594,92546,1,2.429276599382153,3,0,0,1,0,0,0
61,29,60.54371643066406,94238,1,0.3742333762660872,1,0,0,0,0,1,0
43,28,112.56413269042969,91985,2,4.088272146645542,1,0,0,0,0,0,0
60,31,95.9058609008789,92527,3,0.18818472137973738,1,0,0,0,0,0,0
27,8,36.10882568359375,96077,4,1.677052772677543,2,0,1,0,0,1,0
42,26,120.64649963378906,95210,3,3.902179622318858,3,0,1,0,0,0,0
29,20,20.737110137939453,93390,1,0.6062151316198859,3,0,0,0,0,1,0
59,37,62.2249755859375,89941,2,2.49378389613316,3,0,0,0,0,1,0
45,19,74.47219848632812,94056,4,0.38060425345531845,1,0,0,1,0,1,0
40,15,69.83026123046875,94179,2,2.067772170481044,3,134,1,0,0,1,0
56,24,37.55015563964844,94899,2,1.3320065418669351,2,0,0,0,0,0,0
51,23,97.06233215332031,94358,1,1.5541840390360067,3,0,0,1,0,0,0
28,4,77.04661560058594,96037,4,1.5275108197402165,1,0,0,1,0,1,0
52,33,137.27943420410156,89898,2,4.212099771071934,1,0,0,0,0,0,0
33,6,107.81031799316406,92380,3,3.472598024582136,1,295,0,0,0,0,0
42,28,122.9323959350586,91058,4,3.2359486334454513,3,0,0,0,0,1,0
41,21,71.25658416748047,92567,1,2.2932644191415337,3,0,0,0,0,1,0
49,24,55.87132263183594,92090,4,1.6112065409388938,1,0,1,0,0,1,0
66,39,77.4972915649414,90352,2,1.5174551259826274,1,0,0,0,0,1,0
31,8,49.737281799316406,94472,4,1.0446846273203967,2,0,1,0,0,1,0
28,3,70.0311279296875,90448,2,1.6408245024244819,1,0,0,0,0,0,0
41,6,48.91500473022461,94145,2,0.05494100826188589,2,0,1,1,1,1,0
60,31,147.32244873046875,92210,2,1.6575209251412306,1,0,0,0,0,1,0
45,18,61.44870376586914,89990,3,1.3567934888359185,1,173,0,0,0,0,0
60,36,17.812705993652344,93958,3,0.5808151039007253,1,0,0,0,0,1,0
61,36,160.79347229003906,94880,2,3.102191306377664,3,0,1,0,0,0,1
32,14,82.0240249633789,94837,3,3.5632330974388506,1,0,0,1,0,1,0
45,30,75.1270751953125,89940,3,1.6063432537061766,2,180,1,0,0,0,0
46,14,160.95147705078125,92160,3,0.8189997391059217,1,155,0,0,0,1,0
44,31,82.9645004272461,91844,2,1.950198985349938,3,351,0,0,0,0,1
31,1,52.148277282714844,95149,4,1.3222512244226816,3,0,0,0,0,0,0
35,4,72.06517028808594,92963,4,2.007201122230304,3,0,0,0,0,0,0
29,0,98.212158203125,90135,4,0.22896689297442302,3,0,0,0,0,1,0
40,19,102.82086181640625,91957,3,1.113142062024199,3,299,1,0,0,1,0
31,6,148.77395629882812,91964,2,2.598691871646825,1,121,0,0,0,1,0
52,17,47.20636749267578,91935,4,0.6127069056999548,1,0,1,0,0,1,0
37,7,78.44975280761719,91661,1,2.2334918683472846,1,0,0,0,0,0,0
26,2,139.2701873779297,89751,4,6.207059610335926,2,0,0,0,0,1,1
30,-1,119.12361145019531,95774,2,7.529831333572186,1,0,0,1,0,0,1
64,39,82.54904174804688,94801,1,0.5264612791243589,1,0,0,0,0,1,0
64,39,45.38559341430664,91833,4,0.8735019534437443,1,0,0,0,0,1,0
31,6,57.905670166015625,91094,3,0.6623556830440853,1,0,0,0,0,1,0
42,21,178.1805419921875,89902,4,7.457853995940761,1,379,1,0,0,1,0
30,9,198.9851837158203,91412,2,3.4598323589196394,1,0,0,0,0,0,0
47,16,33.188194274902344,94988,4,1.402052309865676,3,0,0,0,0,1,0
27,3,66.22767639160156,94474,2,0.37945307844209,1,0,0,0,0,0,0
36,15,96.47174835205078,90290,2,5.586063373425768,1,394,0,0,0,1,0
44,17,155.28863525390625,93065,1,4.730699044749883,3,0,1,0,0,1,1
62,34,82.62248992919922,92914,2,0.25091468371174797,1,0,0,0,0,0,0
44,24,135.30380249023438,95737,1,2.2305316836168094,1,252,0,0,0,0,0
55,36,28.286087036132812,94165,4,2.3348469905139133,2,133,1,0,1,1,0
42,10,83.89871978759766,91486,3,2.9217720932790554,1,0,0,1,0,1,0
59,31,49.2943115234375,90729,1,0.4196775699442206,1,108,0,0,0,0,0
30,3,39.580482482910156,93169,4,1.5658231934247084,1,0,1,1,0,0,0
46,18,42.56977844238281,93908,1,1.7436028498653435,3,0,0,0,0,1,0
62,35,37.978694915771484,94650,1,2.3348409532343197,2,0,0,0,0,0,0
34,11,51.95218276977539,94787,4,1.8448489217664277,3,0,0,0,0,1,0
34,14,34.52086639404297,92281,3,2.38086969671352,2,188,0,0,0,0,0
64,38,26.40517234802246,90096,4,1.7822530508475525,1,0,0,0,0,0,0
57,25,78.90837860107422,94305,4,2.0234616748524843,2,152,0,0,0,1,0
55,22,33.86256790161133,94865,2,1.0190165423684558,2,78,1,0,0,1,0
43,19,50.76831817626953,89861,2,0.06056340823697179,1,104,0,0,0,0,0
55,37,79.19599151611328,94308,3,2.6525670295138375,3,0,0,1,1,1,0
55,30,162.9071502685547,94651,2,6.381644194588125,1,0,1,0,0,1,0
30,9,158.2369842529297,90252,1,6.486647821752431,1,0,0,1,0,0,0
54,39,36.867713928222656,95261,4,0.21526094333145102,3,102,0,0,0,0,0
57,27,60.8272705078125,91875,1,0.04074586347854081,2,0,0,0,0,1,0
29,7,27.26251792907715,95558,4,0.14423084052017301,2,0,0,0,0,1,0
55,32,15.802833557128906,94568,3,0.7623747262878041,2,0,0,0,0,1,0
64,39,84.50489807128906,95194,2,1.2766990834438576,1,189,0,0,0,1,0
62,21,51.8228759765625,95523,1,2.365198551256292,3,0,1,0,0,1,0
61,36,29.397397994995117,92653,4,1.7450709225041414,3,0,0,0,0,1,0
39,21,45.71282958984375,92936,4,2.4820533352865803,1,0,0,0,0,0,0
40,18,109.200439453125,95060,3,3.0931078946098163,1,0,0,0,0,1,0
47,18,14.14546012878418,95711,1,0.7100656159381022,3,106,1,0,0,0,0
55,36,37.83712387084961,90406,2,1.4142042933333427,3,0,0,1,0,0,0
46,21,88.05722045898438,90046,3,2.0325694465968116,2,0,0,0,0,1,0
61,36,116.74459075927734,91955,3,2.284915144793455,3,0,0,0,0,0,0
27,5,36.02080535888672,90315,3,0.4625278585859939,2,146,1,0,0,0,0
33,11,24.621543884277344,93408,3,0.8744532999136392,1,0,1,0,0,1,0
60,35,61.19720458984375,95456,3,1.5895501870565003,2,0,0,0,0,1,0
39,6,66.78150939941406,94397,3,0.6401118694206667,3,0,1,1,0,0,0
43,25,11.638124465942383,91793,1,1.4075503046051514,3,0,0,0,0,0,0
49,24,39.66560745239258,92109,1,0.40217467815251656,3,0,1,0,0,1,0
46,23,25.43341064453125,93140,3,1.6097606139121343,3,0,0,1,0,1,0
58,35,78.05451965332031,94247,3,1.2566062048346027,1,0,0,0,0,0,0
66,38,28.499116897583008,94282,1,1.9354116870898435,3,0,1,0,0,1,0
36,17,31.111162185668945,92149,2,0.8291197674924735,3,94,1,1,0,0,0
51,21,42.40639114379883,95182,3,1.0390103766374914,1,0,1,0,0,0,0
54,29,37.086212158203125,94311,4,1.2774694558853015,1,205,0,0,0,0,0
46,20,100.86859893798828,94211,3,1.7219330728431128,1,0,0,0,0,1,0
53,16,73.25786590576172,94574,4,1.8142968505889812,3,0,0,0,0,0,0
43,20,74.06010437011719,94689,1,0.7912742444310543,1,0,0,0,0,1,0
44,13,34.76933288574219,94181,2,1.060657388501512,2,0,0,0,0,1,0
36,28,136.9519500732422,90209,4,8.391191659775856,2,0,0,0,0,0,1
30,29,88.00223541259766,94724,2,1.89816205182083,1,0,0,1,0,0,0
50,24,80.80213165283203,90850,3,0.055037593599973955,1,208,1,0,0,1,0
43,21,127.55877685546875,92126,1,2.316464351138392,1,264,0,1,0,0,0
38,9,60.332115173339844,90251,2,2.470020242763452,1,0,1,0,0,0,0
45,23,42.67353439331055,94812,1,0.644197013165506,1,0,0,0,0,0,0
25,5,44.772666931152344,91368,1,1.738820725996845,1,225,0,0,0,1,0
61,35,79.40625762939453,95234,2,0.4589799144810056,2,0,1,0,0,1,0
54,27,44.28481674194336,94665,1,1.9700399267449,3,0,0,0,0,0,0
58,33,106.64716339111328,91684,2,0.31430009000123094,1,0,0,0,0,1,0
52,26,150.59634399414062,90223,2,5.405187552424901,1,0,0,0,0,1,0
30,14,52.61610794067383,95933,4,0.6239075378417972,2,0,0,0,0,1,0
35,3,113.96485900878906,91535,2,2.2481245484085144,1,0,0,0,0,0,0
64,37,56.51778030395508,95232,1,0.38900128349182556,2,0,1,0,1,1,0
24,1,88.71100616455078,92792,2,1.8866664226324465,1,195,1,0,0,0,0
57,35,169.1082305908203,96151,2,4.346569952728091,3,0,0,0,0,1,0
53,32,168.12095642089844,93015,3,3.029183262818901,3,283,0,0,0,1,1
27,1,10.334661483764648,90275,4,0.6968566485327738,1,86,1,0,0,1,0
34,8,12.505769729614258,93341,4,1.495223494586278,3,0,1,0,0,0,0
65,39,51.82823181152344,92698,3,3.912456122264836,1,0,1,0,0,1,0
27,3,54.385135650634766,93447,2,2.026315418432567,2,0,0,0,0,1,0
49,34,61.127586364746094,95053,3,2.2639532825154935,1,0,0,0,0,1,0
54,27,49.33501434326172,92154,2,2.7439203941382333,2,0,0,1,1,1,0
59,38,42.83003234863281,91149,4,1.4536196204650764,2,0,1,0,0,1,0
46,7,21.070148468017578,92314,2,0.4312976240085567,2,0,0,0,0,0,0
44,8,47.105892181396484,90076,2,1.8860129615499062,3,113,0,0,0,1,0
45,21,16.464691162109375,96112,2,1.6389305118089703,3,47,1,0,0,0,0
46,28,23.659835815429688,93072,3,2.0910073917244154,2,0,1,1,1,1,0
51,29,66.41035461425781,95698,2,4.194620390874089,3,0,0,0,0,0,0
44,22,119.46266174316406,94206,3,3.6306063287130974,3,90,1,0,0,0,1
51,30,81.25840759277344,94945,2,1.7719742044482836,2,0,0,0,0,1,0
34,10,168.47999572753906,95815,2,1.9960217597228676,1,0,0,0,0,0,0
30,4,46.2266845703125,91991,2,0.1915387594962079,1,0,0,0,0,0,0
40,21,130.20640563964844,92216,2,0.4203644053555081,1,0,0,0,0,1,0
59,29,48.08877944946289,92302,3,0.5036882672242158,2,0,0,0,0,0,0
39,6,155.1522979736328,95600,2,5.462997961091974,3,0,0,0,0,0,1
47,14,40.016910552978516,94753,2,0.5590223417127245,2,0,0,0,0,0,0
46,18,115.24533081054688,94589,2,1.6322383933167575,1,231,0,0,0,1,0
56,26,29.579303741455078,94155,4,1.5344691067904859,1,365,0,0,0,1,0
59,30,176.6735076904297,90399,4,4.300804308283249,2,288,1,0,0,0,1
56,23,150.03086853027344,94614,1,2.8981847550897464,1,139,0,0,0,1,0
40,19,94.34913635253906,89849,2,3.436392073747598,1,0,0,0,0,0,0
30,4,81.38160705566406,94220,2,1.827259528797565,3,61,0,0,0,0,0
41,11,82.39250183105469,95023,1,3.3643613844944538,1,0,0,0,0,0,0
46,27,136.59976196289062,94693,4,3.9349575244226487,2,0,0,0,0,0,1
45,18,94.73690795898438,91830,1,1.700732927740071,1,0,1,0,0,1,0
33,7,183.81710815429688,92634,2,6.235821177542867,1,0,1,0,0,1,0
61,32,57.1168098449707,90326,1,0.516244365148604,3,0,0,0,0,0,0
29,2,63.393123626708984,94318,4,2.165989697152311,3,0,0,0,0,0,0
32,5,98.04301452636719,90334,4,2.9369235468588273,1,0,0,0,0,1,0
30,9,185.85470581054688,91086,1,0.46653716653586613,1,391,0,0,0,1,0
50,25,111.90716552734375,91936,2,3.38098640996728,1,0,0,0,0,0,0
47,24,57.90087890625,91332,1,1.5819048349309521,3,158,0,0,0,1,0
56,36,39.9757194519043,94382,4,0.5099899930973353,1,0,0,0,0,1,0
56,25,17.160003662109375,95814,3,0.41953575275958466,3,145,0,0,0,1,0
60,34,47.93234634399414,91450,3,2.023785967869493,2,0,1,0,1,1,0
54,27,64.08853149414062,91896,4,1.0703690310596943,3,0,1,0,0,1,0
60,29,116.88481903076172,90229,2,2.636557798046031,1,0,0,1,0,1,0
42,14,92.79125213623047,91882,3,1.391213584478749,1,0,0,0,0,1,0
59,33,69.01216125488281,94459,2,0.6738661299834254,2,0,0,0,0,1,0
38,16,86.8734130859375,94340,4,2.9009436778110897,1,0,0,0,0,1,0
31,4,51.109474182128906,93223,4,3.339110079756846,1,0,1,0,0,0,0
51,27,37.47157669067383,92110,1,1.323843065266935,3,0,0,0,0,0,0
33,14,24.84268569946289,92638,4,0.49462510227002415,1,0,1,0,0,1,0
32,6,86.76504516601562,95255,1,1.8483479417583484,2,0,0,0,0,1,0
32,6,65.06312561035156,92453,4,0.2013932181052953,1,0,0,0,0,0,0
45,27,26.888626098632812,94379,1,1.316911042878715,2,139,0,0,0,0,0
37,12,120.54766845703125,92408,2,1.3602281023313165,1,65,0,1,0,1,0
57,21,97.47203063964844,92005,4,1.9165739171240952,1,0,0,0,0,0,0
45,19,118.40386962890625,91563,1,2.041904372002758,2,334,1,0,0,0,0
64,37,78.82745361328125,94433,1,1.8749880083903332,2,0,0,0,0,1,0
50,21,49.819854736328125,95785,3,2.0094123317062724,2,0,0,0,0,1,0
30,10,132.43997192382812,94313,2,2.6147317879380814,1,0,0,0,0,1,0
33,3,114.2142562866211,94553,4,1.6517156509778146,2,0,0,0,0,0,0
54,18,42.294151306152344,95373,3,0.7552762764420679,1,0,1,0,0,1,0
61,37,82.88766479492188,91518,1,2.6388996543084957,3,0,1,0,0,0,0
33,8,15.883672714233398,96331,1,2.76308767175479,3,205,0,0,0,1,0
56,39,106.08265686035156,91059,2,2.705238344698391,1,0,1,0,0,0,0
32,14,86.35791015625,95713,2,2.4355392138760292,1,0,1,0,0,0,0
31,5,44.059200286865234,94873,4,2.3812332815669466,1,227,0,0,0,0,0
61,36,95.18206787109375,92305,4,1.0846235991265945,1,92,0,0,0,1,0
44,14,18.40008544921875,92172,3,0.6925008409915482,2,0,1,0,0,0,0
59,35,91.58468627929688,94687,1,1.357109214302682,3,232,0,0,0,0,0
44,27,115.51039123535156,95852,1,1.6044366740372435,1,140,0,0,0,0,0
29,0,89.70092010498047,91564,4,3.322548505422993,2,344,0,0,0,1,0
61,32,41.54022216796875,89808,1,1.5999987517004808,3,83,0,0,0,0,0
28,14,27.356142044067383,95733,4,0.17338036365389814,2,140,1,0,0,1,0
34,9,18.6451473236084,95093,3,0.11769568531303748,2,150,0,0,0,1,0
50,30,33.71925354003906,91335,1,0.3635230065219809,2,0,1,0,0,1,0
59,16,118.65937805175781,95468,2,6.216810737300841,1,107,0,0,0,0,0
51,31,25.46102523803711,91103,1,0.20875941728842007,2,0,0,0,0,0,0
62,34,72.60526275634766,92469,4,0.3129173502829915,2,0,0,0,0,0,0
45,9,31.60481834411621,93230,1,1.2841509038513297,3,0,0,0,0,1,0
56,35,70.40589904785156,90064,3,0.32071356561248676,3,106,0,0,0,1,0
46,12,90.29085540771484,94784,2,0.7458303519677597,3,0,0,0,0,0,0
42,26,33.111167907714844,93449,2,1.1507998678343612,3,0,0,0,0,0,0
26,5,67.28585815429688,90175,4,2.0354613449807886,2,0,0,0,0,1,0
45,25,85.76578521728516,95726,4,2.139550564304762,3,0,0,0,0,1,0
64,37,77.62274169921875,95151,4,0.22317296828978875,2,105,0,0,0,1,0
58,35,33.31526184082031,92008,1,0.32911923504173407,1,0,1,0,0,1,0
45,21,23.72577476501465,95371,2,0.22542276317494667,3,0,1,0,0,0,0
30,7,44.69560623168945,96347,3,0.14338992789978713,2,0,1,0,0,0,0
38,5,67.3851318359375,94335,1,2.336867233848709,3,152,0,0,0,1,0
36,4,78.0589599609375,94246,3,1.697293767459553,1,0,0,0,0,0,0
57,30,46.767066955566406,91967,2,2.2312277906715043,3,0,1,1,1,1,0
63,38,135.839599609375,90005,2,1.8385886153000588,1,0,1,1,1,1,0
28,4,44.20100784301758,94707,3,0.8792142964175282,2,0,0,0,0,0,0
66,35,76.01239013671875,90414,4,1.609398440874715,2,0,0,0,0,0,0
30,2,66.8095703125,94485,4,0.9514857889685738,1,0,0,0,0,1,0
45,18,143.08682250976562,91196,1,7.462290112571449,1,0,0,0,0,1,0
66,38,174.3488311767578,94630,2,1.6963027918573153,3,204,0,0,0,1,1
49,25,125.04744720458984,90384,2,3.876694403245729,2,0,0,0,0,1,1
59,37,106.03215026855469,92734,4,0.24215070754305226,1,147,0,0,0,0,0
63,37,112.27760314941406,91379,2,3.4358694224513338,1,104,0,0,0,0,0
50,8,55.00334167480469,96345,1,0.986496204464039,3,0,0,0,0,0,0
31,9,161.17327880859375,95346,1,6.297671879424238,3,0,0,0,0,1,1
62,34,52.48749542236328,95649,3,0.07528415922649156,1,165,0,0,0,1,0
54,34,53.525177001953125,95751,4,0.2784852179554987,2,393,0,0,1,1,0
32,9,67.25234985351562,90113,4,2.800280370214617,1,0,0,0,0,1,0
30,7,42.73685836791992,90091,4,0.6545851810744918,1,0,0,0,0,1,0
31,4,20.120555877685547,94630,1,2.8219547579167394,3,0,0,0,0,1,0
51,33,139.62924194335938,94795,2,2.537527974073412,1,0,0,0,0,1,0
67,37,19.424009323120117,92709,1,0.19331794575177763,3,0,0,0,0,1,0
61,28,76.70389556884766,94563,1,2.2203382591245076,3,0,1,0,0,0,0
26,6,73.39828491210938,92894,1,1.795457381765969,1,0,1,0,0,0,0
64,34,17.40623664855957,96310,4,1.4522898546241625,1,178,0,0,0,1,0
51,24,104.49663543701172,93018,2,0.2092746361028156,2,0,0,0,0,0,1
48,20,67.77433776855469,95183,1,2.2202627251413105,1,0,1,0,0,1,0
62,37,68.65982818603516,91942,3,1.9078105871155253,1,111,1,0,1,1,0
40,17,43.065032958984375,91649,4,0.5251139320540144,2,150,0,0,0,0,0
59,29,55.900733947753906,90140,3,1.8243377693594127,2,0,0,0,0,1,0
59,33,43.15556716918945,94534,2,1.7458512096448986,3,0,0,1,0,1,0
28,2,140.8441162109375,92723,4,0.5339015685232652,1,188,0,1,0,0,0
45,22,85.63046264648438,90129,1,0.47850219822949625,3,0,0,0,0,1,0
61,37,59.21383285522461,91888,3,1.8401978909841699,2,0,0,0,0,1,0
49,15,32.00541687011719,95990,3,0.34435956955926167,1,0,0,0,0,1,0
47,27,164.94586181640625,90508,1,1.3844216402881246,1,0,0,0,0,0,0
54,21,39.89228057861328,92729,4,0.9389628057737782,2,143,0,0,0,1,0
41,13,59.993408203125,93850,4,0.47249986132445193,1,0,0,0,0,0,0
62,39,31.87954330444336,94018,4,0.2840564216894834,2,0,0,0,0,0,0
54,20,116.91775512695312,94792,1,0.14950524161989154,1,0,0,0,0,1,0
56,25,48.072357177734375,92472,4,0.7371876391248738,3,103,0,0,0,0,0
50,16,27.849027633666992,94303,3,0.3413344715522398,3,0,0,0,0,0,0
33,11,98.97624969482422,90955,4,2.2168158844784513,1,399,1,0,0,0,0
41,17,156.536865234375,96395,3,5.450806188168373,2,526,1,1,1,1,1
32,10,140.03868103027344,91627,1,1.5911261292251528,1,0,1,0,0,1,0
63,31,39.91566467285156,92924,2,1.8321521370206297,3,0,1,0,0,0,0
57,27,32.746070861816406,91439,1,1.182825559429391,3,0,0,0,0,1,0
38,7,42.65701675415039,91833,2,0.1986522678345835,1,206,0,0,0,0,0
37,8,68.44913482666016,94572,4,0.0476887262871003,3,0,1,0,0,1,0
30,2,22.48139190673828,92340,3,1.1693927964154502,1,0,0,0,0,1,0
27,1,27.4388484954834,95809,4,0.0550770401600196,1,0,0,1,0,0,0
59,28,186.34593200683594,91808,1,6.773810666760033,2,211,0,0,1,1,1
30,6,112.10574340820312,89927,1,3.5438570063307284,1,0,0,1,0,0,0
39,24,74.05413818359375,95918,2,3.4110060354916723,2,501,0,1,0,0,1
45,28,34.25082015991211,94482,1,0.23944951096993217,1,0,0,0,0,1,0
32,6,58.72312927246094,92432,4,1.8414140834665043,1,142,0,0,0,1,0
59,34,38.29447555541992,93292,3,0.7741679577580782,2,0,0,0,0,1,0
50,27,49.231163024902344,94688,4,0.36228485444877695,2,0,0,0,0,1,0
43,13,204.91966247558594,91002,2,0.17042707519673234,1,0,0,0,0,0,0
59,30,55.13631820678711,95473,4,1.230928682249165,2,0,0,1,0,1,0
24,1,52.45595932006836,95135,2,0.723837388863841,2,0,0,0,0,0,0
36,7,24.498533248901367,94187,4,0.7623284806426369,1,46,1,0,0,1,0
57,26,24.457115173339844,90245,4,1.998291236341474,1,0,1,0,0,1,0
64,38,16.97563934326172,91855,3,0.7193875184766001,1,0,0,0,0,1,0
40,20,86.09371948242188,93415,2,1.5186902520016556,1,177,0,0,0,0,0
35,8,119.60948181152344,94821,2,4.741103961838066,3,0,0,0,0,0,1
25,4,88.55084228515625,94584,4,1.8379756358050345,3,243,0,0,0,0,0
29,0,33.25331497192383,92360,4,1.0009393669306939,2,101,0,0,0,0,0
37,8,101.68712615966797,94269,1,1.0285548166930871,1,0,0,0,0,1,0
54,37,88.18529510498047,95084,4,2.0636502765835427,1,0,1,0,0,1,0
56,33,28.458555221557617,95696,4,0.13295281408856313,3,0,0,0,0,0,0
49,28,56.4533576965332,95140,2,5.9575929443982325,1,129,1,0,0,0,0
56,36,45.8740119934082,93248,1,0.32444573795141707,3,0,0,0,0,1,0
60,36,17.093706130981445,93410,3,0.33248590063072503,2,0,0,1,0,1,0
29,5,74.62399291992188,92932,2,7.718894637131906,1,0,0,0,0,0,0
30,4,59.611297607421875,92579,1,1.257882633583519,1,0,0,0,0,0,0
60,35,126.06097412109375,94277,2,2.1651628227861406,1,0,0,0,0,0,0
30,0,124.01644897460938,91768,4,2.4533977501670488,3,0,0,0,0,1,1
53,25,40.938682556152344,94654,1,1.7011415169901,3,0,0,0,0,0,0
33,8,144.3330841064453,91665,2,3.5679502696292893,3,0,0,0,1,0,1
55,21,68.65930938720703,90324,2,2.8649365769367434,1,0,1,0,0,1,0
43,27,70.77313995361328,95484,4,0.5963507280603738,2,0,0,0,0,1,0
31,8,52.783836364746094,91342,4,2.0405271858436533,3,0,0,0,0,0,0
52,15,63.82200622558594,91234,3,2.120263580734697,2,0,0,1,1,1,0
53,28,81.35580444335938,90924,1,2.0582249945043576,1,262,0,0,0,1,0
55,27,71.58051300048828,92999,1,1.9960319870153955,2,0,0,0,0,1,0
60,28,37.45900344848633,94219,4,0.4209587021352139,1,0,0,0,0,1,0
56,26,18.09258270263672,94556,2,0.4485234511152788,1,100,1,1,0,0,0
39,22,61.818511962890625,93167,1,2.499547166333082,3,0,0,0,0,0,0
63,32,147.56033325195312,91962,1,7.691281959009053,1,112,0,0,0,0,0
58,34,132.12539672851562,91575,1,1.8869608541149998,3,414,0,0,0,1,0
36,6,172.97146606445312,93401,2,3.1716299011864493,1,0,1,1,0,1,0
62,40,88.85832977294922,91621,2,1.4757510514888057,3,0,1,0,0,1,0
29,14,36.55347442626953,91501,3,1.9750883619714776,3,0,0,0,0,1,0
43,16,31.86444854736328,92038,4,0.35309546600117514,2,0,1,1,1,1,0
53,28,31.596965789794922,94209,2,0.3805056981018491,1,0,1,0,1,1,0
41,8,68.18323516845703,92930,2,1.1571556801978162,3,0,0,1,0,0,0
48,19,70.21485900878906,92153,1,2.2572747947119574,3,0,1,0,0,0,0
60,39,44.69844436645508,94074,4,1.6043474574733985,1,0,0,0,0,1,0
53,21,75.62213134765625,93041,1,1.0086345739771199,3,187,0,0,0,0,0
50,22,138.4680938720703,91856,2,3.4153794084761517,1,0,0,0,0,1,0
42,17,54.982601165771484,90165,3,2.3121198994673593,2,0,0,0,0,0,0
53,35,64.44343566894531,94338,4,1.0379396443210445,2,0,0,0,0,1,0
37,13,91.10333251953125,92080,4,3.883677787107652,2,0,1,0,0,1,0
60,39,30.35190773010254,89568,3,0.9564831264927804,2,0,1,0,0,1,0
37,18,61.40901184082031,95259,3,1.8886382081028816,2,0,1,0,0,0,0
57,18,57.06786346435547,90757,2,3.097294635954976,1,102,1,1,1,1,1
42,16,107.8834457397461,93749,4,3.0469380028679174,1,0,1,0,0,1,0
55,33,74.92875671386719,93127,1,0.6325045341299285,1,0,0,0,0,1,0
60,38,22.922481536865234,94411,1,1.9643146550489483,1,141,1,0,0,1,0
59,4,56.18781280517578,95587,1,0.30467405879342035,3,0,0,0,0,1,0
46,20,125.22286224365234,91654,2,0.659565476185906,1,0,0,0,0,1,0
50,13,33.15928649902344,91335,3,2.317699768868759,1,0,0,0,0,1,0
40,33,89.30946350097656,92013,2,0.8724392255842315,1,0,1,1,0,1,0
35,24,91.28958892822266,90125,3,2.023989590812931,3,0,1,0,1,1,0
32,9,125.13291931152344,94977,2,1.482231791281455,1,0,0,0,0,1,0
43,16,35.197914123535156,92026,1,4.202685307841961,1,98,1,0,0,0,0
46,18,60.455326080322266,90543,3,0.9646673548588234,3,0,1,0,0,1,0
42,20,56.19468688964844,94336,4,2.051731374684269,3,0,0,0,0,0,0
50,24,83.73680114746094,95033,4,2.0319252525795917,3,0,0,0,0,1,0
51,34,26.857765197753906,93067,2,1.3818685602716043,3,0,0,0,0,1,0
60,11,42.04567337036133,92333,4,1.7303808615997387,3,242,0,1,0,1,0
43,16,59.823463439941406,92870,3,3.1839743193855328,1,169,0,1,0,0,0
61,35,67.17791748046875,91498,1,0.6794470070859912,3,377,0,0,0,1,0
30,5,70.34178161621094,94248,4,1.5217159460653775,1,0,0,0,0,1,0
39,26,183.4542236328125,94265,1,4.079842372068996,1,379,0,0,0,1,0
47,27,35.65066909790039,95747,3,2.2332678481614656,1,143,1,0,0,1,0
52,29,10.264423370361328,95609,3,0.3669427486704445,3,0,1,0,0,0,0
63,26,36.655723571777344,93256,4,1.9655435684504936,1,0,0,0,0,1,0
62,37,184.09300231933594,90029,1,8.588826199051413,1,0,1,0,0,0,0
63,33,88.8458251953125,95838,4,0.8714962200947828,2,0,0,0,0,1,0
33,15,24.851852416992188,91931,1,0.9705844860758978,2,103,0,0,0,1,0
52,34,34.195518493652344,90550,1,2.078949705657768,2,0,0,0,0,1,0
58,33,39.683509826660156,90220,3,0.6541337187633731,1,0,1,0,1,1,0
23,2,65.43405151367188,90988,1,1.9750981284791918,2,65,0,0,0,0,0
39,10,93.01568603515625,93434,4,0.025952694128850262,1,0,0,1,0,1,0
35,12,53.271759033203125,94570,4,0.8093925711733793,2,0,0,0,0,0,0
33,6,50.316715240478516,90750,1,0.8243204908770649,1,394,0,0,0,0,0
61,35,111.31671142578125,93025,4,2.307005349980904,2,575,0,0,0,1,0
29,3,42.59839630126953,91649,3,0.9842048448503098,1,0,1,0,0,0,0
42,13,55.74311828613281,90351,1,2.8644274568717916,3,145,0,1,0,1,0
54,23,95.6925277709961,95105,4,1.2066986510244027,3,183,1,0,0,0,0
59,29,111.53811645507812,95524,2,2.075997182737965,2,0,1,0,0,1,1
64,37,126.69266510009766,93111,1,4.318612362524179,1,0,0,0,0,1,0
49,39,40.236976623535156,94810,1,1.827334925737551,2,0,0,0,0,0,0
43,17,104.42328643798828,92167,2,2.5163851574257765,1,107,0,0,0,0,0
52,28,65.34532165527344,90148,4,0.04313030311158822,1,104,0,0,0,0,0
41,10,56.359745025634766,94043,4,1.6391303442983274,2,0,0,0,0,1,0
48,15,69.46302032470703,90581,4,5.21478593676093,1,0,0,0,0,0,1
41,18,54.699119567871094,96063,2,2.38174518803928,2,0,0,0,0,1,0
61,33,74.74569702148438,92870,2,2.0789659314349827,2,0,0,0,0,0,0
47,25,89.2177963256836,90207,2,1.9968403823042844,2,0,0,1,0,1,0
39,16,60.77422332763672,91976,2,0.07541706515224383,1,0,1,0,0,1,0
48,23,101.59852600097656,90526,1,6.95182189603294,1,0,0,0,0,0,0
27,15,172.3791046142578,89872,1,6.1568106317892815,1,0,1,0,0,0,0
45,28,34.81541061401367,91714,2,2.015956625729057,3,0,0,0,0,0,0
62,34,52.62105178833008,90781,1,0.3627205365218637,1,0,1,0,0,1,0
61,36,61.570838928222656,90356,4,1.0322709801181489,1,0,1,1,0,0,0
36,15,67.36895751953125,93403,4,1.1894083600610323,2,0,1,0,0,1,0
31,2,84.5370864868164,91146,2,3.778433954536738,3,0,0,0,0,0,0
32,8,70.71652221679688,92084,2,2.700814081574344,1,0,0,0,0,0,0
45,10,53.47451400756836,92628,2,8.047692994657039,3,0,0,0,0,1,0
41,14,109.1882095336914,92845,3,2.4442335254768017,1,0,1,0,0,0,0
44,25,51.31924819946289,94487,4,1.619571089186636,3,0,0,0,0,1,0
43,20,36.942657470703125,95904,1,0.3081699836751031,3,227,0,0,0,1,0
65,38,33.40388488769531,94697,1,1.4170006118463299,2,0,0,0,0,1,0
34,8,77.84178161621094,94511,4,2.0308039405212517,3,0,0,0,0,1,0
58,28,37.68682861328125,90867,3,2.055179395295658,2,100,0,0,0,1,0
38,16,146.36581420898438,90049,2,3.1267396345250686,1,192,0,0,0,1,0
62,35,130.46266174316406,94313,1,4.05907164818734,3,0,0,0,0,0,0
50,34,134.4761962890625,90253,4,3.6538400687627197,1,0,1,0,0,0,0
42,14,20.728076934814453,95270,3,0.8638000120719949,2,0,0,0,0,1,0
58,32,37.81395721435547,90526,3,1.19393444989927,3,0,0,1,0,1,0
43,19,70.46226501464844,94405,2,1.0850947394552408,2,0,0,0,0,1,0
44,27,61.25396728515625,94227,1,0.8620768903228127,3,0,0,0,0,1,0
44,17,52.408233642578125,94748,4,0.19474394846177767,2,0,0,0,0,1,0
45,26,50.57161331176758,91668,1,0.5908152310543711,1,276,0,0,0,1,0
52,12,71.27294921875,95677,3,3.3453178238767745,2,0,0,1,1,1,0
60,35,35.78570556640625,92110,2,0.8163764984286827,1,0,1,0,0,0,0
31,14,20.79135513305664,92459,1,0.47406043706956835,3,0,0,0,0,0,0
27,4,22.689311981201172,95095,3,1.1123959712032552,2,0,0,0,0,0,0
41,18,119.6626205444336,91673,1,1.4826695765357534,1,0,0,0,0,1,0
55,32,164.05960083007812,94546,4,1.9288410840173629,2,0,0,0,0,0,1
46,28,53.01887512207031,93622,4,0.0682414736998837,1,148,0,0,0,0,0
28,3,82.96653747558594,90922,3,1.3409827118044837,1,0,1,0,0,1,0
44,29,40.68780517578125,91926,2,2.064415189481746,3,0,1,1,1,1,0
45,25,89.75257110595703,94589,3,1.9216437087805847,2,0,0,0,0,1,0
54,25,19.24295425415039,95394,4,0.802092778733276,3,0,1,0,0,1,0
41,18,130.63232421875,91184,1,2.698498825757939,1,118,0,0,0,1,0
44,26,65.71407318115234,93331,4,0.2567806229851204,2,0,1,0,0,0,0
46,24,23.88066864013672,94152,4,0.19786681818622143,1,137,1,0,0,1,0
54,29,65.2723617553711,94198,2,4.144965140218521,3,0,0,0,0,0,0
48,17,46.53627014160156,92343,4,0.23596864780016097,2,0,1,0,0,1,0
30,1,18.126731872558594,92999,4,0.1697649812214516,3,102,1,0,0,1,0
34,23,47.130367279052734,91620,2,2.0284572060807546,1,57,0,0,0,1,0
30,7,121.71643829345703,93008,4,0.688096440948672,3,0,0,0,0,0,0
45,12,90.56140899658203,94660,2,1.844394634843321,3,0,0,0,0,0,0
32,9,163.5877227783203,92499,1,2.2418853039008573,1,0,0,1,0,1,1
27,0,79.10881805419922,93337,4,1.423811789313015,3,0,0,1,0,1,0
39,21,73.88800048828125,94565,3,1.818162272061067,2,200,1,0,0,0,0
60,30,74.4940185546875,92043,4,0.2549568460360175,1,0,0,0,0,1,0
28,0,99.26847839355469,94813,4,0.520476103607349,3,0,0,0,0,0,0
45,20,22.710901260375977,95077,1,0.32008398308230873,2,0,0,0,0,0,0
50,26,44.26572799682617,95583,1,2.5145563388192747,1,0,1,0,0,1,0
37,13,65.56080627441406,91300,4,0.04951554454683271,3,0,1,0,1,1,0
32,10,32.669044494628906,92864,1,0.9983896749941538,3,169,0,0,0,0,0
44,21,14.087589263916016,90154,4,0.6590502154633591,2,136,1,0,0,1,0
48,20,21.009613037109375,92169,4,0.002174750761252675,1,0,0,0,0,1,0
46,29,46.88306427001953,92572,1,0.067417571579207,3,96,0,0,0,0,0
35,11,36.96833801269531,91477,4,1.5873564196063876,3,0,1,0,0,1,0
61,33,51.82464599609375,94847,2,2.4892999485519174,3,0,1,0,0,1,0
53,25,26.2889461517334,93201,1,0.2282769908698321,1,0,0,0,0,0,0
36,14,127.42652130126953,91030,1,3.0056894383253177,1,0,1,0,0,1,0
65,37,67.5422134399414,95124,2,0.5926526270486034,3,0,1,0,0,0,0
61,34,50.74482345581055,95335,4,0.11092948944410763,2,0,0,0,0,1,0
33,5,104.56315612792969,92116,3,1.0900992378862462,2,175,0,0,0,1,0
41,16,74.19749450683594,95209,2,1.1414642244127997,3,0,0,0,0,0,0
50,31,60.0928840637207,92878,1,1.237886536274303,3,0,0,1,0,1,0
56,32,54.485652923583984,92526,4,1.172440000972382,3,0,1,1,0,0,0
26,5,85.05728149414062,94983,1,2.0152863085909196,3,0,0,0,0,0,0
30,11,132.81410217285156,94654,2,3.999742599085484,1,0,1,0,0,1,0
49,24,86.7039794921875,94578,2,0.2591466291497808,1,73,0,0,0,1,0
57,33,172.78431701660156,94827,1,0.6950243927185975,1,336,0,1,0,0,0
37,9,58.564361572265625,92084,4,2.124423046020077,2,0,0,0,0,1,0
42,17,110.15190124511719,94197,4,0.5485725546884705,2,0,0,0,0,1,0
49,26,131.7784423828125,93124,4,1.3909763657479064,3,116,0,0,0,1,0
61,37,57.2032585144043,91978,3,1.0414076067189175,1,169,0,0,0,1,0
32,5,87.61631774902344,94148,4,0.5145179798021247,1,296,0,1,0,1,0
62,40,145.91323852539062,94205,2,3.4992200605070556,1,0,1,0,0,0,0
36,7,72.83711242675781,91627,1,3.108060289042202,1,241,0,0,0,1,0
32,11,80.71654510498047,95426,4,0.11304029186927511,3,224,1,0,0,0,0
52,27,74.52885437011719,90103,4,1.2610900559848157,2,0,0,0,0,1,0
37,25,61.32256317138672,94242,4,1.0616269953977795,2,165,1,0,0,0,0
59,22,29.01323890686035,92081,3,1.0591188506549227,3,0,0,1,0,1,0
65,37,62.52745819091797,95501,2,2.419666326440145,1,0,1,0,0,1,0
48,20,88.94766998291016,95647,1,1.7448955156509243,1,0,0,0,0,0,0
65,37,63.13047409057617,93978,3,1.1157508829729839,2,0,0,0,0,1,0
39,4,29.578994750976562,92545,1,1.5468691620519153,3,0,0,0,0,0,0
65,39,69.82994079589844,93799,3,0.14131413896475536,1,0,0,0,0,1,0
54,33,64.4537582397461,95556,3,0.264382945485985,2,0,0,0,0,1,0
28,12,47.34191131591797,91612,3,2.6965737681641957,1,246,1,0,1,1,0
46,20,185.4323272705078,94684,4,3.7912929029161107,3,0,0,0,0,1,1
59,27,34.54985809326172,95665,4,1.6407454586555283,3,0,0,1,1,1,0
30,9,125.51349639892578,91594,3,2.486541441181404,1,0,0,0,0,0,0
46,19,20.39560317993164,94102,2,1.88950766458309,2,0,1,0,0,1,0
25,4,58.39326858520508,91204,2,0.17814424136418253,1,0,1,0,0,0,0
65,40,94.02962493896484,94492,1,1.1121823858935787,2,0,1,0,0,0,0
47,23,44.079254150390625,90342,2,1.1190160937693636,2,0,0,0,0,0,0
28,0,30.702213287353516,94818,3,0.7888275863042074,3,0,1,0,0,1,0
28,2,148.64837646484375,92074,2,6.479808351170375,1,0,0,0,0,0,0
59,24,169.5396270751953,92159,3,3.3072100260991837,3,314,0,0,0,0,1
65,36,67.49808502197266,95336,3,1.007490418856031,3,0,0,0,0,0,0
34,5,60.61875534057617,94467,4,2.100702436577585,2,0,0,0,0,1,0
33,5,57.179019927978516,94484,4,2.2575872203172773,2,0,0,0,0,0,0
31,5,103.4309310913086,95141,2,5.504255500869603,1,0,0,0,0,1,0
42,15,95.7137222290039,91886,4,3.734697355821709,1,0,0,1,0,1,0
64,37,80.10447692871094,90725,3,0.6197138729386793,2,0,1,0,1,0,0
51,27,27.61475372314453,94420,3,1.434284208214967,2,111,0,0,0,1,0
58,36,61.592308044433594,94527,2,1.481703475668519,1,225,1,1,1,1,0
34,8,54.64672088623047,91125,3,0.9446515647794514,2,0,1,0,0,0,0
48,33,47.33695983886719,94048,1,0.48683408355131336,1,128,0,0,0,1,0
32,7,18.9556884765625,94281,3,0.6018799009810409,2,0,0,0,0,1,0
36,15,51.12257766723633,92114,3,0.22432636092435757,2,0,0,0,0,0,0
59,36,14.482362747192383,92820,3,0.4556707394927017,2,116,1,1,0,1,0
47,30,65.19400787353516,94808,2,3.5474959420737155,3,0,0,0,0,1,0
31,3,48.622501373291016,96385,2,1.738801698791599,3,0,0,0,0,0,0
56,31,59.614349365234375,90879,4,0.6373901864304191,3,0,0,0,0,0,0
55,31,42.43906784057617,90300,3,0.7841518624115589,1,0,0,0,0,0,0
54,34,42.646968841552734,92179,2,2.647890832091792,1,395,1,0,0,1,0
55,39,16.03235626220703,94482,4,0.928743555262717,3,0,1,0,0,0,0
60,34,59.670379638671875,95879,1,4.395765515482549,3,424,0,0,0,0,0
62,39,37.64704513549805,93001,1,2.4972857265170822,3,0,0,0,0,0,0
62,34,10.786746978759766,95159,2,0.8365172770175999,3,120,1,0,0,1,0
50,27,182.8731689453125,96065,1,7.725827727598515,1,0,0,0,0,0,0
62,38,14.005416870117188,95763,3,0.18301127616305551,2,81,1,0,0,1,0
37,32,80.17815399169922,94117,3,2.8893155242992568,2,0,0,0,0,1,0
42,20,123.34904479980469,94755,2,4.0077534783494695,1,0,0,0,0,1,0
51,27,62.131038665771484,89808,2,1.0441817645753904,3,0,0,0,0,1,0
36,7,147.6387939453125,91827,2,5.407871079865311,1,0,0,0,0,1,0
67,38,37.17794418334961,91960,4,0.428021735201623,3,105,0,0,0,1,0
59,17,54.77083969116211,91975,3,2.1326046703550445,3,0,0,0,0,0,0
39,15,68.82853698730469,92874,1,0.13773342877597333,2,0,0,0,0,1,0
52,28,38.047584533691406,91360,3,0.7502509180800725,1,177,0,0,0,1,0
63,37,68.39077758789062,92201,2,3.017828344466362,1,105,0,0,0,0,0
33,12,80.91793060302734,94818,4,1.4363563564168464,1,0,0,0,0,0,0
36,9,57.97304916381836,90136,1,1.7122928787329945,1,0,0,0,0,0,0
40,14,94.78617095947266,94667,4,0.18897645203465477,2,0,1,1,1,1,0
35,12,80.44509887695312,91918,3,1.7733263169887823,2,0,0,0,0,1,0
39,9,40.84156036376953,93340,1,0.11685878435720781,1,0,0,0,0,0,0
53,29,15.492040634155273,92787,3,0.5028418971770472,2,82,0,0,0,1,0
46,13,43.398155212402344,90413,4,2.2410893106475727,3,0,0,0,0,0,0
58,35,48.159812927246094,93105,4,2.2451390443982753,1,0,1,0,0,1,0
38,19,51.80232238769531,94406,1,0.4821292230163427,3,0,0,0,0,1,0
60,32,45.18048858642578,94621,1,2.7475219096793335,2,0,0,0,0,1,0
31,9,47.29117202758789,92026,4,4.241674411561819,1,127,1,0,0,1,0
35,8,153.7059783935547,95574,1,0.11171271744863367,1,0,0,0,0,0,0
39,10,81.21415710449219,90381,2,3.3982434914904553,1,369,0,0,0,1,0
44,20,30.398738861083984,95376,1,0.7089695606211186,3,159,0,0,0,1,0
30,5,118.82159423828125,92012,3,2.03808218258213,2,0,0,0,0,1,0
41,34,112.24542999267578,95775,2,7.106600007214907,2,153,1,0,0,1,0
37,2,64.5858383178711,89846,3,2.8589381450573845,1,240,0,0,0,0,0
47,19,92.43721008300781,91191,3,1.7105720911722333,2,238,1,0,0,1,0
62,36,34.65385437011719,95218,3,0.5491873362837412,3,162,0,1,0,1,0
33,3,23.19321060180664,90390,3,1.0220988450022592,2,0,0,0,0,0,0
45,20,176.22036743164062,95084,2,6.3730677554572726,1,0,0,1,1,1,0
36,21,75.55982971191406,95172,3,0.3196520321352915,1,0,1,0,0,1,0
51,13,95.46090698242188,93771,2,2.0864144408446403,3,0,0,0,0,0,0
54,26,53.824214935302734,94710,1,0.07321369746939324,3,113,1,0,0,0,0
57,33,65.52661895751953,95675,2,0.34434372827799914,1,0,1,0,0,1,0
44,25,111.82086944580078,94892,4,1.5382660926916645,2,0,0,0,0,0,1
39,9,50.63518142700195,91262,4,3.614845979079138,1,0,0,0,0,0,0
51,17,20.358421325683594,92565,2,0.28632593004077345,1,131,1,0,0,0,0
56,39,13.1381254196167,93888,3,0.5668279989483401,3,84,0,0,0,1,0
40,23,180.08270263671875,95304,1,8.91875826686758,1,0,0,0,0,1,0
38,14,121.66223907470703,96151,4,4.2075135072395,3,0,0,0,0,0,0
55,27,31.778825759887695,92110,2,1.317192573079339,1,246,0,0,0,1,0
62,37,21.375625610351562,94514,4,0.5193797238123771,2,0,0,0,0,0,0
26,16,70.46603393554688,94624,2,1.0737821261288016,1,151,0,0,0,1,0
63,37,94.47626495361328,94685,1,2.4086515224047917,1,205,0,0,0,1,0
51,20,87.15367889404297,92255,1,1.2987689679841925,1,162,0,0,0,1,0
57,31,44.33638000488281,94896,2,0.8515000573880048,3,117,0,0,0,1,0
44,22,43.05936813354492,94664,1,3.0557240419648686,3,0,0,0,0,0,0
56,33,62.299617767333984,95121,2,5.758631737024055,1,0,0,0,0,0,0
44,23,38.515384674072266,92185,1,1.2861356780276758,3,0,0,0,0,1,0
62,28,47.99863052368164,91928,1,0.5644718258455969,3,0,0,0,0,0,0
35,22,69.06745910644531,95389,1,0.5299337885566684,1,0,0,0,0,1,0
62,36,136.1676788330078,92775,1,0.7322026225972048,1,0,0,0,0,1,0
51,17,30.913002014160156,94407,3,1.0374270028579655,3,0,1,0,0,0,0
57,31,41.647003173828125,94077,4,3.0198230553377416,3,0,0,0,0,0,0
55,34,66.41287994384766,93725,2,1.79032959054193,1,0,0,0,0,1,0
42,19,87.68807983398438,94547,2,2.8696714158317507,1,0,1,0,1,1,0
62,33,23.783246994018555,93405,2,0.3045805757123862,2,103,0,0,0,1,0
59,30,40.704429626464844,94538,4,1.795335581425201,2,146,1,1,0,1,0
45,18,37.12929153442383,94128,3,0.27587317497086783,2,0,0,0,0,1,0
28,2,36.06065368652344,92270,4,1.6070475475504982,2,0,0,0,0,1,0
39,13,117.82304382324219,91361,4,3.5739423509523203,1,0,0,1,0,1,0
38,15,96.08863830566406,95272,4,1.5583070914121164,1,0,0,0,0,1,0
51,28,141.5354461669922,91451,3,5.491753332024491,2,0,1,0,0,0,1
29,1,89.01046752929688,92209,3,0.4507800645276938,2,0,0,0,0,1,0
60,32,91.16624450683594,95061,1,3.5611412710455186,1,0,1,0,1,1,0
49,18,33.9659423828125,92687,1,1.1008896272225124,1,0,1,0,0,1,0
31,5,45.07307052612305,91772,3,2.9032857614410403,2,0,0,1,0,1,0
29,22,61.550018310546875,94591,1,2.758434757078681,1,260,1,0,0,0,0
61,28,67.11756896972656,95207,3,1.6374808848053037,3,0,1,0,0,1,0
28,3,39.55583190917969,93564,4,1.1735020165435608,3,0,0,1,0,0,0
29,16,43.87446594238281,93358,4,1.074599302733137,1,0,0,1,0,0,0
64,33,81.66300964355469,94147,2,1.2779019375243525,2,0,0,0,0,0,0
47,27,56.146793365478516,96080,2,0.6109975850973369,2,0,0,0,0,0,0
52,24,44.717105865478516,94114,4,2.4684820615778547,2,138,0,0,0,1,0
54,4,32.71128845214844,93997,4,1.672007078817261,2,0,0,0,0,1,0
28,8,54.49555587768555,92614,1,0.37128522162519756,3,0,0,0,0,1,0
33,19,176.94825744628906,92186,2,6.4244902353449955,1,0,1,0,0,0,0
65,42,19.577537536621094,90424,3,1.0658753457000725,2,109,0,0,0,1,0
42,16,75.09419250488281,94368,3,2.643242366154108,3,0,0,0,0,0,0
33,5,125.6098861694336,95291,4,2.091373473670291,3,192,0,0,0,1,1
64,38,99.35545349121094,92102,4,2.295239827355586,2,0,0,0,0,0,1
62,36,19.629539489746094,95166,2,1.3454779530506493,2,0,0,0,0,1,0
42,18,90.42408752441406,92140,2,0.1401184331393135,3,123,1,0,0,1,0
52,33,10.047080993652344,94169,1,0.3858934938497055,2,103,0,0,0,0,0
64,37,69.8517837524414,91339,1,1.3207053436147294,1,405,0,0,0,0,0
41,15,57.233543395996094,95438,4,1.664764785594303,1,0,0,1,0,1,0
45,33,85.81016540527344,95914,1,0.696066428428313,1,169,1,0,0,1,0
34,8,150.8108367919922,91303,2,6.2607943571216,1,0,1,1,1,1,0
33,8,35.26945877075195,90211,4,2.594947986139494,3,0,1,0,0,1,0
37,14,36.378211975097656,94069,3,0.2351595679985264,2,0,1,1,1,1,0
61,26,75.49907684326172,92532,4,3.3811814148527346,1,339,0,0,0,0,1
29,8,131.336181640625,94796,3,3.2037715916589162,2,0,1,1,1,1,1
39,14,27.13182830810547,93991,4,1.5630960830775185,1,0,0,0,0,1,0
36,25,60.25312042236328,92071,1,2.2556193314586155,3,0,1,1,1,1,0
63,33,13.958308219909668,90541,4,1.9723786931138862,2,0,0,1,0,0,0
56,30,83.27498626708984,94756,2,1.3896518424626167,1,0,0,0,0,0,0
61,32,46.80356979370117,95374,3,0.37681604777557276,1,0,0,0,0,0,0
47,25,65.09649658203125,94530,1,2.0018718387002292,2,0,0,1,0,0,0
38,8,55.06245040893555,94381,3,0.2965315480949603,2,0,1,0,0,1,0
59,34,68.78446960449219,91248,3,0.3165314212979555,3,207,0,0,0,1,0
52,20,48.40572738647461,91654,1,0.48749264339046255,3,0,0,0,0,1,0
25,4,53.46384811401367,96093,1,4.746487486237628,1,100,0,0,0,1,0
29,14,169.85943603515625,94526,1,6.546502397986481,1,0,0,0,0,0,0
33,8,52.85730743408203,93189,4,1.7380052336615357,1,202,1,0,0,1,0
29,8,200.49874877929688,91228,1,3.2007172269947586,1,0,1,0,0,0,0
55,30,73.70800018310547,95594,1,1.3437148611146137,1,0,0,0,0,0,0
65,42,52.84629821777344,94405,4,0.3387012000333516,3,0,1,0,0,0,0
53,24,18.68263816833496,92719,3,0.48625204218936996,3,0,1,0,0,1,0
42,13,56.8223876953125,92137,2,0.7010575635460993,1,0,0,0,0,0,0
58,33,33.92910385131836,91555,1,1.9924407662248702,3,0,0,0,0,0,0
63,40,60.88475036621094,90146,2,0.0965702206853136,1,0,0,0,0,0,0
29,5,65.21112060546875,94520,4,3.1411101959713816,1,0,1,0,0,0,0
42,23,177.22239685058594,94953,1,3.7368108050370616,1,0,0,0,0,1,0
30,5,31.126514434814453,95046,3,0.4723447412998995,2,0,0,0,0,1,0
30,3,104.7249984741211,92964,4,4.749242945638148,1,332,0,0,0,1,0
48,28,97.98107147216797,94070,1,5.925351191837105,1,0,0,0,0,1,0
56,23,79.18425750732422,95427,3,1.388150489076466,2,0,0,0,0,0,0
40,6,63.93307113647461,96592,4,3.0809783004950075,1,168,0,0,0,1,0
38,15,80.28965759277344,95646,3,1.3328306688071403,1,0,0,0,0,0,0
55,19,161.15496826171875,91649,2,2.2833226452740334,3,0,0,0,0,0,1
34,17,20.80571746826172,91838,2,0.12199432715876435,3,0,1,0,0,0,0
42,16,90.3494644165039,93496,2,6.134438109678747,1,0,0,0,0,0,0
41,9,146.10247802734375,92339,2,2.9464033392412814,1,0,0,0,0,0,0
37,9,34.33344268798828,94058,4,1.0806504626346651,2,168,0,0,0,0,0
63,37,29.10235595703125,90183,4,0.22014883748352784,2,0,1,0,0,1,0
64,38,65.81006622314453,96266,2,1.1734061514967902,1,0,0,0,0,1,0
55,20,192.63442993164062,94694,3,4.996755424537693,3,0,0,0,0,1,1
31,5,93.00117492675781,94409,1,4.713119165470409,3,0,0,0,0,1,0
30,2,84.03157806396484,94271,3,0.3092412510507524,1,0,0,0,0,0,0
55,17,114.1391830444336,95055,2,5.512195548308816,1,118,0,0,0,0,0
41,11,29.62641143798828,92111,3,0.8269531604242425,2,73,0,0,0,0,0
29,11,32.76313400268555,94162,3,0.6855295457159459,2,0,0,1,0,1,0
41,28,73.16087341308594,95042,2,1.413312144085211,1,0,0,0,0,0,0
35,10,69.77667236328125,90229,2,2.2036272402193595,2,0,0,1,0,1,0
31,18,165.94400024414062,93537,1,2.2079213229293,1,0,0,0,0,0,0
33,9,123.26105499267578,92800,1,1.3511115045002438,3,0,0,0,0,0,1
50,28,41.192562103271484,90639,3,1.3358008426029495,1,115,0,0,0,1,0
34,11,64.17636108398438,94489,1,1.0557846255223826,2,0,1,0,0,0,0
35,9,108.30055236816406,90911,2,2.82051488262759,2,120,1,0,0,1,0
62,39,122.64718627929688,92865,1,3.0028079945351607,1,149,1,0,0,1,0
65,39,45.87303924560547,92523,3,0.10320053669775076,3,0,0,1,0,1,0
60,36,51.28106689453125,92748,1,2.0462098881609623,2,0,0,0,0,0,0
38,26,34.426239013671875,94310,3,1.5453363199064354,2,129,0,0,0,0,0
34,17,31.719152450561523,94213,4,2.671967927358639,3,63,1,0,0,0,0
62,36,69.23310852050781,92018,4,0.6337696574070533,2,0,1,0,0,1,0
34,20,14.797764778137207,95333,3,0.28688987371974994,2,0,1,0,0,1,0
41,19,192.2272491455078,92321,2,2.3287296759902905,1,156,0,0,0,0,0
32,21,147.47604370117188,90241,1,4.222355646167035,1,0,0,1,0,1,0
52,22,26.891054153442383,94651,4,0.2861760201277545,1,0,0,0,0,1,0
61,37,51.78791809082031,94512,3,1.6552377165558725,3,0,0,0,0,1,0
36,9,32.16191864013672,94805,4,0.6813779251658085,2,0,0,0,0,1,0
32,14,76.63199615478516,93390,3,1.7654803102737133,3,0,0,0,0,1,0
59,36,31.86966323852539,93413,1,0.6490445709562939,3,0,0,0,0,0,0
53,23,131.15789794921875,94344,1,0.055308648663716875,1,230,0,0,0,1,0
58,36,114.63147735595703,94377,4,1.3361087663246964,1,257,1,1,0,1,0
44,26,78.51082611083984,94338,1,5.073224823077897,1,219,1,0,0,1,0
53,22,78.4322738647461,96043,4,2.890042745479863,1,0,0,0,0,1,0
59,34,34.498374938964844,94203,4,0.2841635256210051,3,151,1,0,0,0,0
34,4,100.7473373413086,92771,2,1.8335918226686183,1,390,0,0,0,1,0
42,17,14.123708724975586,92118,1,0.23823703570854618,1,0,0,0,0,0,0
38,11,53.03971862792969,90511,2,0.12219157601603525,1,101,0,0,0,0,0
30,4,118.80537414550781,92102,2,0.3573852509251545,3,0,0,0,0,0,0
56,39,85.01705169677734,93743,2,1.0273447188188662,1,0,1,0,0,0,0
52,28,59.40465545654297,92342,3,1.2183936318702417,3,257,0,0,0,1,0
65,36,85.44578552246094,94324,4,1.5838245781537605,2,0,0,0,0,0,0
44,20,56.17335510253906,94693,3,0.6592807421617406,1,0,0,0,0,0,0
28,13,217.06704711914062,90199,2,3.8740471706496393,1,206,0,0,0,0,0
45,15,45.90096664428711,95356,1,1.028315646872544,1,0,0,0,0,1,0
52,26,81.34778594970703,91953,1,3.9802761112295095,1,166,1,1,0,1,0
60,34,58.42915344238281,94192,1,1.1016422976232398,2,64,1,0,0,1,0
61,32,115.45738983154297,92502,2,1.5456982926597265,1,331,1,0,0,1,0
34,9,120.03773498535156,94240,1,1.7581832709042542,1,0,0,1,0,1,0
26,0,187.55499267578125,93294,4,7.841703382313023,1,441,1,0,0,1,0
38,17,79.15106964111328,92942,1,2.3011276268412217,3,0,1,0,1,1,0
59,24,55.405208587646484,94122,4,1.3781897341267961,2,0,0,0,0,0,0
38,16,179.78651428222656,90493,1,1.0068312863336049,1,0,0,1,0,0,0
39,25,40.78530502319336,91150,3,0.4552285706993424,2,150,0,1,0,0,0
42,14,46.82948303222656,92445,1,1.6611855041422496,3,0,0,0,0,0,0
44,24,84.69510650634766,95060,4,1.1049469649088393,1,0,0,0,0,1,0
34,2,33.89539337158203,93887,2,1.8758267355817164,2,88,1,0,0,0,0
57,23,34.2044792175293,94160,3,1.7425640585512983,3,0,1,0,0,1,0
62,30,35.963653564453125,90119,2,0.4137325507491353,2,0,0,0,0,0,0
38,13,68.47020721435547,90192,1,3.210418574741399,3,0,1,0,0,0,0
32,7,108.38104248046875,91414,2,5.603424835334756,1,0,0,0,0,0,0
37,13,82.40059661865234,95288,2,1.6209046421203617,2,0,0,0,0,1,0
61,37,89.40241241455078,92161,3,0.9888625168067047,3,0,0,0,0,0,0
43,31,74.3847885131836,93494,1,3.599088001587479,1,0,0,0,0,1,0
35,0,97.28380584716797,92394,1,0.07401933870140817,1,0,1,0,0,0,0
62,28,52.69631576538086,94435,1,2.037670958770418,3,0,0,0,0,1,0
36,8,58.30657196044922,91795,4,1.638497821765275,1,0,0,0,0,0,0
31,7,29.05547332763672,95032,4,0.7170305411746782,3,103,1,1,0,1,0
64,33,138.4444580078125,91232,2,4.909158217974729,2,235,0,0,0,0,1
33,1,85.70520782470703,96475,4,1.2024445001425723,1,0,1,0,0,0,0
39,26,73.33906555175781,95448,2,1.5021537809839962,3,0,0,0,0,0,0
56,26,27.44225311279297,90305,1,0.7548823869647495,3,0,1,0,0,1,0
64,38,35.76453399658203,89973,4,0.9767276680366941,1,0,0,0,0,1,0
52,34,34.76702117919922,94621,3,0.25482786711306943,1,0,0,0,0,0,0
63,40,119.08915710449219,94131,3,7.24015758350764,2,0,0,0,0,1,0
56,36,42.02528381347656,91857,4,2.887848007604814,1,0,0,0,0,1,0
52,25,123.3715591430664,91242,2,0.3760284281187799,1,0,0,0,0,0,0
62,36,81.25843811035156,92098,1,3.5212188546917305,1,379,0,0,0,1,0
46,19,54.2254524230957,95113,2,1.5833346291798236,2,0,0,0,0,0,0
26,1,150.45355224609375,91217,3,3.0820369502199374,3,0,0,0,0,0,0
61,37,117.15689849853516,94242,2,2.072232414000215,3,0,0,0,0,1,0
37,22,115.41780090332031,95718,4,4.7082282763418455,1,0,0,0,0,0,0
56,31,81.76170349121094,92885,2,1.9266905433787747,1,0,0,1,0,0,0
51,28,65.4287109375,93084,2,2.284085679072861,3,0,0,0,0,0,0
48,13,64.18909454345703,94385,4,0.6839411324812035,2,0,0,1,0,1,0
37,18,49.370967864990234,92801,2,0.8257364831339417,1,0,1,0,0,1,0
33,17,37.72730255126953,90394,4,1.2402755048925127,2,0,0,0,0,1,0
44,23,113.85324096679688,94566,2,2.37038060604472,3,0,0,1,0,0,1
41,11,63.84137725830078,95862,1,3.539117361323452,1,409,0,0,0,0,0
36,20,47.550498962402344,92029,4,0.026960872321414753,3,0,0,0,0,0,0
41,15,53.889915466308594,94336,2,0.1348222758215328,2,0,1,0,0,0,0
55,29,63.96461486816406,90620,1,3.1928331839047432,2,0,1,0,0,0,0
46,20,92.05012512207031,91127,4,0.5617520189455356,2,120,0,0,0,1,0
28,14,52.33659362792969,91949,2,0.765974206942085,3,0,0,0,0,0,0
47,2,64.41374206542969,90027,4,0.5145149624152175,2,0,0,0,0,0,0
42,20,98.04584503173828,95562,3,1.6991984147817902,1,0,1,0,0,1,0
61,37,67.11357116699219,94935,3,1.2577360807777649,2,0,0,0,0,0,0
50,28,53.60424041748047,92147,1,1.7201292171337117,3,119,0,0,0,0,0
56,27,156.9201202392578,92856,1,1.7760394470290273,1,0,1,0,0,1,0
42,14,16.114147186279297,92204,4,0.7581641619225986,1,149,0,0,0,1,0
35,10,58.44031524658203,95503,1,1.5770033843965554,3,163,1,0,0,1,0
57,32,85.381103515625,92788,2,1.6145962711975517,2,0,0,0,0,1,0
48,33,137.989501953125,94900,2,0.13560559575446163,1,0,1,0,0,1,0
31,12,107.13642883300781,91637,2,2.248991432504434,2,83,1,0,0,1,1
34,10,180.4883270263672,94551,2,8.286535669857766,2,199,1,1,1,1,1
60,37,50.50387954711914,92072,4,1.7865241432481986,3,0,0,0,0,0,0
40,22,170.49224853515625,92707,4,5.905047372876841,2,413,1,0,1,1,1
67,42,21.606260299682617,91782,3,0.2321570324514675,3,157,1,0,0,1,0
63,35,16.72917366027832,90373,4,1.9810285717719784,1,99,1,1,1,1,0
60,31,120.461181640625,94969,3,1.0081701777842351,2,0,0,0,0,0,1
63,37,63.37730026245117,92052,4,0.22327795156552643,1,0,1,0,0,0,0
46,18,160.19168090820312,94584,1,3.9034810555782826,1,0,0,0,0,1,0
52,33,38.05027770996094,95694,4,0.12611339491606052,3,0,0,0,0,1,0
52,32,82.86044311523438,91919,2,2.1591033068609162,2,0,1,0,0,1,0
63,36,31.000337600708008,93507,3,0.951072040265969,2,0,1,0,0,1,0
47,26,42.40536880493164,95494,1,0.1358097704968399,2,0,0,0,0,1,0
45,21,98.17986297607422,91188,1,1.7260173776614443,1,203,0,0,0,1,0
55,31,95.1473388671875,90426,4,1.3399793907375774,2,0,0,1,0,0,0
59,28,27.36846351623535,90070,1,0.24107320440048613,1,117,1,0,0,1,0
47,13,141.53369140625,90920,1,1.379456282822817,1,0,0,0,0,1,0
31,20,64.62178039550781,93040,4,4.156707727963811,2,0,0,0,0,0,0
45,25,54.7088737487793,91621,2,1.8981112020777282,2,0,0,0,0,1,0
58,33,40.49869155883789,90273,2,0.4232615550594887,2,0,0,0,0,1,0
39,19,91.42295837402344,94642,1,0.9596426739770947,1,91,0,1,0,1,0
44,27,26.916526794433594,93442,3,0.06467770888638624,2,0,0,0,0,1,0
56,34,97.10491943359375,93319,3,1.0916813167286232,2,0,0,0,0,1,1
27,0,96.6241683959961,94028,2,0.5095303440149876,3,0,1,0,0,1,0
57,30,75.65361785888672,94958,2,1.2869075568547266,1,101,1,0,0,1,0
60,37,32.91069030761719,92590,1,1.258600394494057,3,0,1,1,0,1,0
61,26,20.206327438354492,90796,2,0.0039225079695036635,1,0,0,0,0,1,0
43,22,66.87295532226562,92763,4,1.0158337649414597,3,0,0,1,0,0,0
52,14,25.142745971679688,92424,4,0.0228288578285053,1,0,0,0,0,0,0
34,6,157.90252685546875,92548,2,5.558013379720033,1,0,0,0,0,1,0
39,9,66.15938568115234,91048,2,0.24119375622288913,1,0,0,0,0,1,0
65,37,58.82970428466797,94726,4,0.72429646491774,2,0,0,0,0,0,0
56,10,28.710092544555664,92561,4,4.075570856900686,1,0,1,0,1,1,0
65,42,56.038692474365234,95077,4,1.8478041018124476,1,0,0,0,0,1,0
27,3,31.10502052307129,95042,2,0.3622254336201825,1,0,1,0,0,1,0
39,23,61.309478759765625,91640,3,0.9953920687345081,3,0,1,0,0,1,0
36,21,31.241439819335938,91739,1,1.9165344764190304,1,0,0,0,0,0,0
46,26,18.205839157104492,91886,2,1.2626275583113122,3,0,0,0,0,1,0
66,38,99.79427337646484,94551,2,0.3625035683164006,1,0,0,0,0,1,0
52,32,49.78369903564453,94636,1,0.554537196539788,3,0,1,0,0,1,0
45,16,67.31452178955078,90474,2,2.146318976754569,3,229,0,0,0,0,0
60,31,34.47553253173828,91062,2,1.9653745834078593,1,354,1,0,0,1,0
39,4,59.811439514160156,91385,4,1.6715140387810998,3,0,0,0,0,1,0
29,1,73.52503967285156,94836,4,0.2730859423996934,1,0,0,0,0,1,0
52,31,42.4378776550293,90368,2,1.4974877406116023,2,0,1,0,0,0,0
60,42,12.2717866897583,95763,2,0.2122340251998166,3,0,0,0,0,0,0
44,20,44.737579345703125,94109,4,0.6016836660616975,1,291,1,0,0,1,0
56,36,44.71644973754883,94722,1,1.6268521455787972,3,0,0,0,0,1,0
27,2,32.36195373535156,94441,3,0.9058218813292258,2,0,0,0,0,0,0
65,41,41.77698516845703,94206,4,1.0441485434621947,3,0,0,0,0,1,0
51,30,29.414134979248047,92834,4,1.4900865363332594,3,142,0,0,0,0,0
61,33,83.51578521728516,91897,4,0.132489701280248,3,0,0,0,0,0,0
39,15,31.933914184570312,94187,4,0.6278517444731819,1,0,0,0,0,1,0
25,2,146.632568359375,91823,4,4.316076829437339,1,330,1,0,1,1,1
33,7,200.49732971191406,89968,1,7.740418248853399,1,0,0,0,0,1,0
55,31,187.39317321777344,94750,1,4.4978563045915045,3,529,0,0,0,0,1
30,4,179.42979431152344,94290,4,2.485539269732711,3,252,0,0,0,0,1
44,13,156.32122802734375,91657,1,0.7601530075448104,2,353,0,0,0,1,0
62,40,66.98004913330078,94383,3,1.993843778546093,3,270,1,0,0,1,0
36,16,52.54810333251953,93409,2,0.8725303024744532,2,0,0,0,0,0,0
46,18,95.5281982421875,94003,4,3.237447682757256,1,0,0,0,0,0,0
49,19,48.16280746459961,91979,4,2.024782085471984,1,0,1,0,0,0,0
38,17,57.025550842285156,90454,2,0.29968809985352396,2,0,1,0,0,0,0
35,4,57.82856369018555,94613,4,1.9308204792896186,1,190,1,0,0,0,0
64,34,63.48485565185547,95181,2,2.0033029784738527,2,0,0,0,0,1,0
43,14,106.32010650634766,94705,3,0.5091437413175093,1,0,0,1,0,0,0
60,35,114.73186492919922,90439,1,0.5970146369962493,1,0,0,0,0,1,0
29,22,16.498254776000977,93263,1,0.558840540368972,2,0,0,0,0,0,0
30,3,15.519367218017578,95251,3,0.6798975930537541,2,0,1,0,0,1,0
55,34,33.22550582885742,94491,2,1.3045122412346468,1,0,0,0,0,0,0
41,11,69.3145751953125,96362,3,3.810614601795324,3,0,0,0,0,0,0
41,9,90.91609191894531,92928,1,3.3164808965680406,3,237,0,1,0,1,0
52,27,44.93560791015625,90350,4,2.293142066030952,3,149,0,0,0,0,0
47,26,66.10630798339844,94847,2,0.8705796171099451,1,0,0,0,0,1,0
32,12,56.66193389892578,91989,4,1.4534330327090066,3,0,0,0,0,0,0
58,33,63.47872543334961,92189,4,1.4075595711285651,3,0,0,0,0,1,0
42,22,76.67955780029297,96372,1,2.6013178630576728,1,0,0,0,0,0,0
59,34,133.87158203125,95382,4,0.3964241133097903,3,0,0,0,0,0,1
26,0,68.33609008789062,91111,3,1.8501968077410507,2,0,0,0,0,0,0
36,16,75.42040252685547,94590,1,0.8431904828247849,1,0,0,1,0,1,0
28,3,129.455322265625,94172,2,4.7816844858597705,3,266,1,1,1,1,1
56,26,132.7443084716797,90396,1,1.169961867204508,2,0,0,0,0,1,1
49,29,58.97409439086914,94383,4,1.4802375503367622,2,0,0,0,0,0,0
55,36,56.864139556884766,91612,2,0.05356961812836414,2,0,0,0,0,1,0
54,8,143.58055114746094,92300,1,0.2988514970454507,1,146,0,0,0,1,0
45,17,18.6154842376709,90720,2,0.2653971053569503,3,0,0,0,0,0,0
30,3,25.110258102416992,94126,3,1.5718465309430405,2,0,0,0,0,0,0
50,29,143.57998657226562,91293,1,1.2831794985188592,1,0,0,0,0,0,0
59,13,29.952564239501953,95175,3,0.16248456549523277,3,0,0,0,0,1,0
49,25,62.317352294921875,92257,3,0.31428250831771853,2,0,0,0,0,1,0
38,15,33.37467956542969,96069,4,2.145059594179873,3,0,0,0,0,1,0
45,17,84.82743072509766,93087,3,1.476013611545037,3,367,0,0,0,0,0
52,24,35.34507751464844,92046,1,0.8078678804735434,2,0,0,0,0,0,0
49,28,194.11021423339844,92007,4,0.27902916808397654,1,0,0,0,0,0,0
29,2,16.83639907836914,95976,4,0.23374210233459025,3,193,0,1,0,0,0
59,27,143.48516845703125,89957,1,3.9154106192300144,1,0,0,1,0,1,0
41,15,88.56971740722656,94681,3,0.29618390618284535,2,0,0,0,0,0,0
55,31,93.47700500488281,94455,2,2.789500630193918,1,0,0,1,0,0,0
27,6,61.28127670288086,94651,2,2.361321277952607,1,0,0,1,0,0,0
24,1,137.92620849609375,90396,3,8.547522748623013,1,0,0,0,0,0,0
39,10,67.5326919555664,93907,1,5.259016994782986,1,164,0,0,0,1,0
47,18,97.77265167236328,92003,2,2.4668574973255493,1,86,0,0,0,0,0
54,28,68.49211120605469,90020,4,0.17021663213103463,3,0,0,0,0,0,0
49,27,47.80661392211914,92721,4,2.7508473200100165,3,0,1,0,0,0,0
58,33,126.13500213623047,94716,2,1.5662616996297531,1,0,0,0,0,0,0
46,11,34.55741882324219,93730,3,2.260588520500738,2,0,0,0,0,1,0
63,37,114.95104217529297,94225,1,2.4372840097702815,2,0,0,0,0,0,0
51,31,36.82573699951172,92916,4,2.7639072062194074,1,0,1,0,0,0,0
66,34,103.25349426269531,92024,1,1.0984759041111531,3,0,0,0,0,1,0
44,11,19.373790740966797,93318,3,1.3231199633932111,2,138,1,0,0,1,0
53,27,49.696502685546875,91287,2,2.0121678951496165,3,0,1,0,0,0,0
61,37,37.550086975097656,93547,2,0.5016559909370426,3,0,0,0,0,1,0
45,23,18.97411346435547,95741,3,0.3093604129769776,3,0,0,0,0,1,0
42,6,30.855998992919922,95761,3,0.7542220506987883,3,0,0,0,0,0,0
42,26,118.65766906738281,94398,2,1.9664263433122857,3,0,0,0,0,0,0
48,20,47.3064079284668,94285,4,1.4351744591137734,3,0,0,1,0,0,0
47,14,93.4128189086914,95288,2,0.07084621623651535,1,0,0,0,0,0,0
29,13,52.035430908203125,93969,4,1.9951115012213019,2,64,0,0,0,1,0
62,39,107.95875549316406,91185,4,2.312539012978398,2,0,1,0,0,1,1
60,38,152.14743041992188,90114,4,4.780281050495459,2,0,0,0,0,1,1
58,32,177.2830047607422,92324,1,4.271560595851783,3,0,1,0,1,1,1
43,18,91.49410247802734,96261,2,0.3402611199763248,3,0,0,0,0,0,0
36,12,67.44425964355469,91371,4,0.7180404961944296,1,0,1,0,0,1,0
60,31,41.536617279052734,95070,1,0.6056325244978974,1,0,0,0,0,0,0
47,31,27.199941635131836,92811,4,1.1688623508789755,3,0,1,1,0,1,0
36,10,50.06910705566406,93126,2,1.237791864496056,2,0,1,0,0,1,0
29,1,41.892967224121094,91991,3,1.0331549278034131,1,0,0,0,0,1,0
58,34,25.605098724365234,92423,2,1.2435872183049357,1,0,0,1,0,1,0
33,11,106.03341674804688,91578,2,2.120632182036252,1,0,1,0,0,0,0
36,8,87.05438995361328,94127,3,0.4233849745656214,1,0,0,0,0,1,0
37,16,61.47250747680664,91842,2,1.565191167767003,2,0,1,0,0,1,0
59,38,21.34421157836914,96153,3,0.5737341576311872,1,0,0,0,0,0,0
50,28,83.08038330078125,94865,3,1.3738516062655943,1,0,1,1,1,1,0
59,32,56.35895538330078,95795,4,0.6170755871698932,3,0,0,0,0,1,0
39,26,153.8385772705078,92762,1,0.6916057247839125,1,0,1,0,0,1,0
30,10,61.191165924072266,90494,2,2.561920393082185,2,102,1,0,0,1,0
40,20,45.76348876953125,95285,4,0.4820847584676138,1,0,1,0,1,0,0
34,11,99.4923095703125,92321,2,0.14975225856245244,1,99,1,0,0,1,0
52,31,79.87260437011719,94848,3,1.1206663088553754,1,0,1,0,0,1,0
44,20,15.185096740722656,94594,1,0.35889593569048317,2,0,1,0,0,1,0
51,20,50.28596496582031,92806,1,1.5092717298045926,3,0,1,0,0,0,0
33,7,39.25975799560547,91900,1,1.7288377955317813,3,0,1,0,0,1,0
35,9,67.53351593017578,93932,2,0.6970215256777662,1,0,0,0,0,1,0
50,22,110.45388793945312,90401,4,1.1869645604376626,1,356,0,0,0,0,1
32,7,38.23845672607422,95224,3,0.16510004987401627,2,0,0,0,0,0,0
52,34,42.43962097167969,93480,4,2.3431248426607736,3,0,1,0,0,1,0
61,35,88.26370239257812,95642,1,1.7088210570469597,2,233,1,0,0,1,0
59,30,35.492431640625,90524,4,1.343091553100562,3,0,0,0,0,1,0
58,29,98.98040771484375,90633,2,2.3797349063576556,3,0,0,0,0,1,0
53,27,116.23121643066406,90882,2,1.5110812932309392,1,0,0,0,0,0,0
54,21,125.32733917236328,94486,3,1.7606390823738394,1,0,0,1,0,1,0
29,9,91.3726577758789,93043,1,3.9027913636664637,3,115,0,0,0,1,0
36,6,92.54121398925781,91064,1,3.013027439780669,3,0,1,0,0,0,0
33,5,42.39996337890625,92605,1,2.050768680551037,3,0,1,0,0,1,0
63,37,40.43035125732422,94631,3,0.77800070966058,1,0,0,1,1,1,0
57,25,58.90910339355469,95859,3,1.499583371211166,2,0,0,0,0,0,0
48,25,96.04090881347656,91396,1,2.933149925213527,3,0,0,0,0,0,0
46,18,41.794708251953125,94920,3,0.24608829957871906,2,98,0,0,0,1,0
45,22,30.132299423217773,94135,2,0.04869271046671969,1,0,0,0,0,1,0
57,32,34.259666442871094,95311,4,1.068887116914921,2,0,1,0,0,1,0
47,18,39.46697235107422,95187,2,0.18927025436385841,3,0,0,0,0,1,0
27,0,67.01013946533203,92164,4,1.2673516113652141,3,0,0,0,0,0,0
37,32,175.30271911621094,96253,2,3.900799385587853,1,259,0,1,1,1,1
28,2,22.34168243408203,93163,4,0.07294288406207836,1,94,0,0,0,1,0
45,17,111.6677017211914,95719,1,2.1063840462390506,3,225,0,0,0,0,0
60,37,120.43061828613281,90189,2,0.26299970270718354,1,0,1,0,0,1,0
53,24,26.967695236206055,95367,2,2.2163842255868484,3,0,0,0,0,0,0
57,34,174.20587158203125,90731,2,7.689391637866463,3,0,0,0,0,1,1
60,20,73.66798400878906,91539,2,2.2841923503555956,1,0,0,0,0,0,0
52,29,65.62210083007812,92802,4,1.61237333536027,2,0,0,0,0,1,0
63,34,46.11064910888672,93769,3,1.9948507673344391,1,0,1,0,0,1,0
35,10,36.980995178222656,94847,2,1.7273746168491972,1,0,0,0,0,1,0
39,13,33.9168701171875,94649,3,0.7642559412999566,3,104,0,1,0,1,0
58,26,47.07467269897461,91132,1,0.13476579992050752,1,166,0,0,0,0,0
50,28,193.69993591308594,92035,2,6.013813364096505,1,392,0,0,0,1,0
45,23,58.839839935302734,94259,1,2.192568195185767,2,0,0,0,0,1,0
43,14,143.430419921875,94690,1,6.137981796449352,1,0,0,0,0,0,0
63,36,74.2211685180664,93973,2,0.5206891436954391,3,102,0,0,0,0,0
28,5,68.11426544189453,94407,2,1.9182715659649632,1,143,0,0,0,0,0
41,15,165.62522888183594,95161,1,6.345549514638565,1,333,0,0,0,0,0
33,10,189.2187957763672,90099,2,2.7992166908483487,1,230,0,0,0,1,0
50,24,107.6655044555664,90987,4,4.125192645676827,2,0,0,0,1,1,1
64,38,149.305419921875,91503,3,1.463117836467131,1,0,0,0,0,1,1
36,8,36.450408935546875,94600,1,1.0091763198123525,3,0,1,1,1,0,0
37,18,163.63348388671875,92163,2,4.1967070158247655,1,208,0,0,0,0,0
49,20,116.55158996582031,89934,3,1.9029224500046877,3,0,0,0,0,1,0
66,41,56.43387222290039,91809,4,1.6115266047342653,3,0,0,0,0,0,0
34,7,40.36547088623047,92217,4,0.30666279568434857,1,0,0,1,0,1,0
30,8,120.28893280029297,92978,1,1.5780307660558468,1,0,1,0,0,1,0
50,20,99.17530059814453,95878,1,3.5230642619315953,1,0,0,0,0,0,0
53,32,32.256797790527344,91718,2,0.5198255005095709,1,158,1,1,0,0,0
56,22,40.087947845458984,91428,4,0.44797030781985203,3,0,0,0,0,0,0
33,6,78.7381591796875,90121,1,1.61004220464888,1,0,1,0,0,0,0
55,19,63.39502716064453,90020,3,1.2090266267761705,2,149,0,0,0,1,0
46,16,34.88754653930664,92158,2,0.6671351884336457,2,0,0,0,0,1,0
33,9,209.75575256347656,94643,4,2.913045207479892,2,487,1,0,1,1,1
45,17,76.80010223388672,90397,2,1.5349745422983938,3,222,0,0,0,1,0
38,24,45.654029846191406,95276,4,2.965516209052838,1,0,1,0,0,1,0
57,28,41.284725189208984,90094,3,1.6433209192114648,3,342,0,0,0,0,0
27,8,28.735990524291992,93181,4,2.2218482931388244,1,0,0,1,0,1,0
66,41,184.8790740966797,90338,4,5.702992270035259,2,0,0,0,1,1,1
43,15,101.95355987548828,91333,4,1.7184620808237372,2,57,1,0,0,1,0
42,14,50.17803192138672,90419,2,2.1111547229853747,3,0,0,0,0,0,0
41,13,24.367502212524414,93024,3,0.35915154254465065,2,0,0,0,0,1,0
38,13,33.16517639160156,93807,3,1.0304554999947309,2,0,0,0,0,0,0
24,19,32.925384521484375,89685,4,2.5280259852435853,2,0,1,0,0,0,0
46,24,82.09671020507812,94389,1,7.178958187001907,1,148,0,0,0,0,0
40,26,40.878414154052734,94464,4,1.2457326097679604,2,0,1,0,1,1,0
37,12,43.76697540283203,93988,3,1.3568438700278855,2,0,0,0,0,1,0
42,24,112.58092498779297,95145,2,5.317188811589582,1,0,0,0,0,1,0
26,2,62.924339294433594,94862,4,1.1173942040535505,3,142,0,0,0,1,0
58,35,95.02051544189453,91078,2,5.188318107460669,3,0,1,0,0,1,0
62,39,16.843339920043945,96030,3,0.6531067490341177,1,178,1,0,0,0,0
34,6,101.10003662109375,94242,1,2.141594779397661,1,165,0,0,0,0,0
46,23,44.72944641113281,94062,2,2.333714771863624,2,0,0,0,0,0,0
47,20,47.868995666503906,91781,4,0.43801694071718617,1,0,0,0,0,0,0
32,5,136.2713623046875,93710,1,2.3060952686520406,1,295,0,0,0,0,0
38,13,49.754302978515625,90073,3,0.3803912028509352,3,102,0,0,0,1,0
53,28,94.82653045654297,92846,1,0.18753329478520842,1,0,1,0,0,1,0
33,9,200.78829956054688,91828,2,6.122787491916808,1,0,0,1,0,1,0
39,16,20.300498962402344,95169,4,0.6481869834983157,1,0,0,0,0,1,0
58,28,121.72692108154297,92068,3,3.4919262216577773,2,0,0,0,0,1,1
60,26,59.172203063964844,94576,2,1.5526525733568772,3,221,0,0,0,1,0
38,22,73.74910736083984,91352,4,0.49961940145324785,3,154,0,0,0,1,0
40,18,48.85517120361328,92503,3,1.596933366904636,1,239,1,0,0,0,0
28,3,99.10623168945312,94983,1,2.5495021116949887,1,459,0,0,0,1,0
39,8,18.84996223449707,93062,1,0.37811816505863255,2,0,0,0,0,0,0
34,5,24.185306549072266,94751,2,1.5922174303044954,2,0,0,0,0,1,0
60,32,28.85594940185547,94405,3,0.25001568336082763,2,135,0,0,0,0,0
57,34,40.016544342041016,94659,3,0.9659944748300805,2,0,1,0,0,0,0
54,29,42.80316162109375,89815,1,1.1292808283000653,3,0,0,0,0,0,0
46,21,23.095550537109375,95769,4,0.022225831706349453,1,0,0,0,0,1,0
42,22,67.31163024902344,95068,1,0.3480462749304356,1,0,0,0,0,1,0
65,41,30.64114761352539,92169,3,0.6682503291638276,2,0,0,0,0,1,0
62,32,38.771461486816406,91935,3,1.2968420437166763,2,224,0,0,0,1,0
59,34,44.01526641845703,95483,3,1.1136025010587183,3,0,0,0,0,1,0
37,20,19.080778121948242,91510,1,0.7877586350841986,1,137,1,0,0,1,0
45,21,13.632168769836426,92710,1,0.09857450300211917,3,0,1,0,0,1,0
36,16,53.324745178222656,90297,2,1.8477091971668869,3,0,0,0,0,1,0
31,5,178.6501007080078,93121,2,2.095287792415773,1,0,0,0,0,1,0
61,36,23.377368927001953,95453,4,0.4160746725310685,2,0,1,0,0,0,0
30,8,17.278301239013672,95229,3,0.06133145965109951,1,0,0,0,0,0,0
53,5,101.17330932617188,94014,1,3.3440481032639977,3,0,0,0,0,1,0
46,27,100.90254211425781,92458,1,0.5159354182558332,2,144,0,1,0,0,0
40,13,133.99954223632812,90158,1,2.573931149893463,1,0,1,0,0,0,0
28,3,42.67593002319336,94811,4,2.8793169279615833,1,0,0,0,0,1,0
29,2,80.92792510986328,92306,4,4.190182636306235,2,279,0,0,0,0,0
53,32,89.90656280517578,93917,2,1.4181687690142053,3,0,1,0,0,1,0
59,39,97.57134246826172,92154,2,1.7198772885373104,2,173,0,0,0,1,0
62,41,69.48601531982422,90952,3,0.4803523802554716,2,239,1,0,0,0,0
47,15,65.40467834472656,94386,2,5.806277677319208,1,0,1,0,0,1,0
54,28,144.78419494628906,90434,3,5.265210549625808,1,0,1,0,1,1,0
59,23,112.45613098144531,95329,4,2.051519611664945,2,0,0,0,0,0,1
30,1,80.09345245361328,94935,1,1.601802183559683,1,0,1,0,1,1,0
33,10,45.11180877685547,95650,1,0.27355440655915453,1,0,0,0,0,0,0
48,25,42.86944580078125,91685,3,3.8000509434462635,1,0,0,0,0,0,0
32,6,69.8863754272461,96616,4,0.41011031613283533,3,188,0,0,0,1,0
45,22,24.940673828125,94745,1,0.25023274958050856,1,0,1,0,0,0,0
41,17,164.30628967285156,93136,3,3.4831053883641108,1,0,1,1,1,1,1
66,42,93.6512222290039,90643,1,1.5124971995557979,1,0,1,0,0,0,0
34,25,62.644813537597656,93050,4,0.5515337946396395,3,0,0,0,0,0,0
42,19,100.72515106201172,94541,2,0.9526652410747468,3,0,1,0,1,1,0
40,5,61.63443374633789,90916,3,0.6890251255856498,1,0,1,0,0,1,0
41,19,85.7000732421875,92948,2,2.132120817078027,3,0,1,0,0,0,0
37,1,54.57311248779297,92748,1,0.305796269627762,3,0,0,1,0,0,0
50,25,63.20820999145508,94145,3,1.1292143760417486,1,0,0,0,0,0,0
37,13,200.0604705810547,95056,1,7.176883225198611,1,397,0,0,0,1,0
61,35,47.52857208251953,92139,3,0.7149009260716177,1,0,1,0,0,1,0
35,7,40.539955139160156,92909,1,0.8966650026142505,2,0,0,0,0,1,0
58,33,75.10669708251953,90508,1,1.1882419497074632,3,0,0,0,0,0,0
31,2,92.65204620361328,94477,4,2.462531509315231,1,0,0,0,0,0,0
48,20,71.34503173828125,95489,3,1.368613211215066,3,228,0,0,0,1,0
33,6,42.78351593017578,92283,1,1.767255635322672,2,100,0,0,0,0,0
32,6,65.86314392089844,93952,3,0.3051448703040858,1,0,0,0,0,1,0
39,11,26.887191772460938,95435,4,0.5293677786661177,2,87,0,0,0,0,0
31,9,99.52436828613281,92395,2,1.798917625652741,2,0,0,0,0,0,0
65,40,75.24795532226562,92100,2,1.849301487620191,1,0,0,0,0,1,0
31,13,30.827430725097656,94035,1,0.1679567364476191,1,0,1,0,0,0,0
36,3,151.4823455810547,95192,2,0.011502105302399257,3,369,0,0,0,0,0
31,6,60.277687072753906,93910,3,1.1675582848054957,2,0,0,0,0,0,0
41,17,58.18723678588867,90096,3,1.3080285914499714,2,0,1,0,0,0,0
58,25,166.01962280273438,92086,1,6.188510293509722,1,0,0,0,0,0,0
55,28,48.55084228515625,95382,1,2.1890115647571733,3,0,0,0,0,0,0
55,36,47.11968231201172,92042,2,0.6238864999497502,2,0,0,1,0,1,0
32,4,23.282379150390625,95200,4,0.6329094087814556,1,0,1,0,0,1,0
61,30,26.167938232421875,92921,3,1.2417158098002314,2,110,1,0,0,1,0
37,10,155.07691955566406,95100,2,4.899815085436029,1,384,0,1,0,0,1
43,22,64.31497192382812,93332,1,1.0949036602896585,3,0,1,0,0,1,0
47,22,158.89083862304688,94866,1,7.184553547564548,1,76,0,0,0,0,0
61,39,35.69573974609375,95986,3,1.2617852514904293,3,0,0,0,0,1,0
40,22,34.998451232910156,94508,2,2.58116620408417,2,0,0,0,0,0,0
45,27,32.445953369140625,94098,3,0.9427649750468707,3,0,0,0,0,1,0
51,14,63.981903076171875,91301,1,1.7900826615045047,2,0,1,0,0,0,0
26,1,74.2511215209961,90887,4,2.5507168315779327,3,0,0,0,0,1,0
55,27,88.76119232177734,95415,1,0.0422918391695678,2,0,0,0,0,0,0
33,8,52.79469680786133,94657,3,1.482798498511671,1,101,0,0,0,0,0
53,30,60.168949127197266,94179,4,0.21636897371118713,1,0,1,0,0,0,0
56,34,118.438720703125,95724,2,6.261269702858584,1,0,0,0,0,0,0
34,2,37.04216384887695,91206,3,0.9176907025374744,3,0,0,0,0,1,0
64,30,70.19701385498047,95220,2,2.0534860676973334,1,0,1,0,0,1,0
46,18,64.39750671386719,94786,4,1.487659396807516,3,0,0,0,0,1,0
31,4,23.846080780029297,94619,1,1.1621054089072484,2,0,0,0,0,1,0
47,29,131.25912475585938,96114,3,1.1722990429048517,3,0,1,0,1,1,0
49,29,81.22469329833984,90201,2,1.6440605260999823,2,0,1,1,0,1,0
52,16,92.34220886230469,94514,1,0.6526867639207232,1,110,0,0,0,1,0
45,19,33.687801361083984,91475,3,2.052493006195584,3,0,1,0,0,0,0
32,10,48.13603591918945,90358,2,0.7663458117598495,3,0,0,0,0,1,0
34,7,26.689083099365234,92954,4,0.23658486813074361,3,0,0,0,0,0,0
54,28,182.7507781982422,93022,1,3.1596074949617274,1,0,1,0,0,0,0
38,15,61.7440071105957,92160,3,1.965612182963075,1,0,0,0,0,0,0
62,38,11.590359687805176,91361,2,0.4403392106072201,3,103,0,0,0,0,0
39,14,112.6044921875,94575,3,2.8821931554881903,1,0,1,0,0,0,0
40,33,215.7599334716797,95466,2,8.701431052584407,1,0,0,0,0,0,0
41,15,45.359683990478516,91461,2,0.9023479732123603,1,193,0,0,0,0,0
45,19,163.67538452148438,92282,2,2.6809347423287617,1,0,0,0,0,1,0
40,10,20.7321720123291,91933,3,0.963752923054395,3,0,1,0,0,0,0
41,16,168.93594360351562,92603,2,2.9189599761193383,1,350,0,0,0,0,0
34,5,60.05742645263672,90099,1,4.469818034572151,2,0,0,0,0,1,0
45,34,55.18376159667969,95591,3,1.2493593062411597,2,0,0,0,0,0,0
32,19,31.54030418395996,91916,3,0.3334940850310759,1,0,0,0,0,1,0
56,34,44.49199295043945,96305,3,0.014851793107305555,2,158,0,0,0,1,0
56,30,124.63471221923828,92858,2,1.96812888845288,1,259,0,0,0,1,0
33,6,65.7104721069336,91074,3,0.05709331839583909,3,96,1,0,0,1,0
37,13,103.05867767333984,91963,2,0.6088970018662198,1,0,1,0,0,1,0
53,19,121.67465209960938,92630,4,1.985215599548569,3,0,0,0,0,0,1
24,4,77.35906219482422,89950,4,0.19907431775505002,1,0,0,0,0,1,0
35,8,82.11995697021484,91328,3,2.538482341747134,1,0,0,0,0,1,0
27,16,81.65403747558594,95244,1,0.6803786776787625,2,0,0,1,0,0,0
32,6,56.42781448364258,94412,1,1.4722228693542865,1,0,1,0,0,0,0
30,1,39.473724365234375,94072,4,0.6221454677043257,2,0,0,0,0,1,0
61,32,15.243670463562012,91820,3,0.6197137262601491,2,0,0,0,0,0,0
64,40,107.05037689208984,90463,2,1.7917404343944836,1,0,1,0,0,1,0
29,1,29.3013973236084,94017,3,1.4559955295373124,1,0,1,0,0,1,0
58,27,69.53373718261719,94306,3,0.8317252522038896,1,156,1,0,0,0,0
63,40,50.744930267333984,93974,1,0.2994417841719711,3,0,1,1,1,1,0
53,27,44.196632385253906,94458,2,0.49813063532570645,2,0,0,0,0,0,0
43,20,16.486675262451172,95002,3,2.0953929533404736,1,138,1,0,0,1,0
66,40,62.410621643066406,92579,4,0.819399369946697,2,0,1,0,0,1,0
63,29,178.0064697265625,93380,1,2.3899428207113917,1,0,0,0,0,0,0
45,22,16.06365966796875,94427,3,0.3949738461620359,3,140,1,0,0,0,0
50,31,155.18399047851562,93173,2,2.7552043672958035,2,385,0,1,0,1,0
53,32,65.1155776977539,91123,1,1.2094164850097253,1,243,0,0,0,0,0
42,24,150.58120727539062,91743,3,1.009339531108323,3,411,0,0,0,0,1
53,25,21.869688034057617,91949,2,0.9262144507055955,3,0,1,0,0,0,0
37,18,198.6328125,91540,1,6.4812424248245,1,0,0,0,0,1,0
45,23,54.25190734863281,92942,1,3.745942370851502,1,0,1,0,0,0,0
41,19,34.59049987792969,95592,1,1.2947905273636071,3,0,1,0,0,0,0
37,17,35.12391662597656,92051,4,0.8026371184744369,1,0,0,0,0,0,0
52,26,75.77479553222656,90380,1,0.12609970576200666,2,0,0,0,0,0,0
53,32,11.463680267333984,92061,3,0.4576840220049889,2,0,0,0,0,1,0
50,26,127.81965637207031,94412,2,1.7591090128175058,1,0,1,1,0,1,0
34,11,60.74049758911133,91276,1,0.19829199300517636,3,0,0,0,0,1,0
30,23,50.58629608154297,94653,2,0.1447109508033124,2,0,0,0,0,0,0
44,20,51.33547592163086,91983,2,0.22006110185868785,1,0,1,0,0,1,0
62,36,33.26941680908203,94308,3,0.24918058635155976,2,0,0,0,0,1,0
48,24,114.80208587646484,92768,2,2.0442101328618003,1,0,0,0,0,0,0
41,27,38.295799255371094,94492,1,3.2707520613176233,3,139,1,0,0,1,0
39,25,79.70533752441406,90748,2,1.3116525939933523,1,298,0,0,0,0,0
52,34,44.68439865112305,92929,1,1.0356590865333613,3,0,1,0,0,1,0
43,16,93.7642593383789,95890,1,1.0291606828391515,1,0,1,0,0,0,0
44,31,27.182676315307617,91677,2,1.6045111780036982,3,66,1,0,0,1,0
59,32,33.85515594482422,91461,1,0.1585234505173954,2,98,0,0,0,1,0
28,15,87.68392944335938,95698,4,0.05848349041341949,1,0,1,0,1,1,0
35,13,76.3098373413086,92067,2,1.0789505003776991,1,0,1,0,0,0,0
55,35,109.06246185302734,91320,1,3.2127096714818286,2,0,0,0,0,1,1
56,28,140.38241577148438,95074,2,5.110386114966705,1,0,0,0,0,0,0
56,34,23.066761016845703,93972,1,0.3220098604762109,3,0,0,0,0,1,0
40,13,64.58000183105469,91945,2,0.39873094416602517,1,0,0,0,0,0,0
39,28,47.98566436767578,94731,2,2.1100961434536156,3,0,0,0,0,0,0
40,19,65.90386962890625,92133,1,1.7632575361890654,2,0,0,0,0,1,0
38,15,90.1947021484375,96393,4,1.2315085280549756,3,0,0,0,0,1,0
27,5,34.67582321166992,93425,2,1.3143480215065164,1,0,0,0,0,0,0
41,9,165.61692810058594,92243,1,0.1331456475098452,1,358,0,0,0,0,0
31,3,25.227481842041016,96339,2,0.4751207761644462,2,0,0,0,0,0,0
43,24,177.40187072753906,94671,1,5.596100423107505,3,0,0,0,0,0,0
33,7,147.9243927001953,96261,1,0.22513531698958536,3,0,0,0,0,0,1
33,7,28.647541046142578,95561,3,1.5070322639893827,1,0,1,0,0,1,0
46,37,136.04367065429688,91980,1,5.082014414019702,1,415,0,0,0,1,0
57,31,21.716583251953125,94480,4,1.8517240935880057,3,0,1,0,0,0,0
45,20,159.0505828857422,94471,3,7.362669988745471,2,0,0,0,0,1,1
47,22,73.54145050048828,94581,1,0.5903227643206944,1,196,0,0,0,1,0
44,35,185.48199462890625,94937,2,3.5039533087090793,3,242,0,1,0,0,1
60,31,31.12124252319336,89856,2,2.3689886612216764,1,236,0,0,0,0,0
40,12,89.4544677734375,95390,3,2.018233545875282,1,167,1,1,1,1,0
50,8,91.072509765625,89902,4,1.1590688490207945,1,0,0,0,0,0,0
33,4,17.787986755371094,95675,3,0.828235842562026,1,84,0,0,0,0,0
57,37,97.16751861572266,95278,3,2.2315633720456667,1,0,0,0,0,1,0
63,34,46.384098052978516,90112,1,0.29986243732767415,1,0,0,0,0,0,0
54,14,79.14651489257812,92320,1,1.5094189636788373,3,116,1,0,0,0,0
48,18,20.862159729003906,95534,3,1.1429283435566415,1,0,1,0,0,1,0
51,22,112.29667663574219,92084,1,1.8384376803706985,1,0,1,0,1,1,0
42,19,52.968753814697266,92388,4,2.1357657978806652,3,168,0,0,0,0,0
32,7,13.367447853088379,92059,2,0.14362963788190636,1,106,0,1,0,1,0
56,31,70.10934448242188,92114,2,2.3291150000961585,1,0,0,0,0,0,0
52,28,12.874717712402344,95881,4,0.3404487065125678,2,0,0,0,0,0,0
39,12,117.58002471923828,94855,1,2.3393218849748374,1,0,0,0,0,1,0
65,34,153.59828186035156,91680,3,1.4894988223690604,2,0,0,1,1,1,1
53,33,163.26223754882812,91050,1,3.6358943121936114,1,0,1,0,0,1,0
26,1,16.108360290527344,91106,4,0.27525335000338275,2,66,0,0,0,1,0
52,27,81.36587524414062,93705,4,0.9762365336967282,3,0,0,0,0,0,0
31,10,106.1097640991211,95736,2,2.576267171935064,3,0,0,0,0,0,1
29,22,139.55709838867188,90004,2,2.997300758376458,1,366,0,0,0,0,1
61,38,119.19009399414062,90126,1,1.4549744174264512,1,0,0,0,0,0,0
29,2,34.220924377441406,95126,1,2.076433014604319,3,0,0,0,0,0,0
52,26,89.02507781982422,92684,4,0.6583076030189887,1,0,0,0,0,1,0
50,22,77.79476165771484,91808,2,2.2019005924768664,1,0,1,0,0,0,0
34,11,85.98457336425781,94788,1,0.7941262303413165,1,0,1,0,0,0,0
44,12,147.2970733642578,94006,1,6.46521336464726,1,0,1,0,0,0,0
34,6,26.030567169189453,91988,4,0.194951083972708,2,0,0,0,0,1,0
37,19,41.922325134277344,90748,4,0.31997319178304473,3,220,0,0,0,1,0
28,0,38.959938049316406,92426,4,0.6532844395964276,1,0,1,0,0,1,0
36,17,90.4333267211914,95581,3,0.3225271616901367,1,0,0,0,0,1,0
28,-1,105.18407440185547,91434,2,0.7989985506111149,1,181,0,0,0,1,0
26,2,58.46613311767578,93148,4,1.8194065447145429,2,0,0,0,0,1,0
61,37,68.58941650390625,95105,2,2.242675036815491,1,0,1,0,0,0,0
31,11,48.4739875793457,95746,1,0.35883524623918533,2,0,0,0,0,1,0
33,10,27.219511032104492,94256,2,1.2367871178281624,2,0,1,0,0,0,0
37,19,32.4593391418457,92102,3,0.13552182936585153,2,0,1,0,0,1,0
46,27,41.28631591796875,93169,2,0.2116886928054263,3,0,0,1,0,0,0
40,22,97.50701904296875,95678,1,1.8781176125650831,1,0,0,0,0,1,0
35,11,43.54719924926758,91962,3,1.3138417367370683,3,0,1,0,0,0,0
34,9,95.7619857788086,91944,3,2.3614629465889547,3,0,0,0,0,1,0
56,31,28.30817985534668,95905,1,0.7628659684010295,3,0,0,0,0,1,0
41,15,60.60930633544922,91850,1,0.9894820277192711,3,0,0,0,0,1,0
54,20,52.93642807006836,94317,2,0.533925896205204,2,0,0,0,0,1,0
62,34,45.231807708740234,94038,3,0.8465344456115095,1,161,1,1,0,1,0
57,32,58.93229675292969,92194,4,0.9706563061705107,2,0,0,1,0,1,0
36,13,69.34483337402344,94832,1,3.4042168928498637,1,0,0,0,0,0,0
53,22,67.82662963867188,93878,4,3.129404910146536,2,120,0,0,0,0,0
38,9,37.06439208984375,94617,4,0.26341670091042946,1,0,0,0,0,1,0
51,23,74.72688293457031,94651,2,0.3871660641827298,3,248,0,1,0,1,0
47,36,19.28353500366211,95790,1,0.29906873096052505,3,0,0,0,0,1,0
41,26,137.21963500976562,95413,1,0.5763496017729793,1,0,0,0,0,1,0
27,17,40.458065032958984,94435,3,1.922580044607095,3,143,0,0,0,1,0
51,32,30.52989959716797,94342,4,1.6541397681316057,2,0,0,0,0,1,0
56,36,51.543460845947266,92473,3,1.2770750163634947,3,0,0,0,0,0,0
31,14,121.54560852050781,92088,1,5.149025026899642,3,0,0,1,1,1,1
61,34,72.89036560058594,90347,3,5.821910420249462,1,175,0,0,0,1,0
43,18,84.35227966308594,91631,3,2.374284749587394,2,0,0,0,0,1,0
42,22,185.0690155029297,94972,3,4.317999388799219,1,0,1,0,0,0,1
60,23,58.279117584228516,92068,3,0.3165283490532243,3,0,0,0,0,1,0
55,33,52.77604675292969,91799,3,2.5087724017049164,2,0,0,0,0,1,0
38,20,53.46586990356445,93195,2,2.1299658910822856,3,233,0,0,0,0,0
37,14,104.72602844238281,95102,4,1.9252356384846347,2,0,0,0,0,1,0
41,15,69.00439453125,91573,3,1.0861212155921578,2,0,1,0,0,0,0
46,14,84.64170837402344,91681,2,1.5193938402095504,3,255,1,0,0,0,0
29,2,98.48965454101562,96192,4,2.942189812859977,3,116,0,1,0,0,0
51,19,17.999530792236328,95936,4,0.6902517143174812,3,0,0,0,0,1,0
31,12,42.81243896484375,94306,4,1.0057248901802414,3,0,1,0,0,1,0
47,38,15.963167190551758,96542,4,1.2955648928000745,3,0,0,0,0,0,0
31,7,44.625144958496094,90987,3,1.669729734040266,1,0,0,0,0,0,0
41,10,52.62025451660156,94955,1,2.6152162524659137,3,0,0,0,0,0,0
30,2,61.204959869384766,92123,2,3.26686939437166,3,0,0,0,0,1,0
32,6,151.48806762695312,90439,2,4.137975762837565,1,0,0,0,0,0,1
35,17,80.32962036132812,91905,2,1.386576741359871,1,0,0,0,0,0,0
54,34,71.78022003173828,95110,1,0.3746954141617518,1,0,0,0,0,0,0
58,33,51.0389289855957,89983,1,0.16279870564319499,2,0,1,0,0,1,0
44,26,71.7337417602539,95841,3,1.1039127765793162,1,0,1,1,0,1,0
65,39,91.5531997680664,90899,1,3.201382649815133,1,0,0,0,0,0,0
34,3,75.36172485351562,92951,1,0.669279984764583,3,175,1,0,0,1,0
29,11,41.62502670288086,94351,2,1.215439250797628,1,0,1,0,0,0,0
47,20,167.82823181152344,91292,1,6.458444750958394,1,0,1,0,0,0,0
39,13,45.47561264038086,89894,3,1.3930782131254171,3,0,0,1,0,0,0
63,39,117.07463073730469,92649,1,1.6952431547861713,1,0,1,0,0,0,0
27,1,19.600139617919922,96071,4,0.21845952293392545,1,0,0,0,0,0,0
29,4,66.50457763671875,90972,2,0.16533498341127828,3,0,0,0,0,0,0
64,36,14.627864837646484,94789,2,0.5671024332736636,1,69,1,0,0,1,0
49,24,34.11131286621094,95072,4,0.26216175939339914,2,0,0,0,0,1,0
66,37,193.458251953125,94002,1,3.4146198040059113,1,0,0,0,0,0,0
33,13,102.64237976074219,93075,2,0.277758758040902,1,104,1,0,0,0,0
35,15,138.75877380371094,95710,2,2.6233002889996513,1,0,0,0,0,0,1
26,4,19.078357696533203,96227,4,0.18131905706411533,2,113,1,0,0,1,0
56,33,13.94623851776123,91154,3,0.25520674147814637,3,151,1,0,0,0,0
34,7,97.38958740234375,95314,2,2.0839556426173464,2,0,1,0,0,0,0
34,21,47.290225982666016,94172,2,1.7712261078717466,2,138,1,0,0,0,0
43,21,21.785572052001953,92646,2,0.6723499035396214,3,75,0,0,0,1,0
55,29,19.570985794067383,95988,3,1.4180019911155184,1,0,0,1,0,1,0
58,34,88.45943450927734,90316,2,1.4311779946897256,2,0,0,1,0,1,0
58,30,61.6451301574707,92178,1,1.8138994217430398,1,0,1,0,0,1,0
62,34,173.0370635986328,91512,2,3.808096237720009,1,419,0,0,0,0,0
49,24,69.48150634765625,92154,1,2.115879870972547,1,0,0,0,0,0,0
31,17,25.300949096679688,94982,1,0.6978378859917178,3,0,1,0,0,1,0
27,7,82.5557861328125,91907,3,2.270660183830616,3,0,1,0,0,0,0
59,39,192.1876220703125,90466,4,2.9794300057710386,3,0,0,0,1,0,1
34,14,156.2542724609375,92179,3,0.6520484320075491,3,0,0,0,0,1,1
44,8,25.279796600341797,92048,2,0.5408454375089393,1,89,0,0,0,1,0
45,16,128.45587158203125,93362,1,9.063076068763156,1,0,0,0,0,0,0
62,37,84.93900299072266,95521,1,1.646530609743807,2,0,0,0,0,0,0
50,22,141.65744018554688,94448,1,2.636484499703819,1,164,0,0,0,1,0
58,25,52.09968566894531,92113,1,2.1000483967159282,3,0,0,0,0,1,0
58,35,81.67423248291016,90238,3,2.5620705870588534,3,0,0,0,0,0,0
35,9,73.00627899169922,90283,4,4.215819429328077,3,0,1,0,0,1,0
51,25,40.98400115966797,93501,2,0.6190937161129574,2,0,0,0,0,0,0
42,16,55.08548355102539,94118,4,2.4839626994585853,1,0,1,0,0,1,0
35,12,105.63948822021484,90574,1,2.569733384589818,1,0,0,0,0,0,0
34,6,16.524133682250977,96520,1,0.20077282981153738,3,0,1,0,0,1,0
57,37,48.501834869384766,95894,4,0.1616668502878026,3,0,1,0,0,0,0
35,0,80.3203125,96153,1,2.465487115957733,1,0,1,0,0,1,0
40,21,176.91600036621094,92076,1,9.284992684693993,3,0,1,0,1,1,1
45,19,140.39230346679688,91308,1,0.18516441988964377,3,0,1,0,0,1,0
46,19,61.63833236694336,93853,2,0.8310901044848343,3,0,0,0,0,0,0
64,39,33.437294006347656,92783,2,0.21443076972868397,1,0,1,0,0,1,0
48,17,44.68573760986328,95271,3,0.22207006662162315,2,0,0,0,0,1,0
33,10,36.622406005859375,96226,4,1.218754585048773,1,207,0,0,0,1,0
41,7,81.8355941772461,95724,3,9.123008930142202,2,185,0,0,0,0,0
64,38,124.93978881835938,93921,1,4.842792203459794,1,0,0,1,0,1,0
31,16,56.025489807128906,94688,4,1.6202878971495374,2,0,0,0,0,0,0
63,38,100.29106140136719,92995,3,1.3395549033289198,3,0,0,0,0,1,0
50,18,41.13551330566406,96449,3,0.45302740636808075,2,177,0,0,0,0,0
53,19,105.13388061523438,94149,1,4.523652978976153,1,0,1,0,0,0,0
31,8,118.6358413696289,90380,3,2.76758525293431,1,250,1,1,1,1,1
49,26,86.20614624023438,92788,2,0.33182852936648166,3,0,1,0,0,0,0
49,20,168.04730224609375,92222,2,6.775883632448078,1,0,0,0,0,0,0
32,15,65.51914978027344,95192,4,1.6051800296492802,1,0,0,0,0,0,0
46,38,31.19588279724121,95715,2,0.8149169676877211,2,0,1,0,0,1,0
29,4,97.03748321533203,93010,2,0.39916327834185356,1,0,0,0,0,0,0
65,37,40.69192123413086,94239,2,1.2669699133359102,1,0,0,0,0,1,0
42,23,57.29025650024414,92085,4,2.385992081493917,3,0,0,0,0,1,0
62,23,71.79513549804688,95227,2,0.7007394492451905,3,0,0,0,0,1,0
59,24,121.98429870605469,92153,3,2.726191855647063,1,0,1,0,0,0,0
40,17,64.85420989990234,89873,3,0.5627361159354114,2,223,1,0,0,1,0
29,8,38.40721893310547,94946,3,0.9434528554453976,1,0,1,0,0,0,0
34,13,49.572723388671875,92598,2,1.534125430627733,1,0,0,1,0,1,0
42,8,54.16703414916992,95119,2,1.2273029849071897,3,0,0,1,0,0,0
32,6,25.54214859008789,95161,3,2.213869534222159,2,138,1,1,1,1,0
62,34,22.779478073120117,93057,1,1.8840537194601379,3,0,0,0,0,0,0
44,14,44.720027923583984,91181,2,0.7066386187583088,1,0,0,0,0,0,0
38,15,62.597015380859375,94193,1,0.6326183566693704,1,105,0,0,0,1,0
50,18,63.91892623901367,94248,1,2.3918454836441945,3,0,0,0,0,0,0
51,23,49.89876937866211,95203,2,0.39363670327455885,1,87,0,0,0,1,0
45,18,35.892967224121094,91781,2,0.3149444408270256,2,0,0,0,0,0,0
39,25,21.252113342285156,95544,1,0.4706233725085021,2,0,0,0,0,0,0
41,16,56.363197326660156,91445,1,2.8738733814422535,1,0,1,0,0,1,0
63,34,74.66607666015625,95448,1,1.2580528469337378,2,0,0,0,0,0,0
58,29,34.19889831542969,94814,1,1.9330737707162062,2,113,0,0,0,0,0
57,30,41.38150405883789,94457,1,0.1481636263733033,3,0,0,0,0,0,0
42,16,97.31990051269531,93227,1,3.3765056223459067,1,0,0,1,0,0,0
54,30,67.00973510742188,92259,1,0.4450606248620286,2,0,1,0,0,0,0
59,40,17.745643615722656,94296,4,2.151661025775357,2,0,0,0,0,0,0
59,35,104.59255981445312,95566,4,1.5703611100632764,1,0,1,0,0,1,0
29,5,52.02180862426758,94675,2,2.2468937226535526,1,0,1,1,1,1,0
41,11,115.01050567626953,90510,1,3.090086173036707,1,0,0,0,0,1,0
33,7,42.92105484008789,91042,4,1.7079782475305516,1,0,1,0,0,1,0
57,30,41.13359451293945,94484,3,1.3254107467698573,2,0,0,0,0,0,0
32,6,67.97102355957031,94612,3,0.8815121360791813,2,0,1,0,0,0,0
45,18,54.372589111328125,93742,3,0.7190080087337611,1,0,1,0,0,1,0
58,32,38.95838928222656,94468,1,1.4309247437302828,1,127,1,0,0,0,0
38,10,29.594707489013672,93393,4,1.124812392601715,3,0,0,0,0,1,0
56,31,64.2753677368164,94656,1,0.9133054251789868,1,104,1,0,0,1,0
41,16,41.58746337890625,94960,2,1.0998250134961827,1,219,1,1,0,0,0
35,14,45.2100830078125,94775,1,0.24671802671496665,3,0,1,1,1,1,0
47,17,63.70460891723633,94563,2,1.8867399809090357,1,0,1,0,0,1,0
37,4,195.23265075683594,94852,4,3.438398395090012,2,0,0,0,0,1,1
46,16,103.4257583618164,91119,1,3.2358668318752466,3,0,1,0,0,0,1
43,15,112.07051086425781,92907,1,6.191581462373281,3,0,0,0,0,0,0
50,32,55.729835510253906,94236,1,1.706919976932058,1,0,1,0,0,0,0
61,35,26.3289794921875,93890,4,1.691151794384142,1,0,0,0,0,0,0
46,19,37.98534393310547,95114,1,1.941329225130749,2,0,1,0,0,0,0
29,7,60.47630310058594,90241,3,0.38784298698808334,3,0,0,0,0,1,0
57,19,54.35911560058594,90404,1,0.5925228165493688,3,171,0,0,0,1,0
33,7,96.82801818847656,92064,4,3.9282669571959303,1,522,1,1,1,1,0
62,36,51.832763671875,92544,3,1.069562445274197,2,0,1,0,0,1,0
54,28,58.945655822753906,92615,4,0.6138621958382349,2,0,0,1,0,0,0
35,5,78.06732177734375,94458,3,2.3566140134019933,1,195,1,0,1,1,0
44,24,144.08447265625,91763,4,4.535394153482476,1,0,1,0,0,0,1
46,16,145.48614501953125,93742,2,3.4225274312769094,1,0,0,0,0,1,0
36,21,106.12583923339844,91535,2,3.181577442918668,1,0,0,0,0,1,0
63,40,97.69031524658203,95649,1,5.020562083544371,1,0,0,0,0,0,0
33,7,39.83382797241211,92459,4,1.834865710763748,2,324,1,0,0,0,0
27,7,192.97796630859375,90027,3,6.884261171322773,2,354,0,1,1,1,1
39,16,86.22408294677734,95249,3,3.6368906856873737,1,0,0,0,0,0,1
25,0,49.745304107666016,94086,2,2.284200679076736,1,0,1,0,0,1,0
41,19,20.82916259765625,96116,2,0.1632571756190835,3,0,0,0,0,0,0
34,10,24.024311065673828,92965,4,0.135815149774313,1,0,0,1,1,1,0
60,35,49.17856979370117,90379,3,0.6032957259709172,3,0,0,0,0,1,0
31,6,53.5594482421875,95627,2,1.2957429741811035,1,0,1,0,0,1,0
51,23,83.08331298828125,91473,1,1.390786955446129,1,0,1,0,0,1,0
43,17,73.91459655761719,92187,2,0.22004417602073068,2,0,0,0,0,1,0
60,30,142.15440368652344,93845,2,3.809322240368804,2,0,0,0,0,1,1
42,10,41.48652648925781,93647,3,1.050613528448172,3,0,0,0,0,0,0
55,38,70.0766372680664,90131,2,0.10541706117188818,3,0,1,1,0,0,1
37,8,199.6132049560547,95422,1,6.900366660881611,1,0,1,0,0,1,0
46,29,16.44537353515625,95304,2,0.23114122167633822,2,157,0,0,0,0,0
60,35,60.22372817993164,90513,2,0.3150467872764082,3,243,0,0,0,0,0
55,34,34.515811920166016,91636,1,0.22378122655674793,2,0,0,0,0,1,0
33,17,179.71510314941406,94731,2,1.4290766788685865,1,164,1,0,0,1,0
31,5,132.65423583984375,91292,1,0.24546035522972853,1,0,1,0,0,1,0
45,22,36.47045135498047,91678,2,0.6351718412936201,3,0,1,0,0,0,0
50,24,171.25180053710938,92849,1,2.3075176113146965,1,0,0,0,0,0,0
29,11,69.49653625488281,92955,3,0.5771111357477465,3,159,0,0,0,1,0
34,9,142.6389923095703,92006,1,2.3645536880802847,3,0,0,0,0,0,1
38,17,74.39399719238281,91995,2,1.5736483891705648,1,0,1,1,1,1,0
43,13,38.36907196044922,90380,1,1.5264229781527368,2,0,0,0,0,1,0
56,32,103.63166809082031,95614,1,2.833043929084757,1,0,0,1,0,0,0
28,4,63.29502868652344,94691,4,1.4758957756465927,1,0,0,0,0,1,0
42,18,30.200998306274414,95571,4,1.7729824057154597,1,199,0,0,0,0,0
43,18,98.53551483154297,94943,1,3.0427222626722776,1,0,0,0,0,1,0
53,28,60.43561935424805,92733,4,2.581477980605329,2,0,1,0,0,0,0
49,19,96.33499908447266,95315,2,0.35409763972179026,1,382,0,0,0,1,0
38,14,59.803741455078125,95892,2,1.8759451950774542,3,221,1,0,0,1,0
27,4,66.99884796142578,95882,1,0.7439477906562408,2,130,0,0,0,1,0
30,11,66.64940643310547,91226,3,1.3623335216029528,1,0,1,0,0,0,0
37,13,35.70109939575195,93542,1,0.4758772203398124,3,0,0,1,0,0,0
36,16,19.159610748291016,94143,4,1.2394482854476612,1,0,0,0,0,1,0
37,15,29.640050888061523,90073,1,0.6587120166808496,3,0,0,1,0,1,0
35,23,67.39607238769531,95802,3,2.1129389943850843,2,464,0,0,0,0,0
54,28,52.88608932495117,94631,2,0.09042244895198157,3,0,0,0,0,0,0
31,9,57.79649353027344,92263,1,2.387205108458728,3,0,0,0,0,1,0
63,36,16.531478881835938,90429,1,0.6222821092322529,2,0,1,0,0,0,0
31,9,49.61226272583008,90118,1,1.1227704807826813,2,0,0,0,0,1,0
35,11,64.12580871582031,94628,4,2.134605069076117,1,0,1,0,0,0,0
35,7,90.5369873046875,92971,2,4.192473390420096,3,324,1,0,0,0,0
53,26,15.41171646118164,94829,1,0.7274107607397446,1,95,0,0,0,1,0
57,22,33.60173034667969,94306,2,0.5320418363720254,2,0,1,0,0,1,0
35,17,69.91844940185547,94454,1,1.3522421054949447,2,0,0,1,0,1,0
27,2,95.47901916503906,91452,1,0.4822870700689229,1,0,1,0,0,0,0
55,26,29.293376922607422,94625,3,1.4007472946175337,1,0,0,0,0,0,0
41,16,51.6805534362793,94713,3,0.7845307121010119,2,0,0,0,0,0,0
33,9,50.509944915771484,90042,3,0.6532006232934512,3,107,0,0,0,1,0
39,10,38.247276306152344,94436,3,1.419349594332081,2,0,0,0,0,1,0
33,25,63.621543884277344,91835,2,2.543985312940498,1,0,1,0,0,1,0
33,20,35.49748992919922,94224,4,2.2501767958224965,1,0,0,0,0,0,0
32,5,75.19037628173828,92629,1,1.3812573417453624,1,0,1,0,0,0,0
59,34,48.352134704589844,94334,2,0.1493170580825269,1,204,0,0,0,0,0
29,1,32.2586669921875,92963,3,0.04889342394338003,2,0,1,0,0,1,0
32,15,134.34442138671875,94872,2,2.978452022477958,2,0,0,1,0,1,0
63,35,62.663597106933594,93237,1,0.609829864919127,1,103,0,0,0,0,0
41,16,40.68891906738281,91217,2,0.28265174426790307,2,0,0,0,0,0,0
40,17,45.066349029541016,91126,3,0.401061927145025,3,0,1,0,0,1,0
43,20,132.87469482421875,92148,1,1.9374227633956598,1,0,0,0,1,1,0
54,30,53.974674224853516,94743,2,0.31909783874001196,3,0,1,0,0,1,0
29,7,177.59263610839844,91934,2,7.877086521250233,1,0,1,0,0,1,0
42,10,136.59190368652344,91495,2,3.179955574946006,1,0,0,1,0,0,0
43,16,27.542694091796875,95063,2,0.6224845675120922,2,0,0,1,0,1,0
56,27,10.216266632080078,92833,1,0.42555342804807367,3,150,0,0,0,1,0
31,7,102.98175048828125,92191,1,1.0142712227335084,1,0,0,0,0,0,0
54,24,67.9940185546875,91867,1,2.6464235598976757,1,219,0,0,0,1,0
51,24,47.80454635620117,90812,4,1.088562973716324,1,0,1,0,0,1,0
50,17,55.24195861816406,94484,3,0.18611376091766785,2,0,0,0,0,1,0
60,36,81.87177276611328,91518,4,1.4597946261032018,2,0,0,0,0,1,0
43,12,92.18702697753906,90059,2,1.702858982974338,1,0,0,0,0,0,0
27,1,37.63744354248047,92968,4,1.0946016024487732,3,0,0,0,0,0,0
48,21,25.496219635009766,94726,4,0.39933524672690346,3,0,0,0,0,0,0
30,11,23.43262481689453,90315,2,0.3749117575003195,1,0,1,1,0,1,0
59,32,132.98876953125,92074,1,2.0065273308051808,1,375,0,0,0,1,0
42,26,64.73389434814453,95582,3,2.033522576581578,3,0,0,0,0,1,0
50,21,30.21281623840332,94223,1,0.4617772744403681,3,0,0,0,0,1,0
61,31,109.15470123291016,92769,3,1.7833608162690853,1,0,0,0,0,1,0
51,28,40.44923400878906,90442,4,1.685610306632263,3,136,0,0,0,1,0
43,21,141.08694458007812,94573,1,6.2031170539938865,1,0,0,1,0,0,0
48,29,63.62920379638672,95055,4,2.3934777678215875,2,0,0,1,0,1,0
30,1,175.4183349609375,91928,1,3.1163177267958457,1,0,1,0,0,0,0
63,28,87.24018096923828,90129,2,1.4648517537714278,3,236,1,0,0,1,0
62,35,25.96696662902832,93825,1,0.5720771704991394,3,153,0,1,0,0,0
54,32,80.00708770751953,92727,2,1.9879010459392519,3,0,1,0,0,0,0
64,39,185.5302276611328,90303,2,3.282830987141302,1,0,1,0,0,0,0
39,24,29.131446838378906,95757,3,0.01440139258667511,1,0,1,0,0,1,0
66,39,139.22642517089844,90394,1,3.0454798414183757,1,0,0,0,0,1,1
52,27,115.34810638427734,94392,1,0.21919471907583543,1,0,1,0,0,1,0
64,32,26.206878662109375,91932,1,1.5571410178498026,3,0,0,0,0,1,0
31,7,58.55478286743164,92351,2,0.5011897837058125,3,0,0,0,0,0,0
28,1,24.6634578704834,92550,4,0.19742120129877755,3,0,1,1,1,1,0
46,21,124.80603790283203,92751,4,1.8885649313434367,1,364,0,0,0,0,0
63,39,85.01152801513672,91829,3,0.7138658052068978,2,0,0,0,0,1,0
35,10,114.5893783569336,91907,2,0.009237338312022558,2,0,0,0,0,0,0
55,29,57.18241500854492,89946,2,0.04160785036273179,3,0,0,0,0,0,0
63,37,175.72891235351562,92228,2,2.5497054077221604,1,0,0,0,0,1,0
54,38,59.800140380859375,94981,1,1.2496963132029928,1,368,0,0,0,1,0
41,11,64.11537170410156,95415,1,0.1758748114650035,1,0,0,0,0,1,0
44,21,59.41345977783203,92798,3,0.9543622387622672,2,0,0,0,0,1,0
36,5,29.695154190063477,91271,1,0.08591474467835883,2,90,1,0,0,1,0
35,11,36.86200714111328,94447,1,1.1853301815815502,1,137,1,0,0,0,0
39,13,56.70642852783203,95054,4,1.2900237551021574,1,0,0,0,0,0,0
34,18,83.2138671875,92534,2,0.028846849608466563,1,115,0,0,0,1,0
36,15,40.69861602783203,94401,4,0.8539799010858108,1,88,0,0,0,0,0
55,35,47.93526840209961,94866,4,0.6529528623018531,1,0,1,0,0,1,0
45,26,75.11092376708984,92109,3,3.8632393094139825,2,0,1,0,0,1,0
41,17,140.19308471679688,94769,2,1.3263308770362516,1,0,0,0,0,1,0
57,32,87.7170181274414,93234,1,3.984938723194134,1,169,0,0,0,1,0
48,18,59.3011360168457,94343,3,0.8266129974703831,2,0,1,0,0,0,0
52,28,68.16661071777344,91962,1,1.0521330761129815,1,188,0,0,0,0,0
61,40,97.65415954589844,95427,2,1.3296748943079193,2,0,0,0,0,1,0
36,11,115.02379608154297,90060,2,2.5013256842252813,1,0,0,0,0,1,0
56,22,213.98092651367188,95422,1,3.3989414023278113,3,306,0,0,0,0,1
46,18,89.73454284667969,94680,1,2.9533179795804823,2,0,0,1,0,0,0
40,14,46.97642517089844,95095,3,2.616984620377468,2,0,0,0,0,1,0
40,14,165.49026489257812,95097,2,4.684512238848326,1,0,0,0,0,1,0
34,7,68.19606018066406,92880,1,0.30728665486534423,1,408,0,0,0,0,0
35,5,72.50825500488281,92475,3,1.8526289940381082,2,0,0,0,0,1,0
24,7,97.37737274169922,92151,2,0.17630039957985602,1,0,0,0,0,0,0
63,40,43.297828674316406,95394,4,1.941137833025616,1,0,0,0,0,1,0
40,13,106.97025299072266,92846,4,1.3467008839807248,1,167,0,0,0,0,0
29,3,38.28908157348633,92960,3,0.8477883545292221,1,0,0,0,0,1,0
31,8,77.92216491699219,94962,1,1.8351327827552928,1,0,0,0,0,0,0
52,32,74.4161376953125,92185,3,1.4705792984909138,2,161,0,0,0,1,0
32,2,42.22551727294922,96433,3,0.4069393777586346,3,0,0,1,0,1,0
62,33,15.293282508850098,93315,1,0.3912945200021322,3,76,1,0,0,1,0
59,32,92.93355560302734,94764,3,3.485756439572953,2,0,1,0,0,0,1
28,12,36.1424674987793,91335,4,0.26301025612019224,2,0,0,0,0,0,0
55,32,38.25710678100586,92712,3,0.17913968121929252,2,0,0,0,0,0,0
65,36,130.92481994628906,91778,3,8.093798765693197,1,0,1,0,0,0,0
45,18,78.32567596435547,94835,3,3.083408839631973,2,264,1,0,0,1,0
57,34,25.744802474975586,94597,2,1.2743649130785013,2,82,0,1,0,1,0
28,5,65.73554229736328,94358,3,0.15663244562476342,2,104,0,0,0,0,0
57,32,187.6151580810547,91857,2,3.0502333784774645,1,0,0,0,0,0,0
50,25,86.11830139160156,92106,3,2.069110856451433,1,0,0,0,0,0,1
38,8,88.00106811523438,95581,2,1.2254640381938775,2,0,1,0,0,0,1
58,21,127.68244171142578,94904,3,1.9818965738436072,1,0,0,0,0,1,0
57,33,26.241992950439453,94597,3,1.3506788557019995,3,119,0,0,0,1,0
54,29,205.6738739013672,92381,1,5.831484662293134,1,268,0,0,0,1,0
36,13,64.8620834350586,95298,1,1.6771063277935836,2,0,0,0,0,1,0
43,13,104.43955993652344,92226,4,1.5963587043363017,1,0,1,0,0,0,0
59,33,29.842872619628906,93988,3,0.15247305282374624,2,0,1,0,0,1,0
48,21,38.3775749206543,90415,2,0.0048647281448191415,2,0,0,0,0,0,0
29,4,100.72514343261719,90870,2,2.526590021717097,3,0,0,0,0,0,0
67,39,145.0780029296875,95504,1,2.711691223330194,1,0,0,0,0,1,0
36,9,135.93414306640625,92015,2,1.0875883711639371,1,186,0,0,0,0,0
29,1,109.4348373413086,95116,2,2.9813074012688126,2,0,0,0,0,0,0
61,32,47.21751403808594,96286,1,1.059809559853675,2,0,0,0,0,1,0
40,10,25.59313201904297,90666,3,0.5233748694917097,3,0,1,0,0,0,0
46,21,87.3718032836914,94479,3,0.20943095274046547,3,529,0,0,0,0,0
63,37,13.69665813446045,94051,2,0.5591548308421592,3,0,0,0,0,1,0
46,28,68.78614807128906,94667,1,2.7554823255613243,3,136,0,0,0,0,0
54,23,106.79484558105469,91882,2,1.3961660531512678,1,0,0,0,0,0,0
29,6,47.62616729736328,94676,4,1.9824197371099044,3,0,0,0,0,0,0
57,36,20.455747604370117,91447,1,0.7960580625426882,3,0,0,0,0,1,0
28,1,44.62226486206055,94853,2,0.8434892814577032,2,0,0,0,0,0,0
63,39,24.574886322021484,94457,3,0.4029439604182695,2,112,0,0,0,1,0
43,22,62.523841857910156,91754,3,0.9838447281045719,2,0,0,0,0,1,0
48,22,25.759336471557617,94398,3,0.06993434404307003,2,0,0,0,0,0,0
28,2,33.31718444824219,94028,1,0.7232076141173526,3,0,0,0,0,0,0
36,0,90.04551696777344,89861,4,7.290489795901674,1,0,1,0,0,0,0
31,4,95.01853942871094,91580,2,3.5805597942951524,3,0,0,0,0,1,0
46,26,24.163349151611328,90084,3,1.7273531458564308,3,0,0,0,0,1,0
60,34,56.90934371948242,92644,4,1.6741209313808842,2,0,1,0,0,0,0
50,32,64.75331115722656,92123,3,0.5106332617917775,1,125,0,0,0,1,0
36,13,121.02943420410156,95987,2,3.1427636962979286,2,0,0,0,0,0,1
39,15,36.22370147705078,92667,2,0.22547335198938567,3,0,1,0,0,1,0
61,34,75.90158081054688,93028,3,1.2963144522629135,3,489,0,0,0,0,0
23,-3,78.75405883789062,94502,4,1.6817007092752916,1,184,1,0,0,1,0
62,35,52.49365234375,94582,3,0.27349686666716133,2,0,0,0,0,1,0
60,27,94.76578521728516,91485,2,2.0494722431443746,2,276,1,0,0,1,0
42,20,16.138835906982422,92298,2,0.41461120969451304,1,0,0,0,0,1,0
37,16,46.081504821777344,90224,2,0.8231959862714677,3,0,0,0,0,0,0
43,12,31.246904373168945,95732,1,0.686465742389078,1,0,1,0,0,1,0
26,2,12.099061012268066,94162,2,0.21341746624390234,1,102,0,0,0,1,0
31,15,35.43989944458008,94939,2,0.3162724458829248,2,108,0,1,0,0,0
64,39,150.6186065673828,94699,1,2.9715826031609343,1,231,0,0,0,0,0
35,8,52.360443115234375,96135,4,2.2349053429240016,3,0,0,0,0,0,0
63,38,112.27249908447266,95819,3,0.5606590487521237,2,0,1,1,1,1,1
36,29,120.49071502685547,94463,2,2.1529498770735733,1,150,0,0,0,0,0
64,39,78.40641021728516,91779,2,2.3807122592183187,1,385,0,0,0,1,0
39,29,92.59639739990234,90557,4,3.5527932592706613,2,0,0,1,0,1,1
45,16,106.73912811279297,91789,1,2.93310603925264,1,0,0,0,0,1,1
63,38,59.84950256347656,91418,3,1.3507877360271279,3,0,1,0,0,0,0
28,3,67.3799819946289,91141,2,0.7072763141454286,2,0,0,0,0,1,0
42,14,37.520023345947266,90545,2,0.49995225694644263,3,0,0,1,0,0,0
45,13,34.724205017089844,94764,1,2.0699993588705974,3,0,0,0,0,1,0
34,15,92.53221130371094,95499,4,0.4212115759212935,2,0,1,0,1,1,0
33,7,28.66312026977539,93120,4,0.5010811787312308,2,0,0,0,0,1,0
56,21,23.755887985229492,91967,4,0.12886019987254516,2,0,0,1,0,1,0
30,8,13.98275089263916,94480,3,0.36681996959271973,1,0,0,0,0,1,0
53,32,60.575218200683594,91857,2,1.9361089151307775,2,0,0,0,0,0,0
38,15,53.36567306518555,93014,1,0.4070221882659752,1,0,0,0,0,0,0
47,26,26.492687225341797,89922,1,0.11029112940861946,2,0,1,0,0,1,0
61,35,75.20025634765625,92001,4,2.368284003819514,1,0,0,1,0,0,0
58,29,52.473045349121094,92910,4,0.36093097463701596,2,0,1,0,0,1,0
48,32,70.96197509765625,95591,4,1.3657667460513578,2,0,0,0,0,0,0
36,9,89.80279541015625,90183,2,1.928431356706946,1,0,0,0,0,1,0
58,34,112.89861297607422,91588,2,1.2188855541283459,3,0,0,0,0,1,0
56,40,111.85741424560547,92765,2,1.985699917969727,1,394,0,0,0,0,0
55,25,65.70533752441406,95871,2,2.2680594209928957,3,0,0,0,0,0,0
46,22,59.75990295410156,92071,1,0.5835135488209727,3,359,0,1,0,1,0
60,40,32.04924011230469,92537,4,1.2561050905692384,2,114,0,0,0,0,0
50,26,183.37362670898438,94756,1,4.287186117273125,1,0,1,0,0,0,0
59,31,43.79928970336914,94566,2,1.7814598780362918,3,88,0,0,0,0,0
41,15,47.00959777832031,94504,4,2.1102802978385036,1,0,1,0,1,1,0
64,35,65.27250671386719,91455,2,2.1346588104411066,3,0,1,0,0,1,0
36,16,59.762168884277344,93961,3,0.9609235570688985,1,218,1,0,0,0,0
36,9,74.13993072509766,91262,2,1.6318391770934717,1,315,0,0,0,1,0
29,5,46.2318229675293,94096,3,0.8501248479124742,3,0,0,0,0,1,0
43,33,52.12036895751953,94331,3,1.8073830682559846,2,0,0,0,0,1,0
42,18,107.57102966308594,90509,2,2.455608620753954,1,0,1,0,0,1,0
62,29,57.65027618408203,96122,1,3.9316930343980605,3,0,1,0,0,1,0
39,14,60.16558837890625,90978,1,0.26163893762353757,1,0,0,0,0,1,0
48,27,54.2586669921875,91222,2,1.5732493736271462,3,0,0,0,0,1,0
57,29,71.62760162353516,92825,2,2.1424757970971653,1,0,0,0,0,1,0
35,14,37.96270751953125,89903,1,0.17174899681731728,2,139,1,0,0,0,0
45,8,56.76902770996094,95544,2,1.9357472453114017,1,247,0,0,0,0,0
47,22,115.11375427246094,92937,1,2.5713876113510725,1,100,0,0,0,0,0
63,36,61.62310791015625,94557,1,1.6906931603683626,1,0,0,1,0,1,0
33,2,43.90805435180664,95208,2,0.10989243032738139,2,0,0,0,0,0,0
44,17,118.6357421875,91400,1,0.07065243199863391,3,0,0,0,0,1,0
32,6,136.29135131835938,91633,2,1.701846133990927,1,0,0,0,0,1,0
43,22,41.12507247924805,90066,3,0.01058317362132577,2,0,1,0,0,1,0
41,34,124.49697875976562,94834,2,0.13647647528138332,1,0,0,0,0,0,0
62,38,58.66417694091797,94026,4,1.76227214362565,2,0,0,0,0,0,0
38,12,145.98170471191406,92812,2,5.417611789603761,1,363,0,0,0,1,0
39,5,63.36688995361328,95185,1,0.17887836295308637,1,0,1,0,0,1,0
60,42,73.26008605957031,95271,3,1.9092991427695045,1,0,0,0,0,0,0
51,26,45.20990753173828,91977,1,2.2119093034069794,1,134,1,0,0,1,0
40,13,54.084476470947266,93004,1,0.14583477694910646,1,0,0,0,0,0,0
59,35,55.407718658447266,91949,1,2.68205259781993,2,0,0,0,0,1,0
30,3,32.82185363769531,93075,4,1.4666283339789865,1,0,1,0,0,1,0
64,36,23.878440856933594,95882,1,0.18780580142756326,2,0,0,0,0,1,0
42,24,110.53241729736328,94980,3,2.620668918581628,1,0,0,0,0,1,0
52,25,70.60906982421875,90578,1,2.6840989497338814,1,243,0,0,0,1,0
60,30,42.428253173828125,92363,2,0.09449189189772189,2,0,1,0,0,0,0
24,0,60.66508483886719,91674,2,1.184054840530759,1,0,0,0,0,1,0
58,28,63.34403610229492,96023,2,0.42548717126057084,2,0,0,0,0,1,0
40,13,65.62167358398438,91962,3,2.6712159187063977,2,0,0,1,0,1,0
63,37,193.98716735839844,92995,1,6.899320197461334,1,128,0,1,0,0,0
38,11,68.21765899658203,94465,3,1.2597480728813877,2,0,1,0,0,0,0
53,30,112.47111511230469,94450,1,3.249238506810612,3,145,0,0,0,1,0
52,22,49.90365982055664,93971,2,1.4441714859156218,3,0,0,0,0,0,0
45,22,26.774757385253906,92686,2,0.4353577562724275,3,162,0,0,0,0,0
54,31,39.566932678222656,92982,4,2.4015159197802802,3,80,0,0,0,0,0
58,33,62.73719787597656,90142,4,0.13574346080769792,1,0,0,0,0,0,0
47,23,44.80895233154297,94690,3,0.25249301972936566,2,106,1,0,0,0,0
29,14,19.507951736450195,92363,1,2.6834326343184545,1,0,1,0,0,1,0
52,29,48.318138122558594,93181,1,1.2184556542042082,2,147,1,0,0,1,0
49,22,114.78999328613281,91976,2,4.714102011810516,1,0,0,0,0,1,0
45,14,129.56942749023438,92931,1,0.6953381380947137,1,0,1,1,0,1,0
47,17,217.23562622070312,94331,2,8.661667438729127,1,0,0,0,0,1,0
55,31,84.49615478515625,93094,1,2.946379558367454,1,0,1,0,1,1,0
59,33,168.81227111816406,92046,4,2.6026561258719423,3,0,1,0,0,0,1
56,37,172.8430938720703,90100,1,3.801873516267948,1,0,0,1,0,1,0
51,20,85.85919189453125,92164,4,1.7413210001969037,1,0,0,0,0,0,1
32,6,144.89984130859375,90197,1,1.6849543504443267,1,387,0,0,0,1,0
27,22,57.17033004760742,94971,2,2.4699319645974858,3,322,0,0,0,0,0
41,23,37.439598083496094,92459,1,0.3722266044320763,3,419,0,0,0,1,0
45,30,24.616195678710938,91936,1,1.3921226939794071,2,0,0,1,0,1,0
63,36,78.5423355102539,90445,4,1.2434074315836197,3,0,0,0,0,0,0
57,31,73.0356216430664,95433,3,0.7687928392022815,1,0,1,0,0,0,0
55,21,65.43006896972656,91424,3,2.0191920174228253,3,0,0,0,0,1,0
30,10,37.48797607421875,93291,2,0.15853829888620738,1,111,0,0,0,0,0
30,4,190.24891662597656,90334,4,1.7164423642873463,2,0,0,0,0,1,1
44,24,63.02822494506836,94156,4,0.8402783731840207,1,0,0,0,0,0,0
58,36,62.237213134765625,94372,2,0.9175693752906694,1,0,0,1,0,1,0
37,34,81.92173767089844,93170,4,1.3865803881888386,3,0,0,0,0,0,1
58,29,26.487428665161133,94853,3,1.6444169911424016,2,0,0,0,0,0,0
38,14,86.39720916748047,92284,1,1.772695248778545,1,0,0,1,1,1,0
39,12,51.66549301147461,92531,3,1.986302960524849,2,0,0,0,0,1,0
37,19,85.59275817871094,94845,4,0.8338041445415305,3,86,0,0,0,1,0
32,8,29.28937339782715,94549,1,0.613229592291521,1,0,0,0,0,0,0
40,23,113.16341400146484,93154,1,3.2678265115115694,1,0,1,0,1,1,0
56,34,187.0843963623047,92104,3,3.477800700572749,3,0,1,1,1,1,1
39,15,58.42177963256836,94374,4,0.6532200548090024,2,0,0,0,0,0,0
50,28,215.77542114257812,94385,1,6.939711256877142,1,434,0,0,0,1,0
36,21,177.75128173828125,90485,1,7.4327036091513445,1,452,0,0,0,1,0
44,12,25.272079467773438,90969,2,1.511580634038381,3,147,0,0,0,0,0
48,23,129.19078063964844,92218,2,9.197842625526174,1,0,1,0,0,0,0
41,10,19.80921173095703,91292,2,1.7116725236200525,2,84,1,0,0,1,0
59,29,28.223182678222656,94962,2,1.8059292386566073,3,0,0,0,0,0,0
44,18,74.27754974365234,92098,4,0.7633336267020049,3,0,1,0,0,1,0
45,19,83.13167572021484,95726,4,0.19996490271221848,2,0,0,0,0,0,0
64,38,102.84547424316406,95633,3,4.423285818450713,1,0,1,0,0,1,0
47,32,61.308834075927734,94253,2,3.7146442759524017,1,100,0,0,0,1,0
57,30,41.438358306884766,93893,4,0.6568001267784233,3,0,0,0,0,0,0
25,1,44.61982727050781,95883,4,1.1453274175967332,2,0,1,1,0,0,0
61,41,83.86067962646484,95046,2,1.961554105433778,1,0,1,0,0,0,0
48,30,46.144256591796875,90357,4,1.571110233676702,1,0,0,0,0,1,0
60,29,57.5385627746582,94206,4,1.9220741844684168,1,0,0,0,0,0,0
65,38,26.384553909301758,94899,2,1.8372825509641315,1,0,0,0,0,1,0
58,30,64.93546295166016,94256,2,1.3466184113862096,3,0,1,0,0,1,0
33,12,80.32154083251953,94713,3,1.5690221867992218,2,179,1,0,1,1,0
57,39,82.80279541015625,95790,1,1.836456456779042,3,0,0,0,0,1,0
50,32,198.47454833984375,91560,1,8.713674391818655,1,374,0,0,0,1,0
44,16,62.25022888183594,93042,3,0.19993605259211447,2,171,1,0,0,1,0
56,39,55.37174987792969,91172,2,1.0361014406715023,3,0,0,0,0,1,0
60,32,33.00244140625,94043,1,1.8121271993346026,3,0,0,0,0,0,0
31,3,30.00037384033203,92096,2,1.7046486071132252,3,179,0,0,0,0,0
40,15,45.671146392822266,94912,1,0.3222002159131364,2,0,0,0,0,1,0
47,15,103.82789611816406,93199,4,0.4672569420325247,3,0,1,0,0,0,1
57,24,150.74752807617188,95911,3,0.7045357829640492,2,248,0,0,0,1,0
61,35,171.66571044921875,90467,4,7.787104224055814,2,0,0,0,1,1,1
52,35,53.63469314575195,94779,1,0.44516972559604645,1,0,1,0,0,1,0
46,16,35.037837982177734,95011,3,1.5345416005809904,2,128,0,0,0,0,0
62,33,32.37932205200195,95346,1,1.106162070747199,2,0,0,0,0,0,0
27,3,39.61847686767578,92354,4,0.288655254601189,1,0,0,0,0,1,0
58,34,42.625396728515625,95051,2,2.3138485927577808,3,0,1,1,1,1,0
63,37,66.48834228515625,92886,2,2.2059376878729333,2,110,0,0,0,0,0
39,20,97.03730773925781,92769,2,0.13604623728261336,1,0,0,0,0,0,0
40,12,39.11792755126953,90192,2,0.442162891836963,1,0,0,0,0,1,0
31,5,148.32077026367188,92576,2,2.0930689990918823,1,0,1,0,0,1,0
30,3,149.78163146972656,92761,2,7.550444550396337,1,0,0,0,0,0,0
33,7,194.79977416992188,92265,3,1.2128775535166785,2,130,0,0,0,0,1
27,5,73.96597290039062,92201,2,0.7937906036716046,3,0,0,0,0,1,0
37,14,70.84463500976562,91940,3,1.0389406833815666,2,104,0,0,0,0,0
52,26,72.11156463623047,94545,3,0.42037948817224874,2,133,0,0,0,1,0
35,10,49.5496711730957,91148,3,0.20975465369300939,1,0,0,0,0,0,0
35,8,95.83939361572266,95203,2,0.1902408337680711,1,0,1,0,0,1,1
28,3,54.86808776855469,91854,2,3.4639102511927877,3,330,1,0,0,1,0
50,27,95.70295715332031,91343,3,2.1612726939126747,1,71,0,0,0,1,0
39,17,176.5056915283203,95524,2,3.547513872512682,1,0,0,1,0,1,0
65,38,27.612398147583008,94826,4,2.2686092893579737,2,0,0,0,0,1,0
42,15,57.623260498046875,94162,3,1.470164783924384,2,196,1,0,0,1,0
33,15,161.9111785888672,93597,2,7.101201014490073,1,0,1,0,0,1,0
23,-1,59.48048400878906,94646,1,3.8752908015384806,1,132,0,0,0,0,0
34,10,50.32654571533203,94498,4,2.2248918846725214,3,0,0,0,0,0,0
48,21,152.62423706054688,91466,2,5.735809111717313,1,0,0,0,0,0,0
58,37,44.145538330078125,94072,3,1.7575415944871073,3,0,0,0,0,0,0
56,30,43.85898208618164,94486,1,0.22024199146049572,3,0,0,0,0,0,0
58,35,29.193984985351562,92202,4,1.37568441258278,3,0,0,0,0,1,0
26,23,72.02581787109375,95838,1,2.10102204848842,3,0,0,0,0,0,0
49,24,17.493637084960938,94339,1,0.5089560766151453,2,63,1,0,0,0,0
53,27,95.89392852783203,95875,1,2.930988288573041,1,0,1,0,0,0,0
59,29,157.4295196533203,94011,1,5.988564668630983,3,0,1,0,1,1,1
52,30,55.815956115722656,90460,4,3.1189686145840283,1,0,0,0,0,0,0
32,13,97.85143280029297,91615,2,1.9988422995010668,2,0,0,0,0,0,0
37,14,62.8406867980957,91492,2,1.2549862134681151,1,138,0,0,0,1,0
64,40,124.17552947998047,91878,4,2.3441321168041833,3,0,0,0,0,1,1
36,19,30.59794807434082,90408,2,0.2767523253971658,3,91,0,1,0,0,0
34,12,69.36168670654297,93856,2,1.1041080567770343,1,0,1,0,0,1,0
64,30,65.45346069335938,95569,3,1.8638305577173273,3,0,0,0,0,1,0
46,26,92.94847106933594,93039,2,3.0563169846297535,3,0,0,0,0,0,0
25,1,98.317138671875,95676,2,8.279338842663634,1,295,1,0,1,1,0
41,25,67.6053237915039,91886,4,1.4423665303813031,1,0,0,0,0,0,0
31,6,37.22669982910156,94165,2,1.4301839485199033,2,156,0,0,0,0,0
60,39,49.4719352722168,95165,3,2.2531694283408483,1,0,1,0,0,0,0
61,36,25.250680923461914,94086,2,0.13529100235524966,2,0,1,0,0,0,0
28,3,162.8934783935547,89979,4,1.640366955688497,1,259,1,0,0,0,0
37,23,108.65248107910156,95412,2,1.3245648126848248,3,0,1,0,0,0,0
48,13,162.67697143554688,94496,4,2.940951391363004,1,0,0,0,0,1,0
35,18,155.46002197265625,95783,1,2.4375639249045484,1,316,0,0,0,1,0
44,11,50.272003173828125,95137,1,0.40032201852109733,1,95,1,0,0,1,0
61,36,58.864749908447266,92308,3,0.6251173633130334,2,0,1,0,0,1,0
55,28,45.26953125,94680,1,0.4063296099304477,2,0,1,0,0,0,0
33,30,132.55831909179688,93212,1,4.310956428822342,1,0,1,0,0,1,0
51,33,57.49025344848633,91750,3,0.17542007365769374,2,0,0,0,0,0,0
64,34,30.272342681884766,95389,3,1.4642418590940574,3,0,0,0,0,1,0
60,30,17.1368350982666,92189,2,1.6485616372420888,2,121,1,0,0,1,0
56,32,140.227783203125,90268,2,1.254825203471378,1,0,0,0,0,1,0
41,16,76.13745880126953,90072,4,3.0348835547961848,2,0,0,0,0,0,0
54,21,138.10101318359375,90077,3,4.276716188274569,3,0,0,1,0,0,1
34,9,80.3245620727539,94333,4,2.20258218217555,1,0,1,0,0,0,0
37,14,133.00689697265625,94459,2,2.5337709635633754,1,396,0,0,0,0,0
57,33,66.7238540649414,94373,3,0.954335638611482,3,0,0,1,0,1,0
38,9,24.078582763671875,91419,1,0.001630961815725751,3,169,1,0,0,1,0
39,18,97.68799591064453,94565,3,1.8649441408870073,1,0,0,0,0,1,0
33,9,95.8759994506836,90882,1,1.234253840918981,1,0,1,0,0,1,0
29,5,100.3572006225586,93350,1,1.7524502099831096,2,0,0,0,0,1,0
52,13,37.449031829833984,94846,4,0.8694607372994428,3,0,0,0,0,0,0
26,16,66.13665771484375,91495,4,0.3247853853039503,1,0,0,0,0,0,0
33,10,98.68795013427734,95229,4,2.2664469542103594,3,0,1,1,1,1,1
42,24,134.81976318359375,93221,4,3.655934868788655,3,0,0,0,0,1,1
57,37,33.47718811035156,90797,1,0.1840736639266687,3,0,0,0,0,1,0
60,36,111.48399353027344,91035,2,0.2904552150062363,1,0,0,0,0,1,0
41,22,66.45219421386719,95332,1,2.423018612504048,1,0,0,0,0,0,0
30,5,134.97955322265625,95319,4,1.2645492980648836,2,0,1,1,1,1,1
39,7,86.95023345947266,91646,2,1.9946958313382877,1,0,0,0,0,1,0
53,26,25.895524978637695,93096,1,0.8421437979904701,3,0,0,0,0,1,0
49,29,40.42229461669922,93421,3,0.8274630358674714,2,0,0,0,0,0,0
30,9,81.87942504882812,90016,3,0.01914211205156674,1,163,0,0,0,1,0
27,8,39.27674865722656,90339,4,0.5781875675727959,1,0,0,0,0,1,0
60,32,94.361083984375,94741,2,2.6713386367958147,1,406,0,0,0,0,0
57,27,55.5240364074707,91912,4,0.5056133567279946,3,0,0,0,0,0,0
30,0,84.22078704833984,96153,4,1.2189651735100013,1,156,1,1,0,1,0
26,1,17.998050689697266,90483,3,1.4009570372397182,1,0,0,0,0,1,0
53,31,92.9121322631836,93788,3,0.9638080532276776,2,0,0,0,0,0,0
27,2,83.59446716308594,91200,3,0.9300317699313119,2,0,0,0,0,0,0
34,1,18.218482971191406,95926,4,0.29368674726885846,3,0,0,0,0,1,0
59,33,37.74119567871094,90595,4,0.4815285953892143,3,100,0,0,0,1,0
31,10,72.54656982421875,92846,2,0.2849438025177435,1,0,0,0,0,1,0
38,16,63.64084243774414,94108,1,1.52647362161665,3,0,0,0,0,0,0
51,22,159.92919921875,96048,1,1.834690475483845,3,375,1,0,1,1,1
41,14,177.52325439453125,95300,1,0.7055880023545762,1,0,1,0,0,1,0
58,39,112.4636459350586,90345,4,0.15115041875336177,3,0,1,0,0,0,0
58,33,83.01356506347656,94465,1,1.0084906491243122,3,175,0,0,0,1,0
56,32,36.901153564453125,94748,4,2.5295568725620354,2,0,0,0,0,0,0
64,33,33.956329345703125,92341,3,2.450592896023731,2,0,0,0,0,0,0
28,5,39.49346923828125,94937,1,2.0388205220933573,3,0,1,0,1,1,1
25,-1,22.1092586517334,94836,3,1.117809079498376,2,105,0,0,0,0,0
63,32,53.5497932434082,90238,4,1.51981042797337,1,141,0,0,0,0,0
59,34,50.11914825439453,90481,1,1.1922092000583406,2,0,0,0,0,0,0
47,33,117.939453125,91247,2,7.1184194214727485,1,0,1,0,0,0,0
37,10,30.33631706237793,95432,4,0.30168655239828335,3,0,0,0,0,1,0
60,32,93.44893646240234,94185,2,1.3432572590140515,1,0,0,1,0,0,0
52,19,121.77276611328125,94218,4,0.36407823490562585,3,0,1,0,0,1,1
44,22,138.007080078125,94954,2,1.336860995766386,1,226,0,0,0,1,0
26,6,179.08370971679688,94532,4,7.236810514089249,3,0,0,0,0,0,1
28,13,19.620101928710938,92546,2,0.12462934798189262,3,0,1,0,0,0,0
59,33,172.87147521972656,95961,4,4.728559063233865,2,0,0,1,1,1,1
60,35,30.579118728637695,92517,4,0.9084925778146691,3,87,0,0,0,1,0
42,16,66.56416320800781,91434,1,2.067770622952017,1,0,0,0,0,0,0
32,4,23.284934997558594,94199,1,0.04413660572072381,3,99,0,0,0,0,0
49,10,41.57635498046875,94106,4,0.32482060622089215,2,0,1,0,0,1,0
52,28,89.19851684570312,91466,3,7.935829032568,1,0,1,0,0,1,0
50,28,30.707233428955078,95444,3,1.0989984590243815,1,0,1,0,1,1,0
31,9,60.26612091064453,92212,1,0.09689973724897555,3,0,0,0,0,0,0
31,17,49.66594314575195,94400,1,0.46796024463079916,2,0,1,0,0,0,0
28,3,171.00631713867188,92132,2,7.368646524149561,1,0,0,0,0,0,0
49,32,29.81390380859375,93960,2,1.7857765309652232,2,0,1,0,0,0,0
39,15,68.46440124511719,91234,3,1.000356141663471,2,0,0,0,0,0,0
47,30,19.043964385986328,93254,4,0.3061926714176685,2,0,1,0,0,1,0
34,22,69.44245910644531,90227,4,4.765178770267033,1,0,1,0,0,1,0
43,11,117.31324768066406,90061,3,1.0389455237730634,3,169,1,0,1,0,0
29,11,39.19414520263672,90380,4,1.7655693768519032,2,0,0,1,0,0,0
28,4,33.0747184753418,91969,3,1.063778953284104,3,0,0,0,0,0,0
28,11,80.76841735839844,92633,4,1.7685563168391305,3,0,0,0,0,0,0
32,13,77.482177734375,95923,1,5.177847299709068,1,0,0,0,0,1,0
60,35,182.31674194335938,92171,2,5.485628751405959,1,232,0,0,0,1,1
57,31,155.42564392089844,92512,2,4.706013919156862,3,379,1,0,0,0,1
61,36,57.30486297607422,94994,1,1.784777711825322,1,0,0,1,0,1,0
35,4,20.494068145751953,93786,2,1.4250510617266225,3,0,0,0,0,0,0
57,32,78.59432220458984,95325,2,0.676597808067803,1,362,0,0,0,0,0
29,5,140.81900024414062,92117,4,1.1435917744410462,2,0,0,0,0,0,0
30,8,96.33181762695312,95411,4,0.30405743711136285,1,0,0,0,0,0,0
36,12,56.03014373779297,91502,3,0.28149457638901176,2,145,1,0,1,1,0
62,40,180.18280029296875,94338,2,2.317943888293631,1,291,0,0,0,0,0
54,33,49.96805953979492,92222,4,1.1771426403753238,1,160,0,0,0,1,0
61,38,35.48564147949219,91772,2,1.6455819781495096,3,0,0,0,0,1,0
29,5,54.27379608154297,94809,3,0.1256795750739368,1,0,0,1,0,0,0
59,25,55.96562957763672,91565,1,0.3375849492385934,3,163,0,0,0,1,0
37,24,111.95570373535156,90010,2,0.4342496751016548,1,0,0,1,0,1,0
26,1,36.459381103515625,94250,4,1.5379631061480064,3,130,0,0,0,1,0
62,36,47.34514617919922,90187,1,0.0638947049043671,3,0,0,0,0,0,0
41,18,140.24862670898438,95078,2,4.487144149900702,3,238,1,0,0,0,0
61,38,51.393150329589844,92470,2,0.2968948145776232,2,0,0,0,0,0,0
61,37,26.385578155517578,91831,4,0.273043324976226,1,139,0,0,0,1,0
57,24,50.2713508605957,92006,1,5.016071665477582,1,130,0,0,0,0,0
59,35,37.535728454589844,95800,2,0.3562310173557694,2,0,1,0,0,1,0
32,6,35.00971984863281,93918,1,0.7680077565730256,2,146,0,0,0,1,0
44,10,77.0081787109375,90032,3,0.7387136511220503,2,138,0,0,0,1,0
36,15,117.10674285888672,91514,1,1.5860752461270764,1,0,1,0,0,0,0
60,36,82.5302963256836,94050,3,1.521716383185288,3,0,0,0,0,0,0
52,23,30.024995803833008,91775,3,1.3697929104294462,1,0,1,0,0,0,0
62,36,64.243408203125,92184,4,1.4898427982711806,1,0,0,0,0,0,1
46,25,105.801025390625,94325,4,2.711135422615097,2,0,0,0,0,0,0
34,9,169.79498291015625,95596,3,2.835791117868384,1,0,0,0,0,1,0
55,28,55.60903549194336,90208,3,0.9563045244281757,1,0,1,0,0,0,0
57,35,24.15330696105957,89984,2,0.4143761887809674,1,158,1,0,0,1,0
44,25,56.17189407348633,91971,3,1.843714670533596,3,167,0,0,0,0,0
43,24,42.006160736083984,92134,3,2.620718610055809,2,0,0,0,0,0,0
33,13,31.609699249267578,96226,3,0.022988777365587465,2,99,0,0,0,1,0
48,33,91.9984130859375,92395,2,2.36067821635795,1,375,0,0,0,1,0
60,31,93.66555786132812,94763,2,1.2377750790914939,3,437,0,0,0,0,0
28,11,14.493963241577148,91996,2,0.3452161721756798,1,104,0,0,0,1,0
40,26,115.3380126953125,91164,2,1.593882946461585,1,0,0,0,0,1,0
43,15,25.0435733795166,91178,3,0.06703984991644577,2,0,1,0,0,1,0
31,10,54.7327880859375,95603,2,2.022907977603588,1,0,0,0,0,1,0
37,6,61.888790130615234,95974,2,2.4310905037481145,3,0,1,0,0,0,0
46,30,33.376075744628906,93462,4,0.686114646372948,2,0,0,0,0,1,0
32,10,186.205810546875,90427,2,6.1470592137242255,1,395,0,0,0,1,0
41,16,84.23444366455078,92493,3,0.7537148468183649,2,0,0,0,0,1,0
54,35,87.48583984375,92488,1,3.754949563715548,1,126,0,1,0,1,0
48,22,109.22903442382812,92214,2,1.4532157314149907,1,236,0,0,0,1,0
48,29,102.9697494506836,95517,1,2.6201928056701993,1,0,0,0,0,1,0
35,10,28.783884048461914,94866,4,0.7994592207278297,2,0,0,1,0,1,0
43,20,57.04856872558594,93854,3,1.0048596125764653,2,0,1,0,0,1,0
58,35,30.505386352539062,94620,3,0.34498249311824847,2,0,0,0,0,0,0
45,22,185.36683654785156,90319,1,4.317861989532783,1,0,0,0,0,1,0
33,10,43.30083465576172,94384,3,0.5642316083212666,1,0,1,0,0,1,0
39,27,67.51911926269531,95210,2,2.372253054824574,3,0,0,0,0,0,0
43,14,21.98993682861328,92612,2,0.8275600741103903,1,0,1,0,0,0,0
64,38,156.40277099609375,94206,1,3.4225095072993623,1,0,0,0,0,1,0
52,30,68.97423553466797,95832,2,6.465321014518954,3,0,0,1,0,0,0
24,19,95.74739837646484,91742,2,1.4257649160078432,2,0,0,0,0,0,0
50,31,127.45475006103516,94919,2,0.6575294419851185,1,254,0,0,0,0,1
52,26,60.53639602661133,95231,4,2.6654988319221693,3,0,1,0,0,1,0
55,33,128.0643310546875,91264,1,1.5046505349777672,1,0,0,0,0,1,0
63,40,37.18363952636719,94187,4,0.8713533172784269,1,0,0,0,0,0,0
39,7,29.38823699951172,95453,2,0.9919045142758143,2,135,0,0,0,1,0
52,26,39.18412780761719,95988,1,1.6806709983913344,2,0,0,0,0,0,0
64,39,125.9990234375,91257,4,3.0907227520806684,2,0,0,0,0,0,0
62,36,39.07795715332031,93196,4,1.0030980662908873,1,0,0,0,0,0,0
54,36,16.468076705932617,90971,3,1.3253397962693878,1,73,0,0,0,1,0
59,28,48.05202102661133,90468,1,0.38060979298215214,1,0,1,0,0,1,0
60,39,16.303855895996094,95542,4,0.6966232201289848,2,0,0,0,0,1,0
41,35,206.86285400390625,92942,1,6.786423578415835,3,0,0,0,0,0,1
49,24,24.0284423828125,94874,3,1.863125954311023,3,114,0,1,0,0,0
62,36,10.225754737854004,95742,3,0.4112652467982091,2,0,0,0,0,1,0
48,35,51.2981071472168,95346,1,0.5928013908687553,3,221,0,0,0,0,0
59,36,24.73896026611328,96089,4,1.8833833773437194,3,156,0,0,0,0,0
60,30,35.193336486816406,92870,4,0.7902336205021921,2,113,1,0,0,1,0
52,29,37.57817077636719,93899,4,0.2770923346159372,1,102,1,0,0,1,0
45,18,25.819589614868164,89820,2,0.3822391018869152,3,0,0,1,0,0,0
50,22,16.60658836364746,90084,3,1.3513467499469192,1,0,1,0,0,1,0
55,28,49.04045104980469,94142,2,1.3141664044282857,3,265,1,0,0,0,0
43,12,209.2911834716797,92680,2,3.3783762808129723,1,0,0,0,0,0,0
62,36,30.67745590209961,94707,2,2.613295638061796,1,0,0,0,0,0,0
51,30,152.2100372314453,96002,2,7.031110130527939,1,318,0,0,0,1,1
33,7,34.20135498046875,94426,4,1.8682703810699401,2,0,1,0,0,0,0
31,7,17.388946533203125,92022,4,0.618042093913589,1,0,0,0,0,0,0
59,34,25.195493698120117,93289,2,2.5375291193644136,3,0,1,0,0,0,0
40,18,87.38536071777344,93658,1,1.032529396676252,3,0,0,0,0,1,1
60,37,104.22959899902344,91773,2,0.879296279238877,1,217,1,0,0,1,0
47,18,55.141563415527344,91379,3,2.2564545861967837,3,0,0,0,0,1,0
41,10,139.7982177734375,95018,2,5.797590209475742,1,326,0,0,0,0,0
46,15,129.19781494140625,91244,2,1.7140825483401583,1,0,0,0,0,1,0
57,30,79.61770629882812,91644,1,0.7845404583654924,3,0,1,0,0,0,0
31,3,53.714820861816406,95114,1,0.4198932822429655,1,0,0,0,0,0,0
59,38,65.44178771972656,94645,3,0.8554152530021153,3,0,0,0,0,0,0
51,26,42.7106819152832,91160,4,1.137627660426013,3,147,0,0,0,0,0
64,41,16.96295738220215,94102,3,1.428238739940025,3,0,1,1,0,1,0
40,7,90.61373901367188,94817,1,2.1503681080506634,2,0,0,0,0,0,0
45,24,35.40489959716797,92170,1,1.0857920899244453,3,0,0,0,0,0,0
66,41,103.59205627441406,96015,1,2.5737095870437026,1,0,0,1,0,1,0
53,31,57.80574417114258,91300,3,4.208026440560915,1,0,1,0,0,0,0
42,15,127.58872985839844,92060,1,1.9582552988499935,3,0,1,0,0,0,0
36,21,61.50923156738281,92186,4,0.9859614669280878,1,0,0,0,0,1,0
32,7,87.54734802246094,94463,4,1.0425580902476466,1,0,0,0,0,1,0
32,6,117.20506286621094,94732,4,2.9871935345482856,1,0,1,1,1,1,0
42,24,24.94026756286621,91285,1,0.6959074740079831,3,0,1,0,0,1,0
31,9,127.94415283203125,91101,4,3.3477249869233994,2,0,1,0,1,1,1
44,21,88.9896469116211,89673,2,1.710021470862686,1,0,0,0,0,1,0
24,5,130.2854766845703,95065,4,3.319582377902809,2,0,0,0,0,0,0
41,14,36.454078674316406,90332,4,0.15581096613268236,1,0,1,0,0,0,0
37,4,42.12638854980469,92404,4,0.9398482410425594,1,0,1,0,0,1,0
27,1,56.3955192565918,92707,4,0.09851832667344712,3,0,0,0,0,1,0
63,26,58.13166427612305,95567,3,0.37872140609138966,2,0,0,0,0,0,0
55,8,26.85075569152832,92686,3,0.09800763396050902,2,0,0,0,0,0,0
47,23,67.22895812988281,96487,1,1.221668883935422,1,226,0,1,0,1,0
50,28,20.609798431396484,91664,4,0.3506473151435279,2,0,1,0,0,0,0
51,23,44.49590301513672,92750,1,0.04762146578135895,1,0,0,0,0,0,0
59,37,67.80210876464844,94584,4,2.532969688542208,1,108,0,0,0,0,0
30,14,32.92112731933594,94659,2,0.45836441594358623,1,0,1,0,0,0,0
33,18,61.39126968383789,94639,2,3.3132839671451944,3,0,0,0,0,0,0
59,31,113.23109436035156,95260,3,0.7416006827239945,2,455,1,0,0,1,0
59,31,17.021705627441406,90713,4,1.714273141987979,1,0,0,1,0,1,0
40,20,89.63380432128906,94987,1,1.726040616829256,3,0,0,0,0,0,1
28,29,95.82978057861328,95505,4,1.2546205813967162,1,130,0,0,0,1,0
43,15,25.514339447021484,92054,2,0.06483075128422913,3,93,0,0,0,0,0
25,0,64.51255798339844,93045,3,1.2298141513688658,3,324,0,0,0,1,0
42,16,20.886911392211914,94804,4,1.7768291421070201,2,0,0,0,0,1,0
43,8,40.52028274536133,94132,3,0.3464672143139046,2,0,1,0,0,1,0
39,14,76.67537689208984,93992,2,1.7356924664711464,3,0,0,0,0,0,0
33,8,29.564973831176758,93408,3,1.9535301575092003,1,0,0,0,0,1,0
33,13,71.92943572998047,95248,4,1.6123506995177808,2,0,1,0,0,0,0
60,34,118.79456329345703,95382,2,2.4916631986254383,1,0,1,0,0,0,0
52,23,60.20615005493164,92732,1,2.58527248765738,3,0,0,0,0,0,0
30,4,105.3769302368164,91962,1,0.9982781678800816,3,0,1,0,0,0,0
63,34,40.240318298339844,92165,3,0.09356057355108685,1,112,0,1,0,1,0
26,0,15.597599029541016,93576,4,1.2057500258838378,3,0,0,0,0,0,0
31,15,51.048553466796875,94639,3,0.7240125963681752,2,0,0,0,0,1,0
40,8,31.536094665527344,92106,2,0.42892706890283705,2,100,0,0,0,0,0
60,34,17.956039428710938,95612,4,0.13608764339178295,1,0,0,0,0,1,0
32,8,19.633724212646484,92173,1,1.114080469352322,3,107,1,0,0,1,0
52,35,42.18037414550781,90462,3,1.3858983062805388,2,153,0,0,0,0,0
52,34,111.57307434082031,90276,2,3.853644023997509,3,0,0,0,0,1,0
42,20,72.10466766357422,90265,1,0.9720726657078212,2,0,0,0,0,1,0
54,19,34.949462890625,89807,2,3.916884830845463,1,0,0,0,0,0,0
61,37,130.55172729492188,94111,2,1.9393199137636667,3,257,0,0,0,0,1
45,25,65.81780242919922,91973,4,1.7162189656580171,2,126,0,0,0,0,0
46,15,74.15797424316406,91549,3,0.11328475593439116,1,0,0,0,0,1,0
58,33,54.78885269165039,95049,3,0.35610051537203524,2,0,1,0,0,0,0
44,16,63.70270538330078,93183,1,1.420487205143653,3,175,0,0,0,1,0
39,3,80.95986938476562,92347,2,1.7801386144166202,3,0,1,1,0,1,0
62,32,72.61737823486328,92910,4,1.7443953952613487,2,254,0,0,0,1,0
36,22,46.72365951538086,92259,1,2.6958330222550217,1,237,0,1,0,0,0
48,23,184.29708862304688,94743,1,3.7159788472500006,3,0,0,0,0,1,1
49,22,133.0064697265625,92641,4,2.363488721870194,2,0,0,0,0,1,1
46,19,48.86709976196289,94447,4,0.7919026231122464,2,0,0,0,0,1,0
60,35,132.9221954345703,91416,1,3.4753376591707426,1,0,1,0,0,1,0
28,1,140.8469696044922,95390,1,0.24898902285655766,1,0,0,0,0,1,0
53,37,137.0556182861328,94933,3,5.325891790911977,1,0,0,0,0,0,0
32,10,46.22795486450195,94578,4,1.9655443405567867,3,0,0,0,0,0,0
35,11,52.49288558959961,92831,3,1.7512671887208024,1,0,1,0,0,1,0
42,24,68.56290435791016,95020,1,1.2948272704143673,3,100,0,0,0,0,0
34,10,86.15755462646484,90018,3,3.6077774705061003,2,0,0,0,0,1,1
41,9,151.49951171875,95551,3,3.125313518899332,1,0,1,0,0,1,0
57,41,83.75221252441406,94242,3,1.740350992257138,2,0,0,0,0,0,0
38,3,84.60871887207031,91212,3,1.982914879096717,2,0,1,0,0,0,0
61,37,16.409595489501953,94611,1,1.1390586496186028,3,87,0,0,0,0,0
28,2,42.15040588378906,94619,4,1.042732700560822,2,165,0,0,0,1,0
47,22,142.65457153320312,92976,1,2.525746331359703,1,0,1,0,0,1,0
57,34,65.69129943847656,93175,1,0.27434684779564433,1,0,0,0,0,1,0
64,38,163.07225036621094,94094,1,2.9869825435065276,1,383,1,0,0,0,0
41,8,67.57887268066406,92533,1,1.6601637519629482,3,0,0,1,0,0,0
44,12,75.8722915649414,94571,3,7.164550476635417,1,0,1,0,1,1,0
31,9,18.25583267211914,90120,3,0.08990878656528106,2,0,1,0,0,0,0
42,16,71.23287963867188,92377,2,0.40156751011695524,3,177,0,0,0,0,0
58,40,91.32093811035156,92581,1,2.770411167652484,3,347,0,1,0,1,1
29,4,75.7813720703125,89922,4,1.562944883705657,3,0,1,0,0,0,0
61,28,129.77914428710938,95752,1,3.9143100844240495,3,248,0,0,0,0,0
48,25,64.23429870605469,94322,4,1.448791555121176,1,192,1,1,1,1,0
52,22,199.50253295898438,90090,2,4.721645497686552,1,0,0,0,0,0,0
51,6,123.74120330810547,96014,2,2.7430886297655395,1,0,0,0,0,1,0
62,36,32.19562911987305,93110,4,0.29336656899148883,1,378,0,0,0,0,0
39,12,21.382816314697266,95596,2,0.4446293361454844,2,0,0,0,0,1,0
43,35,16.223112106323242,91460,3,0.5704570013626068,2,0,1,0,0,0,0
64,35,46.09187698364258,94288,3,0.2514349432026619,1,0,1,0,0,0,0
43,15,34.40751647949219,90819,4,0.5312490930443671,1,110,1,0,0,1,0
44,22,72.4661636352539,95145,3,0.12316641050319738,2,0,1,1,0,0,0
39,16,114.00906372070312,94606,2,4.2922502159965354,1,0,0,0,0,0,0
35,19,40.01408004760742,94014,1,0.17505585880059743,2,140,0,0,0,1,0
60,34,93.84003448486328,95694,4,1.2043902082880629,2,0,0,0,0,1,0
38,12,102.55986785888672,94414,3,2.513669304906571,1,0,1,0,0,0,0
59,36,39.07926559448242,90491,2,1.7798476424259297,3,0,0,0,0,1,0
36,6,138.0349884033203,95320,3,4.057820355542828,2,0,1,1,1,1,1
60,40,99.8863754272461,94063,1,2.254741874280525,1,0,1,0,0,0,0
27,1,43.347679138183594,96185,2,1.8950739745013134,2,0,0,0,0,1,0
62,27,38.47100830078125,95005,1,1.5885134884985457,2,0,0,0,0,0,0
61,34,25.632617950439453,91847,1,0.38026087585239765,2,0,0,0,0,1,0
41,23,137.50628662109375,90341,1,2.8999245827358404,1,0,0,0,0,1,0
64,40,70.986572265625,92606,3,1.4597493654587574,1,0,0,0,0,0,0
58,32,73.45716857910156,91508,2,1.7328272094232622,3,0,0,0,0,1,0
41,25,57.10625457763672,91681,3,0.27282822211016755,2,0,0,0,0,0,0
28,7,32.230796813964844,94181,1,0.49091943683691014,3,138,0,0,0,1,0
35,8,36.39427185058594,92773,2,0.021558358453595605,2,0,1,0,0,1,0
32,8,167.63343811035156,92517,2,5.376697997506628,1,0,0,0,0,1,0
41,21,48.73090744018555,95368,4,0.5639870742573332,2,0,0,0,0,0,0
26,-1,134.39627075195312,91461,2,3.4467661669729095,3,253,0,0,0,0,1
54,29,44.46409606933594,92295,1,0.14106924528027698,3,0,0,0,0,0,0
39,23,84.7121810913086,95796,1,1.6864243670406551,3,142,1,0,1,1,0
46,24,62.391624450683594,95096,2,1.168584242702793,3,0,0,0,0,0,0
28,-1,33.17828369140625,93979,2,1.3381867180091442,3,235,1,0,0,1,0
61,35,163.71107482910156,94341,2,0.5283159410592919,1,0,0,0,0,0,0
51,21,34.98243713378906,91990,3,2.5721242204897665,1,0,1,0,0,0,0
55,13,48.555599212646484,90359,1,1.1440648630755792,3,0,0,0,0,1,0
54,5,10.500492095947266,94673,3,0.6580782606599697,3,0,0,0,0,1,0
35,13,65.44729614257812,89789,3,0.8748974686957055,1,0,0,0,0,0,0
59,36,57.46409606933594,92429,2,0.22540663836741223,3,0,0,0,0,0,0
60,31,31.914981842041016,94285,1,1.0185879057950349,2,0,0,0,0,0,0
58,11,82.76492309570312,95506,2,0.22789156498763902,1,0,1,0,0,0,0
35,10,17.491466522216797,92434,3,0.5119721643695971,2,111,0,0,0,0,0
37,11,48.890899658203125,95181,3,1.4642383728900354,2,0,1,0,0,0,0
47,29,37.80369567871094,95043,2,2.681089678324913,1,0,1,0,0,1,0
48,19,42.225074768066406,94626,4,1.7674182626630779,2,0,0,0,0,1,0
33,10,35.33561706542969,95321,2,1.0721737746410729,2,0,1,1,0,0,0
49,25,32.70994186401367,93223,4,0.30685889836310454,2,0,0,0,0,1,0
50,24,77.65038299560547,90061,3,1.61662583965632,2,0,0,0,0,1,0
39,11,75.03445434570312,91702,2,2.0127866820948794,3,347,0,0,1,1,1
55,23,24.537981033325195,94607,4,0.1566216870698172,1,95,1,0,0,0,0
55,21,46.170082092285156,91231,1,2.1891738079339205,3,0,1,0,0,0,0
65,42,85.52818298339844,95847,1,1.7827478393633556,3,105,0,0,0,0,0
40,19,190.42922973632812,92280,2,0.5787207440301041,1,0,0,0,0,1,0
35,7,62.419918060302734,96322,1,0.9857310393218144,2,0,0,0,0,1,0
50,28,45.78907012939453,89959,4,0.4029870337127092,1,0,1,1,0,0,0
63,40,23.253650665283203,95704,4,0.31844416960785543,3,0,1,0,0,1,0
53,29,187.0460662841797,90177,2,5.071231482605883,1,0,0,0,0,0,0
49,26,43.417667388916016,94566,3,0.7919865337085635,2,148,1,0,0,0,0
48,16,29.38202476501465,92636,4,1.425647193371383,3,0,1,1,0,1,0
54,33,36.02210998535156,92297,4,1.0457623875104318,2,0,0,1,0,0,0
36,8,72.69368743896484,94346,3,3.6639421507674883,1,0,1,0,0,0,0
43,1,24.757719039916992,96386,2,1.5647086805319301,1,0,0,0,0,1,0
35,20,101.72433471679688,92401,2,4.114665940482382,1,0,0,0,0,1,0
64,37,63.82746124267578,95851,2,2.248412687363993,2,0,1,0,0,0,0
66,39,62.444095611572266,96338,1,0.23629269564278288,2,243,0,0,0,1,0
38,17,52.89065933227539,94447,4,0.359740783134752,1,207,1,0,0,1,0
35,10,19.943254470825195,93166,2,1.6005507966799852,3,0,1,0,0,0,0
27,-1,40.11663818359375,91978,4,2.0334487158058487,1,0,0,0,0,0,0
36,7,27.63241195678711,91812,2,0.0893541869652682,1,0,1,0,0,1,0
35,10,48.141326904296875,92016,3,0.5157296492320264,1,148,1,0,0,0,0
55,35,78.73162078857422,94325,2,2.65726672470407,1,0,0,1,0,1,0
27,0,38.471641540527344,91075,4,0.1126212292217689,1,0,0,0,0,1,0
53,17,50.279056549072266,91101,4,2.847482573706528,2,0,1,0,0,1,0
36,11,68.5927734375,91345,1,2.43825290666124,1,0,1,0,1,1,0
38,17,119.65432739257812,92890,1,4.154261279486946,1,0,1,1,0,0,0
49,25,61.951873779296875,94874,4,1.1972536637383033,3,241,0,0,0,0,0
60,32,85.60182189941406,90502,1,4.444306024482679,3,0,0,0,0,1,0
61,35,72.9581298828125,90058,4,1.442836321882797,1,162,0,0,0,0,0
47,19,93.03970336914062,94655,3,1.2720697088308786,2,0,1,1,0,1,0
57,34,126.45567321777344,91690,2,1.2681180449270946,2,0,0,0,0,0,0
66,42,83.4290542602539,94135,1,1.5279684967756204,1,0,0,0,0,0,0
63,36,69.66697692871094,93008,4,2.6663400031232007,3,0,0,0,0,1,0
46,18,189.18568420410156,96137,2,6.413895657418233,1,364,0,0,0,1,1
55,27,143.18032836914062,95022,2,1.7184418866644446,1,0,0,0,0,1,0
44,16,114.42587280273438,94699,3,0.07616333895878064,2,0,0,0,0,1,0
41,17,128.463623046875,95089,2,1.765242604466399,1,0,0,0,0,1,0
60,32,29.465316772460938,94475,4,1.1912769607195868,2,117,1,0,0,1,0
52,31,18.706649780273438,92661,1,0.1932512909031852,3,0,1,0,0,0,0
60,33,163.40032958984375,91984,2,0.944103186140191,2,0,0,0,0,0,0
34,5,131.75021362304688,96009,2,2.5021507623299657,3,0,0,1,1,1,1
47,23,37.306732177734375,93257,3,0.6705633904727945,3,0,0,0,0,1,0
47,24,60.03146743774414,92244,2,1.3507527664342902,3,86,0,0,0,1,0
59,34,61.74909210205078,94589,2,0.13571045574930354,1,160,0,1,0,1,0
48,15,45.193111419677734,94740,2,1.9515714356795182,3,0,0,0,0,0,0
45,17,14.301287651062012,93899,3,2.06519720949072,2,66,0,0,0,0,0
49,23,30.255334854125977,94724,1,1.2281068500430243,1,153,1,0,0,0,0
36,16,50.370208740234375,95646,2,0.6159795842380988,1,0,1,0,0,0,0
38,12,128.9770050048828,95084,1,0.7425181569304492,1,0,0,0,0,1,0
58,24,105.75152587890625,93057,4,1.9424585168139785,3,0,0,0,0,0,0
59,31,37.762516021728516,90147,4,1.644981556485056,3,0,0,0,0,1,0
47,23,70.4105224609375,94726,2,1.9741145145153252,1,0,0,0,0,1,0
61,34,39.37887191772461,92131,2,1.9161176473606658,1,0,1,0,0,0,0
56,29,87.47134399414062,92892,4,0.8138508945208206,2,438,1,0,0,1,1
64,39,50.097076416015625,96007,4,1.6246561862845619,1,102,0,0,0,1,0
49,21,34.83518981933594,96118,4,0.571460240601082,2,95,0,0,0,0,0
65,40,101.6744155883789,92527,1,0.8849560327210624,1,0,0,0,0,0,0
52,19,117.82636260986328,92150,2,5.650878649537012,1,0,0,1,0,1,0
27,12,71.32901000976562,90035,1,2.2503700540276625,1,0,0,0,0,1,0
54,28,187.68145751953125,91770,1,6.096282345865189,1,0,0,0,0,1,0
66,38,89.93098449707031,94996,3,0.2458145425474116,3,0,0,0,0,0,0
56,28,13.92259407043457,95076,1,0.3871815116948364,3,160,0,0,0,0,0
38,23,11.921257019042969,90586,4,1.1624954690272244,1,0,0,0,0,0,0
40,26,170.64544677734375,95653,2,8.211904247485883,1,100,0,0,0,0,0
37,15,85.62705993652344,95010,1,3.911889326550907,1,0,1,0,1,1,1
52,23,21.351795196533203,95083,4,2.0325537440120094,3,157,1,0,0,1,0
41,23,147.3191680908203,91676,2,1.2149622655513217,1,0,0,0,0,0,0
41,24,129.55284118652344,91275,1,2.9314473153434504,1,0,0,1,0,0,0
31,10,170.5333709716797,92051,2,3.824302175527475,1,0,1,0,1,1,0
59,23,142.7322998046875,92966,4,2.8216879068688576,1,0,0,0,0,0,1
28,6,51.815216064453125,91375,2,1.4011174227794403,3,0,1,0,0,0,0
39,20,99.03070068359375,91588,2,6.833068383741201,1,0,0,0,0,1,0
58,34,30.269548416137695,95090,2,0.00134358075478902,2,107,0,0,0,0,0
30,3,67.45266723632812,94538,4,0.5494311579090994,1,375,1,0,1,1,0
61,34,193.0505828857422,92921,3,6.836986175778409,1,0,0,1,0,1,0
26,1,46.85138702392578,94667,4,5.445609551627097,1,0,0,0,0,1,0
30,19,161.55316162109375,95937,1,2.879172069375731,1,402,1,0,0,0,0
33,7,105.17597198486328,90508,2,2.704010438610692,1,103,0,0,0,0,0
60,35,44.70539855957031,95147,4,1.3164987269069894,1,0,1,0,0,0,0
32,6,60.46049880981445,92283,2,0.6477030491190061,1,0,0,0,0,0,0
51,27,54.31549072265625,92769,2,0.650512320145864,3,207,0,0,0,0,0
52,13,24.908641815185547,94460,4,3.378397500114438,1,0,0,0,0,1,0
66,41,17.046424865722656,94403,3,0.443275086760521,1,101,0,1,0,1,0
40,16,116.00965881347656,91622,1,3.0099178945944303,1,0,0,0,0,1,0
26,2,72.92509460449219,94097,3,2.2138683172307414,1,0,0,0,0,1,0
59,30,24.259607315063477,94274,4,0.6787807512936322,2,0,1,0,0,1,0
44,19,47.25263595581055,91845,3,0.13063904748110688,2,0,0,0,0,0,0
63,38,76.27130126953125,92033,4,1.3835128804833947,1,0,0,0,0,0,0
63,36,59.66189956665039,89876,1,0.3535966733416682,1,0,0,0,0,0,0
39,21,54.506988525390625,92981,1,3.8505278881634335,1,0,1,0,1,1,0
59,33,159.17300415039062,94489,2,1.9893224599749826,1,133,0,0,0,1,0
41,17,31.057802200317383,96005,2,0.754763672721037,2,0,0,0,0,1,0
38,16,59.3990592956543,93218,1,1.4745287393277247,1,0,0,0,0,0,0
43,18,97.67754364013672,91453,2,0.1708933530520837,3,0,0,0,0,0,0
44,15,27.775609970092773,91771,1,0.1741286042180583,1,0,1,0,0,1,0
43,20,69.02665710449219,94843,1,0.5488928267491582,1,0,0,0,0,0,0
52,23,158.89303588867188,91613,2,2.108236789849399,1,0,1,0,0,1,0
48,20,34.4364013671875,94264,2,0.4582965693180233,2,0,0,0,0,0,0
54,28,59.2922248840332,92049,3,2.5957736286419575,2,334,0,0,0,0,0
53,35,16.751678466796875,94160,2,0.7643968963297256,3,317,0,0,0,1,0
43,24,23.407268524169922,94274,4,0.07323273985115036,1,0,0,0,0,1,0
52,27,47.42873001098633,93154,1,1.7869706175247542,1,0,0,0,0,0,0
54,17,114.11541748046875,91090,3,0.2742649908013389,1,0,0,0,0,1,0
32,6,92.94432830810547,93176,4,1.6060245308457413,1,0,0,0,0,0,0
60,33,60.75984573364258,96228,3,1.9135192607440195,1,0,0,0,0,0,0
63,31,122.51651763916016,94778,4,2.830333475251462,2,0,0,1,0,1,1
46,12,62.62649154663086,91994,3,2.4962949064664377,2,340,0,0,0,1,0
57,28,61.116294860839844,91867,3,1.397722200032546,3,152,1,0,1,1,0
62,27,54.58216857910156,93788,2,1.5179202465456496,3,178,1,0,0,0,0
33,8,58.52973937988281,94526,3,1.850435551515918,2,0,0,0,0,1,0
47,22,60.20766067504883,94512,2,1.7078863966422704,2,0,1,0,1,1,0
41,11,41.40095520019531,92994,3,1.6735097284660676,3,0,0,0,0,1,0
60,34,80.06925964355469,96369,2,1.5450541402705156,3,154,0,0,0,1,0
62,38,116.90153503417969,95212,1,1.172449281929462,2,0,0,0,0,0,0
46,17,80.4641342163086,92233,4,2.084225931293689,1,0,1,0,0,0,0
46,28,33.55207824707031,92037,4,1.1539278293992108,2,0,0,0,0,0,0
55,26,67.03358459472656,92338,1,1.414479978616307,3,0,0,0,0,1,0
31,4,46.69951248168945,93152,4,0.9787321222096972,3,70,1,0,0,1,0
45,17,79.90912628173828,94642,1,3.1461881452223577,1,0,1,0,0,1,0
30,0,82.6069107055664,95752,2,2.404036655959296,1,146,0,0,0,1,0
41,21,50.898765563964844,94444,4,0.22541759880807477,2,0,0,1,0,0,0
60,35,75.71956634521484,90142,1,1.5380872731808608,2,0,0,0,0,0,0
51,28,18.82258415222168,95312,2,0.1413296776524683,3,0,0,0,0,1,0
35,9,44.26399230957031,91144,3,0.09374435467734757,3,149,1,0,0,1,0
45,21,91.01261138916016,93256,4,1.5961749516150798,1,371,0,0,0,0,0
39,16,40.61785888671875,91977,3,0.9337906168086643,1,0,1,1,1,1,0
58,34,34.466712951660156,93524,4,1.9236029551541594,1,116,0,0,0,1,0
63,34,27.05143165588379,92509,3,0.14387384144932397,1,0,1,1,1,1,0
63,33,80.27552795410156,92099,3,2.5264589018233976,1,0,0,0,0,1,0
26,18,58.70000076293945,90740,4,1.8823609543307713,2,0,1,0,0,1,0
55,26,39.96537399291992,95488,2,2.0337807784232,2,219,0,0,0,0,0
35,12,47.922569274902344,93483,4,1.6562642864210444,3,0,0,0,0,0,0
48,21,66.1057357788086,90416,2,3.8501698221433345,3,0,0,0,0,0,1
65,38,98.17040252685547,92174,1,2.1756853704543198,1,110,0,0,0,0,0
44,15,57.73736572265625,95541,2,0.9181989614504762,2,0,1,0,0,0,0
29,6,63.72313690185547,94445,1,1.7267536655609275,1,0,0,0,0,0,0
56,32,92.68186950683594,90851,2,2.3868665304761816,3,0,1,0,0,1,0
28,2,41.96867370605469,92252,1,2.0615676485422534,3,0,0,0,0,0,0
62,38,123.6933364868164,91044,1,0.8890364094136699,3,327,0,0,0,0,0
49,17,39.665740966796875,95443,4,0.17069820120128537,1,0,0,0,0,1,0
54,21,63.92671203613281,95751,4,2.097549963698922,2,0,1,0,0,0,0
42,20,40.74702835083008,94226,2,2.041172769652201,3,0,0,0,0,0,0
41,15,79.60760498046875,94641,1,0.9809655438039939,3,0,0,0,0,1,0
48,21,132.172607421875,94979,3,4.91462526253998,3,286,0,0,0,0,0
33,4,18.04537010192871,93957,2,2.394306938216786,3,0,1,0,0,1,0
57,33,31.292911529541016,90077,3,1.2553120801168014,3,150,0,1,0,1,0
62,34,139.24551391601562,94515,2,2.5233133074077454,3,0,0,0,0,1,0
55,33,40.28685760498047,92262,1,1.5990068497176915,2,0,0,0,0,0,0
54,28,72.49711608886719,95821,3,0.8185893247206197,3,152,0,0,0,1,0
35,7,173.0650634765625,94321,2,3.3711710744501047,1,0,0,1,0,1,0
54,32,100.32835388183594,91901,4,0.45426939212385753,3,0,0,0,0,1,0
33,6,34.69627380371094,94139,2,2.31995162974106,2,0,0,0,0,0,0
57,29,52.55570602416992,91283,3,1.136376548307402,3,0,0,0,0,1,0
55,36,145.91015625,92148,1,0.1949678860742584,1,0,0,0,0,0,0
59,24,71.49922943115234,93062,1,1.4354435751089403,1,372,0,0,0,1,0
39,17,34.72327423095703,92113,2,1.45492635921458,3,0,0,0,0,1,0
38,6,96.83756256103516,91433,3,7.35297801748773,1,0,1,0,0,0,0
55,26,192.5332794189453,92254,2,4.1101691217825636,1,0,1,0,0,1,0
42,27,79.18043518066406,92135,1,1.5822739764507752,3,0,0,0,0,0,0
53,36,125.12804412841797,91336,3,2.4140028238326585,1,0,0,0,0,0,0
54,24,43.58994674682617,91587,2,1.477945543309056,3,0,0,0,0,1,0
62,37,38.820133209228516,93114,3,0.42164420449825274,1,0,0,1,0,0,0
53,27,62.81519317626953,95411,1,1.4569203309341825,2,0,0,0,0,1,0
46,28,48.54141616821289,90486,4,2.11492629303605,1,134,0,0,0,0,0
25,2,134.5469970703125,90139,1,1.2414718146634909,1,0,0,0,0,0,0
64,37,51.462039947509766,91324,1,2.878685319276941,2,0,0,0,0,1,0
58,26,65.34584045410156,94340,2,1.8078609776986732,2,0,0,0,0,0,0
37,17,34.80842590332031,94076,4,2.242660849266989,2,0,0,0,0,1,0
40,16,67.24324798583984,91188,2,0.5510661834853345,3,0,0,0,0,1,0
43,21,33.77387237548828,93751,4,2.8409380463448466,1,0,0,0,0,0,0
29,6,48.33872604370117,92744,3,2.426352419397022,1,0,1,0,0,1,0
40,10,21.965797424316406,94869,1,0.08799576961712957,1,0,0,0,0,1,0
48,23,29.503400802612305,91468,2,0.35252346841112664,3,0,0,0,0,1,0
55,30,21.520694732666016,94843,4,0.4915728448911491,1,113,1,0,0,1,0
38,2,93.71356201171875,95633,1,1.8273681983413546,1,0,0,1,0,0,0
53,30,31.832429885864258,92746,4,0.45279364269907973,1,0,0,0,0,1,0
66,37,135.27981567382812,95310,1,1.443834329084105,3,0,0,0,0,0,1
29,3,49.552467346191406,92322,2,0.9754240515722654,1,0,0,0,0,0,0
36,15,95.93130493164062,91265,2,0.1142066442643421,1,0,0,1,0,0,0
58,33,60.320159912109375,91915,1,1.5544753482334852,2,0,1,1,1,1,0
46,16,68.24853515625,91448,4,1.982312605264418,1,0,1,0,0,1,0
27,12,55.61994552612305,95879,3,0.6694738833044808,2,0,0,0,0,0,0
42,17,67.31199645996094,94017,4,0.5985304129274249,1,0,0,0,0,0,0
41,15,60.81160354614258,90968,3,0.82442534634352,3,333,0,0,0,0,0
48,19,28.338043212890625,91917,2,3.0881259458191153,3,0,0,1,1,1,0
38,18,203.30422973632812,90228,3,4.515070973357426,2,0,1,0,1,1,1
65,42,44.36145782470703,94888,4,1.2203965402783024,1,0,0,0,0,1,0
33,4,123.58232879638672,93992,2,5.218081266324353,2,0,0,1,1,1,1
34,12,71.21124267578125,93745,1,3.1219314597031325,2,0,1,0,0,1,0
47,26,93.52558898925781,91961,3,1.0204315161643613,1,0,0,0,0,1,0
63,38,47.308502197265625,91883,2,0.16886143192947195,3,0,1,0,0,1,0
61,38,15.065299034118652,93587,4,1.5131000753363202,3,70,0,0,0,0,0
38,8,17.752487182617188,94226,2,0.13880729146320353,3,0,0,0,0,1,0
31,7,35.962303161621094,91807,4,0.8445950358924968,2,0,0,0,0,1,0
54,23,39.813350677490234,93941,3,2.3776899056297176,2,0,0,0,0,0,0
32,12,197.03390502929688,92047,2,8.114954094150901,1,260,0,0,0,1,0
27,0,88.94152069091797,93535,4,3.32416504918603,3,0,0,0,0,1,1
61,37,51.33476257324219,90749,2,4.232441560084991,2,170,1,1,0,1,0
32,7,39.16348648071289,90582,2,1.4377454485574828,1,0,1,0,0,1,0
60,40,35.210235595703125,94393,3,0.15150647611362517,1,0,0,0,0,0,0
29,2,17.104320526123047,95709,2,0.45874087419251,1,81,1,0,0,0,0
51,37,110.68071746826172,91739,2,4.9474144497086625,1,0,0,0,0,1,0
63,32,30.317615509033203,91600,3,2.8740198412639315,3,130,0,0,0,1,0
46,26,111.2018051147461,95288,1,2.4605058593392792,1,0,0,0,0,0,0
38,21,47.85343933105469,91570,1,2.678802609405646,2,0,1,0,0,0,0
37,16,46.21376037597656,94566,3,1.6389620219099452,1,0,1,0,0,0,0
35,7,41.81837844848633,95404,4,1.0840569038661536,1,0,0,1,0,1,0
64,39,79.14328002929688,94500,3,0.7064852558779379,1,142,0,0,0,0,0
50,30,40.910789489746094,90486,2,1.9618705043928983,2,0,1,0,0,0,0
57,24,80.41541290283203,94951,2,1.930082219146665,2,0,0,0,0,1,0
46,25,59.84235763549805,92063,1,0.5953504433465784,3,0,0,0,0,1,0
43,28,98.39427947998047,94432,2,0.10891980439952234,2,0,0,0,0,0,0
58,35,56.647003173828125,90393,3,1.85178837617992,2,0,0,1,0,1,0
65,40,50.149776458740234,90428,1,0.48333261558632545,3,0,1,0,0,1,0
27,15,165.52273559570312,95449,2,2.461247731236797,1,0,0,0,0,1,0
40,15,17.634201049804688,90294,2,0.6175860494090948,3,125,0,0,0,1,0
58,38,28.161745071411133,94920,3,0.08484546675062146,2,0,0,0,0,1,0
53,35,146.84153747558594,90175,1,1.5094014663932782,1,0,0,1,0,0,0
63,39,97.08466339111328,94425,1,2.1883649772104445,3,380,0,0,0,0,0
41,13,115.86341857910156,94077,2,0.09501791490021413,3,0,1,0,0,1,0
52,23,43.94475173950195,91824,2,1.3068798653035332,3,0,0,0,0,1,0
45,26,26.796566009521484,92663,4,0.3380471123332049,3,0,0,0,0,1,0
51,20,37.539581298828125,92963,2,1.5790770812518318,3,100,1,0,0,0,0
34,12,20.298439025878906,94831,2,0.636854234803963,3,0,1,0,0,0,0
59,18,25.705978393554688,93941,3,0.8610631714272059,3,95,0,0,0,0,0
56,35,35.51508331298828,95856,3,2.212658287777243,1,268,1,0,0,0,0
54,23,16.106809616088867,90360,1,0.2758104480782171,3,0,0,0,0,0,0
42,28,120.43608856201172,92422,2,2.5812990152525925,1,106,1,0,0,0,0
42,23,45.932559967041016,94510,2,2.36166617039238,2,0,1,1,0,0,0
63,36,84.5245590209961,90104,3,2.5936587938276645,2,0,1,0,0,0,0
39,11,86.82289123535156,90331,1,2.5371684234753666,1,0,0,0,0,0,0
34,8,48.56421661376953,94322,4,2.4087152340424116,2,0,0,0,0,0,0
55,27,63.71006774902344,90306,2,1.3951615515970044,1,0,0,0,0,0,0
31,8,32.95299530029297,91651,1,0.037194263907561254,1,0,0,0,0,1,0
41,16,18.601205825805664,92948,1,0.5188583860976785,3,157,1,0,0,1,0
59,32,37.077232360839844,92127,2,1.5132046094406242,3,0,1,0,0,0,0
56,27,60.34425354003906,92002,4,1.4620613301326617,2,150,1,0,0,1,0
40,14,77.38368225097656,90014,2,0.05581807796281746,2,0,0,0,0,0,0
49,24,76.4680404663086,90767,2,0.16644493805462957,1,0,1,0,0,1,0
60,21,110.76458740234375,92718,3,1.0903552153058182,1,158,1,0,0,0,0
39,24,160.90940856933594,94666,1,2.9699085453856324,1,0,0,0,0,0,0
54,25,82.5971450805664,91511,3,1.0283911653615259,2,0,1,0,0,1,0
36,11,142.43850708007812,93929,1,2.8551796665932008,1,0,1,1,1,1,0
62,38,68.07544708251953,93492,1,2.2222508950969297,1,0,0,0,0,0,0
34,3,108.77386474609375,94465,1,3.0450908122762845,2,0,1,0,0,0,0
36,18,24.283443450927734,95702,4,0.9101376142005909,3,233,0,0,0,0,0
41,12,45.49311065673828,92324,4,1.0373380737605076,1,139,0,0,0,1,0
57,26,17.846200942993164,94233,2,0.09793797687594188,2,0,0,0,0,0,0
30,10,77.68429565429688,93379,3,0.5709529843354693,1,0,0,1,0,0,0
57,32,17.911544799804688,90223,4,1.069609047686532,3,88,0,0,0,1,0
61,36,104.54316711425781,94477,2,3.452090971048185,3,221,1,0,0,0,0
67,36,78.43070220947266,91649,2,1.36527928516876,2,0,0,1,0,1,1
44,29,87.684814453125,90297,2,1.3659516755041876,3,0,0,1,0,0,0
51,24,91.72379302978516,92011,1,0.2842021818513453,1,0,0,0,0,0,0
32,12,50.78255081176758,90145,3,1.3990179483385865,2,308,0,0,0,0,0
33,9,24.565752029418945,95121,3,0.8457396431126093,2,112,1,0,0,1,0
35,12,30.25531578063965,95570,4,1.0789523804298575,3,0,0,1,0,0,0
61,30,88.06731414794922,94268,2,2.531739057275602,1,145,1,0,0,1,0
52,24,19.283946990966797,94538,2,0.32275411541659715,2,90,0,0,0,0,0
41,22,110.41433715820312,93061,1,3.371677003592839,1,400,0,0,0,0,0
60,28,60.226261138916016,94115,1,0.4735044416237748,3,383,1,0,0,0,0
34,18,132.24105834960938,95965,1,8.702398004080523,1,0,0,0,0,1,0
35,8,182.24539184570312,92046,2,2.2010118118343427,1,0,0,1,0,1,0
42,14,41.54894256591797,93339,4,3.7476957674784352,1,0,0,0,0,0,0
52,25,97.29876708984375,91036,2,0.5795557080967426,2,0,0,0,0,1,0
44,20,79.5883560180664,94798,2,3.242205355124791,3,293,0,0,0,0,1
45,15,28.90018081665039,93024,4,1.2761204365955159,1,146,0,1,0,0,0
44,24,55.62748336791992,94237,3,1.8610893252241545,3,0,0,0,0,1,0
65,39,57.204437255859375,95495,1,0.11642079834990515,3,261,0,0,0,1,0
40,5,34.060890197753906,95021,4,0.5841031126961083,2,0,0,0,0,0,0
60,32,56.279022216796875,90194,4,1.7865602555973739,3,143,0,0,0,1,0
61,28,34.53220748901367,94955,2,1.403830188943826,3,147,1,0,1,1,0
26,0,74.33390045166016,91984,1,1.3011352354401176,2,0,0,0,0,1,0
27,3,101.82130432128906,95493,3,5.838807619019683,1,0,0,1,0,1,0
47,14,87.03854370117188,92193,1,2.2231747430500297,1,236,0,0,0,0,0
66,38,55.54751968383789,94335,1,0.7788348861774331,3,0,0,0,0,1,1
66,40,25.587783813476562,90770,4,0.2759889336356192,2,0,0,1,0,0,0
32,9,96.70996856689453,91659,1,0.0706872084413778,1,131,0,0,0,0,0
27,22,68.02311706542969,92555,1,0.11879972665863381,1,0,0,0,0,0,0
54,22,43.31591033935547,94562,3,1.8067945862096573,2,0,0,0,0,1,0
39,15,14.89031982421875,90600,4,3.5928667570151602,1,0,1,1,0,0,0
33,4,148.62388610839844,95000,3,2.4852430368334746,2,0,0,0,0,0,1
32,7,39.75446319580078,90194,2,1.4265487594313004,2,153,0,0,0,0,0
27,2,71.0824203491211,94466,4,0.2737474437427102,2,0,0,0,0,0,0
63,38,73.0506591796875,90510,3,0.3405432606646649,2,0,1,0,0,0,0
26,-2,37.715484619140625,95300,4,0.9667215393502487,2,0,0,0,0,1,0
43,20,32.230350494384766,93254,4,0.4747551065886362,1,206,1,0,0,1,0
35,11,41.9051513671875,93023,4,2.130108322025029,1,94,0,0,0,0,0
63,39,23.722156524658203,91118,4,0.06987291868577411,1,0,0,0,0,0,0
56,33,35.79657745361328,92006,2,1.171562842407659,3,111,1,0,0,1,0
37,19,62.189231872558594,95014,1,1.7959938590320905,2,0,0,0,0,0,0
45,15,51.640586853027344,94685,2,2.0313971318751025,1,0,1,0,0,1,0
42,19,41.90311050415039,95703,4,2.091656827019973,2,0,0,0,0,0,0
56,31,175.5337677001953,90883,3,4.3248796088357455,1,92,1,0,0,1,0
33,22,82.98979187011719,92003,3,3.626535883433661,1,144,1,0,0,0,0
59,31,23.69115447998047,92951,1,0.4025438831979496,2,118,0,0,0,1,0
56,25,126.05628967285156,94367,2,2.425116582467828,1,0,0,0,0,0,0
46,17,20.54570770263672,94372,4,0.36937733411044466,1,0,0,0,0,1,0
32,11,70.98863220214844,91290,1,0.2662811303464307,1,0,1,0,0,0,0
45,26,61.439727783203125,95113,3,0.8333268369470301,2,0,0,0,0,1,0
64,36,40.206844329833984,91409,3,0.8011037987433446,2,130,0,0,0,1,0
52,30,73.44532012939453,92193,2,1.2263571428102418,1,0,0,0,0,0,0
56,31,39.54973602294922,94493,1,0.728903958654306,3,0,0,0,0,1,0
51,25,57.85272979736328,92098,1,2.0490648283903754,2,0,1,0,0,0,0
53,24,190.8633575439453,94545,3,2.8747629420972998,3,0,0,0,0,1,1
47,22,124.05227661132812,95239,1,3.57908211612817,3,0,0,0,0,0,1
43,27,65.35205841064453,94906,4,1.7469556649112612,3,157,1,0,0,1,0
38,19,53.342105865478516,92801,1,1.3657553462186844,3,0,0,0,0,1,0
40,19,201.2962188720703,89902,2,3.6223095582214504,1,264,0,0,0,1,0
38,7,33.38166046142578,90418,4,0.2241670340195394,2,0,0,1,0,1,0
37,32,44.50475311279297,94427,4,0.930380393366504,2,0,0,0,0,0,0
49,28,91.40779876708984,95276,4,2.476965820756646,1,0,1,0,0,0,0
31,9,24.439510345458984,94888,4,0.26176761046168995,2,104,0,0,0,0,0
36,7,123.8515396118164,96005,3,0.6917785435236117,3,0,1,0,0,1,0
28,4,64.397705078125,90428,3,2.4035405905344094,1,0,1,1,1,1,0
55,19,52.03342819213867,94282,1,0.6182448036423372,1,0,0,0,0,1,0
58,34,88.35535430908203,93097,1,5.098672890960518,2,0,0,0,0,1,1
47,24,71.25065612792969,91862,2,1.4612956459191995,3,0,1,0,0,0,0
58,29,68.29623413085938,95545,1,3.6756242194394155,3,0,1,0,1,1,0
54,8,29.85372543334961,95608,4,0.2595044473238374,2,0,0,0,0,1,0
27,2,46.15456771850586,95155,3,1.4207874440764454,2,0,0,0,0,0,0
58,30,153.3096160888672,94906,1,0.18727495921764956,1,0,1,0,0,1,0
30,2,123.24099731445312,92190,2,1.7577230211059487,1,108,0,0,0,1,0
44,15,91.54059600830078,96069,2,2.865995263348983,1,244,1,1,1,1,0
33,5,72.64031219482422,93852,3,1.4674260903047371,3,0,0,0,0,1,0
59,37,35.73503112792969,93198,1,0.6924128973831956,2,125,1,1,1,1,0
46,13,64.9344482421875,94292,1,0.7896820358893428,3,0,0,0,0,1,0
57,28,53.924198150634766,95148,2,1.374978726199315,3,243,0,0,0,1,0
55,21,46.484073638916016,93037,1,1.8217910213370243,1,0,1,0,0,1,0
30,12,186.55564880371094,94605,2,2.2413548472099007,1,0,1,0,0,1,0
36,19,118.08100891113281,95831,1,3.360351246665631,3,0,0,0,0,1,0
45,24,20.189712524414062,95845,4,0.43324711063449206,1,151,0,0,0,0,0
62,39,51.867454528808594,91588,4,1.2545266131051052,3,0,1,0,0,1,0
39,19,98.48318481445312,91344,2,2.4736918797502625,1,164,0,0,0,1,0
42,13,27.217863082885742,94247,1,1.0698359593727647,3,0,0,1,0,1,0
45,22,46.70798873901367,92395,1,0.805117502186194,2,0,0,0,0,0,0
45,16,47.8202018737793,90215,1,0.5755895974457415,1,0,0,0,0,0,0
53,30,36.34564971923828,94538,4,1.952435034752926,2,112,0,0,0,1,0
29,-1,40.290321350097656,94294,4,1.5210019419144731,3,0,0,0,0,1,0
62,23,48.050785064697266,94386,4,0.6786363043724903,2,0,0,0,0,1,0
31,7,32.24869155883789,93556,4,0.30059400688898685,3,0,0,0,0,0,0
36,12,73.19190216064453,92165,2,0.7355508534062762,1,0,1,0,0,1,0
35,10,84.80072021484375,91856,3,2.241582583621366,2,0,0,0,0,1,0
51,21,36.28184509277344,95242,1,0.39906936217436856,3,0,0,1,0,1,0
64,39,65.38020324707031,93650,1,2.4154341030050777,2,202,0,0,0,0,0
47,20,116.81095886230469,95555,4,0.9098932826396434,3,0,0,0,0,1,0
62,37,194.81544494628906,91221,2,6.8297113753322884,1,220,0,1,0,0,0
44,14,14.936681747436523,95006,3,1.1881616344624106,2,0,0,0,0,1,0
52,28,114.61284637451172,91642,2,0.9638766673487017,1,0,0,0,0,1,0
49,27,66.53688049316406,94279,4,0.8241884297409344,2,0,0,0,0,0,0
47,30,35.791290283203125,95427,4,0.42295956491986497,2,0,1,0,0,1,0
25,29,36.96703338623047,93703,1,1.7829653314970957,3,0,1,0,0,1,0
46,16,33.98154830932617,95381,1,0.776589206448826,2,0,0,0,0,1,0
66,37,50.72211837768555,93978,3,4.182902994391333,3,0,1,1,1,1,0
33,4,51.39308547973633,92589,4,0.6265367085876347,1,0,1,0,0,1,0
38,4,83.24539947509766,95883,2,1.8454418437021314,1,0,1,0,0,1,0
64,26,32.92584991455078,93083,4,0.6737770332533616,3,163,0,0,0,1,0
33,6,33.65109634399414,94590,4,1.6183459669689875,2,0,0,1,0,0,0
52,33,91.90888977050781,91409,2,2.2885613652889263,1,0,1,0,0,0,0
39,18,88.86102294921875,95198,1,1.237333513047076,3,0,0,0,0,1,0
47,22,146.13609313964844,94479,2,2.0943685769287805,1,323,0,0,0,1,0
66,38,76.7024917602539,91181,2,1.3674877398478646,1,0,0,0,0,1,0
30,4,77.4193344116211,95640,3,2.7321434885120865,1,0,0,0,0,1,0
31,1,46.5056266784668,91609,4,0.5327893890449965,2,153,0,0,0,1,0
35,10,82.22296905517578,91910,2,0.7073698845706637,1,0,0,0,0,1,0
44,20,64.82306671142578,90199,2,1.9256369973222043,1,0,0,0,0,1,0
50,21,66.655517578125,94803,2,1.4472916692312712,2,0,0,0,0,0,0
29,28,22.7591552734375,92393,2,0.5294902386341619,3,136,0,1,0,0,0
62,36,53.59772491455078,94422,4,1.3559913613110632,1,123,1,0,0,0,0
27,2,53.33966827392578,92157,2,0.5724550353470323,1,280,0,0,0,1,0
63,39,81.22040557861328,91320,3,1.2902854715082008,2,0,0,0,0,1,0
54,30,43.084144592285156,90127,3,1.8385684078710547,2,0,0,1,0,1,0
47,20,22.510475158691406,92003,3,0.3447608128330836,2,0,0,0,0,0,0
27,7,37.024658203125,91799,1,0.8396460053706588,3,88,1,0,0,1,0
64,38,62.53744888305664,90401,2,2.1200523581897777,2,0,0,0,0,1,0
66,40,120.328857421875,90527,3,7.747878812775055,3,0,0,1,0,0,0
49,29,33.14110565185547,94456,1,0.4268515330404197,2,166,1,0,0,1,0
36,13,81.64690399169922,90986,2,0.5437051551928197,1,0,0,0,0,1,0
63,32,28.00054168701172,95582,2,2.4626318775302636,1,0,0,0,0,1,0
60,35,38.87068557739258,96076,3,2.65253985137232,1,0,0,0,0,0,0
45,28,93.16935729980469,95506,2,3.310570300205661,1,0,1,1,0,1,0
23,2,16.751962661743164,93890,3,0.7974649532385191,2,0,0,0,0,1,0
56,32,84.86132049560547,92758,1,2.5673445749099026,1,0,1,0,0,1,0
31,5,12.58745288848877,95241,1,0.43592450597922305,1,67,1,0,0,1,0
50,19,50.830360412597656,93590,2,1.8385224061679293,3,105,0,0,0,0,0
61,38,23.57513427734375,91922,4,0.3336267662386874,1,0,0,0,0,1,0
39,16,79.50659942626953,94901,2,0.10590143059239729,1,0,1,0,0,0,0
34,2,44.69588851928711,94834,2,1.501489708416008,3,0,0,0,0,1,0
42,17,85.5886001586914,91561,3,0.20742841575823956,1,0,0,1,0,0,0
34,6,22.71906280517578,94571,3,0.5917413971567205,3,0,0,0,0,1,0
47,10,139.92108154296875,95410,4,2.800726570441407,3,279,0,0,0,1,0
45,19,24.513429641723633,94960,1,0.08099116885403598,3,90,0,0,0,0,0
60,36,114.99063110351562,95915,4,2.5203744463567985,3,0,1,0,0,1,1
53,37,43.703121185302734,93400,2,1.16861751377255,2,0,0,0,0,0,0
46,24,31.869308471679688,93469,4,2.012545899359994,2,98,0,0,0,1,0
57,27,174.78297424316406,89868,1,4.186549250922554,1,0,1,0,0,1,0
48,13,26.74909210205078,90883,1,1.4387606158375617,2,125,1,0,0,1,0
33,7,176.4170684814453,93891,2,1.608800204809814,1,0,0,0,0,1,0
33,8,51.379783630371094,90930,2,1.3166750730619021,3,0,0,0,0,1,0
38,18,23.58945083618164,95889,2,0.15192427534729386,3,0,1,0,0,0,0
30,6,39.22816848754883,95312,1,0.6878310471023352,1,0,0,0,0,1,0
55,32,81.00660705566406,94181,4,1.448104915674569,2,0,0,0,0,1,0
50,21,106.9530029296875,94456,1,2.3483226368761683,1,0,0,0,0,1,0
37,12,46.6573486328125,91158,3,0.11287126793763191,2,0,0,0,0,1,0
53,6,55.030738830566406,94902,2,2.3955961662099448,2,0,0,0,0,0,1
44,21,44.769752502441406,91561,2,0.5076585792909958,3,0,1,0,0,0,0
63,33,74.57090759277344,91457,4,1.919481039289817,1,174,0,0,0,1,0
42,22,160.29110717773438,90392,2,2.271070656791874,1,0,0,0,0,1,0
54,28,49.66960144042969,94184,3,1.9268501566102276,3,157,0,0,0,0,0
53,26,54.893558502197266,94244,4,0.9912359325810478,3,0,0,0,0,0,0
59,29,159.51702880859375,91061,2,4.369814645784206,1,184,0,0,0,0,0
53,16,29.11048698425293,91118,3,0.14106467729176486,2,0,1,0,0,0,0
62,34,19.289714813232422,90865,3,0.9358858672275047,2,146,0,0,0,1,0
34,7,72.35050201416016,92792,2,0.29643283574835166,1,0,0,0,0,0,0
56,34,46.7292594909668,93837,2,2.0941128664163684,1,0,0,0,0,0,0
62,37,51.36083984375,95431,1,0.9195238038434717,3,0,0,0,0,1,0
48,31,23.271390914916992,92130,2,0.10097991269989226,1,0,0,0,0,0,0
26,5,33.17279815673828,94617,3,1.8432434677592482,2,0,0,0,0,1,0
41,5,55.42444610595703,95600,3,0.3084733401644253,1,0,0,1,0,0,0
37,17,106.4616928100586,90835,1,0.3651821293883322,3,0,0,0,0,1,1
32,12,151.66958618164062,94436,3,2.472094454166359,2,198,1,0,1,1,1
57,30,131.0174560546875,91982,3,2.578745255521544,1,0,1,0,1,1,1
51,23,19.9111385345459,90402,4,0.41632799351793204,1,0,0,0,0,0,0
59,34,45.73182678222656,91790,3,1.6621768015529317,2,0,0,1,1,1,0
55,21,39.22705841064453,95177,4,2.615412528319842,2,0,0,0,0,1,0
37,6,101.51457977294922,95577,2,1.1170026445268904,3,371,0,0,0,0,0
58,38,20.03903579711914,94274,4,1.4844668076123235,2,0,1,1,0,0,0
48,24,68.46743774414062,93008,4,3.6449296679619962,1,0,0,0,0,0,0
36,13,81.90815734863281,94824,4,3.6940600047088314,1,0,0,0,0,1,0
62,37,131.28900146484375,96099,2,2.029271265881399,3,0,0,0,0,1,0
38,17,10.597354888916016,92190,2,0.13032021132308164,3,0,0,0,0,0,0
52,21,50.63777160644531,90473,1,7.23888788786514,1,115,0,0,0,1,0
50,28,50.9025764465332,94696,1,0.513854741396673,1,0,0,0,0,1,0
29,12,43.188236236572266,93643,4,1.3788826566088757,1,0,0,0,0,1,0
58,37,16.1016788482666,94253,1,0.4096485302115872,2,0,0,0,0,1,0
58,24,64.69441223144531,92432,1,1.8147365803955915,2,0,0,0,0,0,0
33,9,49.13888931274414,94328,2,1.5396950251898553,3,0,0,0,0,0,0
38,13,33.11155700683594,94104,4,0.16791329845640157,3,0,0,0,0,1,0
37,15,41.14910888671875,94992,2,0.9665513817781689,2,0,0,0,0,0,0
49,29,27.939361572265625,90869,3,1.7915646853381073,3,160,1,0,0,1,0
63,37,18.154953002929688,94287,3,0.9223373075936298,2,0,0,0,0,0,0
50,26,76.89446258544922,89871,2,1.9691420075139499,2,0,0,0,0,1,0
56,28,32.83831787109375,95533,3,0.4115323016209803,2,0,1,0,0,0,0
57,25,65.14604187011719,94311,2,2.4317015204156,3,0,1,0,0,1,0
28,8,118.60781860351562,95590,2,8.185219679783224,1,268,0,0,0,0,0
47,20,85.57928466796875,94278,1,2.3386840479660966,3,0,0,0,0,1,0
40,12,47.58607864379883,94403,2,2.1014874040236693,3,0,1,0,0,1,0
30,-1,91.82234191894531,95685,4,2.239611602150061,3,0,0,0,0,0,0
45,19,68.13125610351562,92534,2,0.24938572414701932,3,0,0,0,0,0,0
33,6,74.88853454589844,93803,2,1.3267607532453496,3,0,0,0,0,0,1
45,17,85.50394439697266,92190,3,5.973220530697421,1,174,0,0,0,0,0
41,13,35.51020050048828,92899,2,0.4246509080084869,3,0,0,0,0,1,0
28,4,59.3294677734375,92960,4,0.6500368302590792,3,0,0,1,0,0,0
45,21,35.33326721191406,93267,2,0.27575992359646406,3,0,1,0,0,0,0
27,16,56.29327392578125,91443,1,2.056357269381318,1,0,0,0,0,0,0
28,6,58.64409255981445,90552,2,1.9272067965006112,3,200,0,0,0,1,0
29,1,33.66961669921875,92750,3,0.44257584581344045,2,0,0,0,0,0,0
46,22,22.078617095947266,96032,2,0.4821793109097098,1,0,0,0,0,0,0
63,39,55.86686706542969,91545,1,0.24976050632786256,3,0,1,0,0,1,0
32,13,193.73727416992188,94632,1,7.1977201732738,3,428,1,0,1,1,1
34,9,40.16312789916992,94489,4,1.655630677988531,3,0,0,0,0,1,0
30,6,105.25686645507812,94559,1,1.5080017335051068,1,0,1,0,0,0,0
57,37,81.30193328857422,91689,4,1.8308397941302004,1,0,0,0,0,1,0
27,0,23.64879035949707,93024,4,1.0165436052113663,1,99,0,1,0,0,0
53,26,62.41664123535156,94825,3,1.9444759276103758,2,91,1,0,0,0,0
31,7,171.2527313232422,94117,2,6.822586117187047,1,425,1,0,0,0,0
35,6,81.11003112792969,94589,1,3.1888077313872003,1,223,1,0,1,1,0
34,5,89.21936798095703,91882,4,0.8354342400749871,1,101,0,0,0,1,0
29,6,115.76073455810547,95137,1,0.9875324229620074,1,0,1,0,0,1,0
65,38,36.60273361206055,96188,3,1.3621084158753498,1,97,1,0,0,0,0
36,10,86.72783660888672,91519,2,1.6660815031669058,3,0,1,1,0,1,0
38,10,21.49114227294922,94616,1,2.8757217179552104,2,0,0,0,0,1,0
47,27,32.926422119140625,94871,3,0.09450348404530318,3,0,1,0,0,1,0
38,10,117.97718811035156,96086,2,4.329311987502619,3,0,0,0,0,1,1
30,8,81.86485290527344,90176,2,3.3147057895717635,3,0,1,0,0,0,1
30,11,56.66710662841797,94932,3,1.29921927642682,3,0,0,0,0,1,0
56,36,150.00100708007812,90282,4,0.902300669386368,2,0,0,0,0,0,1
37,8,44.25954818725586,94103,2,1.9365087171930055,2,0,0,0,0,0,0
51,27,65.27349853515625,92031,1,1.2412315236041347,3,0,0,0,0,0,0
30,1,42.99295425415039,90297,1,1.4923710998333473,1,0,0,0,0,0,0
32,12,14.482484817504883,93744,3,1.7723378286954785,2,0,0,0,0,1,0
34,11,58.29017639160156,91389,4,0.47728084801660087,3,0,1,0,0,0,0
60,38,114.26627349853516,90957,3,0.5972253092737804,1,195,1,0,0,0,0
56,28,107.30500793457031,90117,2,3.1856017183332415,1,0,1,0,0,0,0
58,32,43.42243576049805,93066,4,1.7121991392674492,3,0,0,0,0,0,0
58,27,76.65088653564453,95424,1,2.467654646737279,1,0,0,0,0,1,0
61,34,36.90971374511719,93457,4,0.007095213638078968,2,0,1,0,0,0,0
49,20,71.80986785888672,94520,2,4.089308506633555,1,471,0,1,1,1,0
48,21,186.97938537597656,95118,2,8.056376927713083,1,221,0,0,0,0,0
40,12,65.57470703125,91817,3,1.3726461294656365,3,241,0,0,0,1,0
56,28,46.41851806640625,93705,4,1.738833137502764,2,128,0,0,0,0,0
56,24,56.713199615478516,95089,2,1.312035007744827,2,289,0,0,0,0,0
29,4,203.6938934326172,90246,2,6.869780561163891,1,0,0,0,0,1,0
47,19,87.11325073242188,92284,2,1.3941317970010563,2,0,0,0,0,0,0
63,39,15.536361694335938,94785,1,0.04697042993337769,1,0,0,0,0,0,0
37,17,56.52919387817383,92048,4,2.8131376914338118,2,0,0,0,0,1,0
24,-3,97.59326934814453,95735,3,1.6073134780615144,2,198,1,0,0,0,0
62,34,76.78340148925781,93970,4,1.5986139308458267,1,0,0,0,0,1,0
45,14,116.84442138671875,91686,3,4.56711041353638,3,0,0,0,0,1,1
63,39,57.949806213378906,90132,2,0.07990075153806891,3,0,0,0,0,0,0
65,35,43.14088821411133,90585,4,1.5477964807191296,1,0,0,0,0,0,0
63,38,141.9394073486328,90289,2,1.6478948795089363,1,0,0,0,0,1,0
40,14,94.40431213378906,92270,1,2.765613621233907,2,254,1,0,0,1,0
57,30,82.04210662841797,92037,3,3.044460195044672,2,101,0,0,1,1,0
43,19,57.45038604736328,95736,4,0.8977843536249427,3,0,0,0,0,1,0
36,8,53.30756378173828,95480,4,0.4282706928520374,1,0,0,0,0,1,0
56,24,38.491329193115234,90989,1,0.05057496263668354,3,0,0,0,0,0,0
47,29,25.63189697265625,91998,1,0.7274315681369585,1,168,1,0,0,1,0
35,8,29.500085830688477,94295,4,1.9703198583355659,2,0,0,0,0,0,0
63,39,72.81822967529297,95929,3,0.9955724414185132,2,0,0,0,0,1,0
50,23,42.773948669433594,94445,2,0.8729992538202862,1,0,1,0,0,0,0
54,33,59.81636428833008,91927,1,0.5505350661993287,1,122,0,1,0,0,0
25,1,67.04740905761719,94992,4,1.6514826972883843,3,113,0,1,0,1,0
63,32,31.860586166381836,92107,2,0.5845899177837948,1,62,0,0,0,0,0
57,31,32.8936882019043,94255,3,0.4421858513943947,2,148,1,0,0,1,0
39,32,167.44384765625,95340,2,4.934885000621787,1,0,1,0,0,0,0
64,35,42.776187896728516,94130,3,1.6584680295719711,2,0,0,0,0,1,0
53,35,61.58914566040039,90495,1,2.0078731120740763,1,0,0,0,0,0,0
34,7,86.21269989013672,94380,4,0.4280960030954528,1,0,0,0,0,1,0
35,4,110.9119644165039,92578,2,1.3880293532680692,2,93,0,0,0,1,0
48,19,119.34747314453125,92622,1,5.711265211278292,3,0,0,0,0,0,1
39,15,87.9094467163086,94520,3,3.6599517105758514,1,221,0,0,0,1,0
45,20,51.54557800292969,91126,1,0.19961173946997918,3,0,0,0,0,0,0
44,14,59.880126953125,91068,3,0.3148094614145307,2,0,0,0,0,1,0
36,12,48.8162841796875,90028,2,0.3045159079727998,1,0,0,0,0,1,0
64,39,51.963050842285156,94077,4,1.379723000360895,2,0,0,0,0,0,0
44,16,96.56889343261719,95932,3,2.175281224283628,2,0,0,0,0,0,0
38,15,59.42741775512695,90900,4,3.978940251527269,1,0,0,0,0,0,0
43,21,84.03254699707031,94731,1,2.492430866370993,1,237,1,0,0,0,0
59,30,27.679790496826172,95736,3,0.36841250165698664,2,97,0,0,0,1,0
61,36,100.24736022949219,92104,1,2.112797904828456,1,0,0,1,0,1,0
63,38,15.690728187561035,95160,3,0.9288777870719336,2,88,1,0,0,0,0
34,8,174.25631713867188,92381,2,3.2926550326518926,1,0,0,0,0,0,0
58,26,75.93489837646484,92224,4,0.8658117129527676,2,155,1,0,0,1,0
57,31,75.44927978515625,92099,2,2.440467467716976,1,0,1,1,1,1,0
54,24,52.940494537353516,92102,1,0.34619526294695907,1,0,0,0,0,0,0
62,28,95.48721313476562,92070,4,2.0838348851931037,3,0,0,0,0,0,1
31,7,57.61832046508789,94390,3,1.7546890608643717,2,0,0,0,0,0,0
60,33,208.84805297851562,94205,3,6.697657643159559,3,0,1,1,1,1,1
41,18,148.82699584960938,94432,1,1.7491857133139432,1,0,0,0,0,1,0
28,7,83.76427459716797,94230,2,2.53974423111954,3,0,0,0,0,0,1
38,17,52.96242141723633,91382,2,1.7815337887685823,3,0,1,1,1,1,0
40,10,79.4769515991211,94301,4,1.0515511067003267,1,187,0,0,0,1,0
52,30,81.47941589355469,94795,1,0.5281050681723918,1,0,0,1,0,0,0
42,13,82.57730102539062,94681,1,0.6784680221901896,3,162,0,0,0,1,0
28,4,34.920738220214844,95597,3,1.9475401410171864,2,0,0,0,0,0,0
29,2,89.46482849121094,93150,4,1.8255038304325863,2,0,0,0,0,1,0
62,37,194.49005126953125,90057,3,3.231284129627733,1,0,0,0,0,1,0
48,34,60.81806182861328,95906,1,2.787363657862907,1,0,1,0,0,1,0
62,35,66.31423950195312,92495,2,2.718936604442572,1,0,0,0,0,1,0
62,36,138.4378662109375,94979,2,0.617605515745461,1,0,0,0,0,1,0
55,39,54.15999221801758,96129,4,1.1810070406887074,2,0,1,0,0,1,0
24,13,153.2408905029297,92143,2,2.5841588301683025,1,0,0,0,0,1,0
29,4,134.26181030273438,94241,1,0.11440010288010047,1,0,0,0,0,1,0
31,5,80.32125854492188,95632,3,3.649088344131786,2,282,0,0,0,0,0
60,37,65.60873413085938,95210,1,1.4237952287129785,1,0,0,1,0,0,0
28,5,59.167022705078125,95215,2,0.25412389162031945,1,65,0,0,0,1,0
49,24,57.783451080322266,94806,2,1.0880738490256467,3,0,0,0,0,1,0
60,38,23.667877197265625,95084,4,0.8984632447249752,2,0,0,0,0,0,0
56,29,38.8111572265625,92932,4,0.010779458637112382,3,169,0,0,0,1,0
28,-1,81.17823028564453,91572,1,0.23869542699607676,3,0,0,0,0,1,0
38,25,20.797754287719727,91804,1,0.43340356555218473,1,0,0,0,0,1,0
63,37,85.43741607666016,91056,1,2.8195427493308083,2,148,1,0,0,1,0
29,1,73.346923828125,95648,4,6.569706406063346,1,0,0,0,0,0,0
56,30,21.585018157958984,94866,4,1.3839559734091613,2,93,1,1,0,1,0
46,29,65.30209350585938,94778,2,1.408036531396591,2,0,0,0,0,0,0
55,32,41.18523025512695,92887,4,0.11265548466911587,1,0,0,0,0,0,0
48,35,16.64375114440918,96380,4,0.49242305727936986,2,104,1,0,0,1,0
48,27,134.09445190429688,94721,1,1.1228211267837547,1,345,0,0,0,1,0
30,1,28.80306625366211,95100,4,1.8731976966138966,1,0,0,0,0,0,0
31,12,109.62659454345703,94838,1,1.027642287648508,3,0,0,0,0,1,0
59,31,82.5045166015625,91827,1,3.7744607760271545,3,0,1,0,0,0,1
45,8,125.05821990966797,94558,1,1.407622891069882,1,0,0,1,1,1,0
30,2,99.37202453613281,95949,1,2.5821136710165247,2,0,0,0,0,1,1
34,10,32.52959442138672,93162,2,1.5622910272544337,2,0,0,0,0,0,0
51,33,22.40980339050293,96130,3,0.27508686592429954,2,0,0,0,0,1,0
27,7,14.914981842041016,91870,1,0.42182146015716715,2,0,0,0,0,0,0
62,33,108.36933898925781,91834,1,2.16320713216587,1,0,1,0,0,0,0
30,6,50.55946731567383,93783,3,1.8715069792458945,2,0,0,0,0,0,0
30,3,177.67210388183594,94339,2,5.813660434331815,1,0,0,0,0,1,0
58,33,86.36692810058594,94298,1,0.41969106436899983,1,0,0,0,0,0,0
32,18,53.752220153808594,94987,3,2.013479554620398,1,0,0,0,0,1,0
61,37,190.45074462890625,95505,2,2.0334732194991156,1,144,0,1,0,0,0
52,25,22.795133590698242,92862,4,0.14999592810958823,2,102,0,0,0,1,0
63,39,76.69560241699219,91563,2,1.9173481938660835,3,0,0,0,0,1,0
26,5,55.29262161254883,96017,3,1.659971431691481,3,320,0,0,0,1,0
41,28,12.500896453857422,91075,1,0.2636087430699525,2,0,0,1,0,0,0
30,0,47.56916046142578,93050,4,1.6185324048553738,3,0,0,0,0,1,0
56,25,63.15077209472656,94961,2,0.25730382284380565,3,425,0,0,0,1,0
61,31,49.905155181884766,92392,2,1.606221965420161,3,103,0,1,0,0,0
30,5,42.861328125,94129,3,1.7483605433252358,2,0,0,0,0,0,0
28,1,43.926170349121094,91259,4,1.4585258043836464,2,0,0,0,0,0,0
33,11,157.2166290283203,90195,2,2.003523837324973,1,270,0,0,0,1,0
52,29,43.796321868896484,90105,1,0.8775382741920998,3,150,0,1,0,1,0
61,26,23.072935104370117,95499,3,0.4568774663371472,3,0,0,0,0,1,0
59,33,84.81759643554688,91902,1,1.0085233908121667,2,0,0,1,1,1,1
27,4,29.029390335083008,92427,4,0.6274390539514021,3,0,0,0,0,1,0
59,34,119.53356170654297,91953,2,1.6479616089855547,1,0,0,0,0,1,0
57,8,21.90625762939453,92301,2,2.8392187199655035,3,0,1,0,0,1,0
63,40,47.014251708984375,91903,2,0.5368261498289428,3,0,0,0,0,0,0
34,8,77.97318267822266,95551,4,0.6940457849961594,1,123,0,0,0,0,0
42,8,25.385929107666016,94674,4,0.8844648482315453,2,0,0,0,0,1,0
62,38,114.51531219482422,95936,3,1.1154253160636647,3,519,0,0,0,1,0
26,4,188.91912841796875,94180,1,5.504055972515983,3,0,1,0,1,1,1
39,11,88.28040313720703,95307,2,1.9145119751135091,3,0,0,0,0,0,1
33,7,64.18441009521484,93890,1,0.3990344945923304,1,0,0,0,0,1,0
45,15,115.12603759765625,91930,2,2.778027983741471,2,248,0,0,0,0,1
31,5,159.75341796875,90014,1,6.755414343850663,1,141,0,0,0,1,0
62,28,39.82572937011719,95282,4,0.19185291463136644,3,0,0,0,0,1,0
32,6,33.40470886230469,95260,4,0.24448360119401763,3,111,0,0,0,1,0
64,36,44.553199768066406,90417,1,0.23218800562781391,2,0,0,1,0,1,0
55,26,17.3038387298584,92177,2,0.481510281527014,2,82,0,0,0,1,0
29,1,25.69019317626953,96079,4,0.8030112508775881,1,0,0,1,0,1,0
42,12,46.86382293701172,91502,4,0.7798318077620715,2,0,0,0,0,1,0
28,10,79.73882293701172,95512,3,0.33520821570074577,1,0,0,0,0,0,0
61,27,51.9311408996582,96017,4,0.31689858276621596,2,210,1,0,0,0,0
29,2,147.50706481933594,90968,2,3.417791572661429,1,137,1,0,0,1,0
38,17,53.941558837890625,91962,3,1.2524649153917347,2,0,0,0,0,1,0
33,5,120.29495239257812,92965,1,2.520923822083897,1,0,0,0,0,0,1
30,4,138.87734985351562,95823,1,2.4258477050011438,2,308,0,0,0,0,1
44,21,35.78110122680664,93180,4,1.1501570386986841,3,184,1,0,0,0,0
52,25,108.69659423828125,90184,2,0.8125819738981388,1,0,0,0,0,1,0
53,20,135.27740478515625,94624,2,1.73246071404004,1,0,0,0,0,1,0
53,29,57.590267181396484,93391,2,1.9382373550825336,3,0,0,1,0,0,0
53,17,35.94634246826172,93367,3,2.3687453630665254,2,0,0,0,0,1,0
55,37,61.293235778808594,95614,1,2.101020838855227,3,204,1,0,0,0,0
34,12,69.17140197753906,94692,4,3.0985445329328876,1,272,0,0,0,0,0
45,18,85.62078094482422,92902,1,0.7141866016295019,2,0,0,0,0,0,0
52,20,18.423015594482422,95143,4,1.0493514016038785,1,109,1,1,0,1,0
51,29,67.92484283447266,95172,2,0.119030501569696,1,387,0,0,0,0,0
56,31,42.77040100097656,91681,3,0.9680163126445513,3,263,0,0,0,0,0
61,37,37.47266387939453,92761,3,1.5697494419279836,2,0,0,0,0,1,0
37,8,26.343149185180664,94358,4,0.7434156252330872,2,0,0,0,0,0,0
30,13,43.856510162353516,91345,3,0.5721790282613313,3,0,0,0,0,1,0
32,10,44.48712921142578,92214,3,0.53043917990954,1,0,0,0,0,1,0
42,22,39.54246520996094,94410,2,2.0126577518249893,3,0,0,0,0,1,0
29,6,42.13109588623047,92991,4,0.26583372229311125,2,123,1,0,0,1,0
37,11,145.78529357910156,91258,2,1.9062001993943989,1,0,1,0,0,1,0
25,-2,137.7675018310547,95698,2,8.443925032473768,1,243,0,0,0,1,0
55,30,25.720327377319336,94338,2,0.40028212981102124,3,75,0,0,0,0,0
53,36,33.128150939941406,93207,4,0.23929112662046356,3,0,0,0,0,0,0
56,32,46.020999908447266,90378,3,1.1945186918824657,1,193,0,0,0,1,0
61,33,125.7839126586914,89829,1,2.247769357258406,1,236,0,0,0,1,0
64,39,82.30197143554688,93902,2,0.15344980196899202,1,144,0,0,0,0,0
27,1,87.67201232910156,91763,3,2.3530232714623907,1,154,0,0,0,1,0
31,8,188.84727478027344,91176,1,4.075309763863654,1,196,0,0,0,1,0
34,8,196.53390502929688,92179,2,4.563137645158304,1,0,0,0,0,1,0
65,37,63.16896057128906,91516,1,1.4151440262060144,3,0,0,0,0,0,0
64,41,81.27639770507812,94656,2,0.2656536923337083,1,0,0,0,0,1,0
41,17,50.47552490234375,94270,2,1.112735754721955,2,0,1,0,0,0,0
59,31,56.32546615600586,95506,1,1.3631853059496377,2,112,0,0,0,1,0
54,24,101.80593872070312,93282,1,0.7622981212807284,3,0,0,1,0,1,0
55,27,109.04637145996094,92602,2,2.139296078070552,2,0,0,0,0,1,0
63,36,72.79740142822266,93131,1,0.006961083373143995,3,0,0,0,0,1,0
38,13,47.23834228515625,96434,3,0.12239572806231522,1,0,1,0,0,0,0
63,39,41.086605072021484,95935,2,0.6380640275981974,2,189,0,0,0,0,0
66,39,47.82573699951172,91602,1,1.2591496931913733,3,151,0,0,0,0,0
39,17,119.6111831665039,90126,4,2.9202225891707227,1,0,0,0,0,0,0
57,40,34.04248809814453,92205,4,1.6088116635960386,3,0,0,0,0,1,0
28,22,191.26327514648438,90371,2,1.8712581331254332,1,0,1,0,0,1,0
62,36,94.3001480102539,91476,3,1.1687773248118185,3,0,1,0,0,1,0
56,30,92.2026138305664,90212,2,1.8477581046402984,3,0,0,0,0,0,0
44,18,130.92547607421875,95363,1,4.523283374402046,1,0,0,0,0,1,0
50,31,41.0355110168457,91190,3,2.242782719906504,2,0,1,0,0,0,0
61,36,20.791305541992188,95523,4,0.029224909918235786,2,0,0,0,0,1,0
41,23,46.15925598144531,91811,3,1.9427329233905506,2,0,0,0,0,1,0
36,20,174.4225616455078,94652,3,4.196438465164311,3,146,0,0,0,0,1
49,21,94.00322723388672,95414,4,2.798377173156737,2,0,0,0,0,1,0
58,36,49.3371467590332,94281,3,2.1682117850729647,3,0,0,0,0,1,0
38,14,139.8458251953125,90092,2,2.374999332048458,1,0,1,0,0,0,0
47,19,87.36410522460938,94189,2,1.4576018619319682,1,0,1,0,0,1,0
41,16,36.82649230957031,92093,4,1.1555437318376813,2,0,0,1,0,1,0
61,35,85.946044921875,95978,1,5.793045969935631,3,0,0,0,0,1,0
46,22,165.15402221679688,90348,2,4.692640778690612,3,0,0,1,0,1,1
62,31,36.47648620605469,91215,4,1.0991063096522362,1,126,0,0,0,1,0
51,30,108.44853973388672,95526,2,4.3270852789783225,1,151,1,0,0,0,0
35,11,75.34423828125,96161,4,1.3864204772364477,2,0,0,0,0,1,0
26,0,32.31652069091797,94063,4,1.701797052059837,2,111,0,0,0,1,0
51,33,64.42383575439453,92760,4,1.1140507612823367,1,0,0,0,0,0,0
31,7,56.581111907958984,95566,1,1.94656921071851,2,0,0,0,0,0,0
40,17,40.274932861328125,94253,1,1.8603853498529104,1,0,0,0,0,1,0
57,33,120.76918029785156,91663,2,0.5294708836551666,2,269,1,0,0,0,0
52,37,76.28345489501953,90208,4,4.572583395871419,1,0,1,0,0,0,0
61,32,19.136775970458984,90785,4,1.8436461035290246,1,0,1,0,0,0,0
61,38,36.42385482788086,92039,2,0.015289012444394179,1,0,0,0,0,0,0
29,16,181.22317504882812,90016,2,4.100225710071596,1,0,1,0,0,1,0
61,35,67.19939422607422,93310,3,1.691267195601649,3,0,0,1,0,1,0
50,28,149.7537841796875,91892,2,2.546641249207081,1,0,0,0,0,0,0
43,29,184.29501342773438,94139,2,6.767568024241558,1,0,0,0,0,0,0
42,18,59.48270034790039,89973,4,1.3010719404770814,1,0,0,0,0,1,0
52,19,12.90595817565918,92228,2,0.30194993395526243,1,99,0,1,0,1,0
39,24,72.36071014404297,94469,4,0.9945605118174087,2,0,0,1,1,1,0
64,34,30.21308708190918,95839,2,0.3879001532080095,2,101,0,0,0,0,0
42,16,33.646602630615234,94669,3,0.5222560454254419,1,320,1,0,0,1,0
55,30,60.63487243652344,94656,1,1.8378668928604496,3,0,1,0,0,1,0
63,36,42.414058685302734,93214,3,0.7765732289660712,1,0,0,0,0,1,0
41,14,70.91291809082031,94310,2,1.7836832697271943,1,72,1,0,0,0,0
49,6,21.819997787475586,92688,1,1.439445006193039,3,0,0,0,0,0,0
63,35,49.43767166137695,92627,4,1.0815038118798586,2,0,0,0,0,1,0
61,36,34.72345733642578,90919,2,0.5861456740914901,3,0,1,0,0,0,0
61,43,20.35898208618164,94293,3,0.9431845594595702,2,0,0,0,0,1,0
52,19,52.24217224121094,94411,2,0.6198424586560622,3,0,0,1,0,0,0
64,43,51.70967102050781,92242,4,1.124999740799825,2,0,0,0,0,0,0
61,28,98.59705352783203,95829,2,1.7578481716586016,1,304,0,0,0,0,0
48,23,55.47751235961914,95875,1,0.8845572631065466,3,227,0,0,0,1,0
62,33,24.99469566345215,92967,4,0.12336967276446131,1,0,0,0,0,1,0
44,27,91.17074584960938,90562,1,2.4568162028942306,3,0,1,1,0,0,1
59,39,17.346698760986328,92518,3,0.23146665493857688,1,0,0,0,0,0,0
32,3,26.94430923461914,91495,4,1.511400877842055,2,0,1,0,0,1,0
46,29,122.6075439453125,92105,2,2.7679940249355734,1,84,1,0,0,1,0
46,21,188.09942626953125,92236,3,2.8199456497290516,3,0,0,1,1,1,1
57,28,40.33692169189453,94183,2,1.7518038992188432,3,0,0,0,0,0,0
40,13,62.026573181152344,90441,3,0.30858835559668074,3,0,0,0,0,0,0
56,35,36.75437927246094,96032,3,0.3711568988653408,2,0,0,0,0,1,0
39,21,66.7769775390625,95260,1,2.505843624290608,1,0,1,0,0,0,0
33,7,126.39297485351562,91316,3,0.4318357533132104,1,0,0,0,0,1,0
45,21,41.004207611083984,93771,3,1.574800662232848,2,0,0,0,0,0,0
37,14,57.52067947387695,91480,4,0.16828650048409458,1,0,1,0,0,1,0
62,37,68.38314819335938,95209,3,1.9342105685484323,2,0,0,0,0,0,0
38,11,53.50088119506836,91650,1,0.920820242986796,3,0,0,0,0,1,0
53,19,50.994171142578125,92723,3,1.5136300020483549,2,0,0,0,0,0,0
57,35,45.796043395996094,92239,2,0.16345859139652763,3,209,0,0,0,1,0
49,21,54.84556198120117,90475,4,0.8389392283247001,3,0,0,0,0,0,0
33,7,117.02923583984375,91353,1,1.3239831684428112,2,362,0,0,0,1,0
51,26,29.10652732849121,93760,2,0.39662219575969626,2,0,0,1,0,1,0
65,38,36.90212631225586,92165,3,1.6822297677859144,2,0,0,0,0,0,0
54,15,51.51894760131836,95169,3,0.07017340278094314,2,0,0,0,0,1,0
47,12,13.654094696044922,92701,4,0.10793656886158498,2,120,1,0,0,1,0
41,17,108.35131072998047,92383,2,1.6927144949417923,1,0,0,0,0,0,0
59,37,67.10842895507812,95280,2,0.7794791873369311,2,208,0,0,0,1,0
30,4,31.09549903869629,94485,2,2.1112439454036718,1,0,0,0,0,1,0
41,17,74.39646911621094,95897,2,0.2991063401122258,1,0,0,0,0,0,0
29,3,15.159843444824219,92494,3,0.26920342934614394,2,0,1,0,0,0,0
34,9,118.3789291381836,94278,1,1.6777813110654705,1,243,0,0,0,0,0
47,18,40.736541748046875,93790,2,1.8980167156951684,3,0,0,0,0,0,0
28,1,189.22283935546875,91030,1,5.813590362369362,1,0,0,0,0,1,0
36,9,41.76428985595703,94470,4,2.2916197779366243,3,0,0,0,0,0,0
39,17,21.75122833251953,91625,3,1.4352229419564149,1,0,1,0,0,0,0
54,25,37.01076889038086,91896,2,4.741842191795019,1,0,0,0,0,0,0
39,17,22.159461975097656,90583,1,0.40941833765348323,2,0,0,0,0,1,0
43,24,147.38136291503906,92698,1,1.6067266578242212,1,0,0,0,0,0,0
37,10,131.72850036621094,92036,2,1.3306957066794134,1,0,0,0,0,1,0
30,5,19.764812469482422,92265,3,0.23304016523633064,2,104,1,0,0,1,0
47,21,116.07756805419922,91457,2,0.733215940746113,3,391,0,0,0,1,0
32,6,50.15858459472656,91203,4,0.7952062741251722,1,0,0,0,0,0,0
48,28,42.30916976928711,95182,1,2.627986440846553,1,143,0,0,0,0,0
31,9,11.891542434692383,94279,2,0.22842727199207136,1,0,1,1,0,1,0
28,8,23.395689010620117,91210,2,0.5563876679905402,2,0,0,0,0,1,0
62,36,51.91536331176758,93111,4,1.2436059090012543,3,0,0,0,0,1,0
44,18,39.724273681640625,94782,1,0.4377303932488845,3,0,1,1,1,1,0
56,30,54.171024322509766,94786,3,0.21212820404579646,2,0,1,0,0,0,0
56,22,19.007837295532227,94951,1,0.6041278961350177,3,0,1,1,0,1,0
31,7,56.51537322998047,94758,4,4.171182117923661,1,0,1,0,0,1,0
36,20,21.3918399810791,92565,4,0.6966138955652786,3,0,0,0,0,1,0
44,13,94.86923217773438,91739,1,1.2420529608789537,3,0,1,0,0,1,0
41,18,77.72057342529297,95982,4,0.6056436511121175,2,0,0,0,0,1,0
63,35,29.220314025878906,94761,3,0.4434620803316639,3,0,0,0,0,0,0
37,12,19.987903594970703,94642,4,1.2793049910123315,2,146,0,0,0,0,0
56,20,105.47586822509766,95508,1,2.301519669668981,1,0,0,0,0,1,0
53,33,115.91707611083984,95580,2,2.35300595072612,1,0,0,0,0,0,0
33,12,14.461454391479492,92070,3,0.9179108114778813,3,0,1,0,0,0,0
62,31,151.7086944580078,92733,1,3.498643495126922,2,0,1,0,0,0,1
34,5,59.46257019042969,90349,4,2.05608687775747,3,0,0,0,0,1,0
41,25,135.51602172851562,92172,2,2.4965504239572747,1,0,0,0,0,1,0
65,40,108.29755401611328,90073,3,0.3027157746906812,2,245,0,0,0,1,0
39,12,126.0805435180664,96005,3,0.792908450179076,1,0,1,0,0,1,0
47,35,88.5053939819336,95893,1,1.1684906740636718,3,0,0,0,0,0,0
35,15,39.25702667236328,91984,3,1.197688614540216,2,0,1,0,0,1,0
62,40,117.65304565429688,92209,1,1.7868829187815733,3,0,1,0,0,0,0
61,34,42.79176330566406,94830,4,1.2345296095237979,1,0,0,0,0,1,0
46,25,28.924236297607422,92086,2,1.9302373363507692,3,170,1,0,0,0,0
52,24,129.46005249023438,93002,4,1.8522186967539482,2,337,0,0,0,0,1
59,36,35.47583770751953,90130,2,2.840986719400388,3,0,0,0,0,0,0
58,34,47.726112365722656,90535,1,1.7260183643035278,2,0,1,1,0,1,0
48,28,145.67755126953125,93542,2,2.416850721179825,1,0,1,0,0,1,0
43,21,123.61576843261719,93431,2,4.769663214447183,1,0,0,0,0,0,0
40,17,164.77810668945312,94539,2,1.672939233904056,1,287,0,0,0,0,0
56,30,16.624767303466797,90322,4,1.8263863755318281,2,0,1,0,0,0,0
46,30,40.226985931396484,93123,1,0.5471444542059949,3,0,0,1,0,0,0
41,26,30.079519271850586,92054,2,2.4011558887743782,3,0,0,0,0,0,0
53,28,99.35173797607422,95094,3,2.2368953064740142,2,0,1,0,1,0,0
36,22,26.836162567138672,92252,3,0.2729754002013536,3,116,1,0,0,0,0
44,18,56.7635498046875,92187,3,2.314285244603412,1,243,1,0,0,0,0
54,33,62.30228805541992,93266,1,0.3776746222173866,2,0,0,0,0,0,0
41,24,73.06027221679688,92895,2,0.2209887927748719,2,0,1,0,0,1,0
52,26,62.80506134033203,92568,4,2.0904129477047824,3,0,0,0,0,1,0
58,35,174.90072631835938,91526,3,5.940765983933402,2,0,0,0,1,1,1
43,28,73.54985809326172,94125,2,1.3890137223281702,1,150,0,0,0,0,0
44,20,79.30524444580078,90594,2,1.6100015403841095,2,211,0,0,0,1,0
56,33,19.691741943359375,95906,4,0.2808383245997536,1,0,0,0,0,0,0
62,36,30.75312614440918,94487,3,1.460418333769743,3,0,0,0,0,1,0
64,39,20.30762481689453,94260,3,0.9245480359238957,3,0,0,0,0,1,0
41,15,24.995023727416992,93916,2,0.01751009397073977,1,0,1,0,0,0,0
54,28,40.60661315917969,92209,1,0.17980085042774377,1,0,0,0,0,0,0
38,21,44.679443359375,95125,2,1.0720710639512523,3,0,0,0,0,1,0
48,24,32.20372009277344,93007,1,1.3482918063166167,3,0,1,0,0,0,0
57,36,70.56417846679688,94564,3,0.9469950686106698,1,0,1,0,0,1,0
66,39,82.11532592773438,92835,1,1.4232792773489384,1,0,0,0,0,1,0
59,32,88.82359313964844,94947,2,3.047239417383607,1,0,1,0,0,0,0
35,2,79.22211456298828,91984,4,1.9402513038906188,2,0,0,0,0,0,0
59,35,39.21601867675781,91822,1,1.3519595670831197,2,0,0,0,0,1,0
41,18,36.62172317504883,90999,3,0.6858228503911737,3,88,0,0,0,0,0
55,29,45.243839263916016,95385,3,2.1240424490913252,2,0,0,0,0,0,0
47,33,120.04266357421875,94602,3,6.0392398385765595,1,234,0,0,0,1,0
47,20,30.205568313598633,91251,4,1.966300644407767,1,0,1,0,0,1,0
48,21,39.026756286621094,96156,4,1.7422861502013607,2,0,0,0,0,1,0
36,0,58.02225112915039,96077,4,3.466054977227136,1,0,0,0,0,0,0
42,20,103.25588989257812,89995,2,2.7723801947692177,3,0,1,0,0,1,0
55,29,132.24986267089844,91894,4,2.3155631062553903,1,349,0,0,0,0,0
51,36,110.40284729003906,92086,1,2.0476684998961576,1,0,0,0,0,1,0
33,26,96.09559631347656,90115,2,2.0367650571426132,2,0,0,0,0,1,0
28,3,171.23011779785156,94399,2,2.997147648581232,1,0,0,0,0,0,0
55,36,40.703617095947266,91432,1,1.629957357998804,3,148,0,0,0,1,0
54,24,91.76952362060547,90378,3,2.267862794647323,2,0,0,0,0,1,0
28,13,21.325084686279297,92072,4,0.41429725765984826,2,0,0,0,0,0,0
62,34,53.672454833984375,95401,4,0.9934409353244287,2,0,0,0,0,0,0
57,24,15.412456512451172,92842,4,1.236944692477758,3,0,0,0,0,0,0
56,25,16.72235679626465,91108,1,0.25040853017120546,2,100,1,0,0,0,0
48,20,26.329856872558594,94699,1,0.07374110110968729,2,0,1,1,0,0,0
64,38,37.238914489746094,95276,1,0.8767082203896495,3,142,0,0,0,0,0
36,10,111.29349517822266,91648,2,3.4407658085715664,3,0,1,0,0,0,0
65,41,35.25603103637695,94320,3,1.5293102800528036,2,0,1,0,0,0,0
57,31,25.210718154907227,90324,1,0.3386052359374616,1,0,0,0,0,0,0
29,7,36.70696258544922,92200,3,1.0090136952305024,2,0,0,0,0,1,0
29,1,32.44071578979492,94337,2,2.2680147417754006,2,0,0,0,0,0,0
46,26,79.09882354736328,95397,2,1.3863373994751775,3,0,0,0,0,1,0
30,9,26.773361206054688,91161,4,1.1848248210084842,3,109,1,0,0,1,0
29,3,124.6041259765625,94355,3,5.671718591785077,3,0,1,1,1,1,1
61,25,136.9008026123047,94924,1,1.9830583817882435,1,0,1,0,0,1,0
62,35,15.966135025024414,90132,1,1.9291756595122163,2,0,1,0,1,1,0
58,29,37.37493896484375,93999,4,0.9752619425311819,1,88,0,1,0,0,0
58,31,126.53523254394531,91189,3,1.4424231061868584,2,0,1,0,1,1,1
42,16,33.22097396850586,91696,1,0.6272885408253324,3,0,0,1,0,1,0
62,36,27.58371353149414,91292,4,0.22687122155255662,2,0,0,0,0,1,0
55,28,49.63371276855469,92168,4,1.4825220638802887,3,0,0,0,0,0,0
29,8,37.02046203613281,94944,4,0.6870693978801514,2,0,0,0,0,1,0
65,39,67.58515930175781,94956,4,1.917971252097329,3,0,0,0,0,0,0
47,6,108.81172943115234,93732,3,2.074140421524288,2,279,0,0,0,0,0
65,33,60.8852653503418,91309,2,0.06595993065772648,1,142,1,0,0,1,0
62,40,68.86546325683594,95566,4,0.8744161902454964,3,219,0,0,0,1,0
63,36,152.61065673828125,94495,2,1.6928008011458298,1,0,0,0,0,1,1
33,15,101.055908203125,94775,3,2.003851364814511,1,0,0,0,0,0,0
32,5,50.578857421875,92726,4,1.5782390974051776,2,0,0,0,0,1,0
42,17,50.24103927612305,94799,3,0.2327613052576325,2,0,1,0,0,0,0
53,23,68.8969497680664,93773,3,2.111005563016501,2,0,0,0,0,0,0
60,33,39.442527770996094,90927,3,3.82282897189346,3,0,1,0,0,0,0
59,34,24.921432495117188,91344,3,0.8706150004195841,3,0,1,0,0,1,0
53,27,92.84060668945312,94549,2,1.6010088483895981,1,0,1,0,0,0,0
62,34,71.18244934082031,92914,4,0.9521667021369157,2,0,0,0,0,1,0
37,15,51.6309700012207,95327,4,1.922704436444475,3,0,1,0,0,1,0
45,22,55.31166458129883,95745,1,2.0470532856018053,2,0,1,0,0,0,0
62,39,33.865272521972656,95320,3,0.4368872361691397,2,0,0,0,0,0,0
34,10,56.99586868286133,95234,2,0.6306744051544402,2,0,1,0,0,0,0
55,31,132.21864318847656,95022,3,5.11972261136685,2,0,0,1,0,0,0
52,31,125.89476013183594,90218,1,3.940973286847955,1,0,0,0,0,1,0
36,10,52.762290954589844,94447,3,0.1131085031916158,2,0,0,0,0,0,0
61,35,172.7751922607422,91102,2,2.452952137578747,1,0,0,0,0,1,0
56,29,12.57281494140625,95225,2,1.1661852786775648,2,0,1,0,0,1,0
53,33,42.93284225463867,91796,3,1.2442048187334167,2,0,0,0,0,0,0
64,35,60.04047775268555,95603,4,0.7393330915848485,1,0,0,0,0,1,0
36,12,39.57105255126953,90352,4,2.0285584573515973,2,0,1,0,0,1,0
48,23,35.74031448364258,89958,1,1.451775723791305,2,95,0,0,0,0,0
44,17,16.47502326965332,92062,3,1.5833868083849945,1,0,1,1,1,1,0
49,24,113.95379638671875,96161,4,3.0478488045532277,1,0,0,0,0,1,1
30,4,122.0617904663086,94463,1,0.27274258363957976,1,0,0,0,0,0,1
52,22,157.63156127929688,95259,2,5.413148143216905,1,415,0,0,0,1,0
32,9,126.01615905761719,90583,3,1.6360002847336954,2,0,0,1,0,1,0
54,18,18.37154769897461,94497,3,0.29677530189682044,1,141,0,0,0,1,0
35,10,50.27622985839844,92359,3,2.2930851617971495,3,0,0,1,0,1,0
37,10,74.6973876953125,91393,4,1.3865920780241585,2,0,0,0,0,1,0
42,25,68.91272735595703,94230,1,2.6607413445758974,1,0,1,0,0,1,0
50,24,52.27253723144531,90067,4,0.8533449445483706,2,113,1,1,0,0,0
66,39,31.078460693359375,92758,3,0.9932442026314744,3,314,0,1,1,1,0
64,35,29.125595092773438,95817,4,0.7723646447610234,3,0,1,0,0,0,0
63,30,31.945146560668945,92200,1,1.5993651901022434,2,0,0,1,0,1,0
66,36,82.76704406738281,94299,3,1.2016481426005352,2,0,0,0,0,1,0
62,34,27.407176971435547,94439,4,0.4358508475828373,1,0,0,0,0,0,0
32,8,73.6111831665039,91036,3,0.5769416591831285,1,229,1,0,0,1,0
57,35,25.298805236816406,94940,4,1.993461490744365,2,0,0,0,0,1,0
55,21,146.06533813476562,92476,4,4.06097409977817,2,408,0,0,1,1,1
35,11,96.33332061767578,89920,4,3.866243171623739,2,0,0,0,0,1,1
40,12,84.05801391601562,95420,2,1.4851543500245865,2,0,1,0,0,0,0
61,31,118.36873626708984,96357,4,2.833247790454816,1,0,0,0,0,1,0
28,-1,29.202335357666016,96320,2,0.4868411646963939,1,0,0,0,0,1,0
32,11,127.29705047607422,90326,2,6.439981428232699,1,0,0,0,0,0,0
52,33,86.18639373779297,95094,4,2.15137332675035,2,0,1,1,1,0,0
44,20,68.39013671875,91172,2,0.9791981408542456,3,176,1,0,0,0,0
28,7,38.69551086425781,90742,1,0.47010370564985215,2,0,0,1,0,1,0
64,40,128.58718872070312,92136,4,2.689972947310331,1,0,0,0,0,1,0
42,13,126.10730743408203,94539,3,5.139207287734431,2,0,1,1,1,1,0
38,10,85.39022064208984,90134,3,4.183615919821431,2,0,1,1,1,0,0
56,26,80.34107208251953,94433,4,2.3135474584350284,1,0,0,0,0,0,0
63,38,73.03300476074219,95556,2,2.051874523191012,2,0,1,1,1,1,0
28,1,115.66425323486328,92013,4,1.810369609139693,3,328,0,0,0,0,0
55,29,81.73516082763672,91509,4,2.063496368141861,3,293,0,0,0,0,1
39,22,54.17848587036133,95187,2,1.8106212643174948,1,0,0,0,0,1,0
35,16,191.5467987060547,94903,2,6.942531850898113,1,0,0,1,0,1,0
36,14,40.72980499267578,95265,3,0.14865135186381928,1,0,0,1,0,1,0
40,2,18.93896484375,94667,2,0.5068654143785497,2,99,1,0,0,1,0
41,14,57.68250274658203,93952,1,2.505117019078538,1,0,0,0,0,0,0
52,39,52.83331298828125,95024,3,1.5528457027615463,1,154,1,0,1,1,0
43,18,92.0217056274414,92902,2,2.2592053196494506,2,0,0,0,0,1,0
44,26,63.70425033569336,91096,1,2.321709059458197,2,136,1,0,0,0,0
30,13,61.94970703125,94027,4,2.4572257652137823,1,0,0,0,0,0,0
58,36,77.901123046875,95637,2,1.2288737273071062,1,202,0,0,0,1,0
31,3,56.670738220214844,92811,4,1.2836608799425508,2,213,0,0,0,0,0
46,18,27.11341094970703,92311,4,0.5208497566860175,1,0,0,1,0,1,0
37,21,48.84136962890625,94069,3,2.7714541678144045,2,0,0,1,0,1,0
56,35,83.89739227294922,90007,1,4.102127342520998,1,263,0,0,0,0,0
44,14,172.9896697998047,94917,1,1.8285882234557145,1,0,1,0,0,1,0
37,16,39.59465026855469,92042,1,2.0196709460105957,3,0,1,0,0,1,0
57,32,17.697864532470703,96176,4,0.7831784067724944,1,0,1,0,0,0,0
47,23,70.0112533569336,95306,3,0.19478694622520454,2,0,1,0,0,0,1
56,30,63.696292877197266,92720,2,1.0474716039564402,1,0,0,0,0,1,0
47,33,70.66671752929688,91745,2,1.8843482931348248,2,0,0,0,0,0,0
28,4,96.15055847167969,92022,2,1.8000014368169939,1,0,0,0,0,0,0
63,37,111.73809814453125,92780,2,1.7761231948249536,3,0,0,0,0,0,1
57,25,16.11310577392578,93334,2,0.8372821859081917,3,0,0,0,0,1,0
36,18,86.53379821777344,93467,2,2.2260499926384374,3,0,0,0,0,0,0
29,10,174.5062713623047,91425,1,3.0171326121667246,1,0,0,0,0,0,0
41,14,87.28628540039062,94278,1,2.2367003496350035,1,0,1,0,0,0,0
32,5,129.7064666748047,91126,3,2.062282104232147,3,0,1,0,0,0,0
33,8,119.18216705322266,91991,2,1.6460902174694148,1,0,0,0,0,0,0
58,35,60.80302429199219,90062,4,1.3683742939611425,1,0,1,0,0,1,0
34,9,95.4483642578125,92064,1,2.0330398213524536,1,220,0,0,0,1,0
47,19,124.23469543457031,94388,3,2.977026478273787,3,0,1,0,0,0,1
63,37,47.049625396728516,95867,4,0.8909065921649679,2,0,1,0,0,1,0
52,25,13.083691596984863,94797,2,1.1847548789197861,3,95,1,0,0,1,0
36,11,84.81053924560547,95152,3,2.2861857260768694,2,0,1,0,0,1,0
60,37,43.1936149597168,94456,4,1.180953087602615,2,135,0,0,0,0,0
47,23,67.8949966430664,92970,2,0.9531926660705354,3,0,1,0,0,0,0
63,38,47.36344909667969,90280,1,0.19295625772235636,3,0,1,0,0,0,0
41,12,54.15614318847656,92312,2,1.741049185511503,3,0,0,0,0,1,0
32,9,52.54996871948242,92064,1,0.9812480990383651,2,0,0,0,0,1,0
35,11,156.04962158203125,91111,1,4.823736479507253,1,0,0,0,0,0,0
62,37,119.1558609008789,94337,3,2.8828314920382416,1,0,0,0,0,0,0
41,3,87.72791290283203,94573,1,2.05061266621042,3,0,0,0,0,1,0
43,24,20.720365524291992,95353,2,1.6182839021862707,3,0,0,0,0,0,0
41,15,73.30938720703125,94529,4,0.9568757744411109,2,0,0,0,0,1,0
39,11,118.55990600585938,95356,1,4.332290236645687,1,0,1,0,1,1,0
55,33,56.39326477050781,92741,4,2.0466279579818063,3,0,0,0,0,1,0
61,32,157.90829467773438,93854,4,3.2608539162488097,2,0,0,0,0,0,1
55,19,36.175960540771484,94218,3,0.6744483285009369,2,0,0,1,0,1,0
63,39,76.0849838256836,91281,3,1.2309358260374161,2,0,0,0,0,1,0
62,37,38.322364807128906,92221,2,1.5841598633861707,3,0,0,0,0,1,0
63,35,51.25515365600586,93043,2,0.19369491197121336,3,0,1,0,0,1,0
39,16,41.79894256591797,92663,4,0.34564459920834334,3,0,0,0,0,1,0
56,15,24.49305534362793,90614,3,0.6614969600257685,1,0,0,0,0,1,0
63,27,57.99821853637695,91907,1,1.0471596252317665,1,0,0,0,0,0,0
32,6,51.82320022583008,94746,2,2.3689071965455617,3,0,0,0,0,1,0
44,34,39.717926025390625,94475,4,0.9371181135597869,3,155,1,0,0,1,0
64,39,26.230302810668945,92718,3,0.4323243235874814,2,0,0,0,0,1,0
65,38,49.88206481933594,90083,4,2.014537609608264,1,115,0,0,0,1,0
40,13,61.434173583984375,91549,4,3.3043802086836633,3,0,0,0,0,0,0
62,34,37.00833511352539,92442,4,0.1876263445630969,1,0,0,0,0,1,0
56,20,11.156022071838379,94760,4,0.4808494571342069,3,63,0,0,0,1,0
47,22,12.495058059692383,93060,2,0.099538083988708,1,0,0,0,0,0,0
39,14,74.70824432373047,96073,2,3.7674095884037717,1,0,1,0,0,1,0
30,3,33.151432037353516,94564,1,0.46205005460530635,2,110,1,0,1,1,0
33,14,50.27958679199219,89981,1,1.334601185742371,3,0,0,0,0,0,0
60,33,93.84996032714844,95294,3,2.5105709991864007,1,283,1,0,0,1,0
54,31,43.27052307128906,92940,1,0.32146423013757797,2,0,0,0,0,0,0
35,21,80.85224914550781,94696,3,2.0490343885725313,2,0,0,0,0,0,0
32,-1,55.26506423950195,96589,1,0.8378850405606828,3,0,0,0,0,1,0
28,3,67.70603942871094,93490,2,0.8271762269966502,2,0,0,0,0,1,0
34,9,62.35663986206055,92090,2,3.7094046204626046,3,0,0,0,0,1,0
44,14,34.3941650390625,92102,4,1.4376002747906451,2,0,0,0,0,0,0
36,3,41.10395050048828,94528,4,0.17319091670269599,1,0,1,1,1,1,0
54,30,44.00261688232422,92474,2,0.3149504762330767,1,0,1,0,0,0,0
53,23,136.5096435546875,94717,1,6.622708381019705,1,0,0,0,0,0,0
27,0,56.77141189575195,94192,3,0.41243726624421584,3,0,0,1,0,0,0
33,8,64.69143676757812,94859,1,3.2186040901486357,1,0,1,0,0,0,0
50,25,25.60439682006836,92866,1,2.142039592618557,2,0,0,1,0,1,0
58,35,119.58863830566406,90153,2,1.743858080233692,1,115,0,0,0,0,0
53,32,28.280988693237305,95593,2,0.6877054064641738,1,0,1,0,0,1,0
34,23,127.21188354492188,93661,2,0.5008652666909327,1,0,0,0,0,0,0
57,36,14.861706733703613,95747,2,0.8374216483785659,3,69,0,0,0,1,0
64,37,55.158905029296875,94501,2,1.6898678982722457,2,104,1,0,0,1,0
59,37,74.50907897949219,93860,2,0.17204209580273508,1,0,0,0,0,1,0
52,26,68.63703918457031,94721,1,0.5353602445980381,3,0,0,0,0,0,0
62,33,105.5750961303711,94433,1,3.3825306375238617,1,304,1,0,0,0,0
63,33,79.05303955078125,94244,3,2.7968752808203754,1,144,0,0,0,1,0
29,4,33.6574821472168,90795,4,0.16672524798872734,1,165,1,0,0,0,0
28,2,59.20161437988281,91992,1,0.5235216111680581,3,0,0,0,0,1,0
33,4,17.104578018188477,94107,2,0.6643198092937085,3,80,0,0,0,0,0
29,4,32.092002868652344,94545,2,0.675610996824711,2,103,0,0,0,0,0
33,6,60.7613410949707,94562,4,1.49940008790685,2,197,0,0,0,1,0
65,39,35.69282531738281,94696,2,0.5291011574029015,1,0,0,0,0,0,0
32,9,68.29209899902344,91339,1,1.4648586977334341,2,0,1,0,0,0,0
41,13,114.56727600097656,92086,2,2.280266138381365,1,0,1,0,0,1,0
49,17,51.706233978271484,94275,3,0.6648199830817197,2,0,0,0,0,1,0
31,10,62.99646759033203,95166,2,1.417422944614687,2,0,1,1,0,1,0
60,34,36.850486755371094,96381,1,2.1620458811545977,1,132,0,0,0,1,0
55,32,112.5882339477539,92232,1,1.5976900841596156,1,275,0,1,0,1,0
37,12,32.660118103027344,91261,1,1.6458576446987632,1,0,0,0,0,1,0
51,30,64.50456237792969,90092,3,2.5692233379358242,2,0,0,0,0,0,0
29,7,18.322187423706055,94272,1,0.5098065606414461,3,0,0,0,0,0,0
32,7,115.39112854003906,94395,1,1.9860343429421505,1,0,0,0,0,0,0
52,26,63.784576416015625,94445,2,3.059708972560094,2,0,1,0,1,1,0
54,31,75.81837463378906,91407,2,1.2854687579356994,3,0,0,0,0,1,1
46,15,20.940675735473633,94474,4,0.20985017168659076,3,177,1,0,0,1,0
34,12,16.02434730529785,93321,4,0.34153575640383743,2,0,0,0,0,0,0
42,21,86.39395141601562,95698,4,0.9598272083948545,2,0,0,1,0,1,0
62,40,120.56349182128906,94502,1,1.068363637675159,3,0,0,0,0,0,0
61,39,24.563196182250977,91918,1,1.6535651490310104,3,0,0,1,0,1,0
40,19,24.751867294311523,91710,3,0.3959325370354792,1,0,0,0,0,1,0
59,35,27.382368087768555,95709,3,2.151232558256432,1,0,1,1,0,1,0
58,30,69.13091278076172,94289,3,0.8436803852477487,1,0,1,0,0,1,0
28,1,170.4127960205078,91220,4,1.3054239262981198,2,0,1,0,0,0,1
56,25,35.76427459716797,94512,3,0.21089526622901456,2,0,0,0,0,1,0
41,17,219.1383056640625,90284,1,4.973708935464423,1,0,1,0,0,1,0
31,3,194.60670471191406,95556,1,8.425065901926333,1,200,0,0,0,1,0
54,21,36.22615051269531,92247,4,0.5564841740801036,3,0,1,0,0,1,0
52,25,15.504573822021484,90121,4,0.5576464337994007,1,0,0,1,0,1,0
52,23,75.41339111328125,91261,2,2.1211047648041665,3,0,0,1,0,0,0
27,2,40.4008903503418,95452,2,1.2819623069053008,2,0,0,0,0,1,0
40,13,45.62625503540039,90335,2,0.46507436550302095,1,0,0,0,0,0,0
60,32,67.12718963623047,94903,3,0.2753343696719344,2,0,0,0,0,1,0
32,8,67.6835708618164,91273,2,2.44308857619752,1,0,1,0,0,1,0
29,8,29.52803611755371,94676,2,1.820127592740576,1,132,0,0,0,1,0
41,17,105.34605407714844,93142,2,2.5428373356525698,1,0,0,0,0,0,0
58,29,176.3887939453125,94164,2,4.038043527200576,1,486,0,0,0,1,0
31,14,198.34561157226562,95108,1,4.153035005458534,1,447,0,0,0,0,0
43,19,65.84384155273438,92053,4,2.028145174589771,2,0,0,0,0,1,0
55,24,103.45124816894531,94464,1,0.5738486490166199,1,0,0,0,0,1,0
32,8,28.286537170410156,94847,3,0.7201851353697987,2,0,0,0,0,1,0
35,6,121.05033111572266,95195,2,2.571780879184321,1,0,0,0,0,0,1
37,9,197.48973083496094,92219,2,5.335913703386396,1,0,0,1,0,1,0
51,25,119.72981262207031,95059,1,1.824210704846009,2,0,1,0,1,1,1
50,31,20.059776306152344,92572,4,0.15766860127014212,2,0,0,0,0,1,0
55,26,35.33679962158203,94807,1,0.09670492404518521,1,0,0,0,0,0,0
59,24,134.19784545898438,95299,1,2.5618149925940203,1,0,0,0,0,0,0
39,11,104.05543518066406,94664,1,2.1245415643360697,2,0,0,0,0,0,0
53,25,30.330259323120117,91935,4,1.7580348874283596,3,142,0,0,0,0,0
60,39,33.066009521484375,92260,4,0.8844304364006546,2,0,0,1,0,0,0
58,28,85.51463317871094,91648,1,0.30701414806055594,1,0,0,0,0,1,0
59,28,53.87273406982422,90273,4,1.1144959886743273,3,0,0,0,0,0,0
35,4,36.489227294921875,94760,2,0.1377987331381404,3,0,1,0,0,1,0
55,24,165.21096801757812,94351,4,3.3086665400185398,2,0,0,0,0,0,1
41,7,77.31434631347656,90216,2,2.273381157003566,1,256,0,0,0,0,0
49,16,110.65205383300781,94354,1,5.638666000574747,1,0,0,0,0,0,0
41,32,166.89559936523438,92173,2,2.969900514759023,1,247,1,1,0,1,0
33,11,92.97796630859375,94869,1,2.8830509218426763,3,0,0,0,0,0,0
58,30,160.75,90367,3,6.159832334421779,3,0,0,1,1,1,1
62,33,85.49462890625,92032,3,1.7137369176269486,1,0,0,0,0,0,0
51,30,70.2842788696289,90645,1,7.174901748126231,1,0,0,0,0,0,0
62,31,179.79977416992188,92709,1,6.465787445314128,1,0,1,0,0,0,0
38,19,39.755462646484375,91468,1,2.4664377911337856,2,0,1,0,0,1,0
41,17,106.17417907714844,95493,1,2.15917500979867,1,278,0,1,0,1,0
39,12,105.57172393798828,90318,3,2.456566791795268,1,330,1,0,0,1,0
30,2,92.11199951171875,95706,1,2.660993192780272,2,0,0,0,0,0,0
50,21,80.82317352294922,90141,1,2.666618905883275,3,0,0,0,0,1,0
29,7,56.818416595458984,94588,3,2.836767515883925,1,0,0,0,0,0,1
36,12,108.11490631103516,95337,1,0.37404095928147824,1,0,0,0,0,1,0
62,38,52.15174102783203,93838,1,0.7192389016943852,1,0,0,1,0,1,0
45,19,67.96405792236328,91470,2,0.3731411090568167,3,0,1,0,0,0,0
51,26,60.499549865722656,94693,1,2.0317113276626464,2,0,0,0,0,1,0
60,28,60.388755798339844,94695,1,1.9684164384191285,1,0,0,1,0,1,0
60,34,80.2920913696289,90214,1,2.1691157753749892,2,119,0,0,0,0,0
38,15,62.78706359863281,94591,2,0.38901492054633974,1,0,0,0,0,0,0
64,38,55.73961639404297,94509,4,1.9836829137380445,3,0,1,0,0,1,0
61,39,69.50312805175781,91916,2,0.9873112153090282,1,182,0,0,0,1,0
38,33,61.746646881103516,94695,4,2.2607706861121595,3,48,0,0,0,1,0
51,27,67.81997680664062,95987,4,1.0818291789629328,2,0,1,0,0,1,0
62,33,75.61068725585938,90856,4,0.8556529259826837,1,180,1,0,0,1,0
49,21,117.01010131835938,94145,2,2.1707974486182646,1,0,0,0,0,0,0
51,27,70.28916931152344,94783,2,4.381475388541247,1,0,0,0,0,0,0
58,31,61.724246978759766,90170,4,1.7443324864725267,3,201,0,1,0,0,0
33,11,47.449214935302734,93447,3,1.8469638078064108,1,144,1,0,0,0,0
62,13,87.77033233642578,95496,2,6.690659096747014,1,0,0,0,0,1,0
56,35,73.43942260742188,93087,1,4.14797860887561,3,103,1,0,1,1,0
25,1,172.91188049316406,95268,4,0.2813727913007872,3,0,0,0,0,1,0
29,5,148.78128051757812,94321,1,2.8834465674782814,3,0,0,0,0,0,1
54,26,207.6389923095703,90334,2,9.302020545841678,1,0,1,0,0,0,0
29,7,118.25330352783203,95021,4,1.7186919720821652,2,0,0,0,0,0,1
66,39,100.84062194824219,93122,3,2.886269173949699,1,0,0,0,0,0,1
53,30,91.55364990234375,92937,4,6.89676754032706,1,534,0,0,0,0,0
55,30,26.970766067504883,92615,1,0.036300574453468126,1,0,0,0,0,1,0
64,38,20.33161735534668,90478,4,0.2846409153313062,1,0,1,0,0,0,0
39,16,111.43400573730469,92582,4,3.533973877600711,1,0,0,0,0,0,0
44,19,35.81383514404297,91454,4,0.2927377790865604,1,139,1,0,0,0,0
39,12,46.960845947265625,92224,4,2.0343930446821505,1,0,1,0,0,1,0
41,2,96.07843017578125,92424,1,1.4566962452429384,1,0,0,1,0,1,0
42,24,132.3778839111328,95226,1,2.0804277682792076,1,380,0,0,0,0,1
32,6,53.269248962402344,92091,4,2.6920420575664683,2,0,0,0,0,0,0
46,8,48.490516662597656,96174,4,1.7713659550202467,1,175,0,0,0,1,0
65,36,31.926401138305664,96082,4,1.4953211596634173,3,0,0,0,0,1,0
45,21,87.72542572021484,95110,2,1.2213217107763326,2,0,0,0,0,1,0
48,-1,30.284130096435547,93428,3,0.17058504100107608,2,0,0,0,0,0,0
48,22,43.83679962158203,94816,2,1.1222838642816764,2,118,0,1,0,1,0
37,13,36.36537170410156,92181,1,3.35246131076108,1,197,1,0,0,0,0
36,15,30.458206176757812,91530,3,2.8434213203416316,2,103,0,1,0,0,0
40,22,68.57239532470703,94441,3,1.5190430441813332,2,0,0,0,0,1,0
49,16,58.977134704589844,91601,3,1.8576590606427255,1,0,1,0,0,1,0
37,19,209.52354431152344,91966,1,3.7467581250567403,1,0,1,0,0,1,0
60,33,48.97928237915039,95740,4,0.39524365084131674,2,92,0,0,0,0,0
45,16,55.00079345703125,91172,4,1.815238444009374,3,0,1,0,0,1,0
31,12,103.62264251708984,92428,3,0.30116337103510504,2,260,0,0,0,1,0
56,34,59.387454986572266,91759,2,2.184160326532722,1,395,1,0,0,1,0
63,38,46.459144592285156,90263,1,1.4031256016047073,1,0,1,0,0,1,0
41,26,54.98569107055664,94334,4,1.729996844241866,1,225,0,1,0,0,0
30,2,154.6951141357422,94261,3,2.1510155963880675,1,0,0,0,0,0,1
43,14,90.01139831542969,94236,2,2.41886848118165,1,222,0,1,0,0,0
63,38,116.95915985107422,94408,4,4.297386114012845,1,0,0,0,0,0,0
46,22,40.74856185913086,93137,2,0.2858242358952064,1,115,0,0,0,0,0
37,16,68.15399169921875,90654,3,1.2913635167970825,2,0,0,0,0,1,0
54,32,35.911102294921875,95949,4,1.0130877542692733,1,0,1,0,0,1,0
44,31,182.8372344970703,91110,2,0.6607578469120474,1,314,0,0,0,1,0
63,36,35.33952331542969,94393,3,1.9279376681806681,2,0,0,0,0,1,0
65,39,194.67453002929688,94447,1,6.859483143199116,3,357,0,1,0,1,1
63,39,93.70487976074219,95218,3,4.5093092480991155,3,0,0,0,0,1,0
30,3,65.79705047607422,91595,1,0.845773582167166,3,136,0,0,0,1,0
54,22,46.501502990722656,91459,1,0.5406921558496505,2,167,1,0,0,1,0
55,27,131.13101196289062,91326,2,1.5785372381623997,3,199,0,0,0,1,1
45,30,50.734291076660156,94233,2,1.642534434334834,2,0,0,0,0,0,0
36,14,113.26449584960938,94784,4,2.5591545419050554,3,0,0,0,0,1,0
31,4,125.44374084472656,93201,2,1.7140099130613207,1,0,0,0,0,0,0
46,29,65.11341857910156,92253,1,2.1951435670403687,2,148,1,0,0,1,0
39,14,16.58667755126953,95092,2,1.246250690872766,2,68,0,1,0,0,0
45,20,97.19085693359375,95358,2,1.4225939732424417,1,278,0,0,0,0,0
54,33,109.83342742919922,91066,4,1.4699033682363554,2,0,1,0,0,1,0
54,31,118.56906127929688,94217,1,1.711184268515166,1,0,0,0,0,0,0
50,24,64.81387329101562,96073,2,0.14500207000622192,3,240,1,0,0,0,0
32,7,41.019264221191406,90007,4,1.0637690210522013,2,0,0,0,0,0,0
43,34,46.379173278808594,94866,4,1.751904489877098,1,0,1,0,0,1,0
30,8,132.6089324951172,94871,2,3.125380358638751,3,224,0,0,0,0,0
31,8,49.420326232910156,93409,4,2.475537848772849,1,0,0,1,1,1,0
49,31,32.13157653808594,94771,1,1.2284798116193012,3,0,0,0,0,0,0
30,13,96.25196838378906,91069,1,2.9228902833496178,2,0,0,0,0,0,0
28,7,164.41712951660156,90189,2,4.840940664168766,1,0,0,0,0,1,0
62,35,61.72224426269531,92758,4,0.21210597755614055,3,0,0,0,0,1,0
58,33,84.31488037109375,95064,2,2.130942891717255,3,248,1,0,0,1,0
34,31,74.6500473022461,91831,3,0.7365445148525881,2,0,0,0,0,1,0
37,15,62.74068832397461,91448,1,2.1970467205283377,2,0,0,0,0,1,0
32,8,143.70433044433594,94692,1,1.522412178169636,3,0,1,0,0,0,1
55,24,87.98075866699219,92976,2,2.874724426594579,3,224,0,0,0,0,0
60,32,88.34883880615234,92502,3,2.107931675526645,3,0,0,0,0,0,0
31,18,94.4320297241211,90151,2,1.1249081704231512,2,0,0,0,0,0,0
48,32,68.82730102539062,93804,2,1.9103925170461369,1,0,1,0,0,0,0
37,3,92.20450592041016,91713,2,2.7356294266837224,1,0,0,0,0,0,0
30,1,43.121639251708984,91669,3,0.8867233466159888,1,83,0,0,0,0,0
30,9,206.25999450683594,94527,2,4.403405756293974,1,472,1,0,0,1,0
49,29,56.349361419677734,94583,2,3.1072921977018138,1,0,1,0,0,0,0
43,10,180.9155731201172,94894,1,0.6207405807419879,1,0,0,1,0,1,0
65,38,75.71827697753906,95140,4,1.88099188182439,3,0,0,0,0,1,0
58,35,105.38441467285156,91351,3,2.431959384614842,2,0,1,0,0,1,1
34,8,30.478368759155273,94441,1,0.258304814556114,3,0,0,0,0,0,0
29,6,84.921630859375,96419,1,0.40171984321523774,3,0,0,0,0,1,0
29,9,44.39597702026367,90331,3,1.0022218611366105,3,0,0,0,0,1,0
48,23,74.09339904785156,90470,4,0.12236950896896562,1,0,0,0,0,1,0
40,10,25.37839698791504,94492,3,0.16644286709792683,3,0,0,0,0,1,0
59,31,72.40927124023438,95747,4,3.152689165206674,2,0,0,1,0,0,0
63,38,154.99871826171875,90000,2,6.763057635489243,1,0,1,0,0,0,0
47,16,82.71675872802734,90197,3,1.4165526014055176,2,0,0,0,0,1,0
39,17,22.278141021728516,94646,1,0.2469027944762603,3,101,0,0,0,0,0
47,21,210.88116455078125,94373,1,7.2372712840263285,1,0,0,0,0,0,0
35,11,32.46537780761719,93228,3,0.6440189454298328,2,0,0,0,0,1,0
53,28,92.16454315185547,91911,4,1.7742245880987568,1,94,1,0,0,1,0
60,35,147.98431396484375,90475,4,5.817132801567935,2,0,0,0,0,1,1
32,7,78.96640014648438,92761,1,1.2189739772416641,3,0,0,0,0,1,0
48,21,129.4439697265625,94383,2,2.4391830373692875,1,0,0,0,0,0,0
27,2,63.63697814941406,91842,3,3.1393182089917784,2,0,0,0,0,1,0
37,29,127.92426300048828,94781,3,2.6585032596745863,1,218,1,1,0,0,0
25,2,167.1274871826172,93075,4,4.014932270429636,3,0,0,0,0,0,1
62,38,46.08460998535156,92955,2,2.3031964084429877,1,133,0,0,0,0,0
48,28,144.78616333007812,95545,2,8.26082171319585,1,275,1,0,0,1,0
36,15,22.153501510620117,96156,1,0.3140775028584533,3,0,0,0,0,0,0
39,22,42.403690338134766,92202,3,1.9871292170687624,2,0,0,0,0,0,0
36,0,57.434844970703125,95056,4,1.9892549936390864,3,0,0,1,0,0,0
35,11,108.03688049316406,94828,4,6.24695599704469,1,0,1,0,0,1,0
39,20,75.12782287597656,94693,2,2.43937076214602,1,0,1,0,0,0,0
38,14,23.842077255249023,92725,1,0.42241680159721856,3,0,0,1,0,0,0
59,37,53.19118881225586,92095,4,1.1932996019195818,1,143,0,1,0,1,0
44,9,85.009765625,95126,3,1.6034097688193145,2,158,0,1,0,0,0
55,30,46.57275390625,95067,4,2.292308731708795,1,0,0,0,0,1,0
56,28,12.090261459350586,93155,1,0.22618891295587568,3,0,1,0,0,0,0
44,18,67.5881576538086,95097,1,1.2123994939619291,2,0,0,0,0,0,0
29,3,126.21754455566406,95331,2,3.4701260333185084,3,0,0,0,0,1,0
47,21,20.12940216064453,90578,3,0.255074356547791,1,0,0,0,0,0,0
63,41,46.658294677734375,92627,1,1.6373754577274682,3,0,0,0,0,0,0
51,17,88.78599548339844,95415,4,1.9893235157508102,1,0,0,1,0,1,0
41,15,50.709190368652344,92006,4,1.030394060691524,3,0,1,0,0,1,0
27,1,16.896137237548828,92237,2,3.022103239642562,3,0,1,0,0,1,0
58,32,20.093564987182617,93795,3,0.9391773439224231,3,0,1,0,0,1,0
32,4,59.67924880981445,94313,4,1.625087536212215,1,0,1,0,1,1,0
62,33,36.35327911376953,92885,1,1.1593405814750437,2,0,0,0,0,1,0
28,6,122.0607681274414,90726,4,3.6330620442847654,1,241,1,0,0,1,1
45,25,154.54930114746094,90275,2,7.169263055228353,1,0,1,0,0,1,0
64,34,26.88274383544922,94396,2,2.392369113263745,1,143,0,0,0,1,0
59,28,58.20282745361328,94303,4,0.390970756803675,2,0,0,0,0,0,0
55,21,103.79946899414062,91696,3,3.358033716429581,1,263,1,0,0,0,1
60,39,167.03692626953125,94713,3,4.3804527267624636,2,0,1,0,1,0,0
55,34,120.49275970458984,92279,2,1.4769827055268308,1,0,0,0,0,1,0
25,0,50.46317672729492,92906,4,0.8447265436718667,1,0,0,0,0,1,0
63,33,101.08425903320312,94460,2,0.30524853332804813,2,157,0,0,0,1,0
36,1,113.076904296875,94394,1,0.3898906807435816,3,484,1,0,0,0,0
28,8,57.27867126464844,95441,4,0.5398366218910953,2,0,0,0,0,1,0
48,34,122.78445434570312,91529,1,2.5529865023687286,1,130,0,0,0,1,0
58,40,128.27490234375,94226,1,1.2559114589380398,2,0,0,0,0,0,0
25,3,23.63524055480957,95931,2,0.07410131732711228,3,104,0,0,0,0,0
39,27,111.24519348144531,92159,2,1.639758360718272,3,0,1,0,0,0,0
63,36,32.80646514892578,94969,1,0.5875509801353428,3,191,1,1,1,1,0
59,30,53.8580436706543,89946,1,2.2739834322636785,2,102,1,1,0,1,0
30,4,24.80947494506836,94106,4,2.254818677652316,2,0,0,0,0,1,0
27,6,57.050559997558594,94331,2,1.2497790912248958,3,0,0,0,0,1,0
64,18,45.04840087890625,94135,4,1.595572006188398,3,0,1,1,0,1,0
52,27,72.97402954101562,94721,4,1.1847189217258092,3,291,0,0,0,1,0
39,9,116.01483154296875,94067,3,3.110380716150765,3,0,1,0,0,0,1
24,3,105.99109649658203,94401,3,0.3973191834016852,2,0,0,0,0,0,0
46,19,59.165103912353516,93229,3,1.0155061898753526,1,0,1,0,0,1,0
57,30,79.16797637939453,91991,2,2.776277644511861,1,0,1,0,0,0,0
27,0,48.98565673828125,95154,3,1.9973988373105362,3,0,0,0,0,0,0
30,2,41.042236328125,92127,3,1.3090058427779656,2,97,0,0,0,1,0
44,23,70.77240753173828,95654,2,0.3718260385257011,3,111,0,0,0,0,0
33,4,46.78426742553711,92043,4,2.538307158007545,1,0,1,0,1,1,0
37,12,155.6671905517578,91586,1,2.2905259897517514,2,0,0,0,1,1,1
37,13,97.39669036865234,95382,3,2.6650212713114407,3,0,0,1,0,1,0
53,33,20.659210205078125,95767,3,0.14923371184390588,2,0,0,0,0,0,0
29,-2,55.300437927246094,89906,3,1.987968886949357,3,0,0,0,0,0,0
44,17,40.34597396850586,94993,3,1.4502737797789251,1,0,0,0,0,1,0
54,30,147.6603546142578,94244,3,9.376007888359275,1,0,0,0,0,0,0
57,28,68.32514953613281,92406,2,2.0570746476555115,1,405,0,0,0,0,0
61,30,13.652582168579102,94613,3,0.794106085616748,2,119,0,0,0,0,0
42,14,156.3057098388672,91335,1,2.134466295838368,1,213,1,0,0,0,0
32,8,80.75995635986328,93083,1,1.6604770108245024,3,0,0,1,0,1,0
37,13,79.44660949707031,91358,3,0.8498127160001904,1,0,1,0,0,0,0
28,3,70.72372436523438,92884,3,0.22865179192270269,3,0,0,1,0,0,0
34,12,20.16628646850586,94140,2,1.8192507302001704,3,0,1,0,0,1,0
37,5,111.85986328125,93805,1,3.2667720337034263,1,0,0,1,0,0,0
54,39,19.163671493530273,94569,4,2.173478355624008,2,150,1,0,0,1,0
36,18,61.92784881591797,91554,1,0.18435613304425402,2,0,0,0,0,1,0
26,2,107.48480224609375,90248,4,1.0067463158770056,3,0,1,0,0,0,0
46,16,96.23831176757812,94012,3,1.165832070324258,1,0,1,1,0,1,0
43,21,85.6127700805664,92504,2,0.08782428398223596,1,0,0,0,0,0,0
61,38,123.9499282836914,92586,4,3.0682463168476,1,0,0,1,0,0,1
54,15,122.3434066772461,91701,2,2.7873390194251275,1,121,0,0,0,0,0
59,36,40.65278625488281,91413,3,0.13920940873542517,2,0,0,0,0,1,0
65,39,22.806360244750977,94363,3,0.4302018013653467,3,0,1,0,0,1,0
30,9,67.16069030761719,91351,3,1.7049852511094183,1,0,1,0,0,0,0
37,12,67.47383117675781,91057,3,0.1308907403573551,2,115,0,0,0,0,0
50,16,93.76268005371094,94725,1,3.3119782176575794,1,0,0,0,0,0,0
34,6,23.517662048339844,94797,3,0.9905957960441039,2,0,1,0,0,1,0
47,16,23.68416404724121,91193,2,0.5881427651425072,3,0,1,0,0,0,0
30,0,64.66340637207031,93384,4,1.1633253654621742,2,0,0,0,0,1,0
36,12,22.643142700195312,96298,4,1.6396961772887222,2,0,0,0,0,0,0
38,12,32.08992004394531,94835,1,1.527184690819584,3,101,0,1,0,0,0
44,15,152.9241485595703,95127,3,2.3421579833753716,1,0,0,0,0,1,1
57,28,23.633031845092773,91360,4,1.4166387015387403,1,0,1,1,0,1,0
44,20,127.50161743164062,92101,1,1.7131527264182684,1,0,0,0,0,0,0
50,36,136.62135314941406,90296,1,6.622602586911408,1,379,0,0,0,1,0
52,21,32.17332458496094,94248,4,2.6876777396130875,2,0,0,0,0,1,0
38,13,39.232398986816406,95124,4,0.7054201182997146,2,0,0,0,0,1,0
55,28,58.261653900146484,91926,2,1.1268037721377615,1,99,0,0,0,0,0
50,11,79.00324249267578,94495,4,0.5655051341827648,2,0,0,0,0,1,0
34,9,64.2227783203125,95335,1,2.6033809420598777,3,0,0,1,0,0,0
44,24,47.033042907714844,95699,1,0.2386751602751369,3,0,0,0,0,1,0
33,0,41.809757232666016,94435,3,1.038260313463619,1,0,1,0,0,1,0
24,-1,77.7860107421875,92218,1,2.355490781622358,2,0,0,0,0,0,0
38,26,27.704967498779297,95309,2,0.17330537939139756,1,0,0,0,0,0,0
58,27,168.03256225585938,94677,3,4.70539161795941,1,0,1,0,1,1,0
25,4,48.6802978515625,92748,3,1.862072008424134,3,0,0,0,0,0,0
56,32,13.618245124816895,92788,4,0.7150897222940719,2,0,0,0,0,1,0
61,32,16.095125198364258,94900,1,0.4584141963440668,3,0,0,0,0,1,0
43,3,83.39600372314453,93216,4,0.13888395593585912,3,0,0,0,0,1,0
50,14,97.18489074707031,95198,2,1.1962199126174593,1,211,0,1,0,1,0
54,34,45.02229309082031,93339,3,0.29206490180626643,1,0,1,0,0,1,0
38,9,91.6416015625,91791,2,0.4885001421137255,1,154,1,0,0,0,0
34,5,62.07543182373047,92043,4,1.5189997453874096,1,104,0,0,0,1,0
45,21,102.42198181152344,95105,2,2.0386540045028094,1,0,0,0,0,1,0
39,13,62.881961822509766,94550,2,1.5879557110036437,1,0,1,0,0,1,0
60,37,41.53544616699219,92178,3,0.195484758855634,1,159,0,0,0,1,0
43,26,47.416648864746094,90383,3,1.2524914013434751,2,0,0,0,0,1,0
49,24,84.95204162597656,95280,2,0.6026828118191447,3,0,0,0,0,0,0
62,37,50.02791976928711,96006,4,0.8935617668587789,1,154,1,0,1,1,0
53,26,67.09967041015625,90115,3,0.2817015000046938,2,0,0,0,0,0,0
50,30,49.655250549316406,94730,1,0.826483705311272,3,80,1,0,0,0,0
28,11,169.9059600830078,95835,2,2.3922580418493333,1,0,0,0,0,1,1
53,20,44.74066925048828,95444,3,0.8753801772615841,1,0,0,0,0,0,0
44,24,89.73321533203125,89847,1,0.3089160018870527,1,0,0,1,0,0,0
39,21,78.63773345947266,92511,3,0.28142703148904746,3,0,0,0,0,0,0
34,9,141.37916564941406,91877,2,3.885155255278502,1,0,0,0,0,1,0
28,14,97.98751831054688,94611,1,1.6044503544739204,3,0,1,0,0,1,1
45,9,115.53083038330078,92185,3,1.0988861242243175,3,0,0,0,0,1,0
63,33,71.29949188232422,94793,1,2.1890217401616376,1,0,1,0,0,1,0
35,8,79.8826675415039,94463,2,0.32909837894475147,1,346,0,1,0,1,0
42,22,65.91691589355469,95119,2,0.5319169451473158,1,0,0,0,0,1,0
30,9,65.23873901367188,94444,2,6.715954659335198,1,0,0,0,0,1,0
28,1,84.6296615600586,92792,3,1.0518009121042862,1,143,1,0,1,1,0
35,6,124.1985855102539,91321,1,2.475443906556273,1,0,0,1,0,1,0
60,36,46.28376770019531,92973,1,1.3136061424749732,2,0,0,1,0,1,0
35,15,67.9493408203125,94810,4,1.2859789479531254,2,110,0,0,1,1,0
67,42,40.06382751464844,93024,4,1.8631625100246787,3,0,0,0,0,1,0
38,22,44.9950065612793,93139,4,2.074380299504745,1,0,0,0,0,1,0
41,11,116.75867462158203,95760,1,1.9736526853375254,1,0,0,0,0,1,0
37,24,52.26384353637695,92490,4,1.7950321577616324,1,113,1,0,0,0,0
43,16,83.39702606201172,95014,2,1.7787896381713415,1,0,0,0,0,0,0
29,21,44.62820053100586,95194,3,1.3189934571539201,2,0,0,0,0,0,0
62,37,39.9510383605957,93998,4,1.1855003336289864,2,0,0,0,0,0,0
46,12,24.176475524902344,93522,3,0.28068008201660527,2,0,0,0,0,0,0
56,25,156.9920654296875,95302,1,4.0333422501019776,1,0,0,0,0,1,0
42,15,67.9112548828125,90686,2,0.22180001869514476,3,0,0,0,0,1,0
34,10,14.494207382202148,92864,2,0.2670511322370756,3,0,1,0,0,1,0
32,9,39.502471923828125,90239,2,1.9568813594218162,2,0,1,0,0,1,0
26,-1,68.97514343261719,95692,2,1.2512317780679356,2,0,0,0,0,1,0
54,36,33.08729553222656,92958,4,1.1672658390962503,1,0,1,0,0,1,0
53,28,54.158206939697266,89948,4,1.1515525023374296,2,0,0,0,0,0,0
38,12,72.9327163696289,92648,1,0.1279520788459576,3,111,0,0,0,1,0
37,4,40.759368896484375,91920,3,0.6555110196849939,1,0,0,0,0,1,0
61,37,42.227134704589844,92655,1,1.157220888126848,3,282,0,0,0,0,0
29,28,73.18238830566406,90428,1,2.7548693178723154,3,166,0,0,0,1,0
24,-2,29.525691986083984,93668,4,0.33588155051320534,1,0,0,0,0,1,0
59,35,55.43910217285156,92297,3,1.2852908626212778,2,163,1,1,1,1,1
60,31,50.679161071777344,90043,2,2.4038240128206922,3,0,1,0,0,0,0
57,33,43.458343505859375,92001,3,1.6560759252070523,2,163,0,0,0,1,0
37,12,91.79387664794922,94688,3,2.911221389468054,1,371,0,0,0,0,0
53,27,81.56690216064453,95293,3,1.8331707315553545,1,0,0,0,0,1,0
53,26,100.53163146972656,92148,3,0.9477163183748191,1,0,1,0,0,0,0
55,31,27.476049423217773,89639,4,0.15710729385439398,1,110,0,0,0,0,0
46,21,23.872222900390625,90274,1,0.8353798766899138,1,75,0,0,0,1,0
40,14,54.15327835083008,95956,3,0.5126641517669699,1,0,0,0,0,0,0
47,31,20.150619506835938,95303,3,0.5524577997116327,2,0,0,1,0,0,0
40,15,101.42792510986328,92506,4,1.131723044675365,2,0,0,0,0,0,0
63,38,52.69700622558594,92660,3,1.9387160661375087,1,221,0,0,0,1,0
65,39,79.9585189819336,90348,1,1.8953824187992825,1,0,0,0,0,1,0
26,-1,131.01895141601562,92244,2,3.6884557100168465,2,0,0,1,1,1,1
58,29,59.53513717651367,92005,2,1.5513339922414524,1,0,1,0,0,1,0
54,24,35.736820220947266,94236,2,0.35801322621438,3,0,1,0,0,1,0
57,37,34.46808624267578,92299,3,2.154125133859832,2,0,0,0,0,1,0
25,2,145.60836791992188,92263,3,1.58411508122117,3,0,0,1,0,0,1
35,19,175.06942749023438,90213,1,6.945906658001345,1,0,0,0,0,0,0
64,39,29.583133697509766,93872,3,0.476146574960016,1,0,1,0,0,0,0
35,7,37.682804107666016,92117,3,0.12091542384106901,1,101,0,0,0,1,0
32,2,169.79661560058594,94439,4,1.128728080736012,1,0,0,0,0,1,1
46,22,39.264984130859375,95424,3,1.504471528129859,2,0,1,0,0,0,0
56,38,57.300201416015625,92411,3,0.7965624847695566,1,0,0,0,0,1,0
57,33,59.055274963378906,93953,1,0.15577491325121604,1,0,0,0,0,0,0
66,35,82.8045883178711,90563,3,4.4359634790949665,2,152,0,0,0,1,0
61,36,64.08076477050781,94928,2,1.4711258732269674,1,0,0,0,0,1,0
33,7,46.87812042236328,94833,4,1.0578747862239208,3,0,0,0,0,1,0
64,38,88.75196075439453,94138,4,0.11693525345658959,2,0,0,0,0,1,0
48,2,13.664342880249023,94001,2,0.6664734901527611,3,0,0,0,0,1,0
54,21,138.2190399169922,91717,2,2.496125411158199,1,0,0,0,0,1,0
40,8,87.5339126586914,95541,2,1.0368327871780147,2,213,1,0,0,1,0
59,33,113.22990417480469,96207,4,1.4143919301771977,3,0,0,0,0,0,1
36,14,60.01643371582031,95336,3,0.1477371255391049,3,0,0,0,0,1,0
29,1,28.156099319458008,93187,4,0.1729866610862716,3,231,0,0,0,0,0
42,33,60.92160415649414,92911,4,1.1332516155348626,3,0,0,0,0,1,0
34,3,137.9472198486328,92744,1,1.455020363468503,1,382,1,0,0,0,0
54,21,34.31616973876953,95111,4,1.476338066061148,2,0,0,0,0,0,0
49,24,150.2045440673828,95838,2,0.381052534870448,1,366,0,0,0,0,0
36,11,39.29149627685547,90404,2,1.6663288662019564,2,0,0,0,0,1,0
26,4,24.352272033691406,92077,2,1.3872171345178521,3,0,0,0,0,1,0
47,23,64.04997253417969,94819,1,1.7000096929436286,3,0,0,0,0,0,0
28,3,82.42214965820312,94407,1,2.6786206368207974,1,0,1,0,0,1,0
44,13,73.98064422607422,93149,1,0.9089926363552637,1,0,0,1,0,1,0
41,17,42.073585510253906,91988,2,3.1223495057875787,3,0,1,0,0,1,0
31,13,57.222381591796875,94189,1,2.5638072825268416,2,0,0,0,0,0,0
50,27,110.2594223022461,91161,2,0.26818191367141847,1,0,1,0,0,0,0
48,15,167.30746459960938,90245,2,5.729623108969083,1,0,0,0,0,1,0
32,8,35.109561920166016,94234,4,0.7578229928998523,3,149,0,1,0,1,0
28,2,36.97553634643555,95069,3,1.0759058522180078,2,0,0,0,0,1,0
31,5,120.0047378540039,94533,1,3.3826227515195044,1,0,0,0,0,0,0
64,38,23.191085815429688,96379,1,2.1255067184733036,2,0,0,0,0,1,0
25,0,119.41337585449219,90364,1,1.829609635305943,3,219,0,1,0,0,0
60,36,71.12051391601562,90018,4,1.97898484885342,2,0,0,0,0,0,0
41,15,103.7573471069336,92847,1,2.6496235286926044,1,0,1,0,1,1,0
44,12,29.127134323120117,92463,2,0.8160988856717649,1,0,0,0,0,0,0
27,0,117.67310333251953,90412,3,1.9517260057027035,3,0,0,0,0,0,1
61,39,45.46602249145508,94554,4,2.1741054603367105,3,0,1,0,0,1,0
47,22,164.1774139404297,94425,1,1.5181555169706058,1,0,1,0,0,1,0
50,32,44.59297180175781,92302,1,1.216637720500803,2,0,0,0,0,0,0
35,12,30.000951766967773,94562,2,0.05421518352467786,1,0,1,0,0,1,0
51,32,34.0612678527832,95152,1,1.3168129281925245,2,111,0,0,0,0,0
39,22,55.69560241699219,96104,2,1.5004717810359232,2,0,0,0,0,0,0
40,9,26.896074295043945,94401,4,0.30378030887351254,2,92,0,0,0,0,0
34,16,30.810609817504883,94669,4,2.799884665739397,2,0,1,0,0,1,0
35,16,159.3348846435547,94670,2,3.607869607116711,1,289,0,1,0,0,0
49,18,62.928375244140625,95422,3,0.6491452971983956,3,0,0,0,0,1,0
58,33,57.761268615722656,90201,3,1.6890146355235778,2,0,0,0,0,0,0
25,4,100.49925994873047,94236,3,1.8103423795244227,1,445,0,0,0,1,0
53,36,110.5409927368164,94586,2,5.9957409940580595,3,198,0,0,0,0,0
48,23,41.988739013671875,92824,1,0.6743787504924287,3,0,0,0,0,0,0
42,9,74.00669860839844,93063,1,1.918559389763412,1,0,0,0,0,1,0
41,16,53.471778869628906,94022,1,0.30033761281818216,3,0,0,0,0,0,0
60,36,47.072818756103516,92218,4,1.5996889460862194,2,0,0,0,0,1,0
52,37,27.96300506591797,91426,1,0.16431056318721504,3,103,0,0,0,1,0
44,19,68.50119018554688,94576,2,1.6276397170106338,3,164,0,0,0,0,0
24,3,120.06112670898438,95858,1,2.146621058889348,1,0,0,0,0,1,0
49,13,73.96894836425781,94327,4,0.3300464271325988,3,105,0,0,0,1,0
50,25,163.1027374267578,94501,2,3.6703159469057964,1,146,1,0,0,1,0
60,25,39.65317153930664,93911,3,0.8099882011343817,1,0,1,0,0,1,0
38,16,56.196495056152344,94188,3,1.8079800429177153,3,0,0,0,0,1,0
42,9,57.24300003051758,94470,2,1.34320000879492,2,0,0,0,0,0,0
41,10,42.62538146972656,95849,3,1.3125424664934635,1,0,0,0,0,1,0
64,35,72.49237060546875,93137,2,0.6630714911853304,3,0,1,0,0,1,0
52,27,61.00667953491211,94689,2,2.2856228924174458,1,0,0,0,0,0,0
35,7,132.42935180664062,90363,1,0.8225499560733134,1,0,1,0,0,1,0
48,16,65.7191390991211,95994,2,1.5451232801512118,1,0,0,0,0,0,0
56,31,149.76856994628906,94445,1,6.8477350484757595,1,0,0,0,0,0,0
28,1,33.47844696044922,91653,4,0.49086121727850696,2,0,1,0,0,1,0
46,22,52.93927764892578,90467,4,0.40529946988275106,1,0,0,0,0,0,0
59,31,27.890708923339844,94303,2,0.8314129970937592,2,0,0,0,0,1,0
48,20,39.69279479980469,95301,2,1.8120465725345807,1,0,1,0,0,1,0
47,22,74.13128662109375,95874,2,0.0067074367641573596,2,0,0,0,0,1,0
50,22,79.24840545654297,94803,2,0.12244635579001015,3,0,0,0,0,1,0
60,32,70.28709411621094,92430,2,1.4389450804397805,3,0,1,0,0,1,0
62,33,67.28285217285156,94306,4,1.4043603529495263,2,0,0,0,0,0,0
35,5,60.3750114440918,95715,2,1.657568471141357,3,241,0,1,0,1,0
39,9,32.16969299316406,93815,4,1.2296401027096564,2,111,1,0,0,1,0
31,5,117.4873275756836,91692,2,3.435245443175295,1,0,0,0,0,1,0
51,27,60.037940979003906,96080,1,0.5974125339405537,1,0,0,1,0,0,0
27,1,103.48146057128906,95970,4,2.116399960843961,2,0,0,0,0,0,0
65,35,24.301733016967773,92713,1,0.3624879384544933,2,0,0,0,0,1,0
41,14,102.0362319946289,94366,2,2.654425527966674,1,0,1,0,1,1,0
35,15,24.478893280029297,95264,2,0.15511844602622193,1,103,0,0,0,0,0
32,7,61.45744323730469,92500,4,2.278146011711107,3,0,0,0,0,1,0
32,7,60.432518005371094,91700,1,1.8351935049554273,3,0,0,0,0,1,0
35,4,28.662302017211914,90757,2,0.6609410903044294,1,0,0,0,0,0,0
49,24,18.4841365814209,93405,4,1.2098156407037117,1,0,0,0,0,0,0
34,5,163.40841674804688,94585,4,6.243028941785146,3,0,0,0,0,0,1
53,30,83.05364227294922,91496,2,4.7367760512882695,2,0,0,0,0,1,0
35,7,88.75221252441406,95255,1,2.058363098583319,1,268,0,0,0,1,0
46,24,122.70735931396484,92142,2,1.993153079130987,3,0,0,0,0,1,1
54,22,168.79908752441406,94731,4,2.59841293538,1,410,1,0,0,1,0
41,28,91.15632629394531,95272,4,2.712560203226216,2,0,0,1,0,0,0
46,16,33.37677001953125,94246,4,2.593327528056824,3,0,1,0,0,0,0
34,6,67.5326156616211,92149,4,2.892749389827246,1,111,0,0,0,0,0
32,7,174.75643920898438,92995,1,4.29318551938439,1,0,0,0,0,0,0
63,35,34.056915283203125,94475,2,0.021812265560280708,2,0,1,0,0,0,0
30,5,20.53761100769043,94157,3,0.13012461662619593,1,0,0,1,0,1,0
61,39,26.968643188476562,90249,3,0.10247729254527224,2,0,0,0,0,0,0
25,1,182.53793334960938,94505,4,4.227378417895986,3,0,0,0,0,0,1
47,27,65.79276275634766,90257,1,2.5114497438141985,1,0,0,0,0,0,0
38,22,110.60537719726562,92901,2,1.6300662320793622,1,0,0,0,0,1,0
47,34,31.387765884399414,95144,1,0.07006224841301195,2,0,1,0,0,0,0
42,22,64.20838928222656,94517,3,2.263145093121616,2,0,1,0,0,1,0
62,39,98.9330825805664,95135,1,1.0063100951846358,1,0,1,0,0,0,0
63,36,29.660953521728516,93877,3,1.54481180099215,2,0,0,0,0,1,0
29,5,17.45705223083496,91560,2,0.5833099799751189,3,0,1,0,0,1,0
37,14,42.20659255981445,93177,2,1.923572756412916,3,87,0,0,0,0,0
62,36,49.321624755859375,95033,2,2.028682560569777,3,0,0,0,0,1,0
45,15,78.611083984375,94782,1,4.210480304239608,3,0,1,0,0,0,0
58,35,97.61283874511719,92891,1,3.3229180469240305,3,0,0,0,0,0,0
44,23,44.39244079589844,93066,2,0.9108132207492506,1,0,1,0,0,1,0
28,1,74.91602325439453,93086,2,1.588722431815751,3,0,0,0,0,0,0
35,3,39.568443298339844,92912,3,0.7490953689035325,3,0,1,0,0,0,0
40,32,88.10176086425781,94729,1,3.3828405530462384,1,620,0,0,0,0,0
38,12,171.4703826904297,92014,3,2.568324911836049,1,0,0,0,0,1,1
50,27,43.29970169067383,90267,4,0.9413523350765076,2,144,1,0,0,1,0
37,32,40.79399108886719,96166,2,1.195405919436807,3,205,1,0,1,0,0
44,17,32.30192565917969,94649,2,0.18322991188136964,3,0,0,0,0,1,0
43,17,74.01834869384766,90191,3,1.7726879430100557,2,111,1,0,0,0,0
48,19,83.4860610961914,92628,4,2.2096643907268625,3,0,0,0,0,1,0
29,1,17.242612838745117,95684,3,0.9834986610666205,3,0,1,0,0,1,0
41,13,33.15153503417969,90689,3,2.2229935841402746,2,0,1,0,0,1,0
43,15,25.328521728515625,94334,2,2.813717361770532,2,327,1,0,0,1,0
36,12,18.267566680908203,92974,3,0.5633281523914848,1,0,0,0,0,0,0
36,15,104.76182556152344,94914,2,6.561625143866566,1,0,0,0,0,0,0
56,24,40.53192138671875,95338,4,0.3748141294753807,3,141,0,0,0,1,0
34,6,68.07992553710938,90888,1,0.7501898264722406,2,0,0,0,0,1,0
42,26,128.28684997558594,94727,1,2.2712853068223966,2,0,0,0,0,1,1
59,16,179.65394592285156,95338,2,0.519001650477723,1,0,0,0,0,1,0
56,39,86.74026489257812,92180,1,1.3314365125253997,3,149,1,0,0,0,0
31,4,75.62899780273438,94255,1,2.63871477345661,2,0,0,0,0,1,0
49,16,47.47259521484375,95259,3,0.5451324481324301,2,0,0,0,0,0,0
59,34,49.86648941040039,90278,3,0.2420024648153034,1,0,0,0,0,0,0
33,16,94.04146575927734,91691,4,1.7528614054781553,3,0,0,0,0,0,0
56,22,59.60405731201172,90086,2,0.6406194399974156,1,0,0,0,0,0,0
55,29,183.9322509765625,91301,2,3.1540693194421383,1,0,1,0,0,1,0
31,2,77.062744140625,91705,1,0.790871305412274,1,0,0,0,0,0,0
56,37,87.15384674072266,93072,4,1.2852160276926052,3,142,0,0,0,1,0
28,6,22.583906173706055,92057,2,1.2708536662182277,2,0,0,0,0,0,0
38,18,29.455062866210938,91918,4,0.9671962434591931,3,0,1,0,0,1,0
47,33,41.83412170410156,94847,2,0.5409787081314694,3,147,1,0,0,0,0
40,21,70.5394287109375,94888,3,2.2227151426870195,2,0,0,0,0,1,0
62,30,19.99584197998047,92532,1,0.19015468312477135,3,0,1,0,0,1,0
31,6,83.42185974121094,91700,3,1.5197476575542261,1,0,0,0,0,1,0
28,9,78.14332580566406,94852,2,0.3325896652138097,1,0,0,0,0,0,0
33,6,67.45860290527344,94343,4,1.7114226178740939,1,0,1,0,0,1,0
54,23,129.59449768066406,92582,4,1.0858720506774848,3,0,0,0,0,1,1
27,17,181.01507568359375,93043,2,6.447204423250199,1,0,0,0,0,1,0
62,38,96.86771392822266,91363,1,0.3902235842800785,1,0,0,0,0,1,0
37,15,58.105445861816406,94314,4,2.42866529741107,1,0,0,1,0,0,0
33,4,13.925786972045898,90655,2,1.2871508952643158,3,101,1,1,0,0,0
65,38,167.03738403320312,94918,2,3.4545998885282683,1,304,0,0,0,0,0
47,21,39.99354934692383,92199,2,2.0207902959365915,3,0,0,0,0,0,0
62,38,50.952232360839844,95685,4,1.4930372705769057,2,103,0,0,0,1,0
51,22,45.361854553222656,93265,4,0.5855170727732433,1,0,0,0,0,0,0
43,28,61.194732666015625,94605,4,1.3538822452538983,2,0,0,0,0,1,0
55,30,20.557565689086914,92881,2,0.37414700356587005,3,0,0,0,0,0,0
38,11,16.328824996948242,95224,2,0.6137726171644289,1,0,0,0,0,0,0
40,20,67.25830841064453,90981,4,0.1272054839620218,3,280,1,1,0,0,0
61,28,174.5903778076172,90246,1,7.725383508783724,1,396,0,0,0,0,0
36,7,178.49440002441406,95534,3,1.2457712761463267,2,0,0,0,0,1,1
42,1,66.046630859375,95055,4,0.316266230668411,3,0,0,0,0,1,0
35,18,54.96126937866211,92694,4,0.5999344617267329,1,0,1,0,0,0,0
29,7,27.273365020751953,92380,4,1.7144980042756381,1,214,0,0,0,0,0
33,6,61.715492248535156,94596,3,1.4597652766234988,2,0,0,0,0,1,0
45,10,111.63105773925781,93180,4,0.364162637922723,1,0,0,0,0,0,0
44,22,47.71421813964844,93081,2,1.510615086112711,3,0,0,1,0,0,0
60,28,68.33843994140625,94352,2,0.8390646921628475,2,0,0,0,0,1,0
39,9,26.028873443603516,95673,4,0.5755597378878061,2,0,0,0,0,0,0
64,36,75.11576080322266,90160,4,2.2782335177114694,2,152,0,1,0,1,0
27,8,92.86228942871094,91651,1,3.207064796231529,2,0,1,0,0,0,1
53,23,98.05372619628906,96010,1,2.439629757608455,1,0,0,0,0,0,0
39,26,90.99217224121094,95105,2,3.6632872309844258,3,217,0,1,0,0,0
62,37,61.72569274902344,94300,1,0.7252636385064,1,0,0,0,0,0,0
41,12,60.13323211669922,94884,4,1.1474218940314387,3,199,0,0,0,0,0
63,35,102.43067932128906,94919,2,4.9718721845060205,1,103,0,0,0,1,0
32,0,144.97242736816406,95229,1,0.36770490632414465,1,0,0,0,0,1,0
35,20,63.42720031738281,93931,1,3.0825982309717106,2,0,0,1,0,1,0
41,16,53.44688034057617,95232,1,0.47746845750594613,2,0,0,0,0,1,0
46,32,84.50111389160156,96027,4,0.971078027898936,2,0,0,1,0,0,0
59,36,86.33387756347656,92735,4,0.08579539765781122,1,0,1,0,0,0,1
65,39,209.58343505859375,92292,4,4.156585358808618,3,0,0,0,0,0,1
32,5,23.28140640258789,95235,3,0.3656112146847865,2,0,1,0,0,1,0
29,7,142.19631958007812,92612,3,2.7348199635212804,3,0,1,0,1,1,1
61,37,54.416015625,95657,2,0.6515623288814,1,108,1,0,0,0,0
32,5,23.423118591308594,92692,1,1.907864178016549,2,0,0,0,0,0,0
61,33,24.885066986083984,92067,3,0.22514988532337152,2,0,1,0,0,1,0
34,11,32.11735153198242,90074,3,1.7576809007069634,1,165,0,0,0,0,0
46,17,48.87582778930664,91216,4,0.2327789967563011,2,0,0,0,0,1,0
66,41,86.49088287353516,95120,1,1.9044745753827896,1,0,1,0,0,1,0
38,16,17.520660400390625,91854,2,1.3836629749715104,1,0,1,0,0,1,0
28,1,27.41805648803711,92420,4,0.6595670582186247,3,0,0,0,0,1,0
41,24,76.79116821289062,91366,1,4.0358589729767536,2,180,0,0,0,0,0
28,7,19.57642364501953,96058,3,0.677461545547012,1,0,0,0,0,1,0
34,8,114.20291137695312,94412,2,1.9852960360773677,1,0,1,0,1,1,0
33,3,42.99272155761719,92989,4,0.40740636029066724,3,0,1,0,0,0,0
50,26,65.21917724609375,94367,1,4.546943553059598,1,0,1,1,1,1,0
59,36,22.077064514160156,90233,4,1.7640599827931887,2,0,0,0,0,1,0
39,4,28.664716720581055,91184,2,0.08731975203986633,3,0,0,0,0,1,0
42,20,52.002052307128906,91782,1,2.254070373437405,2,0,0,1,0,1,0
36,8,35.134971618652344,89965,1,1.7429153936793396,1,101,0,0,0,0,0
48,20,115.12826538085938,93088,2,2.037454357774006,3,0,0,0,0,0,0
62,34,75.20378112792969,96045,3,1.2421666604731763,3,0,1,0,0,1,0
32,6,55.603660583496094,90990,2,2.0913308791397878,2,247,0,0,0,1,0
45,28,43.18659973144531,95734,4,2.0157477573466935,1,0,1,0,0,0,0
24,0,76.23188018798828,95880,2,2.116298428866417,2,347,0,0,0,1,0
41,16,64.00797271728516,96360,2,0.4568356461255423,1,0,0,0,0,1,0
41,12,115.5372314453125,95383,4,1.929181904082366,1,0,0,0,0,1,0
58,32,97.13970947265625,91555,2,1.8143371776888237,1,0,1,0,0,1,0
64,33,161.0775604248047,93031,2,3.813987682435146,1,0,0,0,0,0,0
41,19,124.53064727783203,94774,2,6.081635060082858,1,0,0,0,0,1,0
54,25,71.43267822265625,90252,4,1.3837048385697934,2,0,0,0,0,0,0
46,19,93.53251647949219,95996,2,2.6099328213795765,2,113,1,0,0,0,0
50,20,177.23532104492188,95203,4,2.8790356681669205,1,0,0,0,1,1,1
61,33,64.87407684326172,94622,4,1.6653782178206633,3,0,0,0,0,1,0
41,16,42.13918685913086,94545,4,0.6877574040031327,2,0,1,0,0,0,0
49,14,72.3392562866211,92896,3,1.4121090152436293,3,0,0,0,0,1,0
43,21,84.29320526123047,94319,2,1.9785579347584354,3,0,0,0,0,0,0
65,42,99.17827606201172,94114,3,3.5538433174679027,2,0,0,0,0,0,1
42,18,190.46888732910156,90210,1,4.373083245271564,1,0,0,1,0,0,0
59,34,17.498394012451172,92694,4,0.695891692390683,3,0,1,0,0,0,0
65,41,58.409305572509766,90236,2,2.0480067432943376,3,235,0,0,0,0,0
44,26,28.922344207763672,92154,1,1.773351185050214,3,0,0,0,0,0,0
65,28,14.61601448059082,95793,3,0.3077028457703192,1,100,0,0,0,0,0
54,18,128.52618408203125,92026,4,4.476155653222973,1,0,0,0,0,0,0
37,19,123.34561920166016,90767,1,1.6341937680568392,1,0,1,1,0,0,0
60,31,49.22663497924805,90546,3,0.44581014616281567,2,105,0,1,0,1,0
51,25,102.38231658935547,90329,3,1.6025864016573492,2,219,0,1,1,1,0
51,21,51.67918395996094,95429,4,0.9970769335799005,2,104,0,0,0,0,0
39,18,35.08259582519531,94225,4,0.8277437260253976,1,0,1,0,0,1,0
41,13,26.12603759765625,94495,1,1.0138755856090993,3,0,0,0,0,0,0
59,36,76.85578155517578,95222,3,4.099513620817477,1,385,0,0,0,0,0
59,33,19.418415069580078,93696,4,1.138680994518846,3,127,1,0,0,1,0
53,21,74.74760437011719,94540,3,2.1838008798640893,1,0,0,0,0,1,0
58,40,37.831932067871094,94525,4,1.584854257814867,2,0,1,1,0,1,0
45,18,77.19062805175781,94102,3,1.6304168896715423,1,0,1,1,1,1,1
48,30,95.73035430908203,90996,4,1.3558162635640687,1,0,0,0,0,1,0
38,14,44.416297912597656,91350,3,0.9422721875705593,1,0,0,0,0,0,0
35,9,89.02558898925781,94289,4,5.939464558375559,1,0,0,0,0,1,0
34,7,15.94488525390625,92305,3,1.2181601848597694,3,0,0,0,0,1,0
35,8,25.9332275390625,90201,3,0.3047659633696339,2,0,1,0,0,0,0
41,26,105.79927825927734,94546,2,4.004486326220069,2,0,1,0,0,0,0
45,29,27.944305419921875,92453,4,2.517722748134815,2,0,0,1,0,0,0
50,19,58.79341125488281,95504,2,0.00940741725934452,3,0,0,0,0,1,0
54,21,53.538612365722656,91255,3,0.730764072912184,1,0,0,0,0,0,0
48,24,51.1649284362793,89852,3,0.7723716434223219,1,86,0,0,0,0,0
62,38,60.034950256347656,91739,2,1.3849057693226823,3,280,1,0,1,1,0
28,3,32.28472137451172,96069,4,0.7449557602773152,3,0,0,0,0,1,0
62,37,90.58036804199219,90873,2,0.3871809834846596,1,0,0,0,0,1,0
50,27,42.86867904663086,91283,2,1.100605302532164,2,0,0,1,0,1,0
50,20,169.1165313720703,95205,2,0.818120535554369,1,0,0,0,0,1,0
27,22,175.44549560546875,92771,1,3.2384103050265347,1,185,0,0,0,0,1
35,17,29.74127197265625,95927,1,0.32938784053196224,3,0,0,0,0,0,0
29,9,36.05963897705078,91397,4,0.688935117353291,2,138,0,0,0,1,0
32,7,79.7074966430664,92068,4,2.9154551988283384,1,0,1,0,0,0,0
41,24,145.5566864013672,95459,2,1.9928276371130709,1,514,0,0,0,1,0
60,33,60.24940872192383,96123,3,1.3720500477774369,1,0,0,0,0,1,0
27,2,55.9909782409668,95055,3,1.2283274964606095,2,0,0,0,0,1,0
48,21,25.516347885131836,90434,3,1.62105610416934,1,0,1,0,0,1,0
24,2,132.11749267578125,94976,3,0.2553060467996012,1,0,0,0,0,1,0
66,41,37.08460235595703,92880,3,0.6552815516015205,1,100,0,0,0,0,0
60,32,158.6339874267578,92749,2,5.340635347669429,1,600,0,0,0,0,0
46,19,193.3109893798828,95596,2,2.6232575336136703,1,0,0,0,0,0,0
39,25,23.852802276611328,96081,3,2.2165471059891813,2,0,0,0,0,0,0
30,21,63.629371643066406,94627,4,1.3282505578133585,2,0,0,0,0,0,0
29,2,69.69217681884766,93711,2,1.0851715726463613,2,0,1,0,0,1,0
54,37,60.5394287109375,93283,2,1.7068223776934335,3,0,0,0,0,0,0
46,23,32.979652404785156,96269,3,0.6165110056900478,2,0,0,0,0,1,0
29,7,38.88893508911133,96414,4,1.9753184618923498,1,139,0,0,0,1,0
53,38,79.72467041015625,91474,2,3.1711235382403413,1,0,1,0,0,0,0
52,29,99.05313873291016,91768,2,0.09188181551122043,1,159,0,0,0,1,0
54,20,58.16520309448242,94185,3,0.5512845040005121,3,0,0,0,0,0,0
25,3,15.512035369873047,95848,4,0.3079111938646826,1,0,0,0,0,0,0
65,40,14.181045532226562,92120,4,0.6478698854700805,3,0,0,0,0,0,0
29,8,22.793956756591797,90652,2,0.05277637658679571,2,0,0,0,0,0,0
49,25,84.09941101074219,95700,2,1.850864178810986,2,0,0,0,0,1,0
61,32,36.15228271484375,94311,4,0.008668854184681996,2,0,1,1,0,0,0
64,38,70.87026977539062,95994,3,2.0056447103646473,2,0,0,0,0,0,0
58,36,156.075439453125,94328,2,0.42921112960180946,1,289,0,0,0,0,0
43,27,86.70500183105469,90242,4,0.6942563629803497,1,143,1,0,0,0,0
46,14,24.788482666015625,95392,1,0.4168401366395627,1,0,1,0,0,0,0
51,15,64.22116088867188,94007,1,2.7604339606553117,1,0,0,0,0,0,0
35,16,32.60609436035156,90242,1,0.34057920283460935,3,0,0,0,0,0,0
41,17,20.721633911132812,93280,4,1.0449694014679727,3,0,0,0,0,0,0
47,24,52.85783386230469,91474,3,1.4786896851133764,3,0,0,0,0,1,0
28,8,168.26051330566406,94564,2,4.147694827824108,1,0,0,0,0,0,0
48,25,41.09877014160156,95912,4,1.5339699658092887,2,0,0,0,0,0,0
31,4,165.65386962890625,90316,2,4.8363414482877864,1,238,0,0,0,0,0
47,32,207.04635620117188,91566,3,4.490647066302902,1,0,1,0,1,1,1
35,2,53.48784637451172,92050,1,1.7993597572775621,3,146,0,0,0,0,0
27,4,59.282203674316406,91275,1,1.3634405090425112,2,0,0,0,0,0,0
42,18,49.6756706237793,93831,1,1.6628272513775233,1,0,0,0,0,1,0
47,25,20.514719009399414,92171,3,0.22007436119153928,2,0,1,1,0,1,0
28,7,169.29063415527344,92301,2,7.980709687868925,1,400,0,0,0,0,0
40,19,89.45629119873047,94298,2,4.4218858762880915,1,0,1,0,0,0,0
30,5,36.33147430419922,94457,4,0.9108924533481579,2,0,0,0,0,0,0
45,20,97.71591186523438,90396,4,0.6269138609969525,2,227,1,0,0,1,0
28,4,95.88452911376953,94055,4,2.4357975121294664,3,0,0,0,0,0,0
60,39,39.839454650878906,90709,2,1.5545321863109867,2,88,0,0,0,1,0
40,22,93.70079040527344,94568,3,0.35528275771980977,2,109,1,0,1,1,0
25,5,146.9364471435547,91903,3,6.974357122329289,1,0,1,0,0,0,1
58,22,15.034483909606934,91948,4,0.45113537036350293,3,0,0,0,0,0,0
33,3,173.0967559814453,91552,2,2.833456219336859,1,0,0,0,0,1,0
65,39,37.900604248046875,94943,4,1.6567527398204307,2,0,0,0,0,1,0
28,13,132.9064178466797,95084,3,3.7829022705805877,2,0,1,0,0,0,0
62,40,67.28386688232422,91135,2,1.9698015340348691,1,145,0,0,0,0,0
64,39,40.13852310180664,96176,2,0.5100749613976521,3,0,0,0,0,1,0
40,15,20.015499114990234,91299,2,0.13678663686605,1,82,0,0,0,0,0
53,22,74.57972717285156,94897,3,1.2032010032462122,2,0,0,0,0,1,0
61,14,49.13138198852539,95809,3,0.40716445946690205,2,115,0,0,0,0,0
28,3,67.32476806640625,92453,4,0.5764210132631151,3,0,0,0,1,1,0
49,11,39.25714111328125,89938,1,0.27574467145621945,3,0,0,1,1,1,0
51,31,20.96302032470703,95419,3,0.7795050394278804,1,0,0,0,0,0,0
33,6,120.1511459350586,91492,1,1.186445811506196,1,0,1,0,0,1,0
51,30,86.72281646728516,94750,1,1.7813480440294827,3,0,0,0,0,0,0
49,16,49.443172454833984,93196,4,0.8201310417975665,1,0,0,0,0,0,0
43,22,144.38214111328125,94744,1,2.3592914662976776,1,0,0,1,0,1,0
46,15,15.079493522644043,92997,3,0.8531626257545808,3,0,1,0,0,1,0
64,37,31.806873321533203,90179,4,0.4005366084661208,1,0,1,0,0,1,0
54,27,154.58575439453125,94796,2,5.686052861744629,1,0,1,0,1,1,0
62,37,87.14842987060547,92494,1,1.836945156838949,3,0,0,0,0,0,0
62,38,56.469482421875,94346,2,1.627798222934741,3,151,1,0,0,0,0
50,26,157.31219482421875,91483,1,2.298799185893082,1,0,0,0,0,1,0
50,24,113.68389129638672,95090,1,1.9784960334713706,3,0,0,0,0,1,1
42,21,36.225379943847656,91277,1,2.0364313722920997,3,0,1,0,0,1,0
28,5,125.14261627197266,92234,2,3.303362896960181,1,0,0,0,0,1,0
32,3,38.74578094482422,91981,4,0.9211357569541625,3,0,0,0,0,0,0
43,16,100.8436508178711,96322,2,0.6468098837440157,1,103,0,0,0,1,0
28,13,145.20437622070312,91535,1,2.5408220883623476,1,0,0,0,0,1,0
60,35,42.43461990356445,92989,4,0.840414604797841,3,0,1,1,1,1,0
31,4,26.33101463317871,92147,4,0.09562449681595392,1,126,0,0,0,0,0
61,34,68.58610534667969,90335,2,1.2794832125559128,3,0,0,0,0,0,0
43,22,39.69651794433594,92711,1,1.9578578679875922,2,0,0,0,0,0,0
59,34,27.82305908203125,91006,4,0.05825584147473878,1,0,1,0,0,1,0
50,19,45.78721237182617,91776,4,1.378660100128744,1,0,0,1,0,0,0
29,12,102.1820297241211,91989,2,0.42845066428490514,1,0,0,0,0,1,0
57,34,37.682289123535156,90177,1,1.1845880269084117,3,0,0,0,0,0,0
55,31,95.18535614013672,92046,3,1.1513833993777784,3,0,0,0,0,1,0
32,7,144.558349609375,89916,1,2.3424612948995094,2,0,0,0,0,1,0
38,16,65.7029800415039,94561,1,1.9407060341478828,2,0,0,0,0,1,0
42,18,45.32948684692383,94298,2,5.092069940581506,1,100,0,0,0,0,0
38,14,43.0677490234375,93741,2,1.8714096560380264,2,0,0,0,0,0,0
35,11,73.32330322265625,95083,4,2.5720687040472026,1,0,1,0,0,1,0
63,36,29.091026306152344,95906,4,2.7043388025487145,1,0,1,0,0,1,0
61,36,47.44501495361328,95099,2,0.8107483966675608,1,0,0,0,0,1,0
40,20,12.819305419921875,94144,2,0.9996705452592003,3,129,1,0,0,1,0
31,4,165.49302673339844,94887,2,3.0363680510963147,3,0,1,0,1,1,0
35,17,26.23037338256836,93111,4,1.4344259849356433,3,105,1,0,0,1,0
60,32,62.87404251098633,91698,4,1.8217617801258053,1,0,0,0,0,1,0
47,18,38.36839294433594,94192,2,0.42833924282138613,1,0,0,0,0,1,0
66,42,47.334022521972656,91930,2,0.8284678845876178,2,0,0,0,0,1,0
65,39,156.7745361328125,91093,2,2.705318914277192,1,0,0,0,0,0,0
27,3,89.73822021484375,90382,1,1.1619408193686067,3,0,0,0,0,0,0
62,35,141.22178649902344,92994,1,0.39677778254284407,3,0,0,0,1,0,1
61,31,34.82715606689453,96032,1,1.6781729267932617,2,0,0,1,0,0,0
48,23,36.456634521484375,95956,1,1.1474739740700328,1,229,0,0,0,0,0
30,8,61.300865173339844,91834,4,1.1482143549617025,2,0,0,0,0,1,0
40,2,54.24177169799805,95561,2,0.31150869158701966,3,0,1,0,0,1,0
49,19,68.4147720336914,93005,2,3.1707439169249656,3,0,1,0,0,0,0
25,2,113.38097381591797,91974,2,1.4312054852615348,3,0,1,0,0,1,0
41,15,75.80928802490234,93322,1,1.1009596943772937,2,0,0,0,0,1,0
35,10,142.17315673828125,92344,1,3.983485653343117,1,0,0,0,0,0,0
34,19,158.1536102294922,92098,3,6.70879858616077,2,0,0,0,0,1,1
63,37,158.7246551513672,95493,1,0.6913566960707318,1,0,0,0,0,0,1
64,41,54.38051986694336,91026,2,2.623331192554033,1,0,0,0,0,1,0
32,11,80.18344116210938,92446,2,0.893645260806334,3,0,0,0,0,0,0
51,22,45.457008361816406,92012,2,1.3647741244219387,3,0,0,0,0,0,0
37,17,22.292552947998047,92268,2,2.501458266762049,1,242,0,0,0,1,0
39,16,46.6596794128418,94159,1,0.8691239328732335,3,0,1,1,0,0,0
61,37,83.48957824707031,92778,4,1.3313404460582183,3,0,0,0,0,1,0
41,22,165.107666015625,90262,1,6.51923527652357,1,292,0,0,0,0,0
40,21,75.14269256591797,92595,1,0.7668571570555424,3,0,1,1,1,1,0
62,31,32.50141906738281,91994,2,1.2239922137269985,3,0,0,0,0,0,0
47,14,60.84672546386719,89921,3,0.12864423271076209,2,0,0,0,0,1,0
46,19,79.79048919677734,92113,1,0.57416109524004,3,270,0,0,0,1,0
64,40,139.54396057128906,95027,3,2.763864208531849,2,0,0,0,0,1,1
65,38,21.303146362304688,95596,3,0.7638328051714184,3,0,0,0,0,1,0
32,4,18.066593170166016,93654,2,2.330604229728036,2,0,1,0,0,1,0
49,30,52.49462890625,94246,4,1.360176821921248,2,0,0,0,0,1,0
54,32,106.22077941894531,91974,4,1.3358227735333148,1,253,0,0,0,1,0
57,27,27.46013069152832,96046,2,0.3495663311004662,3,0,0,0,0,0,0
29,2,67.14445495605469,95243,4,2.145654299517069,3,120,0,0,0,1,0
41,19,94.7473373413086,95490,3,1.0751979816312214,1,263,0,0,0,1,0
59,30,37.518470764160156,91804,3,1.4733911285161527,2,0,0,0,0,0,0
33,8,45.59741973876953,95624,3,0.7016944564289536,2,0,0,0,0,1,0
49,31,54.90407180786133,90284,2,0.45000814472274403,1,0,0,0,0,0,0
60,40,22.25768280029297,90265,3,0.5780866527440124,1,270,0,0,0,0,0
45,20,37.02663040161133,89899,4,1.0248292029798647,3,0,0,0,0,0,0
50,20,42.36697769165039,94600,1,0.10434754879622218,1,108,0,0,0,1,0
56,36,24.35171890258789,91549,4,0.19446059285628514,2,0,1,0,0,1,0
32,5,98.33333587646484,91475,3,2.4281618248517014,1,0,0,0,0,1,0
61,25,21.116897583007812,94334,2,1.9383769836710785,3,0,0,0,0,0,0
39,16,45.09562683105469,90297,4,2.0718783750068903,2,0,0,0,0,1,0
51,26,14.336358070373535,94294,1,1.0185982780625282,3,95,0,1,0,0,0
52,22,184.28421020507812,91969,1,2.1097572631207377,2,0,0,0,0,1,1
57,32,25.431640625,95597,1,0.5473825826939791,3,0,0,0,0,1,0
38,24,29.003345489501953,90720,2,0.5586364510160814,3,0,0,0,0,1,0
33,3,41.95687484741211,91380,4,2.1804795843232676,2,0,0,0,0,1,0
31,14,132.1728515625,94765,1,1.5129513546536375,1,0,0,0,0,0,0
59,39,58.647247314453125,95912,1,0.105035953039047,3,0,0,0,0,0,0
58,34,79.66775512695312,90195,2,2.0673933498774892,3,0,0,0,0,0,0
64,35,26.65744972229004,92149,4,1.3387559230674198,3,0,1,0,0,0,0
30,9,59.80255126953125,90584,3,1.746560255607104,2,0,0,1,0,0,0
62,39,44.09896469116211,94003,2,0.6020764711655961,3,0,0,0,0,1,0
63,37,145.36851501464844,90200,2,1.233075865205962,1,0,1,0,0,1,0
27,3,84.48847198486328,95914,4,2.105325434386836,2,0,0,0,0,1,0
43,24,187.11044311523438,95500,1,3.980611996863928,1,0,0,0,0,0,0
56,26,85.72827911376953,90289,4,2.6338937289621756,2,0,0,1,0,0,0
34,3,21.18537139892578,94878,2,0.8591867077517286,3,0,1,0,0,0,0
63,34,73.4761734008789,95386,2,1.5291357598812536,1,237,0,0,1,1,0
54,27,59.34880447387695,96164,1,0.2360228508587672,3,0,1,0,0,0,0
54,30,32.49177551269531,94445,1,0.3390094073076762,2,0,0,0,0,1,0
41,23,86.7166976928711,92099,1,1.1162746544397881,1,0,0,0,0,0,0
54,17,36.05748748779297,93381,2,0.661406281262986,2,0,1,0,0,1,0
55,36,116.42543029785156,91925,1,0.7858438621197421,1,0,0,0,0,1,0
44,16,53.59974670410156,92028,1,1.4602254791159648,2,0,0,1,0,1,0
45,18,48.465545654296875,94735,4,2.2071388704118595,2,0,0,0,0,1,0
31,20,64.48928833007812,91469,1,1.9007063769500006,1,232,1,0,0,1,0
57,28,58.94777297973633,90554,1,2.2533728848147208,1,102,0,0,0,1,0
30,22,30.110857009887695,92663,4,0.7079245599096854,3,0,1,0,0,0,0
50,17,33.0587158203125,91822,1,1.9847876281540684,3,103,0,1,0,1,0
31,14,159.89044189453125,91976,1,1.6238877357265231,1,0,0,0,0,1,0
59,34,37.40972137451172,94292,2,1.352249864660234,1,0,1,0,0,0,0
41,20,126.37946319580078,95640,2,2.6248218960579774,1,0,0,0,0,1,0
40,15,210.0255126953125,95223,1,7.355346740918781,1,0,0,0,0,0,0
49,17,116.94573974609375,93824,2,1.4390522872201088,1,0,0,0,0,0,0
39,34,39.16387939453125,95371,4,2.116051739874965,3,0,0,1,0,0,0
35,6,35.343955993652344,92111,4,1.6437415971687324,2,135,0,0,0,1,0
63,34,42.146976470947266,96174,2,2.2521779666498625,2,0,0,0,0,0,0
28,3,75.54266357421875,95938,1,1.6409732793082958,2,0,0,0,0,0,0
67,36,17.449951171875,91319,1,1.799339712207382,3,0,0,0,0,1,0
54,18,37.53902053833008,95772,4,1.8556402133984984,3,0,0,0,0,1,0
40,35,163.42762756347656,95915,4,6.096928005977382,2,0,0,0,0,1,1
39,12,82.75716400146484,91966,2,0.28860590032807626,1,0,1,0,0,0,0
60,27,35.044559478759766,92026,2,0.16065623634884932,1,0,0,0,0,1,0
30,3,57.3321647644043,96075,4,1.3178881987181843,1,157,1,0,0,1,0
55,27,61.55595016479492,90257,4,2.161449964688742,2,0,0,1,0,1,0
38,13,26.874759674072266,90449,2,0.2054349115337076,1,0,0,0,0,1,0
46,24,14.715225219726562,94530,1,0.41541829648026884,3,0,0,0,0,1,0
61,31,20.906391143798828,94188,3,0.6361537073748365,2,98,0,1,0,1,0
53,26,117.98242950439453,94673,4,0.4947545355958954,3,377,0,0,0,0,1
28,0,129.16558837890625,91746,4,3.674701373668255,2,264,0,0,0,0,0
51,35,95.54580688476562,96177,3,0.365144285585189,1,408,0,0,0,1,0
49,20,15.541698455810547,95502,1,1.3818162307737507,1,0,0,0,0,1,0
29,5,150.47560119628906,95368,2,6.250508052944341,1,0,0,0,0,1,0
32,18,33.14094543457031,95536,3,0.12268307004859713,3,0,1,0,0,0,0
61,29,38.091209411621094,91822,4,0.6742485313887171,2,114,0,0,0,0,0
61,35,62.40972137451172,89987,4,2.1532870044180226,3,106,0,0,0,1,0
26,10,16.358566284179688,96106,4,0.39836952965918726,3,0,0,0,0,1,0
61,37,32.48409652709961,90458,3,0.08524159257577862,1,0,1,0,0,1,0
26,1,43.10029602050781,95747,2,1.2547060071163625,2,149,0,0,0,1,0
42,14,54.162193298339844,92637,3,0.7689591621785001,1,0,1,0,0,0,0
33,9,41.475486755371094,94724,4,1.8772871157351805,1,0,1,0,0,1,0
29,8,89.22541809082031,94636,4,1.3828779325905844,3,0,0,0,0,0,0
38,18,77.06404876708984,92561,2,0.16370795386137674,3,0,0,0,0,1,1
52,20,39.44129180908203,90722,1,1.425571634072573,3,127,0,0,0,0,0
59,35,78.76988220214844,95377,4,0.1052601547107882,3,0,0,0,0,1,1
58,35,215.27200317382812,94865,2,2.5308025003848305,1,377,0,0,0,0,0
28,2,111.68152618408203,92218,4,1.511244588740351,3,0,0,1,0,1,1
43,34,9.481571197509766,93094,4,0.3858721525757595,1,89,1,0,0,1,0
30,8,48.53030014038086,91258,4,1.005581878392071,3,0,0,0,0,0,0
37,24,62.530601501464844,95021,4,3.0797009793174346,1,0,0,0,0,1,0
26,0,61.03695297241211,90951,1,0.610112547800134,2,132,1,0,0,1,0
56,33,41.997039794921875,95629,3,0.02312316812822096,1,0,1,0,0,1,0
36,17,21.940235137939453,91878,1,1.0095354098083789,3,0,0,0,0,0,0
51,20,74.75465393066406,91419,2,1.29937206856924,3,389,0,0,0,1,0
33,10,59.6517448425293,93110,4,1.591221396387355,1,0,1,0,0,1,0
43,19,48.332637786865234,92050,1,1.0353623333485964,1,0,0,0,0,0,0
35,13,14.793972969055176,92095,4,0.26715889687870564,2,0,1,0,0,1,0
50,23,114.99092102050781,94733,1,2.568934074747329,1,0,0,0,0,0,0
45,23,150.2196044921875,96514,2,5.845505417401093,1,0,0,0,0,0,0
35,9,124.64389038085938,95116,4,2.862229829641855,2,0,0,0,0,1,0
30,8,128.7476806640625,95343,2,7.11917836112543,1,396,0,0,0,1,0
41,15,22.312026977539062,95757,4,0.5707964573896609,3,0,0,0,0,1,0
35,10,105.33041381835938,91986,1,1.6200086462170178,1,0,0,0,0,1,0
41,11,59.4489631652832,92392,1,0.2640125731145415,3,0,0,0,0,0,0
41,25,102.09728240966797,92037,2,0.61862941570262,1,90,1,0,0,1,0
43,18,172.0595245361328,95165,3,4.548649507981496,1,0,0,0,0,1,0
60,36,33.15597152709961,92170,2,1.0679122301881854,1,0,1,0,0,0,0
51,22,37.904388427734375,95039,1,0.14321531629251205,3,0,0,0,0,1,0
55,30,107.5193862915039,90664,4,1.6408012851126657,2,0,0,0,0,0,0
42,17,61.175025939941406,91872,3,1.2909143478237912,1,0,0,0,0,0,0
58,31,91.17980194091797,92542,3,2.088229337811396,2,0,1,0,0,0,0
33,5,109.4646224975586,90920,3,2.405523035466993,1,0,1,0,1,1,0
59,30,54.79149627685547,93874,4,1.6431197378949554,2,0,0,0,0,0,0
32,5,86.3665771484375,90271,3,2.837885241009385,2,142,0,0,0,1,0
60,37,46.780731201171875,95069,2,0.2681148123122934,2,0,0,0,0,1,0
57,34,49.30402374267578,93809,1,2.084973938002441,3,0,0,0,0,0,0
47,8,12.505937576293945,94858,4,0.7606483147487302,1,0,1,0,0,0,0
59,23,46.879249572753906,90165,2,0.6703965331676442,3,140,0,0,0,1,0
56,13,120.05607604980469,90137,1,2.4085557554875696,1,0,1,0,0,0,0
64,33,29.105838775634766,94201,2,1.5307605315134851,3,0,1,0,0,1,0
46,28,50.19839859008789,90657,3,2.2351957718384914,2,0,0,0,0,1,0
45,16,55.08039474487305,92721,4,1.1552528347818327,2,0,1,0,0,0,0
55,27,75.48477935791016,94213,4,2.5865064024136686,2,0,0,0,0,0,0
40,10,29.845260620117188,95094,3,0.5406398963847447,1,0,0,0,0,1,0
36,19,60.201908111572266,94390,4,0.6747376519017734,2,0,0,0,0,1,0
57,33,118.01676940917969,91762,2,2.056408801288429,1,0,1,0,0,1,0
35,13,71.93669128417969,93486,1,1.6818920991058064,3,229,0,1,0,1,0
28,10,76.65526580810547,96057,2,0.5224628014367971,2,248,0,0,0,0,0
30,6,71.10897827148438,91211,1,0.16606224088582783,3,0,0,0,0,0,0
45,19,39.169498443603516,92905,2,1.7665357800095376,3,0,0,0,0,0,0
52,25,34.195289611816406,94070,3,0.2670153952090687,3,94,0,0,0,0,0
56,24,15.896586418151855,93713,3,0.2582422576173168,2,89,0,0,0,0,0
53,33,51.768287658691406,90253,2,0.3782991374908633,1,0,0,0,0,0,0
37,16,85.27143096923828,95875,3,1.524706133503229,2,0,0,0,0,1,1
45,13,24.765804290771484,89614,3,2.4194263493700268,2,87,1,0,0,1,0
44,9,58.87226486206055,89975,1,0.9939315087553806,2,210,0,0,0,0,0
46,27,42.5766716003418,94713,4,1.4179159159605765,3,0,1,0,0,1,0
48,27,98.38928985595703,96080,1,2.2745339955244206,3,0,0,0,0,0,0
44,13,21.326114654541016,94497,1,0.2576504345689288,2,0,0,0,0,1,0
39,19,24.012453079223633,93633,1,0.8264137710834761,3,105,1,0,0,0,0
53,27,45.299869537353516,91793,4,1.6001294005971505,3,0,0,0,0,0,0
33,6,169.12283325195312,93510,2,2.5670302729577434,3,257,1,0,0,0,1
49,17,154.78317260742188,95703,1,4.938565005429734,3,0,0,0,0,0,1
39,7,120.83419799804688,90593,1,2.7248878581970635,2,0,0,0,0,0,0
54,34,29.49519920349121,95451,3,0.7549089934024256,1,95,0,0,0,1,0
56,23,180.7776336669922,91708,2,1.9761368502778747,1,0,1,0,0,1,0
47,22,33.09406280517578,94413,2,0.3959279271388155,2,84,1,0,0,1,0
39,13,93.28618621826172,95481,2,5.768925162758328,3,0,0,0,0,0,0
54,35,37.3804931640625,92287,4,0.7192281103453769,2,0,0,0,0,1,0
39,23,173.28866577148438,92868,1,2.471019707943223,1,0,1,0,0,0,0
66,35,14.818158149719238,92816,3,0.23470511673868494,2,0,1,0,0,0,0
31,4,41.90153503417969,94088,1,2.298271444103408,2,326,0,0,0,0,0
28,9,69.47450256347656,92575,3,1.7850630512137375,3,0,0,0,0,0,0
51,22,50.2430534362793,92145,4,0.7638252040804422,1,0,0,0,0,1,0
57,31,65.33444213867188,91323,1,1.4318565941018924,1,0,0,0,0,1,0
39,16,55.86503982543945,92214,4,1.9441788387753447,1,0,0,0,0,1,0
42,15,57.13001251220703,90533,4,2.30273574409164,1,0,0,0,0,1,0
60,35,67.13475036621094,91966,4,2.2606019294133617,3,0,0,0,0,1,0
59,32,43.6387939453125,95897,1,1.384261404618086,1,0,0,0,0,1,0
28,15,30.332660675048828,90473,4,1.771619684394565,1,118,0,0,0,1,0
46,14,77.63539123535156,92228,4,0.5269728670255924,1,0,0,0,0,1,0
44,18,51.16484451293945,94092,4,1.962452149556131,1,0,1,0,0,0,0
65,40,30.406070709228516,90044,2,0.3026699748803879,3,0,0,0,0,0,0
40,16,18.781103134155273,94187,1,0.38495130219288315,3,131,1,0,0,0,0
40,13,52.7961311340332,93314,1,0.6326509612112281,1,0,0,0,0,1,0
57,17,55.01015853881836,93381,2,2.7673863772828935,3,0,0,0,0,1,0
39,13,54.90712356567383,92009,2,1.8334903733819679,3,0,1,0,0,0,0
62,38,149.28411865234375,90490,1,5.853383003067247,3,0,0,0,0,0,1
53,31,43.932090759277344,94220,4,1.5725026354395177,1,0,0,0,0,0,0
41,13,134.64878845214844,92072,4,1.8413298816826074,3,0,0,0,0,0,1
26,0,111.16926574707031,94384,2,0.13805836058014245,1,0,1,1,0,1,0
27,6,57.27387619018555,92430,2,1.7140879936053288,3,125,0,1,0,1,0
60,37,72.75408935546875,90255,4,0.9604226394111983,1,0,0,0,0,0,0
57,39,127.63654327392578,95690,1,1.0431079042410956,1,0,1,0,0,1,0
60,35,119.95618438720703,94799,1,5.6628436970367,2,0,0,1,0,1,0
50,23,39.163047790527344,94595,1,1.46877286923804,3,0,0,0,0,0,0
37,8,49.14895248413086,94311,1,0.3188230211793837,1,0,0,0,0,0,0
52,31,21.631855010986328,91390,4,1.5976011115241242,1,0,1,0,1,1,0
61,33,26.873016357421875,92305,2,0.4360068297226763,3,0,0,0,0,1,0
54,27,64.9144515991211,93102,2,2.439663293917823,3,0,0,0,0,0,0
44,18,26.374427795410156,95101,2,0.6487380337822337,2,0,0,0,0,1,0
54,20,162.90721130371094,95068,2,2.1410724115453634,1,0,1,0,0,0,0
46,20,21.47909927368164,93001,2,0.17077787442235814,2,0,0,0,0,1,0
58,35,71.12358856201172,94562,3,3.9149956151817444,3,0,0,0,0,0,0
64,36,22.15411376953125,93123,4,0.2537427444128235,3,0,0,0,0,1,0
56,38,36.18902587890625,95862,3,0.35364300611355987,2,0,0,0,0,0,0
59,35,60.3416862487793,94747,3,1.9614237122179505,2,0,0,0,0,1,0
41,15,72.12074279785156,91630,2,2.0545320532572684,1,0,1,0,0,0,0
55,22,84.1075439453125,90462,2,4.991254796278001,3,0,0,0,0,0,0
36,18,33.287071228027344,91650,4,1.0815738039823282,2,0,0,0,0,0,0
40,20,195.11669921875,94944,1,6.502542118159152,1,0,0,1,0,1,0
64,40,38.20767593383789,94596,2,1.6375333516837007,2,0,0,0,0,1,0
41,17,103.7366714477539,92048,4,2.430933229614419,1,0,0,1,0,1,0
45,20,126.22166442871094,95183,3,3.357630728378881,1,0,1,0,1,1,0
57,36,119.61969757080078,90442,2,2.3868953300409146,1,0,1,0,0,0,0
53,23,50.808616638183594,92165,4,1.7327145554461167,1,0,0,0,0,1,0
27,4,90.81082916259766,95310,3,0.11658388113602716,1,0,0,0,0,1,0
49,20,40.36003875732422,93327,1,1.372296583406943,3,179,0,0,0,0,0
55,28,64.7564926147461,91196,1,1.917225877260047,2,0,0,0,0,0,0
61,28,48.01887512207031,92767,4,0.7978948522950036,3,0,0,0,0,1,0
37,4,51.00311279296875,91560,3,0.6093265604189735,2,0,0,0,0,0,0
33,7,22.904451370239258,90250,3,1.3714201205190268,2,102,1,0,0,0,0
33,11,29.043790817260742,92319,1,2.9371325302954965,3,0,0,0,0,1,0
65,40,70.28596496582031,91837,4,1.8542650341601552,2,0,0,0,0,1,0
54,21,88.69462585449219,91924,2,0.37825136219816674,1,153,0,0,0,0,0
54,28,152.9443359375,91806,2,4.047072688890743,1,0,0,0,0,0,0
62,35,85.64179992675781,92688,4,0.3532243170272508,1,0,0,0,0,1,0
49,28,86.23762512207031,90195,1,2.8364353989243267,2,0,0,0,0,1,0
46,20,150.38821411132812,93086,4,1.9115488370555545,2,0,0,0,0,1,1
36,16,17.58626937866211,94169,2,0.6761749967274389,1,91,1,1,1,1,0
30,8,25.824392318725586,94667,2,1.7607287169337664,3,61,0,0,0,1,0
58,39,50.945472717285156,91216,2,4.414706882290248,1,0,1,0,0,0,0
51,23,60.355525970458984,95628,2,2.750109778341959,3,243,0,0,0,1,0
61,34,15.145971298217773,94662,3,0.29956752259189257,2,180,0,0,0,1,0
43,30,48.18248748779297,92688,3,0.40845268110887234,2,0,0,0,0,0,0
67,39,16.74793243408203,93079,4,0.7569788684355397,1,0,0,0,0,1,0
59,33,43.6740837097168,94111,1,1.8964191053994957,3,0,1,0,0,0,0
40,9,25.34033966064453,94167,2,0.9356284359299507,2,107,0,0,0,0,0
61,35,38.237545013427734,94714,3,0.8609353437073886,3,131,0,0,0,0,0
42,11,68.83584594726562,94292,1,2.0134313508569353,1,0,0,1,0,1,0
37,3,27.974727630615234,92179,3,0.5594095975912492,3,0,0,0,0,1,0
45,18,93.4869384765625,92197,4,1.6356742076635697,1,0,1,0,1,1,0
64,40,99.81999969482422,94276,1,2.808577169896457,2,0,0,0,0,1,0
42,12,126.79216003417969,95758,4,0.5918628260256573,2,0,0,0,0,1,0
41,19,56.6401481628418,91178,3,2.240200153040424,3,0,0,0,0,1,0
51,29,57.61506652832031,92310,1,1.4611946587307403,3,0,0,0,0,1,0
27,2,26.902254104614258,92880,4,3.9867375823682996,1,0,0,1,0,0,0
43,23,17.33321189880371,94939,4,1.1649163772142415,2,0,0,0,0,0,0
55,20,176.63992309570312,95886,2,6.292149824114899,1,605,0,0,0,1,0
47,31,29.309696197509766,94777,1,0.576698413041458,3,0,1,0,0,1,0
27,2,43.03944778442383,94266,3,2.4389980857409914,2,0,0,0,0,1,0
39,22,83.74417877197266,90441,1,3.299334796385295,1,188,0,0,0,0,0
46,20,33.709861755371094,96406,4,1.0453971789242882,2,0,0,0,0,0,0
28,4,80.02796173095703,91840,4,1.665881520807865,1,98,0,0,0,1,0
47,19,39.841617584228516,94957,3,1.6803630942486834,3,105,0,0,0,0,0
45,25,23.541030883789062,96327,4,0.8924273198443576,2,0,0,0,0,0,0
32,7,12.621641159057617,91495,4,0.3373850582054511,3,0,0,0,0,1,0
54,29,155.47674560546875,95615,2,7.66388660793414,1,374,0,1,0,1,0
52,24,159.10110473632812,95761,2,5.868208816407329,1,0,1,0,0,0,0
34,6,41.55554962158203,91411,4,1.0247983190916903,3,0,0,0,0,1,0
36,10,81.2843246459961,94510,1,0.7284166611458395,1,0,0,1,0,1,0
43,14,175.20193481445312,89811,3,6.7263152044447825,1,245,0,0,0,1,0
64,40,47.87644958496094,94033,4,1.7041534686100825,2,0,1,0,0,1,0
55,22,57.32624053955078,94402,1,0.5913007748519739,2,0,1,0,0,1,0
52,25,43.3690185546875,94777,1,1.7504539574107596,3,0,0,0,0,1,0
31,6,34.056358337402344,91245,4,0.8372545443102666,2,0,0,1,0,1,0
63,32,61.738460540771484,94273,4,0.6632876115225549,1,0,0,0,0,1,0
56,36,75.92039489746094,91137,2,1.8851172946480164,1,0,0,0,0,1,0
55,31,77.07085418701172,94519,2,0.3220740764151015,3,0,0,0,0,0,0
29,2,33.100093841552734,94407,1,1.0541246189503763,2,0,1,0,0,1,0
39,12,120.81602478027344,89821,3,0.3556809479892272,2,0,0,0,0,1,0
43,18,31.61321258544922,95523,1,1.992260680100049,1,204,0,0,0,1,0
63,38,97.84412384033203,95621,2,0.2088409059161352,1,0,0,1,0,0,0
39,14,45.39539337158203,91807,1,3.554880943894127,1,0,0,1,0,0,0
53,28,95.56327056884766,91643,1,2.689376852238829,3,0,1,0,0,1,0
63,33,87.91229248046875,94761,3,0.7319396699006923,1,0,0,1,0,0,0
60,23,37.237586975097656,93978,2,2.0253225068005016,3,0,1,0,0,0,0
24,3,65.36830139160156,94500,2,0.37145750603596545,2,0,0,0,0,1,0
35,8,50.62847900390625,95886,4,0.44676901065744373,1,0,0,0,0,1,0
34,20,110.82125854492188,90023,2,2.2280744296021022,1,87,1,0,1,1,0
38,12,160.61758422851562,91729,2,0.13792033587461552,1,0,0,1,0,0,0
51,8,96.06443786621094,95246,2,2.6847406215372107,1,0,0,0,0,0,0
46,16,20.0403995513916,94492,2,0.7010460911896295,2,121,0,0,0,1,0
41,20,102.29296875,95609,4,1.9643268944064414,1,0,0,0,0,0,0
63,37,33.544700622558594,91176,1,1.236468665059638,3,0,0,0,0,0,0
31,6,93.56144714355469,94586,4,2.0486149992640077,2,103,1,0,1,0,0
26,0,25.733980178833008,90200,4,0.900184517276973,3,74,1,0,0,0,0
42,18,80.80023193359375,91202,3,3.219849619207001,3,230,0,0,0,0,0
54,28,45.009437561035156,95179,1,1.0840066350384436,1,0,0,0,0,0,0
31,5,35.73060607910156,91125,4,1.412404633194511,1,0,0,0,0,0,0
26,2,42.17684555053711,91214,2,0.13800146788279966,2,0,1,0,0,1,0
53,31,48.055870056152344,95981,2,1.6767758540919742,3,150,0,0,0,0,0
58,38,40.98426818847656,90034,2,0.3274948493292417,3,0,0,0,0,1,0
38,8,105.0573501586914,93022,4,1.4404584645046743,3,0,0,0,0,0,0
54,27,93.84868621826172,91821,1,2.579237855748683,1,0,0,0,0,1,0
34,2,56.633445739746094,94726,3,1.2491924754746295,1,0,0,0,0,1,0
47,17,151.67274475097656,91160,3,3.830145482667729,1,225,1,0,0,0,1
49,22,162.81024169921875,92741,2,3.706783597355108,1,0,0,0,0,1,0
46,19,35.274330139160156,94420,2,0.4888888589546472,1,0,1,0,0,0,0
47,18,159.0321044921875,91308,1,2.5579626344348387,1,0,0,0,0,1,0
33,8,131.90570068359375,92919,4,2.3563323131396596,1,0,0,0,0,1,0
45,17,48.140018463134766,92892,4,0.2132285402880971,1,136,0,0,0,1,0
65,38,38.825077056884766,90140,4,2.3681785855736277,1,0,0,1,0,0,0
49,25,135.46774291992188,95978,4,4.48938336773305,2,0,0,0,0,0,1
54,23,26.864595413208008,95660,4,0.8089205621633665,2,0,0,0,0,1,0
51,22,67.2974853515625,94847,2,0.2324203500375093,1,0,1,0,0,0,0
60,34,48.825843811035156,96182,4,1.004719786029025,3,0,0,1,0,1,0
51,24,116.19087982177734,94744,4,3.180511294846447,1,0,1,1,1,1,0
37,14,103.97225952148438,91636,2,2.6320430750497192,1,0,0,0,0,1,0
47,27,169.08863830566406,92072,1,5.601320597174448,1,0,1,0,0,0,0
36,11,64.38545989990234,90712,4,1.8638923776945293,1,143,1,0,0,1,0
57,37,59.08122253417969,94111,1,1.286456658971939,3,0,1,0,0,1,0
60,39,52.05513381958008,90237,3,0.18186591988248407,3,73,0,0,0,1,0
60,29,184.877685546875,94765,2,5.419993737298349,2,0,0,1,0,0,0
47,26,31.364501953125,94110,2,1.9433415168531263,1,0,0,1,0,1,0
62,32,103.80742645263672,95681,2,2.2322370347864076,1,202,1,0,0,0,1
29,5,24.336957931518555,96035,3,1.6393242194677617,1,164,0,0,0,1,0
37,19,41.311279296875,95887,4,1.15298104044079,2,97,0,0,0,1,0
45,19,166.06228637695312,92141,2,4.458669456416735,1,395,0,1,0,1,0
58,33,56.57595443725586,90030,2,0.07728746467692793,3,0,0,0,0,0,0
43,22,21.180458068847656,92888,2,0.5703072006751123,2,0,1,0,0,1,0
48,17,57.8187141418457,94653,4,2.186591860845188,1,0,1,0,1,0,0
37,22,63.39219665527344,92913,2,4.112727712573771,3,0,0,0,0,1,1
63,37,139.56080627441406,90380,2,6.416783743786571,1,151,1,0,0,1,0
53,25,57.609134674072266,95779,4,0.8568823644688164,3,0,0,0,0,0,0
44,17,91.26447296142578,94681,1,3.7364773476510886,1,220,0,0,0,1,0
59,28,50.173770904541016,92890,3,0.4048137347484773,2,0,0,0,0,0,0
60,37,93.93650817871094,91883,1,2.3408546703879245,1,0,0,0,0,0,0
58,36,29.5911865234375,92091,2,2.0425649889192736,3,0,0,0,0,0,0
58,32,192.5293731689453,91026,3,0.23477253354304536,1,0,0,0,0,1,1
47,17,27.58308219909668,90074,3,1.5104141557899196,2,0,0,0,0,1,0
53,24,90.5205078125,93985,2,1.5100412850508054,1,0,0,0,0,0,0
59,13,37.07609558105469,94486,3,0.25419543887701335,2,0,0,0,0,0,0
56,38,185.56788635253906,91483,1,7.325821701214111,1,0,0,0,0,1,0
32,8,38.357948303222656,92688,1,0.11382497606144926,1,104,0,0,0,1,0
25,5,38.41191864013672,93298,1,0.9877591757932793,3,102,0,0,0,0,0
65,36,39.664100646972656,90385,3,0.9736813169349173,2,0,0,0,0,0,0
36,6,28.752798080444336,95069,3,0.9939956786498845,2,0,0,0,0,0,0
35,17,205.91458129882812,92012,2,6.99679383202086,1,106,0,0,0,1,0
50,33,18.25366973876953,95763,1,0.38230121756311203,3,0,1,0,0,0,0
30,1,24.00335693359375,92323,3,0.7391653948024981,2,0,0,1,0,1,0
60,38,74.67102813720703,95177,4,0.8372415556043554,2,0,0,0,0,1,0
59,39,67.46757507324219,93055,4,1.7467588953835627,1,0,0,1,0,1,0
55,34,49.59829330444336,95622,4,1.5942476274841098,2,151,0,0,0,1,0
58,28,77.09468841552734,92108,4,1.2949053423119536,2,0,0,0,0,1,0
25,22,126.58328247070312,93219,4,1.960173680756509,3,382,0,0,0,0,1
49,19,29.779123306274414,91922,2,1.4477630879045802,3,0,0,0,0,1,0
25,1,49.049102783203125,94463,4,1.5804031032339574,3,0,0,0,0,1,0
53,34,47.90270233154297,89845,2,1.9629798656903328,3,0,0,1,0,0,0
31,8,148.49290466308594,94741,2,7.442462367098521,1,430,0,0,0,1,0
60,28,68.6790542602539,94760,4,0.6229551541451529,1,0,0,0,0,0,0
24,-3,86.67756652832031,92910,4,3.031770628117366,1,0,1,0,0,0,0
62,38,142.57470703125,95899,1,2.2971345504620078,1,256,0,0,0,1,0
47,19,168.7672882080078,94351,2,2.431915747740843,1,0,0,0,0,1,0
29,1,76.34523010253906,92075,2,1.9733772248590866,1,0,0,0,0,1,0
37,16,148.63108825683594,90286,1,3.416308134139009,1,0,1,0,0,0,0
63,34,37.77854537963867,94922,4,1.9113792090863335,2,98,0,0,0,1,0
55,31,50.760826110839844,93210,4,2.1809601175432243,2,235,0,0,0,0,0
54,20,66.94197082519531,94093,3,2.893852987088868,1,0,1,0,0,1,0
42,19,57.176998138427734,94561,1,1.6470180856588021,1,0,1,0,0,1,0
60,25,30.453842163085938,95601,3,1.88017996281354,2,0,1,0,0,1,0
31,5,104.33584594726562,94586,4,3.9611739928937357,2,222,0,0,0,0,0
31,1,117.40596008300781,93167,4,1.9460045512608406,3,0,0,0,0,0,1
33,10,42.539947509765625,91804,3,0.5849448588728239,3,0,0,0,0,0,0
52,32,45.99934768676758,92663,3,1.6558223427701355,1,129,1,0,0,0,0
59,29,10.701812744140625,96576,1,0.3153492803138498,1,144,0,0,0,1,0
62,35,116.58454895019531,94024,4,7.861663869450135,1,139,1,0,0,0,0
54,36,50.11280822753906,95436,3,1.2347701919355103,1,0,0,1,0,0,0
45,19,42.710697174072266,92875,1,1.261321867943547,2,183,0,1,0,1,0
44,8,182.21990966796875,94741,1,7.763914188785706,1,0,1,0,0,1,0
26,3,46.1628532409668,94655,3,0.5831408337215136,2,0,0,0,0,1,0
58,35,29.107532501220703,91742,3,0.5103349962491704,1,151,0,0,0,1,0
58,32,32.29380416870117,95688,3,0.30964193488713077,2,117,1,0,0,0,0
57,25,32.00273513793945,95447,4,0.3647338041193553,1,0,0,0,0,1,0
28,5,79.32532501220703,92232,4,1.8136995071634279,3,0,0,1,0,0,0
63,41,28.297822952270508,94538,1,1.6414316197840915,1,87,0,0,0,0,0
38,11,48.65008544921875,92252,4,1.9793352691519344,1,204,0,0,0,0,0
57,22,36.679725646972656,91923,3,1.127035520625153,2,0,0,0,0,0,0
31,8,44.793800354003906,90261,1,0.885418840153503,2,72,0,0,0,0,0
56,13,66.18930053710938,92725,1,1.9756928027259533,1,0,1,0,0,0,0
60,35,53.50613021850586,92663,1,1.7761466355679505,1,0,0,0,0,0,0
36,8,53.45914840698242,92152,4,1.9767569111154486,3,0,0,0,0,1,0
41,11,40.387855529785156,90018,2,5.796649207477887,1,0,0,0,0,1,0
51,26,70.0849609375,92094,2,1.278675015308872,2,0,1,0,0,0,0
48,5,77.29187774658203,94489,2,1.4562211744989648,1,0,0,0,0,1,0
56,34,41.63258361816406,94338,3,1.0391487154455539,2,0,0,0,0,1,0
41,13,111.008056640625,92673,1,0.20473296590973988,3,0,0,0,0,1,0
44,14,63.69819259643555,95638,3,0.6461623587917709,2,0,0,0,0,1,0
53,22,84.36972045898438,90425,1,0.1591979051084679,1,0,0,1,0,1,0
53,30,41.09357452392578,94079,1,1.3696051736724688,2,116,0,0,0,0,0
55,35,126.2631607055664,91409,1,2.8928231726149765,1,0,0,0,0,0,1
37,9,27.267377853393555,94985,4,1.8167062854872684,1,0,0,1,0,1,0
40,15,171.07704162597656,91523,2,4.213740661463448,1,0,0,0,0,0,0
43,19,24.618202209472656,92311,1,2.0907108777864183,3,376,0,0,0,1,0
45,18,135.7052459716797,92838,2,2.8760468261783636,1,0,0,0,0,0,0
60,35,44.81558609008789,95020,1,0.25840108148057844,1,0,0,0,0,1,0
31,12,134.31369018554688,92048,1,3.869636192203976,2,0,0,0,0,0,1
46,18,14.464473724365234,90618,3,0.39531977239184074,2,0,1,0,0,0,0
58,15,26.23404312133789,90684,1,2.1068815631468514,2,286,1,0,0,1,0
66,40,39.23027038574219,91819,2,1.550975141773236,3,0,0,0,0,1,0
34,8,16.345523834228516,90987,3,0.8046886848838697,1,0,0,0,0,0,0
48,22,100.56561279296875,92622,1,2.8023975200282862,1,0,0,0,0,1,0
64,38,47.95148468017578,90314,3,1.3390978257722503,2,0,0,1,0,1,0
41,17,78.8620834350586,95565,2,3.6340852217655892,1,0,1,1,0,1,0
49,27,73.35894775390625,91854,4,3.1616357966891506,3,0,0,0,0,0,0
41,8,28.574111938476562,92406,3,0.7977186075639201,2,0,0,1,0,0,0
35,10,52.00809860229492,94471,3,0.280208787952448,2,0,1,0,0,1,0
57,32,82.39569091796875,89814,1,3.893025341702511,1,0,1,0,0,1,0
60,39,122.34986877441406,90118,2,4.023117803351068,1,0,0,1,0,0,0
32,5,36.40494155883789,93875,3,2.358887436588934,2,74,1,0,0,0,0
57,24,17.464332580566406,90468,4,0.7444223309205045,3,0,0,0,0,1,0
26,2,100.6041030883789,95475,2,1.4161115099484312,3,0,0,0,0,0,1
49,27,81.74752044677734,94450,1,0.14190231671809925,3,0,0,0,0,1,0
34,8,45.66801834106445,94783,1,1.4676675803215622,3,0,0,0,0,1,0
37,12,68.23219299316406,94791,1,0.593547261312497,2,200,0,0,0,0,0
61,37,127.1722183227539,90219,4,4.811924633853071,3,0,0,0,0,0,1
40,21,88.81851959228516,92232,3,2.246843304112612,2,0,0,0,0,0,0
36,13,27.7523250579834,94165,3,0.6171056772226616,3,187,0,0,0,0,0
38,16,178.8341827392578,94769,2,4.739900304341782,1,0,0,0,0,1,0
26,9,94.29530334472656,95326,4,1.7880489673656066,1,0,0,0,0,0,0
49,26,53.12051010131836,92720,2,1.397217556498683,3,0,0,0,0,1,0
35,15,81.711669921875,90451,2,2.7684653186168893,2,0,1,0,1,1,0
33,11,102.0150146484375,94388,1,2.0691889553403096,1,0,0,1,0,0,0
64,35,91.44173431396484,93312,4,2.38504497730947,1,0,1,0,1,1,0
44,16,110.79397583007812,92344,1,1.8161408843091125,1,0,0,0,0,1,0
53,33,163.69622802734375,91324,1,3.1925264474007347,1,0,0,0,0,0,0
36,10,38.406944274902344,94234,2,2.2416481097087746,2,0,0,0,0,1,0
50,27,31.865440368652344,91346,2,1.1648940014837517,3,184,1,0,0,1,0
57,35,85.21601867675781,94863,2,2.265891912733117,2,0,0,0,0,0,0
29,5,61.91872787475586,94656,1,0.5259187370390203,3,0,0,0,0,1,0
52,24,38.803157806396484,94010,3,1.8898838374889013,3,0,0,0,0,1,0
53,36,61.29039764404297,92955,4,2.6442872704690155,3,0,0,1,1,1,0
37,18,153.91757202148438,95990,2,4.024029666028891,3,0,0,0,0,1,1
35,27,48.55082321166992,92137,1,0.822906088597993,1,358,0,0,0,0,0
37,20,36.86981201171875,92236,4,2.186531173290549,1,117,0,0,0,1,0
50,32,101.04529571533203,92196,4,1.2144807842145076,2,0,0,0,0,1,0
40,16,17.570045471191406,92256,2,0.2886688821591205,3,0,1,0,0,0,0
45,22,103.01397705078125,94851,2,5.413345924969679,2,0,1,0,1,1,1
37,12,19.90793228149414,96022,4,0.31898837464832486,2,85,0,0,0,1,0
60,38,35.36163330078125,91694,2,0.4384416933241388,2,223,0,0,0,1,0
39,18,19.430452346801758,92041,3,0.28997020899447656,2,0,1,0,0,1,0
55,30,131.88357543945312,92246,4,3.0526016441155215,3,0,0,1,0,1,1
37,12,93.79558563232422,95395,1,2.129760436666229,1,0,1,0,0,0,0
29,10,56.75167465209961,94088,2,3.2014495821455915,1,0,0,0,0,1,0
54,34,17.75079345703125,95411,1,1.0742830638220073,3,83,0,0,0,0,0
35,16,141.00173950195312,93151,1,1.5212953617766622,3,0,0,1,1,1,0
52,9,35.26515197753906,92416,3,2.861473783159639,2,72,1,0,0,1,0
45,20,64.52379608154297,90547,2,3.1586703670022676,3,0,0,0,0,1,0
37,27,173.5758514404297,94405,3,1.8187614741138958,2,0,0,0,0,0,1
53,19,106.51470947265625,93264,4,2.352361627842946,1,306,0,0,0,1,0
58,35,147.10751342773438,96108,3,3.7136187736517026,1,0,0,0,0,1,0
53,33,47.38446807861328,92147,2,1.6669993550657733,1,0,0,0,0,1,0
35,7,160.93951416015625,95141,3,2.6125883096984053,3,265,0,0,0,1,1
57,23,55.177669525146484,90307,2,1.2460765606917998,3,0,0,0,0,0,0
41,9,41.439762115478516,92288,4,1.6437828550437106,3,0,0,0,0,1,0
34,13,46.229854583740234,91852,1,0.6477010375277347,3,0,0,0,0,1,0
52,25,32.685306549072266,91100,1,0.3644101770211701,2,104,1,0,0,1,0
40,23,19.376972198486328,94044,2,1.1883971647431015,3,78,1,0,0,1,0
36,21,58.3255500793457,92505,1,1.9762207175354307,3,0,0,0,0,0,0
61,37,69.17218017578125,94968,3,2.4734953992127875,3,0,0,0,0,0,0
40,23,43.09293746948242,94374,4,0.7383657925106228,3,0,1,0,0,1,0
44,7,24.244447708129883,92106,3,0.6639611593332727,2,0,0,0,0,0,0
53,25,73.43421936035156,95600,4,1.6227723406024837,3,238,1,0,0,0,0
46,20,43.74580001831055,89852,1,1.36095919162615,3,0,0,0,0,1,0
23,0,15.058404922485352,92240,4,0.8185706657709845,1,150,1,1,0,1,0
29,3,55.91358184814453,95779,2,1.742950097877946,3,265,0,1,0,1,0
50,23,61.18742752075195,92200,1,2.834660307444312,2,100,0,0,0,0,0
37,18,75.51925659179688,91529,3,2.8929111718325293,1,0,0,0,0,0,0
65,38,34.93921661376953,95370,4,0.2585444040580477,3,100,0,0,0,0,0
36,10,114.48127746582031,91074,2,2.2768412550232524,1,0,1,0,0,0,0
53,35,91.33177947998047,91944,3,0.3642937801370575,3,191,0,0,0,0,0
52,31,13.103338241577148,94524,2,1.47182519014888,2,0,0,1,1,1,0
58,34,107.20686340332031,94354,1,5.716027152137952,1,117,0,0,0,1,0
30,6,187.46701049804688,92301,1,1.4402961306590656,1,0,0,0,0,1,0
43,22,43.252986907958984,91994,2,2.4059652453737654,2,226,0,0,0,0,0
56,23,98.54918670654297,89882,4,2.9198200026750554,3,0,1,0,0,1,0
39,21,101.42394256591797,90264,2,3.2780944823838767,1,0,1,0,1,1,0
26,15,55.019004821777344,94778,2,1.525366696622793,3,189,0,0,0,1,0
55,12,64.14047241210938,93859,3,0.8257637233505571,2,0,0,0,0,1,0
32,9,31.083152770996094,91606,2,1.3197419063537696,2,74,0,0,0,0,0
45,21,9.563285827636719,91063,4,0.39452518928712527,1,0,0,0,0,0,0
58,34,21.800479888916016,91304,2,0.5938194757104884,3,0,0,0,0,0,0
62,33,41.74477767944336,94290,2,0.2878922790939856,3,0,0,1,0,1,0
29,4,13.475709915161133,95771,3,0.0930642082115638,1,102,0,0,0,1,0
29,5,104.08025360107422,93324,4,1.581023776039406,2,0,0,0,0,1,0
52,26,117.16030883789062,94846,1,4.472602174524983,3,0,0,0,0,0,1
60,33,102.86030578613281,94713,3,0.4432788249024938,1,0,1,0,0,1,1
26,3,82.39311218261719,92149,1,1.6679213252586547,1,0,0,0,0,0,0
42,24,60.80508804321289,90148,3,2.1940240904605113,1,227,0,0,0,1,0
52,17,147.27389526367188,91509,2,4.513952200975904,1,0,0,0,0,0,0
39,17,135.35528564453125,92796,2,2.6190906689763147,2,248,1,0,0,1,1
34,5,45.55181121826172,90982,3,0.17715532697641884,3,0,1,1,0,0,0
32,14,60.020408630371094,94461,2,0.9091788604649204,2,0,0,0,0,0,0
43,25,91.41819763183594,94235,2,2.414316604163897,3,0,0,0,0,0,1
53,17,148.70079040527344,94618,1,3.331824932712575,2,0,1,0,0,1,0
25,0,67.6429443359375,92317,2,1.1492595127723377,1,0,0,0,0,1,0
25,0,53.9915657043457,92730,4,2.919972092861584,1,0,0,0,0,0,0
35,16,33.00529479980469,94816,3,0.2406165063479955,2,0,1,0,0,0,0
60,35,140.4324188232422,95077,2,2.6125795221679566,1,188,0,0,0,1,0
46,22,99.71161651611328,94369,1,0.30426229697873286,2,462,0,0,0,0,0
46,19,121.23735046386719,95772,1,2.13759790748948,1,196,0,1,0,1,0
50,14,170.07025146484375,94102,4,1.2811525610048629,1,241,1,0,0,1,1
52,30,58.58171463012695,91244,3,0.7753082733215523,2,0,0,0,0,1,0
62,33,25.23753547668457,95158,4,1.6382358658255298,1,117,1,1,0,1,0
35,9,30.381467819213867,92350,4,2.045033492477688,2,0,0,0,0,0,0
42,19,119.60091400146484,94646,1,5.902095035249311,1,115,0,0,0,1,1
64,41,31.610450744628906,96059,3,1.933154699611536,3,0,0,0,0,0,0
64,35,187.3254852294922,93015,2,2.4314915782802835,1,492,0,0,0,0,0
57,18,29.315322875976562,90247,2,1.1233293678909275,3,84,0,0,0,0,0
49,30,63.3082389831543,94467,3,0.4029175720014159,1,0,0,0,0,0,0
43,15,45.828243255615234,92200,2,0.4776440459795904,1,0,0,1,0,0,0
28,5,56.64778137207031,94200,2,0.23001340340331533,1,111,0,0,0,1,0
67,37,38.406253814697266,96019,2,0.5822530144864358,3,97,0,0,0,0,0
33,9,47.72659683227539,94753,2,1.3287490663011017,1,0,0,0,0,0,0
34,17,64.4731216430664,91953,3,0.5896145794227716,3,0,0,0,0,1,0
53,26,73.5462646484375,94663,4,2.971696383244211,1,238,0,0,0,0,0
54,33,34.76102828979492,94209,2,2.6418251471795795,3,0,0,0,0,0,0
52,26,22.846298217773438,94444,2,0.7793581880265469,1,0,1,0,0,1,0
61,37,55.7540397644043,93225,4,2.4296288782823683,2,0,0,0,0,0,0
65,37,45.114959716796875,92296,2,1.6747851787968366,1,0,0,0,0,0,0
29,3,89.73896026611328,93435,3,0.18730722125574784,1,0,0,0,0,1,0
52,23,69.9153823852539,95112,3,1.3156810150551523,1,0,0,0,0,0,0
40,19,122.91374206542969,92245,2,2.557706977183408,1,530,0,0,0,1,0
39,17,47.146202087402344,94340,1,1.8957756834885684,2,0,0,0,0,0,0
44,32,21.918540954589844,96371,4,1.5350488568466032,1,175,0,0,0,0,0
60,37,88.80300903320312,92830,4,1.3693622099370886,3,0,0,0,0,0,0
35,8,33.12980270385742,92021,3,0.02166669944638344,3,103,0,0,0,1,0
49,17,35.68455505371094,89934,2,0.05637218261720328,1,0,0,0,0,1,0
42,12,83.6457748413086,92008,2,0.5698809319122504,1,0,0,0,0,1,0
41,22,148.95062255859375,96190,1,2.334471141656273,2,427,0,0,0,1,1
60,27,98.32164764404297,91242,2,2.7388499978482392,1,0,1,0,0,0,0
49,20,61.132774353027344,91303,1,0.1557708343630837,1,0,0,0,0,1,0
51,28,61.54145812988281,93321,2,0.26072085907242654,3,0,0,0,0,1,0
43,18,19.312206268310547,92830,2,0.5830535148929912,1,0,1,1,0,0,0
47,27,36.59284973144531,91995,4,0.8050366063575245,3,0,0,0,0,0,0
32,8,65.23357391357422,94990,4,1.643593232241138,1,87,0,0,0,1,0
24,9,91.18412780761719,95314,1,2.131872483240359,3,0,0,0,0,0,0
57,32,36.42472839355469,94553,1,1.6313933968178251,2,0,1,0,0,1,0
49,21,110.10681915283203,91959,2,4.0924288839016345,3,0,1,0,0,0,1
60,33,26.26891326904297,95202,2,0.2522951847522732,1,0,1,0,1,1,0
45,19,109.6061019897461,90163,1,0.053719586653365264,2,0,1,0,0,0,0
58,36,164.32675170898438,90279,2,0.16640997926349677,1,0,0,0,0,0,0
37,14,156.4938201904297,92140,4,6.724761415857772,3,0,0,0,0,1,1
52,27,27.11509132385254,94481,3,1.012292443344506,2,0,1,0,0,0,0
58,35,57.01995086669922,92804,2,0.5807292969605533,1,0,1,0,0,0,0
55,28,123.68180847167969,90089,2,5.765908034556614,1,0,1,0,0,0,0
39,19,164.56277465820312,92004,4,1.0760405659709666,2,0,0,0,0,0,1
33,10,67.01950073242188,96234,3,1.1784266642287697,2,158,1,1,0,1,0
34,14,40.950782775878906,95573,2,0.5552707320088703,1,0,0,0,0,0,0
54,33,106.07000732421875,91621,2,1.2281845896640347,1,0,1,0,0,1,0
39,18,33.29271697998047,96208,2,0.7330929822296467,3,0,1,0,0,1,0
43,21,75.80777740478516,92331,4,0.863264101107802,2,0,1,0,0,1,0
27,6,84.28336334228516,94667,3,1.2707905211248751,1,0,0,0,0,1,0
28,0,77.82806396484375,94497,3,0.6108200202594816,3,0,0,0,0,1,0
58,10,42.138999938964844,92163,3,0.39345214065520273,2,0,0,0,0,1,0
31,5,147.4132080078125,90230,2,0.75845725181855,1,0,0,0,0,1,0
39,21,201.71331787109375,95330,2,5.334353157117546,1,575,0,0,0,1,1
64,33,133.51885986328125,92374,1,2.1053031860809983,1,0,0,0,0,0,0
62,38,44.6022834777832,93739,2,0.09789358806812495,3,0,0,0,0,0,0
39,24,30.9686336517334,92501,1,0.33285685601918114,3,0,0,0,0,0,0
47,19,69.81550598144531,95025,3,1.8056129199556799,3,0,0,1,0,0,0
44,23,17.975139617919922,94436,3,0.6841750323516969,3,0,0,0,0,1,0
36,18,67.85871887207031,91599,3,2.4816907702568822,1,0,0,0,0,0,0
28,-1,56.77133560180664,93537,1,1.1220091412203437,2,0,0,0,0,1,0
53,22,192.42918395996094,92790,2,4.023916408949093,1,0,0,0,0,0,0
48,14,74.53370666503906,94494,4,1.440494051041091,2,0,0,1,0,0,0
30,10,67.48857879638672,94958,4,2.461214800903396,2,173,0,1,0,0,1
29,7,113.24928283691406,91587,1,3.5233663676027356,3,0,1,0,0,1,0
45,14,40.99415588378906,95442,4,0.3684072471938369,1,0,1,0,0,0,0
41,8,22.941646575927734,91491,1,0.06334979581873681,1,0,0,0,0,1,0
42,9,82.66594696044922,94230,1,0.8102907360799748,1,385,0,0,0,0,0
44,23,56.48542785644531,95325,3,2.8877637708082355,3,0,0,0,0,0,0
62,36,48.792850494384766,94813,4,2.42334488532086,2,0,1,0,0,1,0
42,15,60.344486236572266,91572,2,2.7526787561372794,1,0,0,0,0,1,0
58,32,46.394229888916016,95439,3,0.2281400537421962,3,0,1,0,0,1,0
31,11,21.863508224487305,93410,4,0.9592348785680457,3,91,0,0,0,0,0
50,23,22.270158767700195,93450,1,2.0702307576620607,2,0,0,0,0,0,0
33,4,51.19898223876953,92963,3,0.9756650950971113,2,172,1,0,0,0,0
51,23,47.32233428955078,91261,1,0.5277841727883101,3,0,0,0,0,1,0
32,7,45.937923431396484,94627,2,0.4151423116983226,1,101,0,0,0,1,0
45,23,82.69123840332031,94154,2,7.357995169999364,1,0,1,0,0,0,0
34,11,30.764022827148438,94082,1,0.5905115186349972,3,0,1,0,0,0,0
55,30,55.12512969970703,90281,3,1.774295014360904,2,0,0,1,0,0,0
52,34,19.65161895751953,95883,2,1.4286480090676292,3,87,0,0,0,1,0
58,34,122.3878402709961,95778,3,3.8985883395442964,1,0,1,0,0,1,0
52,33,90.96341705322266,95087,2,0.9656382106691207,2,0,0,0,0,0,0
66,42,31.188093185424805,90882,4,1.3996558936250687,1,0,1,0,0,1,0
41,17,67.96588134765625,90009,1,1.4342984208566276,3,0,0,0,0,0,0
26,3,110.85458374023438,93077,4,1.6073613309559451,2,0,1,0,0,1,0
36,26,120.83917999267578,94309,1,3.424546082094999,1,0,0,0,0,1,0
32,8,47.37540817260742,93292,4,2.4182768310866214,3,0,0,0,0,1,0
35,18,68.5606460571289,94548,1,0.5867745687667972,3,0,1,0,0,0,0
54,33,18.089839935302734,96081,1,0.5350453520537366,1,0,0,0,0,0,0
59,36,44.14583969116211,92073,2,1.8618540352846735,1,116,0,1,0,0,0
53,18,12.714550971984863,91333,3,0.20178026558566128,3,154,0,0,0,0,0
42,23,137.446044921875,91631,2,2.528740337181696,2,0,0,0,0,1,0
41,5,207.61985778808594,92614,2,7.006811461164635,1,0,0,0,0,1,0
29,-1,90.69435119628906,91097,4,3.9891575390254306,3,0,1,0,0,1,0
51,18,84.78627014160156,94678,4,1.5960403143920472,3,102,0,0,0,0,0
42,20,68.69012451171875,94067,4,0.7692675611332848,1,0,1,0,0,1,0
66,40,65.50712585449219,90340,3,4.791411823075484,1,0,1,0,0,0,0
48,21,163.24095153808594,91731,1,3.6389855441017813,1,421,0,0,0,1,0
60,25,66.7555160522461,93344,2,6.541449554518304,1,0,0,0,0,1,0
50,25,45.29475021362305,95904,4,2.3759958529488756,1,0,0,0,0,0,0
48,15,94.86683654785156,95505,2,0.11447447497300967,1,299,0,0,0,0,0
63,38,69.32078552246094,94031,3,0.352276312732437,3,0,0,0,0,0,0
49,25,152.39376831054688,90678,1,3.4594039926559526,2,0,0,1,1,1,1
49,15,74.94315338134766,92821,1,0.09755568347857274,3,0,0,0,0,0,0
44,19,88.02847290039062,91453,2,0.8010139764784081,1,138,0,0,0,1,0
23,-2,168.19024658203125,95098,3,5.487911309195347,2,0,1,0,0,0,0
33,8,43.080474853515625,94744,4,0.5636369021422538,2,0,0,0,0,0,0
42,18,106.76371002197266,91953,1,3.6206786281080134,3,0,0,0,0,0,0
40,3,55.1320686340332,92002,2,2.2552415599428457,3,71,0,0,0,1,0
53,27,39.48143005371094,94282,4,0.23801133399016142,1,0,0,0,0,0,0
34,8,74.0698013305664,92233,2,1.6521385832249063,1,0,0,0,0,1,0
51,28,46.51518630981445,92112,4,1.4115065598300887,2,105,0,0,0,0,0
44,16,69.01972198486328,95191,3,0.39784661960419154,3,84,0,1,0,0,0
31,8,49.31755065917969,94480,4,1.3670631840125342,3,0,0,0,0,1,0
56,26,74.46585083007812,93000,2,2.16544433403535,2,142,0,0,0,1,0
62,37,57.147884368896484,92340,2,1.4737675761830507,3,149,0,0,0,1,0
44,17,22.23660659790039,95749,2,0.0632149882597858,1,145,0,1,0,1,0
41,13,200.987548828125,92111,4,6.253862472641288,1,0,0,0,0,1,0
43,27,55.43532180786133,91263,3,0.3358262302092266,2,155,0,0,0,1,0
26,1,70.95712280273438,92072,1,2.1706594732236857,2,0,1,0,0,1,0
26,4,131.02346801757812,94523,3,3.2431971571642944,3,0,1,0,0,1,1
32,7,184.5411376953125,90970,2,3.58523288991283,1,0,0,0,0,0,0
36,10,38.167449951171875,96592,2,0.30949178359441953,3,203,0,0,0,1,0
63,38,71.98896789550781,91680,1,1.6564843919073922,3,0,1,0,0,1,0
49,30,58.50452423095703,92796,3,0.5265590143320553,2,0,1,0,0,1,0
39,12,76.77696228027344,91407,3,2.7005398465600274,1,0,0,0,0,1,0
43,14,28.946149826049805,95250,2,1.3586673344681275,1,0,1,0,0,0,0
39,6,18.03270721435547,93513,1,2.031310425116945,3,103,0,0,0,1,0
34,6,49.67588806152344,92315,4,1.8477831078991775,3,0,0,0,0,1,0
63,40,63.75824737548828,95173,4,0.9353969064355553,3,339,0,0,0,1,0
49,18,67.34849548339844,92234,4,1.583010585945621,3,0,1,0,0,0,0
64,38,114.23469543457031,90092,4,5.971507240026145,2,0,1,0,0,0,1
45,23,26.063350677490234,93880,1,0.22965443106240047,1,0,1,0,0,0,0
35,13,67.83576965332031,93828,3,0.11942552899530379,1,150,1,0,0,1,0
41,10,32.56391143798828,95443,2,0.33587749290006147,3,0,0,0,0,1,0
47,27,79.28142547607422,94324,3,0.817415941006362,1,0,1,1,0,0,0
38,15,74.43122863769531,92503,2,1.0313421697567167,3,116,0,0,0,0,0
46,24,29.767541885375977,95662,2,0.9997086853184157,3,531,0,0,0,0,0
36,5,28.929887771606445,94580,3,2.1829367812250693,2,83,0,0,0,1,0
39,5,58.21876907348633,92739,4,3.0224317514839543,1,0,0,0,0,0,0
60,35,66.79942321777344,90123,2,0.723546064348771,3,0,0,0,0,1,0
48,26,31.319446563720703,92149,1,0.3222400700304433,3,0,1,1,0,0,0
50,24,186.93417358398438,94264,1,6.6147848639099145,1,0,0,0,0,0,0
53,32,33.02735900878906,94856,4,0.31645199392158563,2,0,0,0,0,1,0
28,4,79.6251220703125,90535,2,1.8358852909257393,1,0,0,0,0,0,0
47,28,125.74909973144531,91995,2,2.382518046482915,1,0,0,0,0,0,0
32,7,19.727256774902344,90228,4,1.0161593493703713,1,0,0,0,0,1,0
30,5,60.00815200805664,96054,4,1.448582725204135,3,0,0,0,0,1,0
40,16,70.45207977294922,91940,3,2.7296134961587444,3,0,0,0,0,0,0
54,17,17.726486206054688,93236,1,1.4572034596616958,3,0,1,0,0,0,0
47,27,42.923423767089844,90482,3,0.9565275072252064,1,0,0,0,0,1,0
38,14,94.88430786132812,91731,3,2.771441711166209,1,99,1,0,0,0,0
49,21,127.05435180664062,95064,1,3.1163717753820412,3,0,0,0,0,0,1
41,24,18.624187469482422,92221,4,0.08670617576092302,1,81,1,0,0,1,0
45,26,52.218955993652344,90251,1,2.1472875068886497,2,0,1,0,0,1,0
53,23,17.131622314453125,90598,4,0.5733823160609354,2,101,0,0,0,1,0
60,38,52.76107406616211,92007,3,0.06379980559281959,2,0,0,0,0,1,0
50,19,104.5602035522461,95259,1,0.6591690146988729,1,200,0,0,0,0,0
40,21,87.54708862304688,93319,4,3.547372884340339,1,0,0,0,0,0,0
27,6,26.81613540649414,96351,4,1.7187307214510013,1,123,1,0,0,0,0
31,6,24.580415725708008,95022,4,0.5297472134662431,3,111,0,0,0,1,0
62,38,100.38455963134766,95201,4,0.2764789965589502,2,0,1,0,1,1,0
63,38,48.18572998046875,91703,4,1.410322019093061,1,0,0,0,0,0,0
51,16,53.901519775390625,91357,4,0.8648268693053353,1,0,1,0,0,1,0
35,14,43.74522399902344,90221,4,0.12968732660130255,2,192,0,0,0,1,0
26,1,53.90721130371094,94436,4,1.6594342425443624,3,0,0,0,0,1,0
27,6,72.03992462158203,93576,4,1.8075348425334703,2,236,0,0,0,1,0
27,1,34.78135681152344,94334,3,0.9419391853988343,1,0,1,0,0,0,0
55,20,60.97529220581055,92142,3,0.8985671559865901,2,0,1,0,0,1,0
34,10,50.57883071899414,90126,4,0.5359563461448058,1,0,0,0,0,0,0
27,3,28.461994171142578,91459,4,0.7034966703479,1,0,0,0,0,1,0
60,39,111.63733673095703,94397,1,0.9760162644525064,3,483,0,0,0,1,0
53,28,64.14767456054688,92786,3,2.006102723817722,3,0,0,0,0,1,0
37,10,68.88807678222656,92985,3,2.0230121604794054,3,0,0,0,0,0,0
30,0,59.86052322387695,91465,1,2.966622512475898,2,0,0,0,0,1,0
60,25,44.35223388671875,93984,1,2.7908248219697667,2,161,0,0,0,1,0
61,38,152.6333770751953,90444,2,0.6282356021867377,1,0,0,1,0,0,0
57,36,82.76444244384766,93695,2,1.3627685183595735,1,0,0,0,0,0,0
41,27,30.755661010742188,90169,2,0.7048563774928127,3,0,0,1,0,0,0
38,8,67.04592895507812,94672,3,0.5021841925879854,2,152,0,0,0,1,0
42,14,18.694623947143555,94090,1,0.45252356259857507,1,105,1,0,0,1,0
48,14,31.831785202026367,92145,3,0.9932913154236445,2,0,0,0,0,0,0
45,21,61.423667907714844,95059,1,1.7289392645153132,3,0,0,1,0,1,0
42,21,49.96480941772461,95301,2,1.7673421226192438,1,334,0,0,0,0,0
57,28,92.59785461425781,94970,4,2.2380786880525916,2,0,1,1,1,0,0
38,16,117.12169647216797,91690,2,0.6610025067004353,3,0,1,0,0,1,0
51,35,165.26181030273438,94758,4,1.2075193029918558,2,0,0,0,0,1,1
55,16,173.78240966796875,94319,2,5.315906307540888,1,0,1,0,0,1,0
33,6,93.64095306396484,92789,1,0.28715798573941187,1,102,1,0,0,0,0
51,31,153.93841552734375,92492,4,5.173513758804794,3,157,1,0,0,1,1
41,22,75.20365142822266,92755,4,0.5243180543491025,2,155,0,0,0,0,0
45,35,26.68886375427246,92510,3,0.6994695693928717,2,0,0,0,0,1,0
61,37,127.58078002929688,95049,4,3.77754066329813,2,0,0,0,0,0,1
35,14,68.20027160644531,91286,2,1.3781781691828792,3,0,1,0,0,0,0
54,32,79.34395599365234,95302,3,0.2295510151291844,1,0,0,0,0,0,0
65,36,82.79258728027344,91911,1,2.4051550261879933,3,0,1,0,0,1,0
42,14,50.944847106933594,95390,2,0.8492389881677984,1,156,1,0,0,1,0
60,26,57.680519104003906,94851,1,1.129268968293194,2,0,0,1,0,0,0
26,-1,116.40919494628906,93045,1,1.2874835344078535,2,0,0,0,0,1,1
58,31,44.852359771728516,92878,4,1.163662572250252,1,0,0,0,0,1,0
55,22,85.12367248535156,91747,1,3.6917615402030597,2,0,0,0,0,1,1
50,20,71.15027618408203,94298,1,0.5171063320084126,1,88,0,0,0,0,0
56,19,54.15647506713867,91429,3,0.7640984661822208,3,0,1,0,0,1,0
48,26,52.51088333129883,90184,4,0.5433011478205464,3,0,0,0,0,0,0
52,31,50.79209899902344,92556,2,0.44171103203803375,2,230,0,0,0,1,0
40,11,61.37747573852539,94953,3,1.693800302360546,3,0,0,0,0,0,0
61,35,189.02001953125,92781,2,2.2532477935854844,1,0,0,0,0,0,0
52,32,160.55453491210938,94512,4,0.036406738141788075,3,0,1,1,1,1,0
53,33,89.94490814208984,95781,1,0.555846960636726,1,283,0,0,0,0,0
48,24,90.08226776123047,92258,4,1.5024288043425245,3,0,0,0,0,0,0
58,27,56.86864471435547,90251,3,2.81114560997249,2,0,0,0,0,0,0
34,25,192.50665283203125,90742,3,6.356441247329098,3,232,0,0,0,0,1
59,24,62.265865325927734,93428,2,0.7032695297128981,1,0,1,0,0,0,0
49,29,111.62012481689453,91271,4,0.4847948641008274,1,0,1,0,0,1,0
57,32,72.59441375732422,94635,1,1.1607530521695932,1,0,0,0,0,1,0
29,3,42.66812515258789,94182,2,2.1785677204571385,3,0,0,0,0,1,0
31,10,139.99949645996094,95025,2,1.3649632349843488,1,179,0,0,0,1,0
37,24,195.8963623046875,92801,2,4.859454466777798,1,576,0,0,0,0,0
38,24,53.152313232421875,94325,1,0.7671694850462358,3,0,0,0,0,0,0
62,37,139.014404296875,95548,2,0.7770763520402434,1,402,0,0,0,0,0
36,6,48.28434371948242,92839,1,1.6702187213503998,3,0,1,0,0,1,0
40,24,128.43426513671875,94464,1,6.652991986105447,1,0,0,0,0,0,0
30,6,179.79396057128906,91416,2,1.544283485379214,1,0,1,0,0,1,0
27,1,73.02265930175781,95936,4,1.5582031817648274,1,98,0,0,0,0,0
45,13,60.910030364990234,92021,4,1.5102412736544162,1,98,0,0,0,0,0
56,25,131.22134399414062,91618,2,1.7722828639890218,2,214,1,0,0,0,0
62,36,36.90135955810547,94984,1,0.5718473042882267,1,0,0,0,0,1,0
50,23,95.93794250488281,92119,1,0.38487831478149503,2,212,0,1,0,1,0
40,18,33.5393180847168,96186,1,0.24892900911210125,1,0,0,0,0,1,0
62,35,68.05086517333984,91845,4,5.911487381290747,1,0,0,0,0,0,0
30,10,108.29936218261719,96643,4,1.8883657699963952,1,265,0,0,0,1,0
44,6,47.10308074951172,95599,3,3.356370236915678,3,190,0,0,0,1,0
57,31,68.38250732421875,91058,4,0.9452579819198622,1,0,0,0,0,1,0
39,25,52.84370422363281,90068,4,0.9828913595663676,2,227,0,0,0,1,0
38,13,127.38304138183594,92685,2,0.7294838627005236,1,140,0,1,0,0,0
47,32,81.4791488647461,95110,2,3.68429009751328,3,0,0,0,0,0,0
30,6,88.294189453125,91456,3,1.074932026254428,1,0,1,0,0,1,1
57,29,101.88445281982422,90208,4,5.806494338995399,3,0,0,1,0,0,1
51,29,43.18440628051758,93295,2,0.49911185183057466,2,0,0,0,0,0,0
63,37,40.955902099609375,89956,1,0.46832660569110873,3,150,1,0,0,0,0
41,22,116.75881958007812,94605,1,0.9373633965105036,3,0,0,0,0,0,0
40,19,56.599464416503906,91174,3,1.4870443566043425,1,0,1,0,0,0,0
37,7,80.52070617675781,94381,1,3.763229265364007,2,0,0,1,0,1,0
56,34,43.50506591796875,92197,2,1.3637625789925467,1,0,0,1,0,1,0
33,15,80.09545135498047,94417,1,2.766479884986598,1,0,1,0,0,1,0
37,19,88.21849060058594,92798,4,6.0207781844784565,1,0,1,0,0,1,0
33,14,111.63612365722656,92833,1,4.987138473944799,1,101,1,0,0,0,1
55,21,101.70294952392578,92328,2,2.4941097621850954,1,236,0,0,0,0,0
63,33,95.2414321899414,94579,1,1.8798552451657613,1,0,0,0,0,0,0
50,27,74.97225189208984,91533,4,0.8786610407171382,1,207,0,0,0,0,0
40,19,29.180158615112305,94613,4,1.098482842082547,3,0,1,0,0,1,0
61,25,192.15185546875,95330,1,5.130792451959648,1,0,1,0,0,0,0
34,13,51.57760238647461,94971,1,0.8978848743288561,2,199,0,0,0,0,0
58,34,61.06230545043945,90356,2,0.32278755681762394,1,102,0,0,0,1,0
52,32,18.612207412719727,90335,2,0.39381985920634327,1,0,0,0,0,1,0
42,20,25.643909454345703,94931,2,2.483521386021209,2,101,1,0,0,1,0
28,4,43.57536315917969,92042,1,1.4769509581321902,3,0,0,0,0,1,0
63,39,103.22433471679688,94605,2,1.643125645258317,2,0,0,0,0,1,0
43,27,167.57998657226562,91949,1,2.4205871791265317,1,0,0,0,0,1,0
29,18,169.68600463867188,90248,2,6.4885130043185795,1,0,0,0,0,1,0
62,39,11.708747863769531,91968,3,0.21246084705830473,1,63,1,0,0,0,0
34,3,26.322704315185547,92035,4,0.15005942442358688,1,0,0,0,0,0,0
43,14,149.43006896972656,93137,2,5.985848662732011,1,393,1,0,0,1,0
50,31,64.13540649414062,92089,4,1.5579551849059063,2,0,0,0,0,0,0
50,26,28.75171661376953,93025,3,0.26379890313360416,2,198,0,1,1,1,0
58,22,89.5201644897461,92025,4,1.8823544595201713,1,0,0,0,0,1,0
52,32,51.79362487792969,93347,3,1.406245913395336,3,0,0,0,0,0,0
46,24,184.93502807617188,94404,3,4.249769840722802,3,0,0,0,0,0,1
40,9,71.66432189941406,91275,4,3.1887086272603455,3,129,0,0,0,1,0
31,3,52.82766342163086,95513,1,2.9135548695231703,1,0,0,0,0,1,0
64,40,82.31380462646484,95275,1,1.3699162781573215,2,0,0,0,0,1,0
38,16,54.89801025390625,95161,2,2.5654235229788855,1,0,1,1,1,0,0
45,20,75.29337310791016,91396,1,0.6455945033391062,3,153,0,0,0,1,0
63,35,97.14978790283203,92131,1,2.1306901613065157,1,185,0,0,0,0,0
59,33,31.216983795166016,90993,2,0.9056981213193623,1,0,1,1,1,1,0
27,2,44.63566207885742,90939,1,0.17765537835837503,2,0,0,0,0,1,0
35,18,35.427276611328125,94192,3,0.8803548319987977,1,349,0,0,0,0,0
58,31,24.47581672668457,94734,4,2.6803941006338863,2,0,1,1,1,1,0
60,34,100.67839813232422,96134,2,5.502960521100591,1,0,0,0,0,0,0
48,19,52.53390884399414,92950,1,0.832527287695159,1,141,0,0,0,0,0
31,6,137.65257263183594,94630,3,6.394410205424652,1,0,0,0,0,1,1
59,30,47.993743896484375,94342,3,1.848205827830884,2,0,0,0,0,1,0
47,21,36.73986053466797,94554,2,1.330189921475577,3,0,0,1,0,0,0
52,23,44.71333312988281,93743,4,1.442210900980073,3,0,0,0,0,1,0
47,26,54.27616500854492,95845,2,2.3625263724196266,3,0,1,0,0,1,0
32,13,66.82553100585938,95732,4,0.4837649400770774,3,0,1,0,0,1,0
39,26,15.347098350524902,93054,4,1.0848285586595052,1,0,1,0,0,0,0
47,17,71.14775085449219,90551,1,2.9643154073983244,1,0,0,1,0,0,0
32,7,41.3847541809082,95526,3,1.4898468447526374,3,139,1,0,0,1,0
45,27,86.0601577758789,94273,4,2.361671515744428,1,259,0,0,0,0,0
31,4,39.62897491455078,92730,1,0.2563157778671106,3,0,0,0,0,1,0
64,38,43.12345504760742,91765,1,1.7678345069755392,3,0,0,0,0,0,0
60,37,41.50423812866211,91558,3,0.37436572220848685,3,0,0,0,0,1,0
34,18,116.52296447753906,92458,2,0.8618006998889488,2,0,0,0,0,1,0
41,18,104.03482055664062,91845,1,4.245182497099576,1,0,0,0,0,0,0
40,14,98.27051544189453,92425,3,9.479197066253839,1,0,1,0,0,1,0
32,4,175.7467803955078,94238,2,6.2921970135270024,1,220,0,0,0,1,0
41,7,47.87070083618164,89993,2,1.423106602495162,2,0,0,0,0,0,0
41,16,33.491676330566406,95101,4,1.212564080543547,1,0,0,0,0,0,0
58,40,61.60498046875,91655,3,1.159729891839723,3,229,1,0,0,1,0
59,37,23.283035278320312,91020,2,0.1593208469972542,2,0,0,0,0,1,0
31,4,14.566375732421875,93473,4,0.713783665229981,2,0,0,1,0,0,0
65,39,86.37638092041016,95794,3,2.4678403149159545,2,0,1,0,1,1,0
62,36,31.404239654541016,92193,1,1.3106078736828395,2,0,0,0,0,1,0
49,25,143.9129638671875,92921,3,4.527468895397281,1,0,1,0,0,1,0
56,30,47.555667877197266,92209,1,1.2521395886980027,2,0,1,0,0,1,0
61,35,129.14808654785156,92262,2,1.0674884533130793,1,129,0,0,0,1,0
45,16,157.30703735351562,92178,2,3.9884719048850243,1,231,0,0,0,0,0
59,37,100.30855560302734,92175,2,1.92996769004652,1,0,0,0,0,0,0
62,37,71.49366760253906,92864,1,2.518676760458822,1,0,1,0,0,1,0
48,24,17.034076690673828,91300,3,0.6720200025711065,1,0,0,0,0,1,0
63,36,33.16524124145508,90348,2,0.07456302344785576,1,0,1,0,0,1,0
61,39,68.01315307617188,91958,1,0.5617567079041077,1,0,1,0,0,1,0
33,9,191.4917755126953,95214,2,6.711183091378024,1,0,0,0,0,1,0
55,30,49.46584701538086,90121,1,1.6848402699534062,3,163,1,0,0,1,0
57,28,38.28236770629883,94436,3,0.4620442585315157,1,0,0,0,0,0,0
58,28,164.17666625976562,92166,1,4.6759980522881195,1,0,0,0,0,1,0
50,21,105.25827026367188,92949,3,6.31927390104793,1,0,1,0,0,0,0
60,33,181.6533660888672,92899,1,5.314995247271796,3,107,1,0,1,1,1
33,10,72.49563598632812,92870,2,6.178182538751707,1,0,1,0,0,1,0
52,29,16.125579833984375,94978,4,0.4533607857131691,3,0,0,0,0,0,0
40,18,62.286415100097656,92686,3,0.9534461120828129,3,204,1,1,0,0,0
26,4,29.40813446044922,93629,3,0.1484284843142052,2,103,0,0,0,0,0
32,4,45.1053466796875,95648,1,0.7309420254004407,3,0,1,0,0,0,0
62,27,14.514130592346191,90728,1,0.24565660279283774,3,0,1,0,0,1,0
66,39,36.222328186035156,90331,4,1.316833984883069,3,91,0,0,0,1,0
43,21,52.174076080322266,91704,1,2.18120903355608,2,0,0,0,0,1,0
42,19,104.94120788574219,91285,1,4.900648993784658,3,0,0,1,0,1,0
55,31,95.07659149169922,95582,4,0.4626384122896197,2,0,0,0,0,0,1
46,32,115.84132385253906,92165,1,1.7143390433550711,1,0,1,0,0,1,0
47,24,82.84980010986328,95399,2,0.5668541366250932,1,0,1,0,0,0,0
41,7,81.74248504638672,95388,4,0.8068487830772415,1,0,0,0,0,1,0
51,27,31.287357330322266,92121,2,0.38116725805684804,3,0,0,0,0,0,0
28,3,182.8653564453125,94700,2,3.6795181454087658,3,237,0,0,0,0,0
59,28,178.6767578125,91046,3,7.101793694376648,3,0,1,0,0,0,1
28,22,52.17634201049805,94675,4,1.881207656701339,1,0,0,0,0,1,0
44,27,22.883054733276367,95734,3,0.7124092738116166,2,0,0,0,0,0,0
28,3,67.68388366699219,93542,3,0.3792311935748256,2,162,1,0,0,1,0
29,13,47.71685791015625,94110,3,1.57928237774007,1,0,0,1,0,1,0
25,8,117.09105682373047,92367,4,1.42689653220924,2,0,0,0,0,0,0
24,-1,47.58026885986328,92703,2,0.4801894204084099,2,0,1,1,0,0,0
50,20,56.56148910522461,96166,1,2.3883277158990204,2,0,0,0,0,1,0
59,35,61.5382080078125,95118,3,1.9735380084831347,1,0,1,1,0,1,0
44,13,86.43692016601562,91294,3,0.3274821258590129,3,0,1,0,0,1,0
37,21,119.43994140625,90379,4,1.4238824528688279,3,0,0,0,0,0,1
37,11,22.33881378173828,94551,4,2.3824840808933505,2,0,0,1,0,0,0
28,10,39.60310363769531,91668,2,0.2430769005974702,1,0,0,0,0,1,0
59,36,69.41438293457031,90250,4,4.1550360812157265,2,0,0,1,0,1,0
37,36,16.768699645996094,92010,4,0.052145373011825674,1,226,0,0,0,1,0
34,9,110.37877655029297,90123,2,1.4939544480621971,1,0,0,1,0,0,0
61,36,85.93031311035156,90316,2,2.668845590991857,1,0,0,0,0,0,0
61,42,57.27396011352539,94617,3,1.9047978942468549,3,96,0,0,0,1,0
57,31,47.61102294921875,95058,4,2.0743879428586083,3,0,1,0,0,1,0
47,9,92.24916076660156,91969,2,3.368068171603058,1,245,0,0,0,0,0
28,8,161.8494873046875,91559,4,5.729656169627925,3,0,1,0,1,1,1
35,15,118.45003509521484,94448,1,2.573281479236793,1,0,0,0,0,1,0
32,4,75.60590362548828,92786,2,0.839109498524937,3,102,0,0,0,0,0
51,35,153.44656372070312,95141,2,3.6632559609450097,1,0,0,1,0,1,0
35,13,16.880199432373047,92005,3,0.2563170770993816,1,98,0,0,0,0,0
55,21,16.232593536376953,93977,4,0.12916916316779892,3,0,0,0,0,1,0
63,35,18.33147621154785,94541,2,0.5723332502588079,3,250,0,0,0,1,0
30,6,24.313222885131836,90603,4,0.3936104906936517,2,107,0,1,0,1,0
28,5,72.97948455810547,92209,4,2.096323743988691,2,235,0,0,0,0,0
31,4,119.75042724609375,91450,2,3.346900613184618,1,148,0,0,0,1,0
32,3,37.372650146484375,91460,3,0.5013488251407101,1,0,0,0,0,0,0
48,15,48.410438537597656,94358,4,1.3884743426700097,3,0,0,0,0,1,0
61,29,51.627655029296875,91863,2,0.12194608298501028,2,0,0,0,0,1,0
52,22,22.343021392822266,92879,3,0.4301668449964971,3,68,1,0,0,1,0
44,33,43.77628707885742,96254,1,1.4541824061052382,2,91,0,0,0,1,0
39,26,38.03131866455078,95552,4,0.6627987110272939,2,148,1,0,0,1,0
41,12,48.14800262451172,95130,2,0.41748229789444546,1,163,0,0,0,0,0
33,8,166.1205596923828,92195,1,1.4671043700506303,1,396,0,0,0,0,0
64,41,46.74943923950195,93923,4,0.31239220892801556,2,0,0,0,0,1,0
51,30,13.20536994934082,90185,3,0.25376353346777625,2,87,0,0,0,0,0
35,15,58.64175796508789,94213,4,0.2365930513644986,2,0,0,0,0,1,0
31,12,112.70963287353516,91789,3,2.5044310747899985,2,0,0,0,0,1,1
59,29,96.5489501953125,91142,1,1.7669580315984827,3,558,0,0,0,1,0
35,10,54.344207763671875,94488,4,0.7575467081726477,2,100,1,0,0,0,0
44,29,45.622528076171875,94496,4,1.4365759404815868,2,231,0,0,0,1,0
44,24,64.76376342773438,91525,1,2.6203989194451456,3,0,1,0,0,0,0
38,16,49.55052185058594,92661,4,3.9774484390052454,1,120,0,0,0,1,0
34,7,90.75557708740234,95321,1,2.5499302195018982,3,200,0,0,0,1,1
31,3,80.63314056396484,93965,1,0.09158611822075449,1,168,0,0,0,0,0
31,8,74.66641998291016,94856,2,1.2755399913109708,3,0,0,1,0,0,0
29,5,25.498672485351562,94526,1,0.317452054354622,3,0,0,0,0,0,0
61,32,53.529380798339844,93482,3,0.1354421300950089,3,0,0,0,0,1,0
51,29,148.4550323486328,91389,1,2.541211665852421,1,228,1,0,0,1,0
50,34,23.162059783935547,96282,1,1.0148970129853205,3,0,0,0,0,0,0
44,11,153.2415008544922,94394,2,0.47047972105268854,1,0,0,0,0,0,0
47,26,87.03352355957031,95109,2,2.2649908646890546,1,0,1,1,1,1,0
28,5,97.24285888671875,94697,3,2.720884628620095,1,0,0,0,0,1,1
47,20,103.84519958496094,94981,2,0.2915783540893507,2,0,0,0,0,0,0
33,10,36.698997497558594,93716,4,1.0731599671156575,3,0,0,0,0,1,0
55,18,14.72085189819336,92271,3,0.4915492958992087,3,0,0,0,1,1,0
34,6,31.074140548706055,96102,3,0.22003147024548847,2,150,1,0,0,1,0
33,9,66.36474609375,96411,1,0.021361865039650207,1,0,0,0,0,1,0
47,21,53.1923942565918,94046,1,0.8522584940558561,2,0,0,0,0,1,0
63,29,44.077579498291016,94779,3,1.157330578118566,2,0,0,0,0,0,0
41,18,174.59751892089844,93232,1,6.922683187800785,1,0,0,0,0,1,0
41,10,74.0727767944336,95005,1,3.164817668227651,1,0,0,1,0,1,0
47,23,40.74778747558594,95246,1,0.13278018226379634,1,0,0,0,0,1,0
37,2,53.70146179199219,94816,3,2.576744911120577,2,113,0,0,0,1,0
42,17,120.20447540283203,95064,1,0.4165003034391452,2,117,0,0,0,1,1
53,37,86.30171966552734,95772,1,3.209728322556151,2,0,0,0,0,0,0
31,2,52.07796096801758,95625,4,2.7526467137261155,1,0,0,0,0,1,0
47,27,137.38121032714844,91993,1,0.5885736434716632,1,0,0,0,0,0,0
65,39,55.07281494140625,90719,2,1.5406428760037214,1,0,0,0,0,1,0
50,25,124.51766967773438,90446,1,1.4374211805187547,1,0,0,0,0,0,0
33,6,173.90353393554688,92386,2,5.891440229483159,1,0,0,0,0,0,0
32,4,24.627685546875,91892,3,2.4534703437723944,2,0,0,1,0,1,0
41,16,95.10442352294922,92120,1,0.20888975574703816,3,0,0,0,0,0,0
42,23,111.22847747802734,91158,3,2.0693755013343726,2,0,0,0,0,0,0
48,16,88.509033203125,94517,2,2.0997153637865775,3,0,0,1,0,1,1
43,13,52.41957473754883,94734,2,0.6917864432101672,1,105,0,0,0,0,0
50,23,60.25062561035156,94986,2,0.29020971175618815,3,229,0,0,0,0,0
51,23,207.1733856201172,94862,1,7.022761461662576,1,0,0,0,0,1,0
61,25,184.8042449951172,90328,2,7.569969468551412,1,386,0,1,0,1,0
62,35,123.52430725097656,92930,4,2.1491716910343697,2,0,0,0,0,0,0
29,7,51.68012237548828,94550,3,0.9547009928277839,2,186,0,0,0,1,0
50,16,49.416683197021484,94451,4,2.1141744472400337,2,0,0,1,0,1,0
28,14,95.82459259033203,95929,2,1.5323020286331923,2,0,0,0,0,0,1
35,7,52.20712661743164,91872,2,1.3598429372444896,3,0,0,0,0,1,0
38,14,58.27076721191406,95382,2,2.111906544253105,2,0,1,0,0,0,0
61,38,24.406930923461914,90343,3,0.6566215961764682,2,0,0,0,0,1,0
30,22,38.02757263183594,94258,3,0.9752272911155524,2,0,0,0,0,1,0
45,12,112.76583099365234,94845,2,1.6873845466871582,1,192,1,0,0,1,0
28,3,156.9810791015625,95004,1,6.828909352858776,1,0,0,0,0,1,0
58,30,39.565948486328125,92730,2,1.4466586482496429,2,0,1,0,0,0,0
62,31,30.61836051940918,94639,1,0.45656158952188164,3,0,0,0,0,0,0
40,16,62.53229904174805,94073,4,0.8375853213190179,3,0,0,0,0,1,0
44,25,70.34127044677734,91912,2,2.1045389755860913,1,0,0,0,0,1,0
62,30,34.500484466552734,91359,2,1.0726090461587798,2,256,0,0,0,0,0
54,28,39.94221878051758,92189,2,3.935508399199059,1,0,0,1,0,0,0
