Age,Experience,Income,ZIP Code,Family,CCAvg,Education,Mortgage,CreditCard,Securities Account,CD Account,Online,Personal Loan
57,30,114.25196838378906,94261,1,6.571375075241618,1,340,0,0,0,1,0
31,5,45.216712951660156,94512,4,0.14020311628084042,1,0,1,0,0,0,0
30,4,30.368135452270508,91894,1,0.3169700570912794,2,91,0,0,0,1,0
53,30,59.57969665527344,95875,3,0.798018051783341,1,0,1,0,0,0,0
40,15,138.33090209960938,91551,3,2.887178786733831,3,0,1,0,0,0,1
52,28,32.67255401611328,96049,2,1.08997523588154,3,138,0,0,0,1,0
28,1,50.552024841308594,91687,1,1.4854274375663683,2,0,0,0,0,0,0
39,32,128.10508728027344,94174,3,1.340702601362087,2,0,0,0,0,1,1
24,1,33.3546257019043,94044,4,1.001652287449735,3,125,0,1,0,1,0
41,22,37.98280334472656,94297,3,1.2685614593642769,2,0,0,0,0,0,0
31,10,88.7747573852539,91147,1,1.8996031612308124,3,0,0,0,0,0,0
49,25,103.1770248413086,94994,4,6.150453046300943,3,0,0,0,0,1,1
39,14,40.37356948852539,94401,1,0.016882659214238593,1,0,0,0,0,0,0
35,12,186.67738342285156,95770,1,3.020500200600016,1,0,1,0,1,1,1
29,9,14.325634002685547,95442,4,0.4495200632100319,3,0,1,0,0,1,0
43,32,115.69476318359375,96002,1,2.932712099431769,1,0,0,1,1,1,1
59,34,49.35234832763672,90162,3,0.627323282682916,1,0,0,0,0,0,0
48,22,68.49557495117188,95782,3,1.1852407201199884,1,0,1,0,0,1,0
47,14,41.052764892578125,90548,2,0.3631030125952027,3,136,0,0,0,0,0
32,3,45.7018928527832,92777,4,0.8635650697362333,3,0,0,0,0,1,0
38,27,91.79286193847656,95070,2,0.3285330399660581,3,0,0,0,0,1,0
51,26,102.4017562866211,92077,2,2.0650539840297686,1,531,0,0,0,0,0
50,23,38.18059539794922,90782,1,0.29991669889650563,3,0,0,0,0,1,0
41,18,109.54145050048828,95855,1,1.1046375963257198,1,241,0,0,0,1,0
44,17,91.62545013427734,95288,1,5.190967909730384,3,0,0,0,0,1,0
55,25,42.67878723144531,95476,3,0.002095637610231571,2,0,0,0,0,1,0
37,18,68.37042236328125,93583,1,1.77231117062551,1,0,1,0,0,1,0
54,18,58.52644348144531,94766,2,1.263018529116693,2,0,0,0,0,0,0
47,20,17.23917007446289,96160,2,0.49557213580669524,2,0,0,0,0,1,0
34,7,31.503509521484375,91675,1,0.2726032694704455,3,0,0,0,0,1,0
56,23,54.42197799682617,91735,4,0.3466273114047333,1,0,0,0,0,1,0
28,8,27.5848331451416,94300,2,0.5116940257669005,3,0,0,0,0,1,0
37,16,36.323020935058594,94783,4,0.5988202077949656,1,0,0,0,0,1,0
33,7,39.170188903808594,94752,4,2.036650851935958,1,0,0,0,0,1,0
49,18,51.3568115234375,94995,2,0.799423454739794,1,109,0,0,0,0,0
60,36,20.488422393798828,95020,3,0.21714917776744236,2,0,0,0,0,1,0
48,25,17.90978240966797,90139,3,0.3812477950295708,1,0,1,0,0,1,0
48,1,52.38500213623047,93986,4,2.223692542806834,1,0,0,0,0,1,0
32,7,29.323394775390625,92965,4,0.3240105886275431,1,113,0,0,0,1,0
54,28,36.712867736816406,90354,3,0.5356950593634557,1,0,0,0,0,0,0
37,15,56.59270477294922,92805,4,1.5864990900814098,2,0,0,0,0,0,0
43,20,62.76213836669922,90088,1,2.508649333591736,2,0,1,0,0,0,0
56,24,125.9333724975586,95232,3,1.1440085052071733,1,384,0,0,0,0,1
40,13,81.05722045898438,95258,2,0.12175052736277936,1,0,1,0,0,1,0
63,40,99.98511505126953,92959,1,1.0590409434013064,2,0,0,0,0,1,0
45,18,102.88963317871094,95011,1,0.6908448299084553,2,0,1,0,0,1,0
31,4,190.39808654785156,91378,4,0.9265132139175546,3,0,0,0,0,0,1
28,5,102.54661560058594,91232,1,0.9762034738400568,1,0,0,0,0,0,0
45,23,73.96977996826172,89706,3,1.515568066839982,3,98,0,0,0,0,0
43,27,74.93321990966797,95693,1,1.7353867151024664,2,0,1,1,1,1,0
64,39,154.74427795410156,93896,4,2.335188606961232,1,0,0,0,0,0,0
33,7,146.91302490234375,91540,1,3.8945649687284454,1,0,0,0,0,1,1
38,4,24.57329559326172,94358,2,0.26562122455181697,2,0,1,0,0,1,0
35,15,48.98541259765625,93770,3,0.7701468863383453,2,145,0,0,0,1,0
48,17,152.21102905273438,90773,1,2.3874473341509734,1,0,0,0,0,1,0
31,3,115.00804138183594,92353,1,4.5460311038011465,1,0,0,0,0,0,1
54,34,44.643314361572266,92768,4,0.2987556739846428,3,0,0,0,0,1,0
32,7,42.56344985961914,91615,1,1.6065594469693254,2,0,1,0,0,0,0
42,22,85.20046997070312,90323,3,0.5291197848571876,3,0,0,0,0,0,0
66,37,25.451570510864258,93327,4,0.41051235635013145,1,0,0,0,0,1,0
37,17,164.6974334716797,94573,2,2.616140126122982,3,167,1,0,0,1,1
28,11,104.50125122070312,92216,4,2.6243478249101746,3,0,0,0,0,1,1
58,33,42.306419372558594,94275,1,0.11157727167032147,3,0,0,0,0,1,0
31,11,60.99691390991211,92325,3,1.0954277545731732,1,253,0,0,0,1,0
46,26,53.041160583496094,95804,1,1.678761692967531,3,0,0,0,0,0,0
63,37,69.10379028320312,95891,3,5.012675691235542,3,0,0,0,0,1,0
56,25,67.39820861816406,92926,4,1.9184424079354752,2,0,1,0,0,0,0
29,1,147.735595703125,95403,4,3.9172455331246967,1,0,0,0,0,1,0
54,21,93.268310546875,92049,4,0.14863056849778575,2,207,1,0,0,0,0
45,25,123.19888305664062,94353,3,0.49017889565694106,1,0,1,0,0,1,0
63,37,70.78238677978516,94828,4,0.14052920729976767,2,147,0,0,0,0,0
59,29,96.76622772216797,92199,1,1.4453262817842454,1,150,0,1,0,1,0
33,8,48.17937088012695,92196,4,0.117780294965496,2,0,1,0,0,0,0
34,6,30.39360237121582,91388,4,0.142204533122963,1,0,0,0,0,1,0
29,3,55.50751876831055,91704,1,0.5928569292871082,3,0,1,0,0,0,0
48,26,75.7352294921875,92676,4,1.813910773460729,1,149,1,0,0,0,0
32,15,49.34996032714844,91255,3,0.7066818051084174,1,0,1,0,0,1,0
43,21,45.14122772216797,95322,1,1.7204506431124504,2,0,0,0,0,0,0
54,36,98.4932632446289,90928,4,2.1617206442470622,1,221,0,0,0,1,0
39,10,81.39154815673828,94678,3,1.2054551323030935,1,192,1,0,1,1,1
58,25,117.69049072265625,92503,4,1.0615328020887926,1,0,0,0,0,0,0
32,7,55.01392364501953,94529,4,1.0850894578565948,2,104,0,0,0,1,0
39,7,105.43222045898438,92207,3,1.8596520214065078,2,0,0,0,0,0,0
48,30,38.9590950012207,91081,3,0.10504156676444873,2,0,0,0,0,1,0
28,1,115.80594635009766,91428,2,1.9064268777943578,1,0,0,0,0,1,0
50,27,54.0196533203125,95652,1,1.4884757369740318,3,0,0,0,0,1,0
54,29,67.65678405761719,92934,2,1.532155568484904,3,390,0,0,0,0,0
59,12,36.216468811035156,94478,3,0.5652914026101752,2,209,0,0,0,0,0
57,31,50.537471771240234,91051,4,0.2984037192596092,3,0,0,0,0,1,0
40,15,76.84446716308594,89821,3,2.5490562947444313,2,0,0,0,0,0,0
64,39,127.810546875,94104,1,0.1690132499881321,3,0,0,0,0,1,1
39,6,44.51378631591797,95014,2,0.42965627798691675,2,0,0,0,0,1,0
57,30,87.52494049072266,92843,1,1.9449249846304504,2,405,1,0,1,1,1
24,-1,57.038978576660156,90293,3,0.18825629312238817,2,0,0,0,0,0,0
51,18,45.732093811035156,92437,3,1.724294102665825,3,0,0,0,0,0,0
26,1,57.179779052734375,94604,3,2.5465288562676798,1,0,0,0,0,1,0
41,22,79.29627990722656,92303,3,1.7868701861030383,2,110,1,0,0,1,0
45,16,67.0765380859375,91686,3,2.1219469637921082,2,0,0,0,0,1,0
34,9,65.17250061035156,90081,4,1.303713368672078,2,0,0,1,0,0,0
40,19,76.02896881103516,91852,3,1.123164586524263,1,383,0,0,0,1,0
39,16,176.17372131347656,94325,1,6.831251627762754,1,0,0,0,0,0,0
28,1,18.425146102905273,92268,3,0.5809657560887154,2,128,0,0,0,0,0
53,29,25.135040283203125,95533,2,0.382059280325671,1,0,1,0,0,0,0
50,23,37.23640823364258,90490,1,1.0454933740896106,2,0,0,0,0,1,0
44,21,50.66998291015625,91402,4,2.483314918364212,1,204,0,0,0,1,0
36,12,93.79727172851562,94337,3,0.035494907171683354,1,0,0,0,0,0,0
58,37,60.19578552246094,94366,3,2.13610120623254,1,0,0,1,0,0,0
41,19,142.44261169433594,94418,3,0.7952899647036941,1,242,0,0,0,1,0
32,6,63.58446502685547,94209,3,1.286276034839025,1,0,1,1,1,1,0
46,16,61.63892364501953,91816,2,1.5142095356256577,1,0,0,0,0,0,0
53,32,65.57737731933594,94145,4,0.8731463352676722,3,263,0,0,0,1,0
64,36,13.464966773986816,94368,2,0.8559411100056517,3,0,1,0,1,1,0
34,1,74.99756622314453,94248,2,1.6037102307026012,3,0,0,0,0,0,0
36,20,141.78121948242188,95443,1,0.8877366280952644,3,0,0,0,0,1,0
42,27,174.94650268554688,90249,3,4.63019547358245,1,0,1,0,0,1,0
55,19,41.00790023803711,92255,4,0.8292267585121116,3,0,0,0,0,1,0
54,32,19.21619987487793,90663,3,0.5150402098777624,3,0,1,0,0,1,0
63,39,154.9992218017578,90442,1,6.014661255635054,1,0,0,0,0,1,0
38,10,86.45304107666016,94501,1,0.3649039512143972,3,0,0,0,0,0,0
51,14,87.83197784423828,91657,3,2.181664737307317,3,153,1,0,0,0,0
64,33,56.41497802734375,90563,1,1.305913530562024,3,155,1,1,1,1,0
45,23,76.38711547851562,95046,1,2.497912538491379,3,131,0,0,0,0,0
61,36,58.41261291503906,91709,4,0.8075012090309869,2,0,0,0,0,1,0
30,15,23.72801971435547,94978,4,0.2757340985058834,1,0,0,0,0,0,0
30,7,67.49034881591797,91022,3,2.587968158118194,2,0,0,0,0,1,0
46,17,51.780487060546875,92121,1,0.1433559720247934,1,0,1,0,0,1,0
47,21,134.3213348388672,95504,4,4.781670070202976,1,0,1,0,0,1,1
39,16,118.7326889038086,95600,2,2.756115246826665,1,0,1,0,0,0,0
39,14,138.49368286132812,92167,2,0.2988182709710403,2,369,0,0,0,1,0
56,31,85.26062774658203,89951,1,0.8538946751924091,3,0,0,0,0,0,0
55,28,24.769596099853516,93906,2,0.15263776551848,2,0,0,1,0,1,0
49,11,136.2073211669922,92236,2,1.1147523617910562,3,215,0,0,0,1,0
35,19,72.22602844238281,95578,1,0.3296745803164088,2,0,0,0,0,1,0
47,24,53.28513717651367,91895,4,0.13142521651016226,2,0,0,0,0,0,0
45,20,192.30593872070312,92300,1,4.250550179154304,1,0,0,0,0,1,0
27,15,81.60999298095703,94121,1,1.0446235804026143,3,0,0,1,0,0,0
58,34,28.715171813964844,91753,4,1.817842067576685,1,135,1,0,0,1,0
37,17,31.858816146850586,94477,2,0.39185422172310364,2,151,0,0,0,0,0
47,28,45.31923294067383,94146,4,0.3869462140200229,1,150,1,0,0,1,0
45,25,43.180233001708984,94638,1,1.2138434106840263,3,0,1,1,1,1,0
58,35,49.022193908691406,93252,1,1.9747687149146604,3,0,1,0,0,1,0
41,10,67.4000244140625,90110,2,0.875878093247934,1,149,0,0,0,1,0
29,6,125.6546401977539,95726,1,1.9590954932744806,1,0,1,0,0,0,0
42,15,89.97105407714844,90055,1,0.9340748064609434,2,0,0,0,0,1,0
52,28,55.44501876831055,91088,1,1.289687139919713,1,0,0,1,0,1,0
58,32,14.458621978759766,90411,3,1.1841533293133248,2,0,0,0,0,1,0
46,18,100.49240112304688,91046,2,2.402505749338189,1,240,0,0,0,0,0
31,4,75.80223846435547,93088,2,0.284175021758195,1,0,0,1,0,1,0
50,30,64.10435485839844,95462,1,1.1008654763028767,2,0,1,1,1,1,0
54,35,38.93653106689453,95093,4,1.306833905267232,2,0,0,0,0,0,0
44,19,71.48766326904297,90471,2,1.0029048068502995,1,128,0,0,0,0,0
45,16,156.8428955078125,92233,2,3.2990634167685027,1,417,1,0,0,0,0
38,14,142.6193389892578,93172,2,3.0174912122565156,1,0,1,0,0,1,0
58,35,105.75869750976562,92053,2,0.4641270736467824,3,0,1,0,0,0,0
36,11,18.836843490600586,92292,4,0.5734396910328525,2,0,0,0,0,0,0
53,24,90.0901870727539,92651,2,1.3117100153359618,3,0,1,0,0,0,0
52,19,91.27725982666016,95541,4,1.0627705593429957,2,223,0,0,0,1,0
54,31,88.56452941894531,90348,1,0.24093118756773038,1,0,1,0,0,1,0
58,29,29.004297256469727,95542,2,1.1315864134804918,2,0,0,0,0,0,0
38,10,41.80971145629883,94142,4,0.3484078131767157,1,104,1,0,0,1,0
56,35,19.511112213134766,95453,3,0.322206646950067,2,0,0,1,0,1,0
29,1,45.820518493652344,90061,1,0.5100234353253974,3,0,0,0,0,0,0
64,37,29.921072006225586,90672,3,1.6010010176986307,3,0,0,0,0,1,0
42,17,22.782573699951172,94966,3,1.4266314631510775,2,0,1,0,0,1,0
64,38,48.95384979248047,94529,3,2.1331682564752636,2,100,0,0,0,1,0
42,21,37.970359802246094,92921,2,0.729065518075825,2,0,0,1,0,1,0
48,25,176.09571838378906,90498,1,5.733079049840117,1,0,0,0,0,0,0
63,40,171.56283569335938,93024,1,6.913457642140001,1,0,0,1,0,0,0
42,8,29.140710830688477,95042,4,0.6117433825612204,2,100,1,0,0,0,0
25,1,157.64236450195312,94865,4,7.955667923017746,2,0,0,0,0,1,1
34,10,116.37258911132812,92945,1,1.8083447695264425,1,0,1,0,0,1,0
35,1,49.60242462158203,93060,1,1.62655587819262,1,0,0,0,0,1,0
57,34,36.82386016845703,92766,3,1.3299901701656318,2,0,0,0,0,1,0
62,39,56.5453987121582,91252,3,1.1196756702468442,2,0,0,0,0,1,0
48,22,165.48179626464844,90528,2,7.620662977805856,1,390,1,1,0,1,0
50,28,60.761287689208984,93692,4,1.6902885403232348,3,0,0,0,0,0,0
59,27,75.69678497314453,91973,3,0.46236144052915573,2,0,0,0,0,1,0
43,29,39.68482971191406,91219,4,0.32891565283416946,1,0,1,0,0,0,0
36,9,74.7107162475586,92373,4,1.8046775957495336,3,0,0,0,0,0,0
43,21,142.54176330566406,91408,2,0.09902922778454401,1,380,0,0,0,1,0
61,23,21.325626373291016,90880,3,0.2983356649978414,1,0,1,0,0,1,0
64,40,33.21297836303711,92650,3,1.9550300544259436,2,0,0,0,0,0,0
56,23,89.10516357421875,91498,3,0.32156736038275524,2,0,0,0,0,1,0
29,4,72.86247253417969,91959,3,1.1804389346747781,1,0,1,0,0,1,0
36,10,46.78315353393555,95030,4,2.033678266204548,1,0,1,0,0,1,0
54,27,19.04216766357422,94047,4,0.33492864296466734,3,0,1,0,1,1,0
58,31,15.573614120483398,92347,3,1.0560833175181803,1,0,0,1,0,0,0
30,0,87.26517486572266,95798,3,0.8621357555600967,2,0,0,0,0,1,0
38,12,54.64871597290039,95490,1,1.6341301233978747,2,99,0,0,0,0,0
38,3,30.753137588500977,96431,4,0.3912619573684259,3,0,0,0,0,1,0
52,17,105.36106872558594,93278,4,4.208519786377362,3,0,1,0,0,0,1
40,6,79.82333374023438,94508,4,2.07689380403928,1,0,0,0,0,0,0
33,8,25.64927864074707,93030,4,1.774641700406469,3,91,0,0,0,1,0
38,23,51.74070358276367,95612,1,1.3720185251873218,3,0,0,0,0,1,0
56,28,60.752803802490234,94419,2,1.276981038275252,2,162,0,0,0,0,0
32,8,29.279312133789062,91455,3,0.6247975622090272,2,0,0,0,0,1,0
43,27,75.83369445800781,92080,3,1.9853419961136685,1,285,0,1,1,1,0
42,16,10.711925506591797,92229,4,0.4833829275005409,1,0,1,0,0,1,0
35,16,157.76104736328125,94831,1,0.6165537468675625,1,0,1,0,0,0,0
29,7,48.71895217895508,95996,1,0.6568828725469212,1,0,0,1,0,1,0
63,38,67.37535095214844,94576,4,1.5013748333035362,2,0,0,0,0,0,0
64,36,53.16064453125,90231,1,1.4264059835794003,1,0,0,0,0,1,0
40,7,54.1953125,95853,3,1.8430252271218563,2,105,0,0,0,1,0
54,9,74.3186264038086,96521,3,1.0469838280929151,2,0,0,0,0,1,0
45,18,25.957773208618164,91320,1,0.2640366137958877,1,0,0,0,0,0,0
27,0,29.158849716186523,91030,4,1.3480625806355655,1,131,0,0,0,0,0
43,10,34.8891487121582,92085,2,0.3096799899253328,1,0,1,0,0,1,0
34,10,161.54281616210938,93237,2,1.79741773342846,3,0,0,0,0,1,0
62,38,65.80377197265625,91375,1,0.03790017702822046,2,108,0,0,0,1,0
55,24,91.84191131591797,95566,3,0.9200187391125468,3,0,0,0,0,0,0
62,36,22.009414672851562,90609,4,0.03232194100540958,2,171,0,0,0,1,0
38,26,123.7472152709961,92852,1,2.612278478099688,1,0,1,0,0,0,0
56,35,56.60055160522461,91870,4,2.9233170264978208,1,0,0,0,0,1,0
45,19,26.554595947265625,94870,4,1.0121702800628185,2,0,0,0,0,0,0
30,7,46.5504035949707,90131,3,1.8060555163541725,2,0,0,0,0,1,0
54,30,124.122314453125,91174,2,2.4350809653183627,1,0,1,0,0,1,0
43,16,41.201297760009766,94777,4,1.6207743491641906,2,153,1,0,0,1,0
43,21,57.585716247558594,94363,4,0.6618924367743244,1,0,0,0,0,1,0
33,25,13.935816764831543,90310,1,0.808346137607956,2,153,0,0,0,1,0
41,16,73.47388458251953,94437,4,2.2831877628576267,2,0,0,0,0,0,0
54,34,43.45676040649414,94281,3,0.3950553021034833,2,0,1,0,0,0,0
27,19,64.69327545166016,94880,1,2.0506207092167723,1,0,0,0,0,0,0
47,11,28.229677200317383,94262,3,0.5833643348475991,2,139,0,1,0,1,0
52,16,24.57406997680664,91482,2,1.3266535964215826,2,0,0,0,0,1,0
34,9,43.55015182495117,95810,2,1.739752219159204,1,413,1,0,1,1,0
23,3,24.363845825195312,91109,4,1.5553643252399811,2,0,0,0,0,0,0
31,5,121.25851440429688,92685,4,0.014285705558790773,1,0,0,0,0,0,0
51,30,37.064727783203125,91115,2,0.747981775025151,3,0,1,0,0,1,0
38,14,28.468990325927734,94311,3,1.074914871113843,2,0,0,0,0,0,0
41,14,78.13467407226562,95420,1,2.4799450731614097,3,305,1,0,0,0,0
43,30,64.64480590820312,92164,2,1.3622515678643095,3,0,0,0,0,0,0
48,17,81.94927215576172,90566,3,3.046920846327069,1,0,1,0,0,0,0
34,8,52.82158660888672,94542,4,1.532897660712341,2,334,0,0,0,1,0
31,7,34.27554702758789,95232,4,0.761284768606862,2,177,1,0,0,1,0
49,27,98.71602630615234,95388,4,2.6715604067975085,1,0,1,0,0,1,0
34,13,16.331239700317383,90064,2,0.10658169428214537,3,110,0,0,0,1,0
39,17,199.9777374267578,94349,2,3.580281775569878,1,0,0,0,0,1,0
45,33,53.745269775390625,90053,1,0.9047117134422284,1,0,0,0,0,0,0
42,30,54.144168853759766,94980,4,2.3896082395796183,1,99,0,0,0,0,0
31,8,162.6012420654297,94836,1,2.5679592338836192,3,0,0,0,0,0,1
40,11,49.37503433227539,90382,2,1.0662305172839346,2,0,0,0,0,0,0
48,21,63.62171173095703,93198,2,2.8323694165988944,1,0,1,0,0,0,0
55,26,72.62713623046875,91971,3,2.5655151672696834,1,0,0,0,0,0,0
45,15,80.09721374511719,91886,4,3.399028993329841,2,0,1,0,0,0,0
60,36,78.63925170898438,93141,2,1.1032297704746346,1,0,1,0,0,1,0
43,9,55.010719299316406,92019,1,2.284902739619012,2,0,0,0,0,0,0
28,5,23.323463439941406,92493,3,0.2629693156506586,2,0,0,0,0,1,0
31,8,57.159420013427734,92270,2,0.8660689115357859,1,0,0,0,0,1,0
39,7,60.6593017578125,94867,3,2.5279454852913634,3,0,1,0,0,0,0
35,13,83.70271301269531,94404,1,1.6491425696031052,2,156,0,1,0,1,0
27,6,30.556922912597656,95951,2,1.5265202310882466,1,0,0,0,0,1,0
26,1,126.40385437011719,92040,2,4.042471275803017,2,0,1,0,0,0,0
36,19,173.45999145507812,94737,1,2.2040047161724745,2,555,1,0,0,0,1
53,31,70.17082977294922,90126,3,0.833747393888011,2,0,0,0,0,1,0
61,33,60.31703186035156,92010,4,2.3755270943498887,3,299,0,0,0,0,0
67,38,119.71097564697266,93010,2,1.7580742157311617,1,0,0,0,0,0,0
26,10,28.969961166381836,93702,2,2.7569737003402244,2,0,0,0,0,1,0
44,15,47.90748977661133,94402,4,4.7619452692101145,2,0,1,1,1,1,0
43,27,9.13436222076416,92938,2,0.6376856392583552,1,0,1,0,0,0,0
40,10,125.2231216430664,91205,1,2.9808310654271475,1,0,0,0,0,0,0
61,40,121.57749938964844,95459,2,6.662144507216635,1,373,0,0,0,1,0
50,22,118.72019958496094,94851,2,3.849805062092688,3,0,0,0,0,1,0
45,23,47.10123062133789,94347,2,0.4783029097834103,2,0,1,0,0,0,0
33,7,117.23157501220703,94201,2,2.3461779186204748,2,0,1,0,0,1,1
38,2,121.92499542236328,91554,4,0.5024271718162203,2,0,0,0,0,0,0
37,13,35.09334182739258,95128,1,0.1425341408608194,3,152,0,0,0,0,0
56,26,16.91695785522461,92194,2,0.2866817177973247,2,104,1,0,0,1,0
60,38,51.45008087158203,96027,2,1.2121808724063392,1,0,1,1,0,1,0
63,42,63.4169921875,94527,2,1.8571345015678746,1,0,0,0,0,1,0
41,20,142.97695922851562,95710,3,4.770175051666097,2,0,0,0,0,0,0
55,23,54.095703125,92925,3,0.3003799344236584,2,0,1,0,0,1,0
57,30,45.34117126464844,95348,2,0.9742427287696462,3,0,0,0,0,1,0
40,16,90.70960235595703,94177,3,1.6716533551411372,2,0,0,0,0,1,1
50,31,85.39529418945312,90575,1,2.765344516453881,3,0,0,0,0,0,0
48,19,55.89128875732422,91848,4,1.9131074937883554,2,0,0,0,0,0,0
63,38,62.46827697753906,94290,4,1.665821735293253,2,0,0,0,0,0,0
34,12,39.03413391113281,96300,2,1.7858323697670269,1,0,0,0,0,1,0
56,23,131.7034912109375,94423,1,2.0111264591507356,1,0,0,0,0,0,0
26,3,115.27022552490234,95761,2,2.6942655821378123,1,0,0,0,0,0,0
39,5,201.2779541015625,94148,1,0.889337472335442,1,0,1,1,1,1,0
46,24,48.70832443237305,94110,3,1.4969542896055,2,0,0,0,0,1,0
49,22,51.160911560058594,90195,1,1.0757031057764996,2,154,1,0,0,0,0
40,8,9.506830215454102,90739,4,1.037793447734578,1,101,1,0,0,0,0
26,6,51.02846145629883,95108,1,3.5970595651519903,3,0,0,0,0,1,1
39,8,85.805908203125,95430,1,3.861478520923201,1,206,0,0,0,0,0
33,17,37.36343002319336,93093,3,0.10377583449742075,1,421,1,1,1,1,0
43,15,43.424034118652344,91029,3,2.3804793969823512,2,0,0,0,0,0,0
28,6,51.00985336303711,91592,2,1.785374027545112,1,0,0,0,0,0,0
56,35,87.13190460205078,91856,4,2.040535473117866,3,0,1,0,0,1,0
48,21,44.99710464477539,92194,4,1.4757871270323908,2,111,0,0,0,1,0
38,14,43.40324783325195,94599,1,2.1179424208682973,1,0,0,1,0,0,0
28,2,127.80703735351562,91795,2,0.5442598177399139,1,0,0,0,0,0,0
40,14,190.2574920654297,91568,1,5.471461656098668,1,0,1,0,0,1,0
48,12,86.39078521728516,95019,1,1.66690675121274,2,0,1,0,0,0,0
31,4,68.16261291503906,91029,2,1.5804472648340553,1,268,0,0,0,0,0
56,31,103.49480438232422,92657,3,1.7777400437993112,2,0,0,0,0,0,0
58,36,19.15088653564453,92658,4,0.540590045565373,3,60,1,1,1,1,0
27,0,104.33168029785156,91404,3,5.24871823259662,1,0,0,0,0,1,1
48,25,125.36602783203125,95856,2,2.0271049929916893,2,0,1,0,1,1,1
65,39,86.95589447021484,95507,2,1.1569536059077756,2,0,0,0,0,0,0
61,38,53.16426086425781,94977,3,0.21494420417989832,3,0,0,0,0,0,0
27,6,124.6124496459961,92373,4,2.7476519323790933,2,0,0,0,0,1,0
25,2,162.11190795898438,91772,2,5.6153907977206,1,0,0,0,0,1,0
59,35,11.467304229736328,94185,1,0.5428156837937075,1,0,0,0,0,1,0
30,4,89.68717193603516,94731,2,3.473366473939914,1,0,0,0,0,0,0
52,28,48.07814407348633,95480,4,2.8912708834865644,1,0,0,0,0,1,0
52,25,102.71761322021484,91859,3,1.8782136111141934,3,218,0,0,0,0,0
48,23,56.715206146240234,94203,2,1.8732781016991427,2,143,0,0,0,0,0
40,18,130.2672119140625,92326,1,2.3620383459354586,3,0,1,0,0,0,0
57,23,84.542724609375,94678,2,1.3327309869391295,1,0,1,1,0,1,0
60,37,59.42453384399414,92277,4,2.0934854417507185,3,0,0,0,0,0,0
59,31,110.2254867553711,92192,2,3.389587748152994,1,0,0,0,0,0,0
54,30,63.84929656982422,89971,2,1.3669075193678453,3,0,0,0,0,0,0
40,17,72.64366912841797,92417,3,1.6204290931251897,1,363,0,0,0,0,0
51,37,53.752193450927734,90100,4,1.8818536699724546,3,0,0,0,0,0,0
43,32,56.11555480957031,95096,2,1.6038890502134049,3,0,0,0,0,1,0
40,15,40.5572509765625,94754,4,1.2041485684015543,3,0,1,1,0,0,0
36,15,164.82305908203125,94678,1,5.195715051653964,3,0,0,0,0,1,1
54,34,41.34516525268555,92760,4,1.0826461186081828,2,0,0,0,0,0,0
30,8,123.99372863769531,94158,2,1.398968791082369,3,0,1,0,0,1,0
47,27,152.1830596923828,92533,3,5.311077621577525,1,400,0,0,0,1,0
29,0,64.58416748046875,94258,4,0.5744644683486628,1,0,1,0,0,1,0
37,20,183.8420867919922,95845,2,6.232246706932378,1,0,1,0,0,1,0
36,8,52.30570602416992,96052,2,0.5710055790655869,1,0,0,0,0,1,0
59,41,54.60874938964844,95087,3,1.222549268413392,2,0,1,1,1,1,0
42,10,46.765785217285156,91816,3,1.3962897206185103,3,0,0,0,0,1,0
30,11,155.7592010498047,95347,4,3.662092698679049,1,0,0,0,0,0,1
30,11,105.8510971069336,95671,1,2.1648174081674783,2,0,0,0,0,1,0
38,12,48.40918731689453,92477,2,0.8104552137878983,1,0,0,0,0,0,0
26,-2,142.9040069580078,94617,4,2.3993517499582158,3,0,0,0,0,1,1
38,14,59.11598587036133,91304,1,0.6873782609566192,3,0,0,0,0,0,0
67,40,185.12306213378906,94315,2,1.740186433939579,1,0,0,0,0,1,0
30,5,42.10074996948242,94707,4,0.5247068991326855,1,0,0,0,0,1,0
57,41,44.89976501464844,90166,4,1.7620247912814817,1,0,1,0,0,1,0
40,14,44.703773498535156,94332,3,0.7554944372982229,2,0,1,0,0,1,0
39,6,73.0018539428711,90926,3,1.0336172507528723,1,0,0,0,0,1,0
44,17,50.9992561340332,90191,4,1.0157369152033706,3,0,0,1,0,0,0
33,10,64.63780212402344,92707,1,2.2472235149882174,3,0,0,0,0,1,0
41,20,97.51245880126953,94188,3,0.541221752484129,3,0,1,1,1,1,0
62,36,59.0001335144043,92041,4,1.8509500916071042,2,0,0,0,0,1,0
31,13,101.24506378173828,94234,4,1.4408520722503435,2,0,0,0,0,0,0
34,2,160.61236572265625,92811,2,6.631475132065793,1,0,0,0,0,0,0
38,4,62.50792694091797,92648,3,1.2268976322399847,1,0,1,0,0,0,0
41,16,32.45859909057617,94538,4,0.930134350609117,1,0,1,0,0,0,0
30,10,104.13493347167969,94722,3,0.49124360185007054,2,83,0,0,0,1,0
28,1,41.75489044189453,92508,4,1.4001327290016916,1,0,0,0,0,0,0
26,3,72.43997955322266,92840,2,1.497549234781932,1,0,1,0,0,0,0
58,37,57.94184875488281,91496,1,0.49882042254512593,1,225,1,0,0,0,0
41,6,53.41352844238281,96333,3,0.4002597213092385,2,0,0,0,0,1,0
43,36,123.46146392822266,91397,1,6.765704401140449,1,0,0,0,0,1,0
43,18,23.500102996826172,94300,4,0.9690538956131711,3,0,0,0,0,0,0
44,7,56.79236602783203,94570,1,0.3158248959250891,2,0,0,0,0,0,0
40,16,38.9837760925293,94483,3,0.5617156524466745,2,0,0,0,0,1,0
55,29,51.992549896240234,94945,2,1.3245416328404294,3,461,0,0,0,1,0
64,32,21.501680374145508,91504,3,0.4048571987894647,2,0,0,0,0,0,0
66,38,136.5142059326172,94553,4,1.6825790171991657,2,0,0,0,0,1,1
28,13,35.66596221923828,91206,4,0.36381682187606945,3,132,0,0,0,1,0
43,21,109.70235443115234,93115,1,2.6381387264650735,3,235,1,1,1,1,1
25,2,88.73664093017578,93996,4,3.552187371969075,1,196,0,0,0,0,1
41,17,26.09685707092285,91913,2,0.6729433334417317,3,0,0,0,0,1,0
34,12,42.10662841796875,90793,3,0.652009912750825,1,0,0,0,0,0,0
56,25,33.61134338378906,92026,3,0.742581626825878,2,146,0,0,0,0,0
41,22,113.76797485351562,95021,2,4.323357505179352,1,0,1,0,0,1,0
45,22,89.85618591308594,94605,4,2.3729618612700896,1,0,0,0,0,1,0
33,8,30.67632293701172,91765,3,1.5863473720050554,2,0,1,0,0,0,0
41,19,61.1539192199707,95093,1,1.1686727515106563,3,0,0,0,0,0,0
27,6,15.114988327026367,94689,4,0.7396999385132487,2,0,1,0,0,1,0
53,16,52.26163101196289,94419,3,0.5254432245402586,1,137,0,0,0,0,0
32,6,16.24505043029785,91956,4,0.7961118673706801,1,0,0,0,0,0,0
27,1,128.70269775390625,92006,4,0.9308835309576752,2,0,0,0,0,1,0
41,14,32.97722625732422,92093,2,0.2675049029466799,1,0,0,1,0,1,0
55,26,41.33283615112305,93076,1,0.23113437709931128,3,0,0,1,0,0,0
41,19,57.492332458496094,92247,2,2.2079245400388547,1,227,0,1,0,0,0
30,2,39.297908782958984,95915,2,1.2460204095170146,2,0,1,0,0,0,0
63,37,181.7894287109375,92043,3,2.9232674684711313,2,179,0,0,0,0,1
33,11,109.55254364013672,92155,3,2.433932233013774,2,0,0,0,0,1,0
57,26,174.22357177734375,90554,1,3.4996615046837043,2,0,1,0,0,0,1
44,24,69.96858215332031,91644,1,1.8330709754222843,1,143,0,0,0,1,0
34,13,35.67405700683594,91996,3,2.337650302945468,2,0,0,0,0,1,0
50,33,41.360008239746094,92450,3,0.5991858145085484,2,100,0,0,0,1,0
43,12,100.7618179321289,95674,3,0.22456264536174209,1,0,1,0,0,1,0
45,23,28.23911476135254,91310,1,0.24908480134783748,3,0,0,0,0,1,0
35,9,72.34494018554688,90726,2,1.9160688188229753,1,0,0,0,0,1,0
54,18,137.8534698486328,91998,2,0.3135587811180156,1,0,0,0,0,1,0
61,31,16.617422103881836,92978,2,0.7015313142445974,1,95,0,0,0,0,0
40,18,77.35518646240234,91666,1,3.10602447885066,2,0,0,0,0,1,0
43,20,181.08908081054688,92788,2,3.1617769657812382,1,408,0,0,0,1,0
31,3,154.55166625976562,96097,2,3.9906008902652377,2,99,1,0,0,0,1
63,35,14.73719596862793,92141,4,2.6677580664095695,2,83,1,0,0,0,0
37,8,32.1182861328125,95509,1,0.8787464338143144,1,0,0,1,0,1,0
56,27,38.000022888183594,95057,4,2.674350721730188,1,378,1,1,0,1,0
30,6,108.4408187866211,94255,4,1.5935073961385773,1,0,1,1,0,1,0
57,30,39.385231018066406,92616,4,0.9401334878288625,2,0,0,0,0,1,0
53,24,51.17316818237305,93069,2,0.20756174499275182,1,0,0,0,0,0,0
33,7,87.39158630371094,94061,4,1.877016426108336,1,0,0,0,0,0,0
63,24,136.61021423339844,95420,2,5.448725986562543,1,0,1,0,0,0,0
62,29,62.66119384765625,91337,4,0.9269816003726621,2,0,0,0,0,0,0
38,13,38.17064666748047,94170,4,0.953935936165347,2,0,0,0,0,1,0
31,6,86.78788757324219,89939,1,1.1012162384011353,1,239,0,0,0,1,0
61,31,17.359603881835938,93367,4,0.2458898133573805,1,135,0,0,0,0,0
32,4,63.02140808105469,94911,2,0.00859323170282017,1,0,0,0,0,0,0
50,33,21.880599975585938,96141,1,1.1126087388883605,1,0,0,0,0,1,0
55,37,46.811378479003906,94039,4,1.6735487289289368,3,186,1,0,0,0,0
37,25,83.07344818115234,94267,2,8.086289712805238,1,0,1,0,0,1,0
57,27,57.760475158691406,94151,4,1.8723898081696464,1,0,0,0,0,1,0
56,33,29.126920700073242,91619,3,0.7360755644169839,2,0,1,0,0,1,0
32,6,33.8492546081543,91221,4,0.4877750472766772,2,0,0,1,0,1,0
65,35,46.11030578613281,94098,2,2.4153212081965862,1,0,1,0,0,0,0
56,36,22.687347412109375,95793,4,0.27755336619045856,2,148,0,0,0,1,0
65,41,93.72260284423828,95663,3,1.8800810113549498,2,0,0,0,0,0,0
41,9,35.69621276855469,90615,4,2.2083549293447735,2,0,0,0,0,1,0
41,16,44.78112030029297,90372,3,0.1785451487589047,2,0,0,0,0,1,0
64,34,47.88491439819336,96118,2,0.5212652550539469,3,0,1,0,0,0,0
24,2,82.251953125,95401,3,1.9573398698443438,3,0,0,0,0,0,0
40,17,71.74539184570312,92543,2,0.7371547202718799,3,0,0,0,0,1,0
57,37,72.18804931640625,90020,4,1.7874083004050874,2,0,0,0,0,0,0
49,29,138.45045471191406,94930,1,2.1531083679697947,1,0,1,0,0,0,0
32,8,58.10831069946289,94951,4,1.8502526052891661,3,0,0,0,0,0,0
57,31,108.77694702148438,95389,1,2.176539603120143,1,0,0,0,0,0,0
56,29,172.02626037597656,90166,1,6.280744978043226,1,0,0,0,0,0,0
34,16,37.56492614746094,95798,4,0.9980674117862476,1,0,0,0,0,1,0
31,10,75.050048828125,90277,3,1.6258960456877634,1,0,0,0,0,0,0
53,15,165.18174743652344,91411,3,2.3980153136675417,3,0,1,0,0,1,1
57,36,122.57526397705078,92073,3,6.204101949734395,3,0,0,0,0,0,1
50,27,78.60945129394531,90124,3,1.3465366324955306,1,147,0,0,0,0,0
64,41,35.835426330566406,92113,3,0.6163833097182647,3,0,0,0,0,0,0
39,16,158.4582977294922,94738,3,3.5264634531674046,1,371,0,1,1,1,1
58,37,37.44025802612305,94474,1,0.95187682662594,1,106,0,0,0,0,0
49,20,138.61126708984375,94803,2,0.0529831075602904,1,238,1,0,0,0,0
30,7,32.43536376953125,96281,1,0.6289618075898005,2,0,1,0,0,1,0
43,29,15.387582778930664,92408,4,0.2712662585206775,1,0,1,0,0,1,0
56,38,82.2015151977539,90214,2,2.938863319054371,1,208,0,0,0,1,0
39,14,69.24925231933594,95808,2,1.1062172727473216,1,324,0,0,0,1,0
65,34,52.992431640625,92548,4,0.425522206475215,3,0,0,0,0,0,0
32,4,175.5615692138672,92906,1,0.5499631818922417,1,0,0,0,0,1,0
43,17,87.69991302490234,93932,2,1.8778230622128393,1,277,0,0,0,1,0
28,17,118.34982299804688,93841,3,0.3329102547911434,1,0,0,0,0,0,0
54,27,19.63201141357422,95753,1,0.5046015891806914,3,109,0,0,0,1,0
49,25,39.14016342163086,92327,2,1.262623241771709,1,113,0,0,0,0,0
57,25,100.1419677734375,95506,2,3.532500764426568,3,0,0,0,0,1,1
45,15,24.39229965209961,92796,4,0.7874388606161072,3,0,0,0,0,1,0
41,26,136.8397216796875,93029,1,3.911259751685627,1,0,1,0,0,0,0
60,36,57.768402099609375,92076,2,2.95752313686406,3,0,1,0,0,0,0
27,3,91.63040161132812,90010,4,1.854367725936445,3,0,1,0,1,0,0
51,34,52.85768127441406,94159,2,0.35309871829724077,2,220,0,0,0,0,0
43,29,85.06756591796875,94170,3,2.3130776703609843,1,0,1,0,0,1,0
30,7,60.62169647216797,96086,4,7.036012589584115,1,0,0,0,0,1,0
49,30,80.63851165771484,91531,2,0.32426652436005493,1,0,0,0,0,1,0
26,-1,74.05963134765625,92026,1,1.5399622553248369,3,0,0,0,0,0,0
57,38,19.270498275756836,95329,3,0.6182916637576138,1,0,0,0,0,0,0
61,35,87.0982894897461,93934,3,1.7821014888854518,1,0,1,0,0,1,0
55,27,62.61920928955078,92869,4,1.8234322067745996,3,0,0,0,0,1,0
39,11,184.09535217285156,94727,2,3.2349817207936593,1,0,0,0,0,0,1
34,13,34.13914489746094,91245,1,0.22144794831449266,1,0,1,0,0,1,0
35,22,27.368682861328125,90515,1,0.7588562174207174,3,0,1,0,0,0,0
39,16,30.605504989624023,94743,4,2.1587361960554174,2,0,0,0,0,0,0
42,20,32.15171813964844,92496,2,1.4110850476424206,2,102,1,0,0,1,0
28,9,46.65947341918945,90609,2,1.706189165888696,1,0,0,0,0,1,0
43,18,47.084495544433594,91283,1,3.3323408641326133,3,76,0,0,0,1,0
58,38,16.20681381225586,91030,2,0.2361915687056147,3,0,0,0,0,0,0
41,22,91.663330078125,92195,4,2.4083413348669067,3,296,0,0,0,0,0
28,3,35.52632141113281,91054,2,1.1613033707040679,1,0,1,0,0,1,0
43,28,120.23113250732422,96649,1,4.087584858381757,2,303,0,0,0,0,0
33,12,61.78179931640625,92029,3,1.0909228420489145,3,0,0,0,0,0,0
61,38,48.692893981933594,94149,2,2.0680482054599367,1,146,0,0,0,0,0
33,7,98.48471069335938,94131,1,0.3079156870429533,1,90,0,0,0,0,0
36,6,130.4906005859375,94433,1,2.54860367234712,1,0,0,0,0,0,0
28,20,202.14454650878906,93673,1,2.4014654905294783,1,0,0,0,0,1,0
54,23,12.589088439941406,92023,1,0.2153277023791228,3,98,0,0,0,0,0
39,17,79.55343627929688,89871,1,2.193235054152833,3,0,0,0,0,1,0
42,28,37.898948669433594,89996,3,0.4332118493754759,1,153,1,1,1,1,0
48,15,85.59249114990234,95016,4,2.285415272949112,1,0,1,0,0,1,0
34,18,30.493457794189453,91191,3,0.16660728022030735,3,0,0,0,0,1,0
47,36,186.28094482421875,92734,2,4.760713050675811,1,0,0,0,0,0,0
62,32,71.48277282714844,94592,2,0.17399987446480103,3,0,0,0,0,1,0
41,23,90.54454040527344,94783,3,3.0581579217445762,1,221,0,0,0,1,0
51,15,74.67015075683594,91314,4,2.544741824295045,1,0,0,0,0,0,0
63,39,70.17448425292969,90038,2,2.4043954659242215,2,0,1,0,1,1,0
31,7,20.626251220703125,94577,4,0.7487357655326503,2,0,0,0,0,0,0
47,27,22.4332275390625,90829,4,0.5764252030553172,3,105,0,0,0,0,0
44,27,47.10015106201172,91679,2,0.26785247525706607,3,105,0,0,0,0,0
41,9,94.95001983642578,93022,1,2.108084367755943,3,0,1,0,0,1,0
39,13,135.30450439453125,91961,4,5.707964509953748,1,503,1,0,0,0,1
57,23,20.350465774536133,95602,4,0.7932713145279957,3,0,1,0,0,1,0
42,12,38.11095428466797,94469,2,0.5034843105512096,3,108,0,1,0,1,0
41,21,69.9184799194336,91251,3,4.483420252953402,3,0,0,0,0,0,0
47,23,56.860774993896484,92692,4,0.25816805000820336,1,0,1,0,0,1,0
39,17,30.407957077026367,96222,4,0.7585733373981722,1,0,0,0,0,0,0
39,9,43.273826599121094,90967,3,1.6697853188697955,1,0,0,1,0,1,0
44,10,10.998147964477539,92962,1,0.8287617155417151,2,89,0,0,0,1,0
58,37,37.580718994140625,91265,2,0.25746333535323396,1,113,1,0,0,0,0
40,14,161.60092163085938,93382,3,1.4036861391996152,3,0,0,1,0,1,1
29,4,62.35022735595703,95592,4,2.522375598389614,2,0,1,0,0,0,0
58,32,69.13641357421875,94847,3,2.266283658490405,2,0,0,0,0,0,0
29,6,49.10746765136719,95324,3,0.21936674760343877,2,0,1,0,0,0,0
57,32,81.20831298828125,95490,4,0.7976726447987754,3,0,0,0,0,0,0
54,24,34.10145568847656,94642,3,1.7709499797135932,3,0,1,0,0,0,0
32,1,83.23631286621094,95632,4,2.4638393510491636,2,0,0,0,0,1,0
53,15,113.9494400024414,90814,3,2.320233996972012,3,0,0,0,0,0,0
41,17,105.3704605102539,90384,2,0.9875157874271289,1,182,0,0,0,0,0
56,34,61.8936882019043,94237,1,1.6172734870240757,1,0,0,0,0,1,0
37,11,52.18606948852539,94356,3,0.5935086639049765,2,0,1,0,0,1,0
48,14,51.580570220947266,92742,1,0.4930991790557125,3,0,0,0,0,1,0
34,6,22.797992706298828,92138,3,1.0255675827009347,3,82,0,0,0,1,0
61,35,42.49513626098633,89860,4,0.042694803059309394,1,0,1,1,0,1,0
47,31,63.33638381958008,91411,3,1.5287222413709567,2,0,0,0,0,0,0
41,21,147.13046264648438,94595,3,4.138351511363522,1,0,0,0,0,1,1
51,17,93.12704467773438,93951,2,3.832653586008962,1,0,0,1,0,1,0
48,33,33.311981201171875,93212,2,0.5709637906578772,1,0,1,0,0,0,0
63,38,40.30091094970703,94470,4,0.881369365484099,1,0,0,0,0,0,0
58,33,177.92218017578125,91025,2,3.6300858636035986,1,0,0,0,0,1,0
58,34,94.69615173339844,94316,2,2.886143047042085,1,329,0,0,0,0,0
47,22,68.78370666503906,94429,2,1.9341899252462451,3,0,0,0,0,1,0
54,17,13.486299514770508,95242,3,0.6020022308752349,3,101,0,0,0,1,0
57,33,75.92485046386719,89800,1,2.317954448129542,1,0,0,0,0,1,0
56,27,40.742149353027344,92861,3,0.8061035263418157,3,0,0,0,0,1,0
37,14,47.01240921020508,94311,4,0.3785898962458882,1,0,1,1,0,0,0
60,37,90.08009338378906,94424,4,2.9312500326064064,1,0,1,0,0,1,0
45,24,30.565465927124023,94098,4,0.7195617097082606,2,134,1,0,0,1,0
46,22,75.05956268310547,95300,1,0.2937993493258336,1,0,0,0,0,0,0
43,22,41.30758285522461,92957,2,0.9952194176274147,2,94,0,0,0,1,0
63,37,42.98276901245117,93033,4,2.849254557649221,2,0,0,0,0,0,0
37,11,78.12434387207031,92908,4,0.9107063602014747,3,0,0,0,0,1,0
28,5,85.95565795898438,96630,4,3.665967188698702,1,325,1,0,0,1,0
59,38,111.54421997070312,93280,1,2.1494995656815408,1,203,0,0,0,1,0
30,4,18.068815231323242,92143,4,0.5228284788920062,2,0,0,0,0,1,0
54,30,22.992977142333984,94196,2,0.8394881085521487,3,0,0,0,0,0,0
49,34,34.05926513671875,94459,3,0.9258297233978963,1,0,0,0,0,1,0
62,37,80.0428695678711,93068,1,1.9286354792159959,2,0,0,0,0,0,0
32,9,138.0416259765625,90887,2,0.5642792578895087,1,496,0,0,0,1,0
50,30,21.95525360107422,92702,4,2.034565719535927,2,129,0,0,0,0,0
28,7,60.333831787109375,92474,4,0.21827878311829418,3,0,0,0,0,0,0
58,25,33.050636291503906,94930,2,0.24173680926241795,1,86,1,0,0,1,0
33,8,56.357086181640625,92809,4,2.538952526317485,3,177,0,0,0,0,0
32,6,44.115455627441406,92030,1,0.2108095326104646,2,171,0,0,1,1,0
29,13,169.1042022705078,92980,3,3.9492561804376214,3,307,0,0,0,0,1
30,3,79.15193939208984,91281,1,0.29904251858313174,1,153,0,0,0,1,0
52,26,71.77578735351562,95362,3,0.7358750129580371,2,0,1,0,0,0,0
55,38,98.69416809082031,90394,1,1.7192676654987415,1,0,0,0,0,1,0
60,30,55.205345153808594,92764,2,0.37732075555388883,3,103,0,0,0,0,0
42,17,37.48495864868164,95101,1,0.9429512672572735,3,0,1,0,0,1,0
26,9,37.72657012939453,92839,4,0.2501888003625578,3,0,0,0,0,1,0
46,20,27.695161819458008,91115,3,0.19615263611927886,2,0,1,0,0,0,0
46,16,41.88542175292969,91113,1,1.427622725583908,3,0,0,0,0,1,0
28,3,83.82611846923828,90057,1,3.699139618993524,1,142,0,0,0,1,0
27,4,13.455426216125488,95629,2,1.0530972988624212,3,0,0,0,0,1,0
38,11,43.67759704589844,95825,4,1.7317393022677958,1,0,1,0,0,0,0
35,8,57.94388961791992,90155,4,1.7821809491282565,1,0,0,1,0,0,0
43,14,105.21258544921875,94496,3,2.567448730055916,2,0,0,0,0,0,0
30,7,176.31680297851562,94481,1,3.8216597909672854,3,0,0,0,0,0,1
44,15,16.099472045898438,93237,4,0.9352748882869586,1,113,0,0,0,0,0
60,37,84.56954193115234,91225,4,1.3022147717492984,3,0,1,0,0,1,0
32,14,80.34770202636719,96388,1,2.0588827261185836,2,0,0,0,0,0,0
57,28,32.612327575683594,94378,2,1.3035808838717844,3,0,0,0,0,1,0
61,37,30.73246192932129,94721,3,0.615821464782534,3,95,0,1,0,1,0
48,16,133.74581909179688,95366,4,3.0184379222778173,3,0,0,0,0,1,1
51,29,20.83877944946289,94537,1,0.3322399193199277,3,0,1,0,0,1,0
62,28,30.527446746826172,91983,2,1.1701510802881674,3,294,1,0,0,0,0
37,14,140.21852111816406,93725,3,7.704479441333225,3,95,0,0,0,0,1
40,18,82.65425109863281,92861,4,2.9630087130850336,1,122,0,0,0,0,0
61,33,55.8816032409668,92335,4,1.5041252542259238,3,0,0,1,0,1,0
40,15,19.54543685913086,90788,3,1.027274816022184,2,0,1,0,0,1,0
40,15,128.94772338867188,94421,1,5.630210290029055,1,0,1,0,1,1,0
54,13,13.533903121948242,93712,1,2.2390722601674455,3,0,0,0,0,0,0
63,39,128.22494506835938,90238,4,1.5185705685701685,1,286,1,0,0,0,0
47,4,35.822139739990234,93713,3,0.2971937934845283,2,0,0,0,0,0,0
32,11,63.988609313964844,95374,4,0.5828166581698759,1,0,1,0,1,1,0
59,36,52.89124298095703,93129,4,1.9306842477472352,3,0,0,0,0,1,0
56,29,80.5268783569336,90220,1,0.1428358623200561,1,0,1,0,0,1,0
32,4,62.87791442871094,92335,4,0.879604225574531,1,0,0,0,0,1,0
46,28,23.73386001586914,94865,4,0.5480941202440208,1,0,0,1,0,1,0
24,-1,68.87397003173828,94280,1,0.5306669297588025,2,0,0,0,0,0,0
62,33,111.00250244140625,91578,2,2.935540961856627,1,222,0,0,0,1,1
48,19,19.702491760253906,90125,3,0.17187894609419208,2,0,0,0,0,1,0
28,4,82.79827880859375,94181,1,1.566638771753666,1,0,1,0,0,0,0
25,3,65.15365600585938,91520,2,1.172172272797626,3,104,0,0,0,1,0
64,37,22.317190170288086,95031,3,0.17218608590555665,1,84,1,0,0,1,0
38,20,151.27679443359375,94469,2,5.180464433042057,3,368,0,1,0,1,1
52,17,61.90669250488281,90033,2,0.11759971796092628,3,0,0,0,0,1,0
63,37,90.14944458007812,91559,2,1.1361637833132652,3,0,0,0,0,1,0
58,32,100.76044464111328,90153,2,1.6124791780049548,2,469,0,0,0,1,1
61,36,90.1230697631836,92132,2,6.0777433007153805,3,0,1,0,1,1,1
30,9,78.1864242553711,90642,1,2.073112696574402,1,108,0,0,0,1,0
45,8,55.600135803222656,92051,4,2.215501244830045,2,0,0,0,0,0,0
66,40,113.98148345947266,90670,1,4.014860600365125,1,0,0,1,1,0,1
37,4,39.097930908203125,92112,4,0.6370474196593974,1,0,0,0,0,1,0
61,35,39.00767135620117,94223,3,0.028511693269633043,1,0,0,0,0,1,0
33,16,135.32815551757812,91987,2,1.3654733913872898,1,153,1,0,0,0,0
50,29,45.395687103271484,92584,4,0.5816274515091719,1,331,0,0,0,0,0
50,22,58.16331100463867,95560,4,1.5757545203231982,1,208,0,0,0,1,0
63,31,59.80739212036133,94470,2,0.2663126180057316,1,177,1,0,0,0,0
45,14,54.050331115722656,90348,2,0.014981573060676379,2,0,0,0,0,0,0
51,22,65.20988464355469,94009,4,0.5474370842449894,2,0,0,0,0,0,0
52,27,89.4086685180664,92783,4,1.934648925335211,1,0,1,0,0,1,0
29,5,22.947086334228516,92100,1,1.4572364505174393,1,0,0,0,0,0,0
26,3,63.077552795410156,95686,3,0.6000788562626854,3,0,0,0,0,0,0
28,7,146.18399047851562,92116,1,1.3857269802539147,1,391,0,0,0,0,0
61,25,24.189472198486328,91813,1,0.6594578770069601,2,0,0,0,0,1,0
63,40,95.17533874511719,95698,3,8.064722186548225,3,0,0,0,0,1,1
66,40,168.00820922851562,91677,3,0.4903722240238502,1,398,0,0,0,0,1
52,28,120.82937622070312,94277,1,1.0000282574403911,2,298,0,0,0,0,0
40,23,40.50326156616211,94714,4,1.6287917215564007,3,0,0,0,0,0,0
41,19,77.06605529785156,90455,4,1.48279804890262,3,0,0,0,0,0,0
39,26,68.17019653320312,93832,4,3.7850823157716253,3,0,1,0,0,1,0
49,27,51.09828186035156,95088,3,0.7569079441276649,2,0,0,0,0,0,0
61,31,18.470355987548828,94152,2,0.6235514248866791,3,0,1,0,0,1,0
60,21,74.8253402709961,94900,2,2.1035858531715768,2,0,1,0,0,0,0
43,18,59.79482650756836,92111,3,2.2947902813348593,2,114,0,0,0,1,0
31,9,30.26112174987793,93058,2,0.5407336030114722,3,148,1,1,0,1,0
59,30,61.34831237792969,94076,1,0.4332299536969188,3,0,0,0,0,1,0
36,13,35.79290771484375,92047,3,0.8224325618461794,2,0,0,0,0,1,0
55,20,118.5691909790039,91418,2,0.06817324935265809,1,0,0,0,0,1,0
60,29,24.91975212097168,90519,2,0.8590769690247135,2,0,1,0,0,1,0
39,20,82.21615600585938,95205,1,1.141187646576429,1,0,1,1,0,0,0
54,26,99.9984359741211,94111,1,0.48917641395429,2,0,1,0,0,1,0
50,27,38.965675354003906,94787,1,0.5729414842154313,3,0,0,0,0,0,0
36,5,60.60251998901367,94644,1,0.04128162909495531,2,0,0,0,0,0,0
30,1,60.54636764526367,95681,4,1.0636663720955137,2,191,0,0,0,0,0
38,10,46.24957275390625,95168,2,0.8889332472602629,3,0,0,0,0,0,0
59,36,92.13593292236328,95066,3,1.995050845811861,1,0,0,0,0,0,0
61,34,79.90123748779297,94625,3,2.415118395176043,3,0,1,0,0,1,0
26,1,62.265872955322266,95787,1,0.3374494076494122,2,0,0,0,0,0,0
52,27,77.85478973388672,95063,3,1.2461686306340856,3,0,0,0,0,1,0
30,2,87.482421875,90202,1,0.4690190121699962,1,0,0,0,0,1,0
33,20,81.62123107910156,94529,4,1.3610875050535838,2,0,0,0,0,1,0
26,8,48.658145904541016,93318,4,1.3681001500180674,1,0,0,0,0,0,0
65,40,61.44829559326172,92223,3,2.5905272722556205,2,0,0,0,0,0,0
51,28,113.94378662109375,90109,4,8.211717444366988,1,0,0,0,0,0,0
62,35,90.95370483398438,94869,1,3.9340600074157224,1,0,0,1,0,1,0
32,13,70.42549133300781,95784,4,1.3606807448200464,1,0,1,1,1,1,0
59,34,69.84764862060547,95713,3,4.050770455857799,1,446,0,0,0,0,0
65,38,54.94652557373047,91943,4,3.82886128847539,3,104,0,0,0,0,0
53,33,172.14280700683594,93868,1,7.273377848399046,1,186,0,0,0,0,0
53,27,31.81528663635254,90183,4,0.9331026002086452,2,0,1,0,0,0,0
57,32,65.06756591796875,94969,4,1.403309493031609,3,0,0,0,0,1,0
52,23,76.02059936523438,94218,2,1.5905714322662536,1,0,0,0,0,1,0
59,41,57.446685791015625,94682,4,0.45327787275910925,1,523,1,0,0,1,0
36,13,57.58185958862305,91962,4,0.26282426401971587,1,218,0,0,0,1,0
55,27,43.4512939453125,93243,2,0.3956133793477705,1,0,1,0,0,0,0
30,6,67.47401428222656,93191,3,4.350398545566867,1,0,0,0,0,1,0
42,3,22.291915893554688,94979,4,1.6514104601008937,3,105,0,0,0,0,0
41,17,122.63127136230469,94441,1,2.3612582189947657,1,0,0,0,0,0,0
38,20,50.42618942260742,92709,1,1.8006308832435027,1,0,1,1,0,0,0
58,25,76.46135711669922,90097,4,1.8682691446450506,1,0,0,0,0,1,0
49,21,53.01816940307617,94202,1,2.849101114391903,2,0,0,1,0,0,0
60,31,77.93828582763672,90272,3,2.0660273626464063,3,0,0,0,0,1,0
36,2,50.29019546508789,94140,4,3.042243169034628,3,0,0,0,0,1,0
60,34,43.992393493652344,90223,3,1.6432359431008692,2,0,0,0,0,1,0
63,39,68.25418090820312,90223,4,1.7739478225051568,1,0,1,0,0,0,0
33,7,70.10224914550781,92852,3,1.6168386089142879,1,0,1,0,0,0,0
53,24,174.47616577148438,91392,2,5.457047791043488,1,0,0,0,0,0,0
38,3,96.76021575927734,94259,1,3.841991745699944,3,0,0,0,0,1,1
59,39,120.3583755493164,90255,4,2.359990848730506,2,0,1,0,1,1,0
37,11,34.071372985839844,91935,1,0.08117299624755828,2,102,0,1,0,1,0
29,2,72.41106414794922,92156,4,1.4158499623722856,1,0,0,0,0,1,0
58,39,24.647293090820312,95081,3,1.4970861749270592,3,121,1,0,0,1,0
38,1,77.16634368896484,94396,3,2.1747843224102574,1,0,0,0,0,1,0
34,17,85.43185424804688,93916,2,1.1430479473158586,1,0,0,0,0,1,0
63,31,62.58027648925781,95231,4,3.270172138134148,1,0,1,0,0,1,0
59,26,75.13858032226562,95339,1,1.450362652501294,3,0,0,0,0,0,0
31,7,83.0760726928711,91630,1,1.394266704694568,1,0,0,0,0,1,0
64,41,98.43968200683594,93887,2,1.9076909721046935,1,0,1,0,0,1,0
64,39,94.12898254394531,95653,2,1.512516944886611,3,0,0,0,0,1,0
49,14,170.6944580078125,92210,2,8.016152710263661,1,0,0,0,0,0,0
67,39,76.01097106933594,95549,2,2.1506706192963048,2,110,0,0,0,1,1
36,18,24.879962921142578,91972,2,6.629501868175955,1,0,1,0,0,0,0
61,14,59.91168975830078,92357,1,7.946015042350335,1,0,0,0,0,1,0
49,30,71.42921447753906,94670,3,1.9187038900455597,2,0,0,1,0,1,0
45,18,164.69200134277344,95505,2,0.5238424140837066,1,144,0,0,0,0,0
33,7,64.73487854003906,90199,2,1.344395843978567,2,0,1,0,0,1,0
33,7,63.27748107910156,93294,1,2.2337029300576345,3,0,0,0,0,1,0
33,7,36.758419036865234,92709,4,1.5021564536600203,1,0,0,0,0,0,0
28,27,40.1184196472168,91474,4,1.0097277472696338,3,147,0,0,0,0,0
37,10,74.33522033691406,94907,3,0.6914973188730504,1,0,0,0,0,0,0
36,11,69.34419250488281,91496,1,0.19074527048182593,3,0,1,0,1,1,0
57,39,53.604522705078125,92017,4,0.8958657670187007,2,0,1,0,0,1,0
54,22,48.59648132324219,93905,1,1.8580941296410431,3,142,0,0,0,1,0
33,9,14.185802459716797,92651,1,0.1993392393400668,3,0,0,0,0,1,0
30,7,30.126827239990234,95762,3,0.008042630684172325,2,0,1,0,0,1,0
51,27,56.47947311401367,92730,4,1.896554162431292,2,0,0,1,0,1,0
45,16,88.41800689697266,94401,3,0.7050221245636936,1,0,0,0,0,1,0
42,18,38.363555908203125,91490,1,0.09673058306848312,3,0,1,0,0,1,0
63,37,65.93183135986328,92872,4,1.8559782319806957,3,0,0,0,0,1,0
45,19,66.58021545410156,94933,1,1.1189577819306664,1,0,0,0,0,0,0
33,9,44.679359436035156,95962,2,0.45955866605305723,2,0,0,0,0,1,0
41,7,51.15245819091797,95085,2,1.1379626691253981,2,0,0,0,0,0,0
35,19,37.32943344116211,92431,4,0.7135490633979502,2,0,1,0,0,1,0
58,31,151.05316162109375,90276,2,1.6173881248428819,1,370,0,0,0,1,0
42,10,57.2628288269043,94631,3,0.6805118255813035,3,0,1,0,0,1,0
59,39,51.05203628540039,92107,3,0.07613874797604639,2,0,0,0,0,1,0
50,34,23.8966064453125,94835,4,0.19686043583638457,1,185,1,0,0,1,0
60,28,23.50286865234375,91469,4,0.19234529350320095,1,0,0,0,0,0,0
47,27,65.46673583984375,92107,4,2.646293202618522,3,82,0,1,0,0,0
53,16,62.90716552734375,93866,2,1.0299462428098913,1,0,0,0,0,1,0
39,14,144.0458221435547,96174,2,0.24181522558209567,2,0,1,0,0,1,0
63,29,29.88209342956543,90342,3,0.9717484221212545,3,105,0,1,0,1,0
40,13,52.48219680786133,93297,1,0.04241026142328591,3,107,0,0,0,1,0
64,41,73.61979675292969,91283,1,0.7870391533201904,1,0,0,0,0,0,0
59,35,43.9311637878418,94836,4,2.0532511372378788,2,0,1,0,0,1,0
24,2,54.10791778564453,93546,2,1.5814084040932,1,0,0,0,0,0,0
48,21,133.1101531982422,94559,2,1.5904732094594518,2,0,0,0,0,0,0
60,36,47.80663299560547,95833,3,1.3690151866847353,1,0,0,0,0,0,0
65,37,38.94226837158203,93247,3,0.6740263553236026,3,0,0,0,0,1,0
39,16,46.37770462036133,90218,3,0.8214457407808645,1,0,0,0,0,0,0
57,28,87.02465057373047,92086,2,1.7488722577484292,1,0,0,1,0,1,0
53,25,52.40376663208008,93023,4,2.102393540896876,1,0,1,1,1,1,0
56,30,103.49909210205078,92062,1,0.48501602664681653,3,0,0,0,0,1,0
37,15,88.95178985595703,92136,2,3.685838641298052,3,0,0,0,0,0,1
52,27,41.15371322631836,91561,3,0.3802310228161546,1,0,1,0,0,0,0
35,13,31.758329391479492,93097,4,2.0014546356661347,2,0,0,0,0,1,0
42,20,27.84777069091797,94083,3,0.9674337474307144,1,110,0,0,0,0,0
27,-2,118.4389419555664,90932,2,3.6457164976230785,1,0,0,0,0,1,0
24,2,201.82586669921875,92017,2,4.740270583720821,3,0,0,0,1,1,1
49,9,180.44581604003906,92985,3,9.111725556000692,3,0,0,1,1,1,1
66,35,52.92464065551758,95233,1,1.8532630179448115,3,0,0,0,0,0,0
59,38,12.560776710510254,95834,1,0.13572057608488855,2,0,0,1,0,0,0
55,21,21.204612731933594,95265,1,1.415360862659889,3,0,1,0,0,1,0
41,7,18.44939422607422,92153,2,0.805812840926056,3,159,0,0,0,1,0
29,7,63.904579162597656,92867,1,0.23696234599541233,2,0,1,0,0,0,0
38,19,56.71088790893555,94815,2,0.6094831945820218,2,0,1,0,1,1,0
31,4,41.64942932128906,93717,4,0.9998191096562258,1,0,0,0,0,1,0
31,12,88.5151138305664,92213,4,1.8328047016986662,1,0,1,1,0,1,0
57,18,17.382335662841797,93556,4,1.0100680624137934,2,0,0,0,0,0,0
41,12,67.93658447265625,91835,3,1.578504442157885,2,0,0,0,0,1,0
49,28,47.55812072753906,92190,2,1.94927850445543,1,0,0,0,0,1,0
60,36,11.441246032714844,95744,3,0.4208367267574637,1,0,0,0,0,0,0
34,9,159.34877014160156,96206,3,0.2895197783537997,3,0,0,0,0,1,0
40,28,70.29774475097656,91900,3,1.2429874967302,1,0,0,0,0,0,0
30,4,48.477848052978516,95049,3,2.1459830075695594,2,0,0,0,0,0,0
50,19,49.52665328979492,92203,3,0.5584417038361159,2,0,1,0,0,1,0
49,17,99.56106567382812,90387,4,0.12181087165462667,2,99,1,1,1,0,1
58,35,37.35907745361328,95893,4,2.088552866434045,2,0,0,0,0,1,0
30,3,114.3659439086914,91716,4,0.9557785142647719,1,183,1,0,0,0,0
56,26,85.43867492675781,91546,4,0.04392838991034792,3,0,1,0,0,1,0
54,18,13.06692886352539,90005,1,0.7672908039062751,2,103,1,1,1,1,0
56,38,84.79151153564453,89958,3,0.35437636574669573,2,0,0,0,0,0,0
32,5,58.86651611328125,94907,4,3.399565885594567,1,0,0,0,0,1,0
49,23,64.65587615966797,93160,3,0.9207808912325486,2,0,1,0,0,0,0
61,37,40.96562957763672,95727,2,0.4554965927456121,2,0,0,0,0,1,0
57,32,72.35625457763672,90911,2,3.681715412475351,1,158,0,1,0,1,0
51,22,50.07784652709961,92970,4,0.29079283386237553,1,0,0,0,0,1,0
62,34,70.997802734375,92268,1,0.2503787650529356,2,124,0,0,0,1,0
56,19,63.7036247253418,91369,4,0.44589116060822104,1,0,0,0,0,1,0
32,4,70.81593322753906,96251,3,0.4656613310727642,3,0,1,0,0,1,0
30,7,51.97633743286133,95660,2,2.7178074118573328,3,0,0,0,0,1,0
39,11,137.96934509277344,94767,2,2.0724204671518134,1,218,0,0,0,0,0
38,10,86.94527435302734,94268,4,3.098395403372041,1,122,0,0,0,1,0
66,42,46.10745620727539,93085,3,0.6202271639781063,3,0,0,0,0,1,0
29,2,49.36882400512695,90486,2,2.9306058834573276,1,0,0,1,0,1,0
27,3,64.48780822753906,94806,2,1.4020333763289825,3,139,0,0,0,0,0
64,23,115.1822280883789,94527,3,3.576313657318368,3,0,0,1,0,1,1
56,26,114.680419921875,92001,2,3.3926011902030546,1,0,0,0,0,1,0
43,16,87.89497375488281,94215,3,0.41956416945073616,1,0,0,0,0,1,0
34,11,195.92144775390625,92380,2,7.105461805664558,1,418,0,0,0,0,0
56,32,57.39772033691406,94402,4,1.471506775638386,3,0,1,0,0,1,0
60,33,65.53569030761719,89897,1,2.415712477529965,1,0,0,0,0,0,0
29,1,50.8630256652832,95991,1,1.9703002656615334,3,0,0,0,0,1,0
43,11,47.1472282409668,94161,3,0.9461762147617047,1,158,0,0,0,0,0
57,33,166.80770874023438,90222,4,2.2894193412855914,1,0,0,0,0,0,0
26,0,117.48918914794922,95207,1,2.201061970801907,1,0,0,0,0,1,0
35,5,166.77601623535156,94878,2,6.878723781273877,2,0,0,1,1,1,1
47,32,46.523231506347656,94447,1,1.9200065923378156,3,122,1,0,0,0,0
35,8,22.69365692138672,94480,4,0.5925076877066815,1,0,1,1,0,1,0
58,29,26.292152404785156,94031,3,1.158769377037593,2,0,0,0,0,0,0
58,19,58.31045913696289,94958,2,1.5915324490103386,1,0,1,0,0,1,0
57,35,67.54293823242188,92059,2,0.7702962993754384,1,0,1,1,0,1,0
34,0,74.26970672607422,95386,3,2.445859211891266,1,0,0,0,0,0,0
64,40,55.67119216918945,90386,4,0.7210880255395354,1,0,0,0,0,0,0
57,37,98.34964752197266,92367,2,1.5902469062372306,3,0,1,0,0,0,0
26,4,47.37584686279297,92792,4,0.1528551166314459,3,183,1,0,0,0,0
41,12,127.15364074707031,90322,1,2.302594937640653,1,0,0,1,0,0,0
40,28,149.19808959960938,91903,4,4.901559523822367,1,0,0,0,0,0,1
29,6,63.894588470458984,95667,1,2.8585086376253224,2,0,0,0,0,1,0
31,2,77.83405303955078,92546,1,0.0971695607650363,1,0,1,0,0,0,0
39,15,62.44758605957031,92650,4,2.173467864746157,2,0,0,0,0,0,0
53,26,62.43059158325195,92535,4,0.5785982884114557,1,0,0,0,0,0,0
55,25,35.78600311279297,91853,3,1.8155098704954962,1,150,1,0,0,0,0
59,36,44.137962341308594,94285,1,1.690824583591731,3,102,0,0,0,0,0
27,9,63.57952880859375,91073,2,1.2425876444143813,3,0,0,0,0,0,0
52,32,51.49786376953125,93055,1,1.3287366351538028,3,0,1,0,0,1,0
58,25,55.439178466796875,90127,3,1.923192766166974,2,0,0,0,0,0,0
59,35,59.62963104248047,95721,4,1.2578551688210822,2,0,1,1,1,1,0
62,32,58.71599578857422,92166,1,0.8429132395095712,3,0,1,1,0,0,0
53,27,35.720664978027344,91471,1,0.3633548161829728,2,0,0,0,0,1,0
58,30,61.25210952758789,94362,3,2.7903472999643526,2,0,1,0,0,0,0
42,16,82.6902084350586,91769,2,2.5235885624969625,3,150,0,1,0,0,0
57,27,76.21263122558594,95078,4,1.5427400399536202,3,0,1,0,0,1,0
39,24,120.78807830810547,96349,3,2.2304915083526913,2,0,1,0,0,0,0
53,29,52.03582763671875,95972,2,0.33375473948621937,3,0,0,0,0,1,0
52,27,58.14556884765625,90392,2,3.397224008730039,1,442,1,1,1,0,0
54,26,37.7248649597168,91239,1,0.9103994924742499,3,0,1,0,0,1,0
62,34,65.58685302734375,94591,2,1.9784405231281295,3,196,1,0,1,1,0
31,10,135.42074584960938,94151,2,4.308112796304517,1,0,0,0,0,1,0
56,35,27.147239685058594,92280,2,0.09775362265474455,1,0,0,0,0,1,0
30,16,72.20729064941406,91811,2,1.3471660352100483,3,163,0,0,0,0,0
61,34,116.92142486572266,93243,3,4.6242201025789225,1,0,1,0,0,1,0
37,13,141.3796844482422,91742,2,4.554445105964002,3,0,0,1,0,0,1
31,7,164.86056518554688,94149,1,6.198948832664161,1,0,0,0,0,0,0
47,18,50.860809326171875,92980,2,0.10382677482235383,3,112,0,0,0,0,0
47,31,157.5184783935547,92162,1,2.5575758249643608,1,215,0,0,0,0,0
44,16,159.73777770996094,91843,1,1.0554573145053259,3,364,0,0,0,1,1
32,7,55.651615142822266,93259,3,1.53940969829058,2,115,0,1,0,0,0
47,19,14.719738006591797,93048,4,0.24421579653511993,2,0,1,0,0,1,0
65,38,78.49044799804688,90429,1,1.4533390144608345,2,0,0,0,0,1,0
62,43,39.56945037841797,91290,1,0.09040175240983925,1,0,0,0,0,1,0
26,4,31.671367645263672,90365,4,1.2135188206721033,2,129,0,0,0,0,0
45,20,15.406405448913574,92392,4,0.26981444297897866,1,0,0,0,0,0,0
28,3,45.54715347290039,94421,4,2.7398338414237995,2,0,0,0,0,0,0
56,34,44.217559814453125,95864,4,1.690919772641144,2,0,0,0,0,0,0
36,3,141.8599395751953,94066,2,6.668485125725342,1,0,1,0,0,0,0
40,19,75.83064270019531,91976,1,1.8476248954698673,1,243,0,0,0,0,0
49,25,88.74958801269531,94553,1,0.6044190530174818,2,0,0,0,0,0,0
42,8,58.3153076171875,92362,1,2.4590118787016397,2,0,0,0,0,1,0
42,17,38.710411071777344,96040,4,0.1696637127411768,3,0,0,0,0,0,0
47,30,103.32443237304688,95407,1,3.4212372408873235,1,164,0,0,0,0,0
42,22,17.908920288085938,94316,2,0.9907624752396101,3,149,1,0,0,1,0
61,31,31.467317581176758,93780,4,0.8305966446375859,2,0,1,0,0,0,0
44,18,143.0049591064453,92247,2,2.8664250177117294,3,298,0,0,0,1,1
39,25,90.93875122070312,94290,2,3.919375992344905,3,0,0,0,0,0,0
54,2,24.453407287597656,93995,2,2.3338496077696207,1,0,0,1,0,1,0
47,25,73.92252349853516,93066,4,2.422325575129586,1,177,1,1,1,0,0
33,15,157.603515625,92138,2,5.590769630987076,1,0,0,0,0,1,0
45,19,83.83661651611328,90332,4,3.3169649344216867,3,0,0,0,0,0,0
49,14,75.28974151611328,91517,4,3.1894899420999296,2,0,0,0,0,0,0
41,24,99.09192657470703,90010,1,3.2740701035865922,3,227,0,0,0,0,0
62,31,187.68402099609375,92854,4,5.36137066020976,3,0,0,0,0,1,1
60,36,71.31720733642578,95047,1,0.6743264176882579,3,0,0,1,0,1,0
25,2,55.44964599609375,94689,4,1.4744239054840533,3,187,0,1,0,1,0
26,6,105.06604766845703,95811,1,0.12833558355762456,2,0,1,0,0,1,0
53,38,45.63161087036133,94249,1,0.4102758114230621,3,251,1,0,0,0,0
59,37,84.15312194824219,90463,2,2.5405494790567573,3,0,1,0,0,1,1
42,16,95.21732330322266,91851,3,2.657601162544932,2,0,0,0,0,1,0
32,10,137.885009765625,91770,2,4.149927941457363,3,0,0,0,0,1,1
34,4,70.32435607910156,95954,1,1.7594890885796606,3,0,1,1,0,1,0
32,8,150.89849853515625,93655,2,0.18161937183578036,1,0,0,0,0,0,0
57,29,11.525903701782227,94362,4,0.20938687652988672,3,0,0,0,0,1,0
39,16,54.21134948730469,94335,1,0.00764681751455959,2,0,1,0,0,1,0
54,28,32.777793884277344,94263,2,1.7683789086011807,3,0,1,0,0,0,0
44,20,150.51443481445312,94694,2,6.181686469560232,1,381,0,0,0,1,0
59,28,68.66376495361328,94157,1,0.4479685258931429,1,0,1,0,0,0,0
36,8,65.85658264160156,94330,4,0.5872778437580186,2,0,0,0,0,0,0
62,37,65.76656341552734,91636,4,1.105024909544678,2,110,0,0,0,1,0
46,16,117.37371826171875,93678,1,3.160949645635189,1,0,0,0,0,1,0
62,34,15.376832008361816,96357,3,1.091032767130268,2,0,0,0,0,1,0
50,24,121.13074493408203,94731,1,2.045470725069689,2,255,0,0,0,1,0
50,14,42.77228927612305,94811,4,2.801924467618295,3,0,1,0,0,0,0
56,16,48.309669494628906,91381,2,2.950920444161631,2,0,1,0,0,0,0
28,9,61.546478271484375,91156,1,1.785447573109839,3,98,0,0,0,1,0
35,13,83.73929595947266,92168,2,1.2510685200259448,1,0,0,0,0,1,0
34,14,46.42451858520508,92286,1,2.6192910949015684,3,0,0,0,0,0,0
32,10,39.085792541503906,93258,1,0.004245446966279598,3,0,0,1,0,0,0
34,1,43.639244079589844,95935,1,1.4730906647788349,1,158,0,0,0,1,0
43,21,34.69243621826172,90361,2,1.594380886611102,3,0,0,0,0,0,0
54,24,204.52198791503906,93045,1,5.44769158300524,1,381,0,0,0,1,0
59,30,88.98689270019531,92646,1,3.4850995975176047,1,0,1,0,0,1,0
35,8,65.13751220703125,93267,4,1.8989221710542608,3,0,1,0,0,1,0
34,4,55.73617172241211,92805,4,0.3821055710742306,2,384,0,0,0,1,0
54,26,107.7245864868164,92128,4,1.7068011755104244,2,305,0,0,0,0,0
61,35,134.8240509033203,93777,3,3.417271389627394,1,381,0,0,0,1,0
42,23,109.04894256591797,91861,2,5.855398122998751,1,0,1,0,0,1,0
32,4,78.18241119384766,91186,1,1.7656026288962599,3,0,0,0,0,1,0
39,25,10.321664810180664,92014,1,0.8966160119851608,2,194,0,0,0,1,0
25,5,19.00576400756836,93642,4,1.5261429966055098,3,145,0,1,0,0,0
36,8,32.11227798461914,94500,4,0.3580715516490643,3,0,1,0,0,1,0
31,6,68.70281982421875,94217,4,0.6170684418300644,1,105,0,1,0,0,0
41,15,38.663421630859375,95221,4,0.20100139700460515,1,103,0,0,0,0,0
33,9,54.417240142822266,92880,4,0.37752297340475777,1,165,1,0,0,0,0
51,33,35.23808288574219,95624,2,3.3208069717839788,1,0,1,0,0,1,0
50,12,58.0861930847168,95955,2,4.317493706268994,2,0,0,1,0,0,0
58,40,107.94010925292969,96265,2,4.34606360510526,2,237,1,0,0,0,0
39,4,74.44023132324219,92461,4,1.631706936685036,1,0,0,0,0,0,0
34,17,60.3941650390625,91297,2,1.7088300649537127,1,0,1,0,0,0,0
39,11,13.765961647033691,91902,4,0.9217727943160463,1,0,0,0,0,0,0
59,35,64.55317687988281,94112,3,1.8172089805657792,2,0,0,1,0,0,0
64,36,94.51335144042969,92106,2,1.7670417213276277,1,0,0,0,0,1,0
49,18,71.33952331542969,90862,3,1.976783840391874,2,0,0,0,0,1,0
54,28,49.18050765991211,95543,3,0.11190519919802283,3,176,0,0,0,0,0
50,37,85.24949645996094,92119,4,1.583093738641733,2,0,0,0,0,0,0
61,37,44.793975830078125,92967,1,1.3392839389409887,3,0,0,1,0,1,0
59,31,27.81443977355957,94631,2,0.6452943781122237,3,0,1,0,0,0,0
41,17,65.18708038330078,94935,1,0.5709128363263436,2,0,1,0,0,1,0
63,38,122.03001403808594,94444,1,1.9495073055057108,1,0,0,0,0,1,0
45,26,119.53646087646484,95230,1,6.118236661037796,3,181,1,0,1,1,1
61,36,104.94686889648438,95064,4,1.505338137086079,2,0,0,0,0,1,0
51,20,57.893795013427734,90164,3,1.5985172898781916,1,0,0,0,0,0,0
47,27,91.25855255126953,92191,1,0.4595729038413785,1,0,1,0,0,1,0
52,27,91.01625061035156,91305,2,0.12402293702985878,1,164,0,0,0,0,0
54,36,56.52438735961914,92828,4,2.754102880458049,3,0,1,0,0,0,0
52,25,63.339359283447266,94609,2,0.2758066813052263,3,0,0,1,0,0,0
43,18,146.13510131835938,95236,1,4.421698655045928,1,0,1,0,0,1,0
26,7,80.76145935058594,94283,2,0.169044652985681,2,0,0,0,0,1,1
60,37,102.39447021484375,91458,1,0.4533180675539811,1,459,0,0,0,1,0
27,1,27.222896575927734,96585,4,0.7909891773268534,3,0,0,0,0,1,0
41,5,16.815479278564453,93292,4,1.0785690523828537,1,0,0,0,0,1,0
64,35,55.186283111572266,90372,2,2.1108911883376145,3,426,0,1,0,1,1
42,23,52.578636169433594,91849,4,1.773899914162969,3,0,0,0,0,1,0
62,36,166.65963745117188,94348,2,5.665277959585156,1,338,0,0,0,0,0
50,13,26.55058479309082,90457,4,1.0803627422206232,2,111,1,0,0,1,0
41,19,43.45699691772461,94722,3,1.6209849348033452,2,0,0,0,0,1,0
32,8,28.79079818725586,95097,4,0.4128704075663252,2,0,0,1,0,1,0
29,2,40.9251708984375,93565,1,1.42957266103882,1,0,0,0,0,1,0
35,9,124.11209106445312,93013,3,2.2892354655565663,2,594,0,0,0,1,0
62,36,39.35415267944336,91237,2,1.6689710281339458,3,0,1,0,0,1,0
42,22,170.23255920410156,95009,1,2.686545510076429,1,313,0,0,0,0,0
27,3,112.20584106445312,95643,1,1.8661979705961147,1,0,0,0,0,1,0
39,17,65.74687194824219,94206,2,0.4399399217023036,1,0,0,0,0,1,0
60,34,69.03387451171875,92111,1,0.7385305020230092,2,0,0,0,0,1,0
47,29,89.31044006347656,92114,1,0.859903845278513,2,0,0,0,0,1,0
52,12,53.24885559082031,94973,4,1.529153004309016,2,110,0,0,0,1,0
62,38,76.38607788085938,93842,1,1.1713381980518855,2,0,1,0,0,1,0
52,26,45.352821350097656,94386,4,1.137677417160965,2,138,1,0,0,0,0
59,34,182.56617736816406,94464,1,5.808060582509859,1,0,0,0,0,1,0
40,16,173.67811584472656,94637,1,4.745860780242583,1,0,0,1,0,1,0
36,18,96.68677520751953,94434,1,0.7249383160034352,1,0,0,0,0,1,0
34,7,46.87190246582031,90132,2,2.6836856927089308,1,0,0,0,0,0,0
28,5,38.639617919921875,91682,1,0.007378530934919747,2,142,0,0,0,1,0
27,4,44.46389389038086,95259,4,1.5554824725072114,3,0,0,0,0,0,0
43,22,53.30623245239258,94201,3,2.902063591146704,1,0,0,0,0,0,0
38,10,67.90174865722656,94894,4,3.5632590335765126,1,0,0,0,0,0,0
56,26,13.540328025817871,95782,2,0.7721157470108162,3,98,0,0,0,1,0
62,36,84.69709014892578,90745,4,0.04365743506336195,2,494,0,0,0,0,1
30,5,68.61439514160156,94168,2,2.023329714596083,1,0,0,0,0,1,0
43,36,32.42534255981445,95096,1,1.1046349985845374,3,0,0,0,0,1,0
61,32,67.81744384765625,90821,1,2.4319736106732925,1,0,0,0,0,0,0
59,35,44.45912551879883,95565,1,2.0529087946544244,2,0,1,0,0,1,0
47,21,23.46042251586914,95892,4,0.3990241538629648,1,0,1,0,0,1,0
43,21,21.807876586914062,93202,3,0.39141381128920893,2,168,0,1,0,1,0
51,31,64.58731079101562,94162,2,1.562341883033732,3,156,0,0,0,1,0
62,39,44.315887451171875,94124,4,2.1540513480189443,3,0,0,0,0,1,0
36,13,163.16758728027344,90196,1,4.546300409213478,1,90,1,0,0,1,0
50,20,88.31168365478516,94132,3,1.782785751501975,1,0,1,0,0,0,0
28,15,54.14640808105469,95796,1,0.5069679329544708,1,0,0,0,0,1,0
37,11,169.02557373046875,95355,1,5.765839875537943,1,0,0,0,0,1,0
33,8,45.827232360839844,94434,3,2.635831046530902,3,0,1,0,0,1,0
56,25,14.788436889648438,91983,4,0.26183705589187706,2,0,0,0,0,0,0
34,9,174.81004333496094,91542,1,6.360498021489758,3,0,0,0,0,1,1
57,28,25.63878631591797,94508,2,2.3600909651798463,1,0,0,0,0,1,0
35,2,129.73301696777344,91258,3,5.727005952360765,1,0,1,0,0,0,1
36,16,96.96401977539062,92882,1,1.8276999833084964,1,104,0,0,0,0,0
61,37,27.065387725830078,93971,3,0.4393651394421806,3,0,0,0,0,0,0
45,13,59.532413482666016,93130,4,4.61850723676076,1,0,1,0,0,0,0
47,23,34.71818542480469,89805,3,0.8826333624796526,3,0,0,0,0,1,0
59,33,86.38622283935547,95626,4,2.1194874080151074,1,0,0,1,0,1,0
52,32,41.54618835449219,90146,1,0.459462067763877,2,0,1,0,0,1,0
57,35,185.81500244140625,89855,1,3.1738444658479366,1,360,0,0,0,0,0
60,36,25.774934768676758,90059,2,0.16214923983289525,1,105,0,0,0,0,0
56,25,49.896385192871094,92988,4,0.7770182778193186,2,126,0,0,0,1,0
29,3,164.8155517578125,94543,2,7.845458574128753,1,0,0,0,0,1,0
48,26,58.89988708496094,92153,2,1.0415879200049334,2,0,0,0,0,1,0
62,37,49.59254455566406,90194,2,1.014686131167032,3,0,0,0,0,1,0
40,21,16.877147674560547,94199,2,0.4286310262934267,1,89,0,1,0,1,0
44,8,36.18663787841797,95409,4,1.8258321199744907,1,0,1,0,0,1,0
57,37,95.49134826660156,94565,1,2.469019215925973,3,0,0,0,0,1,0
53,17,104.90689086914062,95408,1,2.488833831199875,3,0,0,0,0,1,0
45,23,21.361373901367188,92279,3,0.36947154310309127,1,0,0,0,0,0,0
65,38,63.90323257446289,90137,1,0.09118190394206027,3,0,0,0,0,0,0
52,23,57.9489860534668,93229,2,0.41964836230687713,1,0,1,0,0,0,0
61,30,151.3751678466797,92097,2,2.4976723266652705,2,0,0,0,0,0,1
49,22,25.406005859375,93881,2,0.5468451163006991,2,158,0,0,0,1,0
47,28,85.4434585571289,91906,4,0.6711246347188216,1,100,0,0,0,1,0
42,17,84.99320220947266,94297,3,0.7326573365178892,1,0,0,0,0,1,0
53,22,155.30950927734375,95549,1,0.424404229712934,1,114,0,1,0,0,0
48,12,54.724151611328125,92086,1,0.11109649711805103,2,0,0,0,0,1,0
50,23,83.30055236816406,91736,2,0.7792226989727856,1,142,0,0,0,0,0
39,12,113.1286392211914,95384,2,1.7110479959633935,1,0,1,0,0,1,0
37,14,53.82489013671875,91896,1,2.5339019312890674,2,0,0,0,0,1,0
58,19,90.68937683105469,95159,1,2.1573631594343756,3,0,0,0,0,0,0
33,7,49.693885803222656,90029,4,0.5934496781817569,2,0,0,0,0,0,0
29,1,16.662811279296875,93652,4,0.6083871472952147,3,0,1,0,0,1,0
51,26,134.9649658203125,90275,1,3.0067720103852187,1,317,0,0,0,0,1
43,19,134.33248901367188,94546,1,1.700464315603658,1,0,0,0,0,1,0
34,17,44.267879486083984,91410,1,0.13710255544985253,2,0,0,0,0,1,0
47,25,72.36837768554688,94523,1,1.5999581744836489,1,157,0,0,0,0,0
31,6,48.895790100097656,94789,4,1.7516133024487373,1,0,1,0,1,1,0
65,33,43.0041618347168,92524,3,0.6266201477172476,3,104,1,0,0,1,0
34,15,58.50570297241211,94788,1,4.929732411322472,2,0,0,0,0,1,0
47,24,35.996788024902344,96340,2,0.093029249420431,3,0,0,1,0,1,0
53,27,17.037939071655273,91859,1,1.5730638248778233,2,0,0,0,0,0,0
38,15,107.61605834960938,93024,1,2.4502492122100095,3,0,0,0,0,0,1
63,39,42.75336837768555,95671,1,1.782998284093775,3,0,0,0,0,1,0
62,37,69.57476043701172,91171,2,2.9395388510317346,2,0,1,0,0,0,0
28,18,36.93714904785156,94971,4,0.14118949081604418,2,0,1,0,0,1,0
57,31,37.53604507446289,94549,3,0.16052929542380778,1,151,0,1,0,1,0
59,34,32.3792724609375,90556,4,0.12903974791120598,1,0,0,0,0,0,0
49,7,23.568374633789062,95312,1,1.4503709203121722,3,97,1,0,0,0,0
54,29,82.31778717041016,94539,3,1.3141944800156784,1,194,1,0,0,1,0
55,21,139.1698455810547,95803,2,3.6971789364190166,1,0,0,0,0,0,0
42,11,46.69563674926758,92761,1,1.377935205447499,1,150,1,0,0,0,0
57,30,77.84739685058594,94658,4,0.4111535844597659,1,0,0,0,0,0,0
39,8,48.795806884765625,94290,4,3.241035864050483,1,100,0,0,0,1,0
65,40,105.41339111328125,92496,4,1.000645412679118,3,421,0,0,0,1,0
64,39,88.95123291015625,90760,2,1.6793917950739055,1,0,0,0,0,0,0
63,38,68.53621673583984,90219,2,0.8804543307354588,1,149,0,0,0,1,0
54,35,33.06181335449219,95422,1,1.80613347356792,2,150,1,0,0,0,0
41,12,74.127197265625,93089,1,2.6185747411170377,3,0,1,0,1,1,0
62,37,15.321876525878906,90495,2,0.4653245990755568,1,143,1,0,0,0,0
42,13,44.281089782714844,94857,1,1.405663295000379,2,0,0,0,0,0,0
60,37,176.95535278320312,91202,3,3.96467511735639,1,0,1,0,0,1,0
58,36,147.78469848632812,90032,2,0.3119380873605737,1,0,0,0,0,0,0
28,5,43.832672119140625,89852,2,1.3460948916031485,3,0,0,0,0,1,0
51,21,68.98222351074219,94774,2,1.919857412021873,3,118,0,0,0,0,0
53,33,86.73661804199219,92521,2,1.7757158315447072,3,0,1,0,0,0,0
62,36,48.94418716430664,94123,1,0.36773735131248736,3,0,1,0,0,0,0
54,18,34.11075210571289,91817,2,1.7907804489033803,3,0,0,0,0,0,0
56,32,58.31113052368164,94036,4,0.3000723914514027,1,0,1,0,0,0,0
32,2,32.5435791015625,94599,4,0.3195217816004663,2,0,1,0,0,1,0
35,10,35.74217987060547,94183,1,2.8331911178529015,3,0,0,0,0,1,0
46,16,71.37222290039062,91720,3,1.146080210667378,2,113,0,0,0,0,0
47,20,159.2276153564453,91762,1,8.08188445278947,1,0,0,0,0,1,0
30,8,183.73902893066406,91208,4,4.502649032024824,3,0,0,0,0,1,1
67,40,32.62938690185547,93276,4,2.0965828490930454,2,0,0,0,0,1,0
51,14,155.32276916503906,90011,1,4.039849390553422,1,291,0,0,0,0,0
63,33,27.110977172851562,93346,2,0.8773811972018033,3,0,0,0,0,0,0
41,22,150.4210662841797,95147,1,2.929165038611905,3,0,0,0,0,1,1
33,14,187.82586669921875,90906,1,0.40599756002666826,1,0,0,0,0,1,0
55,24,45.962974548339844,94114,2,1.9409248953474063,1,220,0,0,0,0,0
35,11,52.55929946899414,94827,3,1.057151337123603,1,0,0,0,0,0,0
50,24,126.23045349121094,92097,4,2.7402590918331695,2,0,1,0,0,0,1
44,20,14.351415634155273,96162,3,2.9372188775159427,1,0,1,0,0,1,0
38,23,48.43992614746094,94238,3,1.2669804840720837,2,0,0,0,0,0,0
67,41,62.25840759277344,96208,3,0.7727432168089728,3,0,1,0,0,1,0
63,31,40.65578079223633,91623,4,1.5328916034792959,3,0,0,0,0,1,0
30,11,68.23640441894531,91889,4,2.643528380061953,1,0,1,0,0,1,0
64,30,28.8597354888916,90289,3,0.3522760867717879,2,0,0,0,0,1,0
62,35,96.60590362548828,92620,3,1.9523866768016875,2,0,0,0,0,1,0
41,11,69.20188903808594,94794,3,1.8014574520159234,3,192,0,0,0,0,0
35,5,46.52021408081055,94591,3,0.5843272584443426,2,0,0,0,0,1,0
30,3,195.41043090820312,92797,2,5.2265416416736805,2,374,0,0,0,1,1
41,7,119.92989349365234,90961,3,3.887742045785766,2,313,0,0,0,1,1
52,26,129.84332275390625,90209,3,3.4469148830029117,1,0,1,1,1,1,1
61,31,69.74832153320312,91175,4,3.3465091034378758,2,0,1,0,0,0,0
46,24,200.78448486328125,90131,2,6.78677090246949,1,0,1,0,0,1,0
32,6,54.407291412353516,96029,4,1.5032296080185081,3,0,0,0,0,1,0
49,21,54.399566650390625,94634,3,1.0520259798318534,2,0,1,0,0,0,0
65,39,61.36250686645508,92948,2,1.7481124840206135,2,0,0,0,0,1,0
45,25,180.2754669189453,91549,2,6.065544104738191,1,0,0,0,0,1,0
65,37,76.83302307128906,92255,4,3.64921710245247,2,102,1,1,0,0,1
40,22,135.08291625976562,94635,2,2.069779849740699,1,0,1,0,0,0,0
46,27,26.70992088317871,92043,4,2.0614683268715925,3,0,0,0,0,0,0
58,20,84.41996765136719,90013,2,2.4716910107584917,3,0,0,0,0,0,0
27,-1,81.90108489990234,90011,2,4.884526672386555,3,0,0,0,0,0,0
35,10,38.949161529541016,92150,3,1.0129878661902012,2,0,0,0,0,0,0
61,34,206.9270782470703,91444,1,5.770824300076609,1,0,0,0,0,0,0
47,16,46.213199615478516,91753,4,2.292425177616238,1,0,0,0,0,0,0
29,5,52.54096984863281,94615,4,1.8446573883107993,3,0,0,0,0,1,0
60,35,37.44811248779297,92685,1,0.21654189517651126,3,0,0,0,0,0,0
28,7,43.70246505737305,94219,4,0.7816053083478613,3,0,1,0,0,0,0
57,36,45.38507843017578,90505,4,1.051793945544304,3,0,0,0,0,1,0
35,14,68.91119384765625,91154,1,2.1576469599708474,2,0,0,0,0,1,0
58,35,68.76829528808594,93077,2,0.4869542727970635,3,110,0,0,0,1,0
52,22,168.0397491455078,94767,2,3.648246264488364,1,0,1,0,0,0,0
32,8,86.50456237792969,90273,1,1.9909146005586031,3,162,0,0,0,1,0
47,19,103.16264343261719,91966,3,5.038289840705775,1,414,1,0,1,0,1
61,39,56.04200744628906,92042,4,0.21492810542213375,3,0,0,0,0,1,0
42,12,26.08702850341797,90355,2,1.3561631159644807,2,139,0,0,0,1,0
45,19,117.29637908935547,92297,3,1.8049803586875202,1,0,1,0,0,1,0
40,18,46.4761962890625,94445,2,1.0516850989276487,3,241,0,0,0,1,0
28,2,84.82122802734375,95483,3,6.627517563273638,2,0,1,0,1,0,1
47,20,22.72978973388672,90971,4,3.185306383769193,1,0,1,0,0,1,0
61,26,159.5717010498047,95163,2,6.273119765802673,2,0,0,0,0,1,1
26,11,33.90120315551758,96468,4,0.7842297801422132,1,0,0,0,0,1,0
30,1,90.99609375,94747,3,1.212825023950203,1,0,1,0,0,0,0
44,18,87.89694213867188,95958,2,2.143017218613332,2,0,1,0,0,1,0
52,27,80.6003646850586,92166,1,0.3632429128841585,1,0,0,0,0,1,0
48,35,30.259809494018555,94730,3,0.6581226833005471,2,0,0,0,0,0,0
42,13,51.71556091308594,91700,1,4.625309405624174,2,0,0,0,0,0,0
40,4,143.00575256347656,90311,3,2.7113683191738502,3,0,0,1,1,1,1
66,41,54.8659553527832,95883,4,0.621046384523397,2,0,0,0,0,0,0
43,29,54.03358840942383,92041,4,0.41706924850374855,2,0,1,0,0,0,0
62,36,138.42672729492188,94458,1,4.629592646776683,3,0,1,0,0,0,1
53,19,11.68658447265625,95078,1,0.425876246538987,1,75,0,0,0,1,0
49,27,55.40989685058594,92242,1,1.1638679819425377,1,165,1,0,0,0,0
26,-1,94.71678924560547,92401,2,2.8211080404188356,3,293,0,0,0,1,0
30,18,87.57384490966797,93542,3,1.5805312726510585,1,201,1,0,0,1,0
41,23,160.63841247558594,90248,2,2.955366129249868,1,0,0,0,0,1,0
50,18,46.55933380126953,94475,4,0.6658306295859705,3,107,0,0,0,1,0
45,12,30.332035064697266,95586,4,2.3349908190658133,1,0,0,1,0,1,0
44,18,51.07552719116211,95883,3,0.3772077842145109,3,0,0,1,0,0,0
63,38,57.65879440307617,94668,4,2.009975576439778,2,141,0,0,0,0,0
36,4,115.8297348022461,94754,4,0.41970805535447836,3,0,0,1,0,1,0
47,23,88.2037582397461,95642,2,1.1292172955424091,3,403,0,0,0,0,0
49,31,31.338926315307617,91322,4,0.2174878375396182,1,0,1,1,0,0,0
55,18,17.55049705505371,96061,3,0.5315823923739857,2,0,0,0,0,0,0
57,30,21.42801284790039,92610,4,1.7109653557123194,3,0,1,0,0,0,0
37,16,94.34268951416016,92264,2,2.335681210776238,2,0,0,0,0,1,0
42,10,116.2943115234375,91403,1,1.2883516511692406,3,64,0,0,0,1,1
46,14,104.20051574707031,94635,2,0.5513196020773834,1,0,0,0,0,1,0
46,18,58.79009246826172,94177,3,1.064647818696785,2,114,1,0,0,1,0
29,6,115.9477310180664,92180,1,1.9164283944067675,3,0,0,0,0,1,0
61,22,54.61845016479492,94757,3,0.3291771682544312,1,0,0,0,0,0,0
56,31,61.794185638427734,90240,3,0.7107080675420797,1,0,0,0,0,1,0
37,14,14.13942813873291,91921,4,0.689079386164789,3,0,0,1,0,0,0
43,24,19.04401397705078,95332,2,0.10838389550937366,2,0,0,0,0,0,0
41,17,162.0591278076172,94515,2,1.7159686936775067,1,232,0,0,0,1,0
48,25,54.28125,91622,4,2.7735188315159407,3,0,1,0,0,0,0
55,34,75.54203796386719,91674,4,0.875464522654973,1,107,0,0,0,0,0
29,11,30.834396362304688,91552,3,3.10634020965054,3,0,0,0,0,1,0
58,31,33.230934143066406,92593,4,1.8685844161640217,2,0,0,0,0,1,0
34,12,135.43301391601562,92680,1,4.09549968367402,3,0,0,0,0,0,1
64,40,41.12599182128906,91840,3,0.35540915659693495,1,0,0,0,0,1,0
61,28,207.5171661376953,95885,1,3.711684273857854,3,354,0,0,1,1,1
45,25,111.9693832397461,91559,1,3.148022464666451,1,192,0,0,0,1,0
48,25,30.832618713378906,92586,1,0.9811026777527011,3,0,0,0,0,1,0
33,8,34.26343536376953,92310,2,1.9054154322780883,3,107,0,0,0,1,0
45,23,132.95126342773438,93486,3,3.48910604349415,1,230,1,1,1,1,0
61,35,42.751365661621094,95408,3,1.4784247450771693,2,0,0,0,0,0,0
50,24,62.79898452758789,92558,2,0.5350187560256368,3,0,0,0,0,0,1
63,39,120.62687683105469,91249,2,4.9053419958798585,1,609,0,1,1,1,0
60,39,27.994014739990234,95147,3,1.075904530631245,1,0,0,0,0,0,0
53,25,47.69274139404297,96183,4,0.7875611062506781,3,0,0,0,0,1,0
37,10,143.16458129882812,93081,1,1.6336942961134242,1,166,1,0,0,1,0
51,29,21.545310974121094,95794,2,1.7859450717690868,3,71,1,0,0,1,0
49,12,36.065086364746094,94911,2,0.3775367016334664,2,0,0,0,0,0,0
42,16,89.80005645751953,93228,2,1.377506203478222,3,226,0,0,0,0,0
45,21,37.479827880859375,91617,2,0.1940971334425144,3,0,1,0,0,0,0
33,6,29.294767379760742,90754,3,1.575213790504805,3,0,1,0,0,0,0
42,29,109.83110809326172,95685,2,0.75116685216196,1,0,1,0,0,1,0
33,4,191.45840454101562,94736,3,3.1534889805930475,2,0,1,0,0,0,1
50,20,79.746337890625,94603,3,2.188163636309961,1,0,0,1,0,1,0
37,8,46.32542037963867,92223,3,0.10554367607822271,2,0,0,0,0,1,0
54,36,81.93765258789062,91763,1,1.8428185996954103,1,0,1,1,0,1,0
29,8,52.901832580566406,96119,2,0.1027558557591162,2,0,0,0,0,0,0
54,23,40.338748931884766,96110,4,0.7106735105056353,1,0,0,0,0,1,0
39,23,45.468082427978516,94742,4,2.894019620731219,2,0,0,1,0,1,0
27,3,56.818424224853516,95211,1,1.6408445101588085,1,225,0,1,0,1,0
47,28,40.783695220947266,91172,1,0.2683048881224171,3,0,0,0,0,0,0
67,39,166.24148559570312,91666,2,0.5704758390767006,1,0,1,0,0,0,0
64,39,115.68771362304688,93035,1,1.8659972950897874,3,589,0,1,0,0,1
51,33,192.92906188964844,89967,4,6.200891780553626,1,0,0,1,1,1,1
39,24,105.76490783691406,95097,2,2.3684240381642083,1,147,0,0,0,1,0
26,17,80.57178497314453,91448,4,0.5341648698329552,1,0,0,0,0,1,0
56,34,39.06370544433594,90059,1,1.1618132303113102,2,0,0,0,0,0,0
38,13,128.13160705566406,95492,1,2.454549689841388,1,0,1,0,0,0,0
39,13,182.75253295898438,94488,3,7.869724349176152,2,0,0,0,0,0,1
62,41,74.41547393798828,90485,1,0.7477508715874891,1,0,0,0,0,0,0
38,17,84.67889404296875,90421,1,0.9829528073934871,2,89,1,0,0,1,0
43,24,84.62796783447266,92229,1,2.520222438890855,3,0,0,0,0,0,0
41,35,33.57124710083008,95406,2,1.3094061494409805,2,0,0,0,0,1,0
60,32,49.72758102416992,93163,2,1.5422253874601712,3,100,0,0,0,1,0
38,2,65.52938842773438,94560,4,1.1686393447897931,3,92,0,0,0,1,0
58,36,132.14492797851562,94975,2,0.28359646771856356,2,0,1,0,1,1,1
28,10,194.47723388671875,95429,2,7.761463957315243,1,198,1,0,0,0,0
51,23,109.54167175292969,92200,1,3.8430161391391406,1,0,0,1,0,0,0
32,9,124.95628356933594,93124,2,0.36888234289628097,1,0,0,0,0,0,0
34,5,191.3655242919922,94048,2,5.454874187878211,1,0,0,0,0,0,0
33,12,55.69293212890625,95882,3,1.401187287030274,3,0,1,0,0,0,0
52,21,39.38133239746094,95150,3,1.493779325336922,2,0,0,0,0,0,0
33,6,25.319257736206055,94073,2,2.4055977704825433,1,0,0,0,0,1,0
38,12,85.03311920166016,91872,1,3.809176044292386,1,497,0,0,0,1,0
31,5,174.45816040039062,92072,2,2.8477838742023116,1,0,1,0,0,1,0
28,3,45.85417938232422,92103,2,1.4847549972743797,3,0,1,0,0,0,0
65,39,88.77784729003906,90053,1,0.8223689877704757,1,0,1,0,0,1,0
45,25,78.66378784179688,94743,2,2.2634824941909817,1,0,1,0,0,0,0
31,3,83.84064483642578,92731,1,1.11728564844607,3,0,0,0,0,0,0
50,23,66.59010314941406,94944,1,2.5183358761336208,3,0,0,0,0,1,0
37,9,132.9228515625,95590,2,6.81715747383359,1,0,0,0,0,1,0
65,41,97.03813934326172,95379,2,3.393766012115839,1,145,0,0,0,0,0
62,35,75.52067565917969,95835,3,2.376162512092244,1,0,0,0,0,0,0
44,25,33.06525421142578,94057,3,2.086436986348399,2,151,1,0,0,1,0
28,4,49.01413345336914,95276,4,1.3581301765438596,3,0,0,0,0,1,0
37,27,50.0535774230957,95526,3,0.4230856246395414,1,0,0,0,0,0,0
30,10,66.50782775878906,94905,2,7.441209472092715,1,0,0,0,0,1,0
62,30,44.492897033691406,90672,3,1.2625017784476742,3,0,0,0,0,1,0
60,30,42.929203033447266,94168,4,1.7573378809974023,2,0,0,0,0,1,0
63,42,63.91175079345703,95972,2,1.9103121868957325,3,0,1,1,1,0,0
60,35,46.977012634277344,95984,3,1.8515936320284405,1,245,1,0,0,0,0
46,14,86.12208557128906,93269,1,0.4767512337521691,1,0,1,0,0,1,0
32,9,27.907503128051758,95575,4,1.576885149705343,2,0,0,0,0,1,0
63,39,67.65847778320312,90094,4,2.202024695695046,3,0,0,1,0,1,0
37,10,62.306800842285156,89952,4,2.049019926148065,2,0,0,0,0,0,0
34,1,29.758567810058594,93652,4,0.20735813442711026,2,0,1,0,0,0,0
60,33,165.93875122070312,90122,1,3.235396311311084,1,0,0,0,0,1,0
58,31,48.524173736572266,91992,4,1.326881872927971,1,0,1,0,0,0,0
45,15,56.40895080566406,95175,4,0.5961656826174777,2,0,0,0,0,1,0
28,2,30.791555404663086,93289,4,0.5930743487770288,2,114,0,0,0,0,0
62,42,29.48406982421875,93812,3,0.4001018533025826,1,0,1,0,0,0,0
44,20,59.275001525878906,92589,4,0.7569396947909363,3,0,1,0,0,1,0
59,29,68.11880493164062,95348,3,2.467814221319129,1,0,0,0,0,1,0
49,9,18.560110092163086,91889,3,0.2103628832566919,2,0,0,0,0,0,0
43,21,56.37488555908203,91993,2,2.0687430762479027,3,0,0,0,0,0,0
40,9,57.05939483642578,93502,4,0.8228246302833526,3,0,0,0,0,1,0
53,21,167.6277313232422,95566,2,4.951658357074984,1,0,0,0,0,0,0
65,40,87.24669647216797,92891,4,1.55935960122169,2,0,0,0,0,1,0
38,15,62.57734680175781,94818,4,2.698732950544447,3,0,0,0,0,0,0
49,24,91.11115264892578,89955,1,2.9647593442244435,1,0,1,1,1,1,0
30,6,32.3685302734375,91416,1,0.18403594385993227,1,0,0,1,0,1,0
31,2,69.74494934082031,92037,4,1.6144104732127937,1,0,0,0,0,0,0
58,40,72.9450912475586,92692,4,0.755361412851816,3,0,0,0,0,0,0
29,6,75.93199920654297,91975,4,3.011270347221812,3,0,0,0,0,1,0
49,16,84.40860748291016,94619,1,4.0070102858846255,1,0,1,1,1,1,0
66,40,83.29280090332031,90438,2,1.9526027066616563,3,102,0,0,0,1,0
30,3,162.27793884277344,94513,2,3.9285103200979985,2,0,0,0,0,1,1
59,25,24.394216537475586,94445,3,2.1861199633479638,1,148,0,0,0,0,0
33,6,114.12759399414062,92271,4,0.8513093896720657,2,110,0,0,0,1,0
51,31,58.258155822753906,94334,3,1.1585240403655561,3,0,0,0,0,0,0
33,13,64.04857635498047,91356,3,1.8037037066687347,1,181,0,0,0,1,0
45,26,93.49351501464844,93914,2,1.763540744777379,1,311,1,0,0,0,0
50,33,66.30380249023438,92345,3,2.086489386628825,2,0,0,0,0,0,0
52,-1,40.30402755737305,95389,4,1.0036478600819008,2,0,1,0,0,1,0
35,7,87.86017608642578,92787,3,1.3071008231737062,1,0,0,0,0,0,0
31,19,73.84126281738281,91289,3,0.7445049228606434,1,0,0,0,0,1,0
33,13,41.49089813232422,94456,3,0.3342691182415906,2,0,0,0,0,0,0
42,20,40.15117263793945,94885,2,0.33971344850245444,3,0,0,0,0,0,0
62,37,22.505441665649414,90079,4,0.05183181193219416,3,0,1,0,0,1,0
56,30,67.99922180175781,94210,1,0.7085676100534062,2,0,0,0,0,0,0
60,38,28.138866424560547,90299,2,0.22780670786236695,3,79,1,0,0,0,0
51,10,109.39562225341797,92194,2,1.7335604437279422,3,0,0,0,0,0,0
27,1,22.785709381103516,91235,4,1.5615941706931602,2,0,0,0,0,1,0
39,8,63.83835220336914,90155,4,0.502737409832119,3,0,0,0,0,1,0
36,17,38.17280578613281,96409,4,0.22675092198750246,1,0,0,0,0,1,0
60,36,149.98074340820312,91308,2,3.3140271075247947,1,0,1,0,0,0,0
64,40,160.38746643066406,93009,2,3.6771039555684917,1,0,0,0,0,1,0
36,23,53.336524963378906,92098,2,1.2124367116000208,3,142,0,0,0,1,0
56,24,118.48735809326172,94740,2,7.098113273711358,1,0,1,0,0,0,0
32,9,44.897029876708984,92554,1,1.2088967820231205,2,0,0,0,0,1,0
50,20,180.58908081054688,91853,2,4.836106239374057,3,0,0,1,1,1,1
44,24,50.947418212890625,92975,2,1.754423789891394,2,0,1,0,0,0,0
29,2,84.95550537109375,95369,1,3.8736144881577617,2,0,0,0,0,1,0
65,34,95.2193603515625,94611,2,0.003944936821340728,3,0,0,0,1,1,0
28,7,63.93075180053711,95829,1,2.9371824195536376,2,0,0,0,0,1,0
66,36,67.78755950927734,94626,3,1.82568807023028,1,0,0,0,0,1,0
43,20,51.558685302734375,90103,1,0.12630208642393714,3,0,1,0,0,0,0
34,6,59.463356018066406,91340,3,0.6979058191052802,1,0,0,0,0,0,0
50,26,170.16600036621094,92152,2,3.2583061010236527,1,0,0,0,0,0,0
43,22,105.10209655761719,94102,1,5.025774532197733,1,0,0,0,0,1,0
39,25,70.79672241210938,94734,2,0.5848616083298925,2,0,0,0,0,0,0
34,5,80.13462829589844,93149,3,0.4066435481172796,2,141,0,0,0,1,0
56,26,134.72189331054688,92485,1,1.5389824947575061,2,0,0,0,0,1,0
60,35,20.144020080566406,94122,4,0.24295735820364872,3,0,0,0,0,1,0
62,38,73.5011978149414,94421,2,0.11698964537602721,3,0,0,0,0,1,0
46,19,34.840335845947266,92826,3,0.7422275658080303,2,0,0,0,0,1,0
32,9,94.57594299316406,94917,2,1.3948363593618944,2,0,1,1,0,0,0
54,33,53.009986877441406,95806,1,1.6809446698004253,3,203,0,1,0,0,0
31,6,48.129154205322266,94971,4,1.2773939792101041,3,0,0,0,0,1,0
34,6,149.68148803710938,93898,1,1.9600906964397682,1,397,0,0,0,0,0
60,27,122.68836975097656,92241,2,1.9342190617176565,2,0,0,0,0,1,0
47,30,148.90699768066406,89983,2,2.5371480929515364,1,321,1,0,0,1,0
43,19,31.776803970336914,92442,3,0.984965813065032,2,78,0,0,0,1,0
62,41,68.9138412475586,95664,2,0.9051166509559829,3,0,0,0,0,0,0
64,36,32.802772521972656,92700,1,3.071134519649248,3,0,0,1,0,0,0
42,16,166.8354034423828,95480,2,5.9795613571347985,1,0,0,0,0,1,0
64,39,92.1179428100586,92132,2,0.21766707870353308,1,269,0,0,0,1,0
27,0,75.14741516113281,95014,4,1.545090770919013,3,0,0,0,0,0,0
45,23,91.14511108398438,91774,3,0.6845713996484719,2,0,0,0,0,1,0
40,20,98.10413360595703,96459,1,2.727792354782056,3,99,0,0,0,1,0
32,9,102.8555679321289,94421,1,2.2140168561211278,1,0,1,0,0,1,0
41,12,93.35071563720703,94751,1,0.17136602612593216,1,140,1,0,0,0,0
39,13,154.1515655517578,94282,2,0.9095337229761653,1,0,0,0,0,1,0
59,36,34.081504821777344,94493,3,0.8638907954951522,1,0,0,0,0,0,0
66,40,75.60301971435547,92050,4,1.7767496237507352,3,0,0,0,0,1,0
32,6,115.2215805053711,90301,2,2.5162572849616147,2,0,1,1,0,1,0
61,37,102.3121337890625,91221,2,1.4434880551801696,3,0,0,0,0,0,0
30,8,108.92958068847656,92499,2,4.925919948001244,1,0,0,0,0,0,0
54,19,8.876419067382812,90590,1,0.6064932019991436,2,107,0,0,0,1,0
40,5,112.44833374023438,93781,2,1.9922591668247303,2,0,0,0,0,1,0
45,24,180.1539764404297,94423,1,4.313591302295656,1,0,0,0,0,0,0
32,14,96.06478881835938,92174,2,0.9537444916552559,1,0,0,0,0,1,0
42,20,72.54322814941406,94659,3,1.687903562573999,2,0,0,0,0,0,0
31,1,50.77770233154297,90142,2,0.20490285149705365,2,0,1,0,0,0,0
44,19,49.158626556396484,91849,1,1.763292023603491,1,166,0,0,0,1,0
53,26,168.2867431640625,94850,1,4.678966686839049,2,0,0,0,0,0,1
42,19,73.08522033691406,92269,2,0.838767772261577,3,99,1,0,0,1,0
49,23,92.72806549072266,94732,3,0.845009083190681,1,0,0,0,0,0,0
24,1,176.2371826171875,92704,2,4.876896022811229,2,0,0,0,0,0,1
52,31,54.28919219970703,91197,3,1.6508082962013686,2,226,0,0,0,1,0
39,17,200.80308532714844,95413,2,2.512147734337391,1,329,0,0,0,1,0
39,10,47.55207061767578,92076,2,0.26327280198180236,3,292,0,0,0,0,0
46,26,72.31035614013672,92084,3,2.606022827873356,1,135,0,0,0,0,0
34,11,13.900025367736816,96147,1,0.926444002605372,2,119,0,0,0,0,0
25,21,32.2457275390625,91507,2,0.7995710107219244,3,160,0,0,0,1,0
59,35,155.04141235351562,90017,4,3.5549742532523676,1,0,0,0,0,0,0
38,12,95.83879089355469,91565,2,2.2744556267356697,3,0,1,1,0,0,0
52,21,110.62784576416016,91783,3,2.8420126124098477,2,0,0,0,0,1,0
50,26,193.2257080078125,95675,2,3.7897508463964638,3,378,0,1,1,1,1
34,9,21.14960479736328,94319,3,0.13979982676897573,1,102,0,0,0,0,0
48,20,34.804481506347656,94414,1,2.9233567899719164,3,0,0,1,0,0,0
40,20,83.74246215820312,90991,3,0.4287604074325542,2,0,1,0,0,0,0
49,19,105.93488311767578,90967,2,2.468986919363154,1,0,0,0,0,1,0
49,32,28.703964233398438,90387,3,1.7463052733649906,1,0,0,0,0,1,0
58,30,170.31568908691406,92679,4,4.722827031572139,3,0,0,0,0,0,1
46,21,21.14520835876465,92978,1,0.18477076879262194,2,0,0,0,0,1,0
65,35,39.642051696777344,90558,4,1.875078087457863,2,0,0,0,0,1,0
27,12,27.993865966796875,93383,4,0.4014841517712683,1,0,1,0,0,0,0
32,10,34.859764099121094,94910,2,1.423397349681327,3,0,1,0,0,1,0
44,11,59.07682800292969,93622,2,0.264400701660356,1,114,1,0,0,0,0
45,23,51.58329391479492,94321,3,0.95284331971973,2,103,0,0,0,1,0
54,35,141.94659423828125,92723,4,2.244412559080635,1,0,1,0,0,1,0
64,40,39.245182037353516,94968,4,0.47049769938710473,2,0,1,0,0,1,0
59,31,19.629894256591797,96210,3,1.140299172810804,1,0,0,0,0,1,0
35,5,15.780328750610352,94309,4,2.716969522108047,1,0,0,0,0,0,0
56,30,113.11217498779297,91473,3,1.5815541523604912,1,0,1,0,0,1,0
57,32,77.19729614257812,95088,2,1.6595905909694828,1,258,0,0,0,1,0
50,34,175.9214324951172,93109,2,6.35450727156183,1,494,1,0,0,1,0
49,21,44.973445892333984,90394,2,0.4791446082836584,2,104,0,0,0,0,0
48,25,19.287002563476562,93548,3,0.6029418629258625,3,0,0,0,0,0,0
42,25,80.37976837158203,94492,2,0.5198092820549449,3,0,0,0,0,1,0
62,27,16.59214973449707,90266,3,0.6457597262263484,2,133,0,0,0,1,0
63,39,32.689022064208984,94112,4,0.24671925756659185,1,0,1,0,0,0,0
58,34,90.61769104003906,94695,4,0.8486417289083459,1,0,0,0,0,1,0
57,16,87.18730926513672,89740,1,3.954683953693211,1,198,0,1,0,1,0
50,26,88.41152954101562,95596,4,3.1961128453421943,1,0,1,1,1,0,1
64,40,63.18143844604492,94212,2,0.2802650489428721,3,0,1,0,0,0,0
33,10,60.04716110229492,93195,4,0.6476194004486358,3,0,0,1,0,1,0
55,28,61.96989440917969,90565,4,2.5364977269096354,2,0,1,0,0,1,0
60,35,52.70463180541992,90210,1,2.0561970104472356,3,0,1,0,0,0,0
54,27,45.278350830078125,94680,1,1.1273542934421492,3,0,0,1,0,0,0
29,4,206.2963104248047,95831,1,5.264767968239336,1,377,0,0,0,1,0
41,3,21.448862075805664,96072,4,0.5083628667308302,1,0,0,0,0,1,0
44,4,115.47550201416016,94614,3,1.987905517051479,1,0,0,0,0,1,0
62,35,165.97467041015625,90015,2,2.132271660910825,1,0,0,0,0,0,0
25,0,188.7206573486328,92388,3,6.5568144021475945,2,396,0,0,0,1,0
32,6,62.619873046875,94499,4,0.8566007443100754,1,0,0,1,0,1,0
56,29,74.57060241699219,94170,2,2.0636207821231456,2,174,1,0,0,0,0
31,7,197.39317321777344,93987,2,8.443947488770341,1,0,0,0,0,1,0
61,29,32.35710144042969,93943,4,0.9358616443159444,3,0,1,0,0,0,0
27,9,138.34458923339844,95054,4,1.948405563505078,1,0,1,0,0,0,0
28,5,69.43252563476562,91130,3,1.719270699579263,1,0,1,0,0,1,0
51,29,171.2471923828125,90102,2,5.636012913891912,1,0,0,0,0,0,0
48,25,196.8077850341797,92346,2,8.384552746794347,1,0,0,0,0,1,0
38,11,81.19734191894531,90942,3,1.6788978370859324,3,282,0,0,0,0,0
35,10,78.26536560058594,95959,4,2.7494157414481237,1,254,1,1,1,1,0
66,42,104.64397430419922,93793,2,1.8648447311438436,1,188,0,0,0,1,0
63,41,81.7909164428711,92896,4,1.2451033569231265,2,0,0,0,0,1,0
43,7,68.96224975585938,95169,3,0.9635797006084481,2,95,1,0,0,1,0
56,38,59.800418853759766,91511,3,1.641839057736686,1,0,0,0,0,1,0
42,29,90.3312759399414,96244,2,0.72017820087175,1,0,0,0,0,1,0
27,2,192.479736328125,94768,2,2.8956823248747883,2,0,0,0,0,0,1
44,33,170.23165893554688,91179,2,6.157097178292119,1,0,0,0,0,0,0
39,3,159.199462890625,89904,1,6.901451591106202,1,0,1,0,0,1,0
50,23,90.9288558959961,94106,1,2.9103103297790573,3,0,0,0,0,0,0
39,13,109.3680419921875,92949,4,0.9466153388500356,3,120,1,0,0,1,0
45,31,144.8868865966797,92922,1,4.946853707666101,1,204,1,0,0,0,0
47,23,63.114437103271484,92160,4,1.0960528110668668,1,97,0,0,0,1,0
64,37,60.131256103515625,92526,1,1.5356083784101693,3,0,0,0,0,1,0
30,5,66.60249328613281,94316,3,0.0590570021463403,1,242,0,0,0,1,0
31,9,18.044475555419922,91356,2,0.2590001187317267,3,0,0,0,0,1,0
58,32,166.29824829101562,92910,4,6.826172179820999,1,0,0,0,0,1,0
30,5,62.05106735229492,92047,4,1.626751451885135,2,0,0,0,0,0,0
58,34,153.8402557373047,92133,2,2.4680908095822582,1,0,1,0,0,1,0
53,24,116.0953598022461,93064,1,2.6407319526211195,2,0,1,0,0,1,0
61,38,40.99525833129883,91916,1,0.6900695814911136,2,103,0,0,0,1,0
61,34,43.957801818847656,92129,2,0.35145181344189086,2,0,1,0,0,0,0
57,31,143.42721557617188,91765,2,2.3251374044481214,1,0,1,0,0,1,0
54,28,62.166866302490234,92846,3,1.1356152103147636,2,175,0,0,0,1,0
40,18,79.29798126220703,91039,3,2.031278402961218,2,0,0,0,0,0,0
44,20,76.7627182006836,91247,2,1.9910959928323084,3,232,1,0,0,1,0
31,10,22.329387664794922,94907,1,3.123710008549796,2,101,0,0,0,1,0
29,13,46.79296112060547,94280,3,0.136452433771583,2,151,1,0,0,0,0
57,35,129.2741241455078,94779,2,1.6029983304105664,3,0,0,0,0,0,1
51,35,16.76238441467285,92658,3,0.2695197419327154,3,0,0,0,0,0,0
45,15,52.37334442138672,93930,1,2.843127671965779,3,0,0,0,0,1,0
59,35,62.31196594238281,94388,2,0.6013390553320104,3,0,0,0,0,0,0
58,26,63.04924774169922,92051,2,0.13833133611835452,2,0,0,0,0,1,0
51,24,46.45045852661133,94554,4,1.7986268133453942,2,0,1,0,1,1,0
33,4,145.62770080566406,95311,2,7.510075365076821,1,0,0,0,0,1,0
58,36,26.235897064208984,92443,2,1.9390578666219094,3,158,1,0,0,1,0
61,36,76.1644515991211,94812,2,0.7401254948375352,1,0,0,0,0,1,0
51,17,103.65618133544922,92970,1,0.6804851977228075,2,0,0,0,0,1,0
59,15,11.805449485778809,96494,3,1.2018741911700968,3,0,0,0,0,1,0
29,5,22.65088653564453,95028,4,1.2785628628289853,2,139,0,0,0,1,0
54,29,104.34945678710938,90123,1,3.4364244713047074,1,264,0,0,0,1,0
28,3,45.35247039794922,94737,4,1.8203604586775588,3,0,0,0,0,1,0
46,18,28.129905700683594,92121,3,0.16962281949077085,2,0,0,1,0,1,0
52,28,90.66026306152344,90251,4,3.0825156670721006,3,0,0,0,0,0,0
24,3,55.15272521972656,91143,3,0.5366747775857674,3,158,0,0,0,0,0
55,24,70.26980590820312,94331,3,2.8306618111769435,2,0,0,0,0,0,0
42,14,153.66851806640625,94757,1,0.4002195908260644,1,0,0,0,0,0,0
48,22,108.71453094482422,90315,4,6.787313222031715,2,0,0,0,0,1,1
62,37,34.71920394897461,94183,3,0.3638773485163057,1,0,1,0,0,0,0
66,41,116.27031707763672,90160,3,1.96179083470604,1,389,0,1,0,1,0
55,27,18.340702056884766,91708,3,0.13524777276219085,3,0,1,0,0,1,0
55,25,107.0395278930664,95297,2,1.6828757547237678,1,215,0,1,0,0,1
30,17,30.95659637451172,94185,1,2.3085444613913433,2,135,0,0,0,1,0
31,4,48.94026565551758,92118,2,0.9417784571608393,2,234,0,0,0,1,0
46,18,171.77671813964844,94476,1,0.6852669387616832,1,0,0,0,0,1,0
53,30,15.86768913269043,94102,1,1.7047265516426895,3,0,0,0,0,0,0
45,30,29.734235763549805,91173,1,1.0551337914431116,1,0,0,0,0,1,0
25,2,110.86439514160156,91482,1,1.1501084252429579,3,231,0,0,0,1,0
31,12,162.2379608154297,92174,4,3.046963383323507,1,0,0,0,0,0,0
41,17,114.29319763183594,96480,2,3.4095325734008792,1,0,0,0,0,1,0
35,17,70.85014343261719,94781,3,1.1693052921951428,1,0,1,0,0,1,0
57,28,51.76346206665039,93071,2,1.7685144594854179,3,0,0,1,0,1,0
29,4,18.048229217529297,94166,4,0.18750124054341338,3,0,0,0,0,0,0
48,33,97.1290283203125,90175,1,1.1642132933808849,1,0,0,0,0,0,0
48,18,120.26669311523438,93298,1,3.4181292205960743,2,0,0,0,0,0,1
49,35,123.16622161865234,95279,1,3.628965189290994,1,0,0,0,0,1,0
58,32,14.999935150146484,92904,2,0.3955195741107148,3,62,0,0,0,1,0
34,7,41.265804290771484,95661,2,1.1308521407995287,2,277,0,0,0,0,0
27,1,38.576377868652344,94168,4,1.5557083136312415,2,0,1,0,0,1,0
60,36,57.173885345458984,94541,1,1.5254113702776433,3,0,0,0,0,0,0
40,22,77.34993743896484,91491,1,3.8178763843468735,3,0,1,0,0,0,0
44,25,58.800167083740234,93187,1,1.1959775047149541,3,0,0,0,0,0,0
43,5,34.170654296875,90971,4,1.8613165901101787,1,0,0,0,0,1,0
61,34,110.35546875,92669,3,1.376067954081368,3,0,0,0,0,0,0
55,27,14.150217056274414,95063,3,0.7509224333454432,1,0,1,1,1,1,0
40,13,57.03273391723633,91466,2,0.7171518757502744,1,0,0,0,0,0,0
28,21,48.914955139160156,96362,1,1.1524052433934182,3,0,0,0,0,1,0
48,21,93.90142822265625,91904,2,0.5339515230398391,3,202,1,0,0,1,0
54,27,31.757570266723633,91872,4,0.1118745646686844,3,0,0,0,0,0,0
31,7,34.763465881347656,94305,2,0.09023502085794247,1,0,0,0,0,1,0
57,24,42.949249267578125,94799,4,1.9511127595128903,3,0,0,0,0,0,0
30,7,124.17292785644531,92924,3,1.1719022575843578,1,267,0,1,1,1,0
58,35,64.84243774414062,91976,4,0.945135342003193,1,0,1,0,0,1,0
31,9,82.61563873291016,91211,1,0.3823205598913649,1,0,0,0,0,1,0
47,19,146.63665771484375,94549,4,5.8414645731758155,2,0,1,0,0,0,1
27,1,35.642822265625,94269,4,1.5629179696083124,3,0,1,1,0,0,0
32,3,213.6387481689453,92349,4,2.862792612998709,3,0,0,0,0,0,1
35,6,68.91551208496094,94331,2,1.9696846356816688,3,0,0,0,0,1,0
62,36,36.6663818359375,92012,1,0.3020476661284022,1,0,0,0,0,1,0
42,11,38.741783142089844,94100,2,1.1711355242831103,2,140,1,0,0,1,0
31,5,64.19528198242188,91284,3,1.8818523835910037,2,0,0,0,0,1,0
42,18,179.99391174316406,90014,1,1.266403885442751,1,382,1,0,0,1,0
27,11,55.557884216308594,95375,4,1.5009571090279494,2,0,0,0,0,0,0
42,15,38.27988815307617,91368,2,1.9245640194784621,1,0,1,0,0,1,0
51,28,154.58595275878906,90386,1,1.1793493820750773,3,0,1,0,0,1,0
45,17,173.85044860839844,92233,2,7.990800549490968,1,283,0,0,0,0,0
40,12,50.473594665527344,91401,2,0.7228963832303257,3,0,0,0,0,0,0
51,20,201.05239868164062,95691,2,4.418482832432618,1,239,0,0,0,0,1
31,6,42.77315902709961,90917,2,0.18245417578513745,2,0,0,0,0,0,0
33,7,63.868736267089844,91062,1,2.1138062923622942,1,0,1,0,0,1,0
30,1,34.25862121582031,93109,4,0.6722755584788814,3,0,0,0,0,0,0
30,8,100.08525085449219,94356,1,1.234096865951531,1,0,0,1,0,1,0
32,11,171.0760955810547,92129,1,0.8922651108901518,1,0,0,0,0,1,0
25,1,132.26416015625,92209,1,2.678502231617441,1,189,1,0,0,0,0
55,25,107.24911499023438,94141,2,2.022724266052659,2,0,0,1,0,0,0
28,-1,122.81108856201172,91595,4,2.6972284628270025,2,148,0,0,0,0,1
65,38,65.41032409667969,93675,2,0.24676013616792208,2,0,0,0,0,0,0
50,23,15.666658401489258,92744,1,0.35140567278705187,3,116,0,0,0,1,0
37,16,81.62352752685547,91542,2,2.181640240239951,1,0,1,1,0,0,0
45,22,135.77947998046875,94142,1,0.14729920383563178,1,0,0,0,0,1,0
64,31,20.84741973876953,95705,3,0.7861524266006306,1,114,0,0,0,1,0
34,3,53.08533477783203,96018,4,1.5802348745141275,1,0,0,0,0,1,0
28,20,70.16816711425781,93787,2,1.3959449204331305,2,383,0,0,0,0,0
48,26,46.494903564453125,90827,4,1.0370781913560208,1,0,0,0,0,1,0
37,19,158.8961639404297,91325,1,2.366347882947343,1,0,0,0,0,1,0
31,6,56.073020935058594,95269,3,0.592045859877282,1,89,0,0,0,0,0
37,7,69.90633392333984,92243,4,0.7083979229577821,3,0,1,0,0,1,0
47,21,83.06835174560547,95046,1,2.7788776430914908,1,0,0,0,0,1,0
27,0,70.02951049804688,95602,2,0.3266274263979362,3,0,0,0,0,0,0
46,13,50.17951202392578,90745,3,1.3661865962332151,2,0,0,0,0,1,0
57,37,83.88754272460938,94446,1,1.812554465313378,1,0,0,0,0,0,0
47,19,28.84110450744629,90100,1,1.8123842403534354,2,238,0,1,0,0,0
49,23,128.4826202392578,95537,2,6.416899266357607,1,0,0,0,0,0,1
30,4,74.91692352294922,95816,3,1.4309710890763996,2,0,0,0,0,0,0
33,22,31.143579483032227,90218,1,0.05584683690872702,2,146,0,0,0,0,0
30,5,89.24090576171875,93916,2,2.714549405196211,3,0,0,0,0,0,1
36,10,215.450439453125,91573,2,4.463475815390683,1,223,1,0,0,0,0
46,24,113.47503662109375,95829,2,1.6733985969734004,3,542,0,0,0,0,1
56,27,49.19801712036133,94670,1,0.2850465436765429,2,0,1,0,0,1,0
46,16,85.18630981445312,92146,4,3.745841068717405,1,0,0,1,0,0,0
28,9,72.40255737304688,92096,1,1.781105030337541,3,133,0,0,0,1,0
48,25,38.82487487792969,96533,2,1.8667781161412922,2,0,0,0,0,0,0
34,5,49.738853454589844,91966,3,1.6930194329136221,3,0,0,0,0,1,0
52,35,17.79122543334961,94115,1,0.25817201955542257,2,0,1,0,0,1,0
56,34,81.690673828125,90245,3,0.10066368151885155,3,0,0,1,0,1,0
61,34,84.14688873291016,94638,4,1.2760912120072156,3,0,0,0,0,1,0
50,12,38.88360595703125,94755,3,1.244713751325089,2,0,1,0,0,1,0
45,18,43.53923034667969,94034,4,0.7353216262946738,2,0,0,0,0,0,0
49,27,17.480438232421875,93523,3,1.322628571307681,1,0,0,0,0,0,0
29,8,189.69290161132812,93222,4,5.443644542505537,1,0,1,0,0,0,0
33,10,101.62203216552734,94487,4,1.7921105357040235,1,0,1,0,0,0,0
63,40,107.92210388183594,94762,2,3.3952463750026016,2,0,0,0,0,1,0
64,37,53.50825119018555,95109,2,2.08132234836781,3,0,0,0,0,0,0
56,25,67.08168029785156,94285,3,0.16251271227155095,2,0,0,0,0,0,0
37,5,78.73784637451172,95440,2,1.2354774269723725,1,304,0,1,0,1,0
31,16,23.179710388183594,95112,3,0.6925007362211695,2,0,0,0,0,0,0
32,7,107.8362045288086,93051,1,2.9151222031156956,3,0,0,0,0,0,1
26,6,47.12538528442383,92512,3,0.634780855472642,2,146,0,0,0,0,0
37,14,46.308799743652344,92249,1,0.76268571620296,3,0,0,0,0,1,0
36,28,106.28790283203125,93639,2,1.1965454295702171,1,243,0,0,0,1,0
52,25,67.79701232910156,91869,2,1.1134381939289422,2,0,0,1,0,0,0
34,13,140.92864990234375,95768,1,2.612750930703058,1,0,1,0,0,1,0
36,16,91.25379180908203,92925,3,1.8782325311666885,2,0,1,0,0,1,0
58,34,49.16616439819336,93986,2,0.40544874998800357,1,0,0,0,0,1,0
51,31,28.989530563354492,90282,3,0.7922652648241113,3,0,0,0,0,0,0
33,11,155.91526794433594,92388,2,3.178848177891082,1,0,1,0,0,1,0
59,35,33.609073638916016,95647,4,1.5730140407564888,2,0,0,0,0,0,0
51,20,49.677406311035156,95873,4,1.9031045678965461,1,0,0,0,0,1,0
35,5,123.05101013183594,94152,1,0.6868376877105733,3,105,0,0,0,1,0
52,24,47.87910842895508,90236,1,1.243813528469588,1,163,1,0,0,0,0
50,12,182.23748779296875,91408,2,3.081146722614412,1,0,1,0,0,1,0
37,20,203.4288787841797,90184,1,5.20128478062507,1,0,1,0,0,0,0
56,28,50.04395294189453,90999,4,2.2695848971330745,2,337,0,0,0,1,0
63,35,59.22522735595703,94669,4,0.8765973844717038,2,0,0,0,0,1,0
52,34,137.3218994140625,91931,2,3.521810035802654,1,0,0,1,0,1,0
32,7,48.86256790161133,91976,2,0.46721465670767315,3,0,1,0,0,1,0
63,38,78.56065368652344,92606,1,1.500227894372106,1,360,0,0,0,0,0
30,5,63.96800994873047,94406,1,1.1434253742332912,3,0,0,0,0,0,0
61,34,45.76271057128906,92067,1,0.631662452688001,2,333,1,0,0,1,0
26,4,33.34937286376953,94919,4,3.235226195059872,1,0,1,0,0,1,0
65,29,36.688560485839844,95540,3,0.9733211617073403,2,0,1,0,0,1,0
42,18,50.71324920654297,94233,4,0.6043054190647217,2,0,0,0,0,1,0
29,4,78.50518035888672,95109,3,2.777659534618398,2,139,0,0,0,1,0
37,7,114.09020233154297,92262,2,1.3463566390055388,1,0,0,1,0,1,0
59,33,137.36331176757812,95046,2,6.756025820489183,3,0,0,0,0,1,1
56,30,86.1775894165039,95174,1,1.9829628011606428,1,0,0,0,0,0,1
43,8,43.09772491455078,95102,4,1.43019174174345,1,0,0,0,0,0,0
29,12,103.12666320800781,94587,2,2.186479800458264,1,0,0,0,0,1,0
55,27,68.05401611328125,94405,4,1.862044032576045,1,217,1,0,1,1,0
38,23,83.71373748779297,95270,2,0.44308681204896194,1,0,1,1,1,1,0
40,20,82.38275146484375,90994,2,1.6712030747990756,2,0,0,1,0,0,0
55,32,56.55377197265625,91562,2,0.0855500479005204,3,0,0,0,0,0,0
37,10,17.545547485351562,95687,4,0.7848567732351467,2,0,0,0,0,1,0
65,39,45.76987075805664,94390,1,0.7939316403169191,3,105,0,0,0,0,0
48,16,34.672462463378906,93897,1,0.17353062889258797,3,0,0,0,0,0,0
48,24,52.00642395019531,94040,3,0.8034715254861231,1,0,0,0,0,0,0
63,38,60.213043212890625,90377,1,1.6621555981149887,3,150,0,0,0,1,0
42,20,46.564876556396484,91976,4,0.588153226236125,2,0,0,1,0,0,0
37,15,43.67138671875,92517,1,0.6267260077079067,1,0,0,0,0,1,0
42,17,154.0087890625,91719,2,5.365609826802361,3,0,0,0,0,0,0
62,30,66.90150451660156,94383,1,1.8147268513552985,3,0,0,0,0,1,0
32,8,58.69035339355469,91764,2,1.5168330169260447,2,0,0,0,0,0,0
42,25,62.10554504394531,95136,3,1.5131873869161516,2,114,0,1,0,1,0
28,1,91.13455200195312,91971,4,1.4252584813687112,2,165,0,0,0,0,0
33,12,26.67188835144043,91769,3,0.295785015011808,2,0,0,1,0,1,0
42,24,77.36286163330078,92117,4,1.7848539080702874,3,0,0,1,0,0,0
32,13,149.66407775878906,94522,1,1.0817671681932945,1,0,0,0,0,1,0
32,6,135.30807495117188,90048,4,2.4947530056675644,1,0,1,0,0,0,1
59,41,24.42169761657715,92930,2,1.587953213175584,1,105,0,0,0,1,0
42,16,55.438167572021484,90879,1,1.1088782089794655,1,0,0,0,0,1,0
61,35,46.88542938232422,91553,3,1.0005057642413215,2,0,0,0,0,0,0
56,21,41.94233322143555,90004,3,1.7524213846815,1,0,0,0,0,0,0
58,35,101.48755645751953,90684,4,0.8066088443554222,3,100,1,0,0,0,1
59,26,26.512264251708984,94103,4,0.2898198692602551,3,92,0,0,0,0,0
53,25,28.383296966552734,95799,4,1.2329055429291769,1,396,0,0,0,1,0
37,10,16.023569107055664,95773,4,1.7370576559168045,1,117,0,0,0,1,0
58,33,14.200762748718262,90051,4,1.0467766905009,3,90,1,0,0,0,0
29,15,130.65455627441406,91664,2,2.011141129170305,1,210,0,0,0,0,0
49,27,110.77864837646484,94798,1,4.4574505676016285,1,0,1,0,0,1,0
28,24,19.22061538696289,96344,4,1.2530790218313073,1,0,1,1,0,1,0
51,21,15.934328079223633,90059,3,0.5320622197544496,1,0,0,0,0,0,0
39,13,75.47257995605469,94478,2,3.0886327049161615,3,0,1,0,0,1,0
31,6,32.71086120605469,94631,2,0.36693296046942503,1,0,0,0,0,0,0
46,13,16.789363861083984,92008,1,0.547058568114814,2,0,0,0,0,1,0
64,36,47.265472412109375,90903,1,0.5373917850725792,3,0,1,0,0,1,0
51,26,62.99814224243164,91831,2,3.6198070407773297,1,0,0,0,0,1,0
53,19,123.11035919189453,91274,1,2.2478463510262827,2,0,0,0,0,1,1
63,38,115.80128479003906,94905,1,2.6356000838017555,2,0,1,1,0,1,0
67,39,146.01795959472656,89946,3,2.4858944707986383,2,0,0,0,0,1,1
53,23,118.79646301269531,94777,2,1.4221615742270033,3,240,1,1,1,1,1
40,16,68.89147186279297,91652,1,2.58333348714628,1,0,0,0,0,0,0
42,18,33.15113067626953,90303,3,2.1244033315727258,2,0,0,0,0,1,0
53,8,48.081504821777344,95821,2,1.4985877192869494,3,0,0,0,0,0,0
31,5,92.2619400024414,91219,4,0.2588312413300389,1,0,1,0,0,1,0
44,17,42.662086486816406,95267,3,0.7138771413618754,2,146,1,0,0,1,0
28,5,150.79966735839844,95533,2,1.6716190006384593,1,0,1,0,0,1,0
57,32,83.69884490966797,93154,4,1.8210035202722157,1,0,0,0,0,1,0
48,25,90.22166442871094,95778,3,2.069413168581515,2,0,0,1,0,0,0
39,23,83.91354370117188,93153,3,1.2930258874421636,3,0,0,1,0,0,0
66,40,25.16301155090332,92267,4,0.19434905425424875,3,0,0,0,0,0,0
51,27,42.55380630493164,94054,3,1.1885065696121222,2,0,0,0,0,0,0
40,26,23.528072357177734,91888,4,0.7263776552571959,2,162,1,0,0,1,0
33,8,36.69637680053711,89839,2,0.5144112397402842,1,0,0,0,0,1,0
33,11,120.72602081298828,91949,1,6.194443829264451,3,0,0,0,1,1,1
61,33,67.86174011230469,93999,1,2.1653099605087314,1,0,0,0,0,1,0
52,33,38.76100158691406,93875,2,0.8324965382438195,3,0,0,0,0,1,0
53,36,124.03126525878906,94185,2,1.613154822485181,1,0,0,0,0,0,0
59,35,114.9773178100586,91057,2,0.5489106377135407,1,0,0,0,0,0,0
53,30,55.12186050415039,91255,3,1.6267992603142003,2,104,1,0,0,1,0
65,30,12.348442077636719,91749,3,0.7541688744930688,3,106,0,0,0,1,0
39,16,68.77531433105469,95091,1,0.08702206244834954,3,105,0,0,0,0,0
52,27,156.78810119628906,93193,2,5.127896952833636,1,399,0,0,0,0,0
40,8,207.0884552001953,91548,2,3.639161604051208,1,0,0,0,0,1,0
55,31,128.55801391601562,94861,2,0.739729054201495,1,0,1,0,0,0,0
42,16,164.7349853515625,90318,1,2.0525653009545834,1,0,0,0,0,1,0
62,40,63.7948112487793,91887,3,1.869677857225097,2,0,0,0,0,0,0
36,11,120.14024353027344,95124,2,0.6419937501954209,2,0,0,0,0,1,0
44,29,92.44807434082031,90912,4,2.3044419960519136,1,0,0,0,0,0,0
64,35,26.529560089111328,95767,1,3.613476624993837,1,0,1,0,0,1,0
49,20,139.8658447265625,92253,2,2.5283677908181863,1,0,0,0,0,1,0
63,34,16.894317626953125,95348,3,0.022282672304152595,3,0,0,0,0,1,0
59,36,50.8412971496582,94598,2,0.7487792923864898,3,0,0,1,0,1,0
61,39,36.816932678222656,92933,4,0.928049147669596,3,0,0,0,0,0,0
57,34,33.337646484375,95314,2,1.5456707291270861,3,0,0,0,0,0,0
55,25,133.13754272460938,94896,4,1.2729960121628483,1,0,1,0,0,1,0
51,25,75.68875122070312,93356,1,3.8044668713392236,2,219,0,0,0,0,0
42,19,140.922607421875,93854,1,2.4855024402625294,1,0,0,0,0,0,0
40,22,61.38946533203125,91711,1,2.61742712092827,2,0,1,1,1,1,0
46,22,47.327781677246094,92001,3,2.126479493582252,3,0,1,0,0,1,0
31,13,54.4335823059082,94131,1,1.6488695320178846,3,0,1,0,0,0,0
37,14,107.44042205810547,94625,3,3.235417013698994,1,247,0,0,0,1,1
37,14,152.8378448486328,91787,1,4.274312077732448,2,0,1,0,0,0,1
63,39,46.54385757446289,94233,2,1.9322856302946771,3,0,0,0,0,1,0
43,19,46.844608306884766,92118,1,0.8181637618481844,3,0,1,1,0,1,0
50,18,28.4835205078125,95088,4,0.8983511613738201,3,0,0,0,0,0,0
53,18,44.75090408325195,92182,3,0.3766758252429691,1,0,0,0,0,0,0
36,14,99.56827545166016,95662,3,0.6754410907015401,2,90,0,0,0,0,0
28,13,62.64912414550781,92675,1,1.1245183593761332,2,0,0,0,0,0,0
36,14,36.153358459472656,90448,4,2.022798801241965,3,0,0,0,0,0,0
60,38,40.157508850097656,92764,4,1.0544909963483116,1,0,0,0,0,0,0
59,30,48.130775451660156,91624,3,0.39244695225990534,2,0,0,1,1,1,0
52,21,169.1880340576172,95675,1,4.260280884605156,3,383,0,0,0,1,1
34,7,89.84344482421875,91891,2,1.70744422447807,1,0,1,0,1,1,0
35,9,42.88351821899414,94922,4,1.3309594023876903,1,0,1,1,1,1,0
52,26,72.68680572509766,91255,4,1.6630351645542691,3,0,0,0,0,0,0
36,12,23.482675552368164,90592,1,2.8910832873942143,3,0,0,0,0,1,0
38,10,74.8624496459961,95816,2,0.8828288482907881,3,148,0,0,0,1,0
44,20,71.52299499511719,95131,4,1.3886468366215348,3,0,1,0,0,1,0
64,39,87.71650695800781,95261,3,0.6188212295288051,2,0,0,0,0,0,0
38,9,46.59890365600586,94128,2,1.8320635890159087,1,0,1,1,1,1,0
63,35,79.54502868652344,95475,4,1.355068014190464,3,0,0,0,0,0,0
42,15,189.1466522216797,92078,3,7.252742591135665,3,0,0,0,0,0,1
30,2,35.17321014404297,93169,4,0.5928596952251064,2,0,0,0,0,1,0
59,27,40.9058952331543,92003,4,2.7302160546610947,3,137,0,0,0,1,0
35,14,110.49325561523438,91709,4,2.478630012226602,2,0,0,1,0,0,0
24,17,47.03130340576172,92504,4,0.9085486928295117,3,0,0,0,0,0,0
36,15,60.94327926635742,92098,3,1.3579276526447681,1,0,0,0,0,1,0
47,15,55.73941421508789,94457,4,1.1749499575132871,2,0,0,0,0,1,0
39,10,58.32905197143555,94531,3,2.424007693533963,2,0,0,0,0,0,0
60,25,24.301952362060547,92343,3,0.4979199364384548,1,166,0,1,1,1,0
55,25,22.43288803100586,91860,2,0.6234172425222044,1,0,1,1,1,1,0
60,34,17.424575805664062,91187,2,0.8162046035675978,3,87,0,0,0,0,0
65,36,64.1926498413086,95003,4,0.3766729335805164,1,0,0,0,0,1,0
53,22,23.834848403930664,94893,4,3.4859488089527417,1,0,0,0,0,1,0
39,16,40.17872619628906,92333,4,1.046773254032478,2,107,0,0,0,1,0
55,26,58.0654182434082,95428,4,0.5538806930311284,1,141,0,1,0,0,0
38,18,24.413877487182617,92192,4,0.38686050038102904,1,0,0,0,0,0,0
45,14,99.67520141601562,95595,3,0.5908877909731336,2,99,0,0,0,1,0
61,32,61.26463317871094,95281,1,1.960734573546129,2,0,0,0,0,1,0
50,22,28.265243530273438,92939,1,1.3641728472513748,2,0,0,0,0,1,0
36,9,53.628238677978516,92486,4,0.0972278341001809,1,0,0,1,0,1,0
55,33,96.91022491455078,91843,2,5.088781993263425,1,0,1,0,0,1,0
42,12,99.06466674804688,96066,1,2.4286300439065647,3,0,0,0,0,1,1
32,24,57.98754119873047,95081,4,0.6928464051316817,3,0,0,0,0,0,0
25,2,155.3669891357422,94048,3,2.870378889405079,2,241,1,0,1,1,1
60,32,99.90625762939453,90335,3,0.35567720007859066,2,0,1,0,1,1,1
51,24,33.18010330200195,90321,4,0.8508277183329365,1,0,0,0,0,0,0
46,24,120.00899505615234,90336,1,1.5036587099009076,3,0,0,0,0,0,0
49,23,67.68576049804688,91971,1,1.159511273376055,3,0,0,0,0,0,0
60,35,22.356250762939453,92578,4,0.6604549355375311,1,0,1,0,0,0,0
53,36,33.93586349487305,92332,1,0.24434495780645688,3,111,0,0,0,1,0
36,2,68.06040954589844,90119,2,1.0818333411644945,1,0,1,0,0,1,0
60,35,119.95901489257812,92303,1,0.843093534925422,1,174,0,0,0,1,0
50,33,56.250892639160156,92791,4,2.9880436750507555,3,0,1,0,0,1,0
47,16,31.000774383544922,90576,2,0.305116268063823,2,0,0,0,0,0,0
29,5,30.415424346923828,91796,4,1.9378589840880296,2,0,0,0,0,0,0
25,4,58.58506774902344,92252,1,0.29216366148367967,3,0,0,1,0,1,0
44,27,98.492919921875,91225,3,4.6551859753219995,1,0,1,0,0,0,0
32,2,114.6125717163086,90641,1,0.6620318442402499,1,222,0,0,0,1,0
52,8,58.30705642700195,90433,4,1.3064737184610036,1,0,0,0,0,0,0
50,25,17.65772247314453,96322,2,0.3793750859910103,3,0,1,0,0,1,0
42,17,69.72393798828125,90341,1,0.9741975180817631,2,0,0,0,0,1,0
32,7,68.36563110351562,91730,2,1.8233412733440812,2,237,0,0,0,1,0
42,19,74.18814086914062,96107,2,1.2789224001999182,1,0,1,0,0,1,0
55,21,50.166290283203125,95054,3,0.41575211721062694,3,0,1,0,0,1,0
47,16,208.2593994140625,91786,1,6.6179362100693835,1,0,0,0,0,1,0
29,2,67.25202941894531,94900,4,2.2024298198670422,3,0,0,0,0,0,0
57,28,61.95793914794922,95800,1,1.3541128434692251,2,116,1,0,0,1,0
40,6,57.114009857177734,94109,4,2.0313443955785586,2,0,0,0,0,1,0
62,39,21.606962203979492,94288,3,0.7356331086306096,3,0,1,0,0,1,0
51,33,96.48609161376953,96172,3,4.781770817844371,2,0,1,0,0,0,0
48,30,36.155643463134766,95224,4,0.6499491793602417,3,0,0,0,0,1,0
58,10,44.2712287902832,92803,4,0.9376712697283172,2,187,0,0,0,1,0
48,22,177.33299255371094,95435,1,1.2080292832873154,1,0,0,0,0,0,0
55,30,64.8255386352539,92039,2,3.8036509232914018,1,281,0,0,0,1,0
58,36,98.97764587402344,95307,4,2.0588599199635467,2,0,0,0,0,1,0
51,26,82.66820526123047,92314,2,3.2162244785945346,2,364,0,0,0,1,1
39,18,78.29273223876953,94338,3,1.1395244168142424,1,0,1,1,0,0,0
30,4,34.678558349609375,94560,4,0.5249297876363752,3,93,0,1,0,1,0
49,18,39.089927673339844,91241,1,2.3342466887573874,2,0,1,0,0,1,0
33,6,52.18016052246094,94350,4,2.9462046287564796,3,0,0,1,0,0,0
52,15,62.81196975708008,93076,2,0.5730739349282097,1,0,0,0,0,0,0
57,24,46.29975128173828,91821,1,0.8826181991836953,3,0,0,1,0,1,0
64,38,111.22982788085938,91456,4,0.4230013193578991,1,193,1,0,0,0,0
52,31,16.081762313842773,92792,3,0.6924701432705831,1,92,1,0,0,1,0
54,21,99.7271728515625,94533,1,5.045096661791192,3,0,1,0,0,1,0
59,37,98.3365707397461,91948,4,0.9680523222237176,1,0,0,0,0,0,0
25,19,40.71365737915039,90223,4,2.4263910891475153,1,143,0,0,0,0,0
33,2,55.86467361450195,94519,2,2.496205194322412,3,106,0,0,0,0,0
62,30,194.5920867919922,95554,2,5.465079160755429,3,466,0,0,0,0,1
38,10,82.50190734863281,92266,1,2.1050527038831577,3,142,0,0,0,1,0
65,38,9.133872985839844,94669,2,0.4859522814248373,1,0,0,0,0,1,0
43,15,113.4630355834961,95446,2,0.3766503582144698,1,0,0,0,0,0,0
59,27,35.84586715698242,91833,4,0.03972757797527621,2,0,0,0,0,1,0
27,3,69.31380462646484,95642,4,2.272117766090754,3,0,1,0,0,1,0
44,22,45.43775177001953,90140,3,0.6515400546988841,1,103,0,0,0,0,0
58,33,50.368621826171875,94637,2,1.132447010099072,1,0,0,0,0,1,0
51,17,86.6821060180664,91647,2,2.489363779222591,1,251,0,0,0,1,0
53,31,59.80325698852539,94705,4,0.9586394962717031,1,104,0,0,0,0,0
49,31,163.5697479248047,95719,2,1.3710995492658273,1,388,0,0,0,0,0
55,30,52.041656494140625,91158,3,0.47185481105674604,3,0,0,0,0,1,0
28,9,50.99421691894531,94387,3,0.16387976831898377,2,0,1,0,0,0,0
48,17,39.59632873535156,94453,2,1.3114715726693698,1,129,0,0,0,1,0
33,8,94.09324645996094,90310,4,3.5893013905128113,1,0,0,1,0,1,0
48,22,9.597326278686523,91386,4,0.3910850436564301,2,95,0,0,0,1,0
47,28,88.14726257324219,94323,2,2.455039467620253,3,255,0,1,0,0,0
35,9,51.010894775390625,95313,4,0.6117017258586411,3,0,0,0,0,0,0
44,12,46.66549301147461,91341,4,0.317527129791317,1,151,1,0,0,1,0
58,32,68.03681945800781,93016,3,3.04642708550937,1,0,1,0,0,1,0
31,10,202.4617462158203,90948,1,3.756330084749009,1,409,0,0,0,0,0
52,15,69.16168975830078,92442,4,2.0863164956063227,2,159,0,0,0,0,0
55,32,64.87195587158203,95306,3,0.8658850491846044,1,0,0,0,0,1,0
38,15,48.63789367675781,91218,1,0.35858014735552984,3,0,1,0,0,0,0
62,35,34.09588623046875,92983,2,1.3670249922214994,3,0,0,1,0,1,0
35,8,108.39716339111328,91934,1,2.188253176219202,1,0,0,0,0,1,0
58,30,29.29555320739746,92635,3,0.8791271065083571,1,0,1,1,1,1,0
29,1,139.29281616210938,94578,2,2.5385755019411613,2,0,0,0,0,1,0
28,6,85.79312133789062,90318,1,0.9609525849682342,1,0,0,0,0,1,0
50,34,91.56358337402344,94621,1,2.8733735368228435,1,0,0,1,0,0,0
50,19,151.6098175048828,90006,2,3.49619969583203,1,156,0,0,0,0,0
62,40,11.878158569335938,95643,4,0.24125411788116413,2,110,0,0,0,1,0
60,30,40.16781997680664,91891,4,0.49289872607675056,3,89,0,0,0,0,0
39,13,191.08480834960938,95378,1,6.374931937366687,2,377,1,0,1,1,1
41,25,69.32008361816406,94494,3,0.25173282557706755,2,240,0,1,0,1,0
45,22,84.134521484375,94511,4,1.395857446494475,1,0,0,0,0,0,0
62,36,56.61245346069336,95812,3,1.7613858580288886,2,0,1,0,0,1,0
39,9,65.20417785644531,89972,1,1.4672806099522377,3,0,1,1,0,0,0
44,19,156.51507568359375,90206,2,7.913624412860079,1,0,1,0,0,1,0
27,1,70.38955688476562,90225,2,1.5747275508055367,1,0,1,0,0,1,0
48,24,116.21907043457031,92802,2,4.3465772621056535,1,0,0,0,0,0,0
37,11,53.322509765625,94608,2,0.2813444634873006,2,0,0,0,0,1,0
30,6,182.01864624023438,90218,1,3.7871820961722973,1,235,0,0,0,1,0
45,24,45.22057342529297,95207,3,1.4935052224600796,1,0,1,0,0,1,0
45,24,128.4173583984375,90588,4,2.0779556046135688,3,205,0,0,0,0,1
30,3,72.88225555419922,91081,4,1.1153687468831441,2,0,0,0,0,0,0
48,28,117.9410400390625,93346,1,2.703176962735715,1,407,1,0,0,1,0
49,26,57.323211669921875,91576,4,0.36695833294525465,1,127,0,1,0,0,0
33,12,60.77251052856445,91158,2,1.9930353910180727,1,0,0,0,0,0,0
35,8,84.65709686279297,93048,4,1.2403255114102707,3,95,0,0,0,1,0
40,28,26.947425842285156,94462,3,0.9471816017929436,2,0,1,0,0,1,0
39,19,169.5940399169922,92130,2,6.404622234881175,1,0,1,0,0,0,1
31,6,47.296142578125,91615,4,0.8400001397277718,1,0,0,0,0,0,0
51,26,52.108604431152344,95078,2,2.716539005472465,3,0,1,0,0,0,0
45,17,97.23128509521484,95255,2,7.327382081140023,3,0,1,1,0,1,0
45,18,39.04318618774414,95653,2,0.03634259273222912,1,0,1,0,0,1,0
53,28,33.115333557128906,91589,2,0.4689449185581651,2,127,0,0,0,0,0
39,11,60.804691314697266,94804,2,2.6923544002989086,2,0,0,0,0,0,0
39,20,33.81690216064453,95066,4,0.12764146139031865,1,0,0,0,0,0,0
44,22,49.35655975341797,94694,3,0.7328376882478186,2,0,0,0,0,1,0
30,2,48.355464935302734,95788,4,1.5892268057467336,3,0,0,0,0,1,0
38,8,109.85235595703125,90579,4,3.1811714590119466,3,0,0,1,0,1,0
40,18,37.252830505371094,93363,2,1.1766822012727838,3,0,1,0,0,0,0
48,13,50.143585205078125,95414,3,2.318321509939717,2,0,1,0,1,1,0
50,23,40.58820724487305,93484,2,0.17063815648179126,3,0,1,0,0,0,0
57,31,74.65784454345703,91461,3,0.6981756028304853,2,0,0,0,0,1,0
45,27,13.52888298034668,92728,3,1.2035690825407326,2,123,0,0,0,1,0
58,31,66.57513427734375,92556,4,1.8402451249127814,1,0,1,0,0,1,0
35,8,35.70228576660156,95225,2,0.5947050787677364,3,0,1,0,0,0,0
52,37,113.69523620605469,92965,1,4.302384444563286,1,0,0,1,0,0,0
58,36,20.633146286010742,95524,3,0.3003652163036956,1,0,0,0,0,0,0
49,22,93.07762908935547,95627,4,1.1196651915277869,1,0,1,0,0,0,0
50,23,59.3034782409668,90320,1,1.9581946016281393,3,0,0,0,0,1,0
34,12,72.02486419677734,95314,2,1.865784804856737,1,0,0,0,0,1,0
45,3,28.141029357910156,95450,3,0.43544653177721104,1,0,1,0,0,0,0
62,34,101.71202850341797,90619,3,0.7007795448691267,2,0,0,0,0,1,0
33,5,33.68368148803711,94465,1,1.5333038075548704,3,0,0,0,0,0,0
57,25,116.6540298461914,95166,1,0.11540833317220467,1,0,0,0,0,0,0
54,26,67.73446655273438,90155,2,1.3194589510955077,1,238,1,0,0,0,0
43,16,34.291786193847656,93067,2,0.7572298825473971,3,134,0,1,0,0,0
25,-1,19.092803955078125,94859,4,1.768977325758616,2,0,0,0,0,1,0
50,26,40.05258560180664,90217,4,0.8057199646204402,1,0,1,0,0,1,0
38,12,61.82061767578125,94843,4,0.1899366224964184,3,0,1,0,0,0,0
34,17,132.17770385742188,94328,4,1.9427983391632342,2,125,0,0,0,0,0
52,25,19.464590072631836,91906,3,1.1824081900690546,1,108,0,0,0,1,0
55,32,46.137386322021484,92772,2,0.7806666914789809,2,0,1,0,0,0,0
35,3,24.446500778198242,95720,1,1.9290449200787445,2,0,0,0,0,1,0
61,39,36.00779724121094,92632,2,1.5261877077277808,1,0,0,0,0,1,0
53,16,54.64291000366211,94560,3,2.48601259725812,2,295,0,0,0,0,0
56,29,135.40975952148438,94500,1,3.265982895282731,1,0,1,0,0,0,0
40,22,120.31665802001953,94467,1,2.588787231476937,1,205,0,0,0,0,0
41,13,137.83026123046875,94692,2,3.381156164379003,1,0,0,0,0,1,0
30,5,107.99176788330078,94146,4,2.4808221056375968,1,0,0,1,0,0,0
52,26,33.739990234375,94029,3,2.6431395473327415,1,157,0,0,0,0,0
35,9,153.1345672607422,92816,2,2.3634737986027226,1,0,1,0,0,1,0
53,28,50.57033157348633,95534,2,0.8743725952909109,1,0,1,0,0,1,0
48,16,45.00517654418945,92385,1,2.612309220798592,1,108,0,0,0,1,0
43,19,15.699450492858887,91098,1,0.18157452715699113,1,0,1,0,0,0,0
58,33,50.32246398925781,92598,4,1.662691351010973,1,0,1,0,0,1,0
59,36,21.705833435058594,92151,1,0.3163113238394122,3,93,1,0,0,0,0
30,6,174.67723083496094,93137,2,2.837580103993634,3,317,0,0,0,0,1
58,33,20.53363800048828,92861,2,0.07495572372827822,1,0,1,0,0,0,0
24,-1,140.12623596191406,90317,1,4.469877809893399,3,0,0,0,0,0,1
63,30,78.77857208251953,94565,2,2.735681852701025,1,0,1,0,0,1,0
63,35,48.30318069458008,92578,4,0.3268630001292546,3,129,0,0,0,0,0
59,21,77.2246322631836,94729,1,1.423501459154861,3,0,1,1,0,0,0
57,12,54.69828414916992,91552,2,1.8417233395585928,1,199,0,0,0,1,0
51,38,119.38175964355469,94541,3,2.5310011568998294,1,0,0,1,0,1,1
49,30,48.8231086730957,93725,4,0.3707410442781237,2,0,1,0,0,0,0
60,29,84.58269500732422,95764,2,0.17687141053487163,1,387,0,0,0,1,0
32,4,183.0638885498047,94818,1,2.5911754757977405,3,0,0,0,0,1,1
51,14,176.5859832763672,95223,2,3.319754975339089,1,238,0,0,0,0,0
33,7,83.1302719116211,90202,1,1.051732049364981,1,0,0,0,0,1,0
46,20,53.64187240600586,92359,1,1.6969525574692035,3,121,1,0,0,0,0
55,25,45.258541107177734,94215,4,1.2627402074225125,3,0,0,0,0,0,0
47,21,100.3118896484375,94523,2,7.976074042884618,1,0,1,0,0,1,0
57,26,55.081233978271484,90179,2,0.2549420855851787,2,0,1,0,0,0,0
32,11,83.46394348144531,95789,3,0.28486277796486,1,0,1,0,0,1,0
56,29,81.08759307861328,93888,1,0.9650320017459654,1,0,0,0,0,0,0
27,1,62.70526885986328,94412,4,1.4850054544939395,2,0,0,0,0,0,0
37,15,110.18035125732422,91372,2,1.2700135966851434,1,216,1,0,1,1,0
33,-1,123.05567932128906,91582,1,6.277208444018938,1,0,1,0,0,1,0
28,5,154.94070434570312,92113,1,1.8895839107846164,1,0,0,1,0,1,0
30,7,23.07376480102539,94598,4,0.674019283323039,3,164,1,0,0,1,0
56,28,41.01152420043945,95891,1,0.37951937566618504,3,0,0,0,0,1,0
51,29,65.81476593017578,91546,2,0.550692530406666,3,213,0,0,0,1,0
58,23,76.8351058959961,95694,1,2.579579760766019,1,0,0,1,1,0,0
53,23,38.2637825012207,94406,4,2.1522033049505938,1,128,0,1,0,0,0
63,38,58.552188873291016,95962,1,0.5722621740338838,3,0,1,0,0,0,0
48,17,135.8863067626953,94490,1,2.3861181426336033,1,147,1,0,0,1,0
62,39,77.62245178222656,92144,4,1.9954432127876482,2,0,0,0,0,0,0
39,13,69.79806518554688,91795,4,0.3750934351076652,2,0,0,1,0,0,0
51,28,27.396530151367188,93815,4,0.6501627223461497,2,0,0,0,0,1,0
35,12,32.061744689941406,96149,4,0.15920189663357154,2,0,0,1,0,1,0
60,33,91.5145034790039,92049,4,0.5466468641405284,2,0,0,0,0,1,0
45,20,148.93370056152344,90678,1,2.02747858949005,1,0,0,0,0,0,0
49,22,33.9886474609375,93683,2,1.35997277434704,2,0,1,0,0,0,0
52,28,39.03125762939453,92172,2,1.6995207524677707,3,0,0,0,0,1,0
50,32,34.92512130737305,95539,2,0.6678830917821414,3,139,1,0,0,0,0
25,2,76.94515991210938,91634,3,0.4988681140215195,1,212,0,0,0,0,0
45,29,65.44256591796875,95032,3,3.3440888102065167,2,157,0,0,0,0,0
45,29,15.515530586242676,95555,4,1.2882227103838018,2,0,0,0,0,1,0
63,38,73.42389678955078,90076,3,1.661170154988822,2,0,0,0,0,0,0
39,6,78.16703033447266,94090,1,0.45885941367019234,3,182,0,0,0,0,0
31,16,32.398399353027344,94711,4,1.9442172054143438,1,0,0,0,0,0,0
42,14,130.5048828125,92610,1,5.401114728769874,1,0,0,0,0,0,0
59,34,89.2381362915039,93300,4,1.427147388904121,2,155,0,0,0,1,0
59,31,35.75031280517578,91412,2,1.5945985848156572,2,159,1,0,1,1,0
60,33,99.23969268798828,91204,1,0.7890092450446112,3,0,0,0,0,1,0
51,27,70.13829040527344,90198,4,2.259168153763928,1,148,0,0,0,1,0
48,13,79.48381042480469,93003,4,1.5819248924902727,3,0,1,0,0,1,0
59,27,15.932146072387695,90642,3,1.038018873403355,2,0,0,0,0,1,0
36,5,165.75982666015625,92185,2,4.704105133948202,1,179,0,0,0,0,0
60,31,37.51849365234375,94959,1,0.47765579442579076,3,0,0,0,0,0,0
58,29,33.35752868652344,93819,2,1.3919136507490795,3,0,1,1,0,1,0
60,36,37.56676483154297,96123,4,0.02965259503956086,2,0,0,0,0,1,0
44,23,46.33221435546875,94851,1,1.4108206605086462,3,0,1,0,1,1,0
49,25,45.318748474121094,95904,2,1.8664927802159796,3,0,0,1,0,0,0
48,23,16.828115463256836,92292,2,2.104897139151591,1,0,1,0,0,0,0
26,0,144.5491485595703,94482,4,0.13190494907163886,3,0,1,0,0,1,0
66,38,86.7410888671875,94428,1,1.377013082262649,1,199,0,0,0,0,0
63,40,52.201942443847656,93775,3,1.0929503374638365,3,0,1,0,1,1,0
29,7,42.85077667236328,93297,4,0.2423029489104724,1,84,1,0,0,1,0
33,10,18.53812026977539,91202,2,2.047832907062838,1,94,0,0,0,1,0
65,36,43.84955978393555,91016,4,0.3509786096039818,1,0,0,0,0,1,0
50,20,168.6465606689453,95779,4,3.2164222755666594,3,0,0,0,0,1,1
42,19,66.71485900878906,92407,3,1.4480293462194211,3,0,0,0,0,0,0
57,37,31.356706619262695,91901,3,0.6351590593074162,2,0,0,0,0,0,0
33,7,75.97933197021484,93945,3,6.760680886011453,1,0,0,0,0,0,0
65,35,12.669393539428711,90451,3,0.3974531324040759,3,0,0,0,0,1,0
49,19,121.77153015136719,95267,2,0.5226676903894227,2,0,0,0,0,1,0
42,25,100.250732421875,93185,1,2.4983301498741115,3,0,0,0,0,0,0
28,13,142.89361572265625,94946,2,5.922312272710569,1,92,0,0,0,0,0
28,4,46.3808479309082,90014,4,1.030230723671099,2,77,0,0,0,1,0
59,36,44.86394119262695,93964,4,1.6826097922365266,1,0,0,0,0,1,0
40,15,39.11774444580078,92732,4,0.972843094469239,1,0,1,0,0,1,0
47,20,96.59191131591797,90141,2,0.818413627081163,2,126,0,0,0,1,0
58,23,155.11749267578125,92852,4,0.18851824960795555,3,0,0,0,0,0,0
40,16,117.06706237792969,94427,1,2.603510687362382,3,0,0,0,0,1,0
50,23,37.23233413696289,93842,2,2.286644843048162,2,91,0,0,0,0,0
47,36,101.99301147460938,94620,2,0.4808535729978425,1,0,0,0,0,0,0
57,33,108.7432861328125,93141,4,2.095874609525252,3,200,0,0,0,0,0
29,0,99.14588165283203,92002,3,2.913757449798412,1,0,1,0,0,1,0
31,9,86.41352844238281,92116,4,2.5811201631622875,2,0,0,0,0,1,0
63,36,25.32642936706543,90760,3,1.005618967327355,2,0,0,0,0,0,0
52,28,80.37107849121094,91265,2,1.7274813781044527,3,204,0,0,0,1,0
65,31,60.88087463378906,90928,1,2.78993095451423,3,0,1,0,0,1,0
51,33,157.88580322265625,90449,2,4.683904447609233,1,0,0,0,0,1,0
65,34,29.536842346191406,92979,2,0.917997383241818,2,0,0,0,0,1,0
43,27,25.522720336914062,89993,3,0.26530650517291976,3,0,0,0,0,0,0
52,29,42.13535690307617,93209,4,1.0955394574440094,2,0,0,1,0,0,0
28,17,117.19857788085938,93271,2,1.3800114500873963,3,0,0,0,0,1,0
42,29,24.918960571289062,90165,1,3.087799087488364,2,129,1,0,0,1,0
32,6,55.69636917114258,95369,2,0.23218935370340343,1,0,0,0,0,0,0
42,18,47.9006233215332,92143,4,0.8428254314551656,2,0,1,0,0,1,0
38,15,77.65428924560547,94646,3,0.7213344664243616,2,0,1,0,0,0,0
54,23,79.06719970703125,90201,2,5.942234085114695,1,0,1,0,1,1,0
29,3,26.029144287109375,91361,3,0.5935465069657703,2,0,1,0,0,1,0
59,35,53.70853805541992,94338,4,1.7745786052696775,1,0,0,0,0,0,0
32,8,100.20978546142578,91882,2,3.4204734106487646,1,144,1,0,0,1,0
54,32,144.64686584472656,95302,2,2.148121381685211,1,0,0,0,0,1,0
65,34,55.75873947143555,90071,4,0.9104343186746082,2,146,0,0,0,0,0
26,1,159.69418334960938,94927,2,6.533504787098238,1,0,0,0,0,0,0
58,33,61.61267852783203,90784,3,1.9542577998013113,1,174,0,0,0,1,0
61,39,134.98455810546875,91939,1,1.901988149908046,3,0,1,0,0,0,0
41,19,47.62483596801758,90912,4,1.5416931502571813,1,0,0,0,0,0,0
32,7,91.12809753417969,92152,2,0.9661946491156637,1,0,0,0,0,1,0
33,5,57.76280212402344,91915,2,0.9156436747757124,3,287,1,0,0,1,0
52,29,76.78254699707031,92187,1,3.0569646268010238,2,0,0,0,0,0,0
56,28,52.247718811035156,93985,4,0.99346661966846,2,0,0,0,0,0,0
47,21,120.23075103759766,94188,1,0.4930584917510935,1,0,0,1,0,0,0
57,15,54.332786560058594,91321,2,3.7778378110556785,3,0,0,0,0,0,0
52,31,105.48095703125,90241,1,0.5588808803096361,1,0,1,0,0,0,0
55,30,210.36337280273438,94737,2,7.116619258202324,1,165,0,0,0,0,0
33,7,42.16157531738281,95405,3,0.9024567877276993,2,0,0,0,0,1,0
47,21,56.276954650878906,95210,3,0.9091802526416825,2,0,0,0,0,1,0
58,37,62.03727340698242,94004,4,1.6533918809430697,2,0,0,0,0,0,0
40,13,80.21817779541016,91232,3,0.3679027934007768,2,0,0,0,0,1,0
29,3,41.901153564453125,94197,3,0.9392754613820948,2,0,1,0,0,1,0
43,28,65.31257629394531,93564,2,0.3268638769026035,3,0,1,0,0,1,0
55,24,106.8112564086914,92057,2,1.8689035534318417,1,0,1,0,0,1,0
59,36,49.69247817993164,90210,3,0.4276078494503266,1,0,0,0,0,1,0
35,12,96.83648681640625,91217,2,2.1191032593974075,1,0,0,0,0,1,0
56,33,35.68379592895508,94669,4,4.553609360126994,3,165,1,1,1,1,0
40,10,39.81348419189453,95245,4,1.7386522818393446,1,159,1,0,0,1,0
60,26,39.69621658325195,94474,4,0.5995380106136549,2,0,0,0,0,1,0
32,10,69.57093048095703,94593,4,0.9702133893944701,1,0,0,0,0,1,0
34,14,42.84898376464844,94313,4,2.495705540211817,2,155,0,0,0,0,0
61,33,161.97219848632812,94645,2,2.896237128194223,3,513,0,0,0,1,1
61,36,83.34664916992188,93044,1,0.11519344862074829,2,0,0,0,0,1,0
34,12,55.14458465576172,95472,2,1.1893387506214104,3,0,0,1,0,0,0
26,-1,88.38319396972656,93104,4,1.1188022188723425,1,0,0,0,0,0,0
63,38,46.5811767578125,94241,4,2.168244376212582,1,0,0,0,0,0,0
48,29,49.289398193359375,90258,1,1.0531486176142757,1,0,0,0,0,0,0
34,17,76.92630004882812,91961,4,1.3375434523488945,1,125,0,0,0,1,0
29,22,123.48002624511719,90601,2,8.148401167637688,1,0,1,0,1,1,0
29,2,19.161739349365234,94234,4,0.7847024150361779,2,86,0,0,0,0,0
43,22,110.519287109375,94112,4,0.9347271887761519,1,262,1,0,0,1,0
62,35,46.26631546020508,94558,3,0.929390379300066,2,0,1,0,0,1,0
47,29,38.78961944580078,95388,2,0.17288806207847102,1,270,0,0,0,0,0
50,17,37.793670654296875,95618,2,0.6909930904713826,3,0,0,0,0,1,0
50,26,78.23174285888672,95322,2,2.890030263094791,1,0,0,0,0,1,0
30,10,41.900394439697266,95071,4,1.798298030482448,3,0,0,0,0,1,0
54,25,150.8919219970703,95175,2,2.2953212845695092,1,369,1,0,0,1,0
54,24,75.16209411621094,94436,2,2.3146992866030938,3,0,1,0,0,0,0
24,0,26.86292266845703,91775,3,1.2123289552975194,1,82,1,0,0,0,0
45,22,98.29412841796875,91152,4,0.9366003599947846,3,233,0,0,0,1,0
25,-1,111.35980224609375,90083,2,7.036529375505423,1,0,0,0,0,0,0
48,21,56.57472610473633,94907,3,0.7470186942728393,2,0,1,0,0,1,0
49,30,54.48255157470703,94012,2,1.6949920156522784,3,0,1,0,0,1,0
47,30,69.88860321044922,91882,2,2.073294244500789,1,0,0,0,0,1,0
58,34,81.319580078125,91572,3,1.8823280949449996,1,0,0,0,0,1,0
35,19,15.523750305175781,95912,4,1.5496689400567654,3,97,0,0,0,1,0
30,5,75.86956787109375,91647,1,1.5510432950118487,2,0,0,1,0,1,0
28,11,153.5105438232422,93145,4,4.540827328484723,2,176,1,0,1,0,1
40,12,159.8218231201172,91162,1,0.5729550350648751,1,0,1,0,0,1,0
48,3,87.01984405517578,90183,2,7.456036616176298,1,0,0,0,0,1,0
64,35,18.323699951171875,94874,3,0.5594942899229685,2,0,0,0,0,1,0
49,13,123.68341064453125,95941,3,2.412762898336549,2,0,1,0,0,0,0
41,11,62.41376495361328,95878,4,2.3353712873101826,2,0,0,0,0,1,0
32,6,59.50780487060547,94516,4,0.43538734342737817,2,0,1,0,0,0,0
56,37,21.59105682373047,92837,2,0.22756867809040277,1,0,0,0,0,0,0
37,20,22.460895538330078,95016,2,1.0804581710974497,1,0,1,0,0,1,0
58,25,44.6404914855957,91376,4,2.0338231152537376,1,0,1,0,0,1,0
42,22,82.3043441772461,92145,2,2.3085196438070996,1,0,0,0,0,0,0
28,12,27.90748405456543,90572,4,0.986053560090983,3,0,0,0,0,1,0
41,23,29.292360305786133,92117,4,2.2275057733172248,2,0,0,0,0,1,0
58,32,105.6753921508789,92830,1,2.8878450993377767,1,0,1,0,0,1,0
47,27,121.79680633544922,94249,4,0.4680917943183205,1,400,1,0,0,1,0
54,37,33.62978744506836,91938,4,2.4035766279296458,1,0,1,0,0,1,0
51,15,68.19782257080078,95243,2,1.9154056829405097,3,0,0,1,0,0,0
45,16,34.67073059082031,95910,1,0.3701460628185884,3,0,0,0,0,1,0
40,15,83.52354431152344,94758,4,1.1109224386887797,2,166,0,0,0,0,0
40,16,201.31915283203125,92095,1,7.112366201974436,1,0,0,0,0,1,0
56,24,51.59957504272461,92071,4,2.0235881648654344,1,0,0,0,0,1,0
58,33,168.030517578125,94225,2,2.1239539142363815,1,0,0,0,0,0,0
31,4,64.49754333496094,91965,2,3.174634690902061,3,0,0,0,0,1,0
49,5,28.421825408935547,92082,4,0.5291183260700763,3,0,1,0,0,1,0
38,21,36.26518249511719,94345,3,0.6507769910765875,3,0,0,0,0,0,0
36,14,116.12677764892578,93721,1,1.5951396518408387,1,0,1,0,0,1,0
60,38,79.32218933105469,90077,4,1.5979196345583144,2,0,1,0,1,0,0
32,6,117.07455444335938,90212,3,3.170281692823374,1,0,0,0,0,0,0
27,7,75.77722930908203,93854,3,3.0763104032156128,1,0,0,0,0,1,0
58,27,16.833335876464844,92024,3,0.5465020668816023,3,0,0,0,0,0,0
47,12,80.49495697021484,94561,3,1.2121187645258338,2,92,0,1,0,1,0
38,10,150.52755737304688,94447,2,1.8825324547477154,1,0,1,0,0,0,0
51,28,49.98590850830078,92024,3,1.0881413403398237,2,0,0,0,0,0,0
26,0,102.96649932861328,94028,1,5.670827243154088,2,150,0,0,0,1,0
50,23,70.44122314453125,95808,3,1.9049206133716998,1,0,1,0,0,1,0
54,36,21.956958770751953,94884,3,2.7457186296948923,2,70,0,0,0,0,0
43,18,73.65907287597656,92139,3,0.7932100998149689,2,0,0,0,0,1,0
24,4,48.708370208740234,93775,1,1.781317501836881,1,0,0,0,0,1,0
62,33,125.27896118164062,92913,2,1.5279426192769205,1,0,0,1,0,1,0
34,11,35.79850769042969,93173,1,0.18693675505574409,3,0,1,0,0,1,0
56,17,121.66424560546875,92260,1,2.7861473505723375,1,105,0,0,0,1,0
38,21,104.1185073852539,93183,2,3.5672169308291024,1,0,0,1,0,0,1
39,21,95.52843475341797,94905,1,2.3877400106062647,1,0,0,0,0,1,0
28,3,33.611183166503906,90459,3,0.8919395966080128,2,0,0,0,0,0,0
52,21,132.35736083984375,91257,1,0.546934050214952,3,206,1,0,1,1,1
61,40,35.333221435546875,95233,3,2.2289846657110526,3,432,0,0,0,1,0
59,30,98.80841064453125,94459,2,2.381393017490553,1,399,0,0,0,0,0
60,38,93.60430908203125,90416,4,1.5986311533702993,2,0,0,0,0,1,0
52,28,126.69517517089844,90515,4,0.690874417063406,2,0,0,1,0,1,1
31,8,64.79278564453125,94796,2,1.5757580922173238,3,0,0,0,0,0,0
42,17,56.687339782714844,92248,2,1.8831457964278082,1,0,0,0,0,1,0
28,5,36.84902572631836,94888,4,0.9354885360432453,2,0,0,0,0,1,0
47,26,134.05780029296875,94426,1,3.096758969229913,3,0,0,0,0,0,0
43,20,57.30091857910156,92046,4,2.2591662492350717,1,0,1,0,1,1,0
56,21,179.75357055664062,95143,4,5.714317396254099,3,0,0,0,0,0,1
39,19,202.15081787109375,94124,2,3.721249797976353,1,0,0,0,0,1,0
29,6,61.14902114868164,90088,3,0.7912626227767948,3,0,0,0,0,0,0
59,14,41.94365310668945,96306,2,2.5909106092917513,3,0,0,0,0,1,0
54,21,63.60060119628906,93051,1,1.133934521726422,3,0,0,0,0,1,0
63,36,62.36073303222656,92980,2,1.5391059873767845,1,0,1,0,0,1,0
35,16,207.9053497314453,90347,2,2.813966752103208,1,346,0,0,0,1,0
27,6,57.89154052734375,93890,2,0.02851390750006988,3,0,1,0,0,1,0
49,19,176.63510131835938,90590,2,0.7019211857778918,1,0,0,0,0,1,0
61,38,31.61639404296875,90321,3,2.0471209273872932,1,108,0,1,0,1,0
30,3,51.226680755615234,91154,3,0.6303428278598658,3,0,0,0,0,0,0
59,35,80.98822021484375,95597,3,0.2265417505759919,3,0,0,0,0,1,0
55,23,54.488037109375,90484,3,1.5842787956973015,3,0,0,0,0,1,0
26,3,151.96424865722656,95965,4,3.1587867759350323,2,0,0,0,0,0,1
53,31,31.872392654418945,90183,3,2.6376284327706387,2,88,1,0,0,1,0
63,41,70.23915100097656,94771,2,2.76310232012168,2,0,1,0,0,0,0
28,0,77.16056823730469,92683,3,0.9858980940624562,3,0,1,0,1,1,0
59,31,48.94497299194336,93731,2,0.19621837271348425,3,64,0,0,0,0,0
42,17,154.73681640625,91172,4,2.4268001699190513,2,383,0,0,0,1,1
37,17,83.0550765991211,92073,1,0.20774503768582794,3,0,0,0,0,0,0
58,25,59.36357879638672,94300,2,1.3373435511692657,1,0,0,0,0,1,0
39,20,107.77132415771484,92204,3,0.7720087188304343,1,0,0,0,0,1,0
38,10,119.96719360351562,94134,1,6.679161452109042,3,0,0,0,0,0,0
60,37,138.88577270507812,92324,2,2.0730274560396422,3,358,0,0,0,0,0
45,18,34.539695739746094,94664,4,2.2846495144917474,1,0,1,0,0,0,0
50,16,86.52030181884766,92645,4,1.8417105874734498,1,0,0,0,0,1,0
41,21,118.65851593017578,90159,3,2.115395860183013,1,0,1,0,0,1,0
49,24,30.444231033325195,90433,4,0.38111442912360116,3,98,0,1,0,1,0
41,20,45.948299407958984,90125,4,1.5866252303984316,2,0,0,0,0,1,0
55,31,27.370412826538086,94189,4,0.17833814282602828,2,165,0,0,0,0,0
29,7,54.925323486328125,94770,1,2.203891210688723,2,0,0,0,0,1,0
59,30,89.44112396240234,91654,2,2.2247909377178665,1,0,0,0,0,0,0
44,20,61.278926849365234,94930,4,3.0704386378039974,1,0,1,0,0,1,0
33,15,14.102903366088867,94914,3,0.1747891221822634,3,0,1,0,0,1,0
38,18,74.51701354980469,94531,1,0.6552444084734741,3,0,1,0,0,1,0
51,25,42.8414192199707,96149,1,0.055918421676262736,2,0,0,0,0,1,0
59,26,97.96453094482422,95412,2,2.34652930419447,1,173,0,0,0,1,0
62,38,27.669574737548828,94359,4,0.19730340423953574,3,0,0,0,0,1,0
62,34,62.314170837402344,95059,3,0.4188108255551423,2,0,0,0,0,1,0
66,30,181.3646240234375,90564,2,2.0599375262624813,1,396,0,0,0,1,0
51,24,134.4860382080078,94981,1,4.933510429119065,1,0,0,1,0,0,0
48,22,44.08983612060547,91446,3,0.9763797967125906,3,165,1,0,0,1,0
59,27,134.09466552734375,92616,2,2.2583580083674413,1,0,1,0,0,1,0
28,2,70.3963623046875,95373,3,0.4398591804406672,2,248,1,0,0,1,0
31,2,52.41044998168945,92105,4,1.3546054414120627,2,0,0,0,0,1,0
61,34,103.53121948242188,95976,2,5.31519103290932,1,0,0,0,0,1,0
50,28,56.838165283203125,91540,1,0.18170929564128738,2,0,0,0,0,0,0
43,18,67.4076156616211,89738,1,3.283861148481652,1,0,1,0,0,1,0
61,35,50.86613464355469,95619,4,1.9581589326434448,1,0,1,0,0,1,0
59,35,38.943870544433594,96472,1,1.9795650693334395,1,0,1,1,0,0,0
54,26,59.984249114990234,95909,4,2.119246330693521,1,0,0,0,0,1,0
64,39,102.09589385986328,94865,2,1.7202742759039806,1,0,0,0,0,1,0
37,13,109.64227294921875,91868,2,1.6304206863701933,1,0,0,0,0,0,0
46,30,49.69276809692383,95436,4,1.8478139685648567,1,0,1,0,0,0,0
60,32,25.208877563476562,91991,1,3.674398875855404,3,87,0,0,0,1,0
61,37,42.065555572509766,94115,4,2.122763171911143,2,0,1,0,0,1,0
55,27,64.18538665771484,94634,4,1.6509541693600631,1,72,1,0,0,0,0
40,21,105.861572265625,93121,3,6.695546647317411,1,195,1,0,0,0,0
63,40,69.99717712402344,91830,2,1.8150752983696457,3,0,0,0,0,0,0
32,10,46.771602630615234,94935,1,3.0971905812561946,2,0,0,0,0,0,0
39,16,125.51909637451172,94639,2,1.0281081410972188,2,0,1,0,0,1,0
29,6,44.755279541015625,95063,4,1.9680752600844353,3,0,0,0,0,1,0
33,17,139.88543701171875,90422,3,4.525885735389053,1,0,1,0,1,1,1
63,33,33.88192367553711,93134,4,1.4736007962034954,2,0,0,1,0,1,0
44,19,181.62747192382812,95425,2,2.0399770642013184,1,0,0,0,0,1,0
42,19,32.22661590576172,94701,4,1.8458160433237754,2,0,0,0,0,0,0
62,40,97.323486328125,94472,2,0.1462070802597398,1,0,0,0,0,1,0
50,28,57.333953857421875,90274,2,0.33466344818205024,1,0,0,1,0,0,0
62,40,38.51332473754883,91968,2,0.30601781070946926,1,0,0,0,0,0,0
53,29,71.94902801513672,91200,1,0.9332093086207504,3,0,1,0,0,1,0
40,17,23.269189834594727,95024,4,2.338270366282685,2,0,1,0,0,1,0
58,25,42.43114471435547,92106,4,0.6670632845227299,1,108,0,0,0,0,0
24,-1,25.07184600830078,92773,2,0.03085591205803878,3,0,0,0,0,0,0
45,15,52.5186653137207,94830,2,0.34092821113855826,1,0,1,0,0,0,0
57,33,21.264904022216797,89969,4,0.02901615181054673,1,0,0,0,0,0,0
47,23,89.51321411132812,95361,4,1.299440184340432,3,240,0,0,0,0,0
50,14,130.025390625,91502,2,5.577443731915097,1,0,1,0,0,0,0
27,1,139.46507263183594,91830,3,4.014878356345767,2,0,0,0,0,1,0
62,36,34.42131042480469,90182,4,1.5401177950781229,3,0,0,0,0,0,0
61,31,92.91043090820312,90301,4,2.81338281184197,1,0,0,0,0,0,0
33,9,90.78562927246094,94277,2,5.415879244737461,1,240,0,0,0,0,0
38,12,41.38153076171875,96236,2,0.05376350656532494,3,90,0,0,0,1,0
28,13,32.87264633178711,95584,3,0.12862308184252555,2,0,0,0,0,1,0
60,29,94.64091491699219,94218,3,0.8270848044051047,1,0,0,0,0,0,0
57,30,62.54199981689453,92879,2,0.2445120540551315,1,0,1,0,0,0,0
55,29,123.18408966064453,90311,4,1.87260049090307,1,470,0,0,0,0,0
60,38,59.14848709106445,95073,2,1.4538854143489237,3,162,1,1,1,0,0
33,4,31.106630325317383,94225,2,1.6557288488758528,2,0,0,0,0,1,0
43,16,127.1463394165039,92958,1,6.839719314999951,2,540,0,0,0,1,1
47,20,64.22041320800781,93282,2,1.5681938376671651,2,0,0,0,0,1,0
37,18,158.15492248535156,91906,3,0.6657957724809702,2,0,0,0,0,1,1
32,4,63.2423210144043,93394,4,1.8340231369029507,1,0,0,0,0,0,0
26,1,74.3272705078125,91890,3,1.5340806945271812,2,147,0,0,0,1,0
33,7,65.68180847167969,95214,2,2.4715081005618216,2,107,0,0,0,1,0
49,24,32.88544464111328,93880,4,0.8521851809833465,2,0,0,0,0,1,0
59,38,98.48159790039062,90064,2,2.140293077916467,2,0,0,1,1,1,1
64,39,19.509849548339844,95746,3,0.627854028467438,2,0,0,0,0,1,0
53,32,32.18071365356445,92680,4,0.3644131141327202,1,0,0,1,0,1,0
63,39,61.050689697265625,90047,1,1.7622062196985808,2,0,0,1,0,1,0
32,6,65.88363647460938,93954,2,0.30648977881142125,1,0,0,0,0,0,0
30,7,107.36611938476562,91873,2,1.2211002783558809,1,0,0,0,0,0,0
28,2,35.874977111816406,90454,3,0.44723922011714096,2,0,0,0,0,1,0
55,37,28.675724029541016,95057,3,0.47688137951661563,1,0,0,0,0,1,0
60,36,33.65861511230469,90267,4,0.866333359364784,1,0,0,0,0,0,0
40,8,64.69990539550781,91323,2,1.5867700045127797,2,0,1,0,0,1,0
59,33,135.39749145507812,90188,2,3.4680703156085606,3,0,0,0,0,0,1
64,39,83.61431884765625,92138,2,2.721905198718331,1,0,0,0,0,0,0
55,27,15.994047164916992,94830,4,1.5210335975607183,2,65,0,0,0,1,0
36,12,128.72650146484375,94916,1,3.15118018619609,1,0,1,1,1,1,0
59,35,71.00640106201172,92652,2,0.6746624791550415,1,0,0,0,0,1,0
61,37,14.048907279968262,92338,3,0.3826175985303293,2,0,0,1,0,1,0
63,39,61.240474700927734,90100,2,2.86646604229277,1,0,1,0,0,0,0
61,24,198.19918823242188,90459,1,6.0586451353666515,1,0,0,0,0,1,0
30,9,39.5782356262207,95247,4,1.5825529713559185,1,0,1,0,0,1,0
48,20,84.20372772216797,94508,1,1.6874556379960262,1,0,0,0,0,0,0
29,13,35.053466796875,94639,2,0.36462438193581964,3,76,1,1,0,1,0
61,36,124.68054962158203,92531,1,4.29769476309701,1,0,0,0,0,0,0
56,32,137.6495361328125,94514,2,4.534354640321772,1,0,1,1,0,0,0
62,31,41.42585754394531,92644,4,1.116128017817731,3,0,0,0,0,1,0
66,40,53.111045837402344,95515,2,0.3226702986629958,3,0,0,0,0,0,0
54,33,41.24174880981445,92294,4,0.6923275628848691,2,0,0,1,0,1,0
54,30,40.269569396972656,91003,2,1.7041141606984018,1,176,1,0,0,1,0
42,14,53.06503677368164,93881,2,1.9860182831312538,2,0,0,0,0,0,1
60,29,113.20652770996094,90527,4,1.1591315121497083,3,0,0,0,0,0,0
35,15,51.08133316040039,96121,2,0.9577066074479152,2,0,0,0,0,1,0
58,34,24.189672470092773,93134,1,0.7105589377433452,2,0,1,0,0,1,0
32,6,73.18888854980469,91794,3,2.619548039007478,3,0,0,0,0,0,0
46,17,129.25244140625,95146,4,1.3322931676368013,1,386,0,0,0,1,0
28,1,38.11249923706055,91208,1,0.4382314475469798,1,0,1,0,0,0,0
44,29,61.773685455322266,94595,4,0.3452219555005852,2,0,1,0,0,0,0
52,29,105.28913879394531,90516,2,1.6741816567033039,1,0,0,0,0,0,0
24,-1,31.742944717407227,96147,4,0.979413182896947,3,0,0,0,0,1,0
41,11,82.25700378417969,93047,2,0.293132810608573,1,349,0,0,0,1,0
33,14,91.40008544921875,92982,2,1.4031586728482195,1,0,1,0,0,0,0
41,14,57.378841400146484,95642,3,2.101004798664228,1,310,1,0,0,1,0
40,16,32.572017669677734,95958,4,0.5319331860502825,1,0,0,0,0,1,0
57,33,72.35294342041016,92252,4,0.004514905785562517,1,0,1,0,0,0,0
63,32,164.6931915283203,94459,2,2.6757582586340942,1,0,0,0,0,1,0
61,40,89.40682220458984,92228,2,2.553802108800223,2,113,0,0,0,1,0
63,40,43.61331558227539,95369,2,1.039005365617307,3,0,1,0,0,0,0
57,31,90.7903823852539,90300,3,1.9912053446821372,2,0,0,0,0,0,0
64,38,75.44900512695312,92212,1,2.254490630892746,3,47,1,0,0,0,0
41,18,43.0677604675293,93931,4,1.0251873709965584,2,115,0,0,0,0,0
31,3,26.300893783569336,95884,4,0.15310526771301408,2,84,0,0,0,1,0
54,29,140.40255737304688,91850,1,0.8587040122821473,2,0,1,0,0,1,0
45,19,10.907851219177246,91176,3,0.30914374157412083,2,0,1,0,0,0,0
38,1,75.02042388916016,94606,1,1.9427832647208616,3,132,0,0,0,0,0
55,7,119.61013793945312,92365,4,2.260882355093814,3,0,0,0,0,1,0
41,21,189.03829956054688,94218,3,4.791036285810172,3,0,0,0,0,0,1
31,7,59.50058364868164,96463,1,0.9543965356595808,3,151,0,0,0,1,0
50,27,66.13357543945312,90378,1,0.41731738666871,2,0,0,0,0,1,0
35,20,59.09314727783203,92928,4,0.22248247355293382,2,0,0,0,0,1,0
30,7,32.36231994628906,95085,4,0.74511880394068,1,143,1,0,0,1,0
64,36,46.81818389892578,91996,2,1.602532835734606,1,0,0,0,0,0,0
52,21,91.81846618652344,92348,1,1.7125619170613202,3,190,1,0,0,0,0
48,31,55.806705474853516,95648,1,1.5595872282927827,1,0,0,0,0,1,0
41,6,47.6201171875,91195,4,2.2637122444159252,2,117,1,0,0,1,0
30,6,73.41816711425781,94290,1,0.1053725811898768,3,0,1,0,0,0,0
35,20,74.90753936767578,94786,2,4.763391076425673,3,0,0,0,0,0,0
59,24,58.63813781738281,89871,1,0.3470793791106339,1,101,0,0,0,0,0
29,2,30.58833122253418,94666,4,2.4039107254228895,1,203,1,1,0,1,0
53,19,13.347949028015137,93147,4,0.39757081049345466,2,0,0,0,0,0,0
52,25,42.3145751953125,93909,3,1.8677735501349948,2,0,0,0,0,1,0
63,38,64.37596893310547,90302,4,0.6020022727833864,3,0,0,0,0,1,0
56,26,54.982723236083984,94609,4,4.390237900373658,3,0,0,0,0,1,0
57,26,57.24847412109375,94718,3,0.883695262643097,3,0,0,0,0,1,0
42,22,117.64583587646484,92882,2,3.344316174634033,1,0,0,0,0,1,0
50,18,62.470375061035156,94879,3,2.5217279044588023,2,0,0,0,0,0,0
52,27,36.01356506347656,95918,1,1.4077276749569922,3,0,0,0,0,1,0
54,31,18.635406494140625,90259,4,0.9500865281755733,1,102,0,1,0,1,0
25,13,169.15171813964844,92430,1,3.7020577733240296,3,232,0,0,0,1,1
61,26,76.27847290039062,94558,4,1.9585713490344046,2,0,0,0,0,1,0
24,0,47.113521575927734,95915,2,0.22497129233455737,3,0,1,0,0,0,0
38,15,123.85353088378906,94727,2,1.4251927135558957,1,0,1,1,0,1,0
29,3,82.70431518554688,95783,4,1.353677223526747,3,0,0,0,0,0,0
64,37,18.15239715576172,92284,4,0.32265480881860137,2,64,0,0,0,0,0
61,37,113.20520782470703,90328,1,2.024953750437819,1,0,0,0,0,0,0
49,26,27.92534065246582,92310,4,1.121947294997582,3,0,0,0,0,1,0
32,6,48.76750183105469,94334,1,0.15947994596658624,2,154,0,0,0,0,0
55,39,111.4140625,90288,3,2.9921665144835266,2,0,0,0,0,0,0
27,10,166.00161743164062,91705,1,4.404880458977301,3,0,0,0,0,1,0
48,25,78.99629211425781,94184,3,0.24716031748669465,1,0,1,0,0,0,0
38,25,26.689617156982422,91860,4,0.42765302643763087,3,71,1,0,0,0,0
30,6,81.55970001220703,91721,2,0.8183705645254115,1,273,1,0,0,0,0
64,35,22.633441925048828,94603,2,0.6414017691756797,3,102,0,1,0,0,0
39,26,96.45978546142578,90483,1,1.888532824737037,1,0,0,0,0,0,0
29,3,98.48303985595703,90002,2,1.133582993407386,1,0,0,0,0,1,0
44,16,66.08486938476562,94882,1,1.6348272921876557,2,0,0,0,0,1,0
60,34,29.8257999420166,94035,4,0.8387645368144812,2,0,0,0,0,1,0
30,18,37.50000762939453,95409,4,2.112525866044516,2,0,0,0,0,1,0
45,24,31.768699645996094,92919,4,0.19010727254365237,2,0,0,0,0,1,0
41,8,76.63429260253906,90445,2,3.3428425316234955,1,208,1,0,0,0,0
43,19,9.468947410583496,90712,3,0.22484366376639398,1,155,0,0,0,1,0
59,43,62.296844482421875,92480,4,0.21404334452665524,1,0,1,0,0,0,0
29,3,52.274410247802734,95409,4,0.7717380078873776,2,0,0,0,0,1,0
46,22,41.51722717285156,94153,3,0.5694068459485405,2,0,0,1,0,0,0
28,10,11.822527885437012,93135,2,0.232851323967029,1,0,0,0,0,1,0
45,29,75.1186752319336,92041,3,0.8209638982076476,2,204,0,0,0,1,0
45,22,97.82276916503906,90383,3,0.13831284078176415,1,0,0,0,0,0,0
38,8,46.40917205810547,94750,3,0.1495336441770997,2,0,1,1,0,0,0
47,17,39.128929138183594,94753,3,1.3071484817330878,2,0,0,1,0,1,0
26,3,90.9441909790039,93257,4,1.7055481009508382,3,0,0,0,0,0,0
61,27,74.79725646972656,94170,3,3.2498458222829245,1,0,0,0,0,0,0
61,32,53.27079391479492,93950,1,0.8635690630075239,3,96,1,0,0,0,0
45,15,19.03212547302246,91061,4,1.1923604540681618,3,0,0,0,0,0,0
60,35,80.1738510131836,94652,1,1.8058528987865285,1,0,1,0,0,0,0
52,31,77.79927825927734,92895,1,2.0003132134631993,2,99,0,0,0,1,0
59,34,134.31591796875,93120,2,3.8220518052851613,3,250,0,0,0,1,1
27,1,82.97380828857422,91094,3,0.5660506944988378,2,0,0,0,0,0,0
60,35,89.3652114868164,90240,2,1.799896153364272,1,0,1,1,0,1,0
28,6,57.08045196533203,95675,4,1.0761236401086538,1,173,1,0,0,1,0
53,26,82.31230163574219,94254,4,1.8786998836575957,1,371,0,0,0,0,0
43,3,32.70069885253906,91862,4,1.6086401002757487,3,113,0,0,0,0,0
41,24,89.86872863769531,90263,1,1.341426335162958,3,0,0,1,0,0,0
45,24,40.48912048339844,94146,4,2.427099039841889,3,0,1,0,0,0,0
56,26,40.58438491821289,95463,3,1.1518095818822411,3,125,1,1,0,0,0
46,2,22.768701553344727,94284,1,0.07516185555706645,2,0,0,0,0,1,0
49,25,142.25352478027344,95306,2,6.663013960958467,1,0,1,0,0,1,0
63,38,79.34546661376953,95749,3,0.9215016066677664,1,0,1,0,0,1,0
29,6,42.88125991821289,91855,3,2.0264514751269864,2,0,0,0,0,1,0
43,13,36.834686279296875,95124,2,1.5101454444809004,3,0,0,0,0,0,0
51,29,153.0889434814453,92051,1,3.761166211671475,1,512,0,0,0,1,0
44,14,158.87307739257812,90416,2,2.0708405524263087,1,0,0,0,0,1,0
42,21,32.16058349609375,92079,3,0.7925805843751678,3,286,0,1,0,0,0
35,11,92.51362609863281,92365,4,0.6826568886099622,2,0,0,0,0,1,0
31,15,31.576539993286133,96044,3,0.21818395544361374,2,105,1,0,0,1,0
60,33,48.75764083862305,91465,3,0.6525853487673776,1,0,0,0,0,1,0
48,13,119.22502136230469,92395,1,1.909963117330545,3,0,0,0,0,1,0
53,22,31.025867462158203,91465,3,0.20033796146617733,2,143,0,0,0,1,0
62,38,59.41510009765625,91908,4,2.0385067926487377,1,264,0,0,0,0,0
62,39,46.93124771118164,94076,2,2.3672293838337515,2,0,1,0,0,1,0
54,27,184.7263641357422,91461,1,5.889484369223166,1,0,0,0,0,1,0
49,32,61.03916931152344,94671,3,1.5097411108770196,3,248,1,0,0,1,0
62,32,60.83197021484375,95019,3,0.5251002699966292,2,181,0,0,0,1,0
62,36,69.38301849365234,93873,4,2.766416894884385,1,0,0,0,0,0,0
55,34,87.53079986572266,94398,1,1.686890359211232,2,0,0,0,0,1,0
31,6,149.91522216796875,94578,1,1.3135061785155098,2,0,0,0,0,1,0
58,30,116.2081298828125,91772,2,0.40009827704789347,1,0,0,0,0,0,0
43,15,102.31664276123047,94517,1,1.8915600424758756,3,0,0,0,0,1,0
61,32,33.32895278930664,91430,2,2.894408543303639,1,0,1,0,0,0,0
38,18,77.70325469970703,93122,1,1.3492761398896727,3,0,0,0,0,1,0
44,20,38.89230728149414,94338,4,0.19066684764970576,2,0,0,0,0,1,0
64,39,37.460819244384766,93972,4,1.0013009085535822,3,0,1,1,0,1,0
39,8,159.9231719970703,90048,1,4.428472224901329,1,0,1,0,0,1,0
53,18,203.13987731933594,94468,3,6.197930481200334,3,0,0,1,1,1,1
36,13,117.83433532714844,91181,2,0.9313989327995419,1,123,0,0,0,1,0
63,36,57.40056610107422,94462,2,1.7295883616409113,2,0,0,0,0,0,0
49,33,64.96812438964844,94447,3,1.0623731652965092,1,0,1,0,0,0,0
37,8,74.06411743164062,95501,3,2.119813545713318,1,136,1,0,0,0,0
42,14,15.842422485351562,94130,3,0.2389281035403377,2,123,1,0,0,1,0
34,10,52.63671875,90316,3,0.3332109537969136,1,103,0,0,0,0,0
27,15,54.503509521484375,92218,3,3.6254449127399946,1,0,0,0,0,0,0
47,25,55.47584533691406,91365,2,0.8423370652888361,3,262,1,0,0,1,0
61,33,53.353118896484375,93306,2,0.38258311446043824,3,0,0,0,0,1,0
52,26,56.716468811035156,94732,1,1.8366900661483383,2,278,0,0,0,1,0
62,38,18.953086853027344,93045,4,0.765676088067955,3,75,0,1,0,0,0
53,32,80.12522888183594,90153,1,3.149170271217093,1,0,1,0,0,0,0
44,13,78.8960952758789,91392,1,3.768048773515654,1,0,0,0,0,1,0
35,10,64.01544189453125,95666,3,1.3814754271132665,2,0,1,0,0,1,0
47,30,103.89290618896484,90858,3,0.3885888960978423,3,0,0,0,0,1,0
40,11,120.44923400878906,90350,4,0.06516926804337275,1,396,0,0,0,1,0
58,22,131.52117919921875,92099,2,2.906766953841829,2,0,0,0,0,1,1
41,19,39.61201858520508,94461,3,0.7415557938552317,2,103,0,0,0,1,0
28,3,40.2900505065918,95795,4,0.40004992867506,2,0,0,0,0,0,0
61,37,122.38595581054688,92477,1,1.7797596376988116,1,0,1,0,0,0,0
61,35,47.219852447509766,93919,4,0.3557907303162347,2,0,0,0,0,1,0
38,7,99.18767547607422,95205,4,2.877012854597438,1,0,1,0,0,1,0
36,10,55.670753479003906,95146,2,0.08338292620572296,1,0,1,0,0,0,0
35,10,53.60448455810547,94063,4,2.140989024065707,1,0,1,0,0,1,0
27,1,28.945884704589844,93795,2,0.8272182084874035,1,0,1,0,0,0,0
33,12,71.60911560058594,92058,4,3.2054728317080703,1,0,0,0,0,1,0
39,1,182.2698516845703,92147,1,1.6480277702062898,3,0,1,1,1,1,1
46,9,103.10263061523438,92298,3,1.0705947476547664,3,0,0,0,0,0,0
47,17,41.999290466308594,90012,3,0.8454722547001877,2,0,0,0,0,1,0
49,14,39.884300231933594,94609,4,0.16651180977319813,2,0,0,0,0,0,0
52,33,128.30001831054688,95212,1,1.9212537499816364,2,0,0,0,0,0,1
44,21,185.57949829101562,92397,2,1.5911083322002264,1,0,0,0,0,1,0
59,39,30.301406860351562,94440,3,0.8059730728143818,2,131,0,0,0,1,0
31,5,163.98947143554688,91518,1,4.227445435494168,1,0,0,1,0,0,0
51,35,29.932697296142578,92976,4,0.3870414876694738,3,0,0,0,0,0,0
31,9,32.383949279785156,92024,3,0.4391091554672726,2,157,0,1,0,1,0
64,37,97.65425872802734,93981,2,1.7445565555585962,2,0,0,0,0,0,0
64,38,193.31712341308594,90000,1,1.6557297980505155,3,0,0,0,0,1,1
34,7,80.02401733398438,92996,2,0.4930369928693801,1,231,1,0,0,1,0
27,5,203.27366638183594,94802,2,3.6573025027567256,1,0,1,1,0,1,0
34,7,54.868839263916016,91727,2,2.0367941033902066,3,247,1,0,0,1,0
54,28,31.172103881835938,94435,3,1.8775196934516964,1,0,1,0,0,0,0
40,16,138.3494873046875,92879,1,2.6827970595871173,1,0,0,0,0,0,0
52,25,57.24589920043945,94443,4,1.6446793130452457,3,0,0,0,0,0,0
37,8,106.33293914794922,92269,1,3.0404780311010673,1,0,0,0,0,1,0
63,39,58.07713317871094,95229,2,0.3651444201876363,3,152,1,1,1,0,0
27,21,19.310344696044922,93161,2,0.45557440744381267,3,114,0,1,0,0,0
33,4,178.13519287109375,91171,2,3.707789885897013,1,432,0,0,0,1,0
44,21,34.894935607910156,90544,4,1.8952672939040045,3,148,0,0,0,0,0
45,25,98.7235336303711,96087,2,3.1558992451210073,1,0,1,0,0,1,0
29,10,134.72857666015625,94410,2,0.6962275757478229,1,0,0,0,0,1,0
43,13,16.013700485229492,93206,1,1.0735582832960953,2,0,1,0,0,1,0
32,6,28.959293365478516,94449,1,1.0509350896945406,2,0,0,0,0,0,0
29,8,84.26673889160156,94419,4,2.0109142843413883,1,0,1,0,0,1,0
30,11,143.0009002685547,94976,1,3.6486392625573507,1,229,1,0,0,0,0
37,11,38.25086975097656,94735,3,2.247633825107879,2,0,1,0,0,1,0
43,17,54.65280532836914,94771,1,0.49487094112687624,1,0,1,0,1,1,0
29,4,32.75977325439453,90124,4,0.3164488663925964,2,105,0,0,0,1,0
33,7,116.69122314453125,93626,2,1.1626744314697808,1,0,1,0,1,1,0
39,23,59.3076171875,91576,2,2.636800554666287,2,0,1,0,1,1,0
36,12,117.00885009765625,90700,4,1.780579226137518,2,159,1,0,0,1,1
32,8,133.50479125976562,90138,2,2.1933241387204774,3,209,0,1,0,1,0
45,27,41.33928680419922,94958,3,1.615943156288547,3,105,1,0,0,0,0
33,11,111.24004364013672,95434,4,3.240726114538701,2,0,0,0,0,1,0
47,22,40.41381072998047,95070,1,0.46773382783814854,1,0,1,0,0,1,0
50,19,66.39678192138672,90026,4,1.2907008334812364,3,0,0,0,0,1,0
40,10,106.84549713134766,94734,2,1.953451200004034,3,430,1,0,0,1,0
45,13,139.87139892578125,92991,1,0.29693584866351713,3,0,1,0,1,1,1
55,20,28.096940994262695,91745,2,0.373449134560356,3,0,0,0,0,0,0
39,16,118.25454711914062,92421,2,2.235870669949301,1,101,0,0,0,0,0
57,28,87.60746002197266,94415,2,1.6265626597958023,1,0,1,0,0,1,0
24,1,70.8011703491211,93932,3,3.514617274133642,3,238,1,0,0,0,0
42,11,37.66943359375,90258,3,0.2749787463545553,3,0,1,0,0,1,0
39,18,94.87187194824219,92845,1,0.490655310712156,1,0,1,0,0,1,0
48,23,49.53681182861328,94593,3,0.7108297746290587,1,0,0,0,0,0,0
34,12,28.376197814941406,92815,2,1.5767307839312452,1,0,1,0,0,1,0
32,6,10.13162899017334,96394,2,0.48807324066078134,2,67,0,0,0,1,0
27,10,70.4461898803711,92739,3,2.0330996693127674,1,149,1,0,0,0,0
32,5,39.09660339355469,95129,3,0.4118104041142558,1,165,0,0,0,1,0
37,11,148.85882568359375,94029,1,4.647710371478095,3,0,0,0,0,1,1
33,9,86.88191986083984,89972,1,1.1179574143244824,3,0,1,0,0,1,0
54,19,94.33975982666016,95144,3,0.9225336891915032,2,0,0,0,0,1,0
37,16,126.05606842041016,94289,1,2.780413186500335,1,0,1,0,0,1,0
36,14,170.7319793701172,93068,1,2.7212006903311807,1,0,0,0,0,0,0
29,6,109.49547576904297,94385,2,1.1186665976672314,1,202,0,0,0,0,0
41,31,120.92330932617188,92261,1,2.4568938433103114,1,0,0,0,0,0,0
48,24,48.98155975341797,94635,1,3.043388408562326,3,248,0,0,0,0,0
27,6,84.8911361694336,92312,2,3.196269521840956,1,0,0,0,0,0,0
31,13,133.39927673339844,93704,3,2.250800718763072,1,323,1,1,0,0,0
36,12,127.70933532714844,92481,4,4.1961949095650395,3,431,0,0,0,1,1
59,35,11.449125289916992,96639,3,1.453243558427579,1,0,0,1,0,0,0
47,19,144.37384033203125,90589,1,0.2973995691641194,1,312,0,0,0,1,0
34,6,51.40536117553711,92523,1,1.1881605448504722,1,139,0,0,0,0,0
52,15,12.943802833557129,96112,4,0.0863069369882693,1,0,0,0,0,0,0
37,29,70.55792999267578,90252,3,0.2804198627250645,2,0,0,0,0,1,0
27,6,159.3023681640625,90485,1,4.461720185891839,3,0,0,0,0,0,1
38,12,39.432403564453125,93971,1,0.6077025985947312,3,0,0,0,0,0,0
36,23,77.82372283935547,94782,1,1.0625225666703533,2,0,1,0,0,0,0
48,21,86.0663833618164,90438,1,3.0197007937859794,1,0,0,0,0,0,0
42,14,72.74728393554688,94412,2,0.4305841077876007,1,0,0,1,0,0,0
31,4,180.62954711914062,94120,2,6.905855977821548,1,0,1,0,0,0,0
25,0,163.0637664794922,93379,4,3.181587456597787,1,212,0,0,0,1,1
59,36,82.03121185302734,91800,2,1.6966266783313768,1,98,0,0,0,0,0
39,26,177.32913208007812,91294,2,6.608727569009631,1,0,0,0,0,1,0
28,1,44.2109489440918,94007,3,1.011041379232106,3,96,0,0,0,1,0
63,37,63.06903076171875,94721,4,2.2050892370461628,2,0,0,0,0,1,0
49,28,54.145423889160156,92070,3,0.6629022241614697,2,110,0,0,0,1,0
47,16,72.44928741455078,91658,1,0.17806973902242412,3,0,0,0,0,1,0
44,22,129.76702880859375,95141,2,3.2118259577655657,1,0,1,0,0,1,0
56,31,85.59544372558594,94144,3,1.8340792987927759,3,0,1,0,0,0,0
54,20,157.7576141357422,94994,2,3.95338498484184,1,0,0,0,0,1,0
53,21,89.139404296875,91240,3,0.6705327346599809,2,0,0,0,0,0,0
49,34,97.36837768554688,92523,2,1.5566897477433723,1,0,0,0,0,0,0
52,25,35.01549530029297,93837,4,0.5034812585669582,2,0,0,0,0,0,0
30,3,36.03388977050781,90717,4,1.4845809236368896,2,0,0,0,0,0,0
61,38,97.93917083740234,90268,1,1.5917644155000854,1,0,0,1,0,1,0
55,25,36.089359283447266,95746,1,1.1999750973660566,1,0,1,0,0,1,0
61,32,132.07192993164062,94655,2,2.3026676700534643,1,0,0,0,0,1,0
54,25,33.922447204589844,94864,3,0.6498729065245332,1,0,1,0,0,0,0
62,37,67.11044311523438,94300,2,1.3538724038113426,1,0,0,0,0,1,0
35,11,34.89281463623047,93193,2,0.3424271427859908,1,93,1,0,0,1,0
28,3,55.330718994140625,90399,1,0.6374880210100682,2,0,0,0,0,0,0
62,34,53.81719207763672,92986,3,2.265429215168531,2,0,1,0,0,0,0
36,11,16.59685516357422,95521,2,0.23920133306380575,2,0,1,0,0,1,0
34,6,73.07479858398438,91981,2,2.1699988076055456,1,217,0,0,0,1,0
29,3,32.17423629760742,94154,3,0.06735893354728456,2,0,0,0,0,1,0
43,28,83.84266662597656,95052,2,0.21741565655667244,1,0,1,0,0,0,0
56,19,21.252260208129883,92191,4,0.33560843785221117,2,98,0,0,0,1,0
65,36,29.815969467163086,94702,1,0.22916093119756045,2,0,0,0,0,0,0
59,20,94.04763793945312,95312,2,1.4577070413239126,2,93,0,0,0,0,0
34,5,141.31765747070312,92010,4,6.450362641452276,2,405,1,0,0,1,1
34,10,82.56131744384766,90711,3,0.24666377806926318,3,0,0,0,0,1,0
56,35,123.5499267578125,95488,2,1.5318357840475432,1,0,0,0,0,1,0
28,-1,46.25044631958008,94413,4,2.332517633924591,3,0,0,0,0,1,0
26,2,13.511476516723633,92292,4,1.2274882857270588,1,106,0,1,0,1,0
29,1,176.65097045898438,92824,2,5.999979370521707,1,138,0,0,0,0,0
65,39,75.38992309570312,94333,1,1.205112730032651,2,0,0,0,0,0,0
34,10,125.57452392578125,91107,1,1.7296205164937541,1,0,1,0,0,1,0
39,9,65.57760620117188,94782,1,2.350069728462299,1,104,0,0,0,0,0
35,3,112.44828033447266,92686,3,1.0590360191935064,3,0,1,0,0,0,0
36,11,17.15424156188965,92026,4,0.05804723491781519,1,0,1,0,0,0,0
36,13,65.78765106201172,94300,1,0.4073067027064284,2,0,1,0,0,0,0
65,39,39.18808364868164,94905,3,0.5548857343201177,3,0,0,0,0,1,0
46,23,47.173946380615234,91775,1,0.4134104192952246,3,0,0,0,0,1,0
54,30,177.88153076171875,94756,2,3.5347815098017037,3,242,0,0,0,1,1
43,16,47.54536819458008,93998,3,2.6574611282002376,2,0,0,0,0,1,0
30,2,28.643260955810547,94477,4,2.114997404025646,1,0,0,0,0,0,0
43,18,36.99015808105469,90120,4,2.5826683304432017,2,0,0,0,0,0,0
55,27,109.03804779052734,92025,2,2.104023096965366,1,0,0,0,0,1,0
28,6,39.74098205566406,90475,3,1.2040650410312332,1,0,1,0,0,1,0
65,40,12.506735801696777,95639,3,0.5309808325144971,2,0,1,0,0,1,0
24,0,61.569847106933594,91752,3,0.7354532807525739,1,0,0,0,0,1,0
27,3,43.89181137084961,90642,4,1.5932096050772835,3,0,0,0,0,0,0
46,20,109.0182113647461,95099,4,0.3945495653592583,2,0,0,0,0,0,0
43,18,50.22816467285156,95199,2,1.8080338211558438,2,0,0,0,0,0,0
36,6,40.09064865112305,94687,4,0.8057679258646985,2,0,0,0,0,1,0
57,36,68.84323120117188,95363,3,0.21087932645632346,1,0,1,1,1,1,0
42,27,39.251678466796875,94818,4,1.051926133660933,2,159,1,0,0,1,0
29,3,47.56055450439453,90721,1,0.564537642597509,1,0,1,0,0,1,0
33,27,77.14236450195312,94143,2,2.016148508880614,2,0,0,0,0,1,0
40,17,53.91275405883789,94358,3,3.153626502246513,2,0,0,0,0,0,0
40,2,23.104305267333984,94229,1,1.1804310053899945,3,0,1,0,0,1,0
32,6,89.16609954833984,94745,4,1.4759825501933914,3,133,0,0,0,0,0
29,10,31.71309471130371,95150,1,1.9173565865683646,2,159,1,0,0,1,0
31,9,83.69583892822266,94567,4,1.6875217711161954,1,0,0,0,0,0,0
60,34,33.914398193359375,93064,4,1.624519392730865,3,0,1,0,0,1,0
39,20,41.61870574951172,94511,1,1.5807717576773086,2,0,0,0,0,1,0
53,22,127.09281921386719,94321,3,5.579404748806155,1,0,1,0,1,1,0
60,34,114.1687240600586,91247,3,1.7486487895610558,1,0,0,0,0,0,0
50,36,21.66250228881836,92085,4,1.1458373978921927,2,0,1,0,0,0,0
61,35,55.70378494262695,91268,2,0.5664078776739715,1,116,0,0,0,1,0
51,28,30.075374603271484,92149,2,2.914440326340917,1,0,1,0,0,0,0
66,39,92.96621704101562,94140,2,0.9537719787314992,1,403,0,0,0,0,0
54,29,59.64137268066406,91840,1,1.0105231430308035,2,196,0,0,0,1,0
53,27,71.93372344970703,90319,1,2.5126527698679935,1,189,0,0,0,0,0
46,20,79.14005279541016,91956,1,1.4353519048191443,3,0,0,0,0,1,0
45,20,111.3155746459961,90185,3,1.629150565780047,2,0,0,0,0,0,0
52,30,82.8223876953125,90467,3,0.8220670844585329,1,0,0,0,0,0,0
28,16,80.10649108886719,92198,1,1.6496487544594312,3,0,0,1,0,1,0
39,11,206.92129516601562,94948,2,6.4461696558177195,1,0,0,0,0,1,0
37,11,41.10160827636719,93010,4,0.7159261566125863,3,0,0,0,0,0,0
63,39,50.77611541748047,95349,1,1.4092024915694208,1,0,1,1,1,1,0
35,12,59.46682357788086,93014,4,0.767624885212901,1,0,0,1,0,1,0
36,6,22.200267791748047,93651,1,2.778505299851873,2,0,1,0,0,1,0
55,29,51.75901794433594,92270,2,1.3588209508938074,3,0,0,0,0,0,0
58,33,32.549312591552734,90327,3,0.7045204760117181,2,0,0,0,0,1,0
42,26,105.05241394042969,92193,3,2.2837010135516462,2,0,0,0,0,0,0
28,21,110.8858871459961,94785,4,2.133249286066941,2,0,1,0,0,0,0
51,22,176.16070556640625,95009,1,1.5412621625145968,1,0,0,0,0,1,0
43,38,76.01854705810547,92769,4,1.9516088531438545,1,104,1,0,1,1,0
61,32,37.776885986328125,94499,2,0.7650401056765274,2,0,0,0,0,0,0
36,6,102.0803451538086,94434,4,3.506209959451096,1,0,0,0,0,1,0
55,33,38.72300720214844,93050,1,0.5135559200417299,1,0,0,0,0,0,0
60,36,162.8328857421875,94645,2,2.147466074121991,1,272,0,0,0,1,0
45,22,53.295223236083984,91557,4,2.0562996212239337,3,0,0,0,0,0,0
62,36,46.73558044433594,93053,1,1.2219755173080475,3,0,0,1,0,1,0
62,35,29.176868438720703,95573,1,1.0341920509460019,3,0,0,0,0,0,0
62,38,131.11358642578125,94921,3,2.2858067325626497,2,0,1,1,1,1,0
63,32,42.479827880859375,95714,4,1.0288987568923504,2,229,0,0,0,0,0
41,20,61.79410934448242,94057,3,2.8453731793137442,1,193,0,0,0,0,0
52,27,51.728031158447266,91579,4,1.758692250205722,1,0,1,0,0,1,0
56,23,74.43158721923828,95332,1,2.8830790158747748,1,0,0,0,0,0,0
60,37,20.483428955078125,92418,4,0.3749165050708739,3,0,0,0,0,1,0
63,37,66.16964721679688,90251,1,2.9405460636911003,3,0,0,0,0,0,0
41,15,69.40230560302734,92132,1,0.9359371104197368,1,0,0,0,0,1,0
61,39,58.230464935302734,90221,3,1.294909324066133,3,166,0,0,0,1,0
52,26,18.13384437561035,94652,2,0.5971550889030508,1,0,1,0,0,0,0
40,12,84.31185150146484,91435,4,0.01068020901400063,3,0,0,0,0,0,1
38,7,150.70501708984375,94471,2,6.109180681209002,1,196,0,0,0,0,0
25,2,56.26715087890625,95621,3,0.3370771062588598,2,0,0,0,0,1,0
30,6,77.44861602783203,93873,2,2.512339765215262,2,0,0,0,0,1,0
35,17,128.3367156982422,94128,2,5.169559620835726,1,114,1,0,0,1,0
44,18,32.71034240722656,95050,2,0.1873948923580187,1,92,0,0,0,0,0
55,29,138.15216064453125,91092,1,3.5588466465414097,1,0,0,0,0,1,0
42,24,113.94928741455078,92602,1,1.5689875669023126,1,0,1,0,0,1,0
46,25,30.844928741455078,95540,4,0.23383251951782158,3,0,0,0,0,0,0
48,27,111.15184783935547,95426,2,3.7483229903870368,1,0,0,0,0,1,0
32,6,97.5230484008789,91033,2,7.900710877930346,1,0,1,0,0,0,0
56,27,41.779869079589844,94231,4,2.082371486398891,1,0,1,0,0,1,0
49,26,163.5204620361328,94170,2,6.383300672648449,1,0,1,0,0,1,0
33,8,44.01457214355469,91334,3,0.6557852980594461,2,186,0,0,0,1,0
58,37,33.28252410888672,91725,3,2.0191823208855304,2,102,1,0,0,1,0
43,22,51.60820770263672,90174,4,1.8417028323902214,3,251,0,0,0,0,0
57,32,68.8726806640625,92571,4,2.1305813400770663,1,0,0,0,0,1,0
64,36,59.74128723144531,94746,1,2.026948512782952,2,0,0,0,0,1,0
40,10,36.34674835205078,91244,4,1.878388470572464,1,0,1,1,0,0,0
57,32,49.25107955932617,96300,4,1.3353170632643203,2,0,0,0,0,0,0
54,28,85.02986145019531,92849,1,2.247469417661397,2,0,1,0,0,0,0
60,35,112.48619079589844,92117,4,3.886305032806996,1,0,0,0,0,1,1
33,11,70.31788635253906,94453,4,0.2336732072057911,1,0,0,0,0,0,0
47,29,19.76660919189453,94593,1,0.5927306136440847,1,0,0,1,0,1,0
60,32,26.306867599487305,90283,2,0.3789406409544102,3,0,1,0,0,0,0
52,24,110.97804260253906,94503,1,0.6854853116620502,1,0,0,0,0,1,0
42,29,36.91596603393555,95842,4,1.2284184150055903,1,152,0,0,0,1,0
61,35,79.87708282470703,95716,4,1.0596206899435574,3,0,0,0,0,1,0
36,22,31.45966339111328,90426,2,0.7444645495952036,3,0,0,1,0,0,0
60,32,64.49626159667969,95315,1,0.45292893609202745,3,0,1,0,0,0,0
50,24,92.39452362060547,92096,2,3.005713888336507,1,359,0,0,0,1,0
42,15,38.66657257080078,95006,2,0.0023948452666781583,3,0,0,0,0,1,0
42,21,54.63185119628906,95373,3,2.632651898869011,2,0,0,0,0,0,0
28,8,70.04548645019531,92842,2,1.1748276138949163,2,0,0,0,0,1,0
61,39,104.1714859008789,90221,2,0.743580633341053,1,0,0,0,0,0,0
42,32,48.587894439697266,95852,2,0.06313754229403484,1,102,0,0,0,0,0
63,38,45.23151779174805,91526,4,0.9211930264713211,2,255,0,0,0,1,0
36,7,118.4885482788086,93996,2,1.3486972787455698,1,0,0,0,0,1,0
61,36,12.360068321228027,91556,3,0.1308832119738697,2,0,0,0,0,0,0
46,19,71.85186767578125,94868,1,0.8837670303625969,2,91,0,0,0,0,0
64,41,41.50457000732422,92855,4,1.5505442039872128,2,0,0,0,0,1,0
59,25,57.305049896240234,94524,2,1.4447621473169312,1,0,1,0,0,1,0
47,28,67.25602722167969,95278,2,0.7254024697352424,1,0,1,0,0,0,0
41,13,63.688106536865234,90350,4,3.2101938549044995,1,0,0,0,0,1,0
42,17,70.66340637207031,90369,2,2.959473799733731,2,0,1,0,0,0,0
37,24,51.27924728393555,92743,2,0.8503827401996945,1,134,0,1,0,0,0
38,13,23.814590454101562,94401,1,3.4577543018111503,2,0,0,0,0,0,0
36,12,30.068376541137695,94575,3,1.929123679710291,2,0,0,0,0,1,0
53,30,74.70276641845703,94477,2,1.3568718706804364,3,0,1,0,0,1,0
51,31,19.288753509521484,91597,3,0.48669446654463056,2,144,0,0,0,1,0
43,13,58.566123962402344,91179,4,0.6775155337231666,3,158,0,0,0,1,0
31,1,56.29000473022461,94479,3,1.115780934507106,3,229,0,0,0,1,0
52,34,21.81705665588379,91977,2,0.16549051356214145,2,0,1,0,0,1,0
34,9,15.148147583007812,93218,4,1.1592860589699576,3,0,0,0,0,1,0
61,31,42.587989807128906,95195,2,0.5879433661577265,3,0,1,0,0,1,0
42,4,43.47795104980469,92921,3,1.4146202066835862,1,328,1,0,0,0,0
44,32,134.16473388671875,91903,2,3.588795451677948,2,0,0,0,0,1,1
25,4,95.92444610595703,92530,2,1.104135632798815,1,285,0,0,0,1,0
37,16,167.19712829589844,89992,3,7.477371179149238,1,0,0,0,0,0,0
59,37,186.6315460205078,92278,1,5.1195908318228645,1,0,0,0,0,1,0
57,20,11.083357810974121,96522,3,0.8268975273531419,3,0,0,0,0,1,0
55,34,54.375099182128906,94459,4,3.0457749990587346,1,119,1,0,0,0,0
47,27,127.2607421875,90238,2,1.8157493997172942,1,0,0,0,0,0,0
58,20,84.28424835205078,90122,1,3.175328113103176,1,0,0,0,0,1,0
32,3,87.5064926147461,91885,1,2.3605236138812495,2,0,0,0,0,1,0
66,41,157.6337890625,92187,4,1.6935993645822722,3,0,0,0,0,0,1
40,18,24.18008041381836,89878,3,0.4505847433533915,2,0,0,0,0,1,0
30,7,38.399322509765625,91177,1,0.4377734259405085,3,0,0,0,0,1,0
36,8,94.13753509521484,92397,4,0.7221087823853327,3,0,0,0,0,1,0
54,34,42.52716064453125,94049,2,2.3894319437141154,3,197,1,0,0,1,0
42,8,108.79922485351562,91946,2,0.062498920890927345,3,408,0,0,0,0,0
35,14,71.95243835449219,95842,4,2.3751336933251097,1,333,0,0,0,1,0
50,28,17.71050262451172,94849,4,0.35026218557746686,3,0,0,0,0,0,0
66,41,75.3024673461914,94065,3,1.2170245563811948,3,0,0,0,0,1,0
24,3,55.98897171020508,91312,4,1.1075999704481247,3,0,0,0,0,1,0
23,2,120.89505004882812,91561,2,4.8334070175580734,3,0,0,0,0,0,0
54,29,163.4748992919922,91872,1,0.33821866060917405,1,0,0,0,0,0,0
63,33,33.25233459472656,92817,2,0.3063691659348702,1,0,0,0,0,1,0
31,3,142.39633178710938,94725,4,4.209873269313059,3,0,1,0,0,1,1
30,5,151.3680877685547,95116,1,3.9113338229090453,1,0,0,0,0,0,0
47,21,79.26117706298828,93092,1,1.7689506614440773,1,0,0,1,0,0,0
46,33,57.24687194824219,95010,3,0.32849939216503227,1,0,1,0,0,1,0
48,35,76.56124114990234,92783,1,2.1137869092165498,3,0,0,0,0,1,0
48,15,45.64595031738281,93322,4,2.3976740883140253,2,0,0,0,0,1,0
49,23,70.4878158569336,94356,3,0.4176034423491124,2,0,1,0,0,0,0
55,30,142.7172088623047,92799,2,2.5030935092730235,1,246,0,0,0,0,0
34,15,55.132694244384766,92034,3,2.655734531239141,2,0,1,0,0,1,0
41,21,17.45075035095215,95601,3,1.9801395687630001,1,0,0,1,0,1,0
26,2,36.916107177734375,95547,2,0.09882370812534713,3,0,0,0,0,1,0
43,30,34.04954528808594,93077,4,0.930973687067122,3,145,0,0,0,1,0
57,20,180.7002410888672,95244,4,3.8953278064268764,2,0,0,0,0,0,1
46,31,37.889686584472656,95341,4,1.069207504733048,3,0,1,0,0,1,0
45,19,53.55883026123047,90461,4,0.33329032744563314,1,175,1,0,0,0,0
38,32,19.46121597290039,90190,2,1.7091816750382147,3,99,0,1,0,1,0
53,31,29.326465606689453,93871,2,0.19463767919169556,2,101,0,0,0,1,0
55,36,151.96099853515625,89929,4,1.3981900600827375,1,0,0,0,0,1,0
29,13,143.63951110839844,94986,2,0.24555805000106937,1,0,0,0,0,0,0
50,25,98.99810028076172,95950,2,2.106477730306196,1,324,1,0,1,1,0
31,19,61.70526885986328,93124,4,2.2468173350716794,1,146,0,0,0,1,0
38,15,132.53704833984375,93209,4,2.318468232359952,1,0,0,0,0,0,0
45,17,82.70353698730469,91530,1,2.8273407655224814,2,0,1,1,0,1,0
35,6,65.1559829711914,93073,4,2.3560437592559325,1,0,0,0,0,0,0
26,0,186.61590576171875,93678,2,6.939748975138237,1,0,0,0,0,1,0
59,35,38.741455078125,95710,2,2.162294962644756,3,0,1,1,0,1,0
51,26,39.99458694458008,90731,1,0.33597085201896687,2,0,0,1,0,1,0
48,28,92.11233520507812,89907,1,3.407171260586653,1,0,1,1,0,0,0
41,9,104.55449676513672,91281,2,0.6252884114333324,3,101,0,0,0,0,0
61,37,110.37696075439453,95379,2,4.209873062547636,1,0,0,0,0,0,0
60,35,35.0391960144043,94316,2,2.0217120212314104,3,137,0,0,0,1,0
47,25,72.15691375732422,91083,2,1.9513578650267231,1,0,0,0,0,1,0
30,9,31.269262313842773,92093,2,0.5485068832186898,1,0,0,0,0,1,0
43,23,115.95421600341797,90997,1,2.5141858488423274,3,0,0,0,0,1,0
33,5,48.021934509277344,92019,4,4.249130114233825,1,105,0,1,0,1,0
63,40,156.7935028076172,90962,3,7.610694295071461,1,0,0,0,0,1,1
33,11,23.986042022705078,94694,2,1.8386482259667067,3,0,0,0,0,1,0
48,17,47.29218292236328,90853,3,1.1225478228197279,3,0,0,0,0,1,0
37,8,88.66551971435547,94449,2,2.6074574721423693,1,0,0,0,0,1,0
45,18,114.65089416503906,95310,1,0.19417724299723205,1,232,1,0,0,1,0
58,34,37.412391662597656,95068,4,1.188692610741766,2,113,0,0,0,1,0
60,24,72.53511047363281,90222,2,2.514357717290342,1,223,0,1,0,1,0
55,24,47.86338806152344,93169,4,1.5106406513829034,3,0,0,1,0,1,0
23,2,79.9167709350586,92212,2,1.5175372295909544,2,297,1,0,0,0,0
35,7,154.35215759277344,94648,3,1.6830796509196198,2,0,0,0,0,0,1
34,9,155.60372924804688,95481,4,3.346020697084266,3,369,0,0,0,0,1
56,29,94.40081024169922,91630,1,1.1082112888874893,3,147,1,0,0,1,0
61,38,23.91891860961914,91861,1,0.617428663346181,1,93,1,0,0,0,0
58,13,48.446678161621094,92340,1,1.0229874235382628,1,0,1,0,0,1,0
36,15,112.49040985107422,94338,1,0.3088387085378925,1,0,1,1,0,0,0
59,41,77.8361587524414,94737,1,3.522966810803489,2,154,0,0,0,0,0
52,13,86.47660064697266,94209,2,0.7014240922390148,3,191,0,0,0,1,0
54,32,74.82081604003906,90208,1,1.5314505814932955,3,0,0,0,0,0,0
48,26,58.40950012207031,91748,4,2.147344379938916,2,180,0,0,0,0,0
45,19,36.40773391723633,92609,4,2.6941884744560065,1,309,0,0,0,0,0
42,14,171.48892211914062,92659,2,8.396108091638789,1,0,0,0,0,0,0
56,32,38.524688720703125,90580,2,1.3178397103730817,3,0,0,1,0,1,0
56,36,29.356307983398438,90322,1,0.374540157533472,2,104,1,0,1,0,0
52,29,49.52857208251953,94697,4,2.16851368688762,2,0,0,0,0,1,0
50,20,43.61038589477539,95193,2,0.07897955352701888,2,134,0,0,0,0,0
49,20,51.329593658447266,92084,4,1.4339016908258837,3,0,0,0,0,0,0
34,11,73.47887420654297,92743,4,2.3217975814666336,1,0,0,0,0,1,0
34,8,77.86351776123047,94715,2,0.6957803529092169,1,0,0,0,0,1,0
43,21,93.27310180664062,90132,3,2.3994120220788218,1,228,1,0,0,1,0
38,10,42.48678207397461,91911,3,0.9885356017939835,2,0,1,0,0,0,0
39,15,53.688026428222656,95944,1,0.04257549511341657,3,0,0,0,0,0,0
59,38,37.38030242919922,91270,4,2.709388506390053,1,0,0,0,0,1,0
42,15,174.97850036621094,94647,2,4.72839153551986,1,0,0,0,0,1,0
33,4,47.60492706298828,92211,1,2.012339171219679,3,105,0,0,0,0,0
36,15,105.75060272216797,95109,2,0.9623115026609973,1,0,0,0,0,1,0
40,16,52.667137145996094,95609,1,0.07263789335672605,2,0,0,0,0,1,0
60,30,191.06492614746094,90759,3,5.198058490958504,3,459,1,1,1,1,1
55,27,91.70750427246094,91178,4,8.07234401994786,3,0,1,0,0,1,0
35,7,134.97079467773438,91889,1,6.484468906009584,1,193,0,0,0,0,0
41,23,174.6196746826172,91173,2,6.4733971928597045,1,0,0,0,0,1,0
59,34,72.15554809570312,90185,1,0.9587902651733948,1,0,0,0,0,1,0
41,16,189.00955200195312,94670,1,2.9967830694503297,1,0,1,0,0,1,0
43,17,119.95513153076172,91539,1,0.2620422857473844,3,437,1,0,0,0,1
59,34,150.8999786376953,93024,2,2.391305678397803,1,0,0,0,0,0,0
31,4,27.233692169189453,94407,2,0.9428503254529856,3,0,1,0,0,1,0
32,5,105.92086029052734,91234,2,2.7361728296795067,3,132,0,0,0,1,0
35,12,151.47946166992188,90144,2,0.05408501282475939,1,0,1,0,0,1,0
62,34,132.99998474121094,90161,2,6.237562902460035,1,104,0,0,0,0,0
50,25,51.16689682006836,92886,2,0.5779373400953147,1,0,1,0,0,1,0
50,21,53.64984130859375,95760,3,1.7276238573392708,1,0,0,0,0,1,0
57,28,76.05086517333984,94733,4,0.9828689779742923,3,0,0,0,0,1,0
54,17,71.282470703125,92864,3,0.4163887285563271,2,102,1,0,0,0,0
36,12,180.2987518310547,92030,2,5.332794191106604,1,0,1,0,0,0,0
30,3,60.497249603271484,91789,1,0.5128973077677743,1,0,1,0,0,0,0
65,38,45.6750602722168,93108,4,0.8476901322991717,1,0,1,0,0,1,0
29,3,79.3802261352539,94119,4,1.424950149473005,1,0,1,0,0,1,0
26,8,16.700424194335938,95330,2,1.604428271265411,1,0,1,0,0,0,0
59,28,51.36653518676758,92229,3,0.37623492299741457,2,0,0,0,0,1,0
39,13,47.282596588134766,95776,3,0.7699092985505209,2,0,0,0,0,1,0
41,2,33.37586212158203,90205,3,0.16041805027826606,1,0,0,0,0,0,0
41,19,19.941253662109375,93832,3,0.47065977706186135,2,0,0,0,0,1,0
59,34,61.74836730957031,90868,3,0.9504580439385159,2,169,0,0,0,1,0
54,28,31.315261840820312,95938,2,0.2889288310141038,3,0,1,0,0,1,0
52,25,53.190711975097656,95837,4,1.5967975852155554,1,188,1,0,0,1,0
52,37,57.571372985839844,91959,2,0.914329824926403,3,0,0,0,0,1,0
61,33,58.86282730102539,91408,3,0.5588403341730713,3,0,1,0,0,0,0
66,41,94.2457046508789,95403,3,4.755223649408148,1,0,1,0,0,0,0
34,8,91.2825927734375,95148,3,0.8971019160475904,1,0,0,0,0,1,0
37,14,32.423824310302734,90231,2,0.9903283917790662,1,0,1,0,0,1,0
40,3,215.1915283203125,91908,2,3.0364986467401174,1,0,0,0,0,1,0
28,2,54.760135650634766,94558,4,1.5936662954706038,1,167,1,0,0,1,0
62,33,12.90937614440918,94552,4,1.8125511556911986,3,0,1,0,0,1,0
47,32,16.871566772460938,92524,3,1.1503882250163686,3,108,1,0,0,0,0
53,19,32.9058952331543,91138,2,0.8055002126641029,1,84,0,0,0,0,0
57,18,124.70793151855469,94284,1,1.9935362821072913,3,239,0,0,0,0,0
55,30,38.385780334472656,94427,2,0.4095859614099972,3,155,1,0,1,1,0
55,31,42.50090408325195,94284,3,1.3465822422578926,2,134,1,0,0,0,0
33,5,131.03707885742188,94916,2,3.365982735553559,1,161,0,0,0,1,0
36,9,26.020530700683594,92382,4,0.21951416089100959,1,0,0,1,0,0,0
47,23,25.897186279296875,96136,1,0.3023746229969061,2,0,0,0,0,1,0
54,30,28.907255172729492,94462,4,0.7353321242866215,2,142,0,0,0,0,0
41,10,65.76026153564453,95156,2,0.40300220770364426,1,0,0,0,0,0,0
39,2,152.40792846679688,90487,1,7.667867610287626,1,0,1,0,0,0,0
55,28,40.180908203125,91209,1,0.624850387433978,2,0,0,0,0,1,0
48,18,148.02210998535156,90129,1,2.9271967834100825,1,0,1,0,0,1,0
61,35,45.858760833740234,94778,3,1.1189233743917826,2,0,1,0,0,0,0
63,38,71.45635986328125,91399,2,0.5128296889653481,3,0,0,0,0,0,0
45,19,62.971824645996094,94700,2,0.7345961228531486,3,0,0,0,0,0,0
26,4,63.396522521972656,95844,3,0.9134782439186862,2,321,0,0,0,1,0
60,34,10.310386657714844,93379,4,0.5560583988996918,2,0,0,0,0,0,0
28,4,57.99671936035156,94847,4,1.0467226052344174,2,0,1,0,0,1,0
63,41,119.98912048339844,91395,2,7.716171852758229,1,0,0,0,0,1,0
66,38,34.249725341796875,94117,3,0.7376218494824427,1,0,1,0,0,0,0
50,22,188.55001831054688,92639,1,3.4118860032833793,1,0,0,0,0,1,0
64,37,70.18141174316406,94457,3,2.4307556966407557,2,226,0,0,0,0,0
56,24,48.709197998046875,90115,2,0.14111660356001618,3,0,0,0,0,1,0
35,2,69.28312683105469,94806,3,1.9040699066579485,2,0,1,0,0,1,0
27,1,53.65754699707031,92664,4,1.8201552436971984,1,0,1,0,0,1,0
51,25,48.723201751708984,95839,4,2.129533566100436,2,97,0,0,0,0,0
44,12,52.814754486083984,91076,2,1.0517311501468796,3,144,0,0,0,1,0
35,9,95.41593933105469,92608,4,3.7477584949384313,1,0,0,0,0,0,0
34,6,15.609630584716797,93633,2,1.0323976684600977,1,87,1,0,0,1,0
62,38,65.6139907836914,92678,4,2.944812839007502,1,0,1,0,0,0,0
62,37,26.666481018066406,91714,3,0.9554734543530516,1,129,0,0,0,0,0
27,2,195.05340576171875,95704,1,2.385279605463393,3,0,0,0,0,0,1
30,3,49.79729080200195,91080,1,1.2522250144176492,3,0,0,0,0,1,0
43,28,74.21430206298828,93169,1,3.7752691512913845,3,0,0,1,0,0,0
64,39,49.90890121459961,93761,3,1.6277042921105507,2,0,0,0,0,1,0
33,7,57.82994842529297,91469,2,2.2276910788275717,1,232,1,0,0,1,0
61,31,30.178466796875,92457,2,2.5080445620349985,2,0,0,0,0,1,0
51,28,11.520084381103516,95379,4,0.43170587600157695,1,162,0,0,0,1,0
37,25,44.102088928222656,94432,2,2.0758769231433574,1,0,0,0,0,1,0
47,28,86.49393463134766,95229,1,1.8577733835398795,3,0,0,0,0,1,0
66,42,107.17259979248047,94339,1,2.3178190335541684,3,0,0,0,0,1,0
41,17,192.08099365234375,95549,2,6.218028138882343,1,273,0,0,0,0,0
59,33,47.702701568603516,94176,2,2.2391788365727714,3,0,0,0,0,0,0
27,8,132.05416870117188,92266,2,1.5919700703917299,3,222,0,0,0,0,0
40,34,154.14691162109375,91991,3,2.361770450788625,2,0,0,0,0,0,1
42,18,72.00563049316406,95205,1,0.7812097770004864,1,154,1,0,0,0,0
34,9,38.492950439453125,94694,2,0.241713351444672,1,0,0,0,0,1,0
60,37,68.09164428710938,96151,1,1.7593052515567418,1,321,0,0,0,0,0
42,21,64.64128112792969,92877,3,0.972146251722464,3,0,0,1,1,1,0
63,35,45.583656311035156,95959,1,0.8103853411126999,3,0,0,1,0,0,0
37,20,146.8798370361328,89853,2,1.8974619765144933,1,125,0,0,0,1,0
56,30,26.41672706604004,94941,3,0.17659667663719497,1,0,0,0,0,1,0
45,24,31.307132720947266,94724,4,0.4168281490989676,3,103,0,1,0,0,0
42,6,63.38201141357422,90238,3,2.031798500719837,2,0,0,0,0,1,0
39,18,36.10044479370117,93326,3,0.3848114127832156,3,0,1,1,0,0,0
34,10,48.15655517578125,92316,1,0.5382102948908979,2,0,1,0,0,0,0
39,7,105.21717071533203,93984,2,1.7641455084259574,2,0,0,0,0,0,0
38,14,105.11121368408203,92220,2,1.5025592034563884,3,0,0,0,0,0,0
33,7,31.504344940185547,94354,4,1.4003233132826571,2,0,1,0,0,1,0
28,12,50.197235107421875,91977,4,0.349784663585708,1,0,0,0,0,1,0
49,18,38.39918518066406,93175,4,0.728934499219703,2,0,0,0,0,1,0
37,23,53.11400604248047,90506,1,0.5259422676222536,3,0,0,0,0,0,0
57,34,57.32194137573242,94962,1,0.4958235915862828,2,71,0,0,0,1,0
42,12,40.71190643310547,94643,2,2.1823760687821974,3,0,0,0,0,0,0
24,-1,75.09625244140625,91594,2,0.9832666889710957,1,0,0,0,0,1,0
41,21,67.15948486328125,92092,3,2.716464834829554,3,0,0,0,0,1,0
34,11,57.47356033325195,93464,2,1.8196843906187787,2,0,0,0,0,1,0
28,12,62.81367492675781,93298,2,2.113570922024216,1,0,1,0,0,1,0
38,14,51.209320068359375,94476,2,1.805371404788105,2,0,0,0,0,0,0
32,9,77.97547912597656,91496,2,1.5607889958180718,2,0,0,0,0,1,0
48,26,49.936546325683594,93041,3,2.305490555003275,1,0,0,0,0,0,0
53,24,22.448162078857422,91881,4,1.8872419846631343,1,0,0,1,0,1,0
51,34,78.72252655029297,94635,2,1.873314932173885,2,0,1,0,0,1,0
33,22,49.610897064208984,94605,1,0.43583066168335427,2,0,0,0,0,0,0
50,33,40.88011932373047,90227,2,1.4159027664574706,3,0,0,0,0,0,0
58,19,35.05123519897461,90458,4,0.3445280939579467,2,112,1,0,0,0,0
39,26,97.88864135742188,91517,2,2.8404707933531315,1,0,0,0,0,0,0
28,7,48.68511199951172,91707,4,2.6944822351636595,3,99,0,0,0,1,0
60,32,115.27542877197266,94153,4,4.344940457311617,2,444,1,1,1,1,1
43,7,65.6353759765625,94967,4,3.649217205835181,2,224,0,0,0,0,0
52,20,64.29029083251953,92076,3,0.2835902354123291,2,0,0,0,0,1,0
49,24,105.82098388671875,93142,4,1.6101498250225348,3,0,0,0,0,1,0
28,2,176.88665771484375,94844,1,5.6805383438496495,3,0,0,0,0,1,1
41,16,104.9906234741211,92217,3,3.3362335592015593,1,367,0,0,0,1,0
39,20,74.64839935302734,90446,3,2.4877197172071184,1,393,0,0,0,0,0
27,20,161.21298217773438,92247,4,7.525480800382879,3,312,0,0,0,1,1
33,6,44.946441650390625,96166,4,1.6461362961525485,1,0,0,0,0,0,0
53,26,81.1523208618164,94878,1,0.9627396887217898,1,118,0,0,0,0,0
57,24,16.44904327392578,91812,4,0.04505400046537639,2,0,1,0,0,1,0
53,24,10.896669387817383,95643,4,0.1925264886194436,1,0,0,0,0,1,0
36,5,186.02015686035156,94396,3,3.828550598538417,3,0,1,1,1,1,1
55,28,54.56696319580078,94139,4,2.1615685135704426,2,0,0,0,0,0,0
47,28,71.01565551757812,92119,4,1.5604570237676594,2,0,0,0,0,1,0
45,17,44.943275451660156,90208,3,1.865435783341936,2,0,0,0,0,0,0
32,11,66.41575622558594,95398,4,1.1666889407275502,1,0,0,0,0,1,0
63,36,50.43037414550781,90308,3,0.4467630177917809,3,0,0,0,0,1,0
30,5,59.075355529785156,92195,3,0.27640385274160933,2,189,1,0,0,0,0
53,33,22.593685150146484,93040,1,2.0804225356938164,2,0,0,0,0,1,0
37,3,38.82152557373047,92139,4,2.0405445839721246,3,0,0,0,0,1,0
51,28,69.23271942138672,92088,1,3.5293784385526616,1,324,0,0,0,0,0
51,26,93.28794860839844,94580,4,1.6231074829309018,2,0,0,0,0,0,0
67,39,45.10264205932617,91677,1,1.2236335256176059,3,0,1,0,0,0,0
27,5,49.777565002441406,91797,1,1.7705207961624907,1,0,0,0,0,0,0
60,27,97.29907989501953,91189,1,3.9881971911757974,3,200,1,0,0,0,0
41,20,24.203344345092773,94837,3,0.3641548849146977,3,121,1,0,0,0,0
61,36,67.4954605102539,90337,4,1.808186401385288,2,0,0,0,0,1,0
45,12,112.4186782836914,94536,2,2.502669786162989,1,95,0,0,0,0,0
58,26,28.946491241455078,92893,3,0.5470394177955182,2,97,0,0,0,1,0
61,38,25.849897384643555,94681,4,1.6793619928628665,3,0,1,0,0,0,0
42,14,33.42515182495117,94396,1,0.18800556408762426,3,100,1,0,0,1,0
49,29,39.51710510253906,92356,4,1.558314784722541,3,0,1,0,0,1,0
56,25,30.1417236328125,91580,1,1.5071943520860966,1,0,0,0,0,0,0
49,11,77.72450256347656,92454,1,1.3600660182685136,1,0,0,0,0,1,0
45,22,34.94783020019531,94713,4,1.0805833048219053,2,133,0,1,0,1,0
35,10,43.60737228393555,93287,3,0.5186003785630415,3,0,0,0,0,1,0
51,27,24.999683380126953,93720,1,0.668832678109674,3,0,0,0,0,0,0
46,17,29.015621185302734,92288,3,0.09766313877918584,2,0,0,0,0,0,0
49,17,13.256108283996582,92462,4,0.34165397929918556,1,0,0,0,0,1,0
41,20,151.13345336914062,92480,4,3.0319709776253023,2,0,0,0,0,1,1
35,19,133.91600036621094,90136,4,4.010526642039275,3,0,0,0,0,0,1
34,6,59.91330337524414,94829,2,1.5975248653225977,3,230,0,0,0,1,0
46,20,33.479942321777344,92025,4,0.860171132849445,1,223,0,0,0,0,0
63,35,40.713645935058594,94884,4,0.7331516012565407,2,215,0,0,0,0,0
47,22,110.75269317626953,92293,1,1.6179181006286516,3,0,0,0,0,0,0
55,27,67.8245849609375,90273,1,0.303196419280099,1,0,1,0,0,1,0
31,4,67.52194213867188,94733,3,2.4968025182705307,2,0,0,0,0,1,0
55,25,21.14900016784668,94247,1,0.9308232263262416,1,94,1,0,0,1,0
40,9,112.76526641845703,96262,3,1.8554019880529458,3,0,0,0,0,0,0
29,12,16.46612548828125,91861,2,0.38088537349734874,3,107,0,0,0,0,0
39,28,75.67552185058594,93779,3,0.7095872448659026,2,205,0,0,0,1,0
41,12,130.1822509765625,95545,3,4.650736383433719,1,0,0,0,1,1,1
35,14,194.3887176513672,95405,4,4.5892030844473135,3,0,0,0,0,0,1
62,33,137.28988647460938,95996,2,2.9042800963569673,1,0,0,0,0,1,0
35,13,123.55683898925781,94264,1,1.6979305999991716,1,0,0,0,0,1,0
34,8,127.87431335449219,91511,2,0.5422807052858852,1,0,0,0,0,0,0
51,26,50.13277053833008,92277,1,1.1115073228821273,3,79,0,0,0,1,0
57,34,80.19461822509766,94165,2,1.3421066345182877,3,280,0,0,0,0,1
35,4,25.783239364624023,92864,4,0.48863127883041385,3,0,0,1,0,1,0
51,30,66.77278900146484,95394,3,1.044660348431655,3,312,0,0,0,1,1
46,14,18.910614013671875,94558,3,0.3538131892599612,2,0,1,0,0,1,0
55,34,40.79115676879883,94378,1,0.1774329133238936,2,0,0,0,0,1,0
31,10,41.01945495605469,92062,3,0.2823397380800736,3,0,0,0,0,1,0
31,6,42.101104736328125,95197,2,0.16470875346357117,1,0,0,0,0,1,0
58,27,63.39283752441406,90108,1,3.362627553045607,1,0,1,0,0,0,0
43,14,83.79483795166016,91556,3,0.3626141736333867,3,132,0,0,0,0,0
40,15,16.065629959106445,95639,3,0.6001167914358767,1,83,0,0,0,0,0
40,13,47.14196014404297,90646,2,0.681234023050636,3,0,0,0,0,1,0
61,34,79.89472961425781,90591,4,4.2458332912663215,1,398,1,0,0,1,0
62,37,138.03187561035156,90602,2,1.7191135698023026,1,225,0,1,1,1,0
31,4,154.59988403320312,90201,3,1.5237136215236529,1,203,1,0,1,1,1
39,0,46.89915084838867,95618,4,2.2162215796827587,1,130,0,1,0,1,0
54,23,191.43966674804688,91507,2,1.2555984297866565,1,0,0,0,0,1,0
34,7,69.36385345458984,91541,3,1.4877304049094644,3,0,1,0,0,0,0
37,11,73.05894470214844,91901,3,0.5928206787360709,2,0,0,0,0,0,0
43,11,127.95123291015625,94569,1,3.026387503041785,1,0,1,0,0,1,0
63,40,26.995325088500977,90040,3,0.4611176073802656,2,0,0,0,0,1,0
57,28,11.752193450927734,92226,4,0.4438537302981014,2,149,1,1,1,1,0
51,21,136.67361450195312,90382,2,5.648944829716248,1,0,0,0,0,1,0
61,23,22.43565559387207,94462,3,1.2892676901411593,3,167,1,0,0,1,0
44,30,48.61653518676758,94153,2,0.503737799316293,3,158,1,1,0,0,0
60,37,119.28286743164062,92921,4,2.026710395202156,2,0,0,0,0,0,0
29,11,47.314674377441406,94155,1,2.9741967383952996,3,0,0,0,0,1,0
43,15,187.1776885986328,91750,2,0.3682702905288736,1,0,0,1,0,1,0
51,30,35.91016387939453,92782,4,0.4108688955829226,1,239,0,0,0,1,0
54,30,81.61556243896484,95267,1,0.8945046059739218,1,0,0,1,0,0,0
36,12,83.27301788330078,91175,3,4.669506301961653,1,145,0,0,0,1,0
26,13,76.67076873779297,91243,3,3.0793050946840794,2,198,1,0,0,1,0
44,24,70.65234375,92641,4,0.6756180164400853,1,0,0,0,0,0,0
30,10,70.56917572021484,96312,4,1.5663485865788145,3,226,1,0,0,1,0
61,34,31.80208969116211,95099,3,0.8530418255079162,3,230,1,0,0,0,0
49,31,34.42810821533203,92912,3,1.2469993799991022,3,0,0,0,0,1,0
35,6,25.517751693725586,93507,3,2.1050042124320245,2,0,1,0,0,1,0
64,38,46.85102081298828,92212,2,1.8728410817017935,3,154,0,1,0,1,0
48,8,16.94202423095703,92564,1,0.5753308782738733,3,0,1,0,0,1,0
32,20,73.56681823730469,91218,1,1.491155456873186,3,0,0,0,0,1,0
64,35,68.24508666992188,93136,2,0.1081199462164131,1,0,0,0,0,0,0
65,38,58.15727233886719,92750,2,0.331357301018019,2,0,0,0,0,0,0
34,11,122.386962890625,93900,1,2.3403876876334118,3,0,1,0,0,0,0
55,22,187.83448791503906,91436,2,6.230055211504878,1,186,1,0,0,0,0
42,12,150.35928344726562,91372,3,3.2391808939098357,3,0,0,0,0,1,1
45,17,66.2835693359375,94273,2,4.5676165950954175,2,232,1,0,0,1,0
58,31,66.72545623779297,89786,2,2.376539711753306,2,379,0,0,0,0,0
34,9,97.71735382080078,91201,3,1.3718782471634814,1,217,0,0,0,1,0
40,11,48.091590881347656,94837,4,1.8315573897190192,2,0,1,0,0,1,0
31,7,88.43180847167969,91933,4,3.3764007147397583,3,0,0,1,0,0,0
55,38,21.642818450927734,93979,3,0.47370903721934005,2,100,0,0,0,0,0
53,18,34.09681701660156,90001,4,0.7359041705544351,2,0,0,0,0,0,0
25,-1,129.60980224609375,92006,4,2.7000474987711005,2,0,1,1,0,0,1
31,0,64.76716613769531,93558,2,2.813154779388494,1,93,0,0,0,0,0
30,6,102.23593139648438,93989,3,1.4343147566521388,1,0,1,0,0,1,0
45,18,173.81930541992188,90094,2,1.7985011506772313,3,0,0,0,0,0,1
28,9,63.86903762817383,94636,1,2.6426456438054755,3,0,0,0,0,1,0
62,39,38.54802703857422,93037,2,0.35041592607157424,2,0,0,0,0,1,0
48,22,45.88536834716797,95720,3,0.2597935816963388,2,0,1,1,1,1,0
60,36,22.924144744873047,92614,1,0.2266664312869154,3,0,0,0,0,0,0
35,6,19.730403900146484,92233,4,0.17155385799140388,2,0,1,0,0,1,0
62,42,57.16429138183594,94753,4,0.8848229743400874,2,0,0,0,0,0,0
37,22,98.47373962402344,95091,2,3.3493839434436894,1,456,0,0,0,0,0
36,7,77.02629852294922,91329,4,1.8889559774440219,1,224,1,0,0,0,0
29,7,44.80821228027344,95453,4,2.031342697055478,2,0,1,0,0,0,0
36,11,92.80722045898438,96180,3,0.4752164105661422,1,372,0,0,0,1,0
55,30,73.81280517578125,92260,3,0.4902788707414135,2,0,0,0,0,1,0
36,18,16.063724517822266,96130,4,0.7746737629539456,1,0,1,0,0,0,0
42,19,15.54380989074707,92963,3,0.2700328865802402,1,0,0,1,0,0,0
30,2,43.04117965698242,95852,4,0.922698126300905,2,207,1,1,1,0,0
63,38,124.6948013305664,90272,1,0.8118071209889767,1,395,1,0,1,1,1
42,15,46.25576400756836,94199,3,1.7780802167582104,1,0,0,0,0,1,0
42,11,58.18775939941406,95096,4,0.27863166292824904,2,0,0,0,0,0,0
28,3,29.466785430908203,95133,3,1.6689816657591956,2,0,0,0,0,0,0
52,21,56.17133712768555,95381,2,0.10530030610344018,3,0,0,0,0,1,0
30,2,106.820068359375,93085,4,1.2392655830513597,1,0,0,0,0,0,0
43,2,39.46525955200195,92159,4,1.6444418632653075,2,0,0,0,0,1,0
60,38,45.287620544433594,93956,3,1.7417175721925742,2,102,0,1,0,0,0
24,2,46.26197052001953,95004,3,0.18141003588530108,3,0,1,0,0,1,0
50,11,57.34321594238281,96124,4,1.2895371953012809,2,132,0,0,0,1,0
54,13,18.86935043334961,91135,4,1.5169367392362294,2,0,1,0,0,0,0
61,37,95.61077880859375,92952,4,3.80325150116281,3,0,0,0,0,1,1
63,25,32.60087585449219,91219,3,2.1775414226592607,3,0,0,0,0,1,0
40,11,50.413185119628906,93332,4,1.9262972623691828,3,154,1,0,0,0,0
51,20,51.24189758300781,95692,4,1.509129559299154,3,272,0,0,0,0,0
25,0,88.56442260742188,94744,4,2.154861071780915,3,0,0,0,0,0,0
42,15,51.39484786987305,92235,3,0.17546228730972854,2,0,0,0,0,0,0
62,38,45.003211975097656,94266,3,0.846572093537473,2,0,0,0,0,1,0
53,32,14.120534896850586,94250,2,0.27744744559627893,1,99,0,0,0,1,0
53,26,40.718833923339844,94088,1,0.4772703750560402,3,0,0,0,0,1,0
53,29,161.84146118164062,95160,2,5.243161713109903,1,0,0,0,0,0,0
64,37,46.159061431884766,92097,1,0.531533217884073,1,0,0,0,0,1,0
41,17,27.979066848754883,91576,2,0.3561358909384745,2,0,0,0,0,1,0
37,2,123.80007934570312,92151,2,1.0833646937844368,1,0,0,0,0,1,0
46,7,110.33374786376953,91545,2,1.5376299957979465,3,0,0,0,0,0,0
58,28,33.036712646484375,95333,4,1.12655076367952,1,0,1,0,0,0,0
31,5,88.26744842529297,90671,2,1.811599364553568,1,0,0,0,0,0,0
48,23,52.66664505004883,91997,4,1.1382595110120293,2,0,0,0,0,1,0
36,21,109.37289428710938,95044,2,4.764226295532581,2,0,0,0,0,0,1
53,24,60.08379364013672,94457,2,0.02719987895974818,2,0,0,1,0,0,0
36,13,168.28396606445312,94756,2,4.1017433791317535,1,0,1,0,0,1,0
55,31,95.26211547851562,94925,1,3.117564108761578,3,0,0,0,0,1,0
56,34,63.88592529296875,92035,1,1.591583568966891,2,99,0,0,0,0,0
60,35,28.739826202392578,92151,4,0.5749862137690462,3,0,0,0,0,0,0
39,18,112.48832702636719,92094,4,2.6604327334566005,1,126,1,1,0,1,0
31,4,57.172279357910156,95523,3,1.720850019279795,2,108,0,0,0,1,0
61,38,109.122802734375,90286,4,1.4817486114215603,3,0,0,0,0,0,0
43,11,44.628631591796875,90520,2,1.6839139457339882,2,0,0,0,0,0,0
45,8,44.04949951171875,94422,3,0.39750153179060443,2,0,0,0,0,0,0
40,20,171.50930786132812,90231,2,1.8217816966376934,2,0,0,0,0,1,1
58,22,24.476621627807617,93196,4,1.0180324522260107,3,0,1,0,0,1,0
34,18,79.6787338256836,94393,2,2.9291742396731983,1,0,0,0,0,0,0
62,38,45.478271484375,91998,4,2.5828720378202012,2,0,0,1,0,0,0
51,29,83.01212310791016,89940,1,1.754366736376222,2,0,0,0,0,0,0
59,32,45.51012420654297,95419,1,2.546168668681943,2,0,1,0,0,1,0
37,9,151.65013122558594,92772,1,0.8509162440644362,1,0,1,1,0,0,0
54,38,12.803353309631348,95354,4,0.8851177300850606,2,84,1,0,0,0,0
48,28,53.302040100097656,96007,3,1.052250848253009,2,0,1,0,0,0,0
52,29,76.35389709472656,92132,4,0.3830558384092248,2,112,0,0,0,0,0
41,21,56.562198638916016,92114,2,1.4544674332651462,1,0,1,0,0,0,0
54,30,60.89193344116211,94533,3,1.7266545392543728,2,0,0,0,0,0,0
30,5,100.84701538085938,94591,3,1.4524286310678658,1,0,0,0,0,1,0
43,20,66.79966735839844,91313,2,2.0082178798123516,3,0,1,0,0,1,0
27,3,29.193347930908203,93222,2,1.0594899473363506,3,96,0,0,0,0,0
34,8,58.750823974609375,94781,3,3.100933862461838,3,0,0,0,0,1,0
56,31,37.818397521972656,95485,2,1.7465981757593374,1,76,0,0,0,0,0
33,7,29.47604751586914,95331,4,1.6276759667403522,1,0,0,1,0,1,0
41,21,110.97714233398438,94538,2,0.5983629680593407,1,307,0,0,0,1,0
36,15,49.04988098144531,95925,3,0.9857028622022922,2,0,1,0,0,1,0
39,12,174.29237365722656,94711,3,3.982129840777623,1,0,0,0,0,1,0
31,7,72.9112548828125,93396,3,2.7760709259203185,3,0,0,0,0,0,0
48,23,71.18386840820312,90510,2,1.3397017006839964,1,0,0,0,0,0,0
49,21,61.8640251159668,94485,4,4.899138069680104,1,0,0,0,0,0,0
64,37,101.24374389648438,91711,1,2.2808408685690815,1,0,0,0,0,0,0
52,18,44.76639175415039,94337,4,2.5743710896250596,2,0,1,0,0,0,0
53,24,97.00209045410156,93089,2,1.2749074010440722,1,100,0,0,0,0,0
25,2,32.70697021484375,95006,4,0.5402557453141285,2,0,0,0,0,1,0
36,22,147.22647094726562,90350,1,2.7663977723851922,1,0,0,0,0,0,0
33,7,29.559823989868164,91498,4,0.0008713505270279698,1,0,1,0,0,1,0
46,21,26.06593894958496,93956,4,0.48926984817803293,2,147,1,0,0,1,0
57,28,165.53102111816406,92079,1,5.595647720802898,1,0,0,0,1,1,1
58,36,97.57772064208984,92107,3,1.1525507842998237,1,0,1,0,0,1,0
60,36,30.700164794921875,91436,4,0.7505471772799802,1,0,0,0,0,0,0
38,11,79.29315948486328,94525,1,0.3433017131244917,2,102,0,0,0,1,0
56,37,86.76815795898438,92677,1,0.48798537478709214,3,0,1,1,1,1,0
58,28,160.00665283203125,94299,3,1.5634007997722787,2,239,0,0,0,1,1
52,12,84.1743392944336,91987,2,1.2411289280467912,1,0,0,0,0,1,0
28,1,85.8989486694336,94873,4,1.5033505653423058,2,0,0,0,0,1,0
49,35,100.8155288696289,92928,1,2.6212728709666018,3,224,0,0,0,0,0
36,3,26.850793838500977,90137,4,1.7396967142974296,3,192,1,0,0,1,0
59,38,57.822296142578125,90118,4,1.7832459562350482,1,0,0,0,0,0,0
29,8,26.9342098236084,94368,4,1.0517766472845744,3,121,0,0,0,1,0
35,21,25.9984188079834,92989,1,0.9693003574520731,1,0,0,0,0,1,0
27,8,102.02977752685547,96125,1,1.4553439710879041,1,0,0,0,0,1,0
37,30,46.04050064086914,92105,2,1.642943897044113,1,258,1,0,0,1,0
49,19,112.0101547241211,91258,2,2.538391571726736,1,0,0,0,0,1,0
37,12,69.1400375366211,92385,2,0.5458223631681502,1,0,1,1,1,1,0
29,4,58.58761978149414,95421,1,3.4730601897352664,3,0,0,0,0,0,0
44,19,71.6297836303711,91339,2,0.1067152644770287,1,90,1,0,0,1,0
28,5,65.422607421875,94255,2,2.860424840135206,3,0,0,0,0,1,0
50,25,43.56388473510742,90294,2,0.19983318856343665,1,0,0,0,0,0,0
38,5,130.7650604248047,92254,3,1.9058171080083905,3,508,0,1,1,1,0
42,12,66.43718719482422,94419,2,1.9235305369333344,1,0,1,1,0,1,0
57,30,46.03746795654297,91763,1,4.602979463692818,2,153,0,1,0,1,0
47,12,94.84329223632812,93837,2,4.578254059610328,2,0,0,0,0,1,0
44,24,186.3929443359375,90072,3,1.2474445283842095,2,0,0,0,0,0,1
49,27,62.15959167480469,95289,1,2.223885675751337,1,0,1,0,0,0,0
57,28,84.62738800048828,91382,2,2.486641107235407,2,0,0,0,0,1,0
54,17,38.55107879638672,95147,1,1.0992375659826972,2,0,0,0,0,1,0
59,29,96.4134750366211,92727,1,0.5002962615681952,1,0,0,0,0,1,0
36,12,36.28569030761719,95732,3,0.4137586395936357,2,112,0,0,0,0,0
62,35,63.62733840942383,91383,4,1.7393923445814832,2,0,0,0,0,0,0
30,2,70.79315185546875,91108,1,2.3468189083965783,2,0,1,0,0,1,0
56,16,104.1549301147461,94942,2,0.25949316923803684,1,0,0,0,0,0,0
44,16,74.86671447753906,90186,3,1.8964599193785945,3,0,0,1,0,0,0
62,28,101.4090576171875,96595,2,2.3516800510127007,3,286,0,0,0,0,0
32,7,50.93796157836914,95157,4,1.6216746725546483,1,0,1,0,0,1,0
30,4,71.96147155761719,91829,1,3.694485500183773,2,0,0,0,0,0,0
35,13,37.51676559448242,95110,2,2.597776243662261,3,0,1,0,0,1,0
54,19,33.557071685791016,89934,1,1.3101160763161381,1,0,0,0,0,1,0
38,12,59.64596176147461,95202,4,0.5765493779311235,2,0,0,0,0,1,0
52,18,41.53105545043945,94669,4,0.22384863419515905,1,0,1,0,0,0,0
64,39,45.18459701538086,95218,1,1.9202125826975547,1,0,0,0,0,0,0
43,19,22.898826599121094,95270,1,0.5642482458574075,3,0,1,0,1,1,0
33,11,46.45587921142578,91063,3,0.9950795701258986,3,0,0,0,0,0,0
59,35,47.1468391418457,94858,1,0.5314953936182573,3,275,0,0,0,1,0
25,1,26.967876434326172,95661,4,0.22494548580427798,2,0,0,1,0,1,0
60,37,169.43130493164062,95107,1,4.044334494402987,1,0,0,0,0,0,0
29,17,125.23776245117188,91787,2,0.26072629044943935,1,0,0,0,0,0,0
53,30,148.8078155517578,95322,2,7.92170036247929,1,0,1,0,0,0,0
52,30,119.03365325927734,95524,1,1.9953055379410825,1,0,0,0,0,1,0
36,17,172.67822265625,96314,2,7.2985544342011295,1,0,0,0,0,1,0
49,20,17.438352584838867,91410,2,0.3747247852772527,2,84,0,1,0,0,0
55,30,75.1053695678711,90645,1,0.038891510612081626,1,0,0,0,0,0,0
25,-1,69.27286529541016,95386,3,2.1958453488731307,1,305,0,0,0,1,0
48,26,41.34898376464844,93063,1,0.5062428769787795,1,156,0,0,0,1,0
61,40,18.195796966552734,94125,1,0.28316167426629185,1,0,1,0,0,0,0
35,23,118.84393310546875,95967,1,0.4535869532783273,3,108,0,0,0,0,0
55,31,85.286376953125,91823,1,2.153688962954217,1,188,0,0,0,1,0
51,15,41.27054214477539,94835,1,0.6322021877710171,3,0,0,0,0,1,0
66,41,34.10015106201172,91476,2,1.6066167658787287,3,0,1,0,0,1,0
32,4,43.50388717651367,95789,4,1.520080480654059,3,0,0,0,0,0,0
58,36,56.17183303833008,94846,2,3.6794559219394873,1,0,0,0,0,0,0
60,37,67.2161865234375,91055,3,0.781265705642277,3,0,1,0,0,0,0
34,2,68.10539245605469,92598,3,0.9321058043484612,2,0,0,0,0,0,0
50,27,52.59406661987305,91434,3,1.983807380510266,3,206,0,0,0,1,0
26,0,37.53025817871094,92573,4,1.0436071142519443,1,0,0,0,0,1,0
30,13,146.41311645507812,94966,1,1.031853553975251,2,0,0,0,0,0,0
48,18,56.92521286010742,94284,3,0.0573098180330259,2,130,1,0,0,1,0
64,36,58.860992431640625,92765,4,0.9352283597617689,3,0,0,0,0,1,0
32,10,27.288530349731445,95595,2,0.5672637468977386,1,101,0,1,0,0,0
39,12,82.60054779052734,94048,1,3.372787230527975,3,263,0,0,0,1,0
64,38,120.462646484375,91415,2,0.20199335270299829,3,430,1,0,0,0,0
25,4,88.44889068603516,95149,1,3.0089242316661258,3,0,0,0,0,1,0
62,37,90.78826904296875,93217,1,2.0078295175056082,1,0,0,1,0,0,0
45,26,20.472877502441406,93823,2,0.3857970250395248,3,0,1,0,0,0,0
58,23,150.67864990234375,93876,3,6.562139008390033,2,457,0,0,1,1,1
51,16,196.8197021484375,92519,2,3.631116149857331,1,237,1,0,0,1,0
61,35,28.92578887939453,91876,3,1.1310294477797096,2,0,0,0,0,1,0
44,14,51.051326751708984,92022,1,0.13680274400987258,3,0,0,0,0,1,0
41,21,15.604429244995117,94801,3,0.561264134022541,2,0,0,0,0,1,0
39,8,18.895584106445312,92823,4,0.01141288484067804,3,0,0,0,0,0,0
55,38,52.407073974609375,95690,2,2.333546015164826,3,0,0,0,0,0,0
30,9,104.28844451904297,94572,2,1.1669794381309093,1,0,0,0,0,1,0
37,13,116.47245788574219,95287,2,3.551389302668864,1,264,1,0,0,1,0
33,8,17.031314849853516,91048,3,0.9289797496045044,2,0,1,0,0,1,0
40,5,96.03427124023438,94944,1,3.967644811580109,2,0,0,0,0,1,0
43,16,101.82304382324219,90173,2,2.4277681535897195,1,0,0,0,0,1,0
33,7,112.47315979003906,90590,2,0.41570106673194285,3,0,0,0,0,0,0
65,38,16.501022338867188,90080,4,0.42406837079193893,2,103,0,0,0,0,0
62,37,71.87403869628906,93924,3,1.354352811082091,1,0,1,0,0,1,0
50,31,85.92852783203125,96534,2,1.4639989952717996,1,217,1,0,0,1,0
51,27,47.84487533569336,89837,2,2.852799383051477,3,0,0,0,0,0,0
40,22,124.28632354736328,95457,2,2.0785759762316944,1,268,0,0,0,1,0
60,21,24.545377731323242,95439,2,0.4817247815005588,2,0,1,0,0,0,0
60,24,67.82815551757812,94359,3,1.7690089545064238,3,0,1,1,1,1,0
61,29,170.02822875976562,96279,1,3.125197445586601,1,125,1,0,0,0,0
34,11,211.62176513671875,90441,2,4.235101855699889,1,0,0,1,0,1,0
26,1,107.20098876953125,95437,4,2.4928577853965943,2,0,0,0,0,1,0
57,37,23.988473892211914,91913,4,1.861465390246512,1,0,0,0,0,1,0
55,25,37.13886260986328,92617,4,0.45445542663004007,3,0,0,0,0,0,0
41,11,71.90713500976562,91400,3,4.816091137117927,1,0,1,0,0,1,0
31,6,85.72919464111328,92076,1,3.1965136342676796,1,0,0,0,0,1,0
53,21,14.70099925994873,92134,2,0.874981520732034,2,67,0,0,0,1,0
24,0,48.19551086425781,90027,4,0.3648267983075075,1,0,1,0,0,1,0
48,27,32.958377838134766,92754,1,1.5358141835090802,3,0,1,1,0,0,0
48,19,34.7171516418457,93600,4,2.750589024718094,1,0,1,0,0,1,0
56,19,84.6419448852539,95691,1,0.4214544840244672,1,0,1,0,0,0,0
52,21,56.64501953125,91608,4,1.2860529000057728,3,149,0,0,0,0,0
35,9,27.29205322265625,94698,4,0.03617449356741542,1,0,1,0,0,1,0
47,29,196.0748291015625,91845,2,4.545308658865331,1,246,0,0,0,0,0
57,32,61.95523452758789,93897,1,2.904642657797588,3,0,0,1,0,0,0
59,34,53.304649353027344,91618,2,2.0671995368555747,1,228,0,1,0,1,0
43,10,46.76508331298828,91669,3,1.6766446962628372,3,0,1,0,0,1,0
54,34,192.8116912841797,93972,2,3.260312552681826,2,0,0,0,0,0,1
52,28,134.65350341796875,90575,1,6.500771896617491,2,0,0,0,1,1,1
28,-2,43.962520599365234,94128,3,1.5633697143020742,2,0,0,0,0,1,0
51,25,41.23952865600586,94751,2,1.8455418818473803,2,0,0,0,0,0,0
46,20,53.462669372558594,94463,3,0.5048389569507203,2,0,1,1,1,0,0
38,10,37.268165588378906,91420,4,1.6622555892945092,1,0,1,0,0,1,0
40,9,33.446144104003906,95231,2,0.5196255357647451,1,0,0,0,0,1,0
43,16,43.64877700805664,92110,3,1.0484889108921762,1,0,0,0,0,1,0
47,21,45.434120178222656,91155,1,2.9360199326580108,3,0,1,0,0,1,0
54,31,55.87419891357422,90348,4,1.105840865780082,2,0,0,0,0,1,0
42,20,61.52473449707031,92259,2,1.890665108149457,2,0,1,0,0,1,0
50,19,30.297056198120117,95752,2,0.2285177493551876,1,0,0,0,0,0,0
63,36,74.9719467163086,96132,4,2.13262977475154,1,0,0,0,0,1,0
32,7,68.04013061523438,91083,4,0.5589932989260031,1,0,0,1,0,0,0
39,23,60.544532775878906,94919,3,0.1841990414689356,3,0,0,0,0,0,0
38,8,59.496299743652344,94647,3,0.5106173366942119,2,142,0,0,0,1,0
42,24,112.45045471191406,90386,1,0.4721532233919946,1,0,1,0,0,0,0
53,25,157.24282836914062,92053,2,3.7657642740558193,1,0,0,0,0,1,0
44,23,20.10305404663086,93088,1,0.6767647806203697,3,0,1,0,0,1,0
32,6,122.52400207519531,93131,1,2.632094399520069,1,0,0,0,0,1,0
27,3,162.272216796875,94648,1,2.3869390310258174,3,0,0,0,0,1,1
36,6,35.78760528564453,94608,3,0.636293591657346,2,0,0,0,0,1,0
61,26,92.26336669921875,95471,4,1.2545910071124877,2,0,1,0,0,1,0
55,32,151.93722534179688,93364,2,0.6111833220247325,1,0,0,0,0,1,0
37,13,81.96754455566406,95867,2,1.3229014840014988,1,306,0,0,0,0,0
44,19,38.85139465332031,90446,3,1.6095506540731785,3,0,1,1,0,1,0
63,37,19.6743106842041,90147,2,0.38947729873730225,1,93,0,0,0,1,0
60,39,67.41070556640625,95983,3,0.09817387056677873,3,0,0,0,0,0,0
53,29,85.50230407714844,95239,2,1.1779711804647819,2,0,0,0,0,0,0
41,14,35.64634323120117,94268,2,0.1846251375543001,2,0,0,0,0,1,0
44,16,65.02682495117188,94484,4,0.7478104178322348,1,0,0,0,0,1,0
52,23,26.624574661254883,95553,3,2.109196929761761,1,0,0,0,0,0,0
56,15,64.80381774902344,95210,2,0.9799944795488238,3,0,0,1,0,1,0
62,35,62.818336486816406,90849,1,2.001959360065162,2,0,0,1,1,1,0
54,18,87.24297332763672,92117,4,0.5081379195857375,2,99,0,0,0,1,0
55,35,100.93313598632812,94771,2,2.4374550699195208,1,180,0,0,0,0,0
29,10,35.804893493652344,92026,3,0.33530698991555785,2,0,1,0,0,1,0
60,26,114.0318374633789,92532,4,3.8852048531341805,2,0,0,0,0,1,1
66,34,46.698089599609375,91862,3,0.5332518664507442,2,0,0,0,0,1,0
39,15,99.61770629882812,94178,3,2.446609709039288,1,0,0,0,0,0,0
44,18,94.39286804199219,94966,2,3.233625361803462,2,207,0,0,0,1,0
65,33,68.00428771972656,95267,2,1.315735065428144,1,228,1,0,0,1,0
43,13,110.41107177734375,93460,3,0.6563487103167689,1,0,0,0,0,0,0
64,35,43.31959533691406,90493,4,1.2146329518999126,1,0,0,0,0,1,0
52,24,164.7236785888672,94463,2,3.157521778495266,1,0,1,0,0,0,0
50,24,41.046024322509766,95796,2,1.0137753039505086,1,0,0,0,0,1,0
58,24,63.531150817871094,94747,1,1.2887449341972619,3,0,0,0,0,0,0
60,36,34.05723571777344,90587,3,1.9742838631622812,2,0,0,0,0,0,0
33,9,26.15256690979004,90926,3,2.4109032171895617,2,161,0,0,0,1,0
24,3,38.624053955078125,92275,4,1.648930504000825,3,0,0,0,0,1,0
51,24,56.385154724121094,91306,4,0.19575248560468056,3,0,1,0,0,1,0
28,2,47.65623092651367,91755,4,0.21891460590068565,1,144,1,0,0,0,0
60,33,102.1624984741211,91293,1,0.3044874880809259,1,0,0,0,0,0,0
53,30,79.3404312133789,91774,4,0.9736910584643507,3,0,0,1,0,0,0
33,0,16.63309097290039,90018,3,2.067640584898852,3,173,0,1,0,1,0
57,17,76.66414642333984,92420,1,3.8716096323299714,3,0,0,0,0,1,0
57,27,62.10142517089844,94417,4,1.753148348493342,2,557,0,0,0,1,0
46,16,50.99317932128906,91490,3,0.7240367459404702,3,365,0,0,0,0,0
45,7,14.855256080627441,95125,2,0.0989332604324328,3,153,0,0,0,0,0
45,32,24.816349029541016,92724,2,1.5581560440666782,3,0,1,0,0,1,0
38,29,40.672306060791016,90087,2,0.29095722745428265,1,0,1,0,0,1,0
25,3,47.26777267456055,91070,1,3.2082624074032724,2,0,1,0,0,1,0
29,8,122.89710235595703,91125,3,1.6814386715003893,3,0,0,0,0,0,1
37,12,108.09761047363281,92133,1,2.0811988628346647,1,0,0,0,0,0,0
44,36,38.4928092956543,94199,4,2.5419686324279698,3,0,0,1,0,0,0
51,16,35.72173309326172,92167,4,1.5169171437751,3,103,0,1,0,1,0
49,30,18.932044982910156,91350,4,0.8869975306971002,1,0,0,0,0,0,0
35,10,115.23320007324219,94843,3,0.5257110422240412,3,0,1,0,1,0,1
64,40,51.852699279785156,91145,4,1.0386590396494904,3,0,0,0,0,0,0
44,17,155.36343383789062,90316,2,1.0150053344002945,1,0,0,0,0,1,0
58,23,116.71626281738281,91416,1,0.30957503214640364,1,0,1,0,0,0,0
61,37,53.144737243652344,95907,4,0.9616768052359033,3,0,1,0,0,0,0
53,30,51.67195510864258,95361,3,1.8631308375648798,2,0,0,1,0,1,0
35,14,75.53836822509766,91409,3,0.2678317227489908,1,0,1,0,0,1,0
29,9,178.08103942871094,90475,2,7.198705172978643,2,404,0,1,0,1,1
30,16,51.46756362915039,95626,3,3.135201163562685,2,0,0,1,0,1,0
61,32,96.69364166259766,94823,1,1.8677851832031442,2,0,0,0,0,1,0
60,34,40.47154998779297,95189,2,0.2799579807683746,3,70,0,0,0,1,0
42,15,65.70703125,93188,2,0.42892112519351133,3,0,0,0,0,1,0
61,37,44.93887710571289,92155,2,0.891759192492894,2,0,0,0,0,1,0
59,27,196.2622528076172,94001,2,9.309047204210671,1,0,0,0,0,0,0
55,23,53.40066146850586,90514,2,2.5018354690138636,1,141,0,0,0,1,0
42,12,44.029911041259766,91981,3,1.223262048628547,2,0,0,0,0,1,0
43,27,43.50862503051758,92703,3,0.0652349916126932,1,186,1,0,0,1,0
48,16,39.77735900878906,90437,4,0.2753424776627989,1,0,0,0,0,0,0
39,16,41.06573486328125,95262,4,0.5553547946161621,2,155,0,1,0,0,0
40,13,54.55380630493164,90281,4,0.25797615763485693,1,0,0,0,0,1,0
55,35,92.41290283203125,92603,3,1.4703027639464095,2,0,0,0,0,1,0
36,9,16.31922149658203,92019,3,0.6493382632819229,3,0,0,0,0,1,0
31,12,158.41146850585938,94407,1,5.969924486975129,1,0,0,1,0,1,0
58,34,20.42490577697754,94379,4,2.38085958212108,1,0,0,0,0,1,0
59,34,20.56648826599121,89930,4,0.10956534374606622,3,0,0,0,0,0,0
43,15,52.87294387817383,95699,3,0.1580115725399293,2,0,0,0,0,1,0
33,7,128.95687866210938,91118,2,8.71938744000963,1,0,0,0,0,1,0
50,26,47.66336441040039,93023,4,1.617667275862279,3,0,0,0,0,1,0
60,39,139.2009735107422,95120,4,3.6825382839341105,3,0,0,0,0,0,0
41,14,158.6128692626953,94913,1,2.7187258966351813,1,0,0,0,0,0,0
62,36,36.58020782470703,92036,4,0.08354335598000412,2,0,1,0,0,1,0
35,7,86.25472259521484,90210,1,2.4962237473932136,2,0,0,0,0,1,0
57,36,60.903568267822266,92099,2,1.7224478830119578,3,144,0,0,0,1,0
61,28,18.67429542541504,90296,2,0.014091947370679203,3,0,0,0,0,0,0
56,30,99.6559066772461,92168,2,1.7593562572057235,1,0,0,0,0,0,0
43,22,40.851783752441406,94794,2,0.3769541115557544,1,0,1,0,0,0,0
54,31,91.77747344970703,94865,1,4.843797910473949,2,0,0,0,0,1,0
33,3,70.96112060546875,96173,3,2.593246128119543,1,301,0,0,0,1,0
32,5,52.36687469482422,94595,3,2.2623899989038283,1,0,0,1,0,1,0
52,24,61.63799285888672,90371,4,2.3534440565236987,3,0,1,0,0,1,0
44,22,37.7847900390625,92162,2,0.015523851119552234,1,0,0,1,0,1,0
37,2,114.7142333984375,94954,4,0.9288981858646705,3,105,0,0,0,1,0
25,1,49.21967697143555,92646,4,0.30248734676171357,3,0,0,0,0,0,0
44,24,45.47719192504883,92106,4,1.1715486650442073,1,0,0,0,0,1,0
35,13,153.7556610107422,91393,3,3.730495785518918,1,0,1,0,0,1,0
34,5,13.539703369140625,94765,4,0.04377920287844217,1,0,1,0,0,1,0
57,34,139.69482421875,94525,1,2.066614701485319,3,0,0,0,0,1,0
49,25,92.85282897949219,95822,4,1.380092879282147,2,0,0,0,0,1,0
39,2,78.85791015625,95736,4,1.666455172953848,1,0,1,0,0,1,0
52,32,124.82120513916016,95175,2,1.9517865903098364,1,0,1,0,0,1,0
34,3,132.60826110839844,94235,1,8.838747646580433,1,0,0,0,0,1,0
47,26,43.33647918701172,94830,2,2.110324951319122,1,325,0,0,0,1,0
47,16,65.76617431640625,94596,1,1.8453550691553327,3,0,0,0,0,0,0
37,16,144.96884155273438,91910,1,1.592021550628043,1,243,0,0,0,0,0
62,34,38.03124237060547,95508,2,1.7036649312215537,2,0,1,0,0,1,0
58,23,124.72653198242188,94721,2,2.3097081727609643,3,0,1,0,0,0,1
45,18,60.63726043701172,95674,1,1.5302046648570489,2,0,1,1,1,1,0
47,20,91.14569091796875,90138,3,0.13977026021674976,1,0,0,0,0,1,0
27,-1,21.913455963134766,93122,4,0.3942593540873141,1,0,0,0,0,1,0
43,20,47.74436950683594,93035,1,0.022149766378400326,1,0,1,0,0,0,0
58,30,147.419189453125,94365,2,2.8664042223155684,1,0,1,0,0,1,0
35,13,153.18894958496094,91897,4,4.798859560507208,2,0,0,0,0,0,1
37,6,39.65610122680664,91570,2,0.37153742488085334,3,360,1,0,0,1,0
59,35,69.91813659667969,94078,2,1.9936456258461062,1,0,1,0,0,1,0
63,26,63.40913009643555,92873,3,1.8250644874551416,2,0,0,1,0,0,0
56,28,56.46479034423828,94463,2,2.104440394679917,3,226,1,0,0,1,0
58,32,86.49314880371094,96011,4,2.1286550808730444,2,264,1,1,1,1,0
40,8,25.652097702026367,95606,2,0.32057845373208893,3,0,1,0,0,1,0
38,10,165.5277557373047,94727,4,3.8067603390879925,1,239,1,0,1,1,1
40,15,15.632451057434082,94055,4,0.33104234953192196,1,173,0,0,0,1,0
61,35,26.321441650390625,94437,3,0.7008035477628917,2,0,1,0,0,1,0
47,30,69.25698852539062,93050,1,1.5152557009519592,3,0,0,0,0,1,0
38,11,23.896459579467773,95798,3,0.7606944765775944,1,0,0,0,0,1,0
66,38,105.68154907226562,95015,1,2.3072553583574424,1,405,0,0,0,0,0
33,10,52.39984130859375,90309,2,1.6720916518410758,1,0,0,0,0,0,0
34,11,59.00986862182617,95784,2,0.5528391162426325,1,0,1,0,1,1,0
35,11,54.854820251464844,94632,3,1.9186911511224547,1,0,1,0,0,1,0
58,13,60.65690994262695,90593,2,1.8983589306285062,1,0,0,0,0,0,0
52,8,82.17034149169922,91501,2,1.9472867572439947,1,380,1,0,0,1,0
54,23,28.371265411376953,94366,3,1.219040968990229,2,0,0,0,0,0,0
62,36,70.11605834960938,92026,3,1.573156816608389,1,0,0,0,0,1,0
43,13,26.515178680419922,93444,1,2.038689109118825,3,0,0,1,0,0,0
50,32,47.30686569213867,94600,4,1.7010730218693277,2,0,0,0,0,0,0
58,36,91.86347961425781,92440,3,2.423219591772145,2,0,0,1,0,0,0
46,18,95.92552947998047,94893,4,1.4825621380175154,3,0,0,0,0,0,1
58,36,76.37446594238281,95868,4,1.4793056356659176,3,164,0,0,0,0,0
62,35,123.09664916992188,93249,1,4.334940086247615,2,123,0,0,0,0,1
59,35,46.38221740722656,92745,2,0.4003015889890959,3,0,0,0,0,1,0
41,18,48.00141906738281,95707,2,2.34456767807775,3,108,1,0,0,0,0
56,9,168.6107635498047,94137,1,6.1552489834984705,1,0,0,0,0,0,0
53,18,12.994522094726562,95429,4,0.7885626377319802,3,179,0,0,0,0,0
45,29,100.38346099853516,90496,2,3.446484384470807,1,98,1,0,0,1,0
52,17,37.39453887939453,95233,2,0.6530277207374489,3,0,0,1,0,0,0
28,3,26.842117309570312,92001,4,2.096703613680031,3,0,0,0,0,0,0
58,34,146.77903747558594,94514,2,4.363988719862267,1,0,0,0,0,0,0
29,8,112.04033660888672,92231,1,4.1596279277145625,3,254,0,0,0,0,0
59,31,134.3621063232422,95578,1,6.067063501991142,1,256,0,0,0,0,0
62,42,40.944087982177734,94177,4,1.6869803668842258,2,0,0,1,0,1,0
41,16,78.72457122802734,95062,4,0.9256883986340403,3,0,1,0,0,1,0
45,24,109.14694213867188,91728,2,7.703884183131117,1,0,1,0,0,1,0
62,39,34.47989273071289,94883,2,0.7343567120607345,3,0,0,0,0,1,0
42,15,200.75904846191406,90449,3,1.3229942389387466,3,281,0,0,0,1,1
29,8,29.328311920166016,92250,4,0.7178139302504466,1,0,0,1,0,1,0
63,35,160.2672576904297,91452,4,3.71042937574129,1,0,0,0,0,1,0
62,29,117.72908782958984,91411,3,3.2150249031512796,1,0,1,0,0,0,0
33,12,44.10419845581055,95040,2,1.4096834493495638,2,0,0,1,0,0,0
34,7,11.638215065002441,91269,3,0.4048824866035423,2,105,1,1,1,1,0
40,23,64.53624725341797,93259,2,1.4294339506666567,3,0,1,0,0,1,0
45,19,72.35194396972656,91311,1,0.3208223003122683,1,92,0,0,0,1,0
25,-1,22.18681526184082,93956,2,1.528530433154242,2,0,0,1,0,1,0
59,35,51.567359924316406,90446,4,1.4171040469062879,2,132,1,0,0,0,0
56,34,94.31027221679688,92618,4,0.4840990947229683,1,0,0,0,0,0,0
29,4,52.12685775756836,91941,4,2.0116031061023505,1,355,0,0,0,0,0
39,12,73.73774719238281,89907,1,2.627102518666144,1,0,1,0,0,1,0
32,14,198.77589416503906,92102,1,8.270095997337343,1,0,0,0,0,1,0
36,7,123.0767593383789,94297,2,2.670661675072325,1,0,1,0,0,1,0
57,27,46.24949264526367,94594,4,1.8901631398964271,2,0,0,0,0,0,0
62,35,71.29706573486328,95085,4,0.11403724261103615,1,0,1,0,0,0,0
55,26,94.72726440429688,92406,2,1.5406932072391273,3,0,0,0,0,1,0
54,21,83.40665435791016,96161,1,0.2309743338258224,1,0,1,0,0,1,0
29,0,139.288330078125,89804,2,0.6816206781333036,1,0,1,0,0,1,0
31,11,41.167232513427734,94091,3,1.480048739513719,1,0,1,0,0,1,0
56,30,88.71625518798828,92210,2,4.955965474757583,2,0,0,0,0,1,0
55,26,20.66512107849121,91409,3,0.41600427302806076,1,0,0,0,0,1,0
51,35,60.66645050048828,94994,2,0.6246836348992066,1,0,0,0,0,1,0
35,9,80.47773742675781,92365,2,2.413126142176363,1,0,1,0,0,1,0
58,30,83.39584350585938,95675,4,2.639260305158009,1,0,0,1,0,1,0
30,3,33.18962097167969,91192,3,0.09190402961195021,3,0,0,0,0,0,0
49,26,140.42205810546875,94042,2,1.6758671879557967,1,0,0,0,0,0,0
25,2,43.69510269165039,94664,4,0.05416852838688438,1,0,1,0,0,1,0
59,26,39.38125228881836,94434,3,1.6387378980427063,2,204,0,0,0,1,0
60,40,34.24195861816406,89973,3,2.032101292814421,1,0,1,0,0,0,0
26,16,22.981950759887695,90745,2,0.660398013046332,2,0,1,0,0,0,0
62,39,59.21152877807617,94249,3,1.805209564436007,1,0,0,0,0,0,0
43,22,14.315160751342773,90095,4,0.30679976659527974,2,94,1,0,0,1,0
49,20,75.56044006347656,94314,3,0.39024232708948237,2,0,1,0,0,0,0
28,2,31.41596794128418,94515,4,1.7937507907006467,1,87,1,0,0,1,0
45,25,162.3002471923828,91468,2,1.354153734185722,1,0,0,0,0,1,0
24,-1,51.04542541503906,93673,4,1.5178110040354527,3,0,0,0,0,1,0
53,29,200.26126098632812,94636,1,1.0975153924054426,1,0,1,0,0,0,0
35,18,139.87796020507812,92833,1,4.139144135461062,3,0,1,0,0,1,1
50,18,33.474456787109375,94850,2,0.31189852121216266,2,0,0,0,0,1,0
56,17,49.7900276184082,92955,3,0.6131969667955874,1,0,1,0,0,1,0
66,40,23.736576080322266,94301,2,2.3074522068568717,1,0,0,0,0,0,0
49,25,48.20524978637695,92919,4,1.5850414200713905,1,124,0,0,0,0,0
54,18,104.1181640625,92967,2,0.32969167463025145,1,385,0,0,0,0,0
44,23,67.24752807617188,92676,1,0.016373308064447534,1,0,0,1,0,0,0
32,7,22.45021629333496,94201,3,1.0561940179003364,2,0,0,0,0,1,0
60,35,51.40252685546875,94730,2,0.9312401076631702,1,0,0,0,0,0,0
49,14,30.162431716918945,91942,4,0.15391041399940197,1,0,0,0,0,1,0
39,15,36.96421432495117,95556,4,0.19398586836306136,1,0,0,0,0,0,0
39,17,38.24305725097656,90305,2,3.2250799981938085,1,0,0,1,0,1,0
44,10,23.512596130371094,94454,2,0.22619451365639248,2,0,1,0,0,1,0
48,28,13.113502502441406,90199,3,0.3407651721415371,3,141,0,0,0,0,0
48,21,93.50283813476562,95100,1,0.4442914007414632,1,0,0,0,0,1,0
41,17,110.76656341552734,96229,4,2.002336706960892,1,0,0,0,0,1,0
53,18,76.39725494384766,95097,2,2.0311983685832704,1,0,1,0,0,1,0
45,11,77.24444580078125,95956,1,1.2023280983588651,1,0,0,0,0,1,0
27,0,88.28888702392578,94036,2,1.4903654687927013,3,0,0,1,0,0,0
35,29,24.464820861816406,91429,3,2.0766071132200894,3,0,1,0,0,1,0
27,5,34.592323303222656,94627,4,1.41764722459618,1,0,0,0,0,0,0
51,17,62.440425872802734,90292,2,3.021786418693621,3,0,1,0,0,1,0
53,30,40.441497802734375,92684,2,0.289423288378181,3,0,0,0,0,0,0
56,32,22.336380004882812,94599,2,0.4590737642013669,1,89,1,0,0,0,0
53,36,76.56781768798828,92795,1,1.5657071443330484,3,0,0,0,0,1,0
31,8,46.432865142822266,96120,1,0.5644339618307272,1,0,1,1,1,1,0
61,36,115.06524658203125,94378,2,3.0311017357898775,1,261,0,0,0,1,1
41,13,60.63328552246094,94433,3,1.1696920415711514,2,141,1,1,0,1,0
54,29,60.082637786865234,91808,1,0.6499016136083027,3,0,0,0,0,1,0
62,35,90.06028747558594,93027,3,0.5579249170086689,3,0,1,0,1,1,0
33,9,53.051048278808594,93119,1,0.5155487526961277,1,0,0,0,0,1,0
38,27,79.02473449707031,94808,4,1.5609552896954815,1,154,0,1,0,1,0
53,37,28.248281478881836,92031,3,0.12867118274254546,2,121,0,0,0,1,0
59,40,59.77617645263672,94804,1,2.814584025347675,1,102,0,0,0,0,0
27,14,105.3584976196289,93258,4,6.577893119286113,3,0,0,0,0,0,1
34,17,46.24884796142578,95918,3,0.938290590286315,2,0,0,0,0,1,0
50,25,90.73258972167969,92116,4,1.9857139188305089,2,0,0,0,0,1,0
34,8,123.58052825927734,94587,1,3.7876330515583727,2,0,1,0,1,1,0
48,23,31.079954147338867,92875,2,0.05893581861701855,3,0,0,0,0,1,0
58,30,19.78655242919922,93163,2,3.050357131121443,3,0,0,1,0,1,0
46,38,97.16422271728516,92175,1,2.522804824744255,3,298,0,0,0,1,0
32,4,89.94625854492188,95647,2,0.39639151511057763,1,0,0,0,0,1,0
58,36,48.10537338256836,92207,2,1.3248686648303578,1,0,0,1,0,0,0
40,17,32.75410461425781,95549,2,0.44200774175057,2,185,0,0,0,1,0
61,33,92.420654296875,92906,1,1.0588921234550641,3,232,0,0,0,1,0
27,5,15.044944763183594,96418,2,0.21994666521975612,1,106,0,0,0,0,0
37,27,52.81004333496094,95118,2,2.334425606920219,2,0,1,0,0,1,0
40,15,41.303855895996094,90301,1,0.9228685002792711,2,0,0,0,0,1,0
59,36,102.87354278564453,90394,3,0.45186634103110107,3,0,0,0,0,0,0
32,3,28.440685272216797,96385,2,0.48647606221314993,1,0,0,0,0,1,0
33,7,61.4223747253418,91466,2,0.738595773968952,2,0,0,0,0,0,0
55,37,68.55638122558594,90374,1,1.5836538516058707,1,0,1,0,0,0,0
27,9,89.40989685058594,90707,4,1.941378573694023,1,330,0,1,0,0,0
41,13,58.45895767211914,91218,3,2.3851324918654138,1,0,1,0,0,0,0
56,35,56.76725387573242,92051,4,0.6838301701731008,3,0,0,0,0,1,0
41,24,161.06829833984375,91344,1,2.9560321996120598,1,0,0,0,0,1,0
38,15,111.17796325683594,95124,4,2.44399312831563,1,432,1,0,0,1,0
38,14,75.83489990234375,90184,1,4.386024537980375,1,0,1,0,1,1,0
52,30,41.286338806152344,92858,1,0.6371863870897321,2,0,0,0,0,0,0
56,35,99.38752746582031,91265,2,2.23338536459303,3,278,0,0,0,1,0
33,13,14.063481330871582,93969,4,0.3302227347259095,3,99,1,0,1,1,0
38,13,116.2275619506836,94388,3,2.3440661049613056,1,0,0,1,0,1,0
32,8,87.4518051147461,90384,1,3.0430433693731374,1,0,0,1,0,0,0
33,10,116.53955841064453,94655,2,2.004308928768391,1,0,0,0,0,0,0
50,27,34.058372497558594,94686,1,2.3738683102474885,1,0,1,0,0,0,0
46,31,104.89686584472656,92685,2,2.095969050326897,1,119,0,0,0,0,0
55,34,22.957172393798828,95250,3,0.6899287131814094,2,299,1,0,0,1,0
60,30,70.20364379882812,94382,3,2.507662738583229,2,0,1,0,0,1,0
48,30,58.607425689697266,92546,1,1.8680047620340572,3,0,1,0,0,1,0
57,26,16.347301483154297,93065,3,0.05409316640272105,3,0,0,0,0,1,0
41,24,184.492431640625,90385,3,1.6972493456108224,1,405,0,0,0,0,1
56,34,60.99089431762695,92071,3,1.4810718249087476,3,0,0,0,0,0,0
30,9,138.52127075195312,90323,3,1.3049995502966492,1,0,0,1,0,1,0
38,13,57.335426330566406,91990,2,0.6497129221562272,1,0,0,0,0,0,0
48,24,58.132713317871094,91160,4,2.237983307188516,1,0,0,0,0,1,0
51,26,40.965980529785156,91417,4,0.2328587351017985,1,154,1,0,0,1,0
44,20,105.55033874511719,91971,2,3.0788048448296195,3,0,0,0,0,0,0
28,1,46.39468765258789,91979,3,0.8538232344235266,3,0,0,0,0,1,0
32,4,54.179527282714844,95438,4,0.23174273039940058,1,0,1,0,1,1,0
54,34,84.4948959350586,92172,4,2.468699776249855,3,115,0,0,0,1,0
43,13,152.88597106933594,91847,3,5.614633355154358,1,0,1,0,1,1,1
31,2,43.52448272705078,94210,3,0.891109909501888,2,0,0,0,0,1,0
43,12,49.81907272338867,94628,4,1.8500776502223644,3,0,1,0,0,1,0
50,23,34.84852981567383,95062,4,2.3056930270102054,2,0,0,0,0,0,0
61,34,54.6235466003418,94802,1,1.5010830125040187,3,120,0,0,0,1,0
36,9,51.85890197753906,91905,2,0.26501269867200244,1,75,0,0,0,1,0
41,22,39.62013244628906,93119,1,1.8759245755068203,1,0,0,0,0,0,0
39,14,97.8438949584961,94207,1,2.759569371041889,1,0,0,1,0,0,0
34,4,122.39535522460938,91689,3,0.0859122048257989,2,0,0,0,0,0,1
41,11,66.49847412109375,93156,2,0.7592899039263927,1,0,0,0,0,1,0
54,7,23.06338882446289,90009,2,0.3622876678239203,3,122,0,1,1,1,0
27,3,118.77738952636719,90418,4,1.9375318095051326,3,0,0,0,0,0,0
45,13,30.13361930847168,95944,3,1.45901263456144,1,0,0,0,0,1,0
27,3,93.6248779296875,94663,3,1.5708342861217917,2,0,0,0,0,1,0
59,36,66.80475616455078,94159,1,1.5828028915424455,1,0,0,0,0,1,0
59,42,36.636077880859375,94713,2,1.2229799439274691,1,0,0,1,0,1,0
37,9,56.42594528198242,92007,3,2.293728789603088,3,0,0,0,0,0,0
41,19,170.6163330078125,92192,2,5.2960149791562845,2,0,0,0,0,0,1
58,35,43.96714782714844,90881,1,0.23820034460771866,1,0,0,0,0,1,0
50,28,23.754562377929688,90704,3,0.25206526622739467,2,0,0,0,0,1,0
44,22,44.437618255615234,90355,3,3.2412714474035367,2,0,0,0,0,1,0
31,20,49.110740661621094,92986,2,0.4462842519740056,1,160,1,0,0,0,0
55,25,190.2195281982422,91792,2,3.6198322661588525,1,0,1,1,0,0,0
61,34,155.702880859375,94262,4,4.781079662938751,1,0,0,0,0,0,0
29,5,60.0924072265625,92059,3,1.3578890112446824,1,114,0,0,0,1,0
28,0,118.40409088134766,92506,1,3.2846760066960003,1,215,0,0,0,1,0
54,24,59.27443313598633,90769,3,0.8609590325112393,2,0,0,1,0,0,0
45,9,101.34449768066406,93016,1,1.7724441586258841,3,0,0,0,0,1,0
60,40,58.371395111083984,91769,3,2.208220977381657,2,109,0,0,0,0,0
32,7,65.7109375,92343,4,0.0016438825015691605,2,0,1,1,0,0,0
63,38,42.94818115234375,92061,4,1.1574270442382368,2,0,0,0,0,1,0
63,35,130.93453979492188,92590,1,1.676984528892663,3,0,0,0,0,1,1
49,32,32.860782623291016,92833,4,1.3593086768007712,3,138,1,0,0,1,0
38,12,73.4449691772461,96338,2,0.6925632736602276,3,0,1,0,0,1,0
41,12,25.645158767700195,92936,3,0.18766976952942951,2,0,0,0,0,1,0
27,2,52.254638671875,94385,4,2.4000240710277425,2,0,1,0,0,1,0
58,38,25.124052047729492,89949,3,0.5153755882141786,3,0,1,0,0,0,0
35,5,105.11279296875,90737,4,1.8098510722487868,1,98,0,0,0,0,0
53,28,40.05784606933594,91142,2,2.061282175108813,3,0,0,0,0,0,0
46,20,23.23604393005371,92161,4,2.4079670501759476,1,0,1,0,0,1,0
37,12,28.496484756469727,95775,4,0.45667123632367396,3,0,0,0,0,1,0
62,28,38.92359924316406,92458,3,1.1329232011015553,3,0,0,0,0,1,0
34,18,36.69523620605469,95587,1,2.819801044622731,1,0,0,0,0,0,0
34,13,102.5123291015625,91895,2,1.4737717475559107,3,0,0,0,0,0,0
60,39,92.05001068115234,91024,4,1.1950702351433866,3,0,0,0,0,1,0
62,32,21.981033325195312,90098,4,0.2577478476832664,2,0,0,0,0,0,0
34,17,83.06657409667969,94078,2,0.07404921778742107,1,0,0,0,0,0,0
29,2,35.71343994140625,90109,4,1.7280972113680353,1,0,0,0,0,1,0
49,11,26.027347564697266,95647,4,2.6716058581212963,3,166,0,0,0,0,0
46,26,93.9984130859375,90311,1,1.3933652385477728,1,0,0,0,0,0,0
37,16,65.1280517578125,91623,3,2.105443515175929,2,0,0,0,0,0,0
27,7,76.2961196899414,94412,2,1.737103464984933,2,0,0,0,0,0,0
45,16,95.27183532714844,95727,3,2.736728030991316,2,0,1,0,0,1,0
41,6,151.0401153564453,92088,2,6.207346447938905,1,168,1,0,0,0,0
49,23,106.40872192382812,95873,2,0.8220777078475278,1,0,0,0,0,1,0
54,23,81.47164916992188,95423,2,3.2706406922920275,2,0,0,1,0,1,0
29,10,60.774478912353516,90968,1,2.431058710557111,3,226,1,0,0,1,0
51,26,56.3864860534668,94616,4,1.2662522362416753,3,0,0,0,0,1,0
39,20,40.91331100463867,90462,3,0.6240353577038361,2,0,0,0,0,0,0
52,23,136.640625,90534,1,5.846497653023722,1,0,0,0,0,0,0
38,17,67.91184997558594,95251,4,2.1353807013213015,2,0,0,0,0,1,0
25,5,106.83037567138672,95209,1,2.183194927734886,2,0,1,0,0,1,0
44,22,54.89948272705078,92965,1,0.6013387829290258,1,0,0,0,0,1,0
41,18,71.11151123046875,91505,3,0.3394546277579322,1,0,0,0,0,1,0
33,10,117.75518035888672,94765,1,0.09366261049957206,3,293,0,0,0,1,0
50,18,57.61798858642578,96290,3,1.6342457028680053,1,0,0,0,0,1,0
58,38,53.670841217041016,94337,4,1.686367740207415,1,0,0,0,0,1,0
54,27,31.54807472229004,92126,3,0.6768361509565493,2,0,1,0,0,0,0
44,19,50.72615432739258,94645,3,0.7641149465627936,1,155,1,0,0,0,0
48,22,103.67874908447266,93647,2,0.8710177168013097,2,0,0,1,0,0,0
48,19,36.102535247802734,96196,4,1.2455653249633285,1,234,1,0,0,1,0
29,6,73.16138458251953,91807,2,1.5385016628559878,1,0,0,0,0,1,0
43,21,87.27486419677734,94629,4,1.512820742117761,3,0,1,0,0,1,0
38,6,42.37191390991211,94513,2,1.0690927602142735,2,0,0,0,0,1,0
50,28,130.14605712890625,95518,1,4.20774046971483,1,223,0,0,0,0,0
44,20,56.47747039794922,93422,1,0.13559053563381931,2,0,0,0,0,0,0
34,22,36.8684196472168,95820,4,0.4910974756661216,1,0,1,0,0,0,0
33,10,206.64547729492188,92249,1,6.283844955424287,1,0,0,0,0,0,0
58,26,38.192832946777344,93285,1,2.606208459210075,3,0,1,0,0,1,0
26,7,50.98523712158203,94766,2,0.1438908910236879,3,0,0,0,0,0,0
53,29,88.7177734375,95743,1,1.1355174527260041,1,0,0,1,0,1,0
37,3,89.44999694824219,90714,3,3.5267438829155138,1,0,1,0,0,1,0
48,33,22.818096160888672,95611,4,0.8780786745670208,2,0,0,0,0,0,0
44,22,79.46250915527344,95312,2,3.8013232538304536,1,360,1,0,0,0,0
31,6,88.56930541992188,92211,1,2.2945293479738442,3,304,0,0,0,0,0
40,11,47.99565124511719,95060,2,1.2265254110321624,2,0,0,0,0,1,0
47,22,27.19644546508789,94301,2,1.0519290280857798,3,0,0,1,0,1,0
31,3,40.285701751708984,91462,4,1.5577776517765536,2,0,0,0,0,0,0
65,40,190.9344024658203,95818,1,1.3302494197399624,1,0,1,0,0,0,0
52,26,150.79014587402344,96208,2,2.2845841170887207,2,0,0,0,0,0,1
65,40,49.534969329833984,95754,2,1.885725433239886,3,95,0,0,0,0,0
59,35,45.223388671875,93285,2,1.959638471138128,3,0,0,1,0,0,0
40,26,55.94737243652344,92689,2,1.9068260057400392,2,0,0,1,0,0,0
50,20,50.7707633972168,90294,4,2.095076752820823,2,100,0,0,0,1,0
39,11,31.936365127563477,93341,2,0.2050297008513168,1,0,0,0,0,0,0
34,8,95.20825958251953,92936,1,0.5969012964005496,3,0,0,0,0,1,0
42,37,188.54800415039062,96172,1,1.3447222896715372,2,0,0,0,0,1,0
41,14,25.84222984313965,94889,3,0.12904607800527845,2,0,0,0,0,0,0
51,22,40.52670669555664,94423,1,0.33641102149249047,2,104,1,1,1,1,0
44,20,89.44397735595703,94395,1,0.8801409694632346,1,100,0,0,0,0,0
60,31,114.09565734863281,90107,4,2.8782109114335763,1,0,1,0,0,0,1
46,22,174.12612915039062,94224,1,1.8667694486779247,1,0,1,0,0,0,0
59,28,113.53955078125,92272,2,1.5233842454265425,1,0,0,0,0,0,0
35,8,178.9590301513672,90189,1,6.827333794139811,1,0,0,0,0,1,0
49,26,55.18892288208008,93909,4,2.443744988796829,1,0,0,0,0,1,0
48,20,129.3360137939453,92441,1,5.25551966262814,1,0,0,0,0,0,0
66,40,56.174415588378906,89852,3,1.99005120131144,3,156,1,0,0,1,0
27,3,103.90695190429688,94404,4,1.965145057987441,3,0,0,0,0,0,0
41,14,82.11852264404297,94777,2,2.5982703211164457,1,236,1,0,0,1,0
37,15,189.6722869873047,92310,2,6.623093984741868,1,156,0,0,0,1,0
41,12,34.74943542480469,92874,2,1.8359411518825484,2,0,0,0,0,1,0
51,34,53.27861022949219,92223,4,0.011695055947645638,1,0,0,1,0,1,0
64,39,73.72767639160156,95608,2,1.4624542634647546,2,0,0,0,0,0,0
38,18,98.34070587158203,95204,2,1.0783768808448713,2,0,0,1,0,1,0
54,17,19.3240966796875,95657,1,0.2646244080992983,2,0,0,0,0,1,0
46,23,135.81729125976562,92752,4,1.3086567952070203,3,0,0,0,0,1,0
38,22,28.826047897338867,94160,4,0.36401801289193736,2,0,0,0,0,1,0
32,24,70.96208953857422,91656,2,1.3374922718519484,1,216,0,0,0,1,0
30,16,155.29205322265625,94666,2,1.606591437902202,1,0,0,1,0,0,0
34,-1,35.64934539794922,94883,2,2.2590612427792083,1,0,0,0,0,1,0
40,15,45.35758590698242,90284,1,1.8643993941603398,3,0,0,0,0,0,0
35,8,55.21192932128906,95098,3,3.550542443190406,3,113,0,1,0,1,0
33,11,203.9971923828125,90416,2,5.874986750498917,1,0,0,0,0,1,0
49,20,69.01899719238281,92313,2,1.2788390226992807,2,0,0,0,0,1,0
30,6,22.535259246826172,90396,4,0.32217112157644007,2,98,0,0,0,1,0
46,25,18.969457626342773,92312,3,0.5458752303012526,1,0,1,0,0,1,0
40,15,93.76028442382812,95259,1,1.4129962187922027,1,0,0,1,0,0,0
44,25,54.66180419921875,94911,4,0.281693933465641,2,0,0,1,0,1,0
44,19,48.827877044677734,92433,4,0.29629070006352093,3,0,0,0,0,0,0
61,36,175.78787231445312,94964,1,7.062132547770915,1,0,1,0,0,0,0
63,38,121.42115020751953,94184,4,1.8295018290468803,1,0,0,0,0,0,0
39,11,105.31913757324219,95654,1,1.7173490225281414,2,0,0,0,0,1,0
38,8,114.65109252929688,91848,1,1.1425410912828151,1,0,0,0,0,1,0
39,16,67.1729965209961,91976,2,1.9400730686845304,1,0,0,0,0,0,0
42,12,129.18682861328125,92395,3,2.8474105592323165,2,315,1,0,1,1,0
49,23,28.88839340209961,91408,3,0.3921953629965592,2,0,1,0,0,0,0
64,29,147.6226348876953,92805,1,3.0814926919370413,3,0,0,0,0,0,1
29,1,31.202667236328125,91614,1,0.8540376391457996,3,0,1,0,0,0,0
59,37,25.15629005432129,95021,3,1.1592063287117513,1,0,0,0,0,1,0
34,12,135.71896362304688,91596,1,4.97238368903906,1,0,0,0,0,0,0
32,15,33.78907775878906,95965,2,0.45560370998081584,1,0,1,0,0,1,0
46,13,68.77874755859375,94797,4,2.7508555300735997,2,0,0,0,0,1,0
41,17,115.25406646728516,94985,2,0.8798478062280181,1,0,1,1,0,1,0
48,35,64.98910522460938,90293,2,3.63910182299848,2,0,0,0,0,1,0
60,27,80.164794921875,95713,3,2.642737220262616,2,0,0,0,1,1,0
33,6,44.674583435058594,91930,4,1.2325614125387578,2,138,0,0,0,1,0
32,10,41.18770217895508,94960,4,0.5454547867714477,2,134,0,0,0,0,0
54,24,71.21214294433594,90261,2,2.4562594420168566,3,0,1,1,0,0,0
36,11,175.8573760986328,90276,2,6.506488718713861,1,0,0,0,0,1,0
51,23,35.74806594848633,91196,4,0.54733910298681,1,0,1,1,1,1,0
49,28,54.680912017822266,91188,4,0.8252710829620351,3,171,0,0,0,0,0
30,8,40.02360534667969,91661,2,2.740898039875738,1,0,1,0,0,1,0
60,38,145.23358154296875,94763,2,2.2869044251839066,1,0,0,0,0,0,0
62,35,57.66387939453125,93981,4,1.8668193427934199,2,0,1,0,0,1,0
46,29,26.13885498046875,90519,4,1.4693036577007552,2,137,1,1,0,1,0
42,23,216.34877014160156,95837,2,7.285964020427634,1,0,1,0,0,1,0
38,28,67.24745178222656,95975,1,1.1864731877017318,1,148,0,0,0,0,0
53,27,10.455657005310059,90627,1,0.42942411153637605,1,0,0,0,0,0,0
62,33,26.060203552246094,91883,3,2.2994087123377414,3,108,0,1,0,0,0
37,4,49.060516357421875,96041,2,0.257510576610849,1,0,0,0,0,1,0
39,16,167.25172424316406,89978,1,5.253407440006828,1,382,1,0,0,1,0
34,4,73.4261703491211,91333,2,1.8679973580124916,1,302,0,0,0,0,0
30,4,66.33537292480469,91170,3,2.386969452245053,3,0,0,0,0,1,0
30,8,74.54483032226562,94362,2,2.3254831021724245,1,91,0,0,0,1,0
43,25,31.886058807373047,93437,3,1.9508564823539511,2,0,0,1,0,0,0
31,8,120.30230712890625,93798,2,3.7502734215386004,1,0,0,0,0,1,0
41,20,79.10078430175781,94921,3,0.48372542069022406,2,0,0,0,0,0,0
41,17,47.758846282958984,93925,4,1.9243050196869376,3,0,1,0,0,0,0
36,12,116.74605560302734,94964,3,1.9750490471159088,2,0,0,0,0,1,1
24,4,47.45658493041992,92870,4,0.5875107064017626,2,0,0,0,0,0,0
29,2,63.35653305053711,89880,4,2.5734503464363034,1,0,1,0,1,1,0
38,13,29.067054748535156,91779,1,0.39411648793557513,2,0,1,0,0,1,0
39,25,71.09246826171875,94431,2,1.897827517708776,3,0,0,0,0,0,0
64,39,41.54049301147461,92087,1,1.3227396888266074,3,0,0,0,0,0,0
39,26,78.09806823730469,95885,3,0.6115505010840547,3,0,1,0,0,1,0
43,16,84.65853881835938,94937,2,1.8690017201475797,3,90,0,0,0,0,0
29,13,158.9183349609375,93149,2,7.155276358836862,1,0,0,0,0,0,0
59,33,60.127960205078125,92911,1,1.8880664177925641,3,203,0,0,0,1,0
35,11,50.107460021972656,95241,2,1.7623403593099642,1,0,0,0,0,1,0
32,11,215.6628875732422,94404,2,7.803624988758305,1,0,1,0,0,1,0
45,21,99.20303344726562,91511,2,0.5302778125722348,2,0,0,0,0,0,0
42,16,40.860416412353516,90114,2,0.2088563273798838,3,237,0,0,0,0,0
48,24,17.836017608642578,96271,3,0.6413370354976133,3,0,0,0,0,0,0
33,5,144.27615356445312,91794,3,1.4310521186186609,1,0,0,0,0,1,0
31,8,38.64582443237305,92305,3,1.700766972746241,3,153,0,0,0,0,0
32,8,102.74174499511719,95260,3,2.36999384607405,2,172,1,0,0,1,0
57,27,34.68157196044922,94997,4,0.4316105808152645,1,0,0,0,0,0,0
53,26,81.47157287597656,92343,1,0.43891328575283517,2,0,0,0,0,1,0
34,8,62.577659606933594,94157,3,2.1206760656533543,2,179,0,0,0,1,0
64,37,108.78524017333984,92410,4,4.33615442393203,1,0,1,0,0,0,0
53,32,56.03480529785156,92830,1,2.576882682856878,3,258,0,1,0,0,0
38,12,114.88006591796875,91619,4,2.2583864251943604,2,0,0,0,0,0,1
62,39,106.35064697265625,90252,4,1.4712902552915852,3,0,0,0,0,0,1
39,24,21.01449203491211,95340,4,0.2619337037942255,1,0,0,0,0,0,0
31,8,31.554054260253906,94123,4,0.2767755308577664,1,0,0,0,0,1,0
48,17,132.18309020996094,93714,1,2.5917505202557987,1,252,1,0,0,0,0
35,11,134.76126098632812,95641,2,2.952397356537612,1,0,1,0,0,1,0
44,18,108.59630584716797,94071,2,3.5939515157843536,2,0,1,0,0,1,1
49,25,93.32649993896484,94916,1,4.549922422498932,1,0,1,0,0,0,0
50,22,85.61763000488281,92403,1,0.48330085770064235,2,0,1,0,1,1,0
31,8,62.681026458740234,91468,2,1.4045495884033397,1,0,1,0,0,1,0
47,23,43.720703125,92199,4,1.702975505872758,1,0,1,1,0,1,0
49,25,34.875587463378906,94348,4,0.26420085759476425,2,0,0,0,0,0,0
61,28,114.7512435913086,90166,1,2.3675719545275675,2,93,0,0,0,1,1
44,31,61.63093566894531,92105,3,0.8551574223343039,3,0,0,0,0,0,0
28,0,155.2692413330078,95036,3,2.1515751160818097,1,0,0,1,0,1,1
29,-1,70.73036193847656,92934,4,3.450450920641198,1,0,0,0,0,0,0
37,12,26.813568115234375,95863,3,0.3866297655681357,3,0,0,0,0,1,0
32,7,48.09686279296875,94360,2,2.394043142654719,1,0,1,0,0,1,0
62,39,61.44821548461914,90182,3,1.2277775776967816,3,0,0,0,0,1,0
44,17,61.067195892333984,90852,4,1.1832230138302722,1,0,0,0,0,0,0
46,26,32.524009704589844,94562,4,1.8564602128831218,3,0,0,0,0,0,0
49,32,61.6630973815918,94809,1,2.6107330751829276,3,0,0,0,0,0,0
54,27,124.62674713134766,90061,1,1.61672829201658,3,0,0,0,0,0,1
26,3,146.72210693359375,95097,1,2.84974933461551,3,0,0,0,0,1,0
31,5,62.63519287109375,92473,2,1.4051772176599346,3,0,0,0,0,1,0
34,6,73.09761047363281,94647,3,1.3920683662191058,1,0,0,0,0,0,0
32,6,43.62736129760742,93114,1,1.5450554016736857,3,0,0,0,0,1,0
56,25,42.918880462646484,91945,4,1.33877972736883,2,0,0,1,0,1,0
52,27,76.6554183959961,90272,4,1.925578558937549,1,0,0,0,0,0,0
59,34,12.11189079284668,96068,3,0.09747414769895599,3,0,1,0,0,1,0
29,2,96.46316528320312,92193,2,0.5684062469236091,1,0,0,0,0,1,0
57,40,58.482547760009766,91701,3,0.7728595433604661,1,0,1,0,0,0,0
57,39,172.93356323242188,94744,1,4.30191810192192,1,0,1,0,0,0,1
38,23,52.840110778808594,95459,3,0.7431443118603529,3,124,0,0,0,0,0
37,11,122.18994140625,94879,1,0.12447591940845087,1,0,1,0,0,1,0
37,9,181.2516632080078,90740,2,0.6087235859353617,1,362,1,0,0,1,0
34,7,40.51490783691406,91663,2,0.716798184908355,3,104,0,0,0,0,0
60,37,52.991119384765625,91412,4,1.638632374155288,1,0,0,0,0,1,0
30,4,203.09632873535156,95081,2,7.517975989239829,1,0,0,0,0,0,0
39,29,73.9323501586914,94260,1,4.305533447022505,2,0,1,1,1,1,0
43,7,88.16228485107422,94551,1,0.8293955745322327,2,238,1,0,1,1,0
65,34,93.88450622558594,91637,4,0.22417381347214171,1,0,0,1,0,1,0
36,9,112.47592163085938,96023,2,2.86584423935805,1,0,0,0,1,1,0
64,36,98.43086242675781,95705,2,3.9304255623592517,3,0,0,0,0,0,0
44,3,57.23948669433594,94437,3,0.050204925656026744,2,0,1,0,0,1,0
34,8,108.86756896972656,94109,2,2.562405385215985,1,0,0,0,0,1,0
53,35,38.58689880371094,95054,4,2.8428181766423286,1,0,0,1,0,0,0
62,37,33.56374740600586,94164,4,0.17825427559201035,3,0,0,0,0,0,0
32,6,52.72322463989258,90336,2,4.3210947160888615,2,0,0,0,0,1,0
27,5,131.0253448486328,94574,2,2.0314463407828502,3,119,0,1,0,0,0
47,15,176.02206420898438,92935,1,0.25510635869004633,1,354,0,0,0,1,0
51,8,166.70469665527344,93295,1,1.807033778224667,3,0,0,1,0,0,1
31,13,24.522705078125,92109,4,0.7795071924591631,1,109,0,0,0,0,0
58,34,32.38152313232422,95785,3,1.078681785310357,1,0,0,0,0,0,0
59,33,86.3086929321289,90309,1,1.2084113118119102,2,0,0,0,0,0,0
61,37,38.65839385986328,90238,4,1.3187703011950545,1,0,1,0,0,1,0
54,27,104.04340362548828,94670,1,0.6693115520796914,1,0,0,0,0,1,0
54,31,34.873294830322266,92255,4,0.35748161553625585,2,0,1,0,0,1,0
28,1,34.07499694824219,91013,4,0.5013660493909717,3,0,0,0,0,1,0
59,25,173.10362243652344,92246,2,8.518272008422402,1,0,0,0,0,1,0
57,33,53.13412857055664,95321,4,1.5306679994730084,2,0,0,0,0,0,0
60,29,108.00972747802734,94976,3,2.60810953520956,1,0,0,0,0,1,0
34,10,65.21308898925781,94636,4,0.04880042626503123,2,0,0,0,0,1,0
62,33,48.5313835144043,92336,1,1.0251005792148264,3,90,0,0,0,1,0
25,-1,79.72711944580078,95390,1,2.9249539433129725,2,305,0,0,0,1,0
33,17,128.05859375,92806,1,1.472819750347465,1,0,1,0,0,0,0
48,17,65.40434265136719,92033,3,1.221906036132532,2,0,0,0,0,1,0
26,3,99.57794189453125,95210,3,1.9564690031875411,1,0,0,0,0,0,0
46,20,157.8603057861328,94421,4,5.3539797108074785,3,436,0,0,0,1,1
46,26,72.94418334960938,96000,2,2.1456930158519967,3,0,0,0,0,0,0
57,27,84.80960083007812,92784,2,1.0004868087156162,2,150,0,0,0,1,0
37,9,144.49057006835938,94748,1,2.8406813785629805,1,0,0,0,0,1,0
42,15,71.2464828491211,93904,3,1.217007979019201,2,0,0,0,0,0,0
45,24,159.99986267089844,91980,2,2.9480324350897695,1,0,0,0,0,0,0
56,21,183.4002227783203,96000,2,5.955394431378053,1,0,0,0,0,1,0
40,25,46.361122131347656,94400,4,1.7002759817096602,2,0,0,1,0,0,0
26,3,197.81040954589844,90045,4,7.444606444392379,1,0,1,0,0,1,0
40,25,39.25922393798828,93748,4,1.620041005579533,2,0,1,0,0,0,0
29,18,34.469261169433594,92612,3,0.8993732802345408,3,0,0,0,0,0,0
45,20,75.815673828125,94361,2,1.3030055091782011,3,0,1,0,0,1,0
36,16,40.450767517089844,93395,4,0.7468880665646507,1,149,0,0,0,1,0
47,20,43.08827590942383,94900,1,1.297176202943557,3,0,0,0,0,0,0
29,6,52.306480407714844,91373,4,1.415831653292607,2,0,0,0,0,1,0
60,40,33.885414123535156,94316,2,0.09738533100866742,3,0,0,0,0,0,0
40,13,161.87164306640625,92845,1,5.906550988275305,1,0,1,0,1,1,1
29,7,38.36438751220703,95076,4,1.0279745354735061,1,0,0,0,0,1,0
43,14,109.81405639648438,91574,2,5.98316010341774,1,0,0,0,0,1,0
38,5,52.19273376464844,94723,2,1.8506781905336507,3,153,0,1,0,0,0
34,7,41.50482177734375,93965,1,2.929074237072415,3,0,1,0,0,1,0
32,12,215.9366912841797,91134,1,4.340333922341385,1,0,0,0,0,1,0
26,1,88.07416534423828,95378,4,2.249891528284068,1,187,0,0,0,1,0
57,35,72.23086547851562,94384,2,1.2814802260897522,1,0,1,0,0,1,0
41,16,111.0012435913086,91612,1,2.2367045447458627,1,0,0,0,0,0,0
23,0,37.08439254760742,94285,2,3.481854240718981,3,0,0,0,0,1,0
49,25,101.32115173339844,92231,1,2.0748448455673136,2,175,0,1,0,0,0
34,10,132.99581909179688,94335,2,2.2920468847279243,1,0,0,0,0,1,0
48,25,46.88294219970703,94714,2,2.5769588167348645,2,143,0,0,0,0,0
34,12,12.339436531066895,95144,3,0.5855583732565348,2,0,1,0,0,1,0
48,21,95.43595886230469,95111,2,2.5385334012369745,2,161,0,0,0,0,0
32,5,19.265155792236328,93036,1,0.8631904972974915,2,0,0,0,0,1,0
58,27,126.1405258178711,94452,2,3.4275242407781943,3,0,1,0,0,1,0
55,19,84.08367919921875,90788,3,0.5009281092079203,2,0,0,0,0,1,0
41,14,104.94782257080078,95217,3,1.7017419882208291,3,278,0,0,0,0,1
61,34,12.15860652923584,94389,2,0.8996170649471418,1,0,1,1,0,0,0
58,33,67.14865112304688,95595,3,0.617580056543432,3,297,0,0,0,1,0
33,20,59.870277404785156,94475,2,1.3779830388548446,1,152,1,0,1,1,0
65,41,94.50123596191406,95542,1,2.05151379513087,1,0,0,0,0,0,0
56,39,29.226152420043945,92500,1,1.929995846189342,1,0,0,0,0,1,0
61,38,44.81157302856445,91243,1,1.341797653187286,2,166,0,1,0,1,0
55,34,45.02790069580078,93012,3,1.2040463073207843,2,0,0,0,0,0,0
53,18,52.0173225402832,95485,1,1.524309066265697,1,0,0,0,0,0,0
32,12,49.665950775146484,94214,4,0.19378240663568227,1,150,0,0,0,1,0
36,17,72.92314910888672,93317,1,3.6278230973295402,2,0,1,0,1,1,0
58,32,116.57234191894531,94638,3,0.0911875827918866,2,0,1,0,1,1,1
37,20,43.2169189453125,92986,2,1.9065570669230756,2,0,0,1,0,0,0
47,18,34.332008361816406,94335,3,0.7706266980032522,1,128,1,0,0,1,0
43,19,97.80868530273438,90495,4,1.8813519062717945,3,0,0,0,0,0,0
48,24,183.1295166015625,96480,4,5.558384740328167,3,370,0,0,0,0,1
65,42,100.58782958984375,90404,3,0.20934810109237434,2,0,0,0,0,1,0
39,20,45.598541259765625,94298,1,1.3240424169243905,1,0,0,1,0,0,0
32,11,48.43998336791992,93776,4,0.8635057670826181,1,0,1,0,0,1,0
50,17,63.67647933959961,92134,2,2.274238613209918,3,0,0,0,0,1,0
32,7,132.67779541015625,94172,1,7.22702381052856,3,0,0,0,0,0,1
42,16,60.70722198486328,93640,4,1.493547102262199,2,145,0,0,0,0,0
57,29,115.55149841308594,91061,1,2.2768850591869487,1,0,0,0,0,0,0
49,26,55.52459716796875,90030,1,1.5104868226418384,3,0,0,0,0,0,0
45,22,49.669071197509766,94206,4,1.2844965309105343,1,0,0,0,0,0,0
62,33,18.241939544677734,94484,3,0.23954279851514482,3,150,0,1,0,1,0
47,28,17.892284393310547,94375,4,1.7088853455966218,3,0,0,1,1,1,0
47,29,85.79830169677734,92218,4,0.15986576366129557,1,0,0,0,0,1,0
35,15,103.09935760498047,89890,4,2.423712800403747,1,0,0,0,0,1,0
42,11,41.25775146484375,95948,4,2.1990681462774595,1,115,0,0,0,1,0
32,9,35.27253723144531,90405,3,0.08132166228406715,2,0,0,0,0,1,0
53,18,143.16748046875,94593,1,1.7769959533094262,1,0,1,0,0,1,0
56,20,43.731266021728516,94847,2,2.47880244929873,2,102,0,0,0,1,0
35,25,176.710205078125,95897,2,7.115069940081762,1,0,0,0,0,0,0
63,41,34.15962219238281,94017,4,1.942174007039678,3,0,1,0,0,1,0
28,-1,75.74646759033203,94284,3,0.4419486093488202,1,158,0,0,0,1,0
54,31,161.9113311767578,90849,2,1.6414345469715357,1,387,0,0,0,0,0
52,36,85.8404312133789,92697,1,0.8984864007367632,1,0,1,0,1,1,0
59,36,139.4807586669922,95486,2,5.843256959913908,1,0,0,0,0,0,0
60,31,60.702484130859375,92025,2,0.3364408986111179,1,0,0,0,0,1,0
41,20,27.85515594482422,94125,4,2.262382046209009,2,0,0,0,0,0,0
59,34,86.10882568359375,95800,3,0.4319565745139508,1,239,0,0,1,1,0
54,22,41.35274887084961,91729,2,0.45112349166845334,3,0,1,0,0,0,0
31,4,21.516544342041016,94403,2,0.3757522989114851,3,87,0,0,0,0,0
29,5,18.49770736694336,96368,3,1.3870390393771856,3,0,1,0,0,1,0
59,32,29.22163963317871,92844,4,1.2808386339743025,3,0,0,0,0,1,0
65,40,101.28804016113281,90334,1,0.6416419779396512,1,201,1,0,0,1,0
27,6,18.11966323852539,94550,4,0.05066191676842813,1,0,1,0,0,1,0
46,18,78.44834899902344,91867,1,1.5728997776118916,1,0,0,0,0,1,0
30,0,57.214195251464844,92746,4,1.3533237308997188,1,0,0,0,0,1,0
40,10,124.82819366455078,91747,3,2.1408149574773803,1,219,0,0,0,1,1
25,-3,116.22603607177734,90976,4,0.2384568744937834,3,0,0,0,0,1,0
57,30,39.35381317138672,89808,1,1.2660417503306358,1,0,1,0,0,1,0
54,30,46.743255615234375,93172,4,0.30575408324658004,3,0,0,0,0,1,0
60,34,36.68822479248047,95202,1,0.32056897118485167,1,0,0,0,0,1,0
30,5,150.0081329345703,91837,2,1.3143669050866489,1,0,1,0,0,1,0
29,14,15.60180950164795,92456,4,0.35394432054514274,2,155,0,0,0,1,0
41,22,89.1892318725586,91250,4,2.2927028861399306,3,262,1,0,0,1,0
34,10,49.77842712402344,91485,2,0.592049296345704,1,256,0,0,0,0,0
47,28,95.3822021484375,90347,1,2.141763034887676,1,0,1,0,0,0,0
33,7,42.716243743896484,94536,4,1.2353769923468887,2,0,0,0,0,1,0
40,19,63.482666015625,94816,2,3.180480965884116,3,106,0,0,0,0,0
27,4,52.72395324707031,94101,2,1.383132686074407,1,0,1,0,0,1,0
28,22,164.86288452148438,93492,2,6.931621251279706,1,223,0,0,0,0,0
47,18,72.22151947021484,91752,1,2.0077610944326914,1,0,0,0,0,1,0
57,31,80.23799896240234,95415,2,0.1634112339579504,1,0,0,0,0,0,0
29,3,39.41974639892578,93560,1,1.6389489770029027,3,111,0,0,0,0,0
38,5,39.49806213378906,92029,3,0.8781449889782319,3,135,0,0,0,1,0
50,14,134.52230834960938,93288,4,1.8430462767230644,1,295,1,0,0,0,0
44,19,95.15084075927734,95863,1,1.1336610095538697,1,0,1,0,0,1,0
38,13,70.89537048339844,91513,4,0.4542147918062611,1,0,0,0,0,0,0
48,23,52.094383239746094,93016,1,1.8517024998644285,3,0,0,1,0,1,0
26,8,22.70745086669922,93425,2,0.35377499013780533,1,0,0,0,0,1,0
48,23,95.32472229003906,94335,2,0.700431130974692,1,0,1,0,0,1,0
58,38,48.418426513671875,92934,4,2.0376270001854637,1,0,0,0,0,1,0
46,14,63.18096160888672,92148,2,1.059282271491651,3,0,0,0,0,0,0
33,11,75.75702667236328,92202,1,1.5192754056920932,1,204,0,0,0,1,0
32,18,30.700958251953125,91341,4,0.6079409931144717,3,0,0,0,0,1,0
37,9,89.98758697509766,92620,4,1.9103449689233332,2,0,0,0,0,1,0
28,6,57.32907485961914,93143,4,1.4582828406482662,1,0,0,0,0,1,0
24,1,35.086883544921875,93652,4,0.31755964316030555,2,0,0,0,0,0,0
34,7,53.118988037109375,92030,1,0.11481605141312023,1,0,0,0,0,0,0
52,29,115.81678771972656,95448,2,0.5002690616176174,3,0,0,0,0,1,1
57,34,117.68795013427734,91407,2,0.7339537756612136,1,0,0,0,0,0,0
53,22,26.573469161987305,91467,2,0.19600092225969806,1,0,1,0,0,1,0
59,34,60.505760192871094,91673,3,0.08904537996863349,3,0,0,0,0,1,0
41,15,184.0077667236328,91207,1,2.6627667466724283,1,0,0,0,0,1,0
47,26,31.925994873046875,95281,4,0.05341537744110833,2,0,0,0,0,1,0
43,18,190.16806030273438,91381,1,7.356597889323743,1,0,0,0,0,1,0
27,1,68.14016723632812,92803,4,1.7199443388287203,2,0,0,0,0,0,0
28,4,124.35236358642578,95195,3,3.535557590891535,1,0,1,1,1,1,1
33,8,46.438838958740234,92385,2,3.3028826786106285,1,59,1,0,0,1,0
61,39,74.06673431396484,90182,3,0.5765498808289413,1,0,1,0,0,0,0
54,35,142.5780792236328,92063,4,4.479878309577741,2,0,0,1,0,0,1
54,23,18.585094451904297,94815,1,0.1479270684133354,2,73,1,0,0,1,0
37,9,52.23774337768555,95019,1,1.9802873163169412,1,178,0,0,0,1,0
28,3,88.2996597290039,93023,1,4.202699114305778,2,0,0,1,0,0,1
47,27,64.13280487060547,92270,4,1.6147708506452236,1,135,0,0,0,1,0
25,8,54.67496109008789,94145,2,1.9402069924208374,3,128,0,0,0,1,0
42,21,98.63133239746094,93286,2,7.630612697445367,1,0,0,0,0,0,0
56,35,30.052818298339844,91004,1,1.9729043360507983,3,0,0,1,1,1,0
29,5,60.63930892944336,91988,1,1.846162854941154,2,0,0,0,0,0,0
40,23,38.296791076660156,94670,4,0.20998787076999462,2,107,1,1,1,1,0
65,39,15.62841510772705,91617,3,0.13307602949993283,3,151,0,1,0,1,0
45,27,79.01629638671875,94325,1,1.8178239208558304,2,0,1,0,0,1,0
45,14,43.62935256958008,92075,3,1.0937543596427663,3,0,0,0,0,1,0
33,6,148.5659637451172,95817,4,7.498012424758372,2,0,1,0,0,1,1
30,7,101.9357681274414,92371,1,2.486635075154992,3,0,0,0,0,0,0
52,38,48.05030822753906,90206,1,1.1887406161013292,1,0,0,0,0,1,0
59,35,45.25563049316406,95314,3,2.1778002468017847,2,0,0,0,0,1,0
56,35,31.85457420349121,92045,4,0.2828355718505903,3,294,1,1,1,1,0
45,22,78.3778076171875,95975,2,0.040364963049845604,3,0,0,0,0,1,0
59,35,57.388916015625,96161,1,0.7535388221050767,1,0,0,0,0,1,0
55,34,57.04658126831055,95565,1,1.5442708089018105,1,0,0,0,0,0,0
40,28,157.15554809570312,94587,1,8.030975862116742,1,0,0,1,0,1,0
29,4,116.60729217529297,90117,2,3.280224088696718,1,0,0,0,0,0,0
45,24,38.152496337890625,90157,2,0.45589442682768927,2,0,1,0,1,1,0
46,19,60.41303634643555,94358,3,1.8518605749131951,2,244,0,1,0,1,0
63,36,30.123498916625977,92091,4,2.0309013366874185,1,0,0,0,0,0,0
65,37,32.24030303955078,91931,2,0.34747094622606806,1,0,0,0,0,0,0
32,7,19.469165802001953,93207,4,0.8557229466460421,1,0,0,0,0,1,0
40,13,171.22755432128906,90491,1,4.57717266417316,1,0,0,0,0,1,0
37,11,46.34006118774414,92107,4,1.5769399395638355,3,0,1,0,0,0,0
66,38,27.84844207763672,95887,4,0.5334139252725489,1,0,0,0,0,1,0
61,39,57.77626037597656,94523,3,1.387787342342664,2,0,0,0,0,0,0
29,1,50.868778228759766,94038,4,0.9060645714344938,3,0,0,0,0,1,0
32,5,37.944332122802734,90360,1,0.07989965744773539,2,0,0,0,0,0,0
56,20,32.05586242675781,96172,4,1.3870759572759102,2,0,1,0,0,1,0
45,19,170.53933715820312,96360,1,0.600942876621917,1,185,0,0,0,1,0
35,16,100.17293548583984,91968,2,0.7369951445080508,1,0,0,0,0,1,0
39,12,35.25215148925781,92961,4,0.2074328147530622,3,0,0,0,0,1,0
57,37,166.51763916015625,94239,2,1.9614297885312397,1,0,0,0,0,0,0
40,24,51.16548156738281,90209,1,0.6077174550344338,1,0,1,1,0,0,0
41,21,140.7950897216797,90168,1,2.005716825092424,1,0,1,0,0,1,0
55,32,19.142107009887695,94221,3,0.5262982354609942,2,188,0,0,0,1,0
61,37,44.72483825683594,93460,1,0.26621654068248535,1,0,1,0,0,0,0
47,22,15.653829574584961,92682,2,0.5086706611494352,2,154,0,0,0,1,0
35,8,33.58756637573242,94655,2,0.7544043459192429,2,106,1,0,0,1,0
52,24,65.96987915039062,92095,4,2.46073642958106,2,180,0,0,0,0,0
39,11,14.447105407714844,93273,3,0.32551007687617,1,0,0,0,0,1,0
45,17,27.04814338684082,91828,1,0.737258610579419,2,92,0,0,0,1,0
53,29,62.35559844970703,94746,4,1.1738754917950676,2,0,0,0,0,0,0
57,30,114.98681640625,94333,2,1.6820649847138254,1,0,0,1,0,0,0
45,29,47.66485595703125,92285,3,0.6922031778685656,2,0,0,0,0,0,0
56,32,80.417724609375,94380,1,1.83121081802714,3,255,0,1,0,1,0
26,5,30.4483585357666,94373,4,0.004676779055383107,2,0,0,0,0,0,0
35,12,30.050411224365234,94572,2,0.45886888276153126,3,101,0,1,0,0,0
43,18,131.71844482421875,90268,1,1.3437915694143312,1,0,1,0,0,0,0
61,39,88.46202087402344,93057,3,2.9429599106754,3,0,0,0,0,1,0
53,28,36.27892303466797,94119,1,0.40153914191759343,2,0,1,0,0,1,0
55,23,76.31382751464844,95985,2,0.6291150826307632,1,156,0,0,0,1,0
54,31,51.637657165527344,94096,2,1.9252044625930043,1,0,0,0,0,1,0
28,7,64.27911376953125,92992,2,5.968047182167405,1,0,0,1,0,0,0
24,1,57.279693603515625,92533,4,0.7526022849282138,3,0,0,0,0,1,0
29,19,34.709503173828125,93517,4,0.5255147206607713,1,0,0,1,1,1,0
26,23,37.57512664794922,94046,1,0.8547000131956268,3,61,0,0,0,1,0
34,12,140.72927856445312,94453,1,1.4002943884337242,1,0,0,0,0,1,0
55,35,128.53504943847656,94999,3,5.710850767849326,1,0,0,0,0,0,0
36,24,30.207061767578125,92234,2,1.8595947311195586,3,0,0,0,0,0,0
65,38,14.035691261291504,90109,2,0.22215461114965707,3,0,0,0,0,1,0
48,18,52.00542449951172,92213,4,1.078720194131196,2,108,0,0,0,1,0
58,37,48.025211334228516,91900,4,2.5978500698923206,2,84,0,0,0,1,0
43,17,31.58115577697754,94109,1,0.18116502477501828,2,176,0,0,0,0,0
56,32,111.15193176269531,94517,4,2.3500480885462633,1,183,1,0,0,1,0
57,35,126.06974029541016,90155,2,2.1594145171707937,1,283,1,0,0,0,0
58,22,42.51738357543945,92782,3,0.5107060562509125,3,147,1,0,0,1,0
48,10,51.004459381103516,89747,4,1.2619452123993813,3,0,1,0,0,0,0
38,12,50.617279052734375,93836,4,0.09426372196364427,1,0,0,0,0,1,0
35,19,18.536876678466797,95163,1,0.17356740100138957,1,0,0,0,0,0,0
46,19,65.67405700683594,90253,1,0.27558238391781853,1,102,1,0,0,0,0
35,14,95.91912078857422,94537,1,3.236229110740825,1,221,0,0,0,0,0
41,15,39.806610107421875,93841,4,1.1007874761032599,3,168,0,0,0,1,0
58,28,103.15647888183594,94356,3,5.247774319597358,3,0,0,0,0,0,0
40,19,45.94316864013672,90961,2,1.157938499511769,3,0,1,0,0,0,0
61,33,38.281105041503906,94563,3,2.0361970078568663,3,0,1,0,0,1,0
52,17,73.22097778320312,91960,2,1.3445755876857528,1,0,0,1,0,0,0
47,16,89.58248138427734,94676,4,2.4551739828189034,1,0,0,0,0,0,0
34,10,118.54102325439453,94988,2,2.8617081814201777,1,157,0,1,1,1,0
35,15,15.458187103271484,92237,4,0.14366101482968538,1,104,1,0,0,1,0
36,10,14.707134246826172,94276,2,1.3639321065829677,2,153,0,0,0,0,0
37,21,138.50770568847656,95099,1,2.725337996165948,1,0,0,0,0,0,0
46,23,60.370147705078125,95267,2,2.126138099992091,2,0,0,0,0,0,0
47,15,48.696556091308594,94950,1,0.4959114520258777,1,0,0,1,1,1,0
41,14,60.17927551269531,95103,3,2.5918806416593614,2,0,1,0,1,1,0
37,4,72.74945831298828,94604,1,1.3231095031223221,3,0,0,0,0,1,0
64,39,56.00764465332031,94285,2,0.13080097285046716,3,0,0,0,0,0,0
50,29,89.55955505371094,92095,1,0.37517496861372335,1,0,0,0,0,1,0
41,28,187.9851837158203,92074,2,5.099748400937388,1,0,1,0,0,0,0
57,37,142.59521484375,93965,1,4.670205622364595,1,273,1,0,0,0,0
63,37,80.15946960449219,94309,3,0.3807434304264107,2,0,0,0,0,0,0
31,7,85.91468048095703,94834,4,1.178217466311482,3,0,0,0,0,0,0
40,19,99.38443756103516,90504,2,3.0699349671321237,1,401,0,1,0,1,0
26,3,25.827089309692383,94830,4,0.42984297880179656,1,0,0,0,0,1,0
60,35,102.22483825683594,93085,1,3.5713440203499234,1,0,1,0,0,1,0
33,5,83.0537338256836,90071,3,1.5285356411257467,3,103,0,0,0,0,0
31,23,57.29798889160156,95457,4,0.3884308586566315,2,0,0,0,0,0,0
52,34,81.17220306396484,94480,2,5.620676677247885,1,125,1,1,1,1,0
52,29,180.37986755371094,94822,2,4.097654879971392,3,0,0,0,0,0,1
57,12,72.44297790527344,92925,4,2.6743385963082256,1,0,0,1,0,0,0
40,12,147.2412872314453,94525,4,0.8759297869527947,3,0,0,1,1,1,1
51,25,21.99146270751953,93072,3,1.2287161107493592,2,0,0,1,0,1,0
29,2,58.663475036621094,92180,1,0.5788087930563808,1,0,0,0,0,1,0
57,30,20.93032455444336,93936,3,0.6598127761878377,2,0,0,0,0,1,0
36,13,84.22504425048828,94733,2,1.0786780135767229,1,224,1,0,0,0,0
56,37,33.49869155883789,95494,1,0.8874993284259816,3,0,1,0,0,0,0
56,21,33.129920959472656,92914,1,0.42242063091338583,3,0,0,0,0,1,0
37,7,18.036352157592773,95443,3,2.0827799306279475,2,0,0,0,0,0,0
61,35,79.41958618164062,91422,4,1.50421234100123,2,199,0,0,0,1,0
59,32,23.992324829101562,94622,2,0.4321403731377167,2,0,1,0,0,1,0
54,34,31.19503402709961,91937,2,0.04222397951911999,2,0,0,1,0,1,0
48,32,58.80323791503906,94518,3,0.08275867178782995,1,0,0,0,0,0,0
60,32,71.27070617675781,91288,4,1.7553085989539654,1,0,1,0,0,0,0
56,33,16.264928817749023,89848,3,1.3257742110748365,1,68,1,0,0,1,0
37,9,47.451419830322266,94091,1,0.31740691173159014,3,0,0,1,0,0,0
29,9,59.168357849121094,95411,3,1.6599246712434712,2,0,0,0,0,0,0
27,-2,134.98199462890625,90098,3,7.788924930679029,1,0,0,0,0,1,1
41,20,29.533893585205078,94411,2,0.1287263301053086,1,0,0,0,0,1,0
25,1,41.97141647338867,94318,1,1.7400398846500003,1,0,0,0,0,1,0
26,3,175.90818786621094,90429,4,7.778799636068909,3,163,0,0,0,0,1
25,1,78.23152923583984,91935,4,2.134206301912601,1,0,1,1,0,0,0
26,4,104.9933853149414,95403,1,1.9132441999180703,1,0,0,0,0,1,0
29,4,62.968021392822266,93486,4,0.45302813361559946,2,0,0,0,0,0,0
49,12,34.68821716308594,90446,1,0.6957143266165473,2,102,0,0,0,0,0
36,25,31.86827850341797,96074,3,0.9943956290936118,1,0,0,0,0,0,0
36,15,16.930635452270508,94263,2,0.5455631402971202,1,80,0,1,0,0,0
40,6,37.081565856933594,90335,4,1.3180268976078857,3,142,0,0,0,0,0
37,13,109.6659164428711,94339,2,1.745208031408631,1,291,0,0,0,1,0
60,31,31.21303939819336,94067,3,1.0760360189365301,2,0,1,1,0,1,0
35,9,69.19137573242188,93063,1,0.9587289109917662,2,89,0,0,0,1,0
36,31,90.21143341064453,92956,1,2.2472873763559793,3,339,0,1,0,1,0
44,18,84.92633056640625,94730,1,2.2983821980431354,2,213,0,0,0,0,0
30,4,39.59846115112305,94172,4,0.7058150921504527,2,0,0,0,0,1,0
33,26,87.32113647460938,89968,1,2.521120861723254,2,0,0,0,0,1,0
46,24,128.69273376464844,95703,2,6.706073514571702,1,0,1,0,0,1,0
62,32,113.98110961914062,91724,3,0.1160582928395325,3,0,1,0,0,0,0
32,2,81.99125671386719,92761,2,0.7501976109113796,1,86,1,0,0,1,0
58,31,72.54195404052734,90209,3,1.4181646284823852,2,181,0,0,0,1,0
63,38,45.324832916259766,90849,1,2.4003140362336834,1,105,0,0,0,0,0
45,19,22.056072235107422,94593,1,0.4510512686815564,1,0,0,0,0,1,0
43,16,106.03095245361328,92090,2,1.7987336954080746,3,0,0,1,0,1,0
49,30,94.61368560791016,94015,1,0.5130574388146105,2,0,0,0,0,1,0
28,5,123.67843627929688,93426,1,0.5950494170944389,1,0,0,0,0,1,0
39,9,18.818946838378906,94095,1,0.7828501637952228,3,0,1,0,0,1,0
35,12,47.13056182861328,94344,2,2.1469053914841885,1,0,1,0,0,1,0
30,6,31.359899520874023,94483,4,1.4145293107204888,2,109,0,0,0,1,0
32,13,58.84966278076172,95681,3,0.2719485410675886,2,0,0,0,0,1,0
32,10,40.95507049560547,96015,4,0.09306346579312322,2,0,0,0,0,1,0
43,16,72.45194244384766,92013,3,0.11154995848663835,3,0,0,0,0,1,0
53,27,46.951881408691406,94540,3,1.722700441529373,2,0,1,0,0,0,0
43,28,30.030345916748047,94977,2,0.4642544903287206,1,124,0,0,0,0,0
26,0,29.084556579589844,92586,1,0.5535703332821986,3,183,1,0,0,1,0
52,25,68.34856414794922,94538,1,0.24136337278679632,2,0,1,0,0,0,0
52,23,117.8816909790039,90640,1,5.438217691590002,3,0,0,1,0,0,0
51,27,27.670263290405273,93208,1,0.8216589036467422,1,0,0,1,0,1,0
39,16,77.36173248291016,95506,1,1.7045276999411316,1,0,1,0,0,1,0
54,25,121.93668365478516,92312,4,4.249443622305415,3,256,1,0,1,1,1
40,34,43.17090606689453,91858,4,0.07999880287176775,1,0,0,0,0,0,0
39,25,27.282062530517578,94515,4,1.361533268404326,1,0,1,0,0,1,0
40,16,62.02769470214844,92206,1,0.5723702551565719,1,0,0,0,0,0,0
36,23,39.965782165527344,92113,3,3.004111927642969,2,0,0,0,0,1,0
51,30,69.82899475097656,92768,3,1.6406000475950249,2,0,1,1,0,1,0
63,38,43.833412170410156,95818,4,1.928376079771982,3,0,0,0,0,0,0
24,0,68.90127563476562,90461,4,0.5465066255913253,1,0,0,0,0,1,0
42,20,39.15494918823242,93899,2,2.6125214149105966,2,102,0,0,0,1,0
42,14,100.20001983642578,91410,1,6.711699399063387,1,0,0,0,0,1,1
42,24,74.95372009277344,94335,3,1.8829734962482405,3,436,0,0,0,0,0
61,37,25.652252197265625,90547,1,1.6287814929504956,2,0,0,0,0,0,0
58,32,65.59260559082031,95491,3,0.4413850704357588,2,0,1,0,0,0,0
25,3,74.50354766845703,94246,3,1.2341032718435339,1,251,0,0,0,1,0
39,17,37.25877380371094,95951,4,2.4509945650200655,2,0,0,0,0,1,0
38,12,49.25023651123047,90318,2,1.2256866403696693,1,143,0,0,0,1,0
66,39,89.73738098144531,94592,2,0.34204915552856313,1,0,0,0,0,1,0
50,25,65.53857421875,95795,2,1.6961493515119015,2,0,1,0,0,0,0
32,8,180.81268310546875,94259,1,4.785284329785093,1,0,1,0,0,0,0
57,35,143.34500122070312,91177,1,1.6578760224657945,1,0,0,0,0,1,0
46,18,46.67099380493164,92458,4,1.5293408035116949,1,211,1,0,0,1,0
64,35,80.47688293457031,90546,2,5.360609014001954,2,328,1,1,0,0,1
33,9,111.18262481689453,94817,4,1.8170584174306805,3,0,0,0,0,0,1
59,33,56.801395416259766,95309,2,1.6126374244764665,1,233,1,0,0,1,0
48,15,62.34412384033203,94252,2,0.344843628307644,1,0,0,0,0,1,0
30,6,70.90113830566406,93076,4,0.6388794554557784,3,0,0,1,0,0,0
51,30,30.615978240966797,95897,4,0.953853295693557,3,122,1,0,0,1,0
42,10,17.66826629638672,95118,3,1.1033565505598633,1,0,1,1,0,1,0
34,1,56.23149490356445,94907,4,0.4373211383397252,3,0,1,0,1,1,0
35,8,91.97602081298828,90212,4,3.309082933140217,1,258,1,0,0,1,0
40,9,34.22587585449219,94013,2,0.49412767606875657,2,130,0,0,0,0,0
65,37,79.06719970703125,92929,2,2.782862167853624,3,486,0,1,0,1,0
29,6,19.281429290771484,96488,4,0.10331616025872525,1,0,0,0,0,1,0
49,29,32.356136322021484,92138,4,1.6414408852102376,3,0,0,0,0,0,0
43,22,59.46841049194336,90797,2,1.977394730890985,1,0,1,0,0,1,0
57,33,76.90847778320312,92245,3,0.8237981301224206,1,628,1,0,0,0,0
63,40,27.889408111572266,94217,2,0.039247168119783626,2,0,0,0,0,1,0
41,23,48.09803009033203,91633,4,0.9796109609227248,3,0,0,0,0,1,0
30,3,124.08895874023438,94830,1,3.0993665805606683,1,0,0,0,0,1,0
64,37,57.07225799560547,90569,2,0.678901373430653,2,153,0,0,0,0,0
28,11,198.28370666503906,92518,2,3.25917119894344,1,0,0,0,0,1,0
32,10,19.386749267578125,91955,4,0.8411205174881753,3,105,0,1,0,0,0
36,16,62.35664749145508,95485,3,4.799988862710396,1,0,1,0,0,0,0
39,18,46.930824279785156,93327,1,0.29352594640858504,1,0,0,0,0,1,0
43,18,97.82310485839844,93412,2,2.222360031540533,2,232,0,0,0,0,0
25,2,39.18548583984375,95995,2,0.9641132807720039,3,0,0,0,0,1,0
29,9,78.560546875,92247,2,1.5941678593450188,3,0,1,0,0,0,0
40,8,166.81260681152344,92857,2,2.471591240324042,1,0,1,0,0,0,0
37,12,59.79454803466797,91441,2,0.23077970297042094,3,0,1,0,0,0,0
23,0,137.20484924316406,96203,3,0.6436971536886309,1,0,0,0,0,0,0
64,38,69.7032241821289,94964,2,2.2941943954347113,1,0,1,0,0,1,0
60,35,46.4311408996582,92836,1,0.8680287829097626,2,105,0,0,0,1,0
29,10,54.250736236572266,95182,2,1.766709160499741,1,0,0,0,0,1,0
31,5,117.00330352783203,91416,2,2.7419776655283705,1,0,0,0,0,1,0
48,36,32.258392333984375,94468,3,2.038029507663064,3,0,0,0,0,1,0
33,13,90.56719970703125,95592,2,2.107927454197224,1,0,0,0,0,0,0
51,23,63.89332580566406,89874,2,1.0761198934734082,1,94,1,0,0,1,0
60,38,28.823074340820312,94462,4,0.2115551551727553,1,0,0,1,0,0,0
65,31,165.323486328125,94647,3,1.9089812233146848,2,0,0,0,0,1,1
39,20,17.613401412963867,94024,2,0.4498195964886016,2,0,0,0,0,1,0
60,23,36.238407135009766,94012,3,2.067594916161302,2,0,1,0,0,1,0
61,41,89.26821899414062,94450,2,2.058017915596545,2,0,1,0,0,0,0
57,31,66.87145233154297,90261,4,2.2792991910749185,3,0,0,0,0,1,0
49,24,40.221378326416016,93877,2,2.467479417214057,2,0,0,0,0,0,0
55,27,31.497772216796875,94037,2,0.4097498405120959,3,0,0,0,0,0,0
62,37,41.14677429199219,95848,2,1.2169819959652781,1,0,0,0,0,1,0
45,18,162.74575805664062,94338,2,3.118690802907035,1,0,0,1,0,0,0
41,9,113.16539001464844,92645,4,0.2701189439327605,3,0,1,0,0,0,0
34,4,60.31220245361328,94647,1,1.9168022435870449,2,0,0,0,0,0,0
31,16,22.354063034057617,90166,4,0.3750343867918677,3,0,1,0,0,1,0
47,18,112.3578872680664,90250,2,0.61690375807001,1,0,1,0,0,1,0
31,9,35.91828918457031,94105,4,1.55216459500619,3,0,1,0,0,0,0
26,1,32.603370666503906,93416,1,1.9179819428014253,2,104,1,0,0,0,0
46,16,95.00135803222656,94932,2,1.1317199473685706,1,0,0,0,0,0,1
49,25,101.30387878417969,95012,2,2.0893267485716316,2,0,1,0,1,1,1
49,19,124.53060913085938,94053,3,2.5390022241781525,1,0,0,0,0,1,0
44,10,31.224824905395508,91873,1,0.7044875388015689,2,141,0,1,0,1,0
28,4,50.708824157714844,94193,2,1.6272637689093479,3,0,0,1,0,1,0
45,20,157.2301025390625,91044,1,4.327082378562501,1,0,0,0,0,1,0
29,3,88.8005599975586,95162,4,2.4346353388323663,1,0,0,1,0,1,0
50,20,50.48439025878906,93043,2,1.0758337921405903,3,0,0,0,0,0,0
46,10,101.70936584472656,91820,1,1.1479544309737957,3,0,1,0,0,0,0
40,26,211.8762664794922,92268,2,1.2059924650753255,1,0,0,0,0,1,0
28,3,60.08980941772461,92214,2,2.084969160811439,1,0,0,0,0,0,0
27,8,91.0250244140625,92990,1,0.7786455241949338,1,153,0,1,0,0,0
50,15,45.28968048095703,90359,4,2.0017197051798448,3,0,0,0,0,0,0
45,25,169.25758361816406,91714,2,1.5781300672103658,2,0,0,0,0,1,1
51,33,37.535423278808594,93349,4,2.302956128964571,2,203,0,0,0,1,0
47,29,18.84453582763672,93107,3,0.5560398219498746,2,0,0,0,0,0,0
28,-1,68.24562072753906,91417,2,0.5432372169354511,2,248,1,0,0,0,0
35,15,39.338619232177734,95407,1,0.18083696699846769,2,0,1,0,0,1,0
56,39,51.86368179321289,90154,1,3.4917912114942733,3,0,0,0,0,1,0
40,13,175.73983764648438,95065,4,1.4265194599081588,2,0,0,0,0,0,1
63,35,163.8809356689453,93063,3,2.5342202393468996,3,310,1,0,1,1,1
43,12,137.49143981933594,95630,4,3.683175438044403,2,98,1,0,0,0,1
45,25,105.99066162109375,96093,1,2.0835796753577207,1,0,1,0,0,1,0
62,37,49.62340545654297,91824,4,0.22976641251052426,2,0,0,0,0,0,0
40,7,42.82716751098633,94859,1,3.0995925478518833,2,0,1,0,0,1,0
52,16,86.83153533935547,94592,4,0.02133086581353394,1,0,1,0,0,1,0
67,39,75.58644104003906,90704,1,3.7643823315100797,1,0,1,0,0,0,0
42,30,78.94667053222656,94764,1,1.8220497213891815,1,0,0,0,0,1,0
65,39,185.11349487304688,95732,3,5.139744312704989,3,0,0,0,0,0,1
49,18,48.541805267333984,94793,1,0.4271038201123784,3,231,0,0,0,0,0
53,33,44.80020523071289,92901,4,0.18361418506124705,3,0,0,0,0,0,0
39,16,20.310894012451172,92389,2,1.0025573882744627,3,69,1,0,0,1,0
42,19,76.08641815185547,89888,4,1.8764308176833964,2,0,1,1,1,1,0
30,10,15.327606201171875,92904,3,0.9494884464686477,2,131,1,1,1,1,0
37,9,175.03564453125,91526,3,4.394624738956265,1,0,1,0,0,1,0
56,28,40.97452926635742,92496,2,0.1421160029801427,1,89,0,0,0,0,0
37,14,68.17903900146484,93668,2,1.8335836048143013,1,104,0,0,0,1,0
45,19,34.00808334350586,93609,2,0.2813613811847047,1,0,0,0,0,1,0
40,6,13.219949722290039,91878,2,1.5868911241954011,1,0,1,1,1,0,0
43,18,27.118167877197266,91495,1,2.4537323509879374,3,0,1,0,0,0,0
40,10,31.84154510498047,92506,3,1.2839942900319778,2,0,0,0,0,1,0
51,24,77.3583984375,95936,2,1.9346340133016937,1,342,0,1,0,1,0
59,33,55.66156768798828,94386,4,0.3731091481942656,2,118,0,1,1,1,0
56,40,178.3469696044922,91973,1,7.328113075179191,1,0,0,0,0,0,0
65,41,20.492040634155273,96375,3,1.0187719244882194,3,0,0,0,0,0,0
36,28,198.53651428222656,94061,4,2.270092557020796,3,0,0,0,0,1,1
63,31,35.13983917236328,94740,2,0.4265628699409597,1,0,0,0,0,0,0
60,34,123.07569122314453,92655,4,0.4988368086323578,3,254,1,0,0,1,0
24,-1,80.24980163574219,90337,2,1.4724991790942656,2,149,0,0,0,1,0
49,18,87.34400177001953,94477,1,2.710359614061072,2,127,1,0,0,1,0
34,11,71.76936340332031,92933,1,2.233434468699519,1,0,0,0,0,1,0
43,28,67.39021301269531,90549,2,3.369168551334956,1,220,0,0,0,0,0
46,18,17.099899291992188,92859,4,1.90619903840788,3,125,1,0,0,1,0
36,18,77.38093566894531,95102,2,0.8713996834095297,1,0,0,0,0,1,0
67,39,148.4104766845703,92171,1,1.6483887126055063,1,0,0,0,0,0,0
45,14,34.81976318359375,93210,1,0.7118696466122513,3,142,1,0,0,0,0
35,15,116.85382080078125,91542,4,6.3016161615742545,1,0,0,0,0,0,0
34,16,79.8404769897461,90561,4,2.847713625650079,2,0,0,0,0,1,0
39,17,62.55792236328125,92333,2,1.2152794773110713,2,0,0,0,0,1,0
42,17,64.5206527709961,92325,3,2.7805275234441647,1,0,1,0,0,1,0
61,39,47.88441848754883,94548,3,1.6427471306386994,3,0,0,0,0,0,0
35,13,100.4624252319336,95630,4,3.969466208185307,2,0,0,0,0,1,0
31,5,169.01950073242188,95296,2,6.1938620448402855,1,0,0,0,0,1,0
49,28,40.039459228515625,91077,2,0.02987305424176423,2,0,1,0,0,1,0
48,35,168.26051330566406,94880,4,6.976185148041757,2,166,0,0,0,1,1
40,16,44.28363037109375,92003,1,0.5781811346715424,1,0,0,0,0,1,0
51,24,58.3130989074707,92715,1,1.9884947368557833,1,0,0,0,0,0,0
35,18,141.07275390625,92075,4,2.496233859622205,2,0,1,0,1,1,1
25,-1,40.012596130371094,94153,1,2.6299488705527674,2,0,0,0,0,1,0
59,35,74.39540100097656,93961,1,1.9416002059777724,1,0,0,0,0,0,0
39,13,197.2760772705078,95408,2,8.630843260682006,1,0,0,0,0,1,0
36,12,90.63826751708984,92056,4,1.7523757894422831,3,125,0,0,0,1,0
32,10,165.04583740234375,92108,1,4.681444900934267,1,103,0,1,0,1,0
63,33,54.14698791503906,95079,4,4.777443073637512,1,0,0,0,0,0,0
34,18,41.941871643066406,95469,3,0.014452147189075726,2,0,1,0,0,1,0
63,36,23.610939025878906,93381,4,3.167166261150041,3,0,1,1,0,1,0
66,39,38.68268585205078,95426,2,1.397391912228194,3,0,0,0,0,0,0
66,41,165.1584014892578,89956,1,0.9485552648285303,1,0,0,1,1,1,0
60,33,157.58038330078125,92077,2,2.4248497783941083,1,0,0,0,0,0,0
47,20,102.34209442138672,94318,1,3.3752903585762333,3,267,0,0,0,1,1
66,38,128.98379516601562,92850,4,1.512771710859574,2,0,0,0,1,1,0
52,33,73.95575714111328,91664,2,1.8471364872376697,3,469,0,0,0,1,0
50,26,81.50018310546875,92306,2,0.7426824054531692,1,165,0,0,0,1,0
48,30,38.37431716918945,92091,1,0.1253436372420079,3,0,0,0,0,0,0
62,36,84.33944702148438,91439,3,1.5533652385088519,3,414,0,0,0,0,0
53,24,50.88887023925781,92105,3,0.46367067591182587,1,0,0,0,0,0,0
39,18,62.94268035888672,94401,4,1.6567507197019873,3,0,0,0,0,1,0
59,35,24.059799194335938,90338,3,0.5014397658294394,1,78,0,0,0,1,0
50,27,44.712947845458984,93341,1,0.16077288721821795,2,0,0,0,0,1,0
36,15,39.58951187133789,95461,4,2.0872589511115796,1,0,0,1,0,0,0
26,4,9.404361724853516,92861,3,0.09789227255474775,2,0,0,0,0,1,0
60,34,178.1198272705078,92868,1,4.756297471699501,1,101,0,0,0,0,0
60,35,18.235754013061523,93977,3,1.03728055482259,2,0,1,1,0,0,0
51,30,28.3587589263916,91362,4,1.4388341518956431,3,0,1,0,0,1,0
63,29,11.981335639953613,93373,3,0.6277200271530545,3,0,0,1,0,1,0
59,37,57.04032897949219,92848,2,2.4013773545961192,3,0,0,0,0,1,0
64,37,60.087974548339844,91960,2,0.34819203641760665,2,0,0,0,0,0,0
49,27,64.77545166015625,90128,1,0.9704240197638496,1,0,0,0,0,0,0
29,6,40.940677642822266,92179,3,0.2531115715143495,1,219,0,0,0,0,0
60,35,143.1397705078125,91997,1,2.8289279586923564,1,0,0,0,0,0,0
27,3,98.29012298583984,91993,2,1.5257054645534085,2,221,0,0,0,1,0
54,21,40.00254821777344,94671,2,2.3573797911422107,3,0,0,0,0,1,0
56,34,111.07332611083984,92600,4,2.673573944194002,2,0,1,0,1,1,0
38,19,85.25857543945312,93544,2,2.1689403237959013,3,0,0,0,0,0,0
35,5,62.494850158691406,92358,1,2.6422107163305655,2,0,0,0,0,0,0
48,22,65.44259643554688,92182,2,1.2130544744357796,3,0,0,0,0,0,0
34,7,10.44898796081543,93525,1,0.15774686780364322,1,0,0,0,0,1,0
59,33,46.6415901184082,95105,3,0.25504383924241686,3,0,0,0,0,1,0
36,10,121.52192687988281,94476,1,1.604098605498485,2,0,0,0,0,1,0
34,9,97.94149780273438,94844,2,0.7338101878571772,1,0,0,0,0,1,0
27,14,48.488162994384766,90014,3,0.23358584279017142,1,0,0,0,0,1,0
43,11,26.98638916015625,93154,1,0.13788933664849926,1,0,1,0,0,1,0
54,30,20.477352142333984,91961,2,0.7513884415129537,2,141,0,0,0,0,0
43,17,127.61599731445312,92748,1,4.7907601565338,1,403,1,0,0,0,0
39,8,29.479106903076172,94517,3,0.4261232112757068,2,0,0,0,0,0,0
62,38,71.04270935058594,95645,4,0.3131711879565553,2,0,0,0,0,1,0
59,22,15.350915908813477,94187,2,2.1814430957664426,2,0,0,0,0,0,0
49,14,27.43071174621582,94748,4,2.2169360756914127,2,0,0,0,0,1,0
30,9,13.334630966186523,96430,1,1.2354436263077548,2,149,0,0,0,1,0
32,14,103.55020141601562,92023,2,3.480750571161603,1,0,0,0,0,1,0
31,6,54.0693359375,92907,3,2.8333723569367715,2,198,1,0,0,0,0
26,7,72.59571075439453,95680,3,1.0170485577532409,1,120,0,0,0,1,0
43,16,38.60206985473633,94835,2,0.43079856847202974,2,0,0,0,0,1,0
41,15,175.52789306640625,91557,2,2.307983132880892,1,0,1,0,0,0,0
44,20,52.65641784667969,93870,4,1.8660763060814747,1,0,1,0,0,0,0
54,32,25.469432830810547,94366,4,2.280964692868656,1,0,1,1,0,0,0
60,28,99.50385284423828,92126,2,3.0629717309242706,1,348,1,0,0,1,0
49,33,59.738555908203125,90978,1,0.5719144621009865,1,0,0,0,0,1,0
31,11,47.463130950927734,90157,1,0.24281814823359382,2,118,0,1,0,0,0
29,4,47.52213668823242,93184,1,1.2846046093401182,3,0,0,0,0,1,0
46,27,108.97538757324219,94065,3,6.703750285934077,1,193,1,0,0,0,0
63,31,70.82478332519531,94987,1,2.1030123326170527,2,0,0,0,0,0,0
63,36,145.27503967285156,95751,1,2.6832016995185937,1,0,1,0,0,0,0
27,2,26.974254608154297,92284,3,0.5057288346394202,3,0,0,0,0,1,0
40,20,77.15888977050781,93156,2,1.0740604896294537,3,0,1,0,0,1,0
29,8,141.64303588867188,92086,1,2.315708106606264,1,0,0,0,0,1,0
43,25,73.93416595458984,94358,4,2.8666224710277546,3,0,0,0,0,0,0
27,12,164.8419647216797,91451,2,1.2605547811387074,1,0,1,0,0,1,0
33,6,42.159664154052734,91864,2,1.985209836368612,1,0,1,0,0,1,0
27,2,52.22938537597656,94280,1,0.3745621695889915,3,0,0,0,0,0,0
56,35,49.567588806152344,91419,3,1.4490103283896985,2,0,0,0,0,0,0
48,16,61.538124084472656,95077,2,1.8100069250769417,3,334,0,0,0,1,0
57,35,164.33486938476562,93017,2,3.2117765408296317,3,0,1,1,1,1,1
42,22,127.55585479736328,91693,3,2.382047248403179,3,0,0,0,0,0,0
35,7,98.76382446289062,92682,4,1.1474694060815207,1,0,0,0,0,1,0
54,20,52.71538162231445,91663,1,2.1555393541507506,2,0,1,0,0,1,0
62,36,46.00078201293945,91928,2,2.0510390012343587,2,0,0,0,0,0,0
63,37,113.12764739990234,91851,3,2.463326061219721,1,0,0,0,0,0,0
44,28,130.7247314453125,92294,2,6.592195139508642,1,0,0,0,0,1,0
55,30,40.051300048828125,93956,1,1.6037587073006725,1,151,0,0,0,1,0
53,28,19.189189910888672,91408,2,0.9402642213542309,3,0,0,0,0,1,0
56,30,41.14655303955078,91968,3,1.2581049563271636,2,176,0,0,0,1,0
63,41,43.96269226074219,92909,4,1.8481459390052848,1,0,0,0,0,1,0
46,28,53.49658203125,93221,1,3.760071298300429,3,150,0,0,0,0,0
48,29,126.65463256835938,91600,1,0.18040012538304184,1,0,1,0,0,1,0
57,23,96.82525634765625,94790,1,0.5641064077186958,1,0,0,1,0,0,0
58,32,153.61195373535156,90337,1,4.704925155166661,1,0,0,0,0,0,0
48,22,69.31631469726562,90358,4,1.5724478344996982,2,0,0,1,0,0,0
58,30,41.68464279174805,94416,4,1.6703603419568225,2,0,0,0,0,1,0
27,2,71.47816467285156,94619,2,0.540739113933393,2,0,0,0,0,0,0
44,20,40.26763916015625,94408,2,2.3923558716408184,2,0,1,0,0,1,0
44,18,130.32774353027344,94757,1,4.6492780026950475,1,0,1,0,1,1,0
28,5,138.0859375,91326,4,5.860748086142736,1,0,0,0,0,1,0
40,18,45.91592025756836,94199,4,1.113822818036973,1,0,0,0,0,0,0
48,19,110.13459777832031,91923,1,1.2319847139963027,3,0,0,0,0,1,0
45,24,50.784122467041016,92168,3,0.14697569174391922,2,0,0,0,0,1,0
43,15,113.86177062988281,90463,1,7.863067471157383,1,0,1,0,0,0,0
39,22,110.34953308105469,92984,1,1.137358544430846,1,0,1,0,0,1,0
54,24,38.46156311035156,91415,3,0.22720381850150279,3,0,1,0,0,1,0
60,37,159.8785858154297,94743,2,0.3352196531686012,1,0,0,0,0,0,0
32,18,98.69090270996094,93584,2,1.3852947061298795,1,0,1,0,1,0,0
63,32,36.76586151123047,95284,3,0.45759228774047767,1,0,0,0,0,0,0
26,1,37.2310791015625,95763,4,0.14335459138699158,2,0,0,0,0,1,0
41,7,53.36481857299805,94243,1,0.4959557698960765,3,0,1,0,0,1,0
36,21,38.37197494506836,92698,2,1.7960009591083506,2,0,0,0,0,1,0
28,1,28.985822677612305,94315,3,2.8156959272198474,1,128,0,0,0,1,0
64,36,97.16861724853516,91122,3,1.9145625535680522,3,0,0,0,0,1,0
49,22,36.49976348876953,94399,3,0.000548028320937366,2,100,1,0,0,0,0
54,27,91.40557098388672,90607,1,0.5730266206251795,2,0,0,0,0,0,0
27,19,42.51740264892578,94888,2,1.2908893945214734,2,0,0,0,0,1,0
28,4,26.006528854370117,90735,4,1.0346666386438943,3,151,1,0,0,0,0
44,13,35.308475494384766,95741,2,2.531971117039107,2,0,0,1,0,0,0
42,17,92.90543365478516,91815,2,1.5174040828662247,1,144,0,0,0,0,0
30,2,24.758079528808594,90222,3,0.8924629351267591,3,0,0,0,0,1,0
47,19,79.90677642822266,95035,2,1.1831486784672114,3,0,0,0,0,1,0
46,24,99.49537658691406,94799,2,0.5559571955438416,1,0,0,0,0,1,0
50,35,191.73281860351562,94979,4,3.99686133435854,2,0,1,1,0,0,1
35,12,57.22783660888672,94900,3,1.2520190934723963,1,0,0,0,0,1,0
44,15,183.62667846679688,93610,2,4.9158722013855245,1,0,0,0,0,1,0
55,37,36.295223236083984,94446,1,2.2397875909111375,1,123,0,0,0,0,0
29,0,70.03695678710938,92117,4,1.3520410462344314,1,0,0,0,0,1,0
45,14,27.70209503173828,91701,3,0.27852374943816705,2,112,1,0,0,1,0
57,35,36.3834228515625,90239,1,0.4674978719954302,2,0,1,0,0,1,0
34,14,39.21617889404297,95160,3,0.04704461967789797,2,0,1,0,0,0,0
46,19,28.342529296875,95224,3,0.026664634338730564,2,120,1,0,0,1,0
44,30,70.22821807861328,92051,1,2.565468198979271,3,406,0,0,0,0,0
62,38,75.83611297607422,90304,2,2.453782572279874,3,248,0,0,0,1,0
41,32,38.23163604736328,92367,2,1.801405166230061,3,0,0,0,0,1,0
40,15,72.253173828125,91922,3,0.20675360934189335,1,0,0,0,0,1,0
40,17,73.5140151977539,95383,2,1.084776760184266,2,0,0,0,0,0,0
31,13,42.29265213012695,92031,4,0.2007953303002415,1,0,0,1,0,0,0
45,12,59.03410339355469,94411,4,0.5657904448780964,2,0,0,1,1,1,0
61,36,90.46138763427734,91682,3,1.88193153976222,3,0,0,0,0,1,0
35,10,28.68149185180664,91876,3,1.3876581260618162,1,0,0,1,0,1,0
39,21,188.41448974609375,92283,4,6.016309464632004,3,0,0,0,0,1,1
49,19,37.3602180480957,94036,2,1.8428286284750706,3,310,0,0,0,0,0
45,31,82.23917388916016,90447,2,3.0147439029340415,3,234,0,0,0,0,0
49,7,27.509916305541992,90636,4,0.22369855495863608,2,78,0,0,0,1,0
51,16,41.01704406738281,95412,4,0.6612185117902432,1,0,0,1,0,0,0
46,8,97.46092224121094,95343,2,0.8904693223848129,1,0,0,0,0,0,0
61,38,59.59136962890625,90967,2,0.3045161488786129,2,129,0,0,0,1,0
65,38,13.878485679626465,95685,2,2.3214920976117637,1,0,0,0,0,1,0
34,6,70.62433624267578,94359,1,0.9965405401204412,3,80,0,0,0,0,0
44,16,43.14153289794922,95797,2,1.1825300589735823,3,0,1,0,0,1,0
27,4,78.5434341430664,91636,1,3.323840996077902,1,0,0,0,0,1,0
49,23,99.71540069580078,92439,2,3.251485426654941,1,0,0,1,0,0,0
64,37,191.95899963378906,93912,1,8.412659879299138,1,0,0,0,0,1,0
46,23,34.66777038574219,90489,2,0.5092215228466713,3,0,0,0,0,1,0
32,12,23.435394287109375,95497,4,0.12116598355232894,1,0,1,0,0,0,0
25,0,101.69483947753906,95330,4,3.116072761461755,3,272,0,0,0,1,1
45,15,22.441913604736328,92970,3,0.49126844030561834,2,0,1,0,0,1,0
38,18,166.34002685546875,90250,2,1.6589214072208271,1,0,0,1,0,1,0
24,1,31.42193603515625,90267,4,1.7320373275004701,1,0,0,0,0,1,0
53,24,153.3557891845703,95251,1,2.339170474930758,1,0,0,0,0,1,0
62,29,20.410499572753906,92957,2,0.5566845051179308,3,0,1,1,0,1,0
42,20,75.24774169921875,94418,1,2.3009726586366455,3,113,1,0,0,1,0
59,15,155.01681518554688,91028,1,1.966675254277456,3,0,0,0,0,0,1
33,6,81.81277465820312,91730,1,1.3335193514313752,3,411,0,0,0,1,0
50,23,15.738685607910156,94600,4,0.8865430734638435,2,0,1,0,0,1,0
30,20,102.46063232421875,92194,3,1.5566852016963033,1,0,1,0,0,0,0
50,31,52.45146560668945,95357,3,2.7983984898095375,1,164,1,0,0,1,0
62,36,16.02513313293457,94791,4,0.9235207728375798,2,120,0,1,0,0,0
47,18,91.11934661865234,94148,1,1.1643143055476246,3,232,0,0,0,1,1
41,11,43.2503547668457,94600,2,1.24764166432881,3,0,0,0,0,0,0
53,24,117.14582824707031,90911,4,3.46076315223672,1,0,0,0,0,1,0
63,40,110.40795135498047,91380,2,1.8512788557363398,3,375,0,0,0,1,0
60,28,34.232261657714844,95192,3,1.3076144016010893,2,0,1,0,0,0,0
58,27,48.615787506103516,93488,3,1.9703826159581947,2,0,1,0,0,1,0
48,24,119.24676513671875,95002,2,2.072083542896146,1,418,0,0,0,1,0
46,16,182.44642639160156,94259,2,4.157576866416525,1,0,0,0,0,1,0
36,23,19.35828399658203,95903,3,0.44053580174585105,3,0,1,0,0,0,0
30,9,29.423648834228516,94297,4,1.2178812610799112,2,0,0,0,0,1,0
59,34,40.85898208618164,94648,3,2.979111537662006,3,151,0,0,0,0,0
46,20,32.621307373046875,95935,2,2.00871759046373,3,0,1,0,0,1,0
64,38,77.89166259765625,91920,4,2.1136701018340327,2,0,1,0,0,0,1
57,35,34.377174377441406,92980,3,0.2557376553249271,2,0,1,1,0,1,0
36,14,35.45539474487305,91869,2,0.37480010019866167,1,0,0,0,0,1,0
42,21,56.73047637939453,95633,2,0.7667970263498848,1,247,0,0,0,0,0
29,11,82.46183776855469,94446,2,7.628142587993865,2,0,0,0,0,0,0
34,26,52.6397590637207,95916,1,1.4238190080361082,1,576,0,0,0,1,0
54,27,42.6896858215332,91128,4,0.6327736263706341,1,0,0,0,0,1,0
44,18,17.023757934570312,91954,2,0.49243642810447885,2,96,0,0,0,1,0
45,27,101.76348114013672,93920,4,2.702442908414415,1,0,0,0,0,1,0
31,9,43.59469223022461,92270,2,0.6987961053984569,3,0,1,0,0,1,0
48,22,78.73738098144531,93328,2,1.7519506572114656,1,0,0,0,0,1,0
33,7,159.21957397460938,94231,4,2.01885210801602,1,450,0,0,0,1,0
30,6,63.48444366455078,94399,4,1.655728072769749,2,0,0,1,0,1,0
61,34,82.55194091796875,91094,2,0.12279464121284586,1,197,0,0,0,1,0
58,34,118.65885925292969,94858,3,2.9730642982268423,1,0,1,0,0,0,0
63,39,50.273529052734375,92033,1,1.643540499439346,2,257,0,0,0,1,0
47,25,62.778900146484375,93526,3,0.40503054527465154,2,0,1,0,0,0,0
62,33,50.529396057128906,93199,2,0.3533795029122115,2,0,0,0,0,1,0
30,11,37.87733459472656,95678,2,1.6355858076345864,2,0,0,0,0,0,0
36,4,63.177513122558594,96107,2,2.6875494412840486,1,0,0,0,0,1,0
52,27,139.55735778808594,92419,2,0.6439948272886513,3,300,0,1,1,1,0
29,1,52.90995788574219,96639,4,0.5870921068306231,2,0,0,0,0,1,0
29,4,85.89982604980469,92770,2,5.6212785059960275,1,0,1,0,0,0,0
32,11,39.055809020996094,92242,4,0.5801400825836891,2,187,0,0,0,1,0
57,36,47.22920608520508,91338,3,0.16290375839158822,1,0,0,0,0,1,0
40,9,34.674503326416016,93058,1,1.086620572171215,3,147,0,0,0,1,0
31,7,65.82725524902344,94516,4,2.373726233787445,1,191,0,0,0,0,0
63,32,86.8410415649414,92305,2,1.691193617392719,1,0,0,0,0,1,0
41,21,110.6707992553711,90330,2,3.0667682542261607,3,0,0,0,0,1,0
54,23,64.62553405761719,91787,1,2.0715713849450648,3,0,1,0,0,1,0
51,27,60.27934265136719,94951,2,0.9089109049828239,1,0,1,1,1,1,0
48,22,125.40483093261719,94604,3,0.5487514705541885,3,0,0,0,0,1,0
51,24,42.05067825317383,94272,4,1.952086712629982,3,92,0,0,0,0,0
50,36,30.724929809570312,95004,4,1.0202685693482407,2,0,1,0,0,1,0
58,28,172.0917510986328,90486,2,5.2990967714987685,1,0,0,0,0,0,0
45,3,62.211936950683594,90736,1,1.6661980674356032,3,0,1,0,1,1,0
50,27,51.750675201416016,94968,3,1.3241938352613778,2,0,1,1,1,1,0
37,10,107.29576110839844,93064,3,2.4590617438997366,3,105,0,0,0,0,0
47,26,154.06544494628906,95631,3,1.7264057263988466,1,0,1,0,0,0,1
40,5,80.42731475830078,93116,1,1.2090918644682978,3,145,0,1,0,1,1
27,4,41.37013626098633,93891,3,1.9100871368951864,2,104,1,0,0,1,0
30,5,69.87374877929688,93172,3,1.5465807753132668,3,0,0,0,0,0,0
51,19,72.2992935180664,94665,4,1.2553974059233255,2,227,1,0,0,0,0
28,1,48.614830017089844,91586,4,0.3584746262503278,1,115,0,1,0,1,0
49,23,41.24884796142578,90263,3,2.84754733455918,1,0,1,0,1,1,0
50,30,74.45885467529297,90455,1,0.03585819726195011,3,0,0,0,0,1,0
40,19,159.13247680664062,91436,1,0.2508453850633522,1,0,0,0,0,0,0
40,21,79.51810455322266,91511,1,0.6053328393066055,3,239,0,0,0,1,0
43,20,105.48805236816406,90398,1,7.499143889419749,1,0,0,0,0,0,0
46,24,32.316444396972656,95321,4,1.4805761059519924,1,0,1,0,0,1,0
64,29,41.847042083740234,92888,2,2.373627545579135,3,0,0,0,0,1,0
43,17,49.552101135253906,92361,4,2.492729806433194,2,0,0,0,0,0,0
60,26,75.58378601074219,92335,3,1.1787989107272505,3,218,0,0,0,0,0
59,37,37.89807891845703,92992,4,2.472471097267468,1,151,1,0,0,0,0
53,29,38.494544982910156,90283,2,1.3431879193071103,3,0,0,0,0,1,0
54,19,68.58480834960938,95045,3,0.5900513880857328,1,277,0,0,0,1,0
39,12,149.9656219482422,94886,2,2.354662144280151,1,218,0,0,0,1,1
54,34,134.36517333984375,94345,2,0.7342684744477761,1,0,1,0,0,1,0
51,34,32.81398010253906,91388,4,0.5550969800440001,1,0,0,0,0,1,0
29,-1,81.30465698242188,92177,4,1.2148624073874612,3,0,0,0,0,1,0
55,36,14.7073335647583,95543,4,1.6354368996147992,2,0,0,0,0,0,0
57,29,192.84109497070312,92255,2,5.236822300587495,1,234,0,0,0,1,0
47,21,56.277130126953125,91679,3,1.0712268280584298,1,0,1,0,0,0,0
25,1,25.69087028503418,91997,3,0.9596176990685272,3,131,1,0,0,0,0
44,21,49.58456802368164,92207,3,0.13288352170077383,1,0,0,0,0,0,0
62,38,35.0241584777832,94544,4,1.514792716031928,2,155,0,1,0,0,0
35,10,46.561553955078125,90117,4,0.41325175116838836,3,0,0,0,0,1,0
56,26,46.58382797241211,95152,2,1.4901128384627296,2,156,0,0,0,1,0
44,12,57.80790710449219,91682,4,2.035036884842854,3,0,0,0,0,1,0
58,32,13.737869262695312,94844,4,0.3538975481833849,2,0,0,0,0,0,0
42,19,153.7534942626953,94917,2,2.199641705767084,1,0,0,0,0,1,0
63,42,79.66992950439453,91003,1,1.1747698641101727,3,102,0,0,0,1,0
50,36,38.957550048828125,95826,3,0.39403506166054947,2,0,0,0,0,1,0
26,8,51.42725372314453,92581,3,5.227986745943854,1,0,1,0,0,0,0
28,5,66.36845397949219,95725,2,0.3973691903766451,1,0,0,0,0,0,0
33,13,42.578208923339844,94033,1,0.24342981636689595,3,0,0,0,0,1,0
58,24,51.52497863769531,95345,1,0.40800616009282575,1,157,0,0,0,0,0
54,30,51.39186096191406,91288,1,0.20302403789670942,3,0,0,0,0,0,0
48,25,115.80000305175781,92822,2,2.563830867156987,2,0,1,0,0,0,0
33,9,69.872314453125,90815,4,0.8523336537062907,1,0,0,0,0,1,0
44,21,56.543800354003906,90122,1,1.120045398756261,3,0,1,0,0,0,0
53,28,91.27909851074219,94223,2,0.9002168232232515,1,81,0,0,0,0,0
33,10,36.4759635925293,95195,1,3.138418633433591,3,248,0,0,0,1,0
55,25,173.7685089111328,93331,4,1.4300700957321588,2,415,1,0,0,1,1
32,7,32.52261734008789,91057,3,0.06813836871083481,1,0,1,0,0,1,0
60,34,60.733943939208984,89993,2,1.1857955269490978,3,0,0,0,0,0,0
42,32,60.13212203979492,95570,4,1.7342180032092642,1,0,0,0,0,1,0
58,27,50.76250457763672,95041,4,0.9402707185024699,3,0,0,0,0,0,0
39,17,78.2818832397461,95020,3,3.5599485064339773,1,0,1,1,1,1,0
34,13,39.169898986816406,91102,1,1.6042332196971996,2,0,0,0,0,1,0
24,1,33.562950134277344,94302,4,0.2903126800843946,1,0,1,0,0,0,0
53,22,142.58885192871094,91921,2,1.48717324453223,1,0,0,0,0,0,0
38,5,68.33619689941406,92367,4,2.5922483036171875,2,0,0,0,0,1,0
28,5,41.63065719604492,92472,2,0.686457224557288,3,0,0,1,0,1,0
57,32,108.8238754272461,91962,2,0.5827791294202183,2,0,0,0,0,1,0
35,17,48.04170227050781,92817,1,0.86966955776053,2,0,0,0,0,0,0
54,28,30.758081436157227,92071,2,0.5416682386059615,3,0,0,0,0,0,0
43,12,37.544944763183594,94899,1,0.11106392188085909,3,0,0,0,0,1,0
62,36,57.00418472290039,92084,2,5.795894551155849,3,0,0,0,0,1,0
41,24,33.01136779785156,94067,3,0.22530613846494785,1,0,1,0,0,1,0
50,32,134.43609619140625,94433,2,1.3926948214965127,1,491,1,0,0,0,0
28,7,51.254310607910156,90610,4,1.4843737787558875,3,0,0,0,0,1,0
41,16,59.40964889526367,90946,2,2.1236662789053207,3,0,1,0,0,1,0
52,26,60.12628936767578,92575,4,0.6774799222714395,2,0,1,0,0,1,0
30,33,179.317138671875,95004,1,5.545066659374253,1,0,0,0,0,1,0
55,32,47.14104080200195,94923,2,1.375042895402172,3,0,1,0,0,1,0
61,29,31.68837547302246,91781,2,0.5236585038609818,2,0,0,0,0,1,0
65,36,121.19485473632812,90246,1,7.922651012367524,1,384,0,0,0,0,0
40,10,27.60540008544922,94692,2,0.2292143267133015,3,0,0,0,0,0,0
29,10,150.76492309570312,91855,2,2.1250306882680703,1,199,1,0,0,1,0
57,31,161.57958984375,93010,2,5.6923733943436226,1,0,0,0,0,1,0
28,1,84.5253677368164,93235,4,0.7152758259177929,1,255,1,0,0,1,0
29,2,29.367097854614258,92209,3,0.9691839051761253,3,121,0,0,0,1,0
38,6,57.575862884521484,95239,4,0.8414376233741889,1,0,0,1,0,0,0
47,25,60.5954704284668,92282,4,0.7404851715476825,1,0,0,0,0,0,0
42,17,38.979583740234375,95760,4,1.8917948578625383,1,0,0,1,0,0,0
26,2,134.13954162597656,96020,2,3.525801312748109,1,236,0,0,0,1,0
42,27,11.859864234924316,92865,4,0.6206167880647228,3,95,1,0,0,1,0
36,15,43.20425033569336,93845,4,0.8501795432886853,3,0,0,0,0,0,0
55,25,56.8522834777832,94179,2,1.1140885284426014,2,0,0,0,0,1,0
41,19,119.67807006835938,91982,1,1.8363313229293343,1,0,0,0,0,1,0
47,23,48.578453063964844,94310,2,1.4296787128382402,3,0,0,0,0,0,0
43,16,62.063446044921875,95262,2,0.6113297491060321,2,83,1,0,0,1,0
41,17,184.59983825683594,93432,2,4.42990336546028,1,0,1,0,0,1,0
64,40,95.22933959960938,92020,2,0.8442510459273036,1,0,1,0,0,1,0
24,1,66.69843292236328,92069,2,1.0632537309000287,2,0,0,1,0,1,0
58,41,20.566591262817383,91893,4,0.2139633717332292,3,0,0,1,0,0,0
35,7,201.17881774902344,92164,2,2.132219818619353,1,0,0,0,0,1,0
47,15,42.571598052978516,94530,4,1.1676629955546245,1,116,1,0,0,1,0
52,21,24.30352210998535,94724,1,0.22143696837880278,2,0,1,0,0,0,0
33,9,25.27684783935547,93748,2,0.21833365044603148,3,0,0,0,0,0,0
58,29,36.77690887451172,94044,2,0.9445843650585402,2,0,0,0,0,0,0
28,11,37.136802673339844,96146,3,1.287361212386954,1,0,0,0,0,1,0
51,25,68.78590393066406,94435,2,1.983712662870237,3,254,0,0,0,1,0
40,13,142.89422607421875,94564,2,6.966965258040851,1,224,1,0,0,1,0
40,16,58.69129180908203,94234,3,0.958196059322632,1,0,1,0,0,0,0
39,14,53.817386627197266,93218,4,0.48010791136089703,2,0,1,0,0,1,0
29,6,18.68099594116211,92041,4,1.6351924122043022,1,0,1,0,0,1,0
46,11,130.159912109375,92215,2,0.18010360085288935,1,0,0,0,0,0,0
53,28,99.40440368652344,89986,1,1.7354962114847858,3,127,0,1,0,1,0
47,11,19.421241760253906,92965,4,0.2202938956269131,2,75,0,0,0,0,0
28,0,101.01691436767578,92989,1,2.2232035310808786,3,0,1,0,0,1,0
42,23,44.654273986816406,94318,4,0.384269570734858,2,376,0,0,0,1,0
47,18,39.826690673828125,90335,4,0.8887476884425112,3,116,0,0,0,1,0
32,9,82.94026184082031,94611,4,1.41273686930475,1,144,0,0,0,1,0
44,17,24.164810180664062,92402,2,1.0301052545441807,1,0,1,0,0,1,0
36,9,124.20588684082031,91808,1,1.4591957968041365,1,0,1,0,0,1,0
64,37,120.86942291259766,92810,3,3.570659660870233,3,0,0,0,0,0,1
62,40,67.9959716796875,92007,4,1.39248390489514,3,0,0,0,0,0,0
29,13,112.39081573486328,94991,3,1.4112556822435474,3,0,0,0,0,0,0
58,29,64.34701538085938,94962,2,0.5934305569461424,3,123,0,0,0,0,0
42,17,115.7030258178711,91766,1,2.402356775223473,1,0,1,0,0,0,1
39,16,189.42697143554688,91059,2,5.337517166133138,1,142,1,0,0,1,0
55,33,169.01641845703125,95142,2,4.454876389785126,1,0,1,0,0,0,0
39,17,55.980751037597656,94285,4,2.090817840244891,2,0,0,0,0,0,0
59,33,35.51649475097656,95771,3,1.5698877216893763,3,0,0,0,0,1,0
28,0,34.161155700683594,94681,4,1.6504878748178526,2,0,0,0,0,1,0
38,20,44.32240295410156,95042,2,0.4541465544341506,2,0,0,0,0,0,0
42,19,201.4099578857422,91930,3,4.326750025373229,3,0,1,0,0,1,1
38,6,46.04413604736328,90216,4,1.1624242251696946,1,105,0,0,0,1,0
34,13,31.20856475830078,93687,1,0.06612896761425457,1,115,1,0,1,1,0
33,6,49.79477310180664,91043,1,0.28312772653185114,2,0,1,0,0,1,0
36,15,54.810543060302734,90265,1,0.29356749904771,3,0,0,0,0,1,0
28,-1,120.85928344726562,96137,1,3.1214664959596954,2,0,0,0,0,0,1
46,14,107.56624603271484,92237,2,0.30350972462062453,1,0,1,0,0,1,0
37,15,130.91458129882812,95741,3,7.9188605558490295,1,0,1,0,0,1,0
53,18,48.69819641113281,92807,1,5.374607399467199,1,0,0,0,0,0,0
44,27,74.96037292480469,94831,1,0.13073591355027775,1,89,0,0,0,1,0
47,3,108.9093017578125,92154,3,2.743480333235066,1,0,1,0,0,0,0
65,40,48.01932144165039,94140,3,0.3258298915286751,1,155,0,0,0,0,0
32,5,58.48512268066406,92941,2,1.409736802956922,3,91,0,0,0,1,0
30,14,24.352033615112305,94865,3,0.38829640276957345,2,0,0,0,0,1,0
30,4,56.166587829589844,91832,4,1.5620423185145158,2,0,0,0,0,1,0
35,17,40.0013313293457,93732,4,0.5548878785414495,2,0,0,0,0,1,0
32,3,12.055326461791992,92139,4,0.21208220714115644,1,0,0,1,0,1,0
53,25,35.60041427612305,94176,4,2.4235760877694625,1,191,1,1,1,1,0
27,0,148.05438232421875,94586,1,3.2015869334999993,3,0,0,0,0,0,1
60,26,100.87661743164062,91150,2,3.502569854191189,1,225,0,0,0,1,0
63,38,93.00069427490234,94772,2,0.10951866255850287,1,0,0,0,0,1,0
63,33,30.29180908203125,91139,3,1.9000926730848389,2,234,0,1,0,1,0
33,14,63.905067443847656,94654,1,1.2101530207721298,3,0,0,1,0,0,0
35,9,27.49458885192871,91891,4,0.2802725138300434,1,0,0,0,0,0,0
23,2,51.579219818115234,91815,2,1.8212142478597273,3,109,0,0,0,0,0
47,15,54.419734954833984,92986,2,0.04878013349432153,1,0,1,0,0,1,0
63,38,69.8406982421875,93080,4,1.519412573919999,1,219,1,0,0,0,0
35,10,47.55619430541992,92110,3,1.7913297646090798,2,0,0,0,0,1,0
55,27,15.786103248596191,94243,4,2.2100740844852367,3,96,0,1,0,1,0
62,37,19.861629486083984,94292,2,0.3236860524542535,2,0,1,0,0,0,0
48,24,36.672847747802734,92217,2,0.8555692511197187,3,0,0,0,0,0,0
62,36,64.74969482421875,95194,1,0.23641342157050477,1,0,1,1,1,1,0
62,34,49.23043441772461,90384,2,0.4008510698093341,3,0,1,1,0,0,0
29,9,22.955524444580078,93897,2,1.280025940636754,3,0,0,0,0,1,0
58,34,42.09099578857422,91944,4,1.4391139086383449,3,0,1,0,0,0,0
34,14,104.857177734375,94283,2,0.23193345163313517,1,393,1,0,0,0,0
57,30,40.453792572021484,89857,1,2.450244598874908,3,0,0,0,0,0,0
65,39,94.3328857421875,95277,1,1.8121425710836911,1,0,0,0,0,0,0
53,32,13.217645645141602,95766,1,0.47660019262722236,3,0,0,0,0,0,0
54,24,69.72132873535156,92098,4,1.1485510621841684,3,0,1,0,0,1,0
30,3,67.00997924804688,93015,2,2.373575016614327,1,0,0,0,0,0,0
54,35,90.86665344238281,94082,4,1.7050689807787025,1,140,0,0,0,0,0
54,28,49.20856475830078,89880,2,1.3148363199102746,3,262,0,0,0,0,0
61,38,9.053149223327637,92360,3,0.5527353079097979,3,0,1,0,0,0,0
50,34,31.4804630279541,94554,1,1.3216084620934874,1,0,0,1,1,1,0
61,37,49.344696044921875,94143,1,1.0689334882845427,3,0,0,0,0,0,0
24,-2,44.604820251464844,94733,3,2.654099259561926,1,0,1,0,0,0,0
37,4,28.098730087280273,94607,4,0.2248019906470835,2,132,0,0,0,1,0
55,27,23.90475082397461,94120,3,0.0949824220887995,1,0,1,0,1,1,0
52,20,17.567195892333984,92940,1,2.3610365678516176,3,0,0,0,0,0,0
61,37,40.47459030151367,90229,3,1.6178466511398262,2,0,0,0,0,1,0
51,23,44.83188247680664,90072,4,0.4894894259377552,3,0,0,0,0,0,0
30,5,131.77825927734375,91095,3,0.7655393889163196,3,0,0,0,0,1,1
49,31,82.4925537109375,95705,1,3.009736052829507,3,0,0,0,0,0,0
53,27,48.85557174682617,94512,1,0.3347316872609602,1,0,1,0,0,1,0
29,5,16.4412841796875,91415,4,2.927545209243288,2,0,0,0,0,1,0
34,12,200.42420959472656,90262,2,7.755068819908748,1,0,0,0,0,0,0
64,27,47.47349548339844,90126,3,0.9692360179625009,3,0,0,0,0,1,0
39,14,78.83929443359375,91777,4,0.08349007117578494,2,0,1,0,0,1,0
47,24,112.15667724609375,93633,2,0.48485145081255965,1,255,1,0,0,0,0
40,21,85.95906829833984,95336,2,1.9526128801107865,1,0,1,0,0,1,0
60,30,73.20368957519531,94496,2,1.197303070777327,1,0,1,0,0,1,0
52,28,85.63597106933594,90128,4,1.5248691667406944,2,180,0,0,0,1,0
59,28,85.65940856933594,93775,2,2.3837456253656675,1,0,1,0,0,1,0
63,39,45.833927154541016,90951,4,1.683078161537169,1,148,0,0,0,1,0
50,20,147.4581298828125,96617,2,4.0389434747829505,3,580,0,0,0,1,1
50,22,22.149446487426758,94855,4,0.8208474108295456,1,142,0,0,0,1,0
59,27,14.764612197875977,91910,4,0.33155272964762195,3,0,0,0,0,0,0
46,26,31.680721282958984,94307,4,2.1095818247488776,2,0,0,0,0,1,0
35,5,33.988914489746094,94346,1,1.4275895294489929,3,0,0,0,0,0,0
56,30,32.96400451660156,95745,4,2.0744632273963317,3,0,1,1,0,1,0
48,34,99.8280029296875,91825,4,2.1154935595296003,1,0,0,0,0,0,0
41,5,134.61837768554688,94449,3,1.1692918815866666,3,0,0,0,0,0,1
37,7,59.2648811340332,91483,3,3.627699299966011,1,192,0,0,0,1,0
48,24,59.213531494140625,92470,4,0.0948639347106568,2,0,1,0,0,0,0
45,16,17.92812156677246,95217,2,0.04181900979710024,3,131,0,0,0,1,0
39,23,57.82966995239258,94423,3,1.2047824172500183,2,0,0,0,0,0,0
31,7,108.80074310302734,95322,2,1.636708793662868,1,0,1,0,0,0,0
64,38,55.792110443115234,90154,3,0.14077351506626468,2,0,0,0,0,1,0
55,30,41.17158126831055,94107,1,1.5089152516722906,2,0,1,0,0,1,0
37,11,27.46445655822754,92079,4,0.4311751119409728,2,87,0,0,0,0,0
26,4,173.27642822265625,93349,1,0.5002169488312419,1,0,0,1,0,0,0
58,35,33.41951370239258,91939,4,0.48882553795595535,2,0,0,1,0,0,0
44,16,16.867189407348633,96211,4,0.5866773628094204,1,0,0,0,0,0,0
30,16,30.823884963989258,91292,1,2.2220490219000224,2,0,1,0,0,1,0
42,13,87.55355072021484,95205,3,0.7214726166457424,1,0,0,0,0,1,0
57,26,52.6522331237793,94660,1,1.7511204247714,2,0,0,0,0,1,0
62,39,19.977880477905273,90000,1,0.3315847915574265,2,101,0,0,0,0,0
30,15,45.612972259521484,90072,2,1.6122368790133612,1,0,0,1,0,1,0
42,24,62.45053482055664,94376,1,2.1146962053607026,3,0,0,0,0,1,0
61,37,43.55219268798828,94998,1,1.3632655361869197,3,0,0,0,0,0,0
46,19,33.24921417236328,92927,3,2.1819195625599224,3,0,1,0,0,0,0
61,29,74.74544525146484,90386,2,2.6210107429060274,2,0,0,0,0,1,0
43,16,63.77540588378906,92034,3,2.8349733708092932,2,0,1,0,0,1,0
43,18,85.6806411743164,92669,2,1.2081575641390208,3,322,0,0,0,1,0
43,16,134.19744873046875,94518,4,7.799245179211986,1,0,0,0,0,1,0
38,21,154.6240234375,90749,1,3.0206545509877767,1,0,0,0,0,1,0
53,29,24.689741134643555,91906,4,0.1254281166456172,1,0,0,0,0,0,0
59,36,58.58427047729492,93090,4,2.369118040756413,2,0,0,1,0,1,0
32,9,107.44642639160156,95331,1,2.5057364882838025,3,0,0,0,0,1,0
65,38,32.497047424316406,91446,1,1.715619991172696,2,0,1,0,0,0,0
57,27,37.261329650878906,95428,3,2.882906861908287,1,0,1,0,0,1,0
48,23,147.37646484375,95119,2,0.7045137392763664,1,0,1,0,0,0,0
51,26,106.06770324707031,91117,1,1.4232548236122327,2,0,1,0,0,1,0
29,9,53.69740676879883,95717,4,2.3719209719079064,1,0,1,0,0,1,0
61,35,18.345611572265625,94139,3,0.4316619183008375,3,88,1,1,0,1,0
34,13,65.28541564941406,91557,3,1.2077816093580254,3,231,0,0,0,1,0
30,15,186.07717895507812,94349,2,1.7723901928506591,1,0,0,0,0,1,0
50,20,111.59111022949219,93186,2,1.429814170053925,3,0,1,0,0,0,0
40,20,21.280500411987305,94347,4,0.5047732922378247,1,0,1,1,1,1,0
28,5,197.62904357910156,93201,2,3.5162147050179535,1,0,0,1,0,0,0
32,17,102.09076690673828,91846,2,1.1287056683790824,1,0,0,0,0,1,0
60,37,44.50360870361328,94110,4,0.21401092558808238,1,0,0,0,0,0,0
37,11,93.17227172851562,93891,2,1.508132906945669,1,0,0,0,0,1,0
40,20,14.959714889526367,91488,1,0.6063324115818256,2,0,0,1,0,1,0
38,21,143.64224243164062,95111,1,5.334015397782803,1,0,0,0,0,0,0
42,14,138.74813842773438,94184,4,0.496930696428568,3,0,0,0,0,1,1
44,26,86.04167175292969,93217,4,4.38123073335529,3,255,0,0,0,1,1
45,15,108.58467864990234,94719,4,1.2544148602777079,3,0,0,1,1,1,0
63,38,10.961828231811523,91602,3,0.8613043947471718,2,0,0,0,0,1,0
47,23,136.3009033203125,94288,3,1.3078571405319441,1,161,1,0,0,0,0
29,2,49.189544677734375,96283,3,1.364876335546147,1,141,0,0,0,1,0
49,36,77.91873931884766,94585,2,1.4321084251268852,1,107,0,0,0,0,0
26,1,70.8441162109375,94621,2,0.8716311787998313,2,0,0,0,0,0,0
45,17,137.78961181640625,92972,4,4.125988330713262,3,247,0,0,0,0,1
45,29,112.72814178466797,93889,2,3.0024001165173857,1,0,1,0,0,0,0
49,40,28.593088150024414,96064,3,0.7471092630267242,2,121,1,0,0,0,0
62,35,77.72203826904297,93316,4,3.800379923031472,1,0,0,0,0,0,0
34,16,60.636932373046875,94534,3,1.2116406038407894,2,238,0,0,0,1,0
62,35,48.39740753173828,94627,1,1.29902392129426,1,0,1,0,0,1,0
30,23,88.94133758544922,91198,4,0.6005710255937625,1,0,1,0,0,1,0
46,18,79.99796295166016,92305,1,1.6521056493619373,3,0,0,1,0,1,0
30,5,35.51771926879883,90143,4,2.236212429931509,3,264,1,0,0,1,0
61,31,77.7908935546875,92021,1,0.8104988092645197,2,0,1,1,0,1,0
48,14,153.73556518554688,91343,2,2.0195342898374418,1,0,0,0,0,1,0
63,37,135.72177124023438,96171,2,3.4076542279958626,3,0,0,1,1,1,0
31,3,52.416709899902344,92279,4,2.7588290717625736,1,0,0,0,0,0,0
41,17,62.22449493408203,91191,2,0.36542842344977994,3,0,1,0,0,0,0
66,39,76.0350112915039,93252,4,0.6331413284917912,2,0,0,0,0,1,0
64,36,23.658241271972656,92807,4,0.4252987267098923,2,107,0,0,0,0,0
32,11,44.57102584838867,92214,3,0.776039978572906,1,0,0,0,0,1,0
28,3,104.1111068725586,92836,4,2.854599482818177,3,0,0,0,0,1,1
46,24,19.692977905273438,94210,2,0.5093314939902932,3,0,0,1,0,1,0
61,34,91.46914672851562,94225,3,1.4880992643288533,3,0,1,1,0,1,0
34,8,71.69296264648438,95495,3,1.0328404909427973,2,162,0,0,0,0,0
44,16,76.53863525390625,91960,4,1.4664484404021172,3,0,1,1,0,1,0
53,33,10.475645065307617,92812,2,0.5049935351674846,2,0,1,0,0,1,0
39,13,51.54740524291992,96195,3,2.4897605614295117,2,0,0,0,0,1,0
30,9,85.71455383300781,95651,2,3.232661709372541,2,0,0,0,0,0,0
56,8,100.90764617919922,93741,4,1.0816828062386263,1,0,0,0,0,0,0
24,4,127.23439025878906,92372,2,1.9931208619400496,1,0,0,0,0,1,1
47,23,94.16764831542969,96157,1,1.4762185200102043,1,0,0,0,0,1,0
51,22,65.50570678710938,91517,1,2.3546835830982236,3,86,0,0,0,1,0
58,22,31.69877815246582,90456,3,1.2884765061492143,2,0,0,0,0,1,0
30,8,96.8244400024414,93073,2,0.35498777013372146,2,0,0,0,0,0,0
33,10,38.77740478515625,92828,2,2.153082833777247,1,0,0,0,0,1,0
61,37,21.931922912597656,91072,3,0.7996183590753276,2,0,1,0,0,1,0
63,34,25.888927459716797,93299,1,0.9266585932950671,2,101,1,0,0,1,0
50,18,34.02831268310547,93787,3,0.2913560876843643,3,98,0,0,0,1,0
38,10,28.103286743164062,95319,2,0.238442145083868,3,0,0,0,0,1,0
48,18,51.1322135925293,93810,3,0.8725276413068337,2,0,1,0,1,1,0
59,27,37.116519927978516,95721,3,1.0644766675181248,3,385,1,1,1,0,0
25,1,114.49024963378906,94209,2,0.8339818899862685,3,0,1,0,0,0,1
38,20,61.54160690307617,91195,4,1.8057537787245441,3,185,0,0,0,0,0
59,26,23.065977096557617,95367,4,1.1197521718962005,3,0,0,0,0,0,0
47,26,119.05247497558594,92052,4,2.386601250042849,2,0,1,0,0,0,0
40,11,65.91483306884766,96620,1,1.40185585568877,3,105,0,0,0,1,0
30,2,36.928977966308594,94526,1,2.203806434404372,3,234,0,0,0,1,0
27,3,42.49078369140625,92792,3,1.0489549641280547,1,115,0,0,0,0,0
43,22,85.17886352539062,94354,1,2.234049514691276,1,0,1,0,0,1,0
43,18,26.95989990234375,92071,3,0.039611265752915625,1,89,1,0,0,0,0
56,28,48.26289367675781,92188,2,1.111726383712853,3,0,0,0,0,1,0
36,8,60.90117263793945,94677,4,2.163238116218669,2,0,1,0,0,1,0
53,31,33.765533447265625,92306,4,0.23593486776111366,3,0,0,0,0,1,0
47,20,125.77522277832031,92262,2,2.596494019609727,1,0,1,0,0,1,0
50,29,21.205596923828125,95336,2,0.12359907798570746,3,109,0,0,0,0,0
47,18,129.04830932617188,93106,1,3.170687314890606,1,0,1,0,0,1,0
62,41,73.90889739990234,95408,3,0.7912880662632671,2,0,1,0,0,0,0
43,25,158.9290313720703,92035,1,2.325943071628108,1,0,0,0,0,0,0
65,34,77.80288696289062,93946,2,1.744613726300639,2,0,0,0,0,0,0
31,7,80.74356842041016,91806,2,2.362302200392692,1,0,0,0,0,0,0
40,14,74.48551177978516,92193,3,0.8430551732512536,2,0,0,0,0,1,0
44,15,28.258800506591797,96435,2,1.425843472700325,3,0,0,0,0,1,0
29,4,86.82354736328125,95955,4,2.2962850213605424,1,0,0,0,0,1,0
27,3,41.88734436035156,94347,2,0.323457711371932,3,0,0,0,0,0,0
58,32,114.64231872558594,94332,2,0.4026090710895769,1,107,0,0,0,1,0
60,32,36.03427505493164,95583,4,1.3985296729094494,2,0,0,0,0,1,0
28,3,58.30034637451172,94083,3,1.687514503997684,2,0,0,0,0,1,0
34,14,54.335304260253906,95337,4,1.1099342863848403,1,128,0,0,0,0,0
42,21,52.00779342651367,93868,3,2.585526455611074,2,137,1,0,0,1,0
42,12,49.42209243774414,96111,2,0.6353961756285363,1,0,0,0,0,1,0
39,7,33.826622009277344,94135,3,2.3207385082835374,1,0,0,0,0,1,0
61,37,206.22027587890625,90586,1,2.5746127299408177,1,0,0,0,0,0,0
43,19,100.0434341430664,92090,2,3.688842665043295,1,0,0,1,0,0,0
55,31,69.2325668334961,94285,1,2.0228086847342936,2,0,1,0,0,0,0
48,24,49.91201400756836,92942,1,0.16162216181472427,2,0,1,0,0,0,0
49,37,18.41213607788086,94321,2,0.38845597714720514,1,134,0,1,0,1,0
28,6,66.29487609863281,89968,2,0.8029768102348431,1,0,0,0,0,0,0
45,26,44.052345275878906,92939,4,1.6347679306845064,1,0,0,0,0,0,0
62,29,31.8889102935791,92856,2,1.478794080479263,3,0,0,0,0,0,0
29,19,125.52232360839844,94086,3,1.6676232719254147,3,0,0,0,0,1,0
54,29,173.40643310546875,94666,4,8.497579446017028,2,0,0,0,0,0,1
42,19,18.73738670349121,96231,2,1.2235456087432035,3,0,0,0,0,0,0
29,5,37.9561767578125,94689,4,2.0136722480203866,2,0,0,0,0,1,0
52,24,79.75198364257812,91496,3,0.6148104515819577,2,177,0,0,0,0,0
41,27,106.55302429199219,95624,1,1.3229146269028362,2,0,0,0,0,1,0
49,21,71.68214416503906,90140,1,0.4852161984090369,3,0,0,0,0,1,0
44,17,108.81049346923828,92322,2,3.004260947713879,1,260,1,0,0,0,0
66,31,53.970985412597656,93831,2,0.8898751890025001,1,0,0,0,0,1,0
55,30,57.34122848510742,90443,1,0.1951297723689639,3,0,0,0,0,1,0
36,11,163.1569061279297,90264,2,2.9712386488809086,1,0,1,0,0,0,0
29,5,98.3449935913086,92705,3,0.6672045569013965,3,0,0,0,0,0,0
61,30,106.25387573242188,90050,1,1.9866691670967016,2,0,1,0,0,0,0
66,40,106.33403015136719,92907,1,2.4347866834389618,1,428,1,0,0,1,0
61,35,65.51435852050781,93039,3,2.4944059630703457,2,0,0,0,0,1,0
37,9,28.418560028076172,94346,4,1.1791620449705897,3,0,0,0,0,0,0
48,11,117.01525115966797,94125,3,0.40519627561866,2,0,0,0,0,0,1
46,15,132.18011474609375,91814,4,4.218504278336875,1,352,0,1,0,1,0
61,33,70.69601440429688,90772,2,1.6050779414350453,3,188,0,0,0,1,0
52,21,87.5990219116211,93011,4,1.7988346825965338,3,0,0,0,0,1,0
44,23,88.00349426269531,95539,3,0.35039300100918896,1,0,1,0,0,1,0
30,3,43.694400787353516,95589,3,0.5304238205720196,2,0,1,0,0,0,0
59,21,53.70336151123047,95259,3,0.5333539756618451,3,0,1,0,0,1,0
42,16,48.68486785888672,94816,3,0.7662376782519722,2,0,0,0,0,1,0
34,20,20.50235366821289,95272,3,2.5395581294493104,2,0,0,0,0,1,0
51,35,29.59534454345703,92307,4,2.8249465816159436,1,0,0,0,0,0,0
29,3,99.08154296875,95546,1,1.1787147838781953,3,153,0,0,0,0,0
46,23,129.87774658203125,95864,1,3.73218979823126,2,0,0,0,0,0,1
61,34,27.276975631713867,93187,4,0.8223076346288155,3,150,0,0,0,1,0
46,23,33.680198669433594,94756,2,0.6555531478542773,1,0,0,0,0,1,0
36,7,60.51153564453125,92399,1,0.2101314063518397,3,0,0,0,0,0,0
31,12,131.31304931640625,91639,3,2.8777756122403684,3,0,1,0,1,1,1
32,12,54.47598648071289,91697,3,1.5357263385878435,3,144,0,0,0,1,0
44,10,35.510498046875,94469,3,1.339810431139441,3,0,0,0,0,0,0
57,34,148.61383056640625,95560,2,1.7124927313132274,1,0,0,0,0,1,0
54,26,94.0348129272461,92122,3,4.918634484044981,1,93,0,0,0,1,0
34,4,57.76018524169922,90878,1,0.06163871417348121,3,0,0,0,0,1,0
44,28,33.35125732421875,93156,4,0.20750762008345514,2,0,1,0,0,1,0
28,4,46.09503173828125,94532,4,2.2137438536962915,3,0,0,0,0,0,0
56,33,30.57028579711914,94288,3,0.6418821745099056,2,0,1,0,0,0,0
57,34,39.07056427001953,92889,4,1.1900502773096626,2,145,0,0,0,0,0
46,11,182.31912231445312,95845,2,3.4361415903612986,1,240,1,0,0,0,0
41,13,108.10363006591797,94809,1,4.916304660837725,1,163,0,0,0,0,0
44,7,48.82963562011719,93896,4,2.065260854149684,2,0,0,0,0,1,0
50,22,73.0379867553711,92902,4,2.881370384181432,1,0,1,0,0,1,0
43,18,135.74696350097656,95310,3,6.777459191167043,1,283,1,0,0,0,0
40,22,54.34267044067383,94099,2,1.8314586630610066,3,0,1,0,0,0,0
58,32,23.392824172973633,95365,3,0.32853258608425806,1,0,1,0,0,1,0
51,17,58.006317138671875,95426,2,2.1496999787383566,1,0,0,0,0,1,0
55,27,46.67076873779297,91494,1,0.2281972980198136,3,0,0,0,0,1,0
31,15,40.391658782958984,92878,1,0.7722346823447397,3,0,0,0,0,0,0
60,32,10.400238037109375,93577,2,0.34423515778359043,3,94,1,0,0,1,0
60,37,90.61146545410156,90385,4,1.2998426343974328,1,0,0,0,0,0,0
42,18,167.5250244140625,92066,2,6.7157380600376095,1,0,1,0,0,0,0
42,17,71.26295471191406,94336,2,0.5463694735530883,2,93,0,0,0,1,0
45,25,55.41324996948242,90263,3,1.393758921228284,3,0,0,0,0,0,0
43,11,176.33865356445312,90289,1,2.2764746846921593,3,499,0,0,0,0,1
57,17,21.672752380371094,95031,4,1.5126446213678895,1,0,1,0,0,1,0
32,5,97.09879302978516,94292,4,2.7426968990499034,3,0,0,1,0,0,0
30,10,43.61684799194336,91385,1,0.3060240460773087,1,0,0,0,0,1,0
48,27,104.08071899414062,90599,3,1.472756755123796,2,0,0,0,0,1,0
42,15,58.437679290771484,92167,3,2.558971239799465,2,0,0,0,0,0,0
52,23,72.2232894897461,95592,2,1.7208169122067802,3,235,1,0,1,1,1
63,38,141.4746551513672,95384,2,5.3701462482244064,1,0,0,0,0,0,0
61,36,84.81346893310547,91160,1,1.5604419226091575,3,0,0,0,0,0,0
53,20,102.84214782714844,92601,4,4.068447167805568,1,0,1,0,0,0,1
51,29,29.906368255615234,92721,3,1.6367966485203027,1,0,0,1,0,1,0
59,30,54.033748626708984,94078,2,0.7331236275654224,3,0,1,0,0,0,0
44,15,75.20726013183594,91224,3,0.20571567015398595,2,153,0,0,0,1,0
43,23,19.20824432373047,93961,4,0.13810281451238396,1,0,0,0,0,0,0
50,24,138.02989196777344,95538,1,2.686863437711056,1,0,1,0,0,0,0
56,30,87.74199676513672,92221,3,0.16643309843423473,3,0,1,0,0,1,0
42,27,32.266082763671875,92910,4,2.1492709547214677,3,0,0,1,0,0,0
55,9,91.98802185058594,94762,2,2.7309900973371732,1,0,0,0,0,1,0
29,7,77.1544189453125,93108,4,0.4965173600800937,1,228,1,0,0,0,0
33,8,37.32045364379883,94719,2,3.2256556806459535,1,91,1,0,0,1,0
47,15,46.65642166137695,94989,1,2.728161141472828,3,0,0,0,0,0,0
58,33,81.48131561279297,92824,3,2.2223510630200227,2,0,0,0,0,0,0
35,13,91.14393615722656,96228,2,1.7336363839455313,2,0,0,0,0,0,0
50,14,139.8748016357422,94960,1,2.2151167101591986,2,0,1,0,0,0,0
60,27,25.685121536254883,94993,1,0.8208252477077085,1,0,0,0,0,0,0
30,19,66.04554748535156,89923,2,1.102227591900467,2,0,1,0,0,1,0
41,20,65.84344482421875,92333,2,0.4823629748120062,1,0,0,0,0,1,0
31,20,167.94952392578125,92300,2,3.1416793150405824,2,0,0,0,0,0,1
31,2,75.51351928710938,91331,1,1.1429936445338378,2,0,0,0,0,1,0
35,10,37.79032516479492,90436,1,1.585375429639552,2,0,0,1,0,0,0
62,38,77.49664306640625,90404,1,2.4758153606374673,1,171,1,0,0,0,0
63,38,65.71646118164062,94498,3,3.6787909417263447,1,0,1,0,0,1,0
44,11,80.52885437011719,91796,2,4.708446577074158,3,222,0,0,0,0,1
58,17,30.729333877563477,90828,2,0.7816173988495657,3,0,0,0,0,1,0
63,39,19.381946563720703,94920,3,0.09345466821177953,1,97,0,0,0,1,0
31,6,36.99653625488281,92771,4,2.4365048451388063,2,94,0,0,0,0,0
34,1,93.28410339355469,92835,1,2.115782794606768,1,0,0,0,0,0,0
45,22,78.48434448242188,94444,1,1.3875214199321013,2,0,0,0,0,1,0
64,36,57.36582565307617,90989,1,1.5205515210695832,2,0,0,0,0,0,0
51,21,68.75672912597656,91607,2,0.8218091846409417,1,0,0,0,0,1,0
34,9,17.963455200195312,92179,2,2.404098012672722,3,0,1,0,0,1,0
37,14,118.2786636352539,94356,1,1.3825516662894084,1,331,1,0,0,1,0
33,18,76.32939147949219,93383,3,1.9459205243249078,1,0,1,0,0,0,0
30,-1,67.79077911376953,93078,1,5.272226731420714,1,0,1,1,0,0,0
39,20,21.882728576660156,95196,3,0.9053589376952929,3,0,0,0,0,1,0
60,23,76.13713836669922,95397,1,0.1775980558398298,2,0,0,0,0,1,0
58,33,30.584957122802734,92162,4,2.2098846348114267,1,145,1,0,0,1,0
40,5,83.13442993164062,94597,1,2.3947731305495426,1,0,1,0,0,1,0
24,-1,101.51846313476562,95984,4,5.9051906357318265,1,195,0,0,0,1,0
31,15,27.370574951171875,95428,1,1.0415829713788198,1,216,0,1,0,1,0
39,26,57.40855026245117,95179,1,0.5814014198941205,2,0,0,0,0,0,0
54,18,37.739723205566406,91454,4,1.5193491915329806,2,123,1,0,0,1,0
33,7,51.702449798583984,94268,1,1.587012755932775,3,444,0,0,0,1,0
29,11,110.15375518798828,95855,2,1.5198720993481674,1,362,0,0,0,0,0
49,22,74.50409698486328,93101,1,0.24780666690709663,1,0,0,0,0,0,0
30,1,97.03180694580078,93131,1,4.575183202639776,1,0,0,0,0,0,0
41,11,22.730432510375977,95098,2,0.16367713698364939,3,101,0,0,0,0,0
38,25,167.3917999267578,89986,3,4.6672645909975445,2,0,1,1,1,1,1
27,7,20.29471778869629,92517,3,0.19519242206544257,1,0,0,0,0,1,0
27,1,68.90887451171875,96129,1,1.465625406056401,3,152,0,0,0,1,0
30,4,48.47451400756836,91483,4,0.5517307210434824,1,0,0,0,0,0,0
42,7,48.57762145996094,94928,4,0.29943105568519013,1,0,0,0,0,1,0
23,0,139.89242553710938,91913,1,1.494433331657829,1,0,0,0,0,1,0
36,9,113.29618835449219,94288,1,1.6532210295037768,2,144,0,0,0,1,0
59,35,113.55860900878906,94988,2,1.919494077952289,1,0,0,1,0,0,0
32,11,116.00730895996094,94201,1,2.4323047027202174,1,0,0,0,1,1,0
37,12,196.31588745117188,91250,2,7.602490178218851,1,0,0,0,0,1,0
28,0,70.90263366699219,96327,1,1.5440437813094519,2,134,0,0,0,0,0
48,21,49.290611267089844,92546,1,0.7455707362078094,3,0,0,0,0,0,0
42,20,68.5877914428711,94578,3,1.763390127753242,2,0,0,0,0,0,0
38,9,35.86349868774414,95282,3,0.6735465935292018,1,91,1,0,1,1,0
30,4,94.99293518066406,91924,2,3.8175437504737197,1,0,0,0,0,0,0
62,27,36.83648681640625,95489,4,1.7786914262508575,2,104,0,0,0,1,0
45,18,90.4961166381836,91081,3,3.107156622920562,1,0,1,0,0,1,0
46,16,129.59124755859375,94254,2,1.9514106255090258,1,0,0,0,0,1,0
26,-1,150.59622192382812,94694,3,8.606841471876537,3,0,0,0,0,1,1
40,7,85.80938720703125,94417,4,1.878716561153527,1,0,1,0,0,1,0
29,8,74.5234375,95830,2,2.0126736057408747,1,0,1,1,0,0,0
44,31,61.38908004760742,94407,1,3.100607610258562,3,0,1,0,0,0,0
58,26,60.417022705078125,89929,4,1.7817473280894178,2,82,0,0,0,0,0
62,35,26.510499954223633,93778,3,0.23928495282501017,1,0,1,0,0,1,0
49,17,49.067138671875,93829,4,0.6490656804541093,1,84,1,0,0,0,0
46,9,38.312042236328125,92434,1,0.9985896921241689,2,0,0,1,0,1,0
55,38,89.55978393554688,92723,4,2.7922869596570337,1,0,0,0,0,0,0
49,23,136.89633178710938,93287,4,2.842395205457218,3,0,0,0,0,1,1
50,18,50.59263229370117,89904,4,0.654581181333205,3,0,1,0,0,1,0
25,1,23.98040771484375,91379,4,0.21480551520524033,1,0,0,0,0,1,0
27,0,22.985599517822266,92872,3,1.0347598842809556,2,0,0,0,0,0,0
63,38,62.125083923339844,95808,4,2.1850718746940565,2,0,0,1,0,1,0
31,2,73.94287872314453,94696,4,2.4237698158895604,1,376,0,0,0,0,0
55,28,47.34248352050781,91708,3,2.0980358552540257,1,91,0,1,0,1,0
61,37,57.84210205078125,92908,4,0.16875038176062016,1,0,1,0,0,0,0
36,13,18.006732940673828,91839,1,0.12792726644017968,3,0,0,0,0,1,0
31,8,75.35582733154297,95836,2,1.2180072178693848,1,0,0,0,0,1,0
31,8,117.71047973632812,94392,3,2.2006128613167486,1,0,1,0,0,1,0
31,6,111.29553985595703,93746,1,1.1196389022178033,2,0,0,0,0,0,0
54,19,119.00748443603516,95760,2,1.469395852534444,3,0,0,0,0,0,0
40,13,39.63199996948242,92956,4,1.8607070789191695,1,0,0,0,0,0,0
36,14,29.466463088989258,90757,1,1.922526441216931,1,0,0,1,0,0,0
58,29,54.101932525634766,95619,4,1.492044184096876,1,0,0,0,0,1,0
66,39,37.39525604248047,94631,4,0.10882596010365356,2,0,0,0,0,1,0
54,28,115.92587280273438,94888,1,2.174903767253802,2,549,1,0,0,0,1
26,1,53.02642059326172,92023,2,0.4226787383967428,3,90,0,0,0,0,0
41,8,184.92861938476562,91525,2,0.9031783518029848,1,414,0,0,0,1,0
38,24,144.0747833251953,95125,2,0.2576705287101434,1,0,0,0,0,0,0
59,36,72.54698181152344,92983,3,0.7005956519003967,3,0,0,0,0,0,0
63,35,46.64303207397461,90185,1,1.62869235171161,3,95,0,0,0,0,0
34,11,145.5772705078125,91832,4,5.027421836577901,2,105,0,0,0,1,1
58,35,53.83306121826172,92762,1,0.17834254523713217,1,0,1,0,0,0,0
41,19,178.38340759277344,92554,2,4.5079700099119355,1,0,0,0,0,1,0
60,34,105.1787109375,91138,2,1.0967414622629639,1,0,1,0,0,1,0
49,22,19.82973289489746,92295,4,1.642210622149727,2,0,0,0,0,0,0
58,31,148.49232482910156,91986,1,0.7074187285212232,1,0,0,0,0,0,0
34,1,55.850830078125,91952,3,4.750254855614972,2,0,0,1,0,1,0
63,40,122.98981475830078,95776,2,1.8495587389320736,1,0,0,0,0,0,0
24,0,142.92324829101562,90036,4,2.198427961156248,2,0,0,0,0,0,0
30,9,65.22945404052734,94919,4,2.4500898301684537,1,445,0,0,0,1,0
48,18,65.426513671875,91867,1,0.6791405956363854,3,0,0,0,0,1,0
54,25,79.60337829589844,93047,4,1.7771657369272233,2,0,1,0,0,0,0
27,3,104.27477264404297,92201,4,2.6667397602726197,2,0,0,0,0,1,0
61,27,61.9603157043457,94234,4,1.8497638355940669,2,0,0,0,0,0,0
60,38,80.83429718017578,95678,1,1.5923972739248036,2,0,0,0,0,1,0
58,32,56.489437103271484,95295,3,1.0604940456919312,2,214,1,0,0,1,0
31,7,70.07343292236328,95317,1,0.0342074233468343,2,168,1,0,0,1,0
40,22,79.81562042236328,91320,2,1.3872982639732356,1,0,0,0,0,1,0
40,15,188.1702423095703,95097,2,5.058939654405332,1,0,0,1,1,1,1
54,24,33.33351135253906,94637,2,0.6098773536495556,2,0,1,0,0,0,0
28,7,36.67816162109375,94560,2,1.8689260609356473,2,0,0,0,0,1,0
64,37,57.6004524230957,91906,4,0.6243175671959574,2,179,0,0,0,1,0
24,6,109.19481658935547,92075,2,1.1459262945023307,3,0,0,0,0,0,0
28,13,136.53866577148438,95214,3,2.141523553252429,3,236,0,1,0,0,1
29,15,60.87915802001953,94011,2,1.2623180382155925,2,267,0,0,0,0,0
62,33,27.687501907348633,92810,1,0.2957405500898198,3,0,0,0,0,0,0
42,10,169.7152862548828,95699,1,0.31207131239600655,3,446,1,1,1,1,1
31,18,49.02712631225586,93728,3,1.3729254964885667,1,213,1,0,0,0,0
62,36,53.02693557739258,95968,1,1.0948054456903455,3,317,0,0,0,1,0
29,3,45.882728576660156,95587,3,1.2193773265167667,3,171,0,0,0,0,0
39,21,42.113502502441406,91963,2,0.09911631216513786,3,0,1,0,0,0,0
45,20,105.2527847290039,92567,2,1.2962712398374783,1,0,0,0,0,0,0
60,33,38.09725570678711,91262,3,1.3476144952599114,2,109,0,0,0,1,0
64,35,179.54806518554688,94953,2,6.087317625930522,1,385,0,0,0,0,0
55,19,135.2329864501953,92705,3,0.9019268434365746,2,0,0,0,0,1,0
31,28,146.9936981201172,95036,4,4.0565668436471505,1,97,0,0,0,1,0
48,21,42.83549118041992,93193,4,0.26623231307774003,2,0,0,0,0,1,0
45,24,21.91859245300293,92036,4,2.038831640423978,1,0,1,0,0,0,0
59,37,85.6181640625,95636,4,1.8431214113911043,2,0,0,0,0,1,0
65,41,24.663997650146484,94205,4,1.5948998603470943,1,88,0,0,0,1,0
64,40,66.24762725830078,94576,4,0.2539627607689394,1,0,1,1,0,1,0
34,9,78.26705169677734,91760,2,1.3638558229140203,1,0,0,1,0,1,0
29,3,89.36763763427734,93063,2,0.16905577623740506,2,0,1,1,0,1,0
61,33,148.92910766601562,92959,1,1.699388645463971,1,0,0,0,0,0,0
44,20,109.77252197265625,95673,3,2.2490680511855867,1,236,0,0,0,0,0
64,36,55.96868133544922,92904,4,5.0725940807790195,1,223,1,0,0,1,0
41,12,41.294212341308594,92750,1,0.5832015007249918,3,0,1,0,0,0,0
26,2,50.993141174316406,91771,2,1.6040835373507139,2,0,0,0,0,0,0
43,8,102.60026550292969,91498,2,1.5198664792350327,2,0,1,0,0,0,0
63,33,15.149627685546875,94080,2,1.5231691074957487,1,0,1,0,0,0,0
38,11,22.365230560302734,93155,4,0.2645230574293208,1,0,0,0,0,1,0
47,21,82.56917572021484,91927,3,1.1955610634136162,2,0,0,0,0,0,0
44,16,49.847591400146484,91877,2,1.7080148906681893,1,377,0,0,0,1,0
25,1,193.90780639648438,91878,1,7.181625911863248,1,0,0,0,0,1,0
42,9,23.388948440551758,91475,3,0.6406039689243883,3,0,0,0,0,1,0
59,35,45.860107421875,93171,3,1.8399725119583308,2,0,0,0,0,1,0
50,18,19.170791625976562,93939,2,0.5718393755219275,1,0,1,0,0,0,0
55,30,50.83388900756836,91315,4,0.18719054493846488,2,0,1,0,0,1,0
45,23,18.522605895996094,91120,4,0.3212148410378505,1,0,1,0,0,0,0
62,37,47.87754440307617,94471,4,0.5589252819961379,3,0,0,0,0,0,0
48,18,89.56234741210938,94406,4,0.15442190123032037,3,0,0,0,0,0,0
62,36,68.48930358886719,90581,1,0.17577186277457366,1,0,0,0,0,0,0
30,12,66.99351501464844,94291,3,0.48624037885444477,2,0,0,0,0,0,0
66,39,49.11677551269531,91285,2,0.14853986319918336,1,0,0,0,0,0,0
61,18,39.93117904663086,91411,4,0.49153660966129387,1,0,1,0,0,0,0
44,25,92.52904510498047,94650,2,1.8001417772865358,3,332,0,0,0,1,0
36,14,34.504066467285156,95355,1,1.622451565771529,3,0,1,0,0,1,0
49,27,121.45411682128906,95144,2,2.723018962046146,1,0,0,0,0,1,0
37,18,65.573486328125,94771,2,1.404367721542303,3,0,1,0,0,0,0
58,35,68.97738647460938,91404,4,0.9492302279268594,2,0,1,0,0,1,0
62,34,34.64435577392578,95002,1,0.42149113605064,2,149,0,0,0,0,0
55,28,107.50765991210938,94563,4,2.7959645791417587,1,0,1,0,0,0,0
41,21,210.85122680664062,91247,2,5.843561159560996,1,0,0,0,0,0,0
36,7,46.805458068847656,92800,2,0.1262360242076087,2,221,0,0,0,0,0
27,3,51.51530838012695,90915,2,2.4376473694260397,2,221,0,0,0,1,0
40,12,25.664432525634766,92566,4,1.383462374400025,1,106,0,0,0,0,0
56,34,108.6392593383789,95608,2,2.218137473083496,1,0,1,0,0,0,0
60,36,10.953794479370117,91439,2,0.2344269572962736,3,0,1,0,0,1,0
59,25,32.99072265625,94640,3,1.1002498992900454,2,130,0,0,0,1,0
48,38,62.94490051269531,94892,2,2.8593233899226913,2,126,1,0,1,1,0
50,18,66.42671966552734,94578,4,2.8830603566393576,2,0,0,0,0,0,0
27,1,22.976131439208984,93278,3,0.359602570051144,1,0,1,0,0,0,0
53,32,66.12748718261719,91616,3,1.5497337462057779,1,0,0,0,0,0,0
38,6,124.10465240478516,95453,2,2.605655581949256,1,120,0,1,0,1,0
33,7,95.48979949951172,90318,2,1.6046789758481879,1,153,0,0,0,1,0
28,1,115.0821533203125,94837,2,0.23064334545016416,1,0,0,0,0,0,0
55,24,13.718164443969727,94500,1,1.6134302163689482,3,0,0,1,0,1,0
49,13,29.99900245666504,95634,3,0.5115281408325236,1,0,1,1,0,1,0
61,35,84.85174560546875,94400,2,4.248365288936672,1,0,0,0,0,1,0
60,39,146.14578247070312,95276,1,2.889563825880268,2,0,0,0,0,1,1
25,-2,66.32461547851562,95399,2,1.5678720368907895,1,226,0,0,0,1,0
56,29,83.6633529663086,92097,2,1.5595901028217527,2,0,0,0,0,1,0
41,32,54.127559661865234,94778,4,1.3494947103536727,3,139,0,0,0,1,0
40,14,112.97123718261719,90744,2,0.3690090641934207,1,0,1,0,0,1,0
36,16,69.1176528930664,93415,4,0.2637472399275579,3,0,0,0,0,0,0
59,33,134.35838317871094,94039,2,0.24710554634741105,1,0,0,0,0,1,0
60,37,34.61133575439453,95784,3,1.1791126587604797,1,132,0,0,0,1,0
48,13,33.73970413208008,93163,1,0.5950071527236631,2,114,0,0,0,1,0
63,37,41.51509094238281,92277,1,0.10125326595976708,2,0,0,0,0,0,0
32,4,150.70501708984375,95478,3,3.7657437784333316,1,0,0,0,0,0,0
46,20,47.66463851928711,94938,4,1.5677855121267967,1,0,1,0,0,1,0
45,23,40.8243408203125,95307,2,1.1171468191625042,1,0,0,0,0,1,0
57,39,42.3368034362793,94362,3,5.121944649390532,3,0,1,1,1,1,0
58,37,62.442813873291016,91100,4,3.238833398771953,2,0,1,0,0,1,0
38,26,48.935150146484375,94805,3,1.109654084331412,3,235,0,0,0,1,0
52,33,74.6113052368164,91902,3,2.045224834952209,2,0,0,0,0,1,0
60,28,59.7769889831543,89904,4,1.624824383781541,1,146,0,0,0,0,0
57,33,58.039306640625,94484,2,1.4071913163377034,1,0,1,0,0,0,0
45,23,71.87547302246094,95186,1,1.394197739661836,1,0,0,0,0,1,0
56,35,40.33568572998047,91881,4,1.2479565260027554,2,81,1,0,0,1,0
31,6,121.36121368408203,93997,2,1.6610096133348462,1,0,1,0,0,1,0
59,23,88.65664672851562,90498,4,2.8482506907837926,3,287,0,0,0,0,0
64,36,103.17124938964844,95274,2,0.21090785746674684,3,0,0,0,0,1,1
58,37,125.03471374511719,90458,2,2.9743167061080236,1,0,0,0,0,1,0
52,14,17.43260383605957,90602,3,3.2495757395015934,2,111,0,0,0,0,0
62,37,144.52999877929688,95725,1,5.718169482830966,3,0,0,0,0,1,1
36,15,41.58101272583008,91761,2,1.992308736048748,1,0,1,0,0,0,0
61,35,65.34176635742188,91602,2,4.294283702233676,1,0,1,0,0,0,0
28,2,92.75393676757812,94837,1,3.767414998727733,2,346,0,0,0,0,0
50,32,53.01953887939453,94920,1,0.15920177349928996,2,0,0,0,0,0,0
51,28,45.700984954833984,95703,3,0.2771205388018887,2,0,0,0,0,1,0
41,16,151.07472229003906,94422,4,1.804491460982721,1,0,0,0,0,0,0
37,18,56.44552993774414,94641,4,2.2198789588381973,3,0,0,0,0,0,0
59,29,99.84272003173828,94681,1,0.7416893708495813,1,0,1,1,1,1,0
62,40,141.02694702148438,92167,4,1.37791939419588,2,0,1,1,1,1,0
30,19,30.91878890991211,94641,3,0.282920481075402,2,109,0,0,0,1,0
45,20,44.716888427734375,91303,2,1.2188500849698962,1,0,1,0,0,0,0
30,31,58.39667510986328,95244,2,0.4942864103413107,1,0,0,0,0,1,0
58,29,103.05264282226562,94925,3,3.4992981144539805,1,0,1,0,0,0,0
31,10,85.8070068359375,91537,2,1.5153844889667243,2,0,0,0,0,1,0
35,31,13.068782806396484,95246,4,1.6677132312029896,2,0,1,0,0,1,0
34,9,60.783756256103516,94586,1,0.9600824814226068,2,0,1,0,0,1,0
47,20,138.51992797851562,89960,1,5.505573103278126,1,312,0,0,0,0,0
57,36,39.243141174316406,92648,1,0.7878462624097009,1,0,0,0,0,0,0
51,22,45.75572204589844,92324,4,2.8181894528939933,2,0,0,0,0,0,0
24,-1,195.41116333007812,91868,2,1.3348793487926396,1,0,1,1,0,1,0
60,33,52.82206726074219,92236,2,0.4547123945098518,1,142,1,0,0,0,0
36,13,81.02396392822266,93049,3,0.9349467474608063,1,0,0,1,0,0,0
50,26,55.096134185791016,95700,2,0.3791412306946638,1,0,0,0,0,0,0
27,2,29.637296676635742,93472,4,1.2361299595747242,2,0,1,1,0,0,0
46,22,131.32382202148438,94890,2,2.8009347302980303,2,0,0,0,0,0,0
50,20,142.86614990234375,94727,1,2.2046757998630775,3,0,1,0,0,0,0
60,36,43.185523986816406,94765,3,1.8358472989609493,3,0,0,0,0,0,0
63,34,61.864810943603516,91737,1,1.4284322466798205,2,154,0,1,0,0,0
60,20,53.66343688964844,89890,3,2.166268376050372,2,0,0,0,0,0,0
31,6,38.88023376464844,90211,4,0.2463911771824323,1,0,0,0,0,1,0
45,28,124.93976593017578,90913,2,4.480827666445073,1,0,0,0,0,1,0
30,6,125.46994018554688,94079,1,4.239919696805319,3,0,0,0,0,0,1
51,28,25.87567138671875,91760,1,1.3798970013049263,2,0,1,0,0,0,0
26,5,42.51846694946289,93921,4,0.10685014997824938,3,114,0,0,0,0,0
34,8,105.88887023925781,93824,2,1.722966749029115,1,370,0,0,0,1,0
48,24,64.72854614257812,94073,3,0.346075994075721,2,0,0,0,0,0,0
32,11,44.089378356933594,91475,2,1.1757925064129053,1,0,1,1,1,1,0
33,10,109.42918395996094,94542,2,4.260989671862158,2,0,1,0,0,0,1
48,21,21.793508529663086,95581,1,0.9882359375567673,3,0,0,0,0,1,0
38,21,26.206968307495117,92294,4,0.6168052795927945,1,0,1,0,0,1,0
28,2,51.707218170166016,94254,3,1.8661959310831542,1,0,1,0,0,0,0
33,9,44.80427551269531,94087,4,2.2237550384648905,2,109,0,0,0,0,0
51,31,36.9316291809082,94412,3,1.413530304387957,2,0,1,0,0,1,0
54,28,33.917137145996094,94119,4,0.4324326511148564,3,0,0,0,0,1,0
58,37,55.429805755615234,95028,4,1.4943566483363921,1,0,1,0,1,1,0
57,19,148.03872680664062,94968,2,1.2943905251781047,1,0,0,0,0,1,0
42,15,83.32380676269531,94151,1,3.9119942043712137,1,0,0,0,0,0,0
60,30,64.09261322021484,94290,1,0.07573651347986043,2,0,1,1,1,1,0
58,36,49.369293212890625,95622,3,1.8660602462705778,2,105,0,0,0,0,0
52,29,23.966472625732422,92500,2,0.5628402786459352,1,0,0,0,0,0,0
61,28,92.91474151611328,92125,4,1.3325201202943182,1,0,0,1,0,1,0
30,6,69.36885833740234,90254,1,3.7599254252949836,3,0,0,0,0,1,0
26,14,192.19937133789062,94552,2,9.826879089909701,2,0,0,0,0,1,1
37,17,74.24848937988281,90337,2,2.631333939163544,2,0,0,0,0,1,0
62,37,33.13671875,94450,1,0.49255879990682433,3,0,0,0,0,1,0
41,13,45.3128662109375,92091,4,0.7230639320199753,1,0,0,0,0,0,0
39,25,186.2802734375,92608,2,4.470162755345463,1,0,0,0,0,1,0
56,30,74.28015899658203,89988,3,2.5159561794299985,1,0,0,1,0,0,0
46,23,79.84103393554688,93071,2,2.5261971674146935,3,0,0,0,0,1,0
66,41,21.598045349121094,92008,3,0.9822006398905775,3,0,0,0,0,0,0
45,16,44.24930191040039,92473,4,2.5482503538282764,1,0,0,0,0,0,0
32,6,96.98558807373047,94261,3,6.041461805950936,1,0,1,1,1,1,0
46,20,34.496620178222656,92138,2,0.7279726338037844,1,0,0,1,0,0,0
33,18,187.06605529785156,90578,1,6.951197902088366,1,383,0,0,0,0,0
64,35,119.82466125488281,95065,4,1.473174117214314,3,420,0,0,0,0,1
48,10,40.18092727661133,92774,4,1.5484334768309491,3,0,0,0,0,0,0
56,28,41.7210578918457,94916,1,1.9424871347652592,2,131,0,0,0,1,0
56,21,24.702526092529297,95001,3,0.620390710539289,2,0,0,0,0,0,0
65,36,43.20319366455078,89991,2,2.270623085222198,1,95,0,0,0,1,0
31,3,56.868770599365234,93256,1,2.7143499799463857,1,0,0,0,0,1,0
40,7,30.98546600341797,92979,4,0.739513473431721,2,402,1,0,0,1,0
34,11,71.64544677734375,91541,1,5.313534423594022,1,0,0,0,0,0,0
55,1,57.261451721191406,94415,4,2.2557454717756373,3,0,0,0,0,0,0
56,38,27.241506576538086,89814,2,1.0059494587693565,3,0,0,0,0,1,0
28,3,59.760250091552734,94174,2,0.2923517334954671,1,0,0,0,0,1,0
44,22,76.74779510498047,95504,2,1.950050174730379,1,0,0,0,0,0,0
46,22,110.98761749267578,90112,1,4.069014480433053,1,0,1,0,0,0,0
61,36,54.97126388549805,94316,1,1.4532176449954068,2,0,0,0,0,0,0
59,35,182.9283447265625,95448,2,5.911638711778205,1,0,0,1,0,1,0
29,4,62.444637298583984,94404,2,2.2820794814844927,3,0,1,0,0,0,0
60,34,146.5864715576172,94765,1,2.7377608647111744,1,0,0,1,0,1,0
52,26,114.490234375,94480,2,1.9141112519473835,3,0,1,0,0,1,0
28,2,67.23135375976562,91161,4,1.3893680642167388,2,261,0,0,0,0,0
49,25,176.6782684326172,95451,4,3.8680403249831707,2,450,1,0,0,0,1
64,37,37.81340789794922,95149,4,1.3326177354148965,2,0,0,0,0,0,0
55,31,30.913896560668945,91761,3,1.7664265624776212,1,142,0,0,0,0,0
52,33,113.56389617919922,94063,2,0.4738417303987318,1,0,1,0,0,0,0
60,27,62.83681106567383,94465,2,1.9408863017399904,2,156,0,0,0,0,0
60,30,46.64888381958008,91915,3,0.6320217941329362,2,0,1,0,0,1,0
41,16,150.59422302246094,92297,1,7.728237620906617,1,469,0,1,0,1,0
41,19,77.30720520019531,91174,2,0.5610637840262147,1,0,0,0,0,1,0
41,23,49.921112060546875,95169,2,0.28209449157756494,1,0,1,0,0,0,0
29,4,37.6124382019043,95571,1,0.8727279570324282,3,0,1,0,0,1,0
34,5,190.22288513183594,92027,2,1.0049828225418405,1,196,0,0,0,1,0
30,6,14.8914794921875,95449,3,0.4465603918793356,2,151,1,0,0,0,0
35,13,45.89360046386719,90602,3,0.028808706460680344,1,0,0,0,0,1,0
37,20,89.57830047607422,95439,3,0.06219223703833687,1,149,1,0,0,1,0
63,38,53.581077575683594,95496,1,1.162209906882984,1,0,1,0,0,1,0
57,32,50.404212951660156,94507,2,0.19779385609448052,2,0,1,0,0,0,0
41,5,69.7528305053711,92105,2,1.0871781182186135,1,0,0,0,0,1,0
38,19,47.86096954345703,89990,1,0.4006262919103055,2,0,0,1,0,0,0
40,18,32.351707458496094,95081,4,0.4826022289231532,3,0,0,0,0,0,0
45,22,31.627960205078125,92741,3,0.2588859249160236,3,0,1,0,0,1,0
43,16,57.78853225708008,91495,3,3.313587653859224,1,0,1,1,1,1,0
42,22,42.13719177246094,90581,2,0.28368930628244715,3,0,0,0,0,1,0
55,33,105.92806243896484,95776,2,4.715497795399697,1,322,1,0,0,0,0
31,4,89.8345718383789,92084,4,2.0388140005218167,3,0,0,0,0,0,0
44,22,39.28011703491211,90403,4,0.1590134597130761,1,159,1,0,0,1,0
50,22,75.34677124023438,91991,2,2.790438099664423,1,0,1,0,0,1,0
44,13,205.41600036621094,89878,2,2.8686549636337446,1,0,0,0,0,1,0
40,15,53.921424865722656,91411,1,0.442381352921087,2,0,0,0,0,1,0
61,31,87.7477035522461,95083,4,3.025884268814463,1,0,0,0,0,0,0
42,19,97.77106475830078,94718,2,1.811377744758959,1,0,1,0,0,1,0
51,39,164.64727783203125,94216,1,5.465881100057472,2,0,1,0,0,0,1
58,33,166.57749938964844,90092,3,3.182164036421784,3,0,1,0,1,1,1
60,38,84.38319396972656,95538,1,1.717471759127141,2,0,0,0,0,1,0
49,22,88.6647720336914,95224,1,2.4514119142083697,2,0,0,0,0,1,0
28,6,124.1164321899414,94212,1,3.06829800820318,1,0,0,0,0,1,0
57,26,56.76385498046875,95976,1,1.5871314777004588,1,0,0,1,1,1,0
63,37,164.27610778808594,92672,2,0.5730623473243233,1,0,0,0,0,1,0
63,26,119.41996002197266,90322,1,0.4039347048023648,1,0,0,0,0,0,0
38,6,99.04917907714844,94983,1,0.9145808566464165,3,315,1,0,0,1,1
62,35,26.18687629699707,91024,2,0.7368951307045243,3,85,0,0,0,0,0
29,1,46.957969665527344,95882,2,1.3494359775794487,1,211,0,0,0,1,0
52,34,38.11952209472656,89769,4,2.9589926565959974,1,165,0,0,0,0,0
45,19,105.2643051147461,95126,3,2.1363982979019767,3,0,0,0,0,0,0
57,33,80.97663879394531,95217,2,1.89058758805562,1,134,1,0,0,0,0
40,23,103.71698760986328,94593,3,2.970793379543947,1,136,1,0,0,0,0
50,20,12.106689453125,96079,1,0.5944957056429016,1,92,1,1,0,0,0
30,7,142.465087890625,94524,2,6.947157889577776,1,0,1,0,0,0,0
62,37,83.51485443115234,94215,2,1.2207328593397722,3,102,1,0,0,0,0
26,1,37.146507263183594,93365,2,1.0293220355777382,3,0,0,0,0,1,0
57,28,57.3191032409668,94728,1,1.3689727735642794,3,0,1,0,0,1,0
34,15,154.9388427734375,95515,2,7.099810304360487,1,0,0,0,0,0,0
46,17,58.52079772949219,96266,2,1.9959277526658252,2,0,0,0,0,1,0
57,34,46.475128173828125,92195,1,0.8488587540844111,3,390,0,0,0,0,0
58,39,38.715003967285156,94697,1,0.7104573733382137,3,0,0,0,0,1,0
55,35,83.48014068603516,94613,3,4.330005220272295,2,0,0,1,0,0,0
52,24,46.620521545410156,95495,4,1.0227460116316152,1,0,0,0,0,1,0
43,17,89.83332824707031,91427,2,2.5680661178921453,1,285,0,0,0,0,0
30,11,43.85622024536133,95726,3,2.8516012291205004,2,190,0,0,0,1,0
29,8,89.41301727294922,94447,1,2.4400167062708378,2,0,0,0,0,0,0
39,20,72.10070037841797,91739,1,1.6454810409176115,3,0,0,0,0,0,0
35,12,68.8592529296875,95430,3,1.5443435331657727,2,256,1,0,0,1,0
36,8,11.538797378540039,91198,3,0.06081205329014805,2,0,1,0,0,1,0
45,26,141.18600463867188,90057,1,1.9882685513816956,1,222,1,0,0,1,0
41,4,60.96752166748047,93261,4,1.5628044901723372,2,0,1,0,0,0,0
45,16,110.6677474975586,95562,1,0.14549278254568845,1,0,0,0,0,0,0
34,11,68.82510375976562,92807,1,1.7160577480293226,2,0,0,0,0,1,0
56,19,74.05523681640625,94655,2,2.0900324356767186,2,0,0,0,0,1,0
26,5,23.82244300842285,94344,4,0.8988781563787838,1,0,0,0,0,0,0
29,7,62.76218795776367,94662,3,0.8124565441103644,3,0,0,0,0,1,0
49,26,66.20026397705078,90229,1,1.0784394764160508,3,0,0,0,0,0,0
39,19,164.42257690429688,93752,4,0.5728225198856705,3,0,0,0,0,1,1
54,27,44.277034759521484,90235,1,2.0476415791234044,1,0,1,1,0,0,0
56,31,45.44953155517578,91764,4,1.2330122410828657,3,0,0,0,0,0,0
35,9,55.38410949707031,90207,4,1.3073156613651329,3,153,0,0,0,0,0
37,22,67.56605529785156,92295,3,0.6246004472185026,3,0,0,0,0,0,0
42,17,140.98904418945312,92178,4,7.326759210010277,1,0,1,0,0,0,0
52,28,57.20274353027344,92087,2,2.6077760625015647,1,0,0,0,0,1,0
31,0,61.33147430419922,90519,4,0.7534715857145329,2,0,0,0,0,0,0
32,13,73.48562622070312,92226,4,1.9454371484715482,1,0,0,0,0,0,0
60,35,78.1988754272461,94780,4,1.9524572933097866,2,0,1,1,1,1,0
44,21,57.765769958496094,93127,3,1.2284217121386294,1,0,1,0,0,1,0
49,41,42.28050994873047,93824,3,1.4381906533108468,2,214,1,0,1,1,0
28,3,111.87615203857422,95363,3,3.33767828089865,3,159,0,0,0,1,1
41,11,113.08907318115234,94450,2,1.9228787248006887,3,0,0,0,0,1,0
43,16,77.12276458740234,94857,4,0.08956516405124773,3,0,0,0,0,0,0
55,25,40.319366455078125,94455,1,6.928474874615496,1,112,1,0,0,0,0
28,7,47.633140563964844,95276,2,1.0696844891532007,2,0,0,0,0,1,0
60,25,61.39460372924805,91546,4,1.311425163024018,3,0,1,0,0,1,0
42,20,59.78453826904297,92083,1,0.03392944625281186,3,0,0,0,0,0,0
26,3,111.29756927490234,90558,4,3.038906331530807,2,196,0,0,0,0,0
52,19,125.77625274658203,94515,2,2.9355366123245092,1,0,0,0,0,0,0
26,6,53.13978958129883,90827,3,1.771751719585808,1,135,0,0,0,1,0
54,27,100.42398834228516,91929,2,7.702670877744453,1,0,1,0,0,0,0
49,25,34.21358108520508,95859,3,0.3299984668735628,3,0,0,0,0,0,0
52,30,30.678485870361328,95722,1,0.17346546825198372,2,0,0,0,0,1,0
31,16,55.17638397216797,93443,2,2.137303360921178,3,0,1,1,1,1,0
32,5,76.87667846679688,93095,4,2.7192480460356743,3,0,0,0,0,0,0
54,23,18.421630859375,95601,1,0.01578893340524523,1,101,0,0,0,1,0
26,-1,25.996784210205078,93801,2,0.9338476957109912,2,0,0,0,0,1,0
51,26,12.059633255004883,90824,1,1.2071739379154418,2,72,0,0,0,0,0
65,39,65.28636169433594,89965,2,1.4928054971112334,3,0,0,0,0,0,0
38,20,54.25930404663086,92842,2,1.5195098018772282,3,0,0,0,0,0,0
67,37,12.60601806640625,93382,2,0.8191150251565913,1,0,1,1,0,0,0
37,0,98.20332336425781,95172,1,2.0229979537236122,1,60,0,0,0,0,0
65,36,104.83792114257812,95364,1,0.36735567659715207,2,0,1,0,0,1,0
49,23,142.5747833251953,94338,2,4.165118418820281,1,408,1,0,0,0,0
49,24,47.12797164916992,95957,1,1.4973753984381077,3,200,0,0,0,1,0
39,9,53.34111404418945,90446,2,1.0734984175016944,3,0,0,0,0,0,0
38,4,31.923099517822266,90649,4,0.6904153761260804,3,0,1,0,0,1,0
29,19,38.662513732910156,94472,2,0.9398260051946966,3,153,0,0,0,1,0
36,9,38.36435317993164,94643,1,1.918521098988141,1,0,1,0,0,1,0
60,41,60.03986740112305,90124,2,0.19135458762339952,1,387,0,0,0,1,0
57,31,22.006879806518555,91980,4,0.42142244280755714,1,0,0,0,0,0,0
64,35,37.5314826965332,91340,1,0.044279358459477725,3,0,1,0,0,1,0
35,13,77.52072143554688,94304,4,1.1714434251299934,3,0,0,0,0,0,0
31,7,28.026960372924805,91416,2,1.1731170512829787,3,0,0,0,0,1,0
40,19,65.29728698730469,91483,1,1.7937131734100655,2,134,1,0,0,0,0
35,12,32.97346496582031,91185,2,1.5529837951858343,1,0,1,0,0,1,0
29,15,68.73273468017578,92272,4,1.132856725142096,2,111,0,1,0,1,0
39,3,15.010743141174316,93182,1,1.8144237399202374,2,0,1,0,0,0,0
29,6,45.059661865234375,90080,4,1.854613631044186,1,0,0,0,0,0,0
35,16,65.57145690917969,94672,3,2.3397911969166674,3,0,0,0,0,0,0
60,35,134.4415283203125,95210,4,3.610057819291662,3,0,1,1,1,1,1
53,31,33.42937469482422,90619,1,3.094983567138373,2,0,0,0,0,1,0
