Age,Experience,Income,ZIP Code,Family,CCAvg,Education,Mortgage,CreditCard,Securities Account,CD Account,Online,Personal Loan
59,8,47.86204528808594,94158,4,0.24480595407097205,1,125,0,0,0,0,0
38,11,161.68045043945312,93990,1,4.270876615834755,2,0,0,0,0,0,1
33,8,55.299644470214844,91233,4,0.813674092468142,1,0,1,0,0,1,0
34,9,90.96440887451172,94427,1,0.899298007955949,1,139,0,0,0,1,0
31,12,132.97889709472656,92834,1,3.8847880140427877,3,0,0,1,0,1,0
35,15,48.603336334228516,95173,4,2.0352627592422,1,0,0,0,0,0,0
53,19,146.61563110351562,90279,3,6.553632428094745,3,407,1,0,0,0,1
35,8,44.08125686645508,94864,3,1.5273074840470056,2,0,0,0,0,1,0
48,36,91.68795013427734,94798,2,3.42058081236282,2,208,1,1,1,1,0
49,25,62.113914489746094,90086,2,1.4515861885981245,3,0,0,1,0,0,0
33,6,38.30894470214844,95617,2,0.4461945337168439,1,271,1,0,0,1,0
27,3,66.86581420898438,91981,1,0.5357572614711613,1,0,1,0,0,1,0
44,21,70.02023315429688,94454,4,2.8718156506334105,3,233,0,0,0,1,0
51,20,28.178699493408203,95181,2,0.6398563144800496,2,105,0,0,0,1,0
35,5,53.72779083251953,94661,4,0.8592026249915157,3,391,0,0,0,0,1
61,35,20.844593048095703,90643,4,0.15013942650686118,1,63,0,0,0,1,0
61,35,69.4300765991211,91872,3,1.4258243643156674,2,0,1,1,1,1,1
57,29,21.07291030883789,94063,3,0.25777297919872494,2,0,0,1,0,0,1
47,27,69.42743682861328,94806,4,1.4487001730795086,1,0,1,0,0,1,0
47,19,12.422554969787598,94830,4,0.403889371690391,1,103,1,0,0,1,0
56,17,27.26934814453125,94669,1,0.8153429601863336,1,0,1,0,0,1,0
34,7,111.69743347167969,94197,4,8.726156932197135,1,346,1,0,0,0,0
41,18,213.90419006347656,94180,2,8.68318705822012,1,0,0,0,0,1,0
63,37,130.76040649414062,91594,4,1.5599766521764518,1,0,0,0,0,0,0
37,15,44.62744140625,93954,1,0.2877391005015062,3,0,0,0,0,1,0
53,41,52.84893798828125,94306,3,1.252101990799847,2,0,0,0,0,1,0
54,34,135.95388793945312,92334,3,2.74746472233989,1,0,0,0,0,1,0
46,18,29.447620391845703,95336,4,0.45313978292915774,2,107,0,0,0,0,0
40,22,45.954246520996094,93722,3,2.3190282163513736,2,0,0,1,1,1,0
26,2,34.40392303466797,92038,1,1.2563400362765464,3,74,0,0,0,1,0
48,27,105.94351959228516,94589,1,1.4090315162259464,1,169,1,0,0,0,0
43,25,111.96282196044922,90891,2,1.074320058379768,1,0,0,1,0,1,0
50,31,26.279277801513672,91997,2,0.20504769612741602,3,153,0,1,0,1,0
59,40,69.39584350585938,93815,2,1.1022958325630614,1,0,0,0,0,1,0
63,37,75.90319061279297,93986,2,1.625845108729053,3,0,1,1,0,1,0
34,5,160.74990844726562,94552,3,0.7940456959704536,2,0,1,1,1,1,1
30,6,32.23476028442383,95646,1,1.600130799380864,2,0,0,0,0,1,0
52,17,197.7519073486328,93447,4,3.257748966827184,3,410,0,0,0,0,1
53,26,167.23406982421875,95799,2,5.627826928419497,1,478,1,0,1,1,0
48,28,70.15840148925781,94885,1,1.4510651416648426,2,102,0,0,0,1,0
40,16,36.36750793457031,94550,4,0.5312449771807315,2,99,1,0,0,0,0
56,31,58.596649169921875,89951,4,0.0007628532356210305,2,0,0,0,0,1,0
43,17,34.467491149902344,95134,2,1.7148463693300022,3,0,0,0,0,0,0
58,30,140.71270751953125,94097,1,2.8525728646020077,1,0,0,0,0,1,0
35,13,34.94343566894531,94467,1,0.6136374005136523,3,0,0,0,0,0,0
43,18,92.73287200927734,92256,3,3.302346836843208,2,0,0,0,0,1,0
44,14,19.605045318603516,95529,1,1.006363199009188,3,0,1,0,0,1,0
33,9,160.70675659179688,92146,4,1.9259910036707661,1,0,0,0,0,1,0
56,25,129.00958251953125,94362,1,0.3837679303169413,1,0,0,0,0,1,0
59,37,170.26206970214844,92081,2,0.24590076728560056,1,388,0,0,0,0,0
41,25,30.42861557006836,91232,1,1.4728324143357283,3,0,0,0,0,1,0
42,24,106.463623046875,92719,1,1.7264664918300305,1,162,0,1,0,0,0
54,23,131.74057006835938,95361,4,1.8944989619927988,1,0,0,0,0,1,0
38,3,175.3893280029297,91641,1,3.235908831101655,2,205,0,0,0,1,1
48,14,177.76905822753906,95607,1,1.1532991335865508,1,0,0,0,0,1,0
50,23,79.66748046875,92221,2,1.3576292121481788,3,0,0,0,0,0,0
62,38,78.82591247558594,90434,3,0.2151810226375647,1,0,0,0,0,1,0
44,20,84.31639862060547,91389,2,3.2982611152385535,3,0,0,0,0,0,1
60,38,109.84498596191406,95394,3,3.972470044549386,1,0,1,0,1,1,0
42,27,66.10194396972656,94444,2,3.2705909393622825,3,0,0,1,0,1,0
54,30,144.06973266601562,94514,4,5.7294793886710185,2,126,0,0,0,0,1
30,6,15.02919864654541,92964,4,0.49064820728047875,3,102,1,0,0,0,0
42,11,60.41794967651367,90277,4,1.6539488778667026,2,0,0,0,0,1,0
54,21,193.48570251464844,92947,2,6.627738258766064,1,0,0,0,0,0,0
63,37,196.9204559326172,90545,1,4.237933094627688,1,0,1,0,0,1,0
45,16,72.89730834960938,91344,1,2.741812149807805,3,211,0,1,0,1,0
63,28,35.712249755859375,92779,2,0.20376568135665618,3,146,0,0,0,0,0
44,13,93.76815795898438,94794,2,2.448692504370274,3,371,1,0,0,0,0
40,14,65.73428344726562,92028,2,2.7543333541865436,1,0,1,0,1,1,0
57,28,88.35029602050781,90335,2,2.91094698894283,1,0,0,0,0,0,0
47,20,170.2626953125,94723,2,5.144913669004502,3,0,0,0,0,0,1
53,34,64.84716796875,90479,2,2.9760947932808226,3,0,1,0,0,0,0
62,39,29.607080459594727,91993,3,0.4327202667585197,1,0,0,0,0,1,0
44,11,19.884584426879883,95987,1,0.24282306512765217,3,0,0,1,0,0,0
59,33,118.60646057128906,90485,2,0.058343420800959694,1,0,0,0,0,1,0
40,14,118.39100646972656,89938,1,1.0999464633191953,1,0,0,0,0,1,0
45,23,117.87105560302734,90032,2,4.370724310259694,3,0,0,0,0,0,0
62,35,82.5958480834961,93176,3,0.3816029247052815,2,0,1,0,1,1,0
33,9,75.982177734375,91753,4,2.372997095053932,1,0,0,0,0,1,0
44,23,122.46454620361328,94825,4,3.928548752620872,2,0,0,0,1,1,1
50,11,119.77638244628906,94845,4,0.766059531938515,1,0,0,0,0,0,0
48,31,104.16413116455078,94778,2,1.4641616769982528,2,0,0,1,0,1,0
44,20,197.130615234375,91241,1,3.217664418841234,1,399,0,0,0,0,0
41,19,132.82806396484375,92402,1,2.3707349522994945,1,180,0,0,0,1,0
48,22,84.7790756225586,91932,3,0.3013955421943495,3,0,0,0,0,1,0
54,31,55.379852294921875,94402,4,2.4096640497291415,1,0,1,0,0,0,0
41,14,43.943138122558594,89974,2,0.13235010056364543,3,99,0,0,0,0,0
40,25,122.58196258544922,94990,4,2.9276509471156267,2,0,1,0,1,1,1
33,14,75.48641967773438,93728,4,0.7958640461361142,1,0,0,0,0,0,0
44,29,144.11447143554688,91337,4,5.357779015666689,3,0,1,0,1,1,1
28,3,115.60305786132812,95107,4,0.6333320315351381,3,77,0,0,0,0,0
53,25,63.40916442871094,91427,2,0.2579581084005752,1,0,0,0,0,1,0
55,28,90.17537689208984,95248,4,4.216028173893571,2,0,1,0,0,1,1
59,32,41.221561431884766,90097,3,1.4503276329518953,3,0,0,1,0,1,0
25,2,52.63153839111328,92980,4,1.8433848573165752,2,0,0,0,0,1,0
51,31,40.64154052734375,95063,2,0.7044307192282683,2,228,0,0,0,0,0
51,31,83.42949676513672,92977,1,1.8116559403591233,2,0,0,0,0,1,0
47,24,64.53781127929688,92933,3,0.35761683610918016,3,0,0,0,0,0,0
38,5,168.103759765625,92957,2,6.994864503459409,1,0,0,1,0,0,0
33,4,75.89635467529297,92041,2,1.056434277332818,1,0,1,0,0,1,0
38,6,48.705318450927734,94784,3,1.3991138149795228,2,0,1,0,0,1,0
58,31,42.417232513427734,94109,2,0.31585455547506164,3,0,1,1,0,0,0
36,5,62.36675262451172,91541,4,1.6909908109268281,3,0,0,0,0,0,0
32,7,44.5477409362793,92337,4,1.2320635954064323,1,538,0,0,0,0,0
46,22,43.375694274902344,94907,1,0.48050875219439626,2,93,0,0,0,0,0
60,36,26.926715850830078,89939,2,0.5381544705985117,3,0,0,0,0,0,0
54,24,101.01596069335938,95411,2,4.676444458834904,3,0,0,0,0,1,0
42,12,46.824989318847656,95262,3,2.5210858595712993,1,0,1,0,0,0,0
65,34,56.01688766479492,92902,3,0.4548931147881557,2,0,0,0,0,0,0
44,17,172.23016357421875,90376,2,5.694514893321949,1,0,0,1,1,1,0
37,14,114.15130615234375,92337,2,3.721952361035711,3,0,0,1,0,1,1
48,36,58.98691940307617,94246,4,0.16650582939164366,1,78,0,0,0,1,0
26,7,94.08903503417969,91815,4,2.4613461490522925,1,0,1,0,0,0,0
28,2,110.43211364746094,91039,1,3.3256069795499195,3,0,1,0,0,1,0
58,19,30.387113571166992,92923,4,0.5446645247588352,1,0,0,0,0,0,0
37,18,112.62193298339844,94672,2,2.2282177993375107,3,522,0,0,0,0,1
32,6,149.2532501220703,95272,1,4.476569028993542,1,0,0,0,0,0,0
48,32,101.36019897460938,96199,4,1.3103562072352173,1,0,1,0,0,1,0
46,28,41.39478302001953,95105,3,0.8283378468390444,3,148,0,0,0,1,0
54,37,15.68071174621582,90881,4,0.20434084724996215,1,90,0,0,0,0,0
53,20,160.5530548095703,90326,2,2.747306620707937,1,0,0,0,0,0,0
50,29,94.54248809814453,94456,2,1.6919207601192179,3,0,0,0,0,0,0
46,17,29.586383819580078,90209,4,0.45587602914918596,3,0,1,0,0,1,0
43,14,147.9634246826172,94738,2,3.0689723564796236,1,250,0,1,0,1,0
40,8,78.77520751953125,95832,3,0.5117896124617147,2,0,0,0,0,1,0
61,32,97.37122344970703,92922,2,1.9297761623560816,2,0,0,1,0,0,0
34,10,67.76295471191406,94241,2,0.6840820591176204,1,116,0,0,0,1,0
27,2,32.68096160888672,90999,3,1.1343833971926585,3,0,0,1,0,0,0
55,27,26.9841365814209,95692,2,2.0272692890120574,3,73,0,0,0,1,0
37,7,28.16506576538086,90022,2,0.6907673522133916,2,0,0,1,0,1,0
57,38,37.03257751464844,91350,1,0.30188314353691437,1,0,0,1,0,1,0
64,36,82.60692596435547,95374,3,1.9242980507466507,1,181,0,0,0,1,0
56,23,133.70635986328125,94775,1,2.619898504488141,1,0,1,0,0,1,0
49,28,109.71359252929688,91178,2,3.952392579283084,1,354,0,0,0,1,0
62,35,36.263465881347656,93432,2,1.781631959655904,3,0,0,1,0,1,0
53,26,39.40216827392578,94344,1,1.291801526394084,3,0,0,0,0,1,0
27,1,31.309572219848633,90983,1,1.415336858532234,2,0,0,0,0,1,0
39,14,31.248546600341797,93990,3,1.5946244773454903,2,0,0,0,0,1,0
60,40,99.49885559082031,94352,4,0.18919132793035287,3,0,1,0,1,1,1
44,21,64.05684661865234,93077,4,0.3965961329649657,3,0,0,0,0,1,0
43,22,38.44559860229492,92878,1,0.3535066941519781,2,117,0,0,0,0,0
56,29,44.60295486450195,94080,4,1.3637920034070916,2,99,1,0,0,1,0
41,14,80.84613037109375,91402,2,4.765529259762598,1,0,0,0,0,0,0
49,27,37.909202575683594,92120,4,1.8590689694870959,1,123,1,0,0,0,0
51,15,24.146657943725586,94357,3,0.2906266737773047,2,201,0,0,0,1,0
33,7,195.12611389160156,90782,2,3.656083246688971,1,0,1,0,0,1,0
62,36,106.50792694091797,90199,4,2.4188446509230146,1,0,1,0,0,0,0
56,35,59.80030822753906,94267,3,1.9734540830284877,1,108,0,1,0,0,0
65,42,73.154296875,95327,3,1.2992685585744406,2,0,0,0,0,1,0
26,0,69.04022216796875,92493,2,3.52834709262614,3,321,0,0,0,0,0
50,32,33.4964599609375,94452,2,0.6333733110643539,2,154,1,0,0,1,0
27,0,83.96631622314453,92087,2,2.6747177167197425,3,187,0,0,0,1,0
61,34,125.0604476928711,90310,1,6.258607592071386,1,0,0,0,0,0,0
51,29,21.695507049560547,96007,3,1.9898663064748683,1,0,1,0,0,1,0
60,32,89.2558822631836,92737,3,2.1478069285289028,1,106,0,0,0,0,0
50,20,57.52560043334961,93973,4,1.9500597751159856,1,0,0,1,0,0,0
49,15,50.358428955078125,91090,4,0.7744002284491824,1,0,0,0,0,0,0
40,15,52.93836975097656,92979,1,1.7190377146669817,3,0,1,0,0,0,0
37,10,156.1541290283203,92092,3,1.1281209363913272,3,0,1,0,0,1,1
65,41,42.293128967285156,94925,4,0.9760281263102563,2,0,0,0,0,1,0
48,25,64.62509155273438,94991,4,3.2189531288629487,3,206,1,0,0,0,0
34,13,147.90139770507812,95516,3,3.208493919647681,3,0,0,0,0,0,1
31,16,28.640615463256836,91413,1,0.3460272386752337,3,0,0,0,0,1,0
41,21,94.19078826904297,90412,4,1.9457373605518555,1,0,0,0,0,0,1
33,14,71.14300537109375,94616,4,1.2690292026467618,1,128,1,0,0,0,0
55,34,40.10615158081055,94310,3,0.832527539144068,2,83,0,0,0,1,0
45,20,19.180408477783203,91029,4,0.3674885369358071,2,99,0,0,0,0,0
35,9,103.10127258300781,92601,1,0.7859674702125565,1,257,0,0,0,0,0
60,31,56.53868865966797,91124,1,2.0878800530102266,1,0,0,0,0,0,0
28,1,16.447406768798828,94271,4,1.0373698610934112,2,195,0,0,0,1,0
43,21,36.50324249267578,93122,2,0.7456961358740999,3,128,0,0,0,1,0
36,16,57.52229690551758,90284,2,1.6190821330993526,3,0,0,0,0,0,0
32,4,34.66582107543945,95947,3,0.9135886666593386,2,0,0,0,0,1,0
36,14,73.67082977294922,94446,4,0.5841827800920872,1,0,1,0,0,1,0
61,36,58.99814987182617,95216,4,1.7312796738042202,3,0,0,0,0,0,0
33,7,108.39558410644531,92987,2,4.338899389987367,1,0,1,1,1,1,1
59,39,55.7329216003418,94784,4,1.8273588049738032,2,0,1,0,0,0,0
36,21,43.8411750793457,95744,4,1.5579038045827156,3,0,1,0,0,0,0
43,16,64.00068664550781,92111,2,3.4630967972528723,1,0,0,0,0,1,0
42,25,165.9104461669922,90669,1,8.343054508786047,1,146,0,0,0,0,0
33,8,56.718624114990234,94325,3,0.12545434876385173,1,0,0,0,0,0,0
58,30,63.10264587402344,94145,4,0.40819905863853245,2,0,0,0,0,0,0
29,8,83.14069366455078,93421,3,1.1398823962442544,2,0,0,0,0,1,1
30,2,56.35867691040039,94781,3,0.912065850158713,2,0,1,0,0,1,0
40,19,35.671539306640625,91233,2,0.7058166427520578,3,168,1,0,0,1,0
36,15,16.62156867980957,91979,3,0.9163151271788558,2,0,0,0,0,1,0
30,17,119.53226470947266,91234,1,1.3371059327859336,1,0,1,0,0,0,0
27,4,67.48863220214844,92506,2,0.9287351526783436,2,0,0,0,0,1,0
36,4,55.66590118408203,91458,1,0.16193679093491944,2,0,0,0,0,0,0
26,-1,29.487295150756836,94139,4,0.3324628109193904,3,0,1,0,0,0,0
57,34,89.22196960449219,92314,1,0.7992713718749209,1,0,0,0,0,1,0
59,31,186.364013671875,93113,1,8.66651267581478,2,0,0,0,1,1,1
51,23,40.15797805786133,94179,3,0.19471446088831545,1,0,0,0,0,1,0
52,32,66.51728820800781,95671,3,1.35392698135445,2,0,0,0,0,1,0
36,7,35.44432067871094,90542,2,1.4942149465505574,3,0,1,0,0,0,0
53,22,78.7270736694336,94614,2,0.19767965638167528,2,0,0,0,0,1,0
62,35,86.59874725341797,91867,4,1.787114542377562,1,0,0,0,0,1,1
33,13,74.08982849121094,94782,3,1.0226376478633705,1,0,1,1,0,0,0
44,17,90.88078308105469,92258,3,2.8240310243259197,2,142,1,0,1,1,0
38,9,214.72250366210938,92763,1,4.758861070424075,1,383,0,1,1,1,0
60,37,39.565345764160156,95440,4,0.18060778415884937,1,0,0,0,0,0,0
41,28,57.079803466796875,90274,3,0.9464514465466032,3,167,1,0,0,1,0
30,2,42.02073287963867,92234,4,1.0076447654621417,1,91,0,0,0,0,0
57,24,127.86862182617188,94735,4,8.8467499062783,1,0,0,0,0,0,0
46,29,47.24938201904297,95950,2,2.5989742437866545,1,0,0,0,0,1,0
30,16,52.59318542480469,95692,4,3.4434072239188387,3,0,0,0,0,0,0
42,29,46.048927307128906,95494,4,1.9728882500380929,3,0,1,0,0,1,0
37,8,69.36144256591797,94110,2,2.9352945995565194,3,139,0,0,0,0,0
35,4,27.02884292602539,91739,4,1.4598597694590023,3,0,1,0,0,0,0
47,23,34.864341735839844,96192,4,0.4216734456588446,3,0,0,0,0,0,0
31,5,43.55954360961914,91597,1,1.679168114571147,1,0,0,0,0,0,0
52,21,25.495447158813477,92668,4,1.6080183596333733,1,228,0,0,0,0,0
35,11,69.10057067871094,94414,4,2.670390987474398,3,0,0,0,0,0,0
47,27,26.15839195251465,94739,4,1.3154963677396956,1,0,1,0,0,1,0
28,0,162.68661499023438,91026,1,5.914761259816607,2,0,0,0,0,1,1
55,30,56.31116485595703,95592,3,1.1714263713823978,3,0,0,0,0,1,0
60,30,142.50901794433594,91929,2,3.5236986893228806,1,398,0,0,0,0,0
38,16,48.28120422363281,91946,1,1.2565929163893244,3,0,0,0,0,0,0
48,28,36.47331237792969,94747,3,2.3241555426120466,2,0,1,0,0,0,0
30,6,103.12726593017578,94535,2,2.179661563442591,1,0,1,0,0,0,0
43,18,139.0410614013672,90936,2,7.02384585127262,1,0,0,0,0,0,1
33,16,42.2042236328125,92454,2,2.9566750038379523,2,103,0,0,0,1,0
40,24,25.875537872314453,95800,3,1.4629589994626264,3,100,1,0,0,1,0
34,7,59.82837677001953,95052,1,3.319699153674621,3,0,0,0,0,1,0
31,17,30.334379196166992,96114,3,1.8292818578187908,1,123,0,0,0,1,0
36,7,144.11502075195312,94588,1,5.78152992361019,1,101,0,0,0,1,0
34,10,50.63157653808594,94342,1,1.5185115948496757,1,0,0,0,0,1,1
64,41,49.34305953979492,92943,4,1.9466254715304014,2,91,0,0,0,1,0
54,25,78.11097717285156,94714,1,3.023356985841318,2,0,0,0,0,1,0
54,28,77.51334381103516,91439,2,2.587456903060064,3,0,0,0,0,1,0
55,32,52.50655746459961,95671,1,2.4038115767349018,3,344,1,0,0,0,0
39,9,125.95782470703125,91895,2,2.585963032858929,1,0,1,0,0,1,0
60,33,29.654664993286133,90811,3,0.5715282994390989,2,127,1,0,0,0,0
25,1,91.25042724609375,94769,1,1.9933393671476896,2,0,1,1,1,1,0
45,23,176.8035125732422,92734,2,6.910058465796414,1,0,1,0,0,1,0
67,37,65.03627014160156,92914,3,1.897304196580167,2,0,0,0,0,0,0
42,12,79.28363037109375,94630,3,0.2804320214551399,2,129,0,0,0,0,0
26,1,97.88603973388672,90376,3,0.8710233272550901,3,0,0,1,1,1,1
53,31,46.8213005065918,94313,4,0.4447073391449833,1,0,1,0,0,1,0
39,5,50.06264114379883,92247,4,1.4593905622715604,1,135,0,0,0,1,0
52,37,33.91314697265625,95890,1,0.1791803925191623,3,0,1,0,0,0,0
60,36,120.43415832519531,92019,2,2.439354052478993,1,0,1,1,1,1,0
53,20,67.134765625,94156,2,2.004331758916858,1,0,0,0,0,0,0
56,19,116.51785278320312,96075,3,1.6640654093489742,3,0,0,0,0,0,0
57,32,39.00386047363281,91248,3,1.7611463475408011,2,0,0,0,0,0,0
57,34,119.04666137695312,94063,2,2.2536898537192824,1,0,1,0,0,1,0
55,20,35.86555862426758,91444,1,2.6951387185393787,1,0,0,0,0,1,0
30,4,97.01482391357422,94312,3,3.713902117314669,2,0,0,1,0,1,0
48,36,64.62317657470703,90172,4,1.770855473899658,1,0,0,0,0,0,0
46,32,34.923583984375,95572,3,1.7466819582885238,2,0,0,0,0,0,0
39,18,148.82412719726562,95205,3,3.151959485072806,1,0,0,1,0,1,0
46,28,140.7449188232422,89891,2,1.3661645404114469,1,251,0,1,0,0,0
34,4,187.07449340820312,92731,4,2.881787590888915,3,0,0,1,0,1,1
35,6,66.7706298828125,90315,4,4.2223178080947505,3,202,1,1,0,0,0
58,26,163.58209228515625,93960,2,2.5650040311956186,1,0,1,0,0,0,0
63,29,16.678146362304688,92080,2,0.6714464999950288,2,116,0,0,0,1,0
40,16,75.00303649902344,92947,1,2.5257719543236963,2,224,0,0,0,0,0
43,23,148.83706665039062,94592,3,2.0148990203502417,3,274,0,1,0,1,0
44,16,37.92425537109375,94384,3,1.340894928673554,1,182,0,0,0,1,0
33,7,94.51665496826172,91552,2,2.957300255514115,1,0,1,0,0,1,0
39,12,58.222076416015625,92592,2,0.4512834824602036,3,229,0,0,0,0,0
24,0,48.7564697265625,95214,2,0.20193922128125913,3,0,0,0,0,1,0
46,22,83.84862518310547,93026,2,2.185980634498786,2,0,1,0,0,0,0
37,9,171.72763061523438,91358,2,4.28536234286557,1,303,0,0,0,1,0
46,9,36.014949798583984,94000,2,0.08029366021665013,3,0,0,0,0,1,0
59,37,32.44090270996094,94210,2,1.8930648215231032,3,0,1,0,0,1,0
47,20,26.366039276123047,89527,4,1.268748696555642,3,161,0,1,0,0,0
52,25,58.75091552734375,96178,4,1.0329621503065676,3,0,0,0,0,0,0
36,13,37.76549530029297,93380,4,6.576766374605589,1,0,0,0,0,1,0
42,16,63.272865295410156,95644,2,0.2306689150701312,2,0,0,1,0,1,0
56,34,34.206298828125,93641,1,0.4052002313800271,2,0,0,0,0,1,0
36,10,44.54652404785156,93942,2,1.4706483384584879,3,0,0,1,0,1,0
26,1,70.88512420654297,96146,4,1.4271264071484184,3,0,0,1,0,1,0
28,9,58.49187088012695,94394,4,1.5419278087142627,2,0,0,1,0,0,0
41,27,49.02986145019531,92049,4,1.0926457490188204,2,0,0,0,0,0,0
35,17,182.6586151123047,94756,2,6.358813988981736,1,0,0,0,0,0,0
41,13,88.12358856201172,91866,4,2.180353962629378,1,0,0,0,0,1,1
53,33,32.89158630371094,92872,4,0.8354805675720127,3,0,0,0,0,0,0
29,3,52.071937561035156,94565,1,1.1588232882071496,3,0,0,0,0,1,0
42,30,66.37195587158203,95454,3,1.4237877352287989,3,0,1,0,0,0,0
49,30,123.84382629394531,92269,2,2.5973141344209365,1,0,0,0,0,0,0
59,25,101.47074890136719,89924,2,4.322567165864997,3,0,0,0,0,0,0
28,5,97.15904998779297,94359,3,2.4742767450445413,1,0,1,0,0,0,0
29,6,37.94419860839844,93922,2,1.3689213932410886,1,0,0,0,0,1,0
40,14,96.23217010498047,91996,1,3.607222043659689,3,0,0,0,0,1,0
50,23,57.0307502746582,91968,3,0.3081487543337619,1,0,0,0,0,1,0
52,22,22.314884185791016,91854,3,0.041902212761987134,2,0,0,0,0,1,0
57,22,49.087608337402344,93315,1,0.5451365153149708,3,172,0,0,0,0,0
34,6,50.195194244384766,92096,4,1.470398680543907,1,0,0,0,0,1,0
34,2,55.18209457397461,90377,3,1.9639957073839878,2,217,1,0,0,0,0
58,32,64.1433334350586,93179,1,0.9381103470135171,3,0,0,1,0,0,0
61,32,47.654422760009766,94506,1,2.141475932738574,1,0,1,1,1,1,0
60,32,24.462703704833984,94226,4,0.10872803901880393,1,0,0,0,0,1,0
41,24,92.69542694091797,95219,1,1.5851200766769948,1,0,1,0,0,0,0
36,10,24.706768035888672,92112,2,0.15450802176942993,1,140,0,1,0,0,0
28,0,121.77265930175781,94364,4,3.5029225572331466,1,0,0,0,0,1,0
31,8,55.192291259765625,95181,2,2.9011824891818803,1,0,0,1,0,1,0
27,14,34.235870361328125,91453,4,0.21283456593912953,3,0,0,0,0,0,0
40,24,74.36441802978516,96135,1,0.9369816710955794,3,372,0,0,0,1,0
28,6,51.04762649536133,94619,4,3.2471209562270245,1,0,1,0,1,1,0
32,7,26.868452072143555,94117,2,2.21019291111739,2,0,1,0,0,0,0
50,23,56.728736877441406,92256,4,1.726048922107555,3,0,0,0,0,1,0
42,13,24.916057586669922,93766,2,0.4837977440355623,1,0,1,1,0,1,0
45,22,151.79034423828125,96112,1,0.9359520611527802,1,0,0,0,0,1,0
55,20,152.7310333251953,95364,2,6.75497844218275,1,0,0,0,0,1,0
51,22,68.47503662109375,95761,2,0.02490919244837514,1,0,0,0,0,1,0
56,16,70.15435791015625,94031,2,0.12295190367340375,1,0,0,0,0,1,0
57,36,105.00102996826172,94685,3,3.9945068448032504,1,0,0,0,0,0,0
34,7,158.3169403076172,94729,1,1.5351365514263549,3,0,1,1,1,0,1
63,34,18.015056610107422,93770,3,0.13302075188832047,2,0,0,0,0,1,0
55,38,83.98176574707031,92679,4,0.43128885193628985,3,0,1,0,1,1,0
47,15,39.57713317871094,91586,3,0.21953263017783012,1,0,0,0,0,1,0
61,36,27.035274505615234,91845,3,2.6531699415812526,2,0,1,0,0,1,0
39,14,31.844266891479492,95931,3,0.8496205566485793,2,0,0,0,0,1,0
61,35,109.2388687133789,94281,2,2.937133571222615,1,0,0,0,0,0,0
46,19,176.95774841308594,92664,4,3.745973972096255,3,0,0,0,0,0,1
34,11,114.6156997680664,95750,1,1.2792052542494141,2,272,0,1,0,1,0
40,18,116.6524429321289,96266,4,1.9751904731825638,3,0,1,0,0,0,0
33,6,19.56696891784668,92060,2,0.56656553613987,3,0,1,0,0,1,0
61,36,129.09962463378906,89837,2,0.7278917091632608,1,0,1,0,0,0,0
38,18,50.84617233276367,91336,1,0.5214611966162299,1,199,0,1,1,1,0
45,28,77.31421661376953,94381,2,1.611572181988358,3,0,0,0,0,1,0
60,37,56.343936920166016,91201,3,1.7193555723626823,2,0,1,0,0,0,0
36,12,21.231576919555664,95927,1,1.080613541553204,2,0,0,0,0,1,0
62,33,54.405330657958984,93813,2,2.6717265125980334,3,0,0,0,0,1,0
39,8,44.663246154785156,91839,3,0.318510155302985,2,0,0,0,0,0,0
39,15,132.37811279296875,94765,3,0.3481342547718679,2,0,0,0,0,1,1
36,14,40.32160949707031,96487,4,0.30849223845839296,1,0,0,0,0,1,0
59,34,26.17255973815918,90015,2,0.5460487300484136,3,133,1,0,0,1,0
31,5,42.560245513916016,92338,1,2.72039996463147,3,433,0,0,0,0,0
31,2,108.51421356201172,95217,4,4.474048300038709,1,435,0,0,0,0,0
63,32,74.85625457763672,94804,2,2.217104157887923,3,133,1,0,0,1,0
45,8,25.66246223449707,95739,1,0.07403061930332044,3,0,0,0,0,1,0
54,27,103.23413848876953,94242,1,5.6821433868543,2,0,0,0,0,0,0
57,32,37.602142333984375,92707,2,0.6932395559778302,3,0,0,0,0,0,0
47,28,62.21674346923828,93067,1,2.369745195425677,3,168,0,0,0,1,0
51,17,56.39244079589844,89992,1,0.7713133578268669,3,172,0,0,0,0,0
26,0,63.62717056274414,95405,4,1.2490290933716492,2,0,0,0,0,1,0
42,12,15.506872177124023,95840,4,1.3364313333667006,2,96,0,0,0,1,0
54,25,149.4981231689453,91993,1,0.12754225084186166,1,144,0,0,0,1,0
38,14,165.608154296875,91442,3,2.150239712356195,1,150,1,0,0,1,0
41,14,49.17959976196289,90472,3,0.4205703812035245,2,0,0,0,0,1,0
45,28,173.1536102294922,90761,1,1.949173834087696,1,312,0,0,0,0,0
36,11,84.0988540649414,94275,3,2.755750751438071,2,0,0,0,0,0,0
38,4,100.64867401123047,92246,4,2.8834791728296185,2,0,0,0,0,1,0
34,10,48.71830749511719,92028,3,0.835525941658592,2,0,0,0,0,0,0
59,26,70.61225891113281,92620,2,3.278779836458532,1,0,1,0,0,0,0
36,2,28.103300094604492,94339,1,1.5460283681486937,2,0,1,0,0,1,0
59,20,30.420921325683594,94205,1,1.5978213575133002,3,159,0,1,0,0,0
35,12,102.70904541015625,94431,2,1.6879438353680363,2,0,0,0,0,0,0
44,16,91.02841186523438,92121,3,0.546457606928408,1,0,0,0,0,0,0
56,31,31.1203670501709,94482,1,0.6187364072133692,2,148,0,1,0,1,0
41,22,62.82180404663086,95948,4,1.5324188770298315,2,332,0,0,0,0,0
39,13,65.6000747680664,89978,3,6.547262512436158,1,0,1,1,0,0,0
27,0,40.940818786621094,94787,2,1.7419532365552606,2,0,0,1,0,0,0
54,26,41.63963317871094,95359,4,0.4249003345547586,1,0,0,0,0,1,0
57,24,88.66390991210938,94987,3,0.4126961867055978,2,0,0,1,1,1,1
51,25,133.77281188964844,94879,4,1.1228288784330207,2,0,0,0,0,1,1
40,26,89.69307708740234,95664,2,6.839293601836965,1,0,1,0,0,1,0
40,17,100.03251647949219,95526,1,0.1672089257046614,1,0,0,0,0,1,0
43,7,34.38829803466797,91907,4,2.0186322073735887,1,0,0,0,0,1,0
51,20,91.15802001953125,90185,3,2.9566176455725426,1,0,1,0,1,0,0
34,14,94.873046875,91848,3,0.5122428553428925,3,0,0,0,0,0,1
44,20,182.56878662109375,94473,1,2.720083068193705,1,0,1,0,0,0,0
45,23,57.76683044433594,94632,2,0.9032861971923206,1,364,0,0,0,1,0
55,29,59.329612731933594,91808,4,0.03484660654953586,3,0,0,0,0,0,0
64,41,198.08450317382812,91981,1,1.9203114172500289,1,0,0,0,0,1,0
40,17,65.34202575683594,94868,2,0.38811096727433353,1,0,0,0,0,0,0
57,39,107.20500183105469,92144,2,2.4635628552417526,1,389,0,0,0,0,0
50,22,19.722919464111328,94332,3,0.27310699513386694,2,63,0,0,0,0,0
48,18,95.76164245605469,95404,1,4.011133601936489,2,170,0,0,0,1,0
26,1,29.864501953125,94767,4,0.7625445276405963,3,0,1,0,0,1,0
38,11,14.597475051879883,91494,1,0.46691815653589436,2,0,1,0,0,1,0
41,22,135.45013427734375,95664,1,1.7322175763621166,1,0,0,1,0,0,0
48,33,56.61614990234375,94195,4,1.8014241871907366,1,0,0,1,0,1,0
31,5,61.28200149536133,94283,3,1.3449220086745064,2,110,0,0,0,1,0
51,19,80.34884643554688,92426,1,2.4024707214493577,1,385,0,0,0,1,0
50,25,16.866371154785156,94755,1,0.8531946095319447,1,0,1,0,0,0,0
45,17,99.91480255126953,91283,4,2.7578556992217185,1,0,0,0,0,0,0
61,36,72.59101867675781,94135,2,0.40732526801753766,1,0,0,0,0,1,0
42,20,74.39228057861328,90043,2,2.513105711317924,3,0,0,1,0,1,0
59,15,22.90937614440918,94460,3,1.0021734886527554,2,0,0,0,0,0,0
45,25,134.69223022460938,94688,1,0.7245707291296946,1,0,0,0,0,0,0
44,23,50.4421272277832,91079,1,0.04373786189369716,3,0,0,0,0,1,0
37,13,52.138370513916016,92251,1,3.2208500396038677,2,0,1,1,0,0,0
29,14,75.41749572753906,92739,1,2.305107863700292,1,0,0,0,0,1,0
53,24,51.98991394042969,91921,3,1.5573717422276898,2,0,0,0,0,0,0
54,25,30.06110954284668,93952,4,2.4633037433217986,2,0,0,0,0,1,0
27,10,178.1556854248047,94725,2,3.656367100832224,2,0,0,0,0,1,1
60,37,103.73896789550781,95445,1,2.4630176148231007,1,0,0,0,0,1,0
32,6,67.7034912109375,91409,2,1.7424013250531998,3,0,0,0,0,0,0
50,19,40.97217559814453,92061,3,2.306194908969167,2,0,0,0,0,1,0
39,20,190.81333923339844,90169,2,4.520181904448991,1,439,1,0,0,0,0
29,6,158.28407287597656,92382,3,3.9207169436456697,1,0,1,0,0,0,1
33,6,18.456161499023438,94045,3,0.3855628831957101,2,0,0,0,0,0,0
30,4,80.64239501953125,94529,2,0.3800680386570274,1,0,0,0,0,1,0
57,30,65.22695922851562,94492,3,0.8431648206911033,2,0,1,0,0,1,0
61,33,62.11643981933594,94877,3,0.8277916479966243,2,0,1,0,0,1,0
50,20,17.424217224121094,92737,3,1.2638687101257857,1,109,0,0,0,1,0
27,3,92.64683532714844,91650,4,1.1621614774994127,3,0,0,0,0,1,0
37,5,215.10914611816406,94555,1,5.075021689609972,3,518,1,1,1,1,1
44,23,44.4030647277832,94009,2,1.9125180813010758,3,119,1,0,0,1,0
29,11,132.2650146484375,95258,4,0.19766410889014535,3,0,1,1,0,0,1
56,32,36.165733337402344,90062,4,1.3525157657241627,3,111,1,0,0,1,0
47,18,52.44076919555664,91257,3,0.14707771566751954,3,0,0,0,0,1,0
36,16,35.43443298339844,91950,4,0.5019225686886588,1,0,1,0,0,0,0
30,17,99.631103515625,95752,4,4.317331016797764,3,0,1,0,0,0,1
33,20,35.66300964355469,90467,4,1.109941515540972,1,0,0,0,0,0,0
24,0,73.5698471069336,94477,2,2.4432191586743426,2,0,0,0,0,1,0
65,33,108.29508972167969,90133,2,0.5836712282409469,3,0,0,0,0,1,0
48,23,124.97357177734375,95089,1,2.9519326755119017,1,0,1,0,0,1,0
57,17,55.385040283203125,90228,2,1.0708347889313168,2,0,0,0,0,1,0
44,22,53.27015686035156,95416,1,2.2799240420273934,3,286,0,0,0,0,0
61,36,91.50465393066406,92649,2,1.8418134736841318,2,149,0,0,0,1,0
28,5,34.95250701904297,92332,2,0.7402865321481474,1,0,0,0,0,1,0
57,38,103.59811401367188,92403,2,0.6506446660882637,2,144,0,0,0,0,0
49,24,35.04970932006836,91762,4,0.9848907555657166,3,0,0,0,0,1,0
54,24,65.9993896484375,93756,2,2.7426278367298096,3,0,1,0,0,0,0
48,30,40.53676223754883,91952,3,0.6298428952712181,2,0,1,0,0,0,0
63,37,58.88225555419922,91375,2,3.6630193146884573,1,0,0,0,0,0,0
52,20,175.5397186279297,94142,4,0.5653038008649041,2,0,0,0,1,1,1
34,9,146.1868896484375,94104,2,5.0576714558492695,1,0,0,0,0,0,0
64,39,61.83936309814453,90209,4,0.37667854927281585,2,0,0,0,0,1,0
45,24,65.97731018066406,94441,1,2.5553571196231295,3,0,1,0,0,0,0
60,33,55.99773025512695,94465,3,2.437063464041873,3,0,0,0,0,0,0
37,7,75.33436584472656,94885,4,1.3309626967708583,2,0,0,0,0,0,0
43,17,16.11492156982422,91797,3,0.7578824448512572,3,60,1,0,0,0,0
55,18,41.57898712158203,90969,4,0.2184170618090771,3,0,0,0,0,0,0
56,32,49.354469299316406,95347,3,1.8911368479568378,1,0,0,0,0,1,0
58,39,40.84623336791992,89993,4,2.484654977751038,1,0,1,0,0,1,0
63,36,74.27750396728516,95211,4,2.258780520089298,3,0,0,0,0,1,0
48,23,48.66762161254883,95017,4,1.2201587176643842,2,99,0,0,0,0,0
35,22,50.8068962097168,94784,3,1.310453895136336,2,84,1,0,0,0,0
44,10,128.83535766601562,94672,2,1.0458592582025967,1,0,0,0,0,0,0
34,6,21.111791610717773,94439,4,0.21449830375700868,1,0,1,0,0,1,0
49,19,162.39512634277344,94820,2,5.660823961088678,1,256,0,0,0,0,0
58,34,59.17236328125,94174,2,2.2935822180917786,1,0,1,1,1,1,0
31,8,48.15245056152344,95457,3,2.1411136477567756,2,0,0,0,0,0,0
48,17,161.5762176513672,91559,1,4.112996794006827,1,0,0,0,0,1,0
53,28,28.31732749938965,92651,1,0.40670097544936656,3,0,0,0,0,1,0
59,34,145.26988220214844,90861,3,1.8765991389526597,1,0,1,1,0,1,0
40,25,159.00852966308594,91174,3,2.1735141560843343,3,0,0,0,0,0,1
31,11,15.387157440185547,95918,4,0.19113057262761224,1,0,0,1,0,0,0
31,5,42.61557388305664,93123,3,0.1999963968839618,1,0,1,0,0,0,0
42,22,151.33108520507812,92930,1,5.619005346582612,1,0,0,0,0,1,0
61,27,97.03385925292969,91704,1,1.8468043839304917,3,230,0,0,0,1,0
55,22,31.89654541015625,94356,3,0.7851646305159787,2,166,0,0,0,0,0
46,23,65.27964782714844,92780,1,0.1989918461218483,1,115,0,0,0,0,0
37,17,93.2021484375,94395,2,2.0077561637075463,1,0,0,0,0,1,0
35,8,40.433868408203125,94173,3,1.491314843281684,2,0,0,0,0,0,0
53,32,37.79255676269531,94870,4,4.804891155423636,1,251,1,0,0,0,0
33,7,102.70024871826172,94935,4,2.723700946170713,1,0,0,0,0,0,0
61,35,30.691848754882812,90077,4,0.9315094303987088,2,135,0,0,0,0,0
49,21,103.0785903930664,91523,1,1.9919852028579685,1,0,0,1,0,0,0
36,12,19.061233520507812,92899,4,0.314840161970223,2,83,0,0,0,1,0
58,20,65.21194458007812,94422,1,1.1802593076933474,1,132,0,1,0,1,0
58,37,32.98025894165039,95203,3,2.7854327147243088,1,123,0,0,0,0,0
44,17,53.1494255065918,90689,1,1.1077261607217077,3,0,0,0,0,1,0
39,21,98.92857360839844,96176,3,2.263991578987632,3,230,0,0,0,1,0
39,9,41.502593994140625,94861,1,0.15290563530180232,2,152,0,0,0,1,0
33,6,65.98701477050781,93979,3,1.95293487512598,2,0,0,0,0,0,0
61,36,22.5345516204834,90566,3,0.18605362272028225,2,0,0,0,0,1,0
55,24,87.09767150878906,91419,2,3.556104297360949,3,0,0,0,0,1,0
41,19,9.563382148742676,90296,4,1.1177142203974824,3,95,1,0,0,1,0
27,-1,205.74307250976562,95150,2,6.266776246688994,2,0,1,0,1,1,1
61,36,84.59117889404297,94531,4,0.2655887984813441,2,533,1,0,1,1,1
45,13,17.59603500366211,91739,4,0.18267036282508609,3,0,1,0,0,0,0
46,21,101.1938705444336,94770,1,2.137971632672223,1,0,1,0,0,0,0
58,36,107.779052734375,91352,3,1.7559208792444037,2,528,1,0,0,0,1
47,25,49.613956451416016,94357,1,1.9500330854444248,3,0,0,0,0,0,0
48,16,58.29467010498047,94680,2,1.4642857209547882,3,0,0,0,0,1,0
63,39,79.65957641601562,95262,4,0.4233630146942416,3,0,0,0,0,0,0
31,2,28.573062896728516,92769,4,0.6850002876708019,2,103,0,0,0,0,0
41,20,70.84886169433594,95663,2,2.5126781070185684,1,0,1,1,0,1,0
53,26,164.04014587402344,94063,2,0.6800569802309014,1,0,0,1,0,1,0
28,5,159.10745239257812,94945,4,3.645619733020789,1,0,0,0,0,1,1
50,27,130.21258544921875,94920,1,3.2250083389567994,3,167,0,0,0,0,1
41,23,63.3326301574707,94872,2,4.566996967652955,1,0,1,0,1,1,0
50,22,21.095788955688477,92950,4,0.5026755953086739,1,0,0,0,0,1,0
54,27,15.713104248046875,91391,2,0.07368056144456611,2,0,1,0,0,1,0
58,25,53.253482818603516,91822,2,0.21063522057554276,1,66,1,0,0,1,0
60,37,44.48537826538086,90722,3,3.2167913776911745,2,0,0,0,0,0,0
33,19,71.64904022216797,94159,4,1.732992863819048,1,0,1,0,0,0,0
53,25,29.034269332885742,94830,3,1.3356301660116208,1,0,0,1,0,1,0
35,9,17.441204071044922,90365,4,0.7604020938816993,2,0,0,0,0,0,0
52,22,69.6484375,90426,2,1.6023810571660992,3,224,0,0,0,0,0
53,30,138.6434326171875,94064,2,1.8468119773277936,3,0,0,1,0,0,1
60,36,127.8360366821289,93937,4,1.854193796125483,3,0,0,0,0,1,1
45,34,176.7140350341797,90069,1,2.997372623600412,3,267,0,0,0,0,1
32,4,36.303340911865234,91688,1,1.9840820979168918,1,0,0,0,0,1,0
38,7,32.5634765625,94645,4,0.6028435579704357,2,152,0,0,0,1,0
59,32,35.46154022216797,91919,4,2.8744370743489123,1,0,0,0,0,0,0
63,40,88.19823455810547,94609,1,3.685399839841957,2,0,1,0,0,0,0
43,16,58.13898849487305,91712,3,2.060454633310069,1,190,1,0,0,0,0
38,10,29.599348068237305,90040,4,0.14541594874952884,3,0,0,0,0,0,0
27,2,106.11334991455078,94741,4,1.701994916783304,3,0,1,0,0,1,0
57,35,86.34071350097656,92018,2,0.8952184222797008,1,0,1,0,0,0,0
28,-2,109.16439819335938,92227,3,2.6748340860065527,1,214,0,0,0,1,0
27,4,11.276837348937988,92170,3,1.2965295765391804,2,106,0,0,0,1,0
48,30,51.87959671020508,92528,2,0.326443667165464,3,0,0,0,0,0,0
55,35,36.383628845214844,90315,1,0.7697538035929431,3,0,0,0,0,0,0
55,32,29.247543334960938,91271,4,0.9878791629861106,3,0,1,0,0,0,0
54,20,69.04722595214844,91347,4,0.5168699490799437,1,0,0,0,0,1,0
62,35,46.33658218383789,90109,1,3.4648504006452283,3,0,0,0,0,0,0
59,32,78.29440307617188,90019,3,0.6825668489464899,1,0,1,0,0,0,0
37,17,50.69755935668945,91805,3,1.6262232861418826,2,161,0,0,0,1,0
32,3,26.46475601196289,91395,4,1.5219146857549584,1,0,0,0,0,1,0
32,5,41.761993408203125,91235,4,0.3033437683407314,1,0,1,0,0,0,0
48,24,60.1728630065918,91128,3,0.06151469373219348,2,0,0,1,0,0,0
59,35,75.07823181152344,95768,1,2.5767637312114715,1,0,0,0,0,1,0
66,40,20.830623626708984,95314,1,0.41618061694503056,2,0,0,0,0,1,0
35,18,195.3721160888672,92142,2,7.686481551345078,1,0,0,0,0,1,0
51,33,67.39082336425781,95400,1,4.03181037677938,1,233,1,1,1,1,0
60,34,98.90726470947266,95986,2,4.710700797765943,2,0,1,1,1,1,0
41,26,93.607177734375,94211,3,4.4878170162762805,1,0,0,0,0,1,0
61,40,19.720291137695312,94022,1,0.8854512194390466,1,0,1,0,0,1,0
55,29,95.58963012695312,94808,2,0.9036023732412231,1,0,1,0,0,0,0
56,15,65.99878692626953,92087,3,2.417206426390634,2,0,0,0,0,1,0
50,21,81.45179748535156,95037,1,2.1890216536127367,1,0,0,0,0,0,0
49,21,25.181827545166016,91189,3,0.0157322735844333,3,0,0,0,0,0,0
29,4,40.265480041503906,94523,2,2.0309548179166548,2,205,1,0,1,1,0
44,21,45.41048049926758,95909,3,0.5625578685757093,2,0,1,0,0,0,0
34,10,68.71144104003906,93822,3,2.033965841149077,2,0,0,0,0,0,0
61,31,195.77789306640625,93492,2,5.26549000879191,2,267,0,0,0,1,0
50,32,37.62781524658203,90260,3,0.4471788531700433,2,0,0,0,0,0,0
25,6,128.4991912841797,92194,2,6.578300721861771,1,233,1,0,0,0,0
49,23,39.97111511230469,96116,3,2.5488154876600477,3,0,1,0,0,1,0
38,18,113.34004974365234,92058,4,5.017865008687565,1,375,0,0,0,0,0
47,25,155.16700744628906,89971,2,3.4335935425250415,1,0,0,0,0,1,1
36,9,37.174560546875,92152,4,0.528611649239444,2,100,0,0,0,1,0
38,12,143.92955017089844,94001,1,5.372774799323948,1,0,1,1,1,1,0
27,2,49.80976104736328,91240,3,1.584407096635595,2,152,0,0,0,1,0
34,21,191.43104553222656,90593,2,5.055022195054,3,0,0,0,0,1,1
61,35,67.55949401855469,92079,4,0.7806570576074058,1,0,1,0,0,1,0
36,10,52.47130584716797,92368,3,0.9071917016458059,2,0,0,0,0,1,0
27,0,86.09349822998047,92825,1,3.7312455040174033,3,0,0,0,0,0,0
49,24,85.78964233398438,90748,1,1.9572343450944203,1,0,0,0,0,0,0
43,15,52.72148513793945,91350,2,2.314949243147051,3,124,0,0,0,1,0
27,0,65.7796630859375,91911,4,2.006140361280144,1,0,0,0,0,1,0
61,36,157.84654235839844,94020,3,2.433786278183414,1,0,1,0,1,1,1
59,33,106.64441680908203,94441,2,1.5386068588847277,3,378,0,0,0,0,0
45,19,29.054006576538086,93599,3,1.0703754010987203,3,0,0,1,0,1,0
40,11,37.460609436035156,90836,2,1.939717368164548,1,0,1,0,0,1,0
54,30,19.62575912475586,95295,1,1.335864232260763,2,0,0,0,0,1,0
61,38,134.63375854492188,92086,4,2.250829405798312,1,0,0,0,0,1,0
27,10,82.65239715576172,92643,1,2.488645295711535,3,0,1,0,0,0,0
58,31,53.599822998046875,95158,3,1.6568705811037236,3,0,0,0,0,0,0
61,37,39.712066650390625,91901,4,2.5311568593723317,1,0,0,0,0,1,0
31,6,56.51439666748047,91416,2,1.3669329972140556,3,0,0,0,0,0,0
50,17,15.523880004882812,93293,3,0.9566211195585931,2,0,0,0,0,1,0
30,17,149.08067321777344,94940,3,6.812261460566244,1,0,0,0,1,1,1
53,27,142.87156677246094,91753,2,0.25895647234235036,1,0,0,0,0,1,0
37,17,126.75263977050781,91394,2,2.2036753817390915,1,0,1,0,0,0,0
31,1,17.73175811767578,93975,4,0.8846847036327712,2,0,0,0,0,1,0
51,25,31.51582908630371,93843,3,1.6380155823689329,3,0,0,0,0,1,0
65,41,115.34071350097656,91278,4,1.430418869248931,2,0,0,0,0,0,0
28,8,42.95795440673828,90300,3,2.604318950139934,3,0,1,0,0,0,0
37,8,45.92032241821289,91764,4,3.0722210719435283,2,0,0,0,0,0,0
52,27,153.3955841064453,92977,2,3.048393098606776,1,0,0,0,0,0,0
60,29,107.4188003540039,91982,2,0.10861601198358292,2,0,0,0,0,0,0
43,15,175.78419494628906,90683,3,5.205746881821401,1,0,0,0,0,1,0
52,31,29.297710418701172,90070,1,1.3178494019459537,1,0,1,0,0,0,0
64,33,33.867889404296875,94657,4,0.9800682064643294,1,144,1,0,0,0,0
34,14,43.35100173950195,94405,3,1.813877377499569,2,0,0,0,0,0,0
53,24,68.68678283691406,94550,1,1.499029435201051,1,0,0,0,0,1,0
34,11,71.85908508300781,90011,4,0.44798631788594745,3,0,0,0,0,0,0
62,35,141.1835479736328,90444,2,8.36635599382433,1,0,1,0,1,1,0
37,18,53.984901428222656,90267,4,0.3571582597431624,1,0,0,0,0,1,0
59,33,49.33998489379883,92042,4,1.0916953000599205,1,0,0,0,0,0,0
43,16,77.4555892944336,91669,2,2.098965147205407,1,166,0,0,0,0,0
30,1,119.56851959228516,92752,2,0.5051360019284685,2,0,0,0,0,0,0
54,32,26.967721939086914,90424,1,1.8411488029345813,2,0,0,0,0,0,0
40,14,32.865806579589844,93824,4,1.851878147133596,3,101,1,0,0,0,0
28,3,186.5789337158203,95423,1,7.759384504252632,1,387,0,0,0,0,0
30,6,77.18316650390625,89924,3,3.1459921832933557,2,0,1,1,0,1,0
45,19,79.4977035522461,93913,1,0.6297472920731432,1,380,0,0,0,0,0
40,11,123.28079223632812,93083,3,6.283188982049964,1,0,0,0,0,0,0
29,2,75.41621398925781,91811,1,0.14742959595859392,2,0,1,0,0,1,0
30,7,52.93967819213867,90248,4,1.8052241767301573,2,271,0,1,0,1,0
55,36,95.89825439453125,93795,4,0.2843249691242197,1,0,0,0,0,0,0
54,28,81.09586334228516,94978,3,1.1943180257323256,1,211,0,0,0,0,0
49,17,68.62187194824219,92705,2,0.1354918330558743,1,0,0,0,0,1,0
28,2,25.207048416137695,94371,4,1.2236889346212931,2,0,0,0,0,0,0
43,32,41.17978286743164,94161,1,0.9177389106190293,3,0,1,0,0,0,0
50,17,107.968994140625,89969,1,6.4199716048199456,1,0,0,0,0,0,0
60,34,77.86085510253906,90334,2,2.5425095395343833,1,0,0,0,0,0,0
29,18,166.9323272705078,91973,3,7.864595164696062,1,0,0,1,0,1,0
32,7,52.284732818603516,94987,3,0.539036197151747,1,0,0,0,0,0,0
56,31,26.25520896911621,94554,4,0.9370806791034701,2,103,0,0,0,0,0
61,33,20.282222747802734,91737,4,1.7235571060076298,3,99,1,0,0,1,0
42,19,39.13922882080078,93756,1,0.11390165355898979,1,0,0,0,0,1,0
50,21,133.98153686523438,91384,1,4.169473114989585,1,0,1,0,0,0,0
31,16,179.94923400878906,90647,3,7.458178614183437,3,0,0,0,0,0,1
35,10,55.37057113647461,92038,3,2.657321080987105,2,0,0,0,0,1,0
31,9,107.94186401367188,95225,1,2.2846071258562555,2,0,0,0,0,0,0
30,8,89.52284240722656,92822,2,0.6988593762301663,1,0,0,0,0,1,0
35,6,106.22750091552734,95776,2,1.2597689047674068,2,0,1,0,0,1,0
42,18,108.48638153076172,94209,3,1.0824617289408058,1,200,0,0,0,0,0
27,3,31.454925537109375,94126,1,1.3874077437770982,2,0,1,1,0,0,0
59,34,174.11170959472656,96203,1,7.4157036104457035,1,0,1,0,0,0,0
42,14,38.1049690246582,92646,4,0.2857540415341362,2,166,1,0,0,1,0
53,30,153.8076171875,92650,1,0.3489092810118718,3,0,0,0,0,0,1
37,14,39.62705993652344,91292,3,0.7195876927621834,3,0,1,0,0,1,0
33,11,111.92922973632812,90381,3,0.5446136273088529,2,0,0,1,0,0,0
65,36,31.86229133605957,91989,4,0.42038717285435323,2,92,0,0,0,1,0
56,42,89.91969299316406,94794,2,2.4337954919851783,1,0,1,0,0,0,0
64,38,58.65580749511719,90281,4,2.3926653189746596,1,0,0,1,0,0,0
40,20,77.09690856933594,94650,1,1.6928683377331402,3,207,0,0,0,1,0
63,36,63.34846496582031,94462,2,2.043749957511105,3,0,1,0,0,1,0
62,38,72.05659484863281,94116,4,2.1561201491312234,1,0,0,0,0,0,0
62,41,66.27850341796875,91951,4,1.4943725345228527,2,0,1,0,0,0,0
53,29,94.24939727783203,89891,1,2.379921072778602,1,226,0,0,0,0,0
43,27,69.87977600097656,93182,3,1.6496340047847378,3,171,0,0,0,1,0
31,7,59.0030632019043,91733,4,2.8367041939733397,1,0,0,0,0,0,0
33,9,60.72564697265625,94317,1,1.8009821215807067,3,0,0,0,0,0,0
33,6,37.81053924560547,93325,2,0.876485468087452,1,0,1,0,0,1,0
29,18,154.63909912109375,91725,2,1.6099502922725448,1,0,1,0,0,0,0
51,22,53.858253479003906,93119,1,2.7438290539637578,2,115,0,0,0,0,0
59,31,91.13367462158203,95954,3,1.3342410488927037,3,290,0,0,0,1,0
37,16,69.18051147460938,90468,1,3.9176553938830865,1,0,1,0,0,0,0
41,9,53.73698425292969,93335,4,1.8195589247153332,1,0,1,0,0,1,0
32,3,84.1032485961914,95434,1,4.224185210006415,2,0,0,0,0,1,0
28,0,26.881229400634766,94652,4,1.3972411183482216,2,0,0,0,0,0,0
37,20,83.24113464355469,91669,2,4.408861468727254,2,0,1,0,0,1,0
55,33,56.57086944580078,93788,1,1.9765821662281131,2,0,0,0,0,0,0
56,26,79.42601013183594,92344,3,0.25728964342583927,3,0,1,0,0,0,0
58,31,73.80782318115234,92887,2,3.622599674339285,1,0,1,1,0,0,0
36,1,80.52879333496094,90274,4,1.9350518040916551,2,0,0,0,0,1,0
29,6,83.4612808227539,91070,2,2.4231622242745665,1,387,0,0,0,1,0
59,34,109.48345947265625,90813,3,3.5255892101933277,2,0,1,0,0,1,1
52,24,88.95745086669922,96054,2,0.41512688949857496,2,0,0,0,0,0,0
57,25,92.64009857177734,95184,2,2.004051952217595,3,0,1,0,0,1,0
65,41,110.03948211669922,90968,3,1.476052239596261,3,357,1,0,0,0,1
62,39,45.009971618652344,89973,3,0.762592371034039,1,0,1,1,1,1,0
32,7,80.84954833984375,91954,2,0.20909240341910956,1,0,1,0,0,1,0
33,6,143.4883270263672,92434,1,2.4224979252657146,1,0,0,0,0,1,0
37,16,74.75035095214844,90256,4,2.3599632459305275,1,0,1,0,0,0,0
58,30,68.20720672607422,94188,1,2.1189592358368654,1,0,0,0,0,0,0
61,37,200.2516632080078,94481,1,5.416790305006552,2,416,1,0,1,1,1
36,13,102.32674407958984,95422,1,1.506438630172682,1,332,1,0,0,0,0
60,35,139.7572021484375,91247,2,1.5656778006266756,2,0,0,0,0,0,0
44,10,107.80851745605469,94590,1,1.480434529057561,3,0,1,0,0,1,0
62,36,42.7504997253418,92785,1,1.9871007168505996,2,0,0,0,0,0,0
44,24,38.95330810546875,95147,4,0.9152911434053939,2,0,0,0,0,1,0
59,28,109.04570007324219,94733,4,1.032837494509966,2,0,0,0,0,0,0
50,22,92.47427368164062,92040,1,3.1964110527725325,2,0,0,0,0,0,0
32,25,82.77893829345703,95810,4,0.34709353163789525,3,0,0,0,0,1,0
65,35,26.961444854736328,94525,3,1.4510236027842076,3,0,0,0,0,1,0
41,16,149.185546875,91483,1,0.1479512946992918,3,0,0,0,0,1,0
48,24,109.58804321289062,94884,1,1.4521126308400158,3,248,0,0,0,1,0
44,16,58.61928939819336,95007,1,1.6557571242894902,2,0,0,0,0,1,0
67,33,71.03441619873047,94137,4,0.42839291485215447,3,0,0,0,0,0,0
32,10,109.44499206542969,94733,4,0.9949580260095451,2,313,1,0,0,0,1
31,7,50.29777145385742,91560,4,0.24057642877708804,1,0,0,1,0,1,0
27,2,46.03050231933594,92828,3,1.8038526006087905,3,156,0,0,0,0,0
37,12,157.7584991455078,89859,2,3.224531227744801,1,0,0,0,0,1,0
40,15,62.38780975341797,92011,1,0.32884965605055116,1,0,0,0,0,1,0
25,2,51.32469940185547,96020,3,0.8904195669994612,2,0,0,0,0,1,0
58,29,110.16594696044922,89959,1,1.0443776442518429,3,0,0,0,0,0,0
40,10,45.88231658935547,95387,2,0.3481950454916103,3,325,1,0,0,1,0
49,22,22.410724639892578,92907,1,0.31188549368931073,3,0,0,0,0,1,0
55,36,64.69538879394531,92287,3,1.3326903222983153,3,0,1,0,0,1,0
42,21,79.84324645996094,94484,1,1.695856754835354,1,0,1,0,0,1,0
49,15,74.98445129394531,95168,4,1.963341551193397,2,0,0,0,0,1,0
32,4,40.76694107055664,93105,4,0.057509150871884435,3,0,0,1,0,0,0
26,5,54.798545837402344,91468,4,0.9571325566032035,3,0,1,0,0,1,0
51,17,65.35348510742188,89876,1,0.04136345142204034,1,0,1,0,0,0,0
61,35,62.630455017089844,94256,2,1.9207616008012534,1,339,1,0,0,0,0
28,1,100.59687805175781,96046,4,1.747225202414913,2,0,0,1,0,1,0
57,30,48.52128982543945,90199,1,3.970402545400274,3,203,1,0,0,1,0
56,30,43.14063262939453,90357,1,2.0467800629215493,2,0,0,0,0,0,0
52,20,24.41522789001465,95623,4,1.321582955503553,1,363,0,0,0,1,0
58,32,154.90927124023438,95238,1,0.9163334724721697,1,0,1,0,0,0,0
32,6,14.820070266723633,93417,4,0.014557118110812117,3,236,0,0,0,1,0
42,8,118.77603149414062,92657,3,1.6635766843107866,1,0,1,0,0,0,0
61,34,57.19807052612305,92901,2,0.57362871503761,1,0,1,0,0,0,0
56,33,61.39405059814453,94348,3,0.7315275870471091,2,0,0,0,0,0,0
40,15,67.80937957763672,91256,2,0.15880035957085414,3,0,0,0,0,0,0
28,4,139.09669494628906,90882,1,1.9546537804836372,1,0,0,0,0,1,0
52,24,18.128032684326172,91752,2,0.37922155515998274,3,0,0,0,0,1,0
30,5,177.38894653320312,93240,3,0.23458975790706127,3,481,0,0,0,1,1
28,5,60.22901916503906,94873,2,3.3467379404886093,1,136,1,1,1,1,0
36,4,16.499568939208984,92105,1,1.2890177499256839,2,173,0,0,0,1,0
35,6,81.15162658691406,93078,1,2.3945831795329986,3,206,0,0,0,0,0
49,10,88.67639923095703,95144,2,2.3913340661725133,3,331,0,0,0,1,0
65,37,73.9671630859375,95106,3,1.6273221119282555,1,0,0,0,0,0,0
46,19,171.9178466796875,90340,1,3.482632265733085,1,175,0,0,0,1,0
66,35,68.63040924072266,92444,2,1.4524186397556265,3,101,0,0,0,0,0
55,20,28.53455352783203,92070,2,1.3888226884381538,2,0,0,0,0,1,0
61,36,74.8488540649414,92475,2,1.1544716140778382,1,0,0,0,0,0,0
61,38,132.85365295410156,94426,2,0.895245269548343,3,0,0,0,0,0,1
55,30,36.39769744873047,92167,3,0.11208864167727556,2,0,0,0,0,0,0
45,5,22.94579315185547,92876,4,0.3299149193532289,2,0,0,0,0,1,0
60,34,47.6755485534668,89936,1,0.3098896120624258,2,176,1,1,1,1,0
51,18,41.347747802734375,95932,1,2.0349453894010225,3,0,0,0,0,0,0
36,22,74.75582122802734,94301,3,1.2365575877385682,3,0,0,0,0,0,0
32,13,171.03204345703125,90660,4,5.109156092114815,2,0,0,0,0,0,1
46,21,46.94969177246094,95392,1,1.7816972216585374,1,152,1,0,0,0,0
57,25,45.858001708984375,91375,4,0.7537737958719519,3,88,1,0,0,1,0
38,13,56.87120056152344,92188,1,2.71441467385789,3,0,0,0,0,0,0
58,35,79.97069549560547,91234,3,1.7080970941896385,2,0,0,0,0,0,0
38,13,55.590816497802734,95531,4,1.0063889765947653,1,0,0,0,0,1,0
35,15,16.77912139892578,94415,4,1.7792771572307735,3,238,0,0,0,1,0
29,3,64.70629119873047,92125,4,1.282239915515871,2,0,1,0,0,1,0
64,41,42.3149299621582,91577,1,1.1976645173531102,3,0,0,0,0,1,0
57,32,116.33187866210938,94937,1,1.7272057459003347,3,0,0,1,0,0,0
61,38,61.77425765991211,92235,1,2.145375076811239,2,0,0,0,0,0,0
28,8,100.9137954711914,95686,2,0.7467107007905148,1,0,0,0,0,1,0
36,11,89.22623443603516,90413,4,0.622473042770433,2,0,0,0,0,0,0
62,33,108.2854232788086,90195,1,3.2132829561596066,3,0,0,0,0,0,1
51,24,35.04692840576172,91292,1,0.7727052719354769,3,0,1,0,0,1,0
32,8,54.57911682128906,91262,2,2.1133737184988917,1,0,1,1,1,1,0
55,26,128.85714721679688,94403,1,3.9855502836219947,1,0,1,0,0,0,0
37,25,93.07062530517578,92755,1,1.1604492406685876,3,0,1,0,0,1,0
50,24,75.87215423583984,96132,3,1.2414862021531157,3,0,0,0,0,0,0
60,39,53.43058776855469,94468,1,3.878384850753091,1,206,1,1,1,1,0
30,2,128.9530029296875,92375,4,3.4191423323969152,3,0,0,1,0,1,0
42,18,72.10990905761719,90224,3,2.2222937632226802,1,0,0,0,0,0,0
62,34,52.62575149536133,90303,1,0.6334533137255448,1,0,1,0,0,0,0
37,13,188.44955444335938,90136,2,4.280243037774401,1,174,0,1,1,1,0
34,11,49.7083854675293,94611,4,0.8455620062451186,2,0,0,0,0,0,0
51,21,45.59977722167969,96316,2,1.117648906543388,1,228,0,0,0,1,0
42,31,11.984516143798828,95408,2,0.3319825671311806,2,0,1,0,0,0,0
33,1,88.28750610351562,91038,1,3.131365545393513,1,285,1,0,0,1,0
57,38,158.36288452148438,92924,2,4.874383412739176,1,374,0,0,0,0,0
52,32,48.023067474365234,90107,1,1.5895947732873683,2,0,0,0,0,0,0
31,6,184.06622314453125,91502,3,3.086927945694722,1,0,0,0,0,0,0
62,27,173.77349853515625,95208,2,3.159849963736591,2,434,1,1,1,0,1
24,1,73.32716369628906,92018,2,1.5387046738315509,3,0,0,0,0,0,0
52,19,46.160377502441406,90019,1,0.4335219696964883,2,0,0,0,0,0,0
39,8,181.5091094970703,94935,1,6.940299819776012,3,0,0,0,1,1,1
31,7,76.11787414550781,92042,4,1.7997292110258927,1,0,0,0,0,1,0
61,36,17.64065170288086,94456,3,0.15928224123834303,2,93,1,0,1,1,0
29,4,61.21051788330078,94708,2,2.464528545994834,2,348,0,0,0,1,0
59,37,134.6085662841797,94961,1,2.1053430264385526,1,139,0,0,0,1,0
38,12,70.53886413574219,90264,4,1.7670324418963854,3,0,0,0,0,0,0
63,38,53.278717041015625,89909,3,1.739127221988927,1,0,0,0,0,0,0
40,23,17.535144805908203,91409,4,0.8587317423821351,3,0,0,0,0,1,0
44,29,71.30620574951172,92281,4,0.8669043628592626,2,0,0,0,0,1,0
43,11,104.03738403320312,96094,1,1.9122021419270334,1,0,1,0,0,1,0
40,20,84.73009490966797,90108,4,1.3401457645564743,3,0,0,0,0,0,0
50,25,70.36186218261719,93934,4,7.189131471549517,1,0,0,0,0,0,0
49,33,25.389816284179688,90001,4,1.1555653694645351,3,0,0,0,0,1,0
38,9,42.859764099121094,93127,4,2.0432671337091457,3,0,1,0,0,1,0
31,10,107.96957397460938,94190,2,3.0067545387070327,3,188,0,0,0,0,0
39,22,97.9566650390625,91268,1,3.7810685595479123,1,0,1,0,1,1,1
26,8,118.8946762084961,91860,2,1.8651939944834584,1,418,1,0,0,0,0
28,5,62.307884216308594,91380,4,3.673630929516574,2,0,0,1,0,0,0
61,31,49.84492111206055,90559,3,0.1920929553247882,2,0,0,0,0,1,0
43,26,107.21932983398438,90242,1,0.20159337802434646,1,101,0,0,0,1,0
62,39,73.19477844238281,96078,2,1.8785862111308211,3,0,0,0,0,1,0
35,13,29.715213775634766,93312,4,0.9168170087240402,2,0,0,0,0,1,0
65,41,55.07759475708008,95965,3,0.07769545617224974,2,0,1,0,0,0,0
41,15,43.92375946044922,91868,4,0.487446509248066,2,0,0,0,0,1,0
36,11,81.21529388427734,91158,4,1.6702548961452766,1,0,0,0,0,1,0
65,38,138.09706115722656,95148,3,5.759496969813846,3,0,1,0,0,0,1
60,33,99.74564361572266,95784,2,0.8498639800088118,1,0,0,0,0,1,1
28,4,82.54256439208984,90350,4,2.466367921948478,1,109,0,0,0,0,0
51,23,62.1876335144043,94873,4,2.425183701497441,2,0,0,0,0,1,0
48,17,42.489959716796875,92029,3,1.0848779893241856,2,0,0,0,0,1,0
28,8,24.02149772644043,95482,3,1.7837192821632468,2,0,0,1,0,1,0
38,18,47.7723388671875,94324,3,0.588110768268846,2,0,0,0,1,1,0
39,14,52.275142669677734,92255,2,0.6939721523739948,1,0,1,0,1,1,0
27,6,69.64747619628906,95827,1,2.1474926510125476,1,192,1,0,0,0,0
31,7,20.3038272857666,90261,3,0.3137911059903836,2,0,0,0,0,1,0
53,31,42.520301818847656,90003,4,1.6024482655210701,1,0,1,0,0,1,0
39,4,83.2004165649414,95772,1,2.702536644307674,2,0,0,0,0,0,0
42,20,31.889148712158203,92215,2,0.06531710048724654,2,144,1,0,0,0,0
36,4,92.02835083007812,96066,2,2.463595204605062,3,169,0,1,0,1,1
29,17,80.00410461425781,94413,2,0.6242028855394101,1,0,0,0,0,1,0
29,6,92.90249633789062,95848,3,1.3753731832065244,1,0,1,0,0,0,0
53,34,40.35642623901367,95135,3,0.4174366991759968,3,0,0,0,0,1,0
27,-2,34.47557830810547,90344,4,1.5824367280349547,2,0,0,1,0,1,0
39,20,20.421899795532227,91226,4,0.7248942914902968,1,173,0,0,0,1,0
42,17,40.83159637451172,93546,1,1.4859562027883553,1,0,0,1,0,0,0
31,5,59.94802474975586,94574,4,2.388337804754584,2,0,0,0,0,0,0
28,20,38.14942932128906,91762,4,0.3268696680920623,3,0,0,0,0,1,0
59,32,50.219627380371094,92018,2,0.4737142949246471,2,0,0,0,0,0,0
40,25,22.658706665039062,92220,1,2.021398618744743,2,0,0,1,0,0,0
38,7,22.523845672607422,94115,4,0.9716175220100811,3,102,1,0,0,0,0
54,26,37.38880920410156,94874,4,0.3067015332542664,3,228,0,0,0,1,0
60,33,67.35910034179688,94548,1,0.056774052416611376,2,98,0,0,0,1,0
65,42,71.05704498291016,90265,3,1.882174876714131,1,0,1,0,0,0,0
25,4,32.457035064697266,95954,3,1.1259724450028865,3,0,1,1,1,1,0
29,18,187.97193908691406,92653,1,4.292306507882762,1,0,0,0,0,1,0
33,2,103.1772232055664,93911,4,1.7080291333589905,3,0,0,0,0,1,0
32,26,95.28194427490234,94841,1,2.6365186159985017,2,201,0,0,0,1,0
35,9,26.5528507232666,95828,3,1.016612786669922,2,0,1,0,0,1,0
43,21,47.54212188720703,95017,3,1.0071213326500543,1,0,1,0,0,1,0
43,27,109.03058624267578,91850,2,0.6365531604842858,1,102,1,0,0,1,0
30,23,16.119400024414062,91275,2,0.21830526270934225,2,144,1,0,0,1,0
41,10,178.1398468017578,91913,2,4.523134996501732,1,308,0,0,0,1,0
45,17,144.96810913085938,92809,2,0.6661898348294135,1,0,0,0,0,1,0
34,12,121.05889892578125,94717,2,2.2427002074806466,1,0,1,1,0,0,0
34,10,63.409549713134766,92719,4,1.7384244611865771,3,0,0,0,0,0,0
41,8,94.89266967773438,91517,3,2.535632651058633,3,0,1,0,0,0,0
29,12,15.212881088256836,94939,2,0.9718075440459664,2,0,1,0,0,0,0
37,23,87.50125122070312,95539,3,2.892996772683559,1,0,1,0,1,1,0
59,35,61.01630401611328,90281,4,1.611572094564376,2,0,0,0,0,0,0
65,40,59.65334701538086,95624,2,1.224685395021458,2,0,0,0,0,1,0
47,21,88.35736846923828,90077,1,0.8518786176166916,1,121,0,0,0,0,0
58,31,49.760101318359375,92030,4,0.39294898283819246,3,0,1,0,0,1,0
28,4,17.368764877319336,95169,3,0.47084435270610236,1,181,0,0,0,0,0
33,13,77.25729370117188,94178,1,1.6582189805029801,3,108,0,0,0,1,0
34,8,135.68240356445312,93465,2,2.3487997985653117,3,0,0,0,0,0,1
55,8,24.685646057128906,95048,4,0.844174817619006,3,0,0,0,0,1,0
37,10,49.33842086791992,94481,3,2.583734171707091,2,0,0,0,0,0,0
52,27,66.95732879638672,90400,2,1.1184349990495233,3,0,0,0,0,1,0
56,39,28.42303466796875,94064,4,1.4187278349714265,3,0,0,0,0,1,0
26,6,30.41440200805664,94654,4,1.1748968453993,3,0,0,0,0,0,0
32,7,14.191988945007324,91835,2,0.033014135489746965,1,0,1,0,0,1,0
46,21,107.49828338623047,94981,4,7.582839587974439,1,277,0,0,0,0,0
59,22,53.413902282714844,94843,3,0.8385177685222215,1,150,1,0,0,1,0
60,36,45.10596466064453,90393,3,0.12536429470949548,3,0,0,1,0,0,0
34,16,123.96952056884766,94185,1,1.3868114123060928,2,0,1,0,0,0,0
62,33,106.40800476074219,92345,4,0.8970725908185866,2,114,0,0,0,1,1
41,22,29.18539810180664,90018,1,1.7274213896413106,3,0,0,0,0,0,0
35,21,72.33651733398438,92052,2,2.2368287766484247,2,0,0,0,0,0,0
54,20,41.67151641845703,95412,4,1.2194133951539505,3,0,0,0,0,0,0
45,26,67.45913696289062,92062,1,0.7254661478416004,1,0,1,1,0,1,0
24,-2,93.27266693115234,94038,4,2.667418236693094,2,0,0,1,0,1,0
38,15,50.34464645385742,94401,3,2.282227262628995,1,0,0,0,0,0,0
29,6,104.92278289794922,93767,2,3.1539165714864006,1,245,0,0,0,0,0
37,12,153.72264099121094,92233,4,2.950540748023555,2,227,0,0,0,1,0
53,23,85.8488540649414,95287,4,3.761480456344881,1,0,0,0,0,1,0
59,41,75.70765686035156,92642,4,2.83042069617181,1,0,0,0,0,0,0
63,37,36.707725524902344,94282,2,2.237296863421612,2,0,0,1,0,1,0
52,33,140.2323760986328,92829,3,0.5960615827691812,3,163,0,0,0,1,1
35,16,132.53228759765625,90157,2,4.260179415413235,1,0,0,0,0,1,0
44,25,38.98432922363281,95415,4,0.4956728270113041,1,0,0,0,0,1,0
36,13,124.49547576904297,94815,3,0.6898331985626446,1,212,0,0,0,1,0
65,36,27.643695831298828,92997,4,0.24937651969545346,1,0,0,0,0,1,0
52,25,35.1588134765625,94286,4,1.1314423387580006,2,0,1,0,0,0,0
34,9,164.15597534179688,91447,2,0.23021855836573438,1,0,0,0,0,1,0
47,18,174.33995056152344,92033,1,6.3975157029870635,1,0,1,0,0,1,0
40,14,146.29782104492188,90327,3,5.537789738055679,1,384,0,0,0,0,1
51,26,35.805259704589844,94956,4,2.1951237125947114,1,0,0,0,0,0,0
61,30,43.04072570800781,90284,3,0.3300083039179008,1,0,1,0,0,0,0
47,22,135.4641571044922,95306,2,5.9902625309948,3,0,0,0,0,0,1
45,24,25.124542236328125,95449,4,0.403619430950366,1,375,1,1,0,1,0
56,31,32.53724670410156,92495,1,0.5253459984428801,3,0,0,0,0,0,0
48,38,46.9318733215332,91125,3,1.1983777102751358,2,163,1,0,0,1,0
34,8,150.5074920654297,91764,1,2.5547161153495797,2,0,1,0,0,1,0
48,16,87.97058868408203,94353,2,0.6500851713118208,1,0,1,0,0,0,0
50,31,65.45111083984375,91251,3,0.6572618328991667,1,0,0,0,0,0,0
47,35,42.92534637451172,93887,3,3.372479722186764,2,160,1,0,0,1,0
46,21,62.23472213745117,90162,1,0.6276751816025474,1,0,1,1,0,0,0
49,28,85.45941162109375,94915,1,5.189893866744153,2,0,0,0,0,1,0
55,29,93.6021957397461,94983,1,1.054700348519071,2,0,1,0,0,1,0
63,38,61.952369689941406,92721,4,1.0210471808947392,3,0,1,0,0,1,0
55,31,49.882545471191406,90664,4,0.06266593726075004,1,0,0,0,0,0,0
58,29,182.2232666015625,92086,4,0.4194975862390108,3,0,0,0,0,0,1
31,4,34.930850982666016,95071,4,2.258809330232642,1,0,0,0,0,1,0
44,21,119.31009674072266,95270,1,3.315309699678999,1,0,1,0,1,1,0
57,24,110.99088287353516,95591,1,0.49630245507926235,1,0,0,0,0,0,0
40,5,95.65859985351562,93930,2,1.4569205252244313,2,112,0,0,0,1,1
26,22,21.72588539123535,94747,4,0.6200858496912882,1,0,0,0,0,1,0
59,26,101.49797821044922,95142,3,1.7593420984240566,1,0,0,1,1,1,1
44,27,88.19532775878906,90250,4,1.6224316643264622,2,0,1,0,1,1,0
45,20,12.781878471374512,95630,4,0.4611592640828448,3,0,0,0,0,1,0
57,35,31.020156860351562,94615,4,2.8750726596683434,3,0,0,0,0,1,0
53,28,68.61466979980469,94237,1,0.9511296220661137,3,0,0,0,0,0,0
30,9,39.82192611694336,93097,3,0.9351179632137112,2,0,0,0,0,1,0
60,34,57.815433502197266,95794,2,1.450967276761458,3,312,0,0,0,1,0
57,30,23.71169662475586,92713,4,0.8634194755794444,3,0,0,0,0,0,0
41,8,35.334083557128906,94106,4,1.6126538799222097,3,103,0,0,0,1,0
51,30,204.14041137695312,91939,2,6.243191843503198,1,0,1,0,0,1,0
27,1,57.920841217041016,95352,4,0.5647197125616494,2,0,0,0,0,0,0
60,10,26.690126419067383,95800,4,1.7647103048177075,3,0,0,0,0,0,0
61,38,40.90703582763672,91017,3,0.5000090424917091,3,0,0,0,0,0,0
32,9,102.84807586669922,92187,1,2.801707685908065,1,0,0,1,0,1,0
62,39,81.35602569580078,94977,2,0.0728523090123252,1,0,0,0,0,1,0
54,24,43.25594711303711,93069,3,1.0883267158805257,1,193,1,0,0,1,0
41,18,56.052127838134766,95023,2,7.486472799321529,1,160,1,1,0,0,0
39,31,61.07841110229492,95680,4,2.1908016318975734,2,0,0,0,0,1,0
53,14,77.84291076660156,94614,2,0.2666773627162492,1,0,1,0,0,1,0
40,17,86.94641876220703,93183,2,1.9373528741665456,1,221,1,0,0,1,0
44,28,56.00209426879883,94113,4,1.721596941682243,3,176,0,0,0,0,0
46,27,29.31292724609375,94431,3,0.5321766211494896,2,0,1,0,0,1,0
55,26,38.45536804199219,92787,3,0.4404801058125233,2,0,0,0,0,1,0
41,4,165.7017822265625,90957,2,3.575457502121388,1,0,0,0,0,0,0
43,15,19.55303192138672,95572,2,0.11071934855022639,3,97,0,1,1,1,0
42,18,124.78776550292969,91088,3,1.4246283792623369,1,0,0,0,0,1,0
32,6,23.815587997436523,91507,3,0.3227266117529595,2,166,1,0,0,1,0
40,16,55.06620788574219,90374,4,0.7464254372418538,2,0,0,0,0,1,0
45,17,15.461012840270996,96160,1,1.7759505872881038,1,0,0,0,0,1,0
62,36,179.74114990234375,90301,1,4.4633338709282615,3,220,1,0,0,1,1
37,3,64.90951538085938,92168,4,0.419626623773941,1,0,0,0,0,0,0
59,37,121.08403778076172,95375,1,3.0509001932105986,3,0,1,0,0,1,1
58,35,66.99671936035156,94169,3,1.5017609850324467,1,0,0,0,0,1,0
64,36,175.14468383789062,91007,1,2.956248724367772,1,0,0,0,0,0,0
49,24,38.19905090332031,92281,1,0.6424935934860422,2,0,0,0,0,0,0
51,18,40.035133361816406,94557,2,1.9006798125485842,3,0,1,0,0,0,0
25,2,57.72543716430664,95732,2,0.34462463440499447,1,0,0,0,0,1,0
30,14,163.80276489257812,93720,2,3.90559246653396,1,0,0,0,0,1,0
41,17,157.22494506835938,90643,1,1.5845855732901502,1,0,0,0,0,1,0
51,19,14.361322402954102,94298,1,0.31662659250397573,3,0,0,0,0,1,0
38,17,105.83869934082031,90371,3,1.3485699394710795,1,0,0,0,0,1,0
60,33,11.209168434143066,94853,4,0.35204362188190697,2,0,0,0,0,1,0
54,31,26.915483474731445,91516,1,0.7133755950819028,3,234,0,0,0,1,0
31,7,123.2575454711914,91659,3,1.2200007844005019,1,218,0,0,0,0,0
33,20,73.9232177734375,94434,3,0.4599731455301712,1,0,1,0,0,0,0
41,18,103.52249908447266,95840,2,4.324484118274207,3,0,1,0,0,0,0
34,7,31.158367156982422,94407,3,0.24326214051084227,1,104,0,0,0,1,0
37,9,116.05668640136719,95125,3,2.9990992076930705,2,0,0,0,0,0,0
60,37,79.84525299072266,90795,1,0.30177090693743774,2,0,0,0,0,0,0
38,15,48.20097351074219,90916,2,1.9409697042189085,1,92,0,0,0,1,0
34,12,67.98041534423828,91663,1,2.1362481259596615,1,0,0,0,0,1,0
47,23,33.39371871948242,94505,4,0.5963426397871365,1,0,1,0,1,1,0
26,-3,49.300933837890625,94943,4,1.7159335474319035,1,155,0,0,0,0,0
49,35,128.62088012695312,89994,4,2.1297285974166007,1,0,0,0,0,0,0
61,38,44.01334762573242,95387,1,0.6342657661043702,2,142,1,0,0,0,0
29,5,38.951881408691406,93226,4,1.852825148685922,2,0,1,0,0,1,0
58,34,34.461055755615234,95706,4,0.7809815264670358,2,0,1,0,0,1,0
31,7,96.04117584228516,90445,3,1.9319969711771414,2,0,0,0,0,0,1
33,13,64.62467956542969,94874,1,2.4176698718953866,1,0,0,0,0,1,0
61,27,112.81024169921875,95417,1,0.6537628316227029,1,0,0,0,0,1,0
62,37,105.66622924804688,92707,3,1.8365574564566414,2,0,1,0,0,0,0
43,15,40.77935791015625,90119,3,0.3470166512648457,2,0,0,0,0,0,0
39,18,68.92733764648438,94419,1,1.697395818914417,1,0,1,0,0,0,0
60,20,67.0262451171875,92135,1,4.087344493578312,3,427,0,0,0,0,0
59,38,28.376705169677734,90200,4,0.6404395283030768,1,149,0,0,0,1,0
58,36,18.91777992248535,92188,3,0.6814852833728833,2,0,0,0,0,0,0
63,39,32.01664733886719,94204,4,0.678533901804329,3,136,0,0,0,1,0
42,23,96.63732147216797,92246,1,4.299572968501991,3,235,1,0,0,1,0
28,5,104.8348388671875,92052,4,1.5861518976224012,3,0,0,0,0,1,1
42,22,183.0709228515625,94323,2,6.565797482183997,1,0,0,0,0,1,0
36,9,95.45917510986328,92838,1,0.3210001437191149,3,0,1,1,1,1,0
31,10,144.18016052246094,91691,2,1.5947281221788403,1,0,0,0,0,1,0
38,19,65.63715362548828,94161,1,1.9319657084767732,2,0,1,0,0,0,0
37,16,43.27964401245117,94511,1,1.6291740720646586,2,0,0,0,0,1,0
37,11,198.55792236328125,92058,2,3.9194483085513605,1,0,0,0,0,1,0
44,16,111.85503387451172,90352,3,1.6394071505980972,1,0,1,0,0,0,1
36,15,50.6947135925293,92058,4,1.5397273081151608,2,0,0,0,0,1,0
33,5,154.905517578125,95708,3,4.622823361568934,1,0,1,0,0,0,0
49,13,133.7928009033203,91019,4,2.385097184563323,1,0,1,0,0,0,0
58,35,55.20589828491211,94432,1,1.1458514595736582,3,0,0,0,0,0,0
41,21,97.6178970336914,90110,3,0.029664219465159736,2,0,0,0,0,1,1
31,19,42.63047409057617,95179,4,2.5211773284301566,1,0,0,0,0,0,0
26,4,43.01458740234375,95528,4,1.072207545276442,3,0,1,0,0,1,0
62,34,41.873069763183594,95059,4,0.08883221470198693,1,0,1,1,0,1,0
44,14,101.69955444335938,94416,1,3.2741285665097526,1,0,1,0,0,1,0
44,30,210.30239868164062,95564,3,8.068092294463472,2,339,0,1,1,1,1
48,24,85.82149505615234,91824,1,1.0394772543991453,1,0,0,0,0,1,0
31,14,61.70656967163086,92123,1,0.38832154079747444,2,0,0,0,0,1,0
48,24,20.48056983947754,94558,4,0.30092655582374994,1,0,1,0,0,0,0
28,3,34.63463592529297,93195,4,0.03666412504143335,3,246,0,0,0,0,0
34,18,132.1693572998047,91707,2,3.189096777649392,3,0,0,0,0,1,1
48,23,51.292076110839844,90179,1,0.19745929908717674,2,0,0,0,0,1,0
60,10,50.03060531616211,93884,1,1.8762035095907041,3,129,0,0,0,1,0
53,20,82.64891052246094,91609,2,2.703281647480623,1,0,1,0,0,0,0
44,13,39.23033142089844,92973,4,1.4700543799241392,3,97,1,0,0,1,0
59,33,90.18560028076172,94191,2,3.5811039427339177,3,0,1,0,0,1,1
42,13,59.10752868652344,94736,2,0.870554126210288,1,136,0,0,0,1,0
36,14,55.24409866333008,93015,3,1.9266910949193772,1,0,0,1,0,0,0
60,36,105.93989562988281,92578,1,0.2163847499399177,1,0,1,0,0,0,0
37,15,105.75064849853516,92322,4,4.178852924990326,1,0,0,0,0,0,0
58,35,56.4580192565918,94354,2,1.5641377339847724,3,172,1,0,0,1,0
28,0,44.48350524902344,94377,4,2.036591090908871,1,0,0,0,0,1,0
65,35,75.39567565917969,90894,2,1.521008671987456,3,0,0,0,0,1,1
60,38,32.69825744628906,93621,1,1.170096627636463,3,0,0,0,0,1,0
49,38,97.27609252929688,94261,2,1.1290260057849415,1,0,1,0,0,1,0
39,13,49.552581787109375,94309,3,0.21721820049294338,2,0,0,0,0,1,0
51,23,66.44059753417969,91250,4,0.966190580366273,2,0,0,0,0,0,0
53,31,32.25669860839844,91099,3,0.38747069453589733,2,0,1,0,0,0,0
47,24,41.91946792602539,92084,4,1.3191658822248908,3,148,0,1,0,0,0
58,10,74.02293395996094,92280,3,0.9292562700650612,2,0,1,0,0,0,0
53,21,65.84735107421875,90187,2,0.502287349676574,1,0,1,0,0,1,0
52,31,67.4876708984375,93116,4,2.8483374755311384,1,0,1,0,0,1,0
49,11,25.17859649658203,94403,1,2.6894716127691907,2,133,0,0,0,1,0
30,12,62.9799690246582,92860,4,2.1191183233840265,3,0,0,0,0,1,0
47,21,113.23191833496094,91439,2,2.460342346529055,1,0,1,0,0,1,0
31,8,62.11577606201172,94708,3,2.1010426407593346,1,0,1,1,1,1,0
65,41,98.05397033691406,92855,2,2.0003502459677587,1,0,0,0,0,1,0
52,22,34.07518005371094,91781,4,1.3228236308540382,1,90,0,0,0,0,0
43,14,100.78602600097656,95956,3,0.5639534589454176,1,0,1,0,0,0,0
52,25,43.077030181884766,94001,4,1.9537723962219689,2,82,0,0,0,0,0
59,34,23.248886108398438,90147,1,0.15228610665044928,1,0,0,0,0,0,0
36,5,70.62222290039062,96572,1,1.2069068200149093,3,0,0,0,0,1,0
47,21,49.85651397705078,94356,3,0.6736484695216338,2,0,0,0,0,0,0
63,36,57.171669006347656,93123,2,1.3744137424704606,1,0,0,0,0,0,0
48,22,25.665842056274414,92061,3,1.2327982161532156,1,259,0,0,0,1,0
32,6,185.20346069335938,90036,2,6.4057302412896915,1,0,0,0,0,1,0
64,41,70.03044128417969,95011,1,2.1988685310638134,3,0,0,0,0,1,0
32,4,78.25485229492188,94176,3,0.31011198465545675,3,0,0,0,0,0,0
47,28,147.75643920898438,94733,2,0.879035579105507,1,0,0,0,0,1,0
31,2,36.98258972167969,94037,2,1.9338253664456022,2,0,0,0,0,1,0
47,21,40.305335998535156,92062,1,0.7814451563469493,2,0,1,0,0,1,0
47,9,149.29148864746094,94199,4,5.395063838072688,2,0,0,0,1,1,1
28,17,70.38429260253906,91677,1,0.7116056566889895,1,0,0,0,0,1,0
54,37,155.36575317382812,91149,3,0.7296819123547513,2,0,1,0,0,1,1
55,32,28.86517333984375,95803,1,1.4383505748169259,3,131,0,0,0,1,0
28,1,84.87300109863281,91830,2,0.6988578845645061,1,0,1,0,0,0,0
58,29,27.703962326049805,90315,3,1.2813522880288315,3,104,0,0,0,1,0
55,32,62.11500930786133,90586,1,0.26647347955925926,3,0,0,0,0,0,0
60,32,56.984642028808594,91893,2,1.9037471147536744,1,0,0,1,0,1,0
27,9,47.61681365966797,90914,2,3.3134217762991693,3,0,1,0,0,1,0
65,31,140.09719848632812,90134,2,2.4189695198132686,2,0,1,0,0,0,1
49,26,45.372989654541016,94216,3,3.1768263403519374,2,103,1,0,0,1,0
40,17,142.496826171875,91902,1,0.14108796183807093,1,0,0,0,0,1,0
36,5,40.933712005615234,94098,3,0.784232252723151,1,0,0,0,0,0,0
29,4,38.72471237182617,92483,4,0.3334604327854309,2,97,1,0,0,0,0
53,24,61.90892028808594,92120,1,0.13031154851771887,3,235,0,0,0,0,0
29,5,134.17739868164062,91332,2,2.932671883557128,3,302,1,0,0,1,1
44,17,147.296875,95174,1,8.278012756765296,1,411,0,0,0,1,0
33,8,21.253734588623047,96328,4,0.6695355825805093,2,0,1,0,0,0,0
38,9,24.66938591003418,94955,4,1.9087624469434277,3,145,0,0,0,1,0
31,7,59.47813034057617,93450,4,1.827288004037447,3,84,0,0,0,0,0
33,10,115.93168640136719,94339,2,2.6593263928208337,1,0,0,1,0,0,0
37,19,24.227046966552734,93875,1,0.26938347558665304,3,0,1,0,0,1,0
36,6,46.53650665283203,94966,2,1.167234484705658,1,0,0,0,0,1,0
35,28,128.82943725585938,94569,1,2.671417142474821,1,0,0,0,0,0,0
63,36,55.499908447265625,90551,1,1.6287357077621587,3,0,0,1,0,1,0
49,18,143.89842224121094,92138,2,3.17523791168769,1,0,0,0,0,0,0
53,25,120.56188201904297,89759,3,2.0154270912033727,2,0,0,0,0,0,0
29,2,20.803213119506836,92021,2,0.3297850040836156,3,0,0,1,0,1,0
59,38,31.530351638793945,91536,2,0.5465063911433967,1,0,0,0,0,0,0
37,19,94.74825286865234,90267,2,2.1754399178637396,2,0,1,0,0,1,0
58,34,142.8773193359375,90241,2,7.199878223374414,1,0,1,0,0,1,0
36,11,55.0858039855957,95150,2,0.021796635698373312,3,0,1,0,0,1,0
56,30,25.2539119720459,92932,4,0.9091350088229069,1,130,1,0,0,1,0
34,8,20.321914672851562,93103,3,1.2754916006758172,1,118,0,0,0,1,0
61,35,20.66576385498047,93612,3,0.4510636162724632,2,0,1,0,0,0,0
52,37,60.27449417114258,90707,4,1.4117125849522527,1,88,0,0,0,1,0
31,4,49.133934020996094,93892,4,0.32738781591034094,2,0,0,0,0,1,0
29,13,65.0185546875,89982,4,2.9409081773897396,1,0,1,0,0,1,0
56,35,69.58970642089844,95033,3,1.9380725412790758,1,244,0,0,0,1,0
45,23,62.71614456176758,94723,4,1.5850055887278722,1,183,0,0,0,1,0
39,22,48.57946014404297,95507,3,0.5685682798726455,2,112,1,1,1,1,0
44,19,94.84040832519531,92087,4,0.4042010572322462,2,0,0,0,0,1,0
44,19,56.57871627807617,94829,3,0.19322335309318095,1,0,0,1,0,1,0
40,11,48.93251419067383,95445,1,0.033737225001121196,1,0,1,0,0,0,0
35,13,123.84770202636719,92450,2,0.8266156951246877,1,0,0,0,0,1,0
43,20,114.91018676757812,93976,2,6.3503724643696895,1,0,1,0,0,1,0
29,0,106.93053436279297,94721,4,2.235930894240164,2,176,1,0,0,1,0
30,5,176.90724182128906,95019,2,2.9012545496235447,1,0,0,1,0,0,0
59,34,30.230133056640625,91827,1,1.053081017545568,2,0,0,0,0,1,0
29,6,78.27140808105469,94435,2,1.6255047921450405,2,0,1,0,0,1,0
56,35,25.583908081054688,90450,4,0.44035597386781533,1,162,1,0,0,1,0
38,18,101.88397216796875,94388,2,2.528052095304731,2,0,0,0,0,0,1
28,3,62.03006362915039,93954,3,2.2733015594593544,1,377,0,0,0,1,0
33,5,50.35654830932617,94455,2,0.2043744840152753,2,0,0,0,0,1,0
40,21,177.34451293945312,95125,4,4.109710085343244,1,0,0,0,0,0,1
61,27,35.95799255371094,90233,4,1.3678548456378188,1,0,1,0,0,0,0
60,35,49.4326171875,89999,4,1.8234929039964536,1,0,0,1,0,0,0
27,1,38.970558166503906,96283,4,0.2200320814164649,1,0,0,0,0,1,0
28,2,39.033905029296875,95915,4,1.2501957789018379,3,0,0,0,0,0,0
41,25,97.4207534790039,91691,2,1.7749745672182928,1,0,1,0,0,0,0
31,9,69.2485580444336,92115,3,0.2628498493326834,2,0,0,0,0,0,0
40,21,75.15804290771484,92804,2,0.6894180927607714,3,390,1,0,0,1,0
56,32,146.9589080810547,95467,2,7.317446583821674,1,222,1,0,0,1,0
33,7,14.424118041992188,92347,4,0.778503371745086,2,0,0,0,0,1,0
27,3,32.91136169433594,95088,2,1.126204443273084,1,96,1,0,0,0,0
32,16,78.39041137695312,92988,3,1.0300184379297357,1,0,1,0,0,1,0
56,31,44.63567352294922,91470,2,0.5341574195987794,3,0,0,0,0,0,0
44,23,66.12403869628906,92067,1,2.715344907519832,1,112,0,0,0,1,0
52,26,11.576075553894043,95522,1,0.056115540284684406,3,0,0,0,0,1,0
34,9,16.87179946899414,90341,1,0.6100867323788174,3,0,0,0,0,0,0
45,12,131.87734985351562,94789,2,4.851853925274174,1,0,0,0,0,1,1
39,14,13.93045425415039,95715,2,0.4977524561666772,1,0,1,0,0,1,0
39,12,86.10873413085938,91738,3,0.6966183063982228,2,0,1,0,0,1,0
34,7,74.60604858398438,92865,2,0.35786719540617046,1,113,1,0,0,0,0
40,16,33.25962829589844,94607,1,0.8220099014406421,1,179,0,0,0,0,0
41,16,41.35055923461914,92549,2,1.1146372400989182,3,181,0,0,0,1,0
58,34,150.28604125976562,91799,2,1.9664951637198786,1,0,0,0,0,0,0
57,12,104.70782470703125,93892,3,2.1083143865318568,1,0,0,0,0,0,0
49,36,140.7455596923828,92471,4,1.5797624727823107,2,0,0,0,0,1,1
62,37,44.354801177978516,92185,3,0.7234006849712585,2,0,1,0,1,1,0
41,19,151.27880859375,95624,2,0.2822833785980669,1,0,0,0,0,1,0
45,20,182.3441925048828,95135,2,7.444546727277791,1,0,1,0,0,0,0
45,28,42.19123840332031,91943,1,0.41344914227810003,3,0,0,1,0,1,0
37,14,21.62169075012207,90504,1,2.2335176245472876,2,0,0,0,0,0,0
44,26,82.88992309570312,95442,1,1.5762497888344904,2,0,0,0,0,1,0
28,4,102.19996643066406,94982,2,2.8916546895221025,2,0,0,1,0,1,0
58,33,134.69163513183594,92405,1,5.464679605019376,1,395,1,0,0,0,0
52,29,67.07025146484375,94144,4,0.326110147977559,1,0,0,1,0,0,0
40,12,102.55838012695312,95973,3,0.45796931908433797,2,0,0,0,0,0,1
54,29,99.37068939208984,90353,1,1.4808423643021633,3,0,0,0,0,1,0
57,32,119.4995346069336,93903,1,2.039574612572964,1,0,0,0,0,1,0
61,39,26.89553451538086,90238,4,1.9952617337773866,3,0,0,0,0,1,0
64,40,49.994972229003906,91529,3,0.13341922219276373,3,102,0,0,0,0,0
28,19,183.17694091796875,94237,2,1.220324103264567,3,285,0,0,0,0,1
32,16,76.78772735595703,94500,4,2.4315931666668757,1,0,0,0,0,0,0
65,42,71.54544830322266,94114,3,0.3813547252255419,1,0,1,0,0,1,0
25,-2,94.52362060546875,93278,4,2.6787931505666425,3,0,0,0,0,1,0
43,18,25.37761878967285,92998,4,0.6655309339176407,1,0,0,0,0,0,0
41,17,77.6819839477539,92185,2,4.932524468202741,2,507,0,0,0,0,0
61,36,65.53837585449219,93436,1,0.5236519033271223,2,0,1,0,0,0,0
65,36,13.059133529663086,91856,1,1.2151013676672466,2,109,0,0,0,0,0
42,9,28.841651916503906,90333,3,0.7243029150876095,2,0,0,0,0,0,0
24,1,70.82158660888672,95291,4,1.2709427887234026,1,377,0,0,0,1,0
47,21,57.74006271362305,92891,4,0.5501067592192401,3,0,1,0,0,0,0
38,22,28.85629653930664,90337,3,0.52597276426168,2,0,0,0,0,1,0
56,31,118.97645568847656,95584,2,3.306822702771827,3,0,0,0,0,0,0
62,36,72.29859924316406,93127,4,0.6272461716841778,3,0,0,0,0,1,0
59,33,25.372468948364258,91945,3,0.7949807113575655,2,0,1,0,0,1,0
56,31,63.13945388793945,94762,2,1.611500962665802,3,229,1,0,0,0,0
33,8,89.3276138305664,92146,4,1.6884963221508789,2,0,0,0,0,0,0
32,13,109.68938446044922,90608,4,4.094045347384791,1,0,0,0,0,0,1
45,23,62.83814239501953,89701,1,1.3836482858075736,3,0,0,0,0,1,0
34,13,74.58658599853516,95257,4,3.24865023333844,3,0,0,0,0,0,0
49,27,168.6842498779297,92009,2,6.794392652697655,1,0,0,0,0,0,0
55,21,81.34477996826172,92192,2,3.288213556306437,1,317,0,0,0,0,0
50,22,96.20997619628906,92477,2,1.4450483401335088,2,0,0,0,0,0,0
37,21,34.60993957519531,90756,2,0.1512898853022439,2,0,0,0,0,0,0
62,38,22.590576171875,92419,1,0.5959869390738644,2,0,0,0,0,0,0
53,16,54.243385314941406,93252,1,0.9748430068089862,3,0,0,0,0,1,0
40,16,19.79170799255371,91810,3,0.19864554048152086,1,0,0,1,0,0,0
66,34,74.31583404541016,95424,4,2.108292947713785,3,253,0,0,0,1,0
32,3,35.43891525268555,91370,2,0.661629064996297,3,0,0,0,0,0,0
43,21,82.81600952148438,95430,1,0.4292541367881335,1,0,0,0,0,0,0
48,21,52.657203674316406,92934,1,0.48988399118401627,2,0,0,0,0,0,0
33,8,55.4135856628418,96251,1,0.45260212244677883,1,185,0,0,0,1,0
34,12,98.5928955078125,91929,2,0.9464087002320852,1,0,0,0,0,1,0
38,17,174.73049926757812,93154,2,2.9880708016155424,1,485,0,0,0,0,0
46,28,73.70738983154297,91938,4,2.0270870224985313,3,0,0,0,0,0,0
34,18,85.54055786132812,94382,2,1.7192504562439805,3,0,1,0,0,1,0
36,10,69.06771850585938,94844,3,1.9159951703626312,2,215,0,0,0,0,0
38,8,59.12974166870117,91918,3,0.6549432375715943,3,0,1,0,0,0,0
67,41,26.944921493530273,90427,3,0.4272957020662562,2,146,0,0,0,0,0
30,8,69.1829605102539,94316,2,0.7178438841017227,1,0,1,0,0,0,0
40,14,69.31440734863281,92426,1,0.5707712077283893,1,0,0,0,0,1,0
59,37,21.244245529174805,94507,2,1.5959629484585012,3,0,1,0,0,1,0
39,15,73.38333892822266,93363,2,0.08827405930839013,3,0,0,1,1,1,0
29,1,66.73818969726562,94026,2,4.067108826918259,3,0,1,0,0,0,0
50,24,61.996158599853516,92094,4,2.246468600928565,3,0,0,0,0,1,0
51,18,53.60335922241211,94907,4,1.3404798490594774,3,0,0,0,0,1,0
60,35,89.1233139038086,94311,4,1.4793887883620296,3,0,0,0,0,0,0
32,8,26.27069664001465,93158,3,0.2890317969698904,1,0,0,0,0,0,0
42,17,57.90895462036133,92991,1,1.1544521310189715,3,0,0,0,0,1,0
37,11,69.55912780761719,92452,2,0.8006019591063117,2,0,0,0,0,1,0
64,37,43.390708923339844,94438,2,1.4297370121451567,3,0,1,1,1,1,0
38,3,75.4129867553711,94723,3,1.4549717447504271,2,0,1,0,0,1,0
28,-1,70.93836212158203,91408,4,2.430325871501599,2,0,1,0,0,1,0
59,31,49.91054153442383,92037,4,1.8271266834928688,2,0,0,1,0,0,0
30,17,194.5723876953125,94118,2,2.7405877883595497,1,0,0,0,0,1,0
44,2,47.930381774902344,95356,3,2.100329960457302,1,0,0,0,0,1,0
48,21,31.880502700805664,94541,1,0.737307412621827,2,146,0,0,0,0,0
32,11,25.13321876525879,93020,1,0.18894184491541488,3,0,0,0,0,0,0
38,15,129.74887084960938,91391,2,2.726314047577967,3,0,0,1,0,1,1
40,16,12.67142105102539,90491,2,0.22566332164008152,3,102,1,0,0,1,0
60,30,88.74784851074219,90896,3,0.7095236597230573,1,0,0,0,0,0,0
52,22,134.31483459472656,91715,2,1.7098900325365614,3,219,1,0,0,0,0
35,27,90.04679870605469,95216,2,0.8461689633127515,1,0,0,0,0,1,0
38,16,84.36282348632812,94888,2,2.5669592129185785,1,0,0,0,0,1,0
62,31,141.935302734375,91531,1,3.7575364696870133,1,0,0,0,0,0,0
56,31,39.51436996459961,94156,2,0.21060465117062893,2,0,1,0,0,0,0
30,5,147.37765502929688,92255,4,6.98407437771354,3,0,0,0,0,0,1
57,27,45.15947341918945,89882,3,2.322017450085584,1,0,0,0,0,1,0
66,36,24.182249069213867,95165,1,1.6168295605321412,3,115,0,1,0,1,0
47,27,21.8726806640625,94554,3,2.3704553340054435,3,0,0,0,0,1,0
59,34,58.958187103271484,93988,4,1.8178921892797364,2,0,0,0,0,1,0
50,24,54.21882629394531,92217,2,0.6642884305652818,1,0,0,1,0,1,0
37,16,64.74775695800781,90057,1,1.0863571917132435,3,147,0,0,0,1,0
29,0,135.78707885742188,95419,4,2.1039685216137856,1,158,0,1,0,1,0
54,36,43.652381896972656,94290,3,1.9583224904248029,3,0,0,0,0,0,0
33,13,56.64191818237305,91119,3,1.0199153150175155,3,165,0,0,0,0,0
40,18,80.20997619628906,90484,4,1.2782105192028648,2,0,1,0,0,0,0
32,4,35.622859954833984,92851,4,1.0317268446792265,2,115,0,1,0,1,0
52,25,26.13274574279785,90223,4,0.7991676185712561,1,0,0,0,0,0,0
41,18,77.52079772949219,91517,3,0.2600038359012051,2,72,0,0,0,1,0
46,18,71.03553771972656,92007,3,3.5586930069097886,1,0,1,0,0,0,0
29,7,58.57567596435547,96263,4,2.0409234307932786,2,144,1,0,0,0,0
56,28,19.394899368286133,92747,4,1.5264454486112942,3,130,1,0,0,1,0
58,18,23.0196533203125,92206,3,0.7928655912364009,1,0,1,0,0,0,0
33,3,68.55397033691406,90160,3,1.7398403862451461,1,0,0,0,0,1,0
45,26,62.610145568847656,95481,2,1.3296404492589742,3,0,0,0,0,0,0
54,18,56.15615463256836,94747,4,1.7066012699535769,2,0,0,0,0,0,0
57,26,80.19395446777344,92702,1,2.233113750769803,1,0,1,1,1,1,0
58,24,166.57220458984375,94887,2,3.3870090731885565,1,0,0,0,0,0,0
49,20,77.97677612304688,94542,2,0.0014276954616204707,2,0,0,0,0,0,0
35,15,98.45709991455078,93211,1,1.0077114766393267,1,162,1,0,1,1,0
32,5,38.189090728759766,90864,3,1.7169661917026886,2,87,0,0,0,1,0
28,7,54.22272872924805,95112,1,1.149175419286005,2,101,0,1,0,1,0
31,7,118.14985656738281,94857,4,1.27007189599206,3,0,1,0,0,0,0
37,10,197.25961303710938,94554,1,3.620088316865683,3,0,0,0,0,1,1
27,1,36.37501525878906,91853,2,1.3655389843521413,1,102,0,0,0,1,0
63,38,114.92254638671875,92240,1,3.2520306412279156,3,0,0,1,0,0,0
64,38,53.91974639892578,91269,1,0.39563737118579834,3,0,0,0,0,0,0
47,24,74.94021606445312,90140,1,2.124451562479169,2,120,1,0,0,0,0
56,9,20.134403228759766,92397,4,2.2452738436506023,3,0,0,0,0,0,0
60,38,139.24072265625,92870,3,2.7241030893607436,1,0,1,0,0,0,0
63,41,20.177366256713867,95771,2,0.711883485257053,2,0,0,0,0,1,0
31,7,54.23839569091797,92367,3,1.7992067340860465,1,0,1,0,0,0,0
61,35,71.0814208984375,93249,2,2.0203528719846666,2,0,1,0,0,0,0
65,40,57.91801071166992,91875,2,0.5180269912343805,2,0,0,1,0,1,0
45,26,43.60499954223633,92884,4,2.4465010537895218,3,395,1,0,0,1,0
58,29,73.92229461669922,92075,3,2.1264681239586443,2,0,0,0,0,0,0
36,12,84.54462432861328,90265,1,0.8367525807833618,2,0,0,0,0,0,0
41,16,94.45271301269531,95104,1,2.730558734932731,1,0,0,0,0,1,0
57,31,129.45864868164062,94446,1,4.026601206266536,3,0,0,0,0,1,1
61,33,29.335386276245117,91685,4,0.28621938520409074,2,0,0,0,0,0,0
26,4,126.89251708984375,92335,4,2.3936553394005653,2,0,0,0,0,0,1
65,38,22.327533721923828,93807,3,1.4928641953749164,2,172,0,0,0,1,0
50,30,111.84031677246094,94594,1,1.6502767665304836,2,0,0,0,0,0,0
29,6,35.41287612915039,95461,3,0.9465947195843645,1,0,1,0,0,1,0
30,7,154.11428833007812,96118,2,4.513039477277436,1,224,0,1,0,1,0
42,14,100.01789855957031,94967,3,0.6456463856306486,2,0,0,0,0,0,1
34,9,90.54629516601562,91039,2,2.5905827995665334,1,0,1,0,0,0,0
51,19,124.29877471923828,94697,4,1.779458761819864,2,105,0,0,0,1,1
60,37,69.98800659179688,92684,2,1.354886971612687,3,0,0,0,0,0,0
51,37,55.7898063659668,92406,3,1.3227883823469495,2,0,0,0,0,0,0
40,23,77.64698028564453,92201,3,1.463546014153148,2,0,0,0,0,0,0
30,2,51.130592346191406,94840,2,1.04153186438808,2,90,0,0,0,0,0
52,22,18.94721031188965,95641,4,1.4866523474686317,2,0,0,0,0,1,0
36,22,61.588348388671875,94647,2,2.995662974372449,1,0,0,0,0,0,0
37,9,93.48458099365234,94438,2,1.3773760166797433,1,96,0,0,0,1,0
58,31,23.917490005493164,94139,3,1.3164087920138958,2,84,1,0,0,0,0
33,15,31.305240631103516,96105,4,0.8680883029619136,2,0,0,0,0,1,0
28,5,52.543235778808594,91956,1,1.5900092004299162,3,0,0,0,0,0,0
43,20,40.4216423034668,91079,2,1.1200245668702422,1,230,0,1,0,1,0
53,20,77.49433135986328,90268,2,3.3783425780491347,1,0,0,0,0,0,0
54,24,77.34530639648438,95512,2,2.2601333064152302,1,0,1,0,0,1,0
64,40,27.132272720336914,90163,2,0.1219294111323091,3,0,0,0,0,1,0
44,17,85.62345123291016,95621,1,1.4436588316846208,2,0,0,1,1,1,0
37,2,24.138765335083008,94019,2,0.37619492357581663,2,0,0,0,0,0,0
61,27,121.4905014038086,91044,2,2.258307486878995,1,253,0,0,0,0,0
42,10,54.1265754699707,92390,4,1.4094229009046422,3,0,0,0,0,1,0
29,13,25.7114315032959,91389,3,0.8359308516701219,2,0,0,0,0,1,0
59,30,60.761470794677734,93240,4,3.714330334965709,1,0,1,1,1,1,0
23,1,68.87667846679688,94954,1,0.1981748276528533,3,0,0,0,0,1,0
36,7,81.52265930175781,94425,2,2.9572896519210228,1,0,0,0,0,1,0
42,16,25.054908752441406,92029,1,3.1348611794249512,2,0,1,0,0,1,0
41,14,33.131778717041016,94064,2,0.35400340793559504,2,0,0,0,0,1,0
48,26,62.846717834472656,95216,4,1.1733361108038265,2,0,0,0,0,1,0
34,18,98.57622528076172,94652,2,1.232182591935203,1,220,1,1,1,1,0
39,18,46.20951843261719,94528,2,0.9831436361612885,2,0,0,0,0,1,0
44,17,185.83140563964844,94848,2,4.090350927925462,1,0,1,0,0,0,0
31,5,57.702842712402344,95070,1,1.7461587765807614,2,0,0,0,0,1,0
35,7,15.386218070983887,93063,3,0.49180177026855226,1,0,1,0,0,1,0
45,16,80.42361450195312,92950,1,2.5424485013148033,2,0,0,0,0,1,0
62,31,101.74410247802734,90994,1,5.358944465293777,1,0,0,0,0,0,0
25,7,96.48552703857422,92921,4,2.7410834050768456,1,0,0,0,0,1,0
42,25,14.523393630981445,91308,3,0.2240158281304706,1,0,1,1,0,1,0
41,18,70.58331298828125,95648,1,2.6669682360642812,1,0,0,1,0,1,0
34,8,178.1978759765625,91737,2,1.3640934912539138,1,0,0,0,0,1,0
33,16,80.19217681884766,90040,4,1.591414790724888,2,0,0,0,0,0,0
61,30,81.25739288330078,94842,2,2.0370183119296,1,0,0,1,0,1,0
57,26,65.92867279052734,94062,1,0.9963708021814006,3,220,1,0,0,1,0
43,24,45.00079345703125,94514,4,0.8846744099430619,1,0,0,0,0,1,0
56,35,62.61792755126953,94622,2,1.3446843431194782,2,0,0,0,0,0,0
35,17,50.02753448486328,94391,1,0.08959923715020576,3,0,0,0,0,1,0
37,12,47.837093353271484,93966,4,1.8112801795949418,2,0,0,0,0,0,0
59,33,63.03245162963867,91417,4,1.7906988756868665,1,0,0,0,0,1,0
48,23,96.6114273071289,95434,2,3.9045659941509157,3,0,0,0,0,0,0
42,17,96.30311584472656,94811,1,3.8321304565676586,2,0,0,0,0,1,0
60,35,102.959716796875,92676,2,0.4885916180558239,1,140,0,0,0,1,0
40,11,133.5411834716797,94079,3,2.654677272300016,1,0,1,0,1,1,0
35,10,11.023877143859863,95582,4,0.6366158495153722,2,0,1,0,0,1,0
30,12,176.76319885253906,94548,2,5.839509045601697,1,0,0,0,0,0,0
37,11,61.217796325683594,92188,2,2.2434213547584134,1,0,0,0,0,1,0
49,27,56.021278381347656,94068,1,0.8883917415578464,1,309,1,1,1,1,0
37,15,51.34270477294922,95117,1,2.046621472288944,3,118,0,0,0,0,0
53,30,24.990060806274414,94339,3,0.7550274834622395,2,78,1,0,0,1,0
27,0,50.33778381347656,94909,4,0.9580196679130183,3,0,0,1,0,0,0
47,22,64.06059265136719,94576,2,2.990053210362963,1,0,0,0,0,1,0
33,22,54.95895004272461,91965,2,1.179549657928915,3,0,0,0,0,0,0
50,30,35.28587341308594,93109,1,0.6485190217825565,3,172,0,0,0,1,0
39,14,200.93345642089844,95206,3,5.3886847527596675,3,610,0,0,1,1,1
38,15,125.01580047607422,90994,2,2.3115573544645307,2,0,0,0,0,0,0
53,16,138.4224853515625,95370,3,2.371123785028706,1,218,0,0,0,1,0
39,4,47.40167236328125,93159,2,3.5393021126897124,3,138,0,0,0,0,0
58,37,78.77742767333984,91986,4,2.50077923243055,1,0,1,0,0,0,0
33,9,163.69239807128906,90293,2,1.916506700571005,1,0,0,0,0,1,0
31,5,112.54645538330078,94700,2,0.5127157368148997,2,0,0,0,0,1,0
35,27,21.64109230041504,93294,2,2.2638626114998055,2,0,0,0,0,1,0
51,15,55.34107971191406,92021,3,1.4786852428493187,1,106,0,0,0,1,0
58,28,164.23944091796875,94420,2,2.1666468458369157,1,0,1,0,0,1,0
29,-2,116.48865509033203,93385,1,0.3905554697506384,3,114,0,0,0,1,1
61,36,36.151161193847656,94510,1,0.35354115151346355,3,0,0,0,0,0,0
32,6,51.397701263427734,91781,3,2.9759646344474735,1,0,0,0,0,1,0
42,18,105.66243743896484,91668,4,3.9020301050728445,1,0,0,0,0,0,1
39,13,15.845815658569336,92215,3,0.24040647356617287,1,0,0,0,0,0,0
33,13,165.7966766357422,91360,3,7.253005329805563,2,387,1,0,0,0,1
47,21,44.95322036743164,91976,4,1.3066017071707896,2,0,1,0,0,1,0
65,34,56.717552185058594,95572,2,1.331833087169116,1,0,0,0,0,1,0
64,41,25.299423217773438,94677,1,0.4782113766122441,3,425,0,0,0,1,0
58,28,112.440185546875,91362,1,4.602970779545081,1,0,0,0,0,0,0
49,16,128.46347045898438,90447,1,1.9335203566612156,1,284,0,0,0,0,0
50,22,52.5068473815918,93123,2,1.6063767433358889,3,0,1,0,0,0,0
47,16,81.54192352294922,90678,4,2.6204016089487334,1,0,0,0,0,0,0
55,22,105.68043518066406,95464,1,2.1666071248180367,3,0,1,0,0,1,0
43,27,36.05790710449219,94952,1,0.8219675954891223,2,110,1,0,1,1,0
66,35,95.86673736572266,94487,3,0.9790973517499165,2,312,0,0,0,0,0
39,15,77.35964965820312,95619,2,2.688855803374588,1,0,0,1,0,1,0
33,6,35.11958312988281,92057,4,0.31688509576692797,2,122,0,0,0,1,0
63,37,128.18569946289062,94444,2,3.3076947876318084,1,0,1,0,1,1,1
30,4,64.75759887695312,91901,2,1.7040583841978256,2,0,0,0,0,0,0
35,18,64.01763916015625,90396,2,0.8516615169937927,1,110,1,0,0,1,0
54,20,50.58573913574219,91147,2,0.2385390046405964,1,0,0,0,0,0,0
52,26,142.1158447265625,90296,2,3.108205492216625,1,0,0,0,0,0,0
27,9,59.52284240722656,92387,2,1.0003648690360183,3,0,0,0,0,0,0
38,8,58.3295783996582,95741,1,2.5157240852434466,1,0,0,1,0,1,0
48,9,70.16532897949219,90108,2,1.1241207404695543,1,119,0,1,0,0,0
59,25,147.9866485595703,92257,2,1.704503046378181,1,178,0,0,0,1,0
42,16,108.56244659423828,90255,1,1.4096658396617419,2,564,0,0,0,1,0
50,19,40.117977142333984,94229,4,1.0873379389226578,2,151,0,0,0,0,0
27,7,72.70378112792969,90492,1,0.22208439399503827,1,0,0,0,0,1,0
47,21,102.73308563232422,91803,1,0.4841369901882616,1,0,1,1,0,0,0
28,4,35.44950866699219,94497,4,1.7936017702785967,3,142,0,0,0,1,0
62,26,86.6478271484375,90120,1,0.2523704132313661,2,0,1,1,0,0,0
56,25,84.0423355102539,91842,2,1.4123486318894094,3,290,0,0,0,1,0
43,25,63.372676849365234,93216,3,1.5219726613384195,3,384,0,1,0,1,0
62,28,49.72929382324219,90262,2,0.37054550998940083,1,0,0,0,0,1,0
26,13,100.96937561035156,92264,4,4.655723462037315,1,184,0,1,0,1,0
33,10,29.997758865356445,91944,2,0.29034050321661053,1,186,1,0,0,1,0
51,26,108.47831726074219,91735,1,3.593931281849354,1,0,0,0,0,1,0
59,34,60.27619934082031,94538,1,1.496779017010541,2,546,1,0,1,1,0
34,14,29.211591720581055,93966,2,1.040828436065351,2,138,0,0,0,1,0
32,19,71.36793518066406,94029,4,1.6206071924263041,2,0,0,0,0,1,0
43,15,51.106773376464844,91452,1,1.3934002830754524,3,0,0,1,0,0,0
53,32,60.658164978027344,94609,4,1.70529278330986,3,0,0,0,0,0,0
43,17,61.64682388305664,95449,1,0.8202968900330065,3,261,0,0,0,0,0
54,36,21.120662689208984,90933,3,0.8694772962577996,3,0,1,0,0,1,0
61,40,32.97872543334961,92791,2,1.6023945185057926,3,0,0,0,0,1,0
25,17,46.1798095703125,94903,4,1.5750946191280701,3,0,0,0,0,1,0
27,4,122.97001647949219,91549,4,1.59566819992639,1,218,1,0,0,1,0
53,11,48.235008239746094,94412,4,1.935595552213328,2,148,0,0,0,0,0
64,38,127.34506225585938,91297,4,5.641457484581642,3,0,0,0,0,0,0
38,3,51.02128982543945,94547,3,1.7777557551378076,2,205,1,0,0,1,0
56,31,41.13283157348633,92413,4,1.183457444457864,3,88,0,0,0,1,0
59,27,37.67390441894531,92637,4,2.817607670802133,2,0,1,0,0,1,0
51,25,12.524212837219238,95660,4,0.8424580501932933,3,122,1,1,1,1,0
27,5,19.9872989654541,94759,1,0.47306050857506066,3,0,1,0,0,0,0
55,31,42.750980377197266,95858,1,2.7563961421055763,2,0,0,0,0,0,0
41,13,24.556507110595703,95146,3,1.3058558584795088,2,0,0,0,0,1,0
60,38,45.341609954833984,92139,1,0.3413091171205894,2,0,1,0,0,1,0
48,31,15.5970458984375,94779,3,0.3428785606631197,1,0,0,0,0,0,0
55,31,44.15849685668945,91973,3,2.068338969259098,2,104,0,0,0,0,0
65,40,20.207422256469727,95108,1,3.6881718727833595,3,0,0,0,0,1,0
32,11,69.46137237548828,92547,4,1.2959212941262952,3,146,1,0,0,1,0
61,40,62.69771194458008,91943,3,1.6344445562386172,1,0,1,1,1,1,0
29,4,67.29510498046875,92967,3,0.2531036849465287,1,0,0,0,0,0,0
44,16,57.31790542602539,95135,2,2.298341893072548,2,0,0,0,0,1,0
59,37,58.589664459228516,91930,2,2.176933737645901,3,0,0,0,0,0,0
62,39,54.42957305908203,91214,3,1.6646291660197943,2,0,0,0,0,1,0
63,35,59.61940383911133,91514,2,3.4747469174363417,3,0,0,0,0,0,0
45,23,33.790069580078125,94684,3,0.6840094741992429,2,0,0,0,0,0,0
36,11,51.58644104003906,92144,1,0.6807081071805731,3,0,0,0,0,1,0
35,5,80.9806900024414,94275,3,0.3084517530457763,3,157,0,0,0,0,0
28,21,30.633468627929688,94972,4,0.45531902790775675,2,135,1,1,0,0,0
35,5,71.82688903808594,92005,1,2.0455562229732127,2,0,0,0,0,1,0
27,3,125.03018188476562,95172,4,1.2453633808241553,1,0,0,0,0,1,0
35,12,129.73333740234375,95171,2,6.150669208948321,1,0,0,0,0,0,0
28,2,94.24240112304688,91191,2,0.9428676919261683,2,0,0,0,0,1,0
36,15,105.1259994506836,93466,4,0.47937263390230855,3,123,0,1,0,0,0
59,30,32.027610778808594,93552,1,0.1319759216695832,1,0,0,0,0,0,0
33,3,43.028621673583984,96169,4,0.5990255786913333,3,0,0,0,0,0,0
32,8,92.55130767822266,90233,3,0.10515625087619399,3,0,0,0,0,0,1
28,3,186.4886016845703,95763,1,5.909227030283525,1,0,0,0,0,0,0
23,0,38.23322296142578,95798,4,2.4828757989955514,1,0,0,0,0,0,0
33,15,205.8720245361328,94878,2,4.5027883835927645,1,0,0,0,0,1,0
63,36,53.157169342041016,90353,1,0.30245186046274136,1,0,0,0,0,0,0
47,10,38.565765380859375,89675,3,2.181441577290733,3,0,0,0,0,1,0
32,11,69.55436706542969,94542,1,1.8851977757991727,3,376,0,0,0,0,0
37,12,52.57551956176758,94688,4,0.3870726090049112,1,0,0,0,0,1,0
51,6,75.10151672363281,92225,4,1.7233066846943483,2,0,1,0,0,0,0
48,24,137.4555206298828,94922,1,2.447898203464237,1,0,0,0,0,0,0
52,16,52.933387756347656,91888,2,1.8489583734687516,2,378,0,1,0,1,0
32,8,39.601776123046875,95577,4,2.2761916431856757,3,0,0,0,0,1,0
36,16,52.725162506103516,95069,3,0.43356111190997826,2,0,0,0,0,0,0
55,19,106.3223876953125,95527,2,0.9597883473095443,2,248,0,0,0,1,1
40,15,140.6914825439453,94426,1,1.4374278746979552,1,0,1,0,0,0,0
34,6,50.73094177246094,95263,4,1.8549611663512915,2,0,0,0,0,1,0
58,35,87.74414825439453,94302,1,1.649270040013569,3,0,1,0,0,0,0
34,6,60.452274322509766,92326,4,0.7066787840460997,2,0,0,0,0,1,0
54,28,34.05067825317383,93695,3,2.2119492470392097,3,0,0,0,0,0,0
50,21,80.12944793701172,94497,3,1.297477287476934,1,0,0,0,0,1,0
47,15,50.27361297607422,92749,4,0.7654512560737399,3,0,1,0,0,0,0
31,18,21.900522232055664,90778,4,0.23200377514302334,3,0,0,0,0,1,0
35,9,25.76769256591797,95265,4,1.118597246103414,2,0,0,0,0,1,0
34,8,45.89419937133789,90178,4,1.3981706351041285,2,0,0,0,0,1,0
34,10,131.58482360839844,92350,1,5.366023189002232,1,386,1,0,0,0,0
34,7,41.520999908447266,94609,4,0.8457452784493548,3,111,0,0,0,0,0
54,16,183.0838165283203,90006,2,6.034268763058634,1,0,0,0,0,1,0
45,18,76.14498138427734,90517,1,6.07876682960314,3,188,0,0,0,0,0
36,18,121.12068176269531,92924,2,1.851589273318476,1,0,1,0,0,1,0
41,17,93.83650207519531,96476,1,2.3744392223197694,3,299,0,0,0,1,0
49,34,65.44615173339844,92144,1,3.881781179580085,2,0,0,0,0,0,0
59,38,87.82095336914062,94405,2,2.5634571162373674,2,0,0,0,0,1,0
30,5,57.856964111328125,91391,3,3.678828721645854,2,0,1,0,0,0,0
30,10,33.342811584472656,93502,4,1.9671175428497327,3,0,0,0,0,1,0
27,1,64.69355773925781,94796,1,1.7335206751829444,2,0,0,0,0,0,0
45,19,44.161922454833984,95920,3,1.3239471997187495,3,0,0,0,0,1,0
50,23,20.366352081298828,94235,4,0.771244083652457,2,103,0,0,0,1,0
31,4,35.32910919189453,91229,3,2.0523519788233258,1,0,0,0,0,1,0
33,16,105.53396606445312,91936,3,2.8586469475992953,1,0,0,0,0,1,0
54,16,29.552234649658203,94658,4,1.4969520665385265,1,215,1,0,0,1,0
27,4,36.64007568359375,94937,4,1.7417630082147937,3,0,0,0,0,1,0
56,35,102.1785659790039,93824,1,1.7749328722234041,1,0,1,0,0,0,0
36,5,42.93730163574219,95628,1,0.8011358165710816,3,0,0,0,0,1,0
58,37,23.85833168029785,92813,4,0.12617812859412686,2,0,0,0,0,1,0
43,19,64.99161529541016,94901,4,3.249944137150914,1,0,0,1,0,1,0
56,31,81.16158294677734,91430,1,0.5948283725494146,1,0,1,0,0,1,0
45,19,44.33005905151367,93486,2,0.13333263275779694,3,88,0,0,0,0,0
62,40,40.138126373291016,92546,1,0.6352094957677322,1,330,0,0,0,0,0
60,36,26.326005935668945,90547,1,0.3237015943981877,2,0,0,0,0,0,0
61,33,27.501754760742188,94246,1,0.2536162043995772,1,107,0,0,0,0,0
48,20,46.63909149169922,95628,3,1.286362480815509,2,0,0,0,0,1,0
32,8,93.5584716796875,90633,3,1.965235343618283,2,244,0,0,0,1,0
59,37,23.11273193359375,95004,1,1.3484641314744648,3,0,0,0,0,0,0
29,4,26.609176635742188,95517,4,0.587457043013782,1,0,0,0,0,1,0
29,6,156.03619384765625,90096,4,1.701333822430713,2,0,0,0,0,0,1
58,32,110.35336303710938,91438,3,8.752641389345893,2,0,1,0,0,1,0
62,40,59.451332092285156,91992,2,1.7351161784675906,3,0,1,0,0,1,0
40,15,69.05613708496094,91800,1,0.1214549536492262,3,0,0,0,0,0,0
35,10,83.68759155273438,94554,4,0.10598572764761768,2,168,1,0,0,1,0
42,18,25.89267921447754,93015,2,0.8053891613011782,1,0,0,0,0,1,0
46,30,14.275764465332031,94879,3,0.35690444381067177,3,0,0,0,0,1,0
29,3,41.14444351196289,94670,4,1.6717439857100034,3,152,0,1,0,0,0
44,23,77.20718383789062,95818,3,1.1240166196671821,2,0,0,1,1,1,1
41,12,84.42939758300781,92613,3,0.09444500231199981,2,0,0,0,0,1,0
32,6,42.56482696533203,94186,4,1.840087112309716,2,0,1,1,0,1,0
31,13,47.13106155395508,94291,2,0.5360077884007576,3,0,0,1,0,0,0
43,17,50.24714279174805,94632,1,2.3206739644064713,3,0,0,0,0,1,0
34,8,50.09812545776367,92173,4,2.755520004348428,2,87,0,0,0,1,0
35,5,181.04806518554688,93674,2,3.2562969872606677,1,224,0,0,0,0,0
63,39,65.48538208007812,91844,2,2.036440684602973,3,0,0,0,0,0,0
45,19,53.370025634765625,90362,1,1.5908192286905138,1,0,0,0,0,0,0
39,15,69.3421630859375,94794,2,6.5367697558805045,1,0,1,0,0,0,0
43,27,183.18792724609375,93431,2,7.5156156661271245,1,0,0,0,0,1,0
42,20,110.09278869628906,92830,2,2.5523730495838732,1,0,1,0,0,0,0
28,12,113.86629486083984,94687,3,1.2390265908625944,1,152,1,0,1,1,0
33,3,28.812286376953125,90803,3,0.4584377460457016,2,0,0,0,0,1,0
40,12,41.614139556884766,91063,1,1.068742258452469,3,121,0,0,0,0,0
27,6,51.858154296875,92377,2,5.332334049265404,3,128,0,0,0,1,0
58,37,68.26912689208984,95749,4,2.145608500010704,1,0,0,0,0,0,0
27,9,112.62267303466797,91554,2,2.381723350299623,1,0,0,0,0,1,0
36,9,47.968013763427734,95963,4,0.28380340057777453,2,0,1,0,0,0,0
37,6,35.10829544067383,94532,3,2.445602045984585,3,0,1,0,0,1,0
30,7,47.26856231689453,93904,1,0.2264022880752724,3,0,1,0,0,0,0
32,13,106.92768859863281,94668,3,0.6831459148296777,2,0,0,1,0,0,0
44,21,48.24468231201172,92147,3,0.09539456852241171,1,0,1,0,0,1,0
62,36,156.76441955566406,94279,4,1.3176703076740635,2,0,0,0,0,0,1
46,22,208.20245361328125,91330,2,6.002643810110031,1,380,0,0,0,1,0
57,37,9.76028060913086,95481,2,1.0154802277755055,3,107,1,0,0,0,0
40,21,129.3989715576172,92127,4,2.2188086286468005,2,0,0,0,0,1,1
56,36,71.07008361816406,94148,2,2.5798604448268154,2,0,0,0,0,0,0
43,11,109.84268951416016,90589,2,1.5386107430073608,1,0,0,1,0,1,0
45,14,145.5802001953125,91760,3,0.38132997691463905,2,0,1,0,0,1,1
39,19,56.19438552856445,96168,1,1.388282233380847,3,209,0,1,0,0,0
58,35,115.74124908447266,94478,2,3.847262571077156,2,0,0,0,0,0,0
27,-1,56.25891876220703,93056,3,3.5073656618563027,2,0,0,0,0,1,1
41,22,64.13850402832031,94607,4,1.8974169372214404,2,0,0,0,0,0,0
35,7,154.47265625,90575,2,4.614841285823063,3,0,0,0,0,0,0
48,21,66.29100036621094,94854,2,3.0427363905346687,3,0,1,0,0,1,0
32,8,126.98785400390625,95796,3,1.866122323616544,1,0,1,0,1,1,0
57,39,149.47898864746094,91137,2,4.078786886279419,1,276,0,0,0,1,0
45,29,18.98013687133789,95111,4,1.0484073366753046,3,0,0,1,1,1,0
60,35,173.83245849609375,92409,2,5.028374888169356,1,0,0,0,0,1,0
40,16,38.506874084472656,92797,3,0.17723338511176118,1,0,0,0,0,0,0
35,7,40.00957107543945,92802,3,0.5201080753772601,3,0,0,0,0,0,0
34,13,59.47166061401367,95781,4,1.8333887228987766,2,0,0,0,0,0,0
45,19,24.335033416748047,95230,2,0.8154322926497495,3,0,0,0,0,0,0
37,8,37.181331634521484,94498,4,1.3919712756424198,2,0,0,0,0,1,0
37,5,25.670677185058594,94037,3,1.0476201758659023,2,174,0,0,0,1,0
29,3,52.09165954589844,91491,4,1.2784352737716889,3,0,0,0,0,0,0
37,12,36.824710845947266,94398,2,0.15908693308892563,2,0,1,0,0,0,0
52,26,67.53184509277344,91346,1,1.9474055562552095,1,164,0,1,0,0,0
61,35,63.743194580078125,91213,2,0.8189844851935949,2,0,0,0,0,1,0
36,4,56.50944519042969,92099,3,2.4683697377797995,3,0,1,0,0,0,0
39,21,71.35972595214844,91749,3,1.797224036235675,2,0,0,0,0,1,0
45,27,77.701416015625,94414,2,0.9701523606488655,1,0,0,0,0,1,0
43,10,31.206195831298828,90496,4,0.7775709520441068,1,0,1,0,1,1,0
63,39,49.14665222167969,91377,4,1.5214026434918322,3,0,1,0,0,1,0
38,20,36.50868225097656,94406,4,0.9830535545896647,1,0,0,0,0,0,0
58,31,78.66136169433594,90193,1,1.664387994476047,1,207,0,1,0,0,0
66,35,32.00145721435547,94298,2,1.4569795738797657,3,86,1,0,0,1,0
60,36,110.5345230102539,90335,4,2.312345868016372,1,0,1,0,0,1,0
56,26,54.89922332763672,92708,3,1.8476405443626622,2,0,0,0,0,1,0
31,14,83.90725708007812,92118,4,3.290276454924903,1,0,0,0,0,0,0
28,4,47.85102844238281,95379,3,0.8711282024041893,2,0,0,0,0,1,0
63,42,97.22015380859375,91969,2,2.3538058655326513,3,185,1,0,0,0,0
60,31,44.93495178222656,95115,3,0.2046956060406045,1,0,0,0,0,1,0
31,5,188.2285919189453,92159,2,4.248032965211651,1,236,0,0,0,1,0
57,35,145.93170166015625,90967,3,7.51434755074253,2,0,0,1,0,0,1
38,9,178.48109436035156,94138,2,7.016009269140578,1,0,0,1,1,1,0
27,7,91.5433349609375,92082,2,2.6078020696152047,1,0,0,0,0,1,0
60,39,26.748003005981445,95223,4,1.522046208891449,3,0,0,1,0,0,0
52,18,54.472900390625,93542,4,2.0040344424428955,1,372,1,0,0,0,0
55,21,31.00093650817871,94528,3,1.4727125185888563,3,182,0,1,0,1,0
49,24,133.20501708984375,92701,2,1.5519705637225019,3,0,1,0,1,1,1
34,7,109.37911224365234,92873,1,1.5712176277941348,1,0,0,0,0,1,0
40,17,58.21901321411133,95376,1,1.8071028681488022,3,0,0,0,0,1,0
30,6,25.984880447387695,93435,4,2.190220697630359,1,0,0,0,0,1,0
44,27,83.93013000488281,91112,4,3.568958063681925,1,0,1,0,0,0,0
34,3,51.455501556396484,89852,1,1.091128652980873,3,0,0,0,0,1,0
64,35,59.47504425048828,94502,1,1.7879747690554677,1,0,0,1,0,1,0
51,19,57.41818618774414,95499,1,0.9150448282450222,3,0,1,0,0,1,0
54,29,102.20626831054688,90149,1,0.10677016436697831,1,0,0,0,0,1,0
47,17,134.57012939453125,92769,3,4.666448752426108,1,0,1,0,1,1,0
37,16,28.6590518951416,92700,4,1.5501439645080448,1,0,0,0,0,0,0
58,29,110.32946014404297,94989,4,2.9825092769773907,1,302,1,0,0,0,1
43,14,76.93311309814453,91290,3,0.6199932117224236,1,0,0,0,0,0,0
28,4,182.8199920654297,94381,1,2.611462728498357,1,329,0,0,0,0,0
57,34,30.359394073486328,92216,4,1.7778057991229865,3,0,0,0,0,0,0
40,14,28.378854751586914,90787,3,0.9983058272600638,2,0,0,0,0,0,0
37,11,85.59810638427734,92512,1,2.3725807969036055,3,0,0,0,0,1,1
37,11,78.20064544677734,91010,3,0.27604827683791244,1,0,0,0,0,1,0
59,30,70.18247985839844,93084,2,1.1822128561749683,3,0,0,0,0,1,0
47,22,43.6226806640625,92106,3,0.10268040260075842,1,0,0,0,0,0,0
27,6,41.342872619628906,91690,4,0.17047380641488952,1,244,1,1,0,1,0
42,19,77.24343872070312,90347,3,4.0404122318786495,1,0,0,0,0,0,0
42,15,82.51567840576172,92363,2,0.038682851955618325,1,381,0,0,0,0,0
27,2,180.90182495117188,95122,1,3.372074139020566,2,0,1,0,0,0,1
37,4,35.76874923706055,94587,4,1.7437293047080673,2,0,0,0,0,1,0
34,9,61.55711364746094,94499,1,3.107047244012156,3,101,0,1,0,1,0
27,5,55.705684661865234,92176,2,1.8978477126486397,2,0,0,0,0,0,0
25,0,49.12381362915039,90304,4,0.20712406327224847,1,0,0,1,0,1,0
24,1,68.74588012695312,93051,2,2.4838969868479994,2,103,0,0,0,0,0
30,2,155.25918579101562,90239,3,2.890591944686154,2,153,0,0,0,1,0
27,1,67.24882507324219,93243,4,1.5144473788135153,3,0,0,1,0,1,0
58,28,37.54096221923828,94669,3,2.2147046580556844,1,299,0,0,0,1,0
41,18,98.44503021240234,95911,2,2.72218153046481,1,354,0,0,0,1,0
54,27,46.40343475341797,95188,2,2.3089377693976454,2,0,0,1,0,0,0
58,33,70.57498931884766,90489,2,2.961214834420196,1,0,0,1,0,0,0
59,33,14.70437240600586,95063,3,0.37979782816850716,1,0,0,0,0,1,0
55,34,32.98029708862305,94864,4,0.8937513698131493,1,0,0,0,0,1,0
45,23,93.03449249267578,95214,1,0.19839884916108302,1,0,1,0,0,0,0
46,19,18.20293617248535,95466,3,0.14232487003476474,3,0,1,0,1,1,0
39,12,50.82649230957031,95666,2,0.048046285428001045,3,0,0,0,0,1,0
44,23,78.95930480957031,90359,1,2.039607195458533,1,0,1,0,0,1,0
58,29,34.772186279296875,91791,2,1.342743916317212,2,0,1,0,0,0,0
34,11,49.38512420654297,95222,1,2.1100038323118167,2,0,0,0,0,0,0
39,32,59.2569580078125,94706,1,1.7484824373345558,1,0,0,0,0,1,0
54,34,118.09768676757812,91558,1,0.06778312799945035,2,386,0,0,1,1,1
28,11,134.76707458496094,94288,1,6.555385225213694,1,0,1,1,0,1,0
33,7,74.11888885498047,95385,2,3.98370136136995,2,211,0,0,0,1,0
62,31,107.43707275390625,90199,1,3.262341360851287,3,0,0,0,0,0,0
40,15,58.3161506652832,94578,1,1.3887247236216471,3,0,0,1,0,0,0
24,0,126.6619644165039,94135,1,0.7500232468085941,3,0,0,0,0,0,0
52,38,68.62812805175781,92311,2,1.2311476918134514,2,0,0,0,0,0,0
48,32,48.01259231567383,91472,4,1.8788389142641089,1,0,0,0,0,0,0
64,37,94.26199340820312,96163,3,0.5808538479867761,3,190,0,0,0,1,0
41,23,93.49718475341797,90811,2,3.324641126570917,1,0,0,0,0,0,1
65,38,49.5017204284668,93183,4,1.2469317171063656,1,129,0,0,0,1,0
44,28,31.483612060546875,95809,2,0.47375613085501916,2,0,0,1,0,0,0
31,4,36.97038650512695,91549,3,1.00032084452288,2,0,0,0,0,0,0
33,13,209.07362365722656,90531,3,6.048439476324816,1,0,0,0,0,1,0
37,9,44.85337829589844,93215,2,0.3282367469886746,3,0,0,0,0,0,0
40,13,82.31488800048828,90555,3,0.1396027342103239,1,158,0,0,0,0,0
32,19,32.777565002441406,91744,3,1.2843579238409288,1,166,0,0,0,0,0
48,20,103.69145965576172,95543,2,1.757235135962446,1,0,1,0,0,0,0
31,6,81.86140441894531,96264,4,0.21514098105628088,2,0,1,0,1,1,0
63,35,33.18393325805664,90594,2,0.1124462659426009,3,0,0,0,0,0,0
64,33,68.73954010009766,94584,3,0.8831445371574295,2,0,0,0,0,1,0
33,13,34.854820251464844,94687,4,1.5578054026462982,2,0,0,0,0,0,0
64,36,16.100648880004883,93020,1,1.4570029710649766,3,0,0,1,0,1,0
25,3,50.759159088134766,95747,2,1.623083147841029,3,0,0,0,0,1,0
47,23,13.32260513305664,93221,2,0.30100014639812456,1,0,1,1,1,1,0
50,35,53.031925201416016,90355,1,1.1846893388145188,3,205,0,0,0,1,0
60,36,136.1601104736328,93097,2,0.5635115215083213,1,0,1,0,0,0,0
46,25,53.61882781982422,93898,2,0.7823353169156717,2,150,0,0,0,1,0
65,37,127.35211944580078,92252,4,1.2740031069512605,1,196,0,0,0,1,0
61,36,90.3409652709961,93944,3,1.5663378209398766,1,0,0,0,0,0,0
38,22,99.10700225830078,94916,2,0.5953462734855054,1,71,1,0,0,1,0
63,37,66.09346771240234,94316,3,2.0975546986348594,1,0,0,0,0,0,0
28,5,100.19481658935547,92863,1,1.3868909181732374,3,208,0,0,0,0,0
35,3,163.07150268554688,92028,2,6.12437479860574,1,0,0,0,0,1,0
31,5,85.23451232910156,94371,2,1.8774532088120193,1,0,0,0,0,1,0
43,19,194.7460479736328,92903,2,2.579917408700664,1,0,0,0,0,1,0
61,21,77.7308349609375,90162,4,1.554728265813684,2,232,0,0,0,1,0
50,22,38.90471649169922,95600,3,0.6416483302472683,2,145,1,0,0,0,0
59,25,46.66401672363281,93283,1,1.690464668424304,3,243,0,0,0,0,0
60,36,51.20173645019531,90102,3,1.5488884187446275,3,0,0,0,0,1,0
29,0,65.59994506835938,93283,1,1.378383915280168,3,0,0,0,0,1,0
52,22,20.841541290283203,92366,4,0.18671952602500164,1,0,0,1,0,1,0
57,39,126.5238265991211,93265,4,4.266661467004614,3,539,0,0,0,0,0
44,23,65.4920425415039,93887,2,2.100659982110703,1,0,0,0,0,1,0
54,21,214.7865447998047,94799,1,5.0327795659848436,1,372,0,0,0,0,0
46,24,33.625946044921875,92826,4,0.13014278439167593,2,0,0,0,0,0,0
57,33,107.41364288330078,93026,4,0.917617391555237,3,0,0,0,0,1,0
64,37,67.62469482421875,91956,2,0.1454775564552137,1,0,0,0,0,1,0
51,28,49.72312545776367,92479,4,0.8712945149033701,2,0,1,0,0,1,0
38,18,63.49212646484375,90383,1,0.07814197659691569,3,0,0,0,0,1,0
61,35,56.42854690551758,90621,2,0.17807497502616307,1,0,0,0,0,1,0
45,28,42.33247756958008,93318,2,0.862051882243979,1,0,1,0,0,1,0
31,13,58.768287658691406,94918,4,1.6950748722069238,2,77,0,0,0,0,0
63,36,52.1861457824707,92883,2,0.9686080782757054,3,0,0,0,0,0,0
34,17,10.276042938232422,92246,4,0.1885458753888768,1,0,0,0,0,0,0
31,7,168.2894744873047,92079,2,5.1824477884674796,1,0,0,0,0,1,0
30,13,38.103607177734375,93085,3,0.6007388048782454,3,0,0,0,0,1,0
58,24,136.8599090576172,91099,2,1.7176530436820112,1,0,0,0,0,0,0
45,22,130.1346435546875,90830,1,2.5162665343288975,2,0,1,0,0,1,0
63,28,51.608463287353516,94530,1,2.486790027236691,2,142,0,0,0,1,0
39,22,108.5234146118164,92921,1,0.7494527930505371,1,0,0,0,0,1,0
44,16,67.6385726928711,95742,2,2.2262195454984095,3,0,0,0,0,1,0
32,7,110.0427017211914,91107,1,2.4420598716169577,3,0,0,0,0,1,1
62,36,70.30392456054688,95324,2,1.3457130236493606,2,0,1,0,0,0,0
38,10,175.336181640625,95050,1,6.998745783221819,1,0,0,0,0,0,0
51,20,50.50749969482422,95313,2,0.8379532198846351,1,0,0,0,0,1,0
41,11,174.8204803466797,93919,1,5.106761347516172,1,0,0,0,0,0,1
30,7,29.338064193725586,92409,2,1.155159908098887,1,0,0,0,0,1,0
60,35,138.6770782470703,92716,1,0.3663044706972451,1,0,1,0,0,0,0
42,15,104.45955657958984,94732,2,6.8480856162166965,1,0,0,0,0,0,0
56,26,27.423778533935547,94517,2,1.8856600100999827,1,103,0,0,0,1,0
39,9,19.064395904541016,94520,3,0.5123987474435953,2,0,0,0,0,1,0
39,22,119.83575439453125,94019,3,1.0857868304514338,1,0,0,0,0,0,0
66,41,43.3079833984375,94673,3,0.20609273985917614,2,0,0,0,0,1,0
58,32,12.021672248840332,92065,1,0.002975650935155727,3,99,0,0,0,0,0
37,17,124.51190185546875,89785,4,2.270113815680733,1,0,1,0,0,0,0
31,4,101.90999603271484,92638,1,0.1074617597066092,1,0,1,0,0,0,0
26,32,95.34649658203125,94466,3,1.1372442937753893,2,0,0,0,0,1,0
45,19,150.6553955078125,94062,2,7.228872130079411,1,0,0,0,0,0,0
62,38,143.44046020507812,95358,1,1.164374861034787,1,0,0,0,0,0,0
63,38,135.96884155273438,90297,3,1.7705403978681902,3,0,0,1,1,1,1
36,11,79.80119323730469,95687,4,2.2541333638399923,1,0,0,0,0,0,0
54,29,66.15573120117188,94189,4,2.096016785898418,1,0,1,0,0,0,0
33,6,32.347412109375,94295,3,0.10542380806227819,1,0,1,0,0,0,0
59,31,37.07054138183594,92944,1,2.232972234398709,2,0,1,0,0,1,0
57,39,25.778160095214844,92628,4,0.3298118105039554,2,0,0,1,0,0,0
35,13,73.30995178222656,94871,3,0.4421945263817528,1,164,0,0,0,1,0
51,25,73.22144317626953,90366,2,5.010461334050559,3,0,0,0,0,0,0
27,2,31.990367889404297,94003,2,1.3458659157049033,2,0,0,0,0,1,0
58,31,45.68840408325195,90297,3,2.7859483273068495,3,0,0,0,0,0,0
32,5,45.350929260253906,90233,4,2.1030401799173575,2,88,1,0,0,1,0
51,26,60.96752166748047,91844,3,0.14605462398171842,3,0,1,0,0,0,0
28,7,42.16208267211914,95200,4,1.6667596402020988,3,118,0,0,0,1,0
41,20,86.36515045166016,92221,1,0.24379060567925753,2,0,0,0,0,0,0
31,4,126.6156234741211,92774,1,0.7596649109400486,3,212,0,1,0,1,0
37,10,47.634910583496094,94402,4,2.1222087111944985,2,0,0,0,0,1,0
54,27,56.48391342163086,92030,1,2.015432341526166,3,0,0,0,0,1,0
56,28,187.85977172851562,92111,2,3.0892569920018564,2,0,0,1,1,1,1
48,12,72.09349822998047,91349,2,1.1352642654723566,2,0,1,0,0,0,0
65,38,24.46098518371582,95761,3,0.16738239112206327,3,0,0,0,0,0,0
65,38,10.794445037841797,92226,3,0.1408672812128239,2,0,0,0,0,1,0
30,5,43.683624267578125,92031,4,0.19976224006172827,1,0,0,0,0,0,0
34,10,25.809528350830078,91206,3,0.6429876696380119,3,103,1,0,0,0,0
31,3,46.07208251953125,91885,2,0.956288295496512,2,118,0,0,0,1,0
28,5,98.61329650878906,95640,2,1.5370338391749052,1,0,0,0,0,0,0
56,29,37.985206604003906,94531,1,1.6690043710162594,3,0,0,0,0,0,0
59,29,93.2542724609375,92070,4,0.7716629189569487,3,0,1,0,0,0,0
64,40,144.1963348388672,95328,2,0.4001686968042062,1,0,0,0,0,1,0
56,23,199.7510986328125,94606,3,3.8814152158140747,2,375,1,1,1,1,1
44,19,56.842124938964844,89870,1,1.0527470667753764,3,0,1,0,0,0,0
59,30,91.57316589355469,89880,3,1.9566660447135436,2,183,0,0,0,1,0
50,26,58.209896087646484,94778,1,4.982801414533435,3,418,0,0,0,0,0
50,24,197.49600219726562,95675,1,2.8087246393736254,1,0,1,1,0,1,0
50,12,57.658103942871094,94688,2,0.4278063264557746,1,0,0,0,0,1,0
41,28,61.065155029296875,92919,4,1.7146394441768449,2,0,0,0,0,0,0
26,-1,64.32941436767578,93984,2,1.84918905460728,3,147,0,0,0,0,0
31,0,107.57500457763672,93076,4,1.8579699750973289,2,0,0,0,0,1,0
41,21,56.841514587402344,95002,1,1.7292091460682946,3,225,0,0,0,1,0
41,21,179.45697021484375,93182,2,4.054681139518486,1,247,1,1,1,1,1
36,16,154.26156616210938,91426,3,2.3036464434643666,2,142,0,0,0,1,1
52,20,59.084815979003906,95418,1,1.1183997796738796,3,0,1,0,0,1,0
63,37,59.33869171142578,93178,4,1.0987258464989509,2,0,0,0,0,1,0
53,28,128.24932861328125,92722,1,3.1013797520950663,1,0,1,0,0,1,0
48,19,75.77550506591797,91186,3,2.723323185744138,1,153,0,0,0,1,1
43,12,154.5745849609375,94778,3,3.112701271719077,1,0,1,1,1,1,1
39,13,95.85668182373047,91207,1,0.7271283731379795,2,277,0,0,0,1,0
58,21,82.4545669555664,95261,4,2.974338685400501,1,0,0,1,0,1,0
43,15,59.860355377197266,94161,2,0.8085750820059558,3,0,0,0,0,0,0
62,39,96.40631866455078,95403,3,0.2979985465822026,1,0,0,1,0,0,0
32,6,169.9554901123047,93142,1,2.708648326692161,1,0,0,0,0,1,0
55,35,60.97216796875,94596,4,2.081564017637554,1,0,0,0,0,0,0
51,26,29.561176300048828,92273,2,1.4056528041225276,3,0,0,0,0,1,0
44,23,85.0789566040039,94424,4,1.5297635733999624,3,0,0,1,0,0,0
58,32,70.40008544921875,92020,4,0.23857654235894393,3,0,0,1,0,1,0
57,34,42.63087463378906,95021,4,2.385843373821863,2,0,0,0,0,0,0
58,39,76.22698974609375,94799,2,2.0714532857292443,1,0,0,0,0,1,0
26,4,63.719356536865234,94618,3,2.8313728332694974,2,0,0,1,0,1,0
58,37,123.90901184082031,95092,2,2.2409161163671927,1,286,1,0,0,0,0
40,9,95.88118743896484,94550,2,2.6675264216531973,1,0,1,0,0,0,0
33,21,182.343505859375,95553,2,4.3871716023028675,1,0,0,0,0,1,0
43,19,60.574440002441406,93040,2,0.8330779759679748,3,0,0,1,0,0,0
48,31,49.00769805908203,91332,1,0.18613198649101897,1,0,0,0,0,1,0
61,35,66.90708923339844,92166,2,1.6777782762043778,3,0,0,0,0,1,0
37,17,103.42424774169922,90261,1,3.0001269326429565,1,0,1,0,0,0,0
42,11,19.043590545654297,91407,1,0.7369151523238977,1,114,1,1,1,1,0
47,29,32.90033721923828,95796,4,2.650324034995469,1,148,0,0,0,1,0
54,23,77.52338409423828,94592,3,0.869464901921997,1,351,0,0,0,1,0
50,28,62.148746490478516,92821,1,2.952866042058651,3,252,0,0,0,1,1
58,26,71.62713623046875,94428,3,1.3938777429090903,2,0,0,0,0,1,0
39,29,56.25457763671875,94409,2,2.913525406120455,3,0,0,0,0,0,0
44,24,36.57899475097656,94769,3,2.752466915907326,3,0,1,0,0,0,0
29,3,47.9565315246582,95198,2,1.280984457176436,3,0,0,0,0,0,0
28,2,42.11280822753906,94903,4,1.9588645690703488,2,0,0,0,0,1,0
34,9,36.687564849853516,92060,4,1.44178865785966,2,109,0,0,0,1,0
60,23,30.031530380249023,95482,2,0.17504033313776945,3,103,0,0,0,0,0
64,38,114.38383483886719,95508,3,1.6871326376050386,2,0,0,0,0,0,0
29,8,100.83515930175781,90050,2,2.196361810772594,2,0,1,0,0,0,0
66,37,24.395164489746094,91762,3,0.562348871272238,2,0,0,0,0,1,0
53,31,49.729042053222656,90181,4,2.0281345616302655,3,0,1,0,0,1,0
62,34,27.626895904541016,95812,4,0.34372948050163704,1,141,0,0,0,1,0
57,34,86.1291275024414,92106,1,0.4550888657836605,2,0,1,0,0,1,1
44,22,21.061859130859375,90962,2,0.4561351547895091,3,0,1,0,1,1,0
60,31,18.14632797241211,92448,2,0.9317835935257445,2,0,1,0,0,1,0
48,21,27.966867446899414,94240,4,0.8628553106633702,3,236,0,0,0,1,0
48,31,13.554342269897461,93064,2,0.6306896178134304,3,132,1,0,0,0,0
62,33,22.729459762573242,90499,1,2.092510409802861,1,0,0,0,0,1,0
55,30,16.27347183227539,94626,3,0.8221090862485471,2,0,0,0,0,1,0
36,14,87.25370788574219,91559,3,1.572571438113426,1,0,1,0,0,0,0
55,23,31.401477813720703,90985,3,2.5966694164226456,2,0,0,0,0,0,0
30,5,62.88619613647461,95886,4,2.616625796846182,2,0,0,0,0,0,0
32,3,62.83049011230469,92477,1,2.9054323681141834,2,0,0,0,0,1,0
33,17,122.86665344238281,93928,1,2.141074521969231,1,0,0,0,0,1,0
46,10,25.644071578979492,93596,4,0.8128025247127534,3,0,1,0,0,0,0
24,3,92.23895263671875,95880,4,2.905325657406273,3,242,1,0,0,1,1
64,40,49.53146743774414,94363,2,0.47299929386680994,1,0,0,0,0,0,0
47,17,137.2568817138672,90483,3,5.5401540786198415,1,0,0,0,0,1,0
43,31,54.21891784667969,95903,2,2.391804433326277,2,0,0,0,0,1,0
27,5,125.45805358886719,90649,2,3.0515584863777443,3,0,1,0,0,1,0
61,39,38.041934967041016,95090,3,0.4485039662209024,1,0,1,1,1,1,0
35,13,87.51255798339844,96223,3,2.102413692871126,2,0,0,0,0,0,0
43,26,66.29199981689453,94343,4,0.18977507285369632,2,0,0,0,0,0,0
30,3,129.0569305419922,94258,3,0.05189386248396638,3,235,1,0,1,1,0
57,34,118.85921478271484,93234,2,2.1431751658240263,1,0,0,0,0,1,0
61,34,86.3609619140625,94471,1,4.058246740973708,3,0,0,0,0,1,0
29,8,85.51945495605469,96078,4,5.32659641959554,1,0,0,0,0,1,0
61,31,17.527585983276367,93832,3,0.4848804931615409,2,0,1,0,0,0,0
41,16,39.75390625,92935,1,0.9324160696620414,3,181,0,1,0,0,0
54,30,47.66769027709961,90054,2,1.4273472651054693,2,0,0,0,0,1,0
43,15,111.4167709350586,93737,2,0.6902280152578146,1,0,1,0,0,0,0
51,36,12.363119125366211,95874,3,0.3945338182733866,1,0,0,1,0,0,0
58,12,82.79556274414062,96092,3,2.2389337185615847,3,0,0,0,0,0,1
30,4,29.053800582885742,96469,4,0.7031977709344486,2,0,0,0,0,1,0
38,13,47.9421501159668,93248,3,0.5117995027854659,1,0,0,0,0,0,0
57,19,78.32881927490234,90471,2,1.9009775161858957,1,0,1,0,0,0,0
66,42,28.80777359008789,95099,1,1.8730092229976416,3,0,0,0,0,1,0
47,25,27.855329513549805,91637,3,0.09288352700791472,1,0,0,0,0,0,0
61,37,161.0301513671875,93981,4,4.323745242037554,1,0,1,0,0,0,0
41,23,82.53882598876953,95689,2,5.907088151206466,1,0,0,0,0,1,0
33,10,46.847049713134766,91641,3,3.813485113230525,2,0,0,0,0,0,0
64,38,51.627601623535156,93133,2,1.1639756439837108,3,0,0,0,0,0,0
48,17,101.94099426269531,90642,2,4.349827201013646,2,0,0,0,0,1,0
28,8,27.270383834838867,94583,1,2.507434620134575,2,0,0,1,0,0,0
52,20,121.3030776977539,91230,2,5.686486850468759,1,0,0,0,0,1,0
27,9,48.87300109863281,95791,1,1.866888257869591,3,253,1,0,0,0,0
63,38,32.91726303100586,90353,2,0.317284388267232,3,318,0,0,0,0,0
55,35,92.47631072998047,90258,2,0.23692405567146074,3,0,0,0,0,1,0
44,18,110.64202117919922,94555,3,1.73587748692354,2,0,0,0,0,1,0
52,33,69.80654907226562,95075,1,0.9527806906876725,2,0,0,0,0,1,0
43,19,152.79302978515625,92923,2,7.968798701823951,1,0,0,0,0,0,0
54,2,28.01878547668457,96323,1,1.7771882298689023,3,0,0,0,0,0,0
62,36,79.83544921875,94547,4,2.17610650296346,2,112,0,0,0,0,0
60,37,125.81127166748047,95916,2,0.3776472308069213,2,0,1,0,0,1,0
48,27,189.33872985839844,95011,1,4.7431519464447955,1,0,1,1,1,1,0
25,1,109.88337707519531,94581,4,1.7312015589150764,1,0,0,0,0,1,0
63,28,88.16033172607422,94463,1,2.3021665571799175,1,0,1,0,0,0,0
44,20,56.350799560546875,94214,2,1.5483743532407728,3,59,1,0,0,1,0
30,8,33.167442321777344,94630,1,0.549875384314874,2,0,0,0,0,1,0
48,24,104.82164764404297,91342,2,1.9850649377542713,1,0,0,0,0,1,0
42,22,46.957942962646484,91742,2,0.5122859516538649,2,0,0,0,0,1,0
53,17,17.90634536743164,91839,4,2.1308161633376783,3,0,0,0,0,0,0
24,26,37.18429946899414,93560,1,0.22657737363625574,3,0,0,0,0,0,0
37,10,101.67362976074219,92876,1,1.5318145899764555,3,236,0,0,0,1,0
64,41,52.05024719238281,92110,3,0.9626691049176459,3,80,0,0,0,0,0
63,41,38.570228576660156,91366,4,0.5343392572574077,3,118,0,0,0,0,0
45,27,90.16763305664062,94959,1,0.7328562326048521,2,163,0,0,0,0,0
65,37,102.43998718261719,94665,1,2.923508712027621,2,0,0,0,0,0,0
51,26,54.470977783203125,94282,2,1.766119941594136,1,158,1,0,0,1,0
34,7,152.52772521972656,92050,4,2.0548755940064494,1,0,0,0,0,0,1
39,8,36.89908218383789,93422,3,0.31307340064081435,3,148,0,0,0,1,0
57,35,12.45732307434082,90613,3,0.2192434321454467,1,0,0,0,0,0,0
29,3,155.0690155029297,93775,1,3.3019538422984405,1,0,0,0,0,0,0
46,21,46.66523361206055,94824,3,2.058495961436948,1,0,0,0,0,1,0
40,22,63.529117584228516,92107,2,2.32653683423595,2,0,0,0,0,0,0
61,37,14.712167739868164,94117,3,0.30856447631236994,2,167,0,0,0,1,0
53,26,193.95484924316406,95850,3,3.7765073826884987,2,404,0,0,0,0,1
32,6,67.6867904663086,91176,2,2.144331446471715,2,0,1,1,1,1,0
63,38,59.39750671386719,94335,4,2.0959387037932675,1,0,1,0,0,1,0
25,1,202.4102325439453,92060,2,5.817354952561065,1,378,0,0,1,1,1
44,14,79.05667114257812,95050,4,2.419249440515617,2,0,1,0,0,1,0
60,34,63.867835998535156,95657,2,0.33001305148845517,1,0,0,1,0,0,0
45,17,144.14877319335938,91054,4,1.6695061409614897,1,0,0,1,0,0,0
44,14,97.44305419921875,91491,3,2.852808222273281,1,0,1,0,0,0,0
64,41,30.71608543395996,94764,4,1.646316770474442,3,99,0,0,0,0,0
36,17,161.51853942871094,96341,4,0.33884977915865777,2,112,1,0,1,1,1
26,0,43.237022399902344,94861,1,1.8034516867160464,3,0,0,0,0,0,0
29,1,50.02030563354492,93103,4,1.844503913620673,1,0,0,0,0,1,0
53,13,37.7388916015625,92849,1,1.644004099758328,1,100,1,0,0,0,0
39,15,131.91372680664062,90234,2,0.8300537913261731,1,100,0,0,0,1,0
28,3,28.32316017150879,94979,2,1.8347519514001496,2,86,0,0,0,0,0
32,6,77.11568450927734,91571,3,1.4080758222319723,2,0,0,0,0,1,0
28,1,26.120372772216797,95459,1,0.33927452290544097,3,0,0,1,0,0,0
54,19,109.17558288574219,93203,2,2.701856075920115,1,0,0,0,0,1,0
29,18,57.58005905151367,93047,1,1.2740132068157692,1,105,1,0,0,1,0
59,37,137.47592163085938,92578,1,0.4921969439727997,1,111,0,0,0,0,0
36,4,35.833030700683594,93578,2,1.3768028400748524,3,0,1,0,0,1,0
64,37,27.65509033203125,93973,1,0.7602127633303136,3,0,1,0,0,1,0
33,3,31.25979232788086,92884,4,0.7724731292496694,2,0,1,0,0,1,0
50,21,128.36370849609375,92187,2,0.2181322987500099,1,0,0,0,0,1,0
25,-3,58.511199951171875,92870,4,0.4465349117232308,3,0,0,0,0,1,0
34,11,42.46066665649414,92268,4,0.07732635698330742,2,100,1,0,0,1,0
49,24,101.63163757324219,94084,3,4.8523087068655,1,228,1,0,1,1,0
65,40,81.45442962646484,94039,2,1.2757794830653482,1,233,0,0,0,0,0
29,1,133.777099609375,91167,3,2.5776211423815347,2,0,0,0,0,1,0
36,10,113.25028991699219,94047,3,1.0855098784787858,1,0,0,1,0,0,0
58,33,39.38623046875,93948,2,2.0891988620326156,2,199,1,0,0,1,0
40,12,62.677982330322266,95610,4,1.0296580434083475,3,0,0,0,0,1,0
49,13,160.99819946289062,94308,1,3.165954764521883,2,323,0,0,0,1,1
47,16,46.8050651550293,94449,3,0.8919546311573592,2,106,0,1,0,1,0
33,4,137.23196411132812,90257,2,5.686564449449137,1,348,0,0,0,0,0
60,31,54.83168029785156,95245,1,2.152458882717676,2,0,0,0,0,0,0
46,25,25.72797393798828,90646,3,1.5657408775009964,3,143,0,0,0,0,0
57,28,65.31160736083984,92861,3,0.8267468810543903,3,0,1,0,1,1,0
35,25,49.467899322509766,91006,1,2.397590121754649,1,0,0,0,0,1,0
46,27,45.431434631347656,93290,2,0.5025145213284292,2,99,1,0,0,1,0
50,25,23.913917541503906,90699,4,1.5342152198972006,2,0,0,0,0,0,0
52,28,108.06863403320312,91561,1,3.9417437206571893,1,0,0,0,0,1,0
42,17,86.394287109375,92397,2,0.36008823365631637,1,171,0,1,0,0,0
54,23,186.0764923095703,95636,3,1.593036998428175,1,0,0,0,0,0,1
46,19,169.1162872314453,91641,2,8.261939038707535,1,0,0,0,0,1,0
30,5,34.707374572753906,94306,2,0.7509033756135539,3,0,0,0,0,0,0
60,37,92.7283706665039,95716,4,1.7484921726194191,3,151,0,0,0,0,0
42,22,173.17373657226562,96102,3,3.3584123935576256,3,0,0,0,1,1,1
40,23,59.64799118041992,91698,2,0.24454447950614683,1,0,1,0,0,1,0
59,33,81.70123291015625,94915,4,0.8641838697855507,3,0,0,0,0,1,0
29,2,77.67158508300781,91226,4,1.4823931010175593,1,0,0,0,0,1,0
58,34,68.89703369140625,95813,3,1.6899512939808163,2,0,0,0,0,0,0
25,1,150.84722900390625,92227,1,2.351408844719941,1,0,0,0,0,1,0
29,4,64.44336700439453,96187,3,1.725969325694143,1,0,1,1,1,1,0
47,15,60.558895111083984,91882,4,1.7841139287473875,3,0,1,0,0,0,0
53,31,75.77559661865234,91382,3,1.9064886583055056,3,305,1,0,0,0,0
49,25,79.2964859008789,96155,4,3.563930362134262,2,0,0,1,0,0,0
59,34,38.83184814453125,94890,3,0.5954431441776703,3,0,0,0,0,1,0
64,34,212.3149871826172,94015,3,2.420620431054983,3,330,0,0,0,1,1
57,32,59.525978088378906,95744,3,0.3010339264371718,3,0,0,0,0,1,0
42,14,24.309032440185547,94820,3,1.230929431597583,1,0,1,0,0,1,0
58,31,23.7342529296875,91580,3,0.63183538194643,2,137,0,0,0,1,0
58,25,49.761268615722656,94752,4,1.559987811083091,3,102,1,0,0,0,0
33,16,176.61524963378906,93197,1,6.49357868738225,3,0,0,0,0,0,1
38,4,57.33590316772461,96122,3,3.1879440532877243,2,0,0,1,0,0,0
64,42,63.5792236328125,91860,1,1.4878473333907383,2,0,0,0,0,1,1
43,14,48.10587692260742,94795,2,1.9608289609697267,1,0,0,0,0,0,0
31,5,91.24165344238281,93854,4,0.4294772882719108,2,227,0,0,0,0,0
34,5,64.4503173828125,93876,2,0.4652261987358626,2,0,0,0,0,1,0
37,10,88.6894760131836,95308,3,5.530978327447905,1,404,0,0,0,0,0
59,33,152.6922607421875,94059,2,2.3910854736830074,1,0,1,0,0,0,0
63,40,86.40499877929688,94460,2,1.9355447463905908,3,0,1,0,0,1,0
36,10,133.6785888671875,91018,2,2.802356735548734,1,0,0,0,0,0,0
40,7,79.0447998046875,94936,2,2.6534835121342635,2,0,1,0,0,1,0
40,14,64.82073974609375,94843,2,0.9804316473100648,1,0,0,0,0,0,0
39,16,28.030481338500977,94430,4,0.40447922314144746,3,113,1,0,0,0,0
53,20,198.89349365234375,92890,2,6.356134859232737,1,0,1,0,0,0,0
42,36,56.24095916748047,91702,3,1.3282807815328828,1,0,0,0,0,1,0
40,16,27.90911293029785,91619,1,0.655785826889945,1,0,0,0,0,0,0
55,24,45.297733306884766,94281,4,0.7078200619339496,2,0,0,0,0,1,0
29,6,73.9494857788086,90339,1,1.7824854300365294,3,134,0,0,0,0,0
56,36,143.78855895996094,95437,2,3.553434871760372,1,0,0,0,0,0,1
48,28,130.8463134765625,94370,2,3.3366609433294903,1,0,0,0,0,0,0
36,10,59.38534927368164,94470,1,0.8018847571463267,1,247,0,0,0,1,0
40,17,87.19242858886719,91418,1,2.942320544110808,1,0,1,0,0,1,0
51,34,60.06203842163086,95032,4,0.5888165644021339,2,0,0,0,0,0,0
43,12,21.06404685974121,90736,4,1.4890502124495137,3,0,1,0,0,0,0
56,26,74.10887145996094,91679,1,1.5960763998089789,2,193,0,0,0,0,0
24,2,66.09536743164062,94434,2,1.2931389884287237,1,0,1,0,0,1,0
66,41,109.70769500732422,92375,2,7.194872631696942,3,319,1,0,1,1,0
31,7,36.676246643066406,93564,4,0.3873243931790521,2,0,0,0,0,0,0
41,23,21.912071228027344,96040,3,0.460448459925454,3,0,1,0,0,1,0
56,31,51.52581024169922,90504,1,2.661334103445558,2,0,0,0,0,0,0
63,39,150.6425323486328,92560,4,0.5348201742498101,3,0,0,0,0,1,1
61,37,29.709909439086914,92092,4,1.2912325211620532,2,0,0,0,0,0,0
58,30,57.27101135253906,92139,2,0.5890701296727131,2,80,1,0,0,0,0
52,28,15.499185562133789,92914,2,0.18565082119220086,2,0,0,0,0,0,0
46,27,22.96947479248047,95810,3,0.7071603542902608,2,0,0,0,0,1,0
56,23,21.74832534790039,90131,2,0.382044516618611,3,0,1,0,0,1,0
39,22,65.40290832519531,95162,4,0.20812563133571466,1,142,1,0,0,0,0
44,20,45.960819244384766,92617,2,0.10089704838201338,1,0,1,0,0,1,0
47,25,133.21762084960938,94409,4,1.7504614977292152,2,0,1,1,0,0,0
30,4,17.95893669128418,95454,4,1.8274330029563206,3,0,1,0,0,1,0
53,23,77.28173065185547,92291,2,2.5345021055962516,1,0,0,0,0,0,0
30,24,82.77208709716797,93129,4,0.6219385462063529,3,99,0,0,0,1,0
26,6,72.42790222167969,93411,2,1.3403645493162353,1,422,1,0,0,0,0
47,19,71.31239318847656,94446,1,0.2760630704153878,1,0,1,0,0,1,0
42,15,76.88929748535156,94507,3,5.309282806158292,3,0,0,0,0,1,0
51,33,54.225894927978516,94435,1,0.5321160088668846,2,0,0,0,0,1,0
43,11,59.84092712402344,94495,2,1.004866757916294,1,0,1,0,0,1,0
33,5,28.126880645751953,93249,1,1.9328064774017144,2,0,0,0,0,1,0
29,4,53.390811920166016,94573,1,0.2911798016468363,1,0,0,0,0,1,0
62,33,111.27156829833984,93064,2,2.9162038943250153,1,0,1,0,0,1,0
62,41,98.71136474609375,89973,1,6.8399697858782025,3,115,0,0,0,0,1
52,16,56.66864013671875,95384,4,2.13436406896516,1,0,0,0,0,0,0
51,27,33.353271484375,91949,4,0.23135795576145363,1,0,1,0,0,0,0
55,31,52.9052848815918,92760,4,1.5979339354241495,1,0,1,1,0,1,0
28,4,117.62482452392578,94646,2,2.715340696467422,3,0,0,0,0,1,0
54,36,76.3581314086914,95011,3,0.2582086891879747,1,0,0,0,0,0,0
46,1,30.475465774536133,92683,3,0.941528724626526,3,0,0,0,0,0,0
63,41,47.36941146850586,94660,1,1.5288253642024072,2,0,1,0,0,1,0
28,5,129.16122436523438,95988,3,1.9836055060464701,2,0,0,1,0,0,0
55,31,53.74529266357422,95049,4,1.1246088237558614,2,0,0,0,0,0,0
54,28,28.552927017211914,93015,3,0.1130412411975964,2,0,0,0,0,1,0
42,21,71.59689331054688,95549,2,3.7449460328955464,1,191,0,1,0,0,0
29,6,54.27749252319336,93056,1,3.1398293331157485,3,0,0,0,0,0,0
57,29,86.58165740966797,94746,1,5.636082611582756,2,162,1,0,0,0,0
58,37,95.3034439086914,92983,4,3.0936518427445794,1,0,0,1,0,0,0
29,8,57.630828857421875,91936,3,0.04321111325001292,2,0,0,0,0,1,0
51,33,138.1356201171875,90344,1,2.4777475204704507,3,0,0,0,0,0,1
25,1,31.5883846282959,94704,4,1.7786777846541053,3,268,0,0,0,1,0
61,35,29.033599853515625,96166,1,1.649290871899588,2,0,0,1,0,1,0
31,3,27.8911075592041,94303,4,0.4155707806391376,3,0,1,0,0,1,0
56,32,59.79960250854492,92732,4,2.6565884807993236,2,0,1,0,0,1,0
53,30,54.499359130859375,94757,3,2.4990034056504933,3,0,0,1,0,0,0
42,13,70.31591796875,94896,1,0.9291778599136268,1,0,0,0,0,1,0
26,1,52.90460205078125,90241,4,0.7822698878141607,1,122,0,0,0,1,0
27,13,89.16153717041016,91894,2,2.6842038915205686,1,0,0,0,0,0,0
61,35,70.42570495605469,90700,1,0.5495262055966745,2,0,0,0,0,1,0
44,18,44.0311164855957,95878,1,1.9800681069264099,3,0,0,0,0,1,0
34,14,52.31926345825195,93705,4,1.2195456301714382,3,99,0,1,0,0,0
58,22,80.31282806396484,96294,3,2.6455406563515016,1,0,0,0,0,1,0
30,8,46.005035400390625,90742,3,0.06526333376228521,1,84,1,0,0,1,0
28,5,23.925800323486328,90944,3,1.2088407508245806,1,0,1,0,0,1,0
57,29,50.09610366821289,92639,4,0.0333737525624655,1,0,0,0,0,0,0
43,13,43.50885772705078,92109,3,2.0073744382113867,3,0,0,0,0,1,0
29,1,35.56309509277344,91506,3,0.5706839968651425,3,0,1,0,0,1,0
37,14,59.03544998168945,94325,4,0.8338850741706693,3,0,0,0,0,1,0
56,29,139.8233642578125,92324,2,2.402447545243871,2,446,1,0,0,0,1
29,4,34.78792953491211,93819,1,0.6716811227811353,1,0,1,0,0,1,0
59,15,59.57712936401367,90734,4,1.1943015977369422,2,0,0,0,0,1,0
53,24,195.67100524902344,93208,4,5.05385388543195,3,244,0,0,0,1,1
60,37,19.883419036865234,93860,1,0.5927276845479187,2,0,0,0,0,1,0
47,28,55.434600830078125,95875,1,0.26521229564837434,3,0,0,0,0,1,0
59,33,65.3576431274414,94589,4,1.4382282537431688,3,0,0,0,0,0,0
45,18,60.15840530395508,92217,3,0.011574575762109685,1,0,1,0,0,0,0
42,22,21.021587371826172,90274,1,2.3479269171058093,3,102,0,1,1,0,0
31,2,68.21249389648438,92378,1,1.6502159245545864,2,0,0,0,0,1,0
31,8,204.80172729492188,95830,2,6.823659070720133,1,0,0,0,0,1,0
49,30,132.3566131591797,92160,1,4.584405932571423,2,0,0,0,0,0,1
48,27,63.1999397277832,94070,1,1.7289211090255745,1,0,1,0,0,0,0
40,24,104.31504821777344,94591,2,4.845066623105291,2,0,1,1,1,1,0
34,10,67.3278579711914,94334,2,2.373381183819259,2,176,0,1,0,1,0
65,39,55.624263763427734,90993,4,4.049849445129761,3,0,1,0,0,0,0
65,34,46.4947624206543,92398,3,1.7164809425483605,2,0,0,0,0,0,0
40,22,35.187286376953125,93310,2,0.48378314313956383,3,0,0,0,0,1,0
55,32,67.94273376464844,92730,1,1.4291819513424957,3,0,0,0,0,1,0
40,7,57.08961868286133,96016,2,3.0477171452840324,1,0,0,0,0,1,0
29,6,71.68948364257812,94225,2,0.8129851538887901,2,0,0,0,0,0,0
48,25,115.66168212890625,94745,2,1.7748649875013078,2,0,0,0,0,1,0
30,4,168.44557189941406,91048,1,0.9690792395677836,1,158,0,0,0,1,0
47,23,205.4845733642578,90878,2,6.651553140488301,1,462,0,0,0,0,0
47,23,78.65052795410156,95399,2,1.3469363816776667,2,176,0,1,0,1,0
46,20,107.78975677490234,94524,1,3.103542621795223,3,0,0,0,0,1,1
30,6,98.6357650756836,93671,4,2.2057624879968807,3,0,0,0,0,0,0
46,11,96.15357971191406,92070,1,2.9510592741070814,1,0,0,0,0,0,0
58,30,15.211966514587402,95041,1,1.8602550631413093,3,0,0,0,0,0,0
47,23,64.64576721191406,92120,1,3.305177108466954,1,0,0,0,0,1,0
61,36,59.9127197265625,94632,1,2.3268873190192703,2,0,0,0,0,0,0
51,30,34.497032165527344,94478,4,2.0227915575405913,1,0,0,0,0,1,0
29,10,16.641813278198242,91827,4,1.261426093516298,2,0,1,0,0,1,0
44,16,189.5531005859375,92474,1,2.937976365263239,1,0,0,1,0,1,0
58,34,204.47329711914062,92148,2,2.8060201054501106,1,0,0,0,0,1,0
34,8,199.61766052246094,93657,1,4.1670056798223545,1,0,0,1,0,1,0
25,-2,112.83926391601562,91854,2,3.9652798545253143,3,155,0,0,0,0,1
42,16,54.718421936035156,92000,2,2.9757812887985526,3,0,0,0,0,0,0
59,40,38.510440826416016,94596,3,0.7074888408586629,2,0,0,0,0,1,0
53,33,25.039583206176758,92993,3,0.9505507342925699,2,0,1,0,0,1,0
27,2,121.58452606201172,94147,1,3.2963582789026398,2,0,0,0,0,0,0
42,15,98.47856903076172,95502,1,3.1802788009924448,2,0,0,1,0,1,1
43,12,46.94332504272461,95015,3,2.082295408192143,2,0,1,0,0,1,0
37,14,71.78327941894531,91307,2,3.2465426733887535,1,0,0,0,0,1,0
56,32,84.26919555664062,91985,4,2.423598605882996,3,0,0,0,0,0,0
31,8,37.649131774902344,93709,1,0.231998350278453,3,111,0,0,0,0,0
60,26,62.92160415649414,91944,2,1.5377981121155138,1,0,1,0,0,0,0
45,15,110.92252349853516,92378,4,1.2778676673233715,1,0,0,0,0,1,0
33,11,146.35873413085938,90269,2,0.5291753348310356,1,119,1,0,0,1,0
45,20,85.1496810913086,91976,4,1.108103989776746,1,0,0,0,0,1,0
61,37,63.21694564819336,94067,1,0.1080352844644149,3,0,0,0,0,0,0
60,36,175.02911376953125,95880,2,0.5912168956867703,1,0,0,0,0,1,0
57,33,97.88442993164062,92818,2,0.285552116743178,1,0,0,0,0,1,0
58,14,22.780288696289062,92907,1,0.4743728591561138,3,0,0,0,0,0,0
61,38,52.97460174560547,94140,1,1.4159428316195504,2,237,0,0,0,0,0
36,16,156.15835571289062,95663,2,6.530871360071338,1,0,1,0,0,1,0
47,17,29.486244201660156,94721,2,1.2038179331442693,2,0,1,0,0,0,0
54,23,55.62382507324219,92011,3,1.2386130978966534,2,0,0,1,0,1,0
49,28,32.769073486328125,93468,3,0.6824626548048525,2,0,1,0,0,0,0
38,22,141.05088806152344,93002,4,2.717313341979046,1,0,0,0,0,0,0
57,41,25.4973201751709,90365,2,2.077299461201715,3,0,1,0,0,0,0
51,35,61.849971771240234,95810,4,2.3028315367457393,2,0,0,1,0,0,0
55,29,100.99825286865234,91151,1,2.0721527059299114,1,0,1,0,0,0,0
34,11,22.64405059814453,92674,2,1.0788580624423183,2,0,0,0,0,1,0
63,35,31.82984733581543,91313,1,1.1440918396186257,3,0,0,0,0,1,0
58,38,86.0978012084961,93062,4,1.6326244606673201,1,195,1,0,0,1,0
31,5,58.0517463684082,92370,2,2.008713099203495,1,121,1,0,0,1,0
45,23,37.01538848876953,95569,3,1.5665020406456707,1,100,0,0,0,1,0
41,5,9.66373348236084,94903,2,0.05589351809629034,1,98,1,0,0,1,0
37,13,43.650550842285156,95452,4,1.6625970267788635,3,115,1,0,0,1,0
26,4,62.40682601928711,94378,2,0.08495569635172315,3,0,0,1,0,1,0
61,36,26.26753044128418,93894,1,0.23208793543695205,2,0,1,0,1,1,0
61,39,100.40303039550781,91137,3,0.7408009809002594,1,226,0,1,0,1,0
67,41,34.07476043701172,95644,1,0.13703840789160773,1,0,0,0,0,1,0
39,21,40.7011833190918,95485,1,0.18810357634666833,1,152,0,1,0,0,0
36,14,24.64862632751465,94489,3,1.0830372785404465,2,0,0,0,0,0,0
50,16,39.594139099121094,91674,3,1.7956945130728295,2,0,0,0,0,1,0
36,17,147.30331420898438,91271,3,3.2767658336257397,2,0,0,0,1,1,1
62,23,58.9044189453125,92051,4,1.354505178593741,1,220,1,0,0,0,0
28,10,60.533119201660156,95275,4,2.6253889502286842,1,0,1,0,0,1,0
34,14,83.2510757446289,94146,3,1.9492254256091583,2,0,0,0,0,0,0
58,22,115.15865325927734,92626,2,2.126160899642175,1,0,0,0,0,1,0
35,15,57.271488189697266,93099,3,1.4417274917556908,2,0,0,1,0,0,0
49,17,98.31920623779297,96512,2,5.005240910469211,1,0,1,0,0,1,0
56,29,51.26792907714844,92152,3,2.435241576295768,1,0,0,0,0,0,0
36,15,63.57224655151367,94893,3,0.6607438914976018,2,188,0,0,0,0,0
44,17,94.90959930419922,90235,4,1.3540353870922468,1,0,0,0,0,1,0
65,38,48.38515090942383,95574,3,1.3927424300993332,2,0,0,0,0,1,0
61,36,68.90807342529297,94636,2,1.3464924209388713,3,0,1,0,0,1,0
55,18,196.88815307617188,94537,2,7.939888964645365,1,0,0,0,0,1,0
61,37,64.3221664428711,91986,1,0.39886748403467087,2,0,0,1,0,0,0
27,11,48.4065055847168,91097,1,1.46647152033339,3,0,1,0,0,1,0
39,10,32.55268859863281,92302,2,0.314442329885141,1,0,0,0,0,1,0
46,23,76.87629699707031,92861,4,2.228071058071289,1,0,0,0,0,0,0
44,26,169.200927734375,94690,2,0.7812858006009156,1,235,0,1,0,1,0
61,36,66.85943603515625,91889,4,0.8540309155067451,2,0,0,0,0,1,0
42,23,37.46659469604492,92097,3,0.7694924748373008,3,0,1,0,0,0,0
33,14,35.64439392089844,92332,4,1.9277423308366401,3,0,0,0,0,0,0
47,22,42.90156173706055,91643,2,0.6159378646732924,1,0,1,0,0,0,0
26,-3,23.844188690185547,95330,4,0.9318742513344512,3,0,1,0,0,0,0
63,34,18.537385940551758,91607,2,0.04826809921823638,1,0,0,0,0,0,0
64,43,40.63386917114258,90964,3,1.2973458804036617,1,0,0,0,0,1,0
44,15,65.07676696777344,90334,1,1.9140774628696915,1,0,0,0,0,0,0
40,12,156.1831817626953,91314,2,4.765842816199925,1,0,0,0,0,1,0
54,38,56.67073059082031,93933,3,1.3665072923778177,1,0,0,0,0,0,0
50,22,35.90586853027344,92938,4,0.4881535407468426,1,384,0,0,0,1,0
61,36,43.2626953125,93167,4,0.12611805124720676,2,149,1,0,0,1,0
48,19,39.1954460144043,95461,2,1.0320373840817538,1,0,1,0,0,0,0
56,17,20.899991989135742,91911,4,1.128807831948294,3,0,1,0,0,0,0
60,35,14.408475875854492,92408,2,0.24447902294696727,1,0,1,0,0,1,0
57,39,82.07239532470703,91568,1,0.6814623491369813,1,0,1,0,0,1,0
51,26,44.60993957519531,92673,1,2.29867531430679,3,0,0,0,0,0,0
42,29,57.30149841308594,94457,3,1.9215079787616496,2,227,0,0,0,1,0
52,17,121.82968139648438,90290,1,3.4337413151878042,2,0,0,1,0,0,1
57,38,104.33057403564453,92770,1,0.8626192525230753,1,369,0,0,0,1,0
48,34,81.39501953125,96241,3,2.36939133688164,3,448,0,0,0,0,0
37,12,122.6960678100586,94416,4,1.9629350330760893,1,0,0,0,0,1,0
31,11,114.6675796508789,94558,1,2.5030685758462723,1,0,0,0,0,1,0
56,37,16.62358283996582,92147,4,0.25899941219025346,1,101,0,1,0,0,0
31,23,40.255523681640625,91805,4,1.0539305167303088,1,0,0,0,0,1,0
30,12,38.056861877441406,93853,4,2.947298828120034,2,0,1,0,0,1,0
53,33,27.430294036865234,95195,3,1.0155117846135762,3,0,0,0,0,0,0
27,2,57.21327209472656,94198,1,0.5058516045692047,1,0,0,0,0,1,0
47,31,61.62778091430664,95851,4,0.7861092533468194,2,0,1,0,0,1,0
29,9,17.216400146484375,96178,4,0.5527718242968271,1,124,0,0,0,0,0
57,23,108.22621154785156,94320,1,0.15501574480860564,2,0,1,0,0,1,0
41,24,69.1233901977539,90127,1,3.0976433458397152,2,0,0,0,0,0,0
40,15,34.01477813720703,93013,4,0.7134319510686166,1,0,1,0,0,0,0
61,33,111.89530944824219,90043,4,0.33958487660716025,1,115,0,0,0,0,0
41,19,29.604890823364258,96126,3,0.1305152589748006,1,0,0,0,0,1,0
44,16,55.98356246948242,91988,2,0.2101950250522493,1,0,0,0,0,0,0
55,19,67.26720428466797,94015,2,0.9407315391514754,1,0,0,0,0,1,0
53,28,36.95307159423828,94418,4,0.39606963455417377,2,0,1,0,0,1,0
31,2,55.454132080078125,92209,3,0.16313821934508357,1,0,0,0,0,0,0
57,34,87.47484588623047,92827,4,3.3519038970281887,1,0,1,0,0,1,0
27,12,73.26685333251953,92634,1,1.7840935966150022,3,0,0,0,0,0,1
42,19,17.20657730102539,95743,3,0.5194084305859608,2,0,0,0,0,1,0
32,15,17.45165252685547,94336,4,2.2689765169651537,2,120,0,0,0,0,0
33,9,95.72618865966797,94563,3,2.5002791054048505,1,0,0,0,0,0,0
30,6,110.20562744140625,91931,2,1.3764876391519816,2,0,0,0,0,1,0
60,34,38.775108337402344,94698,1,0.1707325478228268,2,119,1,0,0,0,0
43,14,121.61420440673828,91135,4,2.84786177307517,1,402,0,0,0,1,1
32,7,129.85830688476562,91065,1,2.832696821632041,2,0,0,0,0,1,0
31,11,53.2010383605957,92265,1,2.5708460672978397,3,0,0,0,0,1,0
29,6,67.21107482910156,90535,3,0.4027185144652008,1,0,0,0,0,1,0
28,5,45.81987380981445,90278,1,2.2055143072973977,3,0,0,0,0,0,0
53,25,168.6870880126953,91970,2,5.071511105083945,1,386,1,0,0,0,0
35,14,142.4429931640625,95642,2,6.561703169100722,1,0,0,0,0,0,0
43,18,76.71675872802734,95066,4,1.753866015518777,1,0,0,0,0,1,0
55,30,79.13704681396484,90339,3,1.4727834069491945,3,0,0,0,0,0,1
55,27,167.121337890625,92893,1,3.82433513581442,3,0,0,0,0,0,1
30,4,43.16571807861328,94829,2,0.7697202875487904,3,0,0,0,0,1,0
29,23,15.372100830078125,92163,3,1.210984729946564,2,0,0,0,0,1,0
51,30,71.5045394897461,94730,4,2.0089498433470063,2,0,0,0,0,0,0
30,6,46.26957702636719,90410,3,0.2151213947143881,2,0,1,0,0,1,0
57,28,63.1297721862793,90328,4,1.9898177543009676,3,0,0,0,0,1,0
56,35,54.165313720703125,90538,1,2.7599941801588805,1,0,0,0,0,0,0
51,36,57.64774703979492,92060,3,2.0086202799127912,3,300,0,0,0,0,0
29,4,77.54600524902344,92095,2,1.95481633540401,3,110,0,0,0,0,0
53,23,66.16957092285156,90274,2,1.9168458980163297,2,0,0,0,0,0,0
52,34,14.102819442749023,90386,4,0.1892005191299817,2,0,0,0,0,0,0
55,37,46.55086135864258,91099,3,0.9375326899483837,2,154,0,0,0,1,0
40,14,58.773780822753906,95246,1,2.4614834102485506,1,0,0,0,0,1,0
27,1,140.44778442382812,96036,1,2.514947483041701,1,286,0,1,0,1,0
29,0,87.11548614501953,92292,3,0.7706508213829526,2,0,0,0,0,1,0
54,23,42.362735748291016,92289,3,1.122620709442514,3,0,0,0,0,0,0
30,0,88.22920989990234,95738,4,1.6141031749602592,2,0,0,1,0,0,0
37,15,32.646148681640625,92967,3,2.37074988908898,2,0,0,0,0,1,0
28,2,58.27487564086914,94642,3,0.030968707561470243,2,0,0,0,0,1,0
35,12,162.94525146484375,95569,2,3.746453792200766,2,0,0,0,1,1,1
39,12,23.871070861816406,96130,1,0.3156245330528241,3,149,0,0,0,1,0
56,30,48.33961486816406,91286,4,1.60309237419829,1,0,1,0,0,1,0
35,10,16.584121704101562,95780,2,0.4276338325042493,3,103,0,0,0,1,0
45,28,77.83141326904297,91964,2,3.2996730427556717,3,0,1,0,0,0,0
25,1,64.05101013183594,94268,2,1.1228890179891655,1,0,0,0,0,0,0
49,17,51.38275146484375,96307,3,1.3979745056448702,3,0,0,1,0,0,0
43,23,40.79996871948242,91857,2,0.07509128673055471,1,0,1,0,0,1,0
44,13,66.85665893554688,94251,1,2.2673294432404543,1,195,0,0,0,0,0
47,19,140.04849243164062,94700,1,3.191789708838707,1,143,0,0,0,1,0
58,36,159.05245971679688,92922,2,7.651481500193102,1,0,0,0,0,1,0
29,15,37.31745910644531,94646,1,0.3566050476078013,3,348,1,0,1,1,0
30,8,147.477294921875,91216,2,1.695806001310892,1,0,0,0,0,1,0
31,9,203.92990112304688,94740,2,9.284998007667994,1,0,1,0,0,1,0
47,27,137.92755126953125,96202,3,3.8066516323284683,1,0,1,0,1,1,0
28,3,93.2081527709961,92218,4,1.439770038113103,1,0,0,0,0,1,0
54,22,33.062889099121094,96064,3,1.4489283496727747,1,0,1,0,0,0,0
61,37,82.30522155761719,93022,4,2.2459692225322425,2,0,0,1,0,0,0
58,37,16.722015380859375,89985,3,0.18499745348647745,2,0,0,1,0,1,0
34,9,60.080726623535156,92017,2,1.7231974656012894,3,0,0,0,0,1,0
52,17,61.09621047973633,93032,1,0.6914554945378653,2,0,0,0,0,1,0
31,12,34.850833892822266,90567,4,1.312799343131137,3,0,0,0,0,0,0
33,14,160.21588134765625,94444,1,2.2788744682617823,1,0,1,0,0,0,0
38,15,37.36821746826172,92136,3,2.0164537352044483,1,0,0,0,0,1,0
31,8,148.24447631835938,91641,2,1.035018132641951,1,0,1,0,0,0,0
62,32,55.162479400634766,90707,4,1.7934206839888287,2,0,0,1,0,1,0
40,5,71.23591613769531,94665,3,2.241419128719114,1,315,0,0,0,1,0
30,4,104.74102020263672,90674,2,0.7232638482095013,1,0,1,0,0,1,0
48,20,200.843017578125,91934,2,7.361798351752584,1,0,0,0,0,1,0
47,29,62.90028381347656,94340,2,0.7722272541248884,3,0,0,0,0,1,0
40,15,40.23683547973633,91415,2,0.2392493623269586,3,0,1,0,0,0,0
53,20,60.99964904785156,93721,2,2.8172926514345433,1,239,1,0,0,1,0
29,-1,185.19091796875,95924,4,2.11844192462048,2,0,0,0,0,1,1
41,25,55.04255676269531,93204,1,1.612627801593866,3,0,1,0,0,1,0
37,13,26.521629333496094,90210,3,0.47103244740009376,2,0,0,0,0,1,0
53,33,58.93860626220703,92538,2,1.4836031225183037,2,0,1,0,0,0,0
33,5,122.07765197753906,92597,2,1.5756225725559374,1,0,0,0,0,1,0
53,28,97.4661636352539,90036,2,2.1763536912476873,2,0,0,0,0,1,0
31,7,55.66518783569336,91892,3,0.8470346639269317,1,0,0,0,0,0,0
63,32,32.01972961425781,91655,3,0.06300101545027403,3,107,0,0,0,1,0
56,31,46.806976318359375,94445,2,1.761525135562332,3,0,0,0,0,0,0
44,17,77.60994720458984,92382,2,2.828864388607557,1,137,0,0,0,1,0
36,22,55.6951789855957,92281,1,0.8533128743354442,2,0,0,0,0,0,0
23,1,65.16738891601562,92160,3,2.1445791124336693,1,0,0,0,0,0,0
41,5,27.742238998413086,91158,3,1.2428589584982408,2,0,0,0,0,1,0
38,9,189.73834228515625,92066,3,0.11183305436043545,2,0,0,0,0,0,1
51,22,82.78335571289062,92972,2,1.4696264270426473,3,0,0,0,0,1,0
30,14,107.18913269042969,90299,2,2.9394354906692803,3,0,0,0,0,0,0
65,41,25.216943740844727,92228,4,0.4774078006168606,3,0,0,0,0,0,0
43,15,29.5025577545166,94761,3,0.7101193945734995,2,96,1,0,0,0,0
39,11,14.958645820617676,96598,4,0.5721751517573187,2,0,1,0,0,0,0
38,12,45.59779357910156,94255,4,0.1915683911094073,1,0,0,0,0,1,0
50,18,16.535457611083984,92793,1,0.25835808633544827,2,98,1,1,0,1,0
55,24,58.7969856262207,92939,2,2.8970808546578546,1,0,1,0,0,0,0
58,33,10.030221939086914,92309,2,0.16600404569999275,3,68,0,1,0,0,0
28,11,32.47924041748047,91259,1,1.0532287856877152,2,225,0,0,0,1,0
35,7,122.1604995727539,93322,3,1.4444718051477419,1,390,0,0,0,0,0
51,30,41.75126647949219,94954,4,0.867763016233112,1,0,0,0,0,1,0
60,30,136.66111755371094,92900,2,2.7631149845037966,1,0,0,0,0,0,0
56,27,16.02309799194336,95906,3,0.6704125106503992,3,0,0,0,0,0,0
54,31,160.5587615966797,94468,2,7.256053065107792,1,0,0,1,0,1,0
30,4,59.47813415527344,94043,4,1.5363023127601612,1,242,1,0,0,0,0
46,16,73.52046203613281,91357,1,0.3135784771861848,1,0,1,0,0,1,0
53,33,125.10990142822266,91714,2,1.9067438896425721,1,0,1,0,0,0,0
45,16,125.94332885742188,92439,2,2.1902053182969548,3,0,0,1,0,1,1
37,8,199.89642333984375,95121,1,3.384035476267491,1,0,1,1,1,1,1
53,30,20.94007682800293,90926,2,0.2552610374449029,3,0,0,0,0,1,0
62,35,25.539348602294922,96272,3,2.1031429145051677,1,111,0,0,0,1,0
27,16,12.195510864257812,94191,4,0.4871679720839919,1,0,1,1,0,1,0
32,4,149.38812255859375,90234,2,1.462740570807009,1,460,0,1,0,1,0
35,10,81.99248504638672,89966,4,1.624334097600816,2,0,0,0,0,0,0
31,7,167.06593322753906,95041,2,6.302541111478634,1,0,0,0,0,0,0
27,4,58.617706298828125,93804,4,2.64056226939477,1,0,0,0,0,1,0
29,8,64.06971740722656,91896,4,1.9883634688479694,3,0,0,0,0,1,0
56,26,79.34097290039062,94268,3,0.7011409502905229,2,0,0,0,0,1,0
28,12,71.18132019042969,94797,3,0.747841435102855,1,0,1,0,1,1,0
60,36,35.05779266357422,92360,4,1.8107518077808744,3,0,0,1,0,0,0
46,12,97.0464859008789,92494,1,2.1145293017170084,1,278,0,0,0,0,0
54,30,109.75951385498047,94858,3,0.8947611904703466,2,0,0,0,0,1,0
27,3,101.38143920898438,94451,2,1.8169071360709834,3,0,1,0,0,1,0
43,15,79.87211608886719,93192,4,0.08706829361154672,2,0,0,0,0,1,0
56,30,88.36466217041016,92110,1,4.030810510888406,2,0,0,0,0,1,1
30,0,113.87366485595703,94691,4,1.6856647624062524,3,0,0,0,0,0,0
27,9,128.22232055664062,91370,3,7.391108143696034,1,0,1,0,0,1,0
28,3,66.73892211914062,90949,4,2.248332568467644,3,0,1,0,0,0,0
57,35,40.993282318115234,95935,3,1.0713029818228526,2,0,0,0,0,1,0
62,35,39.350059509277344,92820,2,0.35374313994267437,2,0,0,0,0,0,0
62,30,36.47442626953125,92744,4,0.6916929985093865,1,0,1,0,0,0,0
61,37,43.992889404296875,94076,1,0.6848863708380192,1,159,0,0,0,1,0
56,29,65.74732971191406,93031,3,0.14428833236222227,3,0,1,1,1,1,0
37,17,73.11878967285156,91567,3,0.23879082125325138,2,0,1,0,0,0,0
38,11,34.00973129272461,94974,1,0.3107098384033522,1,0,1,1,0,1,0
45,18,18.98622703552246,91964,2,1.779351165341446,2,110,1,0,0,1,0
58,32,96.62554931640625,94634,2,1.802417379828459,1,0,0,0,0,0,0
46,19,41.03229904174805,93091,1,0.6944169340627766,2,89,0,0,0,1,0
28,6,84.50386047363281,94344,1,2.913415767026833,1,0,1,0,1,1,0
35,10,111.2146224975586,92540,1,1.3334093720619005,3,0,0,0,0,0,0
44,25,191.8408660888672,91643,1,2.314121212230857,1,0,1,0,0,1,0
66,36,63.342124938964844,92084,3,1.4871584424579538,2,0,1,0,0,1,0
63,37,109.21171569824219,94795,1,2.2506577923062294,3,0,1,0,0,0,0
46,16,132.84689331054688,93188,2,0.03363954289902438,3,276,0,0,0,0,1
66,39,158.77020263671875,93768,2,5.157675166489294,1,0,0,0,0,1,0
33,10,21.99932098388672,94545,3,0.3188839011196235,2,0,1,0,0,1,0
62,33,58.951576232910156,91933,4,1.9019919965632581,3,0,0,1,0,1,0
62,37,67.67831420898438,92504,4,1.3483509548850736,1,281,0,0,0,1,0
34,20,123.64483642578125,94103,2,0.406509587790311,1,102,0,0,0,1,0
45,9,22.438636779785156,93261,3,0.2164298941910601,1,0,0,1,0,1,0
54,26,66.04924011230469,91498,1,2.0300537183988396,3,242,1,0,0,0,0
34,8,51.256099700927734,94155,3,1.9939479691827788,2,0,0,0,0,0,0
53,30,97.43094635009766,94492,2,3.6350711810665572,2,230,0,0,0,0,0
31,14,146.2904510498047,94716,3,0.6693060621118464,1,0,0,0,0,0,0
56,26,140.5066375732422,94545,3,1.6023693903555107,2,0,0,0,0,1,1
42,22,25.688661575317383,94039,1,0.7387729354408493,3,0,1,0,0,0,0
62,37,61.48119354248047,92894,3,1.4267309260317045,3,0,0,0,0,1,0
46,28,118.6965103149414,92780,1,2.1040886592340238,1,161,0,0,0,0,0
33,10,82.38251495361328,90326,2,0.40104197886491666,1,0,0,0,0,1,0
42,14,62.33328628540039,94869,2,1.3641651003177828,2,0,0,0,0,1,0
45,25,73.89546203613281,94082,3,2.539053576456263,3,158,0,0,0,1,0
50,10,29.123483657836914,96098,4,2.4806945076906137,2,0,0,0,0,1,0
55,29,177.10057067871094,94128,2,2.90743606115544,1,244,0,0,0,0,0
42,21,89.9234390258789,91732,4,1.2142522329470324,2,0,0,0,0,1,0
58,31,56.19189453125,96136,3,2.1357616328294466,3,0,0,0,0,0,0
29,6,106.3481216430664,92962,4,3.217729265646809,2,0,1,0,0,1,0
62,40,69.41365051269531,91973,4,1.6376627141989197,3,85,0,0,0,1,0
37,13,76.41777801513672,94105,4,1.3974726945644962,1,0,1,0,0,0,0
25,0,25.851886749267578,93444,3,2.1254113513979793,3,134,1,0,0,0,0
65,41,49.90636444091797,91536,4,0.31398220710197094,2,0,0,0,0,0,0
58,27,100.1800765991211,95082,4,0.4886456973780234,1,0,0,0,0,1,0
44,22,37.66717529296875,93260,2,1.445873281151069,3,0,0,1,0,0,0
61,40,22.927169799804688,95732,3,0.141768733498331,3,146,1,0,0,1,0
58,31,102.44532012939453,93055,4,5.489231489919402,1,0,1,0,1,1,0
56,31,49.13530349731445,94232,4,1.0629868892209777,2,0,0,0,0,1,0
53,19,64.03649139404297,94707,3,2.0388221177796964,3,0,0,0,0,0,0
52,31,70.86190795898438,90488,3,2.103898782254355,1,0,0,0,0,0,0
46,26,168.7442169189453,91465,2,6.957995838918197,1,399,0,0,0,1,0
54,26,89.57706451416016,92715,2,0.19926519938172313,1,0,1,0,0,1,0
33,9,99.88282775878906,94564,1,2.187062593701185,3,0,0,0,0,1,0
40,14,19.11515998840332,94415,3,2.180890036028686,2,130,1,0,0,1,0
30,2,71.25089263916016,95785,1,0.47855634356121896,1,0,1,0,0,1,0
53,22,30.868881225585938,91792,3,0.9346054893832381,2,0,0,0,0,0,0
25,2,64.56792449951172,95058,4,2.0518452346256266,1,0,0,0,0,1,0
35,11,144.57301330566406,90245,1,2.7876755635024733,1,0,0,0,0,1,0
45,28,41.42724609375,94689,2,0.3045836886598828,1,117,1,0,0,0,0
60,41,18.05959701538086,94182,3,0.7572097090109745,2,155,0,0,0,0,0
56,36,57.419376373291016,94225,3,0.5436573252000443,1,0,1,0,0,0,0
41,25,65.48670959472656,94719,3,0.5119858683351338,1,0,0,0,0,1,0
51,14,18.28295135498047,93073,4,1.6488406357052745,3,0,1,0,0,1,0
28,2,31.87295913696289,91990,4,2.572085880195115,1,0,0,0,0,0,0
33,6,140.31082153320312,92582,1,1.7812827008474375,1,248,0,0,0,0,0
54,30,126.84346771240234,93622,1,7.348052104077356,1,0,0,0,0,0,0
57,32,32.415164947509766,94268,3,0.6816640111619424,1,0,0,0,0,0,0
57,38,62.51683807373047,91518,4,0.19451668055625737,1,0,1,0,0,1,0
34,13,90.23560333251953,94206,4,1.6832005676012414,2,0,0,0,0,1,0
41,17,74.34657287597656,92743,1,2.5842531762239593,3,0,0,0,0,1,0
44,24,24.541160583496094,95514,4,1.1084896468464773,3,0,0,0,0,0,0
36,21,31.64895248413086,91997,4,1.4746025251686123,2,0,0,0,0,0,0
32,20,10.607905387878418,92248,4,0.30609318368337923,1,113,0,0,0,0,0
51,34,17.012035369873047,92036,3,0.3947045484649547,2,0,1,0,0,1,0
41,22,52.063472747802734,94483,3,1.2894574921592492,2,140,0,0,0,1,0
48,18,87.63213348388672,95215,1,1.0412231689442182,2,240,1,0,0,1,0
51,30,75.58831787109375,90342,4,0.318853343111484,3,0,0,1,0,1,0
53,22,143.87977600097656,90137,2,0.4519999622246785,1,162,1,0,0,0,0
34,4,61.55377960205078,94511,2,2.3716564611603244,1,103,0,0,0,0,0
29,1,161.25770568847656,94923,2,2.2673602512883795,2,417,0,0,1,1,1
55,26,105.87757873535156,95618,1,2.828073906184668,2,0,1,0,1,1,1
60,36,96.86441802978516,92495,1,1.1481473132565765,3,0,0,0,0,0,0
45,19,79.60758972167969,91371,2,1.46327977066025,2,251,1,0,0,1,0
27,7,26.540328979492188,95719,4,0.01969856118523866,1,0,0,0,0,0,0
27,1,48.80778503417969,93484,4,0.2965010472738949,3,0,0,0,0,1,0
43,24,83.74641418457031,96000,2,2.49602114451108,1,0,0,0,0,0,0
55,39,99.95838928222656,92479,1,3.9024237347455824,1,406,0,0,0,0,0
46,23,56.9771728515625,95021,1,0.4698542416291554,1,135,0,0,0,0,0
29,2,120.98804473876953,95633,2,0.45450123223961664,1,0,0,0,0,1,0
37,20,184.56997680664062,91514,2,5.758222699740561,1,357,1,0,0,1,0
42,17,46.260135650634766,94597,2,1.9214041047283494,1,242,1,0,0,1,0
44,22,12.973124504089355,91908,2,2.430249671044688,3,0,1,0,0,1,0
56,37,175.55026245117188,93872,3,5.543812516796415,3,262,0,0,0,1,1
41,4,69.96417999267578,93583,4,1.6955890948740229,2,178,0,0,0,1,0
28,6,170.59971618652344,91660,2,5.8935115317418285,1,0,0,0,0,1,0
47,23,66.86212158203125,95219,3,1.8558802047184875,1,0,1,0,1,1,0
55,18,40.13296890258789,93638,4,2.0786224985558066,1,0,0,1,0,1,0
61,39,55.18037414550781,94128,3,1.1977249039800721,2,0,0,0,0,0,0
59,38,12.653261184692383,94996,2,0.5347696673394606,1,0,1,1,0,1,0
43,20,55.77840042114258,90864,3,0.3334019709141049,2,245,0,0,0,1,0
42,17,67.46611022949219,91614,2,2.558978828960904,1,0,0,0,0,1,0
36,9,56.61109161376953,92898,4,6.202013763667561,1,0,0,0,0,0,0
66,41,45.690948486328125,94879,1,2.266197533378902,3,111,1,1,0,1,0
30,3,35.968772888183594,95345,1,5.6174883821634065,1,0,0,1,0,0,0
34,7,47.318206787109375,90096,3,3.231388344519196,2,241,0,0,0,1,1
32,7,110.61429595947266,93837,1,0.5154871267593644,3,0,1,0,0,0,0
58,38,110.48101806640625,94993,3,3.2194228268579255,2,0,0,0,0,0,1
52,26,54.397804260253906,95175,1,0.5038506998764022,2,0,1,0,0,0,0
44,17,189.58460998535156,91631,1,6.184395426677224,1,0,0,0,0,1,0
45,22,17.134403228759766,94366,2,0.7140756288443612,3,0,0,0,0,0,0
44,17,180.51126098632812,94109,2,0.2102693450456188,1,0,0,0,0,1,0
29,5,210.05636596679688,91608,2,1.5425138116662407,1,0,1,0,0,0,0
40,11,44.26603317260742,94329,3,0.5744587059296727,1,0,0,0,0,1,0
51,23,11.268218040466309,96387,3,0.39523959771269845,3,157,1,0,0,1,0
66,36,28.821155548095703,94821,2,0.22751808943736263,3,94,0,0,0,1,0
62,35,121.2958755493164,91296,2,1.1968743935256976,3,0,1,0,0,0,0
65,39,23.42926597595215,95899,3,1.469283774989399,3,0,0,0,0,1,0
31,5,79.59859466552734,91874,1,1.7436130931421656,3,0,1,0,0,1,0
63,38,121.27326965332031,95606,3,2.236103935927426,2,0,0,0,0,1,1
49,27,46.260108947753906,95483,4,1.5426461715751314,2,0,0,0,0,0,0
53,29,57.70315933227539,93939,4,2.3175333670941547,2,0,0,0,0,0,0
27,2,34.73912811279297,92091,2,2.234810618210828,3,0,0,0,0,0,0
58,31,125.84033966064453,95764,2,2.662737815523657,1,0,0,0,0,0,0
61,30,169.98834228515625,94108,1,4.984937590537759,2,0,0,0,0,0,1
32,16,171.2095184326172,92790,2,5.427429183436432,1,0,0,0,0,0,0
61,33,73.8743896484375,92893,1,1.0314124497267623,3,130,1,0,0,1,0
27,3,38.69757843017578,91886,4,1.5881649290819357,3,0,0,0,0,0,0
50,21,56.08433151245117,90237,2,1.7440225668462797,2,0,0,0,0,1,0
61,39,79.068115234375,90454,3,2.903759667788993,1,442,1,1,1,1,0
40,19,101.49177551269531,92276,2,0.583946579152608,2,165,0,0,0,0,0
29,7,91.94808959960938,94892,4,1.4855461343557719,3,0,0,0,0,1,1
42,20,155.982421875,94770,1,1.9588180844901553,3,0,0,0,0,0,1
52,34,14.668806076049805,90258,1,2.5207557197888026,2,0,0,1,0,1,0
63,39,60.26092529296875,91380,1,0.5211835551126207,1,0,0,0,0,0,0
24,2,28.147151947021484,95864,1,0.7243280495014645,2,0,0,0,0,1,0
53,31,79.21975708007812,92288,2,2.857672189141117,1,0,0,0,0,0,0
65,38,88.5797119140625,92870,1,1.922491951021592,3,0,0,0,0,0,0
45,19,19.26319122314453,91504,3,0.3474007420963342,1,94,0,1,0,1,0
65,41,119.20316314697266,96273,3,1.3851340708073512,1,206,0,0,0,1,0
40,16,117.7911376953125,93168,4,2.482385225176675,3,0,0,0,0,0,1
30,5,84.24156951904297,94496,3,0.3204052483813721,3,0,0,0,0,1,0
43,14,58.370391845703125,94398,1,2.5518423920464848,3,0,0,0,0,1,0
52,29,63.28599166870117,92246,1,1.5328559220054612,2,0,0,1,0,1,0
40,11,27.28800392150879,93820,4,0.7995334531604126,3,0,0,0,0,1,0
47,18,91.677978515625,92893,4,1.1100255113639097,3,0,0,0,0,0,0
63,37,105.5271224975586,93111,4,1.390899332730541,2,0,0,0,0,1,0
35,10,26.9418888092041,91498,4,0.1288016139401624,1,0,0,0,0,1,0
58,33,38.6102294921875,95307,4,1.0920355042416703,2,0,0,0,0,0,0
58,22,75.74726867675781,92479,1,3.304529467472899,3,0,0,0,0,1,0
61,35,63.45795822143555,91618,3,2.260734583585794,1,0,1,0,0,0,0
37,27,53.66099166870117,96073,2,0.35607981880888184,1,148,0,0,0,1,0
49,25,89.58525085449219,92741,4,1.7646747732135561,1,0,1,0,0,1,0
43,22,136.93896484375,93899,2,3.418078356302184,3,0,0,0,0,0,0
27,13,182.53842163085938,92443,4,2.8032069032739497,3,0,0,0,0,0,1
27,10,26.13799285888672,91998,3,0.40973586679928853,1,125,0,1,0,0,0
57,37,50.28138732910156,95524,1,1.4108684189811502,3,0,0,0,0,1,0
42,15,52.373748779296875,91364,3,1.8139376126232318,1,315,0,0,0,1,0
60,35,61.764007568359375,94477,1,2.4952236686742855,2,0,0,0,0,1,0
37,11,60.86266326904297,94564,3,0.6808018766695279,2,0,1,0,0,0,0
60,34,64.08354187011719,92816,2,1.4527861451980701,3,0,0,0,0,1,0
44,34,146.86431884765625,93100,1,6.566566922234612,2,0,0,0,0,1,1
52,31,138.95054626464844,90169,2,3.292318720308262,1,0,1,0,1,1,0
64,37,63.02834701538086,94118,2,1.8465805285797692,2,0,0,0,0,1,0
50,34,41.25749588012695,94096,2,0.4553373415133327,1,0,0,0,0,1,0
41,15,32.77918243408203,92755,1,0.17871084990809422,2,213,0,0,0,0,0
64,41,89.94275665283203,89962,3,1.2747010707787942,1,0,1,0,0,1,0
57,34,62.21273422241211,94009,4,0.5987360771808531,3,0,1,0,0,0,0
35,16,149.786376953125,94537,2,4.3104608738017625,1,0,0,0,0,1,0
48,13,100.97844696044922,95122,4,1.537886572696253,3,243,0,1,0,0,0
61,36,74.84164428710938,90297,1,0.3994975377581232,1,0,0,0,0,0,0
32,9,56.27363967895508,94408,3,0.6272609862157289,1,0,1,0,0,1,0
28,4,162.07801818847656,92182,1,2.8649307604026686,3,193,0,0,0,1,1
43,18,29.553489685058594,94787,2,2.35167247150259,2,0,0,0,0,1,1
29,18,62.004905700683594,94312,1,3.4282058042243486,3,0,0,0,0,1,0
36,11,55.78873062133789,93186,4,1.1546045412753658,2,0,0,0,0,0,0
64,38,74.58040618896484,92406,1,2.958772192964451,3,0,0,0,0,1,0
57,33,58.131439208984375,94979,2,7.12274841325164,1,0,1,0,0,1,0
41,24,83.8480453491211,95592,2,3.161662882959474,3,0,0,0,0,1,0
47,28,60.52431869506836,91074,3,0.5550214878109876,3,219,0,0,0,1,0
57,33,64.56489562988281,91966,1,1.5226680806543664,2,0,0,0,0,0,0
55,29,112.90230560302734,96032,3,2.56025388529335,2,0,0,0,0,0,1
46,33,47.50358200073242,92486,1,1.7057116063370787,3,141,0,0,0,1,0
33,5,126.74296569824219,94473,4,4.157936224720513,1,112,0,0,0,0,0
41,19,26.669261932373047,90120,3,0.8674264265713852,2,0,0,0,0,1,0
63,35,65.3857650756836,92005,4,1.6245860035606505,3,97,0,0,0,1,0
61,40,28.56374740600586,94200,4,0.7142293060358683,3,0,0,0,0,1,0
58,34,133.58126831054688,96033,2,1.3215492598030256,3,369,1,1,1,1,1
62,37,44.303348541259766,92822,1,0.3253715962996708,3,0,1,0,0,0,0
37,9,41.45801544189453,94373,4,0.7539433091062027,1,0,0,0,0,1,0
57,16,74.40397644042969,92061,1,1.4377775206697712,2,0,0,0,0,0,0
34,12,51.160221099853516,95678,1,1.1199342454075984,1,0,0,0,0,0,0
60,37,89.52933502197266,90396,2,0.8003255041272416,1,0,0,0,0,1,0
49,29,26.781728744506836,93475,4,1.559760727429819,3,0,0,0,0,1,0
63,37,155.1951904296875,91348,2,0.9846917651854129,1,0,0,0,0,1,0
44,30,54.8677978515625,95616,4,1.1568572896577882,1,0,0,0,0,0,0
32,6,82.33999633789062,94345,4,5.412515125167967,1,118,0,0,0,1,0
50,26,96.14496612548828,92295,2,2.4558177135723476,3,0,0,0,0,1,0
26,8,93.767822265625,92210,1,1.4769899742064847,3,0,0,0,0,1,0
40,23,158.38726806640625,95553,4,2.7273464273315997,2,382,0,0,0,0,1
43,31,28.251544952392578,90041,1,1.5733254699589891,2,0,0,0,0,1,0
63,34,71.67698669433594,94234,1,1.6979174614235768,3,0,0,0,0,1,0
38,12,148.4013671875,92041,4,1.6393937839792283,3,0,0,0,0,0,1
41,26,117.12693786621094,94649,1,2.1261720984058647,2,0,0,0,0,0,0
48,36,158.2644500732422,91119,4,3.429676635748006,1,0,1,0,0,1,0
31,5,56.978538513183594,92906,1,0.9924710705757828,3,106,0,0,0,1,0
59,31,152.70590209960938,92114,1,5.819402343022458,1,301,0,0,0,1,0
37,17,102.13988494873047,94116,1,5.143368925314723,1,0,0,1,0,1,0
36,9,116.500732421875,95359,2,0.2846412132755488,1,0,1,0,0,1,0
30,7,104.70893859863281,90174,2,1.0948845768832811,1,0,0,1,0,0,0
42,15,54.6966438293457,91378,3,1.112546069659091,2,0,1,0,0,1,0
58,38,155.66073608398438,94971,2,5.026049081216199,2,0,0,0,0,1,1
38,24,57.95762634277344,96102,2,0.018810941327519592,3,0,1,0,0,0,0
44,13,63.27732849121094,94063,1,1.034081810389877,2,0,0,0,0,0,0
37,14,32.83331298828125,93278,4,2.2425853180642314,1,121,0,0,0,1,0
62,39,39.81562805175781,93051,3,1.4760586839926553,3,0,0,0,0,1,0
57,34,28.885149002075195,90137,1,1.5591539425483831,3,0,0,0,0,0,0
44,16,29.168062210083008,94626,3,0.0069692369511056285,3,0,1,1,0,1,0
51,21,59.791316986083984,90411,1,2.4562022225063176,3,0,0,0,0,1,0
56,19,20.982105255126953,92166,4,0.20404634808941516,3,388,0,0,0,0,0
47,22,43.20518493652344,94880,1,0.5183135979067911,2,215,0,1,0,0,0
35,13,115.76795959472656,95059,3,0.9273386159151898,2,0,1,0,1,1,1
54,29,39.76911163330078,94181,4,0.4062900989420344,3,0,0,0,0,0,0
59,36,19.168737411499023,91288,1,2.73789886584263,3,88,0,0,0,1,0
46,20,26.123069763183594,93884,2,0.6825136046400242,2,88,0,1,0,0,0
46,22,122.75743103027344,90520,3,0.962193625507899,3,0,0,1,0,1,0
38,11,31.468637466430664,93718,2,0.9916244420994188,3,104,1,0,0,0,0
53,32,53.14965057373047,93595,4,1.428088693394624,3,108,0,0,0,0,0
57,33,99.46156311035156,91431,2,7.730198887312081,3,0,1,0,0,1,0
48,20,83.03056335449219,91992,1,2.6864874088446475,1,0,0,0,0,1,0
39,13,87.25640869140625,90087,3,1.2406669645060504,1,0,0,0,0,0,0
47,21,25.564647674560547,91213,2,0.3046970297838842,3,101,1,0,0,0,0
34,10,34.29696273803711,95075,3,0.8932220489057779,2,0,0,0,0,1,0
54,26,85.19696044921875,95738,2,1.2997848846126894,3,0,0,0,0,1,0
38,15,49.994407653808594,94754,4,0.8104717125032873,3,0,0,0,0,1,0
35,10,163.177734375,90211,1,2.161247590659334,1,0,1,0,0,0,0
42,12,23.55624771118164,91163,3,0.8230121679516325,2,0,0,0,0,0,0
31,3,72.28479766845703,94394,3,0.4537696835472392,2,0,0,0,0,0,1
53,30,146.09376525878906,95029,3,5.7795256991410975,3,0,1,0,0,1,1
60,35,78.0757064819336,94707,1,2.480769489810831,2,0,0,1,0,1,0
34,8,57.02610778808594,92099,3,0.583171515442602,2,411,1,0,0,1,0
36,14,124.8360595703125,91703,3,3.095857099356311,1,0,0,0,0,1,0
52,26,19.390277862548828,90609,4,0.6980366982623777,1,241,0,0,0,1,0
45,21,87.72737121582031,92368,4,1.926627918538785,2,0,0,0,0,0,0
42,22,98.53948211669922,91313,2,3.208253206341979,2,0,1,0,0,1,0
29,5,99.32301330566406,92929,4,1.949324389556889,3,193,0,0,0,0,0
30,10,71.61215209960938,96340,1,2.507092018037888,2,0,1,0,0,1,0
35,16,111.64305114746094,90146,2,4.6120426351479535,3,0,0,0,0,0,0
51,27,73.90312957763672,95418,3,0.897082538766046,2,176,0,0,0,1,0
33,5,121.68898010253906,91441,2,6.384433380983196,1,0,0,0,0,0,0
66,38,34.0089111328125,93056,3,0.39940526199580595,2,0,1,0,0,0,0
42,30,151.30612182617188,95173,2,4.893971194322767,1,0,1,0,1,1,0
54,29,86.3089599609375,93359,1,2.60848956592703,1,0,0,0,0,0,0
39,16,145.64089965820312,95649,2,6.421115935067901,1,0,0,0,0,1,0
50,10,48.04902267456055,93983,3,1.8706858321251096,2,107,0,0,0,0,0
39,15,79.95098114013672,95038,4,3.43548428308375,3,0,0,1,0,0,0
48,27,155.56919860839844,94331,2,6.775500295148439,1,0,0,0,0,0,0
29,0,50.11216354370117,93307,4,0.019989589213953718,2,0,1,0,0,0,0
63,37,182.8019561767578,89860,1,3.482699244807077,2,0,1,0,0,0,1
40,17,167.9538116455078,92132,1,6.249230923851817,1,0,0,0,0,0,0
55,26,42.38050842285156,92675,3,0.29130749835115977,1,0,0,0,0,0,0
29,-1,79.17142486572266,93814,2,2.6656201941630084,1,0,1,0,0,0,0
30,3,199.11380004882812,93156,1,1.235174840081204,1,0,0,0,0,0,0
51,30,72.63040924072266,92200,4,2.0840040313668062,3,102,0,0,0,1,0
29,4,94.78961944580078,95223,2,2.3621051588666893,1,0,1,0,0,1,0
53,36,28.7081298828125,91731,1,0.17838478493893684,2,0,0,0,0,1,0
39,12,47.49066162109375,92070,1,2.5047735956535857,1,217,0,0,0,1,0
44,17,105.35498809814453,94233,2,1.578183645622249,3,0,1,0,1,1,0
35,3,36.63247299194336,95440,4,1.281510649635521,3,0,0,0,0,0,0
51,27,68.05642700195312,94326,4,2.654502452135446,1,0,1,0,0,1,0
38,18,46.52337646484375,92995,1,0.014882844432961506,3,104,1,1,0,0,0
42,22,157.20806884765625,93475,1,0.15564172077799548,3,0,0,0,0,1,0
54,24,41.6292610168457,93125,3,0.8073222324122782,1,0,1,0,0,1,0
59,34,62.58509826660156,91336,3,3.2180797330376376,2,0,0,0,0,1,0
44,24,41.687965393066406,92946,3,2.2758599079247066,2,0,0,0,0,1,0
47,13,62.03165817260742,90397,4,0.16081649198595616,1,0,0,0,0,0,0
40,15,31.117759704589844,94514,2,2.0127031002012714,1,0,0,0,0,1,0
28,8,10.809212684631348,93958,4,0.4360776525761454,1,0,0,0,0,0,0
52,32,77.2728042602539,94099,4,0.6532455802629602,2,0,0,0,0,0,0
60,40,129.25546264648438,94181,2,2.4782224848737684,3,234,0,0,0,0,0
34,0,76.66368103027344,94226,4,2.376768345295135,1,0,1,0,0,0,0
33,11,193.26019287109375,95064,1,4.123040734544054,1,0,0,0,0,0,1
64,40,42.4434700012207,95741,4,1.7673675442643229,1,0,0,0,0,0,0
63,32,13.539742469787598,91358,1,0.195329860651148,3,0,1,0,0,0,0
36,5,40.962100982666016,94724,4,0.34207602260993764,3,0,0,0,0,0,0
32,13,19.045978546142578,90465,3,0.40463866215008565,1,0,0,0,0,0,0
31,22,187.59226989746094,94650,3,5.635886659602294,2,0,0,1,0,1,1
30,4,27.777006149291992,93291,4,0.9328637132681248,3,0,1,0,0,0,0
37,23,159.52072143554688,92916,1,4.405680414623772,3,0,0,0,0,0,1
57,33,23.402177810668945,90971,2,1.7333147667268318,1,0,0,0,0,1,0
58,35,140.58253479003906,95630,3,1.8022768083098215,1,0,0,0,0,1,0
41,17,188.41845703125,94325,2,5.147149650771371,1,135,0,0,0,0,0
40,12,86.4600601196289,91464,1,0.7330928879363058,1,0,0,0,0,0,0
25,12,84.69770812988281,93326,4,2.8674047691239366,1,0,0,0,0,1,0
58,34,25.63568878173828,93028,3,0.6187925641363634,2,0,0,0,0,0,0
46,21,20.180469512939453,95255,2,0.5108053248437328,3,0,0,0,0,1,0
44,17,14.4763822555542,94458,2,0.43465571091869776,3,103,1,0,0,1,0
28,1,56.99049758911133,94057,2,0.6670029996468142,2,0,1,0,0,1,0
62,24,33.809593200683594,95018,1,0.3290469306493064,2,0,0,0,0,1,0
45,27,50.396976470947266,93212,4,1.198062393343339,3,0,0,0,0,1,0
36,16,86.63455963134766,89928,1,1.0489387282456657,2,0,1,0,1,1,0
49,20,91.00462341308594,91576,2,2.787349520070714,3,255,1,0,0,0,0
61,35,38.122066497802734,92647,4,1.0353982021595358,3,0,0,0,0,0,0
32,5,59.24020767211914,96561,4,1.562218790066943,2,0,0,0,0,1,0
38,7,68.18794250488281,94566,3,2.800630494681667,2,0,1,1,1,1,0
49,28,80.14575958251953,92765,2,1.4009689646791466,3,350,1,1,0,0,0
41,23,84.89518737792969,93950,2,0.18248049907756642,1,100,0,0,0,1,0
45,37,26.53968048095703,93088,4,2.2975292894302695,2,180,0,0,0,1,0
57,40,46.23283386230469,95894,1,1.8589320580250566,1,0,0,1,0,0,0
53,11,41.70182418823242,94415,1,1.2348186997564323,2,112,0,0,0,0,0
28,-1,46.194114685058594,94074,4,0.47904351776500576,2,0,0,0,0,1,0
55,23,64.49739074707031,93216,1,0.24065877068112318,1,0,0,0,0,1,0
59,36,111.26708221435547,92913,2,1.845698008458808,1,0,0,0,0,0,0
36,26,51.94694519042969,94391,1,0.6402041721243193,1,89,0,0,0,1,0
33,8,71.51211547851562,93925,3,0.24602566941956777,2,0,0,0,0,1,0
59,30,50.76952362060547,94678,2,0.5927269930634191,2,77,0,0,0,1,0
62,36,92.47637176513672,91788,1,2.4952210965951966,1,243,0,0,0,1,0
55,19,27.674253463745117,94325,4,0.2017347310278219,2,146,0,0,0,1,0
46,11,17.47002410888672,90735,2,0.3181557498123462,2,0,0,0,0,1,0
39,7,70.77767944335938,96264,3,1.2071749368788522,2,146,0,0,0,1,0
42,12,125.7019271850586,91847,1,4.2220785655619455,1,0,0,0,0,1,0
46,1,25.03196144104004,95707,4,2.595144303802344,3,0,1,0,0,1,0
46,14,40.747955322265625,89936,3,0.9065822733068649,2,0,0,0,0,1,0
26,1,51.47935104370117,95700,3,0.1368323311648233,3,0,1,0,0,1,0
28,5,73.21421813964844,94512,2,5.592472483639019,1,0,1,0,0,1,0
38,12,42.7483024597168,93848,4,2.5167581599652857,2,0,0,0,0,1,0
27,3,37.81648254394531,92232,4,1.278363186453882,2,0,0,0,0,1,0
38,14,22.725610733032227,94041,4,0.6844172300361848,2,0,0,0,0,0,0
42,22,52.157230377197266,92040,1,1.889167071304559,3,106,0,0,0,1,0
43,14,43.03567886352539,95274,3,1.6219810623890378,2,0,0,0,0,1,0
38,11,53.7545166015625,94774,4,2.9319594732945315,2,266,1,0,0,1,0
37,21,31.217042922973633,90202,1,0.10725272332848315,2,0,1,0,0,1,0
60,37,158.06411743164062,90094,2,5.72651428422303,1,0,1,0,0,0,0
28,6,27.021556854248047,93104,2,0.31799984682415205,3,0,1,0,0,0,0
34,9,38.301048278808594,91351,2,0.310082799144566,1,0,0,0,0,1,0
46,27,139.72547912597656,91553,2,3.9498201072813157,1,0,0,0,0,0,0
41,13,148.36221313476562,92354,2,1.3698309566745288,1,0,1,0,0,0,0
64,36,33.06290054321289,94664,1,2.2707083632633065,3,0,0,0,0,0,0
44,21,53.285736083984375,94248,1,2.196828034289252,3,0,1,0,0,1,0
59,27,33.07676696777344,94892,2,0.6587414047720805,2,90,1,0,0,0,0
35,17,176.25640869140625,95103,4,1.175381382375782,2,0,1,0,0,1,1
65,40,105.47998809814453,95456,2,4.557302500717725,1,149,0,0,0,1,0
30,6,219.93414306640625,90306,1,8.256470514634794,1,409,0,0,0,1,0
46,30,27.246089935302734,95568,3,0.8257114953986169,3,0,0,0,0,1,0
27,7,43.49150085449219,90229,1,1.8737914803002809,3,0,0,0,0,0,0
30,7,182.34425354003906,90995,2,5.6794209351664975,1,425,0,0,0,1,0
40,6,51.40458297729492,89872,4,0.9391688889528604,1,0,0,0,0,1,0
32,6,34.51005554199219,91586,3,1.4206680728734657,3,0,0,0,0,1,0
33,14,135.84869384765625,92049,4,6.137012661702179,1,0,0,1,0,0,1
56,32,101.92186737060547,94223,2,1.860799514723512,2,0,0,0,0,0,0
65,38,119.52593994140625,91343,3,5.055544311815493,2,0,1,0,1,1,1
57,35,112.75080871582031,91855,1,1.9784720486823817,1,0,0,0,0,1,0
29,0,181.11669921875,90304,3,4.6730931014872645,3,0,0,0,0,1,1
49,23,59.419227600097656,94169,4,0.8589235024687172,2,0,0,1,0,1,0
42,21,149.0271453857422,94569,2,6.259960625525612,1,379,0,0,0,1,0
53,27,136.30804443359375,93257,2,2.3977004300070583,1,0,0,1,0,0,0
60,29,112.80863952636719,95238,4,2.3345929655614106,3,0,0,0,0,1,0
46,21,146.25787353515625,92745,4,0.3739016711621138,3,0,0,0,0,0,1
40,22,96.17200469970703,94358,2,0.2821120930011899,3,162,0,0,0,0,0
60,16,71.40098571777344,94662,2,2.882143066564634,3,0,0,0,0,0,0
45,3,47.541831970214844,94202,3,1.2215665381973264,2,0,0,0,0,0,0
47,27,66.1082763671875,91240,4,1.5826091100415633,2,0,0,0,0,1,0
61,32,36.24128723144531,92915,4,0.5976274598954608,2,0,0,1,0,1,0
41,15,99.60723876953125,92197,1,2.32182491402941,1,0,1,0,0,1,0
36,10,72.64685821533203,94576,2,0.714373847250351,2,167,0,0,0,0,0
45,25,165.29359436035156,92084,3,5.217001707860883,2,358,1,0,0,0,1
54,27,30.31043815612793,92738,4,0.2006324345769545,1,0,0,0,0,0,0
58,36,67.64512634277344,94777,2,1.7197710996219167,3,0,1,0,0,1,0
65,36,24.842111587524414,93379,1,0.3813171949284352,3,0,0,0,0,0,0
26,1,77.20060729980469,92026,4,2.2900462029012107,1,0,0,0,0,0,0
48,14,187.2359619140625,91863,1,5.657508496828425,1,0,0,1,0,0,0
41,14,87.88301086425781,92807,4,1.0262662544484698,1,0,0,0,0,0,0
30,1,31.783119201660156,94473,3,1.1072799497940342,2,0,0,0,0,0,0
41,31,103.63404846191406,95357,3,1.0194057433713266,1,0,0,1,0,0,0
39,9,85.76422882080078,94830,2,2.2519272379996123,1,129,0,0,0,0,0
32,19,11.557748794555664,90670,4,0.36423486207010924,2,0,0,0,0,0,0
31,4,141.7575225830078,90108,2,1.2263980032579427,1,0,0,0,0,1,0
60,29,32.47025680541992,95463,3,0.45541566810508843,3,0,0,0,0,0,0
41,22,53.433082580566406,92109,4,2.7476522669584873,2,0,1,0,0,0,0
56,30,23.41671371459961,91704,4,0.058856757565537154,1,137,0,0,0,0,0
57,24,29.37999153137207,95814,3,1.6077970583272732,3,0,0,0,0,0,0
43,21,48.809207916259766,94063,2,0.7122674387861769,1,0,0,0,0,0,0
26,2,61.326534271240234,92180,2,1.1932180228551474,3,102,0,0,0,1,0
53,28,25.276552200317383,94646,3,0.6058952886077282,2,0,1,0,0,0,0
32,3,79.76402282714844,92795,3,0.37057603380721743,2,0,0,1,0,1,0
56,33,20.658367156982422,93840,2,0.6287063617418857,1,0,0,0,0,1,0
36,3,158.47972106933594,92074,2,2.274909773770762,3,475,0,0,0,0,1
42,21,31.08966064453125,90892,4,0.18877723641976052,1,108,0,0,0,0,0
29,0,92.97869110107422,92641,4,2.575415298395114,2,0,0,0,0,0,0
54,35,57.35035705566406,91459,3,2.665823927276884,1,0,1,0,0,1,0
30,6,46.68412780761719,92031,1,2.5226514331617595,2,156,0,0,0,1,0
57,32,133.08340454101562,94410,3,0.548814395643648,1,150,0,0,0,1,0
48,16,35.33470916748047,94381,1,1.0390845540656255,2,0,1,0,0,0,0
33,14,108.41727447509766,91067,2,3.6047415725787233,2,0,0,0,0,0,0
62,32,134.14654541015625,90725,2,5.156077858431241,1,309,1,0,0,0,0
54,18,22.747356414794922,92947,1,2.285033045424413,3,0,0,0,0,1,0
52,31,93.47014617919922,95089,4,0.8488663474817131,3,315,0,0,0,1,0
33,12,149.29913330078125,92130,1,0.9638815391713121,1,0,0,1,0,1,0
34,4,124.47531127929688,93835,4,1.0108455843483535,2,0,1,0,0,1,0
34,18,76.10408020019531,93352,2,1.2976796901455785,2,0,0,0,0,1,0
29,1,26.125213623046875,94730,4,2.599806703055012,2,163,0,0,0,0,0
46,20,57.87235641479492,92454,4,0.23931775174165337,2,0,1,0,0,0,0
44,11,35.62916946411133,95925,3,1.663028719646273,1,0,0,0,0,0,0
60,31,14.806674003601074,93954,4,0.18432230897984497,1,0,0,0,0,1,0
46,19,18.353221893310547,95633,4,0.2949080332288496,1,98,0,0,0,0,0
30,4,47.673301696777344,94519,4,2.338968929451379,2,0,0,0,0,0,0
30,7,58.927677154541016,92730,1,1.6302109187697282,1,0,1,0,0,0,0
35,5,79.2236557006836,92119,1,2.665792721314204,1,0,1,0,0,1,0
55,29,109.08116912841797,92825,1,0.2602366166445454,1,398,0,0,0,0,0
36,7,51.85797882080078,94782,3,0.6251061109743589,3,312,0,0,0,0,0
50,36,146.6192626953125,95185,4,4.417803654257092,1,0,0,0,0,0,1
35,13,165.24594116210938,91727,2,2.119740657245135,1,0,1,0,0,1,0
36,15,102.68932342529297,94762,1,0.6853950205496689,3,395,0,0,0,1,0
35,9,66.6385269165039,94733,4,1.502412668373258,1,0,1,0,0,1,0
36,3,31.672372817993164,96010,4,0.8184094398736905,1,0,1,0,0,1,0
53,20,104.2957992553711,95417,1,2.2169645664136284,1,0,1,0,0,1,0
49,21,71.39519500732422,94358,1,1.3270655881817721,1,163,1,0,0,1,0
51,25,47.276039123535156,90442,1,2.830292733776062,1,0,1,0,0,0,0
53,28,60.77467346191406,92166,1,1.9601776356083724,3,0,0,0,0,0,0
61,41,48.7877197265625,92758,4,0.5729451302246108,1,122,0,0,0,0,0
59,36,40.96189880371094,90473,2,0.12311945579305067,1,0,1,1,0,0,0
30,7,150.137451171875,95865,1,2.80939720156137,2,0,0,1,0,1,1
65,38,71.97705841064453,95267,3,0.25276859698834103,3,102,0,0,0,1,0
26,5,16.78889274597168,92929,2,0.028939743087735947,3,115,1,0,0,1,0
56,25,79.75140380859375,94690,4,1.5062515588284533,1,94,0,0,0,1,0
43,14,59.80609130859375,90406,2,2.0211585275116315,1,178,1,0,0,1,0
54,34,27.28150749206543,94544,3,0.7445635209334618,1,0,1,1,0,1,0
45,23,61.7447624206543,90995,3,0.1549410080189186,1,0,0,0,0,0,0
57,33,159.3702850341797,94722,1,4.798939238774306,1,0,0,0,0,0,0
31,1,68.45623779296875,90508,3,0.7302232796483429,1,0,0,0,0,1,0
61,32,30.11269187927246,90423,4,7.784465276522674,1,0,1,0,0,0,0
51,26,31.260732650756836,92939,4,0.742808349925429,2,0,0,0,0,1,0
48,22,66.97434997558594,94514,4,2.416621608918104,3,0,0,0,0,0,0
46,17,136.6697235107422,92063,2,6.031094108095036,1,0,0,0,0,1,0
37,12,44.922332763671875,90791,3,1.8094396799673318,1,0,1,0,0,1,0
65,38,75.8677978515625,89947,2,0.19061177843625216,3,0,1,1,0,1,0
43,21,141.39022827148438,89887,2,9.633761925789837,1,0,1,0,0,1,0
31,4,82.31989288330078,90106,4,0.5614066636457522,3,84,0,0,0,0,0
58,27,66.46913146972656,90144,1,1.0098721978242078,2,0,0,0,0,1,0
34,8,179.04776000976562,90221,1,3.1802425653521835,1,0,0,0,0,1,0
35,11,47.75338363647461,95618,4,1.6843245605664596,1,0,0,1,0,0,0
30,8,21.18273162841797,95523,4,1.549785563648879,2,0,0,0,0,1,0
66,36,95.65831756591797,90176,3,6.2993026432056105,2,0,0,0,0,0,0
56,30,118.39705657958984,90267,1,0.33827051267605174,1,0,0,0,0,0,0
32,8,42.65189743041992,91870,2,0.002716221277263342,3,105,0,0,0,0,0
60,34,117.71746826171875,89814,2,6.455704895640748,1,0,0,0,0,0,0
54,29,31.3851261138916,95644,3,1.9122148449746115,1,0,1,1,1,1,0
52,25,27.763378143310547,95152,3,0.6204897185471797,2,0,0,1,0,1,0
64,35,42.1066780090332,90347,3,0.8515767636785602,2,146,1,0,0,1,0
36,17,81.36363220214844,94324,4,1.2677402234547637,3,0,0,1,0,1,0
60,28,13.774446487426758,91929,1,0.6642906097891591,3,0,1,0,0,1,0
46,19,81.01200103759766,94290,3,0.2966052148089454,2,0,1,0,0,0,0
58,34,37.93626022338867,96031,1,0.19622783529238066,3,0,0,0,0,0,0
31,12,64.21385955810547,91246,1,0.3210952432882681,1,160,1,1,0,1,0
30,9,47.663272857666016,92364,2,0.8109254572979686,1,0,0,0,0,0,0
64,39,53.00153350830078,90199,4,0.9794923675088061,2,0,0,0,0,1,0
53,19,45.2562255859375,95957,4,1.1539452631902298,1,95,0,0,0,1,0
59,35,33.781410217285156,94194,3,0.8005173229751219,2,0,0,0,0,1,0
34,21,27.226604461669922,95113,4,1.3412794537779922,3,134,1,0,0,1,0
27,3,115.5306167602539,95545,3,3.1029435754034544,2,0,1,0,0,0,1
56,26,11.636270523071289,93565,2,0.43812817844285584,3,83,1,0,0,1,0
32,8,53.96870040893555,92025,4,1.3936982240064297,3,0,1,1,0,0,0
41,10,105.48348999023438,92853,2,2.770862795026182,1,0,0,0,0,0,0
28,4,165.60769653320312,92307,2,2.408037916665217,1,0,0,0,0,1,0
49,30,79.38272094726562,95638,3,3.9718052678709563,1,0,1,0,0,0,0
50,18,66.29220581054688,95467,4,1.539014591848075,3,0,0,0,0,0,0
35,8,34.912086486816406,94080,1,2.5195463956398463,1,0,1,1,1,1,0
28,26,35.97890090942383,94155,3,1.3942949551299249,2,0,0,0,0,0,0
36,16,104.0181884765625,94451,4,0.3951649473328219,1,0,0,0,0,0,0
36,5,148.1556396484375,95633,2,0.5496142127147997,1,0,1,0,0,0,0
36,8,50.329559326171875,94762,4,2.064474338050203,3,0,0,0,0,1,0
44,27,64.82559204101562,90717,1,2.142833920579347,3,383,1,0,0,1,0
30,4,101.5527572631836,95384,3,1.9508757905648535,1,209,0,0,0,1,0
37,21,75.81277465820312,95323,2,1.2175466244902782,1,0,1,0,0,0,0
51,34,55.68783187866211,91872,2,0.0908176500103092,3,369,0,0,0,1,0
41,17,139.6887664794922,92209,3,1.8837256672118992,1,0,1,1,0,0,0
60,32,94.8270263671875,94582,2,1.7607514971256721,3,146,0,0,0,0,0
64,39,31.4903564453125,94324,3,0.7239986723848432,2,0,0,0,0,0,0
33,11,33.61439514160156,94935,1,2.093464388985793,1,0,0,0,0,0,0
56,35,32.18219757080078,93336,4,0.09350801814042334,1,0,0,0,0,0,0
37,15,21.434274673461914,93683,4,2.4464751244781793,2,0,0,0,0,0,0
58,35,186.33143615722656,91953,2,2.9254204651223725,1,0,0,0,0,1,0
46,27,65.81290435791016,94627,4,1.2719254842387038,2,178,0,0,0,0,0
58,31,46.7989616394043,91338,2,1.969913741543264,3,167,0,0,0,0,0
61,29,44.95850372314453,95827,2,0.16156287616396037,3,171,0,0,0,1,0
63,38,24.603893280029297,95538,1,0.3831052062116779,2,0,0,0,0,0,0
59,24,25.185169219970703,93263,1,2.8111682785806975,1,0,0,0,0,0,0
62,38,43.41952133178711,91222,3,1.5914726654010343,1,0,1,0,0,0,0
33,12,27.977909088134766,95808,4,0.06983272389090234,1,0,0,0,0,0,0
30,4,40.10322189331055,92859,3,0.6556946716818529,1,0,0,0,0,0,0
40,14,41.33903503417969,94124,2,1.0031342120715458,1,0,0,0,0,1,0
40,12,94.82575988769531,94187,3,0.535872236484769,2,211,0,0,0,1,0
64,38,19.883953094482422,95686,2,0.5594049626980715,3,0,0,0,0,1,0
60,24,67.05464172363281,90609,2,0.09474338791113557,3,0,0,0,0,0,0
52,22,42.82185745239258,93248,4,0.4360093240298404,1,0,1,0,0,1,0
28,2,70.74974822998047,95286,1,1.2538136830202666,3,86,0,0,0,1,0
44,32,43.18851852416992,94363,4,2.051211695675251,1,0,1,0,0,1,0
30,1,80.7461166381836,92147,4,2.2308549148987318,1,0,0,0,0,1,0
41,14,108.5595703125,92461,2,2.308448121027481,2,0,1,0,0,0,1
34,13,9.634733200073242,92341,3,0.562657118198821,2,83,0,0,0,1,0
39,12,35.11592102050781,90676,1,0.9307563915094295,1,0,1,0,0,0,0
32,8,68.70602416992188,91561,2,0.8993962459015563,3,127,0,0,0,0,0
43,24,206.3079071044922,94178,2,5.588610083800023,1,0,1,0,1,1,0
59,33,109.24707794189453,94494,4,2.4100712457196907,3,618,0,0,0,0,0
33,10,17.39117431640625,92571,3,1.407000260116869,3,109,0,1,0,1,0
57,27,59.03358840942383,94454,4,1.4142578299752868,3,59,0,0,0,1,0
54,37,54.45365905761719,95555,3,0.32960190145853957,2,0,1,0,0,1,0
31,3,59.9736328125,94601,4,0.2278128100209533,1,0,1,0,0,1,0
36,9,46.67087173461914,91617,4,1.1800328377888099,3,0,0,0,0,0,0
60,28,63.23963928222656,91214,3,2.7982684671097773,2,0,0,0,0,1,0
26,11,40.3469123840332,94352,1,1.311654888270681,1,0,0,0,0,1,0
59,28,70.443603515625,95208,3,0.5541625043958105,3,0,0,0,0,1,0
55,18,84.28009796142578,94802,1,0.7505301416164003,3,0,0,0,0,1,0
36,15,68.61221313476562,92040,4,0.17727747434722488,1,0,0,0,0,0,0
28,5,83.01776123046875,93979,1,3.710540861072436,3,0,1,0,0,1,0
43,22,60.170467376708984,91259,3,1.7909797002510637,2,141,0,0,0,1,0
49,17,172.67198181152344,92218,1,3.041380510155501,1,0,0,0,0,1,0
53,20,93.97907257080078,90042,4,3.5469215256208186,1,378,1,0,0,0,0
59,32,59.55381393432617,94221,1,1.9173824809795783,1,0,1,0,0,1,0
28,2,72.36370849609375,92990,4,2.179840383260076,1,0,0,0,0,1,0
55,32,109.97933959960938,96129,2,2.921207143104385,1,0,1,0,0,0,0
30,4,49.41273880004883,94690,3,1.6924759461175076,1,0,0,1,0,1,0
31,8,93.22301483154297,94347,2,1.7863569636161538,1,0,0,1,0,1,0
51,19,37.90742492675781,94222,3,0.3652952049267895,3,0,0,0,0,1,0
40,15,51.758060455322266,90104,4,2.9624694171722727,1,0,0,0,0,0,0
66,39,29.237140655517578,95821,2,1.4304817645594776,3,100,0,0,0,0,0
28,3,80.07044219970703,92884,1,2.5713961126039435,1,242,0,0,0,1,0
41,13,58.99445724487305,94584,4,2.333862964798149,1,137,0,0,0,0,0
49,9,31.021560668945312,94020,1,1.8937741172681148,3,0,0,1,0,1,0
38,4,46.930694580078125,92258,2,1.7152739756378508,2,0,0,0,0,1,0
52,24,157.4641571044922,93008,2,4.9417802189500915,1,302,1,0,0,0,0
28,10,106.48404693603516,94407,1,3.568817062586743,1,0,0,1,0,1,0
52,17,74.14115905761719,91178,3,1.5627922913894816,1,0,1,0,0,0,0
34,19,24.131498336791992,95696,3,0.6689787280176103,2,0,1,0,0,1,0
48,20,115.84473419189453,92623,2,2.3323120946856686,2,0,0,0,0,1,0
39,19,130.03207397460938,91305,2,4.54978879076094,1,261,0,0,0,1,0
64,37,45.496395111083984,96130,3,0.482046747774214,2,318,0,0,0,1,0
60,32,115.55332946777344,90328,3,2.7415582121450845,2,0,1,1,1,1,1
31,7,89.42474365234375,91952,4,1.4037093690005717,2,0,0,0,0,0,0
46,32,35.186771392822266,90456,4,1.7634026406984176,1,0,0,0,0,1,0
64,42,128.93902587890625,90248,3,0.1483331432695697,2,0,0,0,0,1,0
54,41,31.20745086669922,94873,3,0.5961989576897594,2,84,1,0,0,1,0
60,29,104.74490356445312,92132,4,1.7632607152814619,3,0,1,0,0,0,0
58,37,30.46963882446289,92158,3,0.3397416050474363,2,104,0,0,0,0,0
46,12,114.31527709960938,90036,3,1.2092143635331478,1,361,0,0,0,0,1
58,23,41.550132751464844,92571,2,1.9098634319651953,2,0,0,0,0,1,0
60,37,167.501220703125,94117,2,8.016020301285353,1,0,1,0,0,1,0
34,11,76.26972198486328,94760,1,0.21266625600597977,2,0,0,0,0,1,0
30,5,53.993858337402344,94140,1,2.353645576266201,1,153,0,0,0,0,0
52,22,81.13459014892578,90022,4,1.6992625949126452,3,0,0,0,0,0,0
50,24,64.13397979736328,95006,2,0.9383670183822859,1,0,0,0,0,1,0
41,19,14.343361854553223,91084,4,0.29214227706480234,3,0,0,0,0,1,0
62,39,59.49644470214844,92982,4,1.2498825512631342,1,0,0,0,0,1,0
45,28,28.582782745361328,90424,1,0.14809645704175642,3,0,0,0,0,1,0
56,30,27.4948787689209,93796,1,0.29759673589455304,3,0,1,0,0,0,0
49,28,77.94116973876953,90312,4,1.8095833175699125,1,0,0,1,0,0,0
36,9,72.08370971679688,91950,1,0.9243358444758732,2,0,0,0,0,0,0
58,30,26.40553855895996,91172,3,0.5881131989416323,3,0,0,0,0,0,0
53,25,22.684547424316406,95206,1,1.76499761124572,3,0,1,0,0,0,0
53,32,45.998451232910156,94174,3,1.5475719759331115,1,0,1,1,1,1,0
55,27,73.68328857421875,91372,3,1.4874597454106933,2,0,0,0,0,1,0
59,34,61.914344787597656,95943,4,1.119777981284175,2,162,1,0,0,1,0
60,39,32.04150390625,94988,2,0.21744944967285507,2,0,0,0,0,0,0
43,29,89.4588394165039,94986,2,0.9953777512020261,2,162,1,0,0,1,0
40,13,43.12482833862305,90401,1,0.31915534623385716,3,150,0,0,0,1,0
54,33,99.30048370361328,90435,3,0.22794396409968343,2,0,0,0,0,0,1
34,8,101.22319793701172,92806,2,2.634972708833287,3,0,1,0,0,1,0
56,10,135.15235900878906,92447,1,1.3560316512776684,1,0,0,0,0,0,0
45,20,101.89120483398438,94669,2,2.6729615223507435,3,0,1,0,1,1,1
58,34,171.36398315429688,91337,2,2.3860610820596446,1,364,1,0,0,1,0
41,19,47.59605407714844,91982,4,1.2179354802475064,3,0,1,0,0,1,0
34,9,106.19988250732422,90571,3,2.0803660175131604,1,232,0,0,0,1,0
30,19,30.17731475830078,89793,3,0.5978727692601968,2,91,0,0,0,1,0
37,17,60.203128814697266,95397,4,2.2202199209666498,1,0,0,0,0,1,0
41,8,75.34033203125,92215,3,0.20981139570707608,2,363,0,0,0,1,0
59,28,96.41863250732422,94798,4,2.9972510829837464,3,0,1,0,0,0,1
32,5,54.33744812011719,94007,3,1.7203262840590638,2,0,1,0,0,1,0
25,2,143.02125549316406,95115,2,2.637322745578356,2,0,1,0,0,0,1
36,32,96.58366394042969,91138,2,2.1439786715692835,1,407,0,0,0,1,0
45,25,65.23591613769531,95457,1,2.2643008075580235,2,0,0,0,0,0,0
31,0,102.45391845703125,91603,2,1.3308104818787627,3,0,0,0,0,1,0
63,35,40.5479621887207,96346,3,1.0179851433625573,2,0,0,0,0,1,0
39,14,33.86606979370117,95839,4,0.36852950921594163,1,0,0,0,0,1,0
60,33,82.11567687988281,90517,2,1.2090910707401141,3,0,0,0,0,1,0
27,2,66.91534423828125,95366,4,1.5836888211987084,2,154,0,0,0,1,0
52,26,148.95068359375,94612,2,4.005180349714774,2,0,1,1,1,1,0
53,36,30.369495391845703,94482,1,0.8921966454936844,1,0,1,0,1,1,0
53,32,108.76453399658203,91402,1,6.000898124151662,2,201,1,0,0,0,0
46,24,127.24266052246094,92802,4,2.773269854690096,2,0,0,0,0,0,1
44,15,32.59203338623047,93033,1,0.006536263726501901,1,0,0,1,0,0,0
60,37,69.58155822753906,94957,1,1.2740823552657248,1,217,1,0,0,1,0
55,19,166.23634338378906,92603,1,5.43095340808334,1,330,1,0,0,1,0
30,7,41.80536651611328,93502,3,1.7017311851144703,3,92,0,1,0,1,0
29,2,27.794748306274414,91836,3,0.5643558659904291,2,0,0,0,0,1,0
31,5,62.34720230102539,96502,2,3.755809152190318,3,0,0,0,0,0,0
33,10,41.703948974609375,94027,2,0.18809530404448283,3,0,1,0,0,0,0
59,26,84.98008728027344,95985,1,2.6599290244133518,2,233,0,0,0,1,0
41,5,25.505752563476562,94577,2,2.72948451580248,1,0,0,0,0,0,0
42,13,109.73759460449219,91671,3,2.076938586204281,1,0,1,0,0,0,0
57,31,34.55615234375,93287,1,0.12977926180246785,3,0,0,0,0,0,0
39,28,216.32498168945312,92960,1,8.852904428625594,1,0,0,0,0,0,0
30,8,73.08672332763672,95082,2,1.842339751154831,1,0,1,0,0,1,0
47,19,43.01738739013672,94799,1,1.9722963586163038,2,0,0,0,0,1,0
29,8,71.96833801269531,95421,4,2.630361481357349,3,129,0,0,0,1,0
30,3,142.62957763671875,90306,4,5.460853218426365,2,459,0,0,0,0,1
41,15,161.2928009033203,90252,3,3.318271691890736,1,0,0,0,0,1,1
40,15,31.30467414855957,93383,4,0.18485742335201333,1,0,0,0,0,1,0
44,16,42.24338150024414,94972,1,2.654533673714216,3,103,0,0,0,0,0
37,4,55.913330078125,92928,2,1.3183446552555889,2,0,0,0,0,1,0
52,26,171.96006774902344,94717,1,2.860809423820717,1,270,0,0,0,1,0
57,33,141.5432586669922,92376,2,0.3401409382505057,1,0,0,0,0,1,0
42,11,97.79322814941406,93620,3,1.5584060303815666,1,0,1,0,0,1,0
60,37,196.8065185546875,95817,1,7.380523243549397,1,0,0,0,0,1,0
31,5,94.35950469970703,95295,2,3.401887732058808,1,0,0,0,0,1,0
54,19,98.30242919921875,91349,1,2.2253604759818115,1,0,1,0,0,1,0
48,21,26.53754234313965,91296,2,0.03148613413991347,1,0,1,0,0,0,0
59,33,66.66393280029297,94513,1,2.501361891184764,2,0,0,0,0,0,0
39,6,32.42312240600586,94391,3,0.390822340859315,3,238,1,0,0,1,0
45,19,29.389068603515625,93614,1,1.8441213294308778,2,0,0,0,0,1,0
55,37,124.1834945678711,91978,2,2.228898009648089,1,0,0,0,0,1,0
39,16,21.165054321289062,90110,3,0.6035936021176296,2,99,0,0,0,1,0
57,25,79.40971374511719,95202,2,2.5200391408568703,1,0,1,0,0,0,0
58,35,56.294151306152344,94912,3,1.7753162513631682,2,0,0,0,0,1,0
39,16,51.11069869995117,93022,2,1.8284592356147045,3,104,1,1,1,1,0
40,10,71.7213134765625,91646,3,0.4498045397216308,1,117,0,0,0,1,0
35,20,62.32944869995117,94817,4,2.0559671852874497,3,0,0,0,0,0,0
58,32,66.20133972167969,95372,2,0.5190420276174996,1,0,0,0,0,1,0
46,19,70.14238739013672,93905,2,0.5870139271740219,1,0,1,0,0,1,0
58,27,14.569659233093262,93122,4,0.8920262836193661,3,94,1,0,0,1,0
51,24,43.90260314941406,95160,4,1.1333388396907123,2,224,0,0,0,1,0
51,23,94.98478698730469,95211,2,2.9822587289768974,2,0,0,1,0,0,0
62,25,89.6243667602539,94525,2,8.066240065853586,1,391,0,0,0,1,0
54,27,48.39631271362305,94131,4,0.7448444155573302,2,0,0,0,0,1,0
49,17,38.53812789916992,94128,1,5.3779979675637675,1,0,0,0,0,1,0
40,16,32.52374267578125,92054,3,0.7848025702797157,1,0,0,0,0,1,0
29,2,61.119659423828125,91638,3,3.212008221485339,1,0,0,0,0,1,0
53,28,45.687660217285156,94665,2,1.1129441507787963,2,0,0,0,0,1,0
30,7,48.314979553222656,90463,4,1.4502650873372769,3,0,1,0,0,0,0
26,4,142.62728881835938,94717,2,2.5188960511123657,1,0,1,0,0,0,0
35,10,14.731498718261719,93674,4,1.0458791226664022,2,0,0,0,0,1,0
56,30,68.37937927246094,95529,1,7.2893218189655,3,0,0,0,0,1,0
33,10,38.695281982421875,91027,3,0.990977505964896,3,0,0,0,0,1,0
29,8,51.62138366699219,93372,4,0.5307339618471079,1,0,0,0,0,1,0
62,35,27.320331573486328,92997,3,0.7642307806935068,3,0,0,0,0,1,0
48,17,101.74906921386719,92156,2,1.877939473489568,2,0,1,0,0,1,0
38,11,205.15065002441406,92349,3,6.628431014722457,1,294,0,0,0,1,1
55,39,114.82500457763672,92016,4,1.2418344493412181,1,0,0,0,0,0,0
52,13,117.970703125,92197,1,0.5353787891077603,1,0,0,0,0,1,0
44,23,35.36862564086914,93943,3,1.8461700675274568,3,171,1,0,0,1,0
35,8,42.5716552734375,92821,4,0.841532765355105,1,0,0,0,0,1,0
53,25,66.20838928222656,93025,1,5.431687812152729,1,0,0,0,0,1,0
58,36,58.09840774536133,90464,2,0.563867216944077,1,0,0,0,0,1,0
25,0,114.250244140625,95714,2,5.189045947429284,1,0,0,0,0,0,0
46,31,15.612251281738281,96121,3,0.6019903690324819,1,0,1,0,0,1,0
53,26,34.68563461303711,95611,1,0.44370933642384724,3,135,0,0,0,0,0
52,22,92.84728240966797,95023,4,2.8023921581369096,3,317,0,1,0,0,1
35,10,17.336082458496094,92093,1,0.05444293666243796,2,0,1,0,0,1,0
39,24,77.9203109741211,94579,1,0.6765052434382035,3,256,0,1,0,0,0
27,2,57.5240478515625,93164,2,0.09179063496381232,1,0,0,0,0,0,0
48,20,121.9241943359375,95290,3,2.2275113852721615,1,0,0,0,0,1,1
42,14,42.57967758178711,95922,1,1.0484943799059454,1,0,0,0,0,1,0
39,15,58.02425003051758,92101,4,0.789982310414015,2,0,0,1,0,0,0
31,5,19.519981384277344,93231,4,0.6556885111835842,2,0,0,0,0,1,0
32,1,197.02236938476562,91946,2,6.540962512793522,3,0,0,0,0,1,1
44,21,78.92736053466797,94686,4,5.880612551819134,2,0,1,0,0,0,0
37,14,167.61871337890625,94185,2,4.6034342217855695,1,0,1,1,1,1,1
38,15,68.39649963378906,96358,2,2.158716198502426,2,0,0,0,0,1,0
38,22,45.5274658203125,95894,4,3.6658312275106892,1,0,0,0,0,0,0
36,14,141.91696166992188,89978,1,2.9943345912320254,1,420,0,0,0,1,1
30,6,12.657818794250488,91872,4,0.4377308472585965,3,0,0,0,0,1,0
32,9,105.24560546875,92031,3,0.3705679714034502,3,0,0,0,0,0,0
41,13,77.91216278076172,94240,3,1.773357816783713,2,143,0,0,0,0,0
28,13,43.62168502807617,94545,4,0.5905454223295511,3,0,0,0,0,0,0
40,17,15.852265357971191,92658,4,2.562431028796245,1,0,0,0,0,1,0
49,15,56.72048568725586,96038,4,3.839680366735208,1,127,1,0,0,0,0
63,37,25.10405158996582,90307,3,0.7080340344784104,3,177,0,0,0,1,0
61,37,50.76947784423828,94227,3,0.8406922816614529,3,0,1,0,0,0,0
61,40,71.52017211914062,91905,3,1.7117630691066503,1,158,0,0,0,0,0
36,3,67.50695037841797,92194,3,1.807154616901632,2,0,0,0,0,1,0
48,33,83.79044342041016,92257,2,1.0856370678835927,3,222,0,0,0,1,0
57,37,26.934600830078125,89918,4,1.957299180225249,3,0,0,0,0,1,0
61,32,143.3599853515625,91925,1,2.6066309843505815,1,0,1,0,0,0,1
35,10,50.286930084228516,90467,4,2.034467704762859,3,154,0,0,0,1,0
52,19,64.69145965576172,95387,2,0.529924331998869,1,0,0,0,0,1,0
58,32,90.31311798095703,92299,2,3.4010198600443067,2,0,1,0,0,0,0
31,6,23.969484329223633,91958,4,0.43781755522402555,1,551,0,0,0,0,0
37,13,128.1273193359375,95419,2,0.41695161232252126,1,290,1,0,1,1,0
60,31,58.01515579223633,93022,1,1.8238303230999167,2,208,0,0,0,1,0
31,5,51.542724609375,91833,2,0.7265604967312391,2,122,0,0,0,0,0
63,37,16.07750701904297,93554,1,0.9919163323745339,2,108,1,0,0,0,0
28,4,193.54762268066406,90671,1,2.9911229177057326,1,371,0,0,0,1,1
28,5,91.46916961669922,91707,2,4.356698377836759,3,0,0,0,0,0,0
42,16,158.38528442382812,94495,2,4.5218821365167114,3,0,0,0,0,0,1
43,20,86.81095123291016,91275,2,2.2526433691515653,1,0,1,0,0,1,0
55,23,16.24103355407715,93332,4,0.9811396302652758,1,0,1,0,0,1,0
43,21,100.11027526855469,90162,2,0.9766310989429894,2,0,1,1,0,0,0
48,11,61.855072021484375,90175,2,1.592845659039825,3,0,0,1,0,0,0
34,25,35.186492919921875,94329,2,0.23578684645640852,1,0,0,0,0,0,0
49,26,114.71742248535156,91898,1,2.3693864686585733,1,0,0,0,0,1,0
37,18,104.36934661865234,94737,3,2.643388101216933,2,626,0,0,0,1,0
38,19,121.62654876708984,95208,1,4.8580857970874405,1,337,0,0,0,1,0
42,19,61.70983123779297,91084,2,1.6443162599813186,3,0,0,0,0,0,0
54,18,43.38297653198242,92624,4,1.185722640326312,3,0,1,0,0,0,0
30,6,29.220834732055664,91430,2,0.6360700377503903,2,102,1,0,0,0,0
65,39,112.50889587402344,94771,4,1.84208686060696,1,0,0,0,0,1,0
51,25,26.6214599609375,91822,2,1.985221726805526,2,0,1,0,0,1,0
53,17,47.85612106323242,92112,2,2.8445689791357145,3,0,0,0,0,1,0
42,17,41.27069854736328,94817,3,1.082096126228401,1,0,0,1,0,0,0
62,36,51.02769088745117,91734,1,0.9462444621864031,3,0,0,0,0,0,0
52,26,15.442621231079102,94866,4,0.17305782112749846,2,0,1,0,0,1,0
62,29,80.14826202392578,94406,2,1.529706073398025,3,0,1,1,1,0,1
49,29,85.48385620117188,91585,3,0.8463572304447932,1,0,0,0,0,0,0
55,28,74.64627838134766,92755,2,2.3957124717599987,2,143,1,0,1,1,1
40,30,15.098541259765625,95476,3,0.2081636929150158,2,0,1,0,0,1,0
40,25,145.54705810546875,94320,4,3.1545471543331147,3,0,0,0,0,1,1
37,4,38.74165344238281,94670,2,2.2736119862785986,2,0,0,0,0,1,0
38,6,171.95199584960938,91537,2,2.906287788607674,1,0,0,0,0,1,0
55,28,30.555030822753906,90370,4,1.1170125312630403,3,0,1,0,0,0,0
31,4,68.52865600585938,91345,3,0.2913321377774958,3,0,0,0,0,0,0
32,6,89.26060485839844,92515,1,6.0941826405499295,3,137,1,0,1,1,0
34,12,25.943153381347656,90782,1,3.07514483155553,2,128,0,0,0,1,0
40,12,203.64071655273438,90046,2,7.690158645151617,1,0,1,0,0,0,0
24,1,81.65299224853516,95460,4,2.5606825651415055,2,129,0,0,0,1,0
31,3,38.273345947265625,92379,4,0.9113475444422058,1,0,0,0,0,0,0
32,4,43.143558502197266,91642,1,0.8437773266599192,2,0,0,0,0,1,0
62,12,23.55600357055664,94954,3,0.8178105317904029,2,0,1,0,0,1,0
54,22,17.09971809387207,93839,3,0.3197727276115775,2,0,1,0,0,0,0
32,11,12.473062515258789,95338,1,0.8202351187273427,3,0,0,0,0,0,0
41,18,68.24380493164062,94568,3,0.4638838672282423,3,150,0,0,0,1,0
63,38,162.44615173339844,90257,1,1.9767191378845113,1,0,0,0,0,0,0
30,10,37.58032989501953,91051,3,1.1915168021201539,2,0,0,0,0,1,0
29,4,66.88296508789062,95219,3,1.7306910809167726,2,0,1,0,0,0,0
61,37,28.336305618286133,90604,3,0.18495388564975163,2,0,0,0,0,1,0
37,16,81.17575073242188,92717,1,2.4857771074249757,1,340,0,0,0,0,0
59,33,48.30303192138672,91372,1,0.2205435956957681,3,0,1,0,0,1,0
65,38,139.43096923828125,90061,2,5.846904902120636,1,0,1,0,0,1,0
65,30,71.21247863769531,92932,2,6.312987609102993,1,0,0,0,0,0,0
46,17,45.4448127746582,93898,2,0.3764634446033851,1,0,0,0,0,1,0
30,5,108.84571075439453,90143,2,3.0633338288701046,1,0,0,0,0,1,0
48,36,54.139869689941406,96350,3,1.779903962204109,1,0,1,0,0,0,0
46,28,29.862667083740234,94430,1,0.06237767050763862,3,0,0,0,0,0,0
30,7,47.30385208129883,94368,1,3.7830833205914947,2,0,0,0,0,1,0
59,25,139.25616455078125,93107,4,7.198258874877133,2,0,0,0,0,0,0
61,36,61.75127410888672,92856,2,0.3284097461843799,2,0,1,0,0,1,0
31,12,113.50909423828125,92150,3,4.825211973427215,3,0,0,0,0,1,1
46,34,50.321048736572266,92851,1,2.0467570937520976,3,0,0,0,0,1,0
33,7,12.501965522766113,93273,4,0.2340850475546076,3,103,0,0,0,1,0
35,16,172.71185302734375,94932,3,2.700103683715048,3,157,0,0,0,0,1
41,11,104.61064910888672,94638,2,1.452648764074517,3,125,0,0,0,1,1
57,33,167.48773193359375,93134,3,5.878408632653483,3,0,0,0,0,1,1
41,32,118.36516571044922,93831,1,3.2311691990172173,2,0,0,0,0,0,0
43,4,190.9644317626953,91895,1,5.1841726675086175,1,0,0,0,0,0,0
38,6,59.61527633666992,90039,3,1.349577836672236,3,0,1,0,0,0,0
35,10,68.8114242553711,92194,4,2.5520687942649323,3,0,0,0,0,0,0
56,29,80.25311279296875,90402,3,2.0958661918446904,2,0,1,1,0,0,0
45,33,47.91547393798828,91111,3,3.162402107952772,2,0,1,0,0,0,0
40,15,101.1502456665039,96043,3,0.1538863830867194,1,0,0,0,0,1,0
42,15,37.3363151550293,95224,1,0.4696596201736443,1,166,1,0,0,1,0
58,34,14.824833869934082,90472,3,0.7869890914139782,2,0,1,0,0,1,0
32,15,87.7817153930664,92064,2,1.0824598305914803,1,0,1,1,0,1,0
44,22,82.68807220458984,94337,2,1.9353381760100423,1,0,0,0,0,0,0
36,20,134.79153442382812,91645,1,4.315402775543691,1,0,0,1,0,1,0
44,25,54.43804931640625,94270,2,0.7265551639189622,2,152,0,0,0,1,0
34,5,11.333395957946777,94758,4,0.5568210840612313,1,65,0,0,0,0,0
35,15,65.76153564453125,90326,3,0.35655711571687787,3,0,1,0,0,1,0
59,31,43.935909271240234,94780,1,0.41858037384274716,1,216,0,0,0,0,0
59,35,116.66812896728516,92221,2,6.611462475624885,1,280,1,0,1,1,0
61,36,111.88909149169922,91418,3,1.6477092596612397,2,0,0,1,0,0,0
32,4,113.5554428100586,92268,4,3.7543270188746263,2,0,0,0,0,1,0
34,24,43.91407775878906,96145,4,0.643479273209044,2,0,0,0,0,1,0
52,31,48.28726577758789,93074,1,0.5779134264065966,1,102,0,0,0,1,0
44,21,23.866731643676758,90862,4,0.028979364787671102,1,120,1,0,0,1,0
59,39,85.21862030029297,94638,4,3.3983546795963067,1,283,0,0,0,0,1
40,20,44.36217498779297,92022,1,2.756839559740234,3,0,1,1,0,1,0
46,20,30.791316986083984,92439,2,0.27021072184653366,3,150,0,0,0,0,0
27,1,120.64649963378906,92624,4,1.2368029743671665,2,0,0,1,0,0,0
27,9,93.92411041259766,93206,2,0.16406973306499245,1,394,0,0,0,1,0
26,-1,39.26338195800781,92946,1,0.33474678635880695,1,0,0,0,0,0,0
31,10,100.1415023803711,94099,2,0.4046105595685665,1,0,1,0,1,1,0
50,21,52.34034729003906,92125,4,1.107662965671794,1,0,1,0,0,0,0
52,22,12.43419361114502,95029,3,0.6868514545383372,2,0,0,0,0,1,0
49,16,76.45690155029297,92359,1,1.4529068264303713,3,298,1,0,0,0,0
48,15,124.5222396850586,94083,4,1.3409976455528514,1,0,0,0,0,1,0
41,21,65.6197280883789,92316,3,0.30308626200632255,1,128,0,0,0,0,0
28,11,83.88214874267578,90465,1,3.8776710448238942,3,130,0,0,0,1,0
39,15,48.50779724121094,91073,2,0.12851747607557149,2,0,1,0,0,0,0
47,20,112.27713775634766,93257,1,3.7474875288524836,1,255,0,0,0,0,0
29,7,41.7407112121582,93410,4,1.8197122913582071,3,173,0,0,0,0,0
48,29,126.13151550292969,94761,4,0.6444350933741103,1,0,1,1,0,0,1
47,26,31.606216430664062,95061,2,1.3563250909699827,1,0,0,1,1,1,0
63,34,56.77726364135742,92032,2,1.783641018965562,2,120,1,0,0,0,0
29,14,19.845993041992188,95557,4,0.249993980646325,2,0,0,0,0,1,0
43,8,132.6226043701172,95010,1,5.502379901076989,1,0,0,0,0,1,0
61,30,96.54560852050781,94565,4,3.9356207245147337,1,0,0,1,0,1,0
38,9,148.64739990234375,91569,1,3.304523057744807,1,290,1,0,0,1,0
66,40,41.63572692871094,95219,1,0.5867800907680236,2,0,0,0,0,0,0
50,29,52.296142578125,92060,3,0.8673233984945808,2,0,0,0,0,1,0
56,28,56.98263931274414,90443,3,0.869166979492327,1,80,1,0,0,1,0
43,18,66.08949279785156,93186,1,1.1413738529935948,3,0,0,1,0,0,0
63,34,84.82653045654297,95057,3,0.5686041791230876,1,0,0,1,0,1,0
24,-1,26.454648971557617,92883,3,0.3402208881508962,2,0,1,1,0,1,0
53,24,87.19258880615234,92035,4,3.838311799327725,3,101,0,1,0,0,1
48,30,49.3966178894043,95619,2,0.07841130384760692,1,0,0,0,0,0,0
34,6,60.61803436279297,94212,1,2.2134770394982684,2,93,0,0,0,0,0
32,5,43.868465423583984,95684,3,1.5161141794778445,3,0,1,0,0,0,0
30,8,117.2501220703125,92234,3,1.295893326983287,2,0,0,0,0,1,1
48,17,53.526710510253906,95234,4,2.5796337210793814,1,152,1,0,1,1,0
61,40,28.511728286743164,93868,1,0.294231321262409,1,0,0,0,0,0,0
35,9,27.345211029052734,93304,1,0.4015796818719156,3,109,0,0,0,1,0
51,18,59.05728530883789,92975,3,4.302726778328813,3,0,0,0,0,1,0
50,23,39.08912658691406,90957,2,1.2346840410620317,1,0,1,0,0,1,0
33,6,91.85269927978516,95178,1,0.49838195515643635,1,0,0,0,0,1,0
62,39,88.1666259765625,90030,3,1.4627060445331863,2,0,0,0,0,0,0
47,29,95.19737243652344,92186,2,4.149280610611441,1,0,1,0,0,0,0
59,39,74.52881622314453,92154,4,0.6030696891464948,1,100,0,0,0,0,0
37,12,77.07735443115234,93914,1,3.3130823708584347,1,306,1,0,0,1,0
45,33,25.828840255737305,90332,3,0.22254656901163894,1,0,0,0,0,0,0
63,42,57.980228424072266,91078,3,0.8649788371644958,2,0,1,1,0,1,0
30,5,87.59475708007812,95527,2,1.8476057734426234,2,0,0,0,0,0,0
49,28,45.0180778503418,93166,2,2.688165607842829,1,0,0,0,0,0,0
27,1,36.674278259277344,95827,1,1.0772255819355312,1,0,1,1,0,1,0
58,27,168.46823120117188,92379,2,9.804042533381937,1,0,0,0,0,0,0
40,8,155.84324645996094,94959,2,4.654775339193276,1,0,0,0,0,0,0
29,4,44.676971435546875,90083,4,0.6458814274982699,2,0,0,0,0,0,0
32,6,126.92344665527344,94716,2,2.811667033509172,3,0,0,0,0,0,0
50,23,62.34772872924805,90112,1,0.27367958620764976,1,0,0,0,0,0,0
62,38,44.952396392822266,90214,4,0.8174158886211726,2,0,0,0,0,0,0
28,1,138.97286987304688,94206,1,3.552522267339036,1,0,1,0,0,1,0
31,4,74.88232421875,94793,1,2.948001730424555,1,0,0,0,0,1,0
39,10,64.46064758300781,92019,2,1.6691351510489023,3,0,0,0,0,0,0
40,16,22.53590965270996,91822,3,0.8853401052138946,1,0,0,0,0,1,0
43,17,55.384971618652344,94564,3,1.031200080169096,2,0,0,0,0,1,0
62,40,26.936565399169922,92249,4,0.46120296818946704,1,0,0,0,0,0,0
61,31,136.8367156982422,90067,4,2.5840282154444774,1,201,1,1,0,0,0
52,33,99.70169067382812,94243,2,0.5101056540754497,2,0,1,0,0,1,0
29,6,146.2889862060547,92178,2,2.6714577295289628,1,0,0,0,0,0,0
47,21,25.996158599853516,96023,1,0.5842761933617544,3,0,0,0,0,1,0
38,11,53.86772918701172,94386,3,2.494273516653209,3,0,0,0,0,0,0
47,22,120.28077697753906,89904,1,0.9199698707289531,3,0,0,0,0,1,0
39,15,56.19428253173828,94266,4,0.9997442543899878,1,0,1,0,0,0,0
63,36,109.82257080078125,92076,1,1.9867709838195329,3,253,0,0,0,0,0
64,37,118.89673614501953,91609,4,1.7468088238441937,2,213,0,0,0,1,1
40,20,118.71295166015625,92469,1,0.7081325186344075,3,0,1,0,0,0,0
35,9,124.4624252319336,90443,3,1.9625953063071195,1,399,0,0,0,1,0
37,11,161.68885803222656,92804,2,1.777036848999336,1,0,1,1,1,1,0
32,7,41.05167007446289,93140,4,1.2650780383085896,3,0,0,1,0,1,0
30,12,54.93159866333008,94093,1,0.7811257586089012,2,185,0,0,0,0,0
52,35,105.94730377197266,91472,2,3.6939302122578797,1,208,0,0,0,0,0
60,37,21.103557586669922,95125,3,0.43142276710289496,2,0,0,0,0,0,0
32,8,58.73029327392578,90341,4,0.34320756274382724,3,0,0,1,0,0,0
38,22,127.05590057373047,93422,4,3.9248112350013757,2,0,0,1,0,1,1
42,4,54.185726165771484,92154,1,0.7520906178296569,2,159,0,1,0,0,0
58,34,41.72797775268555,90148,2,1.4026617799122763,3,0,1,0,0,1,0
39,18,72.2757568359375,94153,3,0.9527861570011001,1,0,1,0,0,0,0
31,11,22.12430191040039,90315,4,0.8586968093186103,2,0,1,0,0,1,0
35,11,35.80887985229492,95926,3,1.3884282064526638,3,0,0,1,0,1,0
46,32,19.11338996887207,91921,4,0.20239428151594274,1,325,1,0,0,1,0
60,36,23.19903564453125,93088,2,1.1079686054933635,3,0,1,0,0,1,0
58,39,64.24855041503906,96084,1,2.3430918612406564,2,0,0,0,0,0,0
28,1,139.87796020507812,90108,4,2.161190516066211,3,0,0,0,0,0,0
60,34,51.99314498901367,90038,1,1.5442934017566117,2,0,0,0,0,0,0
61,37,100.39234924316406,95754,1,1.5930606346117948,3,0,1,0,0,1,0
60,27,56.00324630737305,91680,3,1.419837744869815,3,0,0,0,0,1,0
35,10,73.77539825439453,92134,1,3.3147276808608517,3,310,0,1,0,0,1
50,22,70.33885192871094,95608,4,2.540651256627887,1,0,0,0,0,1,0
55,25,46.23625946044922,95657,1,2.6539111378857645,1,0,0,0,0,1,0
32,5,120.46641540527344,91557,2,0.5183058220504921,1,236,1,0,0,1,0
37,12,16.382158279418945,94905,1,0.04292133185788677,2,0,1,0,0,0,0
63,32,128.80819702148438,94134,1,1.1820743626186756,1,0,0,0,0,1,0
45,15,81.19434356689453,94373,4,2.559303368624237,1,0,0,0,0,0,0
31,12,24.018362045288086,95609,4,0.5428228494881492,1,0,1,0,0,1,0
53,22,189.96652221679688,94537,1,3.4580498859051927,3,0,0,1,0,0,1
42,17,54.51593017578125,94660,4,1.8579157222718692,2,0,0,0,0,1,0
38,12,97.24800109863281,90382,2,0.8188410800829065,1,0,0,1,0,0,0
45,33,91.29471588134766,96209,2,3.0751772795777517,3,269,0,0,0,1,0
47,19,109.97874450683594,94636,4,1.8199105189930358,1,0,1,0,0,1,0
35,6,60.93259811401367,91314,4,1.624122912482927,3,0,0,0,0,1,0
27,9,31.24013900756836,94161,3,1.6408121943767169,2,0,0,0,0,0,0
48,17,133.10037231445312,90327,1,1.6407039197748932,1,0,1,0,0,0,0
55,28,98.76009368896484,95569,4,1.9993208160894582,3,181,0,0,0,1,0
39,13,50.480003356933594,94492,4,3.007946179527207,3,0,0,0,0,0,0
38,21,46.14141845703125,92559,2,0.6801205653737469,3,0,0,0,0,1,0
45,16,37.434532165527344,90099,4,1.3595144478763406,2,0,0,0,0,0,0
42,27,44.44990158081055,93128,3,2.8735895979005326,2,143,0,0,0,1,0
60,28,56.94710922241211,95257,2,2.0135364051870397,1,0,1,0,0,0,0
35,11,40.945106506347656,95935,4,2.573749823947635,2,0,0,0,0,0,0
40,23,98.849853515625,96352,4,3.7203196314169587,2,394,0,0,0,1,0
60,34,144.31295776367188,92127,2,4.104173596522967,1,0,0,0,0,0,1
29,7,44.89178466796875,91615,1,1.795683054286605,2,102,1,0,0,1,0
41,5,19.131607055664062,93110,1,1.079530697780977,3,80,1,0,0,1,0
23,1,27.31131362915039,91090,4,1.252897379774796,1,0,1,0,0,0,0
61,38,61.42750549316406,93913,4,0.8336266988361597,2,0,0,0,0,1,0
54,22,33.792877197265625,93101,4,2.6392698278022904,1,151,0,0,0,1,0
29,16,55.15467834472656,94136,2,0.34764387436696687,3,85,0,0,0,0,0
32,7,25.268138885498047,92000,2,0.6241009649149909,3,0,0,0,0,1,0
67,39,64.04826354980469,95214,2,0.33573822463511577,1,0,0,0,0,0,0
28,10,76.83719635009766,95052,2,0.01261078682898853,2,485,1,0,0,0,0
49,31,91.58448028564453,91256,2,0.6521171336035094,1,0,0,0,0,1,0
43,17,114.95455932617188,94971,1,3.569798513432292,1,0,0,0,0,1,0
65,39,50.55066680908203,95010,3,0.7494701220711775,2,98,1,0,0,1,0
32,8,110.32403564453125,92265,4,1.055413248084036,1,0,1,0,0,1,0
24,0,39.2984504699707,89964,1,2.1456453912244577,2,0,0,0,0,1,0
44,4,142.6304168701172,94725,3,6.778343678151858,3,0,1,0,1,1,1
56,24,77.642333984375,94300,1,0.6219917276505914,3,112,0,0,0,0,0
61,40,97.64466857910156,93112,1,3.369530287441301,3,0,0,0,0,0,0
47,20,98.85310363769531,94716,1,3.235021072612645,1,0,1,0,0,1,0
55,29,61.9232177734375,95346,2,4.9891237769047425,1,0,1,0,0,1,0
51,22,24.44183349609375,92157,1,0.7486237240896467,3,0,0,1,0,0,0
31,2,40.472896575927734,96029,2,1.4869481402674776,3,271,0,0,0,1,0
48,19,52.67267990112305,90269,3,3.131045059222639,1,0,0,0,0,0,0
58,28,113.25658416748047,90186,4,1.742430089922217,2,0,0,0,0,0,1
26,2,58.75469970703125,95042,4,1.557243853431026,2,0,0,0,0,1,0
56,34,44.18259048461914,94584,4,0.4358727971860795,1,102,1,0,1,1,0
39,10,65.35490417480469,93329,2,1.0869127558033904,2,110,0,0,0,1,0
42,21,116.6942367553711,93013,1,1.3585978119333373,3,0,0,1,0,1,0
44,20,95.11628723144531,90061,3,1.3792287057082853,2,170,0,0,0,1,0
29,2,51.082916259765625,91663,3,1.7408075677155117,2,0,0,0,0,1,0
59,35,28.24883460998535,95533,1,1.7263253957675004,3,0,0,0,0,1,0
59,34,24.781904220581055,90155,3,1.9523661446550358,2,0,1,0,0,1,0
62,38,91.38002014160156,89954,2,1.3329527690925624,1,0,0,0,0,0,0
41,7,46.52156066894531,92356,2,0.41622488306756494,2,0,0,0,0,0,0
45,31,14.752645492553711,95493,3,0.2986001846737857,1,121,0,0,0,1,0
25,-2,103.46247100830078,94470,4,1.608509882254419,3,246,0,0,0,1,0
51,27,52.87477111816406,91802,2,2.260733779431349,3,0,0,0,0,1,0
54,21,111.73926544189453,90203,1,2.6084073527398934,3,0,0,1,0,1,1
55,33,38.88982391357422,95020,4,2.117858918476257,3,0,0,0,0,1,0
43,28,55.47319412231445,95422,2,0.36737141935771755,3,0,0,0,0,0,0
57,26,49.28147506713867,90224,2,1.4955518127660046,3,369,0,0,0,0,0
63,34,63.03986740112305,90944,3,1.7730636850405268,2,0,0,0,0,1,0
34,12,161.16537475585938,95114,1,3.7275195006473627,1,0,1,0,0,0,0
63,38,87.21765899658203,90253,2,1.5716506262883074,3,0,0,0,0,0,0
53,26,51.12021255493164,91223,3,1.1822107188592423,3,0,1,0,0,0,0
63,34,58.28209686279297,93952,1,1.8111819962184799,3,141,0,0,0,0,0
59,30,52.15920639038086,90080,3,1.7042603954567366,1,0,1,0,0,0,0
53,26,18.830387115478516,95269,3,0.7792888457513908,2,102,0,0,0,1,0
45,30,23.72637176513672,92274,4,1.6003490221293117,3,0,0,1,0,0,0
55,21,13.985634803771973,93501,4,1.2598202569675743,1,167,0,0,0,1,0
49,10,141.2248992919922,91620,1,1.106235095761131,1,0,0,0,0,0,0
35,6,106.76708984375,91848,2,1.2157933429033905,1,0,0,0,0,0,0
51,32,122.11229705810547,91927,2,5.795988909187187,1,368,1,0,0,0,0
29,3,53.22925567626953,95942,3,0.18298301246074422,2,0,0,0,0,0,0
33,16,163.57191467285156,90083,3,8.010607834782576,3,0,1,0,1,1,1
53,36,54.400840759277344,92134,4,1.1788742951780966,1,0,1,0,0,0,0
63,34,48.32178497314453,95187,2,1.287749424824014,3,0,1,0,0,0,0
46,16,52.874855041503906,92449,2,1.2821224851136106,2,0,1,0,0,1,0
54,31,200.98709106445312,92442,3,4.523051492347069,1,0,1,1,1,1,1
28,2,45.17817306518555,92767,4,2.0206082310117686,2,0,0,0,0,1,0
29,9,135.9456787109375,94954,1,1.1018645365505817,1,0,0,0,0,1,0
63,38,38.13580322265625,93858,4,3.3137727089121984,1,0,0,0,0,0,0
62,29,27.805633544921875,90334,4,1.8426085948012794,2,0,0,0,0,0,0
42,19,62.287418365478516,91384,1,0.4675709777019587,3,117,1,0,0,1,0
65,37,34.859764099121094,91634,3,1.4147817162459353,2,0,0,0,0,1,0
34,22,117.78583526611328,94618,3,3.112957501890651,1,0,1,0,0,0,0
43,14,41.278228759765625,91879,1,1.8874887700754461,3,149,0,1,0,1,0
44,17,41.803428649902344,91568,3,0.3003340925334572,3,0,0,0,0,0,0
34,9,54.882720947265625,91349,3,0.76877167558578,3,128,0,0,0,1,0
64,37,137.19863891601562,94117,2,3.49645110966273,3,103,0,0,0,0,0
29,0,81.40363311767578,94304,2,3.349157225158118,2,0,0,0,0,0,0
27,4,110.57955169677734,90239,2,3.740738369474216,1,0,0,0,0,0,0
61,35,62.74580001831055,91864,4,1.8672370171124455,3,0,1,1,0,0,0
34,11,111.31935119628906,91919,2,2.416775605518265,2,333,0,0,0,1,1
53,31,117.40950012207031,94767,4,5.46615556590447,1,0,1,0,0,0,0
62,32,89.3913345336914,95306,2,3.5664125939520277,3,463,1,0,0,0,1
46,18,75.04256439208984,93225,3,0.33633229583179586,2,0,0,0,0,0,0
59,37,43.09918212890625,91905,3,1.3727211392422733,1,137,0,0,0,0,0
61,37,46.74232864379883,95721,4,1.3010859782707778,1,191,1,0,0,1,0
43,17,134.1778564453125,93541,2,2.404628093387635,3,0,0,1,0,0,1
42,18,43.17774200439453,92126,4,0.7509998010316092,2,0,0,1,0,0,0
26,4,61.85466384887695,91891,2,0.6437403190846637,1,0,1,0,0,1,0
47,21,32.65993118286133,91929,4,1.5164594217084364,2,129,0,0,0,1,0
46,26,32.89032745361328,91811,3,0.4368934271686302,1,0,0,0,0,1,0
37,17,30.784088134765625,91952,4,0.7562806524391522,3,0,0,0,0,0,0
57,34,80.90570068359375,95007,2,7.2421054593066305,1,0,1,1,0,0,0
56,34,128.17515563964844,92265,2,7.414393493469372,1,0,0,0,0,0,0
26,7,115.9551010131836,95253,1,3.2662897792015473,1,0,0,0,0,1,0
36,4,29.520221710205078,92029,3,1.2258569922433502,2,0,0,0,0,1,0
58,29,64.6148681640625,93470,1,0.8333740877330182,3,154,0,1,0,1,0
63,36,151.27720642089844,91492,4,7.4685422782231,1,408,0,0,0,0,0
58,30,43.728641510009766,94744,2,2.489996790566999,1,0,1,0,1,1,0
56,23,35.393795013427734,93320,1,1.1912003772615338,3,0,0,0,0,1,0
40,19,83.24896240234375,95765,1,2.4913295905702464,1,0,1,0,0,0,0
50,19,189.79928588867188,92411,2,5.795670071361593,1,0,0,0,0,1,0
28,2,88.60337829589844,91988,1,2.085989885330934,2,0,0,0,0,1,0
37,13,99.4646224975586,91976,2,1.5608689637834074,1,0,1,0,0,0,0
39,10,74.07707977294922,95175,1,2.445574597605865,1,0,0,0,0,1,0
46,15,83.29580688476562,94506,2,0.2117614433001626,1,0,1,0,0,0,0
29,2,88.20624542236328,96049,1,5.168381081123015,1,0,0,0,0,1,1
62,37,62.73490905761719,91458,3,1.4625177582540356,1,152,1,0,0,1,0
64,36,52.4813117980957,92604,4,1.3548664894225964,3,144,0,0,0,0,0
28,6,25.28584861755371,95738,2,0.24318833500042722,1,0,0,0,0,0,0
33,13,161.76458740234375,92921,2,1.2979981132666463,1,396,0,0,0,1,0
31,7,166.091552734375,94083,2,3.047114850901652,1,0,0,0,0,1,0
41,16,78.91133117675781,94749,2,6.427091877875276,1,0,0,0,0,0,0
60,33,81.6407699584961,90218,2,2.497796696066795,3,0,0,0,0,0,0
38,23,52.40851593017578,94419,3,0.3991303587746253,1,0,1,0,0,0,0
44,19,61.74481964111328,91774,4,0.39910536127649693,3,102,0,0,0,1,0
46,22,133.5592041015625,95255,2,1.5128824263116352,1,0,0,0,0,1,0
42,27,71.14578247070312,94641,2,3.4361675652674775,3,281,0,1,0,1,0
37,4,146.61563110351562,94980,3,0.7240925466441767,2,0,0,0,0,1,1
36,5,32.389923095703125,95353,4,0.43584720157365786,2,0,0,0,0,1,0
35,12,27.06855583190918,94863,1,3.018260672516752,2,0,0,0,0,1,0
30,9,27.013303756713867,90648,1,0.8417027764323461,2,298,0,0,0,1,0
28,2,101.2136001586914,92312,3,4.366763925360617,2,0,0,0,0,0,0
55,28,50.08315658569336,91979,2,0.35133254457065277,3,97,0,0,0,0,0
28,5,16.669931411743164,93391,2,1.9949769182454378,1,193,1,0,0,1,0
31,4,187.53500366210938,94433,4,8.34091034832072,3,0,0,0,0,0,1
31,6,26.043235778808594,95183,1,0.7029741071299562,2,98,1,1,1,1,0
59,29,54.292972564697266,91934,2,0.34285502501268494,1,103,0,0,0,0,0
46,17,70.59321594238281,91332,3,0.6123798626119469,1,0,0,0,0,0,0
44,25,51.14262008666992,91488,1,1.749472654434602,3,0,0,0,0,0,0
64,42,33.394813537597656,93970,4,0.24383817907143807,3,132,0,0,0,0,0
58,26,57.57310485839844,95819,3,0.7503884187251052,3,161,0,0,0,0,0
44,6,91.0322265625,93957,2,3.898770422344325,1,0,0,0,0,0,0
58,34,62.95273208618164,92110,4,2.527521010435926,1,0,1,0,0,0,0
30,2,11.49997329711914,94490,4,0.9988741122712812,2,112,0,1,0,1,0
61,32,184.03594970703125,95823,3,1.9975945920955855,3,243,0,1,0,1,1
29,9,168.17538452148438,95421,1,6.516082630809901,1,0,0,0,0,1,0
32,7,169.7749786376953,91096,2,1.665995228185719,2,0,0,0,0,1,1
54,26,82.04731750488281,91472,2,1.5091895256824008,3,0,0,1,0,0,0
32,8,73.76287841796875,92923,1,1.1717975071019169,1,0,0,0,0,1,0
61,30,163.60565185546875,91329,3,9.545807099490037,2,326,1,0,1,1,1
54,24,62.06414031982422,95563,4,2.0034833466380535,2,112,0,1,0,1,0
52,23,38.88827896118164,91022,4,0.25984322930144327,2,0,0,0,0,0,0
42,18,81.058837890625,91978,3,2.567012244275799,2,328,0,1,0,1,0
53,29,61.0532341003418,94679,2,2.1857698178105363,2,0,0,0,0,1,0
40,11,49.977264404296875,94639,3,2.4491816729067772,1,0,0,0,0,1,0
33,7,109.53911590576172,91536,1,0.11929357819536673,1,197,1,0,0,1,0
43,22,35.14418029785156,91932,4,1.528025334853122,2,0,0,1,0,1,0
24,1,22.473533630371094,90328,1,1.211878756542261,3,0,1,0,0,0,0
51,20,37.927467346191406,94622,3,1.5142771643203778,2,0,0,0,0,0,0
54,37,90.51349639892578,92404,4,1.6472464037512753,1,0,0,0,0,0,0
52,7,48.42848205566406,95215,3,1.7968706689221938,3,0,0,0,0,0,0
63,37,161.9811248779297,92108,2,5.03003316091403,3,461,0,0,0,0,1
44,24,65.89161682128906,90266,4,2.7220859359331104,3,0,0,0,0,0,0
33,9,106.74262237548828,95621,4,0.9420652870266621,2,145,1,0,0,0,1
45,13,41.0794792175293,94023,4,0.2440200194898453,1,105,1,0,0,0,0
44,12,24.055768966674805,94599,3,0.27683991286393983,2,0,0,0,0,0,0
64,35,155.57125854492188,93157,4,1.2110831885309563,1,0,0,0,0,1,0
37,17,44.36069869995117,90592,2,8.06186824076827,1,167,0,0,0,0,0
46,23,45.9425048828125,94869,3,0.3434511150669987,2,0,0,0,0,0,0
60,32,107.63671112060547,94053,2,1.8483556430744943,2,497,1,0,0,1,0
48,26,15.334577560424805,95083,3,0.09480644286860754,1,0,1,0,0,1,0
30,9,86.12284851074219,95907,2,0.28560350317041966,1,0,0,0,0,0,0
43,20,58.78069305419922,94682,1,0.19178886333649553,1,0,1,0,0,1,0
62,37,47.119606018066406,94659,1,1.196568259718684,1,0,1,0,0,1,0
49,22,80.47227478027344,95217,3,2.7270536935598737,2,0,0,0,0,0,0
34,7,163.8089141845703,93847,2,1.4799872429868859,1,0,0,0,0,1,0
54,29,41.68950271606445,93632,1,0.6619855776410069,3,101,0,0,0,1,0
32,4,100.16197204589844,92141,2,0.3303056709577046,1,0,0,0,0,0,0
60,37,47.54804611206055,95734,3,0.924861194585891,3,155,0,0,0,0,0
34,11,63.1112060546875,91242,3,0.053776844047485894,2,509,0,0,0,1,0
53,20,42.0901985168457,91634,2,0.717588820614728,2,0,1,0,0,1,0
47,17,59.423709869384766,90442,3,1.1317871243457394,1,0,1,0,0,1,0
38,21,154.92138671875,93134,2,5.225667426365262,1,0,0,0,0,1,0
28,8,50.49928283691406,92952,4,2.4801566947828637,1,0,1,0,0,0,0
26,2,96.25157928466797,91878,1,1.8521263313296215,1,161,1,0,0,1,0
51,24,48.18575668334961,95157,2,1.2242591316334726,2,0,0,0,0,0,0
57,38,93.74609375,92708,2,0.774691422001279,1,107,0,0,0,0,0
51,10,45.25074768066406,94385,1,1.8142897814013883,2,138,0,0,0,1,0
40,31,191.7174530029297,93184,1,5.643847416737235,1,0,0,0,0,0,0
48,19,31.8361759185791,94696,3,0.9023920396336501,1,0,0,0,0,0,0
37,10,64.95504760742188,90408,4,1.0418609691017167,1,0,0,0,0,1,0
37,10,85.52618408203125,94354,4,2.707563002612809,2,0,0,0,0,0,0
64,37,138.62828063964844,90419,2,3.4149801832141726,3,0,0,1,0,0,1
41,15,50.19209671020508,93853,4,2.272499819390936,1,200,0,0,0,1,0
27,13,68.65985870361328,95933,4,1.7234467504028037,1,0,0,0,0,1,0
61,31,43.91374969482422,95322,3,1.5449252306279004,2,0,1,0,0,1,0
36,12,106.25057983398438,90434,3,2.1881548356143354,1,382,0,0,0,1,0
59,36,48.79780960083008,92165,2,1.2517576315190688,2,182,0,0,0,1,0
61,32,75.29889678955078,93214,2,1.4639436933585548,1,0,0,0,0,1,0
28,12,112.97087097167969,94027,2,2.5864611224499825,1,0,1,0,0,1,0
44,26,19.576740264892578,92850,1,0.420133956066569,3,118,0,0,0,0,0
32,8,40.161190032958984,93980,4,0.465447725224629,3,0,1,0,0,0,0
52,24,42.8309211730957,94798,2,0.6377963602346424,2,151,1,0,0,0,0
33,17,72.21340942382812,90472,2,1.4703749012207774,2,0,0,0,0,0,0
62,25,154.7153778076172,95071,1,2.764289929016118,1,0,0,1,0,1,0
58,31,211.04830932617188,91747,1,6.732139328132321,3,0,1,0,1,1,1
51,22,50.917877197265625,93167,2,0.2108135833496756,3,0,0,0,0,0,0
47,21,47.372623443603516,94580,3,0.7054370911010673,1,0,0,0,0,0,0
29,6,34.69392395019531,91997,4,1.1432187487985903,1,145,0,0,0,1,0
63,35,28.424335479736328,95515,1,0.15550088269732523,1,0,0,0,0,1,0
56,25,35.607383728027344,94203,3,2.448503212849164,2,111,0,1,0,1,0
51,29,55.1366081237793,92545,3,0.687387858113736,2,0,0,0,0,0,0
60,32,60.88502883911133,96369,1,2.1087973477973425,3,159,0,0,0,1,0
29,8,37.50798034667969,95124,1,0.8512747421078228,2,0,0,0,0,0,0
48,29,82.24967956542969,94324,2,1.2601732912357106,3,139,1,0,1,1,0
40,8,53.333866119384766,90372,4,2.0223065792444936,3,0,1,0,0,1,0
45,18,109.42139434814453,95127,2,0.2325281114229181,1,0,1,0,1,1,0
53,32,92.37776947021484,91455,4,0.9502083274385302,1,0,0,0,0,1,0
61,34,19.35335922241211,93649,2,2.4088928570951422,2,99,0,0,0,0,0
30,10,193.0926055908203,95668,1,7.118500347311878,1,0,1,0,0,0,0
52,23,50.543148040771484,92049,1,0.23070050515764787,3,243,0,0,0,1,0
36,7,48.360450744628906,90031,2,2.381823788459919,3,242,0,0,0,1,0
45,18,95.95553588867188,92777,2,2.1854867267168916,1,0,1,0,0,0,0
43,6,31.855243682861328,91518,2,0.3252527425966396,1,0,1,0,0,1,0
47,22,142.4940643310547,94844,1,2.5981626056513343,1,0,0,0,0,0,0
48,11,27.37885856628418,96249,4,2.190651772796926,3,142,0,0,0,1,0
60,30,75.80536651611328,91799,2,3.628983984822389,1,0,0,1,0,1,1
30,7,26.89957618713379,91818,3,0.5721361084502388,1,114,0,0,0,0,0
46,22,107.58670043945312,94463,2,0.7473154773246407,2,141,1,0,0,1,0
26,5,58.02987289428711,92272,1,1.2469212761850754,1,0,0,0,0,0,0
31,5,68.82994079589844,95568,1,1.6833534050167953,3,152,0,0,0,1,0
39,19,50.07270812988281,90223,3,2.4755810674226058,1,0,0,0,0,1,0
54,27,56.47705841064453,94588,4,0.6801712532829718,2,0,0,0,0,0,0
57,38,80.47586822509766,95364,1,0.18399623098580264,1,0,0,0,0,0,0
53,27,12.437714576721191,90155,4,0.20664509266653985,3,93,0,0,0,1,0
47,25,76.97661590576172,90531,4,4.073932292620173,3,0,0,0,0,0,0
49,25,52.20451354980469,90231,1,0.4103602452315605,3,0,0,0,0,1,0
50,25,70.6307373046875,91399,2,1.8632425730382456,3,0,0,0,0,0,0
52,26,43.59480667114258,94072,3,0.19540663583532542,1,0,0,0,0,0,0
29,9,47.898075103759766,90227,2,0.05932101656372546,3,0,0,0,0,0,0
32,5,66.53703308105469,91889,4,2.2950740046607017,1,578,0,0,0,0,0
62,38,32.705841064453125,90246,3,0.7353317366362203,1,0,0,0,0,0,0
45,18,149.18089294433594,93367,2,5.600618380463479,1,0,0,0,0,1,0
31,5,143.3540496826172,90561,2,7.621822970281027,1,0,0,0,0,1,0
37,29,87.91532897949219,95004,4,0.8822148572018539,1,0,1,0,0,1,1
44,24,20.51201629638672,92893,2,0.4023400160417266,1,0,1,0,0,1,0
29,9,62.51656723022461,92004,4,2.363288913629975,1,0,0,0,0,0,0
50,30,65.1989517211914,91824,3,0.3422856027770092,2,0,0,0,0,0,0
29,2,107.86476135253906,91818,3,3.9516795487242207,2,0,1,0,0,0,1
51,18,88.38175964355469,91641,4,2.5531258824865324,1,288,0,0,0,1,0
36,11,208.83184814453125,90414,2,2.617708643751177,1,0,0,0,0,1,0
49,16,73.72137451171875,92033,2,1.6323678125354895,1,0,1,0,0,1,0
38,4,15.65390682220459,93687,2,1.015182889440697,3,112,0,0,0,0,0
32,3,17.650609970092773,94270,3,0.8153458099406348,3,0,0,0,0,1,0
61,30,24.355979919433594,93708,1,0.8268706013658108,3,0,0,0,0,1,0
45,20,56.09817123413086,92133,3,1.3691488596009074,2,0,1,1,0,1,0
49,24,43.54965591430664,96114,4,0.880130298600162,3,141,0,0,0,0,0
31,0,157.68345642089844,93023,3,2.1421653794770172,2,0,0,0,0,0,1
31,6,19.328357696533203,91338,3,0.5301360124286343,2,0,0,0,0,0,0
46,31,23.897174835205078,91689,1,0.36518997434830397,2,145,1,0,0,1,0
58,29,190.29412841796875,93794,2,1.6586589791602906,1,0,0,0,0,0,0
52,31,50.825706481933594,94976,2,0.10089694418293402,1,0,1,0,0,1,0
48,18,49.52034378051758,92587,1,0.3700935985821193,1,0,0,0,0,1,0
57,36,50.32999038696289,93696,4,0.8519036708335032,2,239,0,0,0,1,0
60,35,14.163774490356445,91786,4,0.2537749777467862,3,100,0,1,0,0,0
43,13,170.8074951171875,91818,2,6.306327055944948,1,0,0,0,0,1,0
43,22,14.344623565673828,90939,1,0.12296720791318805,1,0,1,0,0,1,0
34,13,35.5737190246582,95640,3,0.4835377140797085,2,0,1,0,0,0,0
50,24,11.672744750976562,92178,4,0.0742040315696135,3,0,0,0,0,1,0
49,26,63.900665283203125,94382,3,0.7187804579482182,2,243,1,0,0,1,0
55,27,104.32611083984375,91317,1,2.554363270156394,1,150,1,0,0,1,0
47,19,61.29218673706055,92963,1,3.4842108809639654,1,0,1,0,0,1,0
59,29,80.92513275146484,92066,4,1.9338205519229046,2,179,0,0,0,1,1
28,3,35.18274688720703,92487,3,1.4009943298126517,1,0,0,0,0,1,0
63,35,202.38475036621094,95440,1,6.516598377087849,2,375,0,0,1,1,1
42,9,104.88580322265625,93707,3,8.408480679335533,1,633,0,0,0,1,1
29,2,21.190095901489258,93530,4,0.9990490588843741,3,0,1,0,0,1,0
35,0,41.938907623291016,95551,2,0.24166133938917467,2,0,1,0,0,1,0
59,28,175.24497985839844,94837,1,5.634250427296849,1,120,0,0,0,1,0
31,2,46.26471710205078,94010,2,1.1002385214598576,1,0,1,0,0,1,0
57,37,117.85137939453125,92038,2,0.10891063488053668,2,0,0,0,0,1,1
34,13,43.63727569580078,95533,2,0.24598828148739688,2,0,1,0,0,1,0
62,38,71.81820678710938,94336,2,2.5123712663477438,2,0,0,0,0,0,0
60,39,94.55488586425781,95409,2,2.056992301070527,1,0,0,0,0,0,0
26,13,185.5230712890625,92379,1,3.2202499687559643,1,0,0,0,0,0,0
35,18,99.3209228515625,90146,2,4.177662989984886,1,0,0,0,0,1,0
26,1,75.73322296142578,91869,2,1.1684002027313443,2,0,1,0,0,0,0
43,25,151.58421325683594,95395,3,1.6976326191747235,1,0,0,0,0,1,0
60,38,148.18084716796875,94676,2,7.5807150559757455,1,0,0,0,0,0,0
37,17,75.36803436279297,93218,2,0.7688887904862912,3,0,0,0,0,0,0
51,30,73.2537841796875,95472,4,2.116360600579436,3,0,1,0,0,1,0
56,25,65.94178771972656,91643,2,1.7618660842071028,1,0,1,0,1,1,0
55,23,125.57164764404297,92069,4,2.017537925738898,2,125,0,0,0,0,0
34,9,57.733673095703125,93441,3,0.49082218897138186,3,0,0,0,0,1,0
35,8,99.69685363769531,90087,1,2.502750192990643,1,0,0,0,0,1,0
40,15,27.034032821655273,96265,2,1.6158166331938104,1,0,1,0,0,1,0
49,19,61.03425598144531,95891,3,1.720848053827269,3,0,0,0,0,0,0
57,23,99.2741928100586,90972,1,1.2214795985250475,1,153,0,0,0,1,0
44,15,41.361167907714844,93863,1,0.5888696991059584,3,0,0,0,0,1,0
59,34,79.84442901611328,93335,4,2.0148316789057485,2,0,1,0,0,0,0
55,34,82.23941040039062,92757,3,0.7546091929637171,3,0,0,0,0,0,0
33,5,75.82928466796875,91230,3,0.6590411004404103,2,106,0,0,0,1,0
37,15,103.29041290283203,94573,2,0.16498974581151452,2,0,0,0,0,1,0
47,21,29.721797943115234,94761,2,0.8523411945542991,1,0,1,0,0,1,0
59,28,108.65314483642578,92208,4,5.040816341842255,1,0,0,0,0,0,0
49,15,87.36416625976562,89916,4,1.7201023190277955,2,0,0,0,0,1,0
61,34,57.9495735168457,92184,4,2.262982152956893,2,0,0,0,0,1,0
39,14,66.58418273925781,92134,3,0.09324765069081653,3,0,0,0,0,0,0
44,21,37.50440216064453,95796,4,0.5345537668469802,1,159,0,0,0,1,0
33,5,81.66973876953125,93737,2,2.937493747356291,1,0,0,0,0,1,0
42,35,83.33659362792969,92912,4,2.8329191048058378,1,0,0,0,0,1,0
45,23,74.5213623046875,92149,2,0.7616172154955798,1,0,1,0,0,0,0
50,21,198.36488342285156,95242,2,6.443687236988836,1,0,0,0,0,1,0
29,1,106.80720520019531,91910,4,0.698509118377066,1,366,0,0,0,1,0
57,34,22.077014923095703,91072,3,0.4151768440151488,3,0,1,0,0,1,0
65,37,46.01690673828125,95118,4,2.6144945261084267,1,0,0,0,0,0,0
30,1,73.11170959472656,90982,4,0.05773966528524818,1,0,0,0,0,1,0
42,24,11.528098106384277,94999,3,0.6181484421230027,2,0,1,0,0,0,0
37,11,98.4968032836914,92195,1,0.4411750064151082,3,0,0,0,0,0,1
24,3,98.22434997558594,93018,4,1.2306974443354168,3,0,0,0,0,1,0
38,12,188.2222137451172,92914,2,6.849582744240595,1,0,1,0,0,1,0
30,5,23.239667892456055,93960,1,1.4315978940497351,2,0,0,0,0,0,0
37,11,115.08241271972656,94426,3,3.601004465259362,2,0,0,0,0,0,0
53,25,24.343027114868164,95011,4,0.5239602632424881,1,150,0,0,0,1,0
56,32,74.92450714111328,94691,2,2.58873908694921,1,0,0,0,0,0,0
63,37,93.11455535888672,92987,1,0.6146670209334895,1,0,0,1,0,0,0
50,25,32.683837890625,90285,2,0.47302287505502427,3,0,0,0,0,1,0
60,32,36.64635467529297,95431,3,0.34256174661847877,2,124,0,0,0,0,0
50,26,35.70269775390625,92004,3,0.7020204871428429,2,0,0,1,0,0,0
42,18,142.05227661132812,95948,2,2.6006265164864697,1,0,0,0,0,1,1
46,21,52.551204681396484,94463,1,1.2048160380157036,3,0,0,0,0,0,0
26,5,82.86477661132812,94500,2,2.2272216382013594,1,96,0,0,0,1,0
34,13,78.82349395751953,94939,1,1.968798706025406,1,0,1,0,0,1,0
59,33,67.8718490600586,92729,4,0.5353560537828893,1,230,0,0,0,1,0
64,37,18.03120231628418,95143,2,0.7151096600971424,2,0,0,0,0,1,0
29,-1,52.88393783569336,94842,4,2.336131039902605,2,0,0,0,0,0,0
30,3,31.99843406677246,92951,4,1.8248348746107412,3,0,0,0,0,0,0
58,32,41.79658126831055,91455,3,0.15838714509667828,2,221,1,0,0,0,0
52,25,80.5011215209961,90111,4,1.9494862797676422,2,0,0,0,0,1,0
46,23,54.061012268066406,92093,4,1.1628461321706138,3,0,0,0,0,0,0
50,21,55.58555603027344,94598,4,1.5402739592884238,2,0,1,0,0,1,0
57,33,64.02555847167969,94525,2,0.43402060645051754,3,0,0,0,0,0,0
37,12,82.23075103759766,94651,3,1.7558561662700223,2,0,0,0,0,0,0
31,6,62.29080581665039,94887,4,2.198752678804027,1,0,1,1,1,1,0
35,3,162.28009033203125,95243,2,7.178580422190677,1,0,0,0,0,0,0
65,35,80.54096221923828,91505,2,2.4723844186847375,3,237,1,0,0,0,0
62,38,57.83513641357422,91270,1,1.3734972144204647,2,0,0,0,0,1,0
56,33,83.33869934082031,90219,1,0.3071793699975345,1,0,0,0,0,0,0
45,22,50.58189392089844,91978,1,0.06121099957939291,1,0,0,0,0,1,0
58,37,23.617942810058594,90424,3,0.41677220721822417,1,0,0,0,0,0,0
52,19,67.52057647705078,91510,3,0.3273902465831272,3,378,0,0,0,1,0
40,16,45.497528076171875,95086,1,2.4023703268464285,3,152,0,1,0,1,0
58,35,29.602445602416992,91431,4,0.20998177512385074,3,0,1,0,0,1,0
58,31,22.462635040283203,94930,2,0.8987283908646629,3,93,0,0,0,1,0
45,16,40.56249237060547,95440,3,2.271137637802524,1,193,0,0,0,1,0
35,7,30.612167358398438,94734,4,0.8322257736059436,2,0,0,0,0,1,0
43,21,184.7788543701172,95098,1,7.352381012684777,1,0,0,0,0,1,0
28,5,43.98361587524414,95798,1,0.8299644120434941,2,206,0,0,0,1,0
35,10,124.98626708984375,92121,2,1.0924122996609555,1,0,0,0,0,0,0
60,36,101.23542022705078,94215,1,0.3789438190263314,2,0,1,0,0,0,0
52,19,64.21615600585938,92177,2,1.4814046854760015,1,0,0,0,0,0,0
49,18,105.38753509521484,95388,4,0.8053502679173377,1,0,1,0,1,1,0
63,36,42.71870422363281,95263,1,1.6013006446635483,1,270,0,0,0,1,0
27,2,123.19596099853516,95958,1,1.6126589417399413,3,0,0,0,0,0,0
49,20,73.3982162475586,91757,1,1.0428628114466743,1,0,0,0,0,1,0
62,39,76.24827575683594,94456,4,0.5055784262837291,1,162,0,0,0,0,0
34,10,44.51324462890625,92618,2,1.666031637151976,3,98,0,0,0,1,0
36,9,55.152591705322266,91319,4,0.47367132582928684,2,149,0,0,0,1,0
41,19,60.90327835083008,94940,2,2.279737245570583,3,0,0,0,0,0,0
41,19,183.5352020263672,91232,2,1.7451823193910398,1,187,0,0,0,1,0
65,37,47.96976089477539,91721,1,1.8371828626462634,3,0,0,0,0,1,0
57,34,91.10799407958984,90594,3,1.7457541940030545,2,156,1,0,0,1,0
57,34,58.791866302490234,94130,4,0.5781906268678545,2,0,0,0,0,1,0
46,25,104.0758285522461,94347,4,3.8595280768487985,2,0,1,0,1,1,0
64,39,78.71984100341797,90421,1,1.2720687096996546,3,0,0,0,0,0,0
24,1,101.40924072265625,93056,2,0.4506094736598194,3,0,1,0,0,0,0
33,10,159.5034942626953,94006,2,7.316327428537677,1,261,0,0,0,0,0
49,26,172.72567749023438,94127,2,7.980025353023747,1,0,1,0,0,0,0
33,9,88.2115249633789,94531,2,2.3834787082201383,1,0,0,0,0,0,0
31,15,30.573749542236328,94995,2,1.6271913568738932,1,116,0,0,0,1,0
36,12,140.76171875,92810,2,3.6131918120860136,1,0,0,1,0,1,0
63,37,185.7808074951172,90096,2,3.948330259030804,1,0,0,0,0,1,0
34,7,104.29350280761719,94487,1,0.3413615523161611,1,0,0,0,0,1,0
49,22,146.50332641601562,90555,2,0.7938391699806604,1,169,0,0,0,1,0
63,38,54.66768264770508,92070,1,2.060735317958278,1,0,0,0,0,0,0
32,21,14.436213493347168,93433,4,0.7182195489875245,3,64,0,0,0,0,0
49,35,42.88494110107422,92083,1,2.261567268174764,2,0,0,0,0,0,0
41,18,126.1841812133789,92906,4,1.5657907216599305,2,0,1,0,1,1,0
45,21,84.5116195678711,92802,4,2.305194143397349,3,0,0,0,0,1,0
33,9,17.96472930908203,91160,4,0.5760554694117597,2,0,0,0,0,1,0
44,12,20.57271957397461,92762,3,0.35358122908437106,1,0,1,1,0,0,0
44,16,93.51477813720703,95762,2,6.824066610917189,2,408,0,0,0,1,1
38,9,86.749755859375,90353,3,2.963603939044531,1,200,0,0,0,0,1
48,20,89.90291595458984,89778,1,2.7395754174474947,2,0,0,1,0,0,0
50,25,25.150283813476562,93483,1,0.8535068362392981,2,0,1,0,0,1,0
63,30,22.84030532836914,92089,2,0.7388190396460053,3,0,1,0,0,0,0
42,20,148.07830810546875,93080,2,5.9932526700548925,1,0,1,0,0,0,0
42,19,49.552555084228516,94541,4,1.9082021680649341,1,0,1,0,0,1,0
59,40,53.61053466796875,95441,3,0.8484857783985164,3,399,1,0,0,1,0
42,12,18.346847534179688,94616,4,0.5091476998391475,3,161,1,0,0,1,0
38,14,19.666772842407227,94723,3,0.020043355938915042,3,0,0,0,0,1,0
25,8,24.83177375793457,91480,2,0.27751231277941574,2,0,1,0,0,0,0
40,15,64.29095458984375,90242,4,1.617303055063734,3,0,0,0,0,0,0
50,21,112.64671325683594,90103,1,2.0569710424105896,1,0,0,0,0,1,0
50,31,26.760608673095703,94576,1,0.5763132932440606,1,0,0,0,0,1,0
48,24,51.506675720214844,92442,2,0.44573169728092565,2,90,0,0,0,0,0
41,13,157.53053283691406,92503,1,3.6786321781891016,1,0,0,0,0,0,0
32,4,37.930335998535156,94473,3,0.4285385875867273,3,0,0,0,0,1,0
38,5,54.81312561035156,94191,2,0.3334033957912555,2,107,0,0,0,1,0
26,2,195.1887969970703,93978,4,2.8646649269593234,1,0,1,0,0,0,1
35,9,29.538785934448242,92155,3,0.8955881674232431,2,79,1,0,0,0,0
26,3,83.0673599243164,91824,1,3.0861022168794854,1,0,1,0,0,1,0
60,37,202.49949645996094,94565,2,4.010476863263852,2,0,1,0,0,1,1
33,3,64.76405334472656,94575,1,2.512961863319784,3,0,1,0,0,0,0
63,37,59.49823760986328,94391,3,0.9265919174260494,2,0,0,0,0,0,0
53,24,26.74466323852539,94406,1,0.8140731510540204,2,0,0,0,0,0,0
42,17,164.22320556640625,91017,1,5.128028613268725,1,147,0,0,0,1,0
40,22,102.27531433105469,92117,2,2.9122645308069255,1,0,1,0,0,0,0
48,32,132.4212188720703,94278,4,6.15854533911377,2,0,0,0,0,1,1
37,21,27.714204788208008,95847,3,0.013032885730777433,2,104,1,0,0,1,0
51,25,53.256656646728516,89725,4,1.7317625998604618,1,0,0,0,0,1,0
64,40,115.96186828613281,95496,2,2.281455139979658,3,348,0,0,0,0,0
32,5,59.9983024597168,90116,2,0.6356512564324931,1,146,0,0,0,1,0
63,37,47.98952102661133,94130,2,0.7352420636690735,3,0,1,0,0,1,0
35,13,32.39127731323242,91538,3,0.6342114112318901,3,0,0,1,0,0,0
56,29,60.962379455566406,91864,4,1.6456132322231083,3,103,0,1,0,0,0
33,8,76.54750061035156,95525,1,2.731665136707554,1,0,0,0,0,1,0
40,14,61.408668518066406,95527,2,1.1913658833487786,2,0,1,0,0,1,0
43,4,32.26580810546875,92142,4,1.460706708019251,1,0,0,0,0,1,0
30,7,35.33831024169922,95107,4,1.8593973292772863,1,0,0,1,0,1,0
26,0,120.1864242553711,94652,2,2.297661524447757,3,186,0,0,0,1,0
25,2,143.98580932617188,90745,1,5.393917786327546,3,0,0,0,0,1,1
37,13,84.366455078125,93000,2,0.7741556577156163,1,0,1,0,0,0,0
48,18,31.328271865844727,94022,2,1.7571111562666961,3,0,0,0,0,0,0
55,27,114.461669921875,91248,2,1.6707711878383895,3,0,0,0,0,0,0
32,7,79.56804656982422,94250,1,1.2089693266004777,3,0,0,0,0,0,0
61,34,72.30966186523438,94319,2,0.3110971438060861,1,0,0,0,0,0,0
28,2,32.66105651855469,92349,4,2.064506609988736,2,0,0,0,0,0,0
42,22,50.934967041015625,94511,4,0.5324160083693126,3,0,1,0,0,0,0
50,23,99.56537628173828,91550,1,3.124916428722425,1,0,1,0,0,0,0
39,20,174.42733764648438,94133,2,5.804229912586206,1,359,0,0,0,0,0
57,27,60.99285125732422,95202,3,2.966180661781226,1,0,0,0,0,1,0
31,7,36.51340866088867,94550,4,0.16351850691017458,2,105,1,0,0,1,0
38,11,94.25211334228516,92324,4,0.8864751351117622,2,118,0,0,0,1,0
62,29,108.26685333251953,90283,3,5.760820061539308,2,0,1,0,0,0,1
49,25,33.67720031738281,92336,1,2.3684399303947288,3,0,0,0,0,1,0
65,34,34.90534973144531,93973,4,1.9597866422986374,1,86,0,0,0,0,0
47,21,43.42911148071289,91096,2,2.7300385792784176,1,403,1,0,0,1,0
53,28,80.83114624023438,92822,2,3.4190252514765276,3,0,0,0,0,1,0
54,36,39.712646484375,92352,4,2.6778933126926856,3,0,0,0,0,1,0
38,19,53.506805419921875,90338,1,0.13229530487277522,1,0,0,0,0,0,0
32,9,72.37641906738281,94588,2,0.5487302859836113,1,0,0,0,0,1,0
53,30,61.405670166015625,92737,1,2.203397243315436,1,0,0,1,0,1,0
36,13,33.96614456176758,91404,1,1.1984527710767086,3,0,0,0,0,0,0
31,4,30.62455940246582,92375,4,1.083640420656664,2,91,0,0,0,0,0
62,34,20.600875854492188,92623,4,0.08331928888467716,3,101,0,0,0,0,0
38,21,92.41280364990234,92538,2,4.604152443933628,1,0,0,1,0,1,0
60,37,37.06964874267578,94773,2,6.636932864640458,1,0,0,0,0,1,0
27,0,10.518928527832031,93541,4,0.6510267217513055,3,0,0,0,0,0,0
63,35,109.55716705322266,90084,2,1.9231787138324394,1,0,0,0,0,0,0
54,11,33.64816665649414,92500,4,2.453405400487674,1,0,1,1,0,0,0
50,18,209.3694610595703,94262,2,7.267330118217673,1,0,1,0,0,0,0
27,3,67.756591796875,95425,4,0.6636129654566333,2,0,0,0,0,0,0
39,13,89.52571868896484,94895,4,3.3442905357216657,1,213,0,0,0,0,0
59,34,14.29611873626709,95177,2,0.7747012599398408,1,0,1,0,0,1,0
52,22,13.247604370117188,96183,3,1.0670442269073046,3,115,0,0,0,1,0
54,29,33.09523391723633,95790,2,2.065956359753889,3,107,0,0,0,1,0
41,13,38.84917068481445,91423,3,1.6841105997371393,1,311,0,0,0,0,0
41,18,129.3372039794922,92213,3,1.64391474036527,2,145,0,0,0,1,1
40,19,33.11803436279297,94394,3,1.3297540237737882,2,0,0,0,0,1,0
49,30,56.279117584228516,94961,1,1.6602968580979718,3,0,0,0,0,0,0
55,34,66.09691619873047,94966,1,1.2054771131900202,1,0,1,0,0,0,0
34,14,49.43640899658203,94806,1,1.7121099147790397,2,0,0,0,0,1,0
63,33,36.40406799316406,95084,3,1.0922803099378435,3,167,1,0,0,0,0
38,4,71.2803726196289,92245,2,0.7548844404641725,3,0,0,1,0,1,0
36,13,58.12599182128906,91157,4,1.2460013261106377,3,0,0,0,0,0,0
46,31,110.83794403076172,91724,2,1.8345978928275437,1,0,0,0,0,1,0
40,11,78.5755386352539,94565,4,2.737777722365241,2,0,0,0,0,0,0
33,8,139.04319763183594,90261,2,4.953083916049992,1,0,0,0,0,0,1
61,32,17.517074584960938,92237,4,0.5424438956277802,3,79,0,0,0,1,0
43,14,29.34969711303711,92836,4,0.6322448843284028,2,0,0,0,0,1,0
35,11,58.31782531738281,94549,4,2.1629282442263666,1,0,1,0,0,0,0
45,17,87.17005920410156,91432,1,0.12393269053297562,1,0,0,0,0,1,0
37,9,145.52584838867188,95418,3,3.7663784285337516,3,181,0,0,0,1,0
54,32,35.63935852050781,91617,1,1.9699578730931342,3,99,0,0,0,0,0
50,26,114.43608856201172,95211,3,0.39871817326635833,2,107,0,0,0,0,0
57,35,125.15693664550781,91168,1,1.5221244158880025,3,0,0,0,1,1,0
36,14,18.524311065673828,94504,4,0.4720910473066849,1,0,1,0,0,0,0
27,2,160.22482299804688,90478,2,5.930748437961095,2,0,1,0,0,0,1
41,18,84.66699981689453,91389,2,0.4640219831079637,1,0,1,0,1,1,0
43,22,49.694854736328125,92865,4,1.4759945897246398,3,0,0,0,0,0,0
51,31,137.8837890625,94622,2,2.9908343248675324,1,0,0,1,0,1,0
53,29,93.87548065185547,95482,2,1.9561030762783587,3,0,0,0,0,1,0
63,32,29.710243225097656,93792,3,0.3651791141274726,3,0,0,0,0,0,0
30,15,115.03478240966797,92306,2,7.403675518972676,1,227,0,0,0,1,0
49,27,48.520328521728516,94930,4,2.166289856250604,2,211,0,0,0,0,0
39,10,61.4741096496582,94658,2,2.155430064336227,3,0,0,1,0,0,0
50,34,156.633544921875,92809,3,0.44536202828753146,3,0,0,0,0,0,1
50,17,49.36992263793945,92284,3,1.385968020661689,1,0,0,0,0,0,0
42,18,62.32374572753906,92131,2,2.3593864439242576,2,109,1,0,0,0,0
52,18,44.807647705078125,92065,2,2.4671461471839633,3,107,0,0,0,0,0
50,20,48.595550537109375,91975,3,1.7803141363102157,3,95,0,0,0,1,0
40,10,147.8783416748047,92146,2,2.411264574601011,1,557,0,0,0,0,0
41,18,198.2011260986328,92457,1,2.853196623539337,1,0,0,0,0,1,0
59,30,34.42497253417969,95873,3,0.5566645258100329,2,0,0,0,0,1,0
28,2,48.676021575927734,91541,3,1.8026899303372081,2,139,0,0,0,1,0
34,10,83.52249908447266,91250,1,0.3109400817876282,1,0,0,0,0,0,0
27,1,86.183837890625,92219,4,0.05032613523511831,3,232,1,0,0,1,0
38,13,72.74874114990234,94170,3,2.1397744122642135,2,283,0,0,0,0,0
35,6,61.95537567138672,95836,2,0.3013520415331048,3,0,1,0,0,1,0
24,4,51.01617431640625,91420,1,0.8478051557690796,3,0,1,0,0,0,0
49,18,91.18500518798828,89996,1,1.3001494925745836,1,0,0,0,0,0,0
26,1,118.84854125976562,90465,2,2.9459555948019056,1,0,1,1,1,1,0
38,15,57.492393493652344,91628,3,2.6068898002930156,2,0,1,0,0,0,0
38,14,73.24654388427734,93005,1,1.824842455518903,1,0,1,0,0,1,0
43,13,84.68022155761719,94631,3,2.1679629434687424,1,0,1,0,0,0,0
43,23,31.916532516479492,94606,2,0.7963852525776536,3,0,1,0,0,1,0
48,26,34.3809700012207,91880,2,1.600696007914244,1,110,1,0,0,0,0
53,22,31.997488021850586,92778,2,0.3541433179932145,1,0,0,0,0,1,0
44,20,40.33783721923828,95783,2,1.2377251225302972,1,0,1,0,0,1,0
61,24,60.53763198852539,94566,3,1.3137426978544957,3,0,0,0,0,1,0
66,41,65.9795150756836,91191,1,2.130326570737216,1,0,0,0,0,0,0
42,15,141.4918670654297,91900,2,2.1577327667168884,1,221,0,0,0,1,0
60,28,10.806309700012207,92714,4,0.9293986425327043,3,0,0,1,0,0,0
58,18,35.86114501953125,94865,2,1.9050788999035864,1,0,0,0,0,0,0
50,28,47.1026496887207,90471,4,0.16035833118089501,1,171,0,0,0,0,0
61,36,67.73518371582031,95165,1,0.9881180080184796,3,0,0,0,0,1,0
39,9,80.63191986083984,92902,3,1.8183269584488009,3,170,0,0,0,1,0
49,19,36.73894500732422,95448,2,0.01428976932288667,3,0,1,0,0,1,0
61,32,99.1015625,94767,2,1.3975682588892184,3,229,1,0,0,1,0
47,24,177.724609375,95349,2,6.221655288221875,1,0,0,0,0,1,0
34,13,178.41712951660156,92093,1,5.894064289323387,2,0,0,0,0,1,1
37,14,40.677268981933594,92330,4,1.0482964866949205,1,219,1,0,0,1,0
64,33,17.27881622314453,90470,2,0.06350927250973157,3,0,0,0,0,1,0
59,31,36.278533935546875,92508,1,0.8277972951200373,1,0,0,0,0,1,0
49,32,135.92300415039062,94080,1,2.4330087028040586,1,0,1,0,0,0,0
55,33,45.1136589050293,92294,1,2.1462833311807037,1,0,0,0,0,1,0
63,29,22.601499557495117,93956,2,0.06793046549769707,3,101,0,0,0,0,0
34,4,57.50995635986328,94121,3,1.453908019692865,1,353,0,0,0,0,0
28,5,121.63548278808594,90475,1,6.388667549815232,1,0,0,0,0,1,0
29,3,68.12500762939453,95738,3,1.5212639266105292,3,146,1,0,0,0,0
53,20,164.55068969726562,91875,4,8.325967928581399,1,141,1,0,0,1,1
45,21,93.4739990234375,95717,1,0.1431114428352527,1,0,0,0,0,0,0
30,16,171.94009399414062,95367,1,2.5155294155983343,1,0,0,0,0,0,0
44,8,62.90214920043945,92257,1,3.6232536963888835,3,0,0,0,0,1,0
27,0,83.11582946777344,95092,4,1.3718818158839052,1,0,0,0,0,0,0
30,7,32.62309265136719,94425,3,2.491771140023829,2,74,0,0,0,1,0
57,32,19.19841957092285,93858,3,0.5393513008599051,1,0,0,0,0,0,0
38,14,39.434322357177734,94085,2,0.04572092667296351,1,101,0,0,0,1,0
31,6,146.51539611816406,94436,2,4.471537413381573,1,0,1,0,0,1,0
32,5,127.40744018554688,91862,1,1.0160319066816959,1,0,0,0,0,0,0
51,19,49.757205963134766,94201,2,0.3694200993432167,1,117,0,0,0,0,0
58,35,63.46812438964844,91522,3,2.3443251989132086,1,0,0,0,0,0,0
25,9,43.40848159790039,95714,3,0.8096813719128908,3,0,0,0,0,1,0
44,9,55.89203643798828,91620,4,1.638177179355264,2,0,0,0,0,1,0
42,4,15.535910606384277,94874,3,0.906789420061152,2,78,1,1,0,0,0
31,11,33.635154724121094,93454,4,2.156807651326413,1,0,0,0,0,0,0
47,18,62.032135009765625,91086,4,0.8342200234152529,1,0,1,0,0,0,0
31,7,67.2872314453125,94128,2,1.962931738755905,2,0,1,0,0,1,0
62,39,111.46634674072266,91902,2,2.5342869679455924,3,0,0,0,0,0,0
25,18,51.56103515625,93772,4,1.8298069512335298,2,0,0,0,0,0,0
34,10,132.56430053710938,94293,2,1.6355644824275255,1,0,0,0,0,0,0
64,38,15.986181259155273,90030,2,0.22454307484265124,3,0,0,0,0,1,0
65,37,26.44510269165039,93359,1,2.364927084924497,3,0,1,0,0,0,0
43,18,185.6602325439453,91674,2,5.720563199288388,1,0,1,0,0,1,0
31,5,109.53634643554688,90985,2,2.410777864530709,2,0,0,0,0,1,0
37,9,63.55428695678711,91429,2,0.3145264649433551,2,136,0,0,0,1,0
45,19,61.13533020019531,92199,1,1.7761836764845806,2,0,0,0,0,0,0
41,13,80.28204345703125,90556,1,4.37951308130074,1,0,0,1,0,1,0
49,24,108.18726348876953,93457,1,3.705097716099981,1,0,0,0,0,0,0
32,5,30.1643123626709,94341,3,1.8775643746498225,2,0,1,0,0,1,0
63,41,49.38077163696289,90597,3,1.8219201965151386,1,437,0,0,0,0,0
39,9,58.367958068847656,91643,1,1.9618798222127807,3,0,0,0,0,1,0
52,22,75.44640350341797,90241,1,1.793524100196617,3,254,0,0,0,0,0
53,29,42.480987548828125,95442,2,0.8785207620343392,3,230,0,0,1,1,0
46,14,15.188515663146973,95056,3,0.09591768697556619,3,0,0,0,0,1,0
28,2,29.26679801940918,91751,2,0.9703671818333938,1,0,1,1,0,0,0
53,12,23.189128875732422,93152,4,0.20343103298833465,3,0,0,0,0,0,0
44,10,48.47114181518555,91540,4,0.6592532918884328,1,169,0,0,0,0,0
50,21,74.5076904296875,92360,1,0.25980181342361,3,0,0,0,0,0,0
53,26,64.5006103515625,91103,2,1.5392854813011645,3,0,0,0,0,1,0
57,37,107.45185852050781,91243,2,1.760758959387001,1,0,1,0,0,1,0
54,27,114.67708587646484,94523,2,5.944805580586649,1,0,1,0,0,0,0
61,37,167.24891662597656,92034,3,1.0469149874008108,3,0,0,0,0,1,1
54,31,50.380245208740234,94837,1,1.704130608701033,1,0,0,0,0,1,0
53,20,128.8177490234375,90113,3,0.4111058861795882,1,209,1,1,1,1,1
28,4,55.02214431762695,91436,3,0.08017844208462305,3,94,0,0,0,0,0
41,4,83.48302459716797,94957,4,0.5328997541619406,3,0,0,0,0,1,0
41,7,42.92995834350586,92140,2,0.9777875963956052,3,247,0,1,0,1,0
47,30,20.397823333740234,94384,3,1.6158019117004885,2,0,0,0,0,1,0
61,37,52.84357452392578,95440,4,2.3990021626119318,1,0,1,1,0,0,0
39,20,133.38638305664062,93462,4,2.392765857726546,3,0,0,0,0,0,1
50,18,59.04700469970703,91896,1,0.7494764868716848,2,0,0,1,0,0,0
52,29,17.79022216796875,94100,1,0.5899659373648485,3,0,0,1,0,1,0
37,2,37.880096435546875,94982,3,3.230992119027678,2,0,0,0,0,1,0
59,35,116.27420043945312,94933,1,2.4227294844341536,1,0,1,0,0,1,1
27,1,61.873958587646484,95725,4,0.4430697781255831,1,0,1,0,0,1,0
50,23,78.86735534667969,90281,2,2.6285168964846846,2,169,0,0,0,0,0
38,7,35.13774108886719,94538,2,2.007018797452227,3,0,1,0,0,1,0
35,24,51.80059051513672,91642,2,1.8369519134638508,3,0,0,0,0,0,0
34,8,89.48114776611328,92277,3,0.8688837065808618,3,0,0,0,0,1,0
29,3,64.89407348632812,94679,1,0.7520820685667533,1,0,0,0,0,0,0
52,31,59.32307434082031,94690,2,2.5637444202061443,1,0,0,0,0,1,0
30,22,135.441650390625,90115,2,5.50286662051233,1,0,0,0,0,1,0
31,7,24.409440994262695,96117,4,0.3579072166759933,3,0,0,0,0,1,0
58,22,47.44211196899414,92636,1,0.512479660775674,3,0,1,0,0,0,0
44,15,61.825904846191406,92245,1,0.8971510533552103,2,0,0,0,0,0,0
36,12,135.71176147460938,93262,2,2.2145679742166835,1,581,1,0,0,1,0
52,26,126.654296875,93017,2,0.18278818593409776,3,398,0,0,0,0,0
50,28,86.88013458251953,91572,1,2.384774374153959,3,0,0,1,0,0,0
59,35,123.9685287475586,94075,2,2.229178023009041,1,0,1,0,0,0,0
32,10,64.22734069824219,94323,4,0.949911247331974,3,0,1,0,0,0,0
64,36,51.3409538269043,95190,1,0.7264784615247011,2,0,0,0,0,0,0
46,21,66.23629760742188,94899,1,2.0710551877245154,3,0,0,0,0,0,0
41,30,52.3372688293457,94433,3,2.49507147028273,2,113,0,0,0,1,0
52,23,60.88471221923828,93141,2,1.253991922707509,1,0,0,0,0,1,0
32,9,71.85370635986328,93077,2,1.383278704261937,1,0,1,1,1,1,0
66,37,27.84197235107422,95127,2,0.36844057787435436,1,0,0,1,0,1,0
32,6,62.75197982788086,94943,3,2.0500958156282785,2,231,0,0,0,1,0
33,4,161.36058044433594,96359,1,5.2565066584482345,3,407,0,0,0,1,1
39,22,32.151546478271484,93508,1,0.40434343871612727,3,0,0,0,0,1,0
32,6,48.83185577392578,94583,1,1.878098435267296,1,0,0,0,0,1,0
66,42,187.57022094726562,93916,2,2.606816173523748,1,0,0,0,0,0,0
63,40,38.86941146850586,95558,2,1.2100639248128595,3,0,0,0,0,1,0
46,22,58.85881423950195,94835,3,1.4083872764127534,2,0,0,0,0,1,0
28,6,51.78453826904297,92875,2,0.14315687363386345,1,0,1,1,1,1,0
28,4,49.56710433959961,91721,3,1.37390610887386,2,0,0,0,0,0,0
30,8,75.69874572753906,94675,4,3.3870986801534535,3,0,0,0,0,1,0
33,8,60.77128601074219,94565,4,0.21254496176513618,2,0,0,0,0,0,0
25,1,162.76344299316406,95114,2,1.1821995537610346,1,250,1,0,0,1,0
51,21,44.711814880371094,92901,4,4.009064009287476,3,188,0,0,0,1,0
49,23,44.54671096801758,94803,2,0.636553720680791,2,0,0,0,0,0,0
58,34,106.80103302001953,90507,1,3.5604465371890734,1,0,1,0,0,1,0
52,19,105.10160064697266,94304,2,2.7514874476007596,1,0,1,0,0,1,0
36,19,173.2855682373047,92774,4,2.3656214863192293,3,440,1,1,1,1,1
48,14,30.378732681274414,92628,4,1.3821565598469034,3,0,0,0,0,1,0
50,13,57.583805084228516,94454,2,1.7210238181561985,2,0,1,1,0,0,0
27,4,23.046619415283203,96354,3,0.2712240618875035,2,0,0,0,0,0,0
33,5,33.13755416870117,94317,4,0.44908959072979804,3,171,0,0,0,1,0
34,8,24.363235473632812,96160,2,0.7253325564615222,3,0,0,0,0,1,0
51,23,69.07681274414062,91112,1,1.582468582234917,3,0,1,0,0,1,0
45,26,60.523109436035156,89869,2,0.242340812250943,1,265,1,0,0,0,0
46,26,182.55978393554688,92783,3,5.610048195251604,3,0,0,0,0,0,1
26,5,42.50767517089844,91622,2,0.5513659105847779,3,77,0,0,0,0,0
52,23,12.42785930633545,90218,3,1.0597776887044683,3,0,1,0,0,0,0
49,29,48.27116012573242,94314,4,1.6063678137839552,1,0,1,0,0,0,0
26,4,81.63069152832031,92432,1,1.8660063017775657,2,0,0,0,0,1,0
35,16,165.33074951171875,91501,1,2.7303236426475554,2,377,0,0,0,0,1
46,26,67.93599700927734,90092,2,1.6729979328634623,1,144,0,0,0,0,0
52,23,54.206756591796875,94976,3,1.7465065054695414,1,0,0,0,0,1,0
29,8,181.87872314453125,94909,3,1.8009990758024546,2,0,1,0,1,1,1
50,18,64.92086029052734,95516,2,3.439796737805679,3,104,1,0,0,1,0
31,11,116.78781127929688,92115,2,0.7555439438056228,1,0,0,0,0,1,0
27,3,46.46611404418945,91887,3,0.6748802443872118,3,0,0,0,0,1,0
46,23,28.68644905090332,94809,3,2.6816970814772665,2,171,0,0,0,0,0
39,12,28.600400924682617,92153,3,0.19560952446776791,3,0,0,0,0,1,0
56,27,30.108474731445312,93841,4,0.617757160391621,3,0,0,0,0,1,0
31,7,115.25419616699219,95338,2,1.452068893870688,1,0,1,0,0,1,0
64,36,94.1115493774414,93227,4,5.108322963511976,3,0,1,0,0,0,0
23,0,84.2013931274414,91382,1,1.512729884728712,3,231,1,0,0,0,0
55,32,108.24317169189453,92219,2,3.568337651109421,1,230,0,1,0,0,0
31,6,47.704463958740234,91107,3,1.3380812347301774,2,215,1,0,0,1,0
25,3,24.009048461914062,91848,3,0.16028179695708863,3,0,0,1,0,1,0
38,8,23.480911254882812,94971,4,2.3717677602824763,1,0,1,0,0,1,0
54,22,72.31275177001953,94079,1,1.184026615073683,3,0,0,0,0,1,0
30,12,151.05079650878906,93025,1,1.8275358760049651,1,0,0,0,0,0,0
27,2,151.52784729003906,92105,4,1.6359937029567577,1,265,0,1,0,1,0
36,10,111.88451385498047,94289,1,2.8000664710345484,3,0,1,0,0,0,0
42,15,157.055908203125,94708,2,2.8374150797506323,1,0,0,0,0,1,0
63,34,115.09142303466797,91516,2,2.252508286610089,1,0,1,0,0,0,0
42,8,59.14582824707031,96180,3,1.215747282953967,2,0,0,0,0,1,0
60,36,14.076574325561523,92493,2,0.645575770395391,1,103,0,0,0,0,0
28,2,73.39888763427734,91997,1,1.5293498831166923,1,0,1,0,0,0,0
39,12,51.205894470214844,94152,4,1.8609529563012277,3,152,0,0,0,1,0
58,31,65.1981201171875,90241,3,2.1044881623225846,2,0,0,0,0,1,0
53,21,51.11603546142578,93228,4,0.6922408009115641,3,0,0,0,0,0,0
62,25,38.891082763671875,90511,4,3.9038775799669327,1,0,0,0,0,0,0
52,16,43.428287506103516,92412,3,2.027613189979336,1,0,0,0,0,0,0
45,34,26.102155685424805,94586,1,1.1052725493377509,1,0,1,0,0,0,0
49,18,45.667266845703125,90897,1,0.16453270259957342,1,0,0,0,0,0,0
46,13,209.6831512451172,92115,2,8.89641175663391,1,0,1,0,0,1,0
42,17,132.92062377929688,94944,1,2.257852143343091,3,0,1,1,1,1,0
34,17,68.78524780273438,90355,4,1.3336722132470267,1,0,1,0,0,1,0
26,7,210.78150939941406,89645,2,4.373487213215418,1,0,0,0,0,0,0
62,35,28.79650115966797,93552,4,2.111824615492742,1,0,1,0,0,1,0
62,39,140.02035522460938,90288,3,2.6312789265901597,2,0,1,0,0,0,1
59,32,70.12701416015625,91219,3,0.798390023297431,2,0,0,0,0,0,0
45,21,156.61279296875,95694,2,3.065596398923618,2,0,0,0,0,1,0
60,32,33.80329895019531,92111,1,2.4136882934657207,2,74,1,0,0,1,0
56,35,70.66645050048828,90256,4,2.080220089423762,3,0,0,0,0,1,0
62,36,18.588008880615234,92058,2,2.7354263627286337,1,0,0,1,0,0,0
38,5,82.41483306884766,91136,2,3.9599857034238974,1,0,0,0,0,1,0
57,36,83.94744873046875,91277,1,2.546194786785862,2,103,0,0,0,1,0
28,21,77.262939453125,94979,2,0.1935989902061994,3,129,1,0,0,0,0
44,6,44.296363830566406,93630,4,0.6584885728941525,1,0,1,0,0,0,0
52,31,34.41065216064453,92045,3,1.818839337918715,2,0,0,0,0,1,0
50,25,26.03021240234375,95639,2,0.41733611961242517,3,0,0,0,0,1,0
32,33,33.78886032104492,95307,1,0.5953086818736205,2,0,0,0,0,0,0
60,33,122.44296264648438,94023,2,0.16449621989690466,1,0,0,0,0,0,0
61,36,82.18436431884766,89907,2,1.233454485983272,3,0,0,0,0,1,0
44,24,87.87538146972656,92290,2,6.378519503584847,1,0,0,0,0,1,0
36,9,38.6489143371582,91483,1,2.0785828202805785,3,0,0,0,0,0,0
27,2,48.18651580810547,94322,4,1.4217262277744545,3,0,0,0,0,1,0
34,16,82.33869171142578,95252,3,2.659172681957057,1,0,0,0,0,0,0
53,33,110.6565933227539,91697,2,3.7707376415273486,1,0,1,0,0,0,0
41,22,129.15621948242188,94968,1,4.800030282101853,1,0,0,0,0,0,1
62,39,16.964218139648438,95210,2,0.331575835793475,3,0,0,1,0,0,0
33,15,74.38170623779297,93638,3,1.7117879526888742,1,100,0,0,0,0,0
45,25,105.44042205810547,95000,4,2.6868028788408,1,0,0,0,0,0,0
36,8,71.18734741210938,94357,3,0.5028841721786306,1,377,0,0,0,0,0
46,25,167.3165283203125,92564,2,3.873406792291043,1,0,0,0,0,0,0
54,27,43.986324310302734,95249,4,2.7845203681914907,2,0,1,0,0,0,0
39,19,162.97689819335938,91453,2,1.1746127290862862,1,0,1,0,0,1,0
38,15,32.154048919677734,91335,4,0.12275057802715203,1,111,1,0,0,1,0
50,31,163.51336669921875,90146,2,8.171082526204696,1,0,0,1,0,1,0
52,34,78.32147216796875,90851,1,0.1541071158115061,3,0,0,0,0,0,0
58,36,40.543235778808594,91577,3,2.2529320828663453,1,0,0,0,0,1,0
28,6,83.74085235595703,90463,1,2.64866887589288,2,0,0,0,0,0,0
41,18,21.58419418334961,91653,3,0.37843102244359655,2,0,0,0,0,0,0
57,33,74.77268981933594,95476,2,1.2397152420586914,1,255,1,0,0,0,0
49,33,40.233238220214844,95714,4,0.6224531573525518,2,108,0,0,0,1,0
27,2,57.075836181640625,93646,1,1.1933787830690785,3,0,0,0,0,1,0
26,27,43.204708099365234,94938,1,2.010424486098692,2,66,0,1,0,0,0
64,39,47.73556900024414,90408,4,0.22205190341959832,2,0,1,0,0,1,0
63,30,31.370990753173828,90552,3,0.6485844404070296,3,0,0,0,0,1,0
41,13,187.5019989013672,95758,2,6.168504581886458,3,0,0,0,0,1,1
59,24,62.13502883911133,93326,4,1.3644608042346835,1,0,0,0,0,1,0
55,25,89.51456451416016,95444,1,0.5263722114324925,1,0,1,0,0,0,0
29,9,49.40019226074219,93636,1,2.3989310857065105,2,121,1,0,0,0,0
49,15,91.28340911865234,90333,4,3.1912603710285268,2,0,1,1,0,0,0
37,11,70.14601135253906,91670,1,4.188729230461407,2,0,1,0,0,1,0
28,0,38.13811492919922,95051,2,0.13252204206951135,1,106,0,0,0,0,0
65,39,101.185791015625,93177,3,1.6248240340856128,3,0,0,1,0,1,1
28,15,95.67820739746094,94664,2,0.5781691048976312,1,0,1,1,0,1,0
60,25,81.39839935302734,94180,1,1.2648958467299052,3,0,1,1,0,0,1
34,14,32.63093185424805,95045,2,0.7282894803831107,2,0,0,0,0,1,0
53,25,87.35710906982422,90108,1,3.062224015465813,1,0,0,0,0,0,0
60,35,78.27496337890625,94959,4,0.7103198517391052,2,198,1,0,0,1,0
42,10,27.504270553588867,93652,4,1.0219527950943228,3,0,0,0,0,1,0
45,16,81.9814224243164,93271,1,1.6501769014689731,3,0,0,0,0,1,0
57,19,71.95146179199219,93941,1,0.8539695101210818,1,395,0,0,0,0,0
34,9,108.5745620727539,95496,3,0.9061502526502113,2,135,0,0,0,0,0
60,33,55.198448181152344,95447,1,1.652896561638804,3,0,1,1,1,1,0
33,12,51.02678298950195,92065,1,0.1724103223243876,1,0,0,0,0,0,0
44,14,74.93243408203125,93732,2,1.0863894136952155,2,0,0,0,0,1,0
55,33,89.7373046875,96278,2,5.014553583754524,1,0,1,0,0,0,0
37,26,193.90667724609375,95977,2,2.3967988172888566,1,0,0,0,0,0,1
52,30,24.888601303100586,93023,4,0.6746660488297915,1,0,1,0,0,1,0
43,17,158.13211059570312,93082,2,5.55085431237273,1,0,0,0,0,1,0
54,36,87.29925537109375,92434,4,1.5479711384804768,3,0,0,0,0,0,0
25,2,45.709571838378906,92319,4,1.3300505676481187,3,181,0,0,0,1,0
31,4,125.24111938476562,90275,3,0.8389924896563523,1,215,1,0,0,0,1
52,21,23.190719604492188,96103,3,1.1022374832995836,2,0,0,0,0,0,0
34,5,154.87893676757812,92814,4,5.587036729124981,3,315,1,0,0,0,1
38,21,63.269344329833984,92086,3,1.7018487941778109,3,143,0,0,0,0,0
42,22,211.7989959716797,91000,1,7.33295706469281,1,0,1,0,0,0,0
59,39,42.72365951538086,95275,2,2.1256408018835558,2,110,1,0,0,1,0
49,25,27.39788818359375,95836,4,1.3611333152202012,3,0,0,0,0,1,0
43,24,54.73057556152344,90209,4,1.5972273490223905,1,149,0,0,0,0,0
38,14,20.46218490600586,94702,2,0.19848498272507747,3,0,0,0,0,0,0
53,23,13.921564102172852,95499,3,0.7864481174212338,2,95,0,0,0,1,0
42,15,38.714393615722656,92212,2,1.9548380058539703,3,0,0,0,0,0,0
59,36,18.562170028686523,92817,4,0.5110613745133048,1,0,1,0,0,0,0
49,17,61.0223274230957,90508,2,7.512076803301709,1,0,1,1,1,1,0
56,32,10.465518951416016,92536,4,1.094784782978928,3,0,1,0,0,1,0
26,0,53.41610336303711,91909,3,1.6681214668542341,2,0,0,0,0,1,0
61,33,115.2269058227539,90403,1,1.9757998433160415,2,0,0,0,0,1,0
31,3,101.92649841308594,94540,1,2.871012160202283,2,0,0,0,0,0,1
53,26,86.10891723632812,90216,2,1.4392921786269754,1,0,0,0,0,0,0
31,10,23.838871002197266,90751,4,0.5719743278953874,1,109,1,0,0,0,0
59,35,82.57917785644531,93320,4,5.252238880870371,1,113,0,0,0,0,0
51,14,31.769195556640625,94509,4,0.9583980775668808,3,0,1,0,0,1,0
53,31,55.439918518066406,95524,3,2.3576009052684346,2,0,1,0,0,1,0
34,4,48.03868865966797,92951,4,2.156179417539528,3,0,0,0,0,1,0
63,37,35.731468200683594,92822,4,1.2247171511180552,2,158,1,0,0,1,0
58,33,43.68429946899414,90402,1,1.9401047563183482,1,156,1,0,0,0,0
34,11,142.7619171142578,94230,1,2.765152750987548,1,0,0,0,0,0,0
50,23,43.63345718383789,94360,2,2.2247414307657203,1,137,1,0,0,1,0
57,34,56.939117431640625,95217,3,1.6586254614300127,2,0,0,1,0,0,0
37,11,79.081298828125,91263,2,1.2268551742926221,3,0,1,0,0,0,0
60,34,62.37607192993164,90064,2,0.9972099080839163,2,0,0,0,0,1,0
58,39,11.625005722045898,93068,2,0.12306548066993059,1,0,1,0,0,0,0
48,5,92.45623016357422,95412,3,2.3286989364405537,3,0,0,1,0,0,0
54,36,57.2008056640625,92457,1,2.866766697477185,3,0,0,0,0,0,0
33,12,212.28125,92108,2,5.514287892949088,1,0,0,0,0,0,0
41,23,152.2025604248047,92115,2,1.6898862557473429,2,0,0,0,0,1,0
46,20,95.58963775634766,93884,2,0.5039148612563306,1,241,0,0,0,1,0
33,10,78.07335662841797,95608,3,0.794950217938839,1,0,0,0,0,1,0
65,39,40.981971740722656,90256,3,0.6832026165586411,2,0,0,0,0,0,0
28,3,163.13902282714844,91499,3,1.030088069487129,2,339,1,0,1,1,1
35,10,30.444168090820312,94179,1,2.506706788956062,2,0,1,0,1,1,0
38,12,54.05458068847656,93174,3,1.4602428613485394,2,0,1,0,0,0,0
62,32,78.1075439453125,92130,3,1.2004900995554337,3,233,0,0,0,1,0
50,31,114.00806427001953,92213,1,4.089971293194795,2,0,0,0,0,1,1
37,6,25.114164352416992,94481,4,2.5142460851973514,2,0,1,0,0,1,0
56,29,33.941463470458984,90915,3,2.575055716275162,2,147,0,0,0,0,0
28,6,65.02162170410156,94343,4,1.586012163479425,1,0,1,0,0,0,0
62,35,72.38716125488281,93986,2,0.46768878778608547,3,0,0,0,0,1,0
37,4,72.22037506103516,92090,1,3.2979212704212966,1,0,1,0,0,0,0
26,3,46.167301177978516,94957,3,1.1113878706192073,1,0,0,0,0,0,0
48,32,46.0062141418457,90843,4,2.68192929244492,1,159,0,0,0,1,0
49,41,73.53392028808594,90604,4,2.609396782022217,1,133,0,1,0,1,1
52,6,138.17599487304688,94221,2,4.720611103782676,1,0,1,0,0,1,1
42,25,82.3671875,91772,2,1.5342415421650943,1,0,1,1,0,1,0
26,0,61.66411590576172,94010,3,0.44345402262959044,3,252,0,0,0,0,0
42,26,41.960243225097656,91516,1,0.13192070918239546,1,0,0,0,0,0,0
63,42,46.97625732421875,94679,1,0.19152008181122862,2,0,0,0,0,1,0
53,27,78.23483276367188,95740,1,0.09915248227056847,2,90,1,1,0,0,0
45,29,129.82843017578125,94535,1,1.8208896088571054,3,0,0,0,0,1,0
58,31,15.691229820251465,92731,2,0.13821843641584367,1,0,0,0,0,0,0
60,38,48.77583312988281,91987,4,0.8703720876772614,3,0,0,0,0,1,0
55,26,33.70800018310547,94374,1,1.1345958466835442,3,0,1,0,0,1,0
36,10,26.022558212280273,95377,2,0.0694283272638192,1,0,1,0,0,1,0
43,20,18.273372650146484,95754,1,0.42562502612697833,3,0,0,0,0,1,0
27,11,14.765932083129883,95829,3,1.011811378653474,3,0,0,0,0,0,0
44,18,74.51411437988281,90098,2,3.7902945619201263,3,0,0,0,0,1,0
27,3,111.93315887451172,94148,2,0.527374960643104,3,0,0,0,0,0,0
51,15,65.34483337402344,90560,1,0.8455168599665944,2,0,0,0,0,0,0
61,34,99.22102355957031,94713,2,0.0963574331403298,3,0,0,0,0,1,0
34,11,69.34941101074219,92915,1,1.8193855629588402,3,0,0,0,0,1,0
46,13,91.8016357421875,94847,2,0.292572429587765,3,0,0,0,0,0,0
32,5,158.29100036621094,92054,2,2.7712930034941556,1,218,0,0,0,1,0
54,27,59.412025451660156,91224,1,2.4810176512076563,2,0,1,0,0,1,0
59,35,39.856040954589844,94434,2,2.671185356165629,1,0,0,1,1,1,0
36,13,145.04722595214844,92255,1,0.7439940310628891,1,154,1,0,0,0,0
51,25,34.075897216796875,93838,4,0.5652154231315272,3,0,0,0,0,1,0
39,9,37.974334716796875,92864,4,0.6581415524457547,2,0,1,0,0,1,0
57,39,105.35513305664062,91150,1,3.4524547101945586,1,146,1,0,0,1,0
45,25,52.53919982910156,95081,4,0.8779064111103287,3,0,0,1,0,0,0
65,38,97.83087921142578,94164,2,3.921695280087045,1,0,0,0,0,1,0
62,40,36.004573822021484,92017,4,1.1695968262509702,2,0,0,1,0,0,0
35,10,144.76370239257812,94925,3,6.475928069465589,3,0,0,0,0,1,1
34,2,96.75313568115234,92551,4,4.989568050121628,2,0,0,0,0,0,1
40,20,40.895408630371094,95696,1,0.20067114453494506,1,191,1,0,0,1,0
55,28,45.15217971801758,94856,1,3.1827070107228,3,0,1,0,0,1,0
47,23,170.88259887695312,95840,1,3.959778874676304,1,0,0,0,0,1,0
44,24,79.68543243408203,94892,2,1.295115669642156,2,0,1,0,0,0,0
34,12,74.6320571899414,94460,4,1.4868252471269336,1,0,0,0,0,0,0
29,5,45.475975036621094,91790,4,2.2738129254572828,2,0,1,0,0,1,0
37,10,94.75177764892578,95498,1,2.572045225581673,2,0,1,0,0,1,0
46,13,28.73006248474121,92911,3,0.16650238043911336,2,0,0,0,0,1,0
51,32,45.057254791259766,92124,4,1.096033527834245,3,122,0,0,0,0,0
45,24,196.7764892578125,90023,2,7.493097739496283,1,0,1,0,0,1,0
42,18,88.33258056640625,93181,2,1.790710209581688,3,0,0,0,0,0,0
38,17,163.72555541992188,94628,1,5.365478499053147,1,0,0,0,0,0,0
54,26,88.12303161621094,94598,4,2.4071340903061285,2,0,1,0,0,1,0
65,40,143.7421875,94663,1,1.2320242983196836,1,0,0,0,0,1,0
62,32,83.09585571289062,95838,3,0.5251957158116435,3,267,0,0,0,1,1
27,5,77.7855453491211,95675,2,2.636050144560011,1,0,1,0,0,0,0
40,17,15.158234596252441,93346,3,0.8598025061296957,2,0,0,0,0,0,0
38,7,37.94679641723633,94838,1,1.5043774224577047,2,0,0,0,0,1,0
62,37,122.658203125,95857,3,6.788017601200871,3,0,0,0,0,0,1
51,31,38.36895751953125,91073,3,1.3160897871647679,3,0,1,0,0,1,0
47,26,40.13778305053711,90641,2,2.311586990477748,2,0,0,1,0,0,0
54,26,20.775842666625977,92941,4,0.16716621710699953,3,0,0,0,0,1,0
35,20,29.589435577392578,95415,2,0.7551972429068801,2,0,0,0,0,1,0
43,18,113.62213134765625,91610,3,1.285080845238007,2,415,1,0,1,1,0
52,16,125.80519104003906,92196,1,3.3051321111419223,3,0,0,0,0,0,1
51,27,85.45455169677734,92345,3,1.036587168316018,2,0,0,1,1,1,1
38,2,22.196348190307617,90421,2,0.28401381108125995,3,0,0,0,0,0,0
42,15,58.2817497253418,95597,1,2.219523617818405,3,0,0,0,0,0,0
29,0,155.40213012695312,94608,2,2.4850818353593565,1,0,0,0,0,1,0
45,22,105.4190902709961,94351,2,4.48750999493329,1,0,1,0,0,0,0
42,25,166.366455078125,92723,3,0.5109303507141068,3,0,0,1,0,1,1
63,36,92.63269805908203,92052,2,2.3470457274886183,1,0,0,0,0,0,0
36,17,193.07931518554688,94851,3,5.0854823315822415,3,251,1,0,1,1,1
41,19,131.49061584472656,95315,2,5.464975612276789,1,0,1,0,0,0,0
46,20,115.88990783691406,91802,2,4.309704365531223,1,0,1,0,0,0,0
39,13,36.473968505859375,92289,3,0.2794446944752262,2,101,0,0,0,1,0
40,23,40.4377555847168,96251,3,0.42585881274796794,2,0,0,1,0,1,0
31,9,64.50452423095703,92762,3,0.9865864641453066,2,0,0,1,0,1,0
26,1,14.974565505981445,92955,1,0.7513804632486142,1,0,1,0,0,0,0
61,36,122.80267333984375,92193,2,1.8630220071963128,1,0,1,0,0,1,0
33,14,60.645843505859375,90351,4,3.099004460225296,1,0,1,0,0,1,0
30,4,48.54151916503906,90232,2,1.6070121345931798,3,0,0,0,0,0,0
36,9,72.34498596191406,94465,2,1.2508047993393872,1,0,1,0,0,0,0
62,38,54.819427490234375,91850,4,1.6286152250256927,2,81,0,1,0,1,0
63,41,30.949270248413086,92082,2,0.32652698057062246,3,0,0,0,0,0,0
63,32,85.28612518310547,89988,3,0.44856807437102436,1,0,0,0,0,1,0
53,23,48.82417678833008,90256,4,1.308784309329475,1,0,0,1,0,0,0
59,33,42.7200813293457,94726,1,0.8980323974965633,1,75,0,0,0,1,0
33,10,149.83969116210938,92111,1,2.490634247956812,1,0,0,0,0,1,0
45,17,33.654056549072266,94547,1,1.7139785286323201,3,0,0,0,0,0,0
45,37,105.42658996582031,92363,3,1.0160175740938868,2,0,0,0,0,0,1
39,10,75.80183410644531,91649,1,1.4770259429305463,2,0,0,0,0,1,0
46,20,21.385042190551758,92303,4,0.09970363027607682,1,0,0,0,0,0,0
30,2,23.723302841186523,94021,2,1.792543808959283,3,84,0,0,0,0,0
52,34,64.18235778808594,93907,2,0.6884371033600503,1,0,0,0,0,0,0
40,14,44.26136016845703,90156,3,0.47918364572676964,1,0,1,0,0,1,0
45,15,48.40086364746094,93708,3,2.0588667177814397,1,0,1,0,0,0,0
62,32,34.63414764404297,92925,2,0.39618973701804694,1,0,0,0,0,0,0
55,23,44.000797271728516,95547,4,0.10005214490905068,3,263,0,1,0,1,0
52,32,25.766115188598633,90405,4,1.2941612495404924,2,0,0,0,0,0,0
31,9,25.798900604248047,95280,3,0.38407271913657726,2,0,0,0,0,0,0
35,6,17.841745376586914,92319,2,0.6594277240919644,1,110,1,0,0,1,0
34,7,155.09805297851562,92031,2,0.1519889699507054,1,151,0,0,0,0,0
60,24,124.97018432617188,91972,2,2.8916738153236667,1,395,0,1,0,1,0
55,11,31.46006965637207,94914,4,1.377326897164602,3,0,1,0,0,1,0
50,33,78.9842300415039,94217,2,0.38371446316433316,3,0,0,0,0,0,0
27,0,77.6688461303711,95611,2,0.18229373525265838,1,0,0,0,0,1,0
31,2,62.366004943847656,93028,1,1.9312809788707301,3,0,0,0,0,1,0
59,30,22.930343627929688,89934,3,0.920368106417428,3,0,0,0,0,1,0
37,14,113.74974060058594,90438,2,4.999930162672759,1,0,0,0,0,1,0
64,35,135.01220703125,92665,4,2.0714849935610147,2,0,0,0,0,1,1
32,4,48.68343734741211,92132,4,1.3399843049506863,2,0,0,0,0,0,0
38,9,35.328765869140625,95515,4,0.5054792925513839,2,0,0,0,0,1,0
57,26,68.6951904296875,94445,2,2.653210348477259,3,0,1,0,0,0,0
44,28,66.50279235839844,95239,1,2.74620943004424,2,0,1,0,0,0,0
40,12,77.4808120727539,94384,3,0.6315480224803626,1,0,1,0,0,1,0
31,11,62.912662506103516,95978,1,1.488536059521677,1,0,1,0,0,1,0
39,8,49.29924774169922,95467,2,0.2985867363428622,3,0,1,0,0,1,0
60,25,49.27223205566406,92675,2,0.06587756128547467,1,0,0,0,0,0,0
47,22,175.0079345703125,90346,2,3.181885232258164,1,224,0,0,0,0,0
64,35,34.86885070800781,94754,4,0.9635515229553807,3,97,1,0,0,0,0
28,1,44.95053482055664,91453,4,0.4582975852590473,1,0,0,0,0,0,0
36,23,197.7525177001953,90380,2,5.187109549292987,1,381,0,0,0,1,0
57,33,49.463985443115234,95093,2,4.556241277187678,3,0,1,0,0,0,0
34,2,187.60775756835938,93357,1,3.5435757213579233,3,0,0,0,0,1,1
39,22,60.63130569458008,92576,2,2.194391369775694,3,243,0,1,0,0,0
43,16,121.89070129394531,96034,2,2.375404651160239,3,450,0,0,0,0,0
51,23,118.7256851196289,94516,4,1.0808332449589146,3,143,0,1,0,1,0
63,31,15.955339431762695,92175,3,0.6424964851484949,3,141,0,0,0,0,0
57,24,89.91422271728516,91189,3,1.1989408720148338,1,0,0,1,0,0,0
35,15,45.455780029296875,91602,2,2.4662262790490064,2,0,1,0,0,0,0
26,4,80.77001190185547,94070,3,0.20313441728398768,2,0,0,0,0,1,0
42,19,45.276702880859375,94602,4,0.2689099168206298,3,0,0,0,0,1,0
29,3,93.27262878417969,91993,4,2.5844616991523672,1,201,0,0,0,1,0
40,13,56.82305145263672,92850,1,6.36672821167989,1,0,1,0,0,1,0
45,16,158.3360137939453,95534,1,7.509580661180476,1,0,0,0,0,1,0
40,21,45.935302734375,94588,1,0.28217676991497376,3,0,0,0,0,1,0
61,29,15.374926567077637,93096,4,1.7588883410975997,1,0,1,0,0,1,0
35,6,47.673213958740234,95247,1,1.4193164981102881,3,0,1,0,0,0,0
53,25,52.25338363647461,89998,2,1.9562682016935515,2,0,1,1,0,0,0
53,25,88.14930725097656,94678,4,1.495238106880428,3,0,0,1,0,0,0
42,10,124.20807647705078,93972,2,1.1175272383760175,1,0,0,0,0,1,0
29,8,37.56071472167969,91259,1,1.9168213450362088,2,0,0,1,0,1,0
64,39,46.360755920410156,91807,3,2.1986084042552907,1,229,0,0,0,0,0
45,4,29.637380599975586,91919,4,2.0467255007435026,2,0,0,0,0,0,0
29,12,24.95690155029297,95545,4,2.8298761052202988,3,0,0,0,0,1,0
40,24,95.99313354492188,91678,3,1.2454879225312188,3,0,0,1,0,1,1
63,39,167.51937866210938,95618,1,5.80254843500174,1,0,1,0,1,1,0
37,10,58.317771911621094,94539,1,0.9249373207430693,2,0,0,0,0,1,0
41,18,20.837963104248047,95553,4,0.038130674984201085,1,0,1,1,1,1,0
27,6,44.456634521484375,92758,4,1.5815451851577564,3,0,0,0,0,0,0
43,17,169.126953125,92362,4,4.948309541055747,1,233,0,0,0,0,1
37,8,117.43579864501953,93780,3,3.2828630433790287,3,0,0,0,0,1,0
54,28,48.13826370239258,93023,2,0.8925724436546342,3,57,0,0,0,0,0
42,14,63.10183334350586,92615,1,2.423694051089263,1,201,1,0,0,0,0
26,2,33.63716125488281,92693,3,0.8641949885419924,2,0,0,0,0,0,0
39,18,19.9045467376709,92652,3,0.829841925648547,3,0,0,0,0,0,0
42,16,96.82487487792969,94347,1,3.943234912882946,3,0,0,0,0,1,1
40,19,148.53208923339844,92526,4,2.7389271518702034,2,0,0,0,0,0,0
63,39,160.1060028076172,90427,2,7.22602891341893,1,0,0,0,0,0,0
32,6,61.22595977783203,91963,3,2.780889641295634,1,137,0,0,0,0,0
26,6,80.15021514892578,94233,1,0.17821939495018707,1,0,0,0,0,1,0
26,1,127.04805755615234,94862,1,4.320422159861416,1,0,0,0,0,0,0
32,13,84.65701293945312,94149,1,0.4060759441135239,2,0,0,0,0,0,0
52,22,26.550024032592773,90180,2,1.585205327548677,2,137,1,0,0,1,0
43,27,37.93638229370117,93827,1,0.2849300856858092,3,0,0,0,0,1,0
38,10,134.70750427246094,93352,3,7.09870279308212,1,0,0,0,0,0,0
36,13,72.33568572998047,94866,3,1.8203481384691191,1,197,0,0,0,1,0
63,35,52.28290557861328,91334,1,2.408081965329239,1,0,0,0,0,0,0
31,3,172.13697814941406,90953,3,8.052605434289472,1,0,0,0,0,1,1
60,24,95.78289031982422,91517,1,1.3836434919126437,1,0,1,0,0,1,0
32,8,158.63558959960938,90742,4,3.014953149541427,3,0,0,1,0,0,1
63,39,124.90425872802734,94593,1,2.385301936129003,3,0,0,0,0,0,1
51,30,67.31979370117188,95780,4,2.2964322425777923,2,0,0,0,0,0,0
47,16,126.68543243408203,94470,1,2.562340515418925,2,0,1,0,0,1,0
37,11,175.0145263671875,91967,2,6.183057322501645,1,0,1,0,0,1,0
29,8,109.0997314453125,94744,1,2.43901124371907,1,0,0,0,0,1,0
56,30,85.20269012451172,93147,4,1.178644395083469,2,105,0,0,0,0,0
39,17,130.57302856445312,93035,3,3.3718156420955765,1,0,0,0,0,1,0
50,22,166.5236358642578,94816,1,2.701313960329502,1,0,1,0,0,0,0
28,15,61.341285705566406,91986,4,0.661237768585852,1,0,0,0,0,1,0
46,21,70.27804565429688,91409,1,0.03324719878479221,2,104,0,0,0,1,0
43,23,48.66697692871094,95925,1,1.178782254894147,2,0,0,0,0,0,0
41,10,16.716453552246094,92360,2,0.1456305703964007,2,149,0,1,0,1,0
25,6,109.77786254882812,90200,1,2.5461653313096226,1,150,0,0,0,1,0
53,35,56.90150833129883,90525,2,1.9842163929381404,1,0,0,0,0,0,0
55,31,33.99114227294922,92051,3,0.41180001089268675,2,0,0,1,0,1,0
30,14,61.76543045043945,93362,1,2.0871559202547925,1,0,0,0,0,1,0
59,36,60.18550491333008,95618,4,1.6117307717591562,1,320,0,0,0,0,0
32,9,171.8250274658203,91186,1,6.68716562475069,1,113,0,0,0,1,0
47,28,25.129724502563477,95257,4,0.8347598888064275,3,287,0,0,0,1,0
26,6,125.52245330810547,91668,2,1.888803277070216,1,0,0,0,1,1,0
62,38,55.7440299987793,91669,3,0.7653582603933956,1,0,0,0,0,1,0
28,3,171.1597442626953,94157,2,6.627432977889881,3,0,0,0,0,1,1
53,30,75.19520568847656,94209,4,1.7660192291667633,3,0,0,0,0,1,0
45,22,90.06809997558594,95029,2,1.1337950430075607,2,0,1,0,0,1,0
60,38,167.33531188964844,91153,4,2.7809683189269023,2,0,0,1,0,0,1
60,38,84.0215072631836,93821,2,1.655466873546652,1,0,0,0,0,0,0
50,30,54.37733840942383,91002,1,1.903451939596812,1,236,0,1,0,0,0
49,22,75.23284149169922,94610,4,2.3057253010532577,2,122,0,0,0,0,0
48,14,42.76477813720703,92554,4,1.71898876270635,3,0,0,0,0,0,0
32,6,42.08994674682617,90560,4,2.05992411960844,2,0,0,0,0,1,0
56,32,76.19483947753906,95508,1,0.22626322643680272,1,200,0,0,0,0,0
27,15,144.79132080078125,90334,4,5.489197389617199,3,0,0,0,0,0,1
53,31,45.73267364501953,92022,3,0.9950410984428325,2,159,0,0,0,1,0
30,2,155.71315002441406,92773,4,2.0301543495857084,3,0,0,0,0,0,1
46,20,83.49217987060547,91770,1,1.8154046374825645,1,237,1,0,0,0,0
60,33,150.68038940429688,92322,1,5.24750060229358,3,0,0,0,0,0,1
41,18,70.58509826660156,91274,2,1.4324148336949853,3,0,1,0,0,1,0
26,7,127.581298828125,94612,4,1.994750165414166,3,0,0,0,0,1,0
59,33,157.01272583007812,90362,1,6.092635214580281,2,440,0,0,0,0,1
61,33,38.45018005371094,92172,4,0.7627908689935627,3,107,0,0,0,1,0
33,5,31.385055541992188,91281,3,2.2120461978527484,1,0,0,0,0,1,0
52,22,73.13209533691406,92362,4,1.6369002521836544,3,0,0,0,0,0,0
44,19,26.55223846435547,95197,3,1.236220561528194,3,0,1,0,0,1,0
42,19,79.84504699707031,92340,2,2.8118665457753123,1,0,1,0,0,1,0
38,4,14.004631042480469,95760,3,0.5867855696565629,2,0,0,0,0,1,0
28,0,64.4375,95259,2,2.2518118595825447,2,0,0,1,0,1,0
42,39,18.960071563720703,94007,3,0.2517469250149965,3,83,0,0,0,1,0
34,13,82.48881530761719,92301,3,1.4997864554674571,2,0,0,0,0,0,0
54,21,30.452560424804688,93696,4,1.060224215159375,3,0,0,0,0,0,0
43,28,43.79905700683594,93596,3,1.0150994712651598,2,0,0,0,0,0,0
52,34,63.48939895629883,92617,4,2.808941524031361,1,0,1,0,0,1,0
45,22,148.90280151367188,93647,2,6.359751253461712,1,0,0,0,0,1,0
44,22,32.957393646240234,96004,4,0.8580063672843238,3,0,1,0,0,1,0
63,37,116.77157592773438,92271,2,2.64878382449353,1,0,0,1,0,0,0
51,27,52.32474136352539,94404,2,0.42249358329383846,2,0,0,0,0,0,0
35,22,80.67457580566406,92721,4,1.2209694308549228,1,0,1,0,0,0,0
58,36,51.726741790771484,90011,1,2.6457746689005055,2,0,0,0,0,0,0
60,36,55.83423614501953,91942,4,1.8182940120966915,1,0,0,0,0,0,0
57,31,75.27011108398438,91945,1,1.1823585654953237,3,198,0,0,0,0,0
50,21,61.90410232543945,96416,1,0.34569639768358273,2,151,1,0,0,1,0
60,25,39.27075958251953,94769,1,0.13000302070646297,3,0,0,0,0,0,0
32,10,16.66986846923828,93978,2,0.22730340025918008,1,0,1,1,0,0,0
28,5,200.9074249267578,91550,1,7.091113271798109,1,444,0,0,0,1,0
30,7,20.983226776123047,94122,4,0.8265890309729996,2,109,0,0,0,1,0
57,34,157.0274658203125,90328,1,3.795767371269265,1,314,1,1,1,1,0
59,30,137.95428466796875,93985,2,3.7667653422065484,1,0,0,0,0,1,0
34,7,103.15580749511719,96018,2,2.0699325966480826,2,0,0,0,0,1,0
30,8,69.25202941894531,94582,2,0.7182474281694402,3,0,1,0,0,0,0
56,33,35.092071533203125,92113,4,0.43626041594733117,3,0,0,0,0,0,0
56,31,69.3518295288086,93746,3,7.053036749601439,3,0,0,0,0,1,0
46,19,29.28365707397461,94123,4,0.21184656743557556,3,0,0,0,0,1,0
42,18,153.7124786376953,94703,3,3.4104175168748396,3,0,0,0,0,1,1
31,6,54.484153747558594,94460,4,2.3162995680818406,2,0,0,0,0,0,0
29,4,65.45561981201172,95269,4,0.46340562481891356,3,0,1,0,0,1,0
43,22,40.969356536865234,93029,1,0.043316116119896886,2,0,1,0,0,0,0
54,28,69.63825988769531,94165,2,1.6496742885067728,2,120,1,0,0,0,0
38,20,95.21623992919922,90363,2,1.5175256396687566,3,0,1,0,0,0,0
58,31,102.2095718383789,91461,2,0.8922698904654478,1,0,0,0,0,0,0
30,4,51.77267837524414,90234,4,1.8886266056915437,1,226,0,0,0,0,0
42,21,19.244543075561523,91831,4,0.2815622161455137,2,157,0,0,0,1,0
53,25,132.47787475585938,93896,2,1.6777658095154075,1,211,1,0,0,1,0
58,29,93.17378234863281,91182,2,2.8408985339477697,1,395,0,0,0,0,0
57,36,66.29502868652344,95798,1,0.9535938004195422,1,87,0,0,0,0,0
58,32,80.99198150634766,95605,2,4.64468404937434,2,0,0,1,0,0,0
28,6,86.51148223876953,94857,4,0.10115551419842145,1,0,1,0,0,0,0
42,19,24.193456649780273,93685,2,0.10114624048035642,3,0,1,0,0,1,0
59,36,123.12921905517578,94633,3,5.528676307534821,1,0,1,1,1,1,0
38,10,13.787906646728516,92726,4,0.5968902326485567,3,112,0,1,0,1,0
29,3,44.465736389160156,94316,3,2.228995346514774,1,0,0,0,0,0,0
36,11,70.7819595336914,94599,4,1.7275379710825758,1,0,0,0,0,1,0
59,23,43.85940170288086,90972,4,0.9349532222702112,2,0,0,0,0,1,0
46,25,54.080108642578125,94224,3,0.7995735749769436,2,0,1,1,1,1,0
50,24,102.9663314819336,94785,2,0.8905962120502525,2,158,1,0,0,1,0
61,36,95.9837417602539,92877,1,2.668126296769193,1,0,1,0,0,1,0
57,28,96.8973388671875,90377,1,0.10745660185217976,1,0,0,1,0,0,0
59,36,65.68785095214844,94549,2,1.2997149953835752,3,0,0,0,0,0,0
63,39,70.61282348632812,92019,2,1.7261161043155093,1,0,0,0,0,1,0
36,17,40.31833267211914,93177,4,1.2442617886932061,1,0,0,0,0,0,0
40,21,52.32585525512695,94665,2,2.221485866444837,1,226,1,0,0,0,0
29,5,61.39675521850586,94655,4,2.0070167991897794,1,96,0,0,0,1,0
29,8,82.8156967163086,94736,4,2.2542667715414964,1,0,1,0,0,1,0
34,7,25.838773727416992,95523,4,0.46931920025910595,2,0,1,0,0,0,0
46,30,72.54888153076172,95672,3,2.4387897730802885,2,141,0,0,0,0,0
63,37,84.70076751708984,91694,2,2.57534034039168,1,0,1,0,0,1,0
38,22,15.765181541442871,91927,3,0.8032967213477471,2,0,0,0,0,0,0
26,1,106.60783386230469,91677,2,1.9705116091828976,1,0,0,0,0,1,0
41,16,43.59707260131836,90179,4,1.0370947131248158,3,131,0,0,0,0,0
36,12,177.84716796875,94568,4,9.057267373383077,2,0,0,0,1,1,1
34,13,30.463375091552734,93450,4,1.0664815680654245,1,178,0,0,0,1,0
27,2,31.093883514404297,91421,4,0.4644230323396217,1,0,1,0,0,0,0
47,31,26.328073501586914,96199,1,1.027204976087729,3,0,0,0,0,0,0
42,20,69.48585510253906,94591,2,0.11473084378294518,2,158,0,0,0,0,0
33,7,38.92771911621094,96320,4,1.6402094060201768,1,0,0,0,0,1,0
35,8,43.67886734008789,94604,2,2.2904693171498365,2,0,0,0,0,0,0
52,25,107.33026123046875,94396,2,1.8120042187700764,3,0,0,0,0,1,1
32,4,30.722232818603516,94622,2,0.8848283700145916,2,0,0,0,0,1,0
55,26,144.43971252441406,90797,2,0.260451655363773,1,0,0,0,0,1,0
54,29,45.54522705078125,93057,3,2.215353344002824,2,0,1,0,0,1,0
55,27,162.47393798828125,90613,1,0.5837108026857354,1,0,0,0,0,0,0
28,10,51.75609588623047,93275,1,2.7877609240405605,2,0,0,0,0,1,0
47,27,119.19498443603516,94889,2,3.584695700422809,3,183,0,0,0,0,0
53,34,93.15266418457031,93042,2,1.1435379712246374,3,0,0,0,0,0,0
52,33,40.483299255371094,93083,4,0.4585645208834549,3,0,1,0,0,0,0
41,23,49.41118621826172,92869,3,1.0732076377925939,1,233,0,0,0,1,0
42,21,80.26957702636719,94255,4,2.0170825966618704,3,0,0,0,0,0,0
56,32,145.0931854248047,94054,1,6.153129441787905,1,0,1,0,0,0,0
51,19,46.365692138671875,92578,1,1.0282910320677598,3,157,0,0,0,1,0
23,2,21.881919860839844,93568,4,1.3775131724185088,2,0,0,0,0,1,0
42,26,141.25608825683594,94177,1,0.16710389303264392,1,0,1,0,0,0,0
35,12,133.04446411132812,94799,1,3.2135865911822803,3,0,1,0,1,1,0
32,14,21.607162475585938,95144,3,0.5520122600051799,2,179,0,0,0,0,0
59,28,162.8838653564453,92764,2,5.116454554843806,1,0,1,0,0,0,0
48,23,71.31082153320312,93072,2,1.8499065989568266,3,151,0,0,0,1,0
58,24,16.644466400146484,91454,3,1.5652637423850064,1,56,0,0,0,1,0
66,41,96.00629425048828,94730,4,1.046748360590494,2,0,0,0,0,0,1
59,32,69.71481323242188,94536,4,1.691386124842184,1,0,1,0,0,1,0
48,22,49.638545989990234,90608,1,2.384037327123205,1,0,0,0,0,0,0
60,34,82.64827728271484,93202,3,1.261515985625579,1,0,0,0,0,1,0
61,31,162.7113494873047,94102,3,7.192620098807786,1,0,0,0,0,1,0
27,0,52.7886848449707,94145,4,1.9401823638361673,2,96,0,0,0,1,0
56,33,105.84580993652344,93407,1,2.786160334796372,1,0,0,0,0,1,0
28,4,41.70277404785156,91148,3,2.1384844914089847,3,0,0,0,0,1,0
41,22,32.31843185424805,90174,3,0.31078128871859756,2,0,1,0,0,0,0
51,11,154.90325927734375,92251,2,3.2650967168690954,1,0,0,0,0,0,0
47,20,50.19281005859375,93211,2,0.744959631542809,1,0,0,0,0,0,0
55,28,96.99710083007812,94512,1,0.8386030974475406,1,0,1,0,0,1,0
46,13,59.94721603393555,93905,2,1.6930283251815152,1,0,0,0,0,1,0
62,33,32.55973434448242,93246,2,0.05422127917082173,1,0,0,0,0,0,0
57,35,44.63756561279297,94644,2,1.7376201070425312,2,0,0,1,0,0,0
56,22,71.70166015625,90266,1,2.4678551530902713,1,0,0,0,0,0,0
51,12,121.2475357055664,91874,2,0.014678588187602148,1,0,1,0,0,0,0
63,36,40.04658126831055,91879,4,0.7027200180074834,2,201,0,0,0,1,0
48,18,27.258520126342773,93025,1,1.494938229792066,2,0,0,0,0,1,0
50,34,46.696929931640625,90382,2,0.14657184216200286,1,0,0,0,0,1,0
44,16,29.700780868530273,91309,2,0.6230538478419075,3,0,0,0,0,1,0
49,16,29.541309356689453,94422,2,0.3175777462692332,1,0,1,0,0,1,0
37,9,109.69083404541016,92801,2,0.2400074171419081,1,0,0,0,0,0,0
55,31,111.63764953613281,90442,2,0.4826582229034363,3,0,1,1,1,1,0
44,21,114.08613586425781,95202,3,0.29009203366680936,1,0,0,0,0,0,1
48,16,42.017696380615234,91563,1,0.739341278075775,3,0,0,0,0,1,0
59,34,28.861446380615234,91175,1,0.5376618821859198,3,105,0,0,0,1,0
44,20,55.50719451904297,93306,2,0.16678645053730543,1,0,0,0,0,0,0
47,15,128.307373046875,90747,4,0.14160097298052532,3,96,0,0,0,0,1
29,8,56.09691619873047,92711,1,1.1686629742432393,1,0,1,0,0,1,0
57,31,60.93857955932617,90101,1,0.11067846343645371,2,0,0,0,0,0,0
60,37,74.88471221923828,91844,4,0.7437977280427995,3,0,0,0,0,1,0
43,10,53.42495346069336,92875,4,3.240778130951564,1,0,0,0,0,1,0
39,10,190.6939697265625,91904,2,5.494140270007206,1,0,0,0,0,1,0
53,30,39.0465087890625,94624,4,2.992535223252803,3,0,1,0,0,0,0
54,24,129.34664916992188,91086,1,7.5652588029022585,1,0,0,0,0,1,0
52,27,162.51792907714844,90156,1,3.0700882349209637,1,0,0,1,0,1,0
43,26,73.24015808105469,95706,1,0.35666333365342334,2,0,0,0,0,0,0
45,17,79.96171569824219,94834,1,1.7459101521425404,3,0,0,0,0,1,0
48,15,101.25956726074219,90425,1,1.0419646289144224,1,0,0,0,0,1,0
52,14,56.225555419921875,90871,4,0.25814239424112667,3,0,0,0,0,0,0
51,21,48.797943115234375,91857,4,0.19911689804199212,2,0,1,0,1,1,0
36,14,23.381210327148438,91994,4,0.5242389946213201,3,0,1,0,0,1,0
55,34,43.788230895996094,91254,4,0.9642776131110269,3,0,1,0,0,1,0
43,18,152.4269256591797,94437,1,3.8217195203286574,1,0,0,0,0,0,0
64,38,27.844528198242188,95198,3,2.457906840174937,1,0,0,0,0,1,0
43,20,31.648727416992188,95558,3,0.47315249696757716,1,0,0,0,0,1,0
32,5,58.855751037597656,92704,4,1.960721919071264,2,0,0,0,0,1,0
63,40,90.0190658569336,91411,2,4.992933157369852,3,0,0,0,0,1,0
45,22,197.10086059570312,93955,1,6.73027942695444,1,0,1,0,0,1,0
42,25,23.93147850036621,93811,2,0.5300903732318648,2,143,0,0,0,0,0
42,17,170.4530029296875,91646,3,3.1750232374879683,3,0,0,0,0,0,1
53,31,120.07868957519531,95318,2,1.875681153946537,1,221,0,0,0,1,0
43,10,195.64927673339844,91355,2,5.840549645433424,1,0,1,0,0,1,0
33,6,61.30238342285156,94725,1,1.9920447928208374,3,0,0,1,0,0,0
55,26,62.07283020019531,90110,1,2.4495229625964887,2,0,0,0,0,1,0
35,18,77.75718688964844,94676,4,2.8466135680736295,2,0,0,1,0,1,0
42,19,51.68407440185547,94190,2,0.6511447036747826,2,0,1,0,1,1,0
37,4,30.393138885498047,91963,3,0.2312071414596938,2,135,0,0,0,1,0
38,8,71.13404846191406,92109,4,2.9113805205750642,3,0,0,0,0,0,0
52,22,15.580643653869629,94386,3,0.29824201078388696,3,0,1,0,0,1,0
59,33,169.83929443359375,90067,1,2.3014946913883825,1,153,0,0,0,1,0
35,9,103.65609741210938,93016,2,1.2336340323264956,1,0,0,0,0,1,0
52,28,73.85021209716797,92270,3,0.6501193683634352,2,0,1,0,0,0,0
58,33,58.99134826660156,92113,1,0.9992550259371951,3,0,0,0,0,1,0
63,41,80.7930908203125,91807,1,2.3541510356509874,1,316,0,0,0,0,0
46,28,46.05680465698242,94976,2,0.7704377436227571,2,237,0,0,0,0,0
46,25,32.47322463989258,90925,3,1.415758812328987,3,0,1,0,0,1,0
30,17,87.03954315185547,92264,1,1.579535607548776,2,0,0,0,0,0,0
47,26,69.70826721191406,95076,3,1.7094332808683965,3,214,0,0,0,1,0
37,13,62.4986457824707,94387,4,1.7751290822356947,3,0,1,0,0,1,0
34,4,58.688575744628906,92053,2,0.8696335298465475,1,275,1,0,0,1,0
42,20,27.474645614624023,92916,1,1.7562025681876454,1,0,0,0,0,0,0
35,2,52.37246322631836,93047,1,2.2891842457086,3,0,1,0,0,1,0
42,23,64.78998565673828,89829,1,2.6356385475635906,2,0,0,1,0,1,0
48,31,55.97024917602539,92193,1,1.8198581520277615,3,0,0,0,0,1,0
27,3,55.58985137939453,94726,1,1.3824419367027398,2,0,0,0,0,0,0
61,31,77.27500915527344,94447,4,0.9377533074706441,2,0,0,0,0,1,0
44,24,85.62680053710938,94417,2,4.146137517735431,3,438,1,1,0,0,0
38,19,35.925682067871094,95869,3,0.6283669004253501,2,104,0,0,0,0,0
45,27,28.676734924316406,95699,3,0.17807636417635808,3,0,0,0,0,1,0
47,16,129.51559448242188,95412,2,5.544326932330863,1,274,1,1,0,1,0
56,28,33.47932434082031,91642,1,0.5171142795279844,1,135,1,0,0,1,0
46,29,41.345794677734375,95132,1,0.633284633415805,2,131,1,0,0,0,0
63,32,28.218599319458008,91624,3,0.6015275372433284,2,0,0,0,0,0,0
28,18,69.21790313720703,92973,1,1.8081749742121498,3,0,0,0,0,1,0
38,17,62.22807312011719,95784,3,2.6985182277843323,1,0,1,0,0,0,0
52,30,26.35956382751465,94300,3,1.165464598697934,2,0,0,1,0,0,0
32,10,67.37651062011719,92325,1,2.671940944471027,3,0,0,0,0,0,0
56,34,65.05819702148438,94587,2,0.7363562023534244,2,377,0,0,0,1,0
58,35,102.02383422851562,90235,1,5.301437632487776,1,0,0,0,0,0,0
42,24,141.7911376953125,90238,3,3.4271116791464755,3,0,0,0,0,0,1
30,8,48.64027404785156,91840,4,1.0850382885410885,1,0,0,0,0,1,0
49,15,65.40961456298828,94533,4,0.8049150596219115,3,0,0,0,0,0,0
51,29,121.00431823730469,93056,4,0.8294622607145845,2,105,0,0,0,0,0
46,20,14.78016471862793,96157,3,0.04994833542304755,3,0,0,0,0,1,0
39,22,138.5528106689453,90828,2,0.17854710105484478,1,0,0,0,0,0,0
27,3,23.948909759521484,94297,1,0.885664154756758,3,0,1,0,0,1,0
61,29,25.478504180908203,94520,1,0.6945465035901401,3,0,0,0,0,1,0
37,14,49.741615295410156,92181,1,0.22938644181829027,2,0,0,0,0,1,0
38,10,54.106170654296875,92768,2,2.8937566151140306,2,0,0,0,0,0,0
29,12,66.27279663085938,91958,4,0.5223927938697361,1,0,0,0,0,0,0
32,9,25.29068946838379,94435,4,0.6664278731298663,2,0,0,0,0,0,0
44,14,54.16489791870117,94316,3,1.5096176659009972,3,0,1,0,0,0,0
32,23,43.638492584228516,95863,2,4.0323464936737725,1,0,0,1,0,1,0
52,20,142.12911987304688,94765,2,0.36956350903760915,1,0,1,0,0,0,0
66,40,60.96498489379883,94798,1,0.8798598254059034,2,0,0,0,0,1,0
29,6,151.34739685058594,95480,3,2.5096817217419214,1,0,1,0,0,0,1
48,35,197.52198791503906,94584,1,5.606845012474213,1,0,0,0,0,0,0
53,32,32.202415466308594,93532,1,0.7312302064752945,2,0,0,0,0,0,0
47,18,86.55239868164062,96163,3,2.2603479579166805,1,231,0,0,0,1,0
59,36,110.83281707763672,94184,2,1.9412909376775336,1,0,0,0,0,1,0
64,33,15.322835922241211,92990,3,0.2029083269020966,2,0,1,0,0,1,0
30,3,24.88486099243164,95849,2,0.43620099018852093,2,108,0,0,0,0,0
34,8,204.43426513671875,90914,2,7.055732170561885,1,0,1,0,0,0,0
63,40,173.96197509765625,94390,2,6.046914049208662,1,0,1,0,0,1,0
30,5,30.287057876586914,95899,3,1.893939510953097,3,156,0,0,0,1,0
63,38,59.06159591674805,92514,3,2.2233712470651126,2,0,1,0,0,0,0
42,23,113.86799621582031,91801,3,1.6821781910855345,1,0,0,0,0,0,0
41,26,115.04441833496094,94755,4,1.988577043386629,1,0,1,1,0,0,0
55,23,69.78199768066406,94584,1,2.4815849429818257,1,229,0,0,0,0,0
37,22,48.69635772705078,93064,4,1.725484270902061,1,0,0,0,0,0,0
37,14,110.00737762451172,95105,1,3.8242985571325843,1,0,0,0,0,1,0
48,28,52.112220764160156,92861,1,1.323357462513822,2,0,0,0,0,0,0
45,17,83.62718200683594,94550,1,2.418764467684475,3,0,0,0,0,1,0
42,30,26.44359016418457,94161,4,0.126530894577376,1,0,0,0,0,0,0
48,32,54.16501235961914,94666,3,1.7602753736300465,2,0,1,0,0,0,0
39,12,97.14131927490234,91882,1,2.7350522643611823,1,0,1,0,1,1,0
29,6,144.65184020996094,90394,4,0.9284132142586116,3,0,0,0,0,0,1
34,8,124.3056411743164,93214,1,0.5213270067151647,1,353,0,0,0,1,0
64,30,18.72955322265625,95436,2,0.10596362441790369,2,161,0,0,0,1,0
54,34,11.619977951049805,94482,4,1.2911149733735574,1,0,1,1,1,1,0
59,35,132.6646728515625,93421,1,2.050119113796744,3,0,0,0,0,1,1
38,4,42.19293212890625,92844,1,1.6106583578372369,3,0,0,0,0,0,0
42,16,175.5554962158203,91501,1,1.3194040751086766,1,0,1,0,0,1,0
43,15,54.457550048828125,91475,2,0.4176782158530231,3,157,0,0,0,1,0
37,3,144.5167236328125,91006,2,6.832294306881201,1,359,0,0,0,0,0
32,7,73.03372192382812,95291,4,0.41268208075522644,2,0,0,0,0,0,0
40,16,34.89836120605469,94426,4,0.5121169568052287,2,0,1,0,0,1,0
42,29,102.76509094238281,91506,2,2.4448642770184716,3,99,1,0,0,1,0
30,1,40.0592155456543,90806,2,0.6395488334054231,2,0,0,0,0,1,0
34,5,22.73670196533203,95118,3,0.6258058513797568,2,0,1,1,1,1,0
61,36,64.45077514648438,91416,3,0.4173282827880969,3,0,0,0,0,1,0
48,27,71.11283874511719,95658,1,0.0070677311308918744,1,0,0,0,0,0,0
42,20,55.82429122924805,91021,1,0.4147912785200852,1,0,0,0,0,1,0
37,26,89.86461639404297,91813,4,2.0756557654469394,3,0,0,0,0,0,0
58,34,115.69654083251953,90337,1,1.2005939592461616,1,0,0,0,0,0,0
48,22,49.941749572753906,92271,3,1.072504523781001,1,0,1,0,0,0,0
41,19,36.014923095703125,95563,1,0.8112094858657904,3,126,0,1,0,0,0
50,41,57.7392463684082,94966,1,2.4468515568964637,3,370,1,0,0,0,0
39,11,104.66448211669922,93377,1,1.3306997281825896,3,95,0,0,0,1,0
42,17,148.40621948242188,94679,2,0.573692834509387,1,0,0,0,0,1,0
41,22,19.737943649291992,95803,1,0.22023838356737208,1,147,1,0,0,1,0
27,4,21.15445899963379,94162,1,0.7843637657410398,2,143,0,0,0,0,0
44,25,86.60492706298828,92632,1,4.731322276337721,1,0,1,0,0,1,0
58,36,38.344200134277344,94818,1,0.33844188712022344,2,0,0,0,0,0,0
49,22,118.79900360107422,95007,2,1.2733800194745077,1,0,0,0,0,1,0
33,3,40.82741165161133,94129,4,1.841140146663182,1,99,1,1,0,0,0
39,11,104.62686157226562,91837,2,1.3876803817098293,1,0,0,0,0,0,0
43,5,99.09879302978516,90075,1,3.2129997133767088,3,0,0,0,0,0,0
44,19,46.99755859375,89659,4,0.09607474103796532,1,71,0,0,0,1,0
49,23,14.418195724487305,95143,3,0.31425641430586354,1,123,0,0,0,1,0
30,6,36.94465637207031,95632,4,0.4495267765661226,1,0,0,0,0,1,0
60,36,66.00607299804688,90509,2,2.0078298741216623,3,229,0,1,0,1,0
62,34,26.420743942260742,91653,1,1.058975126649394,3,81,1,0,0,1,0
38,10,44.78953170776367,96242,2,0.9615382257351436,3,241,0,0,0,0,0
64,38,96.48153686523438,91628,2,3.723147646096453,1,0,0,0,0,0,0
49,36,25.006616592407227,90338,2,0.3259118108149277,3,0,0,0,0,0,0
59,24,85.33982849121094,91819,4,2.1468502373579836,2,0,0,0,0,1,1
26,0,66.10871124267578,91048,2,1.4241612354585862,1,0,1,0,0,0,0
46,6,164.08628845214844,93059,1,0.8900646206719132,1,0,0,0,0,0,0
29,6,44.76068878173828,93966,4,1.905413165712953,2,0,1,0,0,1,0
59,38,10.042413711547852,92044,3,0.2068634548622706,3,102,0,0,0,1,0
63,38,40.045989990234375,94983,1,2.283067365749654,2,102,0,1,0,1,0
43,8,31.637489318847656,94343,2,0.4949930558400903,3,0,0,0,0,0,0
43,12,68.32149505615234,91054,1,0.3981331759782744,3,0,0,0,0,1,0
42,24,119.68682098388672,94150,1,7.7005031797534595,1,0,0,0,0,0,0
62,38,84.81356048583984,94819,2,1.2311257109265248,3,238,0,0,0,0,0
62,37,46.1660270690918,91942,4,1.885549756109156,2,0,0,0,0,1,0
55,23,25.698665618896484,95120,1,0.9307493317781301,1,97,1,0,0,1,0
46,18,13.724113464355469,95571,1,0.07964087903408917,1,0,1,0,0,0,0
53,23,67.60357666015625,95448,3,1.3660852593488275,2,0,1,0,0,1,0
60,35,24.452346801757812,91623,1,1.2819579606844766,3,0,0,0,0,1,0
46,17,65.42239379882812,94699,4,2.484935350710005,1,0,0,0,0,1,0
42,8,89.41845703125,93675,3,1.2776738858224894,2,0,0,0,0,1,0
63,24,72.37353515625,90005,2,1.39204683494123,1,0,1,0,0,0,0
43,31,129.84957885742188,95810,3,6.758411095042524,1,0,1,0,0,0,1
54,29,176.57925415039062,94724,1,0.22249504256688432,2,0,0,0,0,0,1
38,27,123.08694458007812,94075,2,2.9501492129223177,1,0,1,0,1,1,0
53,32,28.30630111694336,94288,4,2.4110492470243003,2,0,0,0,0,0,0
58,33,54.87480163574219,90368,2,0.49466839339051144,3,0,1,0,0,1,0
29,19,15.534957885742188,94076,1,0.22961725152838833,3,0,0,0,0,0,0
40,18,24.589126586914062,92244,4,0.260038901979766,2,0,0,0,0,1,0
30,4,28.510040283203125,93397,4,1.386162851250356,2,0,0,0,0,0,0
38,3,25.189172744750977,95153,4,0.31592845215967114,3,0,0,0,0,1,0
57,25,195.33416748046875,90645,1,9.958401793047093,1,0,1,0,0,1,0
51,26,24.239341735839844,94564,4,2.7952625801000606,1,0,1,0,0,0,0
54,20,34.939903259277344,92339,3,1.3268274202762667,2,0,0,1,0,1,0
62,26,17.79338836669922,94591,2,0.47663442202479944,1,143,0,0,0,0,0
56,20,79.56063079833984,92177,4,1.3310929862323304,1,0,1,0,0,1,0
30,9,200.3094482421875,91946,2,6.494645850101822,1,0,0,0,0,1,0
40,18,130.23236083984375,92313,2,6.214908335502411,1,0,0,0,0,0,0
59,36,40.21660232543945,94613,4,1.2289318120050687,1,0,1,1,0,1,0
49,22,42.75587463378906,91412,3,2.2572912921350534,3,0,0,0,0,1,0
43,20,64.75177764892578,94197,4,0.764583993071287,2,0,1,0,0,1,0
66,37,75.5880126953125,90097,3,1.2933340438219163,1,0,0,0,0,1,0
51,22,69.55976104736328,95411,2,0.2189876364304478,1,0,1,0,0,1,0
48,23,10.082396507263184,94162,4,0.40395705550489236,3,0,0,1,0,0,0
27,1,84.3782730102539,91333,2,1.8275173920773222,1,0,0,0,0,0,0
55,30,153.27220153808594,92637,4,4.405570461942036,1,0,1,0,0,0,1
60,37,32.49397277832031,92927,4,1.0559338457706773,1,0,0,0,0,0,0
39,22,164.40029907226562,93802,4,2.4592943151836604,1,0,1,0,0,0,1
47,20,14.193546295166016,95022,3,1.3355577160407783,2,136,1,0,0,1,0
43,19,122.36443328857422,94757,2,0.09614588295941365,2,0,1,0,1,1,0
59,37,78.81439971923828,95376,3,0.7072565649290398,2,0,0,0,0,0,0
33,13,48.99345016479492,91969,1,1.5600322912964846,1,0,0,0,0,1,0
37,12,85.12860870361328,95814,2,0.10934691642591082,1,0,1,0,0,1,0
60,40,166.77114868164062,90044,2,3.781282096537811,1,0,1,0,0,0,0
26,10,115.8805923461914,92582,4,1.7189278032072075,1,131,0,0,0,1,0
51,26,20.336084365844727,94230,2,1.8788742252585804,3,0,1,0,0,1,0
52,26,70.4456787109375,94658,4,0.35146807212283615,3,130,0,0,0,0,0
56,32,105.16429138183594,91299,1,3.845897363607785,2,147,0,0,0,0,0
53,24,120.89695739746094,90230,2,0.7737720985976398,3,0,1,0,0,0,0
66,38,72.7743148803711,90271,2,1.4963805401872787,2,0,0,0,0,0,0
55,28,50.10279846191406,91121,3,2.689680029994578,1,0,0,0,0,1,0
65,36,55.19646072387695,93992,3,1.4934982447453486,2,0,0,0,0,1,0
60,37,44.45477294921875,94369,2,0.6555606913215453,3,0,1,0,0,1,0
64,35,41.317047119140625,92664,3,2.0636462830700864,3,0,1,1,0,1,0
41,16,21.38058853149414,91047,2,0.12836406898095074,3,0,1,0,0,0,0
45,23,33.88165283203125,95052,1,1.3174863676157371,2,0,0,0,0,1,0
57,24,69.66751098632812,94157,3,1.0866147469381582,2,504,0,0,0,0,0
64,36,94.77965545654297,90102,1,1.885531459518618,2,0,1,0,0,0,0
49,27,35.075775146484375,92161,2,1.2101419070048876,2,113,0,0,0,0,0
36,13,69.20118713378906,94369,4,0.981431342430747,3,0,0,0,0,0,0
27,2,180.20870971679688,93171,2,5.518461686767223,1,0,0,0,0,1,0
49,26,40.55287551879883,93161,1,1.7465963773231343,3,0,1,0,0,0,0
55,28,43.05195236206055,94324,1,0.5216933341212143,2,0,0,0,0,0,0
64,40,111.09607696533203,94301,1,2.2511180706044303,1,0,0,0,0,0,0
44,21,171.7777557373047,90459,2,1.1986369609178409,1,0,0,0,0,0,0
28,5,122.20567321777344,91022,1,3.7409808148547223,3,0,0,0,0,1,1
50,17,17.74673080444336,94171,3,0.13141530457273598,2,0,0,0,0,1,0
51,25,128.76004028320312,94635,3,0.7311161432928361,1,0,1,0,0,1,0
59,34,48.00229263305664,95576,4,1.7622262335459102,3,0,0,0,0,1,0
54,30,66.27326965332031,91259,4,1.432212359752455,1,152,1,0,0,1,0
50,20,67.38230895996094,91779,3,1.3206733714155634,2,0,0,0,0,1,0
53,32,38.723426818847656,90245,3,1.5709634363216254,3,104,0,0,0,0,0
37,20,68.7912368774414,91409,3,1.426363845220031,2,119,1,0,1,1,0
40,15,67.69786071777344,91444,3,0.49706187269237945,2,0,0,0,0,0,0
47,33,45.97548294067383,93123,3,0.8088839292004469,2,166,0,0,0,0,0
53,28,20.154102325439453,92167,2,0.49641145818128307,3,0,0,0,0,0,0
38,9,167.67535400390625,94640,1,5.567015443644186,1,0,1,0,0,1,0
53,24,160.60293579101562,94777,2,5.212836558004549,1,0,0,1,0,0,1
54,24,62.67993927001953,94394,4,2.2654978417827802,1,0,0,0,0,0,0
45,19,86.2522201538086,95142,2,0.6984375287772863,1,224,0,0,0,0,0
33,10,77.21282958984375,90232,4,2.7355233392790486,1,187,0,0,0,1,0
27,1,25.857101440429688,95531,1,0.29316049907175296,2,0,0,0,0,1,0
42,19,111.4766616821289,94595,3,2.0991453154586273,2,0,0,0,0,0,1
37,2,19.516435623168945,96100,2,0.5934908948487454,3,0,0,0,0,0,0
54,26,54.6013069152832,94122,2,0.38566453702306025,3,112,1,0,0,1,0
42,27,29.716154098510742,94383,3,1.345461785665674,2,116,1,0,0,1,0
61,30,50.2828483581543,95923,1,1.366657961366387,3,246,0,0,0,0,0
51,17,77.14832305908203,91113,4,3.5346131510565812,1,0,0,0,0,0,0
29,4,13.473431587219238,95218,4,0.2583987630510622,2,0,0,0,0,1,0
49,32,93.04915618896484,93480,2,1.5582417856974922,1,0,0,0,0,0,0
50,26,70.74710845947266,92934,4,0.12608494856738914,3,149,0,1,0,0,0
33,6,64.75878143310547,92639,4,1.3212049591832578,3,0,0,0,0,1,0
61,35,20.334165573120117,94455,1,0.9951693897715757,2,0,1,0,0,1,0
56,32,58.32860565185547,92201,1,0.5731623611278497,1,0,0,0,0,0,0
39,14,75.9161148071289,91607,2,1.1392249830718595,1,0,1,0,0,1,0
60,32,45.47195053100586,91878,2,0.6053352699793919,1,0,0,0,0,1,0
53,34,69.8882064819336,92919,3,3.9849551093538524,3,0,0,0,0,1,0
35,10,27.5548095703125,92728,2,0.2624365164517853,3,0,1,0,0,0,0
23,-1,59.363121032714844,91957,4,0.2785262121526826,2,103,0,1,0,0,0
34,8,66.22234344482422,91750,4,1.757369500378355,3,0,0,0,0,1,0
46,21,90.88416290283203,94764,3,3.9948412620281717,2,0,1,1,1,1,0
45,26,140.8711395263672,95579,1,7.608388532442282,1,198,1,0,0,0,0
29,6,102.73298645019531,90543,2,1.1107927442307692,3,220,0,0,0,1,0
49,20,38.01307678222656,94670,2,0.01116463053404948,1,0,1,0,0,0,0
36,15,140.4136962890625,90378,2,0.7857484660706577,1,145,0,0,0,1,0
56,28,52.24574279785156,95514,2,0.40094634446322064,1,0,0,0,0,0,0
28,3,55.82452392578125,91934,3,0.8844847860346158,1,129,0,0,0,1,0
35,12,133.7838134765625,90210,2,2.5588876077448433,1,133,0,0,0,0,0
55,34,26.88524055480957,93040,3,1.5462543858746174,1,107,0,0,0,0,0
41,29,44.32713317871094,91436,4,0.6209668448719079,2,87,1,0,1,1,0
53,24,98.61233520507812,95510,1,6.596490550807011,1,0,0,0,0,0,0
30,7,46.10184860229492,92170,4,0.08656963589227729,3,0,0,0,0,0,0
61,29,34.97145080566406,90175,2,0.7909412658326646,2,0,0,0,0,1,0
41,21,170.26303100585938,94909,2,4.071285365792497,1,0,1,1,1,1,1
43,19,68.52127075195312,95362,2,0.1588385355085629,1,0,1,0,0,0,0
42,18,58.86336135864258,91986,1,1.3684945643822237,3,0,0,0,0,1,0
56,25,59.00428771972656,92704,1,1.49076949248138,1,0,0,0,0,0,0
59,34,25.933652877807617,95208,3,0.3252017190961122,2,0,1,0,0,1,0
45,25,34.888221740722656,95595,3,0.3805438610146729,3,0,0,0,0,0,0
39,8,52.93534469604492,92364,1,0.0240893540917943,3,0,1,0,0,0,0
49,3,125.3481216430664,94751,4,2.923900480811558,2,0,0,0,0,1,1
51,22,111.59297943115234,91200,1,0.20791740250045382,1,0,0,0,0,1,0
46,28,127.71945190429688,92096,3,1.5582901956826083,2,0,1,0,0,0,0
56,31,47.106300354003906,92568,4,2.9410968585837303,1,0,0,0,0,1,0
29,5,31.778871536254883,94908,1,0.218752999641006,2,84,0,0,0,0,0
53,30,34.83992385864258,92189,3,2.0647386332372144,2,0,0,0,0,1,0
56,28,19.380950927734375,94846,3,1.1430090311546863,2,0,0,0,0,0,0
37,11,58.57781982421875,94782,1,1.1575290555362008,3,0,0,0,0,0,0
66,39,29.054166793823242,90185,1,4.6912743986025225,3,83,1,0,0,1,0
41,11,126.7471923828125,95863,2,4.57685661259177,2,0,0,0,0,1,0
25,4,103.34542083740234,91753,4,1.9024159005568424,2,0,0,0,0,1,0
55,30,42.50606155395508,95083,2,1.816379601736791,1,178,0,0,0,1,0
46,18,113.9458999633789,93187,2,0.9812027268321364,2,0,0,0,0,0,0
42,17,66.95854949951172,92800,4,0.48620571272789975,1,115,1,0,1,1,0
59,24,167.01390075683594,95108,1,9.027550207585508,1,0,0,0,0,1,0
41,21,20.247493743896484,93364,4,0.7325981412539122,2,127,1,0,0,1,0
44,25,40.27903747558594,94962,1,2.454547637325492,1,0,1,0,0,1,0
61,36,65.49827575683594,92073,3,2.16366105030916,2,0,0,0,0,0,0
45,17,45.3675651550293,90912,2,0.4148005926310881,1,149,0,0,0,0,0
39,17,142.88914489746094,94403,2,1.269193350313115,1,0,0,0,0,1,0
23,1,61.08061981201172,95925,1,2.602794484172155,1,0,1,0,0,0,0
64,39,172.93844604492188,94017,4,2.5268171535335133,3,0,0,0,0,0,1
55,35,20.738826751708984,92043,4,1.2055305516629848,1,0,0,0,0,1,0
59,39,58.3358039855957,92087,3,2.0572714511871744,2,0,0,0,0,0,0
56,30,81.18716430664062,92260,2,5.306859580537996,1,0,0,0,0,0,0
47,26,162.6227264404297,90434,1,2.4013669891468377,1,0,1,0,0,0,0
52,20,63.90562057495117,91846,4,2.050464445093349,3,0,0,1,0,1,0
35,5,93.9505615234375,92357,2,1.7493273488699863,1,296,1,0,0,0,0
39,11,93.92790985107422,91460,2,1.8086173911181034,3,0,0,0,0,0,0
57,34,125.68065643310547,91461,2,0.6684858939668501,1,0,0,0,0,1,0
52,30,81.60042572021484,92892,1,1.9777932921594896,1,0,0,0,0,1,0
26,3,72.59568786621094,95841,3,1.556586250237713,2,182,1,0,0,0,0
46,25,188.3237762451172,91743,2,5.657899153217317,1,385,0,0,0,1,0
62,34,47.840877532958984,94456,4,0.633877759483817,3,133,0,0,0,1,0
40,6,72.00032043457031,91815,2,4.28316751035713,3,0,0,1,0,0,0
37,8,162.9295654296875,91996,3,3.0524085507202487,1,0,1,1,1,0,1
43,10,209.81539916992188,94840,2,5.561247751798219,1,516,0,0,0,1,0
25,6,105.20338439941406,94302,1,0.4253209080889158,3,148,0,1,0,0,0
53,19,75.63156127929688,90368,2,3.7551248749479957,3,0,0,0,0,1,0
27,3,105.69024658203125,91820,3,1.5008188042882762,1,0,0,0,0,1,0
53,27,37.9691162109375,95585,3,0.20241233068875253,1,0,0,0,0,1,0
55,37,62.210060119628906,92867,2,3.104538145612328,2,129,0,0,0,0,0
25,2,101.29573059082031,92186,3,4.984941673797265,2,0,0,0,0,0,0
59,36,24.929040908813477,92261,4,0.7768454119329489,2,0,0,0,0,1,0
25,1,26.346303939819336,91467,2,1.5490788906233304,2,102,0,0,0,0,0
34,9,46.568790435791016,94535,3,3.3472207377497214,1,0,1,0,0,1,0
55,26,67.11677551269531,91764,2,1.3192765360079415,3,0,0,0,0,0,0
59,38,61.565486907958984,90980,3,2.074574230875311,2,0,0,0,0,1,0
63,37,61.80379104614258,90074,4,0.22469744640825062,1,0,0,0,0,1,0
52,25,102.40052795410156,94673,1,2.791133690223888,1,124,1,0,0,0,0
53,28,39.62468719482422,90094,2,2.349782753397707,1,144,1,1,1,1,0
39,12,110.53282928466797,92647,1,1.7181708009927776,3,0,1,0,0,0,1
43,10,41.931217193603516,94891,3,0.4656407027812845,3,0,0,0,0,1,0
26,-2,13.091912269592285,93342,3,1.500094746379431,3,0,0,1,0,1,0
60,33,55.76934051513672,94594,4,4.4354504165188695,2,0,0,0,0,0,0
57,28,47.98976516723633,90358,1,2.820119152415493,2,0,0,0,0,0,0
46,29,50.421966552734375,91495,1,2.4256770201450206,2,0,0,0,0,0,0
44,25,32.80655288696289,94716,4,1.3296019827068526,3,0,1,0,0,0,0
34,12,33.39136505126953,95376,4,0.1835648233278544,2,0,1,0,0,0,0
46,30,199.66012573242188,93549,1,2.7280807830621505,3,505,1,0,0,0,1
61,40,81.6756362915039,95978,3,1.2395271146806104,1,0,1,0,0,1,0
40,14,74.8037338256836,94525,1,1.5111395300921542,3,190,0,0,0,0,0
44,21,44.77302169799805,92619,1,0.06365408318030327,2,0,1,0,0,0,0
46,26,77.64866638183594,90652,2,4.209625800569292,1,0,0,0,0,1,0
34,9,59.56383514404297,92132,1,0.7058557116262826,3,0,1,0,0,0,0
59,34,16.150440216064453,92960,1,1.947699877121613,3,103,1,0,0,0,0
47,20,47.60637283325195,89959,2,0.15234592994689972,1,0,0,0,0,0,0
66,40,31.894916534423828,91169,1,1.190081350290727,3,0,0,0,0,0,0
52,27,64.18313598632812,92781,4,0.6414854410364237,1,0,1,0,0,1,0
63,36,38.799495697021484,91362,1,0.5658930988951666,3,0,0,0,0,1,0
58,17,66.43881225585938,94247,2,1.6725741544771155,2,0,0,0,0,1,0
29,17,30.212867736816406,91528,1,1.3342584837325615,2,0,1,0,0,1,0
38,9,106.95264434814453,94939,4,2.9348041519747814,1,0,0,0,0,1,1
62,30,51.62568283081055,90076,4,1.6931272454172548,2,0,0,0,0,1,0
29,1,133.40420532226562,94830,2,1.4069979344893109,2,0,0,1,0,1,1
48,11,26.63007926940918,95044,2,0.06712318313018184,3,0,0,0,0,0,0
53,33,17.416227340698242,94864,4,0.44237797176169324,2,104,0,0,0,1,0
36,9,81.5212173461914,95382,4,3.256581574636533,1,0,1,0,0,1,0
28,6,98.19283294677734,95668,1,0.7184275494045363,2,0,0,1,0,0,0
30,1,105.58938598632812,94754,3,2.364495368318278,1,0,1,0,0,0,1
65,39,45.67271041870117,91878,2,1.3112913044182912,2,0,0,0,0,0,0
43,20,42.71311569213867,94210,3,1.2322480878486304,2,0,1,0,0,1,0
45,29,126.8067855834961,94560,3,3.0777112108196247,1,209,1,0,0,0,1
26,4,105.12191772460938,93815,2,2.6078890924286573,1,0,0,1,0,0,0
40,18,42.87026596069336,91678,1,0.33821881690779315,3,182,1,0,0,0,0
52,33,149.8254852294922,95612,2,1.6147807670226213,1,0,0,0,0,1,0
28,2,35.91899108886719,94433,3,0.29134551880430476,2,133,0,0,0,0,0
63,40,69.33462524414062,94201,4,2.6480213899728913,3,0,0,0,0,0,1
29,2,25.512775421142578,91939,1,1.6674667705083255,3,0,1,0,0,0,0
29,13,111.72191619873047,90125,4,2.531447469725453,2,159,0,0,0,1,0
54,23,152.1529541015625,94462,2,3.9886114198537337,1,229,0,0,0,0,0
34,10,37.26484680175781,94915,2,2.6809780703602435,1,120,0,0,0,1,0
54,26,119.97297668457031,90245,2,1.3080363347169568,1,0,1,0,0,1,0
53,17,200.008544921875,90198,2,7.194039087236759,1,0,0,0,0,1,0
55,30,45.693572998046875,90208,2,1.957492786878167,3,0,0,1,0,0,0
56,30,22.227602005004883,92303,4,0.5629768154034838,2,100,1,0,0,1,0
30,3,63.89449691772461,94587,2,1.0960367680505612,3,176,0,0,0,0,0
43,14,128.9203338623047,90339,3,0.8602890781032896,3,0,1,0,1,1,1
52,23,17.668060302734375,94131,1,0.7493145066276641,2,0,0,0,0,1,0
64,38,116.13806915283203,92353,1,3.770040234680709,2,0,0,0,0,1,1
42,20,58.597023010253906,92590,1,0.40034571729921437,1,0,1,0,0,0,0
60,35,75.25443267822266,89945,2,1.699259834812639,1,0,1,0,0,0,0
43,19,64.39610290527344,94772,3,4.041878263230566,1,148,0,0,0,1,0
29,6,23.018617630004883,92539,1,1.2508641916374925,2,0,0,1,0,0,0
55,27,38.36664581298828,94573,3,1.6754031414588402,2,153,0,0,0,1,0
62,36,50.70137023925781,92983,2,0.1039150705172455,3,0,0,0,0,1,0
30,1,47.370975494384766,92881,1,0.6787269097960078,2,0,0,0,0,1,0
50,12,23.395811080932617,92837,2,1.1073158441257838,3,108,1,1,0,0,0
49,21,189.93478393554688,90514,1,0.5772112027608687,2,0,0,0,0,0,1
40,9,76.13617706298828,91931,3,0.14703193707401352,1,295,0,0,0,0,0
31,-2,136.32229614257812,92632,2,3.60851580075281,3,0,0,0,0,1,0
55,25,189.40216064453125,95953,1,6.81315068832478,1,377,0,0,0,0,1
51,23,196.91708374023438,92898,2,4.532601573079059,3,444,0,0,0,0,1
29,6,52.85697937011719,94632,3,2.306627532993636,1,0,0,0,0,1,0
29,4,118.58649444580078,95011,3,2.3693659434996146,1,0,0,0,0,0,0
39,11,25.742639541625977,92284,2,0.4403842786763299,1,0,0,1,0,1,0
49,18,55.6551513671875,94542,2,2.291381818103914,2,105,0,0,0,0,0
43,23,50.21187973022461,92781,1,1.1877983354440362,3,0,0,0,0,1,0
59,35,17.760610580444336,92419,2,0.03866034495447174,3,0,0,0,0,1,0
25,21,82.93008422851562,95028,1,5.6811453292288565,1,0,0,1,0,0,0
59,30,83.82257843017578,92738,4,1.2917315122735669,3,0,0,0,0,0,0
27,1,91.5936050415039,92961,1,2.0890642324319733,2,0,0,0,0,1,0
43,11,62.62730407714844,91901,2,1.774114858512088,1,111,0,0,0,1,0
65,38,70.72447204589844,91959,4,0.7527555535152439,1,0,0,0,0,0,0
56,20,17.613800048828125,93586,3,0.24749826482029513,3,0,0,0,0,0,0
29,14,78.57425689697266,90942,1,0.4432784807199942,1,0,0,0,0,1,0
31,7,65.66284942626953,96291,2,1.4636388334438517,1,133,1,0,0,0,0
60,29,57.308963775634766,90224,3,1.9940341877188432,2,0,1,0,0,1,0
61,35,49.69908905029297,94743,1,0.23967663716440862,1,138,1,1,0,1,0
42,15,70.71398162841797,94453,4,1.0816918173369188,1,0,1,0,0,0,0
40,13,75.94210815429688,94802,4,1.4444249405288534,2,0,0,1,0,0,0
66,38,36.873287200927734,95251,4,0.3603211691247116,2,0,0,0,0,1,0
36,8,77.47706604003906,91927,1,1.5049517605526432,3,0,0,0,0,0,0
42,14,119.11054229736328,95598,2,3.6168842120365405,1,0,0,0,0,1,0
45,12,41.184669494628906,94672,3,2.52268357831936,2,0,0,0,0,0,0
27,5,18.570653915405273,96201,4,0.6869267320554479,3,0,1,0,0,1,0
34,10,102.09527587890625,92981,2,3.120672826886128,1,0,0,0,0,1,0
56,31,73.3951644897461,91776,1,1.439177528319029,2,0,0,0,0,1,0
27,2,85.96446228027344,94094,2,1.8689596567230522,1,0,1,0,0,1,0
39,13,43.82931137084961,90299,4,1.0967855739065007,1,143,0,0,0,1,0
61,34,17.123838424682617,90487,4,0.38674093193743775,1,107,0,0,0,0,0
40,23,48.512210845947266,94419,1,1.3877382064294146,3,0,0,0,0,0,0
29,2,197.17941284179688,91516,1,5.564111345468553,1,241,1,0,0,1,0
30,13,53.236507415771484,94603,2,0.20043520115832536,1,0,0,1,0,1,0
39,9,47.454627990722656,90945,3,0.32421123209544706,3,0,0,0,0,1,0
61,33,62.13491439819336,95657,3,2.566731294098393,2,0,0,0,0,1,0
36,9,12.90570068359375,94451,4,0.287259796972936,1,0,0,0,0,1,0
29,2,100.60726165771484,92124,4,2.8584106864650516,1,0,0,0,0,1,0
31,18,41.00522994995117,92286,2,1.5729125395406465,3,0,0,0,0,1,0
34,8,185.00149536132812,92112,2,7.309894281769946,1,0,0,0,0,0,0
50,23,47.671382904052734,93682,4,1.3364256338580982,3,199,1,0,0,0,0
43,22,17.26310920715332,92762,4,0.2263973241395254,1,0,1,0,0,0,0
32,2,11.959674835205078,92260,4,0.46583595883116224,1,0,0,0,0,1,0
56,30,87.63580322265625,91628,4,0.2900023421996364,2,295,0,0,0,1,1
64,38,30.10875129699707,96013,1,0.1490663420726479,3,104,0,1,0,1,0
38,21,86.6751480102539,91891,1,0.6907542303878165,1,0,0,0,0,0,0
57,37,27.487089157104492,92831,1,1.3084918636202294,2,0,0,0,0,0,0
57,28,106.51457214355469,92357,2,1.0693345283402087,1,0,0,0,0,0,0
32,33,175.85281372070312,92930,1,0.8854350271770153,2,0,0,0,0,0,1
42,20,25.214122772216797,90366,3,0.5431000306015547,2,0,0,0,0,0,0
46,24,41.236915588378906,91894,3,1.1256644691377726,2,0,0,0,0,1,0
29,9,40.65559387207031,92224,1,0.0838162273191368,3,119,1,0,0,1,0
59,34,19.681488037109375,95829,4,0.1106960470310995,1,82,0,0,0,0,0
42,23,46.57759475708008,93353,3,0.9354062808189119,2,0,0,0,0,1,0
52,17,42.910125732421875,90455,4,1.610385129185611,2,0,0,0,0,1,0
51,22,86.3502426147461,91319,4,0.7906303125871413,1,226,0,0,0,0,0
53,21,35.06489562988281,92028,4,0.14732326079808417,1,230,1,0,0,0,0
59,33,15.60242748260498,94244,1,0.7550949451090975,3,0,0,0,0,1,0
57,30,32.02534866333008,90061,4,1.3231790676337885,1,0,1,0,0,1,0
35,14,79.81024169921875,94034,4,1.835834185363635,2,0,0,0,0,1,0
38,9,43.83998107910156,93107,2,0.8671549219927097,3,129,0,1,0,0,0
50,24,40.761634826660156,92123,4,1.4213095900540738,2,0,0,0,0,1,0
40,13,189.96340942382812,96101,2,6.349474183916598,1,0,1,0,0,1,0
62,37,42.494720458984375,93084,1,1.1576095443237493,3,174,0,0,0,0,0
24,6,81.24244689941406,90505,1,2.544766346712625,1,103,0,1,0,0,0
47,29,53.273956298828125,91566,3,0.30288076259675145,1,0,0,0,0,1,0
60,33,32.24795150756836,94061,3,1.1134464367615398,2,0,0,0,0,1,0
45,24,41.73173904418945,94661,3,0.7326602281803419,2,0,0,0,0,1,0
46,10,49.70857620239258,93058,4,1.2793398871818393,3,110,0,1,0,0,0
47,32,47.588863372802734,94778,3,2.385748546300631,1,0,0,0,0,0,0
29,0,59.54609298706055,94550,2,2.153690043903027,2,0,0,0,0,0,0
35,7,132.02381896972656,92944,2,2.9943553351544336,1,0,1,0,0,0,0
57,26,90.3315200805664,95128,4,2.5298380535670524,3,0,1,0,0,0,0
36,9,19.825361251831055,96432,2,0.2286501277731005,3,0,1,0,1,1,0
44,9,72.32498168945312,91709,4,2.4541848696178925,1,168,0,0,0,0,0
28,3,46.77676010131836,91861,3,1.5771428256479958,2,189,0,0,0,0,0
34,17,32.083805084228516,95398,1,0.16827395751991392,3,0,0,1,0,0,0
61,40,124.98989868164062,92050,2,2.817566800642351,1,0,1,0,1,1,0
51,28,29.04673194885254,92717,1,2.578621644150369,2,161,1,1,0,1,0
48,23,122.6016616821289,92388,2,2.5716624025973327,1,0,0,0,0,1,0
55,26,150.87606811523438,95690,2,3.2596742161317747,1,399,0,0,0,0,0
32,8,41.30615997314453,93752,3,1.0355514688892873,2,0,1,0,0,0,0
36,13,58.22264862060547,91284,1,1.5783668737995784,2,0,1,0,0,1,0
34,13,43.38958740234375,92148,2,2.289404428150376,1,105,0,0,0,0,0
32,4,59.0501708984375,94074,4,1.0810950173395857,2,0,1,1,0,0,0
51,18,144.25845336914062,92726,1,6.967404153881639,1,0,0,0,0,0,0
33,7,167.0920867919922,91298,3,2.776614154171276,1,0,1,0,0,0,0
64,34,47.5714111328125,93330,2,2.002667306210905,3,0,0,0,0,1,0
49,28,42.517391204833984,93837,4,1.3132613222045286,3,0,0,0,0,1,0
48,28,89.83702850341797,90256,1,3.940937709166126,1,0,0,0,0,1,0
41,19,108.28014373779297,95148,3,1.9381762608911173,1,264,0,0,0,0,0
55,21,97.62146759033203,95223,2,0.9549776803359824,3,0,1,0,0,1,0
43,24,157.08355712890625,94391,1,0.14496661626946206,3,129,0,1,0,0,1
44,6,54.74030685424805,94765,4,1.8975833425267867,2,0,1,0,0,1,0
36,10,172.16033935546875,91549,2,3.2289254323455787,1,0,1,0,0,0,0
65,40,45.94760513305664,92742,2,1.9702780946504053,2,124,0,0,0,1,0
47,18,162.2735595703125,94467,1,6.674103171306093,1,353,1,0,0,0,0
59,31,36.76887512207031,91014,1,0.8382379255310295,3,0,0,0,0,1,0
36,10,90.92927551269531,91753,2,2.0691691894192057,3,0,1,0,0,1,0
35,5,182.96783447265625,95550,2,5.910595408873742,1,293,0,0,0,0,0
66,42,67.19673156738281,92110,4,2.342746214990106,2,0,0,0,0,1,0
35,16,184.0430145263672,90191,3,1.5604476301462742,1,0,0,0,0,1,1
31,4,30.756563186645508,91218,2,0.2009702414798698,2,0,0,0,0,1,0
42,3,62.50921630859375,94710,2,1.5830985094933272,3,153,0,0,0,0,0
63,37,15.710947036743164,90693,3,1.1801390312985762,1,0,0,0,0,1,0
63,37,25.522186279296875,92100,3,2.4505354457586472,1,0,0,1,0,1,0
61,29,50.238250732421875,91683,1,4.450180798735642,1,0,0,1,1,1,0
31,3,21.462360382080078,94526,1,1.5662800336877123,3,0,0,0,0,1,0
32,4,52.83280563354492,94214,4,1.9270518048937038,1,0,0,0,0,0,0
26,1,203.89874267578125,94716,1,5.955971350271294,3,0,0,0,0,1,1
51,24,56.00584411621094,94073,1,1.1085432291124935,2,0,1,0,0,0,0
27,22,44.98163604736328,94322,4,2.1808211208583876,1,224,1,0,0,0,0
27,5,42.4719352722168,94094,1,0.370708802971678,2,0,0,0,0,0,0
42,24,86.98097229003906,90247,1,1.4050857655620923,3,0,1,0,0,0,0
34,5,86.53864288330078,95925,2,2.7366060032392627,1,0,1,0,0,0,0
60,38,80.7784194946289,92815,4,1.110883315476219,3,0,0,1,0,0,0
56,25,18.97595977783203,96478,1,0.9328958672973541,3,145,0,1,0,1,0
44,19,123.89900970458984,94617,2,2.485964544774653,3,278,0,0,0,1,1
48,23,65.11012268066406,91554,3,1.0027797319721832,2,0,1,0,0,0,0
55,18,77.43184661865234,91397,1,0.27568176289015295,1,0,0,0,0,1,0
29,5,61.34918212890625,94733,4,1.646119454546855,3,0,0,0,0,0,0
55,38,31.648361206054688,95446,2,0.5508934589328645,1,0,1,0,0,1,0
62,41,49.71339416503906,90290,1,0.40079284206128674,2,0,0,0,0,1,0
51,20,43.758758544921875,95974,4,1.0191517289796235,1,0,1,0,0,0,0
42,17,179.75982666015625,91808,1,0.9882854625147884,1,0,1,0,0,0,0
47,23,133.47988891601562,90191,3,5.154603976832868,1,0,1,0,0,1,0
52,19,52.290069580078125,92163,1,2.368822647610057,2,0,0,0,0,1,0
60,38,56.804664611816406,92204,1,1.2510915999572176,1,223,1,0,0,1,0
59,29,85.26863098144531,91406,1,2.0050143627869503,1,0,0,0,0,1,1
31,4,126.21589660644531,94416,1,1.6341370298924602,1,291,1,0,0,1,0
32,12,34.3629150390625,92293,2,0.26716646759306706,3,0,1,0,0,0,0
27,12,95.1749038696289,95640,4,0.7271802659065598,3,201,1,0,0,1,0
36,13,46.140953063964844,94128,1,0.30546725574325256,3,81,1,0,0,1,0
61,35,70.75047302246094,94178,3,1.8850690366099003,2,0,0,1,0,0,0
41,24,41.746158599853516,93071,2,0.49671523878217505,1,374,0,0,0,0,0
47,21,55.15846633911133,94592,3,1.0256214533505288,2,0,0,0,0,1,0
56,21,105.0667724609375,94206,1,3.7177975649482997,1,435,1,0,0,0,0
33,16,147.06024169921875,91477,2,7.329680358337011,1,179,1,0,0,1,0
34,9,131.38540649414062,93767,2,0.5397408230684064,2,104,1,0,0,0,0
47,20,167.51760864257812,92665,2,7.354816605976734,1,0,0,0,0,0,0
43,21,50.9156608581543,95022,3,0.3922048907769097,2,0,0,1,0,1,0
53,31,13.785505294799805,94990,2,0.5013812084324947,3,81,0,0,0,0,0
59,20,108.37944793701172,95128,2,3.6631339305773256,3,0,1,0,0,0,0
34,11,60.56920623779297,91282,3,0.6727096640660716,2,0,0,0,0,0,0
60,36,97.25765228271484,91977,2,2.390283486734562,1,223,1,0,0,0,0
45,21,116.2987289428711,94301,1,2.2225133082890824,2,0,0,0,0,0,1
56,32,31.013404846191406,95556,1,1.7711640056216091,3,0,0,0,0,0,0
64,35,106.09771728515625,95038,1,4.02146316305897,1,0,0,0,0,0,0
61,24,89.32701110839844,95063,2,0.18489404932841624,1,0,0,0,0,1,0
55,21,92.19783020019531,92192,2,2.2266359404740674,1,0,0,0,0,0,0
50,25,49.82341384887695,92878,3,1.0054735669957668,1,0,1,0,0,0,0
55,41,10.96916675567627,94316,1,0.12536684758694033,1,159,1,0,0,1,0
31,11,47.136741638183594,94384,2,1.0359162017425847,1,368,1,0,0,1,0
64,37,19.328235626220703,93411,4,2.035823375964055,3,102,0,0,0,1,0
51,15,54.26874923706055,92028,1,1.8521423299183448,3,173,0,0,0,0,0
52,34,74.27516174316406,93040,4,1.8766954801809277,1,0,0,0,0,1,0
47,30,87.79768371582031,91353,2,3.0844319319441,1,0,1,0,0,1,0
37,11,104.13800811767578,92037,1,2.1936480674243835,1,0,1,1,1,1,0
27,7,29.941329956054688,92362,1,0.8002221114790014,2,0,0,0,0,1,0
52,24,57.948646545410156,91489,1,2.0958071911109846,2,0,1,0,0,0,0
54,28,194.30555725097656,90338,1,0.37079526215779557,1,0,1,0,0,0,0
55,27,34.34257125854492,93034,2,0.1413576290555126,1,144,1,0,0,0,0
27,4,177.2938232421875,94187,4,6.813971091692895,3,76,0,0,0,1,1
56,33,55.27771759033203,91848,3,0.6345517892382769,3,0,1,0,0,0,0
28,5,121.15062713623047,90094,2,2.8695358033955776,3,0,1,1,0,0,0
34,15,108.72840881347656,93845,2,6.099928624642542,1,106,0,0,0,0,0
56,24,21.58745765686035,96417,3,1.3103316909665965,2,0,0,0,0,1,0
47,26,102.7546615600586,94129,2,0.7470616710821905,2,148,0,0,0,0,0
27,1,52.84970474243164,94010,1,0.6055966720742993,2,0,0,0,0,1,0
38,8,48.527198791503906,91788,4,1.1669449681036834,1,0,1,0,0,0,0
59,38,20.614368438720703,91143,3,0.5320477614421861,3,111,0,0,0,1,0
49,31,69.02534484863281,92460,2,2.395787356507737,1,0,0,0,0,0,0
48,22,149.8332977294922,93825,2,2.347786139516357,1,0,0,0,0,1,0
30,4,55.229740142822266,92093,1,2.431558391211514,1,0,0,0,0,1,0
34,8,64.12443542480469,92181,4,3.6764256292934805,1,108,1,0,0,0,0
63,36,40.52402877807617,91768,1,1.4495433648976677,3,141,0,0,0,0,0
55,32,58.69432830810547,90311,2,0.33798470436996947,1,0,1,0,0,1,0
46,20,139.7699432373047,94170,1,1.6442021654401153,1,0,0,0,0,1,0
41,15,156.4774169921875,92839,2,6.597268994169122,1,100,1,0,0,0,0
29,2,23.021404266357422,93552,4,0.7223870210801006,2,0,0,0,0,1,0
39,14,86.83272552490234,94626,2,4.797749079886817,1,0,0,0,0,0,0
26,3,51.193477630615234,94531,1,2.5657746416485394,3,0,0,0,0,1,0
48,29,146.0263671875,93186,3,5.8043735912985355,3,0,0,0,0,0,1
58,35,96.4565658569336,91497,1,2.372539686417454,1,0,1,0,0,0,0
43,17,36.263450622558594,90304,3,0.7110032584424606,3,0,1,0,0,1,0
49,28,79.72476196289062,94959,4,0.6708894882765617,1,385,0,0,0,1,0
44,27,44.862770080566406,94998,1,0.5099128187595443,3,387,1,0,0,1,0
53,23,43.680049896240234,90992,3,0.09988141995527303,2,127,1,0,1,1,0
38,12,118.56233978271484,94414,2,0.3121192040838124,1,0,1,1,0,0,0
35,13,97.73645782470703,90252,3,0.8400323854310824,2,0,0,0,0,0,0
35,8,35.56489181518555,91673,4,1.8644023319604592,1,0,1,0,0,1,0
33,15,24.944517135620117,94765,3,1.1580395848202452,2,0,1,0,1,1,0
61,35,77.66107177734375,93903,2,2.2391237853940726,1,0,0,0,0,0,0
48,23,166.6782684326172,93075,4,4.81872955708628,3,0,0,0,1,1,1
46,26,59.81577682495117,95138,4,1.7547165993221594,1,0,1,0,0,1,0
30,7,101.97135162353516,94580,3,2.1472541583893943,2,0,0,0,0,1,0
30,3,85.03153228759766,91376,3,1.0307685519332224,2,0,1,1,0,1,0
27,4,34.105865478515625,91971,3,0.21018922897845865,3,0,0,0,0,1,0
35,19,12.462620735168457,94580,2,0.22832009021404165,3,88,0,1,0,0,0
64,27,113.57352447509766,95719,2,2.7572626572866064,1,418,1,0,0,1,0
48,23,176.8856201171875,93481,1,7.388132434885775,1,0,1,0,0,0,0
53,22,29.809860229492188,94779,2,0.44781911743819347,1,0,0,0,0,0,0
42,14,22.39748191833496,95525,4,0.2185218404958386,1,0,1,0,0,0,0
32,32,77.59036254882812,92255,1,3.2680534365625635,3,0,1,0,0,0,0
42,16,121.29246520996094,90186,2,2.319111982371173,2,0,0,0,0,0,0
48,17,13.284200668334961,94966,1,0.19454981331800633,2,116,1,0,0,0,0
58,36,48.42841720581055,94794,3,0.14370462214440693,1,0,0,0,0,0,0
52,34,96.55496978759766,92906,4,1.467532447823525,3,0,0,0,0,0,1
61,34,52.4727668762207,91692,2,1.2009563441410829,1,112,0,1,0,1,0
35,10,85.74266052246094,91034,1,3.462131680875687,1,0,1,0,0,1,0
54,21,34.64292907714844,92420,2,0.03116850929618603,3,90,0,1,0,0,0
28,2,88.16844177246094,93466,4,1.522157499620655,2,0,0,0,0,0,0
40,14,88.26612091064453,95926,2,1.240712325063617,3,0,0,1,0,1,0
40,16,64.37279510498047,95268,2,2.9874644409096622,2,175,1,1,0,0,0
25,0,62.95969772338867,94454,1,1.037536844123016,2,119,1,0,0,0,0
44,14,137.47140502929688,91535,2,3.671228638556295,1,0,1,0,0,1,0
27,1,141.60520935058594,94369,3,6.012041936568547,1,0,0,0,0,0,0
41,16,48.93331527709961,93359,4,0.0898382047138844,1,0,1,0,1,1,0
54,27,118.47833251953125,93392,1,1.2679658605560267,2,0,0,0,0,1,0
36,11,43.07737731933594,94405,4,0.15288224260848096,3,96,0,0,0,0,0
35,12,36.131439208984375,96018,2,1.3786700414844222,3,0,1,0,0,1,0
54,26,146.1865234375,91228,2,1.0840842680919145,1,324,1,0,1,1,1
49,11,45.032142639160156,94671,1,1.5341600099517958,2,0,0,0,0,1,0
60,36,103.50833892822266,91913,2,2.1194216502958105,3,241,0,0,0,1,0
31,3,100.5718765258789,91698,4,2.434388150769985,1,0,0,0,0,0,0
41,14,98.1992416381836,94822,2,2.7175733494976106,1,0,0,0,0,0,0
44,18,92.24019622802734,91970,1,2.412881094941586,1,0,1,0,0,0,0
40,17,74.14967346191406,95874,2,0.11238094614471306,1,0,0,0,0,0,0
60,32,36.04204559326172,95638,3,0.9362836353967974,3,112,0,0,0,1,0
48,17,53.916893005371094,95931,1,0.7354422484316946,3,0,0,0,0,1,0
47,24,166.55795288085938,93100,1,0.5171772027470465,1,352,0,0,0,1,0
45,24,55.96049118041992,92710,4,0.050427625138436794,3,0,1,0,0,0,0
47,16,55.1948127746582,93453,3,0.4396277152107041,2,0,1,1,1,1,0
53,31,28.462848663330078,92000,2,1.4983083372184567,3,0,0,0,0,0,0
39,12,46.67328643798828,94795,2,0.870070637105088,3,0,0,0,0,1,0
34,7,32.37157440185547,94179,3,2.0261132192511235,1,0,0,0,0,0,0
65,37,28.236886978149414,94864,1,2.0858210763889344,3,71,1,0,0,0,0
30,5,81.94358825683594,94399,1,2.201126115026484,3,0,0,0,0,1,0
30,4,44.25284957885742,94548,3,1.3399726978919055,2,0,0,0,0,1,0
45,25,64.57794189453125,93124,1,0.8177072740340252,1,0,1,1,1,1,0
47,18,45.70210266113281,93907,4,1.20529427217604,2,0,1,0,0,1,0
28,2,41.05449295043945,94162,3,1.7662437027299307,2,0,0,0,0,1,0
43,18,84.20452117919922,92330,1,4.663548602827647,2,0,0,0,0,1,0
65,40,130.03530883789062,90101,2,1.2693361857153156,3,0,1,0,0,0,0
57,36,95.90486907958984,91194,1,0.7867544371967581,3,0,1,1,1,1,0
56,26,108.58087158203125,95233,1,2.8145443166018405,1,0,0,0,0,0,1
32,8,36.435157775878906,94445,1,1.276976542184744,3,0,0,1,0,1,0
47,7,30.710458755493164,94108,4,0.9580985809622705,1,0,1,1,0,1,0
37,10,202.06687927246094,91936,1,3.7841137877649715,1,0,0,1,0,1,0
42,29,83.21084594726562,93305,4,0.8775931686060382,1,0,0,1,0,0,0
41,15,36.19871520996094,90235,2,2.133578270653783,2,111,1,0,0,0,0
60,32,153.3822479248047,91823,2,3.279634936471501,1,118,0,0,0,1,0
51,18,24.095829010009766,92554,1,0.37446797809811794,1,0,0,0,0,1,0
47,27,166.43016052246094,93681,1,8.382136116597273,1,0,1,0,0,0,0
37,21,14.521379470825195,95089,3,0.374226335956142,1,104,1,0,0,0,0
32,10,25.762710571289062,96019,4,0.7747978844216158,1,0,1,0,0,1,0
47,13,117.05345153808594,92580,4,3.513359791449299,3,0,1,0,0,1,1
57,27,80.3737564086914,94909,2,0.9027108454190584,3,0,0,0,0,0,0
30,3,44.22098922729492,95246,4,0.5276891041466593,1,0,0,0,0,1,0
58,35,90.29167938232422,92777,1,1.080126044981018,1,0,0,0,0,0,0
50,22,32.96173858642578,92224,2,1.5587518921438719,2,102,0,0,0,1,0
38,12,148.475341796875,94145,2,8.15588676617145,1,0,0,0,0,1,0
56,18,117.86285400390625,94056,2,5.43022798653258,1,0,1,0,0,1,0
58,36,66.8695068359375,94591,2,2.645142120819873,2,154,0,1,0,0,1
50,25,40.92026901245117,92288,3,1.6764666229781664,1,0,0,0,0,0,0
63,39,78.82270050048828,92963,1,1.942402383459189,3,0,0,0,0,0,0
52,31,39.74128723144531,92196,4,1.6682990187172975,3,0,0,0,0,1,0
43,19,72.17481231689453,94967,4,3.2042317997976406,2,0,0,0,0,1,0
43,15,80.35212707519531,94332,2,0.6321160455656332,3,0,1,0,0,0,0
46,17,110.2791519165039,94403,4,1.177005520136849,3,404,0,0,0,0,0
28,1,148.2719268798828,94497,4,5.3692263717796225,1,0,0,0,0,1,0
49,21,52.259620666503906,91031,1,1.220940167577245,3,0,1,0,0,0,0
35,8,50.774593353271484,94346,4,1.5677981511367796,1,0,1,0,0,0,0
42,22,187.18167114257812,94999,2,7.816536527572787,1,0,0,0,0,1,0
46,26,62.53880310058594,90256,2,0.8712871518861744,1,0,0,0,0,1,0
59,35,133.79244995117188,90172,2,0.6024078389194132,1,0,0,1,0,1,0
59,33,12.620399475097656,95391,1,0.5533039320962725,2,0,0,0,0,1,0
32,6,26.92350959777832,96178,4,0.3387600118981701,2,0,0,0,0,1,0
48,21,60.80924606323242,93061,4,0.45562533458698373,1,0,0,0,0,0,0
55,34,22.943641662597656,92334,1,0.20366876970038805,3,0,1,0,0,1,0
43,14,34.65861511230469,91665,2,0.8107282624200303,3,133,0,0,0,1,0
35,21,90.406005859375,94308,1,1.648140534654051,3,0,0,0,0,0,0
41,16,55.47026062011719,94001,1,0.5589738535437127,3,0,0,0,0,1,0
42,20,39.09983825683594,92118,4,0.9055876671475963,1,0,1,0,0,0,0
52,20,72.98103332519531,94595,2,1.783456585586194,3,0,0,0,0,1,0
43,21,62.66130447387695,94766,2,1.6094182861186503,1,109,0,0,0,0,0
31,5,34.28262710571289,92943,4,0.9505884968692374,3,0,1,0,0,1,0
63,40,34.65987777709961,92317,2,1.2502342954105206,2,0,1,0,0,1,0
52,18,40.66995620727539,94287,4,0.44887456000451226,3,119,0,0,0,0,0
39,14,136.8915252685547,93222,2,2.716716410204814,2,0,0,0,0,1,1
35,9,40.21162796020508,90122,2,1.7537863722710891,3,0,0,0,0,1,0
58,22,19.280773162841797,91401,4,0.33810623305874166,2,0,0,0,0,0,0
54,28,99.71501159667969,92204,2,2.397289000300335,2,0,0,0,0,0,0
27,29,49.9499626159668,92865,4,2.4465221854149077,1,79,0,0,0,1,0
37,12,48.45940017700195,94302,4,0.9396342894521744,1,103,0,0,0,1,0
47,16,48.57466506958008,91970,2,0.3111384725800015,2,0,0,0,0,1,0
44,24,49.80325698852539,92834,1,0.31196184068039634,1,101,1,0,0,1,0
58,36,110.99923706054688,94130,4,2.0463916934561137,2,0,0,0,0,0,0
58,38,141.23912048339844,94061,1,1.829421786146703,1,0,1,0,0,0,0
58,26,57.9330940246582,91996,1,1.5480175634807058,3,0,0,0,0,0,0
65,37,40.071929931640625,94435,2,0.4748390849119255,1,304,0,0,0,1,0
45,26,65.44408416748047,90534,4,1.8970803174229565,3,0,0,0,0,0,0
34,11,203.1580047607422,90310,1,7.810025864996147,1,0,0,0,0,0,0
44,16,152.115966796875,91879,1,4.131410753913549,2,282,0,0,0,1,1
29,11,89.20243835449219,91380,1,0.6522638713373119,1,0,0,0,0,0,0
60,35,63.93430709838867,92903,4,1.894681608871228,1,137,0,0,0,0,0
42,12,70.15374755859375,95149,1,1.4794843893900467,2,166,1,0,0,0,0
53,33,68.65391540527344,95917,2,0.20828551991139188,1,0,0,0,0,1,0
58,30,57.13026428222656,95420,3,2.4012515270072186,2,176,0,0,0,1,0
29,8,107.2909927368164,94040,2,2.1387488040628444,1,0,0,0,0,1,0
44,11,34.64735794067383,92037,2,2.731372907637298,2,103,0,0,0,0,0
27,23,87.0567626953125,91642,3,2.1615882794915464,1,0,0,0,0,1,0
42,22,81.4796371459961,91851,2,2.058583585245287,3,0,1,0,0,1,0
62,39,84.23123168945312,94681,3,1.7628965631731883,3,0,0,0,0,1,0
61,37,63.836395263671875,95646,3,1.2482183483399876,1,0,1,0,0,1,0
28,2,74.22654724121094,94660,2,3.539110726644101,1,0,0,0,0,1,0
49,38,42.06397247314453,94612,3,1.7264315019423397,1,0,0,0,0,1,0
58,37,42.63394546508789,92689,1,2.3389016661248108,1,0,1,0,0,1,0
27,3,24.065895080566406,92295,4,0.4219560853677292,3,105,0,0,0,1,0
31,5,24.217937469482422,92556,3,0.59990227626639,2,0,0,0,0,1,0
48,21,49.8198127746582,93780,1,0.8337505911079276,3,0,0,0,0,0,0
30,10,25.56754493713379,92230,3,0.4810026899961893,3,0,1,0,0,0,0
58,26,15.266072273254395,95817,3,0.16378641576815167,3,0,0,0,0,0,0
28,-2,213.70956420898438,92766,4,6.56080464693055,3,0,0,0,0,1,1
36,10,58.7053108215332,93092,2,2.4572980697109426,1,0,0,0,0,0,0
37,19,103.10662841796875,91269,2,2.7449498150914793,1,0,0,1,0,1,0
39,12,56.13633346557617,94420,4,0.8349666983310581,2,98,0,0,0,1,0
53,42,74.6435775756836,90953,2,0.19965326280311307,1,0,0,0,0,1,0
63,34,28.469879150390625,92013,3,3.5750216470725618,2,0,1,0,1,1,0
44,26,23.665470123291016,92277,3,0.18128909982879288,2,0,0,0,0,1,0
46,17,65.95825958251953,90183,4,3.036306435000464,1,103,0,0,0,1,0
45,17,68.9754638671875,91475,1,2.0550906032705907,3,0,1,0,0,1,0
35,8,30.706653594970703,93142,4,0.6832003535184608,2,108,0,0,0,1,0
64,39,76.5813980102539,91150,2,0.6460257591719951,1,0,0,0,0,1,0
38,10,72.84085083007812,91434,4,3.5773121330375144,1,248,1,0,0,1,0
29,2,108.07628631591797,91434,3,0.931697409412209,3,0,0,0,0,0,0
57,28,76.73812866210938,92928,1,2.1706431709064096,3,142,0,0,0,0,0
44,8,85.77052307128906,94111,1,2.5595781507340565,2,0,1,0,0,1,0
45,22,46.36708450317383,90142,2,0.015052115837418223,1,0,1,0,0,0,0
58,37,23.943851470947266,94529,3,0.5560759677305331,2,0,0,0,0,1,0
58,24,95.77947235107422,94289,3,3.4321841389466505,1,0,0,1,0,1,0
47,22,84.9375991821289,95936,4,3.0697676774352827,2,0,0,0,0,1,0
54,13,26.507280349731445,95759,3,0.549408804400054,2,0,0,1,0,1,0
38,19,122.14392852783203,95363,1,0.233215486699834,1,0,0,0,0,0,0
32,5,63.335960388183594,95305,2,0.3144478377833527,1,139,0,0,0,0,0
35,14,45.98336410522461,91330,4,0.034379768624132834,3,0,1,0,0,0,0
44,30,73.83094024658203,92883,1,1.897846213951804,3,0,0,0,0,0,1
62,42,135.91650390625,94702,2,1.3382323361769046,1,327,0,1,0,0,0
51,28,38.35663986206055,92879,2,0.6059811584101276,1,0,0,0,0,1,0
51,26,122.43875885009766,94624,1,1.8729910326738268,1,440,0,0,0,1,0
31,5,77.88578033447266,95208,2,0.7348800086713294,1,0,1,0,0,0,0
39,6,57.36152648925781,93967,3,2.252313986041832,1,260,0,0,0,0,0
64,38,37.81108856201172,93161,4,0.36701402735318456,2,97,1,0,0,0,0
32,4,44.193485260009766,94441,2,1.6860616173283993,3,111,0,0,0,1,0
37,2,95.02926635742188,94837,1,1.7544012782160046,3,0,0,0,0,0,0
32,3,67.15983581542969,94568,4,0.29016449469042754,1,232,1,0,0,0,0
33,23,47.91752624511719,93815,3,2.151429522571805,3,110,0,0,0,0,0
42,22,205.2569580078125,92402,1,7.778334790729858,1,0,0,0,0,1,0
30,7,41.96275329589844,94346,4,1.809208718295779,2,106,0,1,0,1,0
44,19,73.1784896850586,95882,4,1.3550569737904397,2,0,1,0,0,1,0
40,10,166.3665008544922,94223,2,2.123515924073175,1,0,0,0,0,0,0
61,32,93.08578491210938,94452,3,3.4272627334770682,2,0,1,0,1,1,1
38,13,190.34841918945312,94490,2,1.9916897765186927,1,0,0,0,0,1,0
58,28,65.23773193359375,92927,2,4.755784557793646,3,0,1,0,1,1,0
35,7,83.94328308105469,93675,4,1.5520913461983352,1,148,0,0,0,0,0
44,28,43.59818649291992,91884,3,2.8714916492166385,2,0,0,1,0,0,0
63,33,35.81905746459961,90067,2,2.468239867919253,3,0,0,0,0,1,0
32,14,139.7237548828125,92831,2,8.322031921992526,1,0,0,0,0,0,0
27,3,142.11123657226562,92257,1,2.643977591503286,1,0,0,0,0,0,0
52,34,19.338167190551758,94845,4,0.17235111119752855,3,90,0,1,0,1,0
63,36,72.18614196777344,95350,3,1.29584885711256,1,0,0,0,0,0,0
31,9,42.397098541259766,96154,1,0.06863625796189382,3,0,1,0,0,0,0
48,27,69.79347229003906,93008,2,1.164972283415147,3,0,0,0,0,1,0
56,33,32.20819854736328,93153,2,1.45408813807426,3,157,0,0,0,1,0
33,7,80.73629760742188,92161,1,1.337940823075153,3,0,0,0,0,1,0
54,17,42.726810455322266,90187,1,5.282153632009515,3,0,1,0,0,0,0
39,22,59.13518142700195,92246,2,0.32944135347075987,1,0,0,0,0,0,0
59,32,88.29133605957031,95449,1,2.2795261259731694,2,93,1,0,0,1,0
65,39,55.75706481933594,94089,4,0.7557558890432553,1,0,0,0,0,0,0
30,0,50.19084930419922,94161,3,2.5983444211994846,1,0,0,1,0,1,0
62,34,79.81241607666016,90334,3,0.23940065939022187,2,0,0,0,0,1,0
47,13,54.86421203613281,92059,2,2.930335678597226,3,0,0,0,0,1,0
37,19,61.00117492675781,93135,3,1.377599596440345,3,0,0,0,0,1,0
31,16,30.791685104370117,93886,4,0.32570358270713623,1,113,1,0,0,0,0
27,0,38.24884033203125,94690,4,0.9435868462827431,3,0,0,0,0,1,0
41,15,81.32342529296875,89900,4,3.5173758220926574,3,324,1,0,0,1,0
44,17,24.08856773376465,91928,3,0.36782377793639265,1,136,0,0,0,1,0
39,24,48.26739501953125,95652,2,0.2808814646467286,1,0,0,0,0,0,0
33,8,75.52045440673828,92074,1,0.46666637236175346,1,186,0,0,0,0,0
37,15,64.33897399902344,91473,1,0.0010600029602498284,1,156,0,0,0,1,0
33,10,34.32696533203125,93063,4,1.5322078230479157,3,0,1,0,0,0,0
35,9,36.63518524169922,90020,4,0.3725439050582213,1,0,0,0,0,0,0
56,36,68.18177795410156,96129,2,0.23026978183535796,3,0,0,0,0,0,0
46,23,145.55349731445312,95499,1,2.925760356862376,1,0,1,1,1,1,0
33,5,92.14835357666016,95967,3,1.9548157646333175,3,0,1,0,0,1,0
40,7,152.67227172851562,93953,4,1.4329665238063884,1,0,0,0,0,1,0
65,37,83.24283599853516,91144,3,0.280845874148677,2,0,1,0,0,1,0
46,14,59.17819595336914,95088,2,0.9961037110549287,1,0,1,1,1,0,0
31,8,154.84298706054688,94899,2,1.7032374417039338,2,0,0,0,0,1,1
40,24,105.34387969970703,91762,1,1.6887943895344018,1,0,1,0,0,1,0
46,32,27.050092697143555,95122,4,0.6923251649699318,2,0,0,0,0,0,0
57,38,74.28321838378906,95704,3,1.0800299934114324,2,0,0,0,0,1,0
34,9,33.88847351074219,92290,1,1.7734582482054289,3,0,0,0,0,0,0
40,15,15.007318496704102,95504,2,0.7532174022987193,1,0,1,0,0,1,0
34,9,57.04413986206055,95281,2,0.29755837832976195,3,0,0,1,0,0,0
59,25,49.269107818603516,92839,4,0.7856856038434255,3,0,0,0,0,0,0
40,11,37.21733474731445,94909,4,0.6527387116477487,1,111,0,0,0,1,0
43,12,67.74917602539062,92076,4,1.6960423473630564,3,0,1,0,0,0,0
34,11,118.51290130615234,91765,3,4.094781277214176,1,0,1,0,1,1,0
57,25,78.03712463378906,92107,4,0.6989803441094368,1,0,0,0,0,0,0
41,27,64.2620849609375,94419,2,2.427327602607308,3,0,0,0,0,1,0
58,34,52.10222244262695,91891,4,0.43171544929199523,1,0,0,0,0,0,0
54,38,53.874412536621094,94512,3,1.0190166464381476,2,0,0,0,0,0,0
47,24,26.050174713134766,95929,1,3.936096620979876,1,0,0,0,0,0,0
46,28,58.286861419677734,90673,4,1.1565987144970338,2,0,0,0,0,1,0
43,6,39.2650146484375,94370,3,1.242489769541915,1,96,1,0,0,1,0
34,8,35.81930160522461,95633,1,0.5183248324670069,2,0,1,0,0,0,0
61,37,46.580936431884766,93930,2,1.2957970271803183,3,369,0,0,0,0,0
25,0,87.84394073486328,92985,2,1.3884097724815823,1,0,1,0,0,0,0
32,4,68.56802368164062,93117,4,1.963747548166243,3,0,0,0,0,0,0
38,14,116.6242904663086,92540,4,0.41361789268715987,1,0,0,0,0,0,0
60,34,41.33626174926758,92885,1,2.2094181048801627,3,245,0,1,0,1,0
39,17,47.40217590332031,91946,1,0.4924186590482479,1,0,1,0,0,1,0
31,4,66.55390930175781,96297,4,2.1121903474772634,1,239,0,0,0,1,0
56,32,81.08859252929688,96296,2,0.17115351210353175,3,0,0,0,0,0,0
60,37,83.55082702636719,92970,3,1.7528121131700605,1,0,1,0,0,0,0
48,27,99.67881774902344,94187,1,0.19298208786506366,1,0,0,0,0,1,0
54,19,58.47439193725586,92029,1,3.3538967280141665,2,0,0,0,0,0,0
60,27,51.25461959838867,92383,4,1.1158671318908886,3,0,0,0,0,1,0
27,2,85.28305053710938,92679,2,0.735844074265201,1,0,1,1,0,0,0
53,32,61.923091888427734,94567,1,1.1922645519281465,3,0,0,0,0,0,0
62,36,143.5540771484375,89911,2,2.6660392805904713,1,0,1,0,0,0,0
26,8,50.66284942626953,93308,1,0.12564491585515722,3,146,1,0,0,0,0
40,17,57.22947692871094,94343,3,1.9826664667653462,2,0,1,0,0,0,0
29,13,159.76016235351562,91386,2,2.6397475814395923,1,236,0,0,0,1,0
37,13,115.92755889892578,94223,1,2.7997035733409064,1,0,1,0,0,0,0
55,32,31.023704528808594,96026,1,1.740869407104102,3,0,0,0,0,1,0
47,21,82.25881958007812,90923,1,8.64666513553228,1,0,1,1,1,1,0
39,5,72.7530746459961,93775,2,3.181190584813511,2,216,1,0,1,1,1
40,10,19.430561065673828,92413,3,0.38305116438719705,1,0,0,0,0,0,0
38,21,53.252201080322266,94104,4,1.5104793541359394,1,0,1,0,0,0,0
39,22,76.86067962646484,91883,4,2.1014283303900543,1,0,1,1,1,1,0
62,36,109.91773986816406,94014,2,5.463947612922583,1,123,1,0,0,1,0
62,25,69.82742309570312,94911,2,0.898150484190419,1,0,0,0,0,1,0
63,37,17.731977462768555,90643,2,0.352568622089067,3,0,0,0,0,1,0
48,23,104.77947998046875,94025,1,0.07279869858598295,1,0,0,1,0,0,0
27,9,187.0601043701172,92986,4,5.763796518892786,3,0,0,0,0,0,1
56,32,135.79074096679688,92159,2,3.552908989754384,1,0,0,0,0,0,0
43,12,34.34867477416992,92029,4,1.9322508605280841,3,0,0,0,0,1,0
47,20,87.0258560180664,92914,1,6.489816831452584,3,0,0,0,0,1,0
66,37,33.04779052734375,92013,4,2.494071964364938,1,0,1,0,0,0,0
50,28,58.084930419921875,94910,4,0.5374284891982917,2,0,0,0,0,1,0
31,11,120.33795928955078,92702,1,1.1789907938788073,3,180,0,0,0,1,0
53,26,50.04526901245117,91827,3,1.1600976103235259,2,0,0,0,0,0,0
60,33,123.94693756103516,92197,2,2.444845992917074,1,0,0,1,0,1,0
37,12,48.42547607421875,93450,2,0.5357433816865194,3,0,0,0,0,0,0
43,19,22.56659698486328,94320,2,0.16385588067263557,3,90,0,0,0,0,0
59,36,73.91073608398438,94741,2,1.7589057832819872,2,219,0,0,0,0,0
59,34,82.6738052368164,92872,2,2.2197080582338833,1,100,1,0,0,0,0
28,5,128.89454650878906,90311,1,0.5593967696544555,3,110,1,1,1,1,0
35,5,32.53045654296875,90338,4,1.043846807814059,3,0,0,1,0,0,0
32,6,61.084449768066406,89890,1,0.7173922683341065,1,0,0,1,0,1,0
47,28,170.46591186523438,92695,1,5.892144275966441,2,427,1,0,1,1,1
58,31,47.18276596069336,92310,3,0.8367570211107813,1,0,0,0,0,0,0
41,20,46.992942810058594,91476,1,2.8624580162242133,3,0,0,0,0,0,0
40,9,137.41357421875,93432,2,6.247236669562545,1,105,1,1,0,0,0
34,15,137.31544494628906,94477,1,3.1640191300208538,1,0,0,0,0,0,0
